S.No,Product Name,Brand,Price,Original Price,Discount,Rating,Rating Count,Review Count,RAM,ROM,Battery,Processor,Display Size,Camera,Network Type,Product URL,Scraped Date
1,"Ai+ Pulse 2 (Blue, 128 GB)",Ai+,11999,,,3.7,"9,407",890,6 GB RAM,128 GB ROM,6000 mAh Battery,T7250 Processor,17.13 cm (6.745 inch) HD+ Display,50MP Rear Camera | 8MP Front Camera,,https://www.flipkart.com/ai-pulse-2-blue-128-gb/p/itmd59202944d081?pid=MOBHKHPYW49R78RA&lid=LSTMOBHKHPYW49R78RAR9LHZP&marketplace=FLIPKART&q=smart+phones&store=tyy%2F4io&srno=s_1_1&otracker=search&fm=organic&iid=b896d6ec-a3bd-4738-9e93-bca08dbc2215.MOBHKHPYW49R78RA.SEARCH&ppt=None&ppn=None&ssid=s3im80hcnk0000001789548255587&qH=a5594894156db043&ov_redirect=true,2026-09-16
2,"Apple iPhone 15 (Black, 128 GB)",Apple,59900,,,4.6,"2,48,416","9,767",,,,"A16 Bionic Chip, 6 Core Processor Processor",15.49 cm (6.1 inch) Super Retina XDR Display,48MP + 12MP | 12MP Front Camera,,https://www.flipkart.com/apple-iphone-15-black-128-gb/p/itm6ac6485515ae4?pid=MOBGTAGPTB3VS24W&lid=LSTMOBGTAGPTB3VS24WKFODHL&marketplace=FLIPKART&q=smart+phones&store=tyy%2F4io&srno=s_1_2&otracker=search&fm=organic&iid=b896d6ec-a3bd-4738-9e93-bca08dbc2215.MOBGTAGPTB3VS24W.SEARCH&ppt=None&ppn=None&ssid=s3im80hcnk0000001789548255587&qH=a5594894156db043&ov_redirect=true,2026-09-16
3,"Samsung Galaxy F06 5G (Lit Violet, 128 GB)",Samsung,13999,,,4.2,"47,971","3,563",4 GB RAM,128 GB ROM,5000 mAh Battery,Dimensity 6300 Processor,43.23 cm (17.018 cm) HD+ Display,50MP + 2MP | 8MP Front Camera,,https://www.flipkart.com/samsung-galaxy-f06-5g-lit-violet-128-gb/p/itm140da3412b73b?pid=MOBH9AS4FA5RUHSY&lid=LSTMOBH9AS4FA5RUHSYIYVIFO&marketplace=FLIPKART&q=smart+phones&store=tyy%2F4io&srno=s_1_3&otracker=search&fm=organic&iid=b896d6ec-a3bd-4738-9e93-bca08dbc2215.MOBH9AS4FA5RUHSY.SEARCH&ppt=None&ppn=None&ssid=s3im80hcnk0000001789548255587&qH=a5594894156db043&ov_redirect=true,2026-09-16
4,"OnePlus Nord CE6 Lite (Hyper Black, 128 GB)",OnePlus,29129,33999,14% off,4.3,"1,005",65,8 GB RAM,128 GB ROM,7000 mAh Battery,Mediatek Dimensity 7400 Processor,17.07 cm (6.72 inch) Full HD+ Display,50MP Rear Camera | 8MP Front Camera,,https://www.flipkart.com/oneplus-nord-ce6-lite-hyper-black-128-gb/p/itm894a5599b758b?pid=MOBHN8CA4A6Z3KMZ&lid=LSTMOBHN8CA4A6Z3KMZLOO9M0&marketplace=FLIPKART&q=smart+phones&store=tyy%2F4io&srno=s_1_4&otracker=search&fm=organic&iid=b896d6ec-a3bd-4738-9e93-bca08dbc2215.MOBHN8CA4A6Z3KMZ.SEARCH&ppt=None&ppn=None&ssid=s3im80hcnk0000001789548255587&qH=a5594894156db043&ov_redirect=true,2026-09-16
5,"vivo T5 Lite 44W 5G (Twilight Shadow, 128 GB)",vivo,22999,38499,40% off,4.3,"2,780",215,6 GB RAM,128 GB ROM,6500 mAh Li-ion Battery,Dimensity 6300 5G Processor,17.12 cm (6.74 inch) HD+ Display,50MP + 0.08MP | 5MP Front Camera,5G,https://www.flipkart.com/vivo-t5-lite-44w-5g-twilight-shadow-128-gb/p/itm5420c578ec2df?pid=MOBHNDTDY4HFGV2T&lid=LSTMOBHNDTDY4HFGV2TRKEJQX&marketplace=FLIPKART&q=smart+phones&store=tyy%2F4io&srno=s_1_5&otracker=search&fm=organic&iid=b896d6ec-a3bd-4738-9e93-bca08dbc2215.MOBHNDTDY4HFGV2T.SEARCH&ppt=None&ppn=None&ssid=s3im80hcnk0000001789548255587&qH=a5594894156db043&ov_redirect=true,2026-09-16
6,"MOTOROLA g57 power 5G Snapdragon (Pantone Regatta, 128 GB)",MOTOROLA,21999,,,4.4,"56,379","4,067",8 GB RAM,128 GB ROM,7000 mAh Battery,6s Gen 4 Processor,17.07 cm (6.72 inch) Full HD+ Display,50MP + 8MP | 8MP Front Camera,,https://www.flipkart.com/motorola-g57-power-5g-snapdragon-pantone-regatta-128-gb/p/itmdab5f9f1bf87b?pid=MOBHN974PMZMQ5HS&lid=LSTMOBHN974PMZMQ5HSK6FWL6&marketplace=FLIPKART&q=smart+phones&store=tyy%2F4io&srno=s_1_6&otracker=search&fm=organic&iid=b896d6ec-a3bd-4738-9e93-bca08dbc2215.MOBHN974PMZMQ5HS.SEARCH&ppt=None&ppn=None&ssid=s3im80hcnk0000001789548255587&qH=a5594894156db043&ov_redirect=true,2026-09-16
7,"Ai+ Nova 2 5G (Blue, 128 GB)",Ai+,14999,,,4.1,"5,291",398,6 GB RAM,128 GB ROM,6000 mAh Battery,T8200 Processor,17.13 cm (6.745 inch) HD+ Display,50MP Rear Camera | 8MP Front Camera,,https://www.flipkart.com/ai-nova-2-5g-blue-128-gb/p/itm149ae9e602599?pid=MOBHKHPYRKWUQAA2&lid=LSTMOBHKHPYRKWUQAA2VQX454&marketplace=FLIPKART&q=smart+phones&store=tyy%2F4io&srno=s_1_7&otracker=search&fm=organic&iid=b896d6ec-a3bd-4738-9e93-bca08dbc2215.MOBHKHPYRKWUQAA2.SEARCH&ppt=None&ppn=None&ssid=s3im80hcnk0000001789548255587&qH=a5594894156db043&ov_redirect=true,2026-09-16
8,"Ai+ Pulse 2 (Purple, 64 GB)",Ai+,10999,,,4.1,"12,144",849,4 GB RAM,64 GB ROM,6000 mAh Battery,T7250 Processor,17.13 cm (6.745 inch) HD+ Display,50MP Rear Camera | 8MP Front Camera,,https://www.flipkart.com/ai-pulse-2-purple-64-gb/p/itmdc910ae2ff0c1?pid=MOBHKHPYQHGDVRTG&lid=LSTMOBHKHPYQHGDVRTGHKLHJJ&marketplace=FLIPKART&q=smart+phones&store=tyy%2F4io&srno=s_1_8&otracker=search&fm=organic&iid=b896d6ec-a3bd-4738-9e93-bca08dbc2215.MOBHKHPYQHGDVRTG.SEARCH&ppt=None&ppn=None&ssid=s3im80hcnk0000001789548255587&qH=a5594894156db043&ov_redirect=true,2026-09-16
9,"Apple iPhone 16 (Black, 128 GB)",Apple,69900,,,4.6,"1,98,697","8,591",,,,"A18 Chip, 6 Core Processor Processor",15.49 cm (6.1 inch) Super Retina XDR Display,48MP + 12MP | 12MP Front Camera,,https://www.flipkart.com/apple-iphone-16-black-128-gb/p/itmb07d67f995271?pid=MOBH4DQFG8NKFRDY&lid=LSTMOBH4DQFG8NKFRDYNBDOZI&marketplace=FLIPKART&q=smart+phones&store=tyy%2F4io&srno=s_1_9&otracker=search&fm=organic&iid=b896d6ec-a3bd-4738-9e93-bca08dbc2215.MOBH4DQFG8NKFRDY.SEARCH&ppt=None&ppn=None&ssid=s3im80hcnk0000001789548255587&qH=a5594894156db043&ov_redirect=true,2026-09-16
10,"Ai+ Pulse 2 (Pink, 64 GB)",Ai+,10999,,,4.1,"12,144",849,4 GB RAM,64 GB ROM,6000 mAh Battery,T7250 Processor,17.13 cm (6.745 inch) HD+ Display,50MP Rear Camera | 8MP Front Camera,,https://www.flipkart.com/ai-pulse-2-pink-64-gb/p/itmb3d9ab3459289?pid=MOBHKHPYGPUYAFQH&lid=LSTMOBHKHPYGPUYAFQHBVI3RO&marketplace=FLIPKART&q=smart+phones&store=tyy%2F4io&srno=s_1_10&otracker=search&fm=organic&iid=b896d6ec-a3bd-4738-9e93-bca08dbc2215.MOBHKHPYGPUYAFQH.SEARCH&ppt=None&ppn=None&ssid=s3im80hcnk0000001789548255587&qH=a5594894156db043&ov_redirect=true,2026-09-16
11,"Ai+ Pulse 2 (Blue, 64 GB)",Ai+,10999,,,4.1,"12,144",849,4 GB RAM,64 GB ROM,6000 mAh Battery,T7250 Processor,17.13 cm (6.745 inch) HD+ Display,50MP Rear Camera | 8MP Front Camera,,https://www.flipkart.com/ai-pulse-2-blue-64-gb/p/itm9168504534079?pid=MOBHKHPYZFF8KUPC&lid=LSTMOBHKHPYZFF8KUPCODDALK&marketplace=FLIPKART&q=smart+phones&store=tyy%2F4io&srno=s_1_11&otracker=search&fm=organic&iid=b896d6ec-a3bd-4738-9e93-bca08dbc2215.MOBHKHPYZFF8KUPC.SEARCH&ppt=None&ppn=None&ssid=s3im80hcnk0000001789548255587&qH=a5594894156db043&ov_redirect=true,2026-09-16
12,"Ai+ Nova 2 5G (Blue, 64 GB)",Ai+,13999,,,4.3,"6,638",357,4 GB RAM,64 GB ROM,6000 mAh Battery,T8200 Processor,17.13 cm (6.745 inch) HD+ Display,50MP Rear Camera | 8MP Front Camera,,https://www.flipkart.com/ai-nova-2-5g-blue-64-gb/p/itm20a7387042b2c?pid=MOBHKHPYHHSYZWHF&lid=LSTMOBHKHPYHHSYZWHFGIS9RH&marketplace=FLIPKART&q=smart+phones&store=tyy%2F4io&srno=s_1_12&otracker=search&fm=organic&iid=b896d6ec-a3bd-4738-9e93-bca08dbc2215.MOBHKHPYHHSYZWHF.SEARCH&ppt=None&ppn=None&ssid=s3im80hcnk0000001789548255587&qH=a5594894156db043&ov_redirect=true,2026-09-16
13,"Ai+ Pulse 2 (Purple, 128 GB)",Ai+,11499,15499,25% off,4.1,"12,144",849,4 GB RAM,128 GB ROM,6000 mAh Battery,T7250 Processor,17.13 cm (6.745 inch) HD+ Display,50MP Rear Camera | 8MP Front Camera,,https://www.flipkart.com/ai-pulse-2-purple-128-gb/p/itm873a9bcc8fb43?pid=MOBHZPMCHGKFHBYZ&lid=LSTMOBHZPMCHGKFHBYZ6ZSAMY&marketplace=FLIPKART&q=smart+phones&store=tyy%2F4io&srno=s_1_13&otracker=search&fm=organic&iid=b896d6ec-a3bd-4738-9e93-bca08dbc2215.MOBHZPMCHGKFHBYZ.SEARCH&ppt=None&ppn=None&ssid=s3im80hcnk0000001789548255587&qH=a5594894156db043&ov_redirect=true,2026-09-16
14,"Samsung M06 5G (Sage Green, 128 GB)",Samsung,14990,16999,11% off,4.1,"6,019",415,4 GB RAM,128 GB ROM,5000 mAh Battery,,17.02 cm (6.7 inch) Display,50MP Rear Camera,,https://www.flipkart.com/samsung-m06-5g-sage-green-128-gb/p/itmcafa42dadc15c?pid=MOBH9UYFYVNKR3HR&lid=LSTMOBH9UYFYVNKR3HRNS31RJ&marketplace=FLIPKART&q=smart+phones&store=tyy%2F4io&srno=s_1_14&otracker=search&fm=organic&iid=b896d6ec-a3bd-4738-9e93-bca08dbc2215.MOBH9UYFYVNKR3HR.SEARCH&ppt=None&ppn=None&ssid=s3im80hcnk0000001789548255587&qH=a5594894156db043&ov_redirect=true,2026-09-16
15,"Ai+ Pulse 2 (Blue, 128 GB)",Ai+,11499,15499,25% off,4.1,"12,144",849,4 GB RAM,128 GB ROM,6000 mAh Battery,T7250 Processor,17.13 cm (6.745 inch) HD+ Display,50MP Rear Camera | 8MP Front Camera,,https://www.flipkart.com/ai-pulse-2-blue-128-gb/p/itm982c299d0417e?pid=MOBHZPMCBYNXVYDB&lid=LSTMOBHZPMCBYNXVYDBFJKORE&marketplace=FLIPKART&q=smart+phones&store=tyy%2F4io&srno=s_1_15&otracker=search&fm=organic&iid=b896d6ec-a3bd-4738-9e93-bca08dbc2215.MOBHZPMCBYNXVYDB.SEARCH&ppt=None&ppn=None&ssid=s3im80hcnk0000001789548255587&qH=a5594894156db043&ov_redirect=true,2026-09-16
16,"Ai+ Pulse 2 (Green, 64 GB)",Ai+,10999,,,4.1,"12,144",849,4 GB RAM,64 GB ROM,6000 mAh Battery,T7250 Processor,17.13 cm (6.745 inch) HD+ Display,50MP Rear Camera | 8MP Front Camera,,https://www.flipkart.com/ai-pulse-2-green-64-gb/p/itm8475838cc2064?pid=MOBHKHPYZHDPMZSR&lid=LSTMOBHKHPYZHDPMZSR5P8SQQ&marketplace=FLIPKART&q=smart+phones&store=tyy%2F4io&srno=s_1_16&otracker=search&fm=organic&iid=b896d6ec-a3bd-4738-9e93-bca08dbc2215.MOBHKHPYZHDPMZSR.SEARCH&ppt=None&ppn=None&ssid=s3im80hcnk0000001789548255587&qH=a5594894156db043&ov_redirect=true,2026-09-16
17,"POCO C85 5G (Power Black, 128 GB)",POCO,17999,22999,21% off,4.2,"2,341",159,6 GB RAM,128 GB ROM,6000 mAh Lithium-Ion Polymer Battery,Dimensity 6300 Processor,17.53 cm (6.9 inch) HD+ Display,50MP Rear Camera | 8MP Front Camera,,https://www.flipkart.com/poco-c85-5g-power-black-128-gb/p/itm2003fa46382ff?pid=MOBHMGG5HZK65TMX&lid=LSTMOBHMGG5HZK65TMXLFDDWP&marketplace=FLIPKART&q=smart+phones&store=tyy%2F4io&srno=s_1_17&otracker=search&fm=organic&iid=b896d6ec-a3bd-4738-9e93-bca08dbc2215.MOBHMGG5HZK65TMX.SEARCH&ppt=None&ppn=None&ssid=s3im80hcnk0000001789548255587&qH=a5594894156db043&ov_redirect=true,2026-09-16
18,"vivo T5 Lite 44W 5G (Wave Blue, 128 GB)",vivo,22999,38499,40% off,4.3,"2,780",215,6 GB RAM,128 GB ROM,6500 mAh Li-ion Battery,Dimensity 6300 5G Processor,17.12 cm (6.74 inch) HD+ Display,50MP + 0.08MP | 5MP Front Camera,5G,https://www.flipkart.com/vivo-t5-lite-44w-5g-wave-blue-128-gb/p/itm5420c578ec2df?pid=MOBHNDTD57UJUK9Q&lid=LSTMOBHNDTD57UJUK9QMGWRRW&marketplace=FLIPKART&q=smart+phones&store=tyy%2F4io&srno=s_1_18&otracker=search&fm=organic&iid=b896d6ec-a3bd-4738-9e93-bca08dbc2215.MOBHNDTD57UJUK9Q.SEARCH&ppt=None&ppn=None&ssid=s3im80hcnk0000001789548255587&qH=a5594894156db043&ov_redirect=true,2026-09-16
19,"Ai+ Pulse 2 (Green, 128 GB)",Ai+,11499,15499,25% off,4.1,"12,144",849,4 GB RAM,128 GB ROM,6000 mAh Battery,T7250 Processor,17.13 cm (6.745 inch) HD+ Display,50MP Rear Camera | 8MP Front Camera,,https://www.flipkart.com/ai-pulse-2-green-128-gb/p/itm982c299d0417e?pid=MOBHZPMCJ4DEWUYE&lid=LSTMOBHZPMCJ4DEWUYERAMSGX&marketplace=FLIPKART&q=smart+phones&store=tyy%2F4io&srno=s_1_19&otracker=search&fm=organic&iid=b896d6ec-a3bd-4738-9e93-bca08dbc2215.MOBHZPMCJ4DEWUYE.SEARCH&ppt=None&ppn=None&ssid=s3im80hcnk0000001789548255587&qH=a5594894156db043&ov_redirect=true,2026-09-16
20,"Samsung Galaxy F05 (Twilight Blue, 64 GB)",Samsung,6499,9999,35% off,4.2,"77,424","4,546",4 GB RAM,64 GB ROM,5000 mAh Battery,Helio G85 Processor,17.02 cm (6.7 inch) HD+ Display,50MP + 2MP | 8MP Front Camera,,https://www.flipkart.com/samsung-galaxy-f05-twilight-blue-64-gb/p/itm84a914081ab93?pid=MOBH4GTXZ9ZRQ3SU&lid=LSTMOBH4GTXZ9ZRQ3SUVUREKM&marketplace=FLIPKART&q=smart+phones&store=tyy%2F4io&srno=s_1_20&otracker=search&fm=organic&iid=b896d6ec-a3bd-4738-9e93-bca08dbc2215.MOBH4GTXZ9ZRQ3SU.SEARCH&ppt=None&ppn=None&ssid=s3im80hcnk0000001789548255587&qH=a5594894156db043&ov_redirect=true,2026-09-16
21,"MOTOROLA g06 power (Pantone tapestry, 64 GB)",MOTOROLA,15999,19999,20% off,4.2,"23,689","1,631",4 GB RAM,64 GB ROM,7000 mAh Battery,Helio G81 Processor,17.48 cm (6.88 inch) HD+ Display,50MP Rear Camera | 8MP Front Camera,,https://www.flipkart.com/motorola-g06-power-pantone-tapestry-64-gb/p/itm29390fa68401d?pid=MOBHN973FFYHGUGG&lid=LSTMOBHN973FFYHGUGG27JKDQ&marketplace=FLIPKART&q=smart+phones&store=tyy%2F4io&srno=s_1_21&otracker=search&fm=organic&iid=b896d6ec-a3bd-4738-9e93-bca08dbc2215.MOBHN973FFYHGUGG.SEARCH&ppt=None&ppn=None&ssid=s3im80hcnk0000001789548255587&qH=a5594894156db043&ov_redirect=true,2026-09-16
22,"Google Pixel 10a (Fog, 256 GB)",Google,52999,55999,5% off,4.5,"2,992",337,8 GB RAM,256 GB ROM,5100 mAh Lithium Battery,Tensor G4 Processor,16.0 cm (6.3 inch) Full HD+ AMOLED Display,48MP + 13MP | 13MP Front Camera,,https://www.flipkart.com/google-pixel-10a-fog-256-gb/p/itmeaa46d52e228a?pid=MOBHP6CEG7VDZHSW&lid=LSTMOBHP6CEG7VDZHSWDTANPD&marketplace=FLIPKART&q=smart+phones&store=tyy%2F4io&srno=s_1_22&otracker=search&fm=organic&iid=b896d6ec-a3bd-4738-9e93-bca08dbc2215.MOBHP6CEG7VDZHSW.SEARCH&ppt=None&ppn=None&ssid=s3im80hcnk0000001789548255587&qH=a5594894156db043&ov_redirect=true,2026-09-16
23,"Apple iPhone 16 (Ultramarine, 128 GB)",Apple,69900,,,4.6,"1,98,697","8,591",,,,"A18 Chip, 6 Core Processor Processor",15.49 cm (6.1 inch) Super Retina XDR Display,48MP + 12MP | 12MP Front Camera,,https://www.flipkart.com/apple-iphone-16-ultramarine-128-gb/p/itmcc210cae43fba?pid=MOBH4DQFYZT6EH2F&lid=LSTMOBH4DQFYZT6EH2FXM70WU&marketplace=FLIPKART&q=smart+phones&store=tyy%2F4io&srno=s_1_23&otracker=search&fm=organic&iid=b896d6ec-a3bd-4738-9e93-bca08dbc2215.MOBH4DQFYZT6EH2F.SEARCH&ppt=None&ppn=None&ssid=s3im80hcnk0000001789548255587&qH=a5594894156db043&ov_redirect=true,2026-09-16
24,"vivo T5x 5G (Fusion Red, 128 GB)",vivo,27999,28999,3% off,4.4,"21,251","1,441",6 GB RAM,128 GB ROM,7200 mAh Li-ion Battery,Dimensity 7400-Turbo Processor,17.17 cm (6.76 inch) Display,50MP + 2MP | 32MP Front Camera,,https://www.flipkart.com/vivo-t5x-5g-fusion-red-128-gb/p/itm7da8aa253e72b?pid=MOBHPGHCZ9HCTCHK&lid=LSTMOBHPGHCZ9HCTCHKPPZYM6&marketplace=FLIPKART&q=smart+phones&store=tyy%2F4io&srno=s_1_24&otracker=search&fm=organic&iid=b896d6ec-a3bd-4738-9e93-bca08dbc2215.MOBHPGHCZ9HCTCHK.SEARCH&ppt=None&ppn=None&ssid=s3im80hcnk0000001789548255587&qH=a5594894156db043&ov_redirect=true,2026-09-16
25,"POCO C85x (Emerald Green, 128 GB)",POCO,15499,21999,29% off,4.1,"6,853",848,4 GB RAM,128 GB ROM,6300 mAh Lithium-Ion Polymer Battery,T8300 Processor,17.53 cm (6.9 inch) HD+ Display,32MP Rear Camera,,https://www.flipkart.com/poco-c85x-emerald-green-128-gb/p/itm2ed0d15dfc872?pid=MOBHMGG5JUYG9DCY&lid=LSTMOBHMGG5JUYG9DCYHB3OAA&marketplace=FLIPKART&q=smart+phones&store=tyy%2F4io&srno=s_2_25&otracker=search&fm=organic&iid=b9ed5655-9705-407e-9dcf-70ed20a8bdd1.MOBHMGG5JUYG9DCY.SEARCH&ppt=None&ppn=None&ssid=j8dshgnso00000001789548258409&qH=a5594894156db043&ov_redirect=true,2026-09-16
26,"MOTOROLA g35 5G (Leaf Green, 128 GB)",MOTOROLA,12499,,,4.2,"1,40,487","9,739",4 GB RAM,128 GB ROM,5000 mAh Battery,T760 Processor,17.07 cm (6.72 inch) Full HD+ Display,50MP + 8MP | 16MP Front Camera,5G,https://www.flipkart.com/motorola-g35-5g-leaf-green-128-gb/p/itma3ca32cc93927?pid=MOBH3YGPQHRSNQED&lid=LSTMOBH3YGPQHRSNQEDLDGOMQ&marketplace=FLIPKART&q=smart+phones&store=tyy%2F4io&srno=s_2_26&otracker=search&fm=organic&iid=b9ed5655-9705-407e-9dcf-70ed20a8bdd1.MOBH3YGPQHRSNQED.SEARCH&ppt=None&ppn=None&ssid=j8dshgnso00000001789548258409&qH=a5594894156db043&ov_redirect=true,2026-09-16
27,"Tecno Spark 50 5G (Mint Green, 128 GB)",Tecno,19999,27999,28% off,3.7,116,19,4 GB RAM,128 GB ROM,6500 mAh Lithium Polymer Battery,Dimensity 6400 Processor,17.22 cm (6.78 inch) Display,50MP Rear Camera | 8MP Front Camera,,https://www.flipkart.com/tecno-spark-50-5g-mint-green-128-gb/p/itmb3923bf4ff9a6?pid=MOBHHH5TZMHQCMSU&lid=LSTMOBHHH5TZMHQCMSUN8RIDD&marketplace=FLIPKART&q=smart+phones&store=tyy%2F4io&srno=s_2_27&otracker=search&fm=organic&iid=en_Y6giZlXFmZwI4ZY9cUJ5QzqDPWFIs-pzfEJvpykgcJepvRwwrWf8Q0vFzC0-DD3zEkNWyXUFNnHiWROKxaC-hv6ZZvGaaMvyXK9MBuHDlM3WVWJA3wYPN1m6DjAqb8aE&ppt=None&ppn=None&ssid=j8dshgnso00000001789548258409&qH=a5594894156db043&ov_redirect=true,2026-09-16
28,"REDMI 15C 5G (Moonlight Blue, 128 GB)",REDMI,19765,31999,38% off,4.2,640,46,6 GB RAM,128 GB ROM,6000 mAh Battery,,17.53 cm (6.9 inch) Display,50MP Rear Camera,,https://www.flipkart.com/redmi-15c-5g-moonlight-blue-128-gb/p/itmc1345bb45eef3?pid=MOBHGGZ2YRHVYEGS&lid=LSTMOBHGGZ2YRHVYEGSZTV3ZQ&marketplace=FLIPKART&q=smart+phones&store=tyy%2F4io&srno=s_2_28&otracker=search&fm=organic&iid=b9ed5655-9705-407e-9dcf-70ed20a8bdd1.MOBHGGZ2YRHVYEGS.SEARCH&ppt=None&ppn=None&ssid=j8dshgnso00000001789548258409&qH=a5594894156db043&ov_redirect=true,2026-09-16
29,"MOTOROLA g57 power 5G Snapdragon (Pantone Corsair, 128 GB)",MOTOROLA,21999,,,4.4,"56,379","4,067",8 GB RAM,128 GB ROM,7000 mAh Battery,6s Gen 4 Processor,17.07 cm (6.72 inch) Full HD+ Display,50MP + 8MP | 8MP Front Camera,,https://www.flipkart.com/motorola-g57-power-5g-snapdragon-pantone-corsair-128-gb/p/itm8332e9aa80c32?pid=MOBHN974GHFYSJNH&lid=LSTMOBHN974GHFYSJNH7KFUEZ&marketplace=FLIPKART&q=smart+phones&store=tyy%2F4io&srno=s_2_29&otracker=search&fm=organic&iid=b9ed5655-9705-407e-9dcf-70ed20a8bdd1.MOBHN974GHFYSJNH.SEARCH&ppt=None&ppn=None&ssid=j8dshgnso00000001789548258409&qH=a5594894156db043&ov_redirect=true,2026-09-16
30,"Samsung Galaxy F06 5G (Bahama Blue, 128 GB)",Samsung,15499,,,4.2,"47,971","3,563",4 GB RAM,128 GB ROM,5000 mAh Battery,Dimensity 6300 Processor,43.23 cm (17.018 cm) HD+ Display,50MP + 2MP | 8MP Front Camera,,https://www.flipkart.com/samsung-galaxy-f06-5g-bahama-blue-128-gb/p/itm58189fada62cb?pid=MOBH9AS47XHFRMJY&lid=LSTMOBH9AS47XHFRMJY0KYJXN&marketplace=FLIPKART&q=smart+phones&store=tyy%2F4io&srno=s_2_30&otracker=search&fm=organic&iid=b9ed5655-9705-407e-9dcf-70ed20a8bdd1.MOBH9AS47XHFRMJY.SEARCH&ppt=None&ppn=None&ssid=j8dshgnso00000001789548258409&qH=a5594894156db043&ov_redirect=true,2026-09-16
31,"POCO C85x (Sunset Gold, 64 GB)",POCO,14499,20999,30% off,4.1,"6,853",848,4 GB RAM,64 GB ROM,6300 mAh Lithium-Ion Polymer Battery,T8300 Processor,17.53 cm (6.9 inch) HD+ Display,32MP Rear Camera,,https://www.flipkart.com/poco-c85x-sunset-gold-64-gb/p/itm6b8cdd362c306?pid=MOBHMGG5PYZRFMKU&lid=LSTMOBHMGG5PYZRFMKUWRLUZB&marketplace=FLIPKART&q=smart+phones&store=tyy%2F4io&srno=s_2_31&otracker=search&fm=organic&iid=b9ed5655-9705-407e-9dcf-70ed20a8bdd1.MOBHMGG5PYZRFMKU.SEARCH&ppt=None&ppn=None&ssid=j8dshgnso00000001789548258409&qH=a5594894156db043&ov_redirect=true,2026-09-16
32,"Apple iPhone 16 (Teal, 128 GB)",Apple,69900,,,4.6,"1,98,697","8,591",,,,"A18 Chip, 6 Core Processor Processor",15.49 cm (6.1 inch) Super Retina XDR Display,48MP + 12MP | 12MP Front Camera,,https://www.flipkart.com/apple-iphone-16-teal-128-gb/p/itmce4bb3f55cc2f?pid=MOBH4DQFSY9ETDUU&lid=LSTMOBH4DQFSY9ETDUU6JV9DJ&marketplace=FLIPKART&q=smart+phones&store=tyy%2F4io&srno=s_2_32&otracker=search&fm=organic&iid=b9ed5655-9705-407e-9dcf-70ed20a8bdd1.MOBH4DQFSY9ETDUU.SEARCH&ppt=None&ppn=None&ssid=j8dshgnso00000001789548258409&qH=a5594894156db043&ov_redirect=true,2026-09-16
33,"POCO C85x (Elite Black, 64 GB)",POCO,14499,20999,30% off,4.1,"6,853",848,4 GB RAM,64 GB ROM,6300 mAh Lithium-Ion Polymer Battery,T8300 Processor,17.53 cm (6.9 inch) HD+ Display,32MP Rear Camera,,https://www.flipkart.com/poco-c85x-elite-black-64-gb/p/itm0f0a9684d1e33?pid=MOBHMGG5SMZEFPTQ&lid=LSTMOBHMGG5SMZEFPTQ31I99O&marketplace=FLIPKART&q=smart+phones&store=tyy%2F4io&srno=s_2_33&otracker=search&fm=organic&iid=b9ed5655-9705-407e-9dcf-70ed20a8bdd1.MOBHMGG5SMZEFPTQ.SEARCH&ppt=None&ppn=None&ssid=j8dshgnso00000001789548258409&qH=a5594894156db043&ov_redirect=true,2026-09-16
34,"MOTOROLA g57 power 5G Snapdragon (Pantone Fluidity, 128 GB)",MOTOROLA,21999,,,4.4,"56,379","4,067",8 GB RAM,128 GB ROM,7000 mAh Battery,6s Gen 4 Processor,17.07 cm (6.72 inch) Full HD+ Display,50MP + 8MP | 8MP Front Camera,,https://www.flipkart.com/motorola-g57-power-5g-snapdragon-pantone-fluidity-128-gb/p/itm91f63bac8cd0f?pid=MOBHN974M3HHQ7CT&lid=LSTMOBHN974M3HHQ7CTSKENUK&marketplace=FLIPKART&q=smart+phones&store=tyy%2F4io&srno=s_2_34&otracker=search&fm=organic&iid=b9ed5655-9705-407e-9dcf-70ed20a8bdd1.MOBHN974M3HHQ7CT.SEARCH&ppt=None&ppn=None&ssid=j8dshgnso00000001789548258409&qH=a5594894156db043&ov_redirect=true,2026-09-16
35,"OPPO K14x 5G (Prism Violet, 64 GB)",OPPO,18999,19999,5% off,4.3,"7,727",765,4 GB RAM,64 GB ROM,6500 mAh Battery,Dimensity 6300 Processor,17.14 cm (6.75 inch) HD+ Display,,,https://www.flipkart.com/oppo-k14x-5g-prism-violet-64-gb/p/itm188c7a4b69292?pid=MOBHKZF3DGME8JHG&lid=LSTMOBHKZF3DGME8JHGGNMUIW&marketplace=FLIPKART&q=smart+phones&store=tyy%2F4io&srno=s_2_35&otracker=search&fm=organic&iid=b9ed5655-9705-407e-9dcf-70ed20a8bdd1.MOBHKZF3DGME8JHG.SEARCH&ppt=None&ppn=None&ssid=j8dshgnso00000001789548258409&qH=a5594894156db043&ov_redirect=true,2026-09-16
36,"POCO C81x (Crystal Black, 64 GB)",POCO,11999,18999,36% off,3.9,611,37,3 GB RAM,64 GB ROM,5200 mAh Lithium-Ion Polymer Battery,T7250 Processor,17.48 cm (6.88 inch) Display,13MP Rear Camera | 8MP Front Camera,,https://www.flipkart.com/poco-c81x-crystal-black-64-gb/p/itmcc7b133522987?pid=MOBHMYWRXCQBZ7D2&lid=LSTMOBHMYWRXCQBZ7D2OWDRIO&marketplace=FLIPKART&q=smart+phones&store=tyy%2F4io&srno=s_2_36&otracker=search&fm=organic&iid=b9ed5655-9705-407e-9dcf-70ed20a8bdd1.MOBHMYWRXCQBZ7D2.SEARCH&ppt=None&ppn=None&ssid=j8dshgnso00000001789548258409&qH=a5594894156db043&ov_redirect=true,2026-09-16
37,"POCO C85x (Emerald Green, 64 GB)",POCO,14499,20999,30% off,4.1,"6,853",848,4 GB RAM,64 GB ROM,6300 mAh Lithium-Ion Polymer Battery,T8300 Processor,17.53 cm (6.9 inch) HD+ Display,32MP Rear Camera,,https://www.flipkart.com/poco-c85x-emerald-green-64-gb/p/itm96bce2b7909b7?pid=MOBHMGG5GHZKTSDZ&lid=LSTMOBHMGG5GHZKTSDZQAUGPC&marketplace=FLIPKART&q=smart+phones&store=tyy%2F4io&spotlightTagId=default_BestsellerId_tyy%2F4io&srno=s_2_37&otracker=search&fm=organic&iid=b9ed5655-9705-407e-9dcf-70ed20a8bdd1.MOBHMGG5GHZKTSDZ.SEARCH&ppt=None&ppn=None&ssid=j8dshgnso00000001789548258409&qH=a5594894156db043&ov_redirect=true,2026-09-16
38,"MOTOROLA Edge 70 Fusion Snapdragon (Pantone SILHOUETTE, 256 GB)",MOTOROLA,32999,53999,38% off,4.4,"17,809","1,968",8 GB RAM,256 GB ROM,7000 mAh Battery,Snapdragon 7s Gen 4 Processor,17.27 cm (6.8 inch) Super HD Display,50MP + 13MP | 32MP Front Camera,,https://www.flipkart.com/motorola-edge-70-fusion-snapdragon-pantone-silhouette-256-gb/p/itmbd814ef1f8d95?pid=MOBHN973GQV5YXT3&lid=LSTMOBHN973GQV5YXT3ADXJYC&marketplace=FLIPKART&q=smart+phones&store=tyy%2F4io&srno=s_2_38&otracker=search&fm=organic&iid=b9ed5655-9705-407e-9dcf-70ed20a8bdd1.MOBHN973GQV5YXT3.SEARCH&ppt=None&ppn=None&ssid=j8dshgnso00000001789548258409&qH=a5594894156db043&ov_redirect=true,2026-09-16
39,"POCO C85x (Sunset Gold, 128 GB)",POCO,15499,21999,29% off,4.1,"6,853",848,4 GB RAM,128 GB ROM,6300 mAh Lithium-Ion Polymer Battery,T8300 Processor,17.53 cm (6.9 inch) HD+ Display,32MP Rear Camera,,https://www.flipkart.com/poco-c85x-sunset-gold-128-gb/p/itm5e970a19e6ad3?pid=MOBHMGG5BR94DQRY&lid=LSTMOBHMGG5BR94DQRY8N6NYY&marketplace=FLIPKART&q=smart+phones&store=tyy%2F4io&srno=s_2_39&otracker=search&fm=organic&iid=b9ed5655-9705-407e-9dcf-70ed20a8bdd1.MOBHMGG5BR94DQRY.SEARCH&ppt=None&ppn=None&ssid=j8dshgnso00000001789548258409&qH=a5594894156db043&ov_redirect=true,2026-09-16
40,"MOTOROLA Edge 60 Pro (Pantone Shadow, 256 GB)",MOTOROLA,29999,36999,18% off,4.3,"56,694","5,062",8 GB RAM,256 GB ROM,6000 mAh Battery,Dimensity 8350 Processor,17.02 cm (6.7 inch) Display,50MP + 50MP + 10MP | 50MP Front Camera,,https://www.flipkart.com/motorola-edge-60-pro-pantone-shadow-256-gb/p/itm3823c3f8f3cc9?pid=MOBH9C9JEHCZYHF2&lid=LSTMOBH9C9JEHCZYHF2YESB5E&marketplace=FLIPKART&q=smart+phones&store=tyy%2F4io&srno=s_2_40&otracker=search&fm=organic&iid=b9ed5655-9705-407e-9dcf-70ed20a8bdd1.MOBH9C9JEHCZYHF2.SEARCH&ppt=None&ppn=None&ssid=j8dshgnso00000001789548258409&qH=a5594894156db043&ov_redirect=true,2026-09-16
41,"MOTOROLA Edge 70 Fusion Snapdragon (Pantone BLUE SURF, 256 GB)",MOTOROLA,34999,59999,41% off,4.3,"6,213",690,12 GB RAM,256 GB ROM,7000 mAh Battery,Snapdragon 7s Gen 4 Processor,17.27 cm (6.8 inch) Super HD Display,50MP + 13MP | 32MP Front Camera,,https://www.flipkart.com/motorola-edge-70-fusion-snapdragon-pantone-blue-surf-256-gb/p/itmab1b62c8461fa?pid=MOBHN9733F5QHAQC&lid=LSTMOBHN9733F5QHAQCLPXZGM&marketplace=FLIPKART&q=smart+phones&store=tyy%2F4io&srno=s_2_41&otracker=search&fm=organic&iid=b9ed5655-9705-407e-9dcf-70ed20a8bdd1.MOBHN9733F5QHAQC.SEARCH&ppt=None&ppn=None&ssid=j8dshgnso00000001789548258409&qH=a5594894156db043&ov_redirect=true,2026-09-16
42,"REDMI 15 5G (Midnight Black, 256 GB)",REDMI,25885,27499,5% off,4.3,"4,940",310,8 GB RAM,256 GB ROM,7000 mAh Battery,,17.53 cm (6.9 inch) Display,50MP Rear Camera,,https://www.flipkart.com/redmi-15-5g-midnight-black-256-gb/p/itm2b8ff5e4eccab?pid=MOBHFGBGBNY2ZSZX&lid=LSTMOBHFGBGBNY2ZSZXXMG54U&marketplace=FLIPKART&q=smart+phones&store=tyy%2F4io&srno=s_2_42&otracker=search&fm=organic&iid=b9ed5655-9705-407e-9dcf-70ed20a8bdd1.MOBHFGBGBNY2ZSZX.SEARCH&ppt=None&ppn=None&ssid=j8dshgnso00000001789548258409&qH=a5594894156db043&ov_redirect=true,2026-09-16
43,"MOTOROLA g67 power 5G (Pantone BLUE CURACAO, 256 GB)",MOTOROLA,25999,30999,16% off,4.2,"1,261",94,12 GB RAM,256 GB ROM,7000 mAh Battery,7s Gen 2 Processor,17.02 cm (6.7 inch) Full HD+ Display,50MP + 8MP | 32MP Front Camera,,https://www.flipkart.com/motorola-g67-power-5g-pantone-blue-curacao-256-gb/p/itm8fa5a62b63cf6?pid=MOBHN3UX7ZGHGEPD&lid=LSTMOBHN3UX7ZGHGEPDPV9H54&marketplace=FLIPKART&q=smart+phones&store=tyy%2F4io&srno=s_2_43&otracker=search&fm=organic&iid=b9ed5655-9705-407e-9dcf-70ed20a8bdd1.MOBHN3UX7ZGHGEPD.SEARCH&ppt=None&ppn=None&ssid=j8dshgnso00000001789548258409&qH=a5594894156db043&ov_redirect=true,2026-09-16
44,"OPPO K14 5G (Prism White, 128 GB)",OPPO,25999,,,4.4,"6,806",373,6 GB RAM,128 GB ROM,7000 mAh Battery,Dimensity 6300 Processor,17.14 cm (6.75 inch) HD+ Display,50MP Rear Camera | 8MP Front Camera,,https://www.flipkart.com/oppo-k14-5g-prism-white-128-gb/p/itm2a5cc1d23c2af?pid=MOBHKQYY9JJPHATW&lid=LSTMOBHKQYY9JJPHATWF0JOIP&marketplace=FLIPKART&q=smart+phones&store=tyy%2F4io&srno=s_2_44&otracker=search&fm=organic&iid=b9ed5655-9705-407e-9dcf-70ed20a8bdd1.MOBHKQYY9JJPHATW.SEARCH&ppt=None&ppn=None&ssid=j8dshgnso00000001789548258409&qH=a5594894156db043&ov_redirect=true,2026-09-16
45,"POCO C75 5G (Silver Stardust, 64 GB)",POCO,10999,,,4.2,"1,49,617","7,649",4 GB RAM,64 GB ROM,5160 mAh Battery,4s Gen 2 5G Processor,17.48 cm (6.88 inch) HD+ Display,50MP Rear Camera | 5MP Front Camera,5G,https://www.flipkart.com/poco-c75-5g-silver-stardust-64-gb/p/itm8e3f17ac2e724?pid=MOBH74433ZER9U4P&lid=LSTMOBH74433ZER9U4PIUMZCQ&marketplace=FLIPKART&q=smart+phones&store=tyy%2F4io&srno=s_2_45&otracker=search&fm=organic&iid=b9ed5655-9705-407e-9dcf-70ed20a8bdd1.MOBH74433ZER9U4P.SEARCH&ppt=None&ppn=None&ssid=j8dshgnso00000001789548258409&qH=a5594894156db043&ov_redirect=true,2026-09-16
46,"realme P4 Pro 5G (Midnight Ivy, 256 GB)",realme,30999,,,4.4,"22,100","2,162",8 GB RAM,256 GB ROM,7000 mAh Battery,Snapdragon 7 Gen 4 Mobile Processor,17.27 cm (6.8 inch) Full HD+ Display,50MP + 8MP | 50MP Front Camera,,https://www.flipkart.com/realme-p4-pro-5g-midnight-ivy-256-gb/p/itme41a54752cc21?pid=MOBHERXK3YKZUWWZ&lid=LSTMOBHERXK3YKZUWWZM7IFIN&marketplace=FLIPKART&q=smart+phones&store=tyy%2F4io&srno=s_2_46&otracker=search&fm=organic&iid=b9ed5655-9705-407e-9dcf-70ed20a8bdd1.MOBHERXK3YKZUWWZ.SEARCH&ppt=None&ppn=None&ssid=j8dshgnso00000001789548258409&qH=a5594894156db043&ov_redirect=true,2026-09-16
47,"POCO C85 5G (Power Black, 128 GB)",POCO,16499,20999,21% off,3.8,"2,638",284,4 GB RAM,128 GB ROM,6000 mAh Lithium-Ion Polymer Battery,Dimensity 6300 Processor,17.53 cm (6.9 inch) HD+ Display,50MP Rear Camera | 8MP Front Camera,,https://www.flipkart.com/poco-c85-5g-power-black-128-gb/p/itm1f62dee4df0ad?pid=MOBHMGG5DNYPWU9Q&lid=LSTMOBHMGG5DNYPWU9Q5MNW6H&marketplace=FLIPKART&q=smart+phones&store=tyy%2F4io&srno=s_2_47&otracker=search&fm=organic&iid=b9ed5655-9705-407e-9dcf-70ed20a8bdd1.MOBHMGG5DNYPWU9Q.SEARCH&ppt=None&ppn=None&ssid=j8dshgnso00000001789548258409&qH=a5594894156db043&ov_redirect=true,2026-09-16
48,"realme 15 5G (Silk Pink, 256 GB)",realme,31999,,,4.4,"11,302","1,217",8 GB RAM,256 GB ROM,7000 mAh Battery,Mediatek Dimensity 7300+ 5G Processor,17.27 cm (6.8 inch) Full HD+ Display,50MP + 8MP | 50MP Front Camera,5G,https://www.flipkart.com/realme-15-5g-silk-pink-256-gb/p/itme9581fbd0e97a?pid=MOBHDUKFZF7UPZZZ&lid=LSTMOBHDUKFZF7UPZZZO3KP85&marketplace=FLIPKART&q=smart+phones&store=tyy%2F4io&srno=s_2_48&otracker=search&fm=organic&iid=b9ed5655-9705-407e-9dcf-70ed20a8bdd1.MOBHDUKFZF7UPZZZ.SEARCH&ppt=None&ppn=None&ssid=j8dshgnso00000001789548258409&qH=a5594894156db043&ov_redirect=true,2026-09-16
49,"realme 15 5G (Velvet Green, 128 GB)",realme,29999,,,4.4,"11,302","1,217",8 GB RAM,128 GB ROM,7000 mAh Battery,Mediatek Dimensity 7300+ 5G Processor,17.27 cm (6.8 inch) Full HD+ Display,50MP + 8MP | 50MP Front Camera,5G,https://www.flipkart.com/realme-15-5g-velvet-green-128-gb/p/itme9581fbd0e97a?pid=MOBHDUKFAKEGZWJK&lid=LSTMOBHDUKFAKEGZWJKJXGD9L&marketplace=FLIPKART&q=smart+phones&store=tyy%2F4io&srno=s_3_49&otracker=search&fm=organic&iid=8a98df0a-a1af-40b7-92fa-7001624bbae9.MOBHDUKFAKEGZWJK.SEARCH&ppt=None&ppn=None&ssid=d8bde5xk6o0000001789548261227&qH=a5594894156db043&ov_redirect=true,2026-09-16
50,"MOTOROLA g06 power (Pantone Tendril, 64 GB)",MOTOROLA,15999,19999,20% off,4.2,"23,689","1,631",4 GB RAM,64 GB ROM,7000 mAh Battery,Helio G81 Processor,17.48 cm (6.88 inch) HD+ Display,50MP Rear Camera | 8MP Front Camera,,https://www.flipkart.com/motorola-g06-power-pantone-tendril-64-gb/p/itm2f1ca967879c9?pid=MOBHN973UQNPMAAN&lid=LSTMOBHN973UQNPMAANZHPTVN&marketplace=FLIPKART&q=smart+phones&store=tyy%2F4io&srno=s_3_50&otracker=search&fm=organic&iid=8a98df0a-a1af-40b7-92fa-7001624bbae9.MOBHN973UQNPMAAN.SEARCH&ppt=None&ppn=None&ssid=d8bde5xk6o0000001789548261227&qH=a5594894156db043&ov_redirect=true,2026-09-16
51,"Tecno Spark 50 5G (Mint Green, 128 GB)",Tecno,19999,27999,28% off,3.7,116,19,4 GB RAM,128 GB ROM,6500 mAh Lithium Polymer Battery,Dimensity 6400 Processor,17.22 cm (6.78 inch) Display,50MP Rear Camera | 8MP Front Camera,,https://www.flipkart.com/tecno-spark-50-5g-mint-green-128-gb/p/itmb3923bf4ff9a6?pid=MOBHHH5TZMHQCMSU&lid=LSTMOBHHH5TZMHQCMSUN8RIDD&marketplace=FLIPKART&q=smart+phones&store=tyy%2F4io&srno=s_3_51&otracker=search&fm=organic&iid=en_1peGIpWFN6Qxyj86hHMJnLOV321HObfX2oAEn5TK0oSFDYQESL5u9Iev4eXCWS_ZEkNWyXUFNnHiWROKxaC-hv6ZZvGaaMvyXK9MBuHDlM0os6cnRia5bKzpPiFYmeJh&ppt=None&ppn=None&ssid=d8bde5xk6o0000001789548261227&qH=a5594894156db043&ov_redirect=true,2026-09-16
52,"realme P4 Lite 5G (Mosaic Blue, 64 GB)",realme,18999,28999,34% off,4.2,"14,330",898,4 GB RAM,64 GB ROM,7000 mAh lithium-ion polymer Battery,Dimensity 6300 Processor,17.27 cm (6.8 inches) HD+ Display,13MP Rear Camera | 5MP Front Camera,,https://www.flipkart.com/realme-p4-lite-5g-mosaic-blue-64-gb/p/itm90c243961f214?pid=MOBHN7A8CMJGRACT&lid=LSTMOBHN7A8CMJGRACTDRIOJU&marketplace=FLIPKART&q=smart+phones&store=tyy%2F4io&srno=s_3_52&otracker=search&fm=organic&iid=8a98df0a-a1af-40b7-92fa-7001624bbae9.MOBHN7A8CMJGRACT.SEARCH&ppt=None&ppn=None&ssid=d8bde5xk6o0000001789548261227&qH=a5594894156db043&ov_redirect=true,2026-09-16
53,"Samsung Galaxy F06 5G (Bahama Blue, 128 GB)",Samsung,17990,18999,5% off,4.2,"25,770","1,999",6 GB RAM,128 GB ROM,5000 mAh Battery,Dimensity 6300 Processor,17.02 cm (6.7 inch) HD+ Display,50MP + 2MP | 8MP Front Camera,,https://www.flipkart.com/samsung-galaxy-f06-5g-bahama-blue-128-gb/p/itmc1c2297bdfa31?pid=MOBHMGHHMFGB82H9&lid=LSTMOBHMGHHMFGB82H9LFGOI5&marketplace=FLIPKART&q=smart+phones&store=tyy%2F4io&srno=s_3_53&otracker=search&fm=organic&iid=8a98df0a-a1af-40b7-92fa-7001624bbae9.MOBHMGHHMFGB82H9.SEARCH&ppt=None&ppn=None&ssid=d8bde5xk6o0000001789548261227&qH=a5594894156db043&ov_redirect=true,2026-09-16
54,"realme P4 Pro 5G (Birch Wood, 128 GB)",realme,28999,,,4.4,"22,100","2,162",8 GB RAM,128 GB ROM,7000 mAh Battery,Snapdragon 7 Gen 4 Mobile Processor,17.27 cm (6.8 inch) Display,50MP + 8MP | 50MP Front Camera,,https://www.flipkart.com/realme-p4-pro-5g-birch-wood-128-gb/p/itme41a54752cc21?pid=MOBHERXKZCGAA4QC&lid=LSTMOBHERXKZCGAA4QCHSS5IQ&marketplace=FLIPKART&q=smart+phones&store=tyy%2F4io&srno=s_3_54&otracker=search&fm=organic&iid=8a98df0a-a1af-40b7-92fa-7001624bbae9.MOBHERXKZCGAA4QC.SEARCH&ppt=None&ppn=None&ssid=d8bde5xk6o0000001789548261227&qH=a5594894156db043&ov_redirect=true,2026-09-16
55,"Samsung M06 5G (Sage Green, 128 GB)",Samsung,18767,18999,1% off,4.1,"2,533",176,6 GB RAM,128 GB ROM,5000 mAh Battery,,17.02 cm (6.7 inch) Display,50MP Rear Camera,,https://www.flipkart.com/samsung-m06-5g-sage-green-128-gb/p/itmcafa42dadc15c?pid=MOBH9UYF3VCXJ279&lid=LSTMOBH9UYF3VCXJ2793LFM30&marketplace=FLIPKART&q=smart+phones&store=tyy%2F4io&srno=s_3_55&otracker=search&fm=organic&iid=8a98df0a-a1af-40b7-92fa-7001624bbae9.MOBH9UYF3VCXJ279.SEARCH&ppt=None&ppn=None&ssid=d8bde5xk6o0000001789548261227&qH=a5594894156db043&ov_redirect=true,2026-09-16
56,"vivo T5x 5G (Cyber Green, 128 GB)",vivo,27999,28999,3% off,4.4,"21,251","1,441",6 GB RAM,128 GB ROM,7200 mAh Li-ion Battery,Dimensity 7400-Turbo Processor,17.17 cm (6.76 inch) Display,50MP + 2MP | 32MP Front Camera,,https://www.flipkart.com/vivo-t5x-5g-cyber-green-128-gb/p/itm7da8aa253e72b?pid=MOBHH69NGFZAYK6M&lid=LSTMOBHH69NGFZAYK6MYQKNQD&marketplace=FLIPKART&q=smart+phones&store=tyy%2F4io&srno=s_3_56&otracker=search&fm=organic&iid=8a98df0a-a1af-40b7-92fa-7001624bbae9.MOBHH69NGFZAYK6M.SEARCH&ppt=None&ppn=None&ssid=d8bde5xk6o0000001789548261227&qH=a5594894156db043&ov_redirect=true,2026-09-16
57,"MOTOROLA g37 power (PANTONE Nautical Blue, 128 GB)",MOTOROLA,25999,37999,31% off,4.1,"2,423",194,8 GB RAM,128 GB ROM,7000 mAh Battery,Dimensity 6400 Processor,16.92 cm (6.66 inch) HD+ Display,50MP Rear Camera | 8MP Front Camera,,https://www.flipkart.com/motorola-g37-power-pantone-nautical-blue-128-gb/p/itm48ade38c32669?pid=MOBHMX5YNNYGMVWH&lid=LSTMOBHMX5YNNYGMVWHYBPQ6L&marketplace=FLIPKART&q=smart+phones&store=tyy%2F4io&srno=s_3_57&otracker=search&fm=organic&iid=8a98df0a-a1af-40b7-92fa-7001624bbae9.MOBHMX5YNNYGMVWH.SEARCH&ppt=None&ppn=None&ssid=d8bde5xk6o0000001789548261227&qH=a5594894156db043&ov_redirect=true,2026-09-16
58,"MOTOROLA Edge 60 Fusion 5G (PANTONE Slipstream, 256 GB)",MOTOROLA,29999,37999,21% off,4.4,"49,750","3,522",12 GB RAM,256 GB ROM,5500 mAh Battery,Dimensity 7400 Processor,16.94 cm (6.67 inch) Display,50MP + 13MP | 32MP Front Camera,,https://www.flipkart.com/motorola-edge-60-fusion-5g-pantone-slipstream-256-gb/p/itmd3151f89e7078?pid=MOBHN974NUGGH4FH&lid=LSTMOBHN974NUGGH4FH6IKZHQ&marketplace=FLIPKART&q=smart+phones&store=tyy%2F4io&spotlightTagId=default_BestsellerId_tyy%2F4io&srno=s_3_58&otracker=search&fm=organic&iid=8a98df0a-a1af-40b7-92fa-7001624bbae9.MOBHN974NUGGH4FH.SEARCH&ppt=None&ppn=None&ssid=d8bde5xk6o0000001789548261227&qH=a5594894156db043&ov_redirect=true,2026-09-16
59,"POCO M8x 5G (Leather Green, 128 GB)",POCO,22999,49999,54% off,3.4,206,35,6 GB RAM,128 GB ROM,7900 mAh Lithium-Ion Polymer Battery,4 Gen 5 Processor,17.53 cm (6.9 inch) Full HD Display,50MP Rear Camera,,https://www.flipkart.com/poco-m8x-5g-leather-green-128-gb/p/itme6f5614abf6c5?pid=MOBHPCYNQBWVYH7P&lid=LSTMOBHPCYNQBWVYH7PCOEKXT&marketplace=FLIPKART&q=smart+phones&store=tyy%2F4io&srno=s_3_59&otracker=search&fm=organic&iid=8a98df0a-a1af-40b7-92fa-7001624bbae9.MOBHPCYNQBWVYH7P.SEARCH&ppt=None&ppn=None&ssid=d8bde5xk6o0000001789548261227&qH=a5594894156db043&ov_redirect=true,2026-09-16
60,"Samsung Galaxy A06 5G (Black, 128 GB)",Samsung,18799,21999,14% off,4.1,258,19,6 GB RAM,128 GB ROM,5000 mAh Li-ion Battery,Dimensity 6300 Processor,17.02 cm (6.7 inch) HD+ Display,50MP + 2MP | 8MP Front Camera,,https://www.flipkart.com/samsung-galaxy-a06-5g-black-128-gb/p/itm94e861540654d?pid=MOBH9GQKPBT5VJHZ&lid=LSTMOBH9GQKPBT5VJHZ5JZPBQ&marketplace=FLIPKART&q=smart+phones&store=tyy%2F4io&srno=s_3_60&otracker=search&fm=organic&iid=8a98df0a-a1af-40b7-92fa-7001624bbae9.MOBH9GQKPBT5VJHZ.SEARCH&ppt=None&ppn=None&ssid=d8bde5xk6o0000001789548261227&qH=a5594894156db043&ov_redirect=true,2026-09-16
61,"Samsung Galaxy F36 5G (Violet, 128 GB)",Samsung,24998,24999,,4.2,"7,111",624,8 GB RAM,128 GB ROM,5000 mAh Battery,Samsung Exynos 1380 Processor,17.02 cm (6.7 inch) Full HD+ Display,50MP + 8MP + 2MP | 13MP Front Camera,,https://www.flipkart.com/samsung-galaxy-f36-5g-violet-128-gb/p/itm011c25361f7e5?pid=MOBHMWFXT6ZZWH79&lid=LSTMOBHMWFXT6ZZWH79ATEGAR&marketplace=FLIPKART&q=smart+phones&store=tyy%2F4io&srno=s_3_61&otracker=search&fm=organic&iid=8a98df0a-a1af-40b7-92fa-7001624bbae9.MOBHMWFXT6ZZWH79.SEARCH&ppt=None&ppn=None&ssid=d8bde5xk6o0000001789548261227&qH=a5594894156db043&ov_redirect=true,2026-09-16
62,"MOTOROLA g37 power (PANTONE Capri, 128 GB)",MOTOROLA,21999,30499,27% off,4.2,"8,688",799,4 GB RAM,128 GB ROM,7000 mAh Battery,Dimensity 6400 Processor,16.92 cm (6.66 inch) HD+ Display,50MP Rear Camera | 8MP Front Camera,,https://www.flipkart.com/motorola-g37-power-pantone-capri-128-gb/p/itm30e95f8678f47?pid=MOBHHVFYHG7QUTDZ&lid=LSTMOBHHVFYHG7QUTDZUQRD2N&marketplace=FLIPKART&q=smart+phones&store=tyy%2F4io&srno=s_3_62&otracker=search&fm=organic&iid=8a98df0a-a1af-40b7-92fa-7001624bbae9.MOBHHVFYHG7QUTDZ.SEARCH&ppt=None&ppn=None&ssid=d8bde5xk6o0000001789548261227&qH=a5594894156db043&ov_redirect=true,2026-09-16
63,"POCO C71 (Cool Blue, 128 GB)",POCO,9999,,,4.1,"36,682","2,060",6 GB RAM,128 GB ROM,5200 mAh Battery,Unisoc T7250,17.48 cm (6.88 inch) HD+ Display,32MP Rear Camera | 8MP Front Camera,,https://www.flipkart.com/poco-c71-cool-blue-128-gb/p/itmfb10bdbf02c6e?pid=MOBHAFVJURDB9QYR&lid=LSTMOBHAFVJURDB9QYRYNBHTJ&marketplace=FLIPKART&q=smart+phones&store=tyy%2F4io&srno=s_3_63&otracker=search&fm=organic&iid=8a98df0a-a1af-40b7-92fa-7001624bbae9.MOBHAFVJURDB9QYR.SEARCH&ppt=None&ppn=None&ssid=d8bde5xk6o0000001789548261227&qH=a5594894156db043&ov_redirect=true,2026-09-16
64,"MOTOROLA g37 power (PANTONE Nautical Blue, 64 GB)",MOTOROLA,19999,26499,24% off,4.2,"8,688",799,4 GB RAM,64 GB ROM,7000 mAh Battery,Dimensity 6400 Processor,16.92 cm (6.66 inch) HD+ Display,50MP Rear Camera | 8MP Front Camera,,https://www.flipkart.com/motorola-g37-power-pantone-nautical-blue-64-gb/p/itmd870c5c6fd857?pid=MOBHMHG6KZXMFNKF&lid=LSTMOBHMHG6KZXMFNKFGQD9G0&marketplace=FLIPKART&q=smart+phones&store=tyy%2F4io&spotlightTagId=default_BestsellerId_tyy%2F4io&srno=s_3_64&otracker=search&fm=organic&iid=8a98df0a-a1af-40b7-92fa-7001624bbae9.MOBHMHG6KZXMFNKF.SEARCH&ppt=None&ppn=None&ssid=d8bde5xk6o0000001789548261227&qH=a5594894156db043&ov_redirect=true,2026-09-16
65,"MOTOROLA Edge 60 Fusion 5G (PANTONE Mykonos Blue, 256 GB)",MOTOROLA,29999,37999,21% off,4.4,"49,750","3,522",12 GB RAM,256 GB ROM,5500 mAh Battery,Dimensity 7400 Processor,16.94 cm (6.67 inch) Display,50MP + 13MP | 32MP Front Camera,,https://www.flipkart.com/motorola-edge-60-fusion-5g-pantone-mykonos-blue-256-gb/p/itmd06045ba81a69?pid=MOBHN9736Y6GRJWA&lid=LSTMOBHN9736Y6GRJWAUOATHY&marketplace=FLIPKART&q=smart+phones&store=tyy%2F4io&srno=s_3_65&otracker=search&fm=organic&iid=8a98df0a-a1af-40b7-92fa-7001624bbae9.MOBHN9736Y6GRJWA.SEARCH&ppt=None&ppn=None&ssid=d8bde5xk6o0000001789548261227&qH=a5594894156db043&ov_redirect=true,2026-09-16
66,"POCO C81 (Sky Blue, 64 GB)",POCO,12999,19999,35% off,3.7,465,36,4 GB RAM,64 GB ROM,6300 mAh Lithium-Ion Polymer Battery,T7250 Processor,17.53 cm (6.9 inch) Display,13MP Rear Camera | 8MP Front Camera,,https://www.flipkart.com/poco-c81-sky-blue-64-gb/p/itm0636612540aaa?pid=MOBHMYWRYFQZG9PP&lid=LSTMOBHMYWRYFQZG9PP9F6HSP&marketplace=FLIPKART&q=smart+phones&store=tyy%2F4io&srno=s_3_66&otracker=search&fm=organic&iid=8a98df0a-a1af-40b7-92fa-7001624bbae9.MOBHMYWRYFQZG9PP.SEARCH&ppt=None&ppn=None&ssid=d8bde5xk6o0000001789548261227&qH=a5594894156db043&ov_redirect=true,2026-09-16
67,"POCO M8x 5G (Blue, 128 GB)",POCO,22999,49999,54% off,3.4,206,35,6 GB RAM,128 GB ROM,7900 mAh Lithium-Ion Polymer Battery,4 Gen 5 Processor,17.53 cm (6.9 inch) Full HD Display,50MP Rear Camera,,https://www.flipkart.com/poco-m8x-5g-blue-128-gb/p/itmcf3aabe19e732?pid=MOBHPCYNNBCYQMF3&lid=LSTMOBHPCYNNBCYQMF3KC2VZ0&marketplace=FLIPKART&q=smart+phones&store=tyy%2F4io&srno=s_3_67&otracker=search&fm=organic&iid=8a98df0a-a1af-40b7-92fa-7001624bbae9.MOBHPCYNNBCYQMF3.SEARCH&ppt=None&ppn=None&ssid=d8bde5xk6o0000001789548261227&qH=a5594894156db043&ov_redirect=true,2026-09-16
68,"OPPO K14x 5G 6500mAh and 45W SUPERVOOC Charger & AI (Prism Violet, 128 GB)",OPPO,21999,35999,38% off,4.3,"7,727",765,4 GB RAM,128 GB ROM,6500 mAh Battery,Dimensity 6300 Processor,17.14 cm (6.75 inch) HD+ Display,,,https://www.flipkart.com/oppo-k14x-5g-6500mah-45w-supervooc-charger-ai-prism-violet-128-gb/p/itmdcac5ae642971?pid=MOBHPHSHZ7GRRXNA&lid=LSTMOBHPHSHZ7GRRXNA30X6M9&marketplace=FLIPKART&q=smart+phones&store=tyy%2F4io&srno=s_3_68&otracker=search&fm=organic&iid=8a98df0a-a1af-40b7-92fa-7001624bbae9.MOBHPHSHZ7GRRXNA.SEARCH&ppt=None&ppn=None&ssid=d8bde5xk6o0000001789548261227&qH=a5594894156db043&ov_redirect=true,2026-09-16
69,"POCO M8 (Glacial Blue, 128 GB)",POCO,24999,25999,3% off,4.3,"3,716",354,6 GB RAM,128 GB ROM,5520 mAh Battery,,17.2 cm (6.77 inch) Full HD+ Display,50MP Rear Camera | 20MP Front Camera,,https://www.flipkart.com/poco-m8-glacial-blue-128-gb/p/itme842f8232f12d?pid=MOBHMGG5XCXH4QYY&lid=LSTMOBHMGG5XCXH4QYY8WJBHR&marketplace=FLIPKART&q=smart+phones&store=tyy%2F4io&srno=s_3_69&otracker=search&fm=organic&iid=8a98df0a-a1af-40b7-92fa-7001624bbae9.MOBHMGG5XCXH4QYY.SEARCH&ppt=None&ppn=None&ssid=d8bde5xk6o0000001789548261227&qH=a5594894156db043&ov_redirect=true,2026-09-16
70,"realme P4 Pro 5G (Birch Wood, 256 GB)",realme,30999,,,4.4,"22,100","2,162",8 GB RAM,256 GB ROM,7000 mAh Battery,Snapdragon 7 Gen 4 Mobile Processor,17.27 cm (6.8 inch) Full HD+ Display,50MP + 8MP | 50MP Front Camera,,https://www.flipkart.com/realme-p4-pro-5g-birch-wood-256-gb/p/itme41a54752cc21?pid=MOBHERXKVQED7HGC&lid=LSTMOBHERXKVQED7HGC54DD1I&marketplace=FLIPKART&q=smart+phones&store=tyy%2F4io&srno=s_3_70&otracker=search&fm=organic&iid=8a98df0a-a1af-40b7-92fa-7001624bbae9.MOBHERXKVQED7HGC.SEARCH&ppt=None&ppn=None&ssid=d8bde5xk6o0000001789548261227&qH=a5594894156db043&ov_redirect=true,2026-09-16
71,"MOTOROLA Edge 60 Pro (Pantone Walnut, 256 GB)",MOTOROLA,29999,36999,18% off,4.3,"56,694","5,062",8 GB RAM,256 GB ROM,6000 mAh Battery,Dimensity 8350 Processor,17.02 cm (6.7 inch) Display,50MP + 50MP + 10MP | 50MP Front Camera,,https://www.flipkart.com/motorola-edge-60-pro-pantone-walnut-256-gb/p/itmd28ffaee4b29a?pid=MOBHC7EW5CW3T4UR&lid=LSTMOBHC7EW5CW3T4URY5IZZA&marketplace=FLIPKART&q=smart+phones&store=tyy%2F4io&srno=s_3_71&otracker=search&fm=organic&iid=8a98df0a-a1af-40b7-92fa-7001624bbae9.MOBHC7EW5CW3T4UR.SEARCH&ppt=None&ppn=None&ssid=d8bde5xk6o0000001789548261227&qH=a5594894156db043&ov_redirect=true,2026-09-16
72,"realme P4 Pro 5G (Birch Wood, 256 GB)",realme,32999,,,4.4,"5,003",511,12 GB RAM,256 GB ROM,7000 mAh Battery,Snapdragon 7 Gen 4 Mobile Processor,17.27 cm (6.8 inch) Full HD+ Display,50MP + 8MP | 50MP Front Camera,,https://www.flipkart.com/realme-p4-pro-5g-birch-wood-256-gb/p/itme41a54752cc21?pid=MOBHERXKUV3RGG5F&lid=LSTMOBHERXKUV3RGG5F0IK464&marketplace=FLIPKART&q=smart+phones&store=tyy%2F4io&srno=s_3_72&otracker=search&fm=organic&iid=8a98df0a-a1af-40b7-92fa-7001624bbae9.MOBHERXKUV3RGG5F.SEARCH&ppt=None&ppn=None&ssid=d8bde5xk6o0000001789548261227&qH=a5594894156db043&ov_redirect=true,2026-09-16
73,"Ai+ Nova 2 Ultra 5G (Blue, 128 GB)",Ai+,20999,29999,30% off,4.1,"3,798",521,6 GB RAM,128 GB ROM,6000 mAh Li-polymer Battery,Dimensity 7400 Processor,17.22 cm (6.78 inch) Full HD+ AMOLED Display,50MP + 8MP | 13MP Front Camera,,https://www.flipkart.com/ai-nova-2-ultra-5g-blue-128-gb/p/itma055c78313c9e?pid=MOBHZHUVVDVJ9RBF&lid=LSTMOBHZHUVVDVJ9RBFTFC2MI&marketplace=FLIPKART&q=smart+phones&store=tyy%2F4io&srno=s_4_73&otracker=search&fm=organic&iid=f02c248a-79ea-475c-9757-9a1fb475e628.MOBHZHUVVDVJ9RBF.SEARCH&ppt=None&ppn=None&ssid=b3xhr8ilts0000001789548264107&qH=a5594894156db043&ov_redirect=true,2026-09-16
74,"POCO X8 5G (Fiery Orange, 128 GB)",POCO,32999,69999,52% off,4.3,18,5,8 GB RAM,128 GB ROM,9000 mAh Lithium-Ion Polymer Battery,6s Gen 4 Processor,17.35 cm (6.83 inch) Full HD+ AMOLED Display,50MP + 2MP | 16MP Front Camera,,https://www.flipkart.com/poco-x8-5g-fiery-orange-128-gb/p/itm5ca9e2cbad488?pid=MOBHQ6XZXGNKHXHN&lid=LSTMOBHQ6XZXGNKHXHNFSNWGR&marketplace=FLIPKART&q=smart+phones&store=tyy%2F4io&srno=s_4_74&otracker=search&fm=organic&iid=f02c248a-79ea-475c-9757-9a1fb475e628.MOBHQ6XZXGNKHXHN.SEARCH&ppt=None&ppn=None&ssid=b3xhr8ilts0000001789548264107&qH=a5594894156db043&ov_redirect=true,2026-09-16
75,"POCO C81x (Crystal Black, 64 GB)",POCO,11999,18999,36% off,3.9,611,37,3 GB RAM,64 GB ROM,5200 mAh Lithium-Ion Polymer Battery,T7250 Processor,17.48 cm (6.88 inch) Display,13MP Rear Camera | 8MP Front Camera,,https://www.flipkart.com/poco-c81x-crystal-black-64-gb/p/itmcc7b133522987?pid=MOBHMYWRXCQBZ7D2&lid=LSTMOBHMYWRXCQBZ7D2WUWSH4&marketplace=FLIPKART&q=smart+phones&store=tyy%2F4io&srno=s_4_75&otracker=search&fm=organic&iid=f02c248a-79ea-475c-9757-9a1fb475e628.MOBHMYWRXCQBZ7D2.SEARCH&ppt=None&ppn=None&ssid=b3xhr8ilts0000001789548264107&qH=a5594894156db043&ov_redirect=true,2026-09-16
76,"MOTOROLA Edge 70 Fusion Snapdragon (Pantone SILHOUETTE, 256 GB)",MOTOROLA,34999,59999,41% off,4.3,"6,213",690,12 GB RAM,256 GB ROM,7000 mAh Battery,Snapdragon 7s Gen 4 Processor,17.27 cm (6.8 inch) Super HD Display,50MP + 13MP | 32MP Front Camera,,https://www.flipkart.com/motorola-edge-70-fusion-snapdragon-pantone-silhouette-256-gb/p/itm21ba8e0a0386b?pid=MOBHN973AG5RFTRH&lid=LSTMOBHN973AG5RFTRH3BMF7O&marketplace=FLIPKART&q=smart+phones&store=tyy%2F4io&srno=s_4_76&otracker=search&fm=organic&iid=f02c248a-79ea-475c-9757-9a1fb475e628.MOBHN973AG5RFTRH.SEARCH&ppt=None&ppn=None&ssid=b3xhr8ilts0000001789548264107&qH=a5594894156db043&ov_redirect=true,2026-09-16
77,"Tecno Spark 50 5G (Mint Green, 128 GB)",Tecno,19999,27999,28% off,3.7,116,19,4 GB RAM,128 GB ROM,6500 mAh Lithium Polymer Battery,Dimensity 6400 Processor,17.22 cm (6.78 inch) Display,50MP Rear Camera | 8MP Front Camera,,https://www.flipkart.com/tecno-spark-50-5g-mint-green-128-gb/p/itmb3923bf4ff9a6?pid=MOBHHH5TZMHQCMSU&lid=LSTMOBHHH5TZMHQCMSUN8RIDD&marketplace=FLIPKART&q=smart+phones&store=tyy%2F4io&srno=s_4_77&otracker=search&fm=organic&iid=en_bGZRbOuxOSC2FME7PjbPuVVXZnySFcuCrNxNzHxfxQO8uByNW6z2AKGWzUMRBAWJEkNWyXUFNnHiWROKxaC-hv6ZZvGaaMvyXK9MBuHDlM11Did2luExuiF0P8V2Ieau&ppt=None&ppn=None&ssid=b3xhr8ilts0000001789548264107&qH=a5594894156db043&ov_redirect=true,2026-09-16
78,"Ai+ Nova 2 Ultra 5G (Purple, 128 GB)",Ai+,20999,25999,19% off,4.1,"3,798",521,6 GB RAM,128 GB ROM,6000 mAh Li-polymer Battery,Dimensity 7400 Processor,17.22 cm (6.78 inch) Full HD+ AMOLED Display,50MP + 8MP | 13MP Front Camera,,https://www.flipkart.com/ai-nova-2-ultra-5g-purple-128-gb/p/itm5d98d015d0ae5?pid=MOBHHUFDR8MBYXHV&lid=LSTMOBHHUFDR8MBYXHVNFWMXI&marketplace=FLIPKART&q=smart+phones&store=tyy%2F4io&srno=s_4_78&otracker=search&fm=organic&iid=f02c248a-79ea-475c-9757-9a1fb475e628.MOBHHUFDR8MBYXHV.SEARCH&ppt=None&ppn=None&ssid=b3xhr8ilts0000001789548264107&qH=a5594894156db043&ov_redirect=true,2026-09-16
79,"realme 15 5G (Velvet Green, 256 GB)",realme,31999,,,4.4,"11,302","1,217",8 GB RAM,256 GB ROM,7000 mAh Battery,Mediatek Dimensity 7300+ 5G Processor,17.27 cm (6.8 inch) Display,50MP + 8MP | 50MP Front Camera,5G,https://www.flipkart.com/realme-15-5g-velvet-green-256-gb/p/itme9581fbd0e97a?pid=MOBHDUKFHZJFVZXG&lid=LSTMOBHDUKFHZJFVZXGABNNHR&marketplace=FLIPKART&q=smart+phones&store=tyy%2F4io&srno=s_4_79&otracker=search&fm=organic&iid=f02c248a-79ea-475c-9757-9a1fb475e628.MOBHDUKFHZJFVZXG.SEARCH&ppt=None&ppn=None&ssid=b3xhr8ilts0000001789548264107&qH=a5594894156db043&ov_redirect=true,2026-09-16
80,"MOTOROLA edge 70 pro (Satin-Luxe PANTONE Tea (Green), 256 GB)",MOTOROLA,39999,69999,42% off,4.3,846,106,8 GB RAM,256 GB ROM,6500 mAh Silicon-Carbon Battery,Dimensity 8500 Extreme Processor,17.27 cm (6.8 inch) Full HD+ Super AMOLED Display,50MP + 50MP | 50MP Front Camera,,https://www.flipkart.com/motorola-edge-70-pro-satin-luxe-pantone-tea-green-256-gb/p/itmad36b25ee48bf?pid=MOBHN9734ZPCKBAC&lid=LSTMOBHN9734ZPCKBACJUQ4X8&marketplace=FLIPKART&q=smart+phones&store=tyy%2F4io&srno=s_4_80&otracker=search&fm=organic&iid=f02c248a-79ea-475c-9757-9a1fb475e628.MOBHN9734ZPCKBAC.SEARCH&ppt=None&ppn=None&ssid=b3xhr8ilts0000001789548264107&qH=a5594894156db043&ov_redirect=true,2026-09-16
81,"Samsung Galaxy F36 5G (Black, 128 GB)",Samsung,23199,25499,9% off,4.3,"12,654","1,127",6 GB RAM,128 GB ROM,5000 mAh Battery,Samsung Exynos 1380 Processor,17.02 cm (6.7 inch) Full HD+ Display,50MP + 8MP + 2MP | 13MP Front Camera,,https://www.flipkart.com/samsung-galaxy-f36-5g-black-128-gb/p/itm195a9802ad40d?pid=MOBHMWFXYYAJFTZJ&lid=LSTMOBHMWFXYYAJFTZJC01HXV&marketplace=FLIPKART&q=smart+phones&store=tyy%2F4io&srno=s_4_81&otracker=search&fm=organic&iid=f02c248a-79ea-475c-9757-9a1fb475e628.MOBHMWFXYYAJFTZJ.SEARCH&ppt=None&ppn=None&ssid=b3xhr8ilts0000001789548264107&qH=a5594894156db043&ov_redirect=true,2026-09-16
82,"REDMI 15C 5G (Moonlight Blue, 128 GB)",REDMI,21499,24999,14% off,4.3,463,44,8 GB RAM,128 GB ROM,6000 mAh Battery,,17.53 cm (6.9 inch) Display,50MP Rear Camera,,https://www.flipkart.com/redmi-15c-5g-moonlight-blue-128-gb/p/itmc1345bb45eef3?pid=MOBHGGZ2RRCJFAGZ&lid=LSTMOBHGGZ2RRCJFAGZVQ9VMJ&marketplace=FLIPKART&q=smart+phones&store=tyy%2F4io&srno=s_4_82&otracker=search&fm=organic&iid=f02c248a-79ea-475c-9757-9a1fb475e628.MOBHGGZ2RRCJFAGZ.SEARCH&ppt=None&ppn=None&ssid=b3xhr8ilts0000001789548264107&qH=a5594894156db043&ov_redirect=true,2026-09-16
83,"MOTOROLA Edge 60 Fusion 5G (PANTONE Zephyr, 256 GB)",MOTOROLA,29999,37999,21% off,4.4,"49,750","3,522",12 GB RAM,256 GB ROM,5500 mAh Battery,Dimensity 7400 Processor,16.94 cm (6.67 inch) Display,50MP + 13MP | 32MP Front Camera,,https://www.flipkart.com/motorola-edge-60-fusion-5g-pantone-zephyr-256-gb/p/itm64e3872f24188?pid=MOBHN974GP9AXZEC&lid=LSTMOBHN974GP9AXZEC6NHT6R&marketplace=FLIPKART&q=smart+phones&store=tyy%2F4io&srno=s_4_83&otracker=search&fm=organic&iid=f02c248a-79ea-475c-9757-9a1fb475e628.MOBHN974GP9AXZEC.SEARCH&ppt=None&ppn=None&ssid=b3xhr8ilts0000001789548264107&qH=a5594894156db043&ov_redirect=true,2026-09-16
84,"Samsung Galaxy F36 5G (Black, 128 GB)",Samsung,24336,29999,18% off,4.2,"7,111",624,8 GB RAM,128 GB ROM,5000 mAh Battery,Samsung Exynos 1380 Processor,17.02 cm (6.7 inch) Full HD+ Display,50MP + 8MP + 2MP | 13MP Front Camera,,https://www.flipkart.com/samsung-galaxy-f36-5g-black-128-gb/p/itma26d01a0d3111?pid=MOBHMWFXHYJFFFWG&lid=LSTMOBHMWFXHYJFFFWGJNDOAA&marketplace=FLIPKART&q=smart+phones&store=tyy%2F4io&srno=s_4_84&otracker=search&fm=organic&iid=f02c248a-79ea-475c-9757-9a1fb475e628.MOBHMWFXHYJFFFWG.SEARCH&ppt=None&ppn=None&ssid=b3xhr8ilts0000001789548264107&qH=a5594894156db043&ov_redirect=true,2026-09-16
85,"Ai+ Nova 2 Ultra 5G (Black, 128 GB)",Ai+,20999,29999,30% off,4.1,"3,798",521,6 GB RAM,128 GB ROM,6000 mAh Li-polymer Battery,Dimensity 7400 Processor,17.22 cm (6.78 inch) Full HD+ AMOLED Display,50MP + 8MP | 13MP Front Camera,,https://www.flipkart.com/ai-nova-2-ultra-5g-black-128-gb/p/itm106a94230b39e?pid=MOBHZHUVNTSWWGAN&lid=LSTMOBHZHUVNTSWWGAN1FL1FA&marketplace=FLIPKART&q=smart+phones&store=tyy%2F4io&srno=s_4_85&otracker=search&fm=organic&iid=f02c248a-79ea-475c-9757-9a1fb475e628.MOBHZHUVNTSWWGAN.SEARCH&ppt=None&ppn=None&ssid=b3xhr8ilts0000001789548264107&qH=a5594894156db043&ov_redirect=true,2026-09-16
86,"Ai+ Nova 2 Ultra 5G (Blue, 128 GB)",Ai+,22999,31999,28% off,4.1,"1,932",277,8 GB RAM,128 GB ROM,6000 mAh Li-polymer Battery,Dimensity 7400 Processor,17.22 cm (6.78 inch) Full HD+ AMOLED Display,50MP + 8MP | 13MP Front Camera,,https://www.flipkart.com/ai-nova-2-ultra-5g-blue-128-gb/p/itm73b7abaef2553?pid=MOBHZHUVQRR46GQR&lid=LSTMOBHZHUVQRR46GQRUACQWG&marketplace=FLIPKART&q=smart+phones&store=tyy%2F4io&srno=s_4_86&otracker=search&fm=organic&iid=f02c248a-79ea-475c-9757-9a1fb475e628.MOBHZHUVQRR46GQR.SEARCH&ppt=None&ppn=None&ssid=b3xhr8ilts0000001789548264107&qH=a5594894156db043&ov_redirect=true,2026-09-16
87,"MOTOROLA Signature (PANTONE Carbon, 512 GB)",MOTOROLA,64999,79999,18% off,4.5,"1,195",213,16 GB RAM,512 GB ROM,5200 mAh Battery,Snapdragon 8 Gen 5 Processor,17.27 cm (6.8 inch) Super HD Display,50MP + 50MP + 50MP | 50MP Front Camera,,https://www.flipkart.com/motorola-signature-pantone-carbon-512-gb/p/itm5cf2347de817a?pid=MOBHGVJYGVP6G2NY&lid=LSTMOBHGVJYGVP6G2NYNYYTRM&marketplace=FLIPKART&q=smart+phones&store=tyy%2F4io&srno=s_4_87&otracker=search&fm=organic&iid=f02c248a-79ea-475c-9757-9a1fb475e628.MOBHGVJYGVP6G2NY.SEARCH&ppt=None&ppn=None&ssid=b3xhr8ilts0000001789548264107&qH=a5594894156db043&ov_redirect=true,2026-09-16
88,"MOTOROLA Edge 70 Fusion Snapdragon (Pantone COUNTRY AIR, 256 GB)",MOTOROLA,34999,59999,41% off,4.3,"6,213",690,12 GB RAM,256 GB ROM,7000 mAh Battery,Snapdragon 7s Gen 4 Processor,17.27 cm (6.8 inch) Super HD Display,50MP + 13MP | 32MP Front Camera,,https://www.flipkart.com/motorola-edge-70-fusion-snapdragon-pantone-country-air-256-gb/p/itmbc8e537e66567?pid=MOBHN973DFVJUURY&lid=LSTMOBHN973DFVJUURYU0XTEM&marketplace=FLIPKART&q=smart+phones&store=tyy%2F4io&srno=s_4_88&otracker=search&fm=organic&iid=f02c248a-79ea-475c-9757-9a1fb475e628.MOBHN973DFVJUURY.SEARCH&ppt=None&ppn=None&ssid=b3xhr8ilts0000001789548264107&qH=a5594894156db043&ov_redirect=true,2026-09-16
89,"Samsung Galaxy F36 5G (Red, 128 GB)",Samsung,22901,22999,,4.3,"12,654","1,127",6 GB RAM,128 GB ROM,5000 mAh Battery,Samsung Exynos 1380 Processor,17.02 cm (6.7 inch) Full HD+ Display,50MP + 8MP + 2MP | 13MP Front Camera,,https://www.flipkart.com/samsung-galaxy-f36-5g-red-128-gb/p/itme02bba290c7cd?pid=MOBHMWFXJ66FCDW5&lid=LSTMOBHMWFXJ66FCDW5M3YE5N&marketplace=FLIPKART&q=smart+phones&store=tyy%2F4io&srno=s_4_89&otracker=search&fm=organic&iid=f02c248a-79ea-475c-9757-9a1fb475e628.MOBHMWFXJ66FCDW5.SEARCH&ppt=None&ppn=None&ssid=b3xhr8ilts0000001789548264107&qH=a5594894156db043&ov_redirect=true,2026-09-16
90,"MOTOROLA Edge 60 Pro (Pantone Walnut, 256 GB)",MOTOROLA,33999,40999,17% off,4.3,"18,310","1,830",12 GB RAM,256 GB ROM,6000 mAh Battery,Dimensity 8350 Processor,17.02 cm (6.7 inch) Full HD+ Display,50MP + 50MP + 10MP | 50MP Front Camera,,https://www.flipkart.com/motorola-edge-60-pro-pantone-walnut-256-gb/p/itm77d7138c41207?pid=MOBHC7EWYHZHH8TV&lid=LSTMOBHC7EWYHZHH8TVZCTZ2A&marketplace=FLIPKART&q=smart+phones&store=tyy%2F4io&srno=s_4_90&otracker=search&fm=organic&iid=f02c248a-79ea-475c-9757-9a1fb475e628.MOBHC7EWYHZHH8TV.SEARCH&ppt=None&ppn=None&ssid=b3xhr8ilts0000001789548264107&qH=a5594894156db043&ov_redirect=true,2026-09-16
91,"Ai+ Nova 2 Ultra 5G (Black, 128 GB)",Ai+,22999,26999,14% off,4.1,"1,932",277,8 GB RAM,128 GB ROM,6000 mAh Li-polymer Battery,Dimensity 7400 Processor,17.22 cm (6.78 inch) Full HD+ AMOLED Display,50MP + 8MP | 13MP Front Camera,,https://www.flipkart.com/ai-nova-2-ultra-5g-black-128-gb/p/itmb9931e4571d70?pid=MOBHHUFDPSYQMHXU&lid=LSTMOBHHUFDPSYQMHXUXDR3OA&marketplace=FLIPKART&q=smart+phones&store=tyy%2F4io&srno=s_4_91&otracker=search&fm=organic&iid=f02c248a-79ea-475c-9757-9a1fb475e628.MOBHHUFDPSYQMHXU.SEARCH&ppt=None&ppn=None&ssid=b3xhr8ilts0000001789548264107&qH=a5594894156db043&ov_redirect=true,2026-09-16
92,"OPPO K14x 5G (Icy Blue, 64 GB)",OPPO,18999,19999,5% off,4.3,"7,727",765,4 GB RAM,64 GB ROM,6500 mAh Battery,Dimensity 6300 Processor,17.14 cm (6.75 inch) HD+ Display,,,https://www.flipkart.com/oppo-k14x-5g-icy-blue-64-gb/p/itm188c7a4b69292?pid=MOBHKZF3YEJNPZHZ&lid=LSTMOBHKZF3YEJNPZHZKAKWY1&marketplace=FLIPKART&q=smart+phones&store=tyy%2F4io&srno=s_4_92&otracker=search&fm=organic&iid=f02c248a-79ea-475c-9757-9a1fb475e628.MOBHKZF3YEJNPZHZ.SEARCH&ppt=None&ppn=None&ssid=b3xhr8ilts0000001789548264107&qH=a5594894156db043&ov_redirect=true,2026-09-16
93,"REDMI 15 5G (Midnight Black, 256 GB)",REDMI,25885,27499,5% off,4.3,"4,940",310,8 GB RAM,256 GB ROM,7000 mAh Battery,,17.53 cm (6.9 inch) Display,50MP Rear Camera,,https://www.flipkart.com/redmi-15-5g-midnight-black-256-gb/p/itm2b8ff5e4eccab?pid=MOBHFGBGBNY2ZSZX&lid=LSTMOBHFGBGBNY2ZSZXXMG54U&marketplace=FLIPKART&q=smart+phones&store=tyy%2F4io&srno=s_4_93&otracker=search&fm=organic&iid=f02c248a-79ea-475c-9757-9a1fb475e628.MOBHFGBGBNY2ZSZX.SEARCH&ppt=None&ppn=None&ssid=b3xhr8ilts0000001789548264107&qH=a5594894156db043&ov_redirect=true,2026-09-16
94,"OPPO K14x 5G 6500mAh and 45W SUPERVOOC Charger & AI (Icy Blue, 128 GB)",OPPO,24999,40999,39% off,4.4,"3,622",262,6 GB RAM,128 GB ROM,6500 mAh Battery,Dimensity 6300 Processor,17.14 cm (6.75 inch) HD+ Display,,,https://www.flipkart.com/oppo-k14x-5g-6500mah-45w-supervooc-charger-ai-icy-blue-128-gb/p/itmdcac5ae642971?pid=MOBHPHSH6U5TGZPY&lid=LSTMOBHPHSH6U5TGZPYP2HIS6&marketplace=FLIPKART&q=smart+phones&store=tyy%2F4io&srno=s_4_94&otracker=search&fm=organic&iid=f02c248a-79ea-475c-9757-9a1fb475e628.MOBHPHSH6U5TGZPY.SEARCH&ppt=None&ppn=None&ssid=b3xhr8ilts0000001789548264107&qH=a5594894156db043&ov_redirect=true,2026-09-16
95,"POCO M8 Power 5G (Blaze Orange, 128 GB)",POCO,27999,59999,53% off,4.7,356,269,8 GB RAM,128 GB ROM,8000 mAh Lithium-Ion Polymer Battery,Snapdragon Gen 4 Processor,17.75 cm (6.99 inch) Full HD+ AMOLED Display,50MP Rear Camera | 8MP Front Camera,,https://www.flipkart.com/poco-m8-power-5g-blaze-orange-128-gb/p/itme6ed250ab73df?pid=MOBHPCYNFWHRJD8C&lid=LSTMOBHPCYNFWHRJD8C5JT1AV&marketplace=FLIPKART&q=smart+phones&store=tyy%2F4io&srno=s_4_95&otracker=search&fm=organic&iid=f02c248a-79ea-475c-9757-9a1fb475e628.MOBHPCYNFWHRJD8C.SEARCH&ppt=None&ppn=None&ssid=b3xhr8ilts0000001789548264107&qH=a5594894156db043&ov_redirect=true,2026-09-16
96,"OPPO K14 5G (Icy Blue, 128 GB)",OPPO,25999,,,4.4,"6,806",373,6 GB RAM,128 GB ROM,7000 mAh Battery,Dimensity 6300 Processor,17.14 cm (6.75 inch) HD+ Display,50MP Rear Camera | 8MP Front Camera,,https://www.flipkart.com/oppo-k14-5g-icy-blue-128-gb/p/itm2a5cc1d23c2af?pid=MOBHKQYY9S6MVDHH&lid=LSTMOBHKQYY9S6MVDHHMEMJYK&marketplace=FLIPKART&q=smart+phones&store=tyy%2F4io&srno=s_4_96&otracker=search&fm=organic&iid=f02c248a-79ea-475c-9757-9a1fb475e628.MOBHKQYY9S6MVDHH.SEARCH&ppt=None&ppn=None&ssid=b3xhr8ilts0000001789548264107&qH=a5594894156db043&ov_redirect=true,2026-09-16
97,"Tecno Spark 50 5G (Mint Green, 128 GB)",Tecno,19999,27999,28% off,3.7,116,19,4 GB RAM,128 GB ROM,6500 mAh Lithium Polymer Battery,Dimensity 6400 Processor,17.22 cm (6.78 inch) Display,50MP Rear Camera | 8MP Front Camera,,https://www.flipkart.com/tecno-spark-50-5g-mint-green-128-gb/p/itmb3923bf4ff9a6?pid=MOBHHH5TZMHQCMSU&lid=LSTMOBHHH5TZMHQCMSUN8RIDD&marketplace=FLIPKART&q=smart+phones&store=tyy%2F4io&srno=s_5_97&otracker=search&fm=organic&iid=en_6-iEMG1OHPgEjysN5wSeGSvfmwNufv5pZc8xZE8j51Z_ZA1of-Jc0VsMIB-OOhqPEkNWyXUFNnHiWROKxaC-hv6ZZvGaaMvyXK9MBuHDlM3Zx3Wl2R13PyaUp2jb4UYV&ppt=None&ppn=None&ssid=padjbrdvtc0000001789548266820&qH=a5594894156db043&ov_redirect=true,2026-09-16
98,"MOTOROLA edge 70 pro (Tailored Fabric - PANTONE Titan (Blue), 256 GB)",MOTOROLA,42999,74999,42% off,4.3,595,77,12 GB RAM,256 GB ROM,6500 mAh Silicon-Carbon Battery,Dimensity 8500 Extreme Processor,17.27 cm (6.8 inch) Full HD+ Super AMOLED Display,50MP + 50MP | 50MP Front Camera,,https://www.flipkart.com/motorola-edge-70-pro-tailored-fabric-pantone-titan-blue-256-gb/p/itm2bb5f69d7af34?pid=MOBHN973JRZJXD9Y&lid=LSTMOBHN973JRZJXD9YATO2ML&marketplace=FLIPKART&q=smart+phones&store=tyy%2F4io&srno=s_5_98&otracker=search&fm=organic&iid=864e14b7-f658-4a50-b15b-96c2a73b6f7a.MOBHN973JRZJXD9Y.SEARCH&ppt=None&ppn=None&ssid=padjbrdvtc0000001789548266820&qH=a5594894156db043&ov_redirect=true,2026-09-16
99,"MOTOROLA g37 (PANTONE Capri, 64 GB)",MOTOROLA,18999,24999,24% off,4.3,"3,791",201,4 GB RAM,64 GB ROM,5200 mAh Battery,Dimensity 6400 Processor,16.92 cm (6.66 inch) HD+ Display,50MP Rear Camera | 8MP Front Camera,,https://www.flipkart.com/motorola-g37-pantone-capri-64-gb/p/itm54f0e687c7b29?pid=MOBHHWB6U3Q3RYFD&lid=LSTMOBHHWB6U3Q3RYFDYGJVNO&marketplace=FLIPKART&q=smart+phones&store=tyy%2F4io&srno=s_5_99&otracker=search&fm=organic&iid=864e14b7-f658-4a50-b15b-96c2a73b6f7a.MOBHHWB6U3Q3RYFD.SEARCH&ppt=None&ppn=None&ssid=padjbrdvtc0000001789548266820&qH=a5594894156db043&ov_redirect=true,2026-09-16
100,"OnePlus Nord CE6 (Fresh Blue, 128 GB)",OnePlus,36570,40999,10% off,4.5,"1,217",90,8 GB RAM,128 GB ROM,8000 mAh Battery,Qualcomm® Snapdragon™ 7s Gen 4 Processor,17.22 cm (6.78 inch) Full HD+ Display,50MP Rear Camera | 2MP Front Camera,,https://www.flipkart.com/oneplus-nord-ce6-fresh-blue-128-gb/p/itmd7b224b18cb05?pid=MOBHNBDGGHYAE6ZP&lid=LSTMOBHNBDGGHYAE6ZPVRXTHA&marketplace=FLIPKART&q=smart+phones&store=tyy%2F4io&srno=s_5_100&otracker=search&fm=organic&iid=864e14b7-f658-4a50-b15b-96c2a73b6f7a.MOBHNBDGGHYAE6ZP.SEARCH&ppt=None&ppn=None&ssid=padjbrdvtc0000001789548266820&qH=a5594894156db043&ov_redirect=true,2026-09-16
101,"MOTOROLA Edge 60 Fusion 5G (PANTONE Amazonite, 256 GB)",MOTOROLA,29999,37999,21% off,4.4,"49,750","3,522",12 GB RAM,256 GB ROM,5500 mAh Battery,Dimensity 7400 Processor,16.94 cm (6.67 inch) Display,50MP + 13MP | 32MP Front Camera,,https://www.flipkart.com/motorola-edge-60-fusion-5g-pantone-amazonite-256-gb/p/itm083aeeabd2b1d?pid=MOBHN974GZMDARQ9&lid=LSTMOBHN974GZMDARQ9LCGEZJ&marketplace=FLIPKART&q=smart+phones&store=tyy%2F4io&spotlightTagId=default_BestsellerId_tyy%2F4io&srno=s_5_101&otracker=search&fm=organic&iid=864e14b7-f658-4a50-b15b-96c2a73b6f7a.MOBHN974GZMDARQ9.SEARCH&ppt=None&ppn=None&ssid=padjbrdvtc0000001789548266820&qH=a5594894156db043&ov_redirect=true,2026-09-16
102,"POCO M7 5G (Ocean Blue, 128 GB)",POCO,13499,13999,3% off,4.3,"19,028","1,068",8 GB RAM,128 GB ROM,5160 mAh Battery,4 Gen 2 5G Processor,17.48 cm (6.88 inch) HD+ Display,50MP Rear Camera | 8MP Front Camera,5G,https://www.flipkart.com/poco-m7-5g-ocean-blue-128-gb/p/itm7c4a352930fde?pid=MOBH9HFJTH8SZWMZ&lid=LSTMOBH9HFJTH8SZWMZV2NCMD&marketplace=FLIPKART&q=smart+phones&store=tyy%2F4io&srno=s_5_102&otracker=search&fm=organic&iid=864e14b7-f658-4a50-b15b-96c2a73b6f7a.MOBH9HFJTH8SZWMZ.SEARCH&ppt=None&ppn=None&ssid=padjbrdvtc0000001789548266820&qH=a5594894156db043&ov_redirect=true,2026-09-16
103,"POCO X8 Power 5G (Black, 256 GB)",POCO,38999,84999,54% off,4.2,79,19,8 GB RAM,256 GB ROM,10000 mAh Lithium-Ion Polymer Battery,6 Gen 5 Processor,17.35 cm (6.83 inch) Full HD+ AMOLED Display,50MP + 8MP | 32MP Front Camera,,https://www.flipkart.com/poco-x8-power-5g-black-256-gb/p/itm3438e419f61cc?pid=MOBHQ6XZZQTFHDSX&lid=LSTMOBHQ6XZZQTFHDSXUIITQK&marketplace=FLIPKART&q=smart+phones&store=tyy%2F4io&srno=s_5_103&otracker=search&fm=organic&iid=864e14b7-f658-4a50-b15b-96c2a73b6f7a.MOBHQ6XZZQTFHDSX.SEARCH&ppt=None&ppn=None&ssid=padjbrdvtc0000001789548266820&qH=a5594894156db043&ov_redirect=true,2026-09-16
104,"REDMI 15C 5G (Dusk Purple, 128 GB)",REDMI,20166,31999,36% off,4.2,640,46,6 GB RAM,128 GB ROM,6000 mAh Battery,,17.53 cm (6.9 inch) Display,50MP Rear Camera,,https://www.flipkart.com/redmi-15c-5g-dusk-purple-128-gb/p/itmc1345bb45eef3?pid=MOBHGGZ25C5SGQGE&lid=LSTMOBHGGZ25C5SGQGEH3XASY&marketplace=FLIPKART&q=smart+phones&store=tyy%2F4io&srno=s_5_104&otracker=search&fm=organic&iid=864e14b7-f658-4a50-b15b-96c2a73b6f7a.MOBHGGZ25C5SGQGE.SEARCH&ppt=None&ppn=None&ssid=padjbrdvtc0000001789548266820&qH=a5594894156db043&ov_redirect=true,2026-09-16
105,"OPPO K14 5G (Prism White, 128 GB)",OPPO,25999,,,4.4,"6,806",373,6 GB RAM,128 GB ROM,7000 mAh Battery,Dimensity 6300 Processor,17.14 cm (6.75 inch) HD+ Display,50MP Rear Camera | 8MP Front Camera,,https://www.flipkart.com/oppo-k14-5g-prism-white-128-gb/p/itm2a5cc1d23c2af?pid=MOBHKQYY9JJPHATW&lid=LSTMOBHKQYY9JJPHATWF0JOIP&marketplace=FLIPKART&q=smart+phones&store=tyy%2F4io&srno=s_5_105&otracker=search&fm=organic&iid=864e14b7-f658-4a50-b15b-96c2a73b6f7a.MOBHKQYY9JJPHATW.SEARCH&ppt=None&ppn=None&ssid=padjbrdvtc0000001789548266820&qH=a5594894156db043&ov_redirect=true,2026-09-16
106,"Samsung Galaxy F17 5G (Neo Black, 128 GB)",Samsung,19999,25999,23% off,4.2,250,22,6 GB RAM,128 GB ROM,5000 mAh Battery,Exynos 1330 Processor,17.02 cm (6.7 inch) Full HD+ Display,50MP + 5MP | 13MP Front Camera,,https://www.flipkart.com/samsung-galaxy-f17-5g-neo-black-128-gb/p/itm64a193b8fd9f0?pid=MOBHF6KMBVEUAZXP&lid=LSTMOBHF6KMBVEUAZXPDAF2TK&marketplace=FLIPKART&q=smart+phones&store=tyy%2F4io&srno=s_5_106&otracker=search&fm=organic&iid=864e14b7-f658-4a50-b15b-96c2a73b6f7a.MOBHF6KMBVEUAZXP.SEARCH&ppt=None&ppn=None&ssid=padjbrdvtc0000001789548266820&qH=a5594894156db043&ov_redirect=true,2026-09-16
107,"vivo T5 5G (Royal Bronze, 128 GB)",vivo,39999,55999,28% off,4.5,91,10,8 GB RAM,128 GB ROM,7050 mAh Li-ion Battery,Dimensity 7500 Processor,17.35 cm (6.83 inch) Full HD+ AMOLED Display,50MP + 8MP | 32MP Front Camera,,https://www.flipkart.com/vivo-t5-5g-royal-bronze-128-gb/p/itm8fa150d1fa2d2?pid=MOBHQC8D6EURCBKD&lid=LSTMOBHQC8D6EURCBKDVGX4VE&marketplace=FLIPKART&q=smart+phones&store=tyy%2F4io&srno=s_5_107&otracker=search&fm=organic&iid=864e14b7-f658-4a50-b15b-96c2a73b6f7a.MOBHQC8D6EURCBKD.SEARCH&ppt=None&ppn=None&ssid=padjbrdvtc0000001789548266820&qH=a5594894156db043&ov_redirect=true,2026-09-16
108,"POCO M8 Power 5G (Blaze Orange, 128 GB)",POCO,24999,54999,54% off,4.7,"1,403",840,6 GB RAM,128 GB ROM,8000 mAh Lithium-Ion Polymer Battery,Snapdragon Gen 4 Processor,17.75 cm (6.99 inch) Full HD+ AMOLED Display,50MP Rear Camera | 8MP Front Camera,,https://www.flipkart.com/poco-m8-power-5g-blaze-orange-128-gb/p/itm0edc1dd6b4e42?pid=MOBHPCYNPNCJG2UV&lid=LSTMOBHPCYNPNCJG2UVUHFGWJ&marketplace=FLIPKART&q=smart+phones&store=tyy%2F4io&srno=s_5_108&otracker=search&fm=organic&iid=864e14b7-f658-4a50-b15b-96c2a73b6f7a.MOBHPCYNPNCJG2UV.SEARCH&ppt=None&ppn=None&ssid=padjbrdvtc0000001789548266820&qH=a5594894156db043&ov_redirect=true,2026-09-16
109,"realme 15 5G (Silk Pink, 128 GB)",realme,29999,,,4.4,"11,302","1,217",8 GB RAM,128 GB ROM,7000 mAh Battery,Mediatek Dimensity 7300+ 5G Processor,17.27 cm (6.8 inch) Full HD+ Display,50MP + 8MP | 50MP Front Camera,5G,https://www.flipkart.com/realme-15-5g-silk-pink-128-gb/p/itme9581fbd0e97a?pid=MOBHDUKFCAYHHEPN&lid=LSTMOBHDUKFCAYHHEPNV0U5CZ&marketplace=FLIPKART&q=smart+phones&store=tyy%2F4io&srno=s_5_109&otracker=search&fm=organic&iid=864e14b7-f658-4a50-b15b-96c2a73b6f7a.MOBHDUKFCAYHHEPN.SEARCH&ppt=None&ppn=None&ssid=padjbrdvtc0000001789548266820&qH=a5594894156db043&ov_redirect=true,2026-09-16
110,"POCO M8 Power 5G (Green, 128 GB)",POCO,24999,54999,54% off,4.7,"1,403",840,6 GB RAM,128 GB ROM,8000 mAh Lithium-Ion Polymer Battery,Snapdragon Gen 4 Processor,17.75 cm (6.99 inch) Full HD+ AMOLED Display,50MP Rear Camera | 8MP Front Camera,,https://www.flipkart.com/poco-m8-power-5g-green-128-gb/p/itmd5d508dcd6172?pid=MOBHPCYNBFXP5TG9&lid=LSTMOBHPCYNBFXP5TG9ASUJFA&marketplace=FLIPKART&q=smart+phones&store=tyy%2F4io&srno=s_5_110&otracker=search&fm=organic&iid=864e14b7-f658-4a50-b15b-96c2a73b6f7a.MOBHPCYNBFXP5TG9.SEARCH&ppt=None&ppn=None&ssid=padjbrdvtc0000001789548266820&qH=a5594894156db043&ov_redirect=true,2026-09-16
111,"realme Narzo 90x 5G (Flash Blue, 128 GB)",realme,24046,24999,3% off,4.3,"1,584",108,8 GB RAM,128 GB ROM,7000 mAh Battery,,17.27 cm (6.8 inch) Display,50MP Rear Camera,,https://www.flipkart.com/realme-narzo-90x-5g-flash-blue-128-gb/p/itma63c5c5ce781a?pid=MOBHGUHGEGQQTHY2&lid=LSTMOBHGUHGEGQQTHY2AU25HL&marketplace=FLIPKART&q=smart+phones&store=tyy%2F4io&srno=s_5_111&otracker=search&fm=organic&iid=864e14b7-f658-4a50-b15b-96c2a73b6f7a.MOBHGUHGEGQQTHY2.SEARCH&ppt=None&ppn=None&ssid=padjbrdvtc0000001789548266820&qH=a5594894156db043&ov_redirect=true,2026-09-16
112,"realme 15 5G (Silk Pink, 256 GB)",realme,31999,,,4.4,"11,302","1,217",8 GB RAM,256 GB ROM,7000 mAh Battery,Mediatek Dimensity 7300+ 5G Processor,17.27 cm (6.8 inch) Full HD+ Display,50MP + 8MP | 50MP Front Camera,5G,https://www.flipkart.com/realme-15-5g-silk-pink-256-gb/p/itme9581fbd0e97a?pid=MOBHDUKFZF7UPZZZ&lid=LSTMOBHDUKFZF7UPZZZO3KP85&marketplace=FLIPKART&q=smart+phones&store=tyy%2F4io&srno=s_5_112&otracker=search&fm=organic&iid=864e14b7-f658-4a50-b15b-96c2a73b6f7a.MOBHDUKFZF7UPZZZ.SEARCH&ppt=None&ppn=None&ssid=padjbrdvtc0000001789548266820&qH=a5594894156db043&ov_redirect=true,2026-09-16
113,"OnePlus Nord 6 (Quick Silver, 256 GB)",OnePlus,54808,56999,3% off,4.5,249,31,12 GB RAM,256 GB ROM,9000 mAh Battery,4 octa-core processor Processor,17.22 cm (6.78 inch) Full HD+ Display,50MP Rear Camera,,https://www.flipkart.com/oneplus-nord-6-quick-silver-256-gb/p/itmc49f71cdc4080?pid=MOBHMBXCPZNQ3YNC&lid=LSTMOBHMBXCPZNQ3YNCCAQTFY&marketplace=FLIPKART&q=smart+phones&store=tyy%2F4io&srno=s_5_113&otracker=search&fm=organic&iid=864e14b7-f658-4a50-b15b-96c2a73b6f7a.MOBHMBXCPZNQ3YNC.SEARCH&ppt=None&ppn=None&ssid=padjbrdvtc0000001789548266820&qH=a5594894156db043&ov_redirect=true,2026-09-16
114,"MOTOROLA Signature (PANTONE Martini Olive, 512 GB)",MOTOROLA,64999,79999,18% off,4.5,"1,195",213,16 GB RAM,512 GB ROM,5200 mAh Battery,Snapdragon 8 Gen 5 Processor,17.27 cm (6.8 inch) Super HD Display,50MP + 50MP + 50MP | 50MP Front Camera,,https://www.flipkart.com/motorola-signature-pantone-martini-olive-512-gb/p/itm74c2055820110?pid=MOBHGVJY6SUYWYTK&lid=LSTMOBHGVJY6SUYWYTK1ML1KA&marketplace=FLIPKART&q=smart+phones&store=tyy%2F4io&srno=s_5_114&otracker=search&fm=organic&iid=864e14b7-f658-4a50-b15b-96c2a73b6f7a.MOBHGVJY6SUYWYTK.SEARCH&ppt=None&ppn=None&ssid=padjbrdvtc0000001789548266820&qH=a5594894156db043&ov_redirect=true,2026-09-16
115,"realme 15 5G (Velvet Green, 128 GB)",realme,29999,,,4.4,"11,302","1,217",8 GB RAM,128 GB ROM,7000 mAh Battery,Mediatek Dimensity 7300+ 5G Processor,17.27 cm (6.8 inch) Full HD+ Display,50MP + 8MP | 50MP Front Camera,5G,https://www.flipkart.com/realme-15-5g-velvet-green-128-gb/p/itme9581fbd0e97a?pid=MOBHDUKFAKEGZWJK&lid=LSTMOBHDUKFAKEGZWJKJXGD9L&marketplace=FLIPKART&q=smart+phones&store=tyy%2F4io&srno=s_5_115&otracker=search&fm=organic&iid=864e14b7-f658-4a50-b15b-96c2a73b6f7a.MOBHDUKFAKEGZWJK.SEARCH&ppt=None&ppn=None&ssid=padjbrdvtc0000001789548266820&qH=a5594894156db043&ov_redirect=true,2026-09-16
116,"POCO X8 Power 5G (Black, 128 GB)",POCO,35999,79999,55% off,4.2,79,19,8 GB RAM,128 GB ROM,10000 mAh Lithium-Ion Polymer Battery,6 Gen 5 Processor,17.35 cm (6.83 inch) Full HD+ AMOLED Display,50MP + 8MP | 32MP Front Camera,,https://www.flipkart.com/poco-x8-power-5g-black-128-gb/p/itmfa3bb120ffe34?pid=MOBHQ6XZQ52XVZ9U&lid=LSTMOBHQ6XZQ52XVZ9UPWRBXR&marketplace=FLIPKART&q=smart+phones&store=tyy%2F4io&srno=s_5_116&otracker=search&fm=organic&iid=864e14b7-f658-4a50-b15b-96c2a73b6f7a.MOBHQ6XZQ52XVZ9U.SEARCH&ppt=None&ppn=None&ssid=padjbrdvtc0000001789548266820&qH=a5594894156db043&ov_redirect=true,2026-09-16
117,"realme P3 Ultra 5G (Orion Red, 256 GB)",realme,31999,35999,11% off,4.4,"5,090",573,12 GB RAM,256 GB ROM,6000 mAh Battery,Dimensity 8350 Ultra Processor,17.35 cm (6.83 inch) Display,50MP + 8MP | 16MP Front Camera,,https://www.flipkart.com/realme-p3-ultra-5g-orion-red-256-gb/p/itm50171223b4a05?pid=MOBHAYKEK2YKSCTU&lid=LSTMOBHAYKEK2YKSCTUTPFDIS&marketplace=FLIPKART&q=smart+phones&store=tyy%2F4io&srno=s_5_117&otracker=search&fm=organic&iid=864e14b7-f658-4a50-b15b-96c2a73b6f7a.MOBHAYKEK2YKSCTU.SEARCH&ppt=None&ppn=None&ssid=padjbrdvtc0000001789548266820&qH=a5594894156db043&ov_redirect=true,2026-09-16
118,"POCO X8 Pro (Black, 256 GB)",POCO,39999,43999,9% off,4.3,"3,821",678,8 GB RAM,256 GB ROM,6500 mAh Lithium-Ion Polymer With Silicon Carbon Technology Battery,Dimensity 8500-Ultra Processor,16.74 cm (6.59 inch) Full HD+ AMOLED Display,50MP + 8MP | 20MP Front Camera,,https://www.flipkart.com/poco-x8-pro-black-256-gb/p/itmfbd9f2b2c7db9?pid=MOBHH2KYUM8ZF6BK&lid=LSTMOBHH2KYUM8ZF6BKPBFPO9&marketplace=FLIPKART&q=smart+phones&store=tyy%2F4io&srno=s_5_118&otracker=search&fm=organic&iid=864e14b7-f658-4a50-b15b-96c2a73b6f7a.MOBHH2KYUM8ZF6BK.SEARCH&ppt=None&ppn=None&ssid=padjbrdvtc0000001789548266820&qH=a5594894156db043&ov_redirect=true,2026-09-16
119,"Apple iPhone 16 Plus (Ultramarine, 128 GB)",Apple,79900,,,4.6,"4,305",295,,,,"A18 Chip, 6 Core Processor Processor",17.02 cm (6.7 inch) Super Retina XDR Display,48MP + 12MP | 12MP Front Camera,,https://www.flipkart.com/apple-iphone-16-plus-ultramarine-128-gb/p/itm3a32a91957d41?pid=MOBH4DQFKZDYZNWX&lid=LSTMOBH4DQFKZDYZNWXU5NVDP&marketplace=FLIPKART&q=smart+phones&store=tyy%2F4io&srno=s_5_119&otracker=search&fm=organic&iid=864e14b7-f658-4a50-b15b-96c2a73b6f7a.MOBH4DQFKZDYZNWX.SEARCH&ppt=None&ppn=None&ssid=padjbrdvtc0000001789548266820&qH=a5594894156db043&ov_redirect=true,2026-09-16
120,"POCO X8 Pro Max (White, 256 GB)",POCO,48999,50999,3% off,4.5,"1,925",402,12 GB RAM,256 GB ROM,9000 mAh Lithium-Ion Polymer With Silicon Carbon Technology Battery,Dimensity 9500s Processor,17.35 cm (6.83 inch) Full HD+ AMOLED Display,50MP + 8MP | 20MP Front Camera,,https://www.flipkart.com/poco-x8-pro-max-white-256-gb/p/itm38fa4fd504c3f?pid=MOBHH2KYZTFTMFZG&lid=LSTMOBHH2KYZTFTMFZGZBJAHK&marketplace=FLIPKART&q=smart+phones&store=tyy%2F4io&srno=s_5_120&otracker=search&fm=organic&iid=864e14b7-f658-4a50-b15b-96c2a73b6f7a.MOBHH2KYZTFTMFZG.SEARCH&ppt=None&ppn=None&ssid=padjbrdvtc0000001789548266820&qH=a5594894156db043&ov_redirect=true,2026-09-16
121,"Tecno Spark 50 5G (Mint Green, 128 GB)",Tecno,19999,27999,28% off,3.7,116,19,4 GB RAM,128 GB ROM,6500 mAh Lithium Polymer Battery,Dimensity 6400 Processor,17.22 cm (6.78 inch) Display,50MP Rear Camera | 8MP Front Camera,,https://www.flipkart.com/tecno-spark-50-5g-mint-green-128-gb/p/itmb3923bf4ff9a6?pid=MOBHHH5TZMHQCMSU&lid=LSTMOBHHH5TZMHQCMSUN8RIDD&marketplace=FLIPKART&q=smart+phones&store=tyy%2F4io&srno=s_6_121&otracker=search&fm=organic&iid=en_9MDBoqS2KLqRYXXxuDM0t4Bnju4xubVboj1emA0lzCSbjTHJXZDXGAIEiv1w2emAEkNWyXUFNnHiWROKxaC-hv6ZZvGaaMvyXK9MBuHDlM2tsTA-X_RlMnOUpkh1TAto&ppt=None&ppn=None&ssid=dj8hz0wngg0000001789548269694&qH=a5594894156db043&ov_redirect=true,2026-09-16
122,"POCO X8 Pro (Black, 256 GB)",POCO,39999,43999,9% off,4.3,"3,821",678,8 GB RAM,256 GB ROM,6500 mAh Lithium-Ion Polymer With Silicon Carbon Technology Battery,Dimensity 8500-Ultra Processor,16.74 cm (6.59 inch) Full HD+ AMOLED Display,50MP + 8MP | 20MP Front Camera,,https://www.flipkart.com/poco-x8-pro-black-256-gb/p/itmfbd9f2b2c7db9?pid=MOBHH2KYUM8ZF6BK&lid=LSTMOBHH2KYUM8ZF6BKPBFPO9&marketplace=FLIPKART&q=smart+phones&store=tyy%2F4io&srno=s_6_122&otracker=search&fm=organic&iid=6b541e83-15bd-46e9-8527-1d4feaf523e6.MOBHH2KYUM8ZF6BK.SEARCH&ppt=None&ppn=None&ssid=dj8hz0wngg0000001789548269694&qH=a5594894156db043&ov_redirect=true,2026-09-16
123,"Apple iPhone 15 (Black, 256 GB)",Apple,69900,,,4.6,"2,48,416","9,767",,,,"A16 Bionic Chip, 6 Core Processor Processor",15.49 cm (6.1 inch) Super Retina XDR Display,48MP + 12MP | 12MP Front Camera,,https://www.flipkart.com/apple-iphone-15-black-256-gb/p/itm6f0727e3e3b52?pid=MOBGTAGPSMHFKHT5&lid=LSTMOBGTAGPSMHFKHT5PIEVPX&marketplace=FLIPKART&q=smart+phones&store=tyy%2F4io&srno=s_6_123&otracker=search&fm=organic&iid=6b541e83-15bd-46e9-8527-1d4feaf523e6.MOBGTAGPSMHFKHT5.SEARCH&ppt=None&ppn=None&ssid=dj8hz0wngg0000001789548269694&qH=a5594894156db043&ov_redirect=true,2026-09-16
124,"POCO C85x (Sunset Gold, 128 GB)",POCO,15499,21999,29% off,4.1,"6,853",848,4 GB RAM,128 GB ROM,6300 mAh Lithium-Ion Polymer Battery,T8300 Processor,17.53 cm (6.9 inch) HD+ Display,32MP Rear Camera,,https://www.flipkart.com/poco-c85x-sunset-gold-128-gb/p/itm5e970a19e6ad3?pid=MOBHMGG5BR94DQRY&lid=LSTMOBHMGG5BR94DQRY8N6NYY&marketplace=FLIPKART&q=smart+phones&store=tyy%2F4io&srno=s_6_124&otracker=search&fm=organic&iid=6b541e83-15bd-46e9-8527-1d4feaf523e6.MOBHMGG5BR94DQRY.SEARCH&ppt=None&ppn=None&ssid=dj8hz0wngg0000001789548269694&qH=a5594894156db043&ov_redirect=true,2026-09-16
125,"REDMI A7 (Sky Blue, 64 GB)",REDMI,12991,25999,50% off,4,200,10,3 GB RAM,64 GB ROM,5200 mAh Lithium-Ion Battery,T7250 Processor,17.48 cm (6.88 $inch) HD+ Display,13MP Rear Camera | 8MP Front Camera,,https://www.flipkart.com/redmi-a7-sky-blue-64-gb/p/itme748dd94e76d7?pid=MOBHN3M5ZNWMM7Q8&lid=LSTMOBHN3M5ZNWMM7Q8MXW5MY&marketplace=FLIPKART&q=smart+phones&store=tyy%2F4io&srno=s_6_125&otracker=search&fm=organic&iid=6b541e83-15bd-46e9-8527-1d4feaf523e6.MOBHN3M5ZNWMM7Q8.SEARCH&ppt=None&ppn=None&ssid=dj8hz0wngg0000001789548269694&qH=a5594894156db043&ov_redirect=true,2026-09-16
126,AL BAARI STORE for realme 16 pro 5g housing replacement Full Panel,AL,818,1700,51% off,,,,,,,,,,,https://www.flipkart.com/al-baari-store-realme-16-pro-5g-housing-replacement-full-panel/p/itm38efb0adf5efe?pid=MBPHPP5GTHECK6GJ&lid=LSTMBPHPP5GTHECK6GJRGDM00&marketplace=FLIPKART&q=smart+phones&store=tyy%2F4io&srno=s_6_126&otracker=search&fm=organic&iid=6b541e83-15bd-46e9-8527-1d4feaf523e6.MBPHPP5GTHECK6GJ.SEARCH&ppt=None&ppn=None&ssid=dj8hz0wngg0000001789548269694&qH=a5594894156db043&ov_redirect=true,2026-09-16
127,"Samsung Galaxy F36 5G (Red, 128 GB)",Samsung,22901,22999,,4.3,"12,654","1,127",6 GB RAM,128 GB ROM,5000 mAh Battery,Samsung Exynos 1380 Processor,17.02 cm (6.7 inch) Full HD+ Display,50MP + 8MP + 2MP | 13MP Front Camera,,https://www.flipkart.com/samsung-galaxy-f36-5g-red-128-gb/p/itme02bba290c7cd?pid=MOBHMWFXJ66FCDW5&lid=LSTMOBHMWFXJ66FCDW5M3YE5N&marketplace=FLIPKART&q=smart+phones&store=tyy%2F4io&srno=s_6_127&otracker=search&fm=organic&iid=6b541e83-15bd-46e9-8527-1d4feaf523e6.MOBHMWFXJ66FCDW5.SEARCH&ppt=None&ppn=None&ssid=dj8hz0wngg0000001789548269694&qH=a5594894156db043&ov_redirect=true,2026-09-16
128,"Apple iPhone 16 (Pink, 128 GB)",Apple,69900,,,4.6,"1,98,697","8,591",,,,"A18 Chip, 6 Core Processor Processor",15.49 cm (6.1 inch) Super Retina XDR Display,48MP + 12MP | 12MP Front Camera,,https://www.flipkart.com/apple-iphone-16-pink-128-gb/p/itmc2e910b4d0b1c?pid=MOBH4DQFWJVDRSHM&lid=LSTMOBH4DQFWJVDRSHMAMTBLL&marketplace=FLIPKART&q=smart+phones&store=tyy%2F4io&srno=s_6_128&otracker=search&fm=organic&iid=6b541e83-15bd-46e9-8527-1d4feaf523e6.MOBH4DQFWJVDRSHM.SEARCH&ppt=None&ppn=None&ssid=dj8hz0wngg0000001789548269694&qH=a5594894156db043&ov_redirect=true,2026-09-16
129,"Ai+ Nova 2 5G (Green, 64 GB)",Ai+,13999,,,4.3,"6,638",357,4 GB RAM,64 GB ROM,6000 mAh Battery,T8200 Processor,17.13 cm (6.745 inch) HD+ Display,50MP Rear Camera | 8MP Front Camera,,https://www.flipkart.com/ai-nova-2-5g-green-64-gb/p/itm93c2428cc4241?pid=MOBHKHPYFZQKKMDM&lid=LSTMOBHKHPYFZQKKMDMMQKLTA&marketplace=FLIPKART&q=smart+phones&store=tyy%2F4io&srno=s_6_129&otracker=search&fm=organic&iid=6b541e83-15bd-46e9-8527-1d4feaf523e6.MOBHKHPYFZQKKMDM.SEARCH&ppt=None&ppn=None&ssid=dj8hz0wngg0000001789548269694&qH=a5594894156db043&ov_redirect=true,2026-09-16
130,"OPPO K14 5G (Prism Violet, 128 GB)",OPPO,25999,,,4.4,"6,806",373,6 GB RAM,128 GB ROM,7000 mAh Battery,Dimensity 6300 Processor,17.14 cm (6.75 inch) HD+ Display,50MP Rear Camera | 8MP Front Camera,,https://www.flipkart.com/oppo-k14-5g-prism-violet-128-gb/p/itm2a5cc1d23c2af?pid=MOBHKQYYEP5PV9RH&lid=LSTMOBHKQYYEP5PV9RHMPIERZ&marketplace=FLIPKART&q=smart+phones&store=tyy%2F4io&srno=s_6_130&otracker=search&fm=organic&iid=6b541e83-15bd-46e9-8527-1d4feaf523e6.MOBHKQYYEP5PV9RH.SEARCH&ppt=None&ppn=None&ssid=dj8hz0wngg0000001789548269694&qH=a5594894156db043&ov_redirect=true,2026-09-16
131,"Samsung M36 5G (Light Green, 128 GB)",Samsung,22811,22999,,4.3,"5,674",443,6 GB RAM,128 GB ROM,5000 mAh Battery,,17.02 cm (6.7 inch) Display,50MP Rear Camera,,https://www.flipkart.com/samsung-m36-5g-light-green-128-gb/p/itm4cf1eae54334f?pid=MOBHEYY2YZXYBR66&lid=LSTMOBHEYY2YZXYBR666MUFEL&marketplace=FLIPKART&q=smart+phones&store=tyy%2F4io&srno=s_6_131&otracker=search&fm=organic&iid=6b541e83-15bd-46e9-8527-1d4feaf523e6.MOBHEYY2YZXYBR66.SEARCH&ppt=None&ppn=None&ssid=dj8hz0wngg0000001789548269694&qH=a5594894156db043&ov_redirect=true,2026-09-16
132,"Samsung Galaxy A17 5G (Gray, 128 GB)",Samsung,27990,34999,20% off,4.3,"2,176",207,8 GB RAM,128 GB ROM,5000 mAh Battery,Samsung Exynos 1330 Processor,17.02 cm (6.7 inch) Full HD+ Display,50MP + 5MP + 2MP | 13MP Front Camera,,https://www.flipkart.com/samsung-galaxy-a17-5g-gray-128-gb/p/itm9b0b7e6d52859?pid=MOBHGVECFYBX65X6&lid=LSTMOBHGVECFYBX65X6NUHPDJ&marketplace=FLIPKART&q=smart+phones&store=tyy%2F4io&srno=s_6_132&otracker=search&fm=organic&iid=6b541e83-15bd-46e9-8527-1d4feaf523e6.MOBHGVECFYBX65X6.SEARCH&ppt=None&ppn=None&ssid=dj8hz0wngg0000001789548269694&qH=a5594894156db043&ov_redirect=true,2026-09-16
133,VYNXSPARES APPLE IPHONE 16 WITH WIRELESS MAGNET AND CAMERA LENS Back Panel,VYNXSPARES,838,2999,72% off,,,,,,,,,,,https://www.flipkart.com/vynxspares-apple-iphone-16-wireless-magnet-camera-lens-back-panel/p/itm92df8bfc5c40d?pid=MBPHZCDMZMJSGSAZ&lid=LSTMBPHZCDMZMJSGSAZGDYE6Z&marketplace=FLIPKART&q=smart+phones&store=tyy%2F4io&srno=s_6_133&otracker=search&fm=organic&iid=6b541e83-15bd-46e9-8527-1d4feaf523e6.MBPHZCDMZMJSGSAZ.SEARCH&ppt=None&ppn=None&ssid=dj8hz0wngg0000001789548269694&qH=a5594894156db043&ov_redirect=true,2026-09-16
134,"Samsung Galaxy A17 5G (Blue, 128 GB)",Samsung,23898,32999,27% off,4.3,"2,547",221,6 GB RAM,128 GB ROM,5000 mAh Battery,Samsung Exynos 1330 Processor,17.02 cm (6.7 inch) Full HD+ Display,50MP + 5MP + 2MP | 13MP Front Camera,,https://www.flipkart.com/samsung-galaxy-a17-5g-blue-128-gb/p/itm9b0b7e6d52859?pid=MOBHGVECMPZEVNMJ&lid=LSTMOBHGVECMPZEVNMJJOTTSX&marketplace=FLIPKART&q=smart+phones&store=tyy%2F4io&srno=s_6_134&otracker=search&fm=organic&iid=6b541e83-15bd-46e9-8527-1d4feaf523e6.MOBHGVECMPZEVNMJ.SEARCH&ppt=None&ppn=None&ssid=dj8hz0wngg0000001789548269694&qH=a5594894156db043&ov_redirect=true,2026-09-16
135,"realme GT 7T (Racing Yellow, 256 GB)",realme,34499,42999,19% off,4.4,"5,051",678,12 GB RAM,256 GB ROM,7000 mAh Li-ion Battery,Dimensity 8400-MAX Processor,17.27 cm (6.8 inch) Full HD+ AMOLED Display,50MP + 8MP | 32MP Front Camera,,https://www.flipkart.com/realme-gt-7t-racing-yellow-256-gb/p/itmda26d662ee28e?pid=MOBHFQ6DSMZZDYZG&lid=LSTMOBHFQ6DSMZZDYZGJFCU50&marketplace=FLIPKART&q=smart+phones&store=tyy%2F4io&srno=s_6_135&otracker=search&fm=organic&iid=6b541e83-15bd-46e9-8527-1d4feaf523e6.MOBHFQ6DSMZZDYZG.SEARCH&ppt=None&ppn=None&ssid=dj8hz0wngg0000001789548269694&qH=a5594894156db043&ov_redirect=true,2026-09-16
136,"realme GT 7T (IceSense Black, 512 GB)",realme,37499,46999,20% off,4.4,"5,051",678,12 GB RAM,512 GB ROM,7000 mAh Li-ion Battery,Dimensity 8400-MAX Processor,17.27 cm (6.8 inch) Full HD+ AMOLED Display,50MP + 8MP | 32MP Front Camera,,https://www.flipkart.com/realme-gt-7t-icesense-black-512-gb/p/itmda26d662ee28e?pid=MOBHFQ6DKXGTFCUT&lid=LSTMOBHFQ6DKXGTFCUTUQHNLM&marketplace=FLIPKART&q=smart+phones&store=tyy%2F4io&srno=s_6_136&otracker=search&fm=organic&iid=6b541e83-15bd-46e9-8527-1d4feaf523e6.MOBHFQ6DKXGTFCUT.SEARCH&ppt=None&ppn=None&ssid=dj8hz0wngg0000001789548269694&qH=a5594894156db043&ov_redirect=true,2026-09-16
137,"LAVA Bold N1 5G (Champagne Gold, 64 GB)",LAVA,11999,14999,20% off,4,"1,148",100,4 GB RAM,64 GB ROM,5000 mAh Li-ion Battery,T765 Octa-core Processor Processor,17.14 cm (6.75 inch) HD+ Display,13MP Rear Camera | 5MP Front Camera,,https://www.flipkart.com/lava-bold-n1-5g-champagne-gold-64-gb/p/itmf3a647b98bd0f?pid=MOBHMP9R5QUMMPN9&lid=LSTMOBHMP9R5QUMMPN9NWRS4A&marketplace=FLIPKART&q=smart+phones&store=tyy%2F4io&srno=s_6_137&otracker=search&fm=organic&iid=6b541e83-15bd-46e9-8527-1d4feaf523e6.MOBHMP9R5QUMMPN9.SEARCH&ppt=None&ppn=None&ssid=dj8hz0wngg0000001789548269694&qH=a5594894156db043&ov_redirect=true,2026-09-16
138,"Samsung Galaxy M17e (Blitz Blue, 128 GB)",Samsung,16735,18999,11% off,4,995,82,4 GB RAM,128 GB ROM,6000 mAh Battery,MediaTek Dimensity Processor,17.02 cm (6.7 inch) Full HD+ Display,50MP Rear Camera | 2MP Front Camera,,https://www.flipkart.com/samsung-galaxy-m17e-blitz-blue-128-gb/p/itm1b5a0ea459581?pid=MOBHHQTGXCB3FHGY&lid=LSTMOBHHQTGXCB3FHGYU4GH2U&marketplace=FLIPKART&q=smart+phones&store=tyy%2F4io&srno=s_6_138&otracker=search&fm=organic&iid=6b541e83-15bd-46e9-8527-1d4feaf523e6.MOBHHQTGXCB3FHGY.SEARCH&ppt=None&ppn=None&ssid=dj8hz0wngg0000001789548269694&qH=a5594894156db043&ov_redirect=true,2026-09-16
139,"realme P4 Power 5G Charger in the Box (TransOrange, 128 GB)",realme,32999,50999,35% off,4.4,"8,295",864,8 GB RAM,128 GB ROM,10001 mAh Battery,Dimensity 7400 Ultra Processor,17.27 cm (6.8 inch) Full HD+ AMOLED Display,,,https://www.flipkart.com/realme-p4-power-5g-charger-box-transorange-128-gb/p/itm756857550aae6?pid=MOBHN7A8QB7ZQBMQ&lid=LSTMOBHN7A8QB7ZQBMQMMT7QO&marketplace=FLIPKART&q=smart+phones&store=tyy%2F4io&srno=s_6_139&otracker=search&fm=organic&iid=6b541e83-15bd-46e9-8527-1d4feaf523e6.MOBHN7A8QB7ZQBMQ.SEARCH&ppt=None&ppn=None&ssid=dj8hz0wngg0000001789548269694&qH=a5594894156db043&ov_redirect=true,2026-09-16
140,"vivo T5 Lite 44W 5G (Wave Blue, 128 GB)",vivo,20499,33999,39% off,4.2,"1,342",100,4 GB RAM,128 GB ROM,6500 mAh Li-ion Battery,Dimensity 6300 5G Processor,17.12 cm (6.74 inch) HD+ Display,50MP + 0.08MP | 5MP Front Camera,5G,https://www.flipkart.com/vivo-t5-lite-44w-5g-wave-blue-128-gb/p/itm5420c578ec2df?pid=MOBHNDTD5AWH5FJT&lid=LSTMOBHNDTD5AWH5FJTRKD4WK&marketplace=FLIPKART&q=smart+phones&store=tyy%2F4io&srno=s_6_140&otracker=search&fm=organic&iid=6b541e83-15bd-46e9-8527-1d4feaf523e6.MOBHNDTD5AWH5FJT.SEARCH&ppt=None&ppn=None&ssid=dj8hz0wngg0000001789548269694&qH=a5594894156db043&ov_redirect=true,2026-09-16
141,"REDMI Note 15 SE 5G Snapdragon (Frosted White, 128 GB)",REDMI,25999,34999,25% off,4.3,"6,363",564,6 GB RAM,128 GB ROM,5800 mAh Lithium-Ion Polymer Battery,Snapdragon 6 Gen 3 Processor,17.2 cm (6.77 inch) Full HD+ AMOLED Display,50MP Rear Camera | 20MP Front Camera,,https://www.flipkart.com/redmi-note-15-se-5g-snapdragon-frosted-white-128-gb/p/itm5de45c7183f72?pid=MOBHN52FR8YCYGSZ&lid=LSTMOBHN52FR8YCYGSZKZQJLH&marketplace=FLIPKART&q=smart+phones&store=tyy%2F4io&srno=s_6_141&otracker=search&fm=organic&iid=6b541e83-15bd-46e9-8527-1d4feaf523e6.MOBHN52FR8YCYGSZ.SEARCH&ppt=None&ppn=None&ssid=dj8hz0wngg0000001789548269694&qH=a5594894156db043&ov_redirect=true,2026-09-16
142,"OnePlus Nord CE6 (Pitch Black, 128 GB)",OnePlus,36410,40999,11% off,4.5,"1,217",90,8 GB RAM,128 GB ROM,8000 mAh Battery,Qualcomm® Snapdragon™ 7s Gen 4 Processor,17.22 cm (6.78 inch) Full HD+ Display,50MP Rear Camera | 2MP Front Camera,,https://www.flipkart.com/oneplus-nord-ce6-pitch-black-128-gb/p/itmd7b224b18cb05?pid=MOBHN886XZV5BC22&lid=LSTMOBHN886XZV5BC220CNQT8&marketplace=FLIPKART&q=smart+phones&store=tyy%2F4io&srno=s_6_142&otracker=search&fm=organic&iid=6b541e83-15bd-46e9-8527-1d4feaf523e6.MOBHN886XZV5BC22.SEARCH&ppt=None&ppn=None&ssid=dj8hz0wngg0000001789548269694&qH=a5594894156db043&ov_redirect=true,2026-09-16
143,VYNXSPARES SAMSUNG GALAXY A56 WITH CAMERA LENS 100% OG Back Panel,VYNXSPARES,750,1499,49% off,,,,,,,,,,,https://www.flipkart.com/vynxspares-samsung-galaxy-a56-camera-lens-100-og-back-panel/p/itm12f8a306397a7?pid=MBPHZD3Z3EPRCBCY&lid=LSTMBPHZD3Z3EPRCBCYBCLLOC&marketplace=FLIPKART&q=smart+phones&store=tyy%2F4io&srno=s_6_143&otracker=search&fm=organic&iid=6b541e83-15bd-46e9-8527-1d4feaf523e6.MBPHZD3Z3EPRCBCY.SEARCH&ppt=None&ppn=None&ssid=dj8hz0wngg0000001789548269694&qH=a5594894156db043&ov_redirect=true,2026-09-16
144,"OnePlus Nord CE6 (Fresh Blue, 128 GB)",OnePlus,36570,40999,10% off,4.5,"1,217",90,8 GB RAM,128 GB ROM,8000 mAh Battery,Qualcomm® Snapdragon™ 7s Gen 4 Processor,17.22 cm (6.78 inch) Full HD+ Display,50MP Rear Camera | 2MP Front Camera,,https://www.flipkart.com/oneplus-nord-ce6-fresh-blue-128-gb/p/itmd7b224b18cb05?pid=MOBHNBDGGHYAE6ZP&lid=LSTMOBHNBDGGHYAE6ZPVRXTHA&marketplace=FLIPKART&q=smart+phones&store=tyy%2F4io&srno=s_6_144&otracker=search&fm=organic&iid=6b541e83-15bd-46e9-8527-1d4feaf523e6.MOBHNBDGGHYAE6ZP.SEARCH&ppt=None&ppn=None&ssid=dj8hz0wngg0000001789548269694&qH=a5594894156db043&ov_redirect=true,2026-09-16
145,"OnePlus Nord CE6 (Lunar Pearl, 128 GB)",OnePlus,36521,40999,10% off,4.5,"1,217",90,8 GB RAM,128 GB ROM,8000 mAh Battery,Qualcomm® Snapdragon™ 7s Gen 4 Processor,17.22 cm (6.78 inch) Full HD+ Display,50MP Rear Camera | 2MP Front Camera,,https://www.flipkart.com/oneplus-nord-ce6-lunar-pearl-128-gb/p/itmd7b224b18cb05?pid=MOBHN82GBZSGMDE4&lid=LSTMOBHN82GBZSGMDE4ABXORO&marketplace=FLIPKART&q=smart+phones&store=tyy%2F4io&srno=s_7_145&otracker=search&fm=organic&iid=72a05ca6-1a5f-4834-8214-9090fd7d9d26.MOBHN82GBZSGMDE4.SEARCH&ppt=None&ppn=None&ssid=g5utgclk0g0000001789548272506&qH=a5594894156db043&ov_redirect=true,2026-09-16
146,"OnePlus Nord CE6 (Fresh Blue, 256 GB)",OnePlus,39905,43999,9% off,4.5,"1,217",90,8 GB RAM,256 GB ROM,8000 mAh Battery,Qualcomm® Snapdragon™ 7s Gen 4 Processor,17.22 cm (6.78 inch) Full HD+ Display,50MP Rear Camera | 2MP Front Camera,,https://www.flipkart.com/oneplus-nord-ce6-fresh-blue-256-gb/p/itmd7b224b18cb05?pid=MOBHN84MXDPKEUBU&lid=LSTMOBHN84MXDPKEUBUALRBX2&marketplace=FLIPKART&q=smart+phones&store=tyy%2F4io&srno=s_7_146&otracker=search&fm=organic&iid=72a05ca6-1a5f-4834-8214-9090fd7d9d26.MOBHN84MXDPKEUBU.SEARCH&ppt=None&ppn=None&ssid=g5utgclk0g0000001789548272506&qH=a5594894156db043&ov_redirect=true,2026-09-16
147,"Tecno Spark 50 5G (Mint Green, 128 GB)",Tecno,19999,27999,28% off,3.7,116,19,4 GB RAM,128 GB ROM,6500 mAh Lithium Polymer Battery,Dimensity 6400 Processor,17.22 cm (6.78 inch) Display,50MP Rear Camera | 8MP Front Camera,,https://www.flipkart.com/tecno-spark-50-5g-mint-green-128-gb/p/itmb3923bf4ff9a6?pid=MOBHHH5TZMHQCMSU&lid=LSTMOBHHH5TZMHQCMSUN8RIDD&marketplace=FLIPKART&q=smart+phones&store=tyy%2F4io&srno=s_7_147&otracker=search&fm=organic&iid=en_pgXgMu4iDSdWThQu-b8uXrwrUeEDduPppfCVQpdO_JUnL8I-PpZVRa4Cd--5yQtOEkNWyXUFNnHiWROKxaC-hv6ZZvGaaMvyXK9MBuHDlM3JjcgmjStVdg0cY8HBs3Ul&ppt=None&ppn=None&ssid=g5utgclk0g0000001789548272506&qH=a5594894156db043&ov_redirect=true,2026-09-16
148,"Ai+ Nova 2 Pro 5G (Red, 128 GB)",Ai+,19999,23999,16% off,4,943,114,8 GB RAM,128 GB ROM,6000 mAh Li-polymer Battery,Dimensity 7100 Processor,17.53 cm (6.9 inch) Full HD+ Display,48MP Rear Camera | 13MP Front Camera,,https://www.flipkart.com/ai-nova-2-pro-5g-red-128-gb/p/itm99171d3b4f114?pid=MOBHZ8ZMWWNT894J&lid=LSTMOBHZ8ZMWWNT894JUJERA7&marketplace=FLIPKART&q=smart+phones&store=tyy%2F4io&srno=s_7_148&otracker=search&fm=organic&iid=72a05ca6-1a5f-4834-8214-9090fd7d9d26.MOBHZ8ZMWWNT894J.SEARCH&ppt=None&ppn=None&ssid=g5utgclk0g0000001789548272506&qH=a5594894156db043&ov_redirect=true,2026-09-16
149,"Samsung M06 5G (Blazing Black, 128 GB)",Samsung,18999,19999,5% off,4.1,"2,533",176,6 GB RAM,128 GB ROM,5000 mAh Battery,,17.02 cm (6.7 inch) Display,50MP Rear Camera,,https://www.flipkart.com/samsung-m06-5g-blazing-black-128-gb/p/itmcafa42dadc15c?pid=MOBH9UYFYNVDBNFF&lid=LSTMOBH9UYFYNVDBNFFBYN0JH&marketplace=FLIPKART&q=smart+phones&store=tyy%2F4io&srno=s_7_149&otracker=search&fm=organic&iid=72a05ca6-1a5f-4834-8214-9090fd7d9d26.MOBH9UYFYNVDBNFF.SEARCH&ppt=None&ppn=None&ssid=g5utgclk0g0000001789548272506&qH=a5594894156db043&ov_redirect=true,2026-09-16
150,"Samsung M06 5G (Sage Green, 128 GB)",Samsung,14990,16999,11% off,4.1,"6,019",415,4 GB RAM,128 GB ROM,5000 mAh Battery,,17.02 cm (6.7 inch) Display,50MP Rear Camera,,https://www.flipkart.com/samsung-m06-5g-sage-green-128-gb/p/itmcafa42dadc15c?pid=MOBH9UYFYVNKR3HR&lid=LSTMOBH9UYFYVNKR3HRNS31RJ&marketplace=FLIPKART&q=smart+phones&store=tyy%2F4io&srno=s_7_150&otracker=search&fm=organic&iid=72a05ca6-1a5f-4834-8214-9090fd7d9d26.MOBH9UYFYVNKR3HR.SEARCH&ppt=None&ppn=None&ssid=g5utgclk0g0000001789548272506&qH=a5594894156db043&ov_redirect=true,2026-09-16
151,"Samsung Galaxy F06 5G (Lit Violet, 128 GB)",Samsung,13999,,,4.2,"47,971","3,563",4 GB RAM,128 GB ROM,5000 mAh Battery,Dimensity 6300 Processor,43.23 cm (17.018 cm) HD+ Display,50MP + 2MP | 8MP Front Camera,,https://www.flipkart.com/samsung-galaxy-f06-5g-lit-violet-128-gb/p/itm140da3412b73b?pid=MOBH9AS4FA5RUHSY&lid=LSTMOBH9AS4FA5RUHSYIYVIFO&marketplace=FLIPKART&q=smart+phones&store=tyy%2F4io&srno=s_7_151&otracker=search&fm=organic&iid=72a05ca6-1a5f-4834-8214-9090fd7d9d26.MOBH9AS4FA5RUHSY.SEARCH&ppt=None&ppn=None&ssid=g5utgclk0g0000001789548272506&qH=a5594894156db043&ov_redirect=true,2026-09-16
152,"Apple iPhone 17e (White, 256 GB)",Apple,64900,,,4.5,474,52,,,,,15.49 cm (6.1 inch) Super Retina XDR Display,"48MP Rear Camera | A19 chip, 6 Core",,https://www.flipkart.com/apple-iphone-17e-white-256-gb/p/itmb0086ea331d77?pid=MOBHH2SHZTCY93VF&lid=LSTMOBHH2SHZTCY93VFDKOSAY&marketplace=FLIPKART&q=smart+phones&store=tyy%2F4io&srno=s_7_152&otracker=search&fm=organic&iid=72a05ca6-1a5f-4834-8214-9090fd7d9d26.MOBHH2SHZTCY93VF.SEARCH&ppt=None&ppn=None&ssid=g5utgclk0g0000001789548272506&qH=a5594894156db043&ov_redirect=true,2026-09-16
153,"MOTOROLA edge 70 pro (Satin-Luxe PANTONE Tea (Green), 256 GB)",MOTOROLA,39999,69999,42% off,4.3,846,106,8 GB RAM,256 GB ROM,6500 mAh Silicon-Carbon Battery,Dimensity 8500 Extreme Processor,17.27 cm (6.8 inch) Full HD+ Super AMOLED Display,50MP + 50MP | 50MP Front Camera,,https://www.flipkart.com/motorola-edge-70-pro-satin-luxe-pantone-tea-green-256-gb/p/itmad36b25ee48bf?pid=MOBHN9734ZPCKBAC&lid=LSTMOBHN9734ZPCKBACJUQ4X8&marketplace=FLIPKART&q=smart+phones&store=tyy%2F4io&srno=s_7_153&otracker=search&fm=organic&iid=72a05ca6-1a5f-4834-8214-9090fd7d9d26.MOBHN9734ZPCKBAC.SEARCH&ppt=None&ppn=None&ssid=g5utgclk0g0000001789548272506&qH=a5594894156db043&ov_redirect=true,2026-09-16
154,"POCO C81x (Ice Blue, 64 GB)",POCO,11999,18999,36% off,3.9,611,37,3 GB RAM,64 GB ROM,5200 mAh Lithium-Ion Polymer Battery,T7250 Processor,17.48 cm (6.88 inch) Display,13MP Rear Camera | 8MP Front Camera,,https://www.flipkart.com/poco-c81x-ice-blue-64-gb/p/itmf2e3aacd5257e?pid=MOBHMYWRWPE4S8G6&lid=LSTMOBHMYWRWPE4S8G6INAADH&marketplace=FLIPKART&q=smart+phones&store=tyy%2F4io&srno=s_7_154&otracker=search&fm=organic&iid=72a05ca6-1a5f-4834-8214-9090fd7d9d26.MOBHMYWRWPE4S8G6.SEARCH&ppt=None&ppn=None&ssid=g5utgclk0g0000001789548272506&qH=a5594894156db043&ov_redirect=true,2026-09-16
155,"Ai+ Nova 2 Ultra 5G (Blue, 128 GB)",Ai+,22999,31999,28% off,4.1,"1,932",277,8 GB RAM,128 GB ROM,6000 mAh Li-polymer Battery,Dimensity 7400 Processor,17.22 cm (6.78 inch) Full HD+ AMOLED Display,50MP + 8MP | 13MP Front Camera,,https://www.flipkart.com/ai-nova-2-ultra-5g-blue-128-gb/p/itm73b7abaef2553?pid=MOBHZHUVQRR46GQR&lid=LSTMOBHZHUVQRR46GQRUACQWG&marketplace=FLIPKART&q=smart+phones&store=tyy%2F4io&srno=s_7_155&otracker=search&fm=organic&iid=72a05ca6-1a5f-4834-8214-9090fd7d9d26.MOBHZHUVQRR46GQR.SEARCH&ppt=None&ppn=None&ssid=g5utgclk0g0000001789548272506&qH=a5594894156db043&ov_redirect=true,2026-09-16
156,"realme Narzo 100x 5g (Midnight Black, 256 GB)",realme,26445,39999,33% off,4.1,242,31,6 GB RAM,256 GB ROM,8000 mAh Battery,MediaTek Dimensity 6300 Processor,17.3 cm (6.81 inch) HD+ Display,,,https://www.flipkart.com/realme-narzo-100x-5g-midnight-black-256-gb/p/itm66836fc8ecc5e?pid=MOBHPJG4RXUMMSF8&lid=LSTMOBHPJG4RXUMMSF8RFSB9I&marketplace=FLIPKART&q=smart+phones&store=tyy%2F4io&srno=s_7_156&otracker=search&fm=organic&iid=72a05ca6-1a5f-4834-8214-9090fd7d9d26.MOBHPJG4RXUMMSF8.SEARCH&ppt=None&ppn=None&ssid=g5utgclk0g0000001789548272506&qH=a5594894156db043&ov_redirect=true,2026-09-16
157,"vivo T5x 5G (Cyber Green, 128 GB)",vivo,27999,28999,3% off,4.4,"21,251","1,441",6 GB RAM,128 GB ROM,7200 mAh Li-ion Battery,Dimensity 7400-Turbo Processor,17.17 cm (6.76 inch) Display,50MP + 2MP | 32MP Front Camera,,https://www.flipkart.com/vivo-t5x-5g-cyber-green-128-gb/p/itm7da8aa253e72b?pid=MOBHH69NGFZAYK6M&lid=LSTMOBHH69NGFZAYK6MYQKNQD&marketplace=FLIPKART&q=smart+phones&store=tyy%2F4io&srno=s_7_157&otracker=search&fm=organic&iid=72a05ca6-1a5f-4834-8214-9090fd7d9d26.MOBHH69NGFZAYK6M.SEARCH&ppt=None&ppn=None&ssid=g5utgclk0g0000001789548272506&qH=a5594894156db043&ov_redirect=true,2026-09-16
158,"vivo T5x 5G (Star Silver, 128 GB)",vivo,27999,28999,3% off,4.4,"21,251","1,441",6 GB RAM,128 GB ROM,7200 mAh Li-ion Battery,Dimensity 7400-Turbo Processor,17.17 cm (6.76 inch) Display,50MP + 2MP | 32MP Front Camera,,https://www.flipkart.com/vivo-t5x-5g-star-silver-128-gb/p/itm7da8aa253e72b?pid=MOBHH69NRE6PHFBH&lid=LSTMOBHH69NRE6PHFBHJHMXME&marketplace=FLIPKART&q=smart+phones&store=tyy%2F4io&srno=s_7_158&otracker=search&fm=organic&iid=72a05ca6-1a5f-4834-8214-9090fd7d9d26.MOBHH69NRE6PHFBH.SEARCH&ppt=None&ppn=None&ssid=g5utgclk0g0000001789548272506&qH=a5594894156db043&ov_redirect=true,2026-09-16
159,"OPPO K14x 5G 6500mAh and 45W SUPERVOOC Charger & AI (Prism Violet, 128 GB)",OPPO,21999,35999,38% off,4.3,"7,727",765,4 GB RAM,128 GB ROM,6500 mAh Battery,Dimensity 6300 Processor,17.14 cm (6.75 inch) HD+ Display,,,https://www.flipkart.com/oppo-k14x-5g-6500mah-45w-supervooc-charger-ai-prism-violet-128-gb/p/itmdcac5ae642971?pid=MOBHPHSHZ7GRRXNA&lid=LSTMOBHPHSHZ7GRRXNA30X6M9&marketplace=FLIPKART&q=smart+phones&store=tyy%2F4io&srno=s_7_159&otracker=search&fm=organic&iid=72a05ca6-1a5f-4834-8214-9090fd7d9d26.MOBHPHSHZ7GRRXNA.SEARCH&ppt=None&ppn=None&ssid=g5utgclk0g0000001789548272506&qH=a5594894156db043&ov_redirect=true,2026-09-16
160,"OPPO K14x 5G 6500mAh and 45W SUPERVOOC Charger & AI (Icy Blue, 128 GB)",OPPO,21999,35999,38% off,4.3,"7,727",765,4 GB RAM,128 GB ROM,6500 mAh Battery,Dimensity 6300 Processor,17.14 cm (6.75 inch) HD+ Display,,,https://www.flipkart.com/oppo-k14x-5g-6500mah-45w-supervooc-charger-ai-icy-blue-128-gb/p/itmdcac5ae642971?pid=MOBHPHSHEYGHCFN3&lid=LSTMOBHPHSHEYGHCFN3VJ5IMV&marketplace=FLIPKART&q=smart+phones&store=tyy%2F4io&srno=s_7_160&otracker=search&fm=organic&iid=72a05ca6-1a5f-4834-8214-9090fd7d9d26.MOBHPHSHEYGHCFN3.SEARCH&ppt=None&ppn=None&ssid=g5utgclk0g0000001789548272506&qH=a5594894156db043&ov_redirect=true,2026-09-16
161,"realme Narzo 100x 5g (Flash Orange, 128 GB)",realme,22321,35999,37% off,4.1,242,31,6 GB RAM,128 GB ROM,8000 mAh Battery,MediaTek Dimensity 6300 Processor,17.3 cm (6.81 inch) HD+ Display,,,https://www.flipkart.com/realme-narzo-100x-5g-flash-orange-128-gb/p/itm66836fc8ecc5e?pid=MOBHPJHWTZCW2YVY&lid=LSTMOBHPJHWTZCW2YVYTWM1IL&marketplace=FLIPKART&q=smart+phones&store=tyy%2F4io&srno=s_7_161&otracker=search&fm=organic&iid=72a05ca6-1a5f-4834-8214-9090fd7d9d26.MOBHPJHWTZCW2YVY.SEARCH&ppt=None&ppn=None&ssid=g5utgclk0g0000001789548272506&qH=a5594894156db043&ov_redirect=true,2026-09-16
162,"realme Narzo 100x 5g (Midnight Black, 128 GB)",realme,20000,31999,37% off,4,53,7,4 GB RAM,128 GB ROM,8000 mAh Battery,MediaTek Dimensity 6300 Processor,17.3 cm (6.81 inch) HD+ Display,,,https://www.flipkart.com/realme-narzo-100x-5g-midnight-black-128-gb/p/itm66836fc8ecc5e?pid=MOBHPJGFBGZUZBXG&lid=LSTMOBHPJGFBGZUZBXGD0NSON&marketplace=FLIPKART&q=smart+phones&store=tyy%2F4io&srno=s_7_162&otracker=search&fm=organic&iid=72a05ca6-1a5f-4834-8214-9090fd7d9d26.MOBHPJGFBGZUZBXG.SEARCH&ppt=None&ppn=None&ssid=g5utgclk0g0000001789548272506&qH=a5594894156db043&ov_redirect=true,2026-09-16
163,LAVA A2 Smart,LAVA,1286,1749,26% off,4,"2,182",168,4 MB RAM,4 GB ROM,1200 mAh Battery,,6.1 cm (2.4 inch) Display,,,https://www.flipkart.com/lava-a2-smart/p/itmd41c0181d56a0?pid=MOBHQY3HVRUHGU4N&lid=LSTMOBHQY3HVRUHGU4NL5VSIT&marketplace=FLIPKART&q=smart+phones&store=tyy%2F4io&srno=s_7_163&otracker=search&fm=organic&iid=72a05ca6-1a5f-4834-8214-9090fd7d9d26.MOBHQY3HVRUHGU4N.SEARCH&ppt=None&ppn=None&ssid=g5utgclk0g0000001789548272506&qH=a5594894156db043&ov_redirect=true,2026-09-16
164,"MOTOROLA g37 (PANTONE Nautical Blue, 64 GB)",MOTOROLA,18999,24999,24% off,4.3,"3,791",201,4 GB RAM,64 GB ROM,5200 mAh Battery,Dimensity 6400 Processor,16.92 cm (6.66 inch) HD+ Display,50MP Rear Camera | 8MP Front Camera,,https://www.flipkart.com/motorola-g37-pantone-nautical-blue-64-gb/p/itm5d235b295291f?pid=MOBHHWB6YAKNZGPB&lid=LSTMOBHHWB6YAKNZGPBGLLTUW&marketplace=FLIPKART&q=smart+phones&store=tyy%2F4io&srno=s_7_164&otracker=search&fm=organic&iid=72a05ca6-1a5f-4834-8214-9090fd7d9d26.MOBHHWB6YAKNZGPB.SEARCH&ppt=None&ppn=None&ssid=g5utgclk0g0000001789548272506&qH=a5594894156db043&ov_redirect=true,2026-09-16
165,"Ai+ Nova 2 5G (Purple, 64 GB)",Ai+,13999,,,4.3,"6,638",357,4 GB RAM,64 GB ROM,6000 mAh Battery,T8200 Processor,17.13 cm (6.745 inch) HD+ Display,50MP Rear Camera | 8MP Front Camera,,https://www.flipkart.com/ai-nova-2-5g-purple-64-gb/p/itm07c0f38f44c5c?pid=MOBHKHPYYEJCZCAA&lid=LSTMOBHKHPYYEJCZCAA8UE6IX&marketplace=FLIPKART&q=smart+phones&store=tyy%2F4io&srno=s_7_165&otracker=search&fm=organic&iid=72a05ca6-1a5f-4834-8214-9090fd7d9d26.MOBHKHPYYEJCZCAA.SEARCH&ppt=None&ppn=None&ssid=g5utgclk0g0000001789548272506&qH=a5594894156db043&ov_redirect=true,2026-09-16
166,"REDMI Note 15 SE 5G Snapdragon (Crimson Reserve, 128 GB)",REDMI,27999,35999,22% off,4.3,"3,230",310,8 GB RAM,128 GB ROM,5800 mAh Lithium-Ion Polymer Battery,Snapdragon 6 Gen 3 Processor,17.2 cm (6.77 inch) Full HD+ AMOLED Display,50MP Rear Camera | 20MP Front Camera,,https://www.flipkart.com/redmi-note-15-se-5g-snapdragon-crimson-reserve-128-gb/p/itm7627750aa9b54?pid=MOBHN52F84BRGFEG&lid=LSTMOBHN52F84BRGFEGSK3ATO&marketplace=FLIPKART&q=smart+phones&store=tyy%2F4io&srno=s_7_166&otracker=search&fm=organic&iid=72a05ca6-1a5f-4834-8214-9090fd7d9d26.MOBHN52F84BRGFEG.SEARCH&ppt=None&ppn=None&ssid=g5utgclk0g0000001789548272506&qH=a5594894156db043&ov_redirect=true,2026-09-16
167,"LAVA Virat V1 5G (Sonar Gold, 128 GB)",LAVA,14499,17499,17% off,4,747,95,4 GB RAM,128 GB ROM,6000 mAh Battery,T8200 Processor,17.14 cm (6.75 inch) Display,13MP Rear Camera | 5MP Front Camera,,https://www.flipkart.com/lava-virat-v1-5g-sonar-gold-128-gb/p/itm69174bc608491?pid=MOBHQ6XKE2SKZDME&lid=LSTMOBHQ6XKE2SKZDMEGZTCXH&marketplace=FLIPKART&q=smart+phones&store=tyy%2F4io&srno=s_7_167&otracker=search&fm=organic&iid=72a05ca6-1a5f-4834-8214-9090fd7d9d26.MOBHQ6XKE2SKZDME.SEARCH&ppt=None&ppn=None&ssid=g5utgclk0g0000001789548272506&qH=a5594894156db043&ov_redirect=true,2026-09-16
168,"Apple iPhone 18 Pro (Glacier, 256 GB)",Apple,164900,,,,,,,,,"A20 Pro chip, 6 Core Processor Processor",16.0 cm (6.3 inch) Super Retina XDR Display,48MP + 48MP + 48MP | 18MP Front Camera,,https://www.flipkart.com/apple-iphone-18-pro-glacier-256-gb/p/itm3874a83c12f72?pid=MOBHR2GUJEXEBDCF&lid=LSTMOBHR2GUJEXEBDCFHTKLND&marketplace=FLIPKART&q=smart+phones&store=tyy%2F4io&srno=s_7_168&otracker=search&fm=organic&iid=72a05ca6-1a5f-4834-8214-9090fd7d9d26.MOBHR2GUJEXEBDCF.SEARCH&ppt=None&ppn=None&ssid=g5utgclk0g0000001789548272506&qH=a5594894156db043&ov_redirect=true,2026-09-16
169,"Samsung Galaxy F36 5G (Black, 128 GB)",Samsung,24336,29999,18% off,4.2,"7,111",624,8 GB RAM,128 GB ROM,5000 mAh Battery,Samsung Exynos 1380 Processor,17.02 cm (6.7 inch) Full HD+ Display,50MP + 8MP + 2MP | 13MP Front Camera,,https://www.flipkart.com/samsung-galaxy-f36-5g-black-128-gb/p/itma26d01a0d3111?pid=MOBHMWFXHYJFFFWG&lid=LSTMOBHMWFXHYJFFFWGJNDOAA&marketplace=FLIPKART&q=smart+phones&store=tyy%2F4io&srno=s_8_169&otracker=search&fm=organic&iid=6b72ec8e-7ad0-4bb0-a568-dbf60e1c7c9d.MOBHMWFXHYJFFFWG.SEARCH&ppt=None&ppn=None&ssid=vdxye14kjk0000001789548275306&qH=a5594894156db043&ov_redirect=true,2026-09-16
170,"OnePlus Nord CE6 (Pitch Black, 256 GB)",OnePlus,39679,43999,9% off,4.5,"1,217",90,8 GB RAM,256 GB ROM,8000 mAh Battery,Qualcomm® Snapdragon™ 7s Gen 4 Processor,17.22 cm (6.78 inch) Full HD+ Display,50MP Rear Camera | 2MP Front Camera,,https://www.flipkart.com/oneplus-nord-ce6-pitch-black-256-gb/p/itmd7b224b18cb05?pid=MOBHN8FJGG2GYWA9&lid=LSTMOBHN8FJGG2GYWA9VKHKP3&marketplace=FLIPKART&q=smart+phones&store=tyy%2F4io&srno=s_8_170&otracker=search&fm=organic&iid=6b72ec8e-7ad0-4bb0-a568-dbf60e1c7c9d.MOBHN8FJGG2GYWA9.SEARCH&ppt=None&ppn=None&ssid=vdxye14kjk0000001789548275306&qH=a5594894156db043&ov_redirect=true,2026-09-16
171,"Tecno Spark 50 5G (Mint Green, 128 GB)",Tecno,19999,27999,28% off,3.7,116,19,4 GB RAM,128 GB ROM,6500 mAh Lithium Polymer Battery,Dimensity 6400 Processor,17.22 cm (6.78 inch) Display,50MP Rear Camera | 8MP Front Camera,,https://www.flipkart.com/tecno-spark-50-5g-mint-green-128-gb/p/itmb3923bf4ff9a6?pid=MOBHHH5TZMHQCMSU&lid=LSTMOBHHH5TZMHQCMSUN8RIDD&marketplace=FLIPKART&q=smart+phones&store=tyy%2F4io&srno=s_8_171&otracker=search&fm=organic&iid=en_YzRWdsG7HJX7Y5_4im4PHnOI071SL-fYRYsS3ZQwF7nayhzvzZnTRt-HF-WdP7xpEkNWyXUFNnHiWROKxaC-hv6ZZvGaaMvyXK9MBuHDlM2m88sRXCSb6Mg69lPdCFki&ppt=None&ppn=None&ssid=vdxye14kjk0000001789548275306&qH=a5594894156db043&ov_redirect=true,2026-09-16
172,"realme Narzo 100x 5g (Midnight Black, 128 GB)",realme,22078,35999,38% off,4.1,242,31,6 GB RAM,128 GB ROM,8000 mAh Battery,MediaTek Dimensity 6300 Processor,17.3 cm (6.81 inch) HD+ Display,,,https://www.flipkart.com/realme-narzo-100x-5g-midnight-black-128-gb/p/itm66836fc8ecc5e?pid=MOBHPJHZDNWKKPTA&lid=LSTMOBHPJHZDNWKKPTADVOPNL&marketplace=FLIPKART&q=smart+phones&store=tyy%2F4io&srno=s_8_172&otracker=search&fm=organic&iid=6b72ec8e-7ad0-4bb0-a568-dbf60e1c7c9d.MOBHPJHZDNWKKPTA.SEARCH&ppt=None&ppn=None&ssid=vdxye14kjk0000001789548275306&qH=a5594894156db043&ov_redirect=true,2026-09-16
173,"POCO X8 Pro Max (White, 256 GB)",POCO,48999,50999,3% off,4.5,"1,925",402,12 GB RAM,256 GB ROM,9000 mAh Lithium-Ion Polymer With Silicon Carbon Technology Battery,Dimensity 9500s Processor,17.35 cm (6.83 inch) Full HD+ AMOLED Display,50MP + 8MP | 20MP Front Camera,,https://www.flipkart.com/poco-x8-pro-max-white-256-gb/p/itm38fa4fd504c3f?pid=MOBHH2KYZTFTMFZG&lid=LSTMOBHH2KYZTFTMFZGZBJAHK&marketplace=FLIPKART&q=smart+phones&store=tyy%2F4io&srno=s_8_173&otracker=search&fm=organic&iid=6b72ec8e-7ad0-4bb0-a568-dbf60e1c7c9d.MOBHH2KYZTFTMFZG.SEARCH&ppt=None&ppn=None&ssid=vdxye14kjk0000001789548275306&qH=a5594894156db043&ov_redirect=true,2026-09-16
174,"realme Narzo 80 Lite (See Blue, 64 GB)",realme,14293,16999,15% off,4.2,"3,371",178,4 GB RAM,64 GB ROM,6300 mAh Battery,,17.09 cm (6.73 inch) Display,13MP Rear Camera,,https://www.flipkart.com/realme-narzo-80-lite-see-blue-64-gb/p/itmb8ad4180e2d80?pid=MOBHP3W8ESQHPZNP&lid=LSTMOBHP3W8ESQHPZNPXTCEDO&marketplace=FLIPKART&q=smart+phones&store=tyy%2F4io&srno=s_8_174&otracker=search&fm=organic&iid=6b72ec8e-7ad0-4bb0-a568-dbf60e1c7c9d.MOBHP3W8ESQHPZNP.SEARCH&ppt=None&ppn=None&ssid=vdxye14kjk0000001789548275306&qH=a5594894156db043&ov_redirect=true,2026-09-16
175,"realme Narzo 100x 5g (Flash Orange, 128 GB)",realme,20116,31999,37% off,4,53,7,4 GB RAM,128 GB ROM,8000 mAh Battery,MediaTek Dimensity 6300 Processor,17.3 cm (6.81 inch) HD+ Display,,,https://www.flipkart.com/realme-narzo-100x-5g-flash-orange-128-gb/p/itm66836fc8ecc5e?pid=MOBHPJHZHH5ZUAYS&lid=LSTMOBHPJHZHH5ZUAYSN405ZW&marketplace=FLIPKART&q=smart+phones&store=tyy%2F4io&srno=s_8_175&otracker=search&fm=organic&iid=6b72ec8e-7ad0-4bb0-a568-dbf60e1c7c9d.MOBHPJHZHH5ZUAYS.SEARCH&ppt=None&ppn=None&ssid=vdxye14kjk0000001789548275306&qH=a5594894156db043&ov_redirect=true,2026-09-16
176,"POCO M8 Power 5G (Blaze Orange, 128 GB)",POCO,24999,54999,54% off,4.7,"1,403",840,6 GB RAM,128 GB ROM,8000 mAh Lithium-Ion Polymer Battery,Snapdragon Gen 4 Processor,17.75 cm (6.99 inch) Full HD+ AMOLED Display,50MP Rear Camera | 8MP Front Camera,,https://www.flipkart.com/poco-m8-power-5g-blaze-orange-128-gb/p/itm0edc1dd6b4e42?pid=MOBHPCYNPNCJG2UV&lid=LSTMOBHPCYNPNCJG2UVUHFGWJ&marketplace=FLIPKART&q=smart+phones&store=tyy%2F4io&srno=s_8_176&otracker=search&fm=organic&iid=6b72ec8e-7ad0-4bb0-a568-dbf60e1c7c9d.MOBHPCYNPNCJG2UV.SEARCH&ppt=None&ppn=None&ssid=vdxye14kjk0000001789548275306&qH=a5594894156db043&ov_redirect=true,2026-09-16
177,"Samsung Galaxy S25 Ultra 5G (Titanium Black, 256 GB)",Samsung,99988,129999,23% off,4.6,"4,086",442,12 GB RAM,256 GB ROM,5000 mAh Battery,8 Elite for Galaxy Processor,17.53 cm (6.9 inch) Quad HD+ Display,200MP + 50MP + 50MP + 10MP | 12MP Front Camera,,https://www.flipkart.com/samsung-galaxy-s25-ultra-5g-titanium-black-256-gb/p/itm09d676ceb930d?pid=MOBH8K8UVNGVNGKN&lid=LSTMOBH8K8UVNGVNGKNEJSXOJ&marketplace=FLIPKART&q=smart+phones&store=tyy%2F4io&srno=s_8_177&otracker=search&fm=organic&iid=6b72ec8e-7ad0-4bb0-a568-dbf60e1c7c9d.MOBH8K8UVNGVNGKN.SEARCH&ppt=None&ppn=None&ssid=vdxye14kjk0000001789548275306&qH=a5594894156db043&ov_redirect=true,2026-09-16
178,"realme Gt 7 (Icesense Blue, 256 GB)",realme,44999,48999,8% off,4.5,"1,465",189,12 GB RAM,256 GB ROM,7000 mAh Battery,Dimensity Processor,17.22 cm (6.78 inch) Full HD+ AMOLED Display,50MP + 50MP + 50MP + 8MP | 32MP + 32MP Dual Front Camera,,https://www.flipkart.com/realme-gt-7-icesense-blue-256-gb/p/itm6cc8f84d92e2f?pid=MOBHCHWNFTFYCQWQ&lid=LSTMOBHCHWNFTFYCQWQKYWZSI&marketplace=FLIPKART&q=smart+phones&store=tyy%2F4io&srno=s_8_178&otracker=search&fm=organic&iid=6b72ec8e-7ad0-4bb0-a568-dbf60e1c7c9d.MOBHCHWNFTFYCQWQ.SEARCH&ppt=None&ppn=None&ssid=vdxye14kjk0000001789548275306&qH=a5594894156db043&ov_redirect=true,2026-09-16
179,"realme Narzo 90x 5G (Maroon Red, 128 GB)",realme,22265,25099,11% off,4.3,"3,590",290,6 GB RAM,128 GB ROM,7000 mAh Battery,Dimensity 6300 Processor,17.27 cm (6.8 inch) HD+ Display,50MP Rear Camera | 8MP Front Camera,,https://www.flipkart.com/realme-narzo-90x-5g-maroon-red-128-gb/p/itma63c5c5ce781a?pid=MOBHKZZY3EHDY8FN&lid=LSTMOBHKZZY3EHDY8FNJJICVE&marketplace=FLIPKART&q=smart+phones&store=tyy%2F4io&srno=s_8_179&otracker=search&fm=organic&iid=6b72ec8e-7ad0-4bb0-a568-dbf60e1c7c9d.MOBHKZZY3EHDY8FN.SEARCH&ppt=None&ppn=None&ssid=vdxye14kjk0000001789548275306&qH=a5594894156db043&ov_redirect=true,2026-09-16
180,"realme Narzo 90x 5G (Flash Blue, 128 GB)",realme,24046,24999,3% off,4.3,"1,584",108,8 GB RAM,128 GB ROM,7000 mAh Battery,,17.27 cm (6.8 inch) Display,50MP Rear Camera,,https://www.flipkart.com/realme-narzo-90x-5g-flash-blue-128-gb/p/itma63c5c5ce781a?pid=MOBHGUHGEGQQTHY2&lid=LSTMOBHGUHGEGQQTHY2AU25HL&marketplace=FLIPKART&q=smart+phones&store=tyy%2F4io&srno=s_8_180&otracker=search&fm=organic&iid=6b72ec8e-7ad0-4bb0-a568-dbf60e1c7c9d.MOBHGUHGEGQQTHY2.SEARCH&ppt=None&ppn=None&ssid=vdxye14kjk0000001789548275306&qH=a5594894156db043&ov_redirect=true,2026-09-16
181,"MOTOROLA g37 (PANTONE Capri, 64 GB)",MOTOROLA,18999,24999,24% off,4.3,"3,791",201,4 GB RAM,64 GB ROM,5200 mAh Battery,Dimensity 6400 Processor,16.92 cm (6.66 inch) HD+ Display,50MP Rear Camera | 8MP Front Camera,,https://www.flipkart.com/motorola-g37-pantone-capri-64-gb/p/itm54f0e687c7b29?pid=MOBHHWB6U3Q3RYFD&lid=LSTMOBHHWB6U3Q3RYFDYGJVNO&marketplace=FLIPKART&q=smart+phones&store=tyy%2F4io&srno=s_8_181&otracker=search&fm=organic&iid=6b72ec8e-7ad0-4bb0-a568-dbf60e1c7c9d.MOBHHWB6U3Q3RYFD.SEARCH&ppt=None&ppn=None&ssid=vdxye14kjk0000001789548275306&qH=a5594894156db043&ov_redirect=true,2026-09-16
182,"Samsung Galaxy A17 5G (Blue, 128 GB)",Samsung,26849,34999,23% off,4.3,"2,176",207,8 GB RAM,128 GB ROM,5000 mAh Battery,Samsung Exynos 1330 Processor,17.02 cm (6.7 inch) Full HD+ Display,50MP + 5MP + 2MP | 13MP Front Camera,,https://www.flipkart.com/samsung-galaxy-a17-5g-blue-128-gb/p/itm9b0b7e6d52859?pid=MOBHGVECGVQWQVRH&lid=LSTMOBHGVECGVQWQVRHCA1UZN&marketplace=FLIPKART&q=smart+phones&store=tyy%2F4io&srno=s_8_182&otracker=search&fm=organic&iid=6b72ec8e-7ad0-4bb0-a568-dbf60e1c7c9d.MOBHGVECGVQWQVRH.SEARCH&ppt=None&ppn=None&ssid=vdxye14kjk0000001789548275306&qH=a5594894156db043&ov_redirect=true,2026-09-16
183,"REDMI 15 5G (Midnight Black, 256 GB)",REDMI,25885,27499,5% off,4.3,"4,940",310,8 GB RAM,256 GB ROM,7000 mAh Battery,,17.53 cm (6.9 inch) Display,50MP Rear Camera,,https://www.flipkart.com/redmi-15-5g-midnight-black-256-gb/p/itm2b8ff5e4eccab?pid=MOBHFGBGBNY2ZSZX&lid=LSTMOBHFGBGBNY2ZSZXXMG54U&marketplace=FLIPKART&q=smart+phones&store=tyy%2F4io&srno=s_8_183&otracker=search&fm=organic&iid=6b72ec8e-7ad0-4bb0-a568-dbf60e1c7c9d.MOBHFGBGBNY2ZSZX.SEARCH&ppt=None&ppn=None&ssid=vdxye14kjk0000001789548275306&qH=a5594894156db043&ov_redirect=true,2026-09-16
184,"Apple iPhone 16 Plus (Pink, 128 GB)",Apple,79900,,,4.6,"4,305",295,,,,"A18 Chip, 6 Core Processor Processor",17.02 cm (6.7 inch) Super Retina XDR Display,48MP + 12MP | 12MP Front Camera,,https://www.flipkart.com/apple-iphone-16-plus-pink-128-gb/p/itm9761d2a9d8939?pid=MOBH4DQFHZ7NFCME&lid=LSTMOBH4DQFHZ7NFCMEPN9LIZ&marketplace=FLIPKART&q=smart+phones&store=tyy%2F4io&srno=s_8_184&otracker=search&fm=organic&iid=6b72ec8e-7ad0-4bb0-a568-dbf60e1c7c9d.MOBH4DQFHZ7NFCME.SEARCH&ppt=None&ppn=None&ssid=vdxye14kjk0000001789548275306&qH=a5594894156db043&ov_redirect=true,2026-09-16
185,"Samsung Galaxy F17 5G (Neo Black, 128 GB)",Samsung,19999,25999,23% off,4.2,250,22,6 GB RAM,128 GB ROM,5000 mAh Battery,Exynos 1330 Processor,17.02 cm (6.7 inch) Full HD+ Display,50MP + 5MP | 13MP Front Camera,,https://www.flipkart.com/samsung-galaxy-f17-5g-neo-black-128-gb/p/itm64a193b8fd9f0?pid=MOBHF6KMBVEUAZXP&lid=LSTMOBHF6KMBVEUAZXPDAF2TK&marketplace=FLIPKART&q=smart+phones&store=tyy%2F4io&srno=s_8_185&otracker=search&fm=organic&iid=6b72ec8e-7ad0-4bb0-a568-dbf60e1c7c9d.MOBHF6KMBVEUAZXP.SEARCH&ppt=None&ppn=None&ssid=vdxye14kjk0000001789548275306&qH=a5594894156db043&ov_redirect=true,2026-09-16
186,"realme Narzo 90X 5G (Marine Blue, 128 GB)",realme,19990,20999,4% off,4,577,48,4 GB RAM,128 GB ROM,7000 mAh Battery,Dimensity 6300 Processor,17.27 cm (6.8 inch) HD+ Display,50MP Rear Camera | 8MP Front Camera,,https://www.flipkart.com/realme-narzo-90x-5g-marine-blue-128-gb/p/itma63c5c5ce781a?pid=MOBHH3RBGF3YQEY3&lid=LSTMOBHH3RBGF3YQEY3KGYWQI&marketplace=FLIPKART&q=smart+phones&store=tyy%2F4io&srno=s_8_186&otracker=search&fm=organic&iid=6b72ec8e-7ad0-4bb0-a568-dbf60e1c7c9d.MOBHH3RBGF3YQEY3.SEARCH&ppt=None&ppn=None&ssid=vdxye14kjk0000001789548275306&qH=a5594894156db043&ov_redirect=true,2026-09-16
187,"REDMI 15C 5G (Moonlight Blue, 128 GB)",REDMI,19765,31999,38% off,4.2,640,46,6 GB RAM,128 GB ROM,6000 mAh Battery,,17.53 cm (6.9 inch) Display,50MP Rear Camera,,https://www.flipkart.com/redmi-15c-5g-moonlight-blue-128-gb/p/itmc1345bb45eef3?pid=MOBHGGZ2YRHVYEGS&lid=LSTMOBHGGZ2YRHVYEGSZTV3ZQ&marketplace=FLIPKART&q=smart+phones&store=tyy%2F4io&srno=s_8_187&otracker=search&fm=organic&iid=6b72ec8e-7ad0-4bb0-a568-dbf60e1c7c9d.MOBHGGZ2YRHVYEGS.SEARCH&ppt=None&ppn=None&ssid=vdxye14kjk0000001789548275306&qH=a5594894156db043&ov_redirect=true,2026-09-16
188,"MOTOROLA Edge 70 Fusion Snapdragon (Pantone ORIENT BLUE, 256 GB)",MOTOROLA,32999,53999,38% off,4.4,"17,809","1,968",8 GB RAM,256 GB ROM,7000 mAh Battery,Snapdragon 7s Gen 4 Processor,17.27 cm (6.8 inch) Super HD Display,50MP + 13MP | 32MP Front Camera,,https://www.flipkart.com/motorola-edge-70-fusion-snapdragon-pantone-orient-blue-256-gb/p/itm7a27850cff10e?pid=MOBHN973YQZFJTNN&lid=LSTMOBHN973YQZFJTNNX5ACVB&marketplace=FLIPKART&q=smart+phones&store=tyy%2F4io&srno=s_8_188&otracker=search&fm=organic&iid=6b72ec8e-7ad0-4bb0-a568-dbf60e1c7c9d.MOBHN973YQZFJTNN.SEARCH&ppt=None&ppn=None&ssid=vdxye14kjk0000001789548275306&qH=a5594894156db043&ov_redirect=true,2026-09-16
189,"Ai+ Nova 2 Ultra 5G (Black, 128 GB)",Ai+,22999,26999,14% off,4.1,"1,932",277,8 GB RAM,128 GB ROM,6000 mAh Li-polymer Battery,Dimensity 7400 Processor,17.22 cm (6.78 inch) Full HD+ AMOLED Display,50MP + 8MP | 13MP Front Camera,,https://www.flipkart.com/ai-nova-2-ultra-5g-black-128-gb/p/itmb9931e4571d70?pid=MOBHHUFDPSYQMHXU&lid=LSTMOBHHUFDPSYQMHXUXDR3OA&marketplace=FLIPKART&q=smart+phones&store=tyy%2F4io&srno=s_8_189&otracker=search&fm=organic&iid=6b72ec8e-7ad0-4bb0-a568-dbf60e1c7c9d.MOBHHUFDPSYQMHXU.SEARCH&ppt=None&ppn=None&ssid=vdxye14kjk0000001789548275306&qH=a5594894156db043&ov_redirect=true,2026-09-16
190,"Samsung Galaxy M17e 5G (Blitz Blue, 128 GB)",Samsung,16789,18999,11% off,4.1,75,8,4 GB RAM,128 GB ROM,6000 mAh Battery,Dimensity 6300 Processor,17.02 cm (6.7 inch) HD+ Display,50MP Rear Camera | 8MP Front Camera,,https://www.flipkart.com/samsung-galaxy-m17e-5g-blitz-blue-128-gb/p/itm94d52438549d6?pid=MOBHHTAUEZHBNGAQ&lid=LSTMOBHHTAUEZHBNGAQYMGE5T&marketplace=FLIPKART&q=smart+phones&store=tyy%2F4io&srno=s_8_190&otracker=search&fm=organic&iid=6b72ec8e-7ad0-4bb0-a568-dbf60e1c7c9d.MOBHHTAUEZHBNGAQ.SEARCH&ppt=None&ppn=None&ssid=vdxye14kjk0000001789548275306&qH=a5594894156db043&ov_redirect=true,2026-09-16
191,"Ai+ Nova 2 5G (Black, 64 GB)",Ai+,13999,,,4.3,"6,638",357,4 GB RAM,64 GB ROM,6000 mAh Battery,T8200 Processor,17.13 cm (6.745 inch) HD+ Display,50MP Rear Camera | 8MP Front Camera,,https://www.flipkart.com/ai-nova-2-5g-black-64-gb/p/itme6e69f9ec9956?pid=MOBHKHPYYA5KZSYP&lid=LSTMOBHKHPYYA5KZSYPYMPP3T&marketplace=FLIPKART&q=smart+phones&store=tyy%2F4io&srno=s_8_191&otracker=search&fm=organic&iid=6b72ec8e-7ad0-4bb0-a568-dbf60e1c7c9d.MOBHKHPYYA5KZSYP.SEARCH&ppt=None&ppn=None&ssid=vdxye14kjk0000001789548275306&qH=a5594894156db043&ov_redirect=true,2026-09-16
192,"Google Pixel 10 (Obsidian, 256 GB)",Google,74999,79999,6% off,4.5,"3,624",345,12 GB RAM,256 GB ROM,4970 mAh Battery,Tensor G5 Processor,16.0 cm (6.3 inch) Quad HD+ Display,48MP + 13MP + 10.8MP | 10.5MP Front Camera,,https://www.flipkart.com/google-pixel-10-obsidian-256-gb/p/itm06bd3add90074?pid=MOBHEXHRCFEKF6DH&lid=LSTMOBHEXHRCFEKF6DHZ9XHID&marketplace=FLIPKART&q=smart+phones&store=tyy%2F4io&srno=s_8_192&otracker=search&fm=organic&iid=6b72ec8e-7ad0-4bb0-a568-dbf60e1c7c9d.MOBHEXHRCFEKF6DH.SEARCH&ppt=None&ppn=None&ssid=vdxye14kjk0000001789548275306&qH=a5594894156db043&ov_redirect=true,2026-09-16
193,"OPPO K14x 5G 6500mAh and 45W SUPERVOOC Charger & AI (Prism Violet, 128 GB)",OPPO,21999,35999,38% off,4.3,"7,727",765,4 GB RAM,128 GB ROM,6500 mAh Battery,Dimensity 6300 Processor,17.14 cm (6.75 inch) HD+ Display,,,https://www.flipkart.com/oppo-k14x-5g-6500mah-45w-supervooc-charger-ai-prism-violet-128-gb/p/itmdcac5ae642971?pid=MOBHPHSHZ7GRRXNA&lid=LSTMOBHPHSHZ7GRRXNA30X6M9&marketplace=FLIPKART&q=smart+phones&store=tyy%2F4io&srno=s_9_193&otracker=search&fm=organic&iid=bf7e8dc3-9b83-4530-bd95-5f312ab07df7.MOBHPHSHZ7GRRXNA.SEARCH&ppt=None&ppn=None&ssid=dq0xsete4g0000001789548278033&qH=a5594894156db043&ov_redirect=true,2026-09-16
194,"realme Narzo 80 Lite (See Blue, 64 GB)",realme,14293,16999,15% off,4.2,"3,371",178,4 GB RAM,64 GB ROM,6300 mAh Battery,,17.09 cm (6.73 inch) Display,13MP Rear Camera,,https://www.flipkart.com/realme-narzo-80-lite-see-blue-64-gb/p/itmb8ad4180e2d80?pid=MOBHP3W8ESQHPZNP&lid=LSTMOBHP3W8ESQHPZNPXTCEDO&marketplace=FLIPKART&q=smart+phones&store=tyy%2F4io&srno=s_9_194&otracker=search&fm=organic&iid=bf7e8dc3-9b83-4530-bd95-5f312ab07df7.MOBHP3W8ESQHPZNP.SEARCH&ppt=None&ppn=None&ssid=dq0xsete4g0000001789548278033&qH=a5594894156db043&ov_redirect=true,2026-09-16
195,"vivo T5x 5G (Cyber Green, 128 GB)",vivo,27999,28999,3% off,4.4,"21,251","1,441",6 GB RAM,128 GB ROM,7200 mAh Li-ion Battery,Dimensity 7400-Turbo Processor,17.17 cm (6.76 inch) Display,50MP + 2MP | 32MP Front Camera,,https://www.flipkart.com/vivo-t5x-5g-cyber-green-128-gb/p/itm7da8aa253e72b?pid=MOBHH69NGFZAYK6M&lid=LSTMOBHH69NGFZAYK6MYQKNQD&marketplace=FLIPKART&q=smart+phones&store=tyy%2F4io&srno=s_9_195&otracker=search&fm=organic&iid=bf7e8dc3-9b83-4530-bd95-5f312ab07df7.MOBHH69NGFZAYK6M.SEARCH&ppt=None&ppn=None&ssid=dq0xsete4g0000001789548278033&qH=a5594894156db043&ov_redirect=true,2026-09-16
196,"POCO M7 5G (Ocean Blue, 128 GB)",POCO,13499,13999,3% off,4.3,"19,028","1,068",8 GB RAM,128 GB ROM,5160 mAh Battery,4 Gen 2 5G Processor,17.48 cm (6.88 inch) HD+ Display,50MP Rear Camera | 8MP Front Camera,5G,https://www.flipkart.com/poco-m7-5g-ocean-blue-128-gb/p/itm7c4a352930fde?pid=MOBH9HFJTH8SZWMZ&lid=LSTMOBH9HFJTH8SZWMZV2NCMD&marketplace=FLIPKART&q=smart+phones&store=tyy%2F4io&srno=s_9_196&otracker=search&fm=organic&iid=bf7e8dc3-9b83-4530-bd95-5f312ab07df7.MOBH9HFJTH8SZWMZ.SEARCH&ppt=None&ppn=None&ssid=dq0xsete4g0000001789548278033&qH=a5594894156db043&ov_redirect=true,2026-09-16
197,"Tecno Spark 50 5G (Mint Green, 128 GB)",Tecno,19999,27999,28% off,3.7,116,19,4 GB RAM,128 GB ROM,6500 mAh Lithium Polymer Battery,Dimensity 6400 Processor,17.22 cm (6.78 inch) Display,50MP Rear Camera | 8MP Front Camera,,https://www.flipkart.com/tecno-spark-50-5g-mint-green-128-gb/p/itmb3923bf4ff9a6?pid=MOBHHH5TZMHQCMSU&lid=LSTMOBHHH5TZMHQCMSUN8RIDD&marketplace=FLIPKART&q=smart+phones&store=tyy%2F4io&srno=s_9_197&otracker=search&fm=organic&iid=en_LbgQ6vEIs93eTE69Z8i9XWDgU2I7w666z7SB5VCsRq4d2tpHU9Piw1xGmeIr9cupEkNWyXUFNnHiWROKxaC-hv6ZZvGaaMvyXK9MBuHDlM1XXHbKHcEVQmANYe6VxQ7n&ppt=None&ppn=None&ssid=dq0xsete4g0000001789548278033&qH=a5594894156db043&ov_redirect=true,2026-09-16
198,"Ai+ Nova 2 Pro 5G (Red, 128 GB)",Ai+,19999,23999,16% off,4,943,114,8 GB RAM,128 GB ROM,6000 mAh Li-polymer Battery,Dimensity 7100 Processor,17.53 cm (6.9 inch) Full HD+ Display,48MP Rear Camera | 13MP Front Camera,,https://www.flipkart.com/ai-nova-2-pro-5g-red-128-gb/p/itm99171d3b4f114?pid=MOBHZ8ZMWWNT894J&lid=LSTMOBHZ8ZMWWNT894JUJERA7&marketplace=FLIPKART&q=smart+phones&store=tyy%2F4io&srno=s_9_198&otracker=search&fm=organic&iid=bf7e8dc3-9b83-4530-bd95-5f312ab07df7.MOBHZ8ZMWWNT894J.SEARCH&ppt=None&ppn=None&ssid=dq0xsete4g0000001789548278033&qH=a5594894156db043&ov_redirect=true,2026-09-16
199,"realme Narzo 100x 5g (Flash Orange, 128 GB)",realme,22321,35999,37% off,4.1,242,31,6 GB RAM,128 GB ROM,8000 mAh Battery,MediaTek Dimensity 6300 Processor,17.3 cm (6.81 inch) HD+ Display,,,https://www.flipkart.com/realme-narzo-100x-5g-flash-orange-128-gb/p/itm66836fc8ecc5e?pid=MOBHPJHWTZCW2YVY&lid=LSTMOBHPJHWTZCW2YVYTWM1IL&marketplace=FLIPKART&q=smart+phones&store=tyy%2F4io&srno=s_9_199&otracker=search&fm=organic&iid=bf7e8dc3-9b83-4530-bd95-5f312ab07df7.MOBHPJHWTZCW2YVY.SEARCH&ppt=None&ppn=None&ssid=dq0xsete4g0000001789548278033&qH=a5594894156db043&ov_redirect=true,2026-09-16
200,"Samsung Galaxy A07 LTE (Green, 64 GB)",Samsung,12649,17999,29% off,4.2,"1,563",107,4 GB RAM,64 GB ROM,5000 mAh Battery,Helio G99 Processor,17.02 cm (6.7 inch) HD+ Display,,,https://www.flipkart.com/samsung-galaxy-a07-lte-green-64-gb/p/itmf5c04712debfa?pid=MOBHG82Z2HGBWNCP&lid=LSTMOBHG82Z2HGBWNCPK9TDQK&marketplace=FLIPKART&q=smart+phones&store=tyy%2F4io&srno=s_9_200&otracker=search&fm=organic&iid=bf7e8dc3-9b83-4530-bd95-5f312ab07df7.MOBHG82Z2HGBWNCP.SEARCH&ppt=None&ppn=None&ssid=dq0xsete4g0000001789548278033&qH=a5594894156db043&ov_redirect=true,2026-09-16
201,LAVA A2 Smart,LAVA,1286,1749,26% off,4,"2,182",168,4 MB RAM,4 GB ROM,1200 mAh Battery,,6.1 cm (2.4 inch) Display,,,https://www.flipkart.com/lava-a2-smart/p/itmd41c0181d56a0?pid=MOBHQY3HVRUHGU4N&lid=LSTMOBHQY3HVRUHGU4NL5VSIT&marketplace=FLIPKART&q=smart+phones&store=tyy%2F4io&srno=s_9_201&otracker=search&fm=organic&iid=bf7e8dc3-9b83-4530-bd95-5f312ab07df7.MOBHQY3HVRUHGU4N.SEARCH&ppt=None&ppn=None&ssid=dq0xsete4g0000001789548278033&qH=a5594894156db043&ov_redirect=true,2026-09-16
202,"Apple iPhone 18 Pro (Glacier, 256 GB)",Apple,164900,,,,,,,,,"A20 Pro chip, 6 Core Processor Processor",16.0 cm (6.3 inch) Super Retina XDR Display,48MP + 48MP + 48MP | 18MP Front Camera,,https://www.flipkart.com/apple-iphone-18-pro-glacier-256-gb/p/itm3874a83c12f72?pid=MOBHR2GUJEXEBDCF&lid=LSTMOBHR2GUJEXEBDCFHTKLND&marketplace=FLIPKART&q=smart+phones&store=tyy%2F4io&srno=s_9_202&otracker=search&fm=organic&iid=bf7e8dc3-9b83-4530-bd95-5f312ab07df7.MOBHR2GUJEXEBDCF.SEARCH&ppt=None&ppn=None&ssid=dq0xsete4g0000001789548278033&qH=a5594894156db043&ov_redirect=true,2026-09-16
203,"realme Narzo 100x 5g (Midnight Black, 128 GB)",realme,20000,31999,37% off,4,53,7,4 GB RAM,128 GB ROM,8000 mAh Battery,MediaTek Dimensity 6300 Processor,17.3 cm (6.81 inch) HD+ Display,,,https://www.flipkart.com/realme-narzo-100x-5g-midnight-black-128-gb/p/itm66836fc8ecc5e?pid=MOBHPJGFBGZUZBXG&lid=LSTMOBHPJGFBGZUZBXGD0NSON&marketplace=FLIPKART&q=smart+phones&store=tyy%2F4io&srno=s_9_203&otracker=search&fm=organic&iid=bf7e8dc3-9b83-4530-bd95-5f312ab07df7.MOBHPJGFBGZUZBXG.SEARCH&ppt=None&ppn=None&ssid=dq0xsete4g0000001789548278033&qH=a5594894156db043&ov_redirect=true,2026-09-16
204,"vivo T5 5G (Royal Bronze, 128 GB)",vivo,39999,55999,28% off,4.5,91,10,8 GB RAM,128 GB ROM,7050 mAh Li-ion Battery,Dimensity 7500 Processor,17.35 cm (6.83 inch) Full HD+ AMOLED Display,50MP + 8MP | 32MP Front Camera,,https://www.flipkart.com/vivo-t5-5g-royal-bronze-128-gb/p/itm8fa150d1fa2d2?pid=MOBHQC8D6EURCBKD&lid=LSTMOBHQC8D6EURCBKDVGX4VE&marketplace=FLIPKART&q=smart+phones&store=tyy%2F4io&srno=s_9_204&otracker=search&fm=organic&iid=bf7e8dc3-9b83-4530-bd95-5f312ab07df7.MOBHQC8D6EURCBKD.SEARCH&ppt=None&ppn=None&ssid=dq0xsete4g0000001789548278033&qH=a5594894156db043&ov_redirect=true,2026-09-16
205,"LAVA Virat V1 5G (Sonar Gold, 128 GB)",LAVA,14499,17499,17% off,4,747,95,4 GB RAM,128 GB ROM,6000 mAh Battery,T8200 Processor,17.14 cm (6.75 inch) Display,13MP Rear Camera | 5MP Front Camera,,https://www.flipkart.com/lava-virat-v1-5g-sonar-gold-128-gb/p/itm69174bc608491?pid=MOBHQ6XKE2SKZDME&lid=LSTMOBHQ6XKE2SKZDMEGZTCXH&marketplace=FLIPKART&q=smart+phones&store=tyy%2F4io&srno=s_9_205&otracker=search&fm=organic&iid=bf7e8dc3-9b83-4530-bd95-5f312ab07df7.MOBHQ6XKE2SKZDME.SEARCH&ppt=None&ppn=None&ssid=dq0xsete4g0000001789548278033&qH=a5594894156db043&ov_redirect=true,2026-09-16
206,"MOTOROLA g37 (PANTONE Nautical Blue, 64 GB)",MOTOROLA,18999,24999,24% off,4.3,"3,791",201,4 GB RAM,64 GB ROM,5200 mAh Battery,Dimensity 6400 Processor,16.92 cm (6.66 inch) HD+ Display,50MP Rear Camera | 8MP Front Camera,,https://www.flipkart.com/motorola-g37-pantone-nautical-blue-64-gb/p/itm5d235b295291f?pid=MOBHHWB6YAKNZGPB&lid=LSTMOBHHWB6YAKNZGPBGLLTUW&marketplace=FLIPKART&q=smart+phones&store=tyy%2F4io&srno=s_9_206&otracker=search&fm=organic&iid=bf7e8dc3-9b83-4530-bd95-5f312ab07df7.MOBHHWB6YAKNZGPB.SEARCH&ppt=None&ppn=None&ssid=dq0xsete4g0000001789548278033&qH=a5594894156db043&ov_redirect=true,2026-09-16
207,"Ai+ Nova 2 5G (Purple, 64 GB)",Ai+,13999,,,4.3,"6,638",357,4 GB RAM,64 GB ROM,6000 mAh Battery,T8200 Processor,17.13 cm (6.745 inch) HD+ Display,50MP Rear Camera | 8MP Front Camera,,https://www.flipkart.com/ai-nova-2-5g-purple-64-gb/p/itm07c0f38f44c5c?pid=MOBHKHPYYEJCZCAA&lid=LSTMOBHKHPYYEJCZCAA8UE6IX&marketplace=FLIPKART&q=smart+phones&store=tyy%2F4io&srno=s_9_207&otracker=search&fm=organic&iid=bf7e8dc3-9b83-4530-bd95-5f312ab07df7.MOBHKHPYYEJCZCAA.SEARCH&ppt=None&ppn=None&ssid=dq0xsete4g0000001789548278033&qH=a5594894156db043&ov_redirect=true,2026-09-16
208,"REDMI Note 15 SE 5G Snapdragon (Crimson Reserve, 128 GB)",REDMI,27999,35999,22% off,4.3,"3,230",310,8 GB RAM,128 GB ROM,5800 mAh Lithium-Ion Polymer Battery,Snapdragon 6 Gen 3 Processor,17.2 cm (6.77 inch) Full HD+ AMOLED Display,50MP Rear Camera | 20MP Front Camera,,https://www.flipkart.com/redmi-note-15-se-5g-snapdragon-crimson-reserve-128-gb/p/itm7627750aa9b54?pid=MOBHN52F84BRGFEG&lid=LSTMOBHN52F84BRGFEGSK3ATO&marketplace=FLIPKART&q=smart+phones&store=tyy%2F4io&srno=s_9_208&otracker=search&fm=organic&iid=bf7e8dc3-9b83-4530-bd95-5f312ab07df7.MOBHN52F84BRGFEG.SEARCH&ppt=None&ppn=None&ssid=dq0xsete4g0000001789548278033&qH=a5594894156db043&ov_redirect=true,2026-09-16
209,"OnePlus Nord CE6 (Pitch Black, 256 GB)",OnePlus,39679,43999,9% off,4.5,"1,217",90,8 GB RAM,256 GB ROM,8000 mAh Battery,Qualcomm® Snapdragon™ 7s Gen 4 Processor,17.22 cm (6.78 inch) Full HD+ Display,50MP Rear Camera | 2MP Front Camera,,https://www.flipkart.com/oneplus-nord-ce6-pitch-black-256-gb/p/itmd7b224b18cb05?pid=MOBHN8FJGG2GYWA9&lid=LSTMOBHN8FJGG2GYWA9VKHKP3&marketplace=FLIPKART&q=smart+phones&store=tyy%2F4io&srno=s_9_209&otracker=search&fm=organic&iid=bf7e8dc3-9b83-4530-bd95-5f312ab07df7.MOBHN8FJGG2GYWA9.SEARCH&ppt=None&ppn=None&ssid=dq0xsete4g0000001789548278033&qH=a5594894156db043&ov_redirect=true,2026-09-16
210,"realme Narzo 100x 5g (Midnight Black, 256 GB)",realme,26445,39999,33% off,4.1,242,31,6 GB RAM,256 GB ROM,8000 mAh Battery,MediaTek Dimensity 6300 Processor,17.3 cm (6.81 inch) HD+ Display,,,https://www.flipkart.com/realme-narzo-100x-5g-midnight-black-256-gb/p/itm66836fc8ecc5e?pid=MOBHPJG4RXUMMSF8&lid=LSTMOBHPJG4RXUMMSF8RFSB9I&marketplace=FLIPKART&q=smart+phones&store=tyy%2F4io&srno=s_9_210&otracker=search&fm=organic&iid=bf7e8dc3-9b83-4530-bd95-5f312ab07df7.MOBHPJG4RXUMMSF8.SEARCH&ppt=None&ppn=None&ssid=dq0xsete4g0000001789548278033&qH=a5594894156db043&ov_redirect=true,2026-09-16
211,"Samsung Galaxy F36 5G (Black, 128 GB)",Samsung,24336,29999,18% off,4.2,"7,111",624,8 GB RAM,128 GB ROM,5000 mAh Battery,Samsung Exynos 1380 Processor,17.02 cm (6.7 inch) Full HD+ Display,50MP + 8MP + 2MP | 13MP Front Camera,,https://www.flipkart.com/samsung-galaxy-f36-5g-black-128-gb/p/itma26d01a0d3111?pid=MOBHMWFXHYJFFFWG&lid=LSTMOBHMWFXHYJFFFWGJNDOAA&marketplace=FLIPKART&q=smart+phones&store=tyy%2F4io&srno=s_9_211&otracker=search&fm=organic&iid=bf7e8dc3-9b83-4530-bd95-5f312ab07df7.MOBHMWFXHYJFFFWG.SEARCH&ppt=None&ppn=None&ssid=dq0xsete4g0000001789548278033&qH=a5594894156db043&ov_redirect=true,2026-09-16
212,"Samsung M47 5G (Blaze Blue, 128 GB)",Samsung,26519,46999,43% off,4.2,85,9,6 GB RAM,128 GB ROM,6000 mAh Battery,,16.94 cm (6.67 inch) Display,50MP Rear Camera,,https://www.flipkart.com/samsung-m47-5g-blaze-blue-128-gb/p/itmed5389226b408?pid=MOBHZWBVT3NUCCPP&lid=LSTMOBHZWBVT3NUCCPPXLDWAT&marketplace=FLIPKART&q=smart+phones&store=tyy%2F4io&srno=s_9_212&otracker=search&fm=organic&iid=bf7e8dc3-9b83-4530-bd95-5f312ab07df7.MOBHZWBVT3NUCCPP.SEARCH&ppt=None&ppn=None&ssid=dq0xsete4g0000001789548278033&qH=a5594894156db043&ov_redirect=true,2026-09-16
213,"POCO M8 Power 5G (Blaze Orange, 128 GB)",POCO,24999,54999,54% off,4.7,"1,403",840,6 GB RAM,128 GB ROM,8000 mAh Lithium-Ion Polymer Battery,Snapdragon Gen 4 Processor,17.75 cm (6.99 inch) Full HD+ AMOLED Display,50MP Rear Camera | 8MP Front Camera,,https://www.flipkart.com/poco-m8-power-5g-blaze-orange-128-gb/p/itm0edc1dd6b4e42?pid=MOBHPCYNPNCJG2UV&lid=LSTMOBHPCYNPNCJG2UVUHFGWJ&marketplace=FLIPKART&q=smart+phones&store=tyy%2F4io&srno=s_9_213&otracker=search&fm=organic&iid=bf7e8dc3-9b83-4530-bd95-5f312ab07df7.MOBHPCYNPNCJG2UV.SEARCH&ppt=None&ppn=None&ssid=dq0xsete4g0000001789548278033&qH=a5594894156db043&ov_redirect=true,2026-09-16
214,"POCO X8 Pro Max (White, 256 GB)",POCO,48999,50999,3% off,4.5,"1,925",402,12 GB RAM,256 GB ROM,9000 mAh Lithium-Ion Polymer With Silicon Carbon Technology Battery,Dimensity 9500s Processor,17.35 cm (6.83 inch) Full HD+ AMOLED Display,50MP + 8MP | 20MP Front Camera,,https://www.flipkart.com/poco-x8-pro-max-white-256-gb/p/itm38fa4fd504c3f?pid=MOBHH2KYZTFTMFZG&lid=LSTMOBHH2KYZTFTMFZGZBJAHK&marketplace=FLIPKART&q=smart+phones&store=tyy%2F4io&srno=s_9_214&otracker=search&fm=organic&iid=bf7e8dc3-9b83-4530-bd95-5f312ab07df7.MOBHH2KYZTFTMFZG.SEARCH&ppt=None&ppn=None&ssid=dq0xsete4g0000001789548278033&qH=a5594894156db043&ov_redirect=true,2026-09-16
215,"MOTOROLA edge 70 pro (Tailored Fabric - PANTONE Titan (Blue), 256 GB)",MOTOROLA,42999,74999,42% off,4.3,595,77,12 GB RAM,256 GB ROM,6500 mAh Silicon-Carbon Battery,Dimensity 8500 Extreme Processor,17.27 cm (6.8 inch) Full HD+ Super AMOLED Display,50MP + 50MP | 50MP Front Camera,,https://www.flipkart.com/motorola-edge-70-pro-tailored-fabric-pantone-titan-blue-256-gb/p/itm2bb5f69d7af34?pid=MOBHN973JRZJXD9Y&lid=LSTMOBHN973JRZJXD9YATO2ML&marketplace=FLIPKART&q=smart+phones&store=tyy%2F4io&srno=s_9_215&otracker=search&fm=organic&iid=bf7e8dc3-9b83-4530-bd95-5f312ab07df7.MOBHN973JRZJXD9Y.SEARCH&ppt=None&ppn=None&ssid=dq0xsete4g0000001789548278033&qH=a5594894156db043&ov_redirect=true,2026-09-16
216,"Samsung M47 5G (Blaze Blue, 128 GB)",Samsung,30990,49999,38% off,4.6,13,0,8 GB RAM,128 GB ROM,6000 mAh Battery,,16.94 cm (6.67 inch) Display,50MP Rear Camera,,https://www.flipkart.com/samsung-m47-5g-blaze-blue-128-gb/p/itmed5389226b408?pid=MOBHQBDFHGPMNZ2X&lid=LSTMOBHQBDFHGPMNZ2XDUCIZ5&marketplace=FLIPKART&q=smart+phones&store=tyy%2F4io&srno=s_9_216&otracker=search&fm=organic&iid=bf7e8dc3-9b83-4530-bd95-5f312ab07df7.MOBHQBDFHGPMNZ2X.SEARCH&ppt=None&ppn=None&ssid=dq0xsete4g0000001789548278033&qH=a5594894156db043&ov_redirect=true,2026-09-16
217,"Tecno Spark 50 5G (Mint Green, 128 GB)",Tecno,19999,27999,28% off,3.7,116,19,4 GB RAM,128 GB ROM,6500 mAh Lithium Polymer Battery,Dimensity 6400 Processor,17.22 cm (6.78 inch) Display,50MP Rear Camera | 8MP Front Camera,,https://www.flipkart.com/tecno-spark-50-5g-mint-green-128-gb/p/itmb3923bf4ff9a6?pid=MOBHHH5TZMHQCMSU&lid=LSTMOBHHH5TZMHQCMSUN8RIDD&marketplace=FLIPKART&q=smart+phones&store=tyy%2F4io&srno=s_10_217&otracker=search&fm=organic&iid=en_SagQ582RyHAarl6mEWSOoe0bpuRE3E7WRmiI5iYqWTnIfPGA7GapugWqCvTIxXEVEkNWyXUFNnHiWROKxaC-hv6ZZvGaaMvyXK9MBuHDlM2WHl8WgCymUzr37TUSki0Z&ppt=None&ppn=None&ssid=4ikry6hdds0000001789548281176&qH=a5594894156db043&ov_redirect=true,2026-09-16
218,"Samsung Galaxy A06 5G (Black, 128 GB)",Samsung,18799,21999,14% off,4.1,258,19,6 GB RAM,128 GB ROM,5000 mAh Li-ion Battery,Dimensity 6300 Processor,17.02 cm (6.7 inch) HD+ Display,50MP + 2MP | 8MP Front Camera,,https://www.flipkart.com/samsung-galaxy-a06-5g-black-128-gb/p/itm94e861540654d?pid=MOBH9GQKPBT5VJHZ&lid=LSTMOBH9GQKPBT5VJHZ5JZPBQ&marketplace=FLIPKART&q=smart+phones&store=tyy%2F4io&srno=s_10_218&otracker=search&fm=organic&iid=853f665e-056b-4736-91ce-eb8bb3d0695a.MOBH9GQKPBT5VJHZ.SEARCH&ppt=None&ppn=None&ssid=4ikry6hdds0000001789548281176&qH=a5594894156db043&ov_redirect=true,2026-09-16
219,"OnePlus Nord 6 (Quick Silver, 256 GB)",OnePlus,54808,56999,3% off,4.5,249,31,12 GB RAM,256 GB ROM,9000 mAh Battery,4 octa-core processor Processor,17.22 cm (6.78 inch) Full HD+ Display,50MP Rear Camera,,https://www.flipkart.com/oneplus-nord-6-quick-silver-256-gb/p/itmc49f71cdc4080?pid=MOBHMBXCPZNQ3YNC&lid=LSTMOBHMBXCPZNQ3YNCCAQTFY&marketplace=FLIPKART&q=smart+phones&store=tyy%2F4io&srno=s_10_219&otracker=search&fm=organic&iid=853f665e-056b-4736-91ce-eb8bb3d0695a.MOBHMBXCPZNQ3YNC.SEARCH&ppt=None&ppn=None&ssid=4ikry6hdds0000001789548281176&qH=a5594894156db043&ov_redirect=true,2026-09-16
220,"MOTOROLA Signature (PANTONE Carbon, 512 GB)",MOTOROLA,64999,79999,18% off,4.5,"1,195",213,16 GB RAM,512 GB ROM,5200 mAh Battery,Snapdragon 8 Gen 5 Processor,17.27 cm (6.8 inch) Super HD Display,50MP + 50MP + 50MP | 50MP Front Camera,,https://www.flipkart.com/motorola-signature-pantone-carbon-512-gb/p/itm5cf2347de817a?pid=MOBHGVJYGVP6G2NY&lid=LSTMOBHGVJYGVP6G2NYNYYTRM&marketplace=FLIPKART&q=smart+phones&store=tyy%2F4io&srno=s_10_220&otracker=search&fm=organic&iid=853f665e-056b-4736-91ce-eb8bb3d0695a.MOBHGVJYGVP6G2NY.SEARCH&ppt=None&ppn=None&ssid=4ikry6hdds0000001789548281176&qH=a5594894156db043&ov_redirect=true,2026-09-16
221,"Samsung M36 5G (Serene Green / Light Green, 128 GB)",Samsung,23889,24499,2% off,4.1,"1,811",164,8 GB RAM,128 GB ROM,5000 mAh Battery,,17.02 cm (6.7 inch) Display,50MP Rear Camera,,https://www.flipkart.com/samsung-m36-5g-serene-green-light-green-128-gb/p/itmf77ec4e8758a8?pid=MOBHEYY2FM76JHHA&lid=LSTMOBHEYY2FM76JHHATHIFLS&marketplace=FLIPKART&q=smart+phones&store=tyy%2F4io&srno=s_10_221&otracker=search&fm=organic&iid=853f665e-056b-4736-91ce-eb8bb3d0695a.MOBHEYY2FM76JHHA.SEARCH&ppt=None&ppn=None&ssid=4ikry6hdds0000001789548281176&qH=a5594894156db043&ov_redirect=true,2026-09-16
222,"realme Narzo 90x 5G (Aqua Blue, 128 GB)",realme,23999,24499,2% off,4.3,"1,584",108,8 GB RAM,128 GB ROM,7000 mAh Battery,,17.27 cm (6.8 inch) Display,50MP Rear Camera,,https://www.flipkart.com/realme-narzo-90x-5g-aqua-blue-128-gb/p/itma63c5c5ce781a?pid=MOBHM43KGPSRA2GY&lid=LSTMOBHM43KGPSRA2GYKRIBIU&marketplace=FLIPKART&q=smart+phones&store=tyy%2F4io&srno=s_10_222&otracker=search&fm=organic&iid=853f665e-056b-4736-91ce-eb8bb3d0695a.MOBHM43KGPSRA2GY.SEARCH&ppt=None&ppn=None&ssid=4ikry6hdds0000001789548281176&qH=a5594894156db043&ov_redirect=true,2026-09-16
223,"Samsung S25 Ultra 5G (Titanium Gray, 256 GB)",Samsung,97730,129999,24% off,4.6,932,86,12 GB RAM,256 GB ROM,5000 mAh Battery,8 Elite for Galaxy Processor,17.53 cm (6.9 inch) Quad HD+ Display,200MP + 50MP + 50MP + 10MP | 12MP Front Camera,,https://www.flipkart.com/samsung-s25-ultra-5g-titanium-gray-256-gb/p/itm566994e00dfc0?pid=MOBH8K8U7F5FKSXA&lid=LSTMOBH8K8U7F5FKSXAEGCYYP&marketplace=FLIPKART&q=smart+phones&store=tyy%2F4io&srno=s_10_223&otracker=search&fm=organic&iid=853f665e-056b-4736-91ce-eb8bb3d0695a.MOBH8K8U7F5FKSXA.SEARCH&ppt=None&ppn=None&ssid=4ikry6hdds0000001789548281176&qH=a5594894156db043&ov_redirect=true,2026-09-16
224,"POCO M8 Power 5G (Blaze Orange, 128 GB)",POCO,27999,59999,53% off,4.7,356,269,8 GB RAM,128 GB ROM,8000 mAh Lithium-Ion Polymer Battery,Snapdragon Gen 4 Processor,17.75 cm (6.99 inch) Full HD+ AMOLED Display,50MP Rear Camera | 8MP Front Camera,,https://www.flipkart.com/poco-m8-power-5g-blaze-orange-128-gb/p/itme6ed250ab73df?pid=MOBHPCYNFWHRJD8C&lid=LSTMOBHPCYNFWHRJD8C5JT1AV&marketplace=FLIPKART&q=smart+phones&store=tyy%2F4io&srno=s_10_224&otracker=search&fm=organic&iid=853f665e-056b-4736-91ce-eb8bb3d0695a.MOBHPCYNFWHRJD8C.SEARCH&ppt=None&ppn=None&ssid=4ikry6hdds0000001789548281176&qH=a5594894156db043&ov_redirect=true,2026-09-16
225,"OnePlus Nord 6 (Pitch Black, 256 GB)",OnePlus,54495,56999,4% off,4.5,249,31,12 GB RAM,256 GB ROM,9000 mAh Battery,4 octa-core processor Processor,17.22 cm (6.78 inch) Full HD+ Display,50MP Rear Camera,,https://www.flipkart.com/oneplus-nord-6-pitch-black-256-gb/p/itmc49f71cdc4080?pid=MOBHMBXBMGCDHP55&lid=LSTMOBHMBXBMGCDHP55ZRNDBG&marketplace=FLIPKART&q=smart+phones&store=tyy%2F4io&srno=s_10_225&otracker=search&fm=organic&iid=853f665e-056b-4736-91ce-eb8bb3d0695a.MOBHMBXBMGCDHP55.SEARCH&ppt=None&ppn=None&ssid=4ikry6hdds0000001789548281176&qH=a5594894156db043&ov_redirect=true,2026-09-16
226,"REDMI 15C 5G (Midnight Black, 128 GB)",REDMI,21999,24999,12% off,4.3,463,44,8 GB RAM,128 GB ROM,6000 mAh Battery,,17.53 cm (6.9 inch) Display,50MP Rear Camera,,https://www.flipkart.com/redmi-15c-5g-midnight-black-128-gb/p/itmc1345bb45eef3?pid=MOBHGGZ228KHHPQC&lid=LSTMOBHGGZ228KHHPQC94QZPT&marketplace=FLIPKART&q=smart+phones&store=tyy%2F4io&srno=s_10_226&otracker=search&fm=organic&iid=853f665e-056b-4736-91ce-eb8bb3d0695a.MOBHGGZ228KHHPQC.SEARCH&ppt=None&ppn=None&ssid=4ikry6hdds0000001789548281176&qH=a5594894156db043&ov_redirect=true,2026-09-16
227,"Samsung Galaxy A35 5G (Awesome Iceblue, 128 GB)",Samsung,18999,33999,44% off,4.4,"77,414","5,946",8 GB RAM,128 GB ROM,5000 mAh Battery,Samsung Exynos 1380 Processor,16.76 cm (6.6 inch) Full HD+ Display,50MP + 8MP + 5MP | 13MP Front Camera,,https://www.flipkart.com/samsung-galaxy-a35-5g-awesome-iceblue-128-gb/p/itm9684d2fe9201e?pid=MOBGYT2HEYWFCG8Q&lid=LSTMOBGYT2HEYWFCG8QSW6D6Y&marketplace=FLIPKART&q=smart+phones&store=tyy%2F4io&srno=s_10_227&otracker=search&fm=organic&iid=853f665e-056b-4736-91ce-eb8bb3d0695a.MOBGYT2HEYWFCG8Q.SEARCH&ppt=None&ppn=None&ssid=4ikry6hdds0000001789548281176&qH=a5594894156db043&ov_redirect=true,2026-09-16
228,"Ai+ Pulse 2 (Blue, 128 GB)",Ai+,11999,,,3.7,"9,407",890,6 GB RAM,128 GB ROM,6000 mAh Battery,T7250 Processor,17.13 cm (6.745 inch) HD+ Display,50MP Rear Camera | 8MP Front Camera,,https://www.flipkart.com/ai-pulse-2-blue-128-gb/p/itmd59202944d081?pid=MOBHKHPYW49R78RA&lid=LSTMOBHKHPYW49R78RAR9LHZP&marketplace=FLIPKART&q=smart+phones&store=tyy%2F4io&srno=s_10_228&otracker=search&fm=organic&iid=853f665e-056b-4736-91ce-eb8bb3d0695a.MOBHKHPYW49R78RA.SEARCH&ppt=None&ppn=None&ssid=4ikry6hdds0000001789548281176&qH=a5594894156db043&ov_redirect=true,2026-09-16
229,"OnePlus Nord CE6 Lite (Vivid Mint, 256 GB)",OnePlus,34799,36999,5% off,4.3,"1,005",65,8 GB RAM,256 GB ROM,7000 mAh Battery,MediaTek Dimensity 7400 Apex Processor,17.07 cm (6.72 inch) Full HD+ Display,50MP Rear Camera | 8MP Front Camera,,https://www.flipkart.com/oneplus-nord-ce6-lite-vivid-mint-256-gb/p/itm21e965b5b799d?pid=MOBHN8AB2JFD45AG&lid=LSTMOBHN8AB2JFD45AGBJITJM&marketplace=FLIPKART&q=smart+phones&store=tyy%2F4io&srno=s_10_229&otracker=search&fm=organic&iid=853f665e-056b-4736-91ce-eb8bb3d0695a.MOBHN8AB2JFD45AG.SEARCH&ppt=None&ppn=None&ssid=4ikry6hdds0000001789548281176&qH=a5594894156db043&ov_redirect=true,2026-09-16
230,"Google Pixel 10a (Fog, 256 GB)",Google,52999,55999,5% off,4.5,"2,992",337,8 GB RAM,256 GB ROM,5100 mAh Lithium Battery,Tensor G4 Processor,16.0 cm (6.3 inch) Full HD+ AMOLED Display,48MP + 13MP | 13MP Front Camera,,https://www.flipkart.com/google-pixel-10a-fog-256-gb/p/itmeaa46d52e228a?pid=MOBHP6CEG7VDZHSW&lid=LSTMOBHP6CEG7VDZHSWDTANPD&marketplace=FLIPKART&q=smart+phones&store=tyy%2F4io&srno=s_10_230&otracker=search&fm=organic&iid=853f665e-056b-4736-91ce-eb8bb3d0695a.MOBHP6CEG7VDZHSW.SEARCH&ppt=None&ppn=None&ssid=4ikry6hdds0000001789548281176&qH=a5594894156db043&ov_redirect=true,2026-09-16
231,"OnePlus Nord CE6 Lite (Vivid Mint, 128 GB)",OnePlus,28155,31999,12% off,4.3,"1,358",94,6 GB RAM,128 GB ROM,7000 mAh Battery,Mediatek Dimensity 7400 Processor,17.07 cm (6.72 inch) Full HD+ Display,50MP Rear Camera | 8MP Front Camera,,https://www.flipkart.com/oneplus-nord-ce6-lite-vivid-mint-128-gb/p/itm21e965b5b799d?pid=MOBHN8CVXZNTVTKZ&lid=LSTMOBHN8CVXZNTVTKZHENRSI&marketplace=FLIPKART&q=smart+phones&store=tyy%2F4io&srno=s_10_231&otracker=search&fm=organic&iid=853f665e-056b-4736-91ce-eb8bb3d0695a.MOBHN8CVXZNTVTKZ.SEARCH&ppt=None&ppn=None&ssid=4ikry6hdds0000001789548281176&qH=a5594894156db043&ov_redirect=true,2026-09-16
232,"Samsung Galaxy A55 5G (Awesome Iceblue, 256 GB)",Samsung,46999,48999,4% off,4.3,848,60,12 GB RAM,256 GB ROM,5000 mAh Battery,Exynos 1480 Processor,16.76 cm (6.6 inch) Full HD+ Display,50MP + 12MP + 5MP | 32MP Front Camera,,https://www.flipkart.com/samsung-galaxy-a55-5g-awesome-iceblue-256-gb/p/itm9d66e3d4ee04f?pid=MOBGYT2H76JPBMXB&lid=LSTMOBGYT2H76JPBMXBECDJDR&marketplace=FLIPKART&q=smart+phones&store=tyy%2F4io&srno=s_10_232&otracker=search&fm=organic&iid=853f665e-056b-4736-91ce-eb8bb3d0695a.MOBGYT2H76JPBMXB.SEARCH&ppt=None&ppn=None&ssid=4ikry6hdds0000001789548281176&qH=a5594894156db043&ov_redirect=true,2026-09-16
233,"POCO X8 Pro (White, 256 GB)",POCO,42999,45999,6% off,4.4,"1,178",199,12 GB RAM,256 GB ROM,6500 mAh Lithium-Ion Polymer With Silicon Carbon Technology Battery,Dimensity 8500-Ultra Processor,16.74 cm (6.59 inch) Full HD+ AMOLED Display,50MP + 8MP | 20MP Front Camera,,https://www.flipkart.com/poco-x8-pro-white-256-gb/p/itm1ec9163203374?pid=MOBHH2KYYFFHJXUR&lid=LSTMOBHH2KYYFFHJXURJSY14X&marketplace=FLIPKART&q=smart+phones&store=tyy%2F4io&srno=s_10_233&otracker=search&fm=organic&iid=853f665e-056b-4736-91ce-eb8bb3d0695a.MOBHH2KYYFFHJXUR.SEARCH&ppt=None&ppn=None&ssid=4ikry6hdds0000001789548281176&qH=a5594894156db043&ov_redirect=true,2026-09-16
234,"Infinix SMART 20 (Polaris Titanium, 64 GB)",Infinix,11999,19999,40% off,4,245,29,4 GB RAM,64 GB ROM,5200 mAh Battery,Helio G81 Ultimate Processor,17.22 cm (6.78 inch) HD+ Display,8MP Rear Camera | 8MP Front Camera,,https://www.flipkart.com/infinix-smart-20-polaris-titanium-64-gb/p/itmf761cd49f9162?pid=MOBHNMEETYFWZNHQ&lid=LSTMOBHNMEETYFWZNHQVTGCIP&marketplace=FLIPKART&q=smart+phones&store=tyy%2F4io&srno=s_10_234&otracker=search&fm=organic&iid=853f665e-056b-4736-91ce-eb8bb3d0695a.MOBHNMEETYFWZNHQ.SEARCH&ppt=None&ppn=None&ssid=4ikry6hdds0000001789548281176&qH=a5594894156db043&ov_redirect=true,2026-09-16
235,"realme Gt 7 (Icesense Blue, 512 GB)",realme,48999,52999,7% off,4.5,"1,465",189,12 GB RAM,512 GB ROM,7000 mAh Battery,Dimensity Processor,17.22 cm (6.78 inch) Full HD+ AMOLED Display,50MP + 50MP + 50MP + 8MP | 32MP + 32MP Dual Front Camera,,https://www.flipkart.com/realme-gt-7-icesense-blue-512-gb/p/itm6cc8f84d92e2f?pid=MOBHCM4EZEQ7UHHP&lid=LSTMOBHCM4EZEQ7UHHP0QXCGY&marketplace=FLIPKART&q=smart+phones&store=tyy%2F4io&srno=s_10_235&otracker=search&fm=organic&iid=853f665e-056b-4736-91ce-eb8bb3d0695a.MOBHCM4EZEQ7UHHP.SEARCH&ppt=None&ppn=None&ssid=4ikry6hdds0000001789548281176&qH=a5594894156db043&ov_redirect=true,2026-09-16
236,"REDMI Note 11T 5G (Stardust White, 128 GB)",REDMI,19599,22999,14% off,4.2,855,52,8 GB RAM,128 GB ROM,5000 mAh Battery,,16.76 cm (6.6 inch) Display,50MP Rear Camera,,https://www.flipkart.com/redmi-note-11t-5g-stardust-white-128-gb/p/itm7ce40aba5696c?pid=MOBGHDXJRGPNAANX&lid=LSTMOBGHDXJRGPNAANXVAO8DR&marketplace=FLIPKART&q=smart+phones&store=tyy%2F4io&srno=s_10_236&otracker=search&fm=organic&iid=853f665e-056b-4736-91ce-eb8bb3d0695a.MOBGHDXJRGPNAANX.SEARCH&ppt=None&ppn=None&ssid=4ikry6hdds0000001789548281176&qH=a5594894156db043&ov_redirect=true,2026-09-16
237,"Infinix SMART 20 (Shadow Black, 64 GB)",Infinix,11999,19999,40% off,4,245,29,4 GB RAM,64 GB ROM,5200 mAh Battery,Helio G81 Ultimate Processor,17.22 cm (6.78 inch) HD+ Display,8MP Rear Camera | 8MP Front Camera,,https://www.flipkart.com/infinix-smart-20-shadow-black-64-gb/p/itmf761cd49f9162?pid=MOBHNMEEJVRS9GJG&lid=LSTMOBHNMEEJVRS9GJG6RX37Q&marketplace=FLIPKART&q=smart+phones&store=tyy%2F4io&srno=s_10_237&otracker=search&fm=organic&iid=853f665e-056b-4736-91ce-eb8bb3d0695a.MOBHNMEEJVRS9GJG.SEARCH&ppt=None&ppn=None&ssid=4ikry6hdds0000001789548281176&qH=a5594894156db043&ov_redirect=true,2026-09-16
238,"realme Gt 7 (Icesense Black, 256 GB)",realme,44999,48999,8% off,4.5,"1,465",189,12 GB RAM,256 GB ROM,7000 mAh Battery,Dimensity Processor,17.22 cm (6.78 inch) Full HD+ AMOLED Display,50MP + 50MP + 50MP + 8MP | 32MP + 32MP Dual Front Camera,,https://www.flipkart.com/realme-gt-7-icesense-black-256-gb/p/itm6cc8f84d92e2f?pid=MOBHCZYZJZ9VYSQ2&lid=LSTMOBHCZYZJZ9VYSQ2C23L9G&marketplace=FLIPKART&q=smart+phones&store=tyy%2F4io&srno=s_10_238&otracker=search&fm=organic&iid=853f665e-056b-4736-91ce-eb8bb3d0695a.MOBHCZYZJZ9VYSQ2.SEARCH&ppt=None&ppn=None&ssid=4ikry6hdds0000001789548281176&qH=a5594894156db043&ov_redirect=true,2026-09-16
239,"OnePlus Nord 6 (Fresh Mint, 256 GB)",OnePlus,53750,56999,5% off,4.5,249,31,12 GB RAM,256 GB ROM,9000 mAh Battery,4 octa-core processor Processor,17.22 cm (6.78 inch) Full HD+ Display,50MP Rear Camera,,https://www.flipkart.com/oneplus-nord-6-fresh-mint-256-gb/p/itmc49f71cdc4080?pid=MOBHMBWWXW6KTQB8&lid=LSTMOBHMBWWXW6KTQB8VHIHAO&marketplace=FLIPKART&q=smart+phones&store=tyy%2F4io&srno=s_10_239&otracker=search&fm=organic&iid=853f665e-056b-4736-91ce-eb8bb3d0695a.MOBHMBWWXW6KTQB8.SEARCH&ppt=None&ppn=None&ssid=4ikry6hdds0000001789548281176&qH=a5594894156db043&ov_redirect=true,2026-09-16
240,"Google Pixel 10 (Frost, 256 GB)",Google,74999,79999,6% off,4.5,"3,624",345,12 GB RAM,256 GB ROM,4970 mAh Battery,Tensor G5 Processor,16.0 cm (6.3 inch) Quad HD+ Display,48MP + 13MP + 10.8MP | 10.5MP Front Camera,,https://www.flipkart.com/google-pixel-10-frost-256-gb/p/itm180af25bcc197?pid=MOBHEXHRXDGMF8XZ&lid=LSTMOBHEXHRXDGMF8XZ4R1W9O&marketplace=FLIPKART&q=smart+phones&store=tyy%2F4io&srno=s_10_240&otracker=search&fm=organic&iid=853f665e-056b-4736-91ce-eb8bb3d0695a.MOBHEXHRXDGMF8XZ.SEARCH&ppt=None&ppn=None&ssid=4ikry6hdds0000001789548281176&qH=a5594894156db043&ov_redirect=true,2026-09-16
241,"realme Narzo 90x 5G (Flash Blue, 128 GB)",realme,21287,33999,37% off,4.3,"3,590",290,6 GB RAM,128 GB ROM,7000 mAh Battery,,17.27 cm (6.8 inch) Display,50MP Rear Camera,,https://www.flipkart.com/realme-narzo-90x-5g-flash-blue-128-gb/p/itma63c5c5ce781a?pid=MOBHGUHGVRGNFFVZ&lid=LSTMOBHGUHGVRGNFFVZJSZ20F&marketplace=FLIPKART&q=smart+phones&store=tyy%2F4io&srno=s_11_241&otracker=search&fm=organic&iid=8c30d986-98f8-4927-b2bd-e7404e867594.MOBHGUHGVRGNFFVZ.SEARCH&ppt=None&ppn=None&ssid=h7xtp37lfk0000001789548283922&qH=a5594894156db043&ov_redirect=true,2026-09-16
242,"realme Narzo 90x 5G (Nitro Blue, 128 GB)",realme,23315,24499,4% off,4.3,"1,584",108,8 GB RAM,128 GB ROM,7000 mAh Battery,,17.27 cm (6.8 inch) Display,50MP Rear Camera,,https://www.flipkart.com/realme-narzo-90x-5g-nitro-blue-128-gb/p/itma63c5c5ce781a?pid=MOBHGUHGXGUJCGHN&lid=LSTMOBHGUHGXGUJCGHNW2ME9A&marketplace=FLIPKART&q=smart+phones&store=tyy%2F4io&srno=s_11_242&otracker=search&fm=organic&iid=8c30d986-98f8-4927-b2bd-e7404e867594.MOBHGUHGXGUJCGHN.SEARCH&ppt=None&ppn=None&ssid=h7xtp37lfk0000001789548283922&qH=a5594894156db043&ov_redirect=true,2026-09-16
243,"MOTOROLA Edge 70 Fusion Snapdragon (Pantone ORIENT BLUE, 256 GB)",MOTOROLA,32999,53999,38% off,4.4,"17,809","1,968",8 GB RAM,256 GB ROM,7000 mAh Battery,Snapdragon 7s Gen 4 Processor,17.27 cm (6.8 inch) Super HD Display,50MP + 13MP | 32MP Front Camera,,https://www.flipkart.com/motorola-edge-70-fusion-snapdragon-pantone-orient-blue-256-gb/p/itm7a27850cff10e?pid=MOBHN973YQZFJTNN&lid=LSTMOBHN973YQZFJTNNX5ACVB&marketplace=FLIPKART&q=smart+phones&store=tyy%2F4io&srno=s_11_243&otracker=search&fm=organic&iid=8c30d986-98f8-4927-b2bd-e7404e867594.MOBHN973YQZFJTNN.SEARCH&ppt=None&ppn=None&ssid=h7xtp37lfk0000001789548283922&qH=a5594894156db043&ov_redirect=true,2026-09-16
244,"vivo T5e (Aero Blue, 64 GB)",vivo,13999,26999,48% off,3.8,100,6,4 GB RAM,64 GB ROM,5500 mAh Li-ion Battery,T7225 Processor,17.12 cm (6.74 inch) HD Display,8MP Rear Camera | 5MP Front Camera,,https://www.flipkart.com/vivo-t5e-aero-blue-64-gb/p/itm180ca0a991a2b?pid=MOBHPBM67EEYTAQD&lid=LSTMOBHPBM67EEYTAQD8VNTK9&marketplace=FLIPKART&q=smart+phones&store=tyy%2F4io&srno=s_11_244&otracker=search&fm=organic&iid=8c30d986-98f8-4927-b2bd-e7404e867594.MOBHPBM67EEYTAQD.SEARCH&ppt=None&ppn=None&ssid=h7xtp37lfk0000001789548283922&qH=a5594894156db043&ov_redirect=true,2026-09-16
245,"Apple iPhone 16 Plus (Teal, 128 GB)",Apple,79900,,,4.6,"4,305",295,,,,"A18 Chip, 6 Core Processor Processor",17.02 cm (6.7 inch) Super Retina XDR Display,48MP + 12MP | 12MP Front Camera,,https://www.flipkart.com/apple-iphone-16-plus-teal-128-gb/p/itmfa939eebe8adf?pid=MOBH4DQFEUZVMK6G&lid=LSTMOBH4DQFEUZVMK6GOZPF2R&marketplace=FLIPKART&q=smart+phones&store=tyy%2F4io&srno=s_11_245&otracker=search&fm=organic&iid=8c30d986-98f8-4927-b2bd-e7404e867594.MOBH4DQFEUZVMK6G.SEARCH&ppt=None&ppn=None&ssid=h7xtp37lfk0000001789548283922&qH=a5594894156db043&ov_redirect=true,2026-09-16
246,"Samsung M36 5G (Velvet Black / Black, 128 GB)",Samsung,23978,29999,20% off,4.1,"1,811",164,8 GB RAM,128 GB ROM,5000 mAh Battery,,17.02 cm (6.7 inch) Display,50MP Rear Camera,,https://www.flipkart.com/samsung-m36-5g-velvet-black-black-128-gb/p/itmf77ec4e8758a8?pid=MOBHEYY2PZTXHNZQ&lid=LSTMOBHEYY2PZTXHNZQI1E3PW&marketplace=FLIPKART&q=smart+phones&store=tyy%2F4io&srno=s_11_246&otracker=search&fm=organic&iid=8c30d986-98f8-4927-b2bd-e7404e867594.MOBHEYY2PZTXHNZQ.SEARCH&ppt=None&ppn=None&ssid=h7xtp37lfk0000001789548283922&qH=a5594894156db043&ov_redirect=true,2026-09-16
247,"Samsung Galaxy A06 5G (Black, 128 GB)",Samsung,18799,21999,14% off,4.1,258,19,6 GB RAM,128 GB ROM,5000 mAh Li-ion Battery,Dimensity 6300 Processor,17.02 cm (6.7 inch) HD+ Display,50MP + 2MP | 8MP Front Camera,,https://www.flipkart.com/samsung-galaxy-a06-5g-black-128-gb/p/itm94e861540654d?pid=MOBH9GQKPBT5VJHZ&lid=LSTMOBH9GQKPBT5VJHZ5JZPBQ&marketplace=FLIPKART&q=smart+phones&store=tyy%2F4io&srno=s_11_247&otracker=search&fm=organic&iid=8c30d986-98f8-4927-b2bd-e7404e867594.MOBH9GQKPBT5VJHZ.SEARCH&ppt=None&ppn=None&ssid=h7xtp37lfk0000001789548283922&qH=a5594894156db043&ov_redirect=true,2026-09-16
248,"Samsung Galaxy M17e 5G (Blitz Blue, 128 GB)",Samsung,18999,24999,24% off,4.2,32,2,6 GB RAM,128 GB ROM,6000 mAh Battery,Dimensity 6300 Processor,17.02 cm (6.7 inch) HD+ Display,50MP Rear Camera | 8MP Front Camera,,https://www.flipkart.com/samsung-galaxy-m17e-5g-blitz-blue-128-gb/p/itm94d52438549d6?pid=MOBHHTAUAWURCBGQ&lid=LSTMOBHHTAUAWURCBGQGRDTSU&marketplace=FLIPKART&q=smart+phones&store=tyy%2F4io&srno=s_11_248&otracker=search&fm=organic&iid=8c30d986-98f8-4927-b2bd-e7404e867594.MOBHHTAUAWURCBGQ.SEARCH&ppt=None&ppn=None&ssid=h7xtp37lfk0000001789548283922&qH=a5594894156db043&ov_redirect=true,2026-09-16
249,"OnePlus Nord 6 (Fresh Mint, 256 GB)",OnePlus,45880,52999,13% off,4.5,"2,419",293,8 GB RAM,256 GB ROM,9000 mAh Battery,4 octa-core processor Processor,17.22 cm (6.78 inch) Full HD+ Display,50MP Rear Camera,,https://www.flipkart.com/oneplus-nord-6-fresh-mint-256-gb/p/itmc49f71cdc4080?pid=MOBHMBW2KKBSFG9R&lid=LSTMOBHMBW2KKBSFG9R7TBQTG&marketplace=FLIPKART&q=smart+phones&store=tyy%2F4io&srno=s_11_249&otracker=search&fm=organic&iid=8c30d986-98f8-4927-b2bd-e7404e867594.MOBHMBW2KKBSFG9R.SEARCH&ppt=None&ppn=None&ssid=h7xtp37lfk0000001789548283922&qH=a5594894156db043&ov_redirect=true,2026-09-16
250,"OnePlus Nord 6 (Pitch Black, 256 GB)",OnePlus,46350,52999,12% off,4.5,"2,419",293,8 GB RAM,256 GB ROM,9000 mAh Battery,4 octa-core processor Processor,17.22 cm (6.78 inch) Full HD+ Display,50MP Rear Camera,,https://www.flipkart.com/oneplus-nord-6-pitch-black-256-gb/p/itmc49f71cdc4080?pid=MOBHMBWGFH9RHHUH&lid=LSTMOBHMBWGFH9RHHUHEML0RV&marketplace=FLIPKART&q=smart+phones&store=tyy%2F4io&srno=s_11_250&otracker=search&fm=organic&iid=8c30d986-98f8-4927-b2bd-e7404e867594.MOBHMBWGFH9RHHUH.SEARCH&ppt=None&ppn=None&ssid=h7xtp37lfk0000001789548283922&qH=a5594894156db043&ov_redirect=true,2026-09-16
251,"REDMI 15C 5G (Moonlight Blue, 128 GB)",REDMI,19765,31999,38% off,4.2,640,46,6 GB RAM,128 GB ROM,6000 mAh Battery,,17.53 cm (6.9 inch) Display,50MP Rear Camera,,https://www.flipkart.com/redmi-15c-5g-moonlight-blue-128-gb/p/itmc1345bb45eef3?pid=MOBHGGZ2YRHVYEGS&lid=LSTMOBHGGZ2YRHVYEGSZTV3ZQ&marketplace=FLIPKART&q=smart+phones&store=tyy%2F4io&srno=s_11_251&otracker=search&fm=organic&iid=8c30d986-98f8-4927-b2bd-e7404e867594.MOBHGGZ2YRHVYEGS.SEARCH&ppt=None&ppn=None&ssid=h7xtp37lfk0000001789548283922&qH=a5594894156db043&ov_redirect=true,2026-09-16
252,"Samsung Galaxy A36 5G (Awesome Lavender, 128 GB)",Samsung,31999,35999,11% off,4.4,"4,936",671,8 GB RAM,128 GB ROM,5000 mAh Battery,Qualcomm Snapdragon 6 Gen 3 Processor,17.02 cm (6.7 inch) Full HD+ Display,50MP + 8MP | 12MP Front Camera,,https://www.flipkart.com/samsung-galaxy-a36-5g-awesome-lavender-128-gb/p/itm5a2d339a8cc5b?pid=MOBH9RNGFN76WMFF&lid=LSTMOBH9RNGFN76WMFFRDHQVS&marketplace=FLIPKART&q=smart+phones&store=tyy%2F4io&srno=s_11_252&otracker=search&fm=organic&iid=8c30d986-98f8-4927-b2bd-e7404e867594.MOBH9RNGFN76WMFF.SEARCH&ppt=None&ppn=None&ssid=h7xtp37lfk0000001789548283922&qH=a5594894156db043&ov_redirect=true,2026-09-16
253,"realme Narzo 90x 5G (Aqua Blue, 128 GB)",realme,19300,24999,22% off,4,577,48,4 GB RAM,128 GB ROM,7000 mAh Battery,Dimensity 6300 Processor,17.27 cm (6.8 inch) HD+ Display,50MP Rear Camera | 8MP Front Camera,,https://www.flipkart.com/realme-narzo-90x-5g-aqua-blue-128-gb/p/itma63c5c5ce781a?pid=MOBHH3RBDV8NYP5U&lid=LSTMOBHH3RBDV8NYP5UKQHAHJ&marketplace=FLIPKART&q=smart+phones&store=tyy%2F4io&srno=s_11_253&otracker=search&fm=organic&iid=8c30d986-98f8-4927-b2bd-e7404e867594.MOBHH3RBDV8NYP5U.SEARCH&ppt=None&ppn=None&ssid=h7xtp37lfk0000001789548283922&qH=a5594894156db043&ov_redirect=true,2026-09-16
254,"MOTOROLA Edge 60 Fusion 5G (PANTONE Amazonite, 256 GB)",MOTOROLA,24999,25999,3% off,4.4,"1,26,250","8,833",8 GB RAM,256 GB ROM,5500 mAh Battery,Dimensity 7400 Processor,16.94 cm (6.67 inch) Quad HD+ Display,50MP + 13MP | 32MP Front Camera,,https://www.flipkart.com/motorola-edge-60-fusion-5g-pantone-amazonite-256-gb/p/itm9218b12ff853f?pid=MOBH9ARFPVNU7QNU&lid=LSTMOBH9ARFPVNU7QNU36Q1QX&marketplace=FLIPKART&q=smart+phones&store=tyy%2F4io&srno=s_11_254&otracker=search&fm=organic&iid=8c30d986-98f8-4927-b2bd-e7404e867594.MOBH9ARFPVNU7QNU.SEARCH&ppt=None&ppn=None&ssid=h7xtp37lfk0000001789548283922&qH=a5594894156db043&ov_redirect=true,2026-09-16
255,Micromax X1i Smart Plus,Micromax,1212,2099,42% off,3.6,"1,126",92,32 MB RAM,32 MB ROM,1750 mAh Battery,,6.1 cm (2.4 inch) Display,0.08MP Rear Camera,,https://www.flipkart.com/micromax-x1i-smart-plus/p/itm5bd42940e548f?pid=MOBH6GTEZTBAREZE&lid=LSTMOBH6GTEZTBAREZECXKYGO&marketplace=FLIPKART&q=smart+phones&store=tyy%2F4io&srno=s_11_255&otracker=search&fm=organic&iid=8c30d986-98f8-4927-b2bd-e7404e867594.MOBH6GTEZTBAREZE.SEARCH&ppt=None&ppn=None&ssid=h7xtp37lfk0000001789548283922&qH=a5594894156db043&ov_redirect=true,2026-09-16
256,"Samsung Galaxy A36 5G (Awesome Lavender, 256 GB)",Samsung,35999,38999,7% off,4.4,"4,936",671,8 GB RAM,256 GB ROM,5000 mAh Battery,Qualcomm Snapdragon 6 Gen 3 Processor,17.02 cm (6.7 inch) Full HD+ Display,50MP + 8MP | 12MP Front Camera,,https://www.flipkart.com/samsung-galaxy-a36-5g-awesome-lavender-256-gb/p/itma5b5834a73d65?pid=MOBH9RNG3KTYVZKE&lid=LSTMOBH9RNG3KTYVZKERDB4KI&marketplace=FLIPKART&q=smart+phones&store=tyy%2F4io&srno=s_11_256&otracker=search&fm=organic&iid=8c30d986-98f8-4927-b2bd-e7404e867594.MOBH9RNG3KTYVZKE.SEARCH&ppt=None&ppn=None&ssid=h7xtp37lfk0000001789548283922&qH=a5594894156db043&ov_redirect=true,2026-09-16
257,"realme Narzo 90x 5G (Maroon Red, 128 GB)",realme,19995,29999,33% off,4,577,48,4 GB RAM,128 GB ROM,7000 mAh Battery,Dimensity 6300 Processor,17.27 cm (6.8 inch) HD+ Display,50MP Rear Camera | 8MP Front Camera,,https://www.flipkart.com/realme-narzo-90x-5g-maroon-red-128-gb/p/itm1a54c22fcd159?pid=MOBHH3RBPHU6YADK&lid=LSTMOBHH3RBPHU6YADKWE6GBT&marketplace=FLIPKART&q=smart+phones&store=tyy%2F4io&srno=s_11_257&otracker=search&fm=organic&iid=8c30d986-98f8-4927-b2bd-e7404e867594.MOBHH3RBPHU6YADK.SEARCH&ppt=None&ppn=None&ssid=h7xtp37lfk0000001789548283922&qH=a5594894156db043&ov_redirect=true,2026-09-16
258,"Samsung Galaxy A17 5G (Black, 256 GB)",Samsung,32999,34999,5% off,4.3,"2,176",207,8 GB RAM,256 GB ROM,5000 mAh Battery,Samsung Exynos 1330 Processor,17.02 cm (6.7 inch) Full HD+ Display,50MP + 5MP + 2MP | 13MP Front Camera,,https://www.flipkart.com/samsung-galaxy-a17-5g-black-256-gb/p/itm9b0b7e6d52859?pid=MOBHGVECDVCNA5JK&lid=LSTMOBHGVECDVCNA5JKW0FTHG&marketplace=FLIPKART&q=smart+phones&store=tyy%2F4io&srno=s_11_258&otracker=search&fm=organic&iid=8c30d986-98f8-4927-b2bd-e7404e867594.MOBHGVECDVCNA5JK.SEARCH&ppt=None&ppn=None&ssid=h7xtp37lfk0000001789548283922&qH=a5594894156db043&ov_redirect=true,2026-09-16
259,"Samsung Galaxy A17 5G (Black, 128 GB)",Samsung,26798,34999,23% off,4.3,"2,176",207,8 GB RAM,128 GB ROM,5000 mAh Battery,Samsung Exynos 1330 Processor,17.02 cm (6.7 inch) Full HD+ Display,50MP + 5MP + 2MP | 13MP Front Camera,,https://www.flipkart.com/samsung-galaxy-a17-5g-black-128-gb/p/itm9b0b7e6d52859?pid=MOBHGVECE3WTM76Y&lid=LSTMOBHGVECE3WTM76YKNJPW3&marketplace=FLIPKART&q=smart+phones&store=tyy%2F4io&srno=s_11_259&otracker=search&fm=organic&iid=8c30d986-98f8-4927-b2bd-e7404e867594.MOBHGVECE3WTM76Y.SEARCH&ppt=None&ppn=None&ssid=h7xtp37lfk0000001789548283922&qH=a5594894156db043&ov_redirect=true,2026-09-16
260,"OnePlus Nord 6 (Quick Silver, 256 GB)",OnePlus,46988,52999,11% off,4.5,"2,419",293,8 GB RAM,256 GB ROM,9000 mAh Battery,4 octa-core processor Processor,17.22 cm (6.78 inch) Full HD+ Display,50MP Rear Camera,,https://www.flipkart.com/oneplus-nord-6-quick-silver-256-gb/p/itmc49f71cdc4080?pid=MOBHMBWSVHKWRPAS&lid=LSTMOBHMBWSVHKWRPASWQORJF&marketplace=FLIPKART&q=smart+phones&store=tyy%2F4io&srno=s_11_260&otracker=search&fm=organic&iid=8c30d986-98f8-4927-b2bd-e7404e867594.MOBHMBWSVHKWRPAS.SEARCH&ppt=None&ppn=None&ssid=h7xtp37lfk0000001789548283922&qH=a5594894156db043&ov_redirect=true,2026-09-16
261,"vivo T5 5G (Silver Green, 256 GB)",vivo,44999,61999,27% off,4.5,91,10,8 GB RAM,256 GB ROM,7050 mAh Li-ion Battery,Dimensity 7500 Processor,17.35 cm (6.83 inch) Full HD+ AMOLED Display,50MP + 8MP | 32MP Front Camera,,https://www.flipkart.com/vivo-t5-5g-silver-green-256-gb/p/itm8fa150d1fa2d2?pid=MOBHQC8DDN9CU73W&lid=LSTMOBHQC8DDN9CU73WDIHEFX&marketplace=FLIPKART&q=smart+phones&store=tyy%2F4io&srno=s_11_261&otracker=search&fm=organic&iid=8c30d986-98f8-4927-b2bd-e7404e867594.MOBHQC8DDN9CU73W.SEARCH&ppt=None&ppn=None&ssid=h7xtp37lfk0000001789548283922&qH=a5594894156db043&ov_redirect=true,2026-09-16
262,"Samsung Galaxy A35 5G (Awesome Iceblue, 128 GB)",Samsung,18999,33999,44% off,4.4,"77,414","5,946",8 GB RAM,128 GB ROM,5000 mAh Battery,Samsung Exynos 1380 Processor,16.76 cm (6.6 inch) Full HD+ Display,50MP + 8MP + 5MP | 13MP Front Camera,,https://www.flipkart.com/samsung-galaxy-a35-5g-awesome-iceblue-128-gb/p/itm9684d2fe9201e?pid=MOBGYT2HEYWFCG8Q&lid=LSTMOBGYT2HEYWFCG8QSW6D6Y&marketplace=FLIPKART&q=smart+phones&store=tyy%2F4io&srno=s_11_262&otracker=search&fm=organic&iid=8c30d986-98f8-4927-b2bd-e7404e867594.MOBGYT2HEYWFCG8Q.SEARCH&ppt=None&ppn=None&ssid=h7xtp37lfk0000001789548283922&qH=a5594894156db043&ov_redirect=true,2026-09-16
263,"Samsung S25 Ultra 5G (Titanium Gray, 256 GB)",Samsung,97730,129999,24% off,4.6,932,86,12 GB RAM,256 GB ROM,5000 mAh Battery,8 Elite for Galaxy Processor,17.53 cm (6.9 inch) Quad HD+ Display,200MP + 50MP + 50MP + 10MP | 12MP Front Camera,,https://www.flipkart.com/samsung-s25-ultra-5g-titanium-gray-256-gb/p/itm566994e00dfc0?pid=MOBH8K8U7F5FKSXA&lid=LSTMOBH8K8U7F5FKSXAEGCYYP&marketplace=FLIPKART&q=smart+phones&store=tyy%2F4io&srno=s_11_263&otracker=search&fm=organic&iid=8c30d986-98f8-4927-b2bd-e7404e867594.MOBH8K8U7F5FKSXA.SEARCH&ppt=None&ppn=None&ssid=h7xtp37lfk0000001789548283922&qH=a5594894156db043&ov_redirect=true,2026-09-16
264,"realme Narzo 90x 5G (Flash Blue, 128 GB)",realme,24046,24999,3% off,4.3,"1,584",108,8 GB RAM,128 GB ROM,7000 mAh Battery,,17.27 cm (6.8 inch) Display,50MP Rear Camera,,https://www.flipkart.com/realme-narzo-90x-5g-flash-blue-128-gb/p/itma63c5c5ce781a?pid=MOBHGUHGEGQQTHY2&lid=LSTMOBHGUHGEGQQTHY2AU25HL&marketplace=FLIPKART&q=smart+phones&store=tyy%2F4io&srno=s_11_264&otracker=search&fm=organic&iid=8c30d986-98f8-4927-b2bd-e7404e867594.MOBHGUHGEGQQTHY2.SEARCH&ppt=None&ppn=None&ssid=h7xtp37lfk0000001789548283922&qH=a5594894156db043&ov_redirect=true,2026-09-16
265,"Google Pixel 11 Pro (Olive, 256 GB)",Google,119999,,,4.5,51,11,12 GB RAM,256 GB ROM,4850 mAh Lithium Battery,Tensor G6 Processor,16.0 cm (6.3 inch) Super Actua Display,50MP + 48MP + 48MP | 42MP Front Camera,,https://www.flipkart.com/google-pixel-11-pro-olive-256-gb/p/itm88f5dcba10068?pid=MOBHPHNVG3TGGBTR&lid=LSTMOBHPHNVG3TGGBTRMM5CTY&marketplace=FLIPKART&q=smart+phones&store=tyy%2F4io&srno=s_12_265&otracker=search&fm=organic&iid=0bbb5d77-52dc-4887-8411-cc590cb9d529.MOBHPHNVG3TGGBTR.SEARCH&ppt=None&ppn=None&ssid=2yxwsmuqpc0000001789548286773&qH=a5594894156db043&ov_redirect=true,2026-09-16
266,"Infinix GT 30 Pro 5G+ (Blade White, 256 GB)",Infinix,31999,,,4.4,"2,790",265,8 GB RAM,256 GB ROM,5500 mAh Battery,Dimensity 8350 Ultimate Processor,17.22 cm (6.78 inch) Display,108MP + 8MP | 13MP Front Camera,,https://www.flipkart.com/infinix-gt-30-pro-5g-blade-white-256-gb/p/itmd4bc1852572b9?pid=MOBHC645VTTPWXWM&lid=LSTMOBHC645VTTPWXWM43WEJA&marketplace=FLIPKART&q=smart+phones&store=tyy%2F4io&srno=s_12_266&otracker=search&fm=organic&iid=0bbb5d77-52dc-4887-8411-cc590cb9d529.MOBHC645VTTPWXWM.SEARCH&ppt=None&ppn=None&ssid=2yxwsmuqpc0000001789548286773&qH=a5594894156db043&ov_redirect=true,2026-09-16
267,"POCO X8 5G (Frost White, 256 GB)",POCO,35999,74999,52% off,4.3,18,5,8 GB RAM,256 GB ROM,9000 mAh Lithium-Ion Polymer Battery,6s Gen 4 Processor,17.35 cm (6.83 inch) Full HD+ AMOLED Display,50MP + 2MP | 16MP Front Camera,,https://www.flipkart.com/poco-x8-5g-frost-white-256-gb/p/itm0e8677ca357ef?pid=MOBHQ6XZHFHPPAJW&lid=LSTMOBHQ6XZHFHPPAJW6BRX1M&marketplace=FLIPKART&q=smart+phones&store=tyy%2F4io&srno=s_12_267&otracker=search&fm=organic&iid=0bbb5d77-52dc-4887-8411-cc590cb9d529.MOBHQ6XZHFHPPAJW.SEARCH&ppt=None&ppn=None&ssid=2yxwsmuqpc0000001789548286773&qH=a5594894156db043&ov_redirect=true,2026-09-16
268,"Infinix GT 30 Pro 5G+ (Dark Flare, 256 GB)",Infinix,31999,,,4.4,"2,790",265,8 GB RAM,256 GB ROM,5500 mAh Battery,Dimensity 8350 Ultimate Processor,17.22 cm (6.78 inch) Full HD+ AMOLED Display,108MP + 8MP | 13MP Front Camera,,https://www.flipkart.com/infinix-gt-30-pro-5g-dark-flare-256-gb/p/itmd4bc1852572b9?pid=MOBHC645WDP8VHJX&lid=LSTMOBHC645WDP8VHJXT0HRMI&marketplace=FLIPKART&q=smart+phones&store=tyy%2F4io&srno=s_12_268&otracker=search&fm=organic&iid=0bbb5d77-52dc-4887-8411-cc590cb9d529.MOBHC645WDP8VHJX.SEARCH&ppt=None&ppn=None&ssid=2yxwsmuqpc0000001789548286773&qH=a5594894156db043&ov_redirect=true,2026-09-16
269,"OnePlus N6X (Burgundy Red, 128 GB)",OnePlus,22678,28999,21% off,4,81,6,4 GB RAM,128 GB ROM,7000 mAh Battery,MediaTek Dimensity 6360 Apex Processor,17.27 cm (6.8 inch) HD+ Display,13MP Rear Camera,,https://www.flipkart.com/oneplus-n6x-burgundy-red-128-gb/p/itm4be54d70a3bed?pid=MOBHPTHXHRAF8UHZ&lid=LSTMOBHPTHXHRAF8UHZ64ETEX&marketplace=FLIPKART&q=smart+phones&store=tyy%2F4io&srno=s_12_269&otracker=search&fm=organic&iid=0bbb5d77-52dc-4887-8411-cc590cb9d529.MOBHPTHXHRAF8UHZ.SEARCH&ppt=None&ppn=None&ssid=2yxwsmuqpc0000001789548286773&qH=a5594894156db043&ov_redirect=true,2026-09-16
270,"REDMI Note-14 Pro+ 5G (Phantom Purple, 128 GB)",REDMI,29999,34999,14% off,4.4,815,60,8 GB RAM,128 GB ROM,6200 mAh Battery,7s Gen 3 Processor,16.94 cm (6.67 inch) Display,50MP + 50MP + 8MP | 20MP Front Camera,,https://www.flipkart.com/redmi-note-14-pro-5g-phantom-purple-128-gb/p/itmf69d377f9a8fb?pid=MOBH8BW3FUDN5Z2P&lid=LSTMOBH8BW3FUDN5Z2PYLLLJY&marketplace=FLIPKART&q=smart+phones&store=tyy%2F4io&srno=s_12_270&otracker=search&fm=organic&iid=0bbb5d77-52dc-4887-8411-cc590cb9d529.MOBH8BW3FUDN5Z2P.SEARCH&ppt=None&ppn=None&ssid=2yxwsmuqpc0000001789548286773&qH=a5594894156db043&ov_redirect=true,2026-09-16
271,"REDMI Note-14 Pro 5G (Phantom Purple, 256 GB)",REDMI,27964,30999,9% off,4.3,"1,160",83,8 GB RAM,256 GB ROM,5500 mAh Battery,Dimensity 7300 Ultra Processor,16.94 cm (6.67 inch) Display,50MP + 8MP + 2MP | 20MP Front Camera,,https://www.flipkart.com/redmi-note-14-pro-5g-phantom-purple-256-gb/p/itm124f940049e20?pid=MOBH8BW3AGGHVKRR&lid=LSTMOBH8BW3AGGHVKRRAA2DO7&marketplace=FLIPKART&q=smart+phones&store=tyy%2F4io&srno=s_12_271&otracker=search&fm=organic&iid=0bbb5d77-52dc-4887-8411-cc590cb9d529.MOBH8BW3AGGHVKRR.SEARCH&ppt=None&ppn=None&ssid=2yxwsmuqpc0000001789548286773&qH=a5594894156db043&ov_redirect=true,2026-09-16
272,"REDMI 15C 5G (Dusk Purple, 128 GB)",REDMI,17462,23299,25% off,3.7,819,87,4 GB RAM,128 GB ROM,6000 mAh Battery,,17.53 cm (6.9 inch) Display,50MP Rear Camera,,https://www.flipkart.com/redmi-15c-5g-dusk-purple-128-gb/p/itmc1345bb45eef3?pid=MOBHGGZ2SC2RPWAZ&lid=LSTMOBHGGZ2SC2RPWAZOFTNE4&marketplace=FLIPKART&q=smart+phones&store=tyy%2F4io&srno=s_12_272&otracker=search&fm=organic&iid=0bbb5d77-52dc-4887-8411-cc590cb9d529.MOBHGGZ2SC2RPWAZ.SEARCH&ppt=None&ppn=None&ssid=2yxwsmuqpc0000001789548286773&qH=a5594894156db043&ov_redirect=true,2026-09-16
273,"realme P4 Power 5G (TransSilver, 128 GB)",realme,32999,,,4.4,"8,295",864,8 GB RAM,128 GB ROM,10001 mAh Battery,Dimensity 7400 Ultra Processor,17.27 cm (6.8 inch) Full HD+ AMOLED Display,,,https://www.flipkart.com/realme-p4-power-5g-transsilver-128-gb/p/itm49784b322aad0?pid=MOBHJHSHMQDGQSAD&lid=LSTMOBHJHSHMQDGQSADIONHIC&marketplace=FLIPKART&q=smart+phones&store=tyy%2F4io&srno=s_12_273&otracker=search&fm=organic&iid=0bbb5d77-52dc-4887-8411-cc590cb9d529.MOBHJHSHMQDGQSAD.SEARCH&ppt=None&ppn=None&ssid=2yxwsmuqpc0000001789548286773&qH=a5594894156db043&ov_redirect=true,2026-09-16
274,"Google Pixel 10a (Lavender, 256 GB)",Google,52999,55999,5% off,4.5,"2,992",337,8 GB RAM,256 GB ROM,5100 mAh Lithium Battery,Tensor G4 Processor,16.0 cm (6.3 inch) Full HD+ AMOLED Display,48MP + 13MP | 13MP Front Camera,,https://www.flipkart.com/google-pixel-10a-lavender-256-gb/p/itmba3073a0f391e?pid=MOBHP6CE4EYBUEW9&lid=LSTMOBHP6CE4EYBUEW9IMTJGH&marketplace=FLIPKART&q=smart+phones&store=tyy%2F4io&srno=s_12_274&otracker=search&fm=organic&iid=0bbb5d77-52dc-4887-8411-cc590cb9d529.MOBHP6CE4EYBUEW9.SEARCH&ppt=None&ppn=None&ssid=2yxwsmuqpc0000001789548286773&qH=a5594894156db043&ov_redirect=true,2026-09-16
275,"vivo Y11 5G (Mystic Blue, 64 GB)",vivo,17999,39999,55% off,4,826,49,4 GB RAM,64 GB ROM,6500 mAh Li-ion Battery,Dimensity 6300 Processor,17.12 cm (6.74 inch) HD+ Display,13MP + 0.08MP | 5MP Front Camera,,https://www.flipkart.com/vivo-y11-5g-mystic-blue-64-gb/p/itm722b8f27be0b8?pid=MOBHZF4TRQECK68N&lid=LSTMOBHZF4TRQECK68NZFXF4G&marketplace=FLIPKART&q=smart+phones&store=tyy%2F4io&srno=s_12_275&otracker=search&fm=organic&iid=0bbb5d77-52dc-4887-8411-cc590cb9d529.MOBHZF4TRQECK68N.SEARCH&ppt=None&ppn=None&ssid=2yxwsmuqpc0000001789548286773&qH=a5594894156db043&ov_redirect=true,2026-09-16
276,"REDMI Note-14 Pro 5G (Ivy Green, 256 GB)",REDMI,26839,30999,13% off,4.3,"1,160",83,8 GB RAM,256 GB ROM,5500 mAh Battery,Dimensity 7300 Ultra Processor,16.94 cm (6.67 inch) Display,50MP + 8MP + 2MP | 20MP Front Camera,,https://www.flipkart.com/redmi-note-14-pro-5g-ivy-green-256-gb/p/itm124f940049e20?pid=MOBH8BW3XZ6CMJBW&lid=LSTMOBH8BW3XZ6CMJBW95GXWL&marketplace=FLIPKART&q=smart+phones&store=tyy%2F4io&srno=s_12_276&otracker=search&fm=organic&iid=0bbb5d77-52dc-4887-8411-cc590cb9d529.MOBH8BW3XZ6CMJBW.SEARCH&ppt=None&ppn=None&ssid=2yxwsmuqpc0000001789548286773&qH=a5594894156db043&ov_redirect=true,2026-09-16
277,"POCO M8 (Frost Silver, 128 GB)",POCO,24999,25999,3% off,4.3,"3,716",354,6 GB RAM,128 GB ROM,5520 mAh Battery,,17.2 cm (6.77 inch) Full HD+ Display,50MP Rear Camera | 20MP Front Camera,,https://www.flipkart.com/poco-m8-frost-silver-128-gb/p/itm42b9da2073832?pid=MOBHMGG5HBC8MRBG&lid=LSTMOBHMGG5HBC8MRBGXF9FVG&marketplace=FLIPKART&q=smart+phones&store=tyy%2F4io&srno=s_12_277&otracker=search&fm=organic&iid=0bbb5d77-52dc-4887-8411-cc590cb9d529.MOBHMGG5HBC8MRBG.SEARCH&ppt=None&ppn=None&ssid=2yxwsmuqpc0000001789548286773&qH=a5594894156db043&ov_redirect=true,2026-09-16
278,"IQOO 15 5G (Legend, 256 GB)",IQOO,76999,,,4.7,450,56,12 GB RAM,256 GB ROM,7000 mAh Battery,,17.4 cm (6.85 inch) Display,50MP Rear Camera,,https://www.flipkart.com/iqoo-15-5g-legend-256-gb/p/itm9db365d8009fa?pid=MOBHGFAZH8DZGNU4&lid=LSTMOBHGFAZH8DZGNU45V2CYG&marketplace=FLIPKART&q=smart+phones&store=tyy%2F4io&srno=s_12_278&otracker=search&fm=organic&iid=0bbb5d77-52dc-4887-8411-cc590cb9d529.MOBHGFAZH8DZGNU4.SEARCH&ppt=None&ppn=None&ssid=2yxwsmuqpc0000001789548286773&qH=a5594894156db043&ov_redirect=true,2026-09-16
279,"Apple iPhone 17e (Soft Pink, 256 GB)",Apple,64900,,,4.5,474,52,,,,,15.49 cm (6.1 inch) Super Retina XDR Display,"48MP Rear Camera | A19 chip, 6 Core",,https://www.flipkart.com/apple-iphone-17e-soft-pink-256-gb/p/itm124dbc903758f?pid=MOBHH2SHDXGYG2EZ&lid=LSTMOBHH2SHDXGYG2EZLIMNZK&marketplace=FLIPKART&q=smart+phones&store=tyy%2F4io&srno=s_12_279&otracker=search&fm=organic&iid=0bbb5d77-52dc-4887-8411-cc590cb9d529.MOBHH2SHDXGYG2EZ.SEARCH&ppt=None&ppn=None&ssid=2yxwsmuqpc0000001789548286773&qH=a5594894156db043&ov_redirect=true,2026-09-16
280,"IQOO Z11 lite 5G (Solar Flame, 128 GB)",IQOO,20415,33999,39% off,4,24,1,4 GB RAM,128 GB ROM,6500 mAh Battery,MediaTek Dimensity 6300 Processor,17.12 cm (6.74 inch) Display,50MP Rear Camera,,https://www.flipkart.com/iqoo-z11-lite-5g-solar-flame-128-gb/p/itmaa919fae95e49?pid=MOBHPMVMYDW6VGFV&lid=LSTMOBHPMVMYDW6VGFVJRJC14&marketplace=FLIPKART&q=smart+phones&store=tyy%2F4io&srno=s_12_280&otracker=search&fm=organic&iid=0bbb5d77-52dc-4887-8411-cc590cb9d529.MOBHPMVMYDW6VGFV.SEARCH&ppt=None&ppn=None&ssid=2yxwsmuqpc0000001789548286773&qH=a5594894156db043&ov_redirect=true,2026-09-16
281,"realme P4R 5G (Lavender Glare, 128 GB)",realme,22999,34999,34% off,4.2,"2,445",211,4 GB RAM,128 GB ROM,8000 mAh Lithium-ion polymer Battery,Dimensity 6300 Processor,17.27 cm (6.8 inch) HD+ Display,50MP Rear Camera | 8MP Front Camera,,https://www.flipkart.com/realme-p4r-5g-lavender-glare-128-gb/p/itmb42ae388c1ef6?pid=MOBHMYR337CQEU8E&lid=LSTMOBHMYR337CQEU8EI6OH9T&marketplace=FLIPKART&q=smart+phones&store=tyy%2F4io&srno=s_12_281&otracker=search&fm=organic&iid=0bbb5d77-52dc-4887-8411-cc590cb9d529.MOBHMYR337CQEU8E.SEARCH&ppt=None&ppn=None&ssid=2yxwsmuqpc0000001789548286773&qH=a5594894156db043&ov_redirect=true,2026-09-16
282,"realme P4R 5G (Lavender Glare, 128 GB)",realme,25999,39999,35% off,4.3,"4,898",393,6 GB RAM,128 GB ROM,8000 mAh Lithium-ion polymer Battery,Dimensity 6300 Processor,17.27 cm (6.8 inch) HD+ Display,50MP Rear Camera | 8MP Front Camera,,https://www.flipkart.com/realme-p4r-5g-lavender-glare-128-gb/p/itmb42ae388c1ef6?pid=MOBHMYR3NPFHTFHE&lid=LSTMOBHMYR3NPFHTFHEQL7J8Y&marketplace=FLIPKART&q=smart+phones&store=tyy%2F4io&srno=s_12_282&otracker=search&fm=organic&iid=0bbb5d77-52dc-4887-8411-cc590cb9d529.MOBHMYR3NPFHTFHE.SEARCH&ppt=None&ppn=None&ssid=2yxwsmuqpc0000001789548286773&qH=a5594894156db043&ov_redirect=true,2026-09-16
283,"realme P4R 5G (Titanium Glare, 128 GB)",realme,22999,34999,34% off,4.2,"2,445",211,4 GB RAM,128 GB ROM,8000 mAh Lithium-ion polymer Battery,Dimensity 6300 Processor,17.27 cm (6.8 inch) HD+ Display,50MP Rear Camera | 8MP Front Camera,,https://www.flipkart.com/realme-p4r-5g-titanium-glare-128-gb/p/itmb42ae388c1ef6?pid=MOBHMYR3WJZZMJCK&lid=LSTMOBHMYR3WJZZMJCKNRWMFS&marketplace=FLIPKART&q=smart+phones&store=tyy%2F4io&srno=s_12_283&otracker=search&fm=organic&iid=0bbb5d77-52dc-4887-8411-cc590cb9d529.MOBHMYR3WJZZMJCK.SEARCH&ppt=None&ppn=None&ssid=2yxwsmuqpc0000001789548286773&qH=a5594894156db043&ov_redirect=true,2026-09-16
284,"realme P4R 5G (Silver Glare, 128 GB)",realme,25999,39999,35% off,4.3,"4,898",393,6 GB RAM,128 GB ROM,8000 mAh Lithium-ion polymer Battery,Dimensity 6300 Processor,17.27 cm (6.8 inch) HD+ Display,50MP Rear Camera | 8MP Front Camera,,https://www.flipkart.com/realme-p4r-5g-silver-glare-128-gb/p/itmb42ae388c1ef6?pid=MOBHMYR3NMRPYBY4&lid=LSTMOBHMYR3NMRPYBY4B2EWSJ&marketplace=FLIPKART&q=smart+phones&store=tyy%2F4io&srno=s_12_284&otracker=search&fm=organic&iid=0bbb5d77-52dc-4887-8411-cc590cb9d529.MOBHMYR3NMRPYBY4.SEARCH&ppt=None&ppn=None&ssid=2yxwsmuqpc0000001789548286773&qH=a5594894156db043&ov_redirect=true,2026-09-16
285,"Ai+ Nova 2 Pro 5G (Green, 128 GB)",Ai+,17999,21999,18% off,4.1,"2,070",244,6 GB RAM,128 GB ROM,6000 mAh Li-polymer Battery,Dimensity 7100 Processor,17.53 cm (6.9 inch) Full HD+ Display,48MP Rear Camera | 13MP Front Camera,,https://www.flipkart.com/ai-nova-2-pro-5g-green-128-gb/p/itma368934ad2791?pid=MOBHZ8ZMBGAXGJTE&lid=LSTMOBHZ8ZMBGAXGJTE4LQRH6&marketplace=FLIPKART&q=smart+phones&store=tyy%2F4io&srno=s_12_285&otracker=search&fm=organic&iid=0bbb5d77-52dc-4887-8411-cc590cb9d529.MOBHZ8ZMBGAXGJTE.SEARCH&ppt=None&ppn=None&ssid=2yxwsmuqpc0000001789548286773&qH=a5594894156db043&ov_redirect=true,2026-09-16
286,"realme P4R 5G (Silver Glare, 128 GB)",realme,22999,34999,34% off,4.2,"2,445",211,4 GB RAM,128 GB ROM,8000 mAh Lithium-ion polymer Battery,Dimensity 6300 Processor,17.27 cm (6.8 inch) HD+ Display,50MP Rear Camera | 8MP Front Camera,,https://www.flipkart.com/realme-p4r-5g-silver-glare-128-gb/p/itmb42ae388c1ef6?pid=MOBHMYR3EJZ8J2ES&lid=LSTMOBHMYR3EJZ8J2ESNKDP7V&marketplace=FLIPKART&q=smart+phones&store=tyy%2F4io&srno=s_12_286&otracker=search&fm=organic&iid=0bbb5d77-52dc-4887-8411-cc590cb9d529.MOBHMYR3EJZ8J2ES.SEARCH&ppt=None&ppn=None&ssid=2yxwsmuqpc0000001789548286773&qH=a5594894156db043&ov_redirect=true,2026-09-16
287,Vivo T4 Lite 5G (Titanium Gold 2026) (4GB 128GB),Vivo,18999,28999,34% off,4.3,"43,692","1,977",4 GB RAM,128 GB ROM,6000 mAh Battery,Dimensity 6300 5G Processor,17.12 cm (6.74 inch) HD+ Display,50MP + 2MP | 5MP Front Camera,5G,https://www.flipkart.com/vivo-t4-lite-5g-titanium-gold-2026-4gb-128gb/p/itm49fb53d099f3c?pid=MOBHNCRKN8ZBGAJR&lid=LSTMOBHNCRKN8ZBGAJREUTFV0&marketplace=FLIPKART&q=smart+phones&store=tyy%2F4io&srno=s_12_287&otracker=search&fm=organic&iid=0bbb5d77-52dc-4887-8411-cc590cb9d529.MOBHNCRKN8ZBGAJR.SEARCH&ppt=None&ppn=None&ssid=2yxwsmuqpc0000001789548286773&qH=a5594894156db043&ov_redirect=true,2026-09-16
288,"MOTOROLA G77 Power (PANTONE Fuchsia Red, 128 GB)",MOTOROLA,26999,44999,40% off,4.1,110,15,8 GB RAM,128 GB ROM,7000 mAh Battery,Dimensity 6400 Processor,17.07 cm (6.72 inch) Full HD+ Display,50MP + 8MP | 32MP Front Camera,,https://www.flipkart.com/motorola-g77-power-pantone-fuchsia-red-128-gb/p/itm5da72dfa8f2fd?pid=MOBHNEZPKXSZXFY6&lid=LSTMOBHNEZPKXSZXFY65LXHAK&marketplace=FLIPKART&q=smart+phones&store=tyy%2F4io&srno=s_12_288&otracker=search&fm=organic&iid=0bbb5d77-52dc-4887-8411-cc590cb9d529.MOBHNEZPKXSZXFY6.SEARCH&ppt=None&ppn=None&ssid=2yxwsmuqpc0000001789548286773&qH=a5594894156db043&ov_redirect=true,2026-09-16
289,"Samsung Galaxy M17e 5G (Blitz Blue, 128 GB)",Samsung,16789,18999,11% off,4.1,75,8,4 GB RAM,128 GB ROM,6000 mAh Battery,Dimensity 6300 Processor,17.02 cm (6.7 inch) HD+ Display,50MP Rear Camera | 8MP Front Camera,,https://www.flipkart.com/samsung-galaxy-m17e-5g-blitz-blue-128-gb/p/itm94d52438549d6?pid=MOBHHTAUEZHBNGAQ&lid=LSTMOBHHTAUEZHBNGAQYMGE5T&marketplace=FLIPKART&q=smart+phones&store=tyy%2F4io&srno=s_13_289&otracker=search&fm=organic&iid=b1ce1a0f-74e8-4a58-a79c-1ae8a9e145a0.MOBHHTAUEZHBNGAQ.SEARCH&ppt=None&ppn=None&ssid=0337d4alcg0000001789548289528&qH=a5594894156db043&ov_redirect=true,2026-09-16
290,"realme P4 Lite 5G (Mosaic Blue, 64 GB)",realme,18999,28999,34% off,4.2,"14,330",898,4 GB RAM,64 GB ROM,7000 mAh lithium-ion polymer Battery,Dimensity 6300 Processor,17.27 cm (6.8 inches) HD+ Display,13MP Rear Camera | 5MP Front Camera,,https://www.flipkart.com/realme-p4-lite-5g-mosaic-blue-64-gb/p/itm90c243961f214?pid=MOBHN7A8CMJGRACT&lid=LSTMOBHN7A8CMJGRACTDRIOJU&marketplace=FLIPKART&q=smart+phones&store=tyy%2F4io&srno=s_13_290&otracker=search&fm=organic&iid=b1ce1a0f-74e8-4a58-a79c-1ae8a9e145a0.MOBHN7A8CMJGRACT.SEARCH&ppt=None&ppn=None&ssid=0337d4alcg0000001789548289528&qH=a5594894156db043&ov_redirect=true,2026-09-16
291,"Tecno Spark 50 5G (Mint Green, 128 GB)",Tecno,19999,27999,28% off,3.7,116,19,4 GB RAM,128 GB ROM,6500 mAh Lithium Polymer Battery,Dimensity 6400 Processor,17.22 cm (6.78 inch) Display,50MP Rear Camera | 8MP Front Camera,,https://www.flipkart.com/tecno-spark-50-5g-mint-green-128-gb/p/itmb3923bf4ff9a6?pid=MOBHHH5TZMHQCMSU&lid=LSTMOBHHH5TZMHQCMSUN8RIDD&marketplace=FLIPKART&q=smart+phones&store=tyy%2F4io&srno=s_13_291&otracker=search&fm=organic&iid=en_bne69a0V2xVfZGZRYmfLRnZcM2eCT0V1S_kVS9PRaJkYRgrzSLbXXEDOwXmOmneVEkNWyXUFNnHiWROKxaC-hv6ZZvGaaMvyXK9MBuHDlM36DAH15w6xKQ26OdIt9e3F&ppt=None&ppn=None&ssid=0337d4alcg0000001789548289528&qH=a5594894156db043&ov_redirect=true,2026-09-16
292,"Google Pixel 11 Pro (Obsidian, 256 GB)",Google,119999,,,4.5,51,11,12 GB RAM,256 GB ROM,4850 mAh Lithium Battery,Tensor G6 Processor,16.0 cm (6.3 inch) Super Actua Display,50MP + 48MP + 48MP | 42MP Front Camera,,https://www.flipkart.com/google-pixel-11-pro-obsidian-256-gb/p/itm43ed1a7482f41?pid=MOBHPHNVWHPZYAGY&lid=LSTMOBHPHNVWHPZYAGYO7Q4AF&marketplace=FLIPKART&q=smart+phones&store=tyy%2F4io&srno=s_13_292&otracker=search&fm=organic&iid=b1ce1a0f-74e8-4a58-a79c-1ae8a9e145a0.MOBHPHNVWHPZYAGY.SEARCH&ppt=None&ppn=None&ssid=0337d4alcg0000001789548289528&qH=a5594894156db043&ov_redirect=true,2026-09-16
293,"vivo T5 5G (Royal Bronze, 256 GB)",vivo,49999,69999,28% off,4.6,17,2,12 GB RAM,256 GB ROM,7050 mAh Li-ion Battery,Dimensity 7500 Processor,17.35 cm (6.83 inch) Full HD+ AMOLED Display,50MP + 8MP | 32MP Front Camera,,https://www.flipkart.com/vivo-t5-5g-royal-bronze-256-gb/p/itm8fa150d1fa2d2?pid=MOBHQC8DXH3M8M9G&lid=LSTMOBHQC8DXH3M8M9GQI7WKT&marketplace=FLIPKART&q=smart+phones&store=tyy%2F4io&srno=s_13_293&otracker=search&fm=organic&iid=b1ce1a0f-74e8-4a58-a79c-1ae8a9e145a0.MOBHQC8DXH3M8M9G.SEARCH&ppt=None&ppn=None&ssid=0337d4alcg0000001789548289528&qH=a5594894156db043&ov_redirect=true,2026-09-16
294,"Infinix SMART 20 (Polaris Titanium, 64 GB)",Infinix,11999,19999,40% off,4,245,29,4 GB RAM,64 GB ROM,5200 mAh Battery,Helio G81 Ultimate Processor,17.22 cm (6.78 inch) HD+ Display,8MP Rear Camera | 8MP Front Camera,,https://www.flipkart.com/infinix-smart-20-polaris-titanium-64-gb/p/itmf761cd49f9162?pid=MOBHNMEETYFWZNHQ&lid=LSTMOBHNMEETYFWZNHQVTGCIP&marketplace=FLIPKART&q=smart+phones&store=tyy%2F4io&srno=s_13_294&otracker=search&fm=organic&iid=b1ce1a0f-74e8-4a58-a79c-1ae8a9e145a0.MOBHNMEETYFWZNHQ.SEARCH&ppt=None&ppn=None&ssid=0337d4alcg0000001789548289528&qH=a5594894156db043&ov_redirect=true,2026-09-16
295,"Infinix SMART 20 (Shadow Black, 64 GB)",Infinix,11999,19999,40% off,4,245,29,4 GB RAM,64 GB ROM,5200 mAh Battery,Helio G81 Ultimate Processor,17.22 cm (6.78 inch) HD+ Display,8MP Rear Camera | 8MP Front Camera,,https://www.flipkart.com/infinix-smart-20-shadow-black-64-gb/p/itmf761cd49f9162?pid=MOBHNMEEJVRS9GJG&lid=LSTMOBHNMEEJVRS9GJG6RX37Q&marketplace=FLIPKART&q=smart+phones&store=tyy%2F4io&srno=s_13_295&otracker=search&fm=organic&iid=b1ce1a0f-74e8-4a58-a79c-1ae8a9e145a0.MOBHNMEEJVRS9GJG.SEARCH&ppt=None&ppn=None&ssid=0337d4alcg0000001789548289528&qH=a5594894156db043&ov_redirect=true,2026-09-16
296,"realme Gt 7 (Icesense Blue, 512 GB)",realme,48999,52999,7% off,4.5,"1,465",189,12 GB RAM,512 GB ROM,7000 mAh Battery,Dimensity Processor,17.22 cm (6.78 inch) Full HD+ AMOLED Display,50MP + 50MP + 50MP + 8MP | 32MP + 32MP Dual Front Camera,,https://www.flipkart.com/realme-gt-7-icesense-blue-512-gb/p/itm6cc8f84d92e2f?pid=MOBHCM4EZEQ7UHHP&lid=LSTMOBHCM4EZEQ7UHHP0QXCGY&marketplace=FLIPKART&q=smart+phones&store=tyy%2F4io&srno=s_13_296&otracker=search&fm=organic&iid=b1ce1a0f-74e8-4a58-a79c-1ae8a9e145a0.MOBHCM4EZEQ7UHHP.SEARCH&ppt=None&ppn=None&ssid=0337d4alcg0000001789548289528&qH=a5594894156db043&ov_redirect=true,2026-09-16
297,"Samsung Galaxy S25 FE 5G (White, 128 GB)",Samsung,54999,59999,8% off,4.6,"3,386",555,8 GB RAM,128 GB ROM,4900 mAh Li-ion Battery,Exynos 2400 Processor,17.02 cm (6.7 inch) Full HD+ Display,50MP + 12MP + 8MP | 12MP Front Camera,,https://www.flipkart.com/samsung-galaxy-s25-fe-5g-white-128-gb/p/itm445bb80ffac26?pid=MOBHFHS5EBV9FDYZ&lid=LSTMOBHFHS5EBV9FDYZADBWQH&marketplace=FLIPKART&q=smart+phones&store=tyy%2F4io&srno=s_13_297&otracker=search&fm=organic&iid=b1ce1a0f-74e8-4a58-a79c-1ae8a9e145a0.MOBHFHS5EBV9FDYZ.SEARCH&ppt=None&ppn=None&ssid=0337d4alcg0000001789548289528&qH=a5594894156db043&ov_redirect=true,2026-09-16
298,Micromax X1i Smart Plus,Micromax,1381,2099,34% off,3.6,"1,126",92,32 MB RAM,32 MB ROM,1750 mAh Battery,,6.1 cm (2.4 inch) VGA Display,0.08MP Rear Camera,,https://www.flipkart.com/micromax-x1i-smart-plus/p/itm5bd42940e548f?pid=MOBH6EMFPYC2TCGB&lid=LSTMOBH6EMFPYC2TCGBEE1R4T&marketplace=FLIPKART&q=smart+phones&store=tyy%2F4io&srno=s_13_298&otracker=search&fm=organic&iid=b1ce1a0f-74e8-4a58-a79c-1ae8a9e145a0.MOBH6EMFPYC2TCGB.SEARCH&ppt=None&ppn=None&ssid=0337d4alcg0000001789548289528&qH=a5594894156db043&ov_redirect=true,2026-09-16
299,"REDMI Note-14 Pro+ 5G (Spectre Blue, 128 GB)",REDMI,27850,34999,20% off,4.4,815,60,8 GB RAM,128 GB ROM,6200 mAh Battery,7s Gen 3 Processor,16.94 cm (6.67 inch) Display,50MP + 50MP + 8MP | 20MP Front Camera,,https://www.flipkart.com/redmi-note-14-pro-5g-spectre-blue-128-gb/p/itmf69d377f9a8fb?pid=MOBH8BW3EGBFXZB6&lid=LSTMOBH8BW3EGBFXZB6QGWOKM&marketplace=FLIPKART&q=smart+phones&store=tyy%2F4io&srno=s_13_299&otracker=search&fm=organic&iid=b1ce1a0f-74e8-4a58-a79c-1ae8a9e145a0.MOBH8BW3EGBFXZB6.SEARCH&ppt=None&ppn=None&ssid=0337d4alcg0000001789548289528&qH=a5594894156db043&ov_redirect=true,2026-09-16
300,"Ai+ Nova 2 Neo 5G (Black, 128 GB)",Ai+,16999,19999,15% off,4.2,956,85,6 GB RAM,128 GB ROM,6000 mAh Li-polymer Battery,Dimensity 6300 Processor,17.13 cm (6.745 inch) HD+ Display,48MP Rear Camera | 8MP Front Camera,,https://www.flipkart.com/ai-nova-2-neo-5g-black-128-gb/p/itmc790f4d613a76?pid=MOBHZ8ZMYWGY8VKA&lid=LSTMOBHZ8ZMYWGY8VKAHZULV3&marketplace=FLIPKART&q=smart+phones&store=tyy%2F4io&srno=s_13_300&otracker=search&fm=organic&iid=b1ce1a0f-74e8-4a58-a79c-1ae8a9e145a0.MOBHZ8ZMYWGY8VKA.SEARCH&ppt=None&ppn=None&ssid=0337d4alcg0000001789548289528&qH=a5594894156db043&ov_redirect=true,2026-09-16
301,"realme Narzo 100 Lite 5G (Frost Silver, 128 GB)",realme,21460,31999,32% off,4.2,154,10,6 GB RAM,128 GB ROM,7000 mAh Battery,,17.27 cm (6.8 inch) Display,13MP Rear Camera,,https://www.flipkart.com/realme-narzo-100-lite-5g-frost-silver-128-gb/p/itm659398bfe469c?pid=MOBHMZ3QYVFHZCAH&lid=LSTMOBHMZ3QYVFHZCAHLNTJL3&marketplace=FLIPKART&q=smart+phones&store=tyy%2F4io&srno=s_13_301&otracker=search&fm=organic&iid=b1ce1a0f-74e8-4a58-a79c-1ae8a9e145a0.MOBHMZ3QYVFHZCAH.SEARCH&ppt=None&ppn=None&ssid=0337d4alcg0000001789548289528&qH=a5594894156db043&ov_redirect=true,2026-09-16
302,"POCO C71  - Locked with Airtel Prepaid (Desert Gold, 64 GB)",POCO,8999,,,3.8,"61,823","3,317",4 GB RAM,64 GB ROM,5200 mAh Battery,Unisoc T7250,17.48 cm (6.88 inch) HD+ Display,32MP Rear Camera | 8MP Front Camera,,https://www.flipkart.com/poco-c71-locked-airtel-prepaid-desert-gold-64-gb/p/itmb0bb5af15d090?pid=MOBHAFVJ5QYQMBRV&lid=LSTMOBHAFVJ5QYQMBRVX1X4P4&marketplace=FLIPKART&q=smart+phones&store=tyy%2F4io&srno=s_13_302&otracker=search&fm=organic&iid=b1ce1a0f-74e8-4a58-a79c-1ae8a9e145a0.MOBHAFVJ5QYQMBRV.SEARCH&ppt=None&ppn=None&ssid=0337d4alcg0000001789548289528&qH=a5594894156db043&ov_redirect=true,2026-09-16
303,"MOTOROLA g24 Power (Glacier Blue, 128 GB)",MOTOROLA,9999,11999,16% off,4.2,"15,336","1,133",4 GB RAM,128 GB ROM,6000 mAh Battery,Helio G85 Processor,16.76 cm (6.6 inch) HD+ Display,50MP + 2MP | 16MP Front Camera,,https://www.flipkart.com/motorola-g24-power-glacier-blue-128-gb/p/itm766650509967e?pid=MOBGUFK4FEVX2D5T&lid=LSTMOBGUFK4FEVX2D5TLQB9XK&marketplace=FLIPKART&q=smart+phones&store=tyy%2F4io&srno=s_13_303&otracker=search&fm=organic&iid=b1ce1a0f-74e8-4a58-a79c-1ae8a9e145a0.MOBGUFK4FEVX2D5T.SEARCH&ppt=None&ppn=None&ssid=0337d4alcg0000001789548289528&qH=a5594894156db043&ov_redirect=true,2026-09-16
304,"MOTOROLA g35 5G (Leaf Green, 128 GB)",MOTOROLA,12499,,,4.2,"1,40,487","9,739",4 GB RAM,128 GB ROM,5000 mAh Battery,T760 Processor,17.07 cm (6.72 inch) Full HD+ Display,50MP + 8MP | 16MP Front Camera,5G,https://www.flipkart.com/motorola-g35-5g-leaf-green-128-gb/p/itma3ca32cc93927?pid=MOBH3YGPQHRSNQED&lid=LSTMOBH3YGPQHRSNQEDLDGOMQ&marketplace=FLIPKART&q=smart+phones&store=tyy%2F4io&srno=s_13_304&otracker=search&fm=organic&iid=b1ce1a0f-74e8-4a58-a79c-1ae8a9e145a0.MOBH3YGPQHRSNQED.SEARCH&ppt=None&ppn=None&ssid=0337d4alcg0000001789548289528&qH=a5594894156db043&ov_redirect=true,2026-09-16
305,"Infinix SMART 10 (Twilight Gold, 64 GB)",Infinix,11999,,,4.3,"1,340",94,4 GB RAM,64 GB ROM,5000 mAh Battery,UniSoc T7250 Processor,16.94 cm (6.67 inch) HD+ Display,8MP Rear Camera | 8MP Front Camera,,https://www.flipkart.com/infinix-smart-10-twilight-gold-64-gb/p/itm0bde9cee1963a?pid=MOBHDVGSYQ7Z3AYP&lid=LSTMOBHDVGSYQ7Z3AYPBBWMOI&marketplace=FLIPKART&q=smart+phones&store=tyy%2F4io&srno=s_13_305&otracker=search&fm=organic&iid=b1ce1a0f-74e8-4a58-a79c-1ae8a9e145a0.MOBHDVGSYQ7Z3AYP.SEARCH&ppt=None&ppn=None&ssid=0337d4alcg0000001789548289528&qH=a5594894156db043&ov_redirect=true,2026-09-16
306,"Infinix SMART 10 (Sleek Black, 64 GB)",Infinix,11999,,,4.3,"1,340",94,4 GB RAM,64 GB ROM,5000 mAh Battery,UniSoc T7250 Processor,16.94 cm (6.67 inch) HD+ Display,8MP Rear Camera | 8MP Front Camera,,https://www.flipkart.com/infinix-smart-10-sleek-black-64-gb/p/itm0bde9cee1963a?pid=MOBHDVGSPFX6ZAEG&lid=LSTMOBHDVGSPFX6ZAEGQYLPDK&marketplace=FLIPKART&q=smart+phones&store=tyy%2F4io&srno=s_13_306&otracker=search&fm=organic&iid=b1ce1a0f-74e8-4a58-a79c-1ae8a9e145a0.MOBHDVGSPFX6ZAEG.SEARCH&ppt=None&ppn=None&ssid=0337d4alcg0000001789548289528&qH=a5594894156db043&ov_redirect=true,2026-09-16
307,"MOTOROLA g06 power (Pantone tapestry, 64 GB)",MOTOROLA,15999,19999,20% off,4.2,"23,689","1,631",4 GB RAM,64 GB ROM,7000 mAh Battery,Helio G81 Processor,17.48 cm (6.88 inch) HD+ Display,50MP Rear Camera | 8MP Front Camera,,https://www.flipkart.com/motorola-g06-power-pantone-tapestry-64-gb/p/itm29390fa68401d?pid=MOBHN973FFYHGUGG&lid=LSTMOBHN973FFYHGUGG27JKDQ&marketplace=FLIPKART&q=smart+phones&store=tyy%2F4io&srno=s_13_307&otracker=search&fm=organic&iid=b1ce1a0f-74e8-4a58-a79c-1ae8a9e145a0.MOBHN973FFYHGUGG.SEARCH&ppt=None&ppn=None&ssid=0337d4alcg0000001789548289528&qH=a5594894156db043&ov_redirect=true,2026-09-16
308,"MOTOROLA g24 Power (Ink blue, 128 GB)",MOTOROLA,10999,12999,15% off,4.2,"12,929",895,8 GB RAM,128 GB ROM,6000 mAh Battery,Helio G85 Processor,16.76 cm (6.6 inch) HD+ Display,50MP + 2MP | 16MP Front Camera,,https://www.flipkart.com/motorola-g24-power-ink-blue-128-gb/p/itm38450b60d2af2?pid=MOBGUFK4RNVPCG3M&lid=LSTMOBGUFK4RNVPCG3M3BS00T&marketplace=FLIPKART&q=smart+phones&store=tyy%2F4io&srno=s_13_308&otracker=search&fm=organic&iid=b1ce1a0f-74e8-4a58-a79c-1ae8a9e145a0.MOBGUFK4RNVPCG3M.SEARCH&ppt=None&ppn=None&ssid=0337d4alcg0000001789548289528&qH=a5594894156db043&ov_redirect=true,2026-09-16
309,"MOTOROLA G04 (Sea Green, 64 GB)",MOTOROLA,9999,,,4.2,"16,151","1,019",4 GB RAM,64 GB ROM,5000 mAh Battery,Unisoc T606 Processor,16.76 cm (6.6 inch) HD+ Display,16MP Rear Camera | 5MP Front Camera,,https://www.flipkart.com/motorola-g04-sea-green-64-gb/p/itma5e47013b85f7?pid=MOBGUFK4HDHHKJPP&lid=LSTMOBGUFK4HDHHKJPPHSEUS3&marketplace=FLIPKART&q=smart+phones&store=tyy%2F4io&srno=s_13_309&otracker=search&fm=organic&iid=b1ce1a0f-74e8-4a58-a79c-1ae8a9e145a0.MOBGUFK4HDHHKJPP.SEARCH&ppt=None&ppn=None&ssid=0337d4alcg0000001789548289528&qH=a5594894156db043&ov_redirect=true,2026-09-16
310,"MOTOROLA g24 Power (Glacier Blue, 128 GB)",MOTOROLA,10999,12999,15% off,4.2,"12,929",895,8 GB RAM,128 GB ROM,6000 mAh Battery,Helio G85 Processor,16.76 cm (6.6 inch) HD+ Display,50MP + 2MP | 16MP Front Camera,,https://www.flipkart.com/motorola-g24-power-glacier-blue-128-gb/p/itm981de8de27246?pid=MOBGUFK4BDFF37GG&lid=LSTMOBGUFK4BDFF37GGDGP5Y4&marketplace=FLIPKART&q=smart+phones&store=tyy%2F4io&srno=s_13_310&otracker=search&fm=organic&iid=b1ce1a0f-74e8-4a58-a79c-1ae8a9e145a0.MOBGUFK4BDFF37GG.SEARCH&ppt=None&ppn=None&ssid=0337d4alcg0000001789548289528&qH=a5594894156db043&ov_redirect=true,2026-09-16
311,"MOTOROLA g06 power (Pantone Laurel Oak, 64 GB)",MOTOROLA,15999,19999,20% off,4.2,"23,689","1,631",4 GB RAM,64 GB ROM,7000 mAh Battery,Helio G81 Processor,17.48 cm (6.88 inch) HD+ Display,50MP Rear Camera | 8MP Front Camera,,https://www.flipkart.com/motorola-g06-power-pantone-laurel-oak-64-gb/p/itm1010d22c11412?pid=MOBHN973VRPBQTKY&lid=LSTMOBHN973VRPBQTKYGYH2X6&marketplace=FLIPKART&q=smart+phones&store=tyy%2F4io&srno=s_13_311&otracker=search&fm=organic&iid=b1ce1a0f-74e8-4a58-a79c-1ae8a9e145a0.MOBHN973VRPBQTKY.SEARCH&ppt=None&ppn=None&ssid=0337d4alcg0000001789548289528&qH=a5594894156db043&ov_redirect=true,2026-09-16
312,"Motorola g04s (Sea Green, 64 GB)",Motorola,9999,,,4.2,"30,190","1,629",4 GB RAM,64 GB ROM,5000 mAh Battery,T606 Processor,16.76 cm (6.6 inch) HD+ Display,50MP Rear Camera | 5MP Front Camera,,https://www.flipkart.com/motorola-g04s-sea-green-64-gb/p/itm6d82d81cfa8da?pid=MOBHY9PQZACQBKGG&lid=LSTMOBHY9PQZACQBKGGHNT2FF&marketplace=FLIPKART&q=smart+phones&store=tyy%2F4io&srno=s_13_312&otracker=search&fm=organic&iid=b1ce1a0f-74e8-4a58-a79c-1ae8a9e145a0.MOBHY9PQZACQBKGG.SEARCH&ppt=None&ppn=None&ssid=0337d4alcg0000001789548289528&qH=a5594894156db043&ov_redirect=true,2026-09-16
313,"MOTOROLA G04 (Satin Blue, 64 GB)",MOTOROLA,9999,,,4.2,"16,151","1,019",4 GB RAM,64 GB ROM,5000 mAh Battery,Unisoc T606 Processor,16.76 cm (6.6 inch) HD+ Display,16MP Rear Camera | 5MP Front Camera,,https://www.flipkart.com/motorola-g04-satin-blue-64-gb/p/itmf126d16fff1b9?pid=MOBGUFK4X5AEBBDE&lid=LSTMOBGUFK4X5AEBBDECQBQRW&marketplace=FLIPKART&q=smart+phones&store=tyy%2F4io&srno=s_14_313&otracker=search&fm=organic&iid=a848c922-17a6-4c74-987c-d9ccb45e6593.MOBGUFK4X5AEBBDE.SEARCH&ppt=None&ppn=None&ssid=wrtkllb3nk0000001789548292298&qH=a5594894156db043&ov_redirect=true,2026-09-16
314,"Infinix SMART 10 (Titanium Silver, 64 GB)",Infinix,11999,,,4.3,"1,340",94,4 GB RAM,64 GB ROM,5000 mAh Battery,UniSoc T7250 Processor,16.94 cm (6.67 inch) HD+ Display,8MP Rear Camera | 8MP Front Camera,,https://www.flipkart.com/infinix-smart-10-titanium-silver-64-gb/p/itm0bde9cee1963a?pid=MOBHDVGSSZABH6YH&lid=LSTMOBHDVGSSZABH6YH5BLVBS&marketplace=FLIPKART&q=smart+phones&store=tyy%2F4io&srno=s_14_314&otracker=search&fm=organic&iid=a848c922-17a6-4c74-987c-d9ccb45e6593.MOBHDVGSSZABH6YH.SEARCH&ppt=None&ppn=None&ssid=wrtkllb3nk0000001789548292298&qH=a5594894156db043&ov_redirect=true,2026-09-16
315,"POCO C71 (Desert Gold, 64 GB)",POCO,8999,,,3.8,"61,823","3,317",4 GB RAM,64 GB ROM,5200 mAh Battery,Unisoc T7250,17.48 cm (6.88 inch) HD+ Display,32MP Rear Camera | 8MP Front Camera,,https://www.flipkart.com/poco-c71-desert-gold-64-gb/p/itme3dc58af6a04b?pid=MOBHAFVJZ5CHWMH8&lid=LSTMOBHAFVJZ5CHWMH8MZ5M5D&marketplace=FLIPKART&q=smart+phones&store=tyy%2F4io&srno=s_14_315&otracker=search&fm=organic&iid=a848c922-17a6-4c74-987c-d9ccb45e6593.MOBHAFVJZ5CHWMH8.SEARCH&ppt=None&ppn=None&ssid=wrtkllb3nk0000001789548292298&qH=a5594894156db043&ov_redirect=true,2026-09-16
316,"POCO C85 5G (Power Black, 128 GB)",POCO,16499,20999,21% off,3.8,"2,638",284,4 GB RAM,128 GB ROM,6000 mAh Lithium-Ion Polymer Battery,Dimensity 6300 Processor,17.53 cm (6.9 inch) HD+ Display,50MP Rear Camera | 8MP Front Camera,,https://www.flipkart.com/poco-c85-5g-power-black-128-gb/p/itm1f62dee4df0ad?pid=MOBHMGG5DNYPWU9Q&lid=LSTMOBHMGG5DNYPWU9Q5MNW6H&marketplace=FLIPKART&q=smart+phones&store=tyy%2F4io&srno=s_14_316&otracker=search&fm=organic&iid=a848c922-17a6-4c74-987c-d9ccb45e6593.MOBHMGG5DNYPWU9Q.SEARCH&ppt=None&ppn=None&ssid=wrtkllb3nk0000001789548292298&qH=a5594894156db043&ov_redirect=true,2026-09-16
317,"Tecno Spark 50 5G (Mint Green, 128 GB)",Tecno,19999,27999,28% off,3.7,116,19,4 GB RAM,128 GB ROM,6500 mAh Lithium Polymer Battery,Dimensity 6400 Processor,17.22 cm (6.78 inch) Display,50MP Rear Camera | 8MP Front Camera,,https://www.flipkart.com/tecno-spark-50-5g-mint-green-128-gb/p/itmb3923bf4ff9a6?pid=MOBHHH5TZMHQCMSU&lid=LSTMOBHHH5TZMHQCMSUN8RIDD&marketplace=FLIPKART&q=smart+phones&store=tyy%2F4io&srno=s_14_317&otracker=search&fm=organic&iid=en__LcMioIc4Iv5BIMkAQ5BSAymaQ8WMkxAyEkNBOhgvPZTDzxumyVP1ZAMxEisThCOEkNWyXUFNnHiWROKxaC-hv6ZZvGaaMvyXK9MBuHDlM0vmwR11GQOXDWGaWvaorCU&ppt=None&ppn=None&ssid=wrtkllb3nk0000001789548292298&qH=a5594894156db043&ov_redirect=true,2026-09-16
318,"MOTOROLA g35 5G (Midnight Black, 128 GB)",MOTOROLA,12499,,,4.2,"1,40,487","9,739",4 GB RAM,128 GB ROM,5000 mAh Battery,T760 Processor,17.07 cm (6.72 inch) Full HD+ Display,50MP + 8MP | 16MP Front Camera,5G,https://www.flipkart.com/motorola-g35-5g-midnight-black-128-gb/p/itm015cbd184b0eb?pid=MOBH3YGPTSA4SZQF&lid=LSTMOBH3YGPTSA4SZQF596OQE&marketplace=FLIPKART&q=smart+phones&store=tyy%2F4io&srno=s_14_318&otracker=search&fm=organic&iid=a848c922-17a6-4c74-987c-d9ccb45e6593.MOBH3YGPTSA4SZQF.SEARCH&ppt=None&ppn=None&ssid=wrtkllb3nk0000001789548292298&qH=a5594894156db043&ov_redirect=true,2026-09-16
319,"POCO C71 (Cool Blue, 64 GB)",POCO,8999,,,3.8,"61,823","3,317",4 GB RAM,64 GB ROM,5200 mAh Battery,Unisoc T7250,17.48 cm (6.88 inch) HD+ Display,32MP Rear Camera | 8MP Front Camera,,https://www.flipkart.com/poco-c71-cool-blue-64-gb/p/itm7a3f787718dd8?pid=MOBHAFVJJ7YTUYV8&lid=LSTMOBHAFVJJ7YTUYV8NFU7XU&marketplace=FLIPKART&q=smart+phones&store=tyy%2F4io&srno=s_14_319&otracker=search&fm=organic&iid=a848c922-17a6-4c74-987c-d9ccb45e6593.MOBHAFVJJ7YTUYV8.SEARCH&ppt=None&ppn=None&ssid=wrtkllb3nk0000001789548292298&qH=a5594894156db043&ov_redirect=true,2026-09-16
320,"Samsung Galaxy F06 5G (Bahama Blue, 128 GB)",Samsung,15999,18999,15% off,4.2,"25,770","1,999",6 GB RAM,128 GB ROM,5000 mAh Battery,Dimensity 6300 Processor,17.02 cm (6.7 inch) HD+ Display,50MP + 2MP | 8MP Front Camera,,https://www.flipkart.com/samsung-galaxy-f06-5g-bahama-blue-128-gb/p/itmc1c2297bdfa31?pid=MOBHMGHHMFGB82H9&lid=LSTMOBHMGHHMFGB82H9KLU2MA&marketplace=FLIPKART&q=smart+phones&store=tyy%2F4io&srno=s_14_320&otracker=search&fm=organic&iid=a848c922-17a6-4c74-987c-d9ccb45e6593.MOBHMGHHMFGB82H9.SEARCH&ppt=None&ppn=None&ssid=wrtkllb3nk0000001789548292298&qH=a5594894156db043&ov_redirect=true,2026-09-16
321,"POCO C85 5G (Spring Green, 128 GB)",POCO,16499,20999,21% off,3.8,"2,638",284,4 GB RAM,128 GB ROM,6000 mAh Lithium-Ion Polymer Battery,Dimensity 6300 Processor,17.53 cm (6.9 inch) HD+ Display,50MP Rear Camera | 8MP Front Camera,,https://www.flipkart.com/poco-c85-5g-spring-green-128-gb/p/itmc1e583dec018e?pid=MOBHMGG5GUM8R5GJ&lid=LSTMOBHMGG5GUM8R5GJPQ3KAI&marketplace=FLIPKART&q=smart+phones&store=tyy%2F4io&srno=s_14_321&otracker=search&fm=organic&iid=a848c922-17a6-4c74-987c-d9ccb45e6593.MOBHMGG5GUM8R5GJ.SEARCH&ppt=None&ppn=None&ssid=wrtkllb3nk0000001789548292298&qH=a5594894156db043&ov_redirect=true,2026-09-16
322,"POCO C61 (Ethereal Blue, 64 GB)",POCO,6980,8999,22% off,4.1,"1,11,016","4,673",4 GB RAM,64 GB ROM,5000 mAh Battery,Helio G36 Processor,17.04 cm (6.71 inch) HD+ Display,8MP Rear Camera | 5MP Front Camera,,https://www.flipkart.com/poco-c61-ethereal-blue-64-gb/p/itm1ad43e7c80ab8?pid=MOBH92ADWH3ZKKGA&lid=LSTMOBH92ADWH3ZKKGAPB4OBL&marketplace=FLIPKART&q=smart+phones&store=tyy%2F4io&srno=s_14_322&otracker=search&fm=organic&iid=a848c922-17a6-4c74-987c-d9ccb45e6593.MOBH92ADWH3ZKKGA.SEARCH&ppt=None&ppn=None&ssid=wrtkllb3nk0000001789548292298&qH=a5594894156db043&ov_redirect=true,2026-09-16
323,"POCO C81 (Sunset Gold, 64 GB)",POCO,12999,19999,35% off,3.7,465,36,4 GB RAM,64 GB ROM,6300 mAh Lithium-Ion Polymer Battery,T7250 Processor,17.53 cm (6.9 inch) Display,13MP Rear Camera | 8MP Front Camera,,https://www.flipkart.com/poco-c81-sunset-gold-64-gb/p/itmd046653de9427?pid=MOBHMYWRFE7GZVJF&lid=LSTMOBHMYWRFE7GZVJFEI8O3R&marketplace=FLIPKART&q=smart+phones&store=tyy%2F4io&srno=s_14_323&otracker=search&fm=organic&iid=a848c922-17a6-4c74-987c-d9ccb45e6593.MOBHMYWRFE7GZVJF.SEARCH&ppt=None&ppn=None&ssid=wrtkllb3nk0000001789548292298&qH=a5594894156db043&ov_redirect=true,2026-09-16
324,"POCO C85 5G (Spring Green, 128 GB)",POCO,17999,22999,21% off,4.2,"2,341",159,6 GB RAM,128 GB ROM,6000 mAh Lithium-Ion Polymer Battery,Dimensity 6300 Processor,17.53 cm (6.9 inch) HD+ Display,50MP Rear Camera | 8MP Front Camera,,https://www.flipkart.com/poco-c85-5g-spring-green-128-gb/p/itm9d5a621551d84?pid=MOBHMGG5UNCKYGPH&lid=LSTMOBHMGG5UNCKYGPHH3BH5B&marketplace=FLIPKART&q=smart+phones&store=tyy%2F4io&srno=s_14_324&otracker=search&fm=organic&iid=a848c922-17a6-4c74-987c-d9ccb45e6593.MOBHMGG5UNCKYGPH.SEARCH&ppt=None&ppn=None&ssid=wrtkllb3nk0000001789548292298&qH=a5594894156db043&ov_redirect=true,2026-09-16
325,"POCO C71  - Locked with Airtel Prepaid (Power Black, 64 GB)",POCO,8999,,,3.8,"61,823","3,317",4 GB RAM,64 GB ROM,5200 mAh Battery,Unisoc T7250,17.48 cm (6.88 inch) HD+ Display,32MP Rear Camera | 8MP Front Camera,,https://www.flipkart.com/poco-c71-locked-airtel-prepaid-power-black-64-gb/p/itm24887c72b7130?pid=MOBHAFVJMF328YYJ&lid=LSTMOBHAFVJMF328YYJQZ40NI&marketplace=FLIPKART&q=smart+phones&store=tyy%2F4io&srno=s_14_325&otracker=search&fm=organic&iid=a848c922-17a6-4c74-987c-d9ccb45e6593.MOBHAFVJMF328YYJ.SEARCH&ppt=None&ppn=None&ssid=wrtkllb3nk0000001789548292298&qH=a5594894156db043&ov_redirect=true,2026-09-16
326,"MOTOROLA g37 (PANTONE Impenetrable, 64 GB)",MOTOROLA,18999,24999,24% off,4.3,"3,791",201,4 GB RAM,64 GB ROM,5200 mAh Battery,Dimensity 6400 Processor,16.92 cm (6.66 inch) HD+ Display,50MP Rear Camera | 8MP Front Camera,,https://www.flipkart.com/motorola-g37-pantone-impenetrable-64-gb/p/itm40c0c7bcb21fc?pid=MOBHHWB6GWE2CKHU&lid=LSTMOBHHWB6GWE2CKHUQEA6X8&marketplace=FLIPKART&q=smart+phones&store=tyy%2F4io&srno=s_14_326&otracker=search&fm=organic&iid=a848c922-17a6-4c74-987c-d9ccb45e6593.MOBHHWB6GWE2CKHU.SEARCH&ppt=None&ppn=None&ssid=wrtkllb3nk0000001789548292298&qH=a5594894156db043&ov_redirect=true,2026-09-16
327,"POCO C61 (Mystical Green, 64 GB)",POCO,6810,8999,24% off,4.1,"1,11,016","4,673",4 GB RAM,64 GB ROM,5000 mAh Battery,Helio G36 Processor,17.04 cm (6.71 inch) HD+ Display,8MP Rear Camera | 5MP Front Camera,,https://www.flipkart.com/poco-c61-mystical-green-64-gb/p/itm1cd83db32b701?pid=MOBH92ADEQ2VYZEP&lid=LSTMOBH92ADEQ2VYZEPMQSDEV&marketplace=FLIPKART&q=smart+phones&store=tyy%2F4io&srno=s_14_327&otracker=search&fm=organic&iid=a848c922-17a6-4c74-987c-d9ccb45e6593.MOBH92ADEQ2VYZEP.SEARCH&ppt=None&ppn=None&ssid=wrtkllb3nk0000001789548292298&qH=a5594894156db043&ov_redirect=true,2026-09-16
328,"POCO C85 5G (Mystic Purple, 128 GB)",POCO,16499,20999,21% off,3.8,"2,638",284,4 GB RAM,128 GB ROM,6000 mAh Lithium-Ion Polymer Battery,Dimensity 6300 Processor,17.53 cm (6.9 inch) HD+ Display,50MP Rear Camera | 8MP Front Camera,,https://www.flipkart.com/poco-c85-5g-mystic-purple-128-gb/p/itm74e2143a5de24?pid=MOBHMGG5UZHEVJBK&lid=LSTMOBHMGG5UZHEVJBKEMSDJS&marketplace=FLIPKART&q=smart+phones&store=tyy%2F4io&srno=s_14_328&otracker=search&fm=organic&iid=a848c922-17a6-4c74-987c-d9ccb45e6593.MOBHMGG5UZHEVJBK.SEARCH&ppt=None&ppn=None&ssid=wrtkllb3nk0000001789548292298&qH=a5594894156db043&ov_redirect=true,2026-09-16
329,"POCO C71  - Locked with Airtel Prepaid (Cool Blue, 64 GB)",POCO,8999,,,3.8,"61,823","3,317",4 GB RAM,64 GB ROM,5200 mAh Battery,Unisoc T7250,17.48 cm (6.88 inch) HD+ Display,32MP Rear Camera | 8MP Front Camera,,https://www.flipkart.com/poco-c71-locked-airtel-prepaid-cool-blue-64-gb/p/itmdec407554268b?pid=MOBHAFVJBSV3VH9N&lid=LSTMOBHAFVJBSV3VH9NO4MONS&marketplace=FLIPKART&q=smart+phones&store=tyy%2F4io&srno=s_14_329&otracker=search&fm=organic&iid=a848c922-17a6-4c74-987c-d9ccb45e6593.MOBHAFVJBSV3VH9N.SEARCH&ppt=None&ppn=None&ssid=wrtkllb3nk0000001789548292298&qH=a5594894156db043&ov_redirect=true,2026-09-16
330,"POCO C81 (Sky Blue, 64 GB)",POCO,12999,19999,35% off,3.7,465,36,4 GB RAM,64 GB ROM,6300 mAh Lithium-Ion Polymer Battery,T7250 Processor,17.53 cm (6.9 inch) Display,13MP Rear Camera | 8MP Front Camera,,https://www.flipkart.com/poco-c81-sky-blue-64-gb/p/itm0636612540aaa?pid=MOBHMYWRYFQZG9PP&lid=LSTMOBHMYWRYFQZG9PP9F6HSP&marketplace=FLIPKART&q=smart+phones&store=tyy%2F4io&srno=s_14_330&otracker=search&fm=organic&iid=a848c922-17a6-4c74-987c-d9ccb45e6593.MOBHMYWRYFQZG9PP.SEARCH&ppt=None&ppn=None&ssid=wrtkllb3nk0000001789548292298&qH=a5594894156db043&ov_redirect=true,2026-09-16
331,"Motorola g04s (Satin Blue, 64 GB)",Motorola,9999,,,4.2,"30,190","1,629",4 GB RAM,64 GB ROM,5000 mAh Battery,T606 Processor,16.76 cm (6.6 inch) HD+ Display,50MP Rear Camera | 5MP Front Camera,,https://www.flipkart.com/motorola-g04s-satin-blue-64-gb/p/itma899ac4728c8e?pid=MOBHY9PQM9H8HMEN&lid=LSTMOBHY9PQM9H8HMENQJT1JU&marketplace=FLIPKART&q=smart+phones&store=tyy%2F4io&srno=s_14_331&otracker=search&fm=organic&iid=a848c922-17a6-4c74-987c-d9ccb45e6593.MOBHY9PQM9H8HMEN.SEARCH&ppt=None&ppn=None&ssid=wrtkllb3nk0000001789548292298&qH=a5594894156db043&ov_redirect=true,2026-09-16
332,"MOTOROLA g35 5G (Guava Red, 128 GB)",MOTOROLA,12499,,,4.2,"1,40,487","9,739",4 GB RAM,128 GB ROM,5000 mAh Battery,T760 Processor,17.07 cm (6.72 inch) Full HD+ Display,50MP + 8MP | 16MP Front Camera,5G,https://www.flipkart.com/motorola-g35-5g-guava-red-128-gb/p/itm39bba58f6cdfc?pid=MOBH3YGPWZZB9ZZK&lid=LSTMOBH3YGPWZZB9ZZKFWIZWR&marketplace=FLIPKART&q=smart+phones&store=tyy%2F4io&srno=s_14_332&otracker=search&fm=organic&iid=a848c922-17a6-4c74-987c-d9ccb45e6593.MOBH3YGPWZZB9ZZK.SEARCH&ppt=None&ppn=None&ssid=wrtkllb3nk0000001789548292298&qH=a5594894156db043&ov_redirect=true,2026-09-16
333,"Motorola G34 5G (Ocean Green, 128 GB)",Motorola,14999,,,4.2,"1,41,790","9,883",8 GB RAM,128 GB ROM,5000 mAh Battery,Snapdragon 695 5G Processor,16.51 cm (6.5 inch) HD+ Display,50MP + 2MP | 16MP Front Camera,5G,https://www.flipkart.com/motorola-g34-5g-ocean-green-128-gb/p/itm6b1a33b9d9191?pid=MOBGUFK4TZ2CJYHJ&lid=LSTMOBGUFK4TZ2CJYHJPBUF6M&marketplace=FLIPKART&q=smart+phones&store=tyy%2F4io&srno=s_14_333&otracker=search&fm=organic&iid=a848c922-17a6-4c74-987c-d9ccb45e6593.MOBGUFK4TZ2CJYHJ.SEARCH&ppt=None&ppn=None&ssid=wrtkllb3nk0000001789548292298&qH=a5594894156db043&ov_redirect=true,2026-09-16
334,"POCO C75 5G (Enchanted Green, 64 GB)",POCO,10999,,,4.2,"1,49,617","7,649",4 GB RAM,64 GB ROM,5160 mAh Battery,4s Gen 2 5G Processor,17.48 cm (6.88 inch) HD+ Display,50MP Rear Camera | 5MP Front Camera,5G,https://www.flipkart.com/poco-c75-5g-enchanted-green-64-gb/p/itmf8fdd88f80fcc?pid=MOBH7443VEGWXG4G&lid=LSTMOBH7443VEGWXG4GOW118G&marketplace=FLIPKART&q=smart+phones&store=tyy%2F4io&srno=s_14_334&otracker=search&fm=organic&iid=a848c922-17a6-4c74-987c-d9ccb45e6593.MOBH7443VEGWXG4G.SEARCH&ppt=None&ppn=None&ssid=wrtkllb3nk0000001789548292298&qH=a5594894156db043&ov_redirect=true,2026-09-16
335,"POCO C75 5G (Silver Stardust, 64 GB)",POCO,10999,,,4.2,"1,49,617","7,649",4 GB RAM,64 GB ROM,5160 mAh Battery,4s Gen 2 5G Processor,17.48 cm (6.88 inch) HD+ Display,50MP Rear Camera | 5MP Front Camera,5G,https://www.flipkart.com/poco-c75-5g-silver-stardust-64-gb/p/itm8e3f17ac2e724?pid=MOBH74433ZER9U4P&lid=LSTMOBH74433ZER9U4PIUMZCQ&marketplace=FLIPKART&q=smart+phones&store=tyy%2F4io&srno=s_14_335&otracker=search&fm=organic&iid=a848c922-17a6-4c74-987c-d9ccb45e6593.MOBH74433ZER9U4P.SEARCH&ppt=None&ppn=None&ssid=wrtkllb3nk0000001789548292298&qH=a5594894156db043&ov_redirect=true,2026-09-16
336,"POCO C85 5G (Mystic Purple, 128 GB)",POCO,17999,22999,21% off,4.2,"2,341",159,6 GB RAM,128 GB ROM,6000 mAh Lithium-Ion Polymer Battery,Dimensity 6300 Processor,17.53 cm (6.9 inch) HD+ Display,50MP Rear Camera | 8MP Front Camera,,https://www.flipkart.com/poco-c85-5g-mystic-purple-128-gb/p/itmbab3636ca0451?pid=MOBHMGG5ZM2KRGEG&lid=LSTMOBHMGG5ZM2KRGEG8Q0T7X&marketplace=FLIPKART&q=smart+phones&store=tyy%2F4io&srno=s_14_336&otracker=search&fm=organic&iid=a848c922-17a6-4c74-987c-d9ccb45e6593.MOBHMGG5ZM2KRGEG.SEARCH&ppt=None&ppn=None&ssid=wrtkllb3nk0000001789548292298&qH=a5594894156db043&ov_redirect=true,2026-09-16
337,"Tecno Spark 50 5G (Mint Green, 128 GB)",Tecno,19999,27999,28% off,3.7,116,19,4 GB RAM,128 GB ROM,6500 mAh Lithium Polymer Battery,Dimensity 6400 Processor,17.22 cm (6.78 inch) Display,50MP Rear Camera | 8MP Front Camera,,https://www.flipkart.com/tecno-spark-50-5g-mint-green-128-gb/p/itmb3923bf4ff9a6?pid=MOBHHH5TZMHQCMSU&lid=LSTMOBHHH5TZMHQCMSUN8RIDD&marketplace=FLIPKART&q=smart+phones&store=tyy%2F4io&srno=s_15_337&otracker=search&fm=organic&iid=en_AtiteNBxxHjm4_LcIJ8Famj6TBmGSBFy5x7k9WQUrZzBaM1XnOknSgPMMYAWxkC2EkNWyXUFNnHiWROKxaC-hv6ZZvGaaMvyXK9MBuHDlM21wHQKyceMymj3RDvvThnJ&ppt=None&ppn=None&ssid=yyu055zdts0000001789548295056&qH=a5594894156db043&ov_redirect=true,2026-09-16
338,"POCO M8x 5G (Black, 128 GB)",POCO,22999,49999,54% off,3.4,206,35,6 GB RAM,128 GB ROM,7900 mAh Lithium-Ion Polymer Battery,4 Gen 5 Processor,17.53 cm (6.9 inch) Full HD Display,50MP Rear Camera,,https://www.flipkart.com/poco-m8x-5g-black-128-gb/p/itm7e7f464cfc411?pid=MOBHPCYNDFRFGNGZ&lid=LSTMOBHPCYNDFRFGNGZXQB3ZS&marketplace=FLIPKART&q=smart+phones&store=tyy%2F4io&srno=s_15_338&otracker=search&fm=organic&iid=31678494-6ada-4d20-93f3-ee415525e15f.MOBHPCYNDFRFGNGZ.SEARCH&ppt=None&ppn=None&ssid=yyu055zdts0000001789548295056&qH=a5594894156db043&ov_redirect=true,2026-09-16
339,"Infinix SMART 8 HD (Timber Black, 64 GB)",Infinix,6999,8999,22% off,4.3,"1,624",64,4 GB RAM,64 GB ROM,5000 mAh Battery,T606 Processor,16.76 cm (6.6 inch) HD+ Display,13MP + AI Lens | 8MP Front Camera,,https://www.flipkart.com/infinix-smart-8-hd-timber-black-64-gb/p/itm709d885ba6ac1?pid=MOBHY9R9BAHDVRVP&lid=LSTMOBHY9R9BAHDVRVPZJMQH6&marketplace=FLIPKART&q=smart+phones&store=tyy%2F4io&srno=s_15_339&otracker=search&fm=organic&iid=31678494-6ada-4d20-93f3-ee415525e15f.MOBHY9R9BAHDVRVP.SEARCH&ppt=None&ppn=None&ssid=yyu055zdts0000001789548295056&qH=a5594894156db043&ov_redirect=true,2026-09-16
340,"Infinix HOT 60i 5G (Sleek Black, 128 GB)",Infinix,19999,24999,20% off,4.3,"1,566",148,4 GB RAM,128 GB ROM,6000 mAh Battery,Dimensity 6400 Processor,17.14 cm (6.75 inch) HD+ Display,50MP Rear Camera | 5MP Front Camera,,https://www.flipkart.com/infinix-hot-60i-5g-sleek-black-128-gb/p/itm1cb6bf875f6e0?pid=MOBHERZEA3AN4VMQ&lid=LSTMOBHERZEA3AN4VMQ2LDYZ9&marketplace=FLIPKART&q=smart+phones&store=tyy%2F4io&srno=s_15_340&otracker=search&fm=organic&iid=31678494-6ada-4d20-93f3-ee415525e15f.MOBHERZEA3AN4VMQ.SEARCH&ppt=None&ppn=None&ssid=yyu055zdts0000001789548295056&qH=a5594894156db043&ov_redirect=true,2026-09-16
341,"POCO M8x 5G (Blue, 128 GB)",POCO,22999,49999,54% off,3.4,206,35,6 GB RAM,128 GB ROM,7900 mAh Lithium-Ion Polymer Battery,4 Gen 5 Processor,17.53 cm (6.9 inch) Full HD Display,50MP Rear Camera,,https://www.flipkart.com/poco-m8x-5g-blue-128-gb/p/itmcf3aabe19e732?pid=MOBHPCYNNBCYQMF3&lid=LSTMOBHPCYNNBCYQMF3KC2VZ0&marketplace=FLIPKART&q=smart+phones&store=tyy%2F4io&srno=s_15_341&otracker=search&fm=organic&iid=31678494-6ada-4d20-93f3-ee415525e15f.MOBHPCYNNBCYQMF3.SEARCH&ppt=None&ppn=None&ssid=yyu055zdts0000001789548295056&qH=a5594894156db043&ov_redirect=true,2026-09-16
342,"Samsung Galaxy F16 5G (Glam Green, 128 GB)",Samsung,13999,17499,20% off,4.2,"10,434",813,6 GB RAM,128 GB ROM,5000 mAh Battery,Dimensity 6300 Processor,16.91 cm (6.657 inch) Full HD+ Display,50MP + 5MP + 2MP | 13MP Front Camera,,https://www.flipkart.com/samsung-galaxy-f16-5g-glam-green-128-gb/p/itmcdb73c7370f76?pid=MOBH9ASGDGWZV69Z&lid=LSTMOBH9ASGDGWZV69ZTSJAUH&marketplace=FLIPKART&q=smart+phones&store=tyy%2F4io&srno=s_15_342&otracker=search&fm=organic&iid=31678494-6ada-4d20-93f3-ee415525e15f.MOBH9ASGDGWZV69Z.SEARCH&ppt=None&ppn=None&ssid=yyu055zdts0000001789548295056&qH=a5594894156db043&ov_redirect=true,2026-09-16
343,"MOTOROLA G04 (Sea Green, 128 GB)",MOTOROLA,7999,10999,27% off,4.1,"7,172",519,8 GB RAM,128 GB ROM,5000 mAh Battery,Unisoc T606 Processor,16.76 cm (6.6 inch) HD+ Display,16MP Rear Camera | 5MP Front Camera,,https://www.flipkart.com/motorola-g04-sea-green-128-gb/p/itm853979118980f?pid=MOBGUFK4C9NZATQ6&lid=LSTMOBGUFK4C9NZATQ6LJGPEJ&marketplace=FLIPKART&q=smart+phones&store=tyy%2F4io&srno=s_15_343&otracker=search&fm=organic&iid=31678494-6ada-4d20-93f3-ee415525e15f.MOBGUFK4C9NZATQ6.SEARCH&ppt=None&ppn=None&ssid=yyu055zdts0000001789548295056&qH=a5594894156db043&ov_redirect=true,2026-09-16
344,"Infinix HOT 60i 5G (Monsoon Green, 128 GB)",Infinix,19999,24999,20% off,4.3,"1,566",148,4 GB RAM,128 GB ROM,6000 mAh Battery,Dimensity 6400 Processor,17.14 cm (6.75 inch) HD+ Display,50MP Rear Camera | 5MP Front Camera,,https://www.flipkart.com/infinix-hot-60i-5g-monsoon-green-128-gb/p/itm1cb6bf875f6e0?pid=MOBHERZEN4ZUNYQV&lid=LSTMOBHERZEN4ZUNYQVV7FU5F&marketplace=FLIPKART&q=smart+phones&store=tyy%2F4io&srno=s_15_344&otracker=search&fm=organic&iid=31678494-6ada-4d20-93f3-ee415525e15f.MOBHERZEN4ZUNYQV.SEARCH&ppt=None&ppn=None&ssid=yyu055zdts0000001789548295056&qH=a5594894156db043&ov_redirect=true,2026-09-16
345,"Samsung Galaxy F06 5G (Lit Violet, 128 GB)",Samsung,15999,18999,15% off,4.2,"25,770","1,999",6 GB RAM,128 GB ROM,5000 mAh Battery,Dimensity 6300 Processor,17.02 cm (6.7 inch) HD+ Display,50MP + 2MP | 8MP Front Camera,,https://www.flipkart.com/samsung-galaxy-f06-5g-lit-violet-128-gb/p/itm72c5daa133aa9?pid=MOBHMGHHQMGZKM5S&lid=LSTMOBHMGHHQMGZKM5ST2DEIJ&marketplace=FLIPKART&q=smart+phones&store=tyy%2F4io&srno=s_15_345&otracker=search&fm=organic&iid=31678494-6ada-4d20-93f3-ee415525e15f.MOBHMGHHQMGZKM5S.SEARCH&ppt=None&ppn=None&ssid=yyu055zdts0000001789548295056&qH=a5594894156db043&ov_redirect=true,2026-09-16
346,"Infinix SMART 8 HD (Crystal Green, 64 GB)",Infinix,6999,8999,22% off,4.3,"1,624",64,4 GB RAM,64 GB ROM,5000 mAh Battery,T606 Processor,16.76 cm (6.6 inch) HD+ Display,13MP + AI Lens | 8MP Front Camera,,https://www.flipkart.com/infinix-smart-8-hd-crystal-green-64-gb/p/itm709d885ba6ac1?pid=MOBHY9R9QYTYJZ92&lid=LSTMOBHY9R9QYTYJZ92ZKPAKS&marketplace=FLIPKART&q=smart+phones&store=tyy%2F4io&srno=s_15_346&otracker=search&fm=organic&iid=31678494-6ada-4d20-93f3-ee415525e15f.MOBHY9R9QYTYJZ92.SEARCH&ppt=None&ppn=None&ssid=yyu055zdts0000001789548295056&qH=a5594894156db043&ov_redirect=true,2026-09-16
347,"Samsung Galaxy F04 (Opal Green, 64 GB)",Samsung,10999,11582,5% off,4.2,"1,07,998","6,203",4 GB RAM,64 GB ROM,5000 mAh Lithium-Ion Battery,Mediatek Helio P35 Processor,16.51 cm (6.5 inch) HD Display,13MP + 2MP | 5MP Front Camera,,https://www.flipkart.com/samsung-galaxy-f04-opal-green-64-gb/p/itmd0c05f8b03876?pid=MOBGKY2V7QZ2QVFS&lid=LSTMOBGKY2V7QZ2QVFSRFKMVO&marketplace=FLIPKART&q=smart+phones&store=tyy%2F4io&srno=s_15_347&otracker=search&fm=organic&iid=31678494-6ada-4d20-93f3-ee415525e15f.MOBGKY2V7QZ2QVFS.SEARCH&ppt=None&ppn=None&ssid=yyu055zdts0000001789548295056&qH=a5594894156db043&ov_redirect=true,2026-09-16
348,"Infinix HOT 60i 5G (Shadow Blue, 128 GB)",Infinix,19999,24999,20% off,4.3,"1,566",148,4 GB RAM,128 GB ROM,6000 mAh Battery,Dimensity 6400 Processor,17.14 cm (6.75 inch) HD+ Display,50MP Rear Camera | 5MP Front Camera,,https://www.flipkart.com/infinix-hot-60i-5g-shadow-blue-128-gb/p/itm1cb6bf875f6e0?pid=MOBHERZERAFFCH7M&lid=LSTMOBHERZERAFFCH7MDSZZDP&marketplace=FLIPKART&q=smart+phones&store=tyy%2F4io&srno=s_15_348&otracker=search&fm=organic&iid=31678494-6ada-4d20-93f3-ee415525e15f.MOBHERZERAFFCH7M.SEARCH&ppt=None&ppn=None&ssid=yyu055zdts0000001789548295056&qH=a5594894156db043&ov_redirect=true,2026-09-16
349,"Infinix SMART 8 HD (Galaxy White, 64 GB)",Infinix,6999,8999,22% off,4.3,"1,624",64,4 GB RAM,64 GB ROM,5000 mAh Battery,T606 Processor,16.76 cm (6.6 inch) HD+ Display,13MP + AI Lens | 8MP Front Camera,,https://www.flipkart.com/infinix-smart-8-hd-galaxy-white-64-gb/p/itm709d885ba6ac1?pid=MOBHY9R9D4CF95S2&lid=LSTMOBHY9R9D4CF95S2BZ8I7X&marketplace=FLIPKART&q=smart+phones&store=tyy%2F4io&srno=s_15_349&otracker=search&fm=organic&iid=31678494-6ada-4d20-93f3-ee415525e15f.MOBHY9R9D4CF95S2.SEARCH&ppt=None&ppn=None&ssid=yyu055zdts0000001789548295056&qH=a5594894156db043&ov_redirect=true,2026-09-16
350,"MOTOROLA g35 5G (Leaf Green, 128 GB)",MOTOROLA,13999,15499,9% off,4.2,"16,450","1,125",8 GB RAM,128 GB ROM,5000 mAh Battery,T760 Processor,17.07 cm (6.72 inch) Full HD+ Display,50MP + 8MP | 16MP Front Camera,5G,https://www.flipkart.com/motorola-g35-5g-leaf-green-128-gb/p/itmf1ec516a5574d?pid=MOBHFNAZBBBAJZAH&lid=LSTMOBHFNAZBBBAJZAHVMHBGN&marketplace=FLIPKART&q=smart+phones&store=tyy%2F4io&srno=s_15_350&otracker=search&fm=organic&iid=31678494-6ada-4d20-93f3-ee415525e15f.MOBHFNAZBBBAJZAH.SEARCH&ppt=None&ppn=None&ssid=yyu055zdts0000001789548295056&qH=a5594894156db043&ov_redirect=true,2026-09-16
351,"Motorola G34 5G (Ocean Green, 128 GB)",Motorola,11999,13999,14% off,4.2,"49,275","3,568",4 GB RAM,128 GB ROM,5000 mAh Battery,Snapdragon 695 5G Processor,16.51 cm (6.5 inch) HD+ Display,50MP + 2MP | 16MP Front Camera,5G,https://www.flipkart.com/motorola-g34-5g-ocean-green-128-gb/p/itm3420a8e79e129?pid=MOBGUFK49KDBZUMC&lid=LSTMOBGUFK49KDBZUMC2WHY9Z&marketplace=FLIPKART&q=smart+phones&store=tyy%2F4io&srno=s_15_351&otracker=search&fm=organic&iid=31678494-6ada-4d20-93f3-ee415525e15f.MOBGUFK49KDBZUMC.SEARCH&ppt=None&ppn=None&ssid=yyu055zdts0000001789548295056&qH=a5594894156db043&ov_redirect=true,2026-09-16
352,"Samsung Galaxy A14 5G (Light Green, 64 GB)",Samsung,18499,,,4.2,"46,241","2,242",4 GB RAM,64 GB ROM,5000 mAh Lithium Ion Battery,Exynos 1330 Processor,16.76 cm (6.6 inch) Full HD+ Display,50MP + 2MP + 2MP | 13MP Front Camera,,https://www.flipkart.com/samsung-galaxy-a14-5g-light-green-64-gb/p/itm69060fa751c00?pid=MOBGHT8UMJBMCAWN&lid=LSTMOBGHT8UMJBMCAWN5MYSZV&marketplace=FLIPKART&q=smart+phones&store=tyy%2F4io&srno=s_15_352&otracker=search&fm=organic&iid=31678494-6ada-4d20-93f3-ee415525e15f.MOBGHT8UMJBMCAWN.SEARCH&ppt=None&ppn=None&ssid=yyu055zdts0000001789548295056&qH=a5594894156db043&ov_redirect=true,2026-09-16
353,"POCO M8 (Frost Silver, 128 GB)",POCO,26999,27999,3% off,4.3,"2,249",206,8 GB RAM,128 GB ROM,5520 mAh Battery,,17.2 cm (6.77 inch) Full HD+ Display,50MP Rear Camera | 20MP Front Camera,,https://www.flipkart.com/poco-m8-frost-silver-128-gb/p/itm63246b4036f90?pid=MOBHMGG5ZFANS2WQ&lid=LSTMOBHMGG5ZFANS2WQVUHDCT&marketplace=FLIPKART&q=smart+phones&store=tyy%2F4io&srno=s_15_353&otracker=search&fm=organic&iid=31678494-6ada-4d20-93f3-ee415525e15f.MOBHMGG5ZFANS2WQ.SEARCH&ppt=None&ppn=None&ssid=yyu055zdts0000001789548295056&qH=a5594894156db043&ov_redirect=true,2026-09-16
354,"POCO C75 5G (Enchanted Green, 128 GB)",POCO,11499,,,4.2,"1,49,617","7,649",4 GB RAM,128 GB ROM,5160 mAh Battery,4s Gen 2 5G Processor,17.48 cm (6.88 inch) HD+ Display,50MP Rear Camera | 5MP Front Camera,5G,https://www.flipkart.com/poco-c75-5g-enchanted-green-128-gb/p/itm39bf2169e7f3e?pid=MOBHBC3WQFWJX29G&lid=LSTMOBHBC3WQFWJX29GXEY98P&marketplace=FLIPKART&q=smart+phones&store=tyy%2F4io&srno=s_15_354&otracker=search&fm=organic&iid=31678494-6ada-4d20-93f3-ee415525e15f.MOBHBC3WQFWJX29G.SEARCH&ppt=None&ppn=None&ssid=yyu055zdts0000001789548295056&qH=a5594894156db043&ov_redirect=true,2026-09-16
355,"POCO M8x 5G (Blue, 128 GB)",POCO,20999,44999,53% off,3.1,146,29,4 GB RAM,128 GB ROM,7900 mAh Lithium-Ion Polymer Battery,4 Gen 5 Processor,17.53 cm (6.9 inch) Full HD Display,50MP Rear Camera,,https://www.flipkart.com/poco-m8x-5g-blue-128-gb/p/itm0e93ee1b1a898?pid=MOBHPCYNT7VGVKZS&lid=LSTMOBHPCYNT7VGVKZSIT3GWT&marketplace=FLIPKART&q=smart+phones&store=tyy%2F4io&srno=s_15_355&otracker=search&fm=organic&iid=31678494-6ada-4d20-93f3-ee415525e15f.MOBHPCYNT7VGVKZS.SEARCH&ppt=None&ppn=None&ssid=yyu055zdts0000001789548295056&qH=a5594894156db043&ov_redirect=true,2026-09-16
356,"MOTOROLA g37 power (PANTONE Nautical Blue, 128 GB)",MOTOROLA,21999,30499,27% off,4.2,"8,705",799,4 GB RAM,128 GB ROM,7000 mAh Battery,Dimensity 6400 Processor,16.92 cm (6.66 inch) HD+ Display,50MP Rear Camera | 8MP Front Camera,,https://www.flipkart.com/motorola-g37-power-pantone-nautical-blue-128-gb/p/itmf752f4981d932?pid=MOBHHVFYGN57RYAH&lid=LSTMOBHHVFYGN57RYAHB2DF12&marketplace=FLIPKART&q=smart+phones&store=tyy%2F4io&srno=s_15_356&otracker=search&fm=organic&iid=31678494-6ada-4d20-93f3-ee415525e15f.MOBHHVFYGN57RYAH.SEARCH&ppt=None&ppn=None&ssid=yyu055zdts0000001789548295056&qH=a5594894156db043&ov_redirect=true,2026-09-16
357,"MOTOROLA g37 power (PANTONE Nautical Blue, 64 GB)",MOTOROLA,19999,26499,24% off,4.2,"8,705",799,4 GB RAM,64 GB ROM,7000 mAh Battery,Dimensity 6400 Processor,16.92 cm (6.66 inch) HD+ Display,50MP Rear Camera | 8MP Front Camera,,https://www.flipkart.com/motorola-g37-power-pantone-nautical-blue-64-gb/p/itmd870c5c6fd857?pid=MOBHMHG6KZXMFNKF&lid=LSTMOBHMHG6KZXMFNKFGQD9G0&marketplace=FLIPKART&q=smart+phones&store=tyy%2F4io&srno=s_15_357&otracker=search&fm=organic&iid=31678494-6ada-4d20-93f3-ee415525e15f.MOBHMHG6KZXMFNKF.SEARCH&ppt=None&ppn=None&ssid=yyu055zdts0000001789548295056&qH=a5594894156db043&ov_redirect=true,2026-09-16
358,"Infinix Smart 8 Plus (Timber Black, 128 GB)",Infinix,7799,9999,22% off,4.3,"12,992",788,4 GB RAM,128 GB ROM,6000 mAh Battery,Mediatek Helio G36 Processor,16.76 cm (6.6 inch) HD+ Display,50MP + AI Lens | 8MP Front Camera,,https://www.flipkart.com/infinix-smart-8-plus-timber-black-128-gb/p/itmb71da75c376e1?pid=MOBGYA22HRYX9BHC&lid=LSTMOBGYA22HRYX9BHCRBITVR&marketplace=FLIPKART&q=smart+phones&store=tyy%2F4io&srno=s_15_358&otracker=search&fm=organic&iid=31678494-6ada-4d20-93f3-ee415525e15f.MOBGYA22HRYX9BHC.SEARCH&ppt=None&ppn=None&ssid=yyu055zdts0000001789548295056&qH=a5594894156db043&ov_redirect=true,2026-09-16
359,"Motorola e13 (Cosmic Black, 64 GB)",Motorola,6999,9999,30% off,4,"11,819",925,2 GB RAM,64 GB ROM,5000 mAh Battery,Unisoc T606 Processor,16.51 cm (6.5 inch) HD+ Display,13MP Rear Camera | 5MP Front Camera,,https://www.flipkart.com/motorola-e13-cosmic-black-64-gb/p/itmc10aa73e79d04?pid=MOBGKHNB6PCCHQHS&lid=LSTMOBGKHNB6PCCHQHSVL1XN3&marketplace=FLIPKART&q=smart+phones&store=tyy%2F4io&srno=s_15_359&otracker=search&fm=organic&iid=31678494-6ada-4d20-93f3-ee415525e15f.MOBGKHNB6PCCHQHS.SEARCH&ppt=None&ppn=None&ssid=yyu055zdts0000001789548295056&qH=a5594894156db043&ov_redirect=true,2026-09-16
360,"POCO C81 (Elite Black, 64 GB)",POCO,12999,19999,35% off,3.7,465,36,4 GB RAM,64 GB ROM,6300 mAh Lithium-Ion Polymer Battery,T7250 Processor,17.53 cm (6.9 inch) Display,13MP Rear Camera | 8MP Front Camera,,https://www.flipkart.com/poco-c81-elite-black-64-gb/p/itm28c771318f328?pid=MOBHMYWR2GCKNVWK&lid=LSTMOBHMYWR2GCKNVWKDC3UIK&marketplace=FLIPKART&q=smart+phones&store=tyy%2F4io&srno=s_15_360&otracker=search&fm=organic&iid=31678494-6ada-4d20-93f3-ee415525e15f.MOBHMYWR2GCKNVWK.SEARCH&ppt=None&ppn=None&ssid=yyu055zdts0000001789548295056&qH=a5594894156db043&ov_redirect=true,2026-09-16
361,"Tecno Spark 50 5G (Mint Green, 128 GB)",Tecno,19999,27999,28% off,3.7,116,19,4 GB RAM,128 GB ROM,6500 mAh Lithium Polymer Battery,Dimensity 6400 Processor,17.22 cm (6.78 inch) Display,50MP Rear Camera | 8MP Front Camera,,https://www.flipkart.com/tecno-spark-50-5g-mint-green-128-gb/p/itmb3923bf4ff9a6?pid=MOBHHH5TZMHQCMSU&lid=LSTMOBHHH5TZMHQCMSUN8RIDD&marketplace=FLIPKART&q=smart+phones&store=tyy%2F4io&srno=s_16_361&otracker=search&fm=organic&iid=en_lIsZkP5ovUclaDKxmNSLkDfWPFQejNf_SXu_u1GXRy7zAu_Zn3rTKybRPHgGJjndEkNWyXUFNnHiWROKxaC-hv6ZZvGaaMvyXK9MBuHDlM1sSstxt1L2QJsA-jhpJIeb&ppt=None&ppn=None&ssid=ybbnj6yl5c0000001789548298035&qH=a5594894156db043&ov_redirect=true,2026-09-16
362,"POCO C71 (Cool Blue, 128 GB)",POCO,9999,,,4.1,"36,682","2,060",6 GB RAM,128 GB ROM,5200 mAh Battery,Unisoc T7250,17.48 cm (6.88 inch) HD+ Display,32MP Rear Camera | 8MP Front Camera,,https://www.flipkart.com/poco-c71-cool-blue-128-gb/p/itmfb10bdbf02c6e?pid=MOBHAFVJURDB9QYR&lid=LSTMOBHAFVJURDB9QYRYNBHTJ&marketplace=FLIPKART&q=smart+phones&store=tyy%2F4io&srno=s_16_362&otracker=search&fm=organic&iid=fc6dac87-f7ea-4764-b256-3e75f64ecd1d.MOBHAFVJURDB9QYR.SEARCH&ppt=None&ppn=None&ssid=ybbnj6yl5c0000001789548298035&qH=a5594894156db043&ov_redirect=true,2026-09-16
363,"Motorola G34 5G (Ice Blue, 128 GB)",Motorola,11999,13999,14% off,4.2,"49,275","3,568",4 GB RAM,128 GB ROM,5000 mAh Battery,Snapdragon 695 5G Processor,16.51 cm (6.5 inch) HD+ Display,50MP + 2MP | 16MP Front Camera,5G,https://www.flipkart.com/motorola-g34-5g-ice-blue-128-gb/p/itm0f6b45af1c0f0?pid=MOBGUFK4ZX2ZHMTQ&lid=LSTMOBGUFK4ZX2ZHMTQUCFTOJ&marketplace=FLIPKART&q=smart+phones&store=tyy%2F4io&srno=s_16_363&otracker=search&fm=organic&iid=fc6dac87-f7ea-4764-b256-3e75f64ecd1d.MOBGUFK4ZX2ZHMTQ.SEARCH&ppt=None&ppn=None&ssid=ybbnj6yl5c0000001789548298035&qH=a5594894156db043&ov_redirect=true,2026-09-16
364,"OnePlus Nord CE 3 Lite 5G (Chromatic Gray, 256 GB)",OnePlus,17999,21999,18% off,4.4,"1,66,994","8,606",8 GB RAM,256 GB ROM,5000 mAh Battery,,17.07 cm (6.72 inch) Display,108MP Rear Camera,,https://www.flipkart.com/oneplus-nord-ce-3-lite-5g-chromatic-gray-256-gb/p/itm2cd5a4e659035?pid=MOBGZJ45PS4AQ7BA&lid=LSTMOBGZJ45PS4AQ7BA87S5JR&marketplace=FLIPKART&q=smart+phones&store=tyy%2F4io&srno=s_16_364&otracker=search&fm=organic&iid=fc6dac87-f7ea-4764-b256-3e75f64ecd1d.MOBGZJ45PS4AQ7BA.SEARCH&ppt=None&ppn=None&ssid=ybbnj6yl5c0000001789548298035&qH=a5594894156db043&ov_redirect=true,2026-09-16
365,"Samsung Galaxy A14 5G (Black, 128 GB)",Samsung,15499,,,4.2,"46,241","2,242",4 GB RAM,128 GB ROM,5000 mAh Lithium Ion Battery,Exynos 1330 Processor,16.76 cm (6.6 inch) Full HD+ Display,50MP + 2MP | 13MP Front Camera,,https://www.flipkart.com/samsung-galaxy-a14-5g-black-128-gb/p/itma8c41eaf2aa35?pid=MOBGX2Q7AVJS4VPA&lid=LSTMOBGX2Q7AVJS4VPAPE1TZM&marketplace=FLIPKART&q=smart+phones&store=tyy%2F4io&srno=s_16_365&otracker=search&fm=organic&iid=fc6dac87-f7ea-4764-b256-3e75f64ecd1d.MOBGX2Q7AVJS4VPA.SEARCH&ppt=None&ppn=None&ssid=ybbnj6yl5c0000001789548298035&qH=a5594894156db043&ov_redirect=true,2026-09-16
366,"POCO X8 5G (Black, 128 GB)",POCO,29999,64999,53% off,4.1,49,12,6 GB RAM,128 GB ROM,9000 mAh Lithium-Ion Polymer Battery,6s Gen 4 Processor,17.35 cm (6.83 inch) Full HD+ AMOLED Display,50MP + 2MP | 16MP Front Camera,,https://www.flipkart.com/poco-x8-5g-black-128-gb/p/itme5971a702d6f4?pid=MOBHQ6XZJAUN46UF&lid=LSTMOBHQ6XZJAUN46UFYE0XHT&marketplace=FLIPKART&q=smart+phones&store=tyy%2F4io&srno=s_16_366&otracker=search&fm=organic&iid=fc6dac87-f7ea-4764-b256-3e75f64ecd1d.MOBHQ6XZJAUN46UF.SEARCH&ppt=None&ppn=None&ssid=ybbnj6yl5c0000001789548298035&qH=a5594894156db043&ov_redirect=true,2026-09-16
367,"MOTOROLA g37 power (PANTONE Nautical Blue, 128 GB)",MOTOROLA,25999,37999,31% off,4.1,"2,423",194,8 GB RAM,128 GB ROM,7000 mAh Battery,Dimensity 6400 Processor,16.92 cm (6.66 inch) HD+ Display,50MP Rear Camera | 8MP Front Camera,,https://www.flipkart.com/motorola-g37-power-pantone-nautical-blue-128-gb/p/itm48ade38c32669?pid=MOBHMX5YNNYGMVWH&lid=LSTMOBHMX5YNNYGMVWHYBPQ6L&marketplace=FLIPKART&q=smart+phones&store=tyy%2F4io&srno=s_16_367&otracker=search&fm=organic&iid=fc6dac87-f7ea-4764-b256-3e75f64ecd1d.MOBHMX5YNNYGMVWH.SEARCH&ppt=None&ppn=None&ssid=ybbnj6yl5c0000001789548298035&qH=a5594894156db043&ov_redirect=true,2026-09-16
368,"POCO C61 (Diamond Dust Black, 64 GB)",POCO,7299,8999,18% off,4.1,"1,11,016","4,673",4 GB RAM,64 GB ROM,5000 mAh Battery,Helio G36 Processor,17.04 cm (6.71 inch) HD+ Display,8MP Rear Camera | 5MP Front Camera,,https://www.flipkart.com/poco-c61-diamond-dust-black-64-gb/p/itmab81e9048e98c?pid=MOBH92ADUPZ8DRY6&lid=LSTMOBH92ADUPZ8DRY6Q9W4Q7&marketplace=FLIPKART&q=smart+phones&store=tyy%2F4io&srno=s_16_368&otracker=search&fm=organic&iid=fc6dac87-f7ea-4764-b256-3e75f64ecd1d.MOBH92ADUPZ8DRY6.SEARCH&ppt=None&ppn=None&ssid=ybbnj6yl5c0000001789548298035&qH=a5594894156db043&ov_redirect=true,2026-09-16
369,"vivo T5x 5G (Fusion Red, 128 GB)",vivo,27999,28999,3% off,4.4,"21,251","1,441",6 GB RAM,128 GB ROM,7200 mAh Li-ion Battery,Dimensity 7400-Turbo Processor,17.17 cm (6.76 inch) Display,50MP + 2MP | 32MP Front Camera,,https://www.flipkart.com/vivo-t5x-5g-fusion-red-128-gb/p/itm7da8aa253e72b?pid=MOBHPGHCZ9HCTCHK&lid=LSTMOBHPGHCZ9HCTCHKPPZYM6&marketplace=FLIPKART&q=smart+phones&store=tyy%2F4io&srno=s_16_369&otracker=search&fm=organic&iid=fc6dac87-f7ea-4764-b256-3e75f64ecd1d.MOBHPGHCZ9HCTCHK.SEARCH&ppt=None&ppn=None&ssid=ybbnj6yl5c0000001789548298035&qH=a5594894156db043&ov_redirect=true,2026-09-16
370,"realme C100x (Golden Coast, 64 GB)",realme,16999,29999,43% off,3.6,245,31,4 GB RAM,64 GB ROM,8000 mAh Battery,T7250 Processor,17.27 cm (6.8 inch) HD+ Display,50MP Rear Camera | 5MP Front Camera,,https://www.flipkart.com/realme-c100x-golden-coast-64-gb/p/itm488eb4026680c?pid=MOBHZMDTJ8MRNENF&lid=LSTMOBHZMDTJ8MRNENF0B9EB3&marketplace=FLIPKART&q=smart+phones&store=tyy%2F4io&srno=s_16_370&otracker=search&fm=organic&iid=fc6dac87-f7ea-4764-b256-3e75f64ecd1d.MOBHZMDTJ8MRNENF.SEARCH&ppt=None&ppn=None&ssid=ybbnj6yl5c0000001789548298035&qH=a5594894156db043&ov_redirect=true,2026-09-16
371,"MOTOROLA G04 (Sunrise Orange, 64 GB)",MOTOROLA,9999,,,4.2,"16,151","1,019",4 GB RAM,64 GB ROM,5000 mAh Battery,Unisoc T606 Processor,16.76 cm (6.6 inch) HD+ Display,16MP Rear Camera | 5MP Front Camera,,https://www.flipkart.com/motorola-g04-sunrise-orange-64-gb/p/itm4fb15fb244a2b?pid=MOBGUFK4NYZHCY9V&lid=LSTMOBGUFK4NYZHCY9VIJW7PA&marketplace=FLIPKART&q=smart+phones&store=tyy%2F4io&srno=s_16_371&otracker=search&fm=organic&iid=fc6dac87-f7ea-4764-b256-3e75f64ecd1d.MOBGUFK4NYZHCY9V.SEARCH&ppt=None&ppn=None&ssid=ybbnj6yl5c0000001789548298035&qH=a5594894156db043&ov_redirect=true,2026-09-16
372,"POCO C85 5G (Spring Green, 128 GB)",POCO,19499,24999,22% off,4.3,173,12,8 GB RAM,128 GB ROM,6000 mAh Lithium-Ion Polymer Battery,Dimensity 6300 Processor,17.53 cm (6.9 inch) HD+ Display,50MP Rear Camera | 8MP Front Camera,,https://www.flipkart.com/poco-c85-5g-spring-green-128-gb/p/itm8eb0c84963d83?pid=MOBHMGG5CR7GHJHN&lid=LSTMOBHMGG5CR7GHJHNTRROVD&marketplace=FLIPKART&q=smart+phones&store=tyy%2F4io&srno=s_16_372&otracker=search&fm=organic&iid=fc6dac87-f7ea-4764-b256-3e75f64ecd1d.MOBHMGG5CR7GHJHN.SEARCH&ppt=None&ppn=None&ssid=ybbnj6yl5c0000001789548298035&qH=a5594894156db043&ov_redirect=true,2026-09-16
373,"Motorola Edge 40 Neo (Soothing Sea, 128 GB)",Motorola,27999,,,4.3,"57,642","6,031",8 GB RAM,128 GB ROM,5000 mAh Battery,Dimensity 7030 Processor,16.64 cm (6.55 inch) Full HD+ Display,50MP + 13MP | 32MP Front Camera,,https://www.flipkart.com/motorola-edge-40-neo-soothing-sea-128-gb/p/itmcfb87467e7d9a?pid=MOBGQFX6AG2JD2XT&lid=LSTMOBGQFX6AG2JD2XTMNTYDO&marketplace=FLIPKART&q=smart+phones&store=tyy%2F4io&srno=s_16_373&otracker=search&fm=organic&iid=fc6dac87-f7ea-4764-b256-3e75f64ecd1d.MOBGQFX6AG2JD2XT.SEARCH&ppt=None&ppn=None&ssid=ybbnj6yl5c0000001789548298035&qH=a5594894156db043&ov_redirect=true,2026-09-16
374,"POCO M6 5G (Galactic Black, 64 GB)",POCO,11899,11999,,4.1,"1,40,182","7,203",4 GB RAM,64 GB ROM,5000 mAh Battery,Mediatek Dimensity 6100+ Processor,17.12 cm (6.74 inch) HD+ Display,50MP Rear Camera | 5MP Front Camera,,https://www.flipkart.com/poco-m6-5g-galactic-black-64-gb/p/itmdfa2ca1e206ef?pid=MOBH92ADBRMY2UBK&lid=LSTMOBH92ADBRMY2UBK14AEWL&marketplace=FLIPKART&q=smart+phones&store=tyy%2F4io&srno=s_16_374&otracker=search&fm=organic&iid=fc6dac87-f7ea-4764-b256-3e75f64ecd1d.MOBH92ADBRMY2UBK.SEARCH&ppt=None&ppn=None&ssid=ybbnj6yl5c0000001789548298035&qH=a5594894156db043&ov_redirect=true,2026-09-16
375,"MOTOROLA g max (PANTONE Stargazer, 128 GB)",MOTOROLA,27999,44999,37% off,4.4,17,2,6 GB RAM,128 GB ROM,7000 mAh Battery,Snapdragon 6s Gen 4 Processor,17.07 cm (6.72 inch) Full HD+ Display,50MP + 8MP | 32MP Front Camera,,https://www.flipkart.com/motorola-g-max-pantone-stargazer-128-gb/p/itm1f70183e81a81?pid=MOBHPR973RGUH7WW&lid=LSTMOBHPR973RGUH7WWEJNIWQ&marketplace=FLIPKART&q=smart+phones&store=tyy%2F4io&srno=s_16_375&otracker=search&fm=organic&iid=fc6dac87-f7ea-4764-b256-3e75f64ecd1d.MOBHPR973RGUH7WW.SEARCH&ppt=None&ppn=None&ssid=ybbnj6yl5c0000001789548298035&qH=a5594894156db043&ov_redirect=true,2026-09-16
376,"MOTOROLA g35 5G (Guava Red, 128 GB)",MOTOROLA,13999,15499,9% off,4.2,"16,450","1,125",8 GB RAM,128 GB ROM,5000 mAh Battery,T760 Processor,17.07 cm (6.72 inch) Full HD+ Display,50MP + 8MP | 16MP Front Camera,5G,https://www.flipkart.com/motorola-g35-5g-guava-red-128-gb/p/itm3cd0926197241?pid=MOBHFNAZEM2XQMWR&lid=LSTMOBHFNAZEM2XQMWRW8CFFX&marketplace=FLIPKART&q=smart+phones&store=tyy%2F4io&srno=s_16_376&otracker=search&fm=organic&iid=fc6dac87-f7ea-4764-b256-3e75f64ecd1d.MOBHFNAZEM2XQMWR.SEARCH&ppt=None&ppn=None&ssid=ybbnj6yl5c0000001789548298035&qH=a5594894156db043&ov_redirect=true,2026-09-16
377,"Ai+ Pulse 1 (Sparkle Red, 64 GB)",Ai+,7999,,,4.2,"42,937","3,634",4 GB RAM,64 GB ROM,5000 mAh Battery,T615 Processor,17.13 cm (6.745 inch) HD+ Display,50MP Rear Camera | 5MP Front Camera,,https://www.flipkart.com/ai-pulse-1-sparkle-red-64-gb/p/itm475b5391ff251?pid=MOBHFG2DP4QYFDMP&lid=LSTMOBHFG2DP4QYFDMPEBEVVS&marketplace=FLIPKART&q=smart+phones&store=tyy%2F4io&srno=s_16_377&otracker=search&fm=organic&iid=fc6dac87-f7ea-4764-b256-3e75f64ecd1d.MOBHFG2DP4QYFDMP.SEARCH&ppt=None&ppn=None&ssid=ybbnj6yl5c0000001789548298035&qH=a5594894156db043&ov_redirect=true,2026-09-16
378,"Motorola Edge 40 Neo (Black Beauty, 128 GB)",Motorola,27999,,,4.3,"57,642","6,031",8 GB RAM,128 GB ROM,5000 mAh Battery,Dimensity 7030 Processor,16.64 cm (6.55 inch) Full HD+ Display,50MP + 13MP | 32MP Front Camera,,https://www.flipkart.com/motorola-edge-40-neo-black-beauty-128-gb/p/itm01cc46d96a79f?pid=MOBGQFX6JGTWFSGD&lid=LSTMOBGQFX6JGTWFSGDTXTCZS&marketplace=FLIPKART&q=smart+phones&store=tyy%2F4io&srno=s_16_378&otracker=search&fm=organic&iid=fc6dac87-f7ea-4764-b256-3e75f64ecd1d.MOBGQFX6JGTWFSGD.SEARCH&ppt=None&ppn=None&ssid=ybbnj6yl5c0000001789548298035&qH=a5594894156db043&ov_redirect=true,2026-09-16
379,"Samsung Galaxy F17 5G (Violet Pop, 128 GB)",Samsung,18777,19499,3% off,3.7,7,2,8 GB RAM,128 GB ROM,5000 mAh Battery,Exynos 1330 Processor,17.02 cm (6.7 inch) Full HD+ Display,50MP + 5MP | 13MP Front Camera,,https://www.flipkart.com/samsung-galaxy-f17-5g-violet-pop-128-gb/p/itmead495c48e859?pid=MOBHKFZRYF4JXXM4&lid=LSTMOBHKFZRYF4JXXM4WUVJPO&marketplace=FLIPKART&q=smart+phones&store=tyy%2F4io&srno=s_16_379&otracker=search&fm=organic&iid=fc6dac87-f7ea-4764-b256-3e75f64ecd1d.MOBHKFZRYF4JXXM4.SEARCH&ppt=None&ppn=None&ssid=ybbnj6yl5c0000001789548298035&qH=a5594894156db043&ov_redirect=true,2026-09-16
380,"realme C100i (Midnight Black, 64 GB)",realme,14999,25999,42% off,4,37,7,4 GB RAM,64 GB ROM,6500 mAh lithium-ion polymer Battery,T7250 Processor,17.14 cm (6.75 inch) HD+ Display,8MP Rear Camera | 5MP Front Camera,,https://www.flipkart.com/realme-c100i-midnight-black-64-gb/p/itm906b09160c2d6?pid=MOBHQFDAEZCFZUB8&lid=LSTMOBHQFDAEZCFZUB8TTHRO7&marketplace=FLIPKART&q=smart+phones&store=tyy%2F4io&srno=s_16_380&otracker=search&fm=organic&iid=fc6dac87-f7ea-4764-b256-3e75f64ecd1d.MOBHQFDAEZCFZUB8.SEARCH&ppt=None&ppn=None&ssid=ybbnj6yl5c0000001789548298035&qH=a5594894156db043&ov_redirect=true,2026-09-16
381,"POCO M8 (Carbon Black, 256 GB)",POCO,28999,29999,3% off,4.3,"2,249",206,8 GB RAM,256 GB ROM,5520 mAh Battery,,17.2 cm (6.77 inch) Full HD+ Display,50MP Rear Camera | 20MP Front Camera,,https://www.flipkart.com/poco-m8-carbon-black-256-gb/p/itm2602d0ce0319c?pid=MOBHMGG5QWHMV4Y2&lid=LSTMOBHMGG5QWHMV4Y2Q8GNIH&marketplace=FLIPKART&q=smart+phones&store=tyy%2F4io&srno=s_16_381&otracker=search&fm=organic&iid=fc6dac87-f7ea-4764-b256-3e75f64ecd1d.MOBHMGG5QWHMV4Y2.SEARCH&ppt=None&ppn=None&ssid=ybbnj6yl5c0000001789548298035&qH=a5594894156db043&ov_redirect=true,2026-09-16
382,"vivo T5x 5G (Fusion Red, 128 GB)",vivo,30999,,,4.4,"24,794","1,858",8 GB RAM,128 GB ROM,7200 mAh Li-ion Battery,Dimensity 7400-Turbo Processor,17.17 cm (6.76 inch) Display,50MP + 2MP | 32MP Front Camera,,https://www.flipkart.com/vivo-t5x-5g-fusion-red-128-gb/p/itm7da8aa253e72b?pid=MOBHPGHCZVCYZUP7&lid=LSTMOBHPGHCZVCYZUP7VAIWGY&marketplace=FLIPKART&q=smart+phones&store=tyy%2F4io&srno=s_16_382&otracker=search&fm=organic&iid=fc6dac87-f7ea-4764-b256-3e75f64ecd1d.MOBHPGHCZVCYZUP7.SEARCH&ppt=None&ppn=None&ssid=ybbnj6yl5c0000001789548298035&qH=a5594894156db043&ov_redirect=true,2026-09-16
383,"Infinix SMART 9 HD (Mint Green, 64 GB)",Infinix,6699,8999,25% off,4.1,"4,361",283,3 GB RAM,64 GB ROM,5000 mAh Lithium-ion Polymer Battery,Mediatek Helio G50 Processor,17.02 cm (6.7 inch) HD+ Display,13MP Rear Camera | 8MP Front Camera,,https://www.flipkart.com/infinix-smart-9-hd-mint-green-64-gb/p/itm6c336dc47593e?pid=MOBH88VZR53ZSQDH&lid=LSTMOBH88VZR53ZSQDHCOWUAE&marketplace=FLIPKART&q=smart+phones&store=tyy%2F4io&srno=s_16_383&otracker=search&fm=organic&iid=fc6dac87-f7ea-4764-b256-3e75f64ecd1d.MOBH88VZR53ZSQDH.SEARCH&ppt=None&ppn=None&ssid=ybbnj6yl5c0000001789548298035&qH=a5594894156db043&ov_redirect=true,2026-09-16
384,"POCO X8 Pro Max (Black, 256 GB)",POCO,48999,50999,3% off,4.5,"1,925",402,12 GB RAM,256 GB ROM,9000 mAh Lithium-Ion Polymer With Silicon Carbon Technology Battery,Dimensity 9500s Processor,17.35 cm (6.83 inch) Full HD+ AMOLED Display,50MP + 8MP | 20MP Front Camera,,https://www.flipkart.com/poco-x8-pro-max-black-256-gb/p/itm0dc50d67926fb?pid=MOBHH2KYEHZZJCFG&lid=LSTMOBHH2KYEHZZJCFGOAD84Y&marketplace=FLIPKART&q=smart+phones&store=tyy%2F4io&srno=s_16_384&otracker=search&fm=organic&iid=fc6dac87-f7ea-4764-b256-3e75f64ecd1d.MOBHH2KYEHZZJCFG.SEARCH&ppt=None&ppn=None&ssid=ybbnj6yl5c0000001789548298035&qH=a5594894156db043&ov_redirect=true,2026-09-16
385,"MOTOROLA G04 (Sunrise Orange, 64 GB)",MOTOROLA,9999,,,4.2,"16,151","1,019",4 GB RAM,64 GB ROM,5000 mAh Battery,Unisoc T606 Processor,16.76 cm (6.6 inch) HD+ Display,16MP Rear Camera | 5MP Front Camera,,https://www.flipkart.com/motorola-g04-sunrise-orange-64-gb/p/itm4fb15fb244a2b?pid=MOBGUFK4NYZHCY9V&lid=LSTMOBGUFK4NYZHCY9VIJW7PA&marketplace=FLIPKART&q=smart+phones&store=tyy%2F4io&srno=s_17_385&otracker=search&fm=organic&iid=b9c28fd4-7a06-4546-b84d-c25dc3057a96.MOBGUFK4NYZHCY9V.SEARCH&ppt=None&ppn=None&ssid=dggvaegjds0000001789548300898&qH=a5594894156db043&ov_redirect=true,2026-09-16
386,"Samsung Galaxy F14 5G (Green, 128 GB)",Samsung,12999,17490,25% off,4.2,"46,133","3,180",4 GB RAM,128 GB ROM,6000 mAh Battery,"Exynos 1330, Octa Core Processor",16.76 cm (6.6 inch) Full HD+ Display,50MP + 2MP | 13MP Front Camera,,https://www.flipkart.com/samsung-galaxy-f14-5g-green-128-gb/p/itm538a06ee7dc98?pid=MOBGNBFN6EZTDAPU&lid=LSTMOBGNBFN6EZTDAPUEURAKE&marketplace=FLIPKART&q=smart+phones&store=tyy%2F4io&srno=s_17_386&otracker=search&fm=organic&iid=b9c28fd4-7a06-4546-b84d-c25dc3057a96.MOBGNBFN6EZTDAPU.SEARCH&ppt=None&ppn=None&ssid=dggvaegjds0000001789548300898&qH=a5594894156db043&ov_redirect=true,2026-09-16
387,"Tecno Spark 50 5G (Mint Green, 128 GB)",Tecno,19999,27999,28% off,3.7,116,19,4 GB RAM,128 GB ROM,6500 mAh Lithium Polymer Battery,Dimensity 6400 Processor,17.22 cm (6.78 inch) Display,50MP Rear Camera | 8MP Front Camera,,https://www.flipkart.com/tecno-spark-50-5g-mint-green-128-gb/p/itmb3923bf4ff9a6?pid=MOBHHH5TZMHQCMSU&lid=LSTMOBHHH5TZMHQCMSUN8RIDD&marketplace=FLIPKART&q=smart+phones&store=tyy%2F4io&srno=s_17_387&otracker=search&fm=organic&iid=en_tqKl51YBO6bd2itz5AVL-6Nm-4qSUsOUIN2SBdL5y1YaDqbm4GqrVmjLCh8ioNA7EkNWyXUFNnHiWROKxaC-hv6ZZvGaaMvyXK9MBuHDlM3T34E3Srtx5lKNsr1XEDSg&ppt=None&ppn=None&ssid=dggvaegjds0000001789548300898&qH=a5594894156db043&ov_redirect=true,2026-09-16
388,"POCO C85 5G (Spring Green, 128 GB)",POCO,19499,24999,22% off,4.3,173,12,8 GB RAM,128 GB ROM,6000 mAh Lithium-Ion Polymer Battery,Dimensity 6300 Processor,17.53 cm (6.9 inch) HD+ Display,50MP Rear Camera | 8MP Front Camera,,https://www.flipkart.com/poco-c85-5g-spring-green-128-gb/p/itm8eb0c84963d83?pid=MOBHMGG5CR7GHJHN&lid=LSTMOBHMGG5CR7GHJHNTRROVD&marketplace=FLIPKART&q=smart+phones&store=tyy%2F4io&srno=s_17_388&otracker=search&fm=organic&iid=b9c28fd4-7a06-4546-b84d-c25dc3057a96.MOBHMGG5CR7GHJHN.SEARCH&ppt=None&ppn=None&ssid=dggvaegjds0000001789548300898&qH=a5594894156db043&ov_redirect=true,2026-09-16
389,"MOTOROLA G04 (Concord Black, 64 GB)",MOTOROLA,6999,9999,30% off,4.2,"16,151","1,019",4 GB RAM,64 GB ROM,5000 mAh Battery,Unisoc T606 Processor,16.76 cm (6.6 inch) HD+ Display,16MP Rear Camera | 5MP Front Camera,,https://www.flipkart.com/motorola-g04-concord-black-64-gb/p/itm1466484dd2cea?pid=MOBGUFK4HPBEUCFH&lid=LSTMOBGUFK4HPBEUCFHMZE4IT&marketplace=FLIPKART&q=smart+phones&store=tyy%2F4io&srno=s_17_389&otracker=search&fm=organic&iid=b9c28fd4-7a06-4546-b84d-c25dc3057a96.MOBGUFK4HPBEUCFH.SEARCH&ppt=None&ppn=None&ssid=dggvaegjds0000001789548300898&qH=a5594894156db043&ov_redirect=true,2026-09-16
390,"vivo T5x 5G (Fusion Red, 128 GB)",vivo,30999,,,4.4,"24,794","1,858",8 GB RAM,128 GB ROM,7200 mAh Li-ion Battery,Dimensity 7400-Turbo Processor,17.17 cm (6.76 inch) Display,50MP + 2MP | 32MP Front Camera,,https://www.flipkart.com/vivo-t5x-5g-fusion-red-128-gb/p/itm7da8aa253e72b?pid=MOBHPGHCZVCYZUP7&lid=LSTMOBHPGHCZVCYZUP7VAIWGY&marketplace=FLIPKART&q=smart+phones&store=tyy%2F4io&srno=s_17_390&otracker=search&fm=organic&iid=b9c28fd4-7a06-4546-b84d-c25dc3057a96.MOBHPGHCZVCYZUP7.SEARCH&ppt=None&ppn=None&ssid=dggvaegjds0000001789548300898&qH=a5594894156db043&ov_redirect=true,2026-09-16
391,"Motorola Edge 40 Neo (Soothing Sea, 128 GB)",Motorola,27999,,,4.3,"57,642","6,031",8 GB RAM,128 GB ROM,5000 mAh Battery,Dimensity 7030 Processor,16.64 cm (6.55 inch) Full HD+ Display,50MP + 13MP | 32MP Front Camera,,https://www.flipkart.com/motorola-edge-40-neo-soothing-sea-128-gb/p/itmcfb87467e7d9a?pid=MOBGQFX6AG2JD2XT&lid=LSTMOBGQFX6AG2JD2XTMNTYDO&marketplace=FLIPKART&q=smart+phones&store=tyy%2F4io&srno=s_17_391&otracker=search&fm=organic&iid=b9c28fd4-7a06-4546-b84d-c25dc3057a96.MOBGQFX6AG2JD2XT.SEARCH&ppt=None&ppn=None&ssid=dggvaegjds0000001789548300898&qH=a5594894156db043&ov_redirect=true,2026-09-16
392,"POCO M6 5G (Galactic Black, 64 GB)",POCO,11899,11999,,4.1,"1,40,182","7,203",4 GB RAM,64 GB ROM,5000 mAh Battery,Mediatek Dimensity 6100+ Processor,17.12 cm (6.74 inch) HD+ Display,50MP Rear Camera | 5MP Front Camera,,https://www.flipkart.com/poco-m6-5g-galactic-black-64-gb/p/itmdfa2ca1e206ef?pid=MOBH92ADBRMY2UBK&lid=LSTMOBH92ADBRMY2UBK14AEWL&marketplace=FLIPKART&q=smart+phones&store=tyy%2F4io&srno=s_17_392&otracker=search&fm=organic&iid=b9c28fd4-7a06-4546-b84d-c25dc3057a96.MOBH92ADBRMY2UBK.SEARCH&ppt=None&ppn=None&ssid=dggvaegjds0000001789548300898&qH=a5594894156db043&ov_redirect=true,2026-09-16
393,"MOTOROLA g35 5G (Guava Red, 128 GB)",MOTOROLA,13999,15499,9% off,4.2,"16,450","1,125",8 GB RAM,128 GB ROM,5000 mAh Battery,T760 Processor,17.07 cm (6.72 inch) Full HD+ Display,50MP + 8MP | 16MP Front Camera,5G,https://www.flipkart.com/motorola-g35-5g-guava-red-128-gb/p/itm3cd0926197241?pid=MOBHFNAZEM2XQMWR&lid=LSTMOBHFNAZEM2XQMWRW8CFFX&marketplace=FLIPKART&q=smart+phones&store=tyy%2F4io&srno=s_17_393&otracker=search&fm=organic&iid=b9c28fd4-7a06-4546-b84d-c25dc3057a96.MOBHFNAZEM2XQMWR.SEARCH&ppt=None&ppn=None&ssid=dggvaegjds0000001789548300898&qH=a5594894156db043&ov_redirect=true,2026-09-16
394,"MOTOROLA g37 power (PANTONE Capri, 128 GB)",MOTOROLA,21999,30499,27% off,4.2,"8,705",799,4 GB RAM,128 GB ROM,7000 mAh Battery,Dimensity 6400 Processor,16.92 cm (6.66 inch) HD+ Display,50MP Rear Camera | 8MP Front Camera,,https://www.flipkart.com/motorola-g37-power-pantone-capri-128-gb/p/itm30e95f8678f47?pid=MOBHHVFYHG7QUTDZ&lid=LSTMOBHHVFYHG7QUTDZUQRD2N&marketplace=FLIPKART&q=smart+phones&store=tyy%2F4io&srno=s_17_394&otracker=search&fm=organic&iid=b9c28fd4-7a06-4546-b84d-c25dc3057a96.MOBHHVFYHG7QUTDZ.SEARCH&ppt=None&ppn=None&ssid=dggvaegjds0000001789548300898&qH=a5594894156db043&ov_redirect=true,2026-09-16
395,"POCO M8 (Carbon Black, 128 GB)",POCO,24999,25999,3% off,4.3,"3,716",354,6 GB RAM,128 GB ROM,5520 mAh Battery,,17.2 cm (6.77 inch) Full HD+ Display,50MP Rear Camera | 20MP Front Camera,,https://www.flipkart.com/poco-m8-carbon-black-128-gb/p/itmfb341f67be0ed?pid=MOBHMGG55BR5SZCG&lid=LSTMOBHMGG55BR5SZCG3RRG5U&marketplace=FLIPKART&q=smart+phones&store=tyy%2F4io&srno=s_17_395&otracker=search&fm=organic&iid=b9c28fd4-7a06-4546-b84d-c25dc3057a96.MOBHMGG55BR5SZCG.SEARCH&ppt=None&ppn=None&ssid=dggvaegjds0000001789548300898&qH=a5594894156db043&ov_redirect=true,2026-09-16
396,"Ai+ Pulse 1 (Sparkle Red, 64 GB)",Ai+,7999,,,4.2,"42,937","3,634",4 GB RAM,64 GB ROM,5000 mAh Battery,T615 Processor,17.13 cm (6.745 inch) HD+ Display,50MP Rear Camera | 5MP Front Camera,,https://www.flipkart.com/ai-pulse-1-sparkle-red-64-gb/p/itm475b5391ff251?pid=MOBHFG2DP4QYFDMP&lid=LSTMOBHFG2DP4QYFDMPEBEVVS&marketplace=FLIPKART&q=smart+phones&store=tyy%2F4io&srno=s_17_396&otracker=search&fm=organic&iid=b9c28fd4-7a06-4546-b84d-c25dc3057a96.MOBHFG2DP4QYFDMP.SEARCH&ppt=None&ppn=None&ssid=dggvaegjds0000001789548300898&qH=a5594894156db043&ov_redirect=true,2026-09-16
397,"Infinix NOTE 60 Pro (Tactical ED(Mocha Brown), 128 GB)",Infinix,35999,39999,10% off,4.4,"1,660",269,8 GB RAM,128 GB ROM,6500 mAh Battery,Snapdragon 7s Gen 4 Processor,17.22 cm (6.78 inch) Full HD+ AMOLED Display,50MP + 8MP | 13MP Front Camera,,https://www.flipkart.com/infinix-note-60-pro-tactical-ed-mocha-brown-128-gb/p/itm7681d00923b3c?pid=MOBHMZBG4ZCYBGTG&lid=LSTMOBHMZBG4ZCYBGTGSWNFYG&marketplace=FLIPKART&q=smart+phones&store=tyy%2F4io&srno=s_17_397&otracker=search&fm=organic&iid=b9c28fd4-7a06-4546-b84d-c25dc3057a96.MOBHMZBG4ZCYBGTG.SEARCH&ppt=None&ppn=None&ssid=dggvaegjds0000001789548300898&qH=a5594894156db043&ov_redirect=true,2026-09-16
398,"MOTOROLA Edge 60 Fusion 5G (PANTONE Mykonos Blue, 128 GB)",MOTOROLA,22999,24999,8% off,4.4,"1,26,250","8,833",8 GB RAM,128 GB ROM,5500 mAh Battery,Dimensity 7400 Processor,16.94 cm (6.67 inch) Display,50MP + 13MP | 32MP Front Camera,,https://www.flipkart.com/motorola-edge-60-fusion-5g-pantone-mykonos-blue-128-gb/p/itm921871063b6c7?pid=MOBHHD2KRZ23ZXGS&lid=LSTMOBHHD2KRZ23ZXGSLUY7AA&marketplace=FLIPKART&q=smart+phones&store=tyy%2F4io&srno=s_17_398&otracker=search&fm=organic&iid=b9c28fd4-7a06-4546-b84d-c25dc3057a96.MOBHHD2KRZ23ZXGS.SEARCH&ppt=None&ppn=None&ssid=dggvaegjds0000001789548300898&qH=a5594894156db043&ov_redirect=true,2026-09-16
399,"Motorola Edge 40 Neo (Black Beauty, 128 GB)",Motorola,27999,,,4.3,"57,642","6,031",8 GB RAM,128 GB ROM,5000 mAh Battery,Dimensity 7030 Processor,16.64 cm (6.55 inch) Full HD+ Display,50MP + 13MP | 32MP Front Camera,,https://www.flipkart.com/motorola-edge-40-neo-black-beauty-128-gb/p/itm01cc46d96a79f?pid=MOBGQFX6JGTWFSGD&lid=LSTMOBGQFX6JGTWFSGDTXTCZS&marketplace=FLIPKART&q=smart+phones&store=tyy%2F4io&srno=s_17_399&otracker=search&fm=organic&iid=b9c28fd4-7a06-4546-b84d-c25dc3057a96.MOBGQFX6JGTWFSGD.SEARCH&ppt=None&ppn=None&ssid=dggvaegjds0000001789548300898&qH=a5594894156db043&ov_redirect=true,2026-09-16
400,"MOTOROLA g35 5G (Guava Red, 128 GB)",MOTOROLA,12499,,,4.2,"1,40,487","9,739",4 GB RAM,128 GB ROM,5000 mAh Battery,T760 Processor,17.07 cm (6.72 inch) Full HD+ Display,50MP + 8MP | 16MP Front Camera,5G,https://www.flipkart.com/motorola-g35-5g-guava-red-128-gb/p/itm39bba58f6cdfc?pid=MOBH3YGPWZZB9ZZK&lid=LSTMOBH3YGPWZZB9ZZKFWIZWR&marketplace=FLIPKART&q=smart+phones&store=tyy%2F4io&srno=s_17_400&otracker=search&fm=organic&iid=b9c28fd4-7a06-4546-b84d-c25dc3057a96.MOBH3YGPWZZB9ZZK.SEARCH&ppt=None&ppn=None&ssid=dggvaegjds0000001789548300898&qH=a5594894156db043&ov_redirect=true,2026-09-16
401,"POCO M8 (Carbon Black, 128 GB)",POCO,26999,27999,3% off,4.3,"2,249",206,8 GB RAM,128 GB ROM,5520 mAh Battery,,17.2 cm (6.77 inch) Full HD+ Display,50MP Rear Camera | 20MP Front Camera,,https://www.flipkart.com/poco-m8-carbon-black-128-gb/p/itm4a387788f045c?pid=MOBHMGG5FFCEPT3V&lid=LSTMOBHMGG5FFCEPT3VOQI1H2&marketplace=FLIPKART&q=smart+phones&store=tyy%2F4io&srno=s_17_401&otracker=search&fm=organic&iid=b9c28fd4-7a06-4546-b84d-c25dc3057a96.MOBHMGG5FFCEPT3V.SEARCH&ppt=None&ppn=None&ssid=dggvaegjds0000001789548300898&qH=a5594894156db043&ov_redirect=true,2026-09-16
402,"POCO M8 (Carbon Black, 256 GB)",POCO,28999,29999,3% off,4.3,"2,249",206,8 GB RAM,256 GB ROM,5520 mAh Battery,,17.2 cm (6.77 inch) Full HD+ Display,50MP Rear Camera | 20MP Front Camera,,https://www.flipkart.com/poco-m8-carbon-black-256-gb/p/itm2602d0ce0319c?pid=MOBHMGG5QWHMV4Y2&lid=LSTMOBHMGG5QWHMV4Y2Q8GNIH&marketplace=FLIPKART&q=smart+phones&store=tyy%2F4io&srno=s_17_402&otracker=search&fm=organic&iid=b9c28fd4-7a06-4546-b84d-c25dc3057a96.MOBHMGG5QWHMV4Y2.SEARCH&ppt=None&ppn=None&ssid=dggvaegjds0000001789548300898&qH=a5594894156db043&ov_redirect=true,2026-09-16
403,"Samsung Galaxy A14 5G (Black, 64 GB)",Samsung,9999,16499,39% off,4.2,"46,241","2,242",4 GB RAM,64 GB ROM,5000 mAh Lithium Ion Battery,Exynos 1330 Processor,16.76 cm (6.6 inch) Full HD+ Display,50MP + 2MP + 2MP | 13MP Front Camera,,https://www.flipkart.com/samsung-galaxy-a14-5g-black-64-gb/p/itmaa3ed9bed7dd5?pid=MOBGHT8UA2H4AAPM&lid=LSTMOBGHT8UA2H4AAPMHXDDYB&marketplace=FLIPKART&q=smart+phones&store=tyy%2F4io&srno=s_17_403&otracker=search&fm=organic&iid=b9c28fd4-7a06-4546-b84d-c25dc3057a96.MOBGHT8UA2H4AAPM.SEARCH&ppt=None&ppn=None&ssid=dggvaegjds0000001789548300898&qH=a5594894156db043&ov_redirect=true,2026-09-16
404,"Infinix SMART 9 HD (Mint Green, 64 GB)",Infinix,6699,8999,25% off,4.1,"4,361",283,3 GB RAM,64 GB ROM,5000 mAh Lithium-ion Polymer Battery,Mediatek Helio G50 Processor,17.02 cm (6.7 inch) HD+ Display,13MP Rear Camera | 8MP Front Camera,,https://www.flipkart.com/infinix-smart-9-hd-mint-green-64-gb/p/itm6c336dc47593e?pid=MOBH88VZR53ZSQDH&lid=LSTMOBH88VZR53ZSQDHCOWUAE&marketplace=FLIPKART&q=smart+phones&store=tyy%2F4io&srno=s_17_404&otracker=search&fm=organic&iid=b9c28fd4-7a06-4546-b84d-c25dc3057a96.MOBH88VZR53ZSQDH.SEARCH&ppt=None&ppn=None&ssid=dggvaegjds0000001789548300898&qH=a5594894156db043&ov_redirect=true,2026-09-16
405,"Infinix Note 40X 5G (Lime Green, 256 GB)",Infinix,15999,21999,27% off,4.3,"32,069","2,251",12 GB RAM,256 GB ROM,5000 mAh Lithium-ion Polymer Battery,Dimensity 6300 Processor,17.22 cm (6.78 inch) Full HD+ Display,108MP + 2MP + AI Lens | 8MP Front Camera,,https://www.flipkart.com/infinix-note-40x-5g-lime-green-256-gb/p/itm9c39960257804?pid=MOBH34XGVBZFTQMU&lid=LSTMOBH34XGVBZFTQMUWKVCNT&marketplace=FLIPKART&q=smart+phones&store=tyy%2F4io&srno=s_17_405&otracker=search&fm=organic&iid=b9c28fd4-7a06-4546-b84d-c25dc3057a96.MOBH34XGVBZFTQMU.SEARCH&ppt=None&ppn=None&ssid=dggvaegjds0000001789548300898&qH=a5594894156db043&ov_redirect=true,2026-09-16
406,"Samsung Galaxy F16 5G (Bling Black, 128 GB)",Samsung,15499,18999,18% off,4.2,"3,687",275,8 GB RAM,128 GB ROM,5000 mAh Battery,Dimensity 6300 Processor,16.91 cm (6.657 inch) Full HD+ Display,50MP + 5MP + 2MP | 13MP Front Camera,,https://www.flipkart.com/samsung-galaxy-f16-5g-bling-black-128-gb/p/itmc78bc1cee0259?pid=MOBH9ASGP3ZH2AF7&lid=LSTMOBH9ASGP3ZH2AF7G11WXL&marketplace=FLIPKART&q=smart+phones&store=tyy%2F4io&srno=s_17_406&otracker=search&fm=organic&iid=b9c28fd4-7a06-4546-b84d-c25dc3057a96.MOBH9ASGP3ZH2AF7.SEARCH&ppt=None&ppn=None&ssid=dggvaegjds0000001789548300898&qH=a5594894156db043&ov_redirect=true,2026-09-16
407,"Infinix Note edge (Stellar Blue, 128 GB)",Infinix,28999,29999,3% off,4.2,424,67,8 GB RAM,128 GB ROM,6500 mAh Battery,Dimensity 7100 Processor,17.22 cm (6.78 inch) Full HD+ AMOLED Display,50MP Rear Camera | 13MP Front Camera,,https://www.flipkart.com/infinix-note-edge-stellar-blue-128-gb/p/itmab2876405a1ab?pid=MOBHKCV724SABNKE&lid=LSTMOBHKCV724SABNKEH7AYKB&marketplace=FLIPKART&q=smart+phones&store=tyy%2F4io&srno=s_17_407&otracker=search&fm=organic&iid=b9c28fd4-7a06-4546-b84d-c25dc3057a96.MOBHKCV724SABNKE.SEARCH&ppt=None&ppn=None&ssid=dggvaegjds0000001789548300898&qH=a5594894156db043&ov_redirect=true,2026-09-16
408,"Samsung Galaxy F17 5G (Violet Pop, 128 GB)",Samsung,18777,19499,3% off,3.7,7,2,8 GB RAM,128 GB ROM,5000 mAh Battery,Exynos 1330 Processor,17.02 cm (6.7 inch) Full HD+ Display,50MP + 5MP | 13MP Front Camera,,https://www.flipkart.com/samsung-galaxy-f17-5g-violet-pop-128-gb/p/itmead495c48e859?pid=MOBHKFZRYF4JXXM4&lid=LSTMOBHKFZRYF4JXXM4WUVJPO&marketplace=FLIPKART&q=smart+phones&store=tyy%2F4io&srno=s_17_408&otracker=search&fm=organic&iid=b9c28fd4-7a06-4546-b84d-c25dc3057a96.MOBHKFZRYF4JXXM4.SEARCH&ppt=None&ppn=None&ssid=dggvaegjds0000001789548300898&qH=a5594894156db043&ov_redirect=true,2026-09-16
409,"Motorola g84 5G (Viva Magenta, 256 GB)",Motorola,22999,,,4.2,"52,227","4,919",12 GB RAM,256 GB ROM,5000 mAh Battery,Snapdragon 695 Processor,16.64 cm (6.55 inch) Full HD+ Display,50MP (OIS) + 8MP | 16MP Front Camera,,https://www.flipkart.com/motorola-g84-5g-viva-magenta-256-gb/p/itmed938e33ffdf5?pid=MOBGQFX672GDDQAQ&lid=LSTMOBGQFX672GDDQAQ5UMDBM&marketplace=FLIPKART&q=smart+phones&store=tyy%2F4io&srno=s_18_409&otracker=search&fm=organic&iid=e5f41ef1-29fb-4821-b9e9-74a68ebc75e0.MOBGQFX672GDDQAQ.SEARCH&ppt=None&ppn=None&ssid=sunr3m6is00000001789548303680&qH=a5594894156db043&ov_redirect=true,2026-09-16
410,"Tecno Spark Go 3 (Aurora Purple, 64 GB)",Tecno,12499,15999,21% off,4.1,200,14,4 GB RAM,64 GB ROM,5000 mAh Lithium Polymer Battery,T7250 Processor,17.12 cm (6.74 inch) HD+ Display,13MP Rear Camera | 8MP Front Camera,,https://www.flipkart.com/tecno-spark-go-3-aurora-purple-64-gb/p/itma9c8f128a61c6?pid=MOBHP2QYFPEEVX6J&lid=LSTMOBHP2QYFPEEVX6JWB3F23&marketplace=FLIPKART&q=smart+phones&store=tyy%2F4io&srno=s_18_410&otracker=search&fm=organic&iid=e5f41ef1-29fb-4821-b9e9-74a68ebc75e0.MOBHP2QYFPEEVX6J.SEARCH&ppt=None&ppn=None&ssid=sunr3m6is00000001789548303680&qH=a5594894156db043&ov_redirect=true,2026-09-16
411,"Tecno Spark 50 5G (Mint Green, 128 GB)",Tecno,19999,27999,28% off,3.7,116,19,4 GB RAM,128 GB ROM,6500 mAh Lithium Polymer Battery,Dimensity 6400 Processor,17.22 cm (6.78 inch) Display,50MP Rear Camera | 8MP Front Camera,,https://www.flipkart.com/tecno-spark-50-5g-mint-green-128-gb/p/itmb3923bf4ff9a6?pid=MOBHHH5TZMHQCMSU&lid=LSTMOBHHH5TZMHQCMSUN8RIDD&marketplace=FLIPKART&q=smart+phones&store=tyy%2F4io&srno=s_18_411&otracker=search&fm=organic&iid=en_qf0Ig7Qu10akWQTsuCflPyzIOtYtPcK-zqXFzSuAj75zJAzVtdafcNvSK_BDFLyAEkNWyXUFNnHiWROKxaC-hv6ZZvGaaMvyXK9MBuHDlM3z4kdMhnQW-qr8d2HnOI58&ppt=None&ppn=None&ssid=sunr3m6is00000001789548303680&qH=a5594894156db043&ov_redirect=true,2026-09-16
412,"Tecno Spark Go 3 (Titanium Grey, 64 GB)",Tecno,12499,15999,21% off,4.1,200,14,4 GB RAM,64 GB ROM,5000 mAh Lithium Polymer Battery,T7250 Processor,17.12 cm (6.74 inch) HD+ Display,13MP Rear Camera | 8MP Front Camera,,https://www.flipkart.com/tecno-spark-go-3-titanium-grey-64-gb/p/itma9c8f128a61c6?pid=MOBHP2QY7GH4XWWS&lid=LSTMOBHP2QY7GH4XWWSUZBT2N&marketplace=FLIPKART&q=smart+phones&store=tyy%2F4io&srno=s_18_412&otracker=search&fm=organic&iid=e5f41ef1-29fb-4821-b9e9-74a68ebc75e0.MOBHP2QY7GH4XWWS.SEARCH&ppt=None&ppn=None&ssid=sunr3m6is00000001789548303680&qH=a5594894156db043&ov_redirect=true,2026-09-16
413,"Motorola G34 5G (Charcoal Black, 128 GB)",Motorola,11999,13999,14% off,4.2,"49,275","3,568",4 GB RAM,128 GB ROM,5000 mAh Battery,Snapdragon 695 5G Processor,16.51 cm (6.5 inch) HD+ Display,50MP + 2MP | 16MP Front Camera,5G,https://www.flipkart.com/motorola-g34-5g-charcoal-black-128-gb/p/itm357c0dba433c3?pid=MOBGUFK494PA7H5Z&lid=LSTMOBGUFK494PA7H5ZDQOTLA&marketplace=FLIPKART&q=smart+phones&store=tyy%2F4io&srno=s_18_413&otracker=search&fm=organic&iid=e5f41ef1-29fb-4821-b9e9-74a68ebc75e0.MOBGUFK494PA7H5Z.SEARCH&ppt=None&ppn=None&ssid=sunr3m6is00000001789548303680&qH=a5594894156db043&ov_redirect=true,2026-09-16
414,"Infinix NOTE 60 Pro (Tactical ED(Mocha Brown), 256 GB)",Infinix,39999,44999,11% off,4.4,"1,660",269,8 GB RAM,256 GB ROM,6500 mAh Battery,Snapdragon 7s Gen 4 Processor,17.22 cm (6.78 inch) Full HD+ AMOLED Display,50MP + 8MP | 13MP Front Camera,,https://www.flipkart.com/infinix-note-60-pro-tactical-ed-mocha-brown-256-gb/p/itm7681d00923b3c?pid=MOBHHVE2CH29RGHF&lid=LSTMOBHHVE2CH29RGHF5LONS1&marketplace=FLIPKART&q=smart+phones&store=tyy%2F4io&srno=s_18_414&otracker=search&fm=organic&iid=e5f41ef1-29fb-4821-b9e9-74a68ebc75e0.MOBHHVE2CH29RGHF.SEARCH&ppt=None&ppn=None&ssid=sunr3m6is00000001789548303680&qH=a5594894156db043&ov_redirect=true,2026-09-16
415,"Motorola e13 (Cosmic Black, 128 GB)",Motorola,9299,11999,22% off,4.1,"35,488","1,990",8 GB RAM,128 GB ROM,5000 mAh Battery,Unisoc T606 Processor,16.51 cm (6.5 inch) HD+ Display,13MP Rear Camera | 5MP Front Camera,,https://www.flipkart.com/motorola-e13-cosmic-black-128-gb/p/itm04a41c3c76631?pid=MOBGQFX6SFZXR7PK&lid=LSTMOBGQFX6SFZXR7PKP7HQQS&marketplace=FLIPKART&q=smart+phones&store=tyy%2F4io&srno=s_18_415&otracker=search&fm=organic&iid=e5f41ef1-29fb-4821-b9e9-74a68ebc75e0.MOBGQFX6SFZXR7PK.SEARCH&ppt=None&ppn=None&ssid=sunr3m6is00000001789548303680&qH=a5594894156db043&ov_redirect=true,2026-09-16
416,"Samsung Galaxy F14 5G (GOAT Green, 128 GB)",Samsung,13999,18490,24% off,4.2,"1,21,406","9,075",6 GB RAM,128 GB ROM,6000 mAh Battery,"Exynos 1330, Octa Core Processor",16.76 cm (6.6 inch) Full HD+ Display,50MP + 2MP | 13MP Front Camera,,https://www.flipkart.com/samsung-galaxy-f14-5g-goat-green-128-gb/p/itm032d1a69999cc?pid=MOBGNBFNDPGNJ7HY&lid=LSTMOBGNBFNDPGNJ7HYRPBKKO&marketplace=FLIPKART&q=smart+phones&store=tyy%2F4io&srno=s_18_416&otracker=search&fm=organic&iid=e5f41ef1-29fb-4821-b9e9-74a68ebc75e0.MOBGNBFNDPGNJ7HY.SEARCH&ppt=None&ppn=None&ssid=sunr3m6is00000001789548303680&qH=a5594894156db043&ov_redirect=true,2026-09-16
417,"REDMI A5 (Just Black, 64 GB)",REDMI,8991,8999,,4.1,"9,408",532,3 GB RAM,64 GB ROM,5200 mAh Battery,T7250 Processor,17.48 cm (6.88 inch) HD+ Display,32MP Rear Camera | 8MP Front Camera,,https://www.flipkart.com/redmi-a5-just-black-64-gb/p/itm2b4357effaa74?pid=MOBHB2HGNGFWXSGA&lid=LSTMOBHB2HGNGFWXSGAJJMGXC&marketplace=FLIPKART&q=smart+phones&store=tyy%2F4io&srno=s_18_417&otracker=search&fm=organic&iid=e5f41ef1-29fb-4821-b9e9-74a68ebc75e0.MOBHB2HGNGFWXSGA.SEARCH&ppt=None&ppn=None&ssid=sunr3m6is00000001789548303680&qH=a5594894156db043&ov_redirect=true,2026-09-16
418,"Samsung Galaxy F16 5G (Vibing Blue, 128 GB)",Samsung,13999,17499,20% off,4.2,"10,434",813,6 GB RAM,128 GB ROM,5000 mAh Battery,Dimensity 6300 Processor,16.91 cm (6.657 inch) Full HD+ Display,50MP + 5MP + 2MP | 13MP Front Camera,,https://www.flipkart.com/samsung-galaxy-f16-5g-vibing-blue-128-gb/p/itmc59882b14985a?pid=MOBH9ASG42S7QZ6P&lid=LSTMOBH9ASG42S7QZ6PM3IJJ8&marketplace=FLIPKART&q=smart+phones&store=tyy%2F4io&srno=s_18_418&otracker=search&fm=organic&iid=e5f41ef1-29fb-4821-b9e9-74a68ebc75e0.MOBH9ASG42S7QZ6P.SEARCH&ppt=None&ppn=None&ssid=sunr3m6is00000001789548303680&qH=a5594894156db043&ov_redirect=true,2026-09-16
419,"POCO M8 Power 5G (Green, 128 GB)",POCO,27999,59999,53% off,4.7,356,269,8 GB RAM,128 GB ROM,8000 mAh Lithium-Ion Polymer Battery,Snapdragon Gen 4 Processor,17.75 cm (6.99 inch) Full HD+ AMOLED Display,50MP Rear Camera | 8MP Front Camera,,https://www.flipkart.com/poco-m8-power-5g-green-128-gb/p/itmcb7a6d1f8e1fc?pid=MOBHPCYNPTEZQTHC&lid=LSTMOBHPCYNPTEZQTHCQZMRHO&marketplace=FLIPKART&q=smart+phones&store=tyy%2F4io&srno=s_18_419&otracker=search&fm=organic&iid=e5f41ef1-29fb-4821-b9e9-74a68ebc75e0.MOBHPCYNPTEZQTHC.SEARCH&ppt=None&ppn=None&ssid=sunr3m6is00000001789548303680&qH=a5594894156db043&ov_redirect=true,2026-09-16
420,"Infinix Hot 60 5G+ (Caramel Glow, 128 GB)",Infinix,17999,,,4.2,"3,650",310,6 GB RAM,128 GB ROM,5200 mAh Battery,Dimensity 7020 Processor,17.02 cm (6.7 inch) HD+ Display,50MP Rear Camera | 8MP Front Camera,,https://www.flipkart.com/infinix-hot-60-5g-caramel-glow-128-gb/p/itm2154889174b3a?pid=MOBHDMJZ5ZHEGK9G&lid=LSTMOBHDMJZ5ZHEGK9GSQSKG0&marketplace=FLIPKART&q=smart+phones&store=tyy%2F4io&srno=s_18_420&otracker=search&fm=organic&iid=e5f41ef1-29fb-4821-b9e9-74a68ebc75e0.MOBHDMJZ5ZHEGK9G.SEARCH&ppt=None&ppn=None&ssid=sunr3m6is00000001789548303680&qH=a5594894156db043&ov_redirect=true,2026-09-16
421,"POCO M8x 5G (Black, 128 GB)",POCO,,,,3.1,146,29,4 GB RAM,128 GB ROM,7900 mAh Lithium-Ion Polymer Battery,4 Gen 5 Processor,17.53 cm (6.9 inch) Full HD Display,50MP Rear Camera,,https://www.flipkart.com/poco-m8x-5g-black-128-gb/p/itm540b17a742ccc?pid=MOBHPCYNA4DTGKGS&q=smart+phones&store=tyy%2F4io&srno=s_18_421&otracker=search&fm=organic&iid=e5f41ef1-29fb-4821-b9e9-74a68ebc75e0.MOBHPCYNA4DTGKGS.SEARCH&ppt=None&ppn=None&ssid=sunr3m6is00000001789548303680&qH=a5594894156db043&ov_redirect=true,2026-09-16
422,"Infinix HOT 40i (Gold, 256 GB)",Infinix,9999,10999,9% off,4.1,"21,753","1,332",8 GB RAM,256 GB ROM,5000 mAh Battery,Unisoc T606 Processor,16.76 cm (6.6 inch) HD+ Display,50MP + AI Lens | 32MP Front Camera,,https://www.flipkart.com/infinix-hot-40i-gold-256-gb/p/itma7412e2a212c6?pid=MOBGXZGHKMQ5TSBT&lid=LSTMOBGXZGHKMQ5TSBTCNZ27C&marketplace=FLIPKART&q=smart+phones&store=tyy%2F4io&srno=s_18_422&otracker=search&fm=organic&iid=e5f41ef1-29fb-4821-b9e9-74a68ebc75e0.MOBGXZGHKMQ5TSBT.SEARCH&ppt=None&ppn=None&ssid=sunr3m6is00000001789548303680&qH=a5594894156db043&ov_redirect=true,2026-09-16
423,"realme C100x (Deepblue Tides, 64 GB)",realme,16999,29999,43% off,3.6,245,31,4 GB RAM,64 GB ROM,8000 mAh Battery,T7250 Processor,17.27 cm (6.8 inch) HD+ Display,50MP Rear Camera | 5MP Front Camera,,https://www.flipkart.com/realme-c100x-deepblue-tides-64-gb/p/itm488eb4026680c?pid=MOBHZMDT7BJCESTA&lid=LSTMOBHZMDT7BJCESTAV7AYK5&marketplace=FLIPKART&q=smart+phones&store=tyy%2F4io&srno=s_18_423&otracker=search&fm=organic&iid=e5f41ef1-29fb-4821-b9e9-74a68ebc75e0.MOBHZMDT7BJCESTA.SEARCH&ppt=None&ppn=None&ssid=sunr3m6is00000001789548303680&qH=a5594894156db043&ov_redirect=true,2026-09-16
424,"Infinix SMART 9 HD (Metallic Black, 64 GB)",Infinix,6699,8999,25% off,4.1,"4,361",283,3 GB RAM,64 GB ROM,5000 mAh Lithium-ion Polymer Battery,Mediatek Helio G50 Processor,17.02 cm (6.7 inch) HD+ Display,13MP Rear Camera | 8MP Front Camera,,https://www.flipkart.com/infinix-smart-9-hd-metallic-black-64-gb/p/itm6c336dc47593e?pid=MOBH88VZDZGZ8YMH&lid=LSTMOBH88VZDZGZ8YMHV1BJS0&marketplace=FLIPKART&q=smart+phones&store=tyy%2F4io&srno=s_18_424&otracker=search&fm=organic&iid=e5f41ef1-29fb-4821-b9e9-74a68ebc75e0.MOBH88VZDZGZ8YMH.SEARCH&ppt=None&ppn=None&ssid=sunr3m6is00000001789548303680&qH=a5594894156db043&ov_redirect=true,2026-09-16
425,"POCO M6 5G (Polaris Green, 64 GB)",POCO,11899,11999,,4.1,"1,40,182","7,203",4 GB RAM,64 GB ROM,5000 mAh Battery,Mediatek Dimensity 6100+ Processor,17.12 cm (6.74 inch) HD+ Display,50MP Rear Camera | 5MP Front Camera,,https://www.flipkart.com/poco-m6-5g-polaris-green-64-gb/p/itm59919781c6f8e?pid=MOBH92ADXHPMEMDK&lid=LSTMOBH92ADXHPMEMDKDA63SU&marketplace=FLIPKART&q=smart+phones&store=tyy%2F4io&srno=s_18_425&otracker=search&fm=organic&iid=e5f41ef1-29fb-4821-b9e9-74a68ebc75e0.MOBH92ADXHPMEMDK.SEARCH&ppt=None&ppn=None&ssid=sunr3m6is00000001789548303680&qH=a5594894156db043&ov_redirect=true,2026-09-16
426,"MOTOROLA Edge 70 Fusion Snapdragon (Pantone BLUE SURF, 128 GB)",MOTOROLA,30999,49999,38% off,4.4,"17,809","1,968",8 GB RAM,128 GB ROM,7000 mAh Battery,Snapdragon 7s Gen 4 Processor,17.27 cm (6.8 inch) Super HD Display,50MP + 13MP | 32MP Front Camera,,https://www.flipkart.com/motorola-edge-70-fusion-snapdragon-pantone-blue-surf-128-gb/p/itmde3fff77e262b?pid=MOBHN973UHXUTABD&lid=LSTMOBHN973UHXUTABDXA2BLL&marketplace=FLIPKART&q=smart+phones&store=tyy%2F4io&srno=s_18_426&otracker=search&fm=organic&iid=e5f41ef1-29fb-4821-b9e9-74a68ebc75e0.MOBHN973UHXUTABD.SEARCH&ppt=None&ppn=None&ssid=sunr3m6is00000001789548303680&qH=a5594894156db043&ov_redirect=true,2026-09-16
427,"Tecno Spark Go 3 (Ink Black, 64 GB)",Tecno,12499,15999,21% off,4.1,200,14,4 GB RAM,64 GB ROM,5000 mAh Lithium Polymer Battery,T7250 Processor,17.12 cm (6.74 inch) HD+ Display,13MP Rear Camera | 8MP Front Camera,,https://www.flipkart.com/tecno-spark-go-3-ink-black-64-gb/p/itma9c8f128a61c6?pid=MOBHP2QYCXZZE3CM&lid=LSTMOBHP2QYCXZZE3CMWW64IB&marketplace=FLIPKART&q=smart+phones&store=tyy%2F4io&srno=s_18_427&otracker=search&fm=organic&iid=e5f41ef1-29fb-4821-b9e9-74a68ebc75e0.MOBHP2QYCXZZE3CM.SEARCH&ppt=None&ppn=None&ssid=sunr3m6is00000001789548303680&qH=a5594894156db043&ov_redirect=true,2026-09-16
428,"MOTOROLA g37 power (PANTONE Capri, 128 GB)",MOTOROLA,25999,37999,31% off,4.1,"2,423",194,8 GB RAM,128 GB ROM,7000 mAh Battery,Dimensity 6400 Processor,16.92 cm (6.66 inch) HD+ Display,50MP Rear Camera | 8MP Front Camera,,https://www.flipkart.com/motorola-g37-power-pantone-capri-128-gb/p/itm5dc5774d4d5e9?pid=MOBHMX5YXCBREREH&lid=LSTMOBHMX5YXCBREREHUWKEDX&marketplace=FLIPKART&q=smart+phones&store=tyy%2F4io&srno=s_18_428&otracker=search&fm=organic&iid=e5f41ef1-29fb-4821-b9e9-74a68ebc75e0.MOBHMX5YXCBREREH.SEARCH&ppt=None&ppn=None&ssid=sunr3m6is00000001789548303680&qH=a5594894156db043&ov_redirect=true,2026-09-16
429,"realme P4 5G (Steel Grey, 128 GB)",realme,30999,45999,32% off,4.4,"23,175","1,957",8 GB RAM,128 GB ROM,7000 mAh Battery,Mediatek Dimensity 7400 Processor,17.2 cm (6.77 inch) Display,50MP + 8MP | 16MP Front Camera,,https://www.flipkart.com/realme-p4-5g-steel-grey-128-gb/p/itmf836e6de035a5?pid=MOBHN7A8DG58A9HN&lid=LSTMOBHN7A8DG58A9HNQGXAXJ&marketplace=FLIPKART&q=smart+phones&store=tyy%2F4io&srno=s_18_429&otracker=search&fm=organic&iid=e5f41ef1-29fb-4821-b9e9-74a68ebc75e0.MOBHN7A8DG58A9HN.SEARCH&ppt=None&ppn=None&ssid=sunr3m6is00000001789548303680&qH=a5594894156db043&ov_redirect=true,2026-09-16
430,"Infinix Note edge (Stellar Blue, 256 GB)",Infinix,30999,34999,11% off,4.2,424,67,8 GB RAM,256 GB ROM,6500 mAh Battery,Dimensity 7100 Processor,17.22 cm (6.78 inch) Full HD+ AMOLED Display,50MP Rear Camera | 13MP Front Camera,,https://www.flipkart.com/infinix-note-edge-stellar-blue-256-gb/p/itmab2876405a1ab?pid=MOBHKCV76HNSDYJ5&lid=LSTMOBHKCV76HNSDYJ5MCBZLZ&marketplace=FLIPKART&q=smart+phones&store=tyy%2F4io&srno=s_18_430&otracker=search&fm=organic&iid=e5f41ef1-29fb-4821-b9e9-74a68ebc75e0.MOBHKCV76HNSDYJ5.SEARCH&ppt=None&ppn=None&ssid=sunr3m6is00000001789548303680&qH=a5594894156db043&ov_redirect=true,2026-09-16
431,"Ai+ Pulse 1 (Purple, 64 GB)",Ai+,7999,,,4.2,"42,937","3,634",4 GB RAM,64 GB ROM,5000 mAh Battery,T615 Processor,17.13 cm (6.745 inch) HD+ Display,50MP Rear Camera | 5MP Front Camera,,https://www.flipkart.com/ai-pulse-1-purple-64-gb/p/itm70360c9dd322b?pid=MOBHDDQXZAC7RVHF&lid=LSTMOBHDDQXZAC7RVHFZOAP8Z&marketplace=FLIPKART&q=smart+phones&store=tyy%2F4io&srno=s_18_431&otracker=search&fm=organic&iid=e5f41ef1-29fb-4821-b9e9-74a68ebc75e0.MOBHDDQXZAC7RVHF.SEARCH&ppt=None&ppn=None&ssid=sunr3m6is00000001789548303680&qH=a5594894156db043&ov_redirect=true,2026-09-16
432,"REDMI A5 (Just Black, 128 GB)",REDMI,9991,9999,,4.1,"5,737",312,4 GB RAM,128 GB ROM,5200 mAh Battery,T7250 Processor,17.48 cm (6.88 inch) HD+ Display,32MP Rear Camera | 8MP Front Camera,,https://www.flipkart.com/redmi-a5-just-black-128-gb/p/itm2b4357effaa74?pid=MOBHB2HGCWUUBBUM&lid=LSTMOBHB2HGCWUUBBUMAC8VR7&marketplace=FLIPKART&q=smart+phones&store=tyy%2F4io&srno=s_18_432&otracker=search&fm=organic&iid=e5f41ef1-29fb-4821-b9e9-74a68ebc75e0.MOBHB2HGCWUUBBUM.SEARCH&ppt=None&ppn=None&ssid=sunr3m6is00000001789548303680&qH=a5594894156db043&ov_redirect=true,2026-09-16
433,"realme 15x 5G (Marine Blue, 128 GB)",realme,23999,28999,17% off,4.3,"3,663",295,6 GB RAM,128 GB ROM,7000 mAh Battery,Dimensity 6300 6nm Octa-core chipset Processor,17.27 cm (6.8 inch) Display,50MP Rear Camera | 50MP Front Camera,,https://www.flipkart.com/realme-15x-5g-marine-blue-128-gb/p/itmcf22f2a57724f?pid=MOBHHY7V4F766E8Y&lid=LSTMOBHHY7V4F766E8YVR05S1&marketplace=FLIPKART&q=smart+phones&store=tyy%2F4io&srno=s_19_433&otracker=search&fm=organic&iid=4fa513b8-84f5-42e8-83e0-09bb851ad596.MOBHHY7V4F766E8Y.SEARCH&ppt=None&ppn=None&ssid=mhwbaw1x8w0000001789548306500&qH=a5594894156db043&ov_redirect=true,2026-09-16
434,"MOTOROLA Edge 70 Fusion Snapdragon (Pantone ORIENT BLUE, 256 GB)",MOTOROLA,34999,59999,41% off,4.3,"6,213",690,12 GB RAM,256 GB ROM,7000 mAh Battery,Snapdragon 7s Gen 4 Processor,17.27 cm (6.8 inch) Super HD Display,50MP + 13MP | 32MP Front Camera,,https://www.flipkart.com/motorola-edge-70-fusion-snapdragon-pantone-orient-blue-256-gb/p/itm0f75501cb27b3?pid=MOBHN973ZNVAMG7V&lid=LSTMOBHN973ZNVAMG7VUSDMRJ&marketplace=FLIPKART&q=smart+phones&store=tyy%2F4io&srno=s_19_434&otracker=search&fm=organic&iid=4fa513b8-84f5-42e8-83e0-09bb851ad596.MOBHN973ZNVAMG7V.SEARCH&ppt=None&ppn=None&ssid=mhwbaw1x8w0000001789548306500&qH=a5594894156db043&ov_redirect=true,2026-09-16
435,"REDMI 15C 5G (Midnight Black, 128 GB)",REDMI,18890,20999,10% off,4.2,640,46,6 GB RAM,128 GB ROM,6000 mAh Battery,,17.53 cm (6.9 inch) Display,50MP Rear Camera,,https://www.flipkart.com/redmi-15c-5g-midnight-black-128-gb/p/itmc1345bb45eef3?pid=MOBHGGZ2DYFHQM6T&lid=LSTMOBHGGZ2DYFHQM6TLNFJSU&marketplace=FLIPKART&q=smart+phones&store=tyy%2F4io&srno=s_19_435&otracker=search&fm=organic&iid=4fa513b8-84f5-42e8-83e0-09bb851ad596.MOBHGGZ2DYFHQM6T.SEARCH&ppt=None&ppn=None&ssid=mhwbaw1x8w0000001789548306500&qH=a5594894156db043&ov_redirect=true,2026-09-16
436,"MOTOROLA Edge 70 Fusion Snapdragon (Pantone SILHOUETTE, 256 GB)",MOTOROLA,32999,53999,38% off,4.4,"17,809","1,968",8 GB RAM,256 GB ROM,7000 mAh Battery,Snapdragon 7s Gen 4 Processor,17.27 cm (6.8 inch) Super HD Display,50MP + 13MP | 32MP Front Camera,,https://www.flipkart.com/motorola-edge-70-fusion-snapdragon-pantone-silhouette-256-gb/p/itmbd814ef1f8d95?pid=MOBHN973GQV5YXT3&lid=LSTMOBHN973GQV5YXT3ADXJYC&marketplace=FLIPKART&q=smart+phones&store=tyy%2F4io&srno=s_19_436&otracker=search&fm=organic&iid=4fa513b8-84f5-42e8-83e0-09bb851ad596.MOBHN973GQV5YXT3.SEARCH&ppt=None&ppn=None&ssid=mhwbaw1x8w0000001789548306500&qH=a5594894156db043&ov_redirect=true,2026-09-16
437,"Tecno Spark 50 5G (Mint Green, 128 GB)",Tecno,19999,27999,28% off,3.7,116,19,4 GB RAM,128 GB ROM,6500 mAh Lithium Polymer Battery,Dimensity 6400 Processor,17.22 cm (6.78 inch) Display,50MP Rear Camera | 8MP Front Camera,,https://www.flipkart.com/tecno-spark-50-5g-mint-green-128-gb/p/itmb3923bf4ff9a6?pid=MOBHHH5TZMHQCMSU&lid=LSTMOBHHH5TZMHQCMSUN8RIDD&marketplace=FLIPKART&q=smart+phones&store=tyy%2F4io&srno=s_19_437&otracker=search&fm=organic&iid=en_dAFcFaAUs8NS1edWM5K1s6oHEbUjd3knlcBwCN4nzrzp2ktOjAG-UpHWChrzeBa2EkNWyXUFNnHiWROKxaC-hv6ZZvGaaMvyXK9MBuHDlM0gZormF6nRn7F87rlgBHY-&ppt=None&ppn=None&ssid=mhwbaw1x8w0000001789548306500&qH=a5594894156db043&ov_redirect=true,2026-09-16
438,"Motorola g84 5G (Midnight Blue, 256 GB)",Motorola,22999,,,4.2,"52,227","4,919",12 GB RAM,256 GB ROM,5000 mAh Battery,Snapdragon 695 Processor,16.64 cm (6.55 inch) Full HD+ Display,50MP (OIS) + 8MP | 16MP Front Camera,,https://www.flipkart.com/motorola-g84-5g-midnight-blue-256-gb/p/itm30dd9d1ed8bb8?pid=MOBGQFX68CXMTSGK&lid=LSTMOBGQFX68CXMTSGK7PXRBT&marketplace=FLIPKART&q=smart+phones&store=tyy%2F4io&srno=s_19_438&otracker=search&fm=organic&iid=4fa513b8-84f5-42e8-83e0-09bb851ad596.MOBGQFX68CXMTSGK.SEARCH&ppt=None&ppn=None&ssid=mhwbaw1x8w0000001789548306500&qH=a5594894156db043&ov_redirect=true,2026-09-16
439,"Infinix GT 30 5G+ Pulse Green 128 (Pulse Green, 128 GB)",Infinix,21999,24999,12% off,4.4,"1,693",154,8 GB RAM,128 GB ROM,5500 mAh Battery,Dimensity 7400 Processor,17.22 cm (6.78 inch) Full HD+ AMOLED Display,64MP + 8MP | 13MP Front Camera,,https://www.flipkart.com/infinix-gt-30-5g-pulse-green-128-pulse-green-gb/p/itm666aa01d8a89d?pid=MOBHDQFAY7XQDHNK&lid=LSTMOBHDQFAY7XQDHNKJVNAJR&marketplace=FLIPKART&q=smart+phones&store=tyy%2F4io&srno=s_19_439&otracker=search&fm=organic&iid=4fa513b8-84f5-42e8-83e0-09bb851ad596.MOBHDQFAY7XQDHNK.SEARCH&ppt=None&ppn=None&ssid=mhwbaw1x8w0000001789548306500&qH=a5594894156db043&ov_redirect=true,2026-09-16
440,"MOTOROLA G04 (Sunrise Orange, 128 GB)",MOTOROLA,10999,,,4.1,"7,172",519,8 GB RAM,128 GB ROM,5000 mAh Battery,Unisoc T606 Processor,16.76 cm (6.6 inch) HD+ Display,16MP Rear Camera | 5MP Front Camera,,https://www.flipkart.com/motorola-g04-sunrise-orange-128-gb/p/itm4ea5277f581ad?pid=MOBGUFK4HYNKBQWY&lid=LSTMOBGUFK4HYNKBQWYYD0CJZ&marketplace=FLIPKART&q=smart+phones&store=tyy%2F4io&srno=s_19_440&otracker=search&fm=organic&iid=4fa513b8-84f5-42e8-83e0-09bb851ad596.MOBGUFK4HYNKBQWY.SEARCH&ppt=None&ppn=None&ssid=mhwbaw1x8w0000001789548306500&qH=a5594894156db043&ov_redirect=true,2026-09-16
441,"POCO M6 5G (Orion Blue, 64 GB)",POCO,11899,11999,,4.1,"1,40,182","7,203",4 GB RAM,64 GB ROM,5000 mAh Battery,Mediatek Dimensity 6100+ Processor,17.12 cm (6.74 inch) HD+ Display,50MP Rear Camera | 5MP Front Camera,,https://www.flipkart.com/poco-m6-5g-orion-blue-64-gb/p/itm8bbb69860e61c?pid=MOBH92ADQKNTCH4P&lid=LSTMOBH92ADQKNTCH4PEL673U&marketplace=FLIPKART&q=smart+phones&store=tyy%2F4io&srno=s_19_441&otracker=search&fm=organic&iid=4fa513b8-84f5-42e8-83e0-09bb851ad596.MOBH92ADQKNTCH4P.SEARCH&ppt=None&ppn=None&ssid=mhwbaw1x8w0000001789548306500&qH=a5594894156db043&ov_redirect=true,2026-09-16
442,"MOTOROLA Edge 70 Fusion Snapdragon (Pantone ORIENT BLUE, 128 GB)",MOTOROLA,30999,49999,38% off,4.4,"17,809","1,968",8 GB RAM,128 GB ROM,7000 mAh Battery,Snapdragon 7s Gen 4 Processor,17.27 cm (6.8 inch) Super HD Display,50MP + 13MP | 32MP Front Camera,,https://www.flipkart.com/motorola-edge-70-fusion-snapdragon-pantone-orient-blue-128-gb/p/itmf1c47029f29cb?pid=MOBHN973Q32E52HK&lid=LSTMOBHN973Q32E52HKWV0KWP&marketplace=FLIPKART&q=smart+phones&store=tyy%2F4io&srno=s_19_442&otracker=search&fm=organic&iid=4fa513b8-84f5-42e8-83e0-09bb851ad596.MOBHN973Q32E52HK.SEARCH&ppt=None&ppn=None&ssid=mhwbaw1x8w0000001789548306500&qH=a5594894156db043&ov_redirect=true,2026-09-16
443,"POCO C85 5G (Mystic Purple, 128 GB)",POCO,19499,24999,22% off,4.3,173,12,8 GB RAM,128 GB ROM,6000 mAh Lithium-Ion Polymer Battery,Dimensity 6300 Processor,17.53 cm (6.9 inch) HD+ Display,50MP Rear Camera | 8MP Front Camera,,https://www.flipkart.com/poco-c85-5g-mystic-purple-128-gb/p/itm026527944b2bb?pid=MOBHMGG55EG8Y8R8&lid=LSTMOBHMGG55EG8Y8R8VDG95O&marketplace=FLIPKART&q=smart+phones&store=tyy%2F4io&srno=s_19_443&otracker=search&fm=organic&iid=4fa513b8-84f5-42e8-83e0-09bb851ad596.MOBHMGG55EG8Y8R8.SEARCH&ppt=None&ppn=None&ssid=mhwbaw1x8w0000001789548306500&qH=a5594894156db043&ov_redirect=true,2026-09-16
444,"MOTOROLA Edge 70 (PANTONE Bronze Green, 256 GB)",MOTOROLA,27999,34999,20% off,4.4,"11,213","1,389",8 GB RAM,256 GB ROM,5000 mAh Battery,Snapdragon® 7 Gen 4 Processor,17.02 cm (6.7 inch) Full HD+ AMOLED Display,50MP + 50MP | 50MP Front Camera,,https://www.flipkart.com/motorola-edge-70-pantone-bronze-green-256-gb/p/itmc5fb119ade9e5?pid=MOBHHWX6CZUZFKBP&lid=LSTMOBHHWX6CZUZFKBPB8NEDK&marketplace=FLIPKART&q=smart+phones&store=tyy%2F4io&srno=s_19_444&otracker=search&fm=organic&iid=4fa513b8-84f5-42e8-83e0-09bb851ad596.MOBHHWX6CZUZFKBP.SEARCH&ppt=None&ppn=None&ssid=mhwbaw1x8w0000001789548306500&qH=a5594894156db043&ov_redirect=true,2026-09-16
445,"POCO M8 Power 5G (Black, 128 GB)",POCO,27999,59999,53% off,4.7,356,269,8 GB RAM,128 GB ROM,8000 mAh Lithium-Ion Polymer Battery,Snapdragon Gen 4 Processor,17.75 cm (6.99 inch) Full HD+ AMOLED Display,50MP Rear Camera | 8MP Front Camera,,https://www.flipkart.com/poco-m8-power-5g-black-128-gb/p/itm822601a413dff?pid=MOBHPCYNSNYCGRDN&lid=LSTMOBHPCYNSNYCGRDNMJJBOM&marketplace=FLIPKART&q=smart+phones&store=tyy%2F4io&srno=s_19_445&otracker=search&fm=organic&iid=4fa513b8-84f5-42e8-83e0-09bb851ad596.MOBHPCYNSNYCGRDN.SEARCH&ppt=None&ppn=None&ssid=mhwbaw1x8w0000001789548306500&qH=a5594894156db043&ov_redirect=true,2026-09-16
446,"Samsung Galaxy F56 5G (Violet, 128 GB)",Samsung,24490,30999,20% off,4.4,696,70,8 GB RAM,128 GB ROM,5000 mAh Battery,Exynos 1480 Processor,17.02 cm (6.7 inch) Full HD+ Display,50MP + 8MP + 2MP | 12MP Front Camera,,https://www.flipkart.com/samsung-galaxy-f56-5g-violet-128-gb/p/itma994c3345a940?pid=MOBHBWF37SBKPVBT&lid=LSTMOBHBWF37SBKPVBTKNJCVH&marketplace=FLIPKART&q=smart+phones&store=tyy%2F4io&srno=s_19_446&otracker=search&fm=organic&iid=4fa513b8-84f5-42e8-83e0-09bb851ad596.MOBHBWF37SBKPVBT.SEARCH&ppt=None&ppn=None&ssid=mhwbaw1x8w0000001789548306500&qH=a5594894156db043&ov_redirect=true,2026-09-16
447,"MOTOROLA Signature (PANTONE Carbon, 1 TB)",MOTOROLA,69999,84999,17% off,4.5,"1,195",213,16 GB RAM,1 TB ROM,5200 mAh Battery,Snapdragon 8 Gen 5 Processor,17.27 cm (6.8 inch) Super HD Display,50MP + 50MP + 50MP | 50MP Front Camera,,https://www.flipkart.com/motorola-signature-pantone-carbon-1-tb/p/itmf01b143b8663d?pid=MOBHGVJYGJYGSV8X&lid=LSTMOBHGVJYGJYGSV8XC1KZDR&marketplace=FLIPKART&q=smart+phones&store=tyy%2F4io&srno=s_19_447&otracker=search&fm=organic&iid=4fa513b8-84f5-42e8-83e0-09bb851ad596.MOBHGVJYGJYGSV8X.SEARCH&ppt=None&ppn=None&ssid=mhwbaw1x8w0000001789548306500&qH=a5594894156db043&ov_redirect=true,2026-09-16
448,"Motorola Edge 40 (Nebula Green, 256 GB)",Motorola,34999,,,4.3,"82,170","8,833",8 GB RAM,256 GB ROM,4400 mAh Battery,Dimensity 8020 Processor,16.51 cm (6.5 inch) Full HD+ Display,50MP + 13MP | 32MP Front Camera,,https://www.flipkart.com/motorola-edge-40-nebula-green-256-gb/p/itmaa0bf9c327a2b?pid=MOBGKHNBTVZZU8PH&lid=LSTMOBGKHNBTVZZU8PHSAV9FU&marketplace=FLIPKART&q=smart+phones&store=tyy%2F4io&srno=s_19_448&otracker=search&fm=organic&iid=4fa513b8-84f5-42e8-83e0-09bb851ad596.MOBGKHNBTVZZU8PH.SEARCH&ppt=None&ppn=None&ssid=mhwbaw1x8w0000001789548306500&qH=a5594894156db043&ov_redirect=true,2026-09-16
449,"REDMI 15C 5G (Midnight Black, 128 GB)",REDMI,17675,29999,41% off,3.7,819,87,4 GB RAM,128 GB ROM,6000 mAh Battery,,17.53 cm (6.9 inch) Display,50MP Rear Camera,,https://www.flipkart.com/redmi-15c-5g-midnight-black-128-gb/p/itmc1345bb45eef3?pid=MOBHGGZ2GQJYZZPG&lid=LSTMOBHGGZ2GQJYZZPGJPIUSK&marketplace=FLIPKART&q=smart+phones&store=tyy%2F4io&srno=s_19_449&otracker=search&fm=organic&iid=4fa513b8-84f5-42e8-83e0-09bb851ad596.MOBHGGZ2GQJYZZPG.SEARCH&ppt=None&ppn=None&ssid=mhwbaw1x8w0000001789548306500&qH=a5594894156db043&ov_redirect=true,2026-09-16
450,"Infinix SMART 20 (Sunlike Orange, 128 GB)",Infinix,12999,21999,40% off,4,245,29,4 GB RAM,128 GB ROM,5200 mAh Battery,Helio G81 Ultimate Processor,17.22 cm (6.78 inch) HD+ Display,8MP Rear Camera | 8MP Front Camera,,https://www.flipkart.com/infinix-smart-20-sunlike-orange-128-gb/p/itmf761cd49f9162?pid=MOBHNMEEFAWCYC5E&lid=LSTMOBHNMEEFAWCYC5EUPDPZ1&marketplace=FLIPKART&q=smart+phones&store=tyy%2F4io&srno=s_19_450&otracker=search&fm=organic&iid=4fa513b8-84f5-42e8-83e0-09bb851ad596.MOBHNMEEFAWCYC5E.SEARCH&ppt=None&ppn=None&ssid=mhwbaw1x8w0000001789548306500&qH=a5594894156db043&ov_redirect=true,2026-09-16
451,"Samsung Galaxy F16 5G (Vibing Blue, 128 GB)",Samsung,15499,18999,18% off,4.2,"3,687",275,8 GB RAM,128 GB ROM,5000 mAh Battery,Dimensity 6300 Processor,16.91 cm (6.657 inch) Full HD+ Display,50MP + 5MP + 2MP | 13MP Front Camera,,https://www.flipkart.com/samsung-galaxy-f16-5g-vibing-blue-128-gb/p/itma31262afa7505?pid=MOBH9ASGCZNFQGDG&lid=LSTMOBH9ASGCZNFQGDGYXWIQD&marketplace=FLIPKART&q=smart+phones&store=tyy%2F4io&srno=s_19_451&otracker=search&fm=organic&iid=4fa513b8-84f5-42e8-83e0-09bb851ad596.MOBH9ASGCZNFQGDG.SEARCH&ppt=None&ppn=None&ssid=mhwbaw1x8w0000001789548306500&qH=a5594894156db043&ov_redirect=true,2026-09-16
452,"Infinix SMART 9 HD (Neo Titanium, 64 GB)",Infinix,6699,8999,25% off,4.1,"4,361",283,3 GB RAM,64 GB ROM,5000 mAh Lithium-ion Polymer Battery,Mediatek Helio G50 Processor,17.02 cm (6.7 inch) HD+ Display,13MP Rear Camera | 8MP Front Camera,,https://www.flipkart.com/infinix-smart-9-hd-neo-titanium-64-gb/p/itm6c336dc47593e?pid=MOBH88VZYEFZGVGU&lid=LSTMOBH88VZYEFZGVGUHOPVJG&marketplace=FLIPKART&q=smart+phones&store=tyy%2F4io&srno=s_19_452&otracker=search&fm=organic&iid=4fa513b8-84f5-42e8-83e0-09bb851ad596.MOBH88VZYEFZGVGU.SEARCH&ppt=None&ppn=None&ssid=mhwbaw1x8w0000001789548306500&qH=a5594894156db043&ov_redirect=true,2026-09-16
453,"Infinix Note edge (Silk Green, 256 GB)",Infinix,30999,34999,11% off,4.2,424,67,8 GB RAM,256 GB ROM,6500 mAh Battery,Dimensity 7100 Processor,17.22 cm (6.78 inch) Full HD+ AMOLED Display,50MP Rear Camera | 13MP Front Camera,,https://www.flipkart.com/infinix-note-edge-silk-green-256-gb/p/itmab2876405a1ab?pid=MOBHKCV7FF8GZWZ4&lid=LSTMOBHKCV7FF8GZWZ4LLG9IF&marketplace=FLIPKART&q=smart+phones&store=tyy%2F4io&srno=s_19_453&otracker=search&fm=organic&iid=4fa513b8-84f5-42e8-83e0-09bb851ad596.MOBHKCV7FF8GZWZ4.SEARCH&ppt=None&ppn=None&ssid=mhwbaw1x8w0000001789548306500&qH=a5594894156db043&ov_redirect=true,2026-09-16
454,"realme C71 (Sea Blue, 64 GB)",realme,13899,13999,,4.2,"1,590",77,4 GB RAM,64 GB ROM,6300 mAh Battery,T7250 Processor,17.14 cm (6.75 inch) HD+ Display,13MP Rear Camera | 5MP Front Camera,,https://www.flipkart.com/realme-c71-sea-blue-64-gb/p/itm920c5c8761871?pid=MOBHHY7VEMZ9KGBM&lid=LSTMOBHHY7VEMZ9KGBMDJJELD&marketplace=FLIPKART&q=smart+phones&store=tyy%2F4io&srno=s_19_454&otracker=search&fm=organic&iid=4fa513b8-84f5-42e8-83e0-09bb851ad596.MOBHHY7VEMZ9KGBM.SEARCH&ppt=None&ppn=None&ssid=mhwbaw1x8w0000001789548306500&qH=a5594894156db043&ov_redirect=true,2026-09-16
455,"Samsung Galaxy F36 5G (Violet, 128 GB)",Samsung,24998,24999,,4.2,"7,111",624,8 GB RAM,128 GB ROM,5000 mAh Battery,Samsung Exynos 1380 Processor,17.02 cm (6.7 inch) Full HD+ Display,50MP + 8MP + 2MP | 13MP Front Camera,,https://www.flipkart.com/samsung-galaxy-f36-5g-violet-128-gb/p/itm011c25361f7e5?pid=MOBHMWFXT6ZZWH79&lid=LSTMOBHMWFXT6ZZWH79ATEGAR&marketplace=FLIPKART&q=smart+phones&store=tyy%2F4io&srno=s_19_455&otracker=search&fm=organic&iid=4fa513b8-84f5-42e8-83e0-09bb851ad596.MOBHMWFXT6ZZWH79.SEARCH&ppt=None&ppn=None&ssid=mhwbaw1x8w0000001789548306500&qH=a5594894156db043&ov_redirect=true,2026-09-16
456,"REDMI A2 (Classic Black, 32 GB)",REDMI,8999,,,4.1,"17,346",873,2 GB RAM,32 GB ROM,5000 mAh Battery,Helio G36 Processor,16.56 cm (6.52 inch) HD+ Display,8MP Rear Camera | 5MP Front Camera,,https://www.flipkart.com/redmi-a2-classic-black-32-gb/p/itm882b47afdc403?pid=MOBGPUZH9GHBPXPY&lid=LSTMOBGPUZH9GHBPXPYJ6RTG5&marketplace=FLIPKART&q=smart+phones&store=tyy%2F4io&srno=s_19_456&otracker=search&fm=organic&iid=4fa513b8-84f5-42e8-83e0-09bb851ad596.MOBGPUZH9GHBPXPY.SEARCH&ppt=None&ppn=None&ssid=mhwbaw1x8w0000001789548306500&qH=a5594894156db043&ov_redirect=true,2026-09-16
457,"Tecno Spark 50 5G (Mint Green, 128 GB)",Tecno,19999,27999,28% off,3.7,116,19,4 GB RAM,128 GB ROM,6500 mAh Lithium Polymer Battery,Dimensity 6400 Processor,17.22 cm (6.78 inch) Display,50MP Rear Camera | 8MP Front Camera,,https://www.flipkart.com/tecno-spark-50-5g-mint-green-128-gb/p/itmb3923bf4ff9a6?pid=MOBHHH5TZMHQCMSU&lid=LSTMOBHHH5TZMHQCMSUN8RIDD&marketplace=FLIPKART&q=smart+phones&store=tyy%2F4io&srno=s_20_457&otracker=search&fm=organic&iid=en_K0X74FIYAhszC-5CsvBEkzc_2RLsGrOBpUBN4x3X0JBR_xFsfOXjY9ROg07JxZN2EkNWyXUFNnHiWROKxaC-hv6ZZvGaaMvyXK9MBuHDlM3tSM3YuFABwraJrRtsPa3B&ppt=None&ppn=None&ssid=ufaw7n7e7k0000001789548309274&qH=a5594894156db043&ov_redirect=true,2026-09-16
458,"Motorola g54 5G (Pearl Blue, 128 GB)",Motorola,17999,,,4.2,"1,00,980","8,969",8 GB RAM,128 GB ROM,6000 mAh Battery,Dimensity 7020 Processor,16.51 cm (6.5 inch) Full HD+ Display,50MP (OIS) + 8MP | 16MP Front Camera,,https://www.flipkart.com/motorola-g54-5g-pearl-blue-128-gb/p/itm8d5c2baa065c6?pid=MOBGQFX8TMM555GW&lid=LSTMOBGQFX8TMM555GWMGXPWV&marketplace=FLIPKART&q=smart+phones&store=tyy%2F4io&srno=s_20_458&otracker=search&fm=organic&iid=a87eac66-f6fc-4e7b-8db2-5b9721762dd7.MOBGQFX8TMM555GW.SEARCH&ppt=None&ppn=None&ssid=ufaw7n7e7k0000001789548309274&qH=a5594894156db043&ov_redirect=true,2026-09-16
459,"Samsung Galaxy A14 5G (Light Green, 128 GB)",Samsung,14990,20999,28% off,4.2,"81,780","4,002",6 GB RAM,128 GB ROM,5000 mAh Lithium Ion Battery,Exynos 1330 Processor,16.76 cm (6.6 inch) Full HD+ Display,50MP + 2MP + 2MP | 13MP Front Camera,,https://www.flipkart.com/samsung-galaxy-a14-5g-light-green-128-gb/p/itmabe91abe7ba0c?pid=MOBGHT8UU3STRKZS&lid=LSTMOBGHT8UU3STRKZSCODPKE&marketplace=FLIPKART&q=smart+phones&store=tyy%2F4io&srno=s_20_459&otracker=search&fm=organic&iid=a87eac66-f6fc-4e7b-8db2-5b9721762dd7.MOBGHT8UU3STRKZS.SEARCH&ppt=None&ppn=None&ssid=ufaw7n7e7k0000001789548309274&qH=a5594894156db043&ov_redirect=true,2026-09-16
460,"Infinix Note edge (Stellar Blue, 128 GB)",Infinix,26999,,,4.2,703,98,6 GB RAM,128 GB ROM,6500 mAh Battery,Dimensity 7100 Processor,17.22 cm (6.78 inch) Full HD+ AMOLED Display,50MP Rear Camera | 13MP Front Camera,,https://www.flipkart.com/infinix-note-edge-stellar-blue-128-gb/p/itmab2876405a1ab?pid=MOBHKCV7GHAYUG2J&lid=LSTMOBHKCV7GHAYUG2JGZN8RK&marketplace=FLIPKART&q=smart+phones&store=tyy%2F4io&srno=s_20_460&otracker=search&fm=organic&iid=a87eac66-f6fc-4e7b-8db2-5b9721762dd7.MOBHKCV7GHAYUG2J.SEARCH&ppt=None&ppn=None&ssid=ufaw7n7e7k0000001789548309274&qH=a5594894156db043&ov_redirect=true,2026-09-16
461,"POCO C61 (Mystical Green, 64 GB)",POCO,7999,8999,11% off,4.1,"1,11,016","4,673",4 GB RAM,64 GB ROM,5000 mAh Battery,Helio G36 Processor,17.04 cm (6.71 inch) HD+ Display,8MP Rear Camera | 5MP Front Camera,,https://www.flipkart.com/poco-c61-mystical-green-64-gb/p/itmab81e9048e98c?pid=MOBHATHPTGGEFYZT&lid=LSTMOBHATHPTGGEFYZTGXQ77P&marketplace=FLIPKART&q=smart+phones&store=tyy%2F4io&srno=s_20_461&otracker=search&fm=organic&iid=a87eac66-f6fc-4e7b-8db2-5b9721762dd7.MOBHATHPTGGEFYZT.SEARCH&ppt=None&ppn=None&ssid=ufaw7n7e7k0000001789548309274&qH=a5594894156db043&ov_redirect=true,2026-09-16
462,"POCO X8 Pro (White, 256 GB)",POCO,,,,4.3,"3,821",678,8 GB RAM,256 GB ROM,6500 mAh Lithium-Ion Polymer With Silicon Carbon Technology Battery,Dimensity 8500-Ultra Processor,16.74 cm (6.59 inch) Full HD+ AMOLED Display,50MP + 8MP | 20MP Front Camera,,https://www.flipkart.com/poco-x8-pro-white-256-gb/p/itmaa692ca8a3b36?pid=MOBHMGG5QFZXHVAH&q=smart+phones&store=tyy%2F4io&srno=s_20_462&otracker=search&fm=organic&iid=a87eac66-f6fc-4e7b-8db2-5b9721762dd7.MOBHMGG5QFZXHVAH.SEARCH&ppt=None&ppn=None&ssid=ufaw7n7e7k0000001789548309274&qH=a5594894156db043&ov_redirect=true,2026-09-16
463,"Infinix Note edge (Silk Green, 128 GB)",Infinix,26999,,,4.2,703,98,6 GB RAM,128 GB ROM,6500 mAh Battery,Dimensity 7100 Processor,17.22 cm (6.78 inch) Full HD+ AMOLED Display,50MP Rear Camera | 13MP Front Camera,,https://www.flipkart.com/infinix-note-edge-silk-green-128-gb/p/itmab2876405a1ab?pid=MOBHKCV7K3YWCCSY&lid=LSTMOBHKCV7K3YWCCSYI6YEG5&marketplace=FLIPKART&q=smart+phones&store=tyy%2F4io&srno=s_20_463&otracker=search&fm=organic&iid=a87eac66-f6fc-4e7b-8db2-5b9721762dd7.MOBHKCV7K3YWCCSY.SEARCH&ppt=None&ppn=None&ssid=ufaw7n7e7k0000001789548309274&qH=a5594894156db043&ov_redirect=true,2026-09-16
464,"Apple iPhone 15 (Green, 128 GB)",Apple,59900,,,4.6,"2,48,416","9,767",,,,"A16 Bionic Chip, 6 Core Processor Processor",15.49 cm (6.1 inch) Super Retina XDR Display,48MP + 12MP | 12MP Front Camera,,https://www.flipkart.com/apple-iphone-15-green-128-gb/p/itm235cd318bde73?pid=MOBGTAGPYYWZRUJX&lid=LSTMOBGTAGPYYWZRUJX8CTXDU&marketplace=FLIPKART&q=smart+phones&store=tyy%2F4io&srno=s_20_464&otracker=search&fm=organic&iid=a87eac66-f6fc-4e7b-8db2-5b9721762dd7.MOBGTAGPYYWZRUJX.SEARCH&ppt=None&ppn=None&ssid=ufaw7n7e7k0000001789548309274&qH=a5594894156db043&ov_redirect=true,2026-09-16
465,"Infinix Note edge (Lunar Titanium, 256 GB)",Infinix,30999,34999,11% off,4.2,424,67,8 GB RAM,256 GB ROM,6500 mAh Battery,Dimensity 7100 Processor,17.22 cm (6.78 inch) Full HD+ AMOLED Display,50MP Rear Camera | 13MP Front Camera,,https://www.flipkart.com/infinix-note-edge-lunar-titanium-256-gb/p/itmab2876405a1ab?pid=MOBHKCV7A9HHF3GN&lid=LSTMOBHKCV7A9HHF3GN2K3H84&marketplace=FLIPKART&q=smart+phones&store=tyy%2F4io&srno=s_20_465&otracker=search&fm=organic&iid=a87eac66-f6fc-4e7b-8db2-5b9721762dd7.MOBHKCV7A9HHF3GN.SEARCH&ppt=None&ppn=None&ssid=ufaw7n7e7k0000001789548309274&qH=a5594894156db043&ov_redirect=true,2026-09-16
466,"POCO M7 Plus 5G (Carbon Black, 128 GB)",POCO,17999,,,4.2,"6,561",530,8 GB RAM,128 GB ROM,7000 mAh Battery,Snapdragon 6s Gen 3 5G Processor,17.53 cm (6.9 inch) Full HD+ Display,50MP AI Dual Camera | 8MP Front Camera,5G,https://www.flipkart.com/poco-m7-plus-5g-carbon-black-128-gb/p/itm39c366869cc19?pid=MOBHETX6YMAG9NTF&lid=LSTMOBHETX6YMAG9NTF5IHJPA&marketplace=FLIPKART&q=smart+phones&store=tyy%2F4io&srno=s_20_466&otracker=search&fm=organic&iid=a87eac66-f6fc-4e7b-8db2-5b9721762dd7.MOBHETX6YMAG9NTF.SEARCH&ppt=None&ppn=None&ssid=ufaw7n7e7k0000001789548309274&qH=a5594894156db043&ov_redirect=true,2026-09-16
467,"Infinix GT 30 Pro 5G+ (Dark Flare, 256 GB)",Infinix,31999,,,4.4,"2,790",265,8 GB RAM,256 GB ROM,5500 mAh Battery,Dimensity 8350 Ultimate Processor,17.22 cm (6.78 inch) Full HD+ AMOLED Display,108MP + 8MP | 13MP Front Camera,,https://www.flipkart.com/infinix-gt-30-pro-5g-dark-flare-256-gb/p/itmd4bc1852572b9?pid=MOBHC645WDP8VHJX&lid=LSTMOBHC645WDP8VHJXT0HRMI&marketplace=FLIPKART&q=smart+phones&store=tyy%2F4io&srno=s_20_467&otracker=search&fm=organic&iid=a87eac66-f6fc-4e7b-8db2-5b9721762dd7.MOBHC645WDP8VHJX.SEARCH&ppt=None&ppn=None&ssid=ufaw7n7e7k0000001789548309274&qH=a5594894156db043&ov_redirect=true,2026-09-16
468,"Samsung Galaxy F14 5G (OMG Black, 128 GB)",Samsung,18490,,,4.2,"1,21,406","9,075",6 GB RAM,128 GB ROM,6000 mAh Battery,"Exynos 1330, Octa Core Processor",16.76 cm (6.6 inch) Full HD+ Display,50MP + 2MP | 13MP Front Camera,,https://www.flipkart.com/samsung-galaxy-f14-5g-omg-black-128-gb/p/itmae94033406fb2?pid=MOBGNBFNE6KGXCCR&lid=LSTMOBGNBFNE6KGXCCRXLTXS7&marketplace=FLIPKART&q=smart+phones&store=tyy%2F4io&srno=s_20_468&otracker=search&fm=organic&iid=a87eac66-f6fc-4e7b-8db2-5b9721762dd7.MOBGNBFNE6KGXCCR.SEARCH&ppt=None&ppn=None&ssid=ufaw7n7e7k0000001789548309274&qH=a5594894156db043&ov_redirect=true,2026-09-16
469,"OPPO K12x 5G with 45W SUPERVOOC Charger In-The-Box (Midnight Violet, 128 GB)",OPPO,16999,,,4.4,"1,33,802","5,812",6 GB RAM,128 GB ROM,5100 mAh Battery,Dimensity 6300 Processor,16.94 cm (6.67 inch) HD Display,32MP + 2MP | 8MP Front Camera,,https://www.flipkart.com/oppo-k12x-5g-45w-supervooc-charger-in-the-box-midnight-violet-128-gb/p/itma30cb38861d4c?pid=MOBH2Q4PGYYZDSRR&lid=LSTMOBH2Q4PGYYZDSRRJXREQR&marketplace=FLIPKART&q=smart+phones&store=tyy%2F4io&srno=s_20_469&otracker=search&fm=organic&iid=a87eac66-f6fc-4e7b-8db2-5b9721762dd7.MOBH2Q4PGYYZDSRR.SEARCH&ppt=None&ppn=None&ssid=ufaw7n7e7k0000001789548309274&qH=a5594894156db043&ov_redirect=true,2026-09-16
470,"OPPO Reno16c 5G (Stellar Purple, 128 GB)",OPPO,49999,74999,33% off,4.5,446,101,8 GB RAM,128 GB ROM,7000 mAh lithium-ion polymer Battery,Dimensity 7300 Processor,16.69 cm (6.57 inch) Full HD+ Display,50MP + 8MP + 50MP | 50MP Front Camera,,https://www.flipkart.com/oppo-reno16c-5g-stellar-purple-128-gb/p/itm11564d55ef044?pid=MOBHZMBRQFXPEWGR&lid=LSTMOBHZMBRQFXPEWGRIDOD6Q&marketplace=FLIPKART&q=smart+phones&store=tyy%2F4io&srno=s_20_470&otracker=search&fm=organic&iid=a87eac66-f6fc-4e7b-8db2-5b9721762dd7.MOBHZMBRQFXPEWGR.SEARCH&ppt=None&ppn=None&ssid=ufaw7n7e7k0000001789548309274&qH=a5594894156db043&ov_redirect=true,2026-09-16
471,"Infinix Hot 60 5G+ (Tundra Green, 128 GB)",Infinix,17999,,,4.2,"3,650",310,6 GB RAM,128 GB ROM,5200 mAh Battery,Dimensity 7020 Processor,17.02 cm (6.7 inch) HD+ Display,50MP Rear Camera | 8MP Front Camera,,https://www.flipkart.com/infinix-hot-60-5g-tundra-green-128-gb/p/itm2154889174b3a?pid=MOBHDMJZRBVMRQGZ&lid=LSTMOBHDMJZRBVMRQGZJUNUMG&marketplace=FLIPKART&q=smart+phones&store=tyy%2F4io&srno=s_20_471&otracker=search&fm=organic&iid=a87eac66-f6fc-4e7b-8db2-5b9721762dd7.MOBHDMJZRBVMRQGZ.SEARCH&ppt=None&ppn=None&ssid=ufaw7n7e7k0000001789548309274&qH=a5594894156db043&ov_redirect=true,2026-09-16
472,"realme 15x 5G (Aqua Blue, 128 GB)",realme,25999,30999,16% off,4.3,"3,518",296,8 GB RAM,128 GB ROM,7000 mAh Battery,Dimensity 6300 6nm Octa-core chipset Processor,17.27 cm (6.8 inch) Display,50MP Rear Camera | 50MP Front Camera,,https://www.flipkart.com/realme-15x-5g-aqua-blue-128-gb/p/itmcf22f2a57724f?pid=MOBHHY7VMW2YHEAF&lid=LSTMOBHHY7VMW2YHEAFLBDDNU&marketplace=FLIPKART&q=smart+phones&store=tyy%2F4io&srno=s_20_472&otracker=search&fm=organic&iid=a87eac66-f6fc-4e7b-8db2-5b9721762dd7.MOBHHY7VMW2YHEAF.SEARCH&ppt=None&ppn=None&ssid=ufaw7n7e7k0000001789548309274&qH=a5594894156db043&ov_redirect=true,2026-09-16
473,"Infinix Hot 60 5G+ (Shadow Blue, 128 GB)",Infinix,17999,,,4.2,"3,650",310,6 GB RAM,128 GB ROM,5200 mAh Battery,Dimensity 7020 Processor,17.02 cm (6.7 inch) HD+ Display,50MP Rear Camera | 8MP Front Camera,,https://www.flipkart.com/infinix-hot-60-5g-shadow-blue-128-gb/p/itm2154889174b3a?pid=MOBHDMJZFKYN9DKK&lid=LSTMOBHDMJZFKYN9DKKJCCU84&marketplace=FLIPKART&q=smart+phones&store=tyy%2F4io&srno=s_20_473&otracker=search&fm=organic&iid=a87eac66-f6fc-4e7b-8db2-5b9721762dd7.MOBHDMJZFKYN9DKK.SEARCH&ppt=None&ppn=None&ssid=ufaw7n7e7k0000001789548309274&qH=a5594894156db043&ov_redirect=true,2026-09-16
474,"MOTOROLA Edge 60 Pro (Pantone Dazzling Blue, 512 GB)",MOTOROLA,37999,42999,11% off,4.3,"3,885",403,16 GB RAM,512 GB ROM,6000 mAh Battery,Dimensity 8350 Processor,17.02 cm (6.7 inch) Full HD+ Display,50MP + 50MP + 10MP | 50MP Front Camera,,https://www.flipkart.com/motorola-edge-60-pro-pantone-dazzling-blue-512-gb/p/itmdc36ec357d827?pid=MOBHC7EWSW79FZHG&lid=LSTMOBHC7EWSW79FZHG7TRL2J&marketplace=FLIPKART&q=smart+phones&store=tyy%2F4io&srno=s_20_474&otracker=search&fm=organic&iid=a87eac66-f6fc-4e7b-8db2-5b9721762dd7.MOBHC7EWSW79FZHG.SEARCH&ppt=None&ppn=None&ssid=ufaw7n7e7k0000001789548309274&qH=a5594894156db043&ov_redirect=true,2026-09-16
475,"REDMI 15C 5G (Dusk Purple, 128 GB)",REDMI,15895,16999,6% off,4.3,463,44,8 GB RAM,128 GB ROM,6000 mAh Battery,,17.53 cm (6.9 inch) Display,50MP Rear Camera,,https://www.flipkart.com/redmi-15c-5g-dusk-purple-128-gb/p/itmc1345bb45eef3?pid=MOBHGGZ2AASSW7RG&lid=LSTMOBHGGZ2AASSW7RGNHXLEY&marketplace=FLIPKART&q=smart+phones&store=tyy%2F4io&srno=s_20_475&otracker=search&fm=organic&iid=a87eac66-f6fc-4e7b-8db2-5b9721762dd7.MOBHGGZ2AASSW7RG.SEARCH&ppt=None&ppn=None&ssid=ufaw7n7e7k0000001789548309274&qH=a5594894156db043&ov_redirect=true,2026-09-16
476,"Infinix Note edge (Lunar Titanium, 128 GB)",Infinix,28999,29999,3% off,4.2,424,67,8 GB RAM,128 GB ROM,6500 mAh Battery,Dimensity 7100 Processor,17.22 cm (6.78 inch) Full HD+ AMOLED Display,50MP Rear Camera | 13MP Front Camera,,https://www.flipkart.com/infinix-note-edge-lunar-titanium-128-gb/p/itmab2876405a1ab?pid=MOBHKCV7ZGHABQFG&lid=LSTMOBHKCV7ZGHABQFGXAZBJI&marketplace=FLIPKART&q=smart+phones&store=tyy%2F4io&srno=s_20_476&otracker=search&fm=organic&iid=a87eac66-f6fc-4e7b-8db2-5b9721762dd7.MOBHKCV7ZGHABQFG.SEARCH&ppt=None&ppn=None&ssid=ufaw7n7e7k0000001789548309274&qH=a5594894156db043&ov_redirect=true,2026-09-16
477,"Infinix Note edge (Solar Orange, 256 GB)",Infinix,30999,34999,11% off,4.2,424,67,8 GB RAM,256 GB ROM,6500 mAh Battery,Dimensity 7100 Processor,17.22 cm (6.78 inch) Full HD+ AMOLED Display,50MP Rear Camera | 13MP Front Camera,,https://www.flipkart.com/infinix-note-edge-solar-orange-256-gb/p/itm7720c4dde19f1?pid=MOBHN3VZBZY6RGGE&lid=LSTMOBHN3VZBZY6RGGEXAWGSY&marketplace=FLIPKART&q=smart+phones&store=tyy%2F4io&srno=s_20_477&otracker=search&fm=organic&iid=a87eac66-f6fc-4e7b-8db2-5b9721762dd7.MOBHN3VZBZY6RGGE.SEARCH&ppt=None&ppn=None&ssid=ufaw7n7e7k0000001789548309274&qH=a5594894156db043&ov_redirect=true,2026-09-16
478,"realme 15x 5G (Maroon Red, 128 GB)",realme,25999,30999,16% off,4.3,"3,518",296,8 GB RAM,128 GB ROM,7000 mAh Battery,Dimensity 6300 6nm Octa-core chipset Processor,17.27 cm (6.8 inch) Display,50MP Rear Camera | 50MP Front Camera,,https://www.flipkart.com/realme-15x-5g-maroon-red-128-gb/p/itmcf22f2a57724f?pid=MOBHHY7VSKKVXUNJ&lid=LSTMOBHHY7VSKKVXUNJ99BLBQ&marketplace=FLIPKART&q=smart+phones&store=tyy%2F4io&srno=s_20_478&otracker=search&fm=organic&iid=a87eac66-f6fc-4e7b-8db2-5b9721762dd7.MOBHHY7VSKKVXUNJ.SEARCH&ppt=None&ppn=None&ssid=ufaw7n7e7k0000001789548309274&qH=a5594894156db043&ov_redirect=true,2026-09-16
479,"realme P3 Ultra 5G (Orion Red, 256 GB)",realme,28999,33999,14% off,4.4,"22,064","2,552",8 GB RAM,256 GB ROM,6000 mAh Battery,Dimensity 8350 Ultra Processor,17.35 cm (6.83 inch) Display,50MP + 8MP | 16MP Front Camera,,https://www.flipkart.com/realme-p3-ultra-5g-orion-red-256-gb/p/itm50171223b4a05?pid=MOBHAYKEEZW7DS2N&lid=LSTMOBHAYKEEZW7DS2NUWFGAD&marketplace=FLIPKART&q=smart+phones&store=tyy%2F4io&srno=s_20_479&otracker=search&fm=organic&iid=a87eac66-f6fc-4e7b-8db2-5b9721762dd7.MOBHAYKEEZW7DS2N.SEARCH&ppt=None&ppn=None&ssid=ufaw7n7e7k0000001789548309274&qH=a5594894156db043&ov_redirect=true,2026-09-16
480,"POCO X7 5G (Glacier Green, 256 GB)",POCO,19999,27999,28% off,4.3,"29,025","2,683",8 GB RAM,256 GB ROM,5500 mAh Battery,Dimensity 7300 Ultra Processor,16.94 cm (6.67 inch) Display,50MP + 8MP + 2MP | 20MP Front Camera,,https://www.flipkart.com/poco-x7-5g-glacier-green-256-gb/p/itm982144570bc4d?pid=MOBH7YZ9937Z8RXM&lid=LSTMOBH7YZ9937Z8RXMKST4SY&marketplace=FLIPKART&q=smart+phones&store=tyy%2F4io&srno=s_20_480&otracker=search&fm=organic&iid=a87eac66-f6fc-4e7b-8db2-5b9721762dd7.MOBH7YZ9937Z8RXM.SEARCH&ppt=None&ppn=None&ssid=ufaw7n7e7k0000001789548309274&qH=a5594894156db043&ov_redirect=true,2026-09-16
481,"Tecno Spark 50 5G (Mint Green, 128 GB)",Tecno,19999,27999,28% off,3.7,116,19,4 GB RAM,128 GB ROM,6500 mAh Lithium Polymer Battery,Dimensity 6400 Processor,17.22 cm (6.78 inch) Display,50MP Rear Camera | 8MP Front Camera,,https://www.flipkart.com/tecno-spark-50-5g-mint-green-128-gb/p/itmb3923bf4ff9a6?pid=MOBHHH5TZMHQCMSU&lid=LSTMOBHHH5TZMHQCMSUN8RIDD&marketplace=FLIPKART&q=smart+phones&store=tyy%2F4io&srno=s_21_481&otracker=search&fm=organic&iid=en_M3jp0BlGeBkeLLG26Gp0KlbZP1CTU7U5lDEaornGxqxIE8HKByG2uiwZvNouIMpmEkNWyXUFNnHiWROKxaC-hv6ZZvGaaMvyXK9MBuHDlM3rMy6F72VV-o-F2rBq9fEl&ppt=None&ppn=None&ssid=6czasg4an40000001789548312299&qH=a5594894156db043&ov_redirect=true,2026-09-16
482,"Samsung Galaxy A14 5G (Dark Red, 128 GB)",Samsung,14999,22999,34% off,4.1,"4,248",314,8 GB RAM,128 GB ROM,5000 mAh Lithium Ion Battery,Exynos 1330 Processor,16.76 cm (6.6 inch) Full HD+ Display,50MP + 2MP + 2MP | 13MP Front Camera,,https://www.flipkart.com/samsung-galaxy-a14-5g-dark-red-128-gb/p/itmea97064bf96df?pid=MOBGHT8UGKRCBT9J&lid=LSTMOBGHT8UGKRCBT9JGYESYT&marketplace=FLIPKART&q=smart+phones&store=tyy%2F4io&srno=s_21_482&otracker=search&fm=organic&iid=79de691f-bb0c-4e30-bbbf-629cfa0a9fb6.MOBGHT8UGKRCBT9J.SEARCH&ppt=None&ppn=None&ssid=6czasg4an40000001789548312299&qH=a5594894156db043&ov_redirect=true,2026-09-16
483,"REDMI 15C 5G (Dusk Purple, 128 GB)",REDMI,17462,23299,25% off,3.7,819,87,4 GB RAM,128 GB ROM,6000 mAh Battery,,17.53 cm (6.9 inch) Display,50MP Rear Camera,,https://www.flipkart.com/redmi-15c-5g-dusk-purple-128-gb/p/itmc1345bb45eef3?pid=MOBHGGZ2SC2RPWAZ&lid=LSTMOBHGGZ2SC2RPWAZOFTNE4&marketplace=FLIPKART&q=smart+phones&store=tyy%2F4io&srno=s_21_483&otracker=search&fm=organic&iid=79de691f-bb0c-4e30-bbbf-629cfa0a9fb6.MOBHGGZ2SC2RPWAZ.SEARCH&ppt=None&ppn=None&ssid=6czasg4an40000001789548312299&qH=a5594894156db043&ov_redirect=true,2026-09-16
484,"Motorola g54 5G (Mint Green, 128 GB)",Motorola,17999,,,4.2,"1,00,980","8,969",8 GB RAM,128 GB ROM,6000 mAh Battery,Dimensity 7020 Processor,16.51 cm (6.5 inch) Full HD+ Display,50MP (OIS) + 8MP | 16MP Front Camera,,https://www.flipkart.com/motorola-g54-5g-mint-green-128-gb/p/itmfc12683043bbc?pid=MOBGQFX8Z3ZCDZZ7&lid=LSTMOBGQFX8Z3ZCDZZ7FOOELB&marketplace=FLIPKART&q=smart+phones&store=tyy%2F4io&srno=s_21_484&otracker=search&fm=organic&iid=79de691f-bb0c-4e30-bbbf-629cfa0a9fb6.MOBGQFX8Z3ZCDZZ7.SEARCH&ppt=None&ppn=None&ssid=6czasg4an40000001789548312299&qH=a5594894156db043&ov_redirect=true,2026-09-16
485,"POCO C75 5G (Aqua Bliss, 64 GB)",POCO,10999,,,4.2,"1,49,617","7,649",4 GB RAM,64 GB ROM,5160 mAh Battery,4s Gen 2 5G Processor,17.48 cm (6.88 inch) HD+ Display,50MP Rear Camera | 5MP Front Camera,5G,https://www.flipkart.com/poco-c75-5g-aqua-bliss-64-gb/p/itm10b3f6f1bc616?pid=MOBH7443MMBCWPPG&lid=LSTMOBH7443MMBCWPPGVOR2LC&marketplace=FLIPKART&q=smart+phones&store=tyy%2F4io&srno=s_21_485&otracker=search&fm=organic&iid=79de691f-bb0c-4e30-bbbf-629cfa0a9fb6.MOBH7443MMBCWPPG.SEARCH&ppt=None&ppn=None&ssid=6czasg4an40000001789548312299&qH=a5594894156db043&ov_redirect=true,2026-09-16
486,"MOTOROLA g37 power (PANTONE Capri, 128 GB)",MOTOROLA,25999,37999,31% off,4.1,"2,423",194,8 GB RAM,128 GB ROM,7000 mAh Battery,Dimensity 6400 Processor,16.92 cm (6.66 inch) HD+ Display,50MP Rear Camera | 8MP Front Camera,,https://www.flipkart.com/motorola-g37-power-pantone-capri-128-gb/p/itm5dc5774d4d5e9?pid=MOBHMX5YXCBREREH&lid=LSTMOBHMX5YXCBREREHUWKEDX&marketplace=FLIPKART&q=smart+phones&store=tyy%2F4io&srno=s_21_486&otracker=search&fm=organic&iid=79de691f-bb0c-4e30-bbbf-629cfa0a9fb6.MOBHMX5YXCBREREH.SEARCH&ppt=None&ppn=None&ssid=6czasg4an40000001789548312299&qH=a5594894156db043&ov_redirect=true,2026-09-16
487,"Infinix Note edge (Silk Green, 256 GB)",Infinix,30999,34999,11% off,4.2,424,67,8 GB RAM,256 GB ROM,6500 mAh Battery,Dimensity 7100 Processor,17.22 cm (6.78 inch) Full HD+ AMOLED Display,50MP Rear Camera | 13MP Front Camera,,https://www.flipkart.com/infinix-note-edge-silk-green-256-gb/p/itmab2876405a1ab?pid=MOBHKCV7FF8GZWZ4&lid=LSTMOBHKCV7FF8GZWZ4LLG9IF&marketplace=FLIPKART&q=smart+phones&store=tyy%2F4io&srno=s_21_487&otracker=search&fm=organic&iid=79de691f-bb0c-4e30-bbbf-629cfa0a9fb6.MOBHKCV7FF8GZWZ4.SEARCH&ppt=None&ppn=None&ssid=6czasg4an40000001789548312299&qH=a5594894156db043&ov_redirect=true,2026-09-16
488,"Samsung Galaxy S23 5G (Lavender, 128 GB)",Samsung,54999,89999,38% off,4.6,"78,823","5,680",8 GB RAM,128 GB ROM,3900 mAh Lithium Ion Battery,Qualcomm Snapdragon 8 Gen 2 Processor,15.49 cm (6.1 inch) Full HD+ Display,50MP + 10MP + 12MP | 12MP Front Camera,,https://www.flipkart.com/samsung-galaxy-s23-5g-lavender-128-gb/p/itmd3e8445fc75c9?pid=MOBGNPGZFWUKKJGR&lid=LSTMOBGNPGZFWUKKJGRJEZACI&marketplace=FLIPKART&q=smart+phones&store=tyy%2F4io&srno=s_21_488&otracker=search&fm=organic&iid=79de691f-bb0c-4e30-bbbf-629cfa0a9fb6.MOBGNPGZFWUKKJGR.SEARCH&ppt=None&ppn=None&ssid=6czasg4an40000001789548312299&qH=a5594894156db043&ov_redirect=true,2026-09-16
489,"realme 15x 5G (Maroon Red, 128 GB)",realme,28998,28999,,4.3,"3,663",295,6 GB RAM,128 GB ROM,7000 mAh Battery,Dimensity 6300 6nm Octa-core chipset Processor,17.27 cm (6.8 inch) Display,50MP Rear Camera | 50MP Front Camera,,https://www.flipkart.com/realme-15x-5g-maroon-red-128-gb/p/itmcf22f2a57724f?pid=MOBHHY7V3ZKDTFNU&lid=LSTMOBHHY7V3ZKDTFNUABL5WQ&marketplace=FLIPKART&q=smart+phones&store=tyy%2F4io&srno=s_21_489&otracker=search&fm=organic&iid=79de691f-bb0c-4e30-bbbf-629cfa0a9fb6.MOBHHY7V3ZKDTFNU.SEARCH&ppt=None&ppn=None&ssid=6czasg4an40000001789548312299&qH=a5594894156db043&ov_redirect=true,2026-09-16
490,"Infinix Note edge (Silk Green, 128 GB)",Infinix,28999,29999,3% off,4.2,424,67,8 GB RAM,128 GB ROM,6500 mAh Battery,Dimensity 7100 Processor,17.22 cm (6.78 inch) Full HD+ AMOLED Display,50MP Rear Camera | 13MP Front Camera,,https://www.flipkart.com/infinix-note-edge-silk-green-128-gb/p/itmab2876405a1ab?pid=MOBHKCV7GJAJAXZG&lid=LSTMOBHKCV7GJAJAXZGHZCQDO&marketplace=FLIPKART&q=smart+phones&store=tyy%2F4io&srno=s_21_490&otracker=search&fm=organic&iid=79de691f-bb0c-4e30-bbbf-629cfa0a9fb6.MOBHKCV7GJAJAXZG.SEARCH&ppt=None&ppn=None&ssid=6czasg4an40000001789548312299&qH=a5594894156db043&ov_redirect=true,2026-09-16
491,"realme 12x 5G (Woodland Green, 128 GB)",realme,12499,17999,30% off,4.4,"93,673","4,672",6 GB RAM,128 GB ROM,5000 mAh Battery,Dimensity 6100+ Processor,17.07 cm (6.72 inch) Full HD+ Display,50MP + 2MP | 8MP Front Camera,,https://www.flipkart.com/realme-12x-5g-woodland-green-128-gb/p/itmaa3401e5370b5?pid=MOBGYQ6BETBWFTDH&lid=LSTMOBGYQ6BETBWFTDHJLSPJZ&marketplace=FLIPKART&q=smart+phones&store=tyy%2F4io&srno=s_21_491&otracker=search&fm=organic&iid=79de691f-bb0c-4e30-bbbf-629cfa0a9fb6.MOBGYQ6BETBWFTDH.SEARCH&ppt=None&ppn=None&ssid=6czasg4an40000001789548312299&qH=a5594894156db043&ov_redirect=true,2026-09-16
492,"Samsung Galaxy A14 5G (Light Green, 128 GB)",Samsung,15499,,,4.2,"46,241","2,242",4 GB RAM,128 GB ROM,5000 mAh Lithium Ion Battery,Exynos 1330 Processor,16.76 cm (6.6 inch) Full HD+ Display,50MP + 2MP + 2MP | 13MP Front Camera,,https://www.flipkart.com/samsung-galaxy-a14-5g-light-green-128-gb/p/itm2568e5ed2bbbb?pid=MOBGX2Q7GTRGSGU9&lid=LSTMOBGX2Q7GTRGSGU9PYQBS1&marketplace=FLIPKART&q=smart+phones&store=tyy%2F4io&srno=s_21_492&otracker=search&fm=organic&iid=79de691f-bb0c-4e30-bbbf-629cfa0a9fb6.MOBGX2Q7GTRGSGU9.SEARCH&ppt=None&ppn=None&ssid=6czasg4an40000001789548312299&qH=a5594894156db043&ov_redirect=true,2026-09-16
493,"OnePlus Nord CE5 5G (Nexus Blue, 128 GB)",OnePlus,34390,34999,1% off,4.5,"12,623",872,8 GB RAM,128 GB ROM,7100 mAh Battery,,17.2 cm (6.77 inch) Display,50MP Rear Camera,,https://www.flipkart.com/oneplus-nord-ce5-5g-nexus-blue-128-gb/p/itm9259708fe4e3c?pid=MOBHEYWZJTSYPHBM&lid=LSTMOBHEYWZJTSYPHBMMYNYFJ&marketplace=FLIPKART&q=smart+phones&store=tyy%2F4io&srno=s_21_493&otracker=search&fm=organic&iid=79de691f-bb0c-4e30-bbbf-629cfa0a9fb6.MOBHEYWZJTSYPHBM.SEARCH&ppt=None&ppn=None&ssid=6czasg4an40000001789548312299&qH=a5594894156db043&ov_redirect=true,2026-09-16
494,"Nothing Phone (4a) (Blue, 128 GB)",Nothing,44999,59999,25% off,4.5,"6,618",714,8 GB RAM,128 GB ROM,5400 mAh Lithium ion Battery,Snapdragon 7s Gen 4 Processor,17.22 cm (6.78 inch) Full HD+ AMOLED Display,50MP + 50MP + 8MP | 32MP Front Camera,,https://www.flipkart.com/nothing-phone-4a-blue-128-gb/p/itm4d8bff10483ce?pid=MOBHZAWYPQ3DQ6DS&lid=LSTMOBHZAWYPQ3DQ6DSHG2PF2&marketplace=FLIPKART&q=smart+phones&store=tyy%2F4io&srno=s_21_494&otracker=search&fm=organic&iid=79de691f-bb0c-4e30-bbbf-629cfa0a9fb6.MOBHZAWYPQ3DQ6DS.SEARCH&ppt=None&ppn=None&ssid=6czasg4an40000001789548312299&qH=a5594894156db043&ov_redirect=true,2026-09-16
495,"POCO X8 5G (Frost White, 128 GB)",POCO,32999,69999,52% off,4.3,18,5,8 GB RAM,128 GB ROM,9000 mAh Lithium-Ion Polymer Battery,6s Gen 4 Processor,17.35 cm (6.83 inch) Full HD+ AMOLED Display,50MP + 2MP | 16MP Front Camera,,https://www.flipkart.com/poco-x8-5g-frost-white-128-gb/p/itmd491ea2c673ee?pid=MOBHQ6XZTQ4TSZBF&lid=LSTMOBHQ6XZTQ4TSZBFWHXNSH&marketplace=FLIPKART&q=smart+phones&store=tyy%2F4io&srno=s_21_495&otracker=search&fm=organic&iid=79de691f-bb0c-4e30-bbbf-629cfa0a9fb6.MOBHQ6XZTQ4TSZBF.SEARCH&ppt=None&ppn=None&ssid=6czasg4an40000001789548312299&qH=a5594894156db043&ov_redirect=true,2026-09-16
496,"realme C85 5G (Peacock Green, 128.0 GB)",realme,21999,24999,12% off,4.3,225,17,4 GB RAM,128.0 GB ROM,7000 mAh Battery,Dimensity 6300 Processor,17.27 cm (6.8 inch) HD+ Display,50MP Rear Camera | 8MP Front Camera,,https://www.flipkart.com/realme-c85-5g-peacock-green-128-0-gb/p/itm460d45ea3b896?pid=MOBHHY7VCDAH336F&lid=LSTMOBHHY7VCDAH336F2EFDNT&marketplace=FLIPKART&q=smart+phones&store=tyy%2F4io&srno=s_21_496&otracker=search&fm=organic&iid=79de691f-bb0c-4e30-bbbf-629cfa0a9fb6.MOBHHY7VCDAH336F.SEARCH&ppt=None&ppn=None&ssid=6czasg4an40000001789548312299&qH=a5594894156db043&ov_redirect=true,2026-09-16
497,"REDMI Turbo 5 5G (Nitro Blue, 256 GB)",REDMI,44955,54999,18% off,4.3,77,9,8 GB RAM,256 GB ROM,7540 mAh Battery,,16.74 cm (6.59 inch) Display,50MP Rear Camera,,https://www.flipkart.com/redmi-turbo-5-5g-nitro-blue-256-gb/p/itmd8266664918ee?pid=MOBHZHQEGZJFKXRX&lid=LSTMOBHZHQEGZJFKXRXJFWUW7&marketplace=FLIPKART&q=smart+phones&store=tyy%2F4io&srno=s_21_497&otracker=search&fm=organic&iid=79de691f-bb0c-4e30-bbbf-629cfa0a9fb6.MOBHZHQEGZJFKXRX.SEARCH&ppt=None&ppn=None&ssid=6czasg4an40000001789548312299&qH=a5594894156db043&ov_redirect=true,2026-09-16
498,"OnePlus Nord CE5 5G (Black Infinity, 128 GB)",OnePlus,22500,24999,9% off,4.5,"12,623",872,8 GB RAM,128 GB ROM,7100 mAh Battery,,17.2 cm (6.77 inch) Display,50MP Rear Camera,,https://www.flipkart.com/oneplus-nord-ce5-5g-black-infinity-128-gb/p/itm9259708fe4e3c?pid=MOBHEYWZAGYMPFRP&lid=LSTMOBHEYWZAGYMPFRPQLUEJM&marketplace=FLIPKART&q=smart+phones&store=tyy%2F4io&srno=s_21_498&otracker=search&fm=organic&iid=79de691f-bb0c-4e30-bbbf-629cfa0a9fb6.MOBHEYWZAGYMPFRP.SEARCH&ppt=None&ppn=None&ssid=6czasg4an40000001789548312299&qH=a5594894156db043&ov_redirect=true,2026-09-16
499,"POCO X8 Pro Max (White, 256 GB)",POCO,,,,4.5,"1,925",402,12 GB RAM,256 GB ROM,9000 mAh Lithium-Ion Polymer With Silicon Carbon Technology Battery,Dimensity 9500s Processor,17.35 cm (6.83 inch) Full HD+ AMOLED Display,50MP + 8MP | 20MP Front Camera,,https://www.flipkart.com/poco-x8-pro-max-white-256-gb/p/itm38fa4fd504c3f?pid=MOBHMGG5YF569YNY&q=smart+phones&store=tyy%2F4io&srno=s_21_499&otracker=search&fm=organic&iid=79de691f-bb0c-4e30-bbbf-629cfa0a9fb6.MOBHMGG5YF569YNY.SEARCH&ppt=None&ppn=None&ssid=6czasg4an40000001789548312299&qH=a5594894156db043&ov_redirect=true,2026-09-16
500,"POCO C71 (Power Black, 128 GB)",POCO,9999,,,4.1,"36,682","2,060",6 GB RAM,128 GB ROM,5200 mAh Battery,Unisoc T7250,17.48 cm (6.88 inch) HD+ Display,32MP Rear Camera | 8MP Front Camera,,https://www.flipkart.com/poco-c71-power-black-128-gb/p/itm8096ee52d7013?pid=MOBHAFVJJM8BWNKC&lid=LSTMOBHAFVJJM8BWNKCJY0MRA&marketplace=FLIPKART&q=smart+phones&store=tyy%2F4io&srno=s_21_500&otracker=search&fm=organic&iid=79de691f-bb0c-4e30-bbbf-629cfa0a9fb6.MOBHAFVJJM8BWNKC.SEARCH&ppt=None&ppn=None&ssid=6czasg4an40000001789548312299&qH=a5594894156db043&ov_redirect=true,2026-09-16
501,"POCO X8 Pro Max (Blue, 256 GB)",POCO,,,,4.5,"1,925",402,12 GB RAM,256 GB ROM,9000 mAh Lithium-Ion Polymer With Silicon Carbon Technology Battery,Dimensity 9500s Processor,17.35 cm (6.83 inch) Full HD+ AMOLED Display,50MP + 8MP | 20MP Front Camera,,https://www.flipkart.com/poco-x8-pro-max-blue-256-gb/p/itm510ae4b674bbc?pid=MOBHMGG5K67QQ2RY&q=smart+phones&store=tyy%2F4io&srno=s_21_501&otracker=search&fm=organic&iid=79de691f-bb0c-4e30-bbbf-629cfa0a9fb6.MOBHMGG5K67QQ2RY.SEARCH&ppt=None&ppn=None&ssid=6czasg4an40000001789548312299&qH=a5594894156db043&ov_redirect=true,2026-09-16
502,"Ai+ Pulse 1 (Blue, 64 GB)",Ai+,7999,,,4.2,"42,937","3,634",4 GB RAM,64 GB ROM,5000 mAh Battery,T615 Processor,17.13 cm (6.745 inch) HD+ Display,50MP Rear Camera | 5MP Front Camera,,https://www.flipkart.com/ai-pulse-1-blue-64-gb/p/itm039eaa37b8fdb?pid=MOBHDDQXW4ZVQFFX&lid=LSTMOBHDDQXW4ZVQFFXZCFXAD&marketplace=FLIPKART&q=smart+phones&store=tyy%2F4io&srno=s_21_502&otracker=search&fm=organic&iid=79de691f-bb0c-4e30-bbbf-629cfa0a9fb6.MOBHDDQXW4ZVQFFX.SEARCH&ppt=None&ppn=None&ssid=6czasg4an40000001789548312299&qH=a5594894156db043&ov_redirect=true,2026-09-16
503,"realme 15x 5G (Marine Blue, 128 GB)",realme,25999,30999,16% off,4.3,"3,518",296,8 GB RAM,128 GB ROM,7000 mAh Battery,Dimensity 6300 6nm Octa-core chipset Processor,17.27 cm (6.8 inch) Display,50MP Rear Camera | 50MP Front Camera,,https://www.flipkart.com/realme-15x-5g-marine-blue-128-gb/p/itmcf22f2a57724f?pid=MOBHHY7VS6RYAUYP&lid=LSTMOBHHY7VS6RYAUYPBOVGTN&marketplace=FLIPKART&q=smart+phones&store=tyy%2F4io&srno=s_21_503&otracker=search&fm=organic&iid=79de691f-bb0c-4e30-bbbf-629cfa0a9fb6.MOBHHY7VS6RYAUYP.SEARCH&ppt=None&ppn=None&ssid=6czasg4an40000001789548312299&qH=a5594894156db043&ov_redirect=true,2026-09-16
504,"Samsung Galaxy F36 5G (Violet, 128 GB)",Samsung,23497,26999,12% off,4.3,"12,654","1,127",6 GB RAM,128 GB ROM,5000 mAh Battery,Samsung Exynos 1380 Processor,17.02 cm (6.7 inch) Full HD+ Display,50MP + 8MP + 2MP | 13MP Front Camera,,https://www.flipkart.com/samsung-galaxy-f36-5g-violet-128-gb/p/itmcc46b8b3b3454?pid=MOBHMWFXGPGPJHBC&lid=LSTMOBHMWFXGPGPJHBCYO8CLD&marketplace=FLIPKART&q=smart+phones&store=tyy%2F4io&srno=s_21_504&otracker=search&fm=organic&iid=79de691f-bb0c-4e30-bbbf-629cfa0a9fb6.MOBHMWFXGPGPJHBC.SEARCH&ppt=None&ppn=None&ssid=6czasg4an40000001789548312299&qH=a5594894156db043&ov_redirect=true,2026-09-16
505,"realme P4 5G (Forge Red, 128 GB)",realme,30999,45999,32% off,4.4,"23,175","1,957",8 GB RAM,128 GB ROM,7000 mAh Battery,Mediatek Dimensity 7400 Processor,17.2 cm (6.77 inch) Display,50MP + 8MP | 16MP Front Camera,,https://www.flipkart.com/realme-p4-5g-forge-red-128-gb/p/itmf836e6de035a5?pid=MOBHN7A83XGZRHUK&lid=LSTMOBHN7A83XGZRHUKZJSQ1X&marketplace=FLIPKART&q=smart+phones&store=tyy%2F4io&srno=s_22_505&otracker=search&fm=organic&iid=fe3378b1-e3bd-48e9-9cc9-8060cf9a3a63.MOBHN7A83XGZRHUK.SEARCH&ppt=None&ppn=None&ssid=eriwifzdpc0000001789548315179&qH=a5594894156db043&ov_redirect=true,2026-09-16
506,"POCO M7 Plus 5G (Carbon Black, 128 GB)",POCO,17999,,,4.2,"6,562",530,8 GB RAM,128 GB ROM,7000 mAh Battery,Snapdragon 6s Gen 3 5G Processor,17.53 cm (6.9 inch) Full HD+ Display,50MP AI Dual Camera | 8MP Front Camera,5G,https://www.flipkart.com/poco-m7-plus-5g-carbon-black-128-gb/p/itm39c366869cc19?pid=MOBHETX6YMAG9NTF&lid=LSTMOBHETX6YMAG9NTF5IHJPA&marketplace=FLIPKART&q=smart+phones&store=tyy%2F4io&srno=s_22_506&otracker=search&fm=organic&iid=fe3378b1-e3bd-48e9-9cc9-8060cf9a3a63.MOBHETX6YMAG9NTF.SEARCH&ppt=None&ppn=None&ssid=eriwifzdpc0000001789548315179&qH=a5594894156db043&ov_redirect=true,2026-09-16
507,"Tecno Spark 50 5G (Mint Green, 128 GB)",Tecno,19999,27999,28% off,3.7,116,19,4 GB RAM,128 GB ROM,6500 mAh Lithium Polymer Battery,Dimensity 6400 Processor,17.22 cm (6.78 inch) Display,50MP Rear Camera | 8MP Front Camera,,https://www.flipkart.com/tecno-spark-50-5g-mint-green-128-gb/p/itmb3923bf4ff9a6?pid=MOBHHH5TZMHQCMSU&lid=LSTMOBHHH5TZMHQCMSUN8RIDD&marketplace=FLIPKART&q=smart+phones&store=tyy%2F4io&srno=s_22_507&otracker=search&fm=organic&iid=en_5KJulMIqGCPsaRcEQcMVIoMBVsGTSpNoJXkGvH-G2rQtgC2wXDMBHDAYRte1BfB7EkNWyXUFNnHiWROKxaC-hv6ZZvGaaMvyXK9MBuHDlM1bm3bEyRcDfhVfDpot0lle&ppt=None&ppn=None&ssid=eriwifzdpc0000001789548315179&qH=a5594894156db043&ov_redirect=true,2026-09-16
508,"Ai+ Pulse 1 (Black, 64 GB)",Ai+,7999,,,4.2,"42,937","3,634",4 GB RAM,64 GB ROM,5000 mAh Battery,T615 Processor,17.13 cm (6.745 inch) HD+ Display,50MP Rear Camera | 5MP Front Camera,,https://www.flipkart.com/ai-pulse-1-black-64-gb/p/itmbb72114516031?pid=MOBHDDQXWA6PBGZJ&lid=LSTMOBHDDQXWA6PBGZJCXLL1V&marketplace=FLIPKART&q=smart+phones&store=tyy%2F4io&srno=s_22_508&otracker=search&fm=organic&iid=fe3378b1-e3bd-48e9-9cc9-8060cf9a3a63.MOBHDDQXWA6PBGZJ.SEARCH&ppt=None&ppn=None&ssid=eriwifzdpc0000001789548315179&qH=a5594894156db043&ov_redirect=true,2026-09-16
509,"POCO M7 5G  - Locked with Airtel Prepaid (Satin Black, 128 GB)",POCO,12999,,,4.1,"77,564","4,388",6 GB RAM,128 GB ROM,5160 mAh Battery,4 Gen 2 5G Processor,17.48 cm (6.88 inch) HD+ Display,50MP Rear Camera | 8MP Front Camera,5G,https://www.flipkart.com/poco-m7-5g-locked-airtel-prepaid-satin-black-128-gb/p/itma98bb9c85c53b?pid=MOBH9HFJQWGBTEY3&lid=LSTMOBH9HFJQWGBTEY3V7HLRS&marketplace=FLIPKART&q=smart+phones&store=tyy%2F4io&srno=s_22_509&otracker=search&fm=organic&iid=fe3378b1-e3bd-48e9-9cc9-8060cf9a3a63.MOBH9HFJQWGBTEY3.SEARCH&ppt=None&ppn=None&ssid=eriwifzdpc0000001789548315179&qH=a5594894156db043&ov_redirect=true,2026-09-16
510,"realme 15x 5G (Marine Blue, 128 GB)",realme,25999,30999,16% off,4.3,"3,518",296,8 GB RAM,128 GB ROM,7000 mAh Battery,Dimensity 6300 6nm Octa-core chipset Processor,17.27 cm (6.8 inch) Display,50MP Rear Camera | 50MP Front Camera,,https://www.flipkart.com/realme-15x-5g-marine-blue-128-gb/p/itmcf22f2a57724f?pid=MOBHHY7VS6RYAUYP&lid=LSTMOBHHY7VS6RYAUYPBOVGTN&marketplace=FLIPKART&q=smart+phones&store=tyy%2F4io&srno=s_22_510&otracker=search&fm=organic&iid=fe3378b1-e3bd-48e9-9cc9-8060cf9a3a63.MOBHHY7VS6RYAUYP.SEARCH&ppt=None&ppn=None&ssid=eriwifzdpc0000001789548315179&qH=a5594894156db043&ov_redirect=true,2026-09-16
511,"Samsung Galaxy F17 5G (Voilet Pop 128GB) (4GB RAM) (Voilet poo, 128 GB)",Samsung,16407,17999,8% off,3.9,8,0,4 GB RAM,128 GB ROM,5000 mAh Battery,,17.02 cm (6.7 inch) Display,50MP Rear Camera,,https://www.flipkart.com/samsung-galaxy-f17-5g-voilet-pop-128gb-4gb-ram-poo-128-gb/p/itm234a6b0a367bb?pid=MOBHKD4ADSMM4JHA&lid=LSTMOBHKD4ADSMM4JHAOKARWC&marketplace=FLIPKART&q=smart+phones&store=tyy%2F4io&srno=s_22_511&otracker=search&fm=organic&iid=fe3378b1-e3bd-48e9-9cc9-8060cf9a3a63.MOBHKD4ADSMM4JHA.SEARCH&ppt=None&ppn=None&ssid=eriwifzdpc0000001789548315179&qH=a5594894156db043&ov_redirect=true,2026-09-16
512,"Infinix Note edge (Stellar Blue, 128 GB)",Infinix,26999,,,4.2,704,98,6 GB RAM,128 GB ROM,6500 mAh Battery,Dimensity 7100 Processor,17.22 cm (6.78 inch) Full HD+ AMOLED Display,50MP Rear Camera | 13MP Front Camera,,https://www.flipkart.com/infinix-note-edge-stellar-blue-128-gb/p/itmab2876405a1ab?pid=MOBHKCV7GHAYUG2J&lid=LSTMOBHKCV7GHAYUG2JGZN8RK&marketplace=FLIPKART&q=smart+phones&store=tyy%2F4io&srno=s_22_512&otracker=search&fm=organic&iid=fe3378b1-e3bd-48e9-9cc9-8060cf9a3a63.MOBHKCV7GHAYUG2J.SEARCH&ppt=None&ppn=None&ssid=eriwifzdpc0000001789548315179&qH=a5594894156db043&ov_redirect=true,2026-09-16
513,"realme P1 5G (Phoenix Red, 128 GB)",realme,14999,21999,31% off,4.3,"46,638","2,758",8 GB RAM,128 GB ROM,5000 mAh Battery,Dimensity 7050 Processor,16.94 cm (6.67 inch) Full HD+ Display,50MP + 2MP | 16MP Front Camera,,https://www.flipkart.com/realme-p1-5g-phoenix-red-128-gb/p/itmae4447062b5b5?pid=MOBGZSU4BBYYMSEV&lid=LSTMOBGZSU4BBYYMSEVEEHYG2&marketplace=FLIPKART&q=smart+phones&store=tyy%2F4io&srno=s_22_513&otracker=search&fm=organic&iid=fe3378b1-e3bd-48e9-9cc9-8060cf9a3a63.MOBGZSU4BBYYMSEV.SEARCH&ppt=None&ppn=None&ssid=eriwifzdpc0000001789548315179&qH=a5594894156db043&ov_redirect=true,2026-09-16
514,"Infinix Note edge (Silk Green, 128 GB)",Infinix,26999,,,4.2,704,98,6 GB RAM,128 GB ROM,6500 mAh Battery,Dimensity 7100 Processor,17.22 cm (6.78 inch) Full HD+ AMOLED Display,50MP Rear Camera | 13MP Front Camera,,https://www.flipkart.com/infinix-note-edge-silk-green-128-gb/p/itmab2876405a1ab?pid=MOBHKCV7K3YWCCSY&lid=LSTMOBHKCV7K3YWCCSYI6YEG5&marketplace=FLIPKART&q=smart+phones&store=tyy%2F4io&srno=s_22_514&otracker=search&fm=organic&iid=fe3378b1-e3bd-48e9-9cc9-8060cf9a3a63.MOBHKCV7K3YWCCSY.SEARCH&ppt=None&ppn=None&ssid=eriwifzdpc0000001789548315179&qH=a5594894156db043&ov_redirect=true,2026-09-16
515,"Infinix Note edge (Lunar Titanium, 256 GB)",Infinix,30999,34999,11% off,4.2,424,67,8 GB RAM,256 GB ROM,6500 mAh Battery,Dimensity 7100 Processor,17.22 cm (6.78 inch) Full HD+ AMOLED Display,50MP Rear Camera | 13MP Front Camera,,https://www.flipkart.com/infinix-note-edge-lunar-titanium-256-gb/p/itmab2876405a1ab?pid=MOBHKCV7A9HHF3GN&lid=LSTMOBHKCV7A9HHF3GN2K3H84&marketplace=FLIPKART&q=smart+phones&store=tyy%2F4io&srno=s_22_515&otracker=search&fm=organic&iid=fe3378b1-e3bd-48e9-9cc9-8060cf9a3a63.MOBHKCV7A9HHF3GN.SEARCH&ppt=None&ppn=None&ssid=eriwifzdpc0000001789548315179&qH=a5594894156db043&ov_redirect=true,2026-09-16
516,"REDMI A7 (Black, 64 GB)",REDMI,12991,14999,13% off,4,200,10,3 GB RAM,64 GB ROM,5200 mAh Lithium-Ion Battery,T7250 Processor,17.48 cm (6.88 $inch) HD+ Display,13MP Rear Camera | 8MP Front Camera,,https://www.flipkart.com/redmi-a7-black-64-gb/p/itmb3debaedac31e?pid=MOBHMYVZJXHXRJYE&lid=LSTMOBHMYVZJXHXRJYEC1A8IU&marketplace=FLIPKART&q=smart+phones&store=tyy%2F4io&srno=s_22_516&otracker=search&fm=organic&iid=fe3378b1-e3bd-48e9-9cc9-8060cf9a3a63.MOBHMYVZJXHXRJYE.SEARCH&ppt=None&ppn=None&ssid=eriwifzdpc0000001789548315179&qH=a5594894156db043&ov_redirect=true,2026-09-16
517,"Samsung Galaxy F36 5G (Violet, 128 GB)",Samsung,23497,26999,12% off,4.3,"12,654","1,127",6 GB RAM,128 GB ROM,5000 mAh Battery,Samsung Exynos 1380 Processor,17.02 cm (6.7 inch) Full HD+ Display,50MP + 8MP + 2MP | 13MP Front Camera,,https://www.flipkart.com/samsung-galaxy-f36-5g-violet-128-gb/p/itmcc46b8b3b3454?pid=MOBHMWFXGPGPJHBC&lid=LSTMOBHMWFXGPGPJHBCYO8CLD&marketplace=FLIPKART&q=smart+phones&store=tyy%2F4io&srno=s_22_517&otracker=search&fm=organic&iid=fe3378b1-e3bd-48e9-9cc9-8060cf9a3a63.MOBHMWFXGPGPJHBC.SEARCH&ppt=None&ppn=None&ssid=eriwifzdpc0000001789548315179&qH=a5594894156db043&ov_redirect=true,2026-09-16
518,"MOTOROLA Edge 70 Fusion Snapdragon (Pantone BLUE SURF, 256 GB)",MOTOROLA,32999,53999,38% off,4.4,"17,809","1,968",8 GB RAM,256 GB ROM,7000 mAh Battery,Snapdragon 7s Gen 4 Processor,17.27 cm (6.8 inch) Super HD Display,50MP + 13MP | 32MP Front Camera,,https://www.flipkart.com/motorola-edge-70-fusion-snapdragon-pantone-blue-surf-256-gb/p/itm2478ae6657212?pid=MOBHN973QBHKRG5D&lid=LSTMOBHN973QBHKRG5DHQIJXA&marketplace=FLIPKART&q=smart+phones&store=tyy%2F4io&srno=s_22_518&otracker=search&fm=organic&iid=fe3378b1-e3bd-48e9-9cc9-8060cf9a3a63.MOBHN973QBHKRG5D.SEARCH&ppt=None&ppn=None&ssid=eriwifzdpc0000001789548315179&qH=a5594894156db043&ov_redirect=true,2026-09-16
519,"MOTOROLA Edge 60 Fusion 5G (PANTONE Amazonite, 256 GB)",MOTOROLA,29999,37999,21% off,4.4,"49,750","3,522",12 GB RAM,256 GB ROM,5500 mAh Battery,Dimensity 7400 Processor,16.94 cm (6.67 inch) Display,50MP + 13MP | 32MP Front Camera,,https://www.flipkart.com/motorola-edge-60-fusion-5g-pantone-amazonite-256-gb/p/itm083aeeabd2b1d?pid=MOBHN974GZMDARQ9&lid=LSTMOBHN974GZMDARQ9LCGEZJ&marketplace=FLIPKART&q=smart+phones&store=tyy%2F4io&srno=s_22_519&otracker=search&fm=organic&iid=fe3378b1-e3bd-48e9-9cc9-8060cf9a3a63.MOBHN974GZMDARQ9.SEARCH&ppt=None&ppn=None&ssid=eriwifzdpc0000001789548315179&qH=a5594894156db043&ov_redirect=true,2026-09-16
520,"Infinix Hot 60 5G+ (Tundra Green, 128 GB)",Infinix,17999,,,4.2,"3,650",310,6 GB RAM,128 GB ROM,5200 mAh Battery,Dimensity 7020 Processor,17.02 cm (6.7 inch) HD+ Display,50MP Rear Camera | 8MP Front Camera,,https://www.flipkart.com/infinix-hot-60-5g-tundra-green-128-gb/p/itm2154889174b3a?pid=MOBHDMJZRBVMRQGZ&lid=LSTMOBHDMJZRBVMRQGZJUNUMG&marketplace=FLIPKART&q=smart+phones&store=tyy%2F4io&srno=s_22_520&otracker=search&fm=organic&iid=fe3378b1-e3bd-48e9-9cc9-8060cf9a3a63.MOBHDMJZRBVMRQGZ.SEARCH&ppt=None&ppn=None&ssid=eriwifzdpc0000001789548315179&qH=a5594894156db043&ov_redirect=true,2026-09-16
521,"MOTOROLA g67 power 5G (Pantone BLUE CURACAO, 256 GB)",MOTOROLA,25999,30999,16% off,4.2,"1,261",94,12 GB RAM,256 GB ROM,7000 mAh Battery,7s Gen 2 Processor,17.02 cm (6.7 inch) Full HD+ Display,50MP + 8MP | 32MP Front Camera,,https://www.flipkart.com/motorola-g67-power-5g-pantone-blue-curacao-256-gb/p/itm8fa5a62b63cf6?pid=MOBHN3UX7ZGHGEPD&lid=LSTMOBHN3UX7ZGHGEPDPV9H54&marketplace=FLIPKART&q=smart+phones&store=tyy%2F4io&srno=s_22_521&otracker=search&fm=organic&iid=fe3378b1-e3bd-48e9-9cc9-8060cf9a3a63.MOBHN3UX7ZGHGEPD.SEARCH&ppt=None&ppn=None&ssid=eriwifzdpc0000001789548315179&qH=a5594894156db043&ov_redirect=true,2026-09-16
522,"Motorola g54 5G (Pearl Blue, 128 GB)",Motorola,17999,,,4.2,"1,00,980","8,969",8 GB RAM,128 GB ROM,6000 mAh Battery,Dimensity 7020 Processor,16.51 cm (6.5 inch) Full HD+ Display,50MP (OIS) + 8MP | 16MP Front Camera,,https://www.flipkart.com/motorola-g54-5g-pearl-blue-128-gb/p/itm8d5c2baa065c6?pid=MOBGQFX8TMM555GW&lid=LSTMOBGQFX8TMM555GWMGXPWV&marketplace=FLIPKART&q=smart+phones&store=tyy%2F4io&srno=s_22_522&otracker=search&fm=organic&iid=fe3378b1-e3bd-48e9-9cc9-8060cf9a3a63.MOBGQFX8TMM555GW.SEARCH&ppt=None&ppn=None&ssid=eriwifzdpc0000001789548315179&qH=a5594894156db043&ov_redirect=true,2026-09-16
523,"Infinix Hot 60 5G+ (Shadow Blue, 128 GB)",Infinix,17999,,,4.2,"3,650",310,6 GB RAM,128 GB ROM,5200 mAh Battery,Dimensity 7020 Processor,17.02 cm (6.7 inch) HD+ Display,50MP Rear Camera | 8MP Front Camera,,https://www.flipkart.com/infinix-hot-60-5g-shadow-blue-128-gb/p/itm2154889174b3a?pid=MOBHDMJZFKYN9DKK&lid=LSTMOBHDMJZFKYN9DKKJCCU84&marketplace=FLIPKART&q=smart+phones&store=tyy%2F4io&srno=s_22_523&otracker=search&fm=organic&iid=fe3378b1-e3bd-48e9-9cc9-8060cf9a3a63.MOBHDMJZFKYN9DKK.SEARCH&ppt=None&ppn=None&ssid=eriwifzdpc0000001789548315179&qH=a5594894156db043&ov_redirect=true,2026-09-16
524,"POCO C61 (Mystical Green, 64 GB)",POCO,7999,8999,11% off,4.1,"1,11,016","4,673",4 GB RAM,64 GB ROM,5000 mAh Battery,Helio G36 Processor,17.04 cm (6.71 inch) HD+ Display,8MP Rear Camera | 5MP Front Camera,,https://www.flipkart.com/poco-c61-mystical-green-64-gb/p/itmab81e9048e98c?pid=MOBHATHPTGGEFYZT&lid=LSTMOBHATHPTGGEFYZTGXQ77P&marketplace=FLIPKART&q=smart+phones&store=tyy%2F4io&srno=s_22_524&otracker=search&fm=organic&iid=fe3378b1-e3bd-48e9-9cc9-8060cf9a3a63.MOBHATHPTGGEFYZT.SEARCH&ppt=None&ppn=None&ssid=eriwifzdpc0000001789548315179&qH=a5594894156db043&ov_redirect=true,2026-09-16
525,"realme P4 5G (Forge Red, 128 GB)",realme,25999,40999,36% off,4.4,"23,353","1,960",6 GB RAM,128 GB ROM,7000 mAh Battery,Mediatek Dimensity 7400 Processor,17.2 cm (6.77 inch) Display,50MP + 8MP | 16MP Front Camera,,https://www.flipkart.com/realme-p4-5g-forge-red-128-gb/p/itmf836e6de035a5?pid=MOBHN7A8JHSUZSGH&lid=LSTMOBHN7A8JHSUZSGH23UICQ&marketplace=FLIPKART&q=smart+phones&store=tyy%2F4io&srno=s_22_525&otracker=search&fm=organic&iid=fe3378b1-e3bd-48e9-9cc9-8060cf9a3a63.MOBHN7A8JHSUZSGH.SEARCH&ppt=None&ppn=None&ssid=eriwifzdpc0000001789548315179&qH=a5594894156db043&ov_redirect=true,2026-09-16
526,"REDMI 15C 5G (Midnight Black, 128 GB)",REDMI,21999,24999,12% off,4.3,463,44,8 GB RAM,128 GB ROM,6000 mAh Battery,,17.53 cm (6.9 inch) Display,50MP Rear Camera,,https://www.flipkart.com/redmi-15c-5g-midnight-black-128-gb/p/itmc1345bb45eef3?pid=MOBHGGZ228KHHPQC&lid=LSTMOBHGGZ228KHHPQC94QZPT&marketplace=FLIPKART&q=smart+phones&store=tyy%2F4io&srno=s_22_526&otracker=search&fm=organic&iid=fe3378b1-e3bd-48e9-9cc9-8060cf9a3a63.MOBHGGZ228KHHPQC.SEARCH&ppt=None&ppn=None&ssid=eriwifzdpc0000001789548315179&qH=a5594894156db043&ov_redirect=true,2026-09-16
527,"Apple iPhone 15 (Green, 128 GB)",Apple,59900,,,4.6,"2,48,416","9,767",,,,"A16 Bionic Chip, 6 Core Processor Processor",15.49 cm (6.1 inch) Super Retina XDR Display,48MP + 12MP | 12MP Front Camera,,https://www.flipkart.com/apple-iphone-15-green-128-gb/p/itm235cd318bde73?pid=MOBGTAGPYYWZRUJX&lid=LSTMOBGTAGPYYWZRUJX8CTXDU&marketplace=FLIPKART&q=smart+phones&store=tyy%2F4io&srno=s_22_527&otracker=search&fm=organic&iid=fe3378b1-e3bd-48e9-9cc9-8060cf9a3a63.MOBGTAGPYYWZRUJX.SEARCH&ppt=None&ppn=None&ssid=eriwifzdpc0000001789548315179&qH=a5594894156db043&ov_redirect=true,2026-09-16
528,"Infinix Note edge (Lunar Titanium, 128 GB)",Infinix,28999,29999,3% off,4.2,424,67,8 GB RAM,128 GB ROM,6500 mAh Battery,Dimensity 7100 Processor,17.22 cm (6.78 inch) Full HD+ AMOLED Display,50MP Rear Camera | 13MP Front Camera,,https://www.flipkart.com/infinix-note-edge-lunar-titanium-128-gb/p/itmab2876405a1ab?pid=MOBHKCV7ZGHABQFG&lid=LSTMOBHKCV7ZGHABQFGXAZBJI&marketplace=FLIPKART&q=smart+phones&store=tyy%2F4io&srno=s_22_528&otracker=search&fm=organic&iid=fe3378b1-e3bd-48e9-9cc9-8060cf9a3a63.MOBHKCV7ZGHABQFG.SEARCH&ppt=None&ppn=None&ssid=eriwifzdpc0000001789548315179&qH=a5594894156db043&ov_redirect=true,2026-09-16
