S.No,Product Name,Brand,Price,Original Price,Discount,Rating,Rating Count,Review Count,RAM,ROM,Battery,Processor,Display Size,Camera,Network Type,Product URL,Scraped Date
1,"BOLTT EVO (Arctic White, 128 GB)",BOLTT,11499,18999,39% off,4,"1,804",873,6 GB RAM,128 GB ROM,6000 mAh Lithium ion Battery,T7250 Processor,6.79'' HD+ punch hole display,50MP + 2MP | 8MP Front Camera,,https://www.flipkart.com/boltt-evo-arctic-white-128-gb/p/itmf046d663a1fd7?pid=MOBHPP59GKGTGZGA&lid=LSTMOBHPP59GKGTGZGAIEMNWG&marketplace=FLIPKART&q=smart+phones&store=tyy%2F4io&srno=s_1_1&otracker=search&fm=organic&iid=en_EHfFp0BcfZT5xdR3tQo3o2CUyoww3dBuroFALK_pCnul6PTu7ilmxmhFZ_J6DT-RApXdqJ8g9gjPKgZjVdc9bpZk_zxnXKMiUj2SaFo9m-PokjjXljzk1ytMlj4i-_pi&ppt=None&ppn=None&ssid=q61gzet4z40000001790935045160&qH=a5594894156db043&ov_redirect=true,2026-10-02
2,"BOLTT EVO (Berry Red, 64 GB)",BOLTT,9999,17999,44% off,4.4,"1,327",695,4 GB RAM,64 GB ROM,6000 mAh Lithium ion Battery,T7250 Processor,6.79'' HD+ punch hole display,50MP + 2MP | 8MP Front Camera,,https://www.flipkart.com/boltt-evo-berry-red-64-gb/p/itmf046d663a1fd7?pid=MOBHPP598ENKRGBY&lid=LSTMOBHPP598ENKRGBYC3QECN&marketplace=FLIPKART&q=smart+phones&store=tyy%2F4io&srno=s_1_2&otracker=search&fm=organic&iid=en_EHfFp0BcfZT5xdR3tQo3o2CUyoww3dBuroFALK_pCnv9KPqeEeETD_IygMS78StbmCxeu8uCGyw6NBIvVnameZZk_zxnXKMiUj2SaFo9m-PokjjXljzk1ytMlj4i-_pi&ppt=None&ppn=None&ssid=q61gzet4z40000001790935045160&qH=a5594894156db043&ov_redirect=true,2026-10-02
3,"Apple iPhone 16 (Black, 128 GB)",Apple,69900,,,4.6,"1,99,367","8,625",,,,"A18 Chip, 6 Core Processor Processor",15.49 cm (6.1 inch) Super Retina XDR Display,48MP + 12MP | 12MP Front Camera,,https://www.flipkart.com/apple-iphone-16-black-128-gb/p/itmb07d67f995271?pid=MOBH4DQFG8NKFRDY&lid=LSTMOBH4DQFG8NKFRDYNBDOZI&marketplace=FLIPKART&q=smart+phones&store=tyy%2F4io&srno=s_1_3&otracker=search&fm=organic&iid=7a34c328-a0ed-47e9-b7bd-4c9e3990e19f.MOBH4DQFG8NKFRDY.SEARCH&ppt=None&ppn=None&ssid=q61gzet4z40000001790935045160&qH=a5594894156db043&ov_redirect=true,2026-10-02
4,"Samsung Galaxy F07 (Green, 64 GB)",Samsung,11999,,,4.2,"10,830",778,4 GB RAM,64 GB ROM,5000 mAh Battery,Helio G99 Processor,17.02 cm (6.7 inch) Full HD+ Super AMOLED Display,50MP + 2MP | 8MP Front Camera,,https://www.flipkart.com/samsung-galaxy-f07-green-64-gb/p/itm294cbb65839e6?pid=MOBHMGHHXHYZEAVB&lid=LSTMOBHMGHHXHYZEAVBR68SR7&marketplace=FLIPKART&q=smart+phones&store=tyy%2F4io&spotlightTagId=default_BestsellerId_tyy%2F4io&srno=s_1_4&otracker=search&fm=organic&iid=7a34c328-a0ed-47e9-b7bd-4c9e3990e19f.MOBHMGHHXHYZEAVB.SEARCH&ppt=None&ppn=None&ssid=q61gzet4z40000001790935045160&qH=a5594894156db043&ov_redirect=true,2026-10-02
5,"BOLTT EVO (Midnight Black, 64 GB)",BOLTT,9999,17999,44% off,4.4,"1,327",695,4 GB RAM,64 GB ROM,6000 mAh Lithium ion Battery,T7250 Processor,6.79'' HD+ punch hole display,50MP + 2MP | 8MP Front Camera,,https://www.flipkart.com/boltt-evo-midnight-black-64-gb/p/itmf046d663a1fd7?pid=MOBHPP597GB8ZHTY&lid=LSTMOBHPP597GB8ZHTYGYX70A&marketplace=FLIPKART&q=smart+phones&store=tyy%2F4io&srno=s_1_5&otracker=search&fm=organic&iid=en_EHfFp0BcfZT5xdR3tQo3o2CUyoww3dBuroFALK_pCnvZSJiU6t_eE8F7NwRX5pflTVouhb2tykG8adhl7gpzvlQwBN02kO2dKcqV7HiCNr44zCd807TWZtmxdzrsfqG3&ppt=None&ppn=None&ssid=q61gzet4z40000001790935045160&qH=a5594894156db043&ov_redirect=true,2026-10-02
6,"BOLTT EVO (Lavender Bloom, 64 GB)",BOLTT,9999,17999,44% off,4.4,"1,327",695,4 GB RAM,64 GB ROM,6000 mAh Lithium ion Battery,T7250 Processor,6.79'' HD+ punch hole display,50MP + 2MP | 8MP Front Camera,,https://www.flipkart.com/boltt-evo-lavender-bloom-64-gb/p/itmf046d663a1fd7?pid=MOBHPP59AEJZHCVZ&lid=LSTMOBHPP59AEJZHCVZQQSXMU&marketplace=FLIPKART&q=smart+phones&store=tyy%2F4io&srno=s_1_6&otracker=search&fm=organic&iid=en_EHfFp0BcfZT5xdR3tQo3o2CUyoww3dBuroFALK_pCns_8tjEpLdyWtJ_ShAfoIvtREgmyoKu8WWsR8LxphGO89Qv4pENQZW62llWo2FJCwk4zCd807TWZtmxdzrsfqG3&ppt=None&ppn=None&ssid=q61gzet4z40000001790935045160&qH=a5594894156db043&ov_redirect=true,2026-10-02
7,"BOLTT EVO (Berry Red, 64 GB)",BOLTT,9999,17999,44% off,4.4,"1,327",695,4 GB RAM,64 GB ROM,6000 mAh Lithium ion Battery,T7250 Processor,6.79'' HD+ punch hole display,50MP + 2MP | 8MP Front Camera,,https://www.flipkart.com/boltt-evo-berry-red-64-gb/p/itmf046d663a1fd7?pid=MOBHPP598ENKRGBY&lid=LSTMOBHPP598ENKRGBYC3QECN&marketplace=FLIPKART&q=smart+phones&store=tyy%2F4io&srno=s_1_7&otracker=search&fm=organic&iid=7a34c328-a0ed-47e9-b7bd-4c9e3990e19f.MOBHPP598ENKRGBY.SEARCH&ppt=None&ppn=None&ssid=q61gzet4z40000001790935045160&qH=a5594894156db043&ov_redirect=true,2026-10-02
8,"Ai+ Pulse 2 (Purple, 64 GB)",Ai+,10999,,,4.1,"13,183",937,4 GB RAM,64 GB ROM,6000 mAh Battery,T7250 Processor,17.13 cm (6.745 inch) HD+ Display,50MP Rear Camera | 8MP Front Camera,,https://www.flipkart.com/ai-pulse-2-purple-64-gb/p/itmdc910ae2ff0c1?pid=MOBHKHPYQHGDVRTG&lid=LSTMOBHKHPYQHGDVRTGJBHZI8&marketplace=FLIPKART&q=smart+phones&store=tyy%2F4io&srno=s_1_8&otracker=search&fm=organic&iid=7a34c328-a0ed-47e9-b7bd-4c9e3990e19f.MOBHKHPYQHGDVRTG.SEARCH&ppt=None&ppn=None&ssid=q61gzet4z40000001790935045160&qH=a5594894156db043&ov_redirect=true,2026-10-02
9,"REDMI A7 Pro 5G (Black, 64 GB)",REDMI,14475,26999,46% off,3.9,"4,631",429,4 GB RAM,64 GB ROM,6300 mAh Battery,UNISOC T8300 octa-core processor Processor,17.53 cm (6.9 inch) Full HD+ Display,32MP Rear Camera,,https://www.flipkart.com/redmi-a7-pro-5g-black-64-gb/p/itm88c66032a6b5e?pid=MOBHMJQCVDFJWJCY&lid=LSTMOBHMJQCVDFJWJCYY3NUMA&marketplace=FLIPKART&q=smart+phones&store=tyy%2F4io&srno=s_1_9&otracker=search&fm=organic&iid=7a34c328-a0ed-47e9-b7bd-4c9e3990e19f.MOBHMJQCVDFJWJCY.SEARCH&ppt=None&ppn=None&ssid=q61gzet4z40000001790935045160&qH=a5594894156db043&ov_redirect=true,2026-10-02
10,"OnePlus Nord CE6 Lite (Hyper Black, 128 GB)",OnePlus,29386,33999,13% off,4.3,"1,168",75,8 GB RAM,128 GB ROM,7000 mAh Battery,Mediatek Dimensity 7400 Processor,17.07 cm (6.72 inch) Full HD+ Display,50MP Rear Camera | 8MP Front Camera,,https://www.flipkart.com/oneplus-nord-ce6-lite-hyper-black-128-gb/p/itm894a5599b758b?pid=MOBHN8CA4A6Z3KMZ&lid=LSTMOBHN8CA4A6Z3KMZLOO9M0&marketplace=FLIPKART&q=smart+phones&store=tyy%2F4io&srno=s_1_10&otracker=search&fm=organic&iid=7a34c328-a0ed-47e9-b7bd-4c9e3990e19f.MOBHN8CA4A6Z3KMZ.SEARCH&ppt=None&ppn=None&ssid=q61gzet4z40000001790935045160&qH=a5594894156db043&ov_redirect=true,2026-10-02
11,"BOLTT EVO (Midnight Black, 128 GB)",BOLTT,11499,18999,39% off,4,"1,804",873,6 GB RAM,128 GB ROM,6000 mAh Lithium ion Battery,T7250 Processor,6.79'' HD+ punch hole display,50MP + 2MP | 8MP Front Camera,,https://www.flipkart.com/boltt-evo-midnight-black-128-gb/p/itmf046d663a1fd7?pid=MOBHPP59RWHM2PJH&lid=LSTMOBHPP59RWHM2PJHUUF4AF&marketplace=FLIPKART&q=smart+phones&store=tyy%2F4io&srno=s_1_11&otracker=search&fm=organic&iid=en_EHfFp0BcfZT5xdR3tQo3o2CUyoww3dBuroFALK_pCnv7RIDmz7Ky2q1SgnGqwQGh_AapbBZ1hZmqY_PgumAiqmCjNQalqicGS53sM1kui444zCd807TWZtmxdzrsfqG3&ppt=None&ppn=None&ssid=q61gzet4z40000001790935045160&qH=a5594894156db043&ov_redirect=true,2026-10-02
12,"BOLTT EVO (Berry Red, 128 GB)",BOLTT,11499,18999,39% off,4,"1,804",873,6 GB RAM,128 GB ROM,6000 mAh Lithium ion Battery,T7250 Processor,6.79'' HD+ punch hole display,50MP + 2MP | 8MP Front Camera,,https://www.flipkart.com/boltt-evo-berry-red-128-gb/p/itmf046d663a1fd7?pid=MOBHPP59TUYYPWP5&lid=LSTMOBHPP59TUYYPWP5U7J1VB&marketplace=FLIPKART&q=smart+phones&store=tyy%2F4io&srno=s_1_12&otracker=search&fm=organic&iid=en_EHfFp0BcfZT5xdR3tQo3o2CUyoww3dBuroFALK_pCnsdZSEGynQoxoNFBsI9sEw20p0sUQHOXy_f2eTYDtBPm1gxXklsc6mqIN6JY-wmW-04zCd807TWZtmxdzrsfqG3&ppt=None&ppn=None&ssid=q61gzet4z40000001790935045160&qH=a5594894156db043&ov_redirect=true,2026-10-02
13,"realme Narzo 80 Lite (Obsidian Black, 64 GB)",realme,13799,16999,18% off,4.2,"3,546",189,4 GB RAM,64 GB ROM,6300 mAh Battery,,17.12 cm (6.74 inch) HD+ Display,32MP Rear Camera,,https://www.flipkart.com/realme-narzo-80-lite-obsidian-black-64-gb/p/itmda40eecbc001f?pid=MOBHEGXGERZQUSYS&lid=LSTMOBHEGXGERZQUSYSPKLCAY&marketplace=FLIPKART&q=smart+phones&store=tyy%2F4io&srno=s_1_13&otracker=search&fm=organic&iid=7a34c328-a0ed-47e9-b7bd-4c9e3990e19f.MOBHEGXGERZQUSYS.SEARCH&ppt=None&ppn=None&ssid=q61gzet4z40000001790935045160&qH=a5594894156db043&ov_redirect=true,2026-10-02
14,"BOLTT EVO (Lavender Bloom, 64 GB)",BOLTT,9999,17999,44% off,4.4,"1,327",695,4 GB RAM,64 GB ROM,6000 mAh Lithium ion Battery,T7250 Processor,6.79'' HD+ punch hole display,50MP + 2MP | 8MP Front Camera,,https://www.flipkart.com/boltt-evo-lavender-bloom-64-gb/p/itmf046d663a1fd7?pid=MOBHPP59AEJZHCVZ&lid=LSTMOBHPP59AEJZHCVZQQSXMU&marketplace=FLIPKART&q=smart+phones&store=tyy%2F4io&srno=s_1_14&otracker=search&fm=organic&iid=7a34c328-a0ed-47e9-b7bd-4c9e3990e19f.MOBHPP59AEJZHCVZ.SEARCH&ppt=None&ppn=None&ssid=q61gzet4z40000001790935045160&qH=a5594894156db043&ov_redirect=true,2026-10-02
15,"BOLTT EVO (Sky Blue, 64 GB)",BOLTT,9999,17999,44% off,4.4,"1,327",695,4 GB RAM,64 GB ROM,6000 mAh Lithium ion Battery,T7250 Processor,6.79'' HD+ punch hole display,50MP + 2MP | 8MP Front Camera,,https://www.flipkart.com/boltt-evo-sky-blue-64-gb/p/itmf046d663a1fd7?pid=MOBHPP59WKSV4FYG&lid=LSTMOBHPP59WKSV4FYGYPMLV6&marketplace=FLIPKART&q=smart+phones&store=tyy%2F4io&srno=s_1_15&otracker=search&fm=organic&iid=7a34c328-a0ed-47e9-b7bd-4c9e3990e19f.MOBHPP59WKSV4FYG.SEARCH&ppt=None&ppn=None&ssid=q61gzet4z40000001790935045160&qH=a5594894156db043&ov_redirect=true,2026-10-02
16,"Apple iPhone 16 (Ultramarine, 128 GB)",Apple,69900,,,4.6,"1,99,367","8,625",,,,"A18 Chip, 6 Core Processor Processor",15.49 cm (6.1 inch) Super Retina XDR Display,48MP + 12MP | 12MP Front Camera,,https://www.flipkart.com/apple-iphone-16-ultramarine-128-gb/p/itmcc210cae43fba?pid=MOBH4DQFYZT6EH2F&lid=LSTMOBH4DQFYZT6EH2FXM70WU&marketplace=FLIPKART&q=smart+phones&store=tyy%2F4io&srno=s_1_16&otracker=search&fm=organic&iid=7a34c328-a0ed-47e9-b7bd-4c9e3990e19f.MOBH4DQFYZT6EH2F.SEARCH&ppt=None&ppn=None&ssid=q61gzet4z40000001790935045160&qH=a5594894156db043&ov_redirect=true,2026-10-02
17,"BOLTT EVO (Sky Blue, 128 GB)",BOLTT,11499,18999,39% off,4,"1,804",873,6 GB RAM,128 GB ROM,6000 mAh Lithium ion Battery,T7250 Processor,6.79'' HD+ punch hole display,50MP + 2MP | 8MP Front Camera,,https://www.flipkart.com/boltt-evo-sky-blue-128-gb/p/itmf046d663a1fd7?pid=MOBHPP59ME6SPCZW&lid=LSTMOBHPP59ME6SPCZWUW9RP3&marketplace=FLIPKART&q=smart+phones&store=tyy%2F4io&srno=s_1_17&otracker=search&fm=organic&iid=en_EHfFp0BcfZT5xdR3tQo3o2CUyoww3dBuroFALK_pCnv9tQGvlTnDY1SHH1C9FoNx27bilwWdNZkiQzvHnOMAgaUOF_zBOng6zNYP8z-LHaI4zCd807TWZtmxdzrsfqG3&ppt=None&ppn=None&ssid=q61gzet4z40000001790935045160&qH=a5594894156db043&ov_redirect=true,2026-10-02
18,"BOLTT EVO (Sky Blue, 64 GB)",BOLTT,9999,17999,44% off,4.4,"1,327",695,4 GB RAM,64 GB ROM,6000 mAh Lithium ion Battery,T7250 Processor,6.79'' HD+ punch hole display,50MP + 2MP | 8MP Front Camera,,https://www.flipkart.com/boltt-evo-sky-blue-64-gb/p/itmf046d663a1fd7?pid=MOBHPP59WKSV4FYG&lid=LSTMOBHPP59WKSV4FYGYPMLV6&marketplace=FLIPKART&q=smart+phones&store=tyy%2F4io&srno=s_1_18&otracker=search&fm=organic&iid=en_EHfFp0BcfZT5xdR3tQo3o2CUyoww3dBuroFALK_pCntRB6W7tPMwGBl-kK3PXcQri8zm7A9IFi0bG77-x2OCBL4DFIGxJkb-BjogkDHoX1k4zCd807TWZtmxdzrsfqG3&ppt=None&ppn=None&ssid=q61gzet4z40000001790935045160&qH=a5594894156db043&ov_redirect=true,2026-10-02
19,"BOLTT EVO (Arctic White, 128 GB)",BOLTT,11499,18999,39% off,4,"1,804",873,6 GB RAM,128 GB ROM,6000 mAh Lithium ion Battery,T7250 Processor,6.79'' HD+ punch hole display,50MP + 2MP | 8MP Front Camera,,https://www.flipkart.com/boltt-evo-arctic-white-128-gb/p/itmf046d663a1fd7?pid=MOBHPP59GKGTGZGA&lid=LSTMOBHPP59GKGTGZGAIEMNWG&marketplace=FLIPKART&q=smart+phones&store=tyy%2F4io&srno=s_1_19&otracker=search&fm=organic&iid=7a34c328-a0ed-47e9-b7bd-4c9e3990e19f.MOBHPP59GKGTGZGA.SEARCH&ppt=None&ppn=None&ssid=q61gzet4z40000001790935045160&qH=a5594894156db043&ov_redirect=true,2026-10-02
20,"BOLTT EVO (Arctic White, 64 GB)",BOLTT,9999,17999,44% off,4.4,"1,327",695,4 GB RAM,64 GB ROM,6000 mAh Lithium ion Battery,T7250 Processor,6.79'' HD+ punch hole display,50MP + 2MP | 8MP Front Camera,,https://www.flipkart.com/boltt-evo-arctic-white-64-gb/p/itmf046d663a1fd7?pid=MOBHPP59BYSJ98M8&lid=LSTMOBHPP59BYSJ98M8RWYHGQ&marketplace=FLIPKART&q=smart+phones&store=tyy%2F4io&srno=s_1_20&otracker=search&fm=organic&iid=7a34c328-a0ed-47e9-b7bd-4c9e3990e19f.MOBHPP59BYSJ98M8.SEARCH&ppt=None&ppn=None&ssid=q61gzet4z40000001790935045160&qH=a5594894156db043&ov_redirect=true,2026-10-02
21,"Tecno Spark Go 3 (Ink Black, 64 GB)",Tecno,12499,15999,21% off,4.1,221,15,4 GB RAM,64 GB ROM,5000 mAh Lithium Polymer Battery,T7250 Processor,17.12 cm (6.74 inch) HD+ Display,13MP Rear Camera | 8MP Front Camera,,https://www.flipkart.com/tecno-spark-go-3-ink-black-64-gb/p/itma9c8f128a61c6?pid=MOBHP2QYCXZZE3CM&lid=LSTMOBHP2QYCXZZE3CMWW64IB&marketplace=FLIPKART&q=smart+phones&store=tyy%2F4io&srno=s_1_21&otracker=search&fm=organic&iid=en_EHfFp0BcfZT5xdR3tQo3o2CUyoww3dBuroFALK_pCnuD8UeYbKi1x7dfjUA-P_R5obHia2qzOJRVmItQg11sFHY5j07HJ4AB8ILhFSQB9UZp2Ac1w8GKE-8VDI-q57pX&ppt=None&ppn=None&ssid=q61gzet4z40000001790935045160&qH=a5594894156db043&ov_redirect=true,2026-10-02
22,"Apple iPhone 16 (Teal, 128 GB)",Apple,69900,,,4.6,"1,99,367","8,625",,,,"A18 Chip, 6 Core Processor Processor",15.49 cm (6.1 inch) Super Retina XDR Display,48MP + 12MP | 12MP Front Camera,,https://www.flipkart.com/apple-iphone-16-teal-128-gb/p/itmce4bb3f55cc2f?pid=MOBH4DQFSY9ETDUU&lid=LSTMOBH4DQFSY9ETDUU6JV9DJ&marketplace=FLIPKART&q=smart+phones&store=tyy%2F4io&srno=s_1_22&otracker=search&fm=organic&iid=7a34c328-a0ed-47e9-b7bd-4c9e3990e19f.MOBH4DQFSY9ETDUU.SEARCH&ppt=None&ppn=None&ssid=q61gzet4z40000001790935045160&qH=a5594894156db043&ov_redirect=true,2026-10-02
23,"Ai+ Pulse 2 (Blue, 64 GB)",Ai+,10999,,,4.1,"13,183",937,4 GB RAM,64 GB ROM,6000 mAh Battery,T7250 Processor,17.13 cm (6.745 inch) HD+ Display,50MP Rear Camera | 8MP Front Camera,,https://www.flipkart.com/ai-pulse-2-blue-64-gb/p/itm9168504534079?pid=MOBHKHPYZFF8KUPC&lid=LSTMOBHKHPYZFF8KUPCODDALK&marketplace=FLIPKART&q=smart+phones&store=tyy%2F4io&srno=s_1_23&otracker=search&fm=organic&iid=7a34c328-a0ed-47e9-b7bd-4c9e3990e19f.MOBHKHPYZFF8KUPC.SEARCH&ppt=None&ppn=None&ssid=q61gzet4z40000001790935045160&qH=a5594894156db043&ov_redirect=true,2026-10-02
24,"BOLTT EVO (Midnight Black, 128 GB)",BOLTT,11499,18999,39% off,4,"1,804",873,6 GB RAM,128 GB ROM,6000 mAh Lithium ion Battery,T7250 Processor,6.79'' HD+ punch hole display,50MP + 2MP | 8MP Front Camera,,https://www.flipkart.com/boltt-evo-midnight-black-128-gb/p/itmf046d663a1fd7?pid=MOBHPP59RWHM2PJH&lid=LSTMOBHPP59RWHM2PJHUUF4AF&marketplace=FLIPKART&q=smart+phones&store=tyy%2F4io&srno=s_1_24&otracker=search&fm=organic&iid=7a34c328-a0ed-47e9-b7bd-4c9e3990e19f.MOBHPP59RWHM2PJH.SEARCH&ppt=None&ppn=None&ssid=q61gzet4z40000001790935045160&qH=a5594894156db043&ov_redirect=true,2026-10-02
25,"vivo T5 Lite 44W 5G (Wave Blue, 256 GB)",vivo,26999,42499,36% off,4.3,"3,493",270,6 GB RAM,256 GB ROM,6500 mAh Li-ion Battery,Dimensity 6300 5G Processor,17.12 cm (6.74 inch) HD+ Display,50MP + 0.08MP | 5MP Front Camera,5G,https://www.flipkart.com/vivo-t5-lite-44w-5g-wave-blue-256-gb/p/itm5420c578ec2df?pid=MOBHNDTDZ9YZFPZA&lid=LSTMOBHNDTDZ9YZFPZA2NLC1Q&marketplace=FLIPKART&q=smart+phones&store=tyy%2F4io&srno=s_2_25&otracker=search&fm=organic&iid=c7870b27-943d-4816-adb1-b2b80baad13e.MOBHNDTDZ9YZFPZA.SEARCH&ppt=None&ppn=None&ssid=tfrg0ypcc00000001790935048010&qH=a5594894156db043&ov_redirect=true,2026-10-02
26,"MOTOROLA g37 (PANTONE Nautical Blue, 64 GB)",MOTOROLA,17249,24999,31% off,4.3,"4,072",223,4 GB RAM,64 GB ROM,5200 mAh Battery,Dimensity 6400 Processor,16.92 cm (6.66 inch) HD+ Display,50MP Rear Camera | 8MP Front Camera,,https://www.flipkart.com/motorola-g37-pantone-nautical-blue-64-gb/p/itm5d235b295291f?pid=MOBHHWB6YAKNZGPB&lid=LSTMOBHHWB6YAKNZGPBGLLTUW&marketplace=FLIPKART&q=smart+phones&store=tyy%2F4io&srno=s_2_26&otracker=search&fm=organic&iid=c7870b27-943d-4816-adb1-b2b80baad13e.MOBHHWB6YAKNZGPB.SEARCH&ppt=None&ppn=None&ssid=tfrg0ypcc00000001790935048010&qH=a5594894156db043&ov_redirect=true,2026-10-02
27,"BOLTT EVO (Midnight Black, 64 GB)",BOLTT,9999,17999,44% off,4.4,"1,327",695,4 GB RAM,64 GB ROM,6000 mAh Lithium ion Battery,T7250 Processor,6.79'' HD+ punch hole display,50MP + 2MP | 8MP Front Camera,,https://www.flipkart.com/boltt-evo-midnight-black-64-gb/p/itmf046d663a1fd7?pid=MOBHPP597GB8ZHTY&lid=LSTMOBHPP597GB8ZHTYGYX70A&marketplace=FLIPKART&q=smart+phones&store=tyy%2F4io&srno=s_2_27&otracker=search&fm=organic&iid=en_N9lgxK8KMgLav20sb5vdQHjOvX9pVIhysEARkK1Knpk-HU576rP0cPHgyGebKpyls7qCwkzzZfXNJUlojOr5SpZk_zxnXKMiUj2SaFo9m-PUoyZmnUbQp0RN231wN2f9&ppt=None&ppn=None&ssid=tfrg0ypcc00000001790935048010&qH=a5594894156db043&ov_redirect=true,2026-10-02
28,"BOLTT EVO (Berry Red, 128 GB)",BOLTT,11499,18999,39% off,4,"1,804",873,6 GB RAM,128 GB ROM,6000 mAh Lithium ion Battery,T7250 Processor,6.79'' HD+ punch hole display,50MP + 2MP | 8MP Front Camera,,https://www.flipkart.com/boltt-evo-berry-red-128-gb/p/itmf046d663a1fd7?pid=MOBHPP59TUYYPWP5&lid=LSTMOBHPP59TUYYPWP5U7J1VB&marketplace=FLIPKART&q=smart+phones&store=tyy%2F4io&srno=s_2_28&otracker=search&fm=organic&iid=en_N9lgxK8KMgLav20sb5vdQHjOvX9pVIhysEARkK1KnpkOFVtcj8BnzUtPuStidJzX536Q4P5J64sMnJmf8X-4YpZk_zxnXKMiUj2SaFo9m-PUoyZmnUbQp0RN231wN2f9&ppt=None&ppn=None&ssid=tfrg0ypcc00000001790935048010&qH=a5594894156db043&ov_redirect=true,2026-10-02
29,"LAVA Bold N2 lite (KOLAR GOLD, 64 GB)",LAVA,9900,11499,13% off,4,"1,113",70,3 GB RAM,64 GB ROM,5000 mAh Battery,,17.14 cm (6.75 inch) Display,13MP Rear Camera,,https://www.flipkart.com/lava-bold-n2-lite-kolar-gold-64-gb/p/itm89829830bc4ff?pid=MOBHMQM6YUTXYVFA&lid=LSTMOBHMQM6YUTXYVFAVKU8SW&marketplace=FLIPKART&q=smart+phones&store=tyy%2F4io&srno=s_2_29&otracker=search&fm=organic&iid=c7870b27-943d-4816-adb1-b2b80baad13e.MOBHMQM6YUTXYVFA.SEARCH&ppt=None&ppn=None&ssid=tfrg0ypcc00000001790935048010&qH=a5594894156db043&ov_redirect=true,2026-10-02
30,"Ai+ Nova 2 Ultra 5G (Purple, 128 GB)",Ai+,21999,26999,18% off,4.1,"2,214",309,8 GB RAM,128 GB ROM,6000 mAh Li-polymer Battery,Dimensity 7400 Processor,17.22 cm (6.78 inch) Full HD+ AMOLED Display,50MP + 8MP | 13MP Front Camera,,https://www.flipkart.com/ai-nova-2-ultra-5g-purple-128-gb/p/itmedb3f9cf73654?pid=MOBHHUFDYDCGTVEF&lid=LSTMOBHHUFDYDCGTVEF6XKD4O&marketplace=FLIPKART&q=smart+phones&store=tyy%2F4io&srno=s_2_30&otracker=search&fm=organic&iid=c7870b27-943d-4816-adb1-b2b80baad13e.MOBHHUFDYDCGTVEF.SEARCH&ppt=None&ppn=None&ssid=tfrg0ypcc00000001790935048010&qH=a5594894156db043&ov_redirect=true,2026-10-02
31,"Nothing Phone (4b) (White, 256 GB)",Nothing,40999,59999,31% off,4.3,"1,841",179,8 GB RAM,256 GB ROM,6000 mAh Lithium ion Battery,6 Gen 4 Processor,17.2 cm (6.77 inch) Full HD+ AMOLED Display,50MP + 8MP | 16MP Front Camera,,https://www.flipkart.com/nothing-phone-4b-white-256-gb/p/itm939608b40adbb?pid=MOBHZMBD5MZZDUYA&lid=LSTMOBHZMBD5MZZDUYAIWDKYR&marketplace=FLIPKART&q=smart+phones&store=tyy%2F4io&srno=s_2_31&otracker=search&fm=organic&iid=en_N9lgxK8KMgLav20sb5vdQHjOvX9pVIhysEARkK1KnpmROBxCEtbvoHk_yWO-jhvA7muq75qMORP5m1GATJhVOlQOgTQdsBk_Vf1d789BDsiifXQ0xqOd32ABnd3sIwp_&ppt=None&ppn=None&ssid=tfrg0ypcc00000001790935048010&qH=a5594894156db043&ov_redirect=true,2026-10-02
32,"MOTOROLA g35 5G (Leaf Green, 128 GB)",MOTOROLA,12499,,,4.2,"1,40,642","9,745",4 GB RAM,128 GB ROM,5000 mAh Battery,T760 Processor,17.07 cm (6.72 inch) Full HD+ Display,50MP + 8MP | 16MP Front Camera,5G,https://www.flipkart.com/motorola-g35-5g-leaf-green-128-gb/p/itma3ca32cc93927?pid=MOBH3YGPQHRSNQED&lid=LSTMOBH3YGPQHRSNQEDLDGOMQ&marketplace=FLIPKART&q=smart+phones&store=tyy%2F4io&srno=s_2_32&otracker=search&fm=organic&iid=c7870b27-943d-4816-adb1-b2b80baad13e.MOBH3YGPQHRSNQED.SEARCH&ppt=None&ppn=None&ssid=tfrg0ypcc00000001790935048010&qH=a5594894156db043&ov_redirect=true,2026-10-02
33,"MOTOROLA g06 power (Pantone tapestry, 64 GB)",MOTOROLA,15249,19999,23% off,4.2,"24,161","1,677",4 GB RAM,64 GB ROM,7000 mAh Battery,Helio G81 Processor,17.48 cm (6.88 inch) HD+ Display,50MP Rear Camera | 8MP Front Camera,,https://www.flipkart.com/motorola-g06-power-pantone-tapestry-64-gb/p/itm29390fa68401d?pid=MOBHN973FFYHGUGG&lid=LSTMOBHN973FFYHGUGG27JKDQ&marketplace=FLIPKART&q=smart+phones&store=tyy%2F4io&srno=s_2_33&otracker=search&fm=organic&iid=c7870b27-943d-4816-adb1-b2b80baad13e.MOBHN973FFYHGUGG.SEARCH&ppt=None&ppn=None&ssid=tfrg0ypcc00000001790935048010&qH=a5594894156db043&ov_redirect=true,2026-10-02
34,Vivo T4 Lite 5G (Prism Blue 2026) ( 4GB 128GB),Vivo,18999,28999,34% off,4.3,"44,658","2,053",4 GB RAM,128 GB ROM,6000 mAh Battery,Dimensity 6300 5G Processor,17.12 cm (6.74 inch) HD+ Display,50MP + 2MP | 5MP Front Camera,5G,https://www.flipkart.com/vivo-t4-lite-5g-prism-blue-2026-4gb-128gb/p/itm49fb53d099f3c?pid=MOBHNCRKRGZ4MJDK&lid=LSTMOBHNCRKRGZ4MJDKTRQ94M&marketplace=FLIPKART&q=smart+phones&store=tyy%2F4io&srno=s_2_34&otracker=search&fm=organic&iid=c7870b27-943d-4816-adb1-b2b80baad13e.MOBHNCRKRGZ4MJDK.SEARCH&ppt=None&ppn=None&ssid=tfrg0ypcc00000001790935048010&qH=a5594894156db043&ov_redirect=true,2026-10-02
35,"vivo T5 Lite 44W 5G (Twilight Shadow, 128 GB)",vivo,22999,38499,40% off,4.3,"3,493",270,6 GB RAM,128 GB ROM,6500 mAh Li-ion Battery,Dimensity 6300 5G Processor,17.12 cm (6.74 inch) HD+ Display,50MP + 0.08MP | 5MP Front Camera,5G,https://www.flipkart.com/vivo-t5-lite-44w-5g-twilight-shadow-128-gb/p/itm5420c578ec2df?pid=MOBHNDTDY4HFGV2T&lid=LSTMOBHNDTDY4HFGV2TLKUCDQ&marketplace=FLIPKART&q=smart+phones&store=tyy%2F4io&srno=s_2_35&otracker=search&fm=organic&iid=c7870b27-943d-4816-adb1-b2b80baad13e.MOBHNDTDY4HFGV2T.SEARCH&ppt=None&ppn=None&ssid=tfrg0ypcc00000001790935048010&qH=a5594894156db043&ov_redirect=true,2026-10-02
36,"Ai+ Nova 2 Ultra 5G (Blue, 128 GB)",Ai+,21999,31999,31% off,4.1,"2,214",309,8 GB RAM,128 GB ROM,6000 mAh Li-polymer Battery,Dimensity 7400 Processor,17.22 cm (6.78 inch) Full HD+ AMOLED Display,50MP + 8MP | 13MP Front Camera,,https://www.flipkart.com/ai-nova-2-ultra-5g-blue-128-gb/p/itm73b7abaef2553?pid=MOBHZHUVQRR46GQR&lid=LSTMOBHZHUVQRR46GQRUACQWG&marketplace=FLIPKART&q=smart+phones&store=tyy%2F4io&srno=s_2_36&otracker=search&fm=organic&iid=c7870b27-943d-4816-adb1-b2b80baad13e.MOBHZHUVQRR46GQR.SEARCH&ppt=None&ppn=None&ssid=tfrg0ypcc00000001790935048010&qH=a5594894156db043&ov_redirect=true,2026-10-02
37,"vivo T5 5G (Silver Green, 128 GB)",vivo,34999,49999,30% off,4.5,591,79,6 GB RAM,128 GB ROM,7050 mAh Li-ion Battery,Dimensity 7500 Processor,17.35 cm (6.83 inch) Full HD+ AMOLED Display,50MP + 8MP | 32MP Front Camera,,https://www.flipkart.com/vivo-t5-5g-silver-green-128-gb/p/itm8fa150d1fa2d2?pid=MOBHQC8DQGZMMCB8&lid=LSTMOBHQC8DQGZMMCB8YZZYDV&marketplace=FLIPKART&q=smart+phones&store=tyy%2F4io&srno=s_2_37&otracker=search&fm=organic&iid=c7870b27-943d-4816-adb1-b2b80baad13e.MOBHQC8DQGZMMCB8.SEARCH&ppt=None&ppn=None&ssid=tfrg0ypcc00000001790935048010&qH=a5594894156db043&ov_redirect=true,2026-10-02
38,Vivo T4 Lite 5G (Titanium Gold 2026) (4GB 64GB),Vivo,16999,27999,39% off,4.3,"44,658","2,053",4 GB RAM,64 GB ROM,6000 mAh Battery,Dimensity 6300 5G Processor,17.12 cm (6.74 inch) HD+ Display,50MP + 2MP | 5MP Front Camera,5G,https://www.flipkart.com/vivo-t4-lite-5g-titanium-gold-2026-4gb-64gb/p/itm49fb53d099f3c?pid=MOBHNCRK44PF7QEN&lid=LSTMOBHNCRK44PF7QENJQHGI9&marketplace=FLIPKART&q=smart+phones&store=tyy%2F4io&spotlightTagId=default_BestsellerId_tyy%2F4io&srno=s_2_38&otracker=search&fm=organic&iid=c7870b27-943d-4816-adb1-b2b80baad13e.MOBHNCRK44PF7QEN.SEARCH&ppt=None&ppn=None&ssid=tfrg0ypcc00000001790935048010&qH=a5594894156db043&ov_redirect=true,2026-10-02
39,"OnePlus Nord CE6 Lite (Hyper Black, 128 GB)",OnePlus,28750,31999,10% off,4.3,"1,446",101,6 GB RAM,128 GB ROM,7000 mAh Battery,Mediatek Dimensity 7400 Processor,17.07 cm (6.72 inch) Full HD+ Display,50MP Rear Camera | 8MP Front Camera,,https://www.flipkart.com/oneplus-nord-ce6-lite-hyper-black-128-gb/p/itm894a5599b758b?pid=MOBHN8BDFU3PHHUR&lid=LSTMOBHN8BDFU3PHHURAEWY3J&marketplace=FLIPKART&q=smart+phones&store=tyy%2F4io&srno=s_2_39&otracker=search&fm=organic&iid=c7870b27-943d-4816-adb1-b2b80baad13e.MOBHN8BDFU3PHHUR.SEARCH&ppt=None&ppn=None&ssid=tfrg0ypcc00000001790935048010&qH=a5594894156db043&ov_redirect=true,2026-10-02
40,"LAVA Virat V1 5G (Sonar Gold, 64 GB)",LAVA,13499,15999,15% off,4.1,"1,122",212,4 GB RAM,64 GB ROM,6000 mAh Battery,,17.14 cm (6.75 inch) Display,13MP Rear Camera,,https://www.flipkart.com/lava-virat-v1-5g-sonar-gold-64-gb/p/itm3ccc431ccf8aa?pid=MOBHZGPPZAGBEKG3&lid=LSTMOBHZGPPZAGBEKG3ZIPC4T&marketplace=FLIPKART&q=smart+phones&store=tyy%2F4io&srno=s_2_40&otracker=search&fm=organic&iid=c7870b27-943d-4816-adb1-b2b80baad13e.MOBHZGPPZAGBEKG3.SEARCH&ppt=None&ppn=None&ssid=tfrg0ypcc00000001790935048010&qH=a5594894156db043&ov_redirect=true,2026-10-02
41,"Ai+ Nova 2 5G (Purple, 128 GB)",Ai+,14999,,,4,"6,005",470,6 GB RAM,128 GB ROM,6000 mAh Battery,T8200 Processor,17.13 cm (6.745 inch) HD+ Display,50MP Rear Camera | 8MP Front Camera,,https://www.flipkart.com/ai-nova-2-5g-purple-128-gb/p/itm7c92b4bc5c2a3?pid=MOBHKHPYBCU4GZR3&lid=LSTMOBHKHPYBCU4GZR3MNY9GL&marketplace=FLIPKART&q=smart+phones&store=tyy%2F4io&srno=s_2_41&otracker=search&fm=organic&iid=c7870b27-943d-4816-adb1-b2b80baad13e.MOBHKHPYBCU4GZR3.SEARCH&ppt=None&ppn=None&ssid=tfrg0ypcc00000001790935048010&qH=a5594894156db043&ov_redirect=true,2026-10-02
42,"vivo T5 Lite 44W 5G (Wave Blue, 128 GB)",vivo,22999,38499,40% off,4.3,"3,493",270,6 GB RAM,128 GB ROM,6500 mAh Li-ion Battery,Dimensity 6300 5G Processor,17.12 cm (6.74 inch) HD+ Display,50MP + 0.08MP | 5MP Front Camera,5G,https://www.flipkart.com/vivo-t5-lite-44w-5g-wave-blue-128-gb/p/itm5420c578ec2df?pid=MOBHNDTD57UJUK9Q&lid=LSTMOBHNDTD57UJUK9QMGWRRW&marketplace=FLIPKART&q=smart+phones&store=tyy%2F4io&srno=s_2_42&otracker=search&fm=organic&iid=c7870b27-943d-4816-adb1-b2b80baad13e.MOBHNDTD57UJUK9Q.SEARCH&ppt=None&ppn=None&ssid=tfrg0ypcc00000001790935048010&qH=a5594894156db043&ov_redirect=true,2026-10-02
43,"POCO C85x 5G (Elite Black, 64 GB)",POCO,14999,20999,28% off,4.1,"5,840",796,4 GB RAM,64 GB ROM,6300 mAh Lithium-Ion Polymer Battery,T8300 Processor,17.53 cm (6.9 inch) HD+ Display,32MP Rear Camera,,https://www.flipkart.com/poco-c85x-5g-elite-black-64-gb/p/itmb6ec0fa7ab991?pid=MOBHMGG5SMZEFPTQ&lid=LSTMOBHMGG5SMZEFPTQ31I99O&marketplace=FLIPKART&q=smart+phones&store=tyy%2F4io&srno=s_2_43&otracker=search&fm=organic&iid=c7870b27-943d-4816-adb1-b2b80baad13e.MOBHMGG5SMZEFPTQ.SEARCH&ppt=None&ppn=None&ssid=tfrg0ypcc00000001790935048010&qH=a5594894156db043&ov_redirect=true,2026-10-02
44,"LAVA Virat V1 (Himalayan Silver, 64 GB)",LAVA,10499,12999,19% off,3.9,"1,142",121,4 GB RAM,64 GB ROM,5000 mAh Battery,,17.14 cm (6.75 inch) Display,13MP Rear Camera,,https://www.flipkart.com/lava-virat-v1-himalayan-silver-64-gb/p/itmed225fe6c3db4?pid=MOBHZ7KNHMYUSZBW&lid=LSTMOBHZ7KNHMYUSZBWGD1ZI4&marketplace=FLIPKART&q=smart+phones&store=tyy%2F4io&srno=s_2_44&otracker=search&fm=organic&iid=c7870b27-943d-4816-adb1-b2b80baad13e.MOBHZ7KNHMYUSZBW.SEARCH&ppt=None&ppn=None&ssid=tfrg0ypcc00000001790935048010&qH=a5594894156db043&ov_redirect=true,2026-10-02
45,"POCO C85 5G (Power Black, 128 GB)",POCO,16499,20999,21% off,3.8,"2,748",294,4 GB RAM,128 GB ROM,6000 mAh Lithium-Ion Polymer Battery,Dimensity 6300 Processor,17.53 cm (6.9 inch) HD+ Display,50MP Rear Camera | 8MP Front Camera,,https://www.flipkart.com/poco-c85-5g-power-black-128-gb/p/itm1f62dee4df0ad?pid=MOBHMGG5DNYPWU9Q&lid=LSTMOBHMGG5DNYPWU9Q5MNW6H&marketplace=FLIPKART&q=smart+phones&store=tyy%2F4io&srno=s_2_45&otracker=search&fm=organic&iid=c7870b27-943d-4816-adb1-b2b80baad13e.MOBHMGG5DNYPWU9Q.SEARCH&ppt=None&ppn=None&ssid=tfrg0ypcc00000001790935048010&qH=a5594894156db043&ov_redirect=true,2026-10-02
46,"Ai+ Nova 2 Power 5G (Midnight Black, 128 GB)",Ai+,17999,29999,40% off,4,5,0,8 GB RAM,128 GB ROM,7000 mAh Li-polymer Battery,Dimensity 7100 Processor,17.14 cm (6.75 inch) HD+ Display,48MP + 8MP | 13MP Front Camera,,https://www.flipkart.com/ai-nova-2-power-5g-midnight-black-128-gb/p/itm927158536cdda?pid=MOBHQZVXNRQKMMTQ&lid=LSTMOBHQZVXNRQKMMTQDUNCJJ&marketplace=FLIPKART&q=smart+phones&store=tyy%2F4io&srno=s_2_46&otracker=search&fm=organic&iid=c7870b27-943d-4816-adb1-b2b80baad13e.MOBHQZVXNRQKMMTQ.SEARCH&ppt=None&ppn=None&ssid=tfrg0ypcc00000001790935048010&qH=a5594894156db043&ov_redirect=true,2026-10-02
47,"Ai+ Nova 2 Ultra 5G (Red, 128 GB)",Ai+,21999,26999,18% off,4.1,"2,214",309,8 GB RAM,128 GB ROM,6000 mAh Li-polymer Battery,Dimensity 7400 Processor,17.22 cm (6.78 inch) Full HD+ AMOLED Display,50MP + 8MP | 13MP Front Camera,,https://www.flipkart.com/ai-nova-2-ultra-5g-red-128-gb/p/itm498c4eb22f5c3?pid=MOBHHUFDVHXKMMAN&lid=LSTMOBHHUFDVHXKMMANCJUCD9&marketplace=FLIPKART&q=smart+phones&store=tyy%2F4io&srno=s_2_47&otracker=search&fm=organic&iid=c7870b27-943d-4816-adb1-b2b80baad13e.MOBHHUFDVHXKMMAN.SEARCH&ppt=None&ppn=None&ssid=tfrg0ypcc00000001790935048010&qH=a5594894156db043&ov_redirect=true,2026-10-02
48,"Samsung Galaxy F36 5G (Violet, 128 GB)",Samsung,20999,22999,8% off,4.3,"12,813","1,138",6 GB RAM,128 GB ROM,5000 mAh Battery,Samsung Exynos 1380 Processor,17.02 cm (6.7 inch) Full HD+ Display,50MP + 8MP + 2MP | 13MP Front Camera,,https://www.flipkart.com/samsung-galaxy-f36-5g-violet-128-gb/p/itm85ca200fd55e9?pid=MOBHDFVTH22ZAZXZ&lid=LSTMOBHDFVTH22ZAZXZR8W3S5&marketplace=FLIPKART&q=smart+phones&store=tyy%2F4io&srno=s_2_48&otracker=search&fm=organic&iid=c7870b27-943d-4816-adb1-b2b80baad13e.MOBHDFVTH22ZAZXZ.SEARCH&ppt=None&ppn=None&ssid=tfrg0ypcc00000001790935048010&qH=a5594894156db043&ov_redirect=true,2026-10-02
49,"Samsung Galaxy M17 5G (Sapphire Black, 128 GB)",Samsung,18990,20999,9% off,4.1,"5,219",466,4 GB RAM,128 GB ROM,5000 mAh Battery,,17.02 cm (6.7 inch) Display,50MP Rear Camera,,https://www.flipkart.com/samsung-galaxy-m17-5g-sapphire-black-128-gb/p/itmc3b8f7b511eca?pid=MOBHGU9DRM2XDSU2&lid=LSTMOBHGU9DRM2XDSU2UBSWWF&marketplace=FLIPKART&q=smart+phones&store=tyy%2F4io&srno=s_3_49&otracker=search&fm=organic&iid=18b0abb6-e0b6-4946-9726-c72f0af022df.MOBHGU9DRM2XDSU2.SEARCH&ppt=None&ppn=None&ssid=gxeiu8joww0000001790935050730&qH=a5594894156db043&ov_redirect=true,2026-10-02
50,"IQOO Neo 10 (Alpine White, 256 GB)",IQOO,45999,,,4.5,"2,073",200,8 GB RAM,256 GB ROM,7000 mAh Battery,Qualcomm Snapdragon 8s Gen 4 Processor,17.22 cm (6.78 inch) Full HD+ Super AMOLED Display,50MP Rear Camera,,https://www.flipkart.com/iqoo-neo-10-alpine-white-256-gb/p/itmd7cf79f1b18e3?pid=MOBHN6VSWBUHVZGY&lid=LSTMOBHN6VSWBUHVZGYZOTDNQ&marketplace=FLIPKART&q=smart+phones&store=tyy%2F4io&srno=s_3_50&otracker=search&fm=organic&iid=18b0abb6-e0b6-4946-9726-c72f0af022df.MOBHN6VSWBUHVZGY.SEARCH&ppt=None&ppn=None&ssid=gxeiu8joww0000001790935050730&qH=a5594894156db043&ov_redirect=true,2026-10-02
51,"BOLTT EVO (Arctic White, 128 GB)",BOLTT,11499,18999,39% off,4,"1,804",873,6 GB RAM,128 GB ROM,6000 mAh Lithium ion Battery,T7250 Processor,6.79'' HD+ punch hole display,50MP + 2MP | 8MP Front Camera,,https://www.flipkart.com/boltt-evo-arctic-white-128-gb/p/itmf046d663a1fd7?pid=MOBHPP59GKGTGZGA&lid=LSTMOBHPP59GKGTGZGAIEMNWG&marketplace=FLIPKART&q=smart+phones&store=tyy%2F4io&srno=s_3_51&otracker=search&fm=organic&iid=en_pADdLYDdMY1q28NbXhXI0-dnt6kAIUuvXOhpqP4YxJaCjivsAsu_UUGGVHY9S31qApXdqJ8g9gjPKgZjVdc9bpZk_zxnXKMiUj2SaFo9m-PaKlkAOuhyEFjOx4H4s4WU&ppt=None&ppn=None&ssid=gxeiu8joww0000001790935050730&qH=a5594894156db043&ov_redirect=true,2026-10-02
52,"BOLTT EVO (Berry Red, 64 GB)",BOLTT,9999,17999,44% off,4.4,"1,327",695,4 GB RAM,64 GB ROM,6000 mAh Lithium ion Battery,T7250 Processor,6.79'' HD+ punch hole display,50MP + 2MP | 8MP Front Camera,,https://www.flipkart.com/boltt-evo-berry-red-64-gb/p/itmf046d663a1fd7?pid=MOBHPP598ENKRGBY&lid=LSTMOBHPP598ENKRGBYC3QECN&marketplace=FLIPKART&q=smart+phones&store=tyy%2F4io&srno=s_3_52&otracker=search&fm=organic&iid=en_pADdLYDdMY1q28NbXhXI0-dnt6kAIUuvXOhpqP4YxJbuSoWKxYby5IbR7pCfP23LmCxeu8uCGyw6NBIvVnameZZk_zxnXKMiUj2SaFo9m-PaKlkAOuhyEFjOx4H4s4WU&ppt=None&ppn=None&ssid=gxeiu8joww0000001790935050730&qH=a5594894156db043&ov_redirect=true,2026-10-02
53,Vivo T4 Lite 5G (Titanium Gold 2026) (4GB 128GB),Vivo,18999,28999,34% off,4.3,"44,658","2,053",4 GB RAM,128 GB ROM,6000 mAh Battery,Dimensity 6300 5G Processor,17.12 cm (6.74 inch) HD+ Display,50MP + 2MP | 5MP Front Camera,5G,https://www.flipkart.com/vivo-t4-lite-5g-titanium-gold-2026-4gb-128gb/p/itm49fb53d099f3c?pid=MOBHNCRKN8ZBGAJR&lid=LSTMOBHNCRKN8ZBGAJREUTFV0&marketplace=FLIPKART&q=smart+phones&store=tyy%2F4io&srno=s_3_53&otracker=search&fm=organic&iid=18b0abb6-e0b6-4946-9726-c72f0af022df.MOBHNCRKN8ZBGAJR.SEARCH&ppt=None&ppn=None&ssid=gxeiu8joww0000001790935050730&qH=a5594894156db043&ov_redirect=true,2026-10-02
54,"realme P4 Pro 5G (Birch Wood, 256 GB)",realme,30999,,,4.4,"22,693","2,233",8 GB RAM,256 GB ROM,7000 mAh Battery,Snapdragon 7 Gen 4 Mobile Processor,17.27 cm (6.8 inch) Full HD+ Display,50MP + 8MP | 50MP Front Camera,,https://www.flipkart.com/realme-p4-pro-5g-birch-wood-256-gb/p/itme41a54752cc21?pid=MOBHERXKVQED7HGC&lid=LSTMOBHERXKVQED7HGC54DD1I&marketplace=FLIPKART&q=smart+phones&store=tyy%2F4io&srno=s_3_54&otracker=search&fm=organic&iid=18b0abb6-e0b6-4946-9726-c72f0af022df.MOBHERXKVQED7HGC.SEARCH&ppt=None&ppn=None&ssid=gxeiu8joww0000001790935050730&qH=a5594894156db043&ov_redirect=true,2026-10-02
55,"Samsung Galaxy F36 5G (Red, 128 GB)",Samsung,22999,24499,6% off,4.2,"7,252",635,8 GB RAM,128 GB ROM,5000 mAh Battery,Samsung Exynos 1380 Processor,17.02 cm (6.7 inch) Full HD+ Display,50MP + 8MP + 2MP | 13MP Front Camera,,https://www.flipkart.com/samsung-galaxy-f36-5g-red-128-gb/p/itma80a976542636?pid=MOBHDFVT5H5PYYZH&lid=LSTMOBHDFVT5H5PYYZHNCY8LX&marketplace=FLIPKART&q=smart+phones&store=tyy%2F4io&srno=s_3_55&otracker=search&fm=organic&iid=18b0abb6-e0b6-4946-9726-c72f0af022df.MOBHDFVT5H5PYYZH.SEARCH&ppt=None&ppn=None&ssid=gxeiu8joww0000001790935050730&qH=a5594894156db043&ov_redirect=true,2026-10-02
56,"vivo T5x 5G (Cyber Green, 256 GB)",vivo,33999,,,4.4,"25,689","1,916",8 GB RAM,256 GB ROM,7200 mAh Li-ion Battery,Dimensity 7400-Turbo Processor,17.17 cm (6.76 inch) Display,50MP + 2MP | 32MP Front Camera,,https://www.flipkart.com/vivo-t5x-5g-cyber-green-256-gb/p/itm7da8aa253e72b?pid=MOBHH69NQGVVYQSG&lid=LSTMOBHH69NQGVVYQSGQNVHLI&marketplace=FLIPKART&q=smart+phones&store=tyy%2F4io&srno=s_3_56&otracker=search&fm=organic&iid=18b0abb6-e0b6-4946-9726-c72f0af022df.MOBHH69NQGVVYQSG.SEARCH&ppt=None&ppn=None&ssid=gxeiu8joww0000001790935050730&qH=a5594894156db043&ov_redirect=true,2026-10-02
57,"BOLTT EVO (Midnight Black, 64 GB)",BOLTT,9999,17999,44% off,4.4,"1,327",695,4 GB RAM,64 GB ROM,6000 mAh Lithium ion Battery,T7250 Processor,6.79'' HD+ punch hole display,50MP + 2MP | 8MP Front Camera,,https://www.flipkart.com/boltt-evo-midnight-black-64-gb/p/itmf046d663a1fd7?pid=MOBHPP597GB8ZHTY&lid=LSTMOBHPP597GB8ZHTYGYX70A&marketplace=FLIPKART&q=smart+phones&store=tyy%2F4io&srno=s_3_57&otracker=search&fm=organic&iid=en_pADdLYDdMY1q28NbXhXI0-dnt6kAIUuvXOhpqP4YxJZJVNrkKJYquJSlIxcwlDOpmFcmDxdFnAg2HDILUSFuRZZk_zxnXKMiUj2SaFo9m-PaKlkAOuhyEFjOx4H4s4WU&ppt=None&ppn=None&ssid=gxeiu8joww0000001790935050730&qH=a5594894156db043&ov_redirect=true,2026-10-02
58,"BOLTT EVO (Lavender Bloom, 64 GB)",BOLTT,9999,17999,44% off,4.4,"1,327",695,4 GB RAM,64 GB ROM,6000 mAh Lithium ion Battery,T7250 Processor,6.79'' HD+ punch hole display,50MP + 2MP | 8MP Front Camera,,https://www.flipkart.com/boltt-evo-lavender-bloom-64-gb/p/itmf046d663a1fd7?pid=MOBHPP59AEJZHCVZ&lid=LSTMOBHPP59AEJZHCVZQQSXMU&marketplace=FLIPKART&q=smart+phones&store=tyy%2F4io&srno=s_3_58&otracker=search&fm=organic&iid=en_pADdLYDdMY1q28NbXhXI0-dnt6kAIUuvXOhpqP4YxJap0Y4oI4UIiWHiZybefWvy7xbDZ0DH1NrYuR9fFRym_pZk_zxnXKMiUj2SaFo9m-PaKlkAOuhyEFjOx4H4s4WU&ppt=None&ppn=None&ssid=gxeiu8joww0000001790935050730&qH=a5594894156db043&ov_redirect=true,2026-10-02
59,"OnePlus Nord CE6 Lite (Hyper Black, 256 GB)",OnePlus,35299,36999,4% off,4.3,"1,168",75,8 GB RAM,256 GB ROM,7000 mAh Battery,MediaTek Dimensity 7400 Apex Processor,17.07 cm (6.72 inch) Full HD+ Display,50MP Rear Camera | 8MP Front Camera,,https://www.flipkart.com/oneplus-nord-ce6-lite-hyper-black-256-gb/p/itm894a5599b758b?pid=MOBHN8CPMYHDEBRA&lid=LSTMOBHN8CPMYHDEBRA7F6FDF&marketplace=FLIPKART&q=smart+phones&store=tyy%2F4io&srno=s_3_59&otracker=search&fm=organic&iid=18b0abb6-e0b6-4946-9726-c72f0af022df.MOBHN8CPMYHDEBRA.SEARCH&ppt=None&ppn=None&ssid=gxeiu8joww0000001790935050730&qH=a5594894156db043&ov_redirect=true,2026-10-02
60,"Ai+ Nova 2 Ultra 5G (Blue, 128 GB)",Ai+,20999,29999,30% off,4.2,"4,146",560,6 GB RAM,128 GB ROM,6000 mAh Li-polymer Battery,Dimensity 7400 Processor,17.22 cm (6.78 inch) Full HD+ AMOLED Display,50MP + 8MP | 13MP Front Camera,,https://www.flipkart.com/ai-nova-2-ultra-5g-blue-128-gb/p/itma055c78313c9e?pid=MOBHZHUVVDVJ9RBF&lid=LSTMOBHZHUVVDVJ9RBFTFC2MI&marketplace=FLIPKART&q=smart+phones&store=tyy%2F4io&srno=s_3_60&otracker=search&fm=organic&iid=18b0abb6-e0b6-4946-9726-c72f0af022df.MOBHZHUVVDVJ9RBF.SEARCH&ppt=None&ppn=None&ssid=gxeiu8joww0000001790935050730&qH=a5594894156db043&ov_redirect=true,2026-10-02
61,"BOLTT EVO (Midnight Black, 128 GB)",BOLTT,11499,18999,39% off,4,"1,804",873,6 GB RAM,128 GB ROM,6000 mAh Lithium ion Battery,T7250 Processor,6.79'' HD+ punch hole display,50MP + 2MP | 8MP Front Camera,,https://www.flipkart.com/boltt-evo-midnight-black-128-gb/p/itmf046d663a1fd7?pid=MOBHPP59RWHM2PJH&lid=LSTMOBHPP59RWHM2PJHUUF4AF&marketplace=FLIPKART&q=smart+phones&store=tyy%2F4io&srno=s_3_61&otracker=search&fm=organic&iid=en_pADdLYDdMY1q28NbXhXI0-dnt6kAIUuvXOhpqP4YxJbBAlpr9gDPWIpz4CKSdGgh-oHdKO3yYnYUN_r3HYwM1pZk_zxnXKMiUj2SaFo9m-PaKlkAOuhyEFjOx4H4s4WU&ppt=None&ppn=None&ssid=gxeiu8joww0000001790935050730&qH=a5594894156db043&ov_redirect=true,2026-10-02
62,"BOLTT EVO (Berry Red, 128 GB)",BOLTT,11499,18999,39% off,4,"1,804",873,6 GB RAM,128 GB ROM,6000 mAh Lithium ion Battery,T7250 Processor,6.79'' HD+ punch hole display,50MP + 2MP | 8MP Front Camera,,https://www.flipkart.com/boltt-evo-berry-red-128-gb/p/itmf046d663a1fd7?pid=MOBHPP59TUYYPWP5&lid=LSTMOBHPP59TUYYPWP5U7J1VB&marketplace=FLIPKART&q=smart+phones&store=tyy%2F4io&srno=s_3_62&otracker=search&fm=organic&iid=en_pADdLYDdMY1q28NbXhXI0-dnt6kAIUuvXOhpqP4YxJZtfCJqDIrVg-cndos20X_gvSppyrEH4LyH9lCiIfbYhZZk_zxnXKMiUj2SaFo9m-PaKlkAOuhyEFjOx4H4s4WU&ppt=None&ppn=None&ssid=gxeiu8joww0000001790935050730&qH=a5594894156db043&ov_redirect=true,2026-10-02
63,"REDMI 15C 5G (Moonlight Blue, 128 GB)",REDMI,19795,25399,22% off,4.2,711,51,6 GB RAM,128 GB ROM,6000 mAh Battery,,17.53 cm (6.9 inch) Display,50MP Rear Camera,,https://www.flipkart.com/redmi-15c-5g-moonlight-blue-128-gb/p/itmc1345bb45eef3?pid=MOBHGGZ2YRHVYEGS&lid=LSTMOBHGGZ2YRHVYEGSL47MEQ&marketplace=FLIPKART&q=smart+phones&store=tyy%2F4io&srno=s_3_63&otracker=search&fm=organic&iid=18b0abb6-e0b6-4946-9726-c72f0af022df.MOBHGGZ2YRHVYEGS.SEARCH&ppt=None&ppn=None&ssid=gxeiu8joww0000001790935050730&qH=a5594894156db043&ov_redirect=true,2026-10-02
64,"vivo T5x 5G (Fusion Red, 128 GB)",vivo,30999,,,4.4,"25,689","1,916",8 GB RAM,128 GB ROM,7200 mAh Li-ion Battery,Dimensity 7400-Turbo Processor,17.17 cm (6.76 inch) Display,50MP + 2MP | 32MP Front Camera,,https://www.flipkart.com/vivo-t5x-5g-fusion-red-128-gb/p/itm7da8aa253e72b?pid=MOBHPGHCZVCYZUP7&lid=LSTMOBHPGHCZVCYZUP7VAIWGY&marketplace=FLIPKART&q=smart+phones&store=tyy%2F4io&srno=s_3_64&otracker=search&fm=organic&iid=18b0abb6-e0b6-4946-9726-c72f0af022df.MOBHPGHCZVCYZUP7.SEARCH&ppt=None&ppn=None&ssid=gxeiu8joww0000001790935050730&qH=a5594894156db043&ov_redirect=true,2026-10-02
65,"realme 15 5G (Flowing Silver, 128 GB)",realme,29999,,,4.4,"11,375","1,223",8 GB RAM,128 GB ROM,7000 mAh Battery,Mediatek Dimensity 7300+ 5G Processor,17.27 cm (6.8 inch) Full HD+ Display,50MP + 8MP | 50MP Front Camera,5G,https://www.flipkart.com/realme-15-5g-flowing-silver-128-gb/p/itme9581fbd0e97a?pid=MOBHDUKFNGK33R2M&lid=LSTMOBHDUKFNGK33R2M8YALEU&marketplace=FLIPKART&q=smart+phones&store=tyy%2F4io&srno=s_3_65&otracker=search&fm=organic&iid=18b0abb6-e0b6-4946-9726-c72f0af022df.MOBHDUKFNGK33R2M.SEARCH&ppt=None&ppn=None&ssid=gxeiu8joww0000001790935050730&qH=a5594894156db043&ov_redirect=true,2026-10-02
66,"vivo T5 Lite 44W 5G (Twilight Shadow, 256 GB)",vivo,26999,42499,36% off,4.3,"3,493",270,6 GB RAM,256 GB ROM,6500 mAh Li-ion Battery,Dimensity 6300 5G Processor,17.12 cm (6.74 inch) HD+ Display,50MP + 0.08MP | 5MP Front Camera,5G,https://www.flipkart.com/vivo-t5-lite-44w-5g-twilight-shadow-256-gb/p/itm5420c578ec2df?pid=MOBHNDTDSZNGYCVQ&lid=LSTMOBHNDTDSZNGYCVQCDI6UZ&marketplace=FLIPKART&q=smart+phones&store=tyy%2F4io&srno=s_3_66&otracker=search&fm=organic&iid=18b0abb6-e0b6-4946-9726-c72f0af022df.MOBHNDTDSZNGYCVQ.SEARCH&ppt=None&ppn=None&ssid=gxeiu8joww0000001790935050730&qH=a5594894156db043&ov_redirect=true,2026-10-02
67,"BOLTT EVO (Sky Blue, 128 GB)",BOLTT,11499,18999,39% off,4,"1,804",873,6 GB RAM,128 GB ROM,6000 mAh Lithium ion Battery,T7250 Processor,6.79'' HD+ punch hole display,50MP + 2MP | 8MP Front Camera,,https://www.flipkart.com/boltt-evo-sky-blue-128-gb/p/itmf046d663a1fd7?pid=MOBHPP59ME6SPCZW&lid=LSTMOBHPP59ME6SPCZWUW9RP3&marketplace=FLIPKART&q=smart+phones&store=tyy%2F4io&srno=s_3_67&otracker=search&fm=organic&iid=en_pADdLYDdMY1q28NbXhXI0-dnt6kAIUuvXOhpqP4YxJYO-0sXEHh-P3tFssUtmhIA3P0mWBjXnv8TRqM4RAxjiJZk_zxnXKMiUj2SaFo9m-PaKlkAOuhyEFjOx4H4s4WU&ppt=None&ppn=None&ssid=gxeiu8joww0000001790935050730&qH=a5594894156db043&ov_redirect=true,2026-10-02
68,"Nothing Phone (4b) (White, 256 GB)",Nothing,40999,59999,31% off,4.3,"1,841",179,8 GB RAM,256 GB ROM,6000 mAh Lithium ion Battery,6 Gen 4 Processor,17.2 cm (6.77 inch) Full HD+ AMOLED Display,50MP + 8MP | 16MP Front Camera,,https://www.flipkart.com/nothing-phone-4b-white-256-gb/p/itm939608b40adbb?pid=MOBHZMBD5MZZDUYA&lid=LSTMOBHZMBD5MZZDUYAIWDKYR&marketplace=FLIPKART&q=smart+phones&store=tyy%2F4io&srno=s_3_68&otracker=search&fm=organic&iid=en_pADdLYDdMY1q28NbXhXI0-dnt6kAIUuvXOhpqP4YxJYdWCRWf9VnuRHfMVX9G8tb7muq75qMORP5m1GATJhVOo4zosKAteXhOp7WzmYAPrdvga5VzMngT9adnf4brW-K&ppt=None&ppn=None&ssid=gxeiu8joww0000001790935050730&qH=a5594894156db043&ov_redirect=true,2026-10-02
69,"realme P4 Pro 5G (Midnight Ivy, 256 GB)",realme,30999,,,4.4,"22,693","2,233",8 GB RAM,256 GB ROM,7000 mAh Battery,Snapdragon 7 Gen 4 Mobile Processor,17.27 cm (6.8 inch) Full HD+ Display,50MP + 8MP | 50MP Front Camera,,https://www.flipkart.com/realme-p4-pro-5g-midnight-ivy-256-gb/p/itme41a54752cc21?pid=MOBHERXK3YKZUWWZ&lid=LSTMOBHERXK3YKZUWWZM7IFIN&marketplace=FLIPKART&q=smart+phones&store=tyy%2F4io&spotlightTagId=default_BestsellerId_tyy%2F4io&srno=s_3_69&otracker=search&fm=organic&iid=18b0abb6-e0b6-4946-9726-c72f0af022df.MOBHERXK3YKZUWWZ.SEARCH&ppt=None&ppn=None&ssid=gxeiu8joww0000001790935050730&qH=a5594894156db043&ov_redirect=true,2026-10-02
70,"OnePlus Nord CE6 Lite (Hyper Black, 128 GB)",OnePlus,28750,31999,10% off,4.3,"1,446",101,6 GB RAM,128 GB ROM,7000 mAh Battery,Mediatek Dimensity 7400 Processor,17.07 cm (6.72 inch) Full HD+ Display,50MP Rear Camera | 8MP Front Camera,,https://www.flipkart.com/oneplus-nord-ce6-lite-hyper-black-128-gb/p/itm894a5599b758b?pid=MOBHN8BDFU3PHHUR&lid=LSTMOBHN8BDFU3PHHURAEWY3J&marketplace=FLIPKART&q=smart+phones&store=tyy%2F4io&srno=s_3_70&otracker=search&fm=organic&iid=18b0abb6-e0b6-4946-9726-c72f0af022df.MOBHN8BDFU3PHHUR.SEARCH&ppt=None&ppn=None&ssid=gxeiu8joww0000001790935050730&qH=a5594894156db043&ov_redirect=true,2026-10-02
71,"BOLTT EVO (Sky Blue, 64 GB)",BOLTT,9999,17999,44% off,4.4,"1,327",695,4 GB RAM,64 GB ROM,6000 mAh Lithium ion Battery,T7250 Processor,6.79'' HD+ punch hole display,50MP + 2MP | 8MP Front Camera,,https://www.flipkart.com/boltt-evo-sky-blue-64-gb/p/itmf046d663a1fd7?pid=MOBHPP59WKSV4FYG&lid=LSTMOBHPP59WKSV4FYGYPMLV6&marketplace=FLIPKART&q=smart+phones&store=tyy%2F4io&srno=s_3_71&otracker=search&fm=organic&iid=en_pADdLYDdMY1q28NbXhXI0-dnt6kAIUuvXOhpqP4YxJYFuiROU_HrBFmbJCzl6mVLigicCniOwiXfyNr6i62vdZZk_zxnXKMiUj2SaFo9m-PaKlkAOuhyEFjOx4H4s4WU&ppt=None&ppn=None&ssid=gxeiu8joww0000001790935050730&qH=a5594894156db043&ov_redirect=true,2026-10-02
72,"Tecno Spark Go 3 (Ink Black, 64 GB)",Tecno,12499,15999,21% off,4.1,221,15,4 GB RAM,64 GB ROM,5000 mAh Lithium Polymer Battery,T7250 Processor,17.12 cm (6.74 inch) HD+ Display,13MP Rear Camera | 8MP Front Camera,,https://www.flipkart.com/tecno-spark-go-3-ink-black-64-gb/p/itma9c8f128a61c6?pid=MOBHP2QYCXZZE3CM&lid=LSTMOBHP2QYCXZZE3CMWW64IB&marketplace=FLIPKART&q=smart+phones&store=tyy%2F4io&srno=s_3_72&otracker=search&fm=organic&iid=en_pADdLYDdMY1q28NbXhXI0-dnt6kAIUuvXOhpqP4YxJbu7xE0o_UorczkMuLwcgrSobHia2qzOJRVmItQg11sFOigoP0JOmkRzy9ESpBEi3eAhcc-FrfkK902FB2t6WvL&ppt=None&ppn=None&ssid=gxeiu8joww0000001790935050730&qH=a5594894156db043&ov_redirect=true,2026-10-02
73,"POCO C85 5G (Power Black, 128 GB)",POCO,17999,22999,21% off,4.2,"2,601",179,6 GB RAM,128 GB ROM,6000 mAh Lithium-Ion Polymer Battery,Dimensity 6300 Processor,17.53 cm (6.9 inch) HD+ Display,50MP Rear Camera | 8MP Front Camera,,https://www.flipkart.com/poco-c85-5g-power-black-128-gb/p/itm2003fa46382ff?pid=MOBHMGG5HZK65TMX&lid=LSTMOBHMGG5HZK65TMXLFDDWP&marketplace=FLIPKART&q=smart+phones&store=tyy%2F4io&srno=s_4_73&otracker=search&fm=organic&iid=78844278-a33f-44fe-9384-fbec745fb12b.MOBHMGG5HZK65TMX.SEARCH&ppt=None&ppn=None&ssid=sdu5a8bykg0000001790935054591&qH=a5594894156db043&ov_redirect=true,2026-10-02
74,"POCO C85x 5G (Sunset Gold, 128 GB)",POCO,15999,21999,27% off,4.1,"5,840",796,4 GB RAM,128 GB ROM,6300 mAh Lithium-Ion Polymer Battery,T8300 Processor,17.53 cm (6.9 inch) HD+ Display,32MP Rear Camera,,https://www.flipkart.com/poco-c85x-5g-sunset-gold-128-gb/p/itm20c91efa7906e?pid=MOBHMGG5BR94DQRY&lid=LSTMOBHMGG5BR94DQRY8N6NYY&marketplace=FLIPKART&q=smart+phones&store=tyy%2F4io&srno=s_4_74&otracker=search&fm=organic&iid=78844278-a33f-44fe-9384-fbec745fb12b.MOBHMGG5BR94DQRY.SEARCH&ppt=None&ppn=None&ssid=sdu5a8bykg0000001790935054591&qH=a5594894156db043&ov_redirect=true,2026-10-02
75,"POCO F6 5G (Titanium, 256 GB)",POCO,31999,35999,11% off,4.3,"9,151",910,12 GB RAM,256 GB ROM,5000 mAh Battery,8s Gen3 Processor,16.94 cm (6.67 inch) Display,50MP (OIS) + 8MP | 20MP Front Camera,,https://www.flipkart.com/poco-f6-5g-titanium-256-gb/p/itmb5451dec31503?pid=MOBHYUZGDMF7UJMG&lid=LSTMOBHYUZGDMF7UJMG8JGACN&marketplace=FLIPKART&q=smart+phones&store=tyy%2F4io&srno=s_4_75&otracker=search&fm=organic&iid=78844278-a33f-44fe-9384-fbec745fb12b.MOBHYUZGDMF7UJMG.SEARCH&ppt=None&ppn=None&ssid=sdu5a8bykg0000001790935054591&qH=a5594894156db043&ov_redirect=true,2026-10-02
76,"OPPO K14 Lite (Feather Purple, 64 GB)",OPPO,16999,37999,55% off,4,84,8,4 GB RAM,64 GB ROM,7000 mAh lithium-ion polymer Battery,T7250 Processor,17.14 cm (6.75 inch) HD+ Display,13MP Rear Camera | 5MP Front Camera,,https://www.flipkart.com/oppo-k14-lite-feather-purple-64-gb/p/itmb13fea9340374?pid=MOBHQZZ2GTANTBKC&lid=LSTMOBHQZZ2GTANTBKCCEHJHZ&marketplace=FLIPKART&q=smart+phones&store=tyy%2F4io&srno=s_4_76&otracker=search&fm=organic&iid=78844278-a33f-44fe-9384-fbec745fb12b.MOBHQZZ2GTANTBKC.SEARCH&ppt=None&ppn=None&ssid=sdu5a8bykg0000001790935054591&qH=a5594894156db043&ov_redirect=true,2026-10-02
77,"BOLTT EVO (Arctic White, 128 GB)",BOLTT,11499,18999,39% off,4,"1,804",873,6 GB RAM,128 GB ROM,6000 mAh Lithium ion Battery,T7250 Processor,6.79'' HD+ punch hole display,50MP + 2MP | 8MP Front Camera,,https://www.flipkart.com/boltt-evo-arctic-white-128-gb/p/itmf046d663a1fd7?pid=MOBHPP59GKGTGZGA&lid=LSTMOBHPP59GKGTGZGAIEMNWG&marketplace=FLIPKART&q=smart+phones&store=tyy%2F4io&srno=s_4_77&otracker=search&fm=organic&iid=en_9089_Jk7ZIRmRzEVUIEDHnDLdTz5gRSva8IbLEVUmeA82Sq4AgfOfKgdEgg_fOk1ApXdqJ8g9gjPKgZjVdc9bpZk_zxnXKMiUj2SaFo9m-OhN1ewsrSLRoVT6xcFZdc_&ppt=None&ppn=None&ssid=sdu5a8bykg0000001790935054591&qH=a5594894156db043&ov_redirect=true,2026-10-02
78,"BOLTT EVO (Arctic White, 64 GB)",BOLTT,9999,17999,44% off,4.4,"1,327",695,4 GB RAM,64 GB ROM,6000 mAh Lithium ion Battery,T7250 Processor,6.79'' HD+ punch hole display,50MP + 2MP | 8MP Front Camera,,https://www.flipkart.com/boltt-evo-arctic-white-64-gb/p/itmf046d663a1fd7?pid=MOBHPP59BYSJ98M8&lid=LSTMOBHPP59BYSJ98M8RWYHGQ&marketplace=FLIPKART&q=smart+phones&store=tyy%2F4io&srno=s_4_78&otracker=search&fm=organic&iid=en_9089_Jk7ZIRmRzEVUIEDHnDLdTz5gRSva8IbLEVUmeAW54EQp5VC13ifJDfSkhqC6Ux8tV-__SxlzWH1nelDDZZk_zxnXKMiUj2SaFo9m-OhN1ewsrSLRoVT6xcFZdc_&ppt=None&ppn=None&ssid=sdu5a8bykg0000001790935054591&qH=a5594894156db043&ov_redirect=true,2026-10-02
79,"Samsung M06 5G (Blazing Black, 128 GB)",Samsung,18514,18999,2% off,4.1,"2,591",178,6 GB RAM,128 GB ROM,5000 mAh Battery,,17.02 cm (6.7 inch) Display,50MP Rear Camera,,https://www.flipkart.com/samsung-m06-5g-blazing-black-128-gb/p/itmcafa42dadc15c?pid=MOBH9UYFYNVDBNFF&lid=LSTMOBH9UYFYNVDBNFFRGNNON&marketplace=FLIPKART&q=smart+phones&store=tyy%2F4io&srno=s_4_79&otracker=search&fm=organic&iid=78844278-a33f-44fe-9384-fbec745fb12b.MOBH9UYFYNVDBNFF.SEARCH&ppt=None&ppn=None&ssid=sdu5a8bykg0000001790935054591&qH=a5594894156db043&ov_redirect=true,2026-10-02
80,"Ai+ Nova 2 Power 5G (Midnight Black, 128 GB)",Ai+,17999,29999,40% off,4,5,0,8 GB RAM,128 GB ROM,7000 mAh Li-polymer Battery,Dimensity 7100 Processor,17.14 cm (6.75 inch) HD+ Display,48MP + 8MP | 13MP Front Camera,,https://www.flipkart.com/ai-nova-2-power-5g-midnight-black-128-gb/p/itm927158536cdda?pid=MOBHQZVXNRQKMMTQ&lid=LSTMOBHQZVXNRQKMMTQDUNCJJ&marketplace=FLIPKART&q=smart+phones&store=tyy%2F4io&srno=s_4_80&otracker=search&fm=organic&iid=78844278-a33f-44fe-9384-fbec745fb12b.MOBHQZVXNRQKMMTQ.SEARCH&ppt=None&ppn=None&ssid=sdu5a8bykg0000001790935054591&qH=a5594894156db043&ov_redirect=true,2026-10-02
81,"BOLTT EVO (Midnight Black, 64 GB)",BOLTT,9999,17999,44% off,4.4,"1,327",695,4 GB RAM,64 GB ROM,6000 mAh Lithium ion Battery,T7250 Processor,6.79'' HD+ punch hole display,50MP + 2MP | 8MP Front Camera,,https://www.flipkart.com/boltt-evo-midnight-black-64-gb/p/itmf046d663a1fd7?pid=MOBHPP597GB8ZHTY&lid=LSTMOBHPP597GB8ZHTYGYX70A&marketplace=FLIPKART&q=smart+phones&store=tyy%2F4io&srno=s_4_81&otracker=search&fm=organic&iid=en_9089_Jk7ZIRmRzEVUIEDHnDLdTz5gRSva8IbLEVUmeAmq9b97fmbbts-yzGjYHysmFcmDxdFnAg2HDILUSFuRZZk_zxnXKMiUj2SaFo9m-OhN1ewsrSLRoVT6xcFZdc_&ppt=None&ppn=None&ssid=sdu5a8bykg0000001790935054591&qH=a5594894156db043&ov_redirect=true,2026-10-02
82,"BOLTT EVO (Lavender Bloom, 64 GB)",BOLTT,9999,17999,44% off,4.4,"1,327",695,4 GB RAM,64 GB ROM,6000 mAh Lithium ion Battery,T7250 Processor,6.79'' HD+ punch hole display,50MP + 2MP | 8MP Front Camera,,https://www.flipkart.com/boltt-evo-lavender-bloom-64-gb/p/itmf046d663a1fd7?pid=MOBHPP59AEJZHCVZ&lid=LSTMOBHPP59AEJZHCVZQQSXMU&marketplace=FLIPKART&q=smart+phones&store=tyy%2F4io&srno=s_4_82&otracker=search&fm=organic&iid=en_9089_Jk7ZIRmRzEVUIEDHnDLdTz5gRSva8IbLEVUmeCBDp1hvtRskYhgL68bCiPl7xbDZ0DH1NrYuR9fFRym_pZk_zxnXKMiUj2SaFo9m-OhN1ewsrSLRoVT6xcFZdc_&ppt=None&ppn=None&ssid=sdu5a8bykg0000001790935054591&qH=a5594894156db043&ov_redirect=true,2026-10-02
83,"POCO M8 (Glacial Blue, 128 GB)",POCO,24999,25999,3% off,4.3,"3,841",362,6 GB RAM,128 GB ROM,5520 mAh Battery,,17.2 cm (6.77 inch) Full HD+ Display,50MP Rear Camera | 20MP Front Camera,,https://www.flipkart.com/poco-m8-glacial-blue-128-gb/p/itme842f8232f12d?pid=MOBHMGG5XCXH4QYY&lid=LSTMOBHMGG5XCXH4QYY8WJBHR&marketplace=FLIPKART&q=smart+phones&store=tyy%2F4io&srno=s_4_83&otracker=search&fm=organic&iid=78844278-a33f-44fe-9384-fbec745fb12b.MOBHMGG5XCXH4QYY.SEARCH&ppt=None&ppn=None&ssid=sdu5a8bykg0000001790935054591&qH=a5594894156db043&ov_redirect=true,2026-10-02
84,"POCO C85 5G (Mystic Purple, 128 GB)",POCO,16449,20999,21% off,3.8,"2,748",294,4 GB RAM,128 GB ROM,6000 mAh Lithium-Ion Polymer Battery,Dimensity 6300 Processor,17.53 cm (6.9 inch) HD+ Display,50MP Rear Camera | 8MP Front Camera,,https://www.flipkart.com/poco-c85-5g-mystic-purple-128-gb/p/itm74e2143a5de24?pid=MOBHMGG5UZHEVJBK&lid=LSTMOBHMGG5UZHEVJBKGQRQDY&marketplace=FLIPKART&q=smart+phones&store=tyy%2F4io&srno=s_4_84&otracker=search&fm=organic&iid=78844278-a33f-44fe-9384-fbec745fb12b.MOBHMGG5UZHEVJBK.SEARCH&ppt=None&ppn=None&ssid=sdu5a8bykg0000001790935054591&qH=a5594894156db043&ov_redirect=true,2026-10-02
85,"REDMI 15 5G (Frosted White, 256 GB)",REDMI,26163,29999,12% off,4.3,"5,022",320,8 GB RAM,256 GB ROM,7000 mAh Battery,,17.53 cm (6.9 inch) Display,50MP Rear Camera,,https://www.flipkart.com/redmi-15-5g-frosted-white-256-gb/p/itmd7bced8727891?pid=MOBHFH94XMPDASMJ&lid=LSTMOBHFH94XMPDASMJACPDSP&marketplace=FLIPKART&q=smart+phones&store=tyy%2F4io&srno=s_4_85&otracker=search&fm=organic&iid=78844278-a33f-44fe-9384-fbec745fb12b.MOBHFH94XMPDASMJ.SEARCH&ppt=None&ppn=None&ssid=sdu5a8bykg0000001790935054591&qH=a5594894156db043&ov_redirect=true,2026-10-02
86,"POCO C81 (Sky Blue, 64 GB)",POCO,12999,19999,35% off,3.7,525,45,4 GB RAM,64 GB ROM,6300 mAh Lithium-Ion Polymer Battery,T7250 Processor,17.53 cm (6.9 inch) Display,13MP Rear Camera | 8MP Front Camera,,https://www.flipkart.com/poco-c81-sky-blue-64-gb/p/itm0636612540aaa?pid=MOBHMYWRYFQZG9PP&lid=LSTMOBHMYWRYFQZG9PP9F6HSP&marketplace=FLIPKART&q=smart+phones&store=tyy%2F4io&srno=s_4_86&otracker=search&fm=organic&iid=78844278-a33f-44fe-9384-fbec745fb12b.MOBHMYWRYFQZG9PP.SEARCH&ppt=None&ppn=None&ssid=sdu5a8bykg0000001790935054591&qH=a5594894156db043&ov_redirect=true,2026-10-02
87,"BOLTT EVO (Midnight Black, 128 GB)",BOLTT,11499,18999,39% off,4,"1,804",873,6 GB RAM,128 GB ROM,6000 mAh Lithium ion Battery,T7250 Processor,6.79'' HD+ punch hole display,50MP + 2MP | 8MP Front Camera,,https://www.flipkart.com/boltt-evo-midnight-black-128-gb/p/itmf046d663a1fd7?pid=MOBHPP59RWHM2PJH&lid=LSTMOBHPP59RWHM2PJHUUF4AF&marketplace=FLIPKART&q=smart+phones&store=tyy%2F4io&srno=s_4_87&otracker=search&fm=organic&iid=en_9089_Jk7ZIRmRzEVUIEDHnDLdTz5gRSva8IbLEVUmeDme2oVtZnhNwDZ4_-6MZ4g-oHdKO3yYnYUN_r3HYwM1pZk_zxnXKMiUj2SaFo9m-OhN1ewsrSLRoVT6xcFZdc_&ppt=None&ppn=None&ssid=sdu5a8bykg0000001790935054591&qH=a5594894156db043&ov_redirect=true,2026-10-02
88,"BOLTT EVO (Berry Red, 128 GB)",BOLTT,11499,18999,39% off,4,"1,804",873,6 GB RAM,128 GB ROM,6000 mAh Lithium ion Battery,T7250 Processor,6.79'' HD+ punch hole display,50MP + 2MP | 8MP Front Camera,,https://www.flipkart.com/boltt-evo-berry-red-128-gb/p/itmf046d663a1fd7?pid=MOBHPP59TUYYPWP5&lid=LSTMOBHPP59TUYYPWP5U7J1VB&marketplace=FLIPKART&q=smart+phones&store=tyy%2F4io&srno=s_4_88&otracker=search&fm=organic&iid=en_9089_Jk7ZIRmRzEVUIEDHnDLdTz5gRSva8IbLEVUmeDQrDetfp4VIjnaomYmtGONvSppyrEH4LyH9lCiIfbYhZZk_zxnXKMiUj2SaFo9m-OhN1ewsrSLRoVT6xcFZdc_&ppt=None&ppn=None&ssid=sdu5a8bykg0000001790935054591&qH=a5594894156db043&ov_redirect=true,2026-10-02
89,"realme P4s 5G (Electric Cyan, 256 GB)",realme,37999,54999,30% off,4.4,506,105,8 GB RAM,256 GB ROM,8000 mAh Battery,Dimensity 7400 Processor,17.22 cm (6.78 inch) Full HD+ AMOLED Display,50MP + 8MP | 16MP Front Camera,,https://www.flipkart.com/realme-p4s-5g-electric-cyan-256-gb/p/itmcb2e7e552a5ef?pid=MOBHPBHAPFJPCA4E&lid=LSTMOBHPBHAPFJPCA4E9AUYZ0&marketplace=FLIPKART&q=smart+phones&store=tyy%2F4io&srno=s_4_89&otracker=search&fm=organic&iid=78844278-a33f-44fe-9384-fbec745fb12b.MOBHPBHAPFJPCA4E.SEARCH&ppt=None&ppn=None&ssid=sdu5a8bykg0000001790935054591&qH=a5594894156db043&ov_redirect=true,2026-10-02
90,"POCO C85x 5G (Emerald Green, 128 GB)",POCO,15999,21999,27% off,4.1,"5,840",796,4 GB RAM,128 GB ROM,6300 mAh Lithium-Ion Polymer Battery,T8300 Processor,17.53 cm (6.9 inch) HD+ Display,32MP Rear Camera,,https://www.flipkart.com/poco-c85x-5g-emerald-green-128-gb/p/itm0b4cc4698aede?pid=MOBHMGG5JUYG9DCY&lid=LSTMOBHMGG5JUYG9DCYHB3OAA&marketplace=FLIPKART&q=smart+phones&store=tyy%2F4io&srno=s_4_90&otracker=search&fm=organic&iid=78844278-a33f-44fe-9384-fbec745fb12b.MOBHMGG5JUYG9DCY.SEARCH&ppt=None&ppn=None&ssid=sdu5a8bykg0000001790935054591&qH=a5594894156db043&ov_redirect=true,2026-10-02
91,"Nothing Phone (4b) (White, 256 GB)",Nothing,40999,59999,31% off,4.3,"1,841",179,8 GB RAM,256 GB ROM,6000 mAh Lithium ion Battery,6 Gen 4 Processor,17.2 cm (6.77 inch) Full HD+ AMOLED Display,50MP + 8MP | 16MP Front Camera,,https://www.flipkart.com/nothing-phone-4b-white-256-gb/p/itm939608b40adbb?pid=MOBHZMBD5MZZDUYA&lid=LSTMOBHZMBD5MZZDUYAIWDKYR&marketplace=FLIPKART&q=smart+phones&store=tyy%2F4io&srno=s_4_91&otracker=search&fm=organic&iid=en_9089_Jk7ZIRmRzEVUIEDHnDLdTz5gRSva8IbLEVUmeDGHLsis2n0QDO_ntTq6UOs7muq75qMORP5m1GATJhVOuebvJ3XMQeWNozLNoAjfkIu13WkUJDz8hFEeFa1y6PT&ppt=None&ppn=None&ssid=sdu5a8bykg0000001790935054591&qH=a5594894156db043&ov_redirect=true,2026-10-02
92,"BOLTT EVO (Sky Blue, 128 GB)",BOLTT,11499,18999,39% off,4,"1,804",873,6 GB RAM,128 GB ROM,6000 mAh Lithium ion Battery,T7250 Processor,6.79'' HD+ punch hole display,50MP + 2MP | 8MP Front Camera,,https://www.flipkart.com/boltt-evo-sky-blue-128-gb/p/itmf046d663a1fd7?pid=MOBHPP59ME6SPCZW&lid=LSTMOBHPP59ME6SPCZWUW9RP3&marketplace=FLIPKART&q=smart+phones&store=tyy%2F4io&srno=s_4_92&otracker=search&fm=organic&iid=en_9089_Jk7ZIRmRzEVUIEDHnDLdTz5gRSva8IbLEVUmeBrYoQX1jbNAvzobCQzm4YOwbXaiFD5B5V-i7lupI6xHpZk_zxnXKMiUj2SaFo9m-OhN1ewsrSLRoVT6xcFZdc_&ppt=None&ppn=None&ssid=sdu5a8bykg0000001790935054591&qH=a5594894156db043&ov_redirect=true,2026-10-02
93,"MOTOROLA g35 5G (Leaf Green, 128 GB)",MOTOROLA,13999,15499,9% off,4.2,"16,484","1,128",8 GB RAM,128 GB ROM,5000 mAh Battery,T760 Processor,17.07 cm (6.72 inch) Full HD+ Display,50MP + 8MP | 16MP Front Camera,5G,https://www.flipkart.com/motorola-g35-5g-leaf-green-128-gb/p/itmf1ec516a5574d?pid=MOBHFNAZBBBAJZAH&lid=LSTMOBHFNAZBBBAJZAHVMHBGN&marketplace=FLIPKART&q=smart+phones&store=tyy%2F4io&srno=s_4_93&otracker=search&fm=organic&iid=78844278-a33f-44fe-9384-fbec745fb12b.MOBHFNAZBBBAJZAH.SEARCH&ppt=None&ppn=None&ssid=sdu5a8bykg0000001790935054591&qH=a5594894156db043&ov_redirect=true,2026-10-02
94,"POCO C85x 5G (Sunset Gold, 64 GB)",POCO,14999,20999,28% off,4.1,"5,840",796,4 GB RAM,64 GB ROM,6300 mAh Lithium-Ion Polymer Battery,T8300 Processor,17.53 cm (6.9 inch) HD+ Display,32MP Rear Camera,,https://www.flipkart.com/poco-c85x-5g-sunset-gold-64-gb/p/itm09453073b3b2e?pid=MOBHMGG5PYZRFMKU&lid=LSTMOBHMGG5PYZRFMKUWRLUZB&marketplace=FLIPKART&q=smart+phones&store=tyy%2F4io&srno=s_4_94&otracker=search&fm=organic&iid=78844278-a33f-44fe-9384-fbec745fb12b.MOBHMGG5PYZRFMKU.SEARCH&ppt=None&ppn=None&ssid=sdu5a8bykg0000001790935054591&qH=a5594894156db043&ov_redirect=true,2026-10-02
95,"POCO F7 5G (Phantom Black, 256 GB)",POCO,35999,,,4.4,"23,531","2,927",12 GB RAM,256 GB ROM,"Battery 7550mAh, 90W charger, 22.5W reverse charging",8s Gen 4 Processor,Display -6.83 inch 1.5K pOLED with 120 Hz refresh rate,Front camera -20MP with Portrait Mode | | Front Video Recording | Night Mode,,https://www.flipkart.com/poco-f7-5g-phantom-black-256-gb/p/itm632bdcafce49a?pid=MOBHCY2UG9GJJGCM&lid=LSTMOBHCY2UG9GJJGCMA8FJ7V&marketplace=FLIPKART&q=smart+phones&store=tyy%2F4io&srno=s_4_95&otracker=search&fm=organic&iid=78844278-a33f-44fe-9384-fbec745fb12b.MOBHCY2UG9GJJGCM.SEARCH&ppt=None&ppn=None&ssid=sdu5a8bykg0000001790935054591&qH=a5594894156db043&ov_redirect=true,2026-10-02
96,"MOTOROLA g37 (PANTONE Impenetrable, 64 GB)",MOTOROLA,17249,24999,31% off,4.3,"4,072",223,4 GB RAM,64 GB ROM,5200 mAh Battery,Dimensity 6400 Processor,16.92 cm (6.66 inch) HD+ Display,50MP Rear Camera | 8MP Front Camera,,https://www.flipkart.com/motorola-g37-pantone-impenetrable-64-gb/p/itm40c0c7bcb21fc?pid=MOBHHWB6GWE2CKHU&lid=LSTMOBHHWB6GWE2CKHUQEA6X8&marketplace=FLIPKART&q=smart+phones&store=tyy%2F4io&srno=s_4_96&otracker=search&fm=organic&iid=78844278-a33f-44fe-9384-fbec745fb12b.MOBHHWB6GWE2CKHU.SEARCH&ppt=None&ppn=None&ssid=sdu5a8bykg0000001790935054591&qH=a5594894156db043&ov_redirect=true,2026-10-02
97,"BOLTT EVO (Arctic White, 128 GB)",BOLTT,11499,18999,39% off,4,"1,804",873,6 GB RAM,128 GB ROM,6000 mAh Lithium ion Battery,T7250 Processor,6.79'' HD+ punch hole display,50MP + 2MP | 8MP Front Camera,,https://www.flipkart.com/boltt-evo-arctic-white-128-gb/p/itmf046d663a1fd7?pid=MOBHPP59GKGTGZGA&lid=LSTMOBHPP59GKGTGZGAIEMNWG&marketplace=FLIPKART&q=smart+phones&store=tyy%2F4io&srno=s_5_97&otracker=search&fm=organic&iid=en_V0zNW5oWvCP0C879xiN3RUUH1Jjt5fqFhjthP0o548MSNQSUfmf3z2RidFwAy7ZJApXdqJ8g9gjPKgZjVdc9bpZk_zxnXKMiUj2SaFo9m-MOXqZTEitmQ2IGHyKngV54&ppt=None&ppn=None&ssid=nrtg1axf1s0000001790935057459&qH=a5594894156db043&ov_redirect=true,2026-10-02
98,"BOLTT EVO (Arctic White, 64 GB)",BOLTT,9999,17999,44% off,4.4,"1,327",695,4 GB RAM,64 GB ROM,6000 mAh Lithium ion Battery,T7250 Processor,6.79'' HD+ punch hole display,50MP + 2MP | 8MP Front Camera,,https://www.flipkart.com/boltt-evo-arctic-white-64-gb/p/itmf046d663a1fd7?pid=MOBHPP59BYSJ98M8&lid=LSTMOBHPP59BYSJ98M8RWYHGQ&marketplace=FLIPKART&q=smart+phones&store=tyy%2F4io&srno=s_5_98&otracker=search&fm=organic&iid=en_V0zNW5oWvCP0C879xiN3RUUH1Jjt5fqFhjthP0o548PVGpFiqTsKn6yczdfi3yKm6Ux8tV-__SxlzWH1nelDDZZk_zxnXKMiUj2SaFo9m-MOXqZTEitmQ2IGHyKngV54&ppt=None&ppn=None&ssid=nrtg1axf1s0000001790935057459&qH=a5594894156db043&ov_redirect=true,2026-10-02
99,"MOTOROLA g06 power (Pantone Laurel Oak, 64 GB)",MOTOROLA,15249,19999,23% off,4.2,"24,161","1,677",4 GB RAM,64 GB ROM,7000 mAh Battery,Helio G81 Processor,17.48 cm (6.88 inch) HD+ Display,50MP Rear Camera | 8MP Front Camera,,https://www.flipkart.com/motorola-g06-power-pantone-laurel-oak-64-gb/p/itm1010d22c11412?pid=MOBHN973VRPBQTKY&lid=LSTMOBHN973VRPBQTKYGYH2X6&marketplace=FLIPKART&q=smart+phones&store=tyy%2F4io&srno=s_5_99&otracker=search&fm=organic&iid=434c96e9-622a-48b2-93e6-1e0ab22fcb30.MOBHN973VRPBQTKY.SEARCH&ppt=None&ppn=None&ssid=nrtg1axf1s0000001790935057459&qH=a5594894156db043&ov_redirect=true,2026-10-02
100,"REDMI 15 5G (Midnight Black, 256 GB)",REDMI,26299,27499,4% off,4.3,"5,022",320,8 GB RAM,256 GB ROM,7000 mAh Battery,,17.53 cm (6.9 inch) Display,50MP Rear Camera,,https://www.flipkart.com/redmi-15-5g-midnight-black-256-gb/p/itm2b8ff5e4eccab?pid=MOBHFGBGBNY2ZSZX&lid=LSTMOBHFGBGBNY2ZSZX1COZRS&marketplace=FLIPKART&q=smart+phones&store=tyy%2F4io&srno=s_5_100&otracker=search&fm=organic&iid=434c96e9-622a-48b2-93e6-1e0ab22fcb30.MOBHFGBGBNY2ZSZX.SEARCH&ppt=None&ppn=None&ssid=nrtg1axf1s0000001790935057459&qH=a5594894156db043&ov_redirect=true,2026-10-02
101,"BOLTT EVO (Midnight Black, 64 GB)",BOLTT,9999,17999,44% off,4.4,"1,327",695,4 GB RAM,64 GB ROM,6000 mAh Lithium ion Battery,T7250 Processor,6.79'' HD+ punch hole display,50MP + 2MP | 8MP Front Camera,,https://www.flipkart.com/boltt-evo-midnight-black-64-gb/p/itmf046d663a1fd7?pid=MOBHPP597GB8ZHTY&lid=LSTMOBHPP597GB8ZHTYGYX70A&marketplace=FLIPKART&q=smart+phones&store=tyy%2F4io&srno=s_5_101&otracker=search&fm=organic&iid=en_V0zNW5oWvCP0C879xiN3RUUH1Jjt5fqFhjthP0o548MaQnrWHPygNEiZdeoElhKgmFcmDxdFnAg2HDILUSFuRZZk_zxnXKMiUj2SaFo9m-MOXqZTEitmQ2IGHyKngV54&ppt=None&ppn=None&ssid=nrtg1axf1s0000001790935057459&qH=a5594894156db043&ov_redirect=true,2026-10-02
102,"BOLTT EVO (Lavender Bloom, 64 GB)",BOLTT,9999,17999,44% off,4.4,"1,327",695,4 GB RAM,64 GB ROM,6000 mAh Lithium ion Battery,T7250 Processor,6.79'' HD+ punch hole display,50MP + 2MP | 8MP Front Camera,,https://www.flipkart.com/boltt-evo-lavender-bloom-64-gb/p/itmf046d663a1fd7?pid=MOBHPP59AEJZHCVZ&lid=LSTMOBHPP59AEJZHCVZQQSXMU&marketplace=FLIPKART&q=smart+phones&store=tyy%2F4io&srno=s_5_102&otracker=search&fm=organic&iid=en_V0zNW5oWvCP0C879xiN3RUUH1Jjt5fqFhjthP0o548NGvFDk0WDDJRg494EBXq117xbDZ0DH1NrYuR9fFRym_pZk_zxnXKMiUj2SaFo9m-MOXqZTEitmQ2IGHyKngV54&ppt=None&ppn=None&ssid=nrtg1axf1s0000001790935057459&qH=a5594894156db043&ov_redirect=true,2026-10-02
103,"realme P4 Lite (Sea Blue, 64 GB)",realme,16499,24999,34% off,3.9,"6,942",455,4 GB RAM,64 GB ROM,6300 mAh Battery,T7250 Processor,17.14 cm (6.75 inch) HD+ Display,13MP Rear Camera | 5MP Front Camera,,https://www.flipkart.com/realme-p4-lite-sea-blue-64-gb/p/itm029fbc88fdc91?pid=MOBHMX7KEQPFYJ5U&lid=LSTMOBHMX7KEQPFYJ5UYOGZ28&marketplace=FLIPKART&q=smart+phones&store=tyy%2F4io&srno=s_5_103&otracker=search&fm=organic&iid=434c96e9-622a-48b2-93e6-1e0ab22fcb30.MOBHMX7KEQPFYJ5U.SEARCH&ppt=None&ppn=None&ssid=nrtg1axf1s0000001790935057459&qH=a5594894156db043&ov_redirect=true,2026-10-02
104,"REDMI Note-14 Pro+ 5G (Spectre Blue, 128 GB)",REDMI,27480,34999,21% off,4.4,897,69,8 GB RAM,128 GB ROM,6200 mAh Battery,7s Gen 3 Processor,16.94 cm (6.67 inch) Display,50MP + 50MP + 8MP | 20MP Front Camera,,https://www.flipkart.com/redmi-note-14-pro-5g-spectre-blue-128-gb/p/itmf69d377f9a8fb?pid=MOBH8BW3EGBFXZB6&lid=LSTMOBH8BW3EGBFXZB6QGWOKM&marketplace=FLIPKART&q=smart+phones&store=tyy%2F4io&srno=s_5_104&otracker=search&fm=organic&iid=434c96e9-622a-48b2-93e6-1e0ab22fcb30.MOBH8BW3EGBFXZB6.SEARCH&ppt=None&ppn=None&ssid=nrtg1axf1s0000001790935057459&qH=a5594894156db043&ov_redirect=true,2026-10-02
105,"REDMI 15C 5G (Midnight Black, 128 GB)",REDMI,21780,33999,35% off,4.3,486,45,8 GB RAM,128 GB ROM,6000 mAh Battery,,17.53 cm (6.9 inch) Display,50MP Rear Camera,,https://www.flipkart.com/redmi-15c-5g-midnight-black-128-gb/p/itmc1345bb45eef3?pid=MOBHGGZ228KHHPQC&lid=LSTMOBHGGZ228KHHPQCCUMI8S&marketplace=FLIPKART&q=smart+phones&store=tyy%2F4io&srno=s_5_105&otracker=search&fm=organic&iid=434c96e9-622a-48b2-93e6-1e0ab22fcb30.MOBHGGZ228KHHPQC.SEARCH&ppt=None&ppn=None&ssid=nrtg1axf1s0000001790935057459&qH=a5594894156db043&ov_redirect=true,2026-10-02
106,"realme 15 5G (Silk Pink, 128 GB)",realme,29999,,,4.4,"11,375","1,223",8 GB RAM,128 GB ROM,7000 mAh Battery,Mediatek Dimensity 7300+ 5G Processor,17.27 cm (6.8 inch) Full HD+ Display,50MP + 8MP | 50MP Front Camera,5G,https://www.flipkart.com/realme-15-5g-silk-pink-128-gb/p/itme9581fbd0e97a?pid=MOBHDUKFCAYHHEPN&lid=LSTMOBHDUKFCAYHHEPNV0U5CZ&marketplace=FLIPKART&q=smart+phones&store=tyy%2F4io&srno=s_5_106&otracker=search&fm=organic&iid=434c96e9-622a-48b2-93e6-1e0ab22fcb30.MOBHDUKFCAYHHEPN.SEARCH&ppt=None&ppn=None&ssid=nrtg1axf1s0000001790935057459&qH=a5594894156db043&ov_redirect=true,2026-10-02
107,"BOLTT EVO (Midnight Black, 128 GB)",BOLTT,11499,18999,39% off,4,"1,804",873,6 GB RAM,128 GB ROM,6000 mAh Lithium ion Battery,T7250 Processor,6.79'' HD+ punch hole display,50MP + 2MP | 8MP Front Camera,,https://www.flipkart.com/boltt-evo-midnight-black-128-gb/p/itmf046d663a1fd7?pid=MOBHPP59RWHM2PJH&lid=LSTMOBHPP59RWHM2PJHUUF4AF&marketplace=FLIPKART&q=smart+phones&store=tyy%2F4io&srno=s_5_107&otracker=search&fm=organic&iid=en_V0zNW5oWvCP0C879xiN3RUUH1Jjt5fqFhjthP0o548Mft_-9StxQiJ4VUvLBIxyj-oHdKO3yYnYUN_r3HYwM1pZk_zxnXKMiUj2SaFo9m-MOXqZTEitmQ2IGHyKngV54&ppt=None&ppn=None&ssid=nrtg1axf1s0000001790935057459&qH=a5594894156db043&ov_redirect=true,2026-10-02
108,"BOLTT EVO (Berry Red, 128 GB)",BOLTT,11499,18999,39% off,4,"1,804",873,6 GB RAM,128 GB ROM,6000 mAh Lithium ion Battery,T7250 Processor,6.79'' HD+ punch hole display,50MP + 2MP | 8MP Front Camera,,https://www.flipkart.com/boltt-evo-berry-red-128-gb/p/itmf046d663a1fd7?pid=MOBHPP59TUYYPWP5&lid=LSTMOBHPP59TUYYPWP5U7J1VB&marketplace=FLIPKART&q=smart+phones&store=tyy%2F4io&srno=s_5_108&otracker=search&fm=organic&iid=en_V0zNW5oWvCP0C879xiN3RUUH1Jjt5fqFhjthP0o548MQjmQ9bRzLeH1UYWAvG75jvSppyrEH4LyH9lCiIfbYhZZk_zxnXKMiUj2SaFo9m-MOXqZTEitmQ2IGHyKngV54&ppt=None&ppn=None&ssid=nrtg1axf1s0000001790935057459&qH=a5594894156db043&ov_redirect=true,2026-10-02
109,"IQOO Neo 10 (Alpine White, 256 GB)",IQOO,45999,,,4.5,"2,073",200,8 GB RAM,256 GB ROM,7000 mAh Battery,Qualcomm Snapdragon 8s Gen 4 Processor,17.22 cm (6.78 inch) Full HD+ Super AMOLED Display,50MP Rear Camera,,https://www.flipkart.com/iqoo-neo-10-alpine-white-256-gb/p/itmd7cf79f1b18e3?pid=MOBHN6VSWBUHVZGY&lid=LSTMOBHN6VSWBUHVZGYZOTDNQ&marketplace=FLIPKART&q=smart+phones&store=tyy%2F4io&srno=s_5_109&otracker=search&fm=organic&iid=434c96e9-622a-48b2-93e6-1e0ab22fcb30.MOBHN6VSWBUHVZGY.SEARCH&ppt=None&ppn=None&ssid=nrtg1axf1s0000001790935057459&qH=a5594894156db043&ov_redirect=true,2026-10-02
110,"POCO M8 (Frost Silver, 128 GB)",POCO,26999,27999,3% off,4.3,"2,306",210,8 GB RAM,128 GB ROM,5520 mAh Battery,,17.2 cm (6.77 inch) Full HD+ Display,50MP Rear Camera | 20MP Front Camera,,https://www.flipkart.com/poco-m8-frost-silver-128-gb/p/itm63246b4036f90?pid=MOBHMGG5ZFANS2WQ&lid=LSTMOBHMGG5ZFANS2WQVUHDCT&marketplace=FLIPKART&q=smart+phones&store=tyy%2F4io&srno=s_5_110&otracker=search&fm=organic&iid=434c96e9-622a-48b2-93e6-1e0ab22fcb30.MOBHMGG5ZFANS2WQ.SEARCH&ppt=None&ppn=None&ssid=nrtg1axf1s0000001790935057459&qH=a5594894156db043&ov_redirect=true,2026-10-02
111,"Nothing Phone (4b) (White, 256 GB)",Nothing,40999,59999,31% off,4.3,"1,841",179,8 GB RAM,256 GB ROM,6000 mAh Lithium ion Battery,6 Gen 4 Processor,17.2 cm (6.77 inch) Full HD+ AMOLED Display,50MP + 8MP | 16MP Front Camera,,https://www.flipkart.com/nothing-phone-4b-white-256-gb/p/itm939608b40adbb?pid=MOBHZMBD5MZZDUYA&lid=LSTMOBHZMBD5MZZDUYAIWDKYR&marketplace=FLIPKART&q=smart+phones&store=tyy%2F4io&srno=s_5_111&otracker=search&fm=organic&iid=en_V0zNW5oWvCP0C879xiN3RUUH1Jjt5fqFhjthP0o548NSjZYMfFK240oQT9fsZngJ7muq75qMORP5m1GATJhVOuebvJ3XMQeWNozLNoAjfkLZpqAWlqO5ZVKv5Ol5e24Z&ppt=None&ppn=None&ssid=nrtg1axf1s0000001790935057459&qH=a5594894156db043&ov_redirect=true,2026-10-02
112,"BOLTT EVO (Sky Blue, 128 GB)",BOLTT,11499,18999,39% off,4,"1,804",873,6 GB RAM,128 GB ROM,6000 mAh Lithium ion Battery,T7250 Processor,6.79'' HD+ punch hole display,50MP + 2MP | 8MP Front Camera,,https://www.flipkart.com/boltt-evo-sky-blue-128-gb/p/itmf046d663a1fd7?pid=MOBHPP59ME6SPCZW&lid=LSTMOBHPP59ME6SPCZWUW9RP3&marketplace=FLIPKART&q=smart+phones&store=tyy%2F4io&srno=s_5_112&otracker=search&fm=organic&iid=en_V0zNW5oWvCP0C879xiN3RUUH1Jjt5fqFhjthP0o548MnHhyTXhsh8Zh8HKsAgAm-wbXaiFD5B5V-i7lupI6xHpZk_zxnXKMiUj2SaFo9m-MOXqZTEitmQ2IGHyKngV54&ppt=None&ppn=None&ssid=nrtg1axf1s0000001790935057459&qH=a5594894156db043&ov_redirect=true,2026-10-02
113,"vivo T5x 5G (Satin Silver, 128 GB)",vivo,27999,45999,39% off,4.4,"22,241","1,516",6 GB RAM,128 GB ROM,7200 mAh Li-ion Battery,Dimensity 7400-Turbo Processor,17.17 cm (6.76 inch) Display,50MP + 2MP | 32MP Front Camera,,https://www.flipkart.com/vivo-t5x-5g-satin-silver-128-gb/p/itm7da8aa253e72b?pid=MOBHQC8ZUXZ4YM5F&lid=LSTMOBHQC8ZUXZ4YM5FJA0BYF&marketplace=FLIPKART&q=smart+phones&store=tyy%2F4io&srno=s_5_113&otracker=search&fm=organic&iid=434c96e9-622a-48b2-93e6-1e0ab22fcb30.MOBHQC8ZUXZ4YM5F.SEARCH&ppt=None&ppn=None&ssid=nrtg1axf1s0000001790935057459&qH=a5594894156db043&ov_redirect=true,2026-10-02
114,"REDMI Note-14 Pro+ 5G (Spectre Blue, 256 GB)",REDMI,29999,36999,18% off,4.4,897,69,8 GB RAM,256 GB ROM,6200 mAh Battery,7s Gen 3 Processor,16.94 cm (6.67 inch) Display,50MP + 50MP + 8MP | 20MP Front Camera,,https://www.flipkart.com/redmi-note-14-pro-5g-spectre-blue-256-gb/p/itmf69d377f9a8fb?pid=MOBH8BW3VWEPGQ7A&lid=LSTMOBH8BW3VWEPGQ7AELQ7VM&marketplace=FLIPKART&q=smart+phones&store=tyy%2F4io&srno=s_5_114&otracker=search&fm=organic&iid=434c96e9-622a-48b2-93e6-1e0ab22fcb30.MOBH8BW3VWEPGQ7A.SEARCH&ppt=None&ppn=None&ssid=nrtg1axf1s0000001790935057459&qH=a5594894156db043&ov_redirect=true,2026-10-02
115,"POCO M8 Power 5G (Blaze Orange, 128 GB)",POCO,24999,54999,54% off,4.7,"1,531",893,6 GB RAM,128 GB ROM,8000 mAh Lithium-Ion Polymer Battery,Snapdragon Gen 4 Processor,17.75 cm (6.99 inch) Full HD+ AMOLED Display,50MP Rear Camera | 8MP Front Camera,,https://www.flipkart.com/poco-m8-power-5g-blaze-orange-128-gb/p/itm0edc1dd6b4e42?pid=MOBHPCYNPNCJG2UV&lid=LSTMOBHPCYNPNCJG2UVUHFGWJ&marketplace=FLIPKART&q=smart+phones&store=tyy%2F4io&srno=s_5_115&otracker=search&fm=organic&iid=434c96e9-622a-48b2-93e6-1e0ab22fcb30.MOBHPCYNPNCJG2UV.SEARCH&ppt=None&ppn=None&ssid=nrtg1axf1s0000001790935057459&qH=a5594894156db043&ov_redirect=true,2026-10-02
116,"POCO M8 (Glacial Blue, 128 GB)",POCO,26999,27999,3% off,4.3,"2,306",210,8 GB RAM,128 GB ROM,5520 mAh Battery,,17.2 cm (6.77 inch) Full HD+ Display,50MP Rear Camera | 20MP Front Camera,,https://www.flipkart.com/poco-m8-glacial-blue-128-gb/p/itm6b3b306f7eff7?pid=MOBHMGG5ZSHFKTDC&lid=LSTMOBHMGG5ZSHFKTDCASGIPD&marketplace=FLIPKART&q=smart+phones&store=tyy%2F4io&srno=s_5_116&otracker=search&fm=organic&iid=434c96e9-622a-48b2-93e6-1e0ab22fcb30.MOBHMGG5ZSHFKTDC.SEARCH&ppt=None&ppn=None&ssid=nrtg1axf1s0000001790935057459&qH=a5594894156db043&ov_redirect=true,2026-10-02
117,"BOLTT EVO (Sky Blue, 64 GB)",BOLTT,9999,17999,44% off,4.4,"1,327",695,4 GB RAM,64 GB ROM,6000 mAh Lithium ion Battery,T7250 Processor,6.79'' HD+ punch hole display,50MP + 2MP | 8MP Front Camera,,https://www.flipkart.com/boltt-evo-sky-blue-64-gb/p/itmf046d663a1fd7?pid=MOBHPP59WKSV4FYG&lid=LSTMOBHPP59WKSV4FYGYPMLV6&marketplace=FLIPKART&q=smart+phones&store=tyy%2F4io&srno=s_5_117&otracker=search&fm=organic&iid=en_V0zNW5oWvCP0C879xiN3RUUH1Jjt5fqFhjthP0o548N6tPacgkKtbVSJQ1fhdo5ZigicCniOwiXfyNr6i62vdZZk_zxnXKMiUj2SaFo9m-MOXqZTEitmQ2IGHyKngV54&ppt=None&ppn=None&ssid=nrtg1axf1s0000001790935057459&qH=a5594894156db043&ov_redirect=true,2026-10-02
118,"realme 15 5G (Silk Pink, 256 GB)",realme,31999,,,4.4,"11,375","1,223",8 GB RAM,256 GB ROM,7000 mAh Battery,Mediatek Dimensity 7300+ 5G Processor,17.27 cm (6.8 inch) Full HD+ Display,50MP + 8MP | 50MP Front Camera,5G,https://www.flipkart.com/realme-15-5g-silk-pink-256-gb/p/itme9581fbd0e97a?pid=MOBHDUKFZF7UPZZZ&lid=LSTMOBHDUKFZF7UPZZZJPBCBN&marketplace=FLIPKART&q=smart+phones&store=tyy%2F4io&srno=s_5_118&otracker=search&fm=organic&iid=434c96e9-622a-48b2-93e6-1e0ab22fcb30.MOBHDUKFZF7UPZZZ.SEARCH&ppt=None&ppn=None&ssid=nrtg1axf1s0000001790935057459&qH=a5594894156db043&ov_redirect=true,2026-10-02
119,"POCO C85x 5G (Emerald Green, 64 GB)",POCO,14999,20999,28% off,4.1,"5,840",796,4 GB RAM,64 GB ROM,6300 mAh Lithium-Ion Polymer Battery,T8300 Processor,17.53 cm (6.9 inch) HD+ Display,32MP Rear Camera,,https://www.flipkart.com/poco-c85x-5g-emerald-green-64-gb/p/itm626a170c915bd?pid=MOBHMGG5GHZKTSDZ&lid=LSTMOBHMGG5GHZKTSDZQAUGPC&marketplace=FLIPKART&q=smart+phones&store=tyy%2F4io&srno=s_5_119&otracker=search&fm=organic&iid=434c96e9-622a-48b2-93e6-1e0ab22fcb30.MOBHMGG5GHZKTSDZ.SEARCH&ppt=None&ppn=None&ssid=nrtg1axf1s0000001790935057459&qH=a5594894156db043&ov_redirect=true,2026-10-02
120,"realme 15 5G (Flowing Silver, 256 GB)",realme,31999,,,4.4,"11,375","1,223",8 GB RAM,256 GB ROM,7000 mAh Battery,Mediatek Dimensity 7300+ 5G Processor,17.27 cm (6.8 inch) Full HD+ AMOLED Display,50MP + 8MP | 50MP Front Camera,5G,https://www.flipkart.com/realme-15-5g-flowing-silver-256-gb/p/itme9581fbd0e97a?pid=MOBHDUKFVXWQKMPS&lid=LSTMOBHDUKFVXWQKMPS2WNAQE&marketplace=FLIPKART&q=smart+phones&store=tyy%2F4io&srno=s_5_120&otracker=search&fm=organic&iid=434c96e9-622a-48b2-93e6-1e0ab22fcb30.MOBHDUKFVXWQKMPS.SEARCH&ppt=None&ppn=None&ssid=nrtg1axf1s0000001790935057459&qH=a5594894156db043&ov_redirect=true,2026-10-02
121,"BOLTT EVO (Arctic White, 128 GB)",BOLTT,11499,18999,39% off,4,"1,804",873,6 GB RAM,128 GB ROM,6000 mAh Lithium ion Battery,T7250 Processor,6.79'' HD+ punch hole display,50MP + 2MP | 8MP Front Camera,,https://www.flipkart.com/boltt-evo-arctic-white-128-gb/p/itmf046d663a1fd7?pid=MOBHPP59GKGTGZGA&lid=LSTMOBHPP59GKGTGZGAIEMNWG&marketplace=FLIPKART&q=smart+phones&store=tyy%2F4io&srno=s_6_121&otracker=search&fm=organic&iid=en_RlYrHtd3446pW4RG_dvEiHWwZLAgWppK1JS4GjWiE-BWU7XebkySAB8wAKdGun1fApXdqJ8g9gjPKgZjVdc9bpZk_zxnXKMiUj2SaFo9m-PvDOxsbPjdJ2bvSJdg04MY&ppt=None&ppn=None&ssid=7gtigkzoyo0000001790935060514&qH=a5594894156db043&ov_redirect=true,2026-10-02
122,"BOLTT EVO (Berry Red, 64 GB)",BOLTT,9999,17999,44% off,4.4,"1,327",695,4 GB RAM,64 GB ROM,6000 mAh Lithium ion Battery,T7250 Processor,6.79'' HD+ punch hole display,50MP + 2MP | 8MP Front Camera,,https://www.flipkart.com/boltt-evo-berry-red-64-gb/p/itmf046d663a1fd7?pid=MOBHPP598ENKRGBY&lid=LSTMOBHPP598ENKRGBYC3QECN&marketplace=FLIPKART&q=smart+phones&store=tyy%2F4io&srno=s_6_122&otracker=search&fm=organic&iid=en_RlYrHtd3446pW4RG_dvEiHWwZLAgWppK1JS4GjWiE-DMtDx2fBJ6Sfwthqo3vzBvmCxeu8uCGyw6NBIvVnameZZk_zxnXKMiUj2SaFo9m-PvDOxsbPjdJ2bvSJdg04MY&ppt=None&ppn=None&ssid=7gtigkzoyo0000001790935060514&qH=a5594894156db043&ov_redirect=true,2026-10-02
123,"Infinix Note edge (Solar Orange, 128 GB)",Infinix,28999,29999,3% off,4.3,522,91,8 GB RAM,128 GB ROM,6500 mAh Battery,Dimensity 7100 Processor,17.22 cm (6.78 inch) Full HD+ AMOLED Display,50MP Rear Camera | 13MP Front Camera,,https://www.flipkart.com/infinix-note-edge-solar-orange-128-gb/p/itmab2876405a1ab?pid=MOBHN3VZUWJSWKZU&lid=LSTMOBHN3VZUWJSWKZUZCB30A&marketplace=FLIPKART&q=smart+phones&store=tyy%2F4io&srno=s_6_123&otracker=search&fm=organic&iid=9f685cab-e26d-481b-9705-8c50cb6989ef.MOBHN3VZUWJSWKZU.SEARCH&ppt=None&ppn=None&ssid=7gtigkzoyo0000001790935060514&qH=a5594894156db043&ov_redirect=true,2026-10-02
124,"Samsung Galaxy A35 5G (Awesome Navy, 128 GB)",Samsung,18999,33999,44% off,4.4,"77,390","5,943",8 GB RAM,128 GB ROM,5000 mAh Battery,Samsung Exynos 1380 Processor,16.76 cm (6.6 inch) Full HD+ Display,50MP + 8MP + 5MP | 13MP Front Camera,,https://www.flipkart.com/samsung-galaxy-a35-5g-awesome-navy-128-gb/p/itm12fccc5bfbaac?pid=MOBGYT2HGFKNMSZQ&lid=LSTMOBGYT2HGFKNMSZQZQCIPS&marketplace=FLIPKART&q=smart+phones&store=tyy%2F4io&srno=s_6_124&otracker=search&fm=organic&iid=9f685cab-e26d-481b-9705-8c50cb6989ef.MOBGYT2HGFKNMSZQ.SEARCH&ppt=None&ppn=None&ssid=7gtigkzoyo0000001790935060514&qH=a5594894156db043&ov_redirect=true,2026-10-02
125,"Samsung S25 Ultra 5G (Titanium Gray, 256 GB)",Samsung,95278,129987,26% off,4.6,967,88,12 GB RAM,256 GB ROM,5000 mAh Battery,8 Elite for Galaxy Processor,17.53 cm (6.9 inch) Quad HD+ Display,200MP + 50MP + 50MP + 10MP | 12MP Front Camera,,https://www.flipkart.com/samsung-s25-ultra-5g-titanium-gray-256-gb/p/itm566994e00dfc0?pid=MOBH8K8U7F5FKSXA&lid=LSTMOBH8K8U7F5FKSXAGTRDTL&marketplace=FLIPKART&q=smart+phones&store=tyy%2F4io&srno=s_6_125&otracker=search&fm=organic&iid=9f685cab-e26d-481b-9705-8c50cb6989ef.MOBH8K8U7F5FKSXA.SEARCH&ppt=None&ppn=None&ssid=7gtigkzoyo0000001790935060514&qH=a5594894156db043&ov_redirect=true,2026-10-02
126,"Ai+ Pulse 2 (Purple, 128 GB)",Ai+,11499,15499,25% off,4.1,"13,183",937,4 GB RAM,128 GB ROM,6000 mAh Battery,T7250 Processor,17.13 cm (6.745 inch) HD+ Display,50MP Rear Camera | 8MP Front Camera,,https://www.flipkart.com/ai-pulse-2-purple-128-gb/p/itm873a9bcc8fb43?pid=MOBHZPMCHGKFHBYZ&lid=LSTMOBHZPMCHGKFHBYZ6ZSAMY&marketplace=FLIPKART&q=smart+phones&store=tyy%2F4io&srno=s_6_126&otracker=search&fm=organic&iid=9f685cab-e26d-481b-9705-8c50cb6989ef.MOBHZPMCHGKFHBYZ.SEARCH&ppt=None&ppn=None&ssid=7gtigkzoyo0000001790935060514&qH=a5594894156db043&ov_redirect=true,2026-10-02
127,"BOLTT EVO (Midnight Black, 64 GB)",BOLTT,9999,17999,44% off,4.4,"1,327",695,4 GB RAM,64 GB ROM,6000 mAh Lithium ion Battery,T7250 Processor,6.79'' HD+ punch hole display,50MP + 2MP | 8MP Front Camera,,https://www.flipkart.com/boltt-evo-midnight-black-64-gb/p/itmf046d663a1fd7?pid=MOBHPP597GB8ZHTY&lid=LSTMOBHPP597GB8ZHTYGYX70A&marketplace=FLIPKART&q=smart+phones&store=tyy%2F4io&srno=s_6_127&otracker=search&fm=organic&iid=en_RlYrHtd3446pW4RG_dvEiHWwZLAgWppK1JS4GjWiE-Au6afEHDx6yQtTI-ldpJw3mFcmDxdFnAg2HDILUSFuRZZk_zxnXKMiUj2SaFo9m-PvDOxsbPjdJ2bvSJdg04MY&ppt=None&ppn=None&ssid=7gtigkzoyo0000001790935060514&qH=a5594894156db043&ov_redirect=true,2026-10-02
128,"BOLTT EVO (Lavender Bloom, 64 GB)",BOLTT,9999,17999,44% off,4.4,"1,327",695,4 GB RAM,64 GB ROM,6000 mAh Lithium ion Battery,T7250 Processor,6.79'' HD+ punch hole display,50MP + 2MP | 8MP Front Camera,,https://www.flipkart.com/boltt-evo-lavender-bloom-64-gb/p/itmf046d663a1fd7?pid=MOBHPP59AEJZHCVZ&lid=LSTMOBHPP59AEJZHCVZQQSXMU&marketplace=FLIPKART&q=smart+phones&store=tyy%2F4io&srno=s_6_128&otracker=search&fm=organic&iid=en_RlYrHtd3446pW4RG_dvEiHWwZLAgWppK1JS4GjWiE-AxDq6ePKZg-CDFd-J1_GVP7xbDZ0DH1NrYuR9fFRym_pZk_zxnXKMiUj2SaFo9m-PvDOxsbPjdJ2bvSJdg04MY&ppt=None&ppn=None&ssid=7gtigkzoyo0000001790935060514&qH=a5594894156db043&ov_redirect=true,2026-10-02
129,"Samsung Galaxy M17 5G (Sapphire Black, 128 GB)",Samsung,22290,29999,25% off,4.3,"2,066",134,6 GB RAM,128 GB ROM,5000 mAh Battery,,17.02 cm (6.7 inch) Display,50MP Rear Camera,,https://www.flipkart.com/samsung-galaxy-m17-5g-sapphire-black-128-gb/p/itmc3b8f7b511eca?pid=MOBHGU9DVYJBZGCN&lid=LSTMOBHGU9DVYJBZGCN6NRNPX&marketplace=FLIPKART&q=smart+phones&store=tyy%2F4io&srno=s_6_129&otracker=search&fm=organic&iid=9f685cab-e26d-481b-9705-8c50cb6989ef.MOBHGU9DVYJBZGCN.SEARCH&ppt=None&ppn=None&ssid=7gtigkzoyo0000001790935060514&qH=a5594894156db043&ov_redirect=true,2026-10-02
130,"MOTOROLA Edge 70 Pro+ (Satin-Luxe PANTONE Zinfandel (Maroon), 256 GB)",MOTOROLA,47999,84999,43% off,4.2,569,86,12 GB RAM,256 GB ROM,6500 mAh Silicon-Carbon Battery,Dimensity 8500 Extreme Processor,17.27 cm (6.8 inch) Full HD+ Super AMOLED Display,50MP + 50MP + 50MP | 50MP Front Camera,,https://www.flipkart.com/motorola-edge-70-pro-satin-luxe-pantone-zinfandel-maroon-256-gb/p/itm70caeee0ca941?pid=MOBHHXQRQJX8USUW&lid=LSTMOBHHXQRQJX8USUWCHBJHD&marketplace=FLIPKART&q=smart+phones&store=tyy%2F4io&srno=s_6_130&otracker=search&fm=organic&iid=9f685cab-e26d-481b-9705-8c50cb6989ef.MOBHHXQRQJX8USUW.SEARCH&ppt=None&ppn=None&ssid=7gtigkzoyo0000001790935060514&qH=a5594894156db043&ov_redirect=true,2026-10-02
131,"BOLTT EVO (Midnight Black, 128 GB)",BOLTT,11499,18999,39% off,4,"1,804",873,6 GB RAM,128 GB ROM,6000 mAh Lithium ion Battery,T7250 Processor,6.79'' HD+ punch hole display,50MP + 2MP | 8MP Front Camera,,https://www.flipkart.com/boltt-evo-midnight-black-128-gb/p/itmf046d663a1fd7?pid=MOBHPP59RWHM2PJH&lid=LSTMOBHPP59RWHM2PJHUUF4AF&marketplace=FLIPKART&q=smart+phones&store=tyy%2F4io&srno=s_6_131&otracker=search&fm=organic&iid=en_RlYrHtd3446pW4RG_dvEiHWwZLAgWppK1JS4GjWiE-AsqPliBsoSPKlDmh6V3AG_-oHdKO3yYnYUN_r3HYwM1pZk_zxnXKMiUj2SaFo9m-PvDOxsbPjdJ2bvSJdg04MY&ppt=None&ppn=None&ssid=7gtigkzoyo0000001790935060514&qH=a5594894156db043&ov_redirect=true,2026-10-02
132,"BOLTT EVO (Berry Red, 128 GB)",BOLTT,11499,18999,39% off,4,"1,804",873,6 GB RAM,128 GB ROM,6000 mAh Lithium ion Battery,T7250 Processor,6.79'' HD+ punch hole display,50MP + 2MP | 8MP Front Camera,,https://www.flipkart.com/boltt-evo-berry-red-128-gb/p/itmf046d663a1fd7?pid=MOBHPP59TUYYPWP5&lid=LSTMOBHPP59TUYYPWP5U7J1VB&marketplace=FLIPKART&q=smart+phones&store=tyy%2F4io&srno=s_6_132&otracker=search&fm=organic&iid=en_RlYrHtd3446pW4RG_dvEiHWwZLAgWppK1JS4GjWiE-DKWL9YBO67qpMTmkg8C64AvSppyrEH4LyH9lCiIfbYhZZk_zxnXKMiUj2SaFo9m-PvDOxsbPjdJ2bvSJdg04MY&ppt=None&ppn=None&ssid=7gtigkzoyo0000001790935060514&qH=a5594894156db043&ov_redirect=true,2026-10-02
133,"OnePlus Nord CE6 Lite (Hyper Black, 256 GB)",OnePlus,35299,36999,4% off,4.3,"1,168",75,8 GB RAM,256 GB ROM,7000 mAh Battery,MediaTek Dimensity 7400 Apex Processor,17.07 cm (6.72 inch) Full HD+ Display,50MP Rear Camera | 8MP Front Camera,,https://www.flipkart.com/oneplus-nord-ce6-lite-hyper-black-256-gb/p/itm894a5599b758b?pid=MOBHN8CPMYHDEBRA&lid=LSTMOBHN8CPMYHDEBRA7F6FDF&marketplace=FLIPKART&q=smart+phones&store=tyy%2F4io&srno=s_6_133&otracker=search&fm=organic&iid=9f685cab-e26d-481b-9705-8c50cb6989ef.MOBHN8CPMYHDEBRA.SEARCH&ppt=None&ppn=None&ssid=7gtigkzoyo0000001790935060514&qH=a5594894156db043&ov_redirect=true,2026-10-02
134,"REDMI Note 15 SE 5G Snapdragon (Frosted White, 128 GB)",REDMI,25999,34999,25% off,4.3,"6,665",594,6 GB RAM,128 GB ROM,5800 mAh Lithium-Ion Polymer Battery,Snapdragon 6 Gen 3 Processor,17.2 cm (6.77 inch) Full HD+ AMOLED Display,50MP Rear Camera | 20MP Front Camera,,https://www.flipkart.com/redmi-note-15-se-5g-snapdragon-frosted-white-128-gb/p/itm5de45c7183f72?pid=MOBHN52FR8YCYGSZ&lid=LSTMOBHN52FR8YCYGSZKZQJLH&marketplace=FLIPKART&q=smart+phones&store=tyy%2F4io&srno=s_6_134&otracker=search&fm=organic&iid=9f685cab-e26d-481b-9705-8c50cb6989ef.MOBHN52FR8YCYGSZ.SEARCH&ppt=None&ppn=None&ssid=7gtigkzoyo0000001790935060514&qH=a5594894156db043&ov_redirect=true,2026-10-02
135,"Ai+ Nova 2 Pro 5G (Purple, 128 GB)",Ai+,18999,23999,20% off,4,"1,050",134,8 GB RAM,128 GB ROM,6000 mAh Li-polymer Battery,Dimensity 7100 Processor,17.53 cm (6.9 inch) Full HD+ Display,48MP Rear Camera | 13MP Front Camera,,https://www.flipkart.com/ai-nova-2-pro-5g-purple-128-gb/p/itm42975dc95c097?pid=MOBHZ8ZMQWE23Z8B&lid=LSTMOBHZ8ZMQWE23Z8BX88OJT&marketplace=FLIPKART&q=smart+phones&store=tyy%2F4io&srno=s_6_135&otracker=search&fm=organic&iid=9f685cab-e26d-481b-9705-8c50cb6989ef.MOBHZ8ZMQWE23Z8B.SEARCH&ppt=None&ppn=None&ssid=7gtigkzoyo0000001790935060514&qH=a5594894156db043&ov_redirect=true,2026-10-02
136,"realme P3 Ultra 5G (Neptune Blue, 256 GB)",realme,28999,33999,14% off,4.4,"22,133","2,557",8 GB RAM,256 GB ROM,6000 mAh Battery,Dimensity 8350 Ultra Processor,17.35 cm (6.83 inch) Full HD+ Display,50MP + 8MP | 16MP Front Camera,,https://www.flipkart.com/realme-p3-ultra-5g-neptune-blue-256-gb/p/itm50171223b4a05?pid=MOBHAYKEBGFUXNQV&lid=LSTMOBHAYKEBGFUXNQVLAWPKP&marketplace=FLIPKART&q=smart+phones&store=tyy%2F4io&srno=s_6_136&otracker=search&fm=organic&iid=9f685cab-e26d-481b-9705-8c50cb6989ef.MOBHAYKEBGFUXNQV.SEARCH&ppt=None&ppn=None&ssid=7gtigkzoyo0000001790935060514&qH=a5594894156db043&ov_redirect=true,2026-10-02
137,"BOLTT EVO (Sky Blue, 128 GB)",BOLTT,11499,18999,39% off,4,"1,804",873,6 GB RAM,128 GB ROM,6000 mAh Lithium ion Battery,T7250 Processor,6.79'' HD+ punch hole display,50MP + 2MP | 8MP Front Camera,,https://www.flipkart.com/boltt-evo-sky-blue-128-gb/p/itmf046d663a1fd7?pid=MOBHPP59ME6SPCZW&lid=LSTMOBHPP59ME6SPCZWUW9RP3&marketplace=FLIPKART&q=smart+phones&store=tyy%2F4io&srno=s_6_137&otracker=search&fm=organic&iid=en_RlYrHtd3446pW4RG_dvEiHWwZLAgWppK1JS4GjWiE-D40PgjOyrRcWpz90a-ej-A3P0mWBjXnv8TRqM4RAxjiJZk_zxnXKMiUj2SaFo9m-PvDOxsbPjdJ2bvSJdg04MY&ppt=None&ppn=None&ssid=7gtigkzoyo0000001790935060514&qH=a5594894156db043&ov_redirect=true,2026-10-02
138,"Nothing Phone (4b) (White, 256 GB)",Nothing,40999,59999,31% off,4.3,"1,841",179,8 GB RAM,256 GB ROM,6000 mAh Lithium ion Battery,6 Gen 4 Processor,17.2 cm (6.77 inch) Full HD+ AMOLED Display,50MP + 8MP | 16MP Front Camera,,https://www.flipkart.com/nothing-phone-4b-white-256-gb/p/itm939608b40adbb?pid=MOBHZMBD5MZZDUYA&lid=LSTMOBHZMBD5MZZDUYAIWDKYR&marketplace=FLIPKART&q=smart+phones&store=tyy%2F4io&srno=s_6_138&otracker=search&fm=organic&iid=en_RlYrHtd3446pW4RG_dvEiHWwZLAgWppK1JS4GjWiE-BW7Z08I2jXwddxGpIqGIgZ7muq75qMORP5m1GATJhVOo4zosKAteXhOp7WzmYAPrf2GgPPKPSHsy2luynia8fE&ppt=None&ppn=None&ssid=7gtigkzoyo0000001790935060514&qH=a5594894156db043&ov_redirect=true,2026-10-02
139,"Ai+ Nova 2 5G (Purple, 128 GB)",Ai+,14499,17499,17% off,4.2,"7,115",410,4 GB RAM,128 GB ROM,6000 mAh Battery,T8200 Processor,17.13 cm (6.745 inch) HD+ Display,50MP Rear Camera | 8MP Front Camera,,https://www.flipkart.com/ai-nova-2-5g-purple-128-gb/p/itmc486f9ebd15e3?pid=MOBHZPMCKZ3VYHMZ&lid=LSTMOBHZPMCKZ3VYHMZBGP8IV&marketplace=FLIPKART&q=smart+phones&store=tyy%2F4io&srno=s_6_139&otracker=search&fm=organic&iid=9f685cab-e26d-481b-9705-8c50cb6989ef.MOBHZPMCKZ3VYHMZ.SEARCH&ppt=None&ppn=None&ssid=7gtigkzoyo0000001790935060514&qH=a5594894156db043&ov_redirect=true,2026-10-02
140,"Samsung Galaxy M17 5G (Moonlight Silver, 128 GB)",Samsung,21490,23999,10% off,4.3,"2,066",134,6 GB RAM,128 GB ROM,5000 mAh Battery,,17.02 cm (6.7 inch) Display,50MP Rear Camera,,https://www.flipkart.com/samsung-galaxy-m17-5g-moonlight-silver-128-gb/p/itmc3b8f7b511eca?pid=MOBHGU9DYEBQW6NW&lid=LSTMOBHGU9DYEBQW6NWJ81L21&marketplace=FLIPKART&q=smart+phones&store=tyy%2F4io&srno=s_6_140&otracker=search&fm=organic&iid=9f685cab-e26d-481b-9705-8c50cb6989ef.MOBHGU9DYEBQW6NW.SEARCH&ppt=None&ppn=None&ssid=7gtigkzoyo0000001790935060514&qH=a5594894156db043&ov_redirect=true,2026-10-02
141,"BOLTT EVO (Sky Blue, 64 GB)",BOLTT,9999,17999,44% off,4.4,"1,327",695,4 GB RAM,64 GB ROM,6000 mAh Lithium ion Battery,T7250 Processor,6.79'' HD+ punch hole display,50MP + 2MP | 8MP Front Camera,,https://www.flipkart.com/boltt-evo-sky-blue-64-gb/p/itmf046d663a1fd7?pid=MOBHPP59WKSV4FYG&lid=LSTMOBHPP59WKSV4FYGYPMLV6&marketplace=FLIPKART&q=smart+phones&store=tyy%2F4io&srno=s_6_141&otracker=search&fm=organic&iid=en_RlYrHtd3446pW4RG_dvEiHWwZLAgWppK1JS4GjWiE-Bp9fayMJDbXWDHpvhsgr-OigicCniOwiXfyNr6i62vdZZk_zxnXKMiUj2SaFo9m-PvDOxsbPjdJ2bvSJdg04MY&ppt=None&ppn=None&ssid=7gtigkzoyo0000001790935060514&qH=a5594894156db043&ov_redirect=true,2026-10-02
142,"Tecno Spark Go 3 (Ink Black, 64 GB)",Tecno,12499,15999,21% off,4.1,221,15,4 GB RAM,64 GB ROM,5000 mAh Lithium Polymer Battery,T7250 Processor,17.12 cm (6.74 inch) HD+ Display,13MP Rear Camera | 8MP Front Camera,,https://www.flipkart.com/tecno-spark-go-3-ink-black-64-gb/p/itma9c8f128a61c6?pid=MOBHP2QYCXZZE3CM&lid=LSTMOBHP2QYCXZZE3CMWW64IB&marketplace=FLIPKART&q=smart+phones&store=tyy%2F4io&srno=s_6_142&otracker=search&fm=organic&iid=en_RlYrHtd3446pW4RG_dvEiHWwZLAgWppK1JS4GjWiE-AMjoLh3U4sRo6DVjKGScVPobHia2qzOJRVmItQg11sFOigoP0JOmkRzy9ESpBEi3dj15BCGBRjJdtSYWaoAkhv&ppt=None&ppn=None&ssid=7gtigkzoyo0000001790935060514&qH=a5594894156db043&ov_redirect=true,2026-10-02
143,"Samsung Galaxy M17 5G (Sapphire Black, 128 GB)",Samsung,18990,20999,9% off,4.1,"5,219",466,4 GB RAM,128 GB ROM,5000 mAh Battery,,17.02 cm (6.7 inch) Display,50MP Rear Camera,,https://www.flipkart.com/samsung-galaxy-m17-5g-sapphire-black-128-gb/p/itmc3b8f7b511eca?pid=MOBHGU9DRM2XDSU2&lid=LSTMOBHGU9DRM2XDSU2UBSWWF&marketplace=FLIPKART&q=smart+phones&store=tyy%2F4io&srno=s_6_143&otracker=search&fm=organic&iid=9f685cab-e26d-481b-9705-8c50cb6989ef.MOBHGU9DRM2XDSU2.SEARCH&ppt=None&ppn=None&ssid=7gtigkzoyo0000001790935060514&qH=a5594894156db043&ov_redirect=true,2026-10-02
144,"Samsung Galaxy M17 5G (Moonlight Silver, 128 GB)",Samsung,18938,20999,9% off,4.1,"5,219",466,4 GB RAM,128 GB ROM,5000 mAh Battery,,17.02 cm (6.7 inch) Display,50MP Rear Camera,,https://www.flipkart.com/samsung-galaxy-m17-5g-moonlight-silver-128-gb/p/itmc3b8f7b511eca?pid=MOBHGU9DUNFWUJ8W&lid=LSTMOBHGU9DUNFWUJ8WJ0ZMRV&marketplace=FLIPKART&q=smart+phones&store=tyy%2F4io&srno=s_6_144&otracker=search&fm=organic&iid=9f685cab-e26d-481b-9705-8c50cb6989ef.MOBHGU9DUNFWUJ8W.SEARCH&ppt=None&ppn=None&ssid=7gtigkzoyo0000001790935060514&qH=a5594894156db043&ov_redirect=true,2026-10-02
145,"realme P4 Pro 5G (Birch Wood, 256 GB)",realme,30999,,,4.4,"22,693","2,233",8 GB RAM,256 GB ROM,7000 mAh Battery,Snapdragon 7 Gen 4 Mobile Processor,17.27 cm (6.8 inch) Full HD+ Display,50MP + 8MP | 50MP Front Camera,,https://www.flipkart.com/realme-p4-pro-5g-birch-wood-256-gb/p/itme41a54752cc21?pid=MOBHERXKVQED7HGC&lid=LSTMOBHERXKVQED7HGC54DD1I&marketplace=FLIPKART&q=smart+phones&store=tyy%2F4io&srno=s_7_145&otracker=search&fm=organic&iid=2503f25a-ff4a-458c-ab49-f5c9bc2bf662.MOBHERXKVQED7HGC.SEARCH&ppt=None&ppn=None&ssid=1insm3fjfk0000001790935063314&qH=a5594894156db043&ov_redirect=true,2026-10-02
146,"realme P4 Pro 5G (Midnight Ivy, 256 GB)",realme,30999,,,4.4,"22,693","2,233",8 GB RAM,256 GB ROM,7000 mAh Battery,Snapdragon 7 Gen 4 Mobile Processor,17.27 cm (6.8 inch) Full HD+ Display,50MP + 8MP | 50MP Front Camera,,https://www.flipkart.com/realme-p4-pro-5g-midnight-ivy-256-gb/p/itme41a54752cc21?pid=MOBHERXK3YKZUWWZ&lid=LSTMOBHERXK3YKZUWWZM7IFIN&marketplace=FLIPKART&q=smart+phones&store=tyy%2F4io&srno=s_7_146&otracker=search&fm=organic&iid=2503f25a-ff4a-458c-ab49-f5c9bc2bf662.MOBHERXK3YKZUWWZ.SEARCH&ppt=None&ppn=None&ssid=1insm3fjfk0000001790935063314&qH=a5594894156db043&ov_redirect=true,2026-10-02
147,"BOLTT EVO (Midnight Black, 64 GB)",BOLTT,9999,17999,44% off,4.4,"1,327",695,4 GB RAM,64 GB ROM,6000 mAh Lithium ion Battery,T7250 Processor,6.79'' HD+ punch hole display,50MP + 2MP | 8MP Front Camera,,https://www.flipkart.com/boltt-evo-midnight-black-64-gb/p/itmf046d663a1fd7?pid=MOBHPP597GB8ZHTY&lid=LSTMOBHPP597GB8ZHTYGYX70A&marketplace=FLIPKART&q=smart+phones&store=tyy%2F4io&srno=s_7_147&otracker=search&fm=organic&iid=en_JWwYLRixJgTza0IzFe-45TVjn_ZlmcqgTKTnSOka1-zf3m7IhDnDYaIdiDgNwsKns7qCwkzzZfXNJUlojOr5SpZk_zxnXKMiUj2SaFo9m-NhRb_7z-iP4ymVH-mW0R_k&ppt=None&ppn=None&ssid=1insm3fjfk0000001790935063314&qH=a5594894156db043&ov_redirect=true,2026-10-02
148,"BOLTT EVO (Berry Red, 128 GB)",BOLTT,11499,18999,39% off,4,"1,804",873,6 GB RAM,128 GB ROM,6000 mAh Lithium ion Battery,T7250 Processor,6.79'' HD+ punch hole display,50MP + 2MP | 8MP Front Camera,,https://www.flipkart.com/boltt-evo-berry-red-128-gb/p/itmf046d663a1fd7?pid=MOBHPP59TUYYPWP5&lid=LSTMOBHPP59TUYYPWP5U7J1VB&marketplace=FLIPKART&q=smart+phones&store=tyy%2F4io&srno=s_7_148&otracker=search&fm=organic&iid=en_JWwYLRixJgTza0IzFe-45TVjn_ZlmcqgTKTnSOka1-wmTQMJidiulahQpES3T1w_536Q4P5J64sMnJmf8X-4YpZk_zxnXKMiUj2SaFo9m-NhRb_7z-iP4ymVH-mW0R_k&ppt=None&ppn=None&ssid=1insm3fjfk0000001790935063314&qH=a5594894156db043&ov_redirect=true,2026-10-02
149,"realme GT 7T (Racing Yellow, 256 GB)",realme,42999,,,4.4,"5,472",724,12 GB RAM,256 GB ROM,7000 mAh Li-ion Battery,Dimensity 8400-MAX Processor,17.27 cm (6.8 inch) Full HD+ AMOLED Display,50MP + 8MP | 32MP Front Camera,,https://www.flipkart.com/realme-gt-7t-racing-yellow-256-gb/p/itmda26d662ee28e?pid=MOBHFQ6DSMZZDYZG&lid=LSTMOBHFQ6DSMZZDYZGJFCU50&marketplace=FLIPKART&q=smart+phones&store=tyy%2F4io&srno=s_7_149&otracker=search&fm=organic&iid=2503f25a-ff4a-458c-ab49-f5c9bc2bf662.MOBHFQ6DSMZZDYZG.SEARCH&ppt=None&ppn=None&ssid=1insm3fjfk0000001790935063314&qH=a5594894156db043&ov_redirect=true,2026-10-02
150,"realme P4 Power 5G Charger in the Box (TransSilver, 128 GB)",realme,32999,50999,35% off,4.4,"8,645",905,8 GB RAM,128 GB ROM,10001 mAh Battery,Dimensity 7400 Ultra Processor,17.27 cm (6.8 inch) Full HD+ AMOLED Display,,,https://www.flipkart.com/realme-p4-power-5g-charger-box-transsilver-128-gb/p/itm756857550aae6?pid=MOBHN7A8E2QAXYCZ&lid=LSTMOBHN7A8E2QAXYCZ4AT06D&marketplace=FLIPKART&q=smart+phones&store=tyy%2F4io&srno=s_7_150&otracker=search&fm=organic&iid=2503f25a-ff4a-458c-ab49-f5c9bc2bf662.MOBHN7A8E2QAXYCZ.SEARCH&ppt=None&ppn=None&ssid=1insm3fjfk0000001790935063314&qH=a5594894156db043&ov_redirect=true,2026-10-02
151,"Nothing Phone (4b) (White, 256 GB)",Nothing,40999,59999,31% off,4.3,"1,841",179,8 GB RAM,256 GB ROM,6000 mAh Lithium ion Battery,6 Gen 4 Processor,17.2 cm (6.77 inch) Full HD+ AMOLED Display,50MP + 8MP | 16MP Front Camera,,https://www.flipkart.com/nothing-phone-4b-white-256-gb/p/itm939608b40adbb?pid=MOBHZMBD5MZZDUYA&lid=LSTMOBHZMBD5MZZDUYAIWDKYR&marketplace=FLIPKART&q=smart+phones&store=tyy%2F4io&srno=s_7_151&otracker=search&fm=organic&iid=en_JWwYLRixJgTza0IzFe-45TVjn_ZlmcqgTKTnSOka1-ypsqAqzsbOJa7HeO3vhuM67muq75qMORP5m1GATJhVOlQOgTQdsBk_Vf1d789BDsigCH0FZ3FbVrYji1yl_tpe&ppt=None&ppn=None&ssid=1insm3fjfk0000001790935063314&qH=a5594894156db043&ov_redirect=true,2026-10-02
152,"realme P4 Power 5G Charger in the Box (TransSilver, 256 GB)",realme,34999,55999,37% off,4.4,"8,645",905,8 GB RAM,256 GB ROM,10001 mAh Battery,Dimensity 7400 Ultra Processor,17.27 cm (6.8 inch) Full HD+ AMOLED Display,,,https://www.flipkart.com/realme-p4-power-5g-charger-box-transsilver-256-gb/p/itm756857550aae6?pid=MOBHN8YRNFNCF8QV&lid=LSTMOBHN8YRNFNCF8QV9ATYAZ&marketplace=FLIPKART&q=smart+phones&store=tyy%2F4io&srno=s_7_152&otracker=search&fm=organic&iid=2503f25a-ff4a-458c-ab49-f5c9bc2bf662.MOBHN8YRNFNCF8QV.SEARCH&ppt=None&ppn=None&ssid=1insm3fjfk0000001790935063314&qH=a5594894156db043&ov_redirect=true,2026-10-02
153,"REDMI A7 (Sky Blue, 64 GB)",REDMI,12995,25999,50% off,4,233,14,3 GB RAM,64 GB ROM,5200 mAh Lithium-Ion Battery,T7250 Processor,17.48 cm (6.88 $inch) HD+ Display,13MP Rear Camera | 8MP Front Camera,,https://www.flipkart.com/redmi-a7-sky-blue-64-gb/p/itme748dd94e76d7?pid=MOBHN3M5ZNWMM7Q8&lid=LSTMOBHN3M5ZNWMM7Q8MXW5MY&marketplace=FLIPKART&q=smart+phones&store=tyy%2F4io&srno=s_7_153&otracker=search&fm=organic&iid=2503f25a-ff4a-458c-ab49-f5c9bc2bf662.MOBHN3M5ZNWMM7Q8.SEARCH&ppt=None&ppn=None&ssid=1insm3fjfk0000001790935063314&qH=a5594894156db043&ov_redirect=true,2026-10-02
154,"realme 15 5G (Flowing Silver, 256 GB)",realme,31999,,,4.4,"11,375","1,223",8 GB RAM,256 GB ROM,7000 mAh Battery,Mediatek Dimensity 7300+ 5G Processor,17.27 cm (6.8 inch) Full HD+ AMOLED Display,50MP + 8MP | 50MP Front Camera,5G,https://www.flipkart.com/realme-15-5g-flowing-silver-256-gb/p/itme9581fbd0e97a?pid=MOBHDUKFVXWQKMPS&lid=LSTMOBHDUKFVXWQKMPS2WNAQE&marketplace=FLIPKART&q=smart+phones&store=tyy%2F4io&srno=s_7_154&otracker=search&fm=organic&iid=2503f25a-ff4a-458c-ab49-f5c9bc2bf662.MOBHDUKFVXWQKMPS.SEARCH&ppt=None&ppn=None&ssid=1insm3fjfk0000001790935063314&qH=a5594894156db043&ov_redirect=true,2026-10-02
155,"realme 15 5G (Velvet Green, 256 GB)",realme,31999,,,4.4,"11,375","1,223",8 GB RAM,256 GB ROM,7000 mAh Battery,Mediatek Dimensity 7300+ 5G Processor,17.27 cm (6.8 inch) Display,50MP + 8MP | 50MP Front Camera,5G,https://www.flipkart.com/realme-15-5g-velvet-green-256-gb/p/itme9581fbd0e97a?pid=MOBHDUKFHZJFVZXG&lid=LSTMOBHDUKFHZJFVZXGABNNHR&marketplace=FLIPKART&q=smart+phones&store=tyy%2F4io&srno=s_7_155&otracker=search&fm=organic&iid=2503f25a-ff4a-458c-ab49-f5c9bc2bf662.MOBHDUKFHZJFVZXG.SEARCH&ppt=None&ppn=None&ssid=1insm3fjfk0000001790935063314&qH=a5594894156db043&ov_redirect=true,2026-10-02
156,"Samsung M06 5G (Sage Green, 128 GB)",Samsung,15498,15499,,4.1,"6,302",432,4 GB RAM,128 GB ROM,5000 mAh Battery,,17.02 cm (6.7 inch) Display,50MP Rear Camera,,https://www.flipkart.com/samsung-m06-5g-sage-green-128-gb/p/itmcafa42dadc15c?pid=MOBH9UYFYVNKR3HR&lid=LSTMOBH9UYFYVNKR3HRIZOSGJ&marketplace=FLIPKART&q=smart+phones&store=tyy%2F4io&srno=s_7_156&otracker=search&fm=organic&iid=2503f25a-ff4a-458c-ab49-f5c9bc2bf662.MOBH9UYFYVNKR3HR.SEARCH&ppt=None&ppn=None&ssid=1insm3fjfk0000001790935063314&qH=a5594894156db043&ov_redirect=true,2026-10-02
157,"Infinix Note edge (Lunar Titanium, 128 GB)",Infinix,23999,29999,20% off,4.3,522,91,8 GB RAM,128 GB ROM,6500 mAh Battery,Dimensity 7100 Processor,17.22 cm (6.78 inch) Full HD+ AMOLED Display,50MP Rear Camera | 13MP Front Camera,,https://www.flipkart.com/infinix-note-edge-lunar-titanium-128-gb/p/itmab2876405a1ab?pid=MOBHKCV7ZGHABQFG&lid=LSTMOBHKCV7ZGHABQFGXAZBJI&marketplace=FLIPKART&q=smart+phones&store=tyy%2F4io&srno=s_7_157&otracker=search&fm=organic&iid=2503f25a-ff4a-458c-ab49-f5c9bc2bf662.MOBHKCV7ZGHABQFG.SEARCH&ppt=None&ppn=None&ssid=1insm3fjfk0000001790935063314&qH=a5594894156db043&ov_redirect=true,2026-10-02
158,"LAVA Virat V1 (Himalayan Silver, 64 GB)",LAVA,10499,12999,19% off,3.9,"1,142",121,4 GB RAM,64 GB ROM,5000 mAh Battery,,17.14 cm (6.75 inch) Display,13MP Rear Camera,,https://www.flipkart.com/lava-virat-v1-himalayan-silver-64-gb/p/itmed225fe6c3db4?pid=MOBHZ7KNHMYUSZBW&lid=LSTMOBHZ7KNHMYUSZBWGD1ZI4&marketplace=FLIPKART&q=smart+phones&store=tyy%2F4io&srno=s_7_158&otracker=search&fm=organic&iid=2503f25a-ff4a-458c-ab49-f5c9bc2bf662.MOBHZ7KNHMYUSZBW.SEARCH&ppt=None&ppn=None&ssid=1insm3fjfk0000001790935063314&qH=a5594894156db043&ov_redirect=true,2026-10-02
159,"LAVA Virat V1 (Nilgiri Blue, 64 GB)",LAVA,10499,12999,19% off,3.9,"1,142",121,4 GB RAM,64 GB ROM,5000 mAh Battery,,17.14 cm (6.75 inch) Display,13MP Rear Camera,,https://www.flipkart.com/lava-virat-v1-nilgiri-blue-64-gb/p/itmed225fe6c3db4?pid=MOBHZ7KNECQC8BKW&lid=LSTMOBHZ7KNECQC8BKWAYNZG1&marketplace=FLIPKART&q=smart+phones&store=tyy%2F4io&srno=s_7_159&otracker=search&fm=organic&iid=2503f25a-ff4a-458c-ab49-f5c9bc2bf662.MOBHZ7KNECQC8BKW.SEARCH&ppt=None&ppn=None&ssid=1insm3fjfk0000001790935063314&qH=a5594894156db043&ov_redirect=true,2026-10-02
160,"OnePlus Nord CE6 (Pitch Black, 256 GB)",OnePlus,40928,43999,6% off,4.5,"1,362",103,8 GB RAM,256 GB ROM,8000 mAh Battery,Qualcomm® Snapdragon™ 7s Gen 4 Processor,17.22 cm (6.78 inch) Full HD+ Display,50MP Rear Camera | 2MP Front Camera,,https://www.flipkart.com/oneplus-nord-ce6-pitch-black-256-gb/p/itmd7b224b18cb05?pid=MOBHN8FJGG2GYWA9&lid=LSTMOBHN8FJGG2GYWA9OUKUJC&marketplace=FLIPKART&q=smart+phones&store=tyy%2F4io&srno=s_7_160&otracker=search&fm=organic&iid=2503f25a-ff4a-458c-ab49-f5c9bc2bf662.MOBHN8FJGG2GYWA9.SEARCH&ppt=None&ppn=None&ssid=1insm3fjfk0000001790935063314&qH=a5594894156db043&ov_redirect=true,2026-10-02
161,"OnePlus Nord CE6 (Lunar Pearl, 256 GB)",OnePlus,40608,43999,7% off,4.5,"1,362",103,8 GB RAM,256 GB ROM,8000 mAh Battery,Qualcomm® Snapdragon™ 7s Gen 4 Processor,17.22 cm (6.78 inch) Full HD+ Display,50MP Rear Camera | 2MP Front Camera,,https://www.flipkart.com/oneplus-nord-ce6-lunar-pearl-256-gb/p/itmd7b224b18cb05?pid=MOBHN8CDHYCYJFMQ&lid=LSTMOBHN8CDHYCYJFMQXGVK7W&marketplace=FLIPKART&q=smart+phones&store=tyy%2F4io&srno=s_7_161&otracker=search&fm=organic&iid=2503f25a-ff4a-458c-ab49-f5c9bc2bf662.MOBHN8CDHYCYJFMQ.SEARCH&ppt=None&ppn=None&ssid=1insm3fjfk0000001790935063314&qH=a5594894156db043&ov_redirect=true,2026-10-02
162,"OnePlus Nord CE6 (Fresh Blue, 128 GB)",OnePlus,36800,40999,10% off,4.5,"1,362",103,8 GB RAM,128 GB ROM,8000 mAh Battery,Qualcomm® Snapdragon™ 7s Gen 4 Processor,17.22 cm (6.78 inch) Full HD+ Display,50MP Rear Camera | 2MP Front Camera,,https://www.flipkart.com/oneplus-nord-ce6-fresh-blue-128-gb/p/itmd7b224b18cb05?pid=MOBHNBDGGHYAE6ZP&lid=LSTMOBHNBDGGHYAE6ZPKJQZXF&marketplace=FLIPKART&q=smart+phones&store=tyy%2F4io&srno=s_7_162&otracker=search&fm=organic&iid=2503f25a-ff4a-458c-ab49-f5c9bc2bf662.MOBHNBDGGHYAE6ZP.SEARCH&ppt=None&ppn=None&ssid=1insm3fjfk0000001790935063314&qH=a5594894156db043&ov_redirect=true,2026-10-02
163,"vivo T5 5G (Royal Bronze, 128 GB)",vivo,39999,55999,28% off,4.5,260,29,8 GB RAM,128 GB ROM,7050 mAh Li-ion Battery,Dimensity 7500 Processor,17.35 cm (6.83 inch) Full HD+ AMOLED Display,50MP + 8MP | 32MP Front Camera,,https://www.flipkart.com/vivo-t5-5g-royal-bronze-128-gb/p/itm8fa150d1fa2d2?pid=MOBHQC8D6EURCBKD&lid=LSTMOBHQC8D6EURCBKDVGX4VE&marketplace=FLIPKART&q=smart+phones&store=tyy%2F4io&srno=s_7_163&otracker=search&fm=organic&iid=2503f25a-ff4a-458c-ab49-f5c9bc2bf662.MOBHQC8D6EURCBKD.SEARCH&ppt=None&ppn=None&ssid=1insm3fjfk0000001790935063314&qH=a5594894156db043&ov_redirect=true,2026-10-02
164,"vivo T5 5G (Royal Bronze, 256 GB)",vivo,44999,61999,27% off,4.5,260,29,8 GB RAM,256 GB ROM,7050 mAh Li-ion Battery,Dimensity 7500 Processor,17.35 cm (6.83 inch) Full HD+ AMOLED Display,50MP + 8MP | 32MP Front Camera,,https://www.flipkart.com/vivo-t5-5g-royal-bronze-256-gb/p/itm8fa150d1fa2d2?pid=MOBHQC8DHZ54RRHA&lid=LSTMOBHQC8DHZ54RRHAQKVWSE&marketplace=FLIPKART&q=smart+phones&store=tyy%2F4io&srno=s_7_164&otracker=search&fm=organic&iid=2503f25a-ff4a-458c-ab49-f5c9bc2bf662.MOBHQC8DHZ54RRHA.SEARCH&ppt=None&ppn=None&ssid=1insm3fjfk0000001790935063314&qH=a5594894156db043&ov_redirect=true,2026-10-02
165,"REDMI 15 5G (Midnight Black, 128 GB)",REDMI,21880,32999,33% off,4.3,"3,277",249,6 GB RAM,128 GB ROM,7000 mAh Battery,,17.53 cm (6.9 inch) Display,50MP Rear Camera,,https://www.flipkart.com/redmi-15-5g-midnight-black-128-gb/p/itmd7bced8727891?pid=MOBHFH9544VVMQNN&lid=LSTMOBHFH9544VVMQNN6THCVV&marketplace=FLIPKART&q=smart+phones&store=tyy%2F4io&srno=s_7_165&otracker=search&fm=organic&iid=2503f25a-ff4a-458c-ab49-f5c9bc2bf662.MOBHFH9544VVMQNN.SEARCH&ppt=None&ppn=None&ssid=1insm3fjfk0000001790935063314&qH=a5594894156db043&ov_redirect=true,2026-10-02
166,"vivo T5 5G (Silver Green, 128 GB)",vivo,39999,55999,28% off,4.5,260,29,8 GB RAM,128 GB ROM,7050 mAh Li-ion Battery,Dimensity 7500 Processor,17.35 cm (6.83 inch) Full HD+ AMOLED Display,50MP + 8MP | 32MP Front Camera,,https://www.flipkart.com/vivo-t5-5g-silver-green-128-gb/p/itm8fa150d1fa2d2?pid=MOBHQC8DR8GYASKC&lid=LSTMOBHQC8DR8GYASKCX6FHLE&marketplace=FLIPKART&q=smart+phones&store=tyy%2F4io&srno=s_7_166&otracker=search&fm=organic&iid=2503f25a-ff4a-458c-ab49-f5c9bc2bf662.MOBHQC8DR8GYASKC.SEARCH&ppt=None&ppn=None&ssid=1insm3fjfk0000001790935063314&qH=a5594894156db043&ov_redirect=true,2026-10-02
167,"REDMI 15 5G (Sandy Purple, 128 GB)",REDMI,22473,32999,31% off,4.3,"3,277",249,6 GB RAM,128 GB ROM,7000 mAh Battery,,17.53 cm (6.9 inch) Display,50MP Rear Camera,,https://www.flipkart.com/redmi-15-5g-sandy-purple-128-gb/p/itmd7bced8727891?pid=MOBHFH95KX2GA62H&lid=LSTMOBHFH95KX2GA62HFJBIEL&marketplace=FLIPKART&q=smart+phones&store=tyy%2F4io&srno=s_7_167&otracker=search&fm=organic&iid=2503f25a-ff4a-458c-ab49-f5c9bc2bf662.MOBHFH95KX2GA62H.SEARCH&ppt=None&ppn=None&ssid=1insm3fjfk0000001790935063314&qH=a5594894156db043&ov_redirect=true,2026-10-02
168,"realme P4 Power 5G Charger in the Box (TransOrange, 256 GB)",realme,34999,55999,37% off,4.4,"8,645",905,8 GB RAM,256 GB ROM,10001 mAh Battery,Dimensity 7400 Ultra Processor,17.27 cm (6.8 inch) Full HD+ AMOLED Display,,,https://www.flipkart.com/realme-p4-power-5g-charger-box-transorange-256-gb/p/itm756857550aae6?pid=MOBHN8YRKQMFAHAU&lid=LSTMOBHN8YRKQMFAHAUVWFHOR&marketplace=FLIPKART&q=smart+phones&store=tyy%2F4io&srno=s_7_168&otracker=search&fm=organic&iid=2503f25a-ff4a-458c-ab49-f5c9bc2bf662.MOBHN8YRKQMFAHAU.SEARCH&ppt=None&ppn=None&ssid=1insm3fjfk0000001790935063314&qH=a5594894156db043&ov_redirect=true,2026-10-02
169,"POCO C75 5G (Enchanted Green, 64 GB)",POCO,10999,,,4.2,"1,49,586","7,645",4 GB RAM,64 GB ROM,5160 mAh Battery,4s Gen 2 5G Processor,17.48 cm (6.88 inch) HD+ Display,50MP Rear Camera | 5MP Front Camera,5G,https://www.flipkart.com/poco-c75-5g-enchanted-green-64-gb/p/itmf8fdd88f80fcc?pid=MOBH7443VEGWXG4G&lid=LSTMOBH7443VEGWXG4GOW118G&marketplace=FLIPKART&q=smart+phones&store=tyy%2F4io&srno=s_8_169&otracker=search&fm=organic&iid=74e9fede-1269-4f78-8d4c-e7243d2ab463.MOBH7443VEGWXG4G.SEARCH&ppt=None&ppn=None&ssid=cdj4a8uamo0000001790935066065&qH=a5594894156db043&ov_redirect=true,2026-10-02
170,"REDMI 15 5G (Sandy Purple, 256 GB)",REDMI,27790,36999,24% off,4.3,"5,022",320,8 GB RAM,256 GB ROM,7000 mAh Battery,,17.53 cm (6.9 inch) Display,50MP Rear Camera,,https://www.flipkart.com/redmi-15-5g-sandy-purple-256-gb/p/itmd7bced8727891?pid=MOBHFH95JHYG8ZPN&lid=LSTMOBHFH95JHYG8ZPNFYP0WI&marketplace=FLIPKART&q=smart+phones&store=tyy%2F4io&srno=s_8_170&otracker=search&fm=organic&iid=74e9fede-1269-4f78-8d4c-e7243d2ab463.MOBHFH95JHYG8ZPN.SEARCH&ppt=None&ppn=None&ssid=cdj4a8uamo0000001790935066065&qH=a5594894156db043&ov_redirect=true,2026-10-02
171,"BOLTT EVO (Midnight Black, 64 GB)",BOLTT,9999,17999,44% off,4.4,"1,327",695,4 GB RAM,64 GB ROM,6000 mAh Lithium ion Battery,T7250 Processor,6.79'' HD+ punch hole display,50MP + 2MP | 8MP Front Camera,,https://www.flipkart.com/boltt-evo-midnight-black-64-gb/p/itmf046d663a1fd7?pid=MOBHPP597GB8ZHTY&lid=LSTMOBHPP597GB8ZHTYGYX70A&marketplace=FLIPKART&q=smart+phones&store=tyy%2F4io&srno=s_8_171&otracker=search&fm=organic&iid=en_xLKtNjzE-hlnWcD0Oq84aL9b-axJi_kBJpdIARaKW8qTaCVthywVovUnt7UmtGC7s7qCwkzzZfXNJUlojOr5SpZk_zxnXKMiUj2SaFo9m-PkA5NAU8RjToBrHL9YsYpV&ppt=None&ppn=None&ssid=cdj4a8uamo0000001790935066065&qH=a5594894156db043&ov_redirect=true,2026-10-02
172,"BOLTT EVO (Berry Red, 128 GB)",BOLTT,11499,18999,39% off,4,"1,804",873,6 GB RAM,128 GB ROM,6000 mAh Lithium ion Battery,T7250 Processor,6.79'' HD+ punch hole display,50MP + 2MP | 8MP Front Camera,,https://www.flipkart.com/boltt-evo-berry-red-128-gb/p/itmf046d663a1fd7?pid=MOBHPP59TUYYPWP5&lid=LSTMOBHPP59TUYYPWP5U7J1VB&marketplace=FLIPKART&q=smart+phones&store=tyy%2F4io&srno=s_8_172&otracker=search&fm=organic&iid=en_xLKtNjzE-hlnWcD0Oq84aL9b-axJi_kBJpdIARaKW8qhT0ah866Idnqbco8OlgWF536Q4P5J64sMnJmf8X-4YpZk_zxnXKMiUj2SaFo9m-PkA5NAU8RjToBrHL9YsYpV&ppt=None&ppn=None&ssid=cdj4a8uamo0000001790935066065&qH=a5594894156db043&ov_redirect=true,2026-10-02
173,"Apple iPhone 18 Pro (Silver, 256 GB)",Apple,164900,,,4.7,236,30,,,,"A20 Pro chip, 6 Core Processor Processor",16.0 cm (6.3 inch) Super Retina XDR Display,48MP + 48MP + 48MP | 18MP Front Camera,,https://www.flipkart.com/apple-iphone-18-pro-silver-256-gb/p/itm5ce813274f766?pid=MOBHR2GUZHXFZGRH&lid=LSTMOBHR2GUZHXFZGRHLAZBKB&marketplace=FLIPKART&q=smart+phones&store=tyy%2F4io&srno=s_8_173&otracker=search&fm=organic&iid=74e9fede-1269-4f78-8d4c-e7243d2ab463.MOBHR2GUZHXFZGRH.SEARCH&ppt=None&ppn=None&ssid=cdj4a8uamo0000001790935066065&qH=a5594894156db043&ov_redirect=true,2026-10-02
174,"REDMI 15 5G (Sandy Purple, 128 GB)",REDMI,24099,25999,7% off,4.3,"5,022",320,8 GB RAM,128 GB ROM,7000 mAh Battery,,17.53 cm (6.9 inch) Display,50MP Rear Camera,,https://www.flipkart.com/redmi-15-5g-sandy-purple-128-gb/p/itmd7bced8727891?pid=MOBHFTM6MZ8J3XDW&lid=LSTMOBHFTM6MZ8J3XDWXFCAYN&marketplace=FLIPKART&q=smart+phones&store=tyy%2F4io&srno=s_8_174&otracker=search&fm=organic&iid=74e9fede-1269-4f78-8d4c-e7243d2ab463.MOBHFTM6MZ8J3XDW.SEARCH&ppt=None&ppn=None&ssid=cdj4a8uamo0000001790935066065&qH=a5594894156db043&ov_redirect=true,2026-10-02
175,"realme Narzo 100 Lite 5G (Frost Silver, 128 GB)",realme,18490,27999,33% off,4.2,"1,510",74,4 GB RAM,128 GB ROM,7000 mAh Battery,,17.27 cm (6.8 inch) Display,13MP Rear Camera,,https://www.flipkart.com/realme-narzo-100-lite-5g-frost-silver-128-gb/p/itm659398bfe469c?pid=MOBHMZ3UF6EHPUSW&lid=LSTMOBHMZ3UF6EHPUSWBWQ0UR&marketplace=FLIPKART&q=smart+phones&store=tyy%2F4io&srno=s_8_175&otracker=search&fm=organic&iid=74e9fede-1269-4f78-8d4c-e7243d2ab463.MOBHMZ3UF6EHPUSW.SEARCH&ppt=None&ppn=None&ssid=cdj4a8uamo0000001790935066065&qH=a5594894156db043&ov_redirect=true,2026-10-02
176,"realme P3 Ultra 5G (Glowing Lunar White, 256 GB)",realme,28999,33999,14% off,4.4,"22,133","2,557",8 GB RAM,256 GB ROM,6000 mAh Battery,Dimensity 8350 Ultra Processor,17.35 cm (6.83 inch) Full HD+ Display,50MP + 8MP | 16MP Front Camera,,https://www.flipkart.com/realme-p3-ultra-5g-glowing-lunar-white-256-gb/p/itm50171223b4a05?pid=MOBHAYKEYZQPMJM8&lid=LSTMOBHAYKEYZQPMJM8YKEI0U&marketplace=FLIPKART&q=smart+phones&store=tyy%2F4io&srno=s_8_176&otracker=search&fm=organic&iid=74e9fede-1269-4f78-8d4c-e7243d2ab463.MOBHAYKEYZQPMJM8.SEARCH&ppt=None&ppn=None&ssid=cdj4a8uamo0000001790935066065&qH=a5594894156db043&ov_redirect=true,2026-10-02
177,"Nothing Phone (4b) (White, 256 GB)",Nothing,40999,59999,31% off,4.3,"1,841",179,8 GB RAM,256 GB ROM,6000 mAh Lithium ion Battery,6 Gen 4 Processor,17.2 cm (6.77 inch) Full HD+ AMOLED Display,50MP + 8MP | 16MP Front Camera,,https://www.flipkart.com/nothing-phone-4b-white-256-gb/p/itm939608b40adbb?pid=MOBHZMBD5MZZDUYA&lid=LSTMOBHZMBD5MZZDUYAIWDKYR&marketplace=FLIPKART&q=smart+phones&store=tyy%2F4io&srno=s_8_177&otracker=search&fm=organic&iid=en_xLKtNjzE-hlnWcD0Oq84aL9b-axJi_kBJpdIARaKW8qjZ9sIGone64G2imXWiIda7muq75qMORP5m1GATJhVOlQOgTQdsBk_Vf1d789BDsifwsZes2lbV8TEMP1J7Ry6&ppt=None&ppn=None&ssid=cdj4a8uamo0000001790935066065&qH=a5594894156db043&ov_redirect=true,2026-10-02
178,"POCO F6 5G (Titanium, 256 GB)",POCO,31999,35999,11% off,4.3,"9,151",910,12 GB RAM,256 GB ROM,5000 mAh Battery,8s Gen3 Processor,16.94 cm (6.67 inch) Display,50MP (OIS) + 8MP | 20MP Front Camera,,https://www.flipkart.com/poco-f6-5g-titanium-256-gb/p/itmb5451dec31503?pid=MOBHYUZGDMF7UJMG&lid=LSTMOBHYUZGDMF7UJMG8JGACN&marketplace=FLIPKART&q=smart+phones&store=tyy%2F4io&srno=s_8_178&otracker=search&fm=organic&iid=74e9fede-1269-4f78-8d4c-e7243d2ab463.MOBHYUZGDMF7UJMG.SEARCH&ppt=None&ppn=None&ssid=cdj4a8uamo0000001790935066065&qH=a5594894156db043&ov_redirect=true,2026-10-02
179,"Samsung Galaxy M17e (Vibe Violet, 128 GB)",Samsung,19194,20999,8% off,4.1,"1,136",93,6 GB RAM,128 GB ROM,6000 mAh Battery,MediaTek Dimensity Processor,17.02 cm (6.7 inch) Full HD+ Display,50MP Rear Camera | 2MP Front Camera,,https://www.flipkart.com/samsung-galaxy-m17e-vibe-violet-128-gb/p/itm1b5a0ea459581?pid=MOBHHQWGFRUKCEC3&lid=LSTMOBHHQWGFRUKCEC3AGLFNL&marketplace=FLIPKART&q=smart+phones&store=tyy%2F4io&srno=s_8_179&otracker=search&fm=organic&iid=74e9fede-1269-4f78-8d4c-e7243d2ab463.MOBHHQWGFRUKCEC3.SEARCH&ppt=None&ppn=None&ssid=cdj4a8uamo0000001790935066065&qH=a5594894156db043&ov_redirect=true,2026-10-02
180,"realme GT 7T (IceSense Black, 512 GB)",realme,45999,46999,2% off,4.4,"5,472",724,12 GB RAM,512 GB ROM,7000 mAh Li-ion Battery,Dimensity 8400-MAX Processor,17.27 cm (6.8 inch) Full HD+ AMOLED Display,50MP + 8MP | 32MP Front Camera,,https://www.flipkart.com/realme-gt-7t-icesense-black-512-gb/p/itmda26d662ee28e?pid=MOBHFQ6DKXGTFCUT&lid=LSTMOBHFQ6DKXGTFCUTUQHNLM&marketplace=FLIPKART&q=smart+phones&store=tyy%2F4io&srno=s_8_180&otracker=search&fm=organic&iid=74e9fede-1269-4f78-8d4c-e7243d2ab463.MOBHFQ6DKXGTFCUT.SEARCH&ppt=None&ppn=None&ssid=cdj4a8uamo0000001790935066065&qH=a5594894156db043&ov_redirect=true,2026-10-02
181,"Samsung M36 5G (Serene Green / Light Green, 128 GB)",Samsung,24299,24499,,4.1,"1,908",172,8 GB RAM,128 GB ROM,5000 mAh Battery,,17.02 cm (6.7 inch) Display,50MP Rear Camera,,https://www.flipkart.com/samsung-m36-5g-serene-green-light-green-128-gb/p/itmf77ec4e8758a8?pid=MOBHEYY2FM76JHHA&lid=LSTMOBHEYY2FM76JHHAQFDU8I&marketplace=FLIPKART&q=smart+phones&store=tyy%2F4io&srno=s_8_181&otracker=search&fm=organic&iid=74e9fede-1269-4f78-8d4c-e7243d2ab463.MOBHEYY2FM76JHHA.SEARCH&ppt=None&ppn=None&ssid=cdj4a8uamo0000001790935066065&qH=a5594894156db043&ov_redirect=true,2026-10-02
182,"OnePlus Nord CE6 Lite (Vivid Mint, 128 GB)",OnePlus,27490,31999,14% off,4.3,"1,446",101,6 GB RAM,128 GB ROM,7000 mAh Battery,Mediatek Dimensity 7400 Processor,17.07 cm (6.72 inch) Full HD+ Display,50MP Rear Camera | 8MP Front Camera,,https://www.flipkart.com/oneplus-nord-ce6-lite-vivid-mint-128-gb/p/itm58b0468d235f0?pid=MOBHN8CVXZNTVTKZ&lid=LSTMOBHN8CVXZNTVTKZUYWFVV&marketplace=FLIPKART&q=smart+phones&store=tyy%2F4io&srno=s_8_182&otracker=search&fm=organic&iid=74e9fede-1269-4f78-8d4c-e7243d2ab463.MOBHN8CVXZNTVTKZ.SEARCH&ppt=None&ppn=None&ssid=cdj4a8uamo0000001790935066065&qH=a5594894156db043&ov_redirect=true,2026-10-02
183,"REDMI 15 5G (Frosted White, 128 GB)",REDMI,23399,26999,13% off,4.3,"3,277",249,6 GB RAM,128 GB ROM,7000 mAh Battery,,17.53 cm (6.9 inch) Display,50MP Rear Camera,,https://www.flipkart.com/redmi-15-5g-frosted-white-128-gb/p/itmd7bced8727891?pid=MOBHFH95FKU234AN&lid=LSTMOBHFH95FKU234ANTNHJJ9&marketplace=FLIPKART&q=smart+phones&store=tyy%2F4io&srno=s_8_183&otracker=search&fm=organic&iid=74e9fede-1269-4f78-8d4c-e7243d2ab463.MOBHFH95FKU234AN.SEARCH&ppt=None&ppn=None&ssid=cdj4a8uamo0000001790935066065&qH=a5594894156db043&ov_redirect=true,2026-10-02
184,"REDMI 15 5G (Frosted White, 128 GB)",REDMI,23959,34999,31% off,4.3,"5,022",320,8 GB RAM,128 GB ROM,7000 mAh Battery,,17.53 cm (6.9 inch) Display,50MP Rear Camera,,https://www.flipkart.com/redmi-15-5g-frosted-white-128-gb/p/itmd7bced8727891?pid=MOBHFTM3YSST7ZAZ&lid=LSTMOBHFTM3YSST7ZAZM0DYSM&marketplace=FLIPKART&q=smart+phones&store=tyy%2F4io&srno=s_8_184&otracker=search&fm=organic&iid=74e9fede-1269-4f78-8d4c-e7243d2ab463.MOBHFTM3YSST7ZAZ.SEARCH&ppt=None&ppn=None&ssid=cdj4a8uamo0000001790935066065&qH=a5594894156db043&ov_redirect=true,2026-10-02
185,"Infinix Note edge (Solar Orange, 128 GB)",Infinix,26999,,,4.2,739,103,6 GB RAM,128 GB ROM,6500 mAh Battery,Dimensity 7100 Processor,17.22 cm (6.78 inch) Full HD+ AMOLED Display,50MP Rear Camera | 13MP Front Camera,,https://www.flipkart.com/infinix-note-edge-solar-orange-128-gb/p/itmab2876405a1ab?pid=MOBHN3VZCZ7FRKUN&lid=LSTMOBHN3VZCZ7FRKUN7LPUCY&marketplace=FLIPKART&q=smart+phones&store=tyy%2F4io&srno=s_8_185&otracker=search&fm=organic&iid=74e9fede-1269-4f78-8d4c-e7243d2ab463.MOBHN3VZCZ7FRKUN.SEARCH&ppt=None&ppn=None&ssid=cdj4a8uamo0000001790935066065&qH=a5594894156db043&ov_redirect=true,2026-10-02
186,"realme GT 7T (Racing Yellow, 256 GB)",realme,39999,,,4.3,"2,792",343,8 GB RAM,256 GB ROM,7000 mAh Li-ion Battery,Dimensity 8400-MAX Processor,17.27 cm (6.8 inch) Full HD+ AMOLED Display,50MP + 8MP | 32MP Front Camera,,https://www.flipkart.com/realme-gt-7t-racing-yellow-256-gb/p/itmda26d662ee28e?pid=MOBHFQ6DKHFCRZDX&lid=LSTMOBHFQ6DKHFCRZDXOOEMRS&marketplace=FLIPKART&q=smart+phones&store=tyy%2F4io&srno=s_8_186&otracker=search&fm=organic&iid=74e9fede-1269-4f78-8d4c-e7243d2ab463.MOBHFQ6DKHFCRZDX.SEARCH&ppt=None&ppn=None&ssid=cdj4a8uamo0000001790935066065&qH=a5594894156db043&ov_redirect=true,2026-10-02
187,"Ai+ Nova 2 5G (Purple, 64 GB)",Ai+,13999,,,4.2,"7,115",410,4 GB RAM,64 GB ROM,6000 mAh Battery,T8200 Processor,17.13 cm (6.745 inch) HD+ Display,50MP Rear Camera | 8MP Front Camera,,https://www.flipkart.com/ai-nova-2-5g-purple-64-gb/p/itm07c0f38f44c5c?pid=MOBHKHPYYEJCZCAA&lid=LSTMOBHKHPYYEJCZCAA8UE6IX&marketplace=FLIPKART&q=smart+phones&store=tyy%2F4io&srno=s_8_187&otracker=search&fm=organic&iid=74e9fede-1269-4f78-8d4c-e7243d2ab463.MOBHKHPYYEJCZCAA.SEARCH&ppt=None&ppn=None&ssid=cdj4a8uamo0000001790935066065&qH=a5594894156db043&ov_redirect=true,2026-10-02
188,"POCO C85x 5G (Sunset Gold, 128 GB)",POCO,15999,21999,27% off,4.1,"5,840",796,4 GB RAM,128 GB ROM,6300 mAh Lithium-Ion Polymer Battery,T8300 Processor,17.53 cm (6.9 inch) HD+ Display,32MP Rear Camera,,https://www.flipkart.com/poco-c85x-5g-sunset-gold-128-gb/p/itm20c91efa7906e?pid=MOBHMGG5BR94DQRY&lid=LSTMOBHMGG5BR94DQRY8N6NYY&marketplace=FLIPKART&q=smart+phones&store=tyy%2F4io&srno=s_8_188&otracker=search&fm=organic&iid=74e9fede-1269-4f78-8d4c-e7243d2ab463.MOBHMGG5BR94DQRY.SEARCH&ppt=None&ppn=None&ssid=cdj4a8uamo0000001790935066065&qH=a5594894156db043&ov_redirect=true,2026-10-02
189,"REDMI Note 15 SE 5G Snapdragon (Crimson Reserve, 128 GB)",REDMI,25999,34999,25% off,4.3,"6,665",594,6 GB RAM,128 GB ROM,5800 mAh Lithium-Ion Polymer Battery,Snapdragon 6 Gen 3 Processor,17.2 cm (6.77 inch) Full HD+ AMOLED Display,50MP Rear Camera | 20MP Front Camera,,https://www.flipkart.com/redmi-note-15-se-5g-snapdragon-crimson-reserve-128-gb/p/itm9673d59744d29?pid=MOBHN52FTTUWZGBA&lid=LSTMOBHN52FTTUWZGBA7GXSD5&marketplace=FLIPKART&q=smart+phones&store=tyy%2F4io&srno=s_8_189&otracker=search&fm=organic&iid=74e9fede-1269-4f78-8d4c-e7243d2ab463.MOBHN52FTTUWZGBA.SEARCH&ppt=None&ppn=None&ssid=cdj4a8uamo0000001790935066065&qH=a5594894156db043&ov_redirect=true,2026-10-02
190,"OPPO K14 Lite (Feather Purple, 64 GB)",OPPO,16999,37999,55% off,4,84,8,4 GB RAM,64 GB ROM,7000 mAh lithium-ion polymer Battery,T7250 Processor,17.14 cm (6.75 inch) HD+ Display,13MP Rear Camera | 5MP Front Camera,,https://www.flipkart.com/oppo-k14-lite-feather-purple-64-gb/p/itmb13fea9340374?pid=MOBHQZZ2GTANTBKC&lid=LSTMOBHQZZ2GTANTBKCCEHJHZ&marketplace=FLIPKART&q=smart+phones&store=tyy%2F4io&srno=s_8_190&otracker=search&fm=organic&iid=74e9fede-1269-4f78-8d4c-e7243d2ab463.MOBHQZZ2GTANTBKC.SEARCH&ppt=None&ppn=None&ssid=cdj4a8uamo0000001790935066065&qH=a5594894156db043&ov_redirect=true,2026-10-02
191,"OPPO K14 Lite (Stone Brown, 64 GB)",OPPO,16999,37999,55% off,4,84,8,4 GB RAM,64 GB ROM,7000 mAh lithium-ion polymer Battery,T7250 Processor,17.14 cm (6.75 inch) HD+ Display,13MP Rear Camera | 5MP Front Camera,,https://www.flipkart.com/oppo-k14-lite-stone-brown-64-gb/p/itmb13fea9340374?pid=MOBHQZZ2HVKFBAGP&lid=LSTMOBHQZZ2HVKFBAGP9HQ2J4&marketplace=FLIPKART&q=smart+phones&store=tyy%2F4io&srno=s_8_191&otracker=search&fm=organic&iid=74e9fede-1269-4f78-8d4c-e7243d2ab463.MOBHQZZ2HVKFBAGP.SEARCH&ppt=None&ppn=None&ssid=cdj4a8uamo0000001790935066065&qH=a5594894156db043&ov_redirect=true,2026-10-02
192,"Samsung Galaxy M17e (Blitz Blue, 128 GB)",Samsung,17250,18999,9% off,4,"1,133",90,4 GB RAM,128 GB ROM,6000 mAh Battery,MediaTek Dimensity Processor,17.02 cm (6.7 inch) Full HD+ Display,50MP Rear Camera | 2MP Front Camera,,https://www.flipkart.com/samsung-galaxy-m17e-blitz-blue-128-gb/p/itm1b5a0ea459581?pid=MOBHHQTGXCB3FHGY&lid=LSTMOBHHQTGXCB3FHGYPBMBR8&marketplace=FLIPKART&q=smart+phones&store=tyy%2F4io&srno=s_8_192&otracker=search&fm=organic&iid=74e9fede-1269-4f78-8d4c-e7243d2ab463.MOBHHQTGXCB3FHGY.SEARCH&ppt=None&ppn=None&ssid=cdj4a8uamo0000001790935066065&qH=a5594894156db043&ov_redirect=true,2026-10-02
193,"LAVA Virat V1 5G (Arya Blue, 128 GB)",LAVA,14499,17499,17% off,4.1,"1,122",212,4 GB RAM,128 GB ROM,6000 mAh Battery,T8200 Processor,17.14 cm (6.75 inch) Display,13MP Rear Camera | 5MP Front Camera,,https://www.flipkart.com/lava-virat-v1-5g-arya-blue-128-gb/p/itm11c9a497c9644?pid=MOBHQ6XKPVUPVJNJ&lid=LSTMOBHQ6XKPVUPVJNJFN1XGI&marketplace=FLIPKART&q=smart+phones&store=tyy%2F4io&srno=s_9_193&otracker=search&fm=organic&iid=2c1eef15-513a-4232-989c-8aa38dbe7bac.MOBHQ6XKPVUPVJNJ.SEARCH&ppt=None&ppn=None&ssid=re7m34lm8w0000001790935068744&qH=a5594894156db043&ov_redirect=true,2026-10-02
194,"Apple iPhone 16 (Pink, 128 GB)",Apple,69900,,,4.6,"1,99,367","8,625",,,,"A18 Chip, 6 Core Processor Processor",15.49 cm (6.1 inch) Super Retina XDR Display,48MP + 12MP | 12MP Front Camera,,https://www.flipkart.com/apple-iphone-16-pink-128-gb/p/itmc2e910b4d0b1c?pid=MOBH4DQFWJVDRSHM&lid=LSTMOBH4DQFWJVDRSHMAMTBLL&marketplace=FLIPKART&q=smart+phones&store=tyy%2F4io&srno=s_9_194&otracker=search&fm=organic&iid=2c1eef15-513a-4232-989c-8aa38dbe7bac.MOBH4DQFWJVDRSHM.SEARCH&ppt=None&ppn=None&ssid=re7m34lm8w0000001790935068744&qH=a5594894156db043&ov_redirect=true,2026-10-02
195,"Samsung Galaxy M17e (Vibe Violet, 128 GB)",Samsung,17346,18999,8% off,4,"1,133",90,4 GB RAM,128 GB ROM,6000 mAh Battery,MediaTek Dimensity Processor,17.02 cm (6.7 inch) Full HD+ Display,50MP Rear Camera | 2MP Front Camera,,https://www.flipkart.com/samsung-galaxy-m17e-vibe-violet-128-gb/p/itm1b5a0ea459581?pid=MOBHHQUDATUWHVGA&lid=LSTMOBHHQUDATUWHVGAVAU8MW&marketplace=FLIPKART&q=smart+phones&store=tyy%2F4io&srno=s_9_195&otracker=search&fm=organic&iid=2c1eef15-513a-4232-989c-8aa38dbe7bac.MOBHHQUDATUWHVGA.SEARCH&ppt=None&ppn=None&ssid=re7m34lm8w0000001790935068744&qH=a5594894156db043&ov_redirect=true,2026-10-02
196,"LAVA Virat V1 (Deccan Grey, 64 GB)",LAVA,10499,12999,19% off,3.9,"1,142",121,4 GB RAM,64 GB ROM,5000 mAh Battery,,17.14 cm (6.75 inch) Display,13MP Rear Camera,,https://www.flipkart.com/lava-virat-v1-deccan-grey-64-gb/p/itmed225fe6c3db4?pid=MOBHQDF4A4MWA6EE&lid=LSTMOBHQDF4A4MWA6EEKZSILZ&marketplace=FLIPKART&q=smart+phones&store=tyy%2F4io&srno=s_9_196&otracker=search&fm=organic&iid=2c1eef15-513a-4232-989c-8aa38dbe7bac.MOBHQDF4A4MWA6EE.SEARCH&ppt=None&ppn=None&ssid=re7m34lm8w0000001790935068744&qH=a5594894156db043&ov_redirect=true,2026-10-02
197,"BOLTT EVO (Arctic White, 128 GB)",BOLTT,11499,18999,39% off,4,"1,804",873,6 GB RAM,128 GB ROM,6000 mAh Lithium ion Battery,T7250 Processor,6.79'' HD+ punch hole display,50MP + 2MP | 8MP Front Camera,,https://www.flipkart.com/boltt-evo-arctic-white-128-gb/p/itmf046d663a1fd7?pid=MOBHPP59GKGTGZGA&lid=LSTMOBHPP59GKGTGZGAIEMNWG&marketplace=FLIPKART&q=smart+phones&store=tyy%2F4io&srno=s_9_197&otracker=search&fm=organic&iid=en_2ZQaUXeh-Mxx7Ab_Xupq1KIJ_167wfs2aiK951X4CVHnFyIGqO3yxSlyjqA20UxRApXdqJ8g9gjPKgZjVdc9bpZk_zxnXKMiUj2SaFo9m-Nxx6uZYIgUCawP2bFZl630&ppt=None&ppn=None&ssid=re7m34lm8w0000001790935068744&qH=a5594894156db043&ov_redirect=true,2026-10-02
198,"BOLTT EVO (Berry Red, 64 GB)",BOLTT,9999,17999,44% off,4.4,"1,327",695,4 GB RAM,64 GB ROM,6000 mAh Lithium ion Battery,T7250 Processor,6.79'' HD+ punch hole display,50MP + 2MP | 8MP Front Camera,,https://www.flipkart.com/boltt-evo-berry-red-64-gb/p/itmf046d663a1fd7?pid=MOBHPP598ENKRGBY&lid=LSTMOBHPP598ENKRGBYC3QECN&marketplace=FLIPKART&q=smart+phones&store=tyy%2F4io&srno=s_9_198&otracker=search&fm=organic&iid=en_2ZQaUXeh-Mxx7Ab_Xupq1KIJ_167wfs2aiK951X4CVEfUUMAWKu_jK8WF6tVDT9GmCxeu8uCGyw6NBIvVnameZZk_zxnXKMiUj2SaFo9m-Nxx6uZYIgUCawP2bFZl630&ppt=None&ppn=None&ssid=re7m34lm8w0000001790935068744&qH=a5594894156db043&ov_redirect=true,2026-10-02
199,"realme P4 Pro 5G (Birch Wood, 256 GB)",realme,32999,,,4.4,"5,155",534,12 GB RAM,256 GB ROM,7000 mAh Battery,Snapdragon 7 Gen 4 Mobile Processor,17.27 cm (6.8 inch) Full HD+ Display,50MP + 8MP | 50MP Front Camera,,https://www.flipkart.com/realme-p4-pro-5g-birch-wood-256-gb/p/itme41a54752cc21?pid=MOBHERXKUV3RGG5F&lid=LSTMOBHERXKUV3RGG5FX55ENJ&marketplace=FLIPKART&q=smart+phones&store=tyy%2F4io&srno=s_9_199&otracker=search&fm=organic&iid=2c1eef15-513a-4232-989c-8aa38dbe7bac.MOBHERXKUV3RGG5F.SEARCH&ppt=None&ppn=None&ssid=re7m34lm8w0000001790935068744&qH=a5594894156db043&ov_redirect=true,2026-10-02
200,"realme Narzo 100x 5g (Flash Orange, 128 GB)",realme,22637,35999,37% off,4.2,357,44,6 GB RAM,128 GB ROM,8000 mAh Battery,MediaTek Dimensity 6300 Processor,17.3 cm (6.81 inch) HD+ Display,,,https://www.flipkart.com/realme-narzo-100x-5g-flash-orange-128-gb/p/itm66836fc8ecc5e?pid=MOBHPJHWTZCW2YVY&lid=LSTMOBHPJHWTZCW2YVYEELXLY&marketplace=FLIPKART&q=smart+phones&store=tyy%2F4io&srno=s_9_200&otracker=search&fm=organic&iid=2c1eef15-513a-4232-989c-8aa38dbe7bac.MOBHPJHWTZCW2YVY.SEARCH&ppt=None&ppn=None&ssid=re7m34lm8w0000001790935068744&qH=a5594894156db043&ov_redirect=true,2026-10-02
201,"BOLTT EVO (Midnight Black, 64 GB)",BOLTT,9999,17999,44% off,4.4,"1,327",695,4 GB RAM,64 GB ROM,6000 mAh Lithium ion Battery,T7250 Processor,6.79'' HD+ punch hole display,50MP + 2MP | 8MP Front Camera,,https://www.flipkart.com/boltt-evo-midnight-black-64-gb/p/itmf046d663a1fd7?pid=MOBHPP597GB8ZHTY&lid=LSTMOBHPP597GB8ZHTYGYX70A&marketplace=FLIPKART&q=smart+phones&store=tyy%2F4io&srno=s_9_201&otracker=search&fm=organic&iid=en_2ZQaUXeh-Mxx7Ab_Xupq1KIJ_167wfs2aiK951X4CVHH9fFX0c8DlHK81u5nL2yEmFcmDxdFnAg2HDILUSFuRZZk_zxnXKMiUj2SaFo9m-Nxx6uZYIgUCawP2bFZl630&ppt=None&ppn=None&ssid=re7m34lm8w0000001790935068744&qH=a5594894156db043&ov_redirect=true,2026-10-02
202,"BOLTT EVO (Lavender Bloom, 64 GB)",BOLTT,9999,17999,44% off,4.4,"1,327",695,4 GB RAM,64 GB ROM,6000 mAh Lithium ion Battery,T7250 Processor,6.79'' HD+ punch hole display,50MP + 2MP | 8MP Front Camera,,https://www.flipkart.com/boltt-evo-lavender-bloom-64-gb/p/itmf046d663a1fd7?pid=MOBHPP59AEJZHCVZ&lid=LSTMOBHPP59AEJZHCVZQQSXMU&marketplace=FLIPKART&q=smart+phones&store=tyy%2F4io&srno=s_9_202&otracker=search&fm=organic&iid=en_2ZQaUXeh-Mxx7Ab_Xupq1KIJ_167wfs2aiK951X4CVGHN_jcqbONQC1IEX17Wgtb7xbDZ0DH1NrYuR9fFRym_pZk_zxnXKMiUj2SaFo9m-Nxx6uZYIgUCawP2bFZl630&ppt=None&ppn=None&ssid=re7m34lm8w0000001790935068744&qH=a5594894156db043&ov_redirect=true,2026-10-02
203,"realme Narzo 100x 5g (Flash Orange, 128 GB)",realme,19974,31999,37% off,4.1,101,10,4 GB RAM,128 GB ROM,8000 mAh Battery,MediaTek Dimensity 6300 Processor,17.3 cm (6.81 inch) HD+ Display,,,https://www.flipkart.com/realme-narzo-100x-5g-flash-orange-128-gb/p/itm66836fc8ecc5e?pid=MOBHPJHZHH5ZUAYS&lid=LSTMOBHPJHZHH5ZUAYSN405ZW&marketplace=FLIPKART&q=smart+phones&store=tyy%2F4io&srno=s_9_203&otracker=search&fm=organic&iid=2c1eef15-513a-4232-989c-8aa38dbe7bac.MOBHPJHZHH5ZUAYS.SEARCH&ppt=None&ppn=None&ssid=re7m34lm8w0000001790935068744&qH=a5594894156db043&ov_redirect=true,2026-10-02
204,"Samsung Galaxy F17 5G (Neo Black, 128 GB)",Samsung,22873,30999,26% off,4.2,263,22,6 GB RAM,128 GB ROM,5000 mAh Battery,Exynos 1330 Processor,17.02 cm (6.7 inch) Full HD+ Display,50MP + 5MP | 13MP Front Camera,,https://www.flipkart.com/samsung-galaxy-f17-5g-neo-black-128-gb/p/itm64a193b8fd9f0?pid=MOBHF6KMBVEUAZXP&lid=LSTMOBHF6KMBVEUAZXPNDFV4F&marketplace=FLIPKART&q=smart+phones&store=tyy%2F4io&srno=s_9_204&otracker=search&fm=organic&iid=2c1eef15-513a-4232-989c-8aa38dbe7bac.MOBHF6KMBVEUAZXP.SEARCH&ppt=None&ppn=None&ssid=re7m34lm8w0000001790935068744&qH=a5594894156db043&ov_redirect=true,2026-10-02
205,"vivo T5 5G (Silver Green, 256 GB)",vivo,44999,61999,27% off,4.5,260,29,8 GB RAM,256 GB ROM,7050 mAh Li-ion Battery,Dimensity 7500 Processor,17.35 cm (6.83 inch) Full HD+ AMOLED Display,50MP + 8MP | 32MP Front Camera,,https://www.flipkart.com/vivo-t5-5g-silver-green-256-gb/p/itm8fa150d1fa2d2?pid=MOBHQC8DDN9CU73W&lid=LSTMOBHQC8DDN9CU73WDIHEFX&marketplace=FLIPKART&q=smart+phones&store=tyy%2F4io&srno=s_9_205&otracker=search&fm=organic&iid=2c1eef15-513a-4232-989c-8aa38dbe7bac.MOBHQC8DDN9CU73W.SEARCH&ppt=None&ppn=None&ssid=re7m34lm8w0000001790935068744&qH=a5594894156db043&ov_redirect=true,2026-10-02
206,"realme Narzo 100 Lite 5G (Thunder Black, 64 GB)",realme,16928,24999,32% off,4.2,"1,510",74,4 GB RAM,64 GB ROM,7000 mAh Battery,,17.27 cm (6.8 inch) Display,13MP Rear Camera,,https://www.flipkart.com/realme-narzo-100-lite-5g-thunder-black-64-gb/p/itm659398bfe469c?pid=MOBHMZ3QKKTHQW7M&lid=LSTMOBHMZ3QKKTHQW7MUEBPZD&marketplace=FLIPKART&q=smart+phones&store=tyy%2F4io&srno=s_9_206&otracker=search&fm=organic&iid=2c1eef15-513a-4232-989c-8aa38dbe7bac.MOBHMZ3QKKTHQW7M.SEARCH&ppt=None&ppn=None&ssid=re7m34lm8w0000001790935068744&qH=a5594894156db043&ov_redirect=true,2026-10-02
207,"BOLTT EVO (Midnight Black, 128 GB)",BOLTT,11499,18999,39% off,4,"1,804",873,6 GB RAM,128 GB ROM,6000 mAh Lithium ion Battery,T7250 Processor,6.79'' HD+ punch hole display,50MP + 2MP | 8MP Front Camera,,https://www.flipkart.com/boltt-evo-midnight-black-128-gb/p/itmf046d663a1fd7?pid=MOBHPP59RWHM2PJH&lid=LSTMOBHPP59RWHM2PJHUUF4AF&marketplace=FLIPKART&q=smart+phones&store=tyy%2F4io&srno=s_9_207&otracker=search&fm=organic&iid=en_2ZQaUXeh-Mxx7Ab_Xupq1KIJ_167wfs2aiK951X4CVHxhedRCICVmQhOB3HJWhAS-oHdKO3yYnYUN_r3HYwM1pZk_zxnXKMiUj2SaFo9m-Nxx6uZYIgUCawP2bFZl630&ppt=None&ppn=None&ssid=re7m34lm8w0000001790935068744&qH=a5594894156db043&ov_redirect=true,2026-10-02
208,"BOLTT EVO (Berry Red, 128 GB)",BOLTT,11499,18999,39% off,4,"1,804",873,6 GB RAM,128 GB ROM,6000 mAh Lithium ion Battery,T7250 Processor,6.79'' HD+ punch hole display,50MP + 2MP | 8MP Front Camera,,https://www.flipkart.com/boltt-evo-berry-red-128-gb/p/itmf046d663a1fd7?pid=MOBHPP59TUYYPWP5&lid=LSTMOBHPP59TUYYPWP5U7J1VB&marketplace=FLIPKART&q=smart+phones&store=tyy%2F4io&srno=s_9_208&otracker=search&fm=organic&iid=en_2ZQaUXeh-Mxx7Ab_Xupq1KIJ_167wfs2aiK951X4CVHh1sC3qmJB4sDaGMXSuPc8vSppyrEH4LyH9lCiIfbYhZZk_zxnXKMiUj2SaFo9m-Nxx6uZYIgUCawP2bFZl630&ppt=None&ppn=None&ssid=re7m34lm8w0000001790935068744&qH=a5594894156db043&ov_redirect=true,2026-10-02
209,"realme Narzo 100 Lite 5G (Frost Silver, 64 GB)",realme,16680,24999,33% off,4.2,"1,510",74,4 GB RAM,64 GB ROM,7000 mAh Battery,Dimensity 6300 MT6835 Processor,17.27 cm (6.8 inch) HD+ Display,13MP Rear Camera | 5MP Front Camera,,https://www.flipkart.com/realme-narzo-100-lite-5g-frost-silver-64-gb/p/itm659398bfe469c?pid=MOBHMZ3SPJZGNYQR&lid=LSTMOBHMZ3SPJZGNYQRDSQP8Z&marketplace=FLIPKART&q=smart+phones&store=tyy%2F4io&srno=s_9_209&otracker=search&fm=organic&iid=2c1eef15-513a-4232-989c-8aa38dbe7bac.MOBHMZ3SPJZGNYQR.SEARCH&ppt=None&ppn=None&ssid=re7m34lm8w0000001790935068744&qH=a5594894156db043&ov_redirect=true,2026-10-02
210,"Samsung Galaxy M17e (Blitz Blue, 128 GB)",Samsung,17250,18999,9% off,4,"1,133",90,4 GB RAM,128 GB ROM,6000 mAh Battery,MediaTek Dimensity Processor,17.02 cm (6.7 inch) Full HD+ Display,50MP Rear Camera | 2MP Front Camera,,https://www.flipkart.com/samsung-galaxy-m17e-blitz-blue-128-gb/p/itm1b5a0ea459581?pid=MOBHHQTGXCB3FHGY&lid=LSTMOBHHQTGXCB3FHGYPBMBR8&marketplace=FLIPKART&q=smart+phones&store=tyy%2F4io&srno=s_9_210&otracker=search&fm=organic&iid=2c1eef15-513a-4232-989c-8aa38dbe7bac.MOBHHQTGXCB3FHGY.SEARCH&ppt=None&ppn=None&ssid=re7m34lm8w0000001790935068744&qH=a5594894156db043&ov_redirect=true,2026-10-02
211,"BOLTT EVO (Sky Blue, 128 GB)",BOLTT,11499,18999,39% off,4,"1,804",873,6 GB RAM,128 GB ROM,6000 mAh Lithium ion Battery,T7250 Processor,6.79'' HD+ punch hole display,50MP + 2MP | 8MP Front Camera,,https://www.flipkart.com/boltt-evo-sky-blue-128-gb/p/itmf046d663a1fd7?pid=MOBHPP59ME6SPCZW&lid=LSTMOBHPP59ME6SPCZWUW9RP3&marketplace=FLIPKART&q=smart+phones&store=tyy%2F4io&srno=s_9_211&otracker=search&fm=organic&iid=en_2ZQaUXeh-Mxx7Ab_Xupq1KIJ_167wfs2aiK951X4CVGGB4zOxy4GeEtit9A4f1_a3P0mWBjXnv8TRqM4RAxjiJZk_zxnXKMiUj2SaFo9m-Nxx6uZYIgUCawP2bFZl630&ppt=None&ppn=None&ssid=re7m34lm8w0000001790935068744&qH=a5594894156db043&ov_redirect=true,2026-10-02
212,"Nothing Phone (4b) (White, 256 GB)",Nothing,40999,59999,31% off,4.3,"1,841",179,8 GB RAM,256 GB ROM,6000 mAh Lithium ion Battery,6 Gen 4 Processor,17.2 cm (6.77 inch) Full HD+ AMOLED Display,50MP + 8MP | 16MP Front Camera,,https://www.flipkart.com/nothing-phone-4b-white-256-gb/p/itm939608b40adbb?pid=MOBHZMBD5MZZDUYA&lid=LSTMOBHZMBD5MZZDUYAIWDKYR&marketplace=FLIPKART&q=smart+phones&store=tyy%2F4io&srno=s_9_212&otracker=search&fm=organic&iid=en_2ZQaUXeh-Mxx7Ab_Xupq1KIJ_167wfs2aiK951X4CVHkNagmMFWOZxY5z6dG_cus7muq75qMORP5m1GATJhVOo4zosKAteXhOp7WzmYAPre1tEhcFVIhUCPPX5AYEYgl&ppt=None&ppn=None&ssid=re7m34lm8w0000001790935068744&qH=a5594894156db043&ov_redirect=true,2026-10-02
213,"OnePlus Nord 6 (Quick Silver, 256 GB)",OnePlus,46735,52999,11% off,4.5,"2,575",306,8 GB RAM,256 GB ROM,9000 mAh Battery,4 octa-core processor Processor,17.22 cm (6.78 inch) Full HD+ Display,50MP Rear Camera,,https://www.flipkart.com/oneplus-nord-6-quick-silver-256-gb/p/itmc49f71cdc4080?pid=MOBHMBWSVHKWRPAS&lid=LSTMOBHMBWSVHKWRPASIME99R&marketplace=FLIPKART&q=smart+phones&store=tyy%2F4io&srno=s_9_213&otracker=search&fm=organic&iid=2c1eef15-513a-4232-989c-8aa38dbe7bac.MOBHMBWSVHKWRPAS.SEARCH&ppt=None&ppn=None&ssid=re7m34lm8w0000001790935068744&qH=a5594894156db043&ov_redirect=true,2026-10-02
214,"OnePlus Nord 6 (Pitch Black, 256 GB)",OnePlus,46600,52999,12% off,4.5,"2,575",306,8 GB RAM,256 GB ROM,9000 mAh Battery,4 octa-core processor Processor,17.22 cm (6.78 inch) Full HD+ Display,50MP Rear Camera,,https://www.flipkart.com/oneplus-nord-6-pitch-black-256-gb/p/itmc49f71cdc4080?pid=MOBHMBWGFH9RHHUH&lid=LSTMOBHMBWGFH9RHHUHEML0RV&marketplace=FLIPKART&q=smart+phones&store=tyy%2F4io&srno=s_9_214&otracker=search&fm=organic&iid=2c1eef15-513a-4232-989c-8aa38dbe7bac.MOBHMBWGFH9RHHUH.SEARCH&ppt=None&ppn=None&ssid=re7m34lm8w0000001790935068744&qH=a5594894156db043&ov_redirect=true,2026-10-02
215,"REDMI Note-14 Pro+ 5G (Spectre Blue, 256 GB)",REDMI,29999,36999,18% off,4.4,897,69,8 GB RAM,256 GB ROM,6200 mAh Battery,7s Gen 3 Processor,16.94 cm (6.67 inch) Display,50MP + 50MP + 8MP | 20MP Front Camera,,https://www.flipkart.com/redmi-note-14-pro-5g-spectre-blue-256-gb/p/itmf69d377f9a8fb?pid=MOBH8BW3VWEPGQ7A&lid=LSTMOBH8BW3VWEPGQ7AELQ7VM&marketplace=FLIPKART&q=smart+phones&store=tyy%2F4io&srno=s_9_215&otracker=search&fm=organic&iid=2c1eef15-513a-4232-989c-8aa38dbe7bac.MOBH8BW3VWEPGQ7A.SEARCH&ppt=None&ppn=None&ssid=re7m34lm8w0000001790935068744&qH=a5594894156db043&ov_redirect=true,2026-10-02
216,"REDMI Note-14 Pro+ 5G (Spectre Blue, 128 GB)",REDMI,27480,34999,21% off,4.4,897,69,8 GB RAM,128 GB ROM,6200 mAh Battery,7s Gen 3 Processor,16.94 cm (6.67 inch) Display,50MP + 50MP + 8MP | 20MP Front Camera,,https://www.flipkart.com/redmi-note-14-pro-5g-spectre-blue-128-gb/p/itmf69d377f9a8fb?pid=MOBH8BW3EGBFXZB6&lid=LSTMOBH8BW3EGBFXZB6QGWOKM&marketplace=FLIPKART&q=smart+phones&store=tyy%2F4io&srno=s_9_216&otracker=search&fm=organic&iid=2c1eef15-513a-4232-989c-8aa38dbe7bac.MOBH8BW3EGBFXZB6.SEARCH&ppt=None&ppn=None&ssid=re7m34lm8w0000001790935068744&qH=a5594894156db043&ov_redirect=true,2026-10-02
217,"BOLTT EVO (Arctic White, 128 GB)",BOLTT,11499,18999,39% off,4,"1,804",873,6 GB RAM,128 GB ROM,6000 mAh Lithium ion Battery,T7250 Processor,6.79'' HD+ punch hole display,50MP + 2MP | 8MP Front Camera,,https://www.flipkart.com/boltt-evo-arctic-white-128-gb/p/itmf046d663a1fd7?pid=MOBHPP59GKGTGZGA&lid=LSTMOBHPP59GKGTGZGAIEMNWG&marketplace=FLIPKART&q=smart+phones&store=tyy%2F4io&srno=s_10_217&otracker=search&fm=organic&iid=en_FjNubrtLED5y2O_3EJEDpLGdllU9PAuvj5-0sRKhn9ZWTCWee-c0JTWxIYZpMR0eApXdqJ8g9gjPKgZjVdc9bpZk_zxnXKMiUj2SaFo9m-OdIK3-lVe8q40MVH4A-MO-&ppt=None&ppn=None&ssid=d7yynee5bk0000001790935071556&qH=a5594894156db043&ov_redirect=true,2026-10-02
218,"BOLTT EVO (Arctic White, 64 GB)",BOLTT,9999,17999,44% off,4.4,"1,327",695,4 GB RAM,64 GB ROM,6000 mAh Lithium ion Battery,T7250 Processor,6.79'' HD+ punch hole display,50MP + 2MP | 8MP Front Camera,,https://www.flipkart.com/boltt-evo-arctic-white-64-gb/p/itmf046d663a1fd7?pid=MOBHPP59BYSJ98M8&lid=LSTMOBHPP59BYSJ98M8RWYHGQ&marketplace=FLIPKART&q=smart+phones&store=tyy%2F4io&srno=s_10_218&otracker=search&fm=organic&iid=en_FjNubrtLED5y2O_3EJEDpLGdllU9PAuvj5-0sRKhn9ajOKNRLU-Wn_2OU0xwSQQD6Ux8tV-__SxlzWH1nelDDZZk_zxnXKMiUj2SaFo9m-OdIK3-lVe8q40MVH4A-MO-&ppt=None&ppn=None&ssid=d7yynee5bk0000001790935071556&qH=a5594894156db043&ov_redirect=true,2026-10-02
219,"vivo T5 5G (Silver Green, 256 GB)",vivo,49999,69999,28% off,4.6,37,3,12 GB RAM,256 GB ROM,7050 mAh Li-ion Battery,Dimensity 7500 Processor,17.35 cm (6.83 inch) Full HD+ AMOLED Display,50MP + 8MP | 32MP Front Camera,,https://www.flipkart.com/vivo-t5-5g-silver-green-256-gb/p/itm8fa150d1fa2d2?pid=MOBHQC8DVP7HMWV3&lid=LSTMOBHQC8DVP7HMWV388TX9H&marketplace=FLIPKART&q=smart+phones&store=tyy%2F4io&srno=s_10_219&otracker=search&fm=organic&iid=24736683-0256-48d5-8716-316c39de5084.MOBHQC8DVP7HMWV3.SEARCH&ppt=None&ppn=None&ssid=d7yynee5bk0000001790935071556&qH=a5594894156db043&ov_redirect=true,2026-10-02
220,"IQOO 15 5G (Legend, 256 GB)",IQOO,76378,92999,17% off,4.7,477,59,12 GB RAM,256 GB ROM,7000 mAh Battery,,17.4 cm (6.85 inch) Display,50MP Rear Camera,,https://www.flipkart.com/iqoo-15-5g-legend-256-gb/p/itm9db365d8009fa?pid=MOBHGFAZH8DZGNU4&lid=LSTMOBHGFAZH8DZGNU48D2QPV&marketplace=FLIPKART&q=smart+phones&store=tyy%2F4io&srno=s_10_220&otracker=search&fm=organic&iid=24736683-0256-48d5-8716-316c39de5084.MOBHGFAZH8DZGNU4.SEARCH&ppt=None&ppn=None&ssid=d7yynee5bk0000001790935071556&qH=a5594894156db043&ov_redirect=true,2026-10-02
221,"BOLTT EVO (Midnight Black, 64 GB)",BOLTT,9999,17999,44% off,4.4,"1,327",695,4 GB RAM,64 GB ROM,6000 mAh Lithium ion Battery,T7250 Processor,6.79'' HD+ punch hole display,50MP + 2MP | 8MP Front Camera,,https://www.flipkart.com/boltt-evo-midnight-black-64-gb/p/itmf046d663a1fd7?pid=MOBHPP597GB8ZHTY&lid=LSTMOBHPP597GB8ZHTYGYX70A&marketplace=FLIPKART&q=smart+phones&store=tyy%2F4io&srno=s_10_221&otracker=search&fm=organic&iid=en_FjNubrtLED5y2O_3EJEDpLGdllU9PAuvj5-0sRKhn9YAOTvXRYYhJgasheo6gg_XmFcmDxdFnAg2HDILUSFuRZZk_zxnXKMiUj2SaFo9m-OdIK3-lVe8q40MVH4A-MO-&ppt=None&ppn=None&ssid=d7yynee5bk0000001790935071556&qH=a5594894156db043&ov_redirect=true,2026-10-02
222,"BOLTT EVO (Lavender Bloom, 64 GB)",BOLTT,9999,17999,44% off,4.4,"1,327",695,4 GB RAM,64 GB ROM,6000 mAh Lithium ion Battery,T7250 Processor,6.79'' HD+ punch hole display,50MP + 2MP | 8MP Front Camera,,https://www.flipkart.com/boltt-evo-lavender-bloom-64-gb/p/itmf046d663a1fd7?pid=MOBHPP59AEJZHCVZ&lid=LSTMOBHPP59AEJZHCVZQQSXMU&marketplace=FLIPKART&q=smart+phones&store=tyy%2F4io&srno=s_10_222&otracker=search&fm=organic&iid=en_FjNubrtLED5y2O_3EJEDpLGdllU9PAuvj5-0sRKhn9aRPbQis1zmgYldcTCNaR9V7xbDZ0DH1NrYuR9fFRym_pZk_zxnXKMiUj2SaFo9m-OdIK3-lVe8q40MVH4A-MO-&ppt=None&ppn=None&ssid=d7yynee5bk0000001790935071556&qH=a5594894156db043&ov_redirect=true,2026-10-02
223,"POCO C75 5G (Silver Stardust, 64 GB)",POCO,10999,,,4.2,"1,49,586","7,645",4 GB RAM,64 GB ROM,5160 mAh Battery,4s Gen 2 5G Processor,17.48 cm (6.88 inch) HD+ Display,50MP Rear Camera | 5MP Front Camera,5G,https://www.flipkart.com/poco-c75-5g-silver-stardust-64-gb/p/itm8e3f17ac2e724?pid=MOBH74433ZER9U4P&lid=LSTMOBH74433ZER9U4PIUMZCQ&marketplace=FLIPKART&q=smart+phones&store=tyy%2F4io&srno=s_10_223&otracker=search&fm=organic&iid=24736683-0256-48d5-8716-316c39de5084.MOBH74433ZER9U4P.SEARCH&ppt=None&ppn=None&ssid=d7yynee5bk0000001790935071556&qH=a5594894156db043&ov_redirect=true,2026-10-02
224,"REDMI 15C 5G (Dusk Purple, 128 GB)",REDMI,19557,24690,20% off,4.2,711,51,6 GB RAM,128 GB ROM,6000 mAh Battery,,17.53 cm (6.9 inch) Display,50MP Rear Camera,,https://www.flipkart.com/redmi-15c-5g-dusk-purple-128-gb/p/itmc1345bb45eef3?pid=MOBHGGZ25C5SGQGE&lid=LSTMOBHGGZ25C5SGQGEHF0V8H&marketplace=FLIPKART&q=smart+phones&store=tyy%2F4io&srno=s_10_224&otracker=search&fm=organic&iid=24736683-0256-48d5-8716-316c39de5084.MOBHGGZ25C5SGQGE.SEARCH&ppt=None&ppn=None&ssid=d7yynee5bk0000001790935071556&qH=a5594894156db043&ov_redirect=true,2026-10-02
225,"LAVA Virat V1 5G (Sonar Gold, 128 GB)",LAVA,14499,17499,17% off,4.1,"1,122",212,4 GB RAM,128 GB ROM,6000 mAh Battery,T8200 Processor,17.14 cm (6.75 inch) Display,13MP Rear Camera | 5MP Front Camera,,https://www.flipkart.com/lava-virat-v1-5g-sonar-gold-128-gb/p/itm69174bc608491?pid=MOBHQ6XKE2SKZDME&lid=LSTMOBHQ6XKE2SKZDMEGZTCXH&marketplace=FLIPKART&q=smart+phones&store=tyy%2F4io&srno=s_10_225&otracker=search&fm=organic&iid=24736683-0256-48d5-8716-316c39de5084.MOBHQ6XKE2SKZDME.SEARCH&ppt=None&ppn=None&ssid=d7yynee5bk0000001790935071556&qH=a5594894156db043&ov_redirect=true,2026-10-02
226,"Samsung Galaxy F36 5G (Red, 128 GB)",Samsung,20999,22999,8% off,4.3,"12,813","1,138",6 GB RAM,128 GB ROM,5000 mAh Battery,Samsung Exynos 1380 Processor,17.02 cm (6.7 inch) Full HD+ Display,50MP + 8MP + 2MP | 13MP Front Camera,,https://www.flipkart.com/samsung-galaxy-f36-5g-red-128-gb/p/itmc11d84aa155ce?pid=MOBHDFVTHDKNNW8Z&lid=LSTMOBHDFVTHDKNNW8Z1DPOGI&marketplace=FLIPKART&q=smart+phones&store=tyy%2F4io&srno=s_10_226&otracker=search&fm=organic&iid=24736683-0256-48d5-8716-316c39de5084.MOBHDFVTHDKNNW8Z.SEARCH&ppt=None&ppn=None&ssid=d7yynee5bk0000001790935071556&qH=a5594894156db043&ov_redirect=true,2026-10-02
227,"BOLTT EVO (Midnight Black, 128 GB)",BOLTT,11499,18999,39% off,4,"1,804",873,6 GB RAM,128 GB ROM,6000 mAh Lithium ion Battery,T7250 Processor,6.79'' HD+ punch hole display,50MP + 2MP | 8MP Front Camera,,https://www.flipkart.com/boltt-evo-midnight-black-128-gb/p/itmf046d663a1fd7?pid=MOBHPP59RWHM2PJH&lid=LSTMOBHPP59RWHM2PJHUUF4AF&marketplace=FLIPKART&q=smart+phones&store=tyy%2F4io&srno=s_10_227&otracker=search&fm=organic&iid=en_FjNubrtLED5y2O_3EJEDpLGdllU9PAuvj5-0sRKhn9bhnVRazV6q3KhlYw7JS5su-oHdKO3yYnYUN_r3HYwM1pZk_zxnXKMiUj2SaFo9m-OdIK3-lVe8q40MVH4A-MO-&ppt=None&ppn=None&ssid=d7yynee5bk0000001790935071556&qH=a5594894156db043&ov_redirect=true,2026-10-02
228,"BOLTT EVO (Berry Red, 128 GB)",BOLTT,11499,18999,39% off,4,"1,804",873,6 GB RAM,128 GB ROM,6000 mAh Lithium ion Battery,T7250 Processor,6.79'' HD+ punch hole display,50MP + 2MP | 8MP Front Camera,,https://www.flipkart.com/boltt-evo-berry-red-128-gb/p/itmf046d663a1fd7?pid=MOBHPP59TUYYPWP5&lid=LSTMOBHPP59TUYYPWP5U7J1VB&marketplace=FLIPKART&q=smart+phones&store=tyy%2F4io&srno=s_10_228&otracker=search&fm=organic&iid=en_FjNubrtLED5y2O_3EJEDpLGdllU9PAuvj5-0sRKhn9ZU7CplPes0B9oASVdNV-qcvSppyrEH4LyH9lCiIfbYhZZk_zxnXKMiUj2SaFo9m-OdIK3-lVe8q40MVH4A-MO-&ppt=None&ppn=None&ssid=d7yynee5bk0000001790935071556&qH=a5594894156db043&ov_redirect=true,2026-10-02
229,"realme Narzo 100x 5g (Flash Orange, 256 GB)",realme,27819,39999,30% off,4.2,357,44,6 GB RAM,256 GB ROM,8000 mAh Battery,MediaTek Dimensity 6300 Processor,17.3 cm (6.81 inch) HD+ Display,,,https://www.flipkart.com/realme-narzo-100x-5g-flash-orange-256-gb/p/itm66836fc8ecc5e?pid=MOBHPJG6RCZ8PKC8&lid=LSTMOBHPJG6RCZ8PKC8WITKTJ&marketplace=FLIPKART&q=smart+phones&store=tyy%2F4io&srno=s_10_229&otracker=search&fm=organic&iid=24736683-0256-48d5-8716-316c39de5084.MOBHPJG6RCZ8PKC8.SEARCH&ppt=None&ppn=None&ssid=d7yynee5bk0000001790935071556&qH=a5594894156db043&ov_redirect=true,2026-10-02
230,"OnePlus Nord CE6 Lite (Vivid Mint, 256 GB)",OnePlus,35297,36999,4% off,4.3,"1,168",75,8 GB RAM,256 GB ROM,7000 mAh Battery,MediaTek Dimensity 7400 Apex Processor,17.07 cm (6.72 inch) Full HD+ Display,50MP Rear Camera | 8MP Front Camera,,https://www.flipkart.com/oneplus-nord-ce6-lite-vivid-mint-256-gb/p/itm21e965b5b799d?pid=MOBHN8AB2JFD45AG&lid=LSTMOBHN8AB2JFD45AGBJITJM&marketplace=FLIPKART&q=smart+phones&store=tyy%2F4io&srno=s_10_230&otracker=search&fm=organic&iid=24736683-0256-48d5-8716-316c39de5084.MOBHN8AB2JFD45AG.SEARCH&ppt=None&ppn=None&ssid=d7yynee5bk0000001790935071556&qH=a5594894156db043&ov_redirect=true,2026-10-02
231,"Nothing Phone (4b) (White, 256 GB)",Nothing,40999,59999,31% off,4.3,"1,841",179,8 GB RAM,256 GB ROM,6000 mAh Lithium ion Battery,6 Gen 4 Processor,17.2 cm (6.77 inch) Full HD+ AMOLED Display,50MP + 8MP | 16MP Front Camera,,https://www.flipkart.com/nothing-phone-4b-white-256-gb/p/itm939608b40adbb?pid=MOBHZMBD5MZZDUYA&lid=LSTMOBHZMBD5MZZDUYAIWDKYR&marketplace=FLIPKART&q=smart+phones&store=tyy%2F4io&srno=s_10_231&otracker=search&fm=organic&iid=en_FjNubrtLED5y2O_3EJEDpLGdllU9PAuvj5-0sRKhn9aDSbmhoJiyWBJC0okmoPTq7muq75qMORP5m1GATJhVOuebvJ3XMQeWNozLNoAjfkKV92n7TJJA--T53bSENOwU&ppt=None&ppn=None&ssid=d7yynee5bk0000001790935071556&qH=a5594894156db043&ov_redirect=true,2026-10-02
232,"BOLTT EVO (Sky Blue, 128 GB)",BOLTT,11499,18999,39% off,4,"1,804",873,6 GB RAM,128 GB ROM,6000 mAh Lithium ion Battery,T7250 Processor,6.79'' HD+ punch hole display,50MP + 2MP | 8MP Front Camera,,https://www.flipkart.com/boltt-evo-sky-blue-128-gb/p/itmf046d663a1fd7?pid=MOBHPP59ME6SPCZW&lid=LSTMOBHPP59ME6SPCZWUW9RP3&marketplace=FLIPKART&q=smart+phones&store=tyy%2F4io&srno=s_10_232&otracker=search&fm=organic&iid=en_FjNubrtLED5y2O_3EJEDpLGdllU9PAuvj5-0sRKhn9ZKKd7he_HJpLLi3rUJ6WX9wbXaiFD5B5V-i7lupI6xHpZk_zxnXKMiUj2SaFo9m-OdIK3-lVe8q40MVH4A-MO-&ppt=None&ppn=None&ssid=d7yynee5bk0000001790935071556&qH=a5594894156db043&ov_redirect=true,2026-10-02
233,"OnePlus Nord 6 (Fresh Mint, 256 GB)",OnePlus,46288,52999,12% off,4.5,"2,575",306,8 GB RAM,256 GB ROM,9000 mAh Battery,4 octa-core processor Processor,17.22 cm (6.78 inch) Full HD+ Display,50MP Rear Camera,,https://www.flipkart.com/oneplus-nord-6-fresh-mint-256-gb/p/itmc49f71cdc4080?pid=MOBHMBW2KKBSFG9R&lid=LSTMOBHMBW2KKBSFG9REO43AY&marketplace=FLIPKART&q=smart+phones&store=tyy%2F4io&srno=s_10_233&otracker=search&fm=organic&iid=24736683-0256-48d5-8716-316c39de5084.MOBHMBW2KKBSFG9R.SEARCH&ppt=None&ppn=None&ssid=d7yynee5bk0000001790935071556&qH=a5594894156db043&ov_redirect=true,2026-10-02
234,"Samsung Galaxy A17 5G (Black, 128 GB)",Samsung,26288,34999,24% off,4.3,"2,246",212,8 GB RAM,128 GB ROM,5000 mAh Battery,Samsung Exynos 1330 Processor,17.02 cm (6.7 inch) Full HD+ Display,50MP + 5MP + 2MP | 13MP Front Camera,,https://www.flipkart.com/samsung-galaxy-a17-5g-black-128-gb/p/itm9b0b7e6d52859?pid=MOBHGVECE3WTM76Y&lid=LSTMOBHGVECE3WTM76YOUJCMH&marketplace=FLIPKART&q=smart+phones&store=tyy%2F4io&srno=s_10_234&otracker=search&fm=organic&iid=24736683-0256-48d5-8716-316c39de5084.MOBHGVECE3WTM76Y.SEARCH&ppt=None&ppn=None&ssid=d7yynee5bk0000001790935071556&qH=a5594894156db043&ov_redirect=true,2026-10-02
235,"Samsung Galaxy A17 5G (Blue, 128 GB)",Samsung,26990,34999,22% off,4.3,"2,246",212,8 GB RAM,128 GB ROM,5000 mAh Battery,Samsung Exynos 1330 Processor,17.02 cm (6.7 inch) Full HD+ Display,50MP + 5MP + 2MP | 13MP Front Camera,,https://www.flipkart.com/samsung-galaxy-a17-5g-blue-128-gb/p/itm9b0b7e6d52859?pid=MOBHGVECGVQWQVRH&lid=LSTMOBHGVECGVQWQVRHI7EI6Y&marketplace=FLIPKART&q=smart+phones&store=tyy%2F4io&srno=s_10_235&otracker=search&fm=organic&iid=24736683-0256-48d5-8716-316c39de5084.MOBHGVECGVQWQVRH.SEARCH&ppt=None&ppn=None&ssid=d7yynee5bk0000001790935071556&qH=a5594894156db043&ov_redirect=true,2026-10-02
236,"Samsung Galaxy Z Fold7 5G (Silver Shadow, 256 GB)",Samsung,154999,184999,16% off,4.5,187,11,12 GB RAM,256 GB ROM,4400 mAh Battery,Snapdragon 8 Elite for Galaxy Processor,20.32 cm (8 inch) QXGA+ Display,200MP + 12MP + 10MP | 10MP Front Camera,,https://www.flipkart.com/samsung-galaxy-z-fold7-5g-silver-shadow-256-gb/p/itm80780506616fb?pid=MOBHD92UDC8B9TGX&lid=LSTMOBHD92UDC8B9TGXYQBX2G&marketplace=FLIPKART&q=smart+phones&store=tyy%2F4io&srno=s_10_236&otracker=search&fm=organic&iid=24736683-0256-48d5-8716-316c39de5084.MOBHD92UDC8B9TGX.SEARCH&ppt=None&ppn=None&ssid=d7yynee5bk0000001790935071556&qH=a5594894156db043&ov_redirect=true,2026-10-02
237,"BOLTT EVO (Sky Blue, 64 GB)",BOLTT,9999,17999,44% off,4.4,"1,327",695,4 GB RAM,64 GB ROM,6000 mAh Lithium ion Battery,T7250 Processor,6.79'' HD+ punch hole display,50MP + 2MP | 8MP Front Camera,,https://www.flipkart.com/boltt-evo-sky-blue-64-gb/p/itmf046d663a1fd7?pid=MOBHPP59WKSV4FYG&lid=LSTMOBHPP59WKSV4FYGYPMLV6&marketplace=FLIPKART&q=smart+phones&store=tyy%2F4io&srno=s_10_237&otracker=search&fm=organic&iid=en_FjNubrtLED5y2O_3EJEDpLGdllU9PAuvj5-0sRKhn9b6j5M0RghtJLR1s4VxynfIigicCniOwiXfyNr6i62vdZZk_zxnXKMiUj2SaFo9m-OdIK3-lVe8q40MVH4A-MO-&ppt=None&ppn=None&ssid=d7yynee5bk0000001790935071556&qH=a5594894156db043&ov_redirect=true,2026-10-02
238,"Samsung Galaxy Z Fold7 5G (Silver Shadow, 512 GB)",Samsung,186999,,,4.5,187,11,12 GB RAM,512 GB ROM,4400 mAh Battery,Snapdragon 8 Elite for Galaxy Processor,20.32 cm (8 inch) QXGA+ Display,200MP + 12MP + 10MP | 10MP Front Camera,,https://www.flipkart.com/samsung-galaxy-z-fold7-5g-silver-shadow-512-gb/p/itmf4133aca7ea59?pid=MOBHD92UNGNFMCFJ&lid=LSTMOBHD92UNGNFMCFJLSUOKS&marketplace=FLIPKART&q=smart+phones&store=tyy%2F4io&srno=s_10_238&otracker=search&fm=organic&iid=24736683-0256-48d5-8716-316c39de5084.MOBHD92UNGNFMCFJ.SEARCH&ppt=None&ppn=None&ssid=d7yynee5bk0000001790935071556&qH=a5594894156db043&ov_redirect=true,2026-10-02
239,"realme P3 Ultra 5G (Neptune Blue, 256 GB)",realme,31999,35999,11% off,4.4,"5,274",589,12 GB RAM,256 GB ROM,6000 mAh Battery,Dimensity 8350 Ultra Processor,17.35 cm (6.83 inch) Display,50MP + 8MP | 16MP Front Camera,,https://www.flipkart.com/realme-p3-ultra-5g-neptune-blue-256-gb/p/itm50171223b4a05?pid=MOBHAYKEZZXWNMVV&lid=LSTMOBHAYKEZZXWNMVVX7N6LV&marketplace=FLIPKART&q=smart+phones&store=tyy%2F4io&srno=s_10_239&otracker=search&fm=organic&iid=24736683-0256-48d5-8716-316c39de5084.MOBHAYKEZZXWNMVV.SEARCH&ppt=None&ppn=None&ssid=d7yynee5bk0000001790935071556&qH=a5594894156db043&ov_redirect=true,2026-10-02
240,"realme P3 Ultra 5G (Orion Red, 256 GB)",realme,28999,33999,14% off,4.4,"22,133","2,557",8 GB RAM,256 GB ROM,6000 mAh Battery,Dimensity 8350 Ultra Processor,17.35 cm (6.83 inch) Display,50MP + 8MP | 16MP Front Camera,,https://www.flipkart.com/realme-p3-ultra-5g-orion-red-256-gb/p/itm50171223b4a05?pid=MOBHAYKEEZW7DS2N&lid=LSTMOBHAYKEEZW7DS2NPIW53Y&marketplace=FLIPKART&q=smart+phones&store=tyy%2F4io&srno=s_10_240&otracker=search&fm=organic&iid=24736683-0256-48d5-8716-316c39de5084.MOBHAYKEEZW7DS2N.SEARCH&ppt=None&ppn=None&ssid=d7yynee5bk0000001790935071556&qH=a5594894156db043&ov_redirect=true,2026-10-02
241,"BOLTT EVO (Arctic White, 128 GB)",BOLTT,11499,18999,39% off,4,"1,804",873,6 GB RAM,128 GB ROM,6000 mAh Lithium ion Battery,T7250 Processor,6.79'' HD+ punch hole display,50MP + 2MP | 8MP Front Camera,,https://www.flipkart.com/boltt-evo-arctic-white-128-gb/p/itmf046d663a1fd7?pid=MOBHPP59GKGTGZGA&lid=LSTMOBHPP59GKGTGZGAIEMNWG&marketplace=FLIPKART&q=smart+phones&store=tyy%2F4io&srno=s_11_241&otracker=search&fm=organic&iid=en_QaHx52Vb-F4szmlZtieQLvTFyhpIYNNm7ypLIvxlpGmRyiaVRaTqj0ge0jV8WIBPApXdqJ8g9gjPKgZjVdc9bpZk_zxnXKMiUj2SaFo9m-PC8rB_HK0wcv2rtPQLdO-w&ppt=None&ppn=None&ssid=nb3z9iewds0000001790935074292&qH=a5594894156db043&ov_redirect=true,2026-10-02
242,"BOLTT EVO (Berry Red, 64 GB)",BOLTT,9999,17999,44% off,4.4,"1,327",695,4 GB RAM,64 GB ROM,6000 mAh Lithium ion Battery,T7250 Processor,6.79'' HD+ punch hole display,50MP + 2MP | 8MP Front Camera,,https://www.flipkart.com/boltt-evo-berry-red-64-gb/p/itmf046d663a1fd7?pid=MOBHPP598ENKRGBY&lid=LSTMOBHPP598ENKRGBYC3QECN&marketplace=FLIPKART&q=smart+phones&store=tyy%2F4io&srno=s_11_242&otracker=search&fm=organic&iid=en_QaHx52Vb-F4szmlZtieQLvTFyhpIYNNm7ypLIvxlpGmInGADAfgOlHdgWQj5XjUImCxeu8uCGyw6NBIvVnameZZk_zxnXKMiUj2SaFo9m-PC8rB_HK0wcv2rtPQLdO-w&ppt=None&ppn=None&ssid=nb3z9iewds0000001790935074292&qH=a5594894156db043&ov_redirect=true,2026-10-02
243,"realme P3 Ultra 5G (Orion Red, 128 GB)",realme,31999,,,4.4,"22,133","2,557",8 GB RAM,128 GB ROM,6000 mAh Battery,Dimensity 8350 Ultra Processor,17.35 cm (6.83 inch) Display,50MP + 8MP | 16MP Front Camera,,https://www.flipkart.com/realme-p3-ultra-5g-orion-red-128-gb/p/itm50171223b4a05?pid=MOBHAYKEZ94ZDEP4&lid=LSTMOBHAYKEZ94ZDEP4LHK4KR&marketplace=FLIPKART&q=smart+phones&store=tyy%2F4io&srno=s_11_243&otracker=search&fm=organic&iid=bf8a05ae-9b06-452d-87ec-eaba38417023.MOBHAYKEZ94ZDEP4.SEARCH&ppt=None&ppn=None&ssid=nb3z9iewds0000001790935074292&qH=a5594894156db043&ov_redirect=true,2026-10-02
244,"realme P3 Ultra 5G (Neptune Blue, 128 GB)",realme,31999,,,4.4,"22,133","2,557",8 GB RAM,128 GB ROM,6000 mAh Battery,Dimensity 8350 Ultra Processor,17.35 cm (6.83 inch) Display,50MP + 8MP | 16MP Front Camera,,https://www.flipkart.com/realme-p3-ultra-5g-neptune-blue-128-gb/p/itm50171223b4a05?pid=MOBHAYKEXWW5SW5B&lid=LSTMOBHAYKEXWW5SW5BD6JPGU&marketplace=FLIPKART&q=smart+phones&store=tyy%2F4io&srno=s_11_244&otracker=search&fm=organic&iid=bf8a05ae-9b06-452d-87ec-eaba38417023.MOBHAYKEXWW5SW5B.SEARCH&ppt=None&ppn=None&ssid=nb3z9iewds0000001790935074292&qH=a5594894156db043&ov_redirect=true,2026-10-02
245,"MOTOROLA edge 70 pro (Satin-Luxe PANTONE Tea (Green), 256 GB)",MOTOROLA,39999,69999,42% off,4.3,962,115,8 GB RAM,256 GB ROM,6500 mAh Silicon-Carbon Battery,Dimensity 8500 Extreme Processor,17.27 cm (6.8 inch) Full HD+ Super AMOLED Display,50MP + 50MP | 50MP Front Camera,,https://www.flipkart.com/motorola-edge-70-pro-satin-luxe-pantone-tea-green-256-gb/p/itmad36b25ee48bf?pid=MOBHN9734ZPCKBAC&lid=LSTMOBHN9734ZPCKBACJUQ4X8&marketplace=FLIPKART&q=smart+phones&store=tyy%2F4io&srno=s_11_245&otracker=search&fm=organic&iid=bf8a05ae-9b06-452d-87ec-eaba38417023.MOBHN9734ZPCKBAC.SEARCH&ppt=None&ppn=None&ssid=nb3z9iewds0000001790935074292&qH=a5594894156db043&ov_redirect=true,2026-10-02
246,"Apple iPhone 17 (White, 256 GB)",Apple,84999,99900,14% off,4.6,"28,288","2,049",,,,"A19 Chip, 6 Core Processor Processor",16.0 cm (6.3 inch) Super Retina XDR Display,48MP + 48MP | 18MP Front Camera,,https://www.flipkart.com/apple-iphone-17-white-256-gb/p/itm68ad8410784c7?pid=MOBHQV9YAZYYWY8A&lid=LSTMOBHQV9YAZYYWY8A6D2THC&marketplace=FLIPKART&q=smart+phones&store=tyy%2F4io&srno=s_11_246&otracker=search&fm=organic&iid=bf8a05ae-9b06-452d-87ec-eaba38417023.MOBHQV9YAZYYWY8A.SEARCH&ppt=None&ppn=None&ssid=nb3z9iewds0000001790935074292&qH=a5594894156db043&ov_redirect=true,2026-10-02
247,"BOLTT EVO (Midnight Black, 64 GB)",BOLTT,9999,17999,44% off,4.4,"1,327",695,4 GB RAM,64 GB ROM,6000 mAh Lithium ion Battery,T7250 Processor,6.79'' HD+ punch hole display,50MP + 2MP | 8MP Front Camera,,https://www.flipkart.com/boltt-evo-midnight-black-64-gb/p/itmf046d663a1fd7?pid=MOBHPP597GB8ZHTY&lid=LSTMOBHPP597GB8ZHTYGYX70A&marketplace=FLIPKART&q=smart+phones&store=tyy%2F4io&srno=s_11_247&otracker=search&fm=organic&iid=en_QaHx52Vb-F4szmlZtieQLvTFyhpIYNNm7ypLIvxlpGlonFUS_V9aPoKwD-u9BOpBmFcmDxdFnAg2HDILUSFuRZZk_zxnXKMiUj2SaFo9m-PC8rB_HK0wcv2rtPQLdO-w&ppt=None&ppn=None&ssid=nb3z9iewds0000001790935074292&qH=a5594894156db043&ov_redirect=true,2026-10-02
248,"BOLTT EVO (Lavender Bloom, 64 GB)",BOLTT,9999,17999,44% off,4.4,"1,327",695,4 GB RAM,64 GB ROM,6000 mAh Lithium ion Battery,T7250 Processor,6.79'' HD+ punch hole display,50MP + 2MP | 8MP Front Camera,,https://www.flipkart.com/boltt-evo-lavender-bloom-64-gb/p/itmf046d663a1fd7?pid=MOBHPP59AEJZHCVZ&lid=LSTMOBHPP59AEJZHCVZQQSXMU&marketplace=FLIPKART&q=smart+phones&store=tyy%2F4io&srno=s_11_248&otracker=search&fm=organic&iid=en_QaHx52Vb-F4szmlZtieQLvTFyhpIYNNm7ypLIvxlpGlYZZVhBKH8Xtlqf6WULcGQ7xbDZ0DH1NrYuR9fFRym_pZk_zxnXKMiUj2SaFo9m-PC8rB_HK0wcv2rtPQLdO-w&ppt=None&ppn=None&ssid=nb3z9iewds0000001790935074292&qH=a5594894156db043&ov_redirect=true,2026-10-02
249,"Apple iPhone 18 Pro (Burgundy, 512 GB)",Apple,189900,,,4.7,236,30,,,,"A20 Pro chip, 6 Core Processor Processor",16.0 cm (6.3 inch) Super Retina XDR Display,48MP + 48MP + 48MP | 18MP Front Camera,,https://www.flipkart.com/apple-iphone-18-pro-burgundy-512-gb/p/itm45fade022ddea?pid=MOBHQT5J7PYFBYEM&lid=LSTMOBHQT5J7PYFBYEMNJRJXO&marketplace=FLIPKART&q=smart+phones&store=tyy%2F4io&srno=s_11_249&otracker=search&fm=organic&iid=bf8a05ae-9b06-452d-87ec-eaba38417023.MOBHQT5J7PYFBYEM.SEARCH&ppt=None&ppn=None&ssid=nb3z9iewds0000001790935074292&qH=a5594894156db043&ov_redirect=true,2026-10-02
250,"REDMI 15C 5G (Midnight Black, 128 GB)",REDMI,19887,31999,37% off,4.2,711,51,6 GB RAM,128 GB ROM,6000 mAh Battery,,17.53 cm (6.9 inch) Display,50MP Rear Camera,,https://www.flipkart.com/redmi-15c-5g-midnight-black-128-gb/p/itmc1345bb45eef3?pid=MOBHGGZ2DYFHQM6T&lid=LSTMOBHGGZ2DYFHQM6TXRC2FG&marketplace=FLIPKART&q=smart+phones&store=tyy%2F4io&srno=s_11_250&otracker=search&fm=organic&iid=bf8a05ae-9b06-452d-87ec-eaba38417023.MOBHGGZ2DYFHQM6T.SEARCH&ppt=None&ppn=None&ssid=nb3z9iewds0000001790935074292&qH=a5594894156db043&ov_redirect=true,2026-10-02
251,"BOLTT EVO (Midnight Black, 128 GB)",BOLTT,11499,18999,39% off,4,"1,804",873,6 GB RAM,128 GB ROM,6000 mAh Lithium ion Battery,T7250 Processor,6.79'' HD+ punch hole display,50MP + 2MP | 8MP Front Camera,,https://www.flipkart.com/boltt-evo-midnight-black-128-gb/p/itmf046d663a1fd7?pid=MOBHPP59RWHM2PJH&lid=LSTMOBHPP59RWHM2PJHUUF4AF&marketplace=FLIPKART&q=smart+phones&store=tyy%2F4io&srno=s_11_251&otracker=search&fm=organic&iid=en_QaHx52Vb-F4szmlZtieQLvTFyhpIYNNm7ypLIvxlpGnYJ_oq8VWILThyt15Wi2lK-oHdKO3yYnYUN_r3HYwM1pZk_zxnXKMiUj2SaFo9m-PC8rB_HK0wcv2rtPQLdO-w&ppt=None&ppn=None&ssid=nb3z9iewds0000001790935074292&qH=a5594894156db043&ov_redirect=true,2026-10-02
252,"BOLTT EVO (Berry Red, 128 GB)",BOLTT,11499,18999,39% off,4,"1,804",873,6 GB RAM,128 GB ROM,6000 mAh Lithium ion Battery,T7250 Processor,6.79'' HD+ punch hole display,50MP + 2MP | 8MP Front Camera,,https://www.flipkart.com/boltt-evo-berry-red-128-gb/p/itmf046d663a1fd7?pid=MOBHPP59TUYYPWP5&lid=LSTMOBHPP59TUYYPWP5U7J1VB&marketplace=FLIPKART&q=smart+phones&store=tyy%2F4io&srno=s_11_252&otracker=search&fm=organic&iid=en_QaHx52Vb-F4szmlZtieQLvTFyhpIYNNm7ypLIvxlpGmMVdNLJKo3utYB2bWcgtfFvSppyrEH4LyH9lCiIfbYhZZk_zxnXKMiUj2SaFo9m-PC8rB_HK0wcv2rtPQLdO-w&ppt=None&ppn=None&ssid=nb3z9iewds0000001790935074292&qH=a5594894156db043&ov_redirect=true,2026-10-02
253,"Ai+ Nova 2 Pro 5G (Black, 128 GB)",Ai+,17999,21999,18% off,4,"2,383",276,6 GB RAM,128 GB ROM,6000 mAh Li-polymer Battery,Dimensity 7100 Processor,17.53 cm (6.9 inch) Full HD+ Display,48MP Rear Camera | 13MP Front Camera,,https://www.flipkart.com/ai-nova-2-pro-5g-black-128-gb/p/itmacb10a3dd51c6?pid=MOBHZ8ZM8BUGCJDQ&lid=LSTMOBHZ8ZM8BUGCJDQGHBPRS&marketplace=FLIPKART&q=smart+phones&store=tyy%2F4io&srno=s_11_253&otracker=search&fm=organic&iid=bf8a05ae-9b06-452d-87ec-eaba38417023.MOBHZ8ZM8BUGCJDQ.SEARCH&ppt=None&ppn=None&ssid=nb3z9iewds0000001790935074292&qH=a5594894156db043&ov_redirect=true,2026-10-02
254,Vivo T4 Lite 5G (Prism Blue 2026) ( 4GB 64GB),Vivo,16999,27999,39% off,4.3,"44,658","2,053",4 GB RAM,64 GB ROM,6000 mAh Battery,Dimensity 6300 5G Processor,17.12 cm (6.74 inch) HD+ Display,50MP + 2MP | 5MP Front Camera,5G,https://www.flipkart.com/vivo-t4-lite-5g-prism-blue-2026-4gb-64gb/p/itm49fb53d099f3c?pid=MOBHNCRKA4XQFSRM&lid=LSTMOBHNCRKA4XQFSRMKUYMUR&marketplace=FLIPKART&q=smart+phones&store=tyy%2F4io&srno=s_11_254&otracker=search&fm=organic&iid=bf8a05ae-9b06-452d-87ec-eaba38417023.MOBHNCRKA4XQFSRM.SEARCH&ppt=None&ppn=None&ssid=nb3z9iewds0000001790935074292&qH=a5594894156db043&ov_redirect=true,2026-10-02
255,"Tecno POP X 5G (Ripple Green, 128 GB)",Tecno,17490,27999,37% off,3.9,26,2,4 GB RAM,128 GB ROM,6500 mAh Battery,,17.22 cm (6.78 inch) Display,13MP Rear Camera,,https://www.flipkart.com/tecno-pop-x-5g-ripple-green-128-gb/p/itm57a45bbcdf450?pid=MOBHMUXZ7WPNDXXG&lid=LSTMOBHMUXZ7WPNDXXGU1OFL2&marketplace=FLIPKART&q=smart+phones&store=tyy%2F4io&srno=s_11_255&otracker=search&fm=organic&iid=bf8a05ae-9b06-452d-87ec-eaba38417023.MOBHMUXZ7WPNDXXG.SEARCH&ppt=None&ppn=None&ssid=nb3z9iewds0000001790935074292&qH=a5594894156db043&ov_redirect=true,2026-10-02
256,"OPPO K13 5G with 7000mAh and 80W SUPERVOOC Charger In-The-Box (Icy Purple, 128 GB)",OPPO,22999,,,4.4,"76,416","6,234",8 GB RAM,128 GB ROM,7000 mAh Battery,Snapdragon 6 Gen 4 Processor,16.94 cm (6.67 inch) Full HD+ Display,50MP + 2MP | 16MP Front Camera,,https://www.flipkart.com/oppo-k13-5g-7000mah-80w-supervooc-charger-in-the-box-icy-purple-128-gb/p/itm6f2ebf6d205cf?pid=MOBHB392H7TZ4ZKJ&lid=LSTMOBHB392H7TZ4ZKJT3QIAI&marketplace=FLIPKART&q=smart+phones&store=tyy%2F4io&srno=s_11_256&otracker=search&fm=organic&iid=bf8a05ae-9b06-452d-87ec-eaba38417023.MOBHB392H7TZ4ZKJ.SEARCH&ppt=None&ppn=None&ssid=nb3z9iewds0000001790935074292&qH=a5594894156db043&ov_redirect=true,2026-10-02
257,"BOLTT EVO (Sky Blue, 128 GB)",BOLTT,11499,18999,39% off,4,"1,804",873,6 GB RAM,128 GB ROM,6000 mAh Lithium ion Battery,T7250 Processor,6.79'' HD+ punch hole display,50MP + 2MP | 8MP Front Camera,,https://www.flipkart.com/boltt-evo-sky-blue-128-gb/p/itmf046d663a1fd7?pid=MOBHPP59ME6SPCZW&lid=LSTMOBHPP59ME6SPCZWUW9RP3&marketplace=FLIPKART&q=smart+phones&store=tyy%2F4io&srno=s_11_257&otracker=search&fm=organic&iid=en_QaHx52Vb-F4szmlZtieQLvTFyhpIYNNm7ypLIvxlpGkwajNiDDECfmYl8hyHVaAg3P0mWBjXnv8TRqM4RAxjiJZk_zxnXKMiUj2SaFo9m-PC8rB_HK0wcv2rtPQLdO-w&ppt=None&ppn=None&ssid=nb3z9iewds0000001790935074292&qH=a5594894156db043&ov_redirect=true,2026-10-02
258,"Nothing Phone (4b) (White, 256 GB)",Nothing,40999,59999,31% off,4.3,"1,841",179,8 GB RAM,256 GB ROM,6000 mAh Lithium ion Battery,6 Gen 4 Processor,17.2 cm (6.77 inch) Full HD+ AMOLED Display,50MP + 8MP | 16MP Front Camera,,https://www.flipkart.com/nothing-phone-4b-white-256-gb/p/itm939608b40adbb?pid=MOBHZMBD5MZZDUYA&lid=LSTMOBHZMBD5MZZDUYAIWDKYR&marketplace=FLIPKART&q=smart+phones&store=tyy%2F4io&srno=s_11_258&otracker=search&fm=organic&iid=en_QaHx52Vb-F4szmlZtieQLvTFyhpIYNNm7ypLIvxlpGkocfQmVVn5ID7zbG790Y2w7muq75qMORP5m1GATJhVOo4zosKAteXhOp7WzmYAPrcXUwpwBbIdVEjDPxKjcA7B&ppt=None&ppn=None&ssid=nb3z9iewds0000001790935074292&qH=a5594894156db043&ov_redirect=true,2026-10-02
259,"Samsung Galaxy S25 Ultra 5G (Titanium Whitesilver, 256 GB)",Samsung,96899,129999,25% off,4.6,"4,230",451,12 GB RAM,256 GB ROM,5000 mAh Battery,8 Elite for Galaxy Processor,17.53 cm (6.9 inch) Quad HD+ Display,200MP + 50MP + 50MP + 10MP | 12MP Front Camera,,https://www.flipkart.com/samsung-galaxy-s25-ultra-5g-titanium-whitesilver-256-gb/p/itm9beb2f2beaa5e?pid=MOBH8K8U56WRFZFR&lid=LSTMOBH8K8U56WRFZFRACYPJI&marketplace=FLIPKART&q=smart+phones&store=tyy%2F4io&srno=s_11_259&otracker=search&fm=organic&iid=bf8a05ae-9b06-452d-87ec-eaba38417023.MOBH8K8U56WRFZFR.SEARCH&ppt=None&ppn=None&ssid=nb3z9iewds0000001790935074292&qH=a5594894156db043&ov_redirect=true,2026-10-02
260,"realme 15 5G (Silk Pink, 256 GB)",realme,31999,,,4.4,"11,375","1,223",8 GB RAM,256 GB ROM,7000 mAh Battery,Mediatek Dimensity 7300+ 5G Processor,17.27 cm (6.8 inch) Full HD+ Display,50MP + 8MP | 50MP Front Camera,5G,https://www.flipkart.com/realme-15-5g-silk-pink-256-gb/p/itme9581fbd0e97a?pid=MOBHDUKFZF7UPZZZ&lid=LSTMOBHDUKFZF7UPZZZJPBCBN&marketplace=FLIPKART&q=smart+phones&store=tyy%2F4io&srno=s_11_260&otracker=search&fm=organic&iid=bf8a05ae-9b06-452d-87ec-eaba38417023.MOBHDUKFZF7UPZZZ.SEARCH&ppt=None&ppn=None&ssid=nb3z9iewds0000001790935074292&qH=a5594894156db043&ov_redirect=true,2026-10-02
261,"BOLTT EVO (Sky Blue, 64 GB)",BOLTT,9999,17999,44% off,4.4,"1,327",695,4 GB RAM,64 GB ROM,6000 mAh Lithium ion Battery,T7250 Processor,6.79'' HD+ punch hole display,50MP + 2MP | 8MP Front Camera,,https://www.flipkart.com/boltt-evo-sky-blue-64-gb/p/itmf046d663a1fd7?pid=MOBHPP59WKSV4FYG&lid=LSTMOBHPP59WKSV4FYGYPMLV6&marketplace=FLIPKART&q=smart+phones&store=tyy%2F4io&srno=s_11_261&otracker=search&fm=organic&iid=en_QaHx52Vb-F4szmlZtieQLvTFyhpIYNNm7ypLIvxlpGlYohN9a_oVebiT9k2Q5TV0igicCniOwiXfyNr6i62vdZZk_zxnXKMiUj2SaFo9m-PC8rB_HK0wcv2rtPQLdO-w&ppt=None&ppn=None&ssid=nb3z9iewds0000001790935074292&qH=a5594894156db043&ov_redirect=true,2026-10-02
262,"Tecno Spark Go 3 (Ink Black, 64 GB)",Tecno,12499,15999,21% off,4.1,221,15,4 GB RAM,64 GB ROM,5000 mAh Lithium Polymer Battery,T7250 Processor,17.12 cm (6.74 inch) HD+ Display,13MP Rear Camera | 8MP Front Camera,,https://www.flipkart.com/tecno-spark-go-3-ink-black-64-gb/p/itma9c8f128a61c6?pid=MOBHP2QYCXZZE3CM&lid=LSTMOBHP2QYCXZZE3CMWW64IB&marketplace=FLIPKART&q=smart+phones&store=tyy%2F4io&srno=s_11_262&otracker=search&fm=organic&iid=en_QaHx52Vb-F4szmlZtieQLvTFyhpIYNNm7ypLIvxlpGn3gLsC5Q-P4QmvPw-J19P6obHia2qzOJRVmItQg11sFOigoP0JOmkRzy9ESpBEi3e08TbxZLojJKe0dNuBEG3c&ppt=None&ppn=None&ssid=nb3z9iewds0000001790935074292&qH=a5594894156db043&ov_redirect=true,2026-10-02
263,"Ai+ Nova 2 Pro 5G (Green, 128 GB)",Ai+,18999,23999,20% off,4,"1,050",134,8 GB RAM,128 GB ROM,6000 mAh Li-polymer Battery,Dimensity 7100 Processor,17.53 cm (6.9 inch) Full HD+ Display,48MP Rear Camera | 13MP Front Camera,,https://www.flipkart.com/ai-nova-2-pro-5g-green-128-gb/p/itm0f17f22a021f7?pid=MOBHZ8ZMF5EZCTBR&lid=LSTMOBHZ8ZMF5EZCTBR0IZWIH&marketplace=FLIPKART&q=smart+phones&store=tyy%2F4io&srno=s_11_263&otracker=search&fm=organic&iid=bf8a05ae-9b06-452d-87ec-eaba38417023.MOBHZ8ZMF5EZCTBR.SEARCH&ppt=None&ppn=None&ssid=nb3z9iewds0000001790935074292&qH=a5594894156db043&ov_redirect=true,2026-10-02
264,Vivo T4 Lite 5G (Titanium Gold 2026) (4GB 64GB),Vivo,16999,27999,39% off,4.3,"44,658","2,053",4 GB RAM,64 GB ROM,6000 mAh Battery,Dimensity 6300 5G Processor,17.12 cm (6.74 inch) HD+ Display,50MP + 2MP | 5MP Front Camera,5G,https://www.flipkart.com/vivo-t4-lite-5g-titanium-gold-2026-4gb-64gb/p/itm49fb53d099f3c?pid=MOBHNCRK44PF7QEN&lid=LSTMOBHNCRK44PF7QENJQHGI9&marketplace=FLIPKART&q=smart+phones&store=tyy%2F4io&srno=s_11_264&otracker=search&fm=organic&iid=bf8a05ae-9b06-452d-87ec-eaba38417023.MOBHNCRK44PF7QEN.SEARCH&ppt=None&ppn=None&ssid=nb3z9iewds0000001790935074292&qH=a5594894156db043&ov_redirect=true,2026-10-02
265,"REDMI 15 5G (Frosted White, 256 GB)",REDMI,26163,29999,12% off,4.3,"5,022",320,8 GB RAM,256 GB ROM,7000 mAh Battery,,17.53 cm (6.9 inch) Display,50MP Rear Camera,,https://www.flipkart.com/redmi-15-5g-frosted-white-256-gb/p/itmd7bced8727891?pid=MOBHFH94XMPDASMJ&lid=LSTMOBHFH94XMPDASMJACPDSP&marketplace=FLIPKART&q=smart+phones&store=tyy%2F4io&srno=s_12_265&otracker=search&fm=organic&iid=150d23ae-781a-4cb7-accf-83c73182a86b.MOBHFH94XMPDASMJ.SEARCH&ppt=None&ppn=None&ssid=xvqmp6hprk0000001790935077016&qH=a5594894156db043&ov_redirect=true,2026-10-02
266,"Samsung Galaxy A56 5G (Awesome Olive, 256 GB)",Samsung,39860,48999,18% off,4.4,"1,062",82,8 GB RAM,256 GB ROM,5000 mAh Battery,Samsung Exynos 1580 Processor,17.02 cm (6.7 inch) Full HD+ Display,50MP + 12MP + 5MP | 12MP Front Camera,,https://www.flipkart.com/samsung-galaxy-a56-5g-awesome-olive-256-gb/p/itm7e0f6a3b05352?pid=MOBH9RNGFAS4SU4U&lid=LSTMOBH9RNGFAS4SU4UZLJK4M&marketplace=FLIPKART&q=smart+phones&store=tyy%2F4io&srno=s_12_266&otracker=search&fm=organic&iid=150d23ae-781a-4cb7-accf-83c73182a86b.MOBH9RNGFAS4SU4U.SEARCH&ppt=None&ppn=None&ssid=xvqmp6hprk0000001790935077016&qH=a5594894156db043&ov_redirect=true,2026-10-02
267,"BOLTT EVO (Arctic White, 128 GB)",BOLTT,11499,18999,39% off,4,"1,804",873,6 GB RAM,128 GB ROM,6000 mAh Lithium ion Battery,T7250 Processor,6.79'' HD+ punch hole display,50MP + 2MP | 8MP Front Camera,,https://www.flipkart.com/boltt-evo-arctic-white-128-gb/p/itmf046d663a1fd7?pid=MOBHPP59GKGTGZGA&lid=LSTMOBHPP59GKGTGZGAIEMNWG&marketplace=FLIPKART&q=smart+phones&store=tyy%2F4io&srno=s_12_267&otracker=search&fm=organic&iid=en_vg5infW593uC9zrMvbWJxyQHI5H88DLq_n_sl4NmW5815VzMW6y_o4_Y0-DLJcnAApXdqJ8g9gjPKgZjVdc9bpZk_zxnXKMiUj2SaFo9m-PGX1oxyK5P4j7gQ6BAkFc6&ppt=None&ppn=None&ssid=xvqmp6hprk0000001790935077016&qH=a5594894156db043&ov_redirect=true,2026-10-02
268,"BOLTT EVO (Berry Red, 64 GB)",BOLTT,9999,17999,44% off,4.4,"1,327",695,4 GB RAM,64 GB ROM,6000 mAh Lithium ion Battery,T7250 Processor,6.79'' HD+ punch hole display,50MP + 2MP | 8MP Front Camera,,https://www.flipkart.com/boltt-evo-berry-red-64-gb/p/itmf046d663a1fd7?pid=MOBHPP598ENKRGBY&lid=LSTMOBHPP598ENKRGBYC3QECN&marketplace=FLIPKART&q=smart+phones&store=tyy%2F4io&srno=s_12_268&otracker=search&fm=organic&iid=en_vg5infW593uC9zrMvbWJxyQHI5H88DLq_n_sl4NmW5-OWI15E5Nuo-0Rj0I_KmMVmCxeu8uCGyw6NBIvVnameZZk_zxnXKMiUj2SaFo9m-PGX1oxyK5P4j7gQ6BAkFc6&ppt=None&ppn=None&ssid=xvqmp6hprk0000001790935077016&qH=a5594894156db043&ov_redirect=true,2026-10-02
269,"Samsung M47 5G (Rogue Red, 128 GB)",Samsung,33999,39999,15% off,4.5,22,0,8 GB RAM,128 GB ROM,6000 mAh Battery,,16.94 cm (6.67 inch) Display,50MP Rear Camera,,https://www.flipkart.com/samsung-m47-5g-rogue-red-128-gb/p/itm32685112fc1af?pid=MOBHZWA8UGGCTGRZ&lid=LSTMOBHZWA8UGGCTGRZXOCUVT&marketplace=FLIPKART&q=smart+phones&store=tyy%2F4io&srno=s_12_269&otracker=search&fm=organic&iid=150d23ae-781a-4cb7-accf-83c73182a86b.MOBHZWA8UGGCTGRZ.SEARCH&ppt=None&ppn=None&ssid=xvqmp6hprk0000001790935077016&qH=a5594894156db043&ov_redirect=true,2026-10-02
270,Vivo T4 Lite 5G (Titanium Gold 2026) (4GB 128GB),Vivo,18999,28999,34% off,4.3,"44,658","2,053",4 GB RAM,128 GB ROM,6000 mAh Battery,Dimensity 6300 5G Processor,17.12 cm (6.74 inch) HD+ Display,50MP + 2MP | 5MP Front Camera,5G,https://www.flipkart.com/vivo-t4-lite-5g-titanium-gold-2026-4gb-128gb/p/itm49fb53d099f3c?pid=MOBHNCRKN8ZBGAJR&lid=LSTMOBHNCRKN8ZBGAJREUTFV0&marketplace=FLIPKART&q=smart+phones&store=tyy%2F4io&srno=s_12_270&otracker=search&fm=organic&iid=150d23ae-781a-4cb7-accf-83c73182a86b.MOBHNCRKN8ZBGAJR.SEARCH&ppt=None&ppn=None&ssid=xvqmp6hprk0000001790935077016&qH=a5594894156db043&ov_redirect=true,2026-10-02
271,"BOLTT EVO (Midnight Black, 64 GB)",BOLTT,9999,17999,44% off,4.4,"1,327",695,4 GB RAM,64 GB ROM,6000 mAh Lithium ion Battery,T7250 Processor,6.79'' HD+ punch hole display,50MP + 2MP | 8MP Front Camera,,https://www.flipkart.com/boltt-evo-midnight-black-64-gb/p/itmf046d663a1fd7?pid=MOBHPP597GB8ZHTY&lid=LSTMOBHPP597GB8ZHTYGYX70A&marketplace=FLIPKART&q=smart+phones&store=tyy%2F4io&srno=s_12_271&otracker=search&fm=organic&iid=en_vg5infW593uC9zrMvbWJxyQHI5H88DLq_n_sl4NmW58zSn1peYmaSFvKsIsd-4fmmFcmDxdFnAg2HDILUSFuRZZk_zxnXKMiUj2SaFo9m-PGX1oxyK5P4j7gQ6BAkFc6&ppt=None&ppn=None&ssid=xvqmp6hprk0000001790935077016&qH=a5594894156db043&ov_redirect=true,2026-10-02
272,"BOLTT EVO (Lavender Bloom, 64 GB)",BOLTT,9999,17999,44% off,4.4,"1,327",695,4 GB RAM,64 GB ROM,6000 mAh Lithium ion Battery,T7250 Processor,6.79'' HD+ punch hole display,50MP + 2MP | 8MP Front Camera,,https://www.flipkart.com/boltt-evo-lavender-bloom-64-gb/p/itmf046d663a1fd7?pid=MOBHPP59AEJZHCVZ&lid=LSTMOBHPP59AEJZHCVZQQSXMU&marketplace=FLIPKART&q=smart+phones&store=tyy%2F4io&srno=s_12_272&otracker=search&fm=organic&iid=en_vg5infW593uC9zrMvbWJxyQHI5H88DLq_n_sl4NmW58HtiMhfW6alhNqvBC_11u17xbDZ0DH1NrYuR9fFRym_pZk_zxnXKMiUj2SaFo9m-PGX1oxyK5P4j7gQ6BAkFc6&ppt=None&ppn=None&ssid=xvqmp6hprk0000001790935077016&qH=a5594894156db043&ov_redirect=true,2026-10-02
273,"Tecno POP X 5G (Ripple Green, 128 GB)",Tecno,19490,31999,39% off,4.3,14,2,6 GB RAM,128 GB ROM,6500 mAh Battery,,17.22 cm (6.78 inch) Display,50MP Rear Camera,,https://www.flipkart.com/tecno-pop-x-5g-ripple-green-128-gb/p/itm57a45bbcdf450?pid=MOBHMSVB8FTX33F6&lid=LSTMOBHMSVB8FTX33F62TVOV1&marketplace=FLIPKART&q=smart+phones&store=tyy%2F4io&srno=s_12_273&otracker=search&fm=organic&iid=150d23ae-781a-4cb7-accf-83c73182a86b.MOBHMSVB8FTX33F6.SEARCH&ppt=None&ppn=None&ssid=xvqmp6hprk0000001790935077016&qH=a5594894156db043&ov_redirect=true,2026-10-02
274,"POCO C85 5G (Mystic Purple, 128 GB)",POCO,16449,20999,21% off,3.8,"2,748",294,4 GB RAM,128 GB ROM,6000 mAh Lithium-Ion Polymer Battery,Dimensity 6300 Processor,17.53 cm (6.9 inch) HD+ Display,50MP Rear Camera | 8MP Front Camera,,https://www.flipkart.com/poco-c85-5g-mystic-purple-128-gb/p/itm74e2143a5de24?pid=MOBHMGG5UZHEVJBK&lid=LSTMOBHMGG5UZHEVJBKGQRQDY&marketplace=FLIPKART&q=smart+phones&store=tyy%2F4io&srno=s_12_274&otracker=search&fm=organic&iid=150d23ae-781a-4cb7-accf-83c73182a86b.MOBHMGG5UZHEVJBK.SEARCH&ppt=None&ppn=None&ssid=xvqmp6hprk0000001790935077016&qH=a5594894156db043&ov_redirect=true,2026-10-02
275,"Apple iPhone 18 Pro (Glacier, 512 GB)",Apple,189900,,,4.7,236,30,,,,"A20 Pro chip, 6 Core Processor Processor",16.0 cm (6.3 inch) Super Retina XDR Display,48MP + 48MP + 48MP | 18MP Front Camera,,https://www.flipkart.com/apple-iphone-18-pro-glacier-512-gb/p/itm279b80a9b1198?pid=MOBHR2GUUM9PKCNU&lid=LSTMOBHR2GUUM9PKCNUXPI6F0&marketplace=FLIPKART&q=smart+phones&store=tyy%2F4io&srno=s_12_275&otracker=search&fm=organic&iid=150d23ae-781a-4cb7-accf-83c73182a86b.MOBHR2GUUM9PKCNU.SEARCH&ppt=None&ppn=None&ssid=xvqmp6hprk0000001790935077016&qH=a5594894156db043&ov_redirect=true,2026-10-02
276,"Ai+ Nova 2 Pro 5G (Red, 128 GB)",Ai+,17999,21999,18% off,4,"2,383",276,6 GB RAM,128 GB ROM,6000 mAh Li-polymer Battery,Dimensity 7100 Processor,17.53 cm (6.9 inch) Full HD+ Display,48MP Rear Camera | 13MP Front Camera,,https://www.flipkart.com/ai-nova-2-pro-5g-red-128-gb/p/itm6e110e80c5404?pid=MOBHZ8ZMEHPWH2ZY&lid=LSTMOBHZ8ZMEHPWH2ZYDNLAHF&marketplace=FLIPKART&q=smart+phones&store=tyy%2F4io&srno=s_12_276&otracker=search&fm=organic&iid=150d23ae-781a-4cb7-accf-83c73182a86b.MOBHZ8ZMEHPWH2ZY.SEARCH&ppt=None&ppn=None&ssid=xvqmp6hprk0000001790935077016&qH=a5594894156db043&ov_redirect=true,2026-10-02
277,"BOLTT EVO (Midnight Black, 128 GB)",BOLTT,11499,18999,39% off,4,"1,804",873,6 GB RAM,128 GB ROM,6000 mAh Lithium ion Battery,T7250 Processor,6.79'' HD+ punch hole display,50MP + 2MP | 8MP Front Camera,,https://www.flipkart.com/boltt-evo-midnight-black-128-gb/p/itmf046d663a1fd7?pid=MOBHPP59RWHM2PJH&lid=LSTMOBHPP59RWHM2PJHUUF4AF&marketplace=FLIPKART&q=smart+phones&store=tyy%2F4io&srno=s_12_277&otracker=search&fm=organic&iid=en_vg5infW593uC9zrMvbWJxyQHI5H88DLq_n_sl4NmW59d_Uez3Eb6OluEDq6ZScga-oHdKO3yYnYUN_r3HYwM1pZk_zxnXKMiUj2SaFo9m-PGX1oxyK5P4j7gQ6BAkFc6&ppt=None&ppn=None&ssid=xvqmp6hprk0000001790935077016&qH=a5594894156db043&ov_redirect=true,2026-10-02
278,"BOLTT EVO (Berry Red, 128 GB)",BOLTT,11499,18999,39% off,4,"1,804",873,6 GB RAM,128 GB ROM,6000 mAh Lithium ion Battery,T7250 Processor,6.79'' HD+ punch hole display,50MP + 2MP | 8MP Front Camera,,https://www.flipkart.com/boltt-evo-berry-red-128-gb/p/itmf046d663a1fd7?pid=MOBHPP59TUYYPWP5&lid=LSTMOBHPP59TUYYPWP5U7J1VB&marketplace=FLIPKART&q=smart+phones&store=tyy%2F4io&srno=s_12_278&otracker=search&fm=organic&iid=en_vg5infW593uC9zrMvbWJxyQHI5H88DLq_n_sl4NmW59ONGyyjNg3etrYlwVYaJ3GvSppyrEH4LyH9lCiIfbYhZZk_zxnXKMiUj2SaFo9m-PGX1oxyK5P4j7gQ6BAkFc6&ppt=None&ppn=None&ssid=xvqmp6hprk0000001790935077016&qH=a5594894156db043&ov_redirect=true,2026-10-02
279,"realme P3 Ultra 5G (Glowing Lunar White, 256 GB)",realme,31999,35999,11% off,4.4,"5,274",589,12 GB RAM,256 GB ROM,6000 mAh Battery,Dimensity 8350 Ultra Processor,17.35 cm (6.83 inch) Full HD+ Display,50MP + 8MP | 16MP Front Camera,,https://www.flipkart.com/realme-p3-ultra-5g-glowing-lunar-white-256-gb/p/itm50171223b4a05?pid=MOBHAYKEGJYAUWC4&lid=LSTMOBHAYKEGJYAUWC4GFGIFN&marketplace=FLIPKART&q=smart+phones&store=tyy%2F4io&srno=s_12_279&otracker=search&fm=organic&iid=150d23ae-781a-4cb7-accf-83c73182a86b.MOBHAYKEGJYAUWC4.SEARCH&ppt=None&ppn=None&ssid=xvqmp6hprk0000001790935077016&qH=a5594894156db043&ov_redirect=true,2026-10-02
280,"Samsung Galaxy M17e 5G (Blitz Blue, 128 GB)",Samsung,17987,22999,21% off,4.1,89,8,4 GB RAM,128 GB ROM,6000 mAh Battery,Dimensity 6300 Processor,17.02 cm (6.7 inch) HD+ Display,50MP Rear Camera | 8MP Front Camera,,https://www.flipkart.com/samsung-galaxy-m17e-5g-blitz-blue-128-gb/p/itm94d52438549d6?pid=MOBHHTAUEZHBNGAQ&lid=LSTMOBHHTAUEZHBNGAQMSKGRF&marketplace=FLIPKART&q=smart+phones&store=tyy%2F4io&srno=s_12_280&otracker=search&fm=organic&iid=150d23ae-781a-4cb7-accf-83c73182a86b.MOBHHTAUEZHBNGAQ.SEARCH&ppt=None&ppn=None&ssid=xvqmp6hprk0000001790935077016&qH=a5594894156db043&ov_redirect=true,2026-10-02
281,"BOLTT EVO (Sky Blue, 128 GB)",BOLTT,11499,18999,39% off,4,"1,804",873,6 GB RAM,128 GB ROM,6000 mAh Lithium ion Battery,T7250 Processor,6.79'' HD+ punch hole display,50MP + 2MP | 8MP Front Camera,,https://www.flipkart.com/boltt-evo-sky-blue-128-gb/p/itmf046d663a1fd7?pid=MOBHPP59ME6SPCZW&lid=LSTMOBHPP59ME6SPCZWUW9RP3&marketplace=FLIPKART&q=smart+phones&store=tyy%2F4io&srno=s_12_281&otracker=search&fm=organic&iid=en_vg5infW593uC9zrMvbWJxyQHI5H88DLq_n_sl4NmW58dtGcR2YBTDIQjp1slcxR13P0mWBjXnv8TRqM4RAxjiJZk_zxnXKMiUj2SaFo9m-PGX1oxyK5P4j7gQ6BAkFc6&ppt=None&ppn=None&ssid=xvqmp6hprk0000001790935077016&qH=a5594894156db043&ov_redirect=true,2026-10-02
282,"Nothing Phone (4b) (White, 256 GB)",Nothing,40999,59999,31% off,4.3,"1,841",179,8 GB RAM,256 GB ROM,6000 mAh Lithium ion Battery,6 Gen 4 Processor,17.2 cm (6.77 inch) Full HD+ AMOLED Display,50MP + 8MP | 16MP Front Camera,,https://www.flipkart.com/nothing-phone-4b-white-256-gb/p/itm939608b40adbb?pid=MOBHZMBD5MZZDUYA&lid=LSTMOBHZMBD5MZZDUYAIWDKYR&marketplace=FLIPKART&q=smart+phones&store=tyy%2F4io&srno=s_12_282&otracker=search&fm=organic&iid=en_vg5infW593uC9zrMvbWJxyQHI5H88DLq_n_sl4NmW5_UVX3o4qzffwrRs5Rotz6u7muq75qMORP5m1GATJhVOo4zosKAteXhOp7WzmYAPrfHQ45j3gXbJ6tsvTgpqZnN&ppt=None&ppn=None&ssid=xvqmp6hprk0000001790935077016&qH=a5594894156db043&ov_redirect=true,2026-10-02
283,"Samsung Galaxy A07 5G (Black, 128 GB)",Samsung,20790,26999,22% off,4.3,89,7,6 GB RAM,128 GB ROM,6000 mAh Li-ion Battery,Dimensity 6300 Processor,43.51 cm (17.13 inch) HD+ Display,50MP + 2MP | 8MP Front Camera,,https://www.flipkart.com/samsung-galaxy-a07-5g-black-128-gb/p/itm375542879d8d6?pid=MOBHJXB2VAA6ZNTZ&lid=LSTMOBHJXB2VAA6ZNTZNCAXNG&marketplace=FLIPKART&q=smart+phones&store=tyy%2F4io&srno=s_12_283&otracker=search&fm=organic&iid=150d23ae-781a-4cb7-accf-83c73182a86b.MOBHJXB2VAA6ZNTZ.SEARCH&ppt=None&ppn=None&ssid=xvqmp6hprk0000001790935077016&qH=a5594894156db043&ov_redirect=true,2026-10-02
284,"REDMI Note 15 SE 5G Snapdragon (Carbon Black, 128 GB)",REDMI,25999,34999,25% off,4.3,"6,665",594,6 GB RAM,128 GB ROM,5800 mAh Lithium-Ion Polymer Battery,Snapdragon 6 Gen 3 Processor,17.2 cm (6.77 inch) Full HD+ AMOLED Display,50MP Rear Camera | 20MP Front Camera,,https://www.flipkart.com/redmi-note-15-se-5g-snapdragon-carbon-black-128-gb/p/itm60b0ad3a0da9d?pid=MOBHN52FDHRHXYKD&lid=LSTMOBHN52FDHRHXYKDT6HEXV&marketplace=FLIPKART&q=smart+phones&store=tyy%2F4io&srno=s_12_284&otracker=search&fm=organic&iid=150d23ae-781a-4cb7-accf-83c73182a86b.MOBHN52FDHRHXYKD.SEARCH&ppt=None&ppn=None&ssid=xvqmp6hprk0000001790935077016&qH=a5594894156db043&ov_redirect=true,2026-10-02
285,"Ai+ Nova 2 Neo 5G (Orange, 128 GB)",Ai+,16999,19999,15% off,4.2,"1,085",102,6 GB RAM,128 GB ROM,6000 mAh Li-polymer Battery,Dimensity 6300 Processor,17.13 cm (6.745 inch) HD+ Display,48MP Rear Camera | 8MP Front Camera,,https://www.flipkart.com/ai-nova-2-neo-5g-orange-128-gb/p/itmfca92a556ae02?pid=MOBHZ8ZMYNAZJEK9&lid=LSTMOBHZ8ZMYNAZJEK9IZBBXV&marketplace=FLIPKART&q=smart+phones&store=tyy%2F4io&srno=s_12_285&otracker=search&fm=organic&iid=150d23ae-781a-4cb7-accf-83c73182a86b.MOBHZ8ZMYNAZJEK9.SEARCH&ppt=None&ppn=None&ssid=xvqmp6hprk0000001790935077016&qH=a5594894156db043&ov_redirect=true,2026-10-02
286,"Samsung Galaxy F36 5G (Violet, 128 GB)",Samsung,22999,24499,6% off,4.2,"7,252",635,8 GB RAM,128 GB ROM,5000 mAh Battery,Samsung Exynos 1380 Processor,17.02 cm (6.7 inch) Full HD+ Display,50MP + 8MP + 2MP | 13MP Front Camera,,https://www.flipkart.com/samsung-galaxy-f36-5g-violet-128-gb/p/itm04dd2e5a423a1?pid=MOBHDFVT8DFYYBR5&lid=LSTMOBHDFVT8DFYYBR5DJ09KW&marketplace=FLIPKART&q=smart+phones&store=tyy%2F4io&srno=s_12_286&otracker=search&fm=organic&iid=150d23ae-781a-4cb7-accf-83c73182a86b.MOBHDFVT8DFYYBR5.SEARCH&ppt=None&ppn=None&ssid=xvqmp6hprk0000001790935077016&qH=a5594894156db043&ov_redirect=true,2026-10-02
287,"BOLTT EVO (Sky Blue, 64 GB)",BOLTT,9999,17999,44% off,4.4,"1,327",695,4 GB RAM,64 GB ROM,6000 mAh Lithium ion Battery,T7250 Processor,6.79'' HD+ punch hole display,50MP + 2MP | 8MP Front Camera,,https://www.flipkart.com/boltt-evo-sky-blue-64-gb/p/itmf046d663a1fd7?pid=MOBHPP59WKSV4FYG&lid=LSTMOBHPP59WKSV4FYGYPMLV6&marketplace=FLIPKART&q=smart+phones&store=tyy%2F4io&srno=s_12_287&otracker=search&fm=organic&iid=en_vg5infW593uC9zrMvbWJxyQHI5H88DLq_n_sl4NmW59oMwB4f1wEHXruawTdotcBigicCniOwiXfyNr6i62vdZZk_zxnXKMiUj2SaFo9m-PGX1oxyK5P4j7gQ6BAkFc6&ppt=None&ppn=None&ssid=xvqmp6hprk0000001790935077016&qH=a5594894156db043&ov_redirect=true,2026-10-02
288,"Tecno Spark Go 3 (Ink Black, 64 GB)",Tecno,12499,15999,21% off,4.1,221,15,4 GB RAM,64 GB ROM,5000 mAh Lithium Polymer Battery,T7250 Processor,17.12 cm (6.74 inch) HD+ Display,13MP Rear Camera | 8MP Front Camera,,https://www.flipkart.com/tecno-spark-go-3-ink-black-64-gb/p/itma9c8f128a61c6?pid=MOBHP2QYCXZZE3CM&lid=LSTMOBHP2QYCXZZE3CMWW64IB&marketplace=FLIPKART&q=smart+phones&store=tyy%2F4io&srno=s_12_288&otracker=search&fm=organic&iid=en_vg5infW593uC9zrMvbWJxyQHI5H88DLq_n_sl4NmW5_2kqRZh74mELhRYbqWjDKxobHia2qzOJRVmItQg11sFOigoP0JOmkRzy9ESpBEi3eWqhpNCOY4eD7kCNEmWT_G&ppt=None&ppn=None&ssid=xvqmp6hprk0000001790935077016&qH=a5594894156db043&ov_redirect=true,2026-10-02
289,"vivo T5x 5G (Star Silver, 128 GB)",vivo,27999,28999,3% off,4.4,"22,241","1,516",6 GB RAM,128 GB ROM,7200 mAh Li-ion Battery,Dimensity 7400-Turbo Processor,17.17 cm (6.76 inch) Display,50MP + 2MP | 32MP Front Camera,,https://www.flipkart.com/vivo-t5x-5g-star-silver-128-gb/p/itm7da8aa253e72b?pid=MOBHH69NRE6PHFBH&lid=LSTMOBHH69NRE6PHFBHJHMXME&marketplace=FLIPKART&q=smart+phones&store=tyy%2F4io&srno=s_13_289&otracker=search&fm=organic&iid=9353f318-cd94-458b-a3f2-4eb68fa858e5.MOBHH69NRE6PHFBH.SEARCH&ppt=None&ppn=None&ssid=d4e97ha94w0000001790935079961&qH=a5594894156db043&ov_redirect=true,2026-10-02
290,"Ai+ Nova 2 Neo 5G (Blue, 128 GB)",Ai+,16999,19999,15% off,4.2,"1,085",102,6 GB RAM,128 GB ROM,6000 mAh Li-polymer Battery,Dimensity 6300 Processor,17.13 cm (6.745 inch) HD+ Display,48MP Rear Camera | 8MP Front Camera,,https://www.flipkart.com/ai-nova-2-neo-5g-blue-128-gb/p/itmbe9c32c02c347?pid=MOBHZ8ZMMVSHPYKG&lid=LSTMOBHZ8ZMMVSHPYKGK2DZD5&marketplace=FLIPKART&q=smart+phones&store=tyy%2F4io&srno=s_13_290&otracker=search&fm=organic&iid=9353f318-cd94-458b-a3f2-4eb68fa858e5.MOBHZ8ZMMVSHPYKG.SEARCH&ppt=None&ppn=None&ssid=d4e97ha94w0000001790935079961&qH=a5594894156db043&ov_redirect=true,2026-10-02
291,"BOLTT EVO (Arctic White, 128 GB)",BOLTT,11499,18999,39% off,4,"1,804",873,6 GB RAM,128 GB ROM,6000 mAh Lithium ion Battery,T7250 Processor,6.79'' HD+ punch hole display,50MP + 2MP | 8MP Front Camera,,https://www.flipkart.com/boltt-evo-arctic-white-128-gb/p/itmf046d663a1fd7?pid=MOBHPP59GKGTGZGA&lid=LSTMOBHPP59GKGTGZGAIEMNWG&marketplace=FLIPKART&q=smart+phones&store=tyy%2F4io&srno=s_13_291&otracker=search&fm=organic&iid=en_EIPOfDtgLyRc-W-BPY7GqEGrYVZmtiS9BU3WR4EPl5rwIA6z1L2XqcfTkkUkXGuWApXdqJ8g9gjPKgZjVdc9bpZk_zxnXKMiUj2SaFo9m-Os921eG1mzO-hWeTA72ICR&ppt=None&ppn=None&ssid=d4e97ha94w0000001790935079961&qH=a5594894156db043&ov_redirect=true,2026-10-02
292,"BOLTT EVO (Arctic White, 64 GB)",BOLTT,9999,17999,44% off,4.4,"1,327",695,4 GB RAM,64 GB ROM,6000 mAh Lithium ion Battery,T7250 Processor,6.79'' HD+ punch hole display,50MP + 2MP | 8MP Front Camera,,https://www.flipkart.com/boltt-evo-arctic-white-64-gb/p/itmf046d663a1fd7?pid=MOBHPP59BYSJ98M8&lid=LSTMOBHPP59BYSJ98M8RWYHGQ&marketplace=FLIPKART&q=smart+phones&store=tyy%2F4io&srno=s_13_292&otracker=search&fm=organic&iid=en_EIPOfDtgLyRc-W-BPY7GqEGrYVZmtiS9BU3WR4EPl5psW360afu4tob1EE2DgdED6Ux8tV-__SxlzWH1nelDDZZk_zxnXKMiUj2SaFo9m-Os921eG1mzO-hWeTA72ICR&ppt=None&ppn=None&ssid=d4e97ha94w0000001790935079961&qH=a5594894156db043&ov_redirect=true,2026-10-02
293,"Samsung Galaxy A07 5G (Light Violet, 128 GB)",Samsung,20899,26999,22% off,4.3,89,7,6 GB RAM,128 GB ROM,6000 mAh Li-ion Battery,Dimensity 6300 Processor,43.51 cm (17.13 inch) HD+ Display,50MP + 2MP | 8MP Front Camera,,https://www.flipkart.com/samsung-galaxy-a07-5g-light-violet-128-gb/p/itm375542879d8d6?pid=MOBHJXB2ZGF23HHU&lid=LSTMOBHJXB2ZGF23HHUZZSGOF&marketplace=FLIPKART&q=smart+phones&store=tyy%2F4io&srno=s_13_293&otracker=search&fm=organic&iid=9353f318-cd94-458b-a3f2-4eb68fa858e5.MOBHJXB2ZGF23HHU.SEARCH&ppt=None&ppn=None&ssid=d4e97ha94w0000001790935079961&qH=a5594894156db043&ov_redirect=true,2026-10-02
294,"Samsung Galaxy A07 5G (Light Green, 128 GB)",Samsung,18999,,,3.9,122,14,4 GB RAM,128 GB ROM,6000 mAh Li-ion Battery,Dimensity 6300 Processor,43.51 cm (17.13 inch) HD+ Display,50MP + 2MP | 8MP Front Camera,,https://www.flipkart.com/samsung-galaxy-a07-5g-light-green-128-gb/p/itm375542879d8d6?pid=MOBHJXB2U5ZJMWZZ&lid=LSTMOBHJXB2U5ZJMWZZP2IEQA&marketplace=FLIPKART&q=smart+phones&store=tyy%2F4io&srno=s_13_294&otracker=search&fm=organic&iid=9353f318-cd94-458b-a3f2-4eb68fa858e5.MOBHJXB2U5ZJMWZZ.SEARCH&ppt=None&ppn=None&ssid=d4e97ha94w0000001790935079961&qH=a5594894156db043&ov_redirect=true,2026-10-02
295,"realme Narzo 90x 5G (Aqua Blue, 128 GB)",realme,24475,24499,,4.3,"1,654",112,8 GB RAM,128 GB ROM,7000 mAh Battery,,17.27 cm (6.8 inch) Display,50MP Rear Camera,,https://www.flipkart.com/realme-narzo-90x-5g-aqua-blue-128-gb/p/itma63c5c5ce781a?pid=MOBHM43KGPSRA2GY&lid=LSTMOBHM43KGPSRA2GYKRIBIU&marketplace=FLIPKART&q=smart+phones&store=tyy%2F4io&srno=s_13_295&otracker=search&fm=organic&iid=9353f318-cd94-458b-a3f2-4eb68fa858e5.MOBHM43KGPSRA2GY.SEARCH&ppt=None&ppn=None&ssid=d4e97ha94w0000001790935079961&qH=a5594894156db043&ov_redirect=true,2026-10-02
296,"OPPO K13 5G with 7000mAh and 80W SUPERVOOC Charger In-The-Box (Icy Purple, 256 GB)",OPPO,24999,,,4.4,"76,416","6,234",8 GB RAM,256 GB ROM,7000 mAh Battery,Snapdragon 6 Gen 4 Processor,16.94 cm (6.67 inch) Full HD+ Display,50MP + 2MP | 16MP Front Camera,,https://www.flipkart.com/oppo-k13-5g-7000mah-80w-supervooc-charger-in-the-box-icy-purple-256-gb/p/itm6f2ebf6d205cf?pid=MOBHB392HWDHA8HH&lid=LSTMOBHB392HWDHA8HHQOBNQP&marketplace=FLIPKART&q=smart+phones&store=tyy%2F4io&srno=s_13_296&otracker=search&fm=organic&iid=9353f318-cd94-458b-a3f2-4eb68fa858e5.MOBHB392HWDHA8HH.SEARCH&ppt=None&ppn=None&ssid=d4e97ha94w0000001790935079961&qH=a5594894156db043&ov_redirect=true,2026-10-02
297,"BOLTT EVO (Midnight Black, 64 GB)",BOLTT,9999,17999,44% off,4.4,"1,327",695,4 GB RAM,64 GB ROM,6000 mAh Lithium ion Battery,T7250 Processor,6.79'' HD+ punch hole display,50MP + 2MP | 8MP Front Camera,,https://www.flipkart.com/boltt-evo-midnight-black-64-gb/p/itmf046d663a1fd7?pid=MOBHPP597GB8ZHTY&lid=LSTMOBHPP597GB8ZHTYGYX70A&marketplace=FLIPKART&q=smart+phones&store=tyy%2F4io&srno=s_13_297&otracker=search&fm=organic&iid=en_EIPOfDtgLyRc-W-BPY7GqEGrYVZmtiS9BU3WR4EPl5rhLlHP0OYz4reJT_vRcLyomFcmDxdFnAg2HDILUSFuRZZk_zxnXKMiUj2SaFo9m-Os921eG1mzO-hWeTA72ICR&ppt=None&ppn=None&ssid=d4e97ha94w0000001790935079961&qH=a5594894156db043&ov_redirect=true,2026-10-02
298,"BOLTT EVO (Lavender Bloom, 64 GB)",BOLTT,9999,17999,44% off,4.4,"1,327",695,4 GB RAM,64 GB ROM,6000 mAh Lithium ion Battery,T7250 Processor,6.79'' HD+ punch hole display,50MP + 2MP | 8MP Front Camera,,https://www.flipkart.com/boltt-evo-lavender-bloom-64-gb/p/itmf046d663a1fd7?pid=MOBHPP59AEJZHCVZ&lid=LSTMOBHPP59AEJZHCVZQQSXMU&marketplace=FLIPKART&q=smart+phones&store=tyy%2F4io&srno=s_13_298&otracker=search&fm=organic&iid=en_EIPOfDtgLyRc-W-BPY7GqEGrYVZmtiS9BU3WR4EPl5rJpzr7ScwxHBFKwyI1_0x17xbDZ0DH1NrYuR9fFRym_pZk_zxnXKMiUj2SaFo9m-Os921eG1mzO-hWeTA72ICR&ppt=None&ppn=None&ssid=d4e97ha94w0000001790935079961&qH=a5594894156db043&ov_redirect=true,2026-10-02
299,"Samsung Galaxy A07 LTE (Light Violet, 64 GB)",Samsung,12818,12999,1% off,4.2,"1,641",115,4 GB RAM,64 GB ROM,5000 mAh Battery,Helio G99 Processor,17.02 cm (6.7 inch) HD+ Display,,,https://www.flipkart.com/samsung-galaxy-a07-lte-light-violet-64-gb/p/itmf5c04712debfa?pid=MOBHG82ZTP4VBHYP&lid=LSTMOBHG82ZTP4VBHYPM3DEGE&marketplace=FLIPKART&q=smart+phones&store=tyy%2F4io&srno=s_13_299&otracker=search&fm=organic&iid=9353f318-cd94-458b-a3f2-4eb68fa858e5.MOBHG82ZTP4VBHYP.SEARCH&ppt=None&ppn=None&ssid=d4e97ha94w0000001790935079961&qH=a5594894156db043&ov_redirect=true,2026-10-02
300,"REDMI 13c 5G (Startrail Green, 128 GB)",REDMI,9654,13999,31% off,4.2,"36,386","1,521",4 GB RAM,128 GB ROM,5000 mAh Battery,,17.12 cm (6.74 inch) Display,50MP Rear Camera,,https://www.flipkart.com/redmi-13c-5g-startrail-green-128-gb/p/itm996fbc603ec3c?pid=MOBGW6S7FHYCJQPB&lid=LSTMOBGW6S7FHYCJQPB3P05BF&marketplace=FLIPKART&q=smart+phones&store=tyy%2F4io&srno=s_13_300&otracker=search&fm=organic&iid=9353f318-cd94-458b-a3f2-4eb68fa858e5.MOBGW6S7FHYCJQPB.SEARCH&ppt=None&ppn=None&ssid=d4e97ha94w0000001790935079961&qH=a5594894156db043&ov_redirect=true,2026-10-02
301,"BOLTT EVO (Midnight Black, 128 GB)",BOLTT,11499,18999,39% off,4,"1,804",873,6 GB RAM,128 GB ROM,6000 mAh Lithium ion Battery,T7250 Processor,6.79'' HD+ punch hole display,50MP + 2MP | 8MP Front Camera,,https://www.flipkart.com/boltt-evo-midnight-black-128-gb/p/itmf046d663a1fd7?pid=MOBHPP59RWHM2PJH&lid=LSTMOBHPP59RWHM2PJHUUF4AF&marketplace=FLIPKART&q=smart+phones&store=tyy%2F4io&srno=s_13_301&otracker=search&fm=organic&iid=en_EIPOfDtgLyRc-W-BPY7GqEGrYVZmtiS9BU3WR4EPl5pmPzyEhxZPlSJVsAyTKe1J-oHdKO3yYnYUN_r3HYwM1pZk_zxnXKMiUj2SaFo9m-Os921eG1mzO-hWeTA72ICR&ppt=None&ppn=None&ssid=d4e97ha94w0000001790935079961&qH=a5594894156db043&ov_redirect=true,2026-10-02
302,"BOLTT EVO (Berry Red, 128 GB)",BOLTT,11499,18999,39% off,4,"1,804",873,6 GB RAM,128 GB ROM,6000 mAh Lithium ion Battery,T7250 Processor,6.79'' HD+ punch hole display,50MP + 2MP | 8MP Front Camera,,https://www.flipkart.com/boltt-evo-berry-red-128-gb/p/itmf046d663a1fd7?pid=MOBHPP59TUYYPWP5&lid=LSTMOBHPP59TUYYPWP5U7J1VB&marketplace=FLIPKART&q=smart+phones&store=tyy%2F4io&srno=s_13_302&otracker=search&fm=organic&iid=en_EIPOfDtgLyRc-W-BPY7GqEGrYVZmtiS9BU3WR4EPl5p15fFViq2gA-KyAxU6PBV2vSppyrEH4LyH9lCiIfbYhZZk_zxnXKMiUj2SaFo9m-Os921eG1mzO-hWeTA72ICR&ppt=None&ppn=None&ssid=d4e97ha94w0000001790935079961&qH=a5594894156db043&ov_redirect=true,2026-10-02
303,"realme Narzo 90x 5G (Maroon Red, 128 GB)",realme,18985,29999,36% off,4,645,54,4 GB RAM,128 GB ROM,7000 mAh Battery,Dimensity 6300 Processor,17.27 cm (6.8 inch) HD+ Display,50MP Rear Camera | 8MP Front Camera,,https://www.flipkart.com/realme-narzo-90x-5g-maroon-red-128-gb/p/itma63c5c5ce781a?pid=MOBHH3RBPHU6YADK&lid=LSTMOBHH3RBPHU6YADKCVINCN&marketplace=FLIPKART&q=smart+phones&store=tyy%2F4io&srno=s_13_303&otracker=search&fm=organic&iid=9353f318-cd94-458b-a3f2-4eb68fa858e5.MOBHH3RBPHU6YADK.SEARCH&ppt=None&ppn=None&ssid=d4e97ha94w0000001790935079961&qH=a5594894156db043&ov_redirect=true,2026-10-02
304,"Ai+ Nova 2 5G (Black, 128 GB)",Ai+,14999,,,4,"6,005",470,6 GB RAM,128 GB ROM,6000 mAh Battery,T8200 Processor,17.13 cm (6.745 inch) HD+ Display,50MP Rear Camera | 8MP Front Camera,,https://www.flipkart.com/ai-nova-2-5g-black-128-gb/p/itmd97f4dfbfca5c?pid=MOBHKHPYQGCAAKFW&lid=LSTMOBHKHPYQGCAAKFWFVZYE9&marketplace=FLIPKART&q=smart+phones&store=tyy%2F4io&srno=s_13_304&otracker=search&fm=organic&iid=9353f318-cd94-458b-a3f2-4eb68fa858e5.MOBHKHPYQGCAAKFW.SEARCH&ppt=None&ppn=None&ssid=d4e97ha94w0000001790935079961&qH=a5594894156db043&ov_redirect=true,2026-10-02
305,"REDMI Note-14 Pro+ 5G (Titan Black, 256 GB)",REDMI,29585,36999,20% off,4.4,897,69,8 GB RAM,256 GB ROM,6200 mAh Battery,7s Gen 3 Processor,16.94 cm (6.67 inch) Display,50MP + 50MP + 8MP | 20MP Front Camera,,https://www.flipkart.com/redmi-note-14-pro-5g-titan-black-256-gb/p/itmf69d377f9a8fb?pid=MOBH8BW3N8F3GPUP&lid=LSTMOBH8BW3N8F3GPUPFY8DYL&marketplace=FLIPKART&q=smart+phones&store=tyy%2F4io&srno=s_13_305&otracker=search&fm=organic&iid=9353f318-cd94-458b-a3f2-4eb68fa858e5.MOBH8BW3N8F3GPUP.SEARCH&ppt=None&ppn=None&ssid=d4e97ha94w0000001790935079961&qH=a5594894156db043&ov_redirect=true,2026-10-02
306,"realme P4s 5G (Titanium Gray, 256 GB)",realme,37999,54999,30% off,4.4,506,105,8 GB RAM,256 GB ROM,8000 mAh Battery,Dimensity 7400 Processor,17.22 cm (6.78 inch) Full HD+ AMOLED Display,50MP + 8MP | 16MP Front Camera,,https://www.flipkart.com/realme-p4s-5g-titanium-gray-256-gb/p/itmcb2e7e552a5ef?pid=MOBHPBHAGEJZ4KWF&lid=LSTMOBHPBHAGEJZ4KWF0IXU2O&marketplace=FLIPKART&q=smart+phones&store=tyy%2F4io&srno=s_13_306&otracker=search&fm=organic&iid=9353f318-cd94-458b-a3f2-4eb68fa858e5.MOBHPBHAGEJZ4KWF.SEARCH&ppt=None&ppn=None&ssid=d4e97ha94w0000001790935079961&qH=a5594894156db043&ov_redirect=true,2026-10-02
307,"Nothing Phone (4b) (White, 256 GB)",Nothing,40999,59999,31% off,4.3,"1,841",179,8 GB RAM,256 GB ROM,6000 mAh Lithium ion Battery,6 Gen 4 Processor,17.2 cm (6.77 inch) Full HD+ AMOLED Display,50MP + 8MP | 16MP Front Camera,,https://www.flipkart.com/nothing-phone-4b-white-256-gb/p/itm939608b40adbb?pid=MOBHZMBD5MZZDUYA&lid=LSTMOBHZMBD5MZZDUYAIWDKYR&marketplace=FLIPKART&q=smart+phones&store=tyy%2F4io&srno=s_13_307&otracker=search&fm=organic&iid=en_EIPOfDtgLyRc-W-BPY7GqEGrYVZmtiS9BU3WR4EPl5rG5rrZmkFh-aCOcT7SEUi67muq75qMORP5m1GATJhVOuebvJ3XMQeWNozLNoAjfkLyNTOZbI4f00xBxmKV0PJR&ppt=None&ppn=None&ssid=d4e97ha94w0000001790935079961&qH=a5594894156db043&ov_redirect=true,2026-10-02
308,"BOLTT EVO (Sky Blue, 128 GB)",BOLTT,11499,18999,39% off,4,"1,804",873,6 GB RAM,128 GB ROM,6000 mAh Lithium ion Battery,T7250 Processor,6.79'' HD+ punch hole display,50MP + 2MP | 8MP Front Camera,,https://www.flipkart.com/boltt-evo-sky-blue-128-gb/p/itmf046d663a1fd7?pid=MOBHPP59ME6SPCZW&lid=LSTMOBHPP59ME6SPCZWUW9RP3&marketplace=FLIPKART&q=smart+phones&store=tyy%2F4io&srno=s_13_308&otracker=search&fm=organic&iid=en_EIPOfDtgLyRc-W-BPY7GqEGrYVZmtiS9BU3WR4EPl5pKiQEg8csYiOcM6ikg5rHHwbXaiFD5B5V-i7lupI6xHpZk_zxnXKMiUj2SaFo9m-Os921eG1mzO-hWeTA72ICR&ppt=None&ppn=None&ssid=d4e97ha94w0000001790935079961&qH=a5594894156db043&ov_redirect=true,2026-10-02
309,"POCO C71  - Locked with Airtel Prepaid (Desert Gold, 64 GB)",POCO,8999,,,3.8,"61,857","3,319",4 GB RAM,64 GB ROM,5200 mAh Battery,Unisoc T7250,17.48 cm (6.88 inch) HD+ Display,32MP Rear Camera | 8MP Front Camera,,https://www.flipkart.com/poco-c71-locked-airtel-prepaid-desert-gold-64-gb/p/itmb0bb5af15d090?pid=MOBHAFVJ5QYQMBRV&lid=LSTMOBHAFVJ5QYQMBRVUWBY58&marketplace=FLIPKART&q=smart+phones&store=tyy%2F4io&srno=s_13_309&otracker=search&fm=organic&iid=9353f318-cd94-458b-a3f2-4eb68fa858e5.MOBHAFVJ5QYQMBRV.SEARCH&ppt=None&ppn=None&ssid=d4e97ha94w0000001790935079961&qH=a5594894156db043&ov_redirect=true,2026-10-02
310,"MOTOROLA g24 Power (Glacier Blue, 128 GB)",MOTOROLA,9999,11999,16% off,4.2,"15,334","1,132",4 GB RAM,128 GB ROM,6000 mAh Battery,Helio G85 Processor,16.76 cm (6.6 inch) HD+ Display,50MP + 2MP | 16MP Front Camera,,https://www.flipkart.com/motorola-g24-power-glacier-blue-128-gb/p/itm766650509967e?pid=MOBGUFK4FEVX2D5T&lid=LSTMOBGUFK4FEVX2D5TLQB9XK&marketplace=FLIPKART&q=smart+phones&store=tyy%2F4io&srno=s_13_310&otracker=search&fm=organic&iid=9353f318-cd94-458b-a3f2-4eb68fa858e5.MOBGUFK4FEVX2D5T.SEARCH&ppt=None&ppn=None&ssid=d4e97ha94w0000001790935079961&qH=a5594894156db043&ov_redirect=true,2026-10-02
311,"BOLTT EVO (Sky Blue, 64 GB)",BOLTT,9999,17999,44% off,4.4,"1,327",695,4 GB RAM,64 GB ROM,6000 mAh Lithium ion Battery,T7250 Processor,6.79'' HD+ punch hole display,50MP + 2MP | 8MP Front Camera,,https://www.flipkart.com/boltt-evo-sky-blue-64-gb/p/itmf046d663a1fd7?pid=MOBHPP59WKSV4FYG&lid=LSTMOBHPP59WKSV4FYGYPMLV6&marketplace=FLIPKART&q=smart+phones&store=tyy%2F4io&srno=s_13_311&otracker=search&fm=organic&iid=en_EIPOfDtgLyRc-W-BPY7GqEGrYVZmtiS9BU3WR4EPl5rFRE59ig0zV5sdSGP1ESkxigicCniOwiXfyNr6i62vdZZk_zxnXKMiUj2SaFo9m-Os921eG1mzO-hWeTA72ICR&ppt=None&ppn=None&ssid=d4e97ha94w0000001790935079961&qH=a5594894156db043&ov_redirect=true,2026-10-02
312,"MOTOROLA g24 Power (Glacier Blue, 128 GB)",MOTOROLA,10999,12999,15% off,4.2,"12,927",895,8 GB RAM,128 GB ROM,6000 mAh Battery,Helio G85 Processor,16.76 cm (6.6 inch) HD+ Display,50MP + 2MP | 16MP Front Camera,,https://www.flipkart.com/motorola-g24-power-glacier-blue-128-gb/p/itm981de8de27246?pid=MOBGUFK4BDFF37GG&lid=LSTMOBGUFK4BDFF37GGDGP5Y4&marketplace=FLIPKART&q=smart+phones&store=tyy%2F4io&srno=s_13_312&otracker=search&fm=organic&iid=9353f318-cd94-458b-a3f2-4eb68fa858e5.MOBGUFK4BDFF37GG.SEARCH&ppt=None&ppn=None&ssid=d4e97ha94w0000001790935079961&qH=a5594894156db043&ov_redirect=true,2026-10-02
313,"POCO C85 5G (Power Black, 128 GB)",POCO,16499,20999,21% off,3.8,"2,748",294,4 GB RAM,128 GB ROM,6000 mAh Lithium-Ion Polymer Battery,Dimensity 6300 Processor,17.53 cm (6.9 inch) HD+ Display,50MP Rear Camera | 8MP Front Camera,,https://www.flipkart.com/poco-c85-5g-power-black-128-gb/p/itm1f62dee4df0ad?pid=MOBHMGG5DNYPWU9Q&lid=LSTMOBHMGG5DNYPWU9Q5MNW6H&marketplace=FLIPKART&q=smart+phones&store=tyy%2F4io&srno=s_14_313&otracker=search&fm=organic&iid=9b71d3d8-1c9d-48a4-b585-6713de9f812c.MOBHMGG5DNYPWU9Q.SEARCH&ppt=None&ppn=None&ssid=jba5cr53k00000001790935082767&qH=a5594894156db043&ov_redirect=true,2026-10-02
314,"MOTOROLA g06 power (Pantone tapestry, 64 GB)",MOTOROLA,15249,19999,23% off,4.2,"24,161","1,677",4 GB RAM,64 GB ROM,7000 mAh Battery,Helio G81 Processor,17.48 cm (6.88 inch) HD+ Display,50MP Rear Camera | 8MP Front Camera,,https://www.flipkart.com/motorola-g06-power-pantone-tapestry-64-gb/p/itm29390fa68401d?pid=MOBHN973FFYHGUGG&lid=LSTMOBHN973FFYHGUGG27JKDQ&marketplace=FLIPKART&q=smart+phones&store=tyy%2F4io&srno=s_14_314&otracker=search&fm=organic&iid=9b71d3d8-1c9d-48a4-b585-6713de9f812c.MOBHN973FFYHGUGG.SEARCH&ppt=None&ppn=None&ssid=jba5cr53k00000001790935082767&qH=a5594894156db043&ov_redirect=true,2026-10-02
315,"MOTOROLA g06 power (Pantone Laurel Oak, 64 GB)",MOTOROLA,15249,19999,23% off,4.2,"24,161","1,677",4 GB RAM,64 GB ROM,7000 mAh Battery,Helio G81 Processor,17.48 cm (6.88 inch) HD+ Display,50MP Rear Camera | 8MP Front Camera,,https://www.flipkart.com/motorola-g06-power-pantone-laurel-oak-64-gb/p/itm1010d22c11412?pid=MOBHN973VRPBQTKY&lid=LSTMOBHN973VRPBQTKYGYH2X6&marketplace=FLIPKART&q=smart+phones&store=tyy%2F4io&srno=s_14_315&otracker=search&fm=organic&iid=9b71d3d8-1c9d-48a4-b585-6713de9f812c.MOBHN973VRPBQTKY.SEARCH&ppt=None&ppn=None&ssid=jba5cr53k00000001790935082767&qH=a5594894156db043&ov_redirect=true,2026-10-02
316,"POCO C85 5G (Spring Green, 128 GB)",POCO,17999,20999,14% off,3.8,"2,748",294,4 GB RAM,128 GB ROM,6000 mAh Lithium-Ion Polymer Battery,Dimensity 6300 Processor,17.53 cm (6.9 inch) HD+ Display,50MP Rear Camera | 8MP Front Camera,,https://www.flipkart.com/poco-c85-5g-spring-green-128-gb/p/itmc1e583dec018e?pid=MOBHMGG5GUM8R5GJ&lid=LSTMOBHMGG5GUM8R5GJ1NOS0W&marketplace=FLIPKART&q=smart+phones&store=tyy%2F4io&srno=s_14_316&otracker=search&fm=organic&iid=9b71d3d8-1c9d-48a4-b585-6713de9f812c.MOBHMGG5GUM8R5GJ.SEARCH&ppt=None&ppn=None&ssid=jba5cr53k00000001790935082767&qH=a5594894156db043&ov_redirect=true,2026-10-02
317,"BOLTT EVO (Midnight Black, 64 GB)",BOLTT,9999,17999,44% off,4.4,"1,327",695,4 GB RAM,64 GB ROM,6000 mAh Lithium ion Battery,T7250 Processor,6.79'' HD+ punch hole display,50MP + 2MP | 8MP Front Camera,,https://www.flipkart.com/boltt-evo-midnight-black-64-gb/p/itmf046d663a1fd7?pid=MOBHPP597GB8ZHTY&lid=LSTMOBHPP597GB8ZHTYGYX70A&marketplace=FLIPKART&q=smart+phones&store=tyy%2F4io&srno=s_14_317&otracker=search&fm=organic&iid=en_rKCC-cfJazQzOD0DrGuHnhLv8BVefj6k83JQVcKkLwS-8fPRbvq2nZZa-sI1wL5-s7qCwkzzZfXNJUlojOr5SpZk_zxnXKMiUj2SaFo9m-OgzAWvKVlqGTJ5wRom099F&ppt=None&ppn=None&ssid=jba5cr53k00000001790935082767&qH=a5594894156db043&ov_redirect=true,2026-10-02
318,"BOLTT EVO (Berry Red, 128 GB)",BOLTT,11499,18999,39% off,4,"1,804",873,6 GB RAM,128 GB ROM,6000 mAh Lithium ion Battery,T7250 Processor,6.79'' HD+ punch hole display,50MP + 2MP | 8MP Front Camera,,https://www.flipkart.com/boltt-evo-berry-red-128-gb/p/itmf046d663a1fd7?pid=MOBHPP59TUYYPWP5&lid=LSTMOBHPP59TUYYPWP5U7J1VB&marketplace=FLIPKART&q=smart+phones&store=tyy%2F4io&srno=s_14_318&otracker=search&fm=organic&iid=en_rKCC-cfJazQzOD0DrGuHnhLv8BVefj6k83JQVcKkLwRjFeat8HtXXuYaeN7gpJ6R536Q4P5J64sMnJmf8X-4YpZk_zxnXKMiUj2SaFo9m-OgzAWvKVlqGTJ5wRom099F&ppt=None&ppn=None&ssid=jba5cr53k00000001790935082767&qH=a5594894156db043&ov_redirect=true,2026-10-02
319,"vivo T5x 5G (Satin Silver, 256 GB)",vivo,34999,56999,38% off,4.4,"25,689","1,916",8 GB RAM,256 GB ROM,7200 mAh Li-ion Battery,Dimensity 7400-Turbo Processor,17.17 cm (6.76 inch) Display,50MP + 2MP | 32MP Front Camera,,https://www.flipkart.com/vivo-t5x-5g-satin-silver-256-gb/p/itm7da8aa253e72b?pid=MOBHQC8ZT4YBUJSK&lid=LSTMOBHQC8ZT4YBUJSKOBFFDS&marketplace=FLIPKART&q=smart+phones&store=tyy%2F4io&srno=s_14_319&otracker=search&fm=organic&iid=9b71d3d8-1c9d-48a4-b585-6713de9f812c.MOBHQC8ZT4YBUJSK.SEARCH&ppt=None&ppn=None&ssid=jba5cr53k00000001790935082767&qH=a5594894156db043&ov_redirect=true,2026-10-02
320,"POCO C71  - Locked with Airtel Prepaid (Cool Blue, 64 GB)",POCO,8999,,,3.8,"61,857","3,319",4 GB RAM,64 GB ROM,5200 mAh Battery,Unisoc T7250,17.48 cm (6.88 inch) HD+ Display,32MP Rear Camera | 8MP Front Camera,,https://www.flipkart.com/poco-c71-locked-airtel-prepaid-cool-blue-64-gb/p/itmdec407554268b?pid=MOBHAFVJBSV3VH9N&lid=LSTMOBHAFVJBSV3VH9NO4MONS&marketplace=FLIPKART&q=smart+phones&store=tyy%2F4io&srno=s_14_320&otracker=search&fm=organic&iid=9b71d3d8-1c9d-48a4-b585-6713de9f812c.MOBHAFVJBSV3VH9N.SEARCH&ppt=None&ppn=None&ssid=jba5cr53k00000001790935082767&qH=a5594894156db043&ov_redirect=true,2026-10-02
321,"Nothing Phone (4b) (White, 256 GB)",Nothing,40999,59999,31% off,4.3,"1,841",179,8 GB RAM,256 GB ROM,6000 mAh Lithium ion Battery,6 Gen 4 Processor,17.2 cm (6.77 inch) Full HD+ AMOLED Display,50MP + 8MP | 16MP Front Camera,,https://www.flipkart.com/nothing-phone-4b-white-256-gb/p/itm939608b40adbb?pid=MOBHZMBD5MZZDUYA&lid=LSTMOBHZMBD5MZZDUYAIWDKYR&marketplace=FLIPKART&q=smart+phones&store=tyy%2F4io&srno=s_14_321&otracker=search&fm=organic&iid=en_rKCC-cfJazQzOD0DrGuHnhLv8BVefj6k83JQVcKkLwStW_yUn5UU2t42kmYiHxGN7muq75qMORP5m1GATJhVOlQOgTQdsBk_Vf1d789BDshoWcVG8QIuoxQSobcikw71&ppt=None&ppn=None&ssid=jba5cr53k00000001790935082767&qH=a5594894156db043&ov_redirect=true,2026-10-02
322,"Samsung Galaxy F06 5G (Bahama Blue, 128 GB)",Samsung,13999,,,4.2,"48,084","3,571",4 GB RAM,128 GB ROM,5000 mAh Battery,Dimensity 6300 Processor,43.23 cm (17.018 cm) HD+ Display,50MP + 2MP | 8MP Front Camera,,https://www.flipkart.com/samsung-galaxy-f06-5g-bahama-blue-128-gb/p/itm58189fada62cb?pid=MOBH9AS47XHFRMJY&lid=LSTMOBH9AS47XHFRMJYWI8CRI&marketplace=FLIPKART&q=smart+phones&store=tyy%2F4io&srno=s_14_322&otracker=search&fm=organic&iid=9b71d3d8-1c9d-48a4-b585-6713de9f812c.MOBH9AS47XHFRMJY.SEARCH&ppt=None&ppn=None&ssid=jba5cr53k00000001790935082767&qH=a5594894156db043&ov_redirect=true,2026-10-02
323,"vivo T5x 5G (Cosmic Green, 256 GB)",vivo,34999,56999,38% off,4.4,"25,689","1,916",8 GB RAM,256 GB ROM,7200 mAh Li-ion Battery,Dimensity 7400-Turbo Processor,17.17 cm (6.76 inch) Display,50MP + 2MP | 32MP Front Camera,,https://www.flipkart.com/vivo-t5x-5g-cosmic-green-256-gb/p/itm7da8aa253e72b?pid=MOBHQC8ZYMX7HHC8&lid=LSTMOBHQC8ZYMX7HHC8QBSDO9&marketplace=FLIPKART&q=smart+phones&store=tyy%2F4io&srno=s_14_323&otracker=search&fm=organic&iid=9b71d3d8-1c9d-48a4-b585-6713de9f812c.MOBHQC8ZYMX7HHC8.SEARCH&ppt=None&ppn=None&ssid=jba5cr53k00000001790935082767&qH=a5594894156db043&ov_redirect=true,2026-10-02
324,"POCO C71  - Locked with Airtel Prepaid (Power Black, 64 GB)",POCO,8999,,,3.8,"61,857","3,319",4 GB RAM,64 GB ROM,5200 mAh Battery,Unisoc T7250,17.48 cm (6.88 inch) HD+ Display,32MP Rear Camera | 8MP Front Camera,,https://www.flipkart.com/poco-c71-locked-airtel-prepaid-power-black-64-gb/p/itm24887c72b7130?pid=MOBHAFVJMF328YYJ&lid=LSTMOBHAFVJMF328YYJQZ40NI&marketplace=FLIPKART&q=smart+phones&store=tyy%2F4io&srno=s_14_324&otracker=search&fm=organic&iid=9b71d3d8-1c9d-48a4-b585-6713de9f812c.MOBHAFVJMF328YYJ.SEARCH&ppt=None&ppn=None&ssid=jba5cr53k00000001790935082767&qH=a5594894156db043&ov_redirect=true,2026-10-02
325,"POCO C75 5G (Enchanted Green, 128 GB)",POCO,11499,,,4.2,"1,49,586","7,645",4 GB RAM,128 GB ROM,5160 mAh Battery,4s Gen 2 5G Processor,17.48 cm (6.88 inch) HD+ Display,50MP Rear Camera | 5MP Front Camera,5G,https://www.flipkart.com/poco-c75-5g-enchanted-green-128-gb/p/itm39bf2169e7f3e?pid=MOBHBC3WQFWJX29G&lid=LSTMOBHBC3WQFWJX29GXEY98P&marketplace=FLIPKART&q=smart+phones&store=tyy%2F4io&srno=s_14_325&otracker=search&fm=organic&iid=9b71d3d8-1c9d-48a4-b585-6713de9f812c.MOBHBC3WQFWJX29G.SEARCH&ppt=None&ppn=None&ssid=jba5cr53k00000001790935082767&qH=a5594894156db043&ov_redirect=true,2026-10-02
326,"Motorola Edge 40 (Nebula Green, 256 GB)",Motorola,34999,,,4.3,"82,140","8,828",8 GB RAM,256 GB ROM,4400 mAh Battery,Dimensity 8020 Processor,16.51 cm (6.5 inch) Full HD+ Display,50MP + 13MP | 32MP Front Camera,,https://www.flipkart.com/motorola-edge-40-nebula-green-256-gb/p/itmaa0bf9c327a2b?pid=MOBGKHNBTVZZU8PH&lid=LSTMOBGKHNBTVZZU8PHSAV9FU&marketplace=FLIPKART&q=smart+phones&store=tyy%2F4io&srno=s_14_326&otracker=search&fm=organic&iid=9b71d3d8-1c9d-48a4-b585-6713de9f812c.MOBGKHNBTVZZU8PH.SEARCH&ppt=None&ppn=None&ssid=jba5cr53k00000001790935082767&qH=a5594894156db043&ov_redirect=true,2026-10-02
327,"POCO C81 (Sunset Gold, 64 GB)",POCO,12999,19999,35% off,3.7,525,45,4 GB RAM,64 GB ROM,6300 mAh Lithium-Ion Polymer Battery,T7250 Processor,17.53 cm (6.9 inch) Display,13MP Rear Camera | 8MP Front Camera,,https://www.flipkart.com/poco-c81-sunset-gold-64-gb/p/itmd046653de9427?pid=MOBHMYWRFE7GZVJF&lid=LSTMOBHMYWRFE7GZVJFDOOJZL&marketplace=FLIPKART&q=smart+phones&store=tyy%2F4io&srno=s_14_327&otracker=search&fm=organic&iid=9b71d3d8-1c9d-48a4-b585-6713de9f812c.MOBHMYWRFE7GZVJF.SEARCH&ppt=None&ppn=None&ssid=jba5cr53k00000001790935082767&qH=a5594894156db043&ov_redirect=true,2026-10-02
328,"POCO C75 5G (Aqua Bliss, 128 GB)",POCO,11499,,,4.2,"1,49,586","7,645",4 GB RAM,128 GB ROM,5160 mAh Battery,4s Gen 2 5G Processor,17.48 cm (6.88 inch) HD+ Display,50MP Rear Camera | 5MP Front Camera,5G,https://www.flipkart.com/poco-c75-5g-aqua-bliss-128-gb/p/itmc8ac71aacc115?pid=MOBHBC3WFGTCNDD7&lid=LSTMOBHBC3WFGTCNDD7MLABCF&marketplace=FLIPKART&q=smart+phones&store=tyy%2F4io&srno=s_14_328&otracker=search&fm=organic&iid=9b71d3d8-1c9d-48a4-b585-6713de9f812c.MOBHBC3WFGTCNDD7.SEARCH&ppt=None&ppn=None&ssid=jba5cr53k00000001790935082767&qH=a5594894156db043&ov_redirect=true,2026-10-02
329,"POCO C61 (Ethereal Blue, 64 GB)",POCO,6980,8999,22% off,4.1,"1,10,973","4,669",4 GB RAM,64 GB ROM,5000 mAh Battery,Helio G36 Processor,17.04 cm (6.71 inch) HD+ Display,8MP Rear Camera | 5MP Front Camera,,https://www.flipkart.com/poco-c61-ethereal-blue-64-gb/p/itm1ad43e7c80ab8?pid=MOBH92ADWH3ZKKGA&lid=LSTMOBH92ADWH3ZKKGAPB4OBL&marketplace=FLIPKART&q=smart+phones&store=tyy%2F4io&srno=s_14_329&otracker=search&fm=organic&iid=9b71d3d8-1c9d-48a4-b585-6713de9f812c.MOBH92ADWH3ZKKGA.SEARCH&ppt=None&ppn=None&ssid=jba5cr53k00000001790935082767&qH=a5594894156db043&ov_redirect=true,2026-10-02
330,"POCO M8 (Frost Silver, 128 GB)",POCO,24999,25999,3% off,4.3,"3,841",362,6 GB RAM,128 GB ROM,5520 mAh Battery,,17.2 cm (6.77 inch) Full HD+ Display,50MP Rear Camera | 20MP Front Camera,,https://www.flipkart.com/poco-m8-frost-silver-128-gb/p/itm42b9da2073832?pid=MOBHMGG5HBC8MRBG&lid=LSTMOBHMGG5HBC8MRBGMCO2Y6&marketplace=FLIPKART&q=smart+phones&store=tyy%2F4io&srno=s_14_330&otracker=search&fm=organic&iid=9b71d3d8-1c9d-48a4-b585-6713de9f812c.MOBHMGG5HBC8MRBG.SEARCH&ppt=None&ppn=None&ssid=jba5cr53k00000001790935082767&qH=a5594894156db043&ov_redirect=true,2026-10-02
331,"POCO M8 (Glacial Blue, 256 GB)",POCO,28999,29999,3% off,4.3,"2,306",210,8 GB RAM,256 GB ROM,5520 mAh Battery,,17.2 cm (6.77 inch) Full HD+ Display,50MP Rear Camera | 20MP Front Camera,,https://www.flipkart.com/poco-m8-glacial-blue-256-gb/p/itm99dfa9cac4d0e?pid=MOBHMGG5HRRKUHXX&lid=LSTMOBHMGG5HRRKUHXXW0KD1Z&marketplace=FLIPKART&q=smart+phones&store=tyy%2F4io&srno=s_14_331&otracker=search&fm=organic&iid=9b71d3d8-1c9d-48a4-b585-6713de9f812c.MOBHMGG5HRRKUHXX.SEARCH&ppt=None&ppn=None&ssid=jba5cr53k00000001790935082767&qH=a5594894156db043&ov_redirect=true,2026-10-02
332,"POCO C61 (Mystical Green, 64 GB)",POCO,6810,8999,24% off,4.1,"1,10,973","4,669",4 GB RAM,64 GB ROM,5000 mAh Battery,Helio G36 Processor,17.04 cm (6.71 inch) HD+ Display,8MP Rear Camera | 5MP Front Camera,,https://www.flipkart.com/poco-c61-mystical-green-64-gb/p/itm1cd83db32b701?pid=MOBH92ADEQ2VYZEP&lid=LSTMOBH92ADEQ2VYZEPMQSDEV&marketplace=FLIPKART&q=smart+phones&store=tyy%2F4io&srno=s_14_332&otracker=search&fm=organic&iid=9b71d3d8-1c9d-48a4-b585-6713de9f812c.MOBH92ADEQ2VYZEP.SEARCH&ppt=None&ppn=None&ssid=jba5cr53k00000001790935082767&qH=a5594894156db043&ov_redirect=true,2026-10-02
333,"Samsung Galaxy F06 5G (Bahama Blue, 128 GB)",Samsung,15999,18999,15% off,4.2,"25,833","2,004",6 GB RAM,128 GB ROM,5000 mAh Battery,Dimensity 6300 Processor,17.02 cm (6.7 inch) HD+ Display,50MP + 2MP | 8MP Front Camera,,https://www.flipkart.com/samsung-galaxy-f06-5g-bahama-blue-128-gb/p/itmc1c2297bdfa31?pid=MOBHMGHHMFGB82H9&lid=LSTMOBHMGHHMFGB82H9KLU2MA&marketplace=FLIPKART&q=smart+phones&store=tyy%2F4io&srno=s_14_333&otracker=search&fm=organic&iid=9b71d3d8-1c9d-48a4-b585-6713de9f812c.MOBHMGHHMFGB82H9.SEARCH&ppt=None&ppn=None&ssid=jba5cr53k00000001790935082767&qH=a5594894156db043&ov_redirect=true,2026-10-02
334,"POCO C85 5G (Spring Green, 128 GB)",POCO,17999,22999,21% off,4.2,"2,601",179,6 GB RAM,128 GB ROM,6000 mAh Lithium-Ion Polymer Battery,Dimensity 6300 Processor,17.53 cm (6.9 inch) HD+ Display,50MP Rear Camera | 8MP Front Camera,,https://www.flipkart.com/poco-c85-5g-spring-green-128-gb/p/itm9d5a621551d84?pid=MOBHMGG5UNCKYGPH&lid=LSTMOBHMGG5UNCKYGPHH3BH5B&marketplace=FLIPKART&q=smart+phones&store=tyy%2F4io&srno=s_14_334&otracker=search&fm=organic&iid=9b71d3d8-1c9d-48a4-b585-6713de9f812c.MOBHMGG5UNCKYGPH.SEARCH&ppt=None&ppn=None&ssid=jba5cr53k00000001790935082767&qH=a5594894156db043&ov_redirect=true,2026-10-02
335,"POCO C81 (Sky Blue, 64 GB)",POCO,12999,19999,35% off,3.7,525,45,4 GB RAM,64 GB ROM,6300 mAh Lithium-Ion Polymer Battery,T7250 Processor,17.53 cm (6.9 inch) Display,13MP Rear Camera | 8MP Front Camera,,https://www.flipkart.com/poco-c81-sky-blue-64-gb/p/itm0636612540aaa?pid=MOBHMYWRYFQZG9PP&lid=LSTMOBHMYWRYFQZG9PP9F6HSP&marketplace=FLIPKART&q=smart+phones&store=tyy%2F4io&srno=s_14_335&otracker=search&fm=organic&iid=9b71d3d8-1c9d-48a4-b585-6713de9f812c.MOBHMYWRYFQZG9PP.SEARCH&ppt=None&ppn=None&ssid=jba5cr53k00000001790935082767&qH=a5594894156db043&ov_redirect=true,2026-10-02
336,"POCO M8 (Frost Silver, 256 GB)",POCO,28999,29999,3% off,4.3,"2,306",210,8 GB RAM,256 GB ROM,5520 mAh Battery,,17.2 cm (6.77 inch) Full HD+ Display,50MP Rear Camera | 20MP Front Camera,,https://www.flipkart.com/poco-m8-frost-silver-256-gb/p/itm8c312b91832a8?pid=MOBHMGG52VFGBGZE&lid=LSTMOBHMGG52VFGBGZEZEW7SR&marketplace=FLIPKART&q=smart+phones&store=tyy%2F4io&srno=s_14_336&otracker=search&fm=organic&iid=9b71d3d8-1c9d-48a4-b585-6713de9f812c.MOBHMGG52VFGBGZE.SEARCH&ppt=None&ppn=None&ssid=jba5cr53k00000001790935082767&qH=a5594894156db043&ov_redirect=true,2026-10-02
337,"BOLTT EVO (Arctic White, 128 GB)",BOLTT,11499,18999,39% off,4,"1,804",873,6 GB RAM,128 GB ROM,6000 mAh Lithium ion Battery,T7250 Processor,6.79'' HD+ punch hole display,50MP + 2MP | 8MP Front Camera,,https://www.flipkart.com/boltt-evo-arctic-white-128-gb/p/itmf046d663a1fd7?pid=MOBHPP59GKGTGZGA&lid=LSTMOBHPP59GKGTGZGAIEMNWG&marketplace=FLIPKART&q=smart+phones&store=tyy%2F4io&srno=s_15_337&otracker=search&fm=organic&iid=en_XpBOvKaAgniHPbmIYOhMWEjB2XKEj5ZS61iUc7EgBzdtgWs53QZWC2Uq5RSQ0km7ApXdqJ8g9gjPKgZjVdc9bpZk_zxnXKMiUj2SaFo9m-MmAR6Eezc0ZMK3W9CXfeJ4&ppt=None&ppn=None&ssid=hxzcx4nycw0000001790935085502&qH=a5594894156db043&ov_redirect=true,2026-10-02
338,"BOLTT EVO (Berry Red, 64 GB)",BOLTT,9999,17999,44% off,4.4,"1,327",695,4 GB RAM,64 GB ROM,6000 mAh Lithium ion Battery,T7250 Processor,6.79'' HD+ punch hole display,50MP + 2MP | 8MP Front Camera,,https://www.flipkart.com/boltt-evo-berry-red-64-gb/p/itmf046d663a1fd7?pid=MOBHPP598ENKRGBY&lid=LSTMOBHPP598ENKRGBYC3QECN&marketplace=FLIPKART&q=smart+phones&store=tyy%2F4io&srno=s_15_338&otracker=search&fm=organic&iid=en_XpBOvKaAgniHPbmIYOhMWEjB2XKEj5ZS61iUc7EgBzchzLwPvDsT-4Dmzo6ms2GkmCxeu8uCGyw6NBIvVnameZZk_zxnXKMiUj2SaFo9m-MmAR6Eezc0ZMK3W9CXfeJ4&ppt=None&ppn=None&ssid=hxzcx4nycw0000001790935085502&qH=a5594894156db043&ov_redirect=true,2026-10-02
339,"POCO F7 5G (Frost White, 256 GB)",POCO,35999,,,4.4,"23,531","2,927",12 GB RAM,256 GB ROM,"Battery 7550mAh, 90W charger, 22.5W reverse charging",8s Gen 4 Processor,Display -6.83 inch 1.5K pOLED with 120 Hz refresh rate,Front camera -20MP with Portrait Mode | | Front Video Recording | Night Mode,,https://www.flipkart.com/poco-f7-5g-frost-white-256-gb/p/itm22bb5d3a241bd?pid=MOBHCY2UMGZGXQTU&lid=LSTMOBHCY2UMGZGXQTU6PLDWF&marketplace=FLIPKART&q=smart+phones&store=tyy%2F4io&srno=s_15_339&otracker=search&fm=organic&iid=498d1bfc-2535-4149-8f50-0df1ca3b31ff.MOBHCY2UMGZGXQTU.SEARCH&ppt=None&ppn=None&ssid=hxzcx4nycw0000001790935085502&qH=a5594894156db043&ov_redirect=true,2026-10-02
340,"POCO C71 (Cool Blue, 128 GB)",POCO,9999,,,4.1,"36,671","2,057",6 GB RAM,128 GB ROM,5200 mAh Battery,Unisoc T7250,17.48 cm (6.88 inch) HD+ Display,32MP Rear Camera | 8MP Front Camera,,https://www.flipkart.com/poco-c71-cool-blue-128-gb/p/itmfb10bdbf02c6e?pid=MOBHAFVJURDB9QYR&lid=LSTMOBHAFVJURDB9QYRYNBHTJ&marketplace=FLIPKART&q=smart+phones&store=tyy%2F4io&srno=s_15_340&otracker=search&fm=organic&iid=498d1bfc-2535-4149-8f50-0df1ca3b31ff.MOBHAFVJURDB9QYR.SEARCH&ppt=None&ppn=None&ssid=hxzcx4nycw0000001790935085502&qH=a5594894156db043&ov_redirect=true,2026-10-02
341,"BOLTT EVO (Midnight Black, 64 GB)",BOLTT,9999,17999,44% off,4.4,"1,327",695,4 GB RAM,64 GB ROM,6000 mAh Lithium ion Battery,T7250 Processor,6.79'' HD+ punch hole display,50MP + 2MP | 8MP Front Camera,,https://www.flipkart.com/boltt-evo-midnight-black-64-gb/p/itmf046d663a1fd7?pid=MOBHPP597GB8ZHTY&lid=LSTMOBHPP597GB8ZHTYGYX70A&marketplace=FLIPKART&q=smart+phones&store=tyy%2F4io&srno=s_15_341&otracker=search&fm=organic&iid=en_XpBOvKaAgniHPbmIYOhMWEjB2XKEj5ZS61iUc7EgBzdPfwVFjQ7m0v0bBmR1MRymmFcmDxdFnAg2HDILUSFuRZZk_zxnXKMiUj2SaFo9m-MmAR6Eezc0ZMK3W9CXfeJ4&ppt=None&ppn=None&ssid=hxzcx4nycw0000001790935085502&qH=a5594894156db043&ov_redirect=true,2026-10-02
342,"BOLTT EVO (Lavender Bloom, 64 GB)",BOLTT,9999,17999,44% off,4.4,"1,327",695,4 GB RAM,64 GB ROM,6000 mAh Lithium ion Battery,T7250 Processor,6.79'' HD+ punch hole display,50MP + 2MP | 8MP Front Camera,,https://www.flipkart.com/boltt-evo-lavender-bloom-64-gb/p/itmf046d663a1fd7?pid=MOBHPP59AEJZHCVZ&lid=LSTMOBHPP59AEJZHCVZQQSXMU&marketplace=FLIPKART&q=smart+phones&store=tyy%2F4io&srno=s_15_342&otracker=search&fm=organic&iid=en_XpBOvKaAgniHPbmIYOhMWEjB2XKEj5ZS61iUc7EgBzdk-5Zoze6uF19NAOrnYsI07xbDZ0DH1NrYuR9fFRym_pZk_zxnXKMiUj2SaFo9m-MmAR6Eezc0ZMK3W9CXfeJ4&ppt=None&ppn=None&ssid=hxzcx4nycw0000001790935085502&qH=a5594894156db043&ov_redirect=true,2026-10-02
343,"POCO C71 (Desert Gold, 128 GB)",POCO,9999,,,4.1,"36,671","2,057",6 GB RAM,128 GB ROM,5200 mAh Battery,Unisoc T7250,17.48 cm (6.88 inch) HD+ Display,32MP Rear Camera | 8MP Front Camera,,https://www.flipkart.com/poco-c71-desert-gold-128-gb/p/itm2a2ad903f91f4?pid=MOBHAFVJ8WXHR5FT&lid=LSTMOBHAFVJ8WXHR5FTKIOCQ2&marketplace=FLIPKART&q=smart+phones&store=tyy%2F4io&srno=s_15_343&otracker=search&fm=organic&iid=498d1bfc-2535-4149-8f50-0df1ca3b31ff.MOBHAFVJ8WXHR5FT.SEARCH&ppt=None&ppn=None&ssid=hxzcx4nycw0000001790935085502&qH=a5594894156db043&ov_redirect=true,2026-10-02
344,"POCO C85 5G (Mystic Purple, 128 GB)",POCO,19499,24999,22% off,4.3,182,12,8 GB RAM,128 GB ROM,6000 mAh Lithium-Ion Polymer Battery,Dimensity 6300 Processor,17.53 cm (6.9 inch) HD+ Display,50MP Rear Camera | 8MP Front Camera,,https://www.flipkart.com/poco-c85-5g-mystic-purple-128-gb/p/itm026527944b2bb?pid=MOBHMGG55EG8Y8R8&lid=LSTMOBHMGG55EG8Y8R8VDG95O&marketplace=FLIPKART&q=smart+phones&store=tyy%2F4io&srno=s_15_344&otracker=search&fm=organic&iid=498d1bfc-2535-4149-8f50-0df1ca3b31ff.MOBHMGG55EG8Y8R8.SEARCH&ppt=None&ppn=None&ssid=hxzcx4nycw0000001790935085502&qH=a5594894156db043&ov_redirect=true,2026-10-02
345,"MOTOROLA g37 (PANTONE Impenetrable, 64 GB)",MOTOROLA,17249,24999,31% off,4.3,"4,072",223,4 GB RAM,64 GB ROM,5200 mAh Battery,Dimensity 6400 Processor,16.92 cm (6.66 inch) HD+ Display,50MP Rear Camera | 8MP Front Camera,,https://www.flipkart.com/motorola-g37-pantone-impenetrable-64-gb/p/itm40c0c7bcb21fc?pid=MOBHHWB6GWE2CKHU&lid=LSTMOBHHWB6GWE2CKHUQEA6X8&marketplace=FLIPKART&q=smart+phones&store=tyy%2F4io&srno=s_15_345&otracker=search&fm=organic&iid=498d1bfc-2535-4149-8f50-0df1ca3b31ff.MOBHHWB6GWE2CKHU.SEARCH&ppt=None&ppn=None&ssid=hxzcx4nycw0000001790935085502&qH=a5594894156db043&ov_redirect=true,2026-10-02
346,"Motorola G34 5G (Charcoal Black, 128 GB)",Motorola,14999,,,4.2,"1,41,742","9,880",8 GB RAM,128 GB ROM,5000 mAh Battery,Snapdragon 695 5G Processor,16.51 cm (6.5 inch) HD+ Display,50MP + 2MP | 16MP Front Camera,5G,https://www.flipkart.com/motorola-g34-5g-charcoal-black-128-gb/p/itmcf3922f5c94b2?pid=MOBGUFK4QPQMAA2S&lid=LSTMOBGUFK4QPQMAA2SCAYBBS&marketplace=FLIPKART&q=smart+phones&store=tyy%2F4io&srno=s_15_346&otracker=search&fm=organic&iid=498d1bfc-2535-4149-8f50-0df1ca3b31ff.MOBGUFK4QPQMAA2S.SEARCH&ppt=None&ppn=None&ssid=hxzcx4nycw0000001790935085502&qH=a5594894156db043&ov_redirect=true,2026-10-02
347,"BOLTT EVO (Midnight Black, 128 GB)",BOLTT,11499,18999,39% off,4,"1,804",873,6 GB RAM,128 GB ROM,6000 mAh Lithium ion Battery,T7250 Processor,6.79'' HD+ punch hole display,50MP + 2MP | 8MP Front Camera,,https://www.flipkart.com/boltt-evo-midnight-black-128-gb/p/itmf046d663a1fd7?pid=MOBHPP59RWHM2PJH&lid=LSTMOBHPP59RWHM2PJHUUF4AF&marketplace=FLIPKART&q=smart+phones&store=tyy%2F4io&srno=s_15_347&otracker=search&fm=organic&iid=en_XpBOvKaAgniHPbmIYOhMWEjB2XKEj5ZS61iUc7EgBzdvECAnCXMl5Mfgm3voJEnu-oHdKO3yYnYUN_r3HYwM1pZk_zxnXKMiUj2SaFo9m-MmAR6Eezc0ZMK3W9CXfeJ4&ppt=None&ppn=None&ssid=hxzcx4nycw0000001790935085502&qH=a5594894156db043&ov_redirect=true,2026-10-02
348,"BOLTT EVO (Berry Red, 128 GB)",BOLTT,11499,18999,39% off,4,"1,804",873,6 GB RAM,128 GB ROM,6000 mAh Lithium ion Battery,T7250 Processor,6.79'' HD+ punch hole display,50MP + 2MP | 8MP Front Camera,,https://www.flipkart.com/boltt-evo-berry-red-128-gb/p/itmf046d663a1fd7?pid=MOBHPP59TUYYPWP5&lid=LSTMOBHPP59TUYYPWP5U7J1VB&marketplace=FLIPKART&q=smart+phones&store=tyy%2F4io&srno=s_15_348&otracker=search&fm=organic&iid=en_XpBOvKaAgniHPbmIYOhMWEjB2XKEj5ZS61iUc7EgBzd86PD4zKKPpjto81yVMDt_vSppyrEH4LyH9lCiIfbYhZZk_zxnXKMiUj2SaFo9m-MmAR6Eezc0ZMK3W9CXfeJ4&ppt=None&ppn=None&ssid=hxzcx4nycw0000001790935085502&qH=a5594894156db043&ov_redirect=true,2026-10-02
349,"POCO M8 (Glacial Blue, 128 GB)",POCO,26999,27999,3% off,4.3,"2,306",210,8 GB RAM,128 GB ROM,5520 mAh Battery,,17.2 cm (6.77 inch) Full HD+ Display,50MP Rear Camera | 20MP Front Camera,,https://www.flipkart.com/poco-m8-glacial-blue-128-gb/p/itm6b3b306f7eff7?pid=MOBHMGG5ZSHFKTDC&lid=LSTMOBHMGG5ZSHFKTDCASGIPD&marketplace=FLIPKART&q=smart+phones&store=tyy%2F4io&srno=s_15_349&otracker=search&fm=organic&iid=498d1bfc-2535-4149-8f50-0df1ca3b31ff.MOBHMGG5ZSHFKTDC.SEARCH&ppt=None&ppn=None&ssid=hxzcx4nycw0000001790935085502&qH=a5594894156db043&ov_redirect=true,2026-10-02
350,"POCO M8x 5G (Leather Green, 128 GB)",POCO,20999,49999,58% off,3.9,368,123,6 GB RAM,128 GB ROM,7900 mAh Lithium-Ion Polymer Battery,4 Gen 5 Processor,17.53 cm (6.9 inch) Full HD Display,50MP Rear Camera,,https://www.flipkart.com/poco-m8x-5g-leather-green-128-gb/p/itme6f5614abf6c5?pid=MOBHPCYNQBWVYH7P&lid=LSTMOBHPCYNQBWVYH7PCOEKXT&marketplace=FLIPKART&q=smart+phones&store=tyy%2F4io&srno=s_15_350&otracker=search&fm=organic&iid=498d1bfc-2535-4149-8f50-0df1ca3b31ff.MOBHPCYNQBWVYH7P.SEARCH&ppt=None&ppn=None&ssid=hxzcx4nycw0000001790935085502&qH=a5594894156db043&ov_redirect=true,2026-10-02
351,"BOLTT EVO (Sky Blue, 128 GB)",BOLTT,11499,18999,39% off,4,"1,804",873,6 GB RAM,128 GB ROM,6000 mAh Lithium ion Battery,T7250 Processor,6.79'' HD+ punch hole display,50MP + 2MP | 8MP Front Camera,,https://www.flipkart.com/boltt-evo-sky-blue-128-gb/p/itmf046d663a1fd7?pid=MOBHPP59ME6SPCZW&lid=LSTMOBHPP59ME6SPCZWUW9RP3&marketplace=FLIPKART&q=smart+phones&store=tyy%2F4io&srno=s_15_351&otracker=search&fm=organic&iid=en_XpBOvKaAgniHPbmIYOhMWEjB2XKEj5ZS61iUc7EgBzcPBOPZZqz5ekU3vK0w8pjZ3P0mWBjXnv8TRqM4RAxjiJZk_zxnXKMiUj2SaFo9m-MmAR6Eezc0ZMK3W9CXfeJ4&ppt=None&ppn=None&ssid=hxzcx4nycw0000001790935085502&qH=a5594894156db043&ov_redirect=true,2026-10-02
352,"Nothing Phone (4b) (White, 256 GB)",Nothing,40999,59999,31% off,4.3,"1,841",179,8 GB RAM,256 GB ROM,6000 mAh Lithium ion Battery,6 Gen 4 Processor,17.2 cm (6.77 inch) Full HD+ AMOLED Display,50MP + 8MP | 16MP Front Camera,,https://www.flipkart.com/nothing-phone-4b-white-256-gb/p/itm939608b40adbb?pid=MOBHZMBD5MZZDUYA&lid=LSTMOBHZMBD5MZZDUYAIWDKYR&marketplace=FLIPKART&q=smart+phones&store=tyy%2F4io&srno=s_15_352&otracker=search&fm=organic&iid=en_XpBOvKaAgniHPbmIYOhMWEjB2XKEj5ZS61iUc7EgBzd_tY60uyLIMa1IlwR9iPgM7muq75qMORP5m1GATJhVOo4zosKAteXhOp7WzmYAPrf4-hURJY92G5pxaO3WkFpS&ppt=None&ppn=None&ssid=hxzcx4nycw0000001790935085502&qH=a5594894156db043&ov_redirect=true,2026-10-02
353,"Nothing Phone (4b) (Black, 128 GB)",Nothing,35999,49999,28% off,,,,6 GB RAM,128 GB ROM,6000 mAh Lithium ion Battery,6 Gen 4 Processor,17.2 cm (6.77 inch) Full HD+ AMOLED Display,50MP + 8MP | 16MP Front Camera,,https://www.flipkart.com/nothing-phone-4b-black-128-gb/p/itm939608b40adbb?pid=MOBHQENAAVZ8F6YP&lid=LSTMOBHQENAAVZ8F6YPTSL9I2&marketplace=FLIPKART&q=smart+phones&store=tyy%2F4io&srno=s_15_353&otracker=search&fm=organic&iid=498d1bfc-2535-4149-8f50-0df1ca3b31ff.MOBHQENAAVZ8F6YP.SEARCH&ppt=None&ppn=None&ssid=hxzcx4nycw0000001790935085502&qH=a5594894156db043&ov_redirect=true,2026-10-02
354,"Nothing Phone (4b) (Blue, 128 GB)",Nothing,35999,49999,28% off,,,,6 GB RAM,128 GB ROM,6000 mAh Lithium ion Battery,6 Gen 4 Processor,17.2 cm (6.77 inch) Full HD+ AMOLED Display,50MP + 8MP | 16MP Front Camera,,https://www.flipkart.com/nothing-phone-4b-blue-128-gb/p/itm939608b40adbb?pid=MOBHQENA4YWRRHWE&lid=LSTMOBHQENA4YWRRHWE0IJQMJ&marketplace=FLIPKART&q=smart+phones&store=tyy%2F4io&srno=s_15_354&otracker=search&fm=organic&iid=498d1bfc-2535-4149-8f50-0df1ca3b31ff.MOBHQENA4YWRRHWE.SEARCH&ppt=None&ppn=None&ssid=hxzcx4nycw0000001790935085502&qH=a5594894156db043&ov_redirect=true,2026-10-02
355,"POCO M8x 5G (Black, 128 GB)",POCO,20999,49999,58% off,3.9,368,123,6 GB RAM,128 GB ROM,7900 mAh Lithium-Ion Polymer Battery,4 Gen 5 Processor,17.53 cm (6.9 inch) Full HD Display,50MP Rear Camera,,https://www.flipkart.com/poco-m8x-5g-black-128-gb/p/itm7e7f464cfc411?pid=MOBHPCYNDFRFGNGZ&lid=LSTMOBHPCYNDFRFGNGZXQB3ZS&marketplace=FLIPKART&q=smart+phones&store=tyy%2F4io&srno=s_15_355&otracker=search&fm=organic&iid=498d1bfc-2535-4149-8f50-0df1ca3b31ff.MOBHPCYNDFRFGNGZ.SEARCH&ppt=None&ppn=None&ssid=hxzcx4nycw0000001790935085502&qH=a5594894156db043&ov_redirect=true,2026-10-02
356,"MOTOROLA G04 (Sea Green, 128 GB)",MOTOROLA,7999,10999,27% off,4.1,"7,168",519,8 GB RAM,128 GB ROM,5000 mAh Battery,Unisoc T606 Processor,16.76 cm (6.6 inch) HD+ Display,16MP Rear Camera | 5MP Front Camera,,https://www.flipkart.com/motorola-g04-sea-green-128-gb/p/itm853979118980f?pid=MOBGUFK4C9NZATQ6&lid=LSTMOBGUFK4C9NZATQ6LJGPEJ&marketplace=FLIPKART&q=smart+phones&store=tyy%2F4io&srno=s_15_356&otracker=search&fm=organic&iid=498d1bfc-2535-4149-8f50-0df1ca3b31ff.MOBGUFK4C9NZATQ6.SEARCH&ppt=None&ppn=None&ssid=hxzcx4nycw0000001790935085502&qH=a5594894156db043&ov_redirect=true,2026-10-02
357,"BOLTT EVO (Sky Blue, 64 GB)",BOLTT,9999,17999,44% off,4.4,"1,327",695,4 GB RAM,64 GB ROM,6000 mAh Lithium ion Battery,T7250 Processor,6.79'' HD+ punch hole display,50MP + 2MP | 8MP Front Camera,,https://www.flipkart.com/boltt-evo-sky-blue-64-gb/p/itmf046d663a1fd7?pid=MOBHPP59WKSV4FYG&lid=LSTMOBHPP59WKSV4FYGYPMLV6&marketplace=FLIPKART&q=smart+phones&store=tyy%2F4io&srno=s_15_357&otracker=search&fm=organic&iid=en_XpBOvKaAgniHPbmIYOhMWEjB2XKEj5ZS61iUc7EgBzcAllVP6jc3xSJ4rJKZiwTAigicCniOwiXfyNr6i62vdZZk_zxnXKMiUj2SaFo9m-MmAR6Eezc0ZMK3W9CXfeJ4&ppt=None&ppn=None&ssid=hxzcx4nycw0000001790935085502&qH=a5594894156db043&ov_redirect=true,2026-10-02
358,"Tecno Spark Go 3 (Ink Black, 64 GB)",Tecno,12499,15999,21% off,4.1,221,15,4 GB RAM,64 GB ROM,5000 mAh Lithium Polymer Battery,T7250 Processor,17.12 cm (6.74 inch) HD+ Display,13MP Rear Camera | 8MP Front Camera,,https://www.flipkart.com/tecno-spark-go-3-ink-black-64-gb/p/itma9c8f128a61c6?pid=MOBHP2QYCXZZE3CM&lid=LSTMOBHP2QYCXZZE3CMWW64IB&marketplace=FLIPKART&q=smart+phones&store=tyy%2F4io&srno=s_15_358&otracker=search&fm=organic&iid=en_XpBOvKaAgniHPbmIYOhMWEjB2XKEj5ZS61iUc7EgBzfXflAXhSdif9s6q87sMYAWobHia2qzOJRVmItQg11sFOigoP0JOmkRzy9ESpBEi3cZbxrvm_Od1KVkINvRo61E&ppt=None&ppn=None&ssid=hxzcx4nycw0000001790935085502&qH=a5594894156db043&ov_redirect=true,2026-10-02
359,"Nothing Phone (4a) (Blue, 128 GB)",Nothing,44999,59999,25% off,4.5,"6,726",728,8 GB RAM,128 GB ROM,5400 mAh Lithium ion Battery,Snapdragon 7s Gen 4 Processor,17.22 cm (6.78 inch) Full HD+ AMOLED Display,50MP + 50MP + 8MP | 32MP Front Camera,,https://www.flipkart.com/nothing-phone-4a-blue-128-gb/p/itm4d8bff10483ce?pid=MOBHZAWYPQ3DQ6DS&lid=LSTMOBHZAWYPQ3DQ6DSHG2PF2&marketplace=FLIPKART&q=smart+phones&store=tyy%2F4io&srno=s_15_359&otracker=search&fm=organic&iid=498d1bfc-2535-4149-8f50-0df1ca3b31ff.MOBHZAWYPQ3DQ6DS.SEARCH&ppt=None&ppn=None&ssid=hxzcx4nycw0000001790935085502&qH=a5594894156db043&ov_redirect=true,2026-10-02
360,"Infinix HOT 60i 5G (Sleek Black, 128 GB)",Infinix,17499,24999,30% off,4.3,"1,595",148,4 GB RAM,128 GB ROM,6000 mAh Battery,Dimensity 6400 Processor,17.14 cm (6.75 inch) HD+ Display,50MP Rear Camera | 5MP Front Camera,,https://www.flipkart.com/infinix-hot-60i-5g-sleek-black-128-gb/p/itm1cb6bf875f6e0?pid=MOBHERZEA3AN4VMQ&lid=LSTMOBHERZEA3AN4VMQ2LDYZ9&marketplace=FLIPKART&q=smart+phones&store=tyy%2F4io&srno=s_15_360&otracker=search&fm=organic&iid=498d1bfc-2535-4149-8f50-0df1ca3b31ff.MOBHERZEA3AN4VMQ.SEARCH&ppt=None&ppn=None&ssid=hxzcx4nycw0000001790935085502&qH=a5594894156db043&ov_redirect=true,2026-10-02
361,"BOLTT EVO (Arctic White, 128 GB)",BOLTT,11499,18999,39% off,4,"1,804",873,6 GB RAM,128 GB ROM,6000 mAh Lithium ion Battery,T7250 Processor,6.79'' HD+ punch hole display,50MP + 2MP | 8MP Front Camera,,https://www.flipkart.com/boltt-evo-arctic-white-128-gb/p/itmf046d663a1fd7?pid=MOBHPP59GKGTGZGA&lid=LSTMOBHPP59GKGTGZGAIEMNWG&marketplace=FLIPKART&q=smart+phones&store=tyy%2F4io&srno=s_16_361&otracker=search&fm=organic&iid=en_t_XV4xmeQF7n8xnjS1OUimiFYA-osZ3hm5ymW4VDMs4oyrL2n2WKFsGxA-6nXebJApXdqJ8g9gjPKgZjVdc9bpZk_zxnXKMiUj2SaFo9m-NPnGc0PKfIRPxvf82DvwaU&ppt=None&ppn=None&ssid=bm1vcu1oao0000001790935088387&qH=a5594894156db043&ov_redirect=true,2026-10-02
362,"BOLTT EVO (Arctic White, 64 GB)",BOLTT,9999,17999,44% off,4.4,"1,327",695,4 GB RAM,64 GB ROM,6000 mAh Lithium ion Battery,T7250 Processor,6.79'' HD+ punch hole display,50MP + 2MP | 8MP Front Camera,,https://www.flipkart.com/boltt-evo-arctic-white-64-gb/p/itmf046d663a1fd7?pid=MOBHPP59BYSJ98M8&lid=LSTMOBHPP59BYSJ98M8RWYHGQ&marketplace=FLIPKART&q=smart+phones&store=tyy%2F4io&srno=s_16_362&otracker=search&fm=organic&iid=en_t_XV4xmeQF7n8xnjS1OUimiFYA-osZ3hm5ymW4VDMs50DScxPm8L50NNyfXb8NUe6Ux8tV-__SxlzWH1nelDDZZk_zxnXKMiUj2SaFo9m-NPnGc0PKfIRPxvf82DvwaU&ppt=None&ppn=None&ssid=bm1vcu1oao0000001790935088387&qH=a5594894156db043&ov_redirect=true,2026-10-02
363,"POCO M8 (Carbon Black, 256 GB)",POCO,28999,29999,3% off,4.3,"2,306",210,8 GB RAM,256 GB ROM,5520 mAh Battery,,17.2 cm (6.77 inch) Full HD+ Display,50MP Rear Camera | 20MP Front Camera,,https://www.flipkart.com/poco-m8-carbon-black-256-gb/p/itm2602d0ce0319c?pid=MOBHMGG5QWHMV4Y2&lid=LSTMOBHMGG5QWHMV4Y2W3IPXD&marketplace=FLIPKART&q=smart+phones&store=tyy%2F4io&srno=s_16_363&otracker=search&fm=organic&iid=99d90d0b-903c-4c96-990d-9ebe54239503.MOBHMGG5QWHMV4Y2.SEARCH&ppt=None&ppn=None&ssid=bm1vcu1oao0000001790935088387&qH=a5594894156db043&ov_redirect=true,2026-10-02
364,"POCO C81 (Elite Black, 64 GB)",POCO,12999,19999,35% off,3.7,525,45,4 GB RAM,64 GB ROM,6300 mAh Lithium-Ion Polymer Battery,T7250 Processor,17.53 cm (6.9 inch) Display,13MP Rear Camera | 8MP Front Camera,,https://www.flipkart.com/poco-c81-elite-black-64-gb/p/itm28c771318f328?pid=MOBHMYWR2GCKNVWK&lid=LSTMOBHMYWR2GCKNVWKZWGWBK&marketplace=FLIPKART&q=smart+phones&store=tyy%2F4io&srno=s_16_364&otracker=search&fm=organic&iid=99d90d0b-903c-4c96-990d-9ebe54239503.MOBHMYWR2GCKNVWK.SEARCH&ppt=None&ppn=None&ssid=bm1vcu1oao0000001790935088387&qH=a5594894156db043&ov_redirect=true,2026-10-02
365,"Nothing Phone (4b) (White, 128 GB)",Nothing,35999,49999,28% off,,,,6 GB RAM,128 GB ROM,6000 mAh Lithium ion Battery,6 Gen 4 Processor,17.2 cm (6.77 inch) Full HD+ AMOLED Display,50MP + 8MP | 16MP Front Camera,,https://www.flipkart.com/nothing-phone-4b-white-128-gb/p/itm939608b40adbb?pid=MOBHQENATV85KYCZ&lid=LSTMOBHQENATV85KYCZ0HUCMA&marketplace=FLIPKART&q=smart+phones&store=tyy%2F4io&srno=s_16_365&otracker=search&fm=organic&iid=99d90d0b-903c-4c96-990d-9ebe54239503.MOBHQENATV85KYCZ.SEARCH&ppt=None&ppn=None&ssid=bm1vcu1oao0000001790935088387&qH=a5594894156db043&ov_redirect=true,2026-10-02
366,"Motorola G34 5G (Ice Blue, 128 GB)",Motorola,11999,13999,14% off,4.2,"49,260","3,565",4 GB RAM,128 GB ROM,5000 mAh Battery,Snapdragon 695 5G Processor,16.51 cm (6.5 inch) HD+ Display,50MP + 2MP | 16MP Front Camera,5G,https://www.flipkart.com/motorola-g34-5g-ice-blue-128-gb/p/itm0f6b45af1c0f0?pid=MOBGUFK4ZX2ZHMTQ&lid=LSTMOBGUFK4ZX2ZHMTQUCFTOJ&marketplace=FLIPKART&q=smart+phones&store=tyy%2F4io&srno=s_16_366&otracker=search&fm=organic&iid=99d90d0b-903c-4c96-990d-9ebe54239503.MOBGUFK4ZX2ZHMTQ.SEARCH&ppt=None&ppn=None&ssid=bm1vcu1oao0000001790935088387&qH=a5594894156db043&ov_redirect=true,2026-10-02
367,"BOLTT EVO (Midnight Black, 64 GB)",BOLTT,9999,17999,44% off,4.4,"1,327",695,4 GB RAM,64 GB ROM,6000 mAh Lithium ion Battery,T7250 Processor,6.79'' HD+ punch hole display,50MP + 2MP | 8MP Front Camera,,https://www.flipkart.com/boltt-evo-midnight-black-64-gb/p/itmf046d663a1fd7?pid=MOBHPP597GB8ZHTY&lid=LSTMOBHPP597GB8ZHTYGYX70A&marketplace=FLIPKART&q=smart+phones&store=tyy%2F4io&srno=s_16_367&otracker=search&fm=organic&iid=en_t_XV4xmeQF7n8xnjS1OUimiFYA-osZ3hm5ymW4VDMs5sLvJuxmVZKmcVA0htMABAmFcmDxdFnAg2HDILUSFuRZZk_zxnXKMiUj2SaFo9m-NPnGc0PKfIRPxvf82DvwaU&ppt=None&ppn=None&ssid=bm1vcu1oao0000001790935088387&qH=a5594894156db043&ov_redirect=true,2026-10-02
368,"BOLTT EVO (Lavender Bloom, 64 GB)",BOLTT,9999,17999,44% off,4.4,"1,327",695,4 GB RAM,64 GB ROM,6000 mAh Lithium ion Battery,T7250 Processor,6.79'' HD+ punch hole display,50MP + 2MP | 8MP Front Camera,,https://www.flipkart.com/boltt-evo-lavender-bloom-64-gb/p/itmf046d663a1fd7?pid=MOBHPP59AEJZHCVZ&lid=LSTMOBHPP59AEJZHCVZQQSXMU&marketplace=FLIPKART&q=smart+phones&store=tyy%2F4io&srno=s_16_368&otracker=search&fm=organic&iid=en_t_XV4xmeQF7n8xnjS1OUimiFYA-osZ3hm5ymW4VDMs5zI6JvBZn0nSjZZgP6AUUp7xbDZ0DH1NrYuR9fFRym_pZk_zxnXKMiUj2SaFo9m-NPnGc0PKfIRPxvf82DvwaU&ppt=None&ppn=None&ssid=bm1vcu1oao0000001790935088387&qH=a5594894156db043&ov_redirect=true,2026-10-02
369,"POCO M8x 5G (Blue, 128 GB)",POCO,18999,44999,57% off,3.9,331,129,4 GB RAM,128 GB ROM,7900 mAh Lithium-Ion Polymer Battery,4 Gen 5 Processor,17.53 cm (6.9 inch) Full HD Display,50MP Rear Camera,,https://www.flipkart.com/poco-m8x-5g-blue-128-gb/p/itm0e93ee1b1a898?pid=MOBHPCYNT7VGVKZS&lid=LSTMOBHPCYNT7VGVKZSIT3GWT&marketplace=FLIPKART&q=smart+phones&store=tyy%2F4io&srno=s_16_369&otracker=search&fm=organic&iid=99d90d0b-903c-4c96-990d-9ebe54239503.MOBHPCYNT7VGVKZS.SEARCH&ppt=None&ppn=None&ssid=bm1vcu1oao0000001790935088387&qH=a5594894156db043&ov_redirect=true,2026-10-02
370,"Motorola Edge 40 Neo (Soothing Sea, 128 GB)",Motorola,27999,,,4.3,"57,630","6,027",8 GB RAM,128 GB ROM,5000 mAh Battery,Dimensity 7030 Processor,16.64 cm (6.55 inch) Full HD+ Display,50MP + 13MP | 32MP Front Camera,,https://www.flipkart.com/motorola-edge-40-neo-soothing-sea-128-gb/p/itmcfb87467e7d9a?pid=MOBGQFX6AG2JD2XT&lid=LSTMOBGQFX6AG2JD2XTMNTYDO&marketplace=FLIPKART&q=smart+phones&store=tyy%2F4io&srno=s_16_370&otracker=search&fm=organic&iid=99d90d0b-903c-4c96-990d-9ebe54239503.MOBGQFX6AG2JD2XT.SEARCH&ppt=None&ppn=None&ssid=bm1vcu1oao0000001790935088387&qH=a5594894156db043&ov_redirect=true,2026-10-02
371,"BOLTT EVO (Midnight Black, 128 GB)",BOLTT,11499,18999,39% off,4,"1,804",873,6 GB RAM,128 GB ROM,6000 mAh Lithium ion Battery,T7250 Processor,6.79'' HD+ punch hole display,50MP + 2MP | 8MP Front Camera,,https://www.flipkart.com/boltt-evo-midnight-black-128-gb/p/itmf046d663a1fd7?pid=MOBHPP59RWHM2PJH&lid=LSTMOBHPP59RWHM2PJHUUF4AF&marketplace=FLIPKART&q=smart+phones&store=tyy%2F4io&srno=s_16_371&otracker=search&fm=organic&iid=en_t_XV4xmeQF7n8xnjS1OUimiFYA-osZ3hm5ymW4VDMs4CnSSpRcjY4Kt51St5_aPL-oHdKO3yYnYUN_r3HYwM1pZk_zxnXKMiUj2SaFo9m-NPnGc0PKfIRPxvf82DvwaU&ppt=None&ppn=None&ssid=bm1vcu1oao0000001790935088387&qH=a5594894156db043&ov_redirect=true,2026-10-02
372,"BOLTT EVO (Berry Red, 128 GB)",BOLTT,11499,18999,39% off,4,"1,804",873,6 GB RAM,128 GB ROM,6000 mAh Lithium ion Battery,T7250 Processor,6.79'' HD+ punch hole display,50MP + 2MP | 8MP Front Camera,,https://www.flipkart.com/boltt-evo-berry-red-128-gb/p/itmf046d663a1fd7?pid=MOBHPP59TUYYPWP5&lid=LSTMOBHPP59TUYYPWP5U7J1VB&marketplace=FLIPKART&q=smart+phones&store=tyy%2F4io&srno=s_16_372&otracker=search&fm=organic&iid=en_t_XV4xmeQF7n8xnjS1OUimiFYA-osZ3hm5ymW4VDMs7TzmsemkH04xtD2RiUz6iCvSppyrEH4LyH9lCiIfbYhZZk_zxnXKMiUj2SaFo9m-NPnGc0PKfIRPxvf82DvwaU&ppt=None&ppn=None&ssid=bm1vcu1oao0000001790935088387&qH=a5594894156db043&ov_redirect=true,2026-10-02
373,"POCO C81x (Crystal Black, 64 GB)",POCO,11999,18999,36% off,3.9,661,40,3 GB RAM,64 GB ROM,5200 mAh Lithium-Ion Polymer Battery,T7250 Processor,17.48 cm (6.88 inch) Display,13MP Rear Camera | 8MP Front Camera,,https://www.flipkart.com/poco-c81x-crystal-black-64-gb/p/itmcc7b133522987?pid=MOBHMYWRXCQBZ7D2&lid=LSTMOBHMYWRXCQBZ7D2WUWSH4&marketplace=FLIPKART&q=smart+phones&store=tyy%2F4io&srno=s_16_373&otracker=search&fm=organic&iid=99d90d0b-903c-4c96-990d-9ebe54239503.MOBHMYWRXCQBZ7D2.SEARCH&ppt=None&ppn=None&ssid=bm1vcu1oao0000001790935088387&qH=a5594894156db043&ov_redirect=true,2026-10-02
374,"POCO M8 (Carbon Black, 128 GB)",POCO,26999,27999,3% off,4.3,"2,306",210,8 GB RAM,128 GB ROM,5520 mAh Battery,,17.2 cm (6.77 inch) Full HD+ Display,50MP Rear Camera | 20MP Front Camera,,https://www.flipkart.com/poco-m8-carbon-black-128-gb/p/itm4a387788f045c?pid=MOBHMGG5FFCEPT3V&lid=LSTMOBHMGG5FFCEPT3VOQI1H2&marketplace=FLIPKART&q=smart+phones&store=tyy%2F4io&srno=s_16_374&otracker=search&fm=organic&iid=99d90d0b-903c-4c96-990d-9ebe54239503.MOBHMGG5FFCEPT3V.SEARCH&ppt=None&ppn=None&ssid=bm1vcu1oao0000001790935088387&qH=a5594894156db043&ov_redirect=true,2026-10-02
375,"MOTOROLA G04 (Sea Green, 64 GB)",MOTOROLA,9999,,,4.2,"16,143","1,019",4 GB RAM,64 GB ROM,5000 mAh Battery,Unisoc T606 Processor,16.76 cm (6.6 inch) HD+ Display,16MP Rear Camera | 5MP Front Camera,,https://www.flipkart.com/motorola-g04-sea-green-64-gb/p/itma5e47013b85f7?pid=MOBGUFK4HDHHKJPP&lid=LSTMOBGUFK4HDHHKJPPHSEUS3&marketplace=FLIPKART&q=smart+phones&store=tyy%2F4io&srno=s_16_375&otracker=search&fm=organic&iid=99d90d0b-903c-4c96-990d-9ebe54239503.MOBGUFK4HDHHKJPP.SEARCH&ppt=None&ppn=None&ssid=bm1vcu1oao0000001790935088387&qH=a5594894156db043&ov_redirect=true,2026-10-02
376,"Motorola G34 5G (Ocean Green, 128 GB)",Motorola,11999,13999,14% off,4.2,"49,260","3,565",4 GB RAM,128 GB ROM,5000 mAh Battery,Snapdragon 695 5G Processor,16.51 cm (6.5 inch) HD+ Display,50MP + 2MP | 16MP Front Camera,5G,https://www.flipkart.com/motorola-g34-5g-ocean-green-128-gb/p/itm3420a8e79e129?pid=MOBGUFK49KDBZUMC&lid=LSTMOBGUFK49KDBZUMC2WHY9Z&marketplace=FLIPKART&q=smart+phones&store=tyy%2F4io&srno=s_16_376&otracker=search&fm=organic&iid=99d90d0b-903c-4c96-990d-9ebe54239503.MOBGUFK49KDBZUMC.SEARCH&ppt=None&ppn=None&ssid=bm1vcu1oao0000001790935088387&qH=a5594894156db043&ov_redirect=true,2026-10-02
377,"Nothing Phone (4b) (White, 256 GB)",Nothing,40999,59999,31% off,4.3,"1,841",179,8 GB RAM,256 GB ROM,6000 mAh Lithium ion Battery,6 Gen 4 Processor,17.2 cm (6.77 inch) Full HD+ AMOLED Display,50MP + 8MP | 16MP Front Camera,,https://www.flipkart.com/nothing-phone-4b-white-256-gb/p/itm939608b40adbb?pid=MOBHZMBD5MZZDUYA&lid=LSTMOBHZMBD5MZZDUYAIWDKYR&marketplace=FLIPKART&q=smart+phones&store=tyy%2F4io&srno=s_16_377&otracker=search&fm=organic&iid=en_t_XV4xmeQF7n8xnjS1OUimiFYA-osZ3hm5ymW4VDMs5wDTuX7Z6wcgcIlcl7vGsG7muq75qMORP5m1GATJhVOuebvJ3XMQeWNozLNoAjfkI4aqq4B1Q5f-9vq0xY-oL0&ppt=None&ppn=None&ssid=bm1vcu1oao0000001790935088387&qH=a5594894156db043&ov_redirect=true,2026-10-02
378,"BOLTT EVO (Sky Blue, 128 GB)",BOLTT,11499,18999,39% off,4,"1,804",873,6 GB RAM,128 GB ROM,6000 mAh Lithium ion Battery,T7250 Processor,6.79'' HD+ punch hole display,50MP + 2MP | 8MP Front Camera,,https://www.flipkart.com/boltt-evo-sky-blue-128-gb/p/itmf046d663a1fd7?pid=MOBHPP59ME6SPCZW&lid=LSTMOBHPP59ME6SPCZWUW9RP3&marketplace=FLIPKART&q=smart+phones&store=tyy%2F4io&srno=s_16_378&otracker=search&fm=organic&iid=en_t_XV4xmeQF7n8xnjS1OUimiFYA-osZ3hm5ymW4VDMs5Sm_0-3pqbOcq1VxCPAyCtwbXaiFD5B5V-i7lupI6xHpZk_zxnXKMiUj2SaFo9m-NPnGc0PKfIRPxvf82DvwaU&ppt=None&ppn=None&ssid=bm1vcu1oao0000001790935088387&qH=a5594894156db043&ov_redirect=true,2026-10-02
379,"MOTOROLA G04 (Satin Blue, 64 GB)",MOTOROLA,9999,,,4.2,"16,143","1,019",4 GB RAM,64 GB ROM,5000 mAh Battery,Unisoc T606 Processor,16.76 cm (6.6 inch) HD+ Display,16MP Rear Camera | 5MP Front Camera,,https://www.flipkart.com/motorola-g04-satin-blue-64-gb/p/itmf126d16fff1b9?pid=MOBGUFK4X5AEBBDE&lid=LSTMOBGUFK4X5AEBBDECQBQRW&marketplace=FLIPKART&q=smart+phones&store=tyy%2F4io&srno=s_16_379&otracker=search&fm=organic&iid=99d90d0b-903c-4c96-990d-9ebe54239503.MOBGUFK4X5AEBBDE.SEARCH&ppt=None&ppn=None&ssid=bm1vcu1oao0000001790935088387&qH=a5594894156db043&ov_redirect=true,2026-10-02
380,"realme C61 (Safari Green, 64 GB)",realme,7249,8999,19% off,4.3,"37,545","1,667",4 GB RAM,64 GB ROM,5000 mAh Battery,T612 Processor,17.13 cm (6.745 inch) HD+ Display,32MP Rear Camera | 5MP Front Camera,,https://www.flipkart.com/realme-c61-safari-green-64-gb/p/itmd6ddbcefce040?pid=MOBHFRKRF6ZHBFTW&lid=LSTMOBHFRKRF6ZHBFTWCWTV1O&marketplace=FLIPKART&q=smart+phones&store=tyy%2F4io&srno=s_16_380&otracker=search&fm=organic&iid=99d90d0b-903c-4c96-990d-9ebe54239503.MOBHFRKRF6ZHBFTW.SEARCH&ppt=None&ppn=None&ssid=bm1vcu1oao0000001790935088387&qH=a5594894156db043&ov_redirect=true,2026-10-02
381,"BOLTT EVO (Sky Blue, 64 GB)",BOLTT,9999,17999,44% off,4.4,"1,327",695,4 GB RAM,64 GB ROM,6000 mAh Lithium ion Battery,T7250 Processor,6.79'' HD+ punch hole display,50MP + 2MP | 8MP Front Camera,,https://www.flipkart.com/boltt-evo-sky-blue-64-gb/p/itmf046d663a1fd7?pid=MOBHPP59WKSV4FYG&lid=LSTMOBHPP59WKSV4FYGYPMLV6&marketplace=FLIPKART&q=smart+phones&store=tyy%2F4io&srno=s_16_381&otracker=search&fm=organic&iid=en_t_XV4xmeQF7n8xnjS1OUimiFYA-osZ3hm5ymW4VDMs6SKVrgXqJZ4jb-IZmwQuHRigicCniOwiXfyNr6i62vdZZk_zxnXKMiUj2SaFo9m-NPnGc0PKfIRPxvf82DvwaU&ppt=None&ppn=None&ssid=bm1vcu1oao0000001790935088387&qH=a5594894156db043&ov_redirect=true,2026-10-02
382,"vivo T5x 5G (Fusion Red, 128 GB)",vivo,27999,28999,3% off,4.4,"22,241","1,516",6 GB RAM,128 GB ROM,7200 mAh Li-ion Battery,Dimensity 7400-Turbo Processor,17.17 cm (6.76 inch) Display,50MP + 2MP | 32MP Front Camera,,https://www.flipkart.com/vivo-t5x-5g-fusion-red-128-gb/p/itm7da8aa253e72b?pid=MOBHPGHCZ9HCTCHK&lid=LSTMOBHPGHCZ9HCTCHKPPZYM6&marketplace=FLIPKART&q=smart+phones&store=tyy%2F4io&srno=s_16_382&otracker=search&fm=organic&iid=99d90d0b-903c-4c96-990d-9ebe54239503.MOBHPGHCZ9HCTCHK.SEARCH&ppt=None&ppn=None&ssid=bm1vcu1oao0000001790935088387&qH=a5594894156db043&ov_redirect=true,2026-10-02
383,"Nothing Phone (4a) (White, 128 GB)",Nothing,44999,59999,25% off,4.5,"6,726",728,8 GB RAM,128 GB ROM,5400 mAh Lithium ion Battery,Snapdragon 7s Gen 4 Processor,17.22 cm (6.78 inch) Full HD+ AMOLED Display,50MP + 50MP + 8MP | 32MP Front Camera,,https://www.flipkart.com/nothing-phone-4a-white-128-gb/p/itm4d8bff10483ce?pid=MOBHZAWYUQDFFTRB&lid=LSTMOBHZAWYUQDFFTRBUQTFBY&marketplace=FLIPKART&q=smart+phones&store=tyy%2F4io&srno=s_16_383&otracker=search&fm=organic&iid=99d90d0b-903c-4c96-990d-9ebe54239503.MOBHZAWYUQDFFTRB.SEARCH&ppt=None&ppn=None&ssid=bm1vcu1oao0000001790935088387&qH=a5594894156db043&ov_redirect=true,2026-10-02
384,"Infinix Smart 8 Plus (Galaxy White, 128 GB)",Infinix,7799,9999,22% off,4.3,"12,986",788,4 GB RAM,128 GB ROM,6000 mAh Battery,Mediatek Helio G36 Processor,16.76 cm (6.6 inch) HD+ Display,50MP + AI Lens | 8MP Front Camera,,https://www.flipkart.com/infinix-smart-8-plus-galaxy-white-128-gb/p/itmb71da75c376e1?pid=MOBGYA22FYTZKRW4&lid=LSTMOBGYA22FYTZKRW4UKLRNR&marketplace=FLIPKART&q=smart+phones&store=tyy%2F4io&srno=s_16_384&otracker=search&fm=organic&iid=99d90d0b-903c-4c96-990d-9ebe54239503.MOBGYA22FYTZKRW4.SEARCH&ppt=None&ppn=None&ssid=bm1vcu1oao0000001790935088387&qH=a5594894156db043&ov_redirect=true,2026-10-02
385,"MOTOROLA G04 (Sea Green, 64 GB)",MOTOROLA,9999,,,4.2,"16,143","1,019",4 GB RAM,64 GB ROM,5000 mAh Battery,Unisoc T606 Processor,16.76 cm (6.6 inch) HD+ Display,16MP Rear Camera | 5MP Front Camera,,https://www.flipkart.com/motorola-g04-sea-green-64-gb/p/itma5e47013b85f7?pid=MOBGUFK4HDHHKJPP&lid=LSTMOBGUFK4HDHHKJPPHSEUS3&marketplace=FLIPKART&q=smart+phones&store=tyy%2F4io&srno=s_17_385&otracker=search&fm=organic&iid=618095a6-31f2-439e-b748-560ed2afcf25.MOBGUFK4HDHHKJPP.SEARCH&ppt=None&ppn=None&ssid=fzxfzgtu4g0000001790935091178&qH=a5594894156db043&ov_redirect=true,2026-10-02
386,"POCO X8 5G (Black, 128 GB)",POCO,29999,64999,53% off,4.5,243,159,6 GB RAM,128 GB ROM,9000 mAh Lithium-Ion Polymer Battery,6s Gen 4 Processor,17.35 cm (6.83 inch) Full HD+ AMOLED Display,50MP + 2MP | 16MP Front Camera,,https://www.flipkart.com/poco-x8-5g-black-128-gb/p/itme5971a702d6f4?pid=MOBHQ6XZJAUN46UF&lid=LSTMOBHQ6XZJAUN46UFYE0XHT&marketplace=FLIPKART&q=smart+phones&store=tyy%2F4io&srno=s_17_386&otracker=search&fm=organic&iid=618095a6-31f2-439e-b748-560ed2afcf25.MOBHQ6XZJAUN46UF.SEARCH&ppt=None&ppn=None&ssid=fzxfzgtu4g0000001790935091178&qH=a5594894156db043&ov_redirect=true,2026-10-02
387,"BOLTT EVO (Midnight Black, 64 GB)",BOLTT,9999,17999,44% off,4.4,"1,327",695,4 GB RAM,64 GB ROM,6000 mAh Lithium ion Battery,T7250 Processor,6.79'' HD+ punch hole display,50MP + 2MP | 8MP Front Camera,,https://www.flipkart.com/boltt-evo-midnight-black-64-gb/p/itmf046d663a1fd7?pid=MOBHPP597GB8ZHTY&lid=LSTMOBHPP597GB8ZHTYGYX70A&marketplace=FLIPKART&q=smart+phones&store=tyy%2F4io&srno=s_17_387&otracker=search&fm=organic&iid=en_P6dd0_Bn5LDOuvk1WEAsC64i1hrhzXiH2958EdEOcPCdHfvsBr7kJff9c4kFpxKGs7qCwkzzZfXNJUlojOr5SpZk_zxnXKMiUj2SaFo9m-P6BrEdse2lHmlT5g7F7pep&ppt=None&ppn=None&ssid=fzxfzgtu4g0000001790935091178&qH=a5594894156db043&ov_redirect=true,2026-10-02
388,"BOLTT EVO (Berry Red, 128 GB)",BOLTT,11499,18999,39% off,4,"1,804",873,6 GB RAM,128 GB ROM,6000 mAh Lithium ion Battery,T7250 Processor,6.79'' HD+ punch hole display,50MP + 2MP | 8MP Front Camera,,https://www.flipkart.com/boltt-evo-berry-red-128-gb/p/itmf046d663a1fd7?pid=MOBHPP59TUYYPWP5&lid=LSTMOBHPP59TUYYPWP5U7J1VB&marketplace=FLIPKART&q=smart+phones&store=tyy%2F4io&srno=s_17_388&otracker=search&fm=organic&iid=en_P6dd0_Bn5LDOuvk1WEAsC64i1hrhzXiH2958EdEOcPCrtXGxt5CpvJNTxekPo9g5536Q4P5J64sMnJmf8X-4YpZk_zxnXKMiUj2SaFo9m-P6BrEdse2lHmlT5g7F7pep&ppt=None&ppn=None&ssid=fzxfzgtu4g0000001790935091178&qH=a5594894156db043&ov_redirect=true,2026-10-02
389,"Motorola G34 5G (Ocean Green, 128 GB)",Motorola,11999,13999,14% off,4.2,"49,260","3,565",4 GB RAM,128 GB ROM,5000 mAh Battery,Snapdragon 695 5G Processor,16.51 cm (6.5 inch) HD+ Display,50MP + 2MP | 16MP Front Camera,5G,https://www.flipkart.com/motorola-g34-5g-ocean-green-128-gb/p/itm3420a8e79e129?pid=MOBGUFK49KDBZUMC&lid=LSTMOBGUFK49KDBZUMC2WHY9Z&marketplace=FLIPKART&q=smart+phones&store=tyy%2F4io&srno=s_17_389&otracker=search&fm=organic&iid=618095a6-31f2-439e-b748-560ed2afcf25.MOBGUFK49KDBZUMC.SEARCH&ppt=None&ppn=None&ssid=fzxfzgtu4g0000001790935091178&qH=a5594894156db043&ov_redirect=true,2026-10-02
390,"POCO M7 Plus 5G (Carbon Black, 128 GB)",POCO,19999,,,3.7,"4,209",508,4 GB RAM,128 GB ROM,7000 mAh Battery,Snapdragon 6s Gen 3 5G Processor,17.53 cm (6.9 inch) Full HD+ Display,50MP Rear Camera | 8MP Front Camera,5G,https://www.flipkart.com/poco-m7-plus-5g-carbon-black-128-gb/p/itm9b1bceebdc605?pid=MOBHETX6RHPPFCFD&lid=LSTMOBHETX6RHPPFCFDZGVTVP&marketplace=FLIPKART&q=smart+phones&store=tyy%2F4io&srno=s_17_390&otracker=search&fm=organic&iid=618095a6-31f2-439e-b748-560ed2afcf25.MOBHETX6RHPPFCFD.SEARCH&ppt=None&ppn=None&ssid=fzxfzgtu4g0000001790935091178&qH=a5594894156db043&ov_redirect=true,2026-10-02
391,"Nothing Phone (4b) (White, 256 GB)",Nothing,40999,59999,31% off,4.3,"1,841",179,8 GB RAM,256 GB ROM,6000 mAh Lithium ion Battery,6 Gen 4 Processor,17.2 cm (6.77 inch) Full HD+ AMOLED Display,50MP + 8MP | 16MP Front Camera,,https://www.flipkart.com/nothing-phone-4b-white-256-gb/p/itm939608b40adbb?pid=MOBHZMBD5MZZDUYA&lid=LSTMOBHZMBD5MZZDUYAIWDKYR&marketplace=FLIPKART&q=smart+phones&store=tyy%2F4io&srno=s_17_391&otracker=search&fm=organic&iid=en_P6dd0_Bn5LDOuvk1WEAsC64i1hrhzXiH2958EdEOcPCde8LpxKGp8mDVy5EOzAvy7muq75qMORP5m1GATJhVOlQOgTQdsBk_Vf1d789BDsgoZrNogukTtJHOl99-uSqW&ppt=None&ppn=None&ssid=fzxfzgtu4g0000001790935091178&qH=a5594894156db043&ov_redirect=true,2026-10-02
392,"MOTOROLA G04 (Satin Blue, 64 GB)",MOTOROLA,9999,,,4.2,"16,143","1,019",4 GB RAM,64 GB ROM,5000 mAh Battery,Unisoc T606 Processor,16.76 cm (6.6 inch) HD+ Display,16MP Rear Camera | 5MP Front Camera,,https://www.flipkart.com/motorola-g04-satin-blue-64-gb/p/itmf126d16fff1b9?pid=MOBGUFK4X5AEBBDE&lid=LSTMOBGUFK4X5AEBBDECQBQRW&marketplace=FLIPKART&q=smart+phones&store=tyy%2F4io&srno=s_17_392&otracker=search&fm=organic&iid=618095a6-31f2-439e-b748-560ed2afcf25.MOBGUFK4X5AEBBDE.SEARCH&ppt=None&ppn=None&ssid=fzxfzgtu4g0000001790935091178&qH=a5594894156db043&ov_redirect=true,2026-10-02
393,"MOTOROLA G04 (Concord Black, 128 GB)",MOTOROLA,10999,,,4.1,"7,168",519,8 GB RAM,128 GB ROM,5000 mAh Battery,Unisoc T606 Processor,16.76 cm (6.6 inch) HD+ Display,16MP Rear Camera | 5MP Front Camera,,https://www.flipkart.com/motorola-g04-concord-black-128-gb/p/itm79853c1ebe7ee?pid=MOBGUFK4TBVGPXJZ&lid=LSTMOBGUFK4TBVGPXJZNK1PLV&marketplace=FLIPKART&q=smart+phones&store=tyy%2F4io&srno=s_17_393&otracker=search&fm=organic&iid=618095a6-31f2-439e-b748-560ed2afcf25.MOBGUFK4TBVGPXJZ.SEARCH&ppt=None&ppn=None&ssid=fzxfzgtu4g0000001790935091178&qH=a5594894156db043&ov_redirect=true,2026-10-02
394,"MOTOROLA Signature (PANTONE Martini Olive, 1 TB)",MOTOROLA,69999,84999,17% off,4.5,"1,270",231,16 GB RAM,1 TB ROM,5200 mAh Battery,Snapdragon 8 Gen 5 Processor,17.27 cm (6.8 inch) Super HD Display,50MP + 50MP + 50MP | 50MP Front Camera,,https://www.flipkart.com/motorola-signature-pantone-martini-olive-1-tb/p/itm4806fc933fff8?pid=MOBHGVJYRCA9AUCG&lid=LSTMOBHGVJYRCA9AUCGY92BDO&marketplace=FLIPKART&q=smart+phones&store=tyy%2F4io&srno=s_17_394&otracker=search&fm=organic&iid=618095a6-31f2-439e-b748-560ed2afcf25.MOBHGVJYRCA9AUCG.SEARCH&ppt=None&ppn=None&ssid=fzxfzgtu4g0000001790935091178&qH=a5594894156db043&ov_redirect=true,2026-10-02
395,"Samsung Galaxy F16 5G (Glam Green, 128 GB)",Samsung,13999,17499,20% off,4.2,"10,432",812,6 GB RAM,128 GB ROM,5000 mAh Battery,Dimensity 6300 Processor,16.91 cm (6.657 inch) Full HD+ Display,50MP + 5MP + 2MP | 13MP Front Camera,,https://www.flipkart.com/samsung-galaxy-f16-5g-glam-green-128-gb/p/itmcdb73c7370f76?pid=MOBH9ASGDGWZV69Z&lid=LSTMOBH9ASGDGWZV69ZTSJAUH&marketplace=FLIPKART&q=smart+phones&store=tyy%2F4io&srno=s_17_395&otracker=search&fm=organic&iid=618095a6-31f2-439e-b748-560ed2afcf25.MOBH9ASGDGWZV69Z.SEARCH&ppt=None&ppn=None&ssid=fzxfzgtu4g0000001790935091178&qH=a5594894156db043&ov_redirect=true,2026-10-02
396,"vivo T5e (Shadow Grey, 64 GB)",vivo,13999,26999,48% off,3.8,148,8,4 GB RAM,64 GB ROM,5500 mAh Li-ion Battery,T7225 Processor,17.12 cm (6.74 inch) HD Display,8MP Rear Camera | 5MP Front Camera,,https://www.flipkart.com/vivo-t5e-shadow-grey-64-gb/p/itm180ca0a991a2b?pid=MOBHPBM6FNMA7ZC7&lid=LSTMOBHPBM6FNMA7ZC7AQDM3K&marketplace=FLIPKART&q=smart+phones&store=tyy%2F4io&srno=s_17_396&otracker=search&fm=organic&iid=618095a6-31f2-439e-b748-560ed2afcf25.MOBHPBM6FNMA7ZC7.SEARCH&ppt=None&ppn=None&ssid=fzxfzgtu4g0000001790935091178&qH=a5594894156db043&ov_redirect=true,2026-10-02
397,"Infinix Smart 8 Plus (Galaxy White, 128 GB)",Infinix,7799,9999,22% off,4.3,"12,986",788,4 GB RAM,128 GB ROM,6000 mAh Battery,Mediatek Helio G36 Processor,16.76 cm (6.6 inch) HD+ Display,50MP + AI Lens | 8MP Front Camera,,https://www.flipkart.com/infinix-smart-8-plus-galaxy-white-128-gb/p/itmb71da75c376e1?pid=MOBGYA22FYTZKRW4&lid=LSTMOBGYA22FYTZKRW4UKLRNR&marketplace=FLIPKART&q=smart+phones&store=tyy%2F4io&srno=s_17_397&otracker=search&fm=organic&iid=618095a6-31f2-439e-b748-560ed2afcf25.MOBGYA22FYTZKRW4.SEARCH&ppt=None&ppn=None&ssid=fzxfzgtu4g0000001790935091178&qH=a5594894156db043&ov_redirect=true,2026-10-02
398,"Nothing Phone (4a) (White, 128 GB)",Nothing,44999,59999,25% off,4.5,"6,726",728,8 GB RAM,128 GB ROM,5400 mAh Lithium ion Battery,Snapdragon 7s Gen 4 Processor,17.22 cm (6.78 inch) Full HD+ AMOLED Display,50MP + 50MP + 8MP | 32MP Front Camera,,https://www.flipkart.com/nothing-phone-4a-white-128-gb/p/itm4d8bff10483ce?pid=MOBHZAWYUQDFFTRB&lid=LSTMOBHZAWYUQDFFTRBUQTFBY&marketplace=FLIPKART&q=smart+phones&store=tyy%2F4io&srno=s_17_398&otracker=search&fm=organic&iid=618095a6-31f2-439e-b748-560ed2afcf25.MOBHZAWYUQDFFTRB.SEARCH&ppt=None&ppn=None&ssid=fzxfzgtu4g0000001790935091178&qH=a5594894156db043&ov_redirect=true,2026-10-02
399,"realme C61 (Safari Green, 64 GB)",realme,7249,8999,19% off,4.3,"37,545","1,667",4 GB RAM,64 GB ROM,5000 mAh Battery,T612 Processor,17.13 cm (6.745 inch) HD+ Display,32MP Rear Camera | 5MP Front Camera,,https://www.flipkart.com/realme-c61-safari-green-64-gb/p/itmd6ddbcefce040?pid=MOBHFRKRF6ZHBFTW&lid=LSTMOBHFRKRF6ZHBFTWCWTV1O&marketplace=FLIPKART&q=smart+phones&store=tyy%2F4io&srno=s_17_399&otracker=search&fm=organic&iid=618095a6-31f2-439e-b748-560ed2afcf25.MOBHFRKRF6ZHBFTW.SEARCH&ppt=None&ppn=None&ssid=fzxfzgtu4g0000001790935091178&qH=a5594894156db043&ov_redirect=true,2026-10-02
400,"Infinix SMART 20 (Shadow Black, 128 GB)",Infinix,14999,21999,31% off,3.9,299,34,4 GB RAM,128 GB ROM,5200 mAh Battery,Helio G81 Ultimate Processor,17.22 cm (6.78 inch) HD+ Display,8MP Rear Camera | 8MP Front Camera,,https://www.flipkart.com/infinix-smart-20-shadow-black-128-gb/p/itmf761cd49f9162?pid=MOBHNMEESZ6UZKPH&lid=LSTMOBHNMEESZ6UZKPHGRELDX&marketplace=FLIPKART&q=smart+phones&store=tyy%2F4io&srno=s_17_400&otracker=search&fm=organic&iid=618095a6-31f2-439e-b748-560ed2afcf25.MOBHNMEESZ6UZKPH.SEARCH&ppt=None&ppn=None&ssid=fzxfzgtu4g0000001790935091178&qH=a5594894156db043&ov_redirect=true,2026-10-02
401,"Infinix HOT 60i 5G (Shadow Blue, 128 GB)",Infinix,17499,24999,30% off,4.3,"1,595",148,4 GB RAM,128 GB ROM,6000 mAh Battery,Dimensity 6400 Processor,17.14 cm (6.75 inch) HD+ Display,50MP Rear Camera | 5MP Front Camera,,https://www.flipkart.com/infinix-hot-60i-5g-shadow-blue-128-gb/p/itm1cb6bf875f6e0?pid=MOBHERZERAFFCH7M&lid=LSTMOBHERZERAFFCH7MDSZZDP&marketplace=FLIPKART&q=smart+phones&store=tyy%2F4io&srno=s_17_401&otracker=search&fm=organic&iid=618095a6-31f2-439e-b748-560ed2afcf25.MOBHERZERAFFCH7M.SEARCH&ppt=None&ppn=None&ssid=fzxfzgtu4g0000001790935091178&qH=a5594894156db043&ov_redirect=true,2026-10-02
402,"Nothing Phone (4a) (White, 128 GB)",Nothing,39999,49999,20% off,,,,6 GB RAM,128 GB ROM,5400 mAh Lithium ion Battery,Snapdragon 7s Gen 4 Processor,17.22 cm (6.78 inch) Full HD+ AMOLED Display,50MP + 50MP + 8MP | 32MP Front Camera,,https://www.flipkart.com/nothing-phone-4a-white-128-gb/p/itm47712249513d4?pid=MOBHQENAHHRMSET2&lid=LSTMOBHQENAHHRMSET2IEQMP8&marketplace=FLIPKART&q=smart+phones&store=tyy%2F4io&srno=s_17_402&otracker=search&fm=organic&iid=618095a6-31f2-439e-b748-560ed2afcf25.MOBHQENAHHRMSET2.SEARCH&ppt=None&ppn=None&ssid=fzxfzgtu4g0000001790935091178&qH=a5594894156db043&ov_redirect=true,2026-10-02
403,"vivo T5x 5G (Fusion Red, 128 GB)",vivo,27999,28999,3% off,4.4,"22,241","1,516",6 GB RAM,128 GB ROM,7200 mAh Li-ion Battery,Dimensity 7400-Turbo Processor,17.17 cm (6.76 inch) Display,50MP + 2MP | 32MP Front Camera,,https://www.flipkart.com/vivo-t5x-5g-fusion-red-128-gb/p/itm7da8aa253e72b?pid=MOBHPGHCZ9HCTCHK&lid=LSTMOBHPGHCZ9HCTCHKPPZYM6&marketplace=FLIPKART&q=smart+phones&store=tyy%2F4io&srno=s_17_403&otracker=search&fm=organic&iid=618095a6-31f2-439e-b748-560ed2afcf25.MOBHPGHCZ9HCTCHK.SEARCH&ppt=None&ppn=None&ssid=fzxfzgtu4g0000001790935091178&qH=a5594894156db043&ov_redirect=true,2026-10-02
404,"Motorola g04s (Satin Blue, 64 GB)",Motorola,9999,,,4.2,"30,186","1,629",4 GB RAM,64 GB ROM,5000 mAh Battery,T606 Processor,16.76 cm (6.6 inch) HD+ Display,50MP Rear Camera | 5MP Front Camera,,https://www.flipkart.com/motorola-g04s-satin-blue-64-gb/p/itma899ac4728c8e?pid=MOBHY9PQM9H8HMEN&lid=LSTMOBHY9PQM9H8HMENQJT1JU&marketplace=FLIPKART&q=smart+phones&store=tyy%2F4io&srno=s_17_404&otracker=search&fm=organic&iid=618095a6-31f2-439e-b748-560ed2afcf25.MOBHY9PQM9H8HMEN.SEARCH&ppt=None&ppn=None&ssid=fzxfzgtu4g0000001790935091178&qH=a5594894156db043&ov_redirect=true,2026-10-02
405,"POCO M7 5G (Mint Green, 128 GB)",POCO,13499,13999,3% off,4.3,"19,055","1,069",8 GB RAM,128 GB ROM,5160 mAh Battery,4 Gen 2 5G Processor,17.48 cm (6.88 inch) HD+ Display,50MP Rear Camera | 8MP Front Camera,5G,https://www.flipkart.com/poco-m7-5g-mint-green-128-gb/p/itm5a4e9a881d94a?pid=MOBH9HFJGB3JSYEF&lid=LSTMOBH9HFJGB3JSYEF2YLMA0&marketplace=FLIPKART&q=smart+phones&store=tyy%2F4io&srno=s_17_405&otracker=search&fm=organic&iid=618095a6-31f2-439e-b748-560ed2afcf25.MOBH9HFJGB3JSYEF.SEARCH&ppt=None&ppn=None&ssid=fzxfzgtu4g0000001790935091178&qH=a5594894156db043&ov_redirect=true,2026-10-02
406,"MOTOROLA g max (PANTONE Malaga, 128 GB)",MOTOROLA,27999,44999,37% off,4.3,25,2,6 GB RAM,128 GB ROM,7000 mAh Battery,Snapdragon 6s Gen 4 Processor,17.07 cm (6.72 inch) Full HD+ Display,50MP + 8MP | 32MP Front Camera,,https://www.flipkart.com/motorola-g-max-pantone-malaga-128-gb/p/itmbd07b2023dab1?pid=MOBHPR97F9CZHPVU&lid=LSTMOBHPR97F9CZHPVU0DP4ZY&marketplace=FLIPKART&q=smart+phones&store=tyy%2F4io&srno=s_17_406&otracker=search&fm=organic&iid=618095a6-31f2-439e-b748-560ed2afcf25.MOBHPR97F9CZHPVU.SEARCH&ppt=None&ppn=None&ssid=fzxfzgtu4g0000001790935091178&qH=a5594894156db043&ov_redirect=true,2026-10-02
407,"Infinix Smart 8 Plus (Shiny Gold, 128 GB)",Infinix,7799,9999,22% off,4.3,"12,986",788,4 GB RAM,128 GB ROM,6000 mAh Battery,Mediatek Helio G36 Processor,16.76 cm (6.6 inch) HD+ Display,50MP + AI Lens | 8MP Front Camera,,https://www.flipkart.com/infinix-smart-8-plus-shiny-gold-128-gb/p/itmb71da75c376e1?pid=MOBGYA22EXQHSZFN&lid=LSTMOBGYA22EXQHSZFNAVNQDZ&marketplace=FLIPKART&q=smart+phones&store=tyy%2F4io&srno=s_17_407&otracker=search&fm=organic&iid=618095a6-31f2-439e-b748-560ed2afcf25.MOBGYA22EXQHSZFN.SEARCH&ppt=None&ppn=None&ssid=fzxfzgtu4g0000001790935091178&qH=a5594894156db043&ov_redirect=true,2026-10-02
408,Vivo T4 Lite 5G (Titanium Gold 2026) (8GB 256GB),Vivo,23999,31999,25% off,4.3,"22,591","1,359",8 GB RAM,256 GB ROM,6000 mAh Battery,Dimensity 6300 5G Processor,17.12 cm (6.74 inch) HD+ Display,50MP + 2MP | 5MP Front Camera,5G,https://www.flipkart.com/vivo-t4-lite-5g-titanium-gold-2026-8gb-256gb/p/itm49fb53d099f3c?pid=MOBHNCRKFX4ZKXFF&lid=LSTMOBHNCRKFX4ZKXFFQJBUI2&marketplace=FLIPKART&q=smart+phones&store=tyy%2F4io&srno=s_17_408&otracker=search&fm=organic&iid=618095a6-31f2-439e-b748-560ed2afcf25.MOBHNCRKFX4ZKXFF.SEARCH&ppt=None&ppn=None&ssid=fzxfzgtu4g0000001790935091178&qH=a5594894156db043&ov_redirect=true,2026-10-02
409,"vivo T5x 5G (Flame Red, 128 GB)",vivo,27999,45999,39% off,4.4,"22,241","1,516",6 GB RAM,128 GB ROM,7200 mAh Li-ion Battery,Dimensity 7400-Turbo Processor,17.17 cm (6.76 inch) Display,50MP + 2MP | 32MP Front Camera,,https://www.flipkart.com/vivo-t5x-5g-flame-red-128-gb/p/itm7da8aa253e72b?pid=MOBHQC8ZE5PQMZPH&lid=LSTMOBHQC8ZE5PQMZPHIGGQB1&marketplace=FLIPKART&q=smart+phones&store=tyy%2F4io&srno=s_18_409&otracker=search&fm=organic&iid=80e8e5cd-1e53-4258-b366-22a36ae68f76.MOBHQC8ZE5PQMZPH.SEARCH&ppt=None&ppn=None&ssid=s5q11shc680000001790935094037&qH=a5594894156db043&ov_redirect=true,2026-10-02
410,"realme C61 (Safari Green, 128 GB)",realme,8199,10999,25% off,4.3,"17,958",749,6 GB RAM,128 GB ROM,5000 mAh Battery,T612 Processor,17.13 cm (6.745 inch) HD+ Display,32MP Rear Camera | 5MP Front Camera,,https://www.flipkart.com/realme-c61-safari-green-128-gb/p/itmd6ddbcefce040?pid=MOBHFRKRAVXUKDGX&lid=LSTMOBHFRKRAVXUKDGX3LF6Z6&marketplace=FLIPKART&q=smart+phones&store=tyy%2F4io&srno=s_18_410&otracker=search&fm=organic&iid=80e8e5cd-1e53-4258-b366-22a36ae68f76.MOBHFRKRAVXUKDGX.SEARCH&ppt=None&ppn=None&ssid=s5q11shc680000001790935094037&qH=a5594894156db043&ov_redirect=true,2026-10-02
411,"BOLTT EVO (Arctic White, 128 GB)",BOLTT,11499,18999,39% off,4,"1,804",873,6 GB RAM,128 GB ROM,6000 mAh Lithium ion Battery,T7250 Processor,6.79'' HD+ punch hole display,50MP + 2MP | 8MP Front Camera,,https://www.flipkart.com/boltt-evo-arctic-white-128-gb/p/itmf046d663a1fd7?pid=MOBHPP59GKGTGZGA&lid=LSTMOBHPP59GKGTGZGAIEMNWG&marketplace=FLIPKART&q=smart+phones&store=tyy%2F4io&srno=s_18_411&otracker=search&fm=organic&iid=en_lBC2IrHfAOjI2UHWEUD9dRwCKvdwIjRjFaZbtH5tOOwqKhzt4bUrmIDLyhXrl8e8ApXdqJ8g9gjPKgZjVdc9bpZk_zxnXKMiUj2SaFo9m-NdDPE00V0E4toq1e_jiqiY&ppt=None&ppn=None&ssid=s5q11shc680000001790935094037&qH=a5594894156db043&ov_redirect=true,2026-10-02
412,"BOLTT EVO (Berry Red, 64 GB)",BOLTT,9999,17999,44% off,4.4,"1,327",695,4 GB RAM,64 GB ROM,6000 mAh Lithium ion Battery,T7250 Processor,6.79'' HD+ punch hole display,50MP + 2MP | 8MP Front Camera,,https://www.flipkart.com/boltt-evo-berry-red-64-gb/p/itmf046d663a1fd7?pid=MOBHPP598ENKRGBY&lid=LSTMOBHPP598ENKRGBYC3QECN&marketplace=FLIPKART&q=smart+phones&store=tyy%2F4io&srno=s_18_412&otracker=search&fm=organic&iid=en_lBC2IrHfAOjI2UHWEUD9dRwCKvdwIjRjFaZbtH5tOOxj_9Kr4CJaIvMMO5tNAEU7mCxeu8uCGyw6NBIvVnameZZk_zxnXKMiUj2SaFo9m-NdDPE00V0E4toq1e_jiqiY&ppt=None&ppn=None&ssid=s5q11shc680000001790935094037&qH=a5594894156db043&ov_redirect=true,2026-10-02
413,"Nothing Phone (4a) Pro (Black, 128 GB)",Nothing,49999,,,4.5,"3,083",403,8 GB RAM,128 GB ROM,5400 mAh Lithium ion Battery,Snapdragon 7 Gen 4 Processor,17.35 cm (6.83 inch) Full HD+ AMOLED Display,50MP + 50MP + 8MP | 32MP Front Camera,,https://www.flipkart.com/nothing-phone-4a-pro-black-128-gb/p/itm4d004931f8d69?pid=MOBHM2ZUUYUNJD6M&lid=LSTMOBHM2ZUUYUNJD6M5AZDHB&marketplace=FLIPKART&q=smart+phones&store=tyy%2F4io&srno=s_18_413&otracker=search&fm=organic&iid=80e8e5cd-1e53-4258-b366-22a36ae68f76.MOBHM2ZUUYUNJD6M.SEARCH&ppt=None&ppn=None&ssid=s5q11shc680000001790935094037&qH=a5594894156db043&ov_redirect=true,2026-10-02
414,"Infinix Hot 60 5G+ (Caramel Glow, 128 GB)",Infinix,17999,,,4.2,"3,698",313,6 GB RAM,128 GB ROM,5200 mAh Battery,Dimensity 7020 Processor,17.02 cm (6.7 inch) HD+ Display,50MP Rear Camera | 8MP Front Camera,,https://www.flipkart.com/infinix-hot-60-5g-caramel-glow-128-gb/p/itm2154889174b3a?pid=MOBHDMJZ5ZHEGK9G&lid=LSTMOBHDMJZ5ZHEGK9GSQSKG0&marketplace=FLIPKART&q=smart+phones&store=tyy%2F4io&srno=s_18_414&otracker=search&fm=organic&iid=80e8e5cd-1e53-4258-b366-22a36ae68f76.MOBHDMJZ5ZHEGK9G.SEARCH&ppt=None&ppn=None&ssid=s5q11shc680000001790935094037&qH=a5594894156db043&ov_redirect=true,2026-10-02
415,"POCO C75 5G (Aqua Bliss, 64 GB)",POCO,10999,,,4.2,"1,49,586","7,645",4 GB RAM,64 GB ROM,5160 mAh Battery,4s Gen 2 5G Processor,17.48 cm (6.88 inch) HD+ Display,50MP Rear Camera | 5MP Front Camera,5G,https://www.flipkart.com/poco-c75-5g-aqua-bliss-64-gb/p/itm10b3f6f1bc616?pid=MOBH7443MMBCWPPG&lid=LSTMOBH7443MMBCWPPGVOR2LC&marketplace=FLIPKART&q=smart+phones&store=tyy%2F4io&srno=s_18_415&otracker=search&fm=organic&iid=80e8e5cd-1e53-4258-b366-22a36ae68f76.MOBH7443MMBCWPPG.SEARCH&ppt=None&ppn=None&ssid=s5q11shc680000001790935094037&qH=a5594894156db043&ov_redirect=true,2026-10-02
416,"Mivi One 5G (ice blue, 128 GB)",Mivi,14999,23999,37% off,,,,6 GB RAM,128 GB ROM,6000 mAh Lithium Polymer Battery,Snapdragon 4 Gen 2 Processor,17.14 cm (6.75 inch) HD+ Display,50MP Rear Camera | 8MP Front Camera,,https://www.flipkart.com/mivi-one-5g-ice-blue-128-gb/p/itmf8ca925311b44?pid=MOBHR3ZPMHTUSWKH&lid=LSTMOBHR3ZPMHTUSWKHMITZP2&marketplace=FLIPKART&q=smart+phones&store=tyy%2F4io&srno=s_18_416&otracker=search&fm=organic&iid=80e8e5cd-1e53-4258-b366-22a36ae68f76.MOBHR3ZPMHTUSWKH.SEARCH&ppt=None&ppn=None&ssid=s5q11shc680000001790935094037&qH=a5594894156db043&ov_redirect=true,2026-10-02
417,"BOLTT EVO (Midnight Black, 64 GB)",BOLTT,9999,17999,44% off,4.4,"1,327",695,4 GB RAM,64 GB ROM,6000 mAh Lithium ion Battery,T7250 Processor,6.79'' HD+ punch hole display,50MP + 2MP | 8MP Front Camera,,https://www.flipkart.com/boltt-evo-midnight-black-64-gb/p/itmf046d663a1fd7?pid=MOBHPP597GB8ZHTY&lid=LSTMOBHPP597GB8ZHTYGYX70A&marketplace=FLIPKART&q=smart+phones&store=tyy%2F4io&srno=s_18_417&otracker=search&fm=organic&iid=en_lBC2IrHfAOjI2UHWEUD9dRwCKvdwIjRjFaZbtH5tOOxK7P6vW9_1MA5JsM2adX_9mFcmDxdFnAg2HDILUSFuRZZk_zxnXKMiUj2SaFo9m-NdDPE00V0E4toq1e_jiqiY&ppt=None&ppn=None&ssid=s5q11shc680000001790935094037&qH=a5594894156db043&ov_redirect=true,2026-10-02
418,"BOLTT EVO (Lavender Bloom, 64 GB)",BOLTT,9999,17999,44% off,4.4,"1,327",695,4 GB RAM,64 GB ROM,6000 mAh Lithium ion Battery,T7250 Processor,6.79'' HD+ punch hole display,50MP + 2MP | 8MP Front Camera,,https://www.flipkart.com/boltt-evo-lavender-bloom-64-gb/p/itmf046d663a1fd7?pid=MOBHPP59AEJZHCVZ&lid=LSTMOBHPP59AEJZHCVZQQSXMU&marketplace=FLIPKART&q=smart+phones&store=tyy%2F4io&srno=s_18_418&otracker=search&fm=organic&iid=en_lBC2IrHfAOjI2UHWEUD9dRwCKvdwIjRjFaZbtH5tOOxYLqWQLEWj2brn-FLWjFps7xbDZ0DH1NrYuR9fFRym_pZk_zxnXKMiUj2SaFo9m-NdDPE00V0E4toq1e_jiqiY&ppt=None&ppn=None&ssid=s5q11shc680000001790935094037&qH=a5594894156db043&ov_redirect=true,2026-10-02
419,"Mivi One 5G (Blue, 128 GB)",Mivi,16499,25999,36% off,,,,8 GB RAM,128 GB ROM,6000 mAh Lithium Polymer Battery,Snapdragon 4 Gen 2 Processor,17.14 cm (6.75 inch) HD+ Display,50MP Rear Camera | 8MP Front Camera,,https://www.flipkart.com/mivi-one-5g-blue-128-gb/p/itm5404cb9543117?pid=MOBHR3ZP7MM9FWD3&lid=LSTMOBHR3ZP7MM9FWD3RFK15L&marketplace=FLIPKART&q=smart+phones&store=tyy%2F4io&srno=s_18_419&otracker=search&fm=organic&iid=80e8e5cd-1e53-4258-b366-22a36ae68f76.MOBHR3ZP7MM9FWD3.SEARCH&ppt=None&ppn=None&ssid=s5q11shc680000001790935094037&qH=a5594894156db043&ov_redirect=true,2026-10-02
420,"vivo T5x 5G (Fusion Red, 256 GB)",vivo,33999,,,4.4,"25,689","1,916",8 GB RAM,256 GB ROM,7200 mAh Li-ion Battery,Dimensity 7400-Turbo Processor,17.17 cm (6.76 inch) Display,50MP + 2MP | 32MP Front Camera,,https://www.flipkart.com/vivo-t5x-5g-fusion-red-256-gb/p/itm7da8aa253e72b?pid=MOBHPJHC9CYXWCGF&lid=LSTMOBHPJHC9CYXWCGFMYXJJA&marketplace=FLIPKART&q=smart+phones&store=tyy%2F4io&srno=s_18_420&otracker=search&fm=organic&iid=80e8e5cd-1e53-4258-b366-22a36ae68f76.MOBHPJHC9CYXWCGF.SEARCH&ppt=None&ppn=None&ssid=s5q11shc680000001790935094037&qH=a5594894156db043&ov_redirect=true,2026-10-02
421,"BOLTT EVO (Midnight Black, 128 GB)",BOLTT,11499,18999,39% off,4,"1,804",873,6 GB RAM,128 GB ROM,6000 mAh Lithium ion Battery,T7250 Processor,6.79'' HD+ punch hole display,50MP + 2MP | 8MP Front Camera,,https://www.flipkart.com/boltt-evo-midnight-black-128-gb/p/itmf046d663a1fd7?pid=MOBHPP59RWHM2PJH&lid=LSTMOBHPP59RWHM2PJHUUF4AF&marketplace=FLIPKART&q=smart+phones&store=tyy%2F4io&srno=s_18_421&otracker=search&fm=organic&iid=en_lBC2IrHfAOjI2UHWEUD9dRwCKvdwIjRjFaZbtH5tOOx4peqLJWRSA_PMy3a6GXXb-oHdKO3yYnYUN_r3HYwM1pZk_zxnXKMiUj2SaFo9m-NdDPE00V0E4toq1e_jiqiY&ppt=None&ppn=None&ssid=s5q11shc680000001790935094037&qH=a5594894156db043&ov_redirect=true,2026-10-02
422,"BOLTT EVO (Berry Red, 128 GB)",BOLTT,11499,18999,39% off,4,"1,804",873,6 GB RAM,128 GB ROM,6000 mAh Lithium ion Battery,T7250 Processor,6.79'' HD+ punch hole display,50MP + 2MP | 8MP Front Camera,,https://www.flipkart.com/boltt-evo-berry-red-128-gb/p/itmf046d663a1fd7?pid=MOBHPP59TUYYPWP5&lid=LSTMOBHPP59TUYYPWP5U7J1VB&marketplace=FLIPKART&q=smart+phones&store=tyy%2F4io&srno=s_18_422&otracker=search&fm=organic&iid=en_lBC2IrHfAOjI2UHWEUD9dRwCKvdwIjRjFaZbtH5tOOzRMR8EYJuLjd60WvuC1XFGvSppyrEH4LyH9lCiIfbYhZZk_zxnXKMiUj2SaFo9m-NdDPE00V0E4toq1e_jiqiY&ppt=None&ppn=None&ssid=s5q11shc680000001790935094037&qH=a5594894156db043&ov_redirect=true,2026-10-02
423,"Mivi One 5G (Pink, 128 GB)",Mivi,14999,23999,37% off,,,,6 GB RAM,128 GB ROM,6000 mAh Lithium Polymer Battery,Snapdragon 4 Gen 2 Processor,17.14 cm (6.75 inch) HD+ Display,50MP Rear Camera | 8MP Front Camera,,https://www.flipkart.com/mivi-one-5g-pink-128-gb/p/itme631c323a746b?pid=MOBHR3ZPQD4GVG8R&lid=LSTMOBHR3ZPQD4GVG8RDTGEPK&marketplace=FLIPKART&q=smart+phones&store=tyy%2F4io&srno=s_18_423&otracker=search&fm=organic&iid=80e8e5cd-1e53-4258-b366-22a36ae68f76.MOBHR3ZPQD4GVG8R.SEARCH&ppt=None&ppn=None&ssid=s5q11shc680000001790935094037&qH=a5594894156db043&ov_redirect=true,2026-10-02
424,"MOTOROLA g max (PANTONE Stargazer, 128 GB)",MOTOROLA,25999,42999,39% off,,,,4 GB RAM,128 GB ROM,7000 mAh Battery,Snapdragon 6s Gen 4 Processor,17.07 cm (6.72 inch) Full HD+ Display,50MP + 8MP | 32MP Front Camera,,https://www.flipkart.com/motorola-g-max-pantone-stargazer-128-gb/p/itm5158b790a1d87?pid=MOBHPR97ZZEGJFHD&lid=LSTMOBHPR97ZZEGJFHDSPBYWZ&marketplace=FLIPKART&q=smart+phones&store=tyy%2F4io&srno=s_18_424&otracker=search&fm=organic&iid=80e8e5cd-1e53-4258-b366-22a36ae68f76.MOBHPR97ZZEGJFHD.SEARCH&ppt=None&ppn=None&ssid=s5q11shc680000001790935094037&qH=a5594894156db043&ov_redirect=true,2026-10-02
425,"POCO C75 5G (Silver Stardust, 128 GB)",POCO,11499,,,4.2,"1,49,586","7,645",4 GB RAM,128 GB ROM,5160 mAh Battery,4s Gen 2 5G Processor,17.48 cm (6.88 inch) HD+ Display,50MP Rear Camera | 5MP Front Camera,5G,https://www.flipkart.com/poco-c75-5g-silver-stardust-128-gb/p/itmbf9aead7ca613?pid=MOBHBC3WSG3RWZ2Q&lid=LSTMOBHBC3WSG3RWZ2QLUHLCI&marketplace=FLIPKART&q=smart+phones&store=tyy%2F4io&srno=s_18_425&otracker=search&fm=organic&iid=80e8e5cd-1e53-4258-b366-22a36ae68f76.MOBHBC3WSG3RWZ2Q.SEARCH&ppt=None&ppn=None&ssid=s5q11shc680000001790935094037&qH=a5594894156db043&ov_redirect=true,2026-10-02
426,"Nothing Phone (4a) (Blue, 256 GB)",Nothing,49999,62999,20% off,4.5,"6,726",728,8 GB RAM,256 GB ROM,5400 mAh Lithium ion Battery,Snapdragon 7s Gen 4 Processor,17.22 cm (6.78 inch) Full HD+ AMOLED Display,50MP + 50MP + 8MP | 32MP Front Camera,,https://www.flipkart.com/nothing-phone-4a-blue-256-gb/p/itm4d8bff10483ce?pid=MOBHZAWYWRAW9YGT&lid=LSTMOBHZAWYWRAW9YGTF7GFDT&marketplace=FLIPKART&q=smart+phones&store=tyy%2F4io&srno=s_18_426&otracker=search&fm=organic&iid=80e8e5cd-1e53-4258-b366-22a36ae68f76.MOBHZAWYWRAW9YGT.SEARCH&ppt=None&ppn=None&ssid=s5q11shc680000001790935094037&qH=a5594894156db043&ov_redirect=true,2026-10-02
427,"BOLTT EVO (Sky Blue, 128 GB)",BOLTT,11499,18999,39% off,4,"1,804",873,6 GB RAM,128 GB ROM,6000 mAh Lithium ion Battery,T7250 Processor,6.79'' HD+ punch hole display,50MP + 2MP | 8MP Front Camera,,https://www.flipkart.com/boltt-evo-sky-blue-128-gb/p/itmf046d663a1fd7?pid=MOBHPP59ME6SPCZW&lid=LSTMOBHPP59ME6SPCZWUW9RP3&marketplace=FLIPKART&q=smart+phones&store=tyy%2F4io&srno=s_18_427&otracker=search&fm=organic&iid=en_lBC2IrHfAOjI2UHWEUD9dRwCKvdwIjRjFaZbtH5tOOxAeA98GEHtvlxzhpSb_Non3P0mWBjXnv8TRqM4RAxjiJZk_zxnXKMiUj2SaFo9m-NdDPE00V0E4toq1e_jiqiY&ppt=None&ppn=None&ssid=s5q11shc680000001790935094037&qH=a5594894156db043&ov_redirect=true,2026-10-02
428,"Nothing Phone (4b) (White, 256 GB)",Nothing,40999,59999,31% off,4.3,"1,841",179,8 GB RAM,256 GB ROM,6000 mAh Lithium ion Battery,6 Gen 4 Processor,17.2 cm (6.77 inch) Full HD+ AMOLED Display,50MP + 8MP | 16MP Front Camera,,https://www.flipkart.com/nothing-phone-4b-white-256-gb/p/itm939608b40adbb?pid=MOBHZMBD5MZZDUYA&lid=LSTMOBHZMBD5MZZDUYAIWDKYR&marketplace=FLIPKART&q=smart+phones&store=tyy%2F4io&srno=s_18_428&otracker=search&fm=organic&iid=en_lBC2IrHfAOjI2UHWEUD9dRwCKvdwIjRjFaZbtH5tOOwXrFzutY2aSdNjpfmtt3D57muq75qMORP5m1GATJhVOo4zosKAteXhOp7WzmYAPrf2c1PUAMhrMmXoUBM5ehh-&ppt=None&ppn=None&ssid=s5q11shc680000001790935094037&qH=a5594894156db043&ov_redirect=true,2026-10-02
429,"Ai+ Pulse 2 (Blue, 128 GB)",Ai+,11499,15499,25% off,4.1,"13,183",937,4 GB RAM,128 GB ROM,6000 mAh Battery,T7250 Processor,17.13 cm (6.745 inch) HD+ Display,50MP Rear Camera | 8MP Front Camera,,https://www.flipkart.com/ai-pulse-2-blue-128-gb/p/itm982c299d0417e?pid=MOBHZPMCBYNXVYDB&lid=LSTMOBHZPMCBYNXVYDBFJKORE&marketplace=FLIPKART&q=smart+phones&store=tyy%2F4io&srno=s_18_429&otracker=search&fm=organic&iid=80e8e5cd-1e53-4258-b366-22a36ae68f76.MOBHZPMCBYNXVYDB.SEARCH&ppt=None&ppn=None&ssid=s5q11shc680000001790935094037&qH=a5594894156db043&ov_redirect=true,2026-10-02
430,"MOTOROLA Signature (PANTONE Carbon, 256 GB)",MOTOROLA,59999,74999,20% off,4.4,933,173,12 GB RAM,256 GB ROM,5200 mAh Battery,Snapdragon 8 Gen 5 Processor,17.27 cm (6.8 inch) Super HD Display,50MP + 50MP + 50MP | 50MP Front Camera,,https://www.flipkart.com/motorola-signature-pantone-carbon-256-gb/p/itm773dcf1c9b5dc?pid=MOBHGVJY37KPCFHB&lid=LSTMOBHGVJY37KPCFHBXLORLG&marketplace=FLIPKART&q=smart+phones&store=tyy%2F4io&srno=s_18_430&otracker=search&fm=organic&iid=80e8e5cd-1e53-4258-b366-22a36ae68f76.MOBHGVJY37KPCFHB.SEARCH&ppt=None&ppn=None&ssid=s5q11shc680000001790935094037&qH=a5594894156db043&ov_redirect=true,2026-10-02
431,"BOLTT EVO (Sky Blue, 64 GB)",BOLTT,9999,17999,44% off,4.4,"1,327",695,4 GB RAM,64 GB ROM,6000 mAh Lithium ion Battery,T7250 Processor,6.79'' HD+ punch hole display,50MP + 2MP | 8MP Front Camera,,https://www.flipkart.com/boltt-evo-sky-blue-64-gb/p/itmf046d663a1fd7?pid=MOBHPP59WKSV4FYG&lid=LSTMOBHPP59WKSV4FYGYPMLV6&marketplace=FLIPKART&q=smart+phones&store=tyy%2F4io&srno=s_18_431&otracker=search&fm=organic&iid=en_lBC2IrHfAOjI2UHWEUD9dRwCKvdwIjRjFaZbtH5tOOwbzGSUU4Ts_cPBTXqvSm-WigicCniOwiXfyNr6i62vdZZk_zxnXKMiUj2SaFo9m-NdDPE00V0E4toq1e_jiqiY&ppt=None&ppn=None&ssid=s5q11shc680000001790935094037&qH=a5594894156db043&ov_redirect=true,2026-10-02
432,"Tecno Spark Go 3 (Ink Black, 64 GB)",Tecno,12499,15999,21% off,4.1,221,15,4 GB RAM,64 GB ROM,5000 mAh Lithium Polymer Battery,T7250 Processor,17.12 cm (6.74 inch) HD+ Display,13MP Rear Camera | 8MP Front Camera,,https://www.flipkart.com/tecno-spark-go-3-ink-black-64-gb/p/itma9c8f128a61c6?pid=MOBHP2QYCXZZE3CM&lid=LSTMOBHP2QYCXZZE3CMWW64IB&marketplace=FLIPKART&q=smart+phones&store=tyy%2F4io&srno=s_18_432&otracker=search&fm=organic&iid=en_lBC2IrHfAOjI2UHWEUD9dRwCKvdwIjRjFaZbtH5tOOyxXD1gHO1j_8pOfUrMf3xUobHia2qzOJRVmItQg11sFOigoP0JOmkRzy9ESpBEi3ccBV1_Cv5ZRQpr88X9U1xY&ppt=None&ppn=None&ssid=s5q11shc680000001790935094037&qH=a5594894156db043&ov_redirect=true,2026-10-02
433,"vivo T5x 5G (Flame Red, 128 GB)",vivo,30999,50999,39% off,4.4,"25,689","1,916",8 GB RAM,128 GB ROM,7200 mAh Li-ion Battery,Dimensity 7400-Turbo Processor,17.17 cm (6.76 inch) Display,50MP + 2MP | 32MP Front Camera,,https://www.flipkart.com/vivo-t5x-5g-flame-red-128-gb/p/itm7da8aa253e72b?pid=MOBHQC8ZUTJQHYZY&lid=LSTMOBHQC8ZUTJQHYZYFO0IO9&marketplace=FLIPKART&q=smart+phones&store=tyy%2F4io&srno=s_19_433&otracker=search&fm=organic&iid=e7331074-9f10-4649-b5d4-66ba2b8f56ca.MOBHQC8ZUTJQHYZY.SEARCH&ppt=None&ppn=None&ssid=el7pnxpf2o0000001790935096776&qH=a5594894156db043&ov_redirect=true,2026-10-02
434,"Samsung Galaxy F17 5G (Violet Pop, 128 GB)",Samsung,22914,30999,26% off,4.2,263,22,6 GB RAM,128 GB ROM,5000 mAh Battery,Exynos 1330 Processor,17.02 cm (6.7 inch) Full HD+ Display,50MP + 5MP | 13MP Front Camera,,https://www.flipkart.com/samsung-galaxy-f17-5g-violet-pop-128-gb/p/itmead495c48e859?pid=MOBHF6KMQQECNVHN&lid=LSTMOBHF6KMQQECNVHNDPDSFR&marketplace=FLIPKART&q=smart+phones&store=tyy%2F4io&srno=s_19_434&otracker=search&fm=organic&iid=e7331074-9f10-4649-b5d4-66ba2b8f56ca.MOBHF6KMQQECNVHN.SEARCH&ppt=None&ppn=None&ssid=el7pnxpf2o0000001790935096776&qH=a5594894156db043&ov_redirect=true,2026-10-02
435,"POCO M6 5G (Polaris Green, 64 GB)",POCO,11899,11999,,4.1,"1,40,115","7,196",4 GB RAM,64 GB ROM,5000 mAh Battery,Mediatek Dimensity 6100+ Processor,17.12 cm (6.74 inch) HD+ Display,50MP Rear Camera | 5MP Front Camera,,https://www.flipkart.com/poco-m6-5g-polaris-green-64-gb/p/itm59919781c6f8e?pid=MOBH92ADXHPMEMDK&lid=LSTMOBH92ADXHPMEMDKDA63SU&marketplace=FLIPKART&q=smart+phones&store=tyy%2F4io&srno=s_19_435&otracker=search&fm=organic&iid=e7331074-9f10-4649-b5d4-66ba2b8f56ca.MOBH92ADXHPMEMDK.SEARCH&ppt=None&ppn=None&ssid=el7pnxpf2o0000001790935096776&qH=a5594894156db043&ov_redirect=true,2026-10-02
436,"POCO M7 5G  - Locked with Airtel Prepaid (Mint Green, 128 GB)",POCO,12999,,,4.1,"77,562","4,383",6 GB RAM,128 GB ROM,5160 mAh Battery,4 Gen 2 5G Processor,17.48 cm (6.88 inch) HD+ Display,50MP Rear Camera | 8MP Front Camera,5G,https://www.flipkart.com/poco-m7-5g-locked-airtel-prepaid-mint-green-128-gb/p/itm50b89018505cc?pid=MOBH9HFJSWHHG6ZS&lid=LSTMOBH9HFJSWHHG6ZSHSSWAP&marketplace=FLIPKART&q=smart+phones&store=tyy%2F4io&srno=s_19_436&otracker=search&fm=organic&iid=e7331074-9f10-4649-b5d4-66ba2b8f56ca.MOBH9HFJSWHHG6ZS.SEARCH&ppt=None&ppn=None&ssid=el7pnxpf2o0000001790935096776&qH=a5594894156db043&ov_redirect=true,2026-10-02
437,"BOLTT EVO (Midnight Black, 64 GB)",BOLTT,9999,17999,44% off,4.4,"1,327",695,4 GB RAM,64 GB ROM,6000 mAh Lithium ion Battery,T7250 Processor,6.79'' HD+ punch hole display,50MP + 2MP | 8MP Front Camera,,https://www.flipkart.com/boltt-evo-midnight-black-64-gb/p/itmf046d663a1fd7?pid=MOBHPP597GB8ZHTY&lid=LSTMOBHPP597GB8ZHTYGYX70A&marketplace=FLIPKART&q=smart+phones&store=tyy%2F4io&srno=s_19_437&otracker=search&fm=organic&iid=en_uegnmu2mIYP9-oGN0wOdnl6KgQVMoMV-RXsWZhPKxTRgP38DylGX9-iHfs8928ITs7qCwkzzZfXNJUlojOr5SpZk_zxnXKMiUj2SaFo9m-M1ZOgp3ySrfxHF9BOhbJd0&ppt=None&ppn=None&ssid=el7pnxpf2o0000001790935096776&qH=a5594894156db043&ov_redirect=true,2026-10-02
438,"BOLTT EVO (Berry Red, 128 GB)",BOLTT,11499,18999,39% off,4,"1,804",873,6 GB RAM,128 GB ROM,6000 mAh Lithium ion Battery,T7250 Processor,6.79'' HD+ punch hole display,50MP + 2MP | 8MP Front Camera,,https://www.flipkart.com/boltt-evo-berry-red-128-gb/p/itmf046d663a1fd7?pid=MOBHPP59TUYYPWP5&lid=LSTMOBHPP59TUYYPWP5U7J1VB&marketplace=FLIPKART&q=smart+phones&store=tyy%2F4io&srno=s_19_438&otracker=search&fm=organic&iid=en_uegnmu2mIYP9-oGN0wOdnl6KgQVMoMV-RXsWZhPKxTRxdFiFtO9haw1d0znJpQak536Q4P5J64sMnJmf8X-4YpZk_zxnXKMiUj2SaFo9m-M1ZOgp3ySrfxHF9BOhbJd0&ppt=None&ppn=None&ssid=el7pnxpf2o0000001790935096776&qH=a5594894156db043&ov_redirect=true,2026-10-02
439,"MOTOROLA g37 power (PANTONE Impenetrable, 64 GB)",MOTOROLA,17999,26499,32% off,4.2,"9,510",856,4 GB RAM,64 GB ROM,7000 mAh Battery,Dimensity 6400 Processor,16.92 cm (6.66 inch) HD+ Display,50MP Rear Camera | 8MP Front Camera,,https://www.flipkart.com/motorola-g37-power-pantone-impenetrable-64-gb/p/itm81d7e4cd8df99?pid=MOBHMHG6CCNS5UWR&lid=LSTMOBHMHG6CCNS5UWRI3ZOW4&marketplace=FLIPKART&q=smart+phones&store=tyy%2F4io&srno=s_19_439&otracker=search&fm=organic&iid=e7331074-9f10-4649-b5d4-66ba2b8f56ca.MOBHMHG6CCNS5UWR.SEARCH&ppt=None&ppn=None&ssid=el7pnxpf2o0000001790935096776&qH=a5594894156db043&ov_redirect=true,2026-10-02
440,"Mivi One 5G (Pink, 128 GB)",Mivi,16499,25999,36% off,,,,8 GB RAM,128 GB ROM,6000 mAh Lithium Polymer Battery,Snapdragon 4 Gen 2 Processor,17.14 cm (6.75 inch) HD+ Display,50MP Rear Camera | 8MP Front Camera,,https://www.flipkart.com/mivi-one-5g-pink-128-gb/p/itm423c37f3b9dbc?pid=MOBHR3ZPV9NEHPY6&lid=LSTMOBHR3ZPV9NEHPY6KPF359&marketplace=FLIPKART&q=smart+phones&store=tyy%2F4io&srno=s_19_440&otracker=search&fm=organic&iid=e7331074-9f10-4649-b5d4-66ba2b8f56ca.MOBHR3ZPV9NEHPY6.SEARCH&ppt=None&ppn=None&ssid=el7pnxpf2o0000001790935096776&qH=a5594894156db043&ov_redirect=true,2026-10-02
441,"Nothing Phone (4b) (White, 256 GB)",Nothing,40999,59999,31% off,4.3,"1,841",179,8 GB RAM,256 GB ROM,6000 mAh Lithium ion Battery,6 Gen 4 Processor,17.2 cm (6.77 inch) Full HD+ AMOLED Display,50MP + 8MP | 16MP Front Camera,,https://www.flipkart.com/nothing-phone-4b-white-256-gb/p/itm939608b40adbb?pid=MOBHZMBD5MZZDUYA&lid=LSTMOBHZMBD5MZZDUYAIWDKYR&marketplace=FLIPKART&q=smart+phones&store=tyy%2F4io&srno=s_19_441&otracker=search&fm=organic&iid=en_uegnmu2mIYP9-oGN0wOdnl6KgQVMoMV-RXsWZhPKxTRqD491tG5BjfHFppU0aZYp7muq75qMORP5m1GATJhVOlQOgTQdsBk_Vf1d789BDshcU0Mu9JB0oL7XAaif02kI&ppt=None&ppn=None&ssid=el7pnxpf2o0000001790935096776&qH=a5594894156db043&ov_redirect=true,2026-10-02
442,"vivo T5x 5G (Flame Red, 128 GB)",vivo,27999,45999,39% off,4.4,"22,241","1,516",6 GB RAM,128 GB ROM,7200 mAh Li-ion Battery,Dimensity 7400-Turbo Processor,17.17 cm (6.76 inch) Display,50MP + 2MP | 32MP Front Camera,,https://www.flipkart.com/vivo-t5x-5g-flame-red-128-gb/p/itm7da8aa253e72b?pid=MOBHQC8ZE5PQMZPH&lid=LSTMOBHQC8ZE5PQMZPHIGGQB1&marketplace=FLIPKART&q=smart+phones&store=tyy%2F4io&srno=s_19_442&otracker=search&fm=organic&iid=e7331074-9f10-4649-b5d4-66ba2b8f56ca.MOBHQC8ZE5PQMZPH.SEARCH&ppt=None&ppn=None&ssid=el7pnxpf2o0000001790935096776&qH=a5594894156db043&ov_redirect=true,2026-10-02
443,"Nothing Phone (4a) Pro (Black, 128 GB)",Nothing,49999,,,4.5,"3,083",403,8 GB RAM,128 GB ROM,5400 mAh Lithium ion Battery,Snapdragon 7 Gen 4 Processor,17.35 cm (6.83 inch) Full HD+ AMOLED Display,50MP + 50MP + 8MP | 32MP Front Camera,,https://www.flipkart.com/nothing-phone-4a-pro-black-128-gb/p/itm4d004931f8d69?pid=MOBHM2ZUUYUNJD6M&lid=LSTMOBHM2ZUUYUNJD6M5AZDHB&marketplace=FLIPKART&q=smart+phones&store=tyy%2F4io&srno=s_19_443&otracker=search&fm=organic&iid=e7331074-9f10-4649-b5d4-66ba2b8f56ca.MOBHM2ZUUYUNJD6M.SEARCH&ppt=None&ppn=None&ssid=el7pnxpf2o0000001790935096776&qH=a5594894156db043&ov_redirect=true,2026-10-02
444,"Infinix Hot 60 5G+ (Caramel Glow, 128 GB)",Infinix,17999,,,4.2,"3,698",313,6 GB RAM,128 GB ROM,5200 mAh Battery,Dimensity 7020 Processor,17.02 cm (6.7 inch) HD+ Display,50MP Rear Camera | 8MP Front Camera,,https://www.flipkart.com/infinix-hot-60-5g-caramel-glow-128-gb/p/itm2154889174b3a?pid=MOBHDMJZ5ZHEGK9G&lid=LSTMOBHDMJZ5ZHEGK9GSQSKG0&marketplace=FLIPKART&q=smart+phones&store=tyy%2F4io&srno=s_19_444&otracker=search&fm=organic&iid=e7331074-9f10-4649-b5d4-66ba2b8f56ca.MOBHDMJZ5ZHEGK9G.SEARCH&ppt=None&ppn=None&ssid=el7pnxpf2o0000001790935096776&qH=a5594894156db043&ov_redirect=true,2026-10-02
445,"vivo T5 Pro 5G (Cosmic Black, 128 GB)",vivo,41999,55999,25% off,4.5,"9,980",967,8 GB RAM,128 GB ROM,9020 mAh Battery,Snapdragon 7s Gen 4 Processor,17.35 cm (6.83 inch) Full HD+ AMOLED Display,50MP + 2MP | 32MP Front Camera,,https://www.flipkart.com/vivo-t5-pro-5g-cosmic-black-128-gb/p/itma21e2e09d4493?pid=MOBHM4FZPA8A7KVS&lid=LSTMOBHM4FZPA8A7KVSB3VDWD&marketplace=FLIPKART&q=smart+phones&store=tyy%2F4io&srno=s_19_445&otracker=search&fm=organic&iid=e7331074-9f10-4649-b5d4-66ba2b8f56ca.MOBHM4FZPA8A7KVS.SEARCH&ppt=None&ppn=None&ssid=el7pnxpf2o0000001790935096776&qH=a5594894156db043&ov_redirect=true,2026-10-02
446,"realme C61 (Safari Green, 128 GB)",realme,8199,10999,25% off,4.3,"17,958",749,6 GB RAM,128 GB ROM,5000 mAh Battery,T612 Processor,17.13 cm (6.745 inch) HD+ Display,32MP Rear Camera | 5MP Front Camera,,https://www.flipkart.com/realme-c61-safari-green-128-gb/p/itmd6ddbcefce040?pid=MOBHFRKRAVXUKDGX&lid=LSTMOBHFRKRAVXUKDGX3LF6Z6&marketplace=FLIPKART&q=smart+phones&store=tyy%2F4io&srno=s_19_446&otracker=search&fm=organic&iid=e7331074-9f10-4649-b5d4-66ba2b8f56ca.MOBHFRKRAVXUKDGX.SEARCH&ppt=None&ppn=None&ssid=el7pnxpf2o0000001790935096776&qH=a5594894156db043&ov_redirect=true,2026-10-02
447,"POCO M7 5G  - Locked with Airtel Prepaid (Satin Black, 128 GB)",POCO,12999,,,4.1,"77,562","4,383",6 GB RAM,128 GB ROM,5160 mAh Battery,4 Gen 2 5G Processor,17.48 cm (6.88 inch) HD+ Display,50MP Rear Camera | 8MP Front Camera,5G,https://www.flipkart.com/poco-m7-5g-locked-airtel-prepaid-satin-black-128-gb/p/itma98bb9c85c53b?pid=MOBH9HFJQWGBTEY3&lid=LSTMOBH9HFJQWGBTEY3V7HLRS&marketplace=FLIPKART&q=smart+phones&store=tyy%2F4io&srno=s_19_447&otracker=search&fm=organic&iid=e7331074-9f10-4649-b5d4-66ba2b8f56ca.MOBH9HFJQWGBTEY3.SEARCH&ppt=None&ppn=None&ssid=el7pnxpf2o0000001790935096776&qH=a5594894156db043&ov_redirect=true,2026-10-02
448,"Mivi One 5G (ice blue, 128 GB)",Mivi,14999,23999,37% off,,,,6 GB RAM,128 GB ROM,6000 mAh Lithium Polymer Battery,Snapdragon 4 Gen 2 Processor,17.14 cm (6.75 inch) HD+ Display,50MP Rear Camera | 8MP Front Camera,,https://www.flipkart.com/mivi-one-5g-ice-blue-128-gb/p/itmf8ca925311b44?pid=MOBHR3ZPMHTUSWKH&lid=LSTMOBHR3ZPMHTUSWKHMITZP2&marketplace=FLIPKART&q=smart+phones&store=tyy%2F4io&srno=s_19_448&otracker=search&fm=organic&iid=e7331074-9f10-4649-b5d4-66ba2b8f56ca.MOBHR3ZPMHTUSWKH.SEARCH&ppt=None&ppn=None&ssid=el7pnxpf2o0000001790935096776&qH=a5594894156db043&ov_redirect=true,2026-10-02
449,"POCO X8 5G (Frost White, 256 GB)",POCO,35999,74999,52% off,4.2,49,12,8 GB RAM,256 GB ROM,9000 mAh Lithium-Ion Polymer Battery,6s Gen 4 Processor,17.35 cm (6.83 inch) Full HD+ AMOLED Display,50MP + 2MP | 16MP Front Camera,,https://www.flipkart.com/poco-x8-5g-frost-white-256-gb/p/itm0e8677ca357ef?pid=MOBHQ6XZHFHPPAJW&lid=LSTMOBHQ6XZHFHPPAJW6BRX1M&marketplace=FLIPKART&q=smart+phones&store=tyy%2F4io&srno=s_19_449&otracker=search&fm=organic&iid=e7331074-9f10-4649-b5d4-66ba2b8f56ca.MOBHQ6XZHFHPPAJW.SEARCH&ppt=None&ppn=None&ssid=el7pnxpf2o0000001790935096776&qH=a5594894156db043&ov_redirect=true,2026-10-02
450,"POCO C75 5G (Aqua Bliss, 64 GB)",POCO,10999,,,4.2,"1,49,586","7,645",4 GB RAM,64 GB ROM,5160 mAh Battery,4s Gen 2 5G Processor,17.48 cm (6.88 inch) HD+ Display,50MP Rear Camera | 5MP Front Camera,5G,https://www.flipkart.com/poco-c75-5g-aqua-bliss-64-gb/p/itm10b3f6f1bc616?pid=MOBH7443MMBCWPPG&lid=LSTMOBH7443MMBCWPPGVOR2LC&marketplace=FLIPKART&q=smart+phones&store=tyy%2F4io&srno=s_19_450&otracker=search&fm=organic&iid=e7331074-9f10-4649-b5d4-66ba2b8f56ca.MOBH7443MMBCWPPG.SEARCH&ppt=None&ppn=None&ssid=el7pnxpf2o0000001790935096776&qH=a5594894156db043&ov_redirect=true,2026-10-02
451,"Mivi One 5G (Blue, 128 GB)",Mivi,16499,25999,36% off,,,,8 GB RAM,128 GB ROM,6000 mAh Lithium Polymer Battery,Snapdragon 4 Gen 2 Processor,17.14 cm (6.75 inch) HD+ Display,50MP Rear Camera | 8MP Front Camera,,https://www.flipkart.com/mivi-one-5g-blue-128-gb/p/itm5404cb9543117?pid=MOBHR3ZP7MM9FWD3&lid=LSTMOBHR3ZP7MM9FWD3RFK15L&marketplace=FLIPKART&q=smart+phones&store=tyy%2F4io&srno=s_19_451&otracker=search&fm=organic&iid=e7331074-9f10-4649-b5d4-66ba2b8f56ca.MOBHR3ZP7MM9FWD3.SEARCH&ppt=None&ppn=None&ssid=el7pnxpf2o0000001790935096776&qH=a5594894156db043&ov_redirect=true,2026-10-02
452,"vivo T5x 5G (Fusion Red, 256 GB)",vivo,33999,,,4.4,"25,689","1,916",8 GB RAM,256 GB ROM,7200 mAh Li-ion Battery,Dimensity 7400-Turbo Processor,17.17 cm (6.76 inch) Display,50MP + 2MP | 32MP Front Camera,,https://www.flipkart.com/vivo-t5x-5g-fusion-red-256-gb/p/itm7da8aa253e72b?pid=MOBHPJHC9CYXWCGF&lid=LSTMOBHPJHC9CYXWCGFMYXJJA&marketplace=FLIPKART&q=smart+phones&store=tyy%2F4io&srno=s_19_452&otracker=search&fm=organic&iid=e7331074-9f10-4649-b5d4-66ba2b8f56ca.MOBHPJHC9CYXWCGF.SEARCH&ppt=None&ppn=None&ssid=el7pnxpf2o0000001790935096776&qH=a5594894156db043&ov_redirect=true,2026-10-02
453,"realme P4 5G (Steel Grey, 256 GB)",realme,32999,50999,35% off,4.4,"23,542","1,988",8 GB RAM,256 GB ROM,7000 mAh Battery,Mediatek Dimensity 7400 Processor,17.2 cm (6.77 inch) Display,50MP + 8MP | 16MP Front Camera,,https://www.flipkart.com/realme-p4-5g-steel-grey-256-gb/p/itmf836e6de035a5?pid=MOBHN7A8DRHCGTSU&lid=LSTMOBHN7A8DRHCGTSUBSMBDL&marketplace=FLIPKART&q=smart+phones&store=tyy%2F4io&srno=s_19_453&otracker=search&fm=organic&iid=e7331074-9f10-4649-b5d4-66ba2b8f56ca.MOBHN7A8DRHCGTSU.SEARCH&ppt=None&ppn=None&ssid=el7pnxpf2o0000001790935096776&qH=a5594894156db043&ov_redirect=true,2026-10-02
454,"Mivi One 5G (Pink, 128 GB)",Mivi,14999,23999,37% off,,,,6 GB RAM,128 GB ROM,6000 mAh Lithium Polymer Battery,Snapdragon 4 Gen 2 Processor,17.14 cm (6.75 inch) HD+ Display,50MP Rear Camera | 8MP Front Camera,,https://www.flipkart.com/mivi-one-5g-pink-128-gb/p/itme631c323a746b?pid=MOBHR3ZPQD4GVG8R&lid=LSTMOBHR3ZPQD4GVG8RDTGEPK&marketplace=FLIPKART&q=smart+phones&store=tyy%2F4io&srno=s_19_454&otracker=search&fm=organic&iid=e7331074-9f10-4649-b5d4-66ba2b8f56ca.MOBHR3ZPQD4GVG8R.SEARCH&ppt=None&ppn=None&ssid=el7pnxpf2o0000001790935096776&qH=a5594894156db043&ov_redirect=true,2026-10-02
455,"MOTOROLA g max (PANTONE Stargazer, 128 GB)",MOTOROLA,25999,42999,39% off,,,,4 GB RAM,128 GB ROM,7000 mAh Battery,Snapdragon 6s Gen 4 Processor,17.07 cm (6.72 inch) Full HD+ Display,50MP + 8MP | 32MP Front Camera,,https://www.flipkart.com/motorola-g-max-pantone-stargazer-128-gb/p/itm5158b790a1d87?pid=MOBHPR97ZZEGJFHD&lid=LSTMOBHPR97ZZEGJFHDSPBYWZ&marketplace=FLIPKART&q=smart+phones&store=tyy%2F4io&srno=s_19_455&otracker=search&fm=organic&iid=e7331074-9f10-4649-b5d4-66ba2b8f56ca.MOBHPR97ZZEGJFHD.SEARCH&ppt=None&ppn=None&ssid=el7pnxpf2o0000001790935096776&qH=a5594894156db043&ov_redirect=true,2026-10-02
456,"Infinix SMART 8 HD (Crystal Green, 64 GB)",Infinix,6999,8999,22% off,4.3,"1,624",64,4 GB RAM,64 GB ROM,5000 mAh Battery,T606 Processor,16.76 cm (6.6 inch) HD+ Display,13MP + AI Lens | 8MP Front Camera,,https://www.flipkart.com/infinix-smart-8-hd-crystal-green-64-gb/p/itm709d885ba6ac1?pid=MOBHY9R9QYTYJZ92&lid=LSTMOBHY9R9QYTYJZ92ZKPAKS&marketplace=FLIPKART&q=smart+phones&store=tyy%2F4io&srno=s_19_456&otracker=search&fm=organic&iid=e7331074-9f10-4649-b5d4-66ba2b8f56ca.MOBHY9R9QYTYJZ92.SEARCH&ppt=None&ppn=None&ssid=el7pnxpf2o0000001790935096776&qH=a5594894156db043&ov_redirect=true,2026-10-02
457,"BOLTT EVO (Arctic White, 128 GB)",BOLTT,11499,18999,39% off,4,"1,804",873,6 GB RAM,128 GB ROM,6000 mAh Lithium ion Battery,T7250 Processor,6.79'' HD+ punch hole display,50MP + 2MP | 8MP Front Camera,,https://www.flipkart.com/boltt-evo-arctic-white-128-gb/p/itmf046d663a1fd7?pid=MOBHPP59GKGTGZGA&lid=LSTMOBHPP59GKGTGZGAIEMNWG&marketplace=FLIPKART&q=smart+phones&store=tyy%2F4io&srno=s_20_457&otracker=search&fm=organic&iid=en_OolCsU9x_aj_3w7LqmxjJRgTHUwrA4gyYVs_fVRB4YwX6gfbqjwhWFBcn75-drhoApXdqJ8g9gjPKgZjVdc9bpZk_zxnXKMiUj2SaFo9m-PeqZ92l_tPTSlOOZa4rkee&ppt=None&ppn=None&ssid=325wiec2740000001790935099618&qH=a5594894156db043&ov_redirect=true,2026-10-02
458,"BOLTT EVO (Berry Red, 64 GB)",BOLTT,9999,17999,44% off,4.4,"1,327",695,4 GB RAM,64 GB ROM,6000 mAh Lithium ion Battery,T7250 Processor,6.79'' HD+ punch hole display,50MP + 2MP | 8MP Front Camera,,https://www.flipkart.com/boltt-evo-berry-red-64-gb/p/itmf046d663a1fd7?pid=MOBHPP598ENKRGBY&lid=LSTMOBHPP598ENKRGBYC3QECN&marketplace=FLIPKART&q=smart+phones&store=tyy%2F4io&srno=s_20_458&otracker=search&fm=organic&iid=en_OolCsU9x_aj_3w7LqmxjJRgTHUwrA4gyYVs_fVRB4YwhtVzEtCy2acQpiHAS2jeEmCxeu8uCGyw6NBIvVnameZZk_zxnXKMiUj2SaFo9m-PeqZ92l_tPTSlOOZa4rkee&ppt=None&ppn=None&ssid=325wiec2740000001790935099618&qH=a5594894156db043&ov_redirect=true,2026-10-02
459,"MOTOROLA G04 (Concord Black, 64 GB)",MOTOROLA,6999,9999,30% off,4.2,"16,143","1,019",4 GB RAM,64 GB ROM,5000 mAh Battery,Unisoc T606 Processor,16.76 cm (6.6 inch) HD+ Display,16MP Rear Camera | 5MP Front Camera,,https://www.flipkart.com/motorola-g04-concord-black-64-gb/p/itm1466484dd2cea?pid=MOBGUFK4HPBEUCFH&lid=LSTMOBGUFK4HPBEUCFHMZE4IT&marketplace=FLIPKART&q=smart+phones&store=tyy%2F4io&srno=s_20_459&otracker=search&fm=organic&iid=0cf2369a-fd5c-4f90-89c2-7860bcfc4e1e.MOBGUFK4HPBEUCFH.SEARCH&ppt=None&ppn=None&ssid=325wiec2740000001790935099618&qH=a5594894156db043&ov_redirect=true,2026-10-02
460,"POCO C61 (Mystical Green, 64 GB)",POCO,8998,8999,,4.1,"1,10,973","4,669",4 GB RAM,64 GB ROM,5000 mAh Battery,Helio G36 Processor,17.04 cm (6.71 inch) HD+ Display,8MP Rear Camera | 5MP Front Camera,,https://www.flipkart.com/poco-c61-mystical-green-64-gb/p/itmc0470aa0f752b?pid=MOBH92ADADBHWED4&lid=LSTMOBH92ADADBHWED4NYNBG2&marketplace=FLIPKART&q=smart+phones&store=tyy%2F4io&srno=s_20_460&otracker=search&fm=organic&iid=0cf2369a-fd5c-4f90-89c2-7860bcfc4e1e.MOBH92ADADBHWED4.SEARCH&ppt=None&ppn=None&ssid=325wiec2740000001790935099618&qH=a5594894156db043&ov_redirect=true,2026-10-02
461,"BOLTT EVO (Midnight Black, 64 GB)",BOLTT,9999,17999,44% off,4.4,"1,327",695,4 GB RAM,64 GB ROM,6000 mAh Lithium ion Battery,T7250 Processor,6.79'' HD+ punch hole display,50MP + 2MP | 8MP Front Camera,,https://www.flipkart.com/boltt-evo-midnight-black-64-gb/p/itmf046d663a1fd7?pid=MOBHPP597GB8ZHTY&lid=LSTMOBHPP597GB8ZHTYGYX70A&marketplace=FLIPKART&q=smart+phones&store=tyy%2F4io&srno=s_20_461&otracker=search&fm=organic&iid=en_OolCsU9x_aj_3w7LqmxjJRgTHUwrA4gyYVs_fVRB4YxeKbkPWyoz_yPWUX6LPn3KmFcmDxdFnAg2HDILUSFuRZZk_zxnXKMiUj2SaFo9m-PeqZ92l_tPTSlOOZa4rkee&ppt=None&ppn=None&ssid=325wiec2740000001790935099618&qH=a5594894156db043&ov_redirect=true,2026-10-02
462,"BOLTT EVO (Lavender Bloom, 64 GB)",BOLTT,9999,17999,44% off,4.4,"1,327",695,4 GB RAM,64 GB ROM,6000 mAh Lithium ion Battery,T7250 Processor,6.79'' HD+ punch hole display,50MP + 2MP | 8MP Front Camera,,https://www.flipkart.com/boltt-evo-lavender-bloom-64-gb/p/itmf046d663a1fd7?pid=MOBHPP59AEJZHCVZ&lid=LSTMOBHPP59AEJZHCVZQQSXMU&marketplace=FLIPKART&q=smart+phones&store=tyy%2F4io&srno=s_20_462&otracker=search&fm=organic&iid=en_OolCsU9x_aj_3w7LqmxjJRgTHUwrA4gyYVs_fVRB4YxmaeFqGAblwiHBgb_yg1PZ7xbDZ0DH1NrYuR9fFRym_pZk_zxnXKMiUj2SaFo9m-PeqZ92l_tPTSlOOZa4rkee&ppt=None&ppn=None&ssid=325wiec2740000001790935099618&qH=a5594894156db043&ov_redirect=true,2026-10-02
463,"Ai+ Nova 2 Power 5G (Golden Blue Fusion, 128 GB)",Ai+,16999,27999,39% off,,,,6 GB RAM,128 GB ROM,7000 mAh Li-polymer Battery,Dimensity 7100 Processor,17.14 cm (6.75 inch) HD+ Display,48MP + 8MP | 13MP Front Camera,,https://www.flipkart.com/ai-nova-2-power-5g-golden-blue-fusion-128-gb/p/itm7b8c83184267c?pid=MOBHQZVX5NEK5NEY&lid=LSTMOBHQZVX5NEK5NEY31WRWI&marketplace=FLIPKART&q=smart+phones&store=tyy%2F4io&srno=s_20_463&otracker=search&fm=organic&iid=0cf2369a-fd5c-4f90-89c2-7860bcfc4e1e.MOBHQZVX5NEK5NEY.SEARCH&ppt=None&ppn=None&ssid=325wiec2740000001790935099618&qH=a5594894156db043&ov_redirect=true,2026-10-02
464,"Motorola e13 (Aurora Green, 64 GB)",Motorola,10999,,,4.1,"1,05,726","7,722",4 GB RAM,64 GB ROM,5000 mAh Battery,Unisoc T606 Processor,16.51 cm (6.5 inch) HD+ Display,13MP Rear Camera | 5MP Front Camera,,https://www.flipkart.com/motorola-e13-aurora-green-64-gb/p/itmb52d8f826cd9a?pid=MOBGKHNBA55HDSZR&lid=LSTMOBGKHNBA55HDSZRHOAFME&marketplace=FLIPKART&q=smart+phones&store=tyy%2F4io&srno=s_20_464&otracker=search&fm=organic&iid=0cf2369a-fd5c-4f90-89c2-7860bcfc4e1e.MOBGKHNBA55HDSZR.SEARCH&ppt=None&ppn=None&ssid=325wiec2740000001790935099618&qH=a5594894156db043&ov_redirect=true,2026-10-02
465,"Samsung Galaxy A14 5G (Light Green, 64 GB)",Samsung,18499,,,4.2,"46,239","2,243",4 GB RAM,64 GB ROM,5000 mAh Lithium Ion Battery,Exynos 1330 Processor,16.76 cm (6.6 inch) Full HD+ Display,50MP + 2MP + 2MP | 13MP Front Camera,,https://www.flipkart.com/samsung-galaxy-a14-5g-light-green-64-gb/p/itm69060fa751c00?pid=MOBGHT8UMJBMCAWN&lid=LSTMOBGHT8UMJBMCAWN5MYSZV&marketplace=FLIPKART&q=smart+phones&store=tyy%2F4io&srno=s_20_465&otracker=search&fm=organic&iid=0cf2369a-fd5c-4f90-89c2-7860bcfc4e1e.MOBGHT8UMJBMCAWN.SEARCH&ppt=None&ppn=None&ssid=325wiec2740000001790935099618&qH=a5594894156db043&ov_redirect=true,2026-10-02
466,"Infinix Note 40 Pro 5G (Titan Gold, 256 GB)",Infinix,21999,27999,21% off,4.2,"37,516","2,618",8 GB RAM,256 GB ROM,5000 mAh Battery,Mediatek Dimensity 7020 Processor,17.22 cm (6.78 inch) Full HD+ Display,108MP (OIS) + 2MP + 2MP | 32MP Front Camera,,https://www.flipkart.com/infinix-note-40-pro-5g-titan-gold-256-gb/p/itmabf2f4763835d?pid=MOBGZCBWJ36YUPPF&lid=LSTMOBGZCBWJ36YUPPF06LOZW&marketplace=FLIPKART&q=smart+phones&store=tyy%2F4io&srno=s_20_466&otracker=search&fm=organic&iid=0cf2369a-fd5c-4f90-89c2-7860bcfc4e1e.MOBGZCBWJ36YUPPF.SEARCH&ppt=None&ppn=None&ssid=325wiec2740000001790935099618&qH=a5594894156db043&ov_redirect=true,2026-10-02
467,"BOLTT EVO (Midnight Black, 128 GB)",BOLTT,11499,18999,39% off,4,"1,804",873,6 GB RAM,128 GB ROM,6000 mAh Lithium ion Battery,T7250 Processor,6.79'' HD+ punch hole display,50MP + 2MP | 8MP Front Camera,,https://www.flipkart.com/boltt-evo-midnight-black-128-gb/p/itmf046d663a1fd7?pid=MOBHPP59RWHM2PJH&lid=LSTMOBHPP59RWHM2PJHUUF4AF&marketplace=FLIPKART&q=smart+phones&store=tyy%2F4io&srno=s_20_467&otracker=search&fm=organic&iid=en_OolCsU9x_aj_3w7LqmxjJRgTHUwrA4gyYVs_fVRB4YwZJZLAzBRYgG7c1QYQC7Kr-oHdKO3yYnYUN_r3HYwM1pZk_zxnXKMiUj2SaFo9m-PeqZ92l_tPTSlOOZa4rkee&ppt=None&ppn=None&ssid=325wiec2740000001790935099618&qH=a5594894156db043&ov_redirect=true,2026-10-02
468,"BOLTT EVO (Berry Red, 128 GB)",BOLTT,11499,18999,39% off,4,"1,804",873,6 GB RAM,128 GB ROM,6000 mAh Lithium ion Battery,T7250 Processor,6.79'' HD+ punch hole display,50MP + 2MP | 8MP Front Camera,,https://www.flipkart.com/boltt-evo-berry-red-128-gb/p/itmf046d663a1fd7?pid=MOBHPP59TUYYPWP5&lid=LSTMOBHPP59TUYYPWP5U7J1VB&marketplace=FLIPKART&q=smart+phones&store=tyy%2F4io&srno=s_20_468&otracker=search&fm=organic&iid=en_OolCsU9x_aj_3w7LqmxjJRgTHUwrA4gyYVs_fVRB4YxjUdy6X8smTh3iVkyExOHGvSppyrEH4LyH9lCiIfbYhZZk_zxnXKMiUj2SaFo9m-PeqZ92l_tPTSlOOZa4rkee&ppt=None&ppn=None&ssid=325wiec2740000001790935099618&qH=a5594894156db043&ov_redirect=true,2026-10-02
469,"vivo T5x 5G (Flame Red, 256 GB)",vivo,34999,56999,38% off,4.4,"25,689","1,916",8 GB RAM,256 GB ROM,7200 mAh Li-ion Battery,Dimensity 7400-Turbo Processor,17.17 cm (6.76 inch) Display,50MP + 2MP | 32MP Front Camera,,https://www.flipkart.com/vivo-t5x-5g-flame-red-256-gb/p/itm7da8aa253e72b?pid=MOBHQC8ZHQG8FZ3A&lid=LSTMOBHQC8ZHQG8FZ3AIBPD7I&marketplace=FLIPKART&q=smart+phones&store=tyy%2F4io&srno=s_20_469&otracker=search&fm=organic&iid=0cf2369a-fd5c-4f90-89c2-7860bcfc4e1e.MOBHQC8ZHQG8FZ3A.SEARCH&ppt=None&ppn=None&ssid=325wiec2740000001790935099618&qH=a5594894156db043&ov_redirect=true,2026-10-02
470,"vivo T4 5G (Emerald Blaze, 128 GB)",vivo,24999,25999,3% off,4.4,"81,953","5,318",8 GB RAM,128 GB ROM,7300 mAh Battery,Snapdragon 7s Gen 3 5G Processor,17.2 cm (6.77 inch) Display,50MP (OIS) + 2MP | 32MP Front Camera,5G,https://www.flipkart.com/vivo-t4-5g-emerald-blaze-128-gb/p/itmc2634fd4daeb9?pid=MOBHATXZYSHYH6ZP&lid=LSTMOBHATXZYSHYH6ZPWYFGOB&marketplace=FLIPKART&q=smart+phones&store=tyy%2F4io&srno=s_20_470&otracker=search&fm=organic&iid=0cf2369a-fd5c-4f90-89c2-7860bcfc4e1e.MOBHATXZYSHYH6ZP.SEARCH&ppt=None&ppn=None&ssid=325wiec2740000001790935099618&qH=a5594894156db043&ov_redirect=true,2026-10-02
471,"BOLTT EVO (Sky Blue, 128 GB)",BOLTT,11499,18999,39% off,4,"1,804",873,6 GB RAM,128 GB ROM,6000 mAh Lithium ion Battery,T7250 Processor,6.79'' HD+ punch hole display,50MP + 2MP | 8MP Front Camera,,https://www.flipkart.com/boltt-evo-sky-blue-128-gb/p/itmf046d663a1fd7?pid=MOBHPP59ME6SPCZW&lid=LSTMOBHPP59ME6SPCZWUW9RP3&marketplace=FLIPKART&q=smart+phones&store=tyy%2F4io&srno=s_20_471&otracker=search&fm=organic&iid=en_OolCsU9x_aj_3w7LqmxjJRgTHUwrA4gyYVs_fVRB4YyrqVr7veCJ0jFhWkyaU2w03P0mWBjXnv8TRqM4RAxjiJZk_zxnXKMiUj2SaFo9m-PeqZ92l_tPTSlOOZa4rkee&ppt=None&ppn=None&ssid=325wiec2740000001790935099618&qH=a5594894156db043&ov_redirect=true,2026-10-02
472,"Nothing Phone (4b) (White, 256 GB)",Nothing,40999,59999,31% off,4.3,"1,841",179,8 GB RAM,256 GB ROM,6000 mAh Lithium ion Battery,6 Gen 4 Processor,17.2 cm (6.77 inch) Full HD+ AMOLED Display,50MP + 8MP | 16MP Front Camera,,https://www.flipkart.com/nothing-phone-4b-white-256-gb/p/itm939608b40adbb?pid=MOBHZMBD5MZZDUYA&lid=LSTMOBHZMBD5MZZDUYAIWDKYR&marketplace=FLIPKART&q=smart+phones&store=tyy%2F4io&srno=s_20_472&otracker=search&fm=organic&iid=en_OolCsU9x_aj_3w7LqmxjJRgTHUwrA4gyYVs_fVRB4YzPuTz7IaAQ6wKbZm33c_dC7muq75qMORP5m1GATJhVOo4zosKAteXhOp7WzmYAPrd73w86ctFDpruYeLhJ4tZz&ppt=None&ppn=None&ssid=325wiec2740000001790935099618&qH=a5594894156db043&ov_redirect=true,2026-10-02
473,"POCO X8 Pro Max (White, 256 GB)",POCO,48999,57999,15% off,4.5,"2,063",419,12 GB RAM,256 GB ROM,9000 mAh Lithium-Ion Polymer With Silicon Carbon Technology Battery,Dimensity 9500s Processor,17.35 cm (6.83 inch) Full HD+ AMOLED Display,50MP + 8MP | 20MP Front Camera,,https://www.flipkart.com/poco-x8-pro-max-white-256-gb/p/itm38fa4fd504c3f?pid=MOBHMGG5YF569YNY&lid=LSTMOBHMGG5YF569YNYPQLFPD&marketplace=FLIPKART&q=smart+phones&store=tyy%2F4io&srno=s_20_473&otracker=search&fm=organic&iid=0cf2369a-fd5c-4f90-89c2-7860bcfc4e1e.MOBHMGG5YF569YNY.SEARCH&ppt=None&ppn=None&ssid=325wiec2740000001790935099618&qH=a5594894156db043&ov_redirect=true,2026-10-02
474,"POCO M7 5G (Ocean Blue, 128 GB)",POCO,12499,12999,3% off,4.1,"77,562","4,383",6 GB RAM,128 GB ROM,5160 mAh Battery,4 Gen 2 5G Processor,17.48 cm (6.88 inch) HD+ Display,50MP Rear Camera | 8MP Front Camera,5G,https://www.flipkart.com/poco-m7-5g-ocean-blue-128-gb/p/itm9a7884b76b50f?pid=MOBH9HFJPK4N84VF&lid=LSTMOBH9HFJPK4N84VFWI8TWT&marketplace=FLIPKART&q=smart+phones&store=tyy%2F4io&srno=s_20_474&otracker=search&fm=organic&iid=0cf2369a-fd5c-4f90-89c2-7860bcfc4e1e.MOBH9HFJPK4N84VF.SEARCH&ppt=None&ppn=None&ssid=325wiec2740000001790935099618&qH=a5594894156db043&ov_redirect=true,2026-10-02
475,"MOTOROLA G04 (Sunrise Orange, 128 GB)",MOTOROLA,10999,,,4.1,"7,168",519,8 GB RAM,128 GB ROM,5000 mAh Battery,Unisoc T606 Processor,16.76 cm (6.6 inch) HD+ Display,16MP Rear Camera | 5MP Front Camera,,https://www.flipkart.com/motorola-g04-sunrise-orange-128-gb/p/itm4ea5277f581ad?pid=MOBGUFK4HYNKBQWY&lid=LSTMOBGUFK4HYNKBQWYYD0CJZ&marketplace=FLIPKART&q=smart+phones&store=tyy%2F4io&srno=s_20_475&otracker=search&fm=organic&iid=0cf2369a-fd5c-4f90-89c2-7860bcfc4e1e.MOBGUFK4HYNKBQWY.SEARCH&ppt=None&ppn=None&ssid=325wiec2740000001790935099618&qH=a5594894156db043&ov_redirect=true,2026-10-02
476,"Samsung M05 (Mint Green, 64 GB)",Samsung,6748,9999,32% off,4.3,"4,198",192,4 GB RAM,64 GB ROM,5000 mAh Battery,,17.02 cm (6.7 inch) Display,50MP Rear Camera,,https://www.flipkart.com/samsung-m05-mint-green-64-gb/p/itm99fc37d43aff8?pid=MOBH4Z9VZNVRFV85&lid=LSTMOBH4Z9VZNVRFV85ETWHK7&marketplace=FLIPKART&q=smart+phones&store=tyy%2F4io&srno=s_20_476&otracker=search&fm=organic&iid=0cf2369a-fd5c-4f90-89c2-7860bcfc4e1e.MOBH4Z9VZNVRFV85.SEARCH&ppt=None&ppn=None&ssid=325wiec2740000001790935099618&qH=a5594894156db043&ov_redirect=true,2026-10-02
477,"BOLTT EVO (Sky Blue, 64 GB)",BOLTT,9999,17999,44% off,4.4,"1,327",695,4 GB RAM,64 GB ROM,6000 mAh Lithium ion Battery,T7250 Processor,6.79'' HD+ punch hole display,50MP + 2MP | 8MP Front Camera,,https://www.flipkart.com/boltt-evo-sky-blue-64-gb/p/itmf046d663a1fd7?pid=MOBHPP59WKSV4FYG&lid=LSTMOBHPP59WKSV4FYGYPMLV6&marketplace=FLIPKART&q=smart+phones&store=tyy%2F4io&srno=s_20_477&otracker=search&fm=organic&iid=en_OolCsU9x_aj_3w7LqmxjJRgTHUwrA4gyYVs_fVRB4YzD3WFDNPOjrkSLEd4H9T1gigicCniOwiXfyNr6i62vdZZk_zxnXKMiUj2SaFo9m-PeqZ92l_tPTSlOOZa4rkee&ppt=None&ppn=None&ssid=325wiec2740000001790935099618&qH=a5594894156db043&ov_redirect=true,2026-10-02
478,"Tecno Spark Go 3 (Ink Black, 64 GB)",Tecno,12499,15999,21% off,4.1,221,15,4 GB RAM,64 GB ROM,5000 mAh Lithium Polymer Battery,T7250 Processor,17.12 cm (6.74 inch) HD+ Display,13MP Rear Camera | 8MP Front Camera,,https://www.flipkart.com/tecno-spark-go-3-ink-black-64-gb/p/itma9c8f128a61c6?pid=MOBHP2QYCXZZE3CM&lid=LSTMOBHP2QYCXZZE3CMWW64IB&marketplace=FLIPKART&q=smart+phones&store=tyy%2F4io&srno=s_20_478&otracker=search&fm=organic&iid=en_OolCsU9x_aj_3w7LqmxjJRgTHUwrA4gyYVs_fVRB4YwzSMrE82NCqbO4TdlOoqAUobHia2qzOJRVmItQg11sFOigoP0JOmkRzy9ESpBEi3eajkQsXUyYy9szMRdkRVuV&ppt=None&ppn=None&ssid=325wiec2740000001790935099618&qH=a5594894156db043&ov_redirect=true,2026-10-02
479,"POCO M8 Power 5G (Blaze Orange, 128 GB)",POCO,27999,59999,53% off,4.6,378,272,8 GB RAM,128 GB ROM,8000 mAh Lithium-Ion Polymer Battery,Snapdragon Gen 4 Processor,17.75 cm (6.99 inch) Full HD+ AMOLED Display,50MP Rear Camera | 8MP Front Camera,,https://www.flipkart.com/poco-m8-power-5g-blaze-orange-128-gb/p/itme6ed250ab73df?pid=MOBHPCYNFWHRJD8C&lid=LSTMOBHPCYNFWHRJD8C5JT1AV&marketplace=FLIPKART&q=smart+phones&store=tyy%2F4io&srno=s_20_479&otracker=search&fm=organic&iid=0cf2369a-fd5c-4f90-89c2-7860bcfc4e1e.MOBHPCYNFWHRJD8C.SEARCH&ppt=None&ppn=None&ssid=325wiec2740000001790935099618&qH=a5594894156db043&ov_redirect=true,2026-10-02
480,"OnePlus Nord CE 3 Lite 5G (Chromatic Gray, 128 GB)",OnePlus,15699,19999,21% off,4.4,"1,66,945","8,608",8 GB RAM,128 GB ROM,5000 mAh Battery,,17.07 cm (6.72 inch) Display,108MP Rear Camera,,https://www.flipkart.com/oneplus-nord-ce-3-lite-5g-chromatic-gray-128-gb/p/itm2cd5a4e659035?pid=MOBGZJ42KHUZZKMN&lid=LSTMOBGZJ42KHUZZKMNKFGHDQ&marketplace=FLIPKART&q=smart+phones&store=tyy%2F4io&srno=s_20_480&otracker=search&fm=organic&iid=0cf2369a-fd5c-4f90-89c2-7860bcfc4e1e.MOBGZJ42KHUZZKMN.SEARCH&ppt=None&ppn=None&ssid=325wiec2740000001790935099618&qH=a5594894156db043&ov_redirect=true,2026-10-02
481,"BOLTT EVO (Arctic White, 128 GB)",BOLTT,11499,18999,39% off,4,"1,804",873,6 GB RAM,128 GB ROM,6000 mAh Lithium ion Battery,T7250 Processor,6.79'' HD+ punch hole display,50MP + 2MP | 8MP Front Camera,,https://www.flipkart.com/boltt-evo-arctic-white-128-gb/p/itmf046d663a1fd7?pid=MOBHPP59GKGTGZGA&lid=LSTMOBHPP59GKGTGZGAIEMNWG&marketplace=FLIPKART&q=smart+phones&store=tyy%2F4io&srno=s_21_481&otracker=search&fm=organic&iid=en_lA3vSBWVIzQsNHRq1VghyZOdLVNOxttn_U0RGb2Q_Jn6P6rFdgOPxMYjn3qVSwOMApXdqJ8g9gjPKgZjVdc9bpZk_zxnXKMiUj2SaFo9m-N7iDXv_9gOQ43x28E8PiEz&ppt=None&ppn=None&ssid=yjsklhgjy80000001790935102408&qH=a5594894156db043&ov_redirect=true,2026-10-02
482,"BOLTT EVO (Berry Red, 64 GB)",BOLTT,9999,17999,44% off,4.4,"1,327",695,4 GB RAM,64 GB ROM,6000 mAh Lithium ion Battery,T7250 Processor,6.79'' HD+ punch hole display,50MP + 2MP | 8MP Front Camera,,https://www.flipkart.com/boltt-evo-berry-red-64-gb/p/itmf046d663a1fd7?pid=MOBHPP598ENKRGBY&lid=LSTMOBHPP598ENKRGBYC3QECN&marketplace=FLIPKART&q=smart+phones&store=tyy%2F4io&srno=s_21_482&otracker=search&fm=organic&iid=en_lA3vSBWVIzQsNHRq1VghyZOdLVNOxttn_U0RGb2Q_JkTPL25hIVSnhARjY90dTJAmCxeu8uCGyw6NBIvVnameZZk_zxnXKMiUj2SaFo9m-N7iDXv_9gOQ43x28E8PiEz&ppt=None&ppn=None&ssid=yjsklhgjy80000001790935102408&qH=a5594894156db043&ov_redirect=true,2026-10-02
483,"MOTOROLA g37 power (PANTONE Nautical Blue, 128 GB)",MOTOROLA,19999,30499,34% off,4.2,"9,510",856,4 GB RAM,128 GB ROM,7000 mAh Battery,Dimensity 6400 Processor,16.92 cm (6.66 inch) HD+ Display,50MP Rear Camera | 8MP Front Camera,,https://www.flipkart.com/motorola-g37-power-pantone-nautical-blue-128-gb/p/itmf752f4981d932?pid=MOBHHVFYGN57RYAH&lid=LSTMOBHHVFYGN57RYAHB2DF12&marketplace=FLIPKART&q=smart+phones&store=tyy%2F4io&srno=s_21_483&otracker=search&fm=organic&iid=f3fcfe34-5004-4c27-a1a5-44cd3e4c4db9.MOBHHVFYGN57RYAH.SEARCH&ppt=None&ppn=None&ssid=yjsklhgjy80000001790935102408&qH=a5594894156db043&ov_redirect=true,2026-10-02
484,"Google Pixel 11 Pro (Obsidian, 512 GB)",Google,134999,,,4.6,30,4,16 GB RAM,512 GB ROM,4850 mAh Lithium Battery,Tensor G6 Processor,16.0 cm (6.3 inch) Super Actua Display,50MP + 48MP + 48MP | 42MP Front Camera,,https://www.flipkart.com/google-pixel-11-pro-obsidian-512-gb/p/itm4e716e6db8cd0?pid=MOBHPHNVMEETZZUC&lid=LSTMOBHPHNVMEETZZUCPCSBCD&marketplace=FLIPKART&q=smart+phones&store=tyy%2F4io&srno=s_21_484&otracker=search&fm=organic&iid=f3fcfe34-5004-4c27-a1a5-44cd3e4c4db9.MOBHPHNVMEETZZUC.SEARCH&ppt=None&ppn=None&ssid=yjsklhgjy80000001790935102408&qH=a5594894156db043&ov_redirect=true,2026-10-02
485,"Ai+ Pulse 1 (Sparkle Red, 64 GB)",Ai+,7999,,,4.2,"42,949","3,630",4 GB RAM,64 GB ROM,5000 mAh Battery,T615 Processor,17.13 cm (6.745 inch) HD+ Display,50MP Rear Camera | 5MP Front Camera,,https://www.flipkart.com/ai-pulse-1-sparkle-red-64-gb/p/itm475b5391ff251?pid=MOBHFG2DP4QYFDMP&lid=LSTMOBHFG2DP4QYFDMPEBEVVS&marketplace=FLIPKART&q=smart+phones&store=tyy%2F4io&srno=s_21_485&otracker=search&fm=organic&iid=f3fcfe34-5004-4c27-a1a5-44cd3e4c4db9.MOBHFG2DP4QYFDMP.SEARCH&ppt=None&ppn=None&ssid=yjsklhgjy80000001790935102408&qH=a5594894156db043&ov_redirect=true,2026-10-02
486,"OPPO K14x 5G 6500mAh and 45W SUPERVOOC Charger & AI (Icy Blue, 128 GB)",OPPO,24999,40999,39% off,4.4,"4,002",424,6 GB RAM,128 GB ROM,6500 mAh Battery,Dimensity 6300 Processor,17.14 cm (6.75 inch) HD+ Display,,,https://www.flipkart.com/oppo-k14x-5g-6500mah-45w-supervooc-charger-ai-icy-blue-128-gb/p/itmdcac5ae642971?pid=MOBHPHSH6U5TGZPY&lid=LSTMOBHPHSH6U5TGZPYP2HIS6&marketplace=FLIPKART&q=smart+phones&store=tyy%2F4io&srno=s_21_486&otracker=search&fm=organic&iid=f3fcfe34-5004-4c27-a1a5-44cd3e4c4db9.MOBHPHSH6U5TGZPY.SEARCH&ppt=None&ppn=None&ssid=yjsklhgjy80000001790935102408&qH=a5594894156db043&ov_redirect=true,2026-10-02
487,"BOLTT EVO (Midnight Black, 64 GB)",BOLTT,9999,17999,44% off,4.4,"1,327",695,4 GB RAM,64 GB ROM,6000 mAh Lithium ion Battery,T7250 Processor,6.79'' HD+ punch hole display,50MP + 2MP | 8MP Front Camera,,https://www.flipkart.com/boltt-evo-midnight-black-64-gb/p/itmf046d663a1fd7?pid=MOBHPP597GB8ZHTY&lid=LSTMOBHPP597GB8ZHTYGYX70A&marketplace=FLIPKART&q=smart+phones&store=tyy%2F4io&srno=s_21_487&otracker=search&fm=organic&iid=en_lA3vSBWVIzQsNHRq1VghyZOdLVNOxttn_U0RGb2Q_JnqcYuI3jjdZGGQ69QDrstYmFcmDxdFnAg2HDILUSFuRZZk_zxnXKMiUj2SaFo9m-N7iDXv_9gOQ43x28E8PiEz&ppt=None&ppn=None&ssid=yjsklhgjy80000001790935102408&qH=a5594894156db043&ov_redirect=true,2026-10-02
488,"BOLTT EVO (Lavender Bloom, 64 GB)",BOLTT,9999,17999,44% off,4.4,"1,327",695,4 GB RAM,64 GB ROM,6000 mAh Lithium ion Battery,T7250 Processor,6.79'' HD+ punch hole display,50MP + 2MP | 8MP Front Camera,,https://www.flipkart.com/boltt-evo-lavender-bloom-64-gb/p/itmf046d663a1fd7?pid=MOBHPP59AEJZHCVZ&lid=LSTMOBHPP59AEJZHCVZQQSXMU&marketplace=FLIPKART&q=smart+phones&store=tyy%2F4io&srno=s_21_488&otracker=search&fm=organic&iid=en_lA3vSBWVIzQsNHRq1VghyZOdLVNOxttn_U0RGb2Q_JlI8I-xM6BWJ0YUOZRAG-3r7xbDZ0DH1NrYuR9fFRym_pZk_zxnXKMiUj2SaFo9m-N7iDXv_9gOQ43x28E8PiEz&ppt=None&ppn=None&ssid=yjsklhgjy80000001790935102408&qH=a5594894156db043&ov_redirect=true,2026-10-02
489,"Samsung Galaxy F16 5G (Vibing Blue, 128 GB)",Samsung,13999,17499,20% off,4.2,"10,432",812,6 GB RAM,128 GB ROM,5000 mAh Battery,Dimensity 6300 Processor,16.91 cm (6.657 inch) Full HD+ Display,50MP + 5MP + 2MP | 13MP Front Camera,,https://www.flipkart.com/samsung-galaxy-f16-5g-vibing-blue-128-gb/p/itmc59882b14985a?pid=MOBH9ASG42S7QZ6P&lid=LSTMOBH9ASG42S7QZ6PM3IJJ8&marketplace=FLIPKART&q=smart+phones&store=tyy%2F4io&srno=s_21_489&otracker=search&fm=organic&iid=f3fcfe34-5004-4c27-a1a5-44cd3e4c4db9.MOBH9ASG42S7QZ6P.SEARCH&ppt=None&ppn=None&ssid=yjsklhgjy80000001790935102408&qH=a5594894156db043&ov_redirect=true,2026-10-02
490,"REDMI 13c 5G (Startrail Silver, 128 GB)",REDMI,16429,16999,3% off,4.2,"36,386","1,521",4 GB RAM,128 GB ROM,5000 mAh Battery,,17.12 cm (6.74 inch) Display,50MP Rear Camera,,https://www.flipkart.com/redmi-13c-5g-startrail-silver-128-gb/p/itm996fbc603ec3c?pid=MOBGW6S73JBHWZQS&lid=LSTMOBGW6S73JBHWZQS0IED11&marketplace=FLIPKART&q=smart+phones&store=tyy%2F4io&srno=s_21_490&otracker=search&fm=organic&iid=f3fcfe34-5004-4c27-a1a5-44cd3e4c4db9.MOBGW6S73JBHWZQS.SEARCH&ppt=None&ppn=None&ssid=yjsklhgjy80000001790935102408&qH=a5594894156db043&ov_redirect=true,2026-10-02
491,"BOLTT EVO (Midnight Black, 128 GB)",BOLTT,11499,18999,39% off,4,"1,804",873,6 GB RAM,128 GB ROM,6000 mAh Lithium ion Battery,T7250 Processor,6.79'' HD+ punch hole display,50MP + 2MP | 8MP Front Camera,,https://www.flipkart.com/boltt-evo-midnight-black-128-gb/p/itmf046d663a1fd7?pid=MOBHPP59RWHM2PJH&lid=LSTMOBHPP59RWHM2PJHUUF4AF&marketplace=FLIPKART&q=smart+phones&store=tyy%2F4io&srno=s_21_491&otracker=search&fm=organic&iid=en_lA3vSBWVIzQsNHRq1VghyZOdLVNOxttn_U0RGb2Q_Jka9ckDKy14u9FuYn2tNrOw-oHdKO3yYnYUN_r3HYwM1pZk_zxnXKMiUj2SaFo9m-N7iDXv_9gOQ43x28E8PiEz&ppt=None&ppn=None&ssid=yjsklhgjy80000001790935102408&qH=a5594894156db043&ov_redirect=true,2026-10-02
492,"BOLTT EVO (Berry Red, 128 GB)",BOLTT,11499,18999,39% off,4,"1,804",873,6 GB RAM,128 GB ROM,6000 mAh Lithium ion Battery,T7250 Processor,6.79'' HD+ punch hole display,50MP + 2MP | 8MP Front Camera,,https://www.flipkart.com/boltt-evo-berry-red-128-gb/p/itmf046d663a1fd7?pid=MOBHPP59TUYYPWP5&lid=LSTMOBHPP59TUYYPWP5U7J1VB&marketplace=FLIPKART&q=smart+phones&store=tyy%2F4io&srno=s_21_492&otracker=search&fm=organic&iid=en_lA3vSBWVIzQsNHRq1VghyZOdLVNOxttn_U0RGb2Q_Jkpka9XS906HTjICrNBtrtjvSppyrEH4LyH9lCiIfbYhZZk_zxnXKMiUj2SaFo9m-N7iDXv_9gOQ43x28E8PiEz&ppt=None&ppn=None&ssid=yjsklhgjy80000001790935102408&qH=a5594894156db043&ov_redirect=true,2026-10-02
493,"Tecno Spark Go 3 (Aurora Purple, 64 GB)",Tecno,12499,15999,21% off,4.1,221,15,4 GB RAM,64 GB ROM,5000 mAh Lithium Polymer Battery,T7250 Processor,17.12 cm (6.74 inch) HD+ Display,13MP Rear Camera | 8MP Front Camera,,https://www.flipkart.com/tecno-spark-go-3-aurora-purple-64-gb/p/itma9c8f128a61c6?pid=MOBHP2QYFPEEVX6J&lid=LSTMOBHP2QYFPEEVX6JWB3F23&marketplace=FLIPKART&q=smart+phones&store=tyy%2F4io&srno=s_21_493&otracker=search&fm=organic&iid=f3fcfe34-5004-4c27-a1a5-44cd3e4c4db9.MOBHP2QYFPEEVX6J.SEARCH&ppt=None&ppn=None&ssid=yjsklhgjy80000001790935102408&qH=a5594894156db043&ov_redirect=true,2026-10-02
494,"Nothing Phone (4a) (White, 256 GB)",Nothing,49999,62999,20% off,4.5,"6,726",728,8 GB RAM,256 GB ROM,5400 mAh Lithium ion Battery,Snapdragon 7s Gen 4 Processor,17.22 cm (6.78 inch) Full HD+ AMOLED Display,50MP + 50MP + 8MP | 32MP Front Camera,,https://www.flipkart.com/nothing-phone-4a-white-256-gb/p/itm4d8bff10483ce?pid=MOBHZAWYHRHFGS4X&lid=LSTMOBHZAWYHRHFGS4XV2LPUA&marketplace=FLIPKART&q=smart+phones&store=tyy%2F4io&srno=s_21_494&otracker=search&fm=organic&iid=f3fcfe34-5004-4c27-a1a5-44cd3e4c4db9.MOBHZAWYHRHFGS4X.SEARCH&ppt=None&ppn=None&ssid=yjsklhgjy80000001790935102408&qH=a5594894156db043&ov_redirect=true,2026-10-02
495,"realme C100x (Deepblue Tides, 64 GB)",realme,17999,29999,40% off,3.6,284,35,4 GB RAM,64 GB ROM,8000 mAh Battery,T7250 Processor,17.27 cm (6.8 inch) HD+ Display,50MP Rear Camera | 5MP Front Camera,,https://www.flipkart.com/realme-c100x-deepblue-tides-64-gb/p/itm488eb4026680c?pid=MOBHZMDT7BJCESTA&lid=LSTMOBHZMDT7BJCESTAV7AYK5&marketplace=FLIPKART&q=smart+phones&store=tyy%2F4io&srno=s_21_495&otracker=search&fm=organic&iid=f3fcfe34-5004-4c27-a1a5-44cd3e4c4db9.MOBHZMDT7BJCESTA.SEARCH&ppt=None&ppn=None&ssid=yjsklhgjy80000001790935102408&qH=a5594894156db043&ov_redirect=true,2026-10-02
496,"POCO X8 Pro Max (Blue, 256 GB)",POCO,48999,57999,15% off,4.5,"2,063",419,12 GB RAM,256 GB ROM,9000 mAh Lithium-Ion Polymer With Silicon Carbon Technology Battery,Dimensity 9500s Processor,17.35 cm (6.83 inch) Full HD+ AMOLED Display,50MP + 8MP | 20MP Front Camera,,https://www.flipkart.com/poco-x8-pro-max-blue-256-gb/p/itm510ae4b674bbc?pid=MOBHMGG5K67QQ2RY&lid=LSTMOBHMGG5K67QQ2RY5MKC3P&marketplace=FLIPKART&q=smart+phones&store=tyy%2F4io&srno=s_21_496&otracker=search&fm=organic&iid=f3fcfe34-5004-4c27-a1a5-44cd3e4c4db9.MOBHMGG5K67QQ2RY.SEARCH&ppt=None&ppn=None&ssid=yjsklhgjy80000001790935102408&qH=a5594894156db043&ov_redirect=true,2026-10-02
497,"BOLTT EVO (Sky Blue, 128 GB)",BOLTT,11499,18999,39% off,4,"1,804",873,6 GB RAM,128 GB ROM,6000 mAh Lithium ion Battery,T7250 Processor,6.79'' HD+ punch hole display,50MP + 2MP | 8MP Front Camera,,https://www.flipkart.com/boltt-evo-sky-blue-128-gb/p/itmf046d663a1fd7?pid=MOBHPP59ME6SPCZW&lid=LSTMOBHPP59ME6SPCZWUW9RP3&marketplace=FLIPKART&q=smart+phones&store=tyy%2F4io&srno=s_21_497&otracker=search&fm=organic&iid=en_lA3vSBWVIzQsNHRq1VghyZOdLVNOxttn_U0RGb2Q_Jl-_9PoBXazd-ipMqjJNQoj3P0mWBjXnv8TRqM4RAxjiJZk_zxnXKMiUj2SaFo9m-N7iDXv_9gOQ43x28E8PiEz&ppt=None&ppn=None&ssid=yjsklhgjy80000001790935102408&qH=a5594894156db043&ov_redirect=true,2026-10-02
498,"Nothing Phone (4b) (White, 256 GB)",Nothing,40999,59999,31% off,4.3,"1,841",179,8 GB RAM,256 GB ROM,6000 mAh Lithium ion Battery,6 Gen 4 Processor,17.2 cm (6.77 inch) Full HD+ AMOLED Display,50MP + 8MP | 16MP Front Camera,,https://www.flipkart.com/nothing-phone-4b-white-256-gb/p/itm939608b40adbb?pid=MOBHZMBD5MZZDUYA&lid=LSTMOBHZMBD5MZZDUYAIWDKYR&marketplace=FLIPKART&q=smart+phones&store=tyy%2F4io&srno=s_21_498&otracker=search&fm=organic&iid=en_lA3vSBWVIzQsNHRq1VghyZOdLVNOxttn_U0RGb2Q_JkJZz6SVsw8dO5v1qMr0Wdo7muq75qMORP5m1GATJhVOo4zosKAteXhOp7WzmYAPrdIDQCUkKZzeD7QHxkONr1K&ppt=None&ppn=None&ssid=yjsklhgjy80000001790935102408&qH=a5594894156db043&ov_redirect=true,2026-10-02
499,"Samsung Galaxy A14 5G (Light Green, 128 GB)",Samsung,15499,,,4.2,"46,239","2,243",4 GB RAM,128 GB ROM,5000 mAh Lithium Ion Battery,Exynos 1330 Processor,16.76 cm (6.6 inch) Full HD+ Display,50MP + 2MP + 2MP | 13MP Front Camera,,https://www.flipkart.com/samsung-galaxy-a14-5g-light-green-128-gb/p/itm2568e5ed2bbbb?pid=MOBGX2Q7GTRGSGU9&lid=LSTMOBGX2Q7GTRGSGU9PYQBS1&marketplace=FLIPKART&q=smart+phones&store=tyy%2F4io&srno=s_21_499&otracker=search&fm=organic&iid=f3fcfe34-5004-4c27-a1a5-44cd3e4c4db9.MOBGX2Q7GTRGSGU9.SEARCH&ppt=None&ppn=None&ssid=yjsklhgjy80000001790935102408&qH=a5594894156db043&ov_redirect=true,2026-10-02
500,"Motorola g54 5G (Pearl Blue, 128 GB)",Motorola,17999,,,4.2,"1,00,938","8,965",8 GB RAM,128 GB ROM,6000 mAh Battery,Dimensity 7020 Processor,16.51 cm (6.5 inch) Full HD+ Display,50MP (OIS) + 8MP | 16MP Front Camera,,https://www.flipkart.com/motorola-g54-5g-pearl-blue-128-gb/p/itm8d5c2baa065c6?pid=MOBGQFX8TMM555GW&lid=LSTMOBGQFX8TMM555GWMGXPWV&marketplace=FLIPKART&q=smart+phones&store=tyy%2F4io&srno=s_21_500&otracker=search&fm=organic&iid=f3fcfe34-5004-4c27-a1a5-44cd3e4c4db9.MOBGQFX8TMM555GW.SEARCH&ppt=None&ppn=None&ssid=yjsklhgjy80000001790935102408&qH=a5594894156db043&ov_redirect=true,2026-10-02
501,"BOLTT EVO (Sky Blue, 64 GB)",BOLTT,9999,17999,44% off,4.4,"1,327",695,4 GB RAM,64 GB ROM,6000 mAh Lithium ion Battery,T7250 Processor,6.79'' HD+ punch hole display,50MP + 2MP | 8MP Front Camera,,https://www.flipkart.com/boltt-evo-sky-blue-64-gb/p/itmf046d663a1fd7?pid=MOBHPP59WKSV4FYG&lid=LSTMOBHPP59WKSV4FYGYPMLV6&marketplace=FLIPKART&q=smart+phones&store=tyy%2F4io&srno=s_21_501&otracker=search&fm=organic&iid=en_lA3vSBWVIzQsNHRq1VghyZOdLVNOxttn_U0RGb2Q_Jk_2rfuDCe3Gf38q5OEPAv4igicCniOwiXfyNr6i62vdZZk_zxnXKMiUj2SaFo9m-N7iDXv_9gOQ43x28E8PiEz&ppt=None&ppn=None&ssid=yjsklhgjy80000001790935102408&qH=a5594894156db043&ov_redirect=true,2026-10-02
502,"Tecno Spark Go 3 (Ink Black, 64 GB)",Tecno,12499,15999,21% off,4.1,221,15,4 GB RAM,64 GB ROM,5000 mAh Lithium Polymer Battery,T7250 Processor,17.12 cm (6.74 inch) HD+ Display,13MP Rear Camera | 8MP Front Camera,,https://www.flipkart.com/tecno-spark-go-3-ink-black-64-gb/p/itma9c8f128a61c6?pid=MOBHP2QYCXZZE3CM&lid=LSTMOBHP2QYCXZZE3CMWW64IB&marketplace=FLIPKART&q=smart+phones&store=tyy%2F4io&srno=s_21_502&otracker=search&fm=organic&iid=en_lA3vSBWVIzQsNHRq1VghyZOdLVNOxttn_U0RGb2Q_JnyzwXRKI2Oew3mvOur1YDXobHia2qzOJRVmItQg11sFOigoP0JOmkRzy9ESpBEi3fU327oe_LaxG7mL9By2Yhb&ppt=None&ppn=None&ssid=yjsklhgjy80000001790935102408&qH=a5594894156db043&ov_redirect=true,2026-10-02
503,"realme 12x 5G (Twilight Purple, 128 GB)",realme,12499,17999,30% off,4.4,"93,624","4,665",6 GB RAM,128 GB ROM,5000 mAh Battery,Dimensity 6100+ Processor,17.07 cm (6.72 inch) Full HD+ Display,50MP + 2MP | 8MP Front Camera,,https://www.flipkart.com/realme-12x-5g-twilight-purple-128-gb/p/itmaa3401e5370b5?pid=MOBGYQ6BMYWCAZEC&lid=LSTMOBGYQ6BMYWCAZECB5I66N&marketplace=FLIPKART&q=smart+phones&store=tyy%2F4io&srno=s_21_503&otracker=search&fm=organic&iid=f3fcfe34-5004-4c27-a1a5-44cd3e4c4db9.MOBGYQ6BMYWCAZEC.SEARCH&ppt=None&ppn=None&ssid=yjsklhgjy80000001790935102408&qH=a5594894156db043&ov_redirect=true,2026-10-02
504,"Infinix HOT 40i (Gold, 256 GB)",Infinix,9999,10999,9% off,4.1,"21,748","1,332",8 GB RAM,256 GB ROM,5000 mAh Battery,Unisoc T606 Processor,16.76 cm (6.6 inch) HD+ Display,50MP + AI Lens | 32MP Front Camera,,https://www.flipkart.com/infinix-hot-40i-gold-256-gb/p/itma7412e2a212c6?pid=MOBGXZGHKMQ5TSBT&lid=LSTMOBGXZGHKMQ5TSBTCNZ27C&marketplace=FLIPKART&q=smart+phones&store=tyy%2F4io&srno=s_21_504&otracker=search&fm=organic&iid=f3fcfe34-5004-4c27-a1a5-44cd3e4c4db9.MOBGXZGHKMQ5TSBT.SEARCH&ppt=None&ppn=None&ssid=yjsklhgjy80000001790935102408&qH=a5594894156db043&ov_redirect=true,2026-10-02
505,"POCO X8 5G (Fiery Orange, 128 GB)",POCO,29999,64999,53% off,4.5,243,159,6 GB RAM,128 GB ROM,9000 mAh Lithium-Ion Polymer Battery,6s Gen 4 Processor,17.35 cm (6.83 inch) Full HD+ AMOLED Display,50MP + 2MP | 16MP Front Camera,,https://www.flipkart.com/poco-x8-5g-fiery-orange-128-gb/p/itm3c8ff16f2d0ba?pid=MOBHQ6XZZZAYHCZV&lid=LSTMOBHQ6XZZZAYHCZV4O3DHJ&marketplace=FLIPKART&q=smart+phones&store=tyy%2F4io&srno=s_22_505&otracker=search&fm=organic&iid=1c0ee2bd-f955-4e6b-be39-9b815edc0b96.MOBHQ6XZZZAYHCZV.SEARCH&ppt=None&ppn=None&ssid=wpvih8jw0w0000001790935105173&qH=a5594894156db043&ov_redirect=true,2026-10-02
506,"realme P4x 5G (Matte Silver, 128 GB)",realme,26999,38999,30% off,4.3,"15,865","1,362",6 GB RAM,128 GB ROM,7000 mAh Battery,Dimensity 7400 Ultra Processor,17.07 cm (6.72 inch) Full HD+ Display,50MP + 2MP | 8MP Front Camera,,https://www.flipkart.com/realme-p4x-5g-matte-silver-128-gb/p/itm575b1540859e4?pid=MOBHN7A8H9WAG4PD&lid=LSTMOBHN7A8H9WAG4PDDT5UHL&marketplace=FLIPKART&q=smart+phones&store=tyy%2F4io&srno=s_22_506&otracker=search&fm=organic&iid=1c0ee2bd-f955-4e6b-be39-9b815edc0b96.MOBHN7A8H9WAG4PD.SEARCH&ppt=None&ppn=None&ssid=wpvih8jw0w0000001790935105173&qH=a5594894156db043&ov_redirect=true,2026-10-02
507,"BOLTT EVO (Midnight Black, 64 GB)",BOLTT,9999,17999,44% off,4.4,"1,327",695,4 GB RAM,64 GB ROM,6000 mAh Lithium ion Battery,T7250 Processor,6.79'' HD+ punch hole display,50MP + 2MP | 8MP Front Camera,,https://www.flipkart.com/boltt-evo-midnight-black-64-gb/p/itmf046d663a1fd7?pid=MOBHPP597GB8ZHTY&lid=LSTMOBHPP597GB8ZHTYGYX70A&marketplace=FLIPKART&q=smart+phones&store=tyy%2F4io&srno=s_22_507&otracker=search&fm=organic&iid=en_iuomdb7_7Kl38tqOl2vQ-SiN5B4B0pfvkRYyONrqe9ZLhJdGD_zARzJ6It2I828xs7qCwkzzZfXNJUlojOr5SpZk_zxnXKMiUj2SaFo9m-MivDsyZAKns0bG2G5iixmL&ppt=None&ppn=None&ssid=wpvih8jw0w0000001790935105173&qH=a5594894156db043&ov_redirect=true,2026-10-02
508,"BOLTT EVO (Berry Red, 128 GB)",BOLTT,11499,18999,39% off,4,"1,804",873,6 GB RAM,128 GB ROM,6000 mAh Lithium ion Battery,T7250 Processor,6.79'' HD+ punch hole display,50MP + 2MP | 8MP Front Camera,,https://www.flipkart.com/boltt-evo-berry-red-128-gb/p/itmf046d663a1fd7?pid=MOBHPP59TUYYPWP5&lid=LSTMOBHPP59TUYYPWP5U7J1VB&marketplace=FLIPKART&q=smart+phones&store=tyy%2F4io&srno=s_22_508&otracker=search&fm=organic&iid=en_iuomdb7_7Kl38tqOl2vQ-SiN5B4B0pfvkRYyONrqe9YRyLDl5liVbvVaHw_2Z4JY536Q4P5J64sMnJmf8X-4YpZk_zxnXKMiUj2SaFo9m-MivDsyZAKns0bG2G5iixmL&ppt=None&ppn=None&ssid=wpvih8jw0w0000001790935105173&qH=a5594894156db043&ov_redirect=true,2026-10-02
509,"POCO C71 (Power Black, 128 GB)",POCO,9999,,,4.1,"36,671","2,057",6 GB RAM,128 GB ROM,5200 mAh Battery,Unisoc T7250,17.48 cm (6.88 inch) HD+ Display,32MP Rear Camera | 8MP Front Camera,,https://www.flipkart.com/poco-c71-power-black-128-gb/p/itm8096ee52d7013?pid=MOBHAFVJJM8BWNKC&lid=LSTMOBHAFVJJM8BWNKCJY0MRA&marketplace=FLIPKART&q=smart+phones&store=tyy%2F4io&srno=s_22_509&otracker=search&fm=organic&iid=1c0ee2bd-f955-4e6b-be39-9b815edc0b96.MOBHAFVJJM8BWNKC.SEARCH&ppt=None&ppn=None&ssid=wpvih8jw0w0000001790935105173&qH=a5594894156db043&ov_redirect=true,2026-10-02
510,"MOTOROLA G04 (Concord Black, 64 GB)",MOTOROLA,6999,9999,30% off,4.2,"16,143","1,019",4 GB RAM,64 GB ROM,5000 mAh Battery,Unisoc T606 Processor,16.76 cm (6.6 inch) HD+ Display,16MP Rear Camera | 5MP Front Camera,,https://www.flipkart.com/motorola-g04-concord-black-64-gb/p/itm1466484dd2cea?pid=MOBGUFK4HPBEUCFH&lid=LSTMOBGUFK4HPBEUCFHMZE4IT&marketplace=FLIPKART&q=smart+phones&store=tyy%2F4io&srno=s_22_510&otracker=search&fm=organic&iid=1c0ee2bd-f955-4e6b-be39-9b815edc0b96.MOBGUFK4HPBEUCFH.SEARCH&ppt=None&ppn=None&ssid=wpvih8jw0w0000001790935105173&qH=a5594894156db043&ov_redirect=true,2026-10-02
511,"Nothing Phone (4b) (White, 256 GB)",Nothing,40999,59999,31% off,4.3,"1,841",179,8 GB RAM,256 GB ROM,6000 mAh Lithium ion Battery,6 Gen 4 Processor,17.2 cm (6.77 inch) Full HD+ AMOLED Display,50MP + 8MP | 16MP Front Camera,,https://www.flipkart.com/nothing-phone-4b-white-256-gb/p/itm939608b40adbb?pid=MOBHZMBD5MZZDUYA&lid=LSTMOBHZMBD5MZZDUYAIWDKYR&marketplace=FLIPKART&q=smart+phones&store=tyy%2F4io&srno=s_22_511&otracker=search&fm=organic&iid=en_iuomdb7_7Kl38tqOl2vQ-SiN5B4B0pfvkRYyONrqe9YTM5TfySf5Ow2eejx8FVjB7muq75qMORP5m1GATJhVOlQOgTQdsBk_Vf1d789BDsiKSVogOjWFRJiZap6BWttV&ppt=None&ppn=None&ssid=wpvih8jw0w0000001790935105173&qH=a5594894156db043&ov_redirect=true,2026-10-02
512,"CMF by Nothing Phone 2 Pro (Black, 128 GB)",CMF,18999,22999,17% off,4.4,"76,240","6,758",8 GB RAM,128 GB ROM,5000 mAh Battery,Dimensity 7300 Pro 5G Processor,17.2 cm (6.77 inch) Full HD+ Display,50MP + 50MP + 8MP | 16MP Front Camera,5G,https://www.flipkart.com/cmf-nothing-phone-2-pro-black-128-gb/p/itm46a119f176627?pid=MOBHAUHA5GRW9FS2&lid=LSTMOBHAUHA5GRW9FS2061ZQX&marketplace=FLIPKART&q=smart+phones&store=tyy%2F4io&srno=s_22_512&otracker=search&fm=organic&iid=1c0ee2bd-f955-4e6b-be39-9b815edc0b96.MOBHAUHA5GRW9FS2.SEARCH&ppt=None&ppn=None&ssid=wpvih8jw0w0000001790935105173&qH=a5594894156db043&ov_redirect=true,2026-10-02
513,"POCO X7 5G (Cosmic Silver, 256 GB)",POCO,19999,27999,28% off,4.3,"29,050","2,686",8 GB RAM,256 GB ROM,5500 mAh Battery,Dimensity 7300 Ultra Processor,16.94 cm (6.67 inch) Full HD+ Display,50MP + 8MP + 2MP | 20MP Front Camera,,https://www.flipkart.com/poco-x7-5g-cosmic-silver-256-gb/p/itmdfee46549bede?pid=MOBH7YZ9DHHSMGHN&lid=LSTMOBH7YZ9DHHSMGHNLSVOU3&marketplace=FLIPKART&q=smart+phones&store=tyy%2F4io&srno=s_22_513&otracker=search&fm=organic&iid=1c0ee2bd-f955-4e6b-be39-9b815edc0b96.MOBH7YZ9DHHSMGHN.SEARCH&ppt=None&ppn=None&ssid=wpvih8jw0w0000001790935105173&qH=a5594894156db043&ov_redirect=true,2026-10-02
514,"realme C61 (Marble Black, 128 GB)",realme,8199,10999,25% off,4.3,"17,958",749,6 GB RAM,128 GB ROM,5000 mAh Battery,T612 Processor,17.13 cm (6.745 inch) HD+ Display,32MP Rear Camera | 5MP Front Camera,,https://www.flipkart.com/realme-c61-marble-black-128-gb/p/itmd6ddbcefce040?pid=MOBHFRKRQMD36FZ5&lid=LSTMOBHFRKRQMD36FZ5ZLCIIC&marketplace=FLIPKART&q=smart+phones&store=tyy%2F4io&srno=s_22_514&otracker=search&fm=organic&iid=1c0ee2bd-f955-4e6b-be39-9b815edc0b96.MOBHFRKRQMD36FZ5.SEARCH&ppt=None&ppn=None&ssid=wpvih8jw0w0000001790935105173&qH=a5594894156db043&ov_redirect=true,2026-10-02
515,"POCO C61 (Mystical Green, 64 GB)",POCO,8998,8999,,4.1,"1,10,973","4,669",4 GB RAM,64 GB ROM,5000 mAh Battery,Helio G36 Processor,17.04 cm (6.71 inch) HD+ Display,8MP Rear Camera | 5MP Front Camera,,https://www.flipkart.com/poco-c61-mystical-green-64-gb/p/itmc0470aa0f752b?pid=MOBH92ADADBHWED4&lid=LSTMOBH92ADADBHWED4NYNBG2&marketplace=FLIPKART&q=smart+phones&store=tyy%2F4io&srno=s_22_515&otracker=search&fm=organic&iid=1c0ee2bd-f955-4e6b-be39-9b815edc0b96.MOBH92ADADBHWED4.SEARCH&ppt=None&ppn=None&ssid=wpvih8jw0w0000001790935105173&qH=a5594894156db043&ov_redirect=true,2026-10-02
516,"Samsung Galaxy F17 5G (Violet Pop, 128 GB)",Samsung,18777,19499,3% off,3.7,9,2,8 GB RAM,128 GB ROM,5000 mAh Battery,Exynos 1330 Processor,17.02 cm (6.7 inch) Full HD+ Display,50MP + 5MP | 13MP Front Camera,,https://www.flipkart.com/samsung-galaxy-f17-5g-violet-pop-128-gb/p/itmead495c48e859?pid=MOBHKFZRYF4JXXM4&lid=LSTMOBHKFZRYF4JXXM4WUVJPO&marketplace=FLIPKART&q=smart+phones&store=tyy%2F4io&srno=s_22_516&otracker=search&fm=organic&iid=1c0ee2bd-f955-4e6b-be39-9b815edc0b96.MOBHKFZRYF4JXXM4.SEARCH&ppt=None&ppn=None&ssid=wpvih8jw0w0000001790935105173&qH=a5594894156db043&ov_redirect=true,2026-10-02
517,"Motorola e13 (Aurora Green, 64 GB)",Motorola,10999,,,4.1,"1,05,726","7,722",4 GB RAM,64 GB ROM,5000 mAh Battery,Unisoc T606 Processor,16.51 cm (6.5 inch) HD+ Display,13MP Rear Camera | 5MP Front Camera,,https://www.flipkart.com/motorola-e13-aurora-green-64-gb/p/itmb52d8f826cd9a?pid=MOBGKHNBA55HDSZR&lid=LSTMOBGKHNBA55HDSZRHOAFME&marketplace=FLIPKART&q=smart+phones&store=tyy%2F4io&srno=s_22_517&otracker=search&fm=organic&iid=1c0ee2bd-f955-4e6b-be39-9b815edc0b96.MOBGKHNBA55HDSZR.SEARCH&ppt=None&ppn=None&ssid=wpvih8jw0w0000001790935105173&qH=a5594894156db043&ov_redirect=true,2026-10-02
518,"Google Pixel 11 Pro (Fog, 512 GB)",Google,134999,,,4.6,30,4,16 GB RAM,512 GB ROM,4850 mAh Lithium Battery,Tensor G6 Processor,16.0 cm (6.3 inch) Super Actua Display,50MP + 48MP + 48MP | 42MP Front Camera,,https://www.flipkart.com/google-pixel-11-pro-fog-512-gb/p/itm00e0bf8e72ae4?pid=MOBHPHNVCUDN2HVK&lid=LSTMOBHPHNVCUDN2HVKYU3NPH&marketplace=FLIPKART&q=smart+phones&store=tyy%2F4io&srno=s_22_518&otracker=search&fm=organic&iid=1c0ee2bd-f955-4e6b-be39-9b815edc0b96.MOBHPHNVCUDN2HVK.SEARCH&ppt=None&ppn=None&ssid=wpvih8jw0w0000001790935105173&qH=a5594894156db043&ov_redirect=true,2026-10-02
519,"CMF by Nothing Phone 2 Pro (Light Green, 128 GB)",CMF,18999,22999,17% off,4.4,"76,240","6,758",8 GB RAM,128 GB ROM,5000 mAh Battery,Dimensity 7300 Pro 5G Processor,17.2 cm (6.77 inch) Display,50MP + 50MP + 8MP | 16MP Front Camera,5G,https://www.flipkart.com/cmf-nothing-phone-2-pro-light-green-128-gb/p/itm46a119f176627?pid=MOBHAUHADASAEX2G&lid=LSTMOBHAUHADASAEX2GBJ8ZQD&marketplace=FLIPKART&q=smart+phones&store=tyy%2F4io&srno=s_22_519&otracker=search&fm=organic&iid=1c0ee2bd-f955-4e6b-be39-9b815edc0b96.MOBHAUHADASAEX2G.SEARCH&ppt=None&ppn=None&ssid=wpvih8jw0w0000001790935105173&qH=a5594894156db043&ov_redirect=true,2026-10-02
520,"POCO M7 5G (Mint Green, 128 GB)",POCO,12499,12999,3% off,4.1,"77,562","4,383",6 GB RAM,128 GB ROM,5160 mAh Battery,4 Gen 2 5G Processor,17.48 cm (6.88 inch) HD+ Display,50MP Rear Camera | 8MP Front Camera,5G,https://www.flipkart.com/poco-m7-5g-mint-green-128-gb/p/itm55887907a1c02?pid=MOBH9HFJFR4FYHNJ&lid=LSTMOBH9HFJFR4FYHNJVOMMEX&marketplace=FLIPKART&q=smart+phones&store=tyy%2F4io&srno=s_22_520&otracker=search&fm=organic&iid=1c0ee2bd-f955-4e6b-be39-9b815edc0b96.MOBH9HFJFR4FYHNJ.SEARCH&ppt=None&ppn=None&ssid=wpvih8jw0w0000001790935105173&qH=a5594894156db043&ov_redirect=true,2026-10-02
521,"Samsung Galaxy A14 5G (Light Green, 64 GB)",Samsung,18499,,,4.2,"46,239","2,243",4 GB RAM,64 GB ROM,5000 mAh Lithium Ion Battery,Exynos 1330 Processor,16.76 cm (6.6 inch) Full HD+ Display,50MP + 2MP + 2MP | 13MP Front Camera,,https://www.flipkart.com/samsung-galaxy-a14-5g-light-green-64-gb/p/itm69060fa751c00?pid=MOBGHT8UMJBMCAWN&lid=LSTMOBGHT8UMJBMCAWN5MYSZV&marketplace=FLIPKART&q=smart+phones&store=tyy%2F4io&srno=s_22_521&otracker=search&fm=organic&iid=1c0ee2bd-f955-4e6b-be39-9b815edc0b96.MOBGHT8UMJBMCAWN.SEARCH&ppt=None&ppn=None&ssid=wpvih8jw0w0000001790935105173&qH=a5594894156db043&ov_redirect=true,2026-10-02
522,"Infinix SMART 8 HD (Galaxy White, 64 GB)",Infinix,6699,7999,16% off,4.3,"41,508","2,729",3 GB RAM,64 GB ROM,5000 mAh Battery,T606 Processor,16.76 cm (6.6 inch) HD+ Display,13MP + AI Lens | 8MP Front Camera,,https://www.flipkart.com/infinix-smart-8-hd-galaxy-white-64-gb/p/itm709d885ba6ac1?pid=MOBGVAPX2VJGYWZP&lid=LSTMOBGVAPX2VJGYWZP0HJ6TW&marketplace=FLIPKART&q=smart+phones&store=tyy%2F4io&srno=s_22_522&otracker=search&fm=organic&iid=1c0ee2bd-f955-4e6b-be39-9b815edc0b96.MOBGVAPX2VJGYWZP.SEARCH&ppt=None&ppn=None&ssid=wpvih8jw0w0000001790935105173&qH=a5594894156db043&ov_redirect=true,2026-10-02
523,"realme C100i (Midnight Black, 64 GB)",realme,16499,25999,36% off,4.1,47,7,4 GB RAM,64 GB ROM,6500 mAh lithium-ion polymer Battery,T7250 Processor,17.14 cm (6.75 inch) HD+ Display,8MP Rear Camera | 5MP Front Camera,,https://www.flipkart.com/realme-c100i-midnight-black-64-gb/p/itm906b09160c2d6?pid=MOBHQFDAEZCFZUB8&lid=LSTMOBHQFDAEZCFZUB8TTHRO7&marketplace=FLIPKART&q=smart+phones&store=tyy%2F4io&srno=s_22_523&otracker=search&fm=organic&iid=1c0ee2bd-f955-4e6b-be39-9b815edc0b96.MOBHQFDAEZCFZUB8.SEARCH&ppt=None&ppn=None&ssid=wpvih8jw0w0000001790935105173&qH=a5594894156db043&ov_redirect=true,2026-10-02
524,"OnePlus Nord CE 3 Lite 5G (Chromatic Gray, 128 GB)",OnePlus,15699,19999,21% off,4.4,"1,66,945","8,608",8 GB RAM,128 GB ROM,5000 mAh Battery,,17.07 cm (6.72 inch) Display,108MP Rear Camera,,https://www.flipkart.com/oneplus-nord-ce-3-lite-5g-chromatic-gray-128-gb/p/itm2cd5a4e659035?pid=MOBGZJ42KHUZZKMN&lid=LSTMOBGZJ42KHUZZKMNKFGHDQ&marketplace=FLIPKART&q=smart+phones&store=tyy%2F4io&srno=s_22_524&otracker=search&fm=organic&iid=1c0ee2bd-f955-4e6b-be39-9b815edc0b96.MOBGZJ42KHUZZKMN.SEARCH&ppt=None&ppn=None&ssid=wpvih8jw0w0000001790935105173&qH=a5594894156db043&ov_redirect=true,2026-10-02
525,"Infinix Note 40 Pro 5G (Titan Gold, 256 GB)",Infinix,21999,27999,21% off,4.2,"37,516","2,618",8 GB RAM,256 GB ROM,5000 mAh Battery,Mediatek Dimensity 7020 Processor,17.22 cm (6.78 inch) Full HD+ Display,108MP (OIS) + 2MP + 2MP | 32MP Front Camera,,https://www.flipkart.com/infinix-note-40-pro-5g-titan-gold-256-gb/p/itmabf2f4763835d?pid=MOBGZCBWJ36YUPPF&lid=LSTMOBGZCBWJ36YUPPF06LOZW&marketplace=FLIPKART&q=smart+phones&store=tyy%2F4io&srno=s_22_525&otracker=search&fm=organic&iid=1c0ee2bd-f955-4e6b-be39-9b815edc0b96.MOBGZCBWJ36YUPPF.SEARCH&ppt=None&ppn=None&ssid=wpvih8jw0w0000001790935105173&qH=a5594894156db043&ov_redirect=true,2026-10-02
526,"realme P4 5G (Forge Red, 128 GB)",realme,25999,40999,36% off,4.4,"23,491","1,974",6 GB RAM,128 GB ROM,7000 mAh Battery,Mediatek Dimensity 7400 Processor,17.2 cm (6.77 inch) Display,50MP + 8MP | 16MP Front Camera,,https://www.flipkart.com/realme-p4-5g-forge-red-128-gb/p/itmf836e6de035a5?pid=MOBHN7A8JHSUZSGH&lid=LSTMOBHN7A8JHSUZSGH23UICQ&marketplace=FLIPKART&q=smart+phones&store=tyy%2F4io&srno=s_22_526&otracker=search&fm=organic&iid=1c0ee2bd-f955-4e6b-be39-9b815edc0b96.MOBHN7A8JHSUZSGH.SEARCH&ppt=None&ppn=None&ssid=wpvih8jw0w0000001790935105173&qH=a5594894156db043&ov_redirect=true,2026-10-02
527,"Infinix SMART 20 (Sunlike Orange, 64 GB)",Infinix,13499,19999,32% off,3.9,299,34,4 GB RAM,64 GB ROM,5200 mAh Battery,Helio G81 Ultimate Processor,17.22 cm (6.78 inch) HD+ Display,8MP Rear Camera | 8MP Front Camera,,https://www.flipkart.com/infinix-smart-20-sunlike-orange-64-gb/p/itmf761cd49f9162?pid=MOBHNMEEHHA6JFGF&lid=LSTMOBHNMEEHHA6JFGFOAPBH0&marketplace=FLIPKART&q=smart+phones&store=tyy%2F4io&srno=s_22_527&otracker=search&fm=organic&iid=1c0ee2bd-f955-4e6b-be39-9b815edc0b96.MOBHNMEEHHA6JFGF.SEARCH&ppt=None&ppn=None&ssid=wpvih8jw0w0000001790935105173&qH=a5594894156db043&ov_redirect=true,2026-10-02
528,"realme P4 5G (Engine Blue, 128 GB)",realme,25999,,,4.4,"23,491","1,974",6 GB RAM,128 GB ROM,7000 mAh Battery,Mediatek Dimensity 7400 Processor,17.2 cm (6.77 inch) Display,50MP + 8MP | 16MP Front Camera,,https://www.flipkart.com/realme-p4-5g-engine-blue-128-gb/p/itmf836e6de035a5?pid=MOBHHWGMQQDHGHHB&lid=LSTMOBHHWGMQQDHGHHBVATZXL&marketplace=FLIPKART&q=smart+phones&store=tyy%2F4io&srno=s_22_528&otracker=search&fm=organic&iid=1c0ee2bd-f955-4e6b-be39-9b815edc0b96.MOBHHWGMQQDHGHHB.SEARCH&ppt=None&ppn=None&ssid=wpvih8jw0w0000001790935105173&qH=a5594894156db043&ov_redirect=true,2026-10-02
529,"Samsung M05 (Mint Green, 64 GB)",Samsung,6748,9999,32% off,4.3,"4,198",192,4 GB RAM,64 GB ROM,5000 mAh Battery,,17.02 cm (6.7 inch) Display,50MP Rear Camera,,https://www.flipkart.com/samsung-m05-mint-green-64-gb/p/itm99fc37d43aff8?pid=MOBH4Z9VZNVRFV85&lid=LSTMOBH4Z9VZNVRFV85ETWHK7&marketplace=FLIPKART&q=smart+phones&store=tyy%2F4io&srno=s_23_529&otracker=search&fm=organic&iid=14da5e3b-93ac-4695-a00c-436c97367b30.MOBH4Z9VZNVRFV85.SEARCH&ppt=None&ppn=None&ssid=ex5obkjgzk0000001790935107888&qH=a5594894156db043&ov_redirect=true,2026-10-02
530,"realme GT 8 Pro (Aston Martin Racing Green, 512 GB)",realme,79999,89999,11% off,4.6,116,24,16 GB RAM,512 GB ROM,7000 mAh Battery,8 Elite Gen 5 Processor,17.25 cm (6.79 inch) Quad HD+ Display,50MP + 50MP + 200MP | 32MP Front Camera,,https://www.flipkart.com/realme-gt-8-pro-aston-martin-racing-green-512-gb/p/itm78c31e0a1941f?pid=MOBHHEYXYCACJZPX&lid=LSTMOBHHEYXYCACJZPXHDYAML&marketplace=FLIPKART&q=smart+phones&store=tyy%2F4io&srno=s_23_530&otracker=search&fm=organic&iid=14da5e3b-93ac-4695-a00c-436c97367b30.MOBHHEYXYCACJZPX.SEARCH&ppt=None&ppn=None&ssid=ex5obkjgzk0000001790935107888&qH=a5594894156db043&ov_redirect=true,2026-10-02
531,"BOLTT EVO (Midnight Black, 64 GB)",BOLTT,9999,17999,44% off,4.4,"1,327",695,4 GB RAM,64 GB ROM,6000 mAh Lithium ion Battery,T7250 Processor,6.79'' HD+ punch hole display,50MP + 2MP | 8MP Front Camera,,https://www.flipkart.com/boltt-evo-midnight-black-64-gb/p/itmf046d663a1fd7?pid=MOBHPP597GB8ZHTY&lid=LSTMOBHPP597GB8ZHTYGYX70A&marketplace=FLIPKART&q=smart+phones&store=tyy%2F4io&srno=s_23_531&otracker=search&fm=organic&iid=en_mXGRD-R4XKSIlW0Pr2e-yGp8aF_mnQ7Qa8yx3uf9_yCMq9UdIvT7tFsjpRVFa1M1s7qCwkzzZfXNJUlojOr5SpZk_zxnXKMiUj2SaFo9m-PLMeGuMoJSkDF9SP7vFy71&ppt=None&ppn=None&ssid=ex5obkjgzk0000001790935107888&qH=a5594894156db043&ov_redirect=true,2026-10-02
532,"BOLTT EVO (Berry Red, 128 GB)",BOLTT,11499,18999,39% off,4,"1,804",873,6 GB RAM,128 GB ROM,6000 mAh Lithium ion Battery,T7250 Processor,6.79'' HD+ punch hole display,50MP + 2MP | 8MP Front Camera,,https://www.flipkart.com/boltt-evo-berry-red-128-gb/p/itmf046d663a1fd7?pid=MOBHPP59TUYYPWP5&lid=LSTMOBHPP59TUYYPWP5U7J1VB&marketplace=FLIPKART&q=smart+phones&store=tyy%2F4io&srno=s_23_532&otracker=search&fm=organic&iid=en_mXGRD-R4XKSIlW0Pr2e-yGp8aF_mnQ7Qa8yx3uf9_yB2Zt6Bu8QGlLv0IsZEJIXn536Q4P5J64sMnJmf8X-4YpZk_zxnXKMiUj2SaFo9m-PLMeGuMoJSkDF9SP7vFy71&ppt=None&ppn=None&ssid=ex5obkjgzk0000001790935107888&qH=a5594894156db043&ov_redirect=true,2026-10-02
533,"REDMI 13c 5G (Startrail Green, 128 GB)",REDMI,9654,13999,31% off,4.2,"36,386","1,521",4 GB RAM,128 GB ROM,5000 mAh Battery,,17.12 cm (6.74 inch) Display,50MP Rear Camera,,https://www.flipkart.com/redmi-13c-5g-startrail-green-128-gb/p/itm996fbc603ec3c?pid=MOBGW6S7FHYCJQPB&lid=LSTMOBGW6S7FHYCJQPB3P05BF&marketplace=FLIPKART&q=smart+phones&store=tyy%2F4io&srno=s_23_533&otracker=search&fm=organic&iid=14da5e3b-93ac-4695-a00c-436c97367b30.MOBGW6S7FHYCJQPB.SEARCH&ppt=None&ppn=None&ssid=ex5obkjgzk0000001790935107888&qH=a5594894156db043&ov_redirect=true,2026-10-02
534,"MOTOROLA G04 (Sunrise Orange, 64 GB)",MOTOROLA,9999,,,4.2,"16,143","1,019",4 GB RAM,64 GB ROM,5000 mAh Battery,Unisoc T606 Processor,16.76 cm (6.6 inch) HD+ Display,16MP Rear Camera | 5MP Front Camera,,https://www.flipkart.com/motorola-g04-sunrise-orange-64-gb/p/itm4fb15fb244a2b?pid=MOBGUFK4NYZHCY9V&lid=LSTMOBGUFK4NYZHCY9VIJW7PA&marketplace=FLIPKART&q=smart+phones&store=tyy%2F4io&srno=s_23_534&otracker=search&fm=organic&iid=14da5e3b-93ac-4695-a00c-436c97367b30.MOBGUFK4NYZHCY9V.SEARCH&ppt=None&ppn=None&ssid=ex5obkjgzk0000001790935107888&qH=a5594894156db043&ov_redirect=true,2026-10-02
535,"Infinix SMART 8 HD (Timber Black, 64 GB)",Infinix,6699,7999,16% off,4.3,"41,508","2,729",3 GB RAM,64 GB ROM,5000 mAh Battery,T606 Processor,16.76 cm (6.6 inch) HD+ Display,13MP + AI Lens | 8MP Front Camera,,https://www.flipkart.com/infinix-smart-8-hd-timber-black-64-gb/p/itm709d885ba6ac1?pid=MOBGVAPX8EG26HZW&lid=LSTMOBGVAPX8EG26HZW7NAQCU&marketplace=FLIPKART&q=smart+phones&store=tyy%2F4io&srno=s_23_535&otracker=search&fm=organic&iid=14da5e3b-93ac-4695-a00c-436c97367b30.MOBGVAPX8EG26HZW.SEARCH&ppt=None&ppn=None&ssid=ex5obkjgzk0000001790935107888&qH=a5594894156db043&ov_redirect=true,2026-10-02
536,"Google Pixel 10a (Lavender, 256 GB)",Google,47999,55999,14% off,4.5,"3,200",359,8 GB RAM,256 GB ROM,5100 mAh Lithium Battery,Tensor G4 Processor,16.0 cm (6.3 inch) Full HD+ AMOLED Display,48MP + 13MP | 13MP Front Camera,,https://www.flipkart.com/google-pixel-10a-lavender-256-gb/p/itmba3073a0f391e?pid=MOBHP6CE4EYBUEW9&lid=LSTMOBHP6CE4EYBUEW9IMTJGH&marketplace=FLIPKART&q=smart+phones&store=tyy%2F4io&srno=s_23_536&otracker=search&fm=organic&iid=14da5e3b-93ac-4695-a00c-436c97367b30.MOBHP6CE4EYBUEW9.SEARCH&ppt=None&ppn=None&ssid=ex5obkjgzk0000001790935107888&qH=a5594894156db043&ov_redirect=true,2026-10-02
537,"Nothing Phone (4b) (White, 256 GB)",Nothing,40999,59999,31% off,4.3,"1,841",179,8 GB RAM,256 GB ROM,6000 mAh Lithium ion Battery,6 Gen 4 Processor,17.2 cm (6.77 inch) Full HD+ AMOLED Display,50MP + 8MP | 16MP Front Camera,,https://www.flipkart.com/nothing-phone-4b-white-256-gb/p/itm939608b40adbb?pid=MOBHZMBD5MZZDUYA&lid=LSTMOBHZMBD5MZZDUYAIWDKYR&marketplace=FLIPKART&q=smart+phones&store=tyy%2F4io&srno=s_23_537&otracker=search&fm=organic&iid=en_mXGRD-R4XKSIlW0Pr2e-yGp8aF_mnQ7Qa8yx3uf9_yD8lED_9-9dhSyRf-uPP76a7muq75qMORP5m1GATJhVOlQOgTQdsBk_Vf1d789BDshEcEWtqyHMNfxfrLirFYOh&ppt=None&ppn=None&ssid=ex5obkjgzk0000001790935107888&qH=a5594894156db043&ov_redirect=true,2026-10-02
538,"Nothing Phone (4a) (Pink, 256 GB)",Nothing,,,,4.5,"1,564",154,12 GB RAM,256 GB ROM,5400 mAh Lithium ion Battery,Snapdragon 7s Gen 4 Processor,17.22 cm (6.78 inch) Full HD+ AMOLED Display,50MP + 50MP + 8MP | 32MP Front Camera,,https://www.flipkart.com/nothing-phone-4a-pink-256-gb/p/itm47712249513d4?pid=MOBHM2ZUZRZARU6Z&q=smart+phones&store=tyy%2F4io&srno=s_23_538&otracker=search&fm=organic&iid=14da5e3b-93ac-4695-a00c-436c97367b30.MOBHM2ZUZRZARU6Z.SEARCH&ppt=None&ppn=None&ssid=ex5obkjgzk0000001790935107888&qH=a5594894156db043&ov_redirect=true,2026-10-02
539,"Motorola e13 (Cosmic Black, 64 GB)",Motorola,6999,9999,30% off,4,"11,813",925,2 GB RAM,64 GB ROM,5000 mAh Battery,Unisoc T606 Processor,16.51 cm (6.5 inch) HD+ Display,13MP Rear Camera | 5MP Front Camera,,https://www.flipkart.com/motorola-e13-cosmic-black-64-gb/p/itmc10aa73e79d04?pid=MOBGKHNB6PCCHQHS&lid=LSTMOBGKHNB6PCCHQHSVL1XN3&marketplace=FLIPKART&q=smart+phones&store=tyy%2F4io&srno=s_23_539&otracker=search&fm=organic&iid=14da5e3b-93ac-4695-a00c-436c97367b30.MOBGKHNB6PCCHQHS.SEARCH&ppt=None&ppn=None&ssid=ex5obkjgzk0000001790935107888&qH=a5594894156db043&ov_redirect=true,2026-10-02
540,"vivo T4R 5G (Arctic White, 128 GB)",vivo,22999,23499,2% off,4.4,"55,266","3,853",8 GB RAM,128 GB ROM,5700 mAh Battery,Dimensity 7400 5G Processor,17.2 cm (6.77 inch) Full HD+ Display,50MP (OIS) + 2MP | 32MP Front Camera,5G,https://www.flipkart.com/vivo-t4r-5g-arctic-white-128-gb/p/itm3a5653667cb9c?pid=MOBHE49GDEHE3XZD&lid=LSTMOBHE49GDEHE3XZDXHWSUS&marketplace=FLIPKART&q=smart+phones&store=tyy%2F4io&srno=s_23_540&otracker=search&fm=organic&iid=14da5e3b-93ac-4695-a00c-436c97367b30.MOBHE49GDEHE3XZD.SEARCH&ppt=None&ppn=None&ssid=ex5obkjgzk0000001790935107888&qH=a5594894156db043&ov_redirect=true,2026-10-02
541,"Motorola e13 (Cosmic Black, 64 GB)",Motorola,10999,,,4.1,"1,05,726","7,722",4 GB RAM,64 GB ROM,5000 mAh Battery,Unisoc T606 Processor,16.51 cm (6.5 inch) HD+ Display,13MP Rear Camera | 5MP Front Camera,,https://www.flipkart.com/motorola-e13-cosmic-black-64-gb/p/itm2cd6a5ea435eb?pid=MOBGKHNBBMSUE94W&lid=LSTMOBGKHNBBMSUE94WLKIEFB&marketplace=FLIPKART&q=smart+phones&store=tyy%2F4io&srno=s_23_541&otracker=search&fm=organic&iid=14da5e3b-93ac-4695-a00c-436c97367b30.MOBGKHNBBMSUE94W.SEARCH&ppt=None&ppn=None&ssid=ex5obkjgzk0000001790935107888&qH=a5594894156db043&ov_redirect=true,2026-10-02
542,"POCO M7 Plus 5G (Aqua Blue, 128 GB)",POCO,15999,,,3.7,"4,209",508,4 GB RAM,128 GB ROM,7000 mAh Battery,Snapdragon 6s Gen 3 5G Processor,17.53 cm (6.9 inch) Full HD+ Display,50MP Rear Camera,5G,https://www.flipkart.com/poco-m7-plus-5g-aqua-blue-128-gb/p/itm7f065aa27b056?pid=MOBHETX6HEEATBVE&lid=LSTMOBHETX6HEEATBVEDVWUMJ&marketplace=FLIPKART&q=smart+phones&store=tyy%2F4io&srno=s_23_542&otracker=search&fm=organic&iid=14da5e3b-93ac-4695-a00c-436c97367b30.MOBHETX6HEEATBVE.SEARCH&ppt=None&ppn=None&ssid=ex5obkjgzk0000001790935107888&qH=a5594894156db043&ov_redirect=true,2026-10-02
543,"OPPO K14x 5G 6500mAh and 45W SUPERVOOC Charger & AI (Icy Blue, 128 GB)",OPPO,24999,40999,39% off,4.4,"4,002",424,6 GB RAM,128 GB ROM,6500 mAh Battery,Dimensity 6300 Processor,17.14 cm (6.75 inch) HD+ Display,,,https://www.flipkart.com/oppo-k14x-5g-6500mah-45w-supervooc-charger-ai-icy-blue-128-gb/p/itmdcac5ae642971?pid=MOBHPHSH6U5TGZPY&lid=LSTMOBHPHSH6U5TGZPYP2HIS6&marketplace=FLIPKART&q=smart+phones&store=tyy%2F4io&srno=s_23_543&otracker=search&fm=organic&iid=14da5e3b-93ac-4695-a00c-436c97367b30.MOBHPHSH6U5TGZPY.SEARCH&ppt=None&ppn=None&ssid=ex5obkjgzk0000001790935107888&qH=a5594894156db043&ov_redirect=true,2026-10-02
544,"Samsung Galaxy A14 5G (Light Green, 128 GB)",Samsung,14990,20999,28% off,4.2,"81,754","4,000",6 GB RAM,128 GB ROM,5000 mAh Lithium Ion Battery,Exynos 1330 Processor,16.76 cm (6.6 inch) Full HD+ Display,50MP + 2MP + 2MP | 13MP Front Camera,,https://www.flipkart.com/samsung-galaxy-a14-5g-light-green-128-gb/p/itmabe91abe7ba0c?pid=MOBGHT8UU3STRKZS&lid=LSTMOBGHT8UU3STRKZSCODPKE&marketplace=FLIPKART&q=smart+phones&store=tyy%2F4io&srno=s_23_544&otracker=search&fm=organic&iid=14da5e3b-93ac-4695-a00c-436c97367b30.MOBGHT8UU3STRKZS.SEARCH&ppt=None&ppn=None&ssid=ex5obkjgzk0000001790935107888&qH=a5594894156db043&ov_redirect=true,2026-10-02
545,"Samsung Galaxy F16 5G (Bling Black, 128 GB)",Samsung,15499,18999,18% off,4.2,"3,686",275,8 GB RAM,128 GB ROM,5000 mAh Battery,Dimensity 6300 Processor,16.91 cm (6.657 inch) Full HD+ Display,50MP + 5MP + 2MP | 13MP Front Camera,,https://www.flipkart.com/samsung-galaxy-f16-5g-bling-black-128-gb/p/itmc78bc1cee0259?pid=MOBH9ASGP3ZH2AF7&lid=LSTMOBH9ASGP3ZH2AF7G11WXL&marketplace=FLIPKART&q=smart+phones&store=tyy%2F4io&srno=s_23_545&otracker=search&fm=organic&iid=14da5e3b-93ac-4695-a00c-436c97367b30.MOBH9ASGP3ZH2AF7.SEARCH&ppt=None&ppn=None&ssid=ex5obkjgzk0000001790935107888&qH=a5594894156db043&ov_redirect=true,2026-10-02
546,"realme C61 (Marble Black, 64 GB)",realme,7249,8999,19% off,4.3,"37,545","1,667",4 GB RAM,64 GB ROM,5000 mAh Battery,T612 Processor,17.13 cm (6.745 inch) HD+ Display,32MP Rear Camera | 5MP Front Camera,,https://www.flipkart.com/realme-c61-marble-black-64-gb/p/itmd6ddbcefce040?pid=MOBHFRKRAHPWY9JA&lid=LSTMOBHFRKRAHPWY9JADLJL0N&marketplace=FLIPKART&q=smart+phones&store=tyy%2F4io&srno=s_23_546&otracker=search&fm=organic&iid=14da5e3b-93ac-4695-a00c-436c97367b30.MOBHFRKRAHPWY9JA.SEARCH&ppt=None&ppn=None&ssid=ex5obkjgzk0000001790935107888&qH=a5594894156db043&ov_redirect=true,2026-10-02
547,"MOTOROLA g37 power (PANTONE Nautical Blue, 128 GB)",MOTOROLA,19999,30499,34% off,4.2,"9,510",856,4 GB RAM,128 GB ROM,7000 mAh Battery,Dimensity 6400 Processor,16.92 cm (6.66 inch) HD+ Display,50MP Rear Camera | 8MP Front Camera,,https://www.flipkart.com/motorola-g37-power-pantone-nautical-blue-128-gb/p/itmf752f4981d932?pid=MOBHHVFYGN57RYAH&lid=LSTMOBHHVFYGN57RYAHB2DF12&marketplace=FLIPKART&q=smart+phones&store=tyy%2F4io&srno=s_23_547&otracker=search&fm=organic&iid=14da5e3b-93ac-4695-a00c-436c97367b30.MOBHHVFYGN57RYAH.SEARCH&ppt=None&ppn=None&ssid=ex5obkjgzk0000001790935107888&qH=a5594894156db043&ov_redirect=true,2026-10-02
548,"Google Pixel 11 Pro (Obsidian, 512 GB)",Google,134999,,,4.6,30,4,16 GB RAM,512 GB ROM,4850 mAh Lithium Battery,Tensor G6 Processor,16.0 cm (6.3 inch) Super Actua Display,50MP + 48MP + 48MP | 42MP Front Camera,,https://www.flipkart.com/google-pixel-11-pro-obsidian-512-gb/p/itm4e716e6db8cd0?pid=MOBHPHNVMEETZZUC&lid=LSTMOBHPHNVMEETZZUCPCSBCD&marketplace=FLIPKART&q=smart+phones&store=tyy%2F4io&srno=s_23_548&otracker=search&fm=organic&iid=14da5e3b-93ac-4695-a00c-436c97367b30.MOBHPHNVMEETZZUC.SEARCH&ppt=None&ppn=None&ssid=ex5obkjgzk0000001790935107888&qH=a5594894156db043&ov_redirect=true,2026-10-02
549,"Ai+ Pulse 1 (Sparkle Red, 64 GB)",Ai+,7999,,,4.2,"42,949","3,630",4 GB RAM,64 GB ROM,5000 mAh Battery,T615 Processor,17.13 cm (6.745 inch) HD+ Display,50MP Rear Camera | 5MP Front Camera,,https://www.flipkart.com/ai-pulse-1-sparkle-red-64-gb/p/itm475b5391ff251?pid=MOBHFG2DP4QYFDMP&lid=LSTMOBHFG2DP4QYFDMPEBEVVS&marketplace=FLIPKART&q=smart+phones&store=tyy%2F4io&srno=s_23_549&otracker=search&fm=organic&iid=14da5e3b-93ac-4695-a00c-436c97367b30.MOBHFG2DP4QYFDMP.SEARCH&ppt=None&ppn=None&ssid=ex5obkjgzk0000001790935107888&qH=a5594894156db043&ov_redirect=true,2026-10-02
550,"POCO M8 Power 5G (Blaze Orange, 128 GB)",POCO,27999,59999,53% off,4.6,378,272,8 GB RAM,128 GB ROM,8000 mAh Lithium-Ion Polymer Battery,Snapdragon Gen 4 Processor,17.75 cm (6.99 inch) Full HD+ AMOLED Display,50MP Rear Camera | 8MP Front Camera,,https://www.flipkart.com/poco-m8-power-5g-blaze-orange-128-gb/p/itme6ed250ab73df?pid=MOBHPCYNFWHRJD8C&lid=LSTMOBHPCYNFWHRJD8C5JT1AV&marketplace=FLIPKART&q=smart+phones&store=tyy%2F4io&srno=s_23_550&otracker=search&fm=organic&iid=14da5e3b-93ac-4695-a00c-436c97367b30.MOBHPCYNFWHRJD8C.SEARCH&ppt=None&ppn=None&ssid=ex5obkjgzk0000001790935107888&qH=a5594894156db043&ov_redirect=true,2026-10-02
551,"POCO F6 5G (Black, 512 GB)",POCO,33999,37999,10% off,4.3,"9,151",910,12 GB RAM,512 GB ROM,5000 mAh Battery,8s Gen3 Processor,16.94 cm (6.67 inch) Display,50MP (OIS) + 8MP | 20MP Front Camera,,https://www.flipkart.com/poco-f6-5g-black-512-gb/p/itm4b341425e7e8a?pid=MOBHYUZGAYG8QJKP&lid=LSTMOBHYUZGAYG8QJKPKU8SGJ&marketplace=FLIPKART&q=smart+phones&store=tyy%2F4io&srno=s_23_551&otracker=search&fm=organic&iid=14da5e3b-93ac-4695-a00c-436c97367b30.MOBHYUZGAYG8QJKP.SEARCH&ppt=None&ppn=None&ssid=ex5obkjgzk0000001790935107888&qH=a5594894156db043&ov_redirect=true,2026-10-02
552,"CMF by Nothing Phone 2 Pro (Orange, 128 GB)",CMF,18999,22999,17% off,4.4,"76,240","6,758",8 GB RAM,128 GB ROM,5000 mAh Battery,Dimensity 7300 Pro 5G Processor,17.2 cm (6.77 inch) Display,50MP + 50MP + 8MP | 16MP Front Camera,5G,https://www.flipkart.com/cmf-nothing-phone-2-pro-orange-128-gb/p/itm46a119f176627?pid=MOBHAUHAHD3TRJ7X&lid=LSTMOBHAUHAHD3TRJ7XRKZ0X4&marketplace=FLIPKART&q=smart+phones&store=tyy%2F4io&srno=s_23_552&otracker=search&fm=organic&iid=14da5e3b-93ac-4695-a00c-436c97367b30.MOBHAUHAHD3TRJ7X.SEARCH&ppt=None&ppn=None&ssid=ex5obkjgzk0000001790935107888&qH=a5594894156db043&ov_redirect=true,2026-10-02
553,"MOTOROLA Edge 70 Fusion Snapdragon (Pantone COUNTRY AIR, 128 GB)",MOTOROLA,30999,49999,38% off,4.4,"18,655","2,051",8 GB RAM,128 GB ROM,7000 mAh Battery,Snapdragon 7s Gen 4 Processor,17.27 cm (6.8 inch) Super HD Display,50MP + 13MP | 32MP Front Camera,,https://www.flipkart.com/motorola-edge-70-fusion-snapdragon-pantone-country-air-128-gb/p/itm35e1629da7123?pid=MOBHN973BZYNQ9XZ&lid=LSTMOBHN973BZYNQ9XZIVDF72&marketplace=FLIPKART&q=smart+phones&store=tyy%2F4io&srno=s_24_553&otracker=search&fm=organic&iid=c55ec237-6e49-4818-aeeb-c80f63c8b785.MOBHN973BZYNQ9XZ.SEARCH&ppt=None&ppn=None&ssid=t742tw1pxs0000001790935110754&qH=a5594894156db043&ov_redirect=true,2026-10-02
554,"Google Pixel 11 Pro (Fog, 256 GB)",Google,119999,,,4.4,68,13,12 GB RAM,256 GB ROM,4850 mAh Lithium Battery,Tensor G6 Processor,16.0 cm (6.3 inch) Super Actua Display,50MP + 48MP + 48MP | 42MP Front Camera,,https://www.flipkart.com/google-pixel-11-pro-fog-256-gb/p/itm3a05c77195112?pid=MOBHPHNVAUEXFKR4&lid=LSTMOBHPHNVAUEXFKR4RQMMNE&marketplace=FLIPKART&q=smart+phones&store=tyy%2F4io&srno=s_24_554&otracker=search&fm=organic&iid=c55ec237-6e49-4818-aeeb-c80f63c8b785.MOBHPHNVAUEXFKR4.SEARCH&ppt=None&ppn=None&ssid=t742tw1pxs0000001790935110754&qH=a5594894156db043&ov_redirect=true,2026-10-02
555,"Ai+ Nova 2 Power 5G (Golden Blue Fusion, 128 GB)",Ai+,17999,29999,40% off,4,5,0,8 GB RAM,128 GB ROM,7000 mAh Li-polymer Battery,Dimensity 7100 Processor,17.14 cm (6.75 inch) HD+ Display,48MP + 8MP | 13MP Front Camera,,https://www.flipkart.com/ai-nova-2-power-5g-golden-blue-fusion-128-gb/p/itmc937aff58a518?pid=MOBHQZVXPMTFEJZ9&lid=LSTMOBHQZVXPMTFEJZ9PWNJR5&marketplace=FLIPKART&q=smart+phones&store=tyy%2F4io&srno=s_24_555&otracker=search&fm=organic&iid=c55ec237-6e49-4818-aeeb-c80f63c8b785.MOBHQZVXPMTFEJZ9.SEARCH&ppt=None&ppn=None&ssid=t742tw1pxs0000001790935110754&qH=a5594894156db043&ov_redirect=true,2026-10-02
556,"Samsung Galaxy F04 (Opal Green, 64 GB)",Samsung,11499,,,4.2,"1,07,969","6,205",4 GB RAM,64 GB ROM,5000 mAh Lithium-Ion Battery,Mediatek Helio P35 Processor,16.51 cm (6.5 inch) HD Display,13MP + 2MP | 5MP Front Camera,,https://www.flipkart.com/samsung-galaxy-f04-opal-green-64-gb/p/itmd0c05f8b03876?pid=MOBGKY2V7QZ2QVFS&lid=LSTMOBGKY2V7QZ2QVFSGOGYVU&marketplace=FLIPKART&q=smart+phones&store=tyy%2F4io&srno=s_24_556&otracker=search&fm=organic&iid=c55ec237-6e49-4818-aeeb-c80f63c8b785.MOBGKY2V7QZ2QVFS.SEARCH&ppt=None&ppn=None&ssid=t742tw1pxs0000001790935110754&qH=a5594894156db043&ov_redirect=true,2026-10-02
557,"BOLTT EVO (Arctic White, 128 GB)",BOLTT,11499,18999,39% off,4,"1,804",873,6 GB RAM,128 GB ROM,6000 mAh Lithium ion Battery,T7250 Processor,6.79'' HD+ punch hole display,50MP + 2MP | 8MP Front Camera,,https://www.flipkart.com/boltt-evo-arctic-white-128-gb/p/itmf046d663a1fd7?pid=MOBHPP59GKGTGZGA&lid=LSTMOBHPP59GKGTGZGAIEMNWG&marketplace=FLIPKART&q=smart+phones&store=tyy%2F4io&srno=s_24_557&otracker=search&fm=organic&iid=en_ZNumX2VcQaKwmXrOJqANgTOZJPN-D3uRsTGMw_0Z3fmFjd_9JTT2-ouHeVeXmObPApXdqJ8g9gjPKgZjVdc9bpZk_zxnXKMiUj2SaFo9m-PorDK5lrLONz4HzYza0kSi&ppt=None&ppn=None&ssid=t742tw1pxs0000001790935110754&qH=a5594894156db043&ov_redirect=true,2026-10-02
558,"BOLTT EVO (Arctic White, 64 GB)",BOLTT,9999,17999,44% off,4.4,"1,327",695,4 GB RAM,64 GB ROM,6000 mAh Lithium ion Battery,T7250 Processor,6.79'' HD+ punch hole display,50MP + 2MP | 8MP Front Camera,,https://www.flipkart.com/boltt-evo-arctic-white-64-gb/p/itmf046d663a1fd7?pid=MOBHPP59BYSJ98M8&lid=LSTMOBHPP59BYSJ98M8RWYHGQ&marketplace=FLIPKART&q=smart+phones&store=tyy%2F4io&srno=s_24_558&otracker=search&fm=organic&iid=en_ZNumX2VcQaKwmXrOJqANgTOZJPN-D3uRsTGMw_0Z3fnraTPsPjzHhxuJkmqRkizW6Ux8tV-__SxlzWH1nelDDZZk_zxnXKMiUj2SaFo9m-PorDK5lrLONz4HzYza0kSi&ppt=None&ppn=None&ssid=t742tw1pxs0000001790935110754&qH=a5594894156db043&ov_redirect=true,2026-10-02
559,"Samsung Galaxy S24 Exynos 5G (Onyx Black, 128 GB)",Samsung,49999,74999,33% off,4.5,"6,857",520,8 GB RAM,128 GB ROM,4000 mAh Battery,Exynos 2400 Processor,15.75 cm (6.2 inch) Full HD+ Display,50MP + 10MP + 12MP | 12MP Front Camera,,https://www.flipkart.com/samsung-galaxy-s24-exynos-5g-onyx-black-128-gb/p/itmf56b046170a5d?pid=MOBHYJ6QFUNQYFDH&lid=LSTMOBHYJ6QFUNQYFDHRN4OQP&marketplace=FLIPKART&q=smart+phones&store=tyy%2F4io&srno=s_24_559&otracker=search&fm=organic&iid=c55ec237-6e49-4818-aeeb-c80f63c8b785.MOBHYJ6QFUNQYFDH.SEARCH&ppt=None&ppn=None&ssid=t742tw1pxs0000001790935110754&qH=a5594894156db043&ov_redirect=true,2026-10-02
560,"realme P1 5G (Phoenix Red, 128 GB)",realme,14999,21999,31% off,4.3,"46,617","2,756",8 GB RAM,128 GB ROM,5000 mAh Battery,Dimensity 7050 Processor,16.94 cm (6.67 inch) Full HD+ Display,50MP + 2MP | 16MP Front Camera,,https://www.flipkart.com/realme-p1-5g-phoenix-red-128-gb/p/itmae4447062b5b5?pid=MOBGZSU4BBYYMSEV&lid=LSTMOBGZSU4BBYYMSEVEEHYG2&marketplace=FLIPKART&q=smart+phones&store=tyy%2F4io&srno=s_24_560&otracker=search&fm=organic&iid=c55ec237-6e49-4818-aeeb-c80f63c8b785.MOBGZSU4BBYYMSEV.SEARCH&ppt=None&ppn=None&ssid=t742tw1pxs0000001790935110754&qH=a5594894156db043&ov_redirect=true,2026-10-02
561,"BOLTT EVO (Midnight Black, 64 GB)",BOLTT,9999,17999,44% off,4.4,"1,327",695,4 GB RAM,64 GB ROM,6000 mAh Lithium ion Battery,T7250 Processor,6.79'' HD+ punch hole display,50MP + 2MP | 8MP Front Camera,,https://www.flipkart.com/boltt-evo-midnight-black-64-gb/p/itmf046d663a1fd7?pid=MOBHPP597GB8ZHTY&lid=LSTMOBHPP597GB8ZHTYGYX70A&marketplace=FLIPKART&q=smart+phones&store=tyy%2F4io&srno=s_24_561&otracker=search&fm=organic&iid=en_ZNumX2VcQaKwmXrOJqANgTOZJPN-D3uRsTGMw_0Z3fl78ymdKeeNmUbg0PetA_vDmFcmDxdFnAg2HDILUSFuRZZk_zxnXKMiUj2SaFo9m-PorDK5lrLONz4HzYza0kSi&ppt=None&ppn=None&ssid=t742tw1pxs0000001790935110754&qH=a5594894156db043&ov_redirect=true,2026-10-02
562,"BOLTT EVO (Lavender Bloom, 64 GB)",BOLTT,9999,17999,44% off,4.4,"1,327",695,4 GB RAM,64 GB ROM,6000 mAh Lithium ion Battery,T7250 Processor,6.79'' HD+ punch hole display,50MP + 2MP | 8MP Front Camera,,https://www.flipkart.com/boltt-evo-lavender-bloom-64-gb/p/itmf046d663a1fd7?pid=MOBHPP59AEJZHCVZ&lid=LSTMOBHPP59AEJZHCVZQQSXMU&marketplace=FLIPKART&q=smart+phones&store=tyy%2F4io&srno=s_24_562&otracker=search&fm=organic&iid=en_ZNumX2VcQaKwmXrOJqANgTOZJPN-D3uRsTGMw_0Z3fldDbxSxOeVLuToEbLW1TOQ7xbDZ0DH1NrYuR9fFRym_pZk_zxnXKMiUj2SaFo9m-PorDK5lrLONz4HzYza0kSi&ppt=None&ppn=None&ssid=t742tw1pxs0000001790935110754&qH=a5594894156db043&ov_redirect=true,2026-10-02
563,"POCO M8 Power 5G (Black, 128 GB)",POCO,27999,59999,53% off,4.6,378,272,8 GB RAM,128 GB ROM,8000 mAh Lithium-Ion Polymer Battery,Snapdragon Gen 4 Processor,17.75 cm (6.99 inch) Full HD+ AMOLED Display,50MP Rear Camera | 8MP Front Camera,,https://www.flipkart.com/poco-m8-power-5g-black-128-gb/p/itm822601a413dff?pid=MOBHPCYNSNYCGRDN&lid=LSTMOBHPCYNSNYCGRDNMJJBOM&marketplace=FLIPKART&q=smart+phones&store=tyy%2F4io&srno=s_24_563&otracker=search&fm=organic&iid=c55ec237-6e49-4818-aeeb-c80f63c8b785.MOBHPCYNSNYCGRDN.SEARCH&ppt=None&ppn=None&ssid=t742tw1pxs0000001790935110754&qH=a5594894156db043&ov_redirect=true,2026-10-02
564,"CMF by Nothing Phone 2 Pro (Light Green, 256 GB)",CMF,20999,24999,16% off,4.4,"76,240","6,758",8 GB RAM,256 GB ROM,5000 mAh Battery,Dimensity 7300 Pro 5G Processor,17.2 cm (6.77 inch) Full HD+ Display,50MP + 50MP + 8MP | 16MP Front Camera,5G,https://www.flipkart.com/cmf-nothing-phone-2-pro-light-green-256-gb/p/itm46a119f176627?pid=MOBHAUHA6X5YWPBP&lid=LSTMOBHAUHA6X5YWPBPVY1EW2&marketplace=FLIPKART&q=smart+phones&store=tyy%2F4io&srno=s_24_564&otracker=search&fm=organic&iid=c55ec237-6e49-4818-aeeb-c80f63c8b785.MOBHAUHA6X5YWPBP.SEARCH&ppt=None&ppn=None&ssid=t742tw1pxs0000001790935110754&qH=a5594894156db043&ov_redirect=true,2026-10-02
565,"Infinix GT 30 5G+ Pulse Green 128 (Pulse Green, 128 GB)",Infinix,21999,24999,12% off,4.4,"1,739",156,8 GB RAM,128 GB ROM,5500 mAh Battery,Dimensity 7400 Processor,17.22 cm (6.78 inch) Full HD+ AMOLED Display,64MP + 8MP | 13MP Front Camera,,https://www.flipkart.com/infinix-gt-30-5g-pulse-green-128-pulse-green-gb/p/itm666aa01d8a89d?pid=MOBHDQFAY7XQDHNK&lid=LSTMOBHDQFAY7XQDHNKJVNAJR&marketplace=FLIPKART&q=smart+phones&store=tyy%2F4io&srno=s_24_565&otracker=search&fm=organic&iid=c55ec237-6e49-4818-aeeb-c80f63c8b785.MOBHDQFAY7XQDHNK.SEARCH&ppt=None&ppn=None&ssid=t742tw1pxs0000001790935110754&qH=a5594894156db043&ov_redirect=true,2026-10-02
566,"POCO X8 Pro Max (Black, 512 GB)",POCO,52999,61999,14% off,4.5,"2,063",419,12 GB RAM,512 GB ROM,9000 mAh Lithium-Ion Polymer With Silicon Carbon Technology Battery,Dimensity 9500s Processor,17.35 cm (6.83 inch) Full HD+ AMOLED Display,50MP + 8MP | 20MP Front Camera,,https://www.flipkart.com/poco-x8-pro-max-black-512-gb/p/itmd4046d994145a?pid=MOBHMGG5YCYDBYMS&lid=LSTMOBHMGG5YCYDBYMSM0JQVL&marketplace=FLIPKART&q=smart+phones&store=tyy%2F4io&srno=s_24_566&otracker=search&fm=organic&iid=c55ec237-6e49-4818-aeeb-c80f63c8b785.MOBHMGG5YCYDBYMS.SEARCH&ppt=None&ppn=None&ssid=t742tw1pxs0000001790935110754&qH=a5594894156db043&ov_redirect=true,2026-10-02
567,"BOLTT EVO (Midnight Black, 128 GB)",BOLTT,11499,18999,39% off,4,"1,804",873,6 GB RAM,128 GB ROM,6000 mAh Lithium ion Battery,T7250 Processor,6.79'' HD+ punch hole display,50MP + 2MP | 8MP Front Camera,,https://www.flipkart.com/boltt-evo-midnight-black-128-gb/p/itmf046d663a1fd7?pid=MOBHPP59RWHM2PJH&lid=LSTMOBHPP59RWHM2PJHUUF4AF&marketplace=FLIPKART&q=smart+phones&store=tyy%2F4io&srno=s_24_567&otracker=search&fm=organic&iid=en_ZNumX2VcQaKwmXrOJqANgTOZJPN-D3uRsTGMw_0Z3fkB_4mOX8Sy9-Un0nPNMXAX-oHdKO3yYnYUN_r3HYwM1pZk_zxnXKMiUj2SaFo9m-PorDK5lrLONz4HzYza0kSi&ppt=None&ppn=None&ssid=t742tw1pxs0000001790935110754&qH=a5594894156db043&ov_redirect=true,2026-10-02
568,"BOLTT EVO (Berry Red, 128 GB)",BOLTT,11499,18999,39% off,4,"1,804",873,6 GB RAM,128 GB ROM,6000 mAh Lithium ion Battery,T7250 Processor,6.79'' HD+ punch hole display,50MP + 2MP | 8MP Front Camera,,https://www.flipkart.com/boltt-evo-berry-red-128-gb/p/itmf046d663a1fd7?pid=MOBHPP59TUYYPWP5&lid=LSTMOBHPP59TUYYPWP5U7J1VB&marketplace=FLIPKART&q=smart+phones&store=tyy%2F4io&srno=s_24_568&otracker=search&fm=organic&iid=en_ZNumX2VcQaKwmXrOJqANgTOZJPN-D3uRsTGMw_0Z3fmX-RKemFWV4ckWnpNCfv0dvSppyrEH4LyH9lCiIfbYhZZk_zxnXKMiUj2SaFo9m-PorDK5lrLONz4HzYza0kSi&ppt=None&ppn=None&ssid=t742tw1pxs0000001790935110754&qH=a5594894156db043&ov_redirect=true,2026-10-02
569,"CMF by Nothing Phone 2 Pro (Orange, 256 GB)",CMF,20999,24999,16% off,4.4,"76,240","6,758",8 GB RAM,256 GB ROM,5000 mAh Battery,Dimensity 7300 Pro 5G Processor,17.2 cm (6.77 inch) Full HD+ Display,50MP + 50MP + 8MP | 16MP Front Camera,5G,https://www.flipkart.com/cmf-nothing-phone-2-pro-orange-256-gb/p/itm46a119f176627?pid=MOBHAUHAKMH34EHU&lid=LSTMOBHAUHAKMH34EHU383UEL&marketplace=FLIPKART&q=smart+phones&store=tyy%2F4io&srno=s_24_569&otracker=search&fm=organic&iid=c55ec237-6e49-4818-aeeb-c80f63c8b785.MOBHAUHAKMH34EHU.SEARCH&ppt=None&ppn=None&ssid=t742tw1pxs0000001790935110754&qH=a5594894156db043&ov_redirect=true,2026-10-02
570,"Google Pixel 11 (Frost, 512 GB)",Google,104999,,,4.5,391,72,12 GB RAM,512 GB ROM,4985 mAh Lithium Battery,Tensor G6 Processor,16.0 cm (6.3 inch) Actua Display,48MP + 13MP + 10.8MP | 10.5MP Front Camera,,https://www.flipkart.com/google-pixel-11-frost-512-gb/p/itm901dc9a784aaf?pid=MOBHPHNVYZSFXPGY&lid=LSTMOBHPHNVYZSFXPGY3HDKOG&marketplace=FLIPKART&q=smart+phones&store=tyy%2F4io&srno=s_24_570&otracker=search&fm=organic&iid=c55ec237-6e49-4818-aeeb-c80f63c8b785.MOBHPHNVYZSFXPGY.SEARCH&ppt=None&ppn=None&ssid=t742tw1pxs0000001790935110754&qH=a5594894156db043&ov_redirect=true,2026-10-02
571,"Nothing Phone (4b) (White, 256 GB)",Nothing,40999,59999,31% off,4.3,"1,841",179,8 GB RAM,256 GB ROM,6000 mAh Lithium ion Battery,6 Gen 4 Processor,17.2 cm (6.77 inch) Full HD+ AMOLED Display,50MP + 8MP | 16MP Front Camera,,https://www.flipkart.com/nothing-phone-4b-white-256-gb/p/itm939608b40adbb?pid=MOBHZMBD5MZZDUYA&lid=LSTMOBHZMBD5MZZDUYAIWDKYR&marketplace=FLIPKART&q=smart+phones&store=tyy%2F4io&srno=s_24_571&otracker=search&fm=organic&iid=en_ZNumX2VcQaKwmXrOJqANgTOZJPN-D3uRsTGMw_0Z3flDCZIE9w6_y5S9vvXP3Luc7muq75qMORP5m1GATJhVOuebvJ3XMQeWNozLNoAjfkI8yoADBTclxE3ONbKq0B7j&ppt=None&ppn=None&ssid=t742tw1pxs0000001790935110754&qH=a5594894156db043&ov_redirect=true,2026-10-02
572,"BOLTT EVO (Sky Blue, 128 GB)",BOLTT,11499,18999,39% off,4,"1,804",873,6 GB RAM,128 GB ROM,6000 mAh Lithium ion Battery,T7250 Processor,6.79'' HD+ punch hole display,50MP + 2MP | 8MP Front Camera,,https://www.flipkart.com/boltt-evo-sky-blue-128-gb/p/itmf046d663a1fd7?pid=MOBHPP59ME6SPCZW&lid=LSTMOBHPP59ME6SPCZWUW9RP3&marketplace=FLIPKART&q=smart+phones&store=tyy%2F4io&srno=s_24_572&otracker=search&fm=organic&iid=en_ZNumX2VcQaKwmXrOJqANgTOZJPN-D3uRsTGMw_0Z3fmbi110V6grZR87UVcyaDirwbXaiFD5B5V-i7lupI6xHpZk_zxnXKMiUj2SaFo9m-PorDK5lrLONz4HzYza0kSi&ppt=None&ppn=None&ssid=t742tw1pxs0000001790935110754&qH=a5594894156db043&ov_redirect=true,2026-10-02
573,"MOTOROLA Edge 70 Fusion Snapdragon (Pantone BLUE SURF, 256 GB)",MOTOROLA,34999,59999,41% off,4.3,"6,894",768,12 GB RAM,256 GB ROM,7000 mAh Battery,Snapdragon 7s Gen 4 Processor,17.27 cm (6.8 inch) Super HD Display,50MP + 13MP | 32MP Front Camera,,https://www.flipkart.com/motorola-edge-70-fusion-snapdragon-pantone-blue-surf-256-gb/p/itmab1b62c8461fa?pid=MOBHN9733F5QHAQC&lid=LSTMOBHN9733F5QHAQCLPXZGM&marketplace=FLIPKART&q=smart+phones&store=tyy%2F4io&srno=s_24_573&otracker=search&fm=organic&iid=c55ec237-6e49-4818-aeeb-c80f63c8b785.MOBHN9733F5QHAQC.SEARCH&ppt=None&ppn=None&ssid=t742tw1pxs0000001790935110754&qH=a5594894156db043&ov_redirect=true,2026-10-02
574,"Samsung Galaxy A14 5G (Light Green, 128 GB)",Samsung,15999,22999,30% off,4.1,"4,245",313,8 GB RAM,128 GB ROM,5000 mAh Lithium Ion Battery,Exynos 1330 Processor,16.76 cm (6.6 inch) Full HD+ Display,50MP + 2MP + 2MP | 13MP Front Camera,,https://www.flipkart.com/samsung-galaxy-a14-5g-light-green-128-gb/p/itma725b4aad1d7b?pid=MOBGHT8UFVE7F82Z&lid=LSTMOBGHT8UFVE7F82ZXNFRXO&marketplace=FLIPKART&q=smart+phones&store=tyy%2F4io&srno=s_24_574&otracker=search&fm=organic&iid=c55ec237-6e49-4818-aeeb-c80f63c8b785.MOBGHT8UFVE7F82Z.SEARCH&ppt=None&ppn=None&ssid=t742tw1pxs0000001790935110754&qH=a5594894156db043&ov_redirect=true,2026-10-02
575,"realme C85 5G (Parrot Purple, 128.0 GB)",realme,21999,24999,12% off,4.3,226,17,4 GB RAM,128.0 GB ROM,7000 mAh Battery,Dimensity 6300 Processor,17.27 cm (6.8 inch) HD+ Display,50MP Rear Camera | 8MP Front Camera,,https://www.flipkart.com/realme-c85-5g-parrot-purple-128-0-gb/p/itm460d45ea3b896?pid=MOBHHY7V7UPW3YWV&lid=LSTMOBHHY7V7UPW3YWVGCMMBM&marketplace=FLIPKART&q=smart+phones&store=tyy%2F4io&srno=s_24_575&otracker=search&fm=organic&iid=c55ec237-6e49-4818-aeeb-c80f63c8b785.MOBHHY7V7UPW3YWV.SEARCH&ppt=None&ppn=None&ssid=t742tw1pxs0000001790935110754&qH=a5594894156db043&ov_redirect=true,2026-10-02
576,"Motorola e13 (Cosmic Black, 128 GB)",Motorola,9299,11999,22% off,4.1,"35,477","1,990",8 GB RAM,128 GB ROM,5000 mAh Battery,Unisoc T606 Processor,16.51 cm (6.5 inch) HD+ Display,13MP Rear Camera | 5MP Front Camera,,https://www.flipkart.com/motorola-e13-cosmic-black-128-gb/p/itm04a41c3c76631?pid=MOBGQFX6SFZXR7PK&lid=LSTMOBGQFX6SFZXR7PKP7HQQS&marketplace=FLIPKART&q=smart+phones&store=tyy%2F4io&srno=s_24_576&otracker=search&fm=organic&iid=c55ec237-6e49-4818-aeeb-c80f63c8b785.MOBGQFX6SFZXR7PK.SEARCH&ppt=None&ppn=None&ssid=t742tw1pxs0000001790935110754&qH=a5594894156db043&ov_redirect=true,2026-10-02
577,"BOLTT EVO (Arctic White, 128 GB)",BOLTT,11499,18999,39% off,4,"1,804",873,6 GB RAM,128 GB ROM,6000 mAh Lithium ion Battery,T7250 Processor,6.79'' HD+ punch hole display,50MP + 2MP | 8MP Front Camera,,https://www.flipkart.com/boltt-evo-arctic-white-128-gb/p/itmf046d663a1fd7?pid=MOBHPP59GKGTGZGA&lid=LSTMOBHPP59GKGTGZGAIEMNWG&marketplace=FLIPKART&q=smart+phones&store=tyy%2F4io&srno=s_25_577&otracker=search&fm=organic&iid=en_TRixnb9oe2bYWT0Xiu0bflhzE_a3LbczxDL-M5eDdf-75NZRU1xMW2B760j6-WPxApXdqJ8g9gjPKgZjVdc9bpZk_zxnXKMiUj2SaFo9m-NpgwU6CzGFYW8qvRA_fHgd&ppt=None&ppn=None&ssid=me5674vucw0000001790935113433&qH=a5594894156db043&ov_redirect=true,2026-10-02
578,"BOLTT EVO (Berry Red, 64 GB)",BOLTT,9999,17999,44% off,4.4,"1,327",695,4 GB RAM,64 GB ROM,6000 mAh Lithium ion Battery,T7250 Processor,6.79'' HD+ punch hole display,50MP + 2MP | 8MP Front Camera,,https://www.flipkart.com/boltt-evo-berry-red-64-gb/p/itmf046d663a1fd7?pid=MOBHPP598ENKRGBY&lid=LSTMOBHPP598ENKRGBYC3QECN&marketplace=FLIPKART&q=smart+phones&store=tyy%2F4io&srno=s_25_578&otracker=search&fm=organic&iid=en_TRixnb9oe2bYWT0Xiu0bflhzE_a3LbczxDL-M5eDdf_p2hZQGl1h8EHgoZbsf4EemCxeu8uCGyw6NBIvVnameZZk_zxnXKMiUj2SaFo9m-NpgwU6CzGFYW8qvRA_fHgd&ppt=None&ppn=None&ssid=me5674vucw0000001790935113433&qH=a5594894156db043&ov_redirect=true,2026-10-02
579,"Infinix Note edge (Solar Orange, 256 GB)",Infinix,30999,34999,11% off,4.3,522,91,8 GB RAM,256 GB ROM,6500 mAh Battery,Dimensity 7100 Processor,17.22 cm (6.78 inch) Full HD+ AMOLED Display,50MP Rear Camera | 13MP Front Camera,,https://www.flipkart.com/infinix-note-edge-solar-orange-256-gb/p/itm7720c4dde19f1?pid=MOBHN3VZBZY6RGGE&lid=LSTMOBHN3VZBZY6RGGEXAWGSY&marketplace=FLIPKART&q=smart+phones&store=tyy%2F4io&srno=s_25_579&otracker=search&fm=organic&iid=fd57e02a-1f7b-407e-9d0c-cfa442f73246.MOBHN3VZBZY6RGGE.SEARCH&ppt=None&ppn=None&ssid=me5674vucw0000001790935113433&qH=a5594894156db043&ov_redirect=true,2026-10-02
580,"Infinix HOT 40i (Palm Blue, 256 GB)",Infinix,9999,10999,9% off,4.1,"21,748","1,332",8 GB RAM,256 GB ROM,5000 mAh Battery,Unisoc T606 Processor,16.76 cm (6.6 inch) HD+ Display,50MP + AI Lens | 32MP Front Camera,,https://www.flipkart.com/infinix-hot-40i-palm-blue-256-gb/p/itma7412e2a212c6?pid=MOBGXZGHGAD7H8QG&lid=LSTMOBGXZGHGAD7H8QGKOJZHW&marketplace=FLIPKART&q=smart+phones&store=tyy%2F4io&srno=s_25_580&otracker=search&fm=organic&iid=fd57e02a-1f7b-407e-9d0c-cfa442f73246.MOBGXZGHGAD7H8QG.SEARCH&ppt=None&ppn=None&ssid=me5674vucw0000001790935113433&qH=a5594894156db043&ov_redirect=true,2026-10-02
581,"BOLTT EVO (Midnight Black, 64 GB)",BOLTT,9999,17999,44% off,4.4,"1,327",695,4 GB RAM,64 GB ROM,6000 mAh Lithium ion Battery,T7250 Processor,6.79'' HD+ punch hole display,50MP + 2MP | 8MP Front Camera,,https://www.flipkart.com/boltt-evo-midnight-black-64-gb/p/itmf046d663a1fd7?pid=MOBHPP597GB8ZHTY&lid=LSTMOBHPP597GB8ZHTYGYX70A&marketplace=FLIPKART&q=smart+phones&store=tyy%2F4io&srno=s_25_581&otracker=search&fm=organic&iid=en_TRixnb9oe2bYWT0Xiu0bflhzE_a3LbczxDL-M5eDdf_s1lHxqd4VvLoSi8ZcFRfPmFcmDxdFnAg2HDILUSFuRZZk_zxnXKMiUj2SaFo9m-NpgwU6CzGFYW8qvRA_fHgd&ppt=None&ppn=None&ssid=me5674vucw0000001790935113433&qH=a5594894156db043&ov_redirect=true,2026-10-02
582,"BOLTT EVO (Lavender Bloom, 64 GB)",BOLTT,9999,17999,44% off,4.4,"1,327",695,4 GB RAM,64 GB ROM,6000 mAh Lithium ion Battery,T7250 Processor,6.79'' HD+ punch hole display,50MP + 2MP | 8MP Front Camera,,https://www.flipkart.com/boltt-evo-lavender-bloom-64-gb/p/itmf046d663a1fd7?pid=MOBHPP59AEJZHCVZ&lid=LSTMOBHPP59AEJZHCVZQQSXMU&marketplace=FLIPKART&q=smart+phones&store=tyy%2F4io&srno=s_25_582&otracker=search&fm=organic&iid=en_TRixnb9oe2bYWT0Xiu0bflhzE_a3LbczxDL-M5eDdf9GVOAje6AuJ4uuaAxfWfgd7xbDZ0DH1NrYuR9fFRym_pZk_zxnXKMiUj2SaFo9m-NpgwU6CzGFYW8qvRA_fHgd&ppt=None&ppn=None&ssid=me5674vucw0000001790935113433&qH=a5594894156db043&ov_redirect=true,2026-10-02
583,"OPPO K14x 5G 6500mAh and 45W SUPERVOOC Charger & AI (Icy Blue, 128 GB)",OPPO,21999,35999,38% off,4.3,"8,283",939,4 GB RAM,128 GB ROM,6500 mAh Battery,Dimensity 6300 Processor,17.14 cm (6.75 inch) HD+ Display,,,https://www.flipkart.com/oppo-k14x-5g-6500mah-45w-supervooc-charger-ai-icy-blue-128-gb/p/itmdcac5ae642971?pid=MOBHPHSHEYGHCFN3&lid=LSTMOBHPHSHEYGHCFN3VJ5IMV&marketplace=FLIPKART&q=smart+phones&store=tyy%2F4io&srno=s_25_583&otracker=search&fm=organic&iid=fd57e02a-1f7b-407e-9d0c-cfa442f73246.MOBHPHSHEYGHCFN3.SEARCH&ppt=None&ppn=None&ssid=me5674vucw0000001790935113433&qH=a5594894156db043&ov_redirect=true,2026-10-02
584,"Google Pixel 11 Pro (Obsidian, 256 GB)",Google,119999,,,4.4,68,13,12 GB RAM,256 GB ROM,4850 mAh Lithium Battery,Tensor G6 Processor,16.0 cm (6.3 inch) Super Actua Display,50MP + 48MP + 48MP | 42MP Front Camera,,https://www.flipkart.com/google-pixel-11-pro-obsidian-256-gb/p/itm43ed1a7482f41?pid=MOBHPHNVWHPZYAGY&lid=LSTMOBHPHNVWHPZYAGYO7Q4AF&marketplace=FLIPKART&q=smart+phones&store=tyy%2F4io&srno=s_25_584&otracker=search&fm=organic&iid=fd57e02a-1f7b-407e-9d0c-cfa442f73246.MOBHPHNVWHPZYAGY.SEARCH&ppt=None&ppn=None&ssid=me5674vucw0000001790935113433&qH=a5594894156db043&ov_redirect=true,2026-10-02
585,"Ai+ Pulse 2 (Pink, 128 GB)",Ai+,11499,15499,25% off,4.1,"13,183",937,4 GB RAM,128 GB ROM,6000 mAh Battery,T7250 Processor,17.13 cm (6.745 inch) HD+ Display,50MP Rear Camera | 8MP Front Camera,,https://www.flipkart.com/ai-pulse-2-pink-128-gb/p/itm982c299d0417e?pid=MOBHZPMCQGESJJDR&lid=LSTMOBHZPMCQGESJJDRIEHYZF&marketplace=FLIPKART&q=smart+phones&store=tyy%2F4io&srno=s_25_585&otracker=search&fm=organic&iid=fd57e02a-1f7b-407e-9d0c-cfa442f73246.MOBHZPMCQGESJJDR.SEARCH&ppt=None&ppn=None&ssid=me5674vucw0000001790935113433&qH=a5594894156db043&ov_redirect=true,2026-10-02
586,"Infinix HOT 40i (Starfall Green, 256 GB)",Infinix,9999,10999,9% off,4.1,"21,748","1,332",8 GB RAM,256 GB ROM,5000 mAh Battery,Unisoc T606 Processor,16.76 cm (6.6 inch) HD+ Display,50MP + AI Lens | 32MP Front Camera,,https://www.flipkart.com/infinix-hot-40i-starfall-green-256-gb/p/itma7412e2a212c6?pid=MOBGXZGH2XZTHTZS&lid=LSTMOBGXZGH2XZTHTZSDCVLP2&marketplace=FLIPKART&q=smart+phones&store=tyy%2F4io&srno=s_25_586&otracker=search&fm=organic&iid=fd57e02a-1f7b-407e-9d0c-cfa442f73246.MOBGXZGH2XZTHTZS.SEARCH&ppt=None&ppn=None&ssid=me5674vucw0000001790935113433&qH=a5594894156db043&ov_redirect=true,2026-10-02
587,"BOLTT EVO (Midnight Black, 128 GB)",BOLTT,11499,18999,39% off,4,"1,804",873,6 GB RAM,128 GB ROM,6000 mAh Lithium ion Battery,T7250 Processor,6.79'' HD+ punch hole display,50MP + 2MP | 8MP Front Camera,,https://www.flipkart.com/boltt-evo-midnight-black-128-gb/p/itmf046d663a1fd7?pid=MOBHPP59RWHM2PJH&lid=LSTMOBHPP59RWHM2PJHUUF4AF&marketplace=FLIPKART&q=smart+phones&store=tyy%2F4io&srno=s_25_587&otracker=search&fm=organic&iid=en_TRixnb9oe2bYWT0Xiu0bflhzE_a3LbczxDL-M5eDdf-m0x1ZoSBQacvxf25zXVW8-oHdKO3yYnYUN_r3HYwM1pZk_zxnXKMiUj2SaFo9m-NpgwU6CzGFYW8qvRA_fHgd&ppt=None&ppn=None&ssid=me5674vucw0000001790935113433&qH=a5594894156db043&ov_redirect=true,2026-10-02
588,"BOLTT EVO (Berry Red, 128 GB)",BOLTT,11499,18999,39% off,4,"1,804",873,6 GB RAM,128 GB ROM,6000 mAh Lithium ion Battery,T7250 Processor,6.79'' HD+ punch hole display,50MP + 2MP | 8MP Front Camera,,https://www.flipkart.com/boltt-evo-berry-red-128-gb/p/itmf046d663a1fd7?pid=MOBHPP59TUYYPWP5&lid=LSTMOBHPP59TUYYPWP5U7J1VB&marketplace=FLIPKART&q=smart+phones&store=tyy%2F4io&srno=s_25_588&otracker=search&fm=organic&iid=en_TRixnb9oe2bYWT0Xiu0bflhzE_a3LbczxDL-M5eDdf9dtu1qwGqkmHSh4VGVT56KvSppyrEH4LyH9lCiIfbYhZZk_zxnXKMiUj2SaFo9m-NpgwU6CzGFYW8qvRA_fHgd&ppt=None&ppn=None&ssid=me5674vucw0000001790935113433&qH=a5594894156db043&ov_redirect=true,2026-10-02
589,"vivo T4R 5G (Twilight Blue, 256 GB)",vivo,26999,,,4.4,"5,394",370,12 GB RAM,256 GB ROM,5700 mAh Battery,Dimensity 7400 5G Processor,17.2 cm (6.77 inch) Full HD+ Display,50MP (OIS) + 2MP | 32MP Front Camera,5G,https://www.flipkart.com/vivo-t4r-5g-twilight-blue-256-gb/p/itm3a5653667cb9c?pid=MOBHE49G72APGZBN&lid=LSTMOBHE49G72APGZBNYKWXSR&marketplace=FLIPKART&q=smart+phones&store=tyy%2F4io&srno=s_25_589&otracker=search&fm=organic&iid=fd57e02a-1f7b-407e-9d0c-cfa442f73246.MOBHE49G72APGZBN.SEARCH&ppt=None&ppn=None&ssid=me5674vucw0000001790935113433&qH=a5594894156db043&ov_redirect=true,2026-10-02
590,"MOTOROLA Edge 70 Fusion Snapdragon (Pantone COUNTRY AIR, 256 GB)",MOTOROLA,34999,59999,41% off,4.3,"6,894",768,12 GB RAM,256 GB ROM,7000 mAh Battery,Snapdragon 7s Gen 4 Processor,17.27 cm (6.8 inch) Super HD Display,50MP + 13MP | 32MP Front Camera,,https://www.flipkart.com/motorola-edge-70-fusion-snapdragon-pantone-country-air-256-gb/p/itmbc8e537e66567?pid=MOBHN973DFVJUURY&lid=LSTMOBHN973DFVJUURYU0XTEM&marketplace=FLIPKART&q=smart+phones&store=tyy%2F4io&srno=s_25_590&otracker=search&fm=organic&iid=fd57e02a-1f7b-407e-9d0c-cfa442f73246.MOBHN973DFVJUURY.SEARCH&ppt=None&ppn=None&ssid=me5674vucw0000001790935113433&qH=a5594894156db043&ov_redirect=true,2026-10-02
591,"BOLTT EVO (Sky Blue, 128 GB)",BOLTT,11499,18999,39% off,4,"1,804",873,6 GB RAM,128 GB ROM,6000 mAh Lithium ion Battery,T7250 Processor,6.79'' HD+ punch hole display,50MP + 2MP | 8MP Front Camera,,https://www.flipkart.com/boltt-evo-sky-blue-128-gb/p/itmf046d663a1fd7?pid=MOBHPP59ME6SPCZW&lid=LSTMOBHPP59ME6SPCZWUW9RP3&marketplace=FLIPKART&q=smart+phones&store=tyy%2F4io&srno=s_25_591&otracker=search&fm=organic&iid=en_TRixnb9oe2bYWT0Xiu0bflhzE_a3LbczxDL-M5eDdf8dcc3lK25rFfhSaEJRrJC43P0mWBjXnv8TRqM4RAxjiJZk_zxnXKMiUj2SaFo9m-NpgwU6CzGFYW8qvRA_fHgd&ppt=None&ppn=None&ssid=me5674vucw0000001790935113433&qH=a5594894156db043&ov_redirect=true,2026-10-02
592,"Nothing Phone (4b) (White, 256 GB)",Nothing,40999,59999,31% off,4.3,"1,841",179,8 GB RAM,256 GB ROM,6000 mAh Lithium ion Battery,6 Gen 4 Processor,17.2 cm (6.77 inch) Full HD+ AMOLED Display,50MP + 8MP | 16MP Front Camera,,https://www.flipkart.com/nothing-phone-4b-white-256-gb/p/itm939608b40adbb?pid=MOBHZMBD5MZZDUYA&lid=LSTMOBHZMBD5MZZDUYAIWDKYR&marketplace=FLIPKART&q=smart+phones&store=tyy%2F4io&srno=s_25_592&otracker=search&fm=organic&iid=en_TRixnb9oe2bYWT0Xiu0bflhzE_a3LbczxDL-M5eDdf-Wm5QhTvqv-j7Wv213FIYk7muq75qMORP5m1GATJhVOo4zosKAteXhOp7WzmYAPrf0G05Opr3RjaEhguY1w1yb&ppt=None&ppn=None&ssid=me5674vucw0000001790935113433&qH=a5594894156db043&ov_redirect=true,2026-10-02
593,"Google Pixel 11 (Obsidian, 256 GB)",Google,89999,,,4.5,391,72,12 GB RAM,256 GB ROM,4985 mAh Lithium Battery,Tensor G6 Processor,16.0 cm (6.3 inch) Actua Display,48MP + 13MP + 10.8MP | 10.5MP Front Camera,,https://www.flipkart.com/google-pixel-11-obsidian-256-gb/p/itma0200211f30ae?pid=MOBHPHNV4FA6ZKGF&lid=LSTMOBHPHNV4FA6ZKGFNVP4HH&marketplace=FLIPKART&q=smart+phones&store=tyy%2F4io&srno=s_25_593&otracker=search&fm=organic&iid=fd57e02a-1f7b-407e-9d0c-cfa442f73246.MOBHPHNV4FA6ZKGF.SEARCH&ppt=None&ppn=None&ssid=me5674vucw0000001790935113433&qH=a5594894156db043&ov_redirect=true,2026-10-02
594,"realme 15x 5G (Maroon Red, 128 GB)",realme,25999,30999,16% off,4.3,"3,543",298,8 GB RAM,128 GB ROM,7000 mAh Battery,Dimensity 6300 6nm Octa-core chipset Processor,17.27 cm (6.8 inch) Display,50MP Rear Camera | 50MP Front Camera,,https://www.flipkart.com/realme-15x-5g-maroon-red-128-gb/p/itmcf22f2a57724f?pid=MOBHHY7VSKKVXUNJ&lid=LSTMOBHHY7VSKKVXUNJ99BLBQ&marketplace=FLIPKART&q=smart+phones&store=tyy%2F4io&srno=s_25_594&otracker=search&fm=organic&iid=fd57e02a-1f7b-407e-9d0c-cfa442f73246.MOBHHY7VSKKVXUNJ.SEARCH&ppt=None&ppn=None&ssid=me5674vucw0000001790935113433&qH=a5594894156db043&ov_redirect=true,2026-10-02
595,"Motorola g84 5G (Marshmallow Blue, 256 GB)",Motorola,22999,,,4.2,"52,212","4,917",12 GB RAM,256 GB ROM,5000 mAh Battery,Snapdragon 695 Processor,16.64 cm (6.55 inch) Full HD+ Display,50MP (OIS) + 8MP | 16MP Front Camera,,https://www.flipkart.com/motorola-g84-5g-marshmallow-blue-256-gb/p/itm7807a599d2202?pid=MOBGQFX6CNRYHFGF&lid=LSTMOBGQFX6CNRYHFGFCPKTXR&marketplace=FLIPKART&q=smart+phones&store=tyy%2F4io&srno=s_25_595&otracker=search&fm=organic&iid=fd57e02a-1f7b-407e-9d0c-cfa442f73246.MOBGQFX6CNRYHFGF.SEARCH&ppt=None&ppn=None&ssid=me5674vucw0000001790935113433&qH=a5594894156db043&ov_redirect=true,2026-10-02
596,"Samsung Galaxy A14 5G (Dark Red, 128 GB)",Samsung,20999,,,4.2,"81,754","4,000",6 GB RAM,128 GB ROM,5000 mAh Lithium Ion Battery,Exynos 1330 Processor,16.76 cm (6.6 inch) Full HD+ Display,50MP + 2MP + 2MP | 13MP Front Camera,,https://www.flipkart.com/samsung-galaxy-a14-5g-dark-red-128-gb/p/itma8393faabfb76?pid=MOBGHT8UUUNXNYZ4&lid=LSTMOBGHT8UUUNXNYZ4QUY1LJ&marketplace=FLIPKART&q=smart+phones&store=tyy%2F4io&srno=s_25_596&otracker=search&fm=organic&iid=fd57e02a-1f7b-407e-9d0c-cfa442f73246.MOBGHT8UUUNXNYZ4.SEARCH&ppt=None&ppn=None&ssid=me5674vucw0000001790935113433&qH=a5594894156db043&ov_redirect=true,2026-10-02
597,"BOLTT EVO (Sky Blue, 64 GB)",BOLTT,9999,17999,44% off,4.4,"1,327",695,4 GB RAM,64 GB ROM,6000 mAh Lithium ion Battery,T7250 Processor,6.79'' HD+ punch hole display,50MP + 2MP | 8MP Front Camera,,https://www.flipkart.com/boltt-evo-sky-blue-64-gb/p/itmf046d663a1fd7?pid=MOBHPP59WKSV4FYG&lid=LSTMOBHPP59WKSV4FYGYPMLV6&marketplace=FLIPKART&q=smart+phones&store=tyy%2F4io&srno=s_25_597&otracker=search&fm=organic&iid=en_TRixnb9oe2bYWT0Xiu0bflhzE_a3LbczxDL-M5eDdf8onNf1Gz2pzGY3hV-J4TohigicCniOwiXfyNr6i62vdZZk_zxnXKMiUj2SaFo9m-NpgwU6CzGFYW8qvRA_fHgd&ppt=None&ppn=None&ssid=me5674vucw0000001790935113433&qH=a5594894156db043&ov_redirect=true,2026-10-02
598,"Tecno Spark Go 3 (Ink Black, 64 GB)",Tecno,12499,15999,21% off,4.1,221,15,4 GB RAM,64 GB ROM,5000 mAh Lithium Polymer Battery,T7250 Processor,17.12 cm (6.74 inch) HD+ Display,13MP Rear Camera | 8MP Front Camera,,https://www.flipkart.com/tecno-spark-go-3-ink-black-64-gb/p/itma9c8f128a61c6?pid=MOBHP2QYCXZZE3CM&lid=LSTMOBHP2QYCXZZE3CMWW64IB&marketplace=FLIPKART&q=smart+phones&store=tyy%2F4io&srno=s_25_598&otracker=search&fm=organic&iid=en_TRixnb9oe2bYWT0Xiu0bflhzE_a3LbczxDL-M5eDdf8uaKqQUD5fg3W6QCLBgEbSobHia2qzOJRVmItQg11sFOigoP0JOmkRzy9ESpBEi3du-83lDy7LZ9XiXe8vj7a6&ppt=None&ppn=None&ssid=me5674vucw0000001790935113433&qH=a5594894156db043&ov_redirect=true,2026-10-02
599,"realme 16x 5G (Endurance Brown, 128 GB)",realme,30999,54999,43% off,4.3,65,17,6 GB RAM,128 GB ROM,7000 mAh Battery,Dimensity 6300 Processor,17.27 cm (6.8 inch) HD+ Display,50MP Rear Camera | 8MP Front Camera,,https://www.flipkart.com/realme-16x-5g-endurance-brown-128-gb/p/itm431deb50ec5ba?pid=MOBHNVEDTAZQYXPV&lid=LSTMOBHNVEDTAZQYXPVYDIBP7&marketplace=FLIPKART&q=smart+phones&store=tyy%2F4io&srno=s_25_599&otracker=search&fm=organic&iid=fd57e02a-1f7b-407e-9d0c-cfa442f73246.MOBHNVEDTAZQYXPV.SEARCH&ppt=None&ppn=None&ssid=me5674vucw0000001790935113433&qH=a5594894156db043&ov_redirect=true,2026-10-02
600,"vivo T4 Pro 5G (Nitro Blue, 128 GB)",vivo,27999,32999,15% off,4.5,"23,545","2,193",8 GB RAM,128 GB ROM,6500 mAh Battery,7 Gen 4 Processor,17.2 cm (6.77 inch) Full HD+ Display,50MP + 2MP + 50MP | 32MP Front Camera,,https://www.flipkart.com/vivo-t4-pro-5g-nitro-blue-128-gb/p/itm4da1824b696d9?pid=MOBHF4F9H4PJUZGF&lid=LSTMOBHF4F9H4PJUZGF1DQ7FC&marketplace=FLIPKART&q=smart+phones&store=tyy%2F4io&srno=s_25_600&otracker=search&fm=organic&iid=fd57e02a-1f7b-407e-9d0c-cfa442f73246.MOBHF4F9H4PJUZGF.SEARCH&ppt=None&ppn=None&ssid=me5674vucw0000001790935113433&qH=a5594894156db043&ov_redirect=true,2026-10-02
601,"BOLTT EVO (Midnight Black, 64 GB)",BOLTT,9999,17999,44% off,4.4,"1,327",695,4 GB RAM,64 GB ROM,6000 mAh Lithium ion Battery,T7250 Processor,6.79'' HD+ punch hole display,50MP + 2MP | 8MP Front Camera,,https://www.flipkart.com/boltt-evo-midnight-black-64-gb/p/itmf046d663a1fd7?pid=MOBHPP597GB8ZHTY&lid=LSTMOBHPP597GB8ZHTYGYX70A&marketplace=FLIPKART&q=smart+phones&store=tyy%2F4io&srno=s_26_601&otracker=search&fm=organic&iid=en_3WIhfqUR4GX5er4BasavZPwwToKl4bQzwg6WfYJqlhBRET9fJOKIGdWB1gTWdMKhs7qCwkzzZfXNJUlojOr5SpZk_zxnXKMiUj2SaFo9m-M86kY-ri5Un3Lo4Bkj3jhs&ppt=None&ppn=None&ssid=1falrd991c0000001790935116231&qH=a5594894156db043&ov_redirect=true,2026-10-02
602,"BOLTT EVO (Berry Red, 128 GB)",BOLTT,11499,18999,39% off,4,"1,804",873,6 GB RAM,128 GB ROM,6000 mAh Lithium ion Battery,T7250 Processor,6.79'' HD+ punch hole display,50MP + 2MP | 8MP Front Camera,,https://www.flipkart.com/boltt-evo-berry-red-128-gb/p/itmf046d663a1fd7?pid=MOBHPP59TUYYPWP5&lid=LSTMOBHPP59TUYYPWP5U7J1VB&marketplace=FLIPKART&q=smart+phones&store=tyy%2F4io&srno=s_26_602&otracker=search&fm=organic&iid=en_3WIhfqUR4GX5er4BasavZPwwToKl4bQzwg6WfYJqlhCf--0auCJzw0FuLI9ZkDS5536Q4P5J64sMnJmf8X-4YpZk_zxnXKMiUj2SaFo9m-M86kY-ri5Un3Lo4Bkj3jhs&ppt=None&ppn=None&ssid=1falrd991c0000001790935116231&qH=a5594894156db043&ov_redirect=true,2026-10-02
603,"Ai+ Nova 2 Neo 5G (Red, 128 GB)",Ai+,15999,18999,15% off,4.3,"2,357",205,4 GB RAM,128 GB ROM,6000 mAh Li-polymer Battery,Dimensity 6300 Processor,17.13 cm (6.745 inch) HD+ Display,48MP Rear Camera | 8MP Front Camera,,https://www.flipkart.com/ai-nova-2-neo-5g-red-128-gb/p/itm3e105950e9175?pid=MOBHZ8ZMZBX5H8F8&lid=LSTMOBHZ8ZMZBX5H8F80RI4FO&marketplace=FLIPKART&q=smart+phones&store=tyy%2F4io&srno=s_26_603&otracker=search&fm=organic&iid=ff65fc5f-a0cf-4f56-b1e8-5c96caba7058.MOBHZ8ZMZBX5H8F8.SEARCH&ppt=None&ppn=None&ssid=1falrd991c0000001790935116231&qH=a5594894156db043&ov_redirect=true,2026-10-02
604,"realme P4s 5G (Titanium Gray, 256 GB)",realme,37999,54999,30% off,4.4,506,105,8 GB RAM,256 GB ROM,8000 mAh Battery,Dimensity 7400 Processor,17.22 cm (6.78 inch) Full HD+ AMOLED Display,50MP + 8MP | 16MP Front Camera,,https://www.flipkart.com/realme-p4s-5g-titanium-gray-256-gb/p/itmcb2e7e552a5ef?pid=MOBHPBHAGEJZ4KWF&lid=LSTMOBHPBHAGEJZ4KWF0IXU2O&marketplace=FLIPKART&q=smart+phones&store=tyy%2F4io&srno=s_26_604&otracker=search&fm=organic&iid=ff65fc5f-a0cf-4f56-b1e8-5c96caba7058.MOBHPBHAGEJZ4KWF.SEARCH&ppt=None&ppn=None&ssid=1falrd991c0000001790935116231&qH=a5594894156db043&ov_redirect=true,2026-10-02
605,"realme P4s 5G (Titanium Gray, 128 GB)",realme,34999,48999,28% off,4.4,506,105,8 GB RAM,128 GB ROM,8000 mAh Battery,Dimensity 7400 Processor,17.22 cm (6.78 inch) Full HD+ AMOLED Display,50MP + 8MP | 16MP Front Camera,,https://www.flipkart.com/realme-p4s-5g-titanium-gray-128-gb/p/itmcb2e7e552a5ef?pid=MOBHPBHATYTBGZXN&lid=LSTMOBHPBHATYTBGZXNW48J46&marketplace=FLIPKART&q=smart+phones&store=tyy%2F4io&srno=s_26_605&otracker=search&fm=organic&iid=ff65fc5f-a0cf-4f56-b1e8-5c96caba7058.MOBHPBHATYTBGZXN.SEARCH&ppt=None&ppn=None&ssid=1falrd991c0000001790935116231&qH=a5594894156db043&ov_redirect=true,2026-10-02
606,"Ai+ Nova 2 Pro 5G (Green, 128 GB)",Ai+,17999,21999,18% off,4,"2,383",276,6 GB RAM,128 GB ROM,6000 mAh Li-polymer Battery,Dimensity 7100 Processor,17.53 cm (6.9 inch) Full HD+ Display,48MP Rear Camera | 13MP Front Camera,,https://www.flipkart.com/ai-nova-2-pro-5g-green-128-gb/p/itma368934ad2791?pid=MOBHZ8ZMBGAXGJTE&lid=LSTMOBHZ8ZMBGAXGJTE4LQRH6&marketplace=FLIPKART&q=smart+phones&store=tyy%2F4io&srno=s_26_606&otracker=search&fm=organic&iid=ff65fc5f-a0cf-4f56-b1e8-5c96caba7058.MOBHZ8ZMBGAXGJTE.SEARCH&ppt=None&ppn=None&ssid=1falrd991c0000001790935116231&qH=a5594894156db043&ov_redirect=true,2026-10-02
607,"Nothing Phone (4b) (White, 256 GB)",Nothing,40999,59999,31% off,4.3,"1,841",179,8 GB RAM,256 GB ROM,6000 mAh Lithium ion Battery,6 Gen 4 Processor,17.2 cm (6.77 inch) Full HD+ AMOLED Display,50MP + 8MP | 16MP Front Camera,,https://www.flipkart.com/nothing-phone-4b-white-256-gb/p/itm939608b40adbb?pid=MOBHZMBD5MZZDUYA&lid=LSTMOBHZMBD5MZZDUYAIWDKYR&marketplace=FLIPKART&q=smart+phones&store=tyy%2F4io&srno=s_26_607&otracker=search&fm=organic&iid=en_3WIhfqUR4GX5er4BasavZPwwToKl4bQzwg6WfYJqlhCV6EpcVJjpT9jnTvkFjLgj7muq75qMORP5m1GATJhVOlQOgTQdsBk_Vf1d789BDshtFg5VbyyM8owFFnYyDfhK&ppt=None&ppn=None&ssid=1falrd991c0000001790935116231&qH=a5594894156db043&ov_redirect=true,2026-10-02
608,"realme Narzo 90x 5G (Flash Blue, 128 GB)",realme,,,,4.3,"1,654",112,8 GB RAM,128 GB ROM,7000 mAh Battery,,17.27 cm (6.8 inch) Display,50MP Rear Camera,,https://www.flipkart.com/realme-narzo-90x-5g-flash-blue-128-gb/p/itma63c5c5ce781a?pid=MOBHGUHGEGQQTHY2&q=smart+phones&store=tyy%2F4io&srno=s_26_608&otracker=search&fm=organic&iid=ff65fc5f-a0cf-4f56-b1e8-5c96caba7058.MOBHGUHGEGQQTHY2.SEARCH&ppt=None&ppn=None&ssid=1falrd991c0000001790935116231&qH=a5594894156db043&ov_redirect=true,2026-10-02
609,"Samsung Galaxy A07 LTE (Green, 64 GB)",Samsung,12640,12999,2% off,4.2,"1,641",115,4 GB RAM,64 GB ROM,5000 mAh Battery,Helio G99 Processor,17.02 cm (6.7 inch) HD+ Display,,,https://www.flipkart.com/samsung-galaxy-a07-lte-green-64-gb/p/itmf5c04712debfa?pid=MOBHG82Z2HGBWNCP&lid=LSTMOBHG82Z2HGBWNCP01LLOI&marketplace=FLIPKART&q=smart+phones&store=tyy%2F4io&srno=s_26_609&otracker=search&fm=organic&iid=ff65fc5f-a0cf-4f56-b1e8-5c96caba7058.MOBHG82Z2HGBWNCP.SEARCH&ppt=None&ppn=None&ssid=1falrd991c0000001790935116231&qH=a5594894156db043&ov_redirect=true,2026-10-02
610,"Samsung Galaxy A07 LTE (Light Violet, 64 GB)",Samsung,12818,12999,1% off,4.2,"1,641",115,4 GB RAM,64 GB ROM,5000 mAh Battery,Helio G99 Processor,17.02 cm (6.7 inch) HD+ Display,,,https://www.flipkart.com/samsung-galaxy-a07-lte-light-violet-64-gb/p/itmf5c04712debfa?pid=MOBHG82ZTP4VBHYP&lid=LSTMOBHG82ZTP4VBHYPM3DEGE&marketplace=FLIPKART&q=smart+phones&store=tyy%2F4io&srno=s_26_610&otracker=search&fm=organic&iid=ff65fc5f-a0cf-4f56-b1e8-5c96caba7058.MOBHG82ZTP4VBHYP.SEARCH&ppt=None&ppn=None&ssid=1falrd991c0000001790935116231&qH=a5594894156db043&ov_redirect=true,2026-10-02
611,"Infinix GT 30 Pro 5G+ (Dark Flare, 256 GB)",Infinix,31999,,,4.4,"2,845",268,8 GB RAM,256 GB ROM,5500 mAh Battery,Dimensity 8350 Ultimate Processor,17.22 cm (6.78 inch) Full HD+ AMOLED Display,108MP + 8MP | 13MP Front Camera,,https://www.flipkart.com/infinix-gt-30-pro-5g-dark-flare-256-gb/p/itmd4bc1852572b9?pid=MOBHC645WDP8VHJX&lid=LSTMOBHC645WDP8VHJXT0HRMI&marketplace=FLIPKART&q=smart+phones&store=tyy%2F4io&srno=s_26_611&otracker=search&fm=organic&iid=ff65fc5f-a0cf-4f56-b1e8-5c96caba7058.MOBHC645WDP8VHJX.SEARCH&ppt=None&ppn=None&ssid=1falrd991c0000001790935116231&qH=a5594894156db043&ov_redirect=true,2026-10-02
612,"Infinix GT 30 Pro 5G+ (Blade White, 256 GB)",Infinix,31999,,,4.4,"2,845",268,8 GB RAM,256 GB ROM,5500 mAh Battery,Dimensity 8350 Ultimate Processor,17.22 cm (6.78 inch) Display,108MP + 8MP | 13MP Front Camera,,https://www.flipkart.com/infinix-gt-30-pro-5g-blade-white-256-gb/p/itmd4bc1852572b9?pid=MOBHC645VTTPWXWM&lid=LSTMOBHC645VTTPWXWM43WEJA&marketplace=FLIPKART&q=smart+phones&store=tyy%2F4io&srno=s_26_612&otracker=search&fm=organic&iid=ff65fc5f-a0cf-4f56-b1e8-5c96caba7058.MOBHC645VTTPWXWM.SEARCH&ppt=None&ppn=None&ssid=1falrd991c0000001790935116231&qH=a5594894156db043&ov_redirect=true,2026-10-02
613,"realme Gt 7 (Icesense Blue, 256 GB)",realme,48999,,,4.5,"1,550",200,12 GB RAM,256 GB ROM,7000 mAh Battery,Dimensity Processor,17.22 cm (6.78 inch) Full HD+ AMOLED Display,50MP + 50MP + 50MP + 8MP | 32MP + 32MP Dual Front Camera,,https://www.flipkart.com/realme-gt-7-icesense-blue-256-gb/p/itm6cc8f84d92e2f?pid=MOBHCHWNFTFYCQWQ&lid=LSTMOBHCHWNFTFYCQWQKYWZSI&marketplace=FLIPKART&q=smart+phones&store=tyy%2F4io&srno=s_26_613&otracker=search&fm=organic&iid=ff65fc5f-a0cf-4f56-b1e8-5c96caba7058.MOBHCHWNFTFYCQWQ.SEARCH&ppt=None&ppn=None&ssid=1falrd991c0000001790935116231&qH=a5594894156db043&ov_redirect=true,2026-10-02
614,"realme Gt 7 (Icesense Black, 512 GB)",realme,52999,,,4.5,"1,550",200,12 GB RAM,512 GB ROM,7000 mAh Battery,Dimensity Processor,17.22 cm (6.78 inch) Full HD+ AMOLED Display,50MP + 50MP + 50MP + 8MP | 32MP + 32MP Dual Front Camera,,https://www.flipkart.com/realme-gt-7-icesense-black-512-gb/p/itm6cc8f84d92e2f?pid=MOBHCZYZJ756E2YU&lid=LSTMOBHCZYZJ756E2YUZRPIYC&marketplace=FLIPKART&q=smart+phones&store=tyy%2F4io&srno=s_26_614&otracker=search&fm=organic&iid=ff65fc5f-a0cf-4f56-b1e8-5c96caba7058.MOBHCZYZJ756E2YU.SEARCH&ppt=None&ppn=None&ssid=1falrd991c0000001790935116231&qH=a5594894156db043&ov_redirect=true,2026-10-02
615,"Samsung Galaxy S26 5G (Cobalt Violet, 256 GB)",Samsung,87999,,,4.7,642,182,12 GB RAM,256 GB ROM,4300 mAh Li-ion Battery,2600 Processor,16.0 cm (6.3 inch) Full HD+ Display,50MP + 12MP | 12MP Front Camera,,https://www.flipkart.com/samsung-galaxy-s26-5g-cobalt-violet-256-gb/p/itm0ca5d0430e1c1?pid=MOBHKGAPFVDATGBR&lid=LSTMOBHKGAPFVDATGBRZ8K8ZU&marketplace=FLIPKART&q=smart+phones&store=tyy%2F4io&srno=s_26_615&otracker=search&fm=organic&iid=ff65fc5f-a0cf-4f56-b1e8-5c96caba7058.MOBHKGAPFVDATGBR.SEARCH&ppt=None&ppn=None&ssid=1falrd991c0000001790935116231&qH=a5594894156db043&ov_redirect=true,2026-10-02
616,"Samsung Galaxy S26 5G (Sky Blue, 256 GB)",Samsung,87999,,,4.7,642,182,12 GB RAM,256 GB ROM,4300 mAh Li-ion Battery,2600 Processor,16.0 cm (6.3 inch) Full HD+ Display,50MP + 12MP | 12MP Front Camera,,https://www.flipkart.com/samsung-galaxy-s26-5g-sky-blue-256-gb/p/itm0ca5d0430e1c1?pid=MOBHKGAPDXGWGVMC&lid=LSTMOBHKGAPDXGWGVMCGU1FBQ&marketplace=FLIPKART&q=smart+phones&store=tyy%2F4io&srno=s_26_616&otracker=search&fm=organic&iid=ff65fc5f-a0cf-4f56-b1e8-5c96caba7058.MOBHKGAPDXGWGVMC.SEARCH&ppt=None&ppn=None&ssid=1falrd991c0000001790935116231&qH=a5594894156db043&ov_redirect=true,2026-10-02
617,"Samsung Galaxy S26 5G (White, 256 GB)",Samsung,87999,,,4.7,642,182,12 GB RAM,256 GB ROM,4300 mAh Li-ion Battery,2600 Processor,16.0 cm (6.3 inch) Full HD+ Display,50MP + 12MP | 12MP Front Camera,,https://www.flipkart.com/samsung-galaxy-s26-5g-white-256-gb/p/itm0ca5d0430e1c1?pid=MOBHKGAPH5JGKK3E&lid=LSTMOBHKGAPH5JGKK3EW9MCPP&marketplace=FLIPKART&q=smart+phones&store=tyy%2F4io&srno=s_26_617&otracker=search&fm=organic&iid=ff65fc5f-a0cf-4f56-b1e8-5c96caba7058.MOBHKGAPH5JGKK3E.SEARCH&ppt=None&ppn=None&ssid=1falrd991c0000001790935116231&qH=a5594894156db043&ov_redirect=true,2026-10-02
618,"Ai+ Nova 2 Pro 5G (Blue, 128 GB)",Ai+,18999,23999,20% off,4,"1,050",134,8 GB RAM,128 GB ROM,6000 mAh Li-polymer Battery,Dimensity 7100 Processor,17.53 cm (6.9 inch) Full HD+ Display,48MP Rear Camera | 13MP Front Camera,,https://www.flipkart.com/ai-nova-2-pro-5g-blue-128-gb/p/itmd1ea84fa8f73a?pid=MOBHZ8ZMRKCCRXEU&lid=LSTMOBHZ8ZMRKCCRXEUQOKXSE&marketplace=FLIPKART&q=smart+phones&store=tyy%2F4io&srno=s_26_618&otracker=search&fm=organic&iid=ff65fc5f-a0cf-4f56-b1e8-5c96caba7058.MOBHZ8ZMRKCCRXEU.SEARCH&ppt=None&ppn=None&ssid=1falrd991c0000001790935116231&qH=a5594894156db043&ov_redirect=true,2026-10-02
619,"REDMI Note-14 Pro+ 5G (Phantom Purple, 256 GB)",REDMI,36999,,,4.4,897,69,8 GB RAM,256 GB ROM,6200 mAh Battery,7s Gen 3 Processor,16.94 cm (6.67 inch) Display,50MP + 50MP + 8MP | 20MP Front Camera,,https://www.flipkart.com/redmi-note-14-pro-5g-phantom-purple-256-gb/p/itmf69d377f9a8fb?pid=MOBH8BW3ZZHKFGNX&lid=LSTMOBH8BW3ZZHKFGNXDSD1AY&marketplace=FLIPKART&q=smart+phones&store=tyy%2F4io&srno=s_26_619&otracker=search&fm=organic&iid=ff65fc5f-a0cf-4f56-b1e8-5c96caba7058.MOBH8BW3ZZHKFGNX.SEARCH&ppt=None&ppn=None&ssid=1falrd991c0000001790935116231&qH=a5594894156db043&ov_redirect=true,2026-10-02
620,"realme P4s 5G (Titanium Gray, 256 GB)",realme,41999,60999,31% off,4.5,53,13,12 GB RAM,256 GB ROM,8000 mAh Battery,Dimensity 7400 Processor,17.22 cm (6.78 inch) Full HD+ AMOLED Display,50MP + 8MP | 16MP Front Camera,,https://www.flipkart.com/realme-p4s-5g-titanium-gray-256-gb/p/itmcb2e7e552a5ef?pid=MOBHPBHAEHZXGFCV&lid=LSTMOBHPBHAEHZXGFCVUCKEEO&marketplace=FLIPKART&q=smart+phones&store=tyy%2F4io&srno=s_26_620&otracker=search&fm=organic&iid=ff65fc5f-a0cf-4f56-b1e8-5c96caba7058.MOBHPBHAEHZXGFCV.SEARCH&ppt=None&ppn=None&ssid=1falrd991c0000001790935116231&qH=a5594894156db043&ov_redirect=true,2026-10-02
621,"realme P4s 5G (Electric Cyan, 256 GB)",realme,41999,60999,31% off,4.5,53,13,12 GB RAM,256 GB ROM,8000 mAh Battery,Dimensity 7400 Processor,17.22 cm (6.78 inch) Full HD+ AMOLED Display,50MP + 8MP | 16MP Front Camera,,https://www.flipkart.com/realme-p4s-5g-electric-cyan-256-gb/p/itmcb2e7e552a5ef?pid=MOBHPBHARTPRKMA8&lid=LSTMOBHPBHARTPRKMA8GVW3JV&marketplace=FLIPKART&q=smart+phones&store=tyy%2F4io&srno=s_26_621&otracker=search&fm=organic&iid=ff65fc5f-a0cf-4f56-b1e8-5c96caba7058.MOBHPBHARTPRKMA8.SEARCH&ppt=None&ppn=None&ssid=1falrd991c0000001790935116231&qH=a5594894156db043&ov_redirect=true,2026-10-02
622,"Ai+ Nova 2 Pro 5G (Black, 128 GB)",Ai+,18999,23999,20% off,4,"1,050",134,8 GB RAM,128 GB ROM,6000 mAh Li-polymer Battery,Dimensity 7100 Processor,17.53 cm (6.9 inch) Full HD+ Display,48MP Rear Camera | 13MP Front Camera,,https://www.flipkart.com/ai-nova-2-pro-5g-black-128-gb/p/itm1a5fb9d3c8861?pid=MOBHZ8ZMFWDHVNGD&lid=LSTMOBHZ8ZMFWDHVNGDLOZ7M8&marketplace=FLIPKART&q=smart+phones&store=tyy%2F4io&srno=s_26_622&otracker=search&fm=organic&iid=ff65fc5f-a0cf-4f56-b1e8-5c96caba7058.MOBHZ8ZMFWDHVNGD.SEARCH&ppt=None&ppn=None&ssid=1falrd991c0000001790935116231&qH=a5594894156db043&ov_redirect=true,2026-10-02
623,"Samsung Galaxy A06 5G (Black, 128 GB)",Samsung,16995,18999,10% off,4.1,"5,014",378,4 GB RAM,128 GB ROM,5000 mAh Li-ion Battery,Dimensity 6300 Processor,17.02 cm (6.7 inch) HD+ Display,50MP + 2MP | 8MP Front Camera,,https://www.flipkart.com/samsung-galaxy-a06-5g-black-128-gb/p/itm2bf1cd87d2bf7?pid=MOBH9GQKCNWVNM2M&lid=LSTMOBH9GQKCNWVNM2MZQJEC2&marketplace=FLIPKART&q=smart+phones&store=tyy%2F4io&srno=s_26_623&otracker=search&fm=organic&iid=ff65fc5f-a0cf-4f56-b1e8-5c96caba7058.MOBH9GQKCNWVNM2M.SEARCH&ppt=None&ppn=None&ssid=1falrd991c0000001790935116231&qH=a5594894156db043&ov_redirect=true,2026-10-02
624,"REDMI Note-14 Pro+ 5G (Phantom Purple, 128 GB)",REDMI,27499,34999,21% off,4.4,897,69,8 GB RAM,128 GB ROM,6200 mAh Battery,7s Gen 3 Processor,16.94 cm (6.67 inch) Display,50MP + 50MP + 8MP | 20MP Front Camera,,https://www.flipkart.com/redmi-note-14-pro-5g-phantom-purple-128-gb/p/itmf69d377f9a8fb?pid=MOBH8BW3FUDN5Z2P&lid=LSTMOBH8BW3FUDN5Z2PUX6ZVP&marketplace=FLIPKART&q=smart+phones&store=tyy%2F4io&srno=s_26_624&otracker=search&fm=organic&iid=ff65fc5f-a0cf-4f56-b1e8-5c96caba7058.MOBH8BW3FUDN5Z2P.SEARCH&ppt=None&ppn=None&ssid=1falrd991c0000001790935116231&qH=a5594894156db043&ov_redirect=true,2026-10-02
625,"Ai+ Nova 2 Neo 5G (Black, 128 GB)",Ai+,15999,18999,15% off,4.3,"2,357",205,4 GB RAM,128 GB ROM,6000 mAh Li-polymer Battery,Dimensity 6300 Processor,17.13 cm (6.745 inch) HD+ Display,48MP Rear Camera | 8MP Front Camera,,https://www.flipkart.com/ai-nova-2-neo-5g-black-128-gb/p/itm4cc8b3a16e28e?pid=MOBHZ8ZMMYU5N9GW&lid=LSTMOBHZ8ZMMYU5N9GWUVAM3I&marketplace=FLIPKART&q=smart+phones&store=tyy%2F4io&srno=s_27_625&otracker=search&fm=organic&iid=b355c07c-6a70-4710-8566-cd7d146f8622.MOBHZ8ZMMYU5N9GW.SEARCH&ppt=None&ppn=None&ssid=0uobuwju8w0000001790935119185&qH=a5594894156db043&ov_redirect=true,2026-10-02
626,"Nothing Phone (4b) (Blue, 256 GB)",Nothing,40999,59999,31% off,4.3,"1,841",179,8 GB RAM,256 GB ROM,6000 mAh Lithium ion Battery,6 Gen 4 Processor,17.2 cm (6.77 inch) Full HD+ AMOLED Display,50MP + 8MP | 16MP Front Camera,,https://www.flipkart.com/nothing-phone-4b-blue-256-gb/p/itm939608b40adbb?pid=MOBHZMBDHJGVM8N5&lid=LSTMOBHZMBDHJGVM8N5TDJER1&marketplace=FLIPKART&q=smart+phones&store=tyy%2F4io&srno=s_27_626&otracker=search&fm=organic&iid=b355c07c-6a70-4710-8566-cd7d146f8622.MOBHZMBDHJGVM8N5.SEARCH&ppt=None&ppn=None&ssid=0uobuwju8w0000001790935119185&qH=a5594894156db043&ov_redirect=true,2026-10-02
627,"BOLTT EVO (Arctic White, 128 GB)",BOLTT,11499,18999,39% off,4,"1,804",873,6 GB RAM,128 GB ROM,6000 mAh Lithium ion Battery,T7250 Processor,6.79'' HD+ punch hole display,50MP + 2MP | 8MP Front Camera,,https://www.flipkart.com/boltt-evo-arctic-white-128-gb/p/itmf046d663a1fd7?pid=MOBHPP59GKGTGZGA&lid=LSTMOBHPP59GKGTGZGAIEMNWG&marketplace=FLIPKART&q=smart+phones&store=tyy%2F4io&srno=s_27_627&otracker=search&fm=organic&iid=en__ljU684QDeuzhEZW-Ekxyk6Mlz5B6P_EMOg4KTAsSfoMTZllnwfrNiDEt19SXccdApXdqJ8g9gjPKgZjVdc9bpZk_zxnXKMiUj2SaFo9m-MTIRELjXP7iNXDg2vy_Jfm&ppt=None&ppn=None&ssid=0uobuwju8w0000001790935119185&qH=a5594894156db043&ov_redirect=true,2026-10-02
628,"BOLTT EVO (Arctic White, 64 GB)",BOLTT,9999,17999,44% off,4.4,"1,327",695,4 GB RAM,64 GB ROM,6000 mAh Lithium ion Battery,T7250 Processor,6.79'' HD+ punch hole display,50MP + 2MP | 8MP Front Camera,,https://www.flipkart.com/boltt-evo-arctic-white-64-gb/p/itmf046d663a1fd7?pid=MOBHPP59BYSJ98M8&lid=LSTMOBHPP59BYSJ98M8RWYHGQ&marketplace=FLIPKART&q=smart+phones&store=tyy%2F4io&srno=s_27_628&otracker=search&fm=organic&iid=en__ljU684QDeuzhEZW-Ekxyk6Mlz5B6P_EMOg4KTAsSfpqRtdazhX2py0CIISVUosu6Ux8tV-__SxlzWH1nelDDZZk_zxnXKMiUj2SaFo9m-MTIRELjXP7iNXDg2vy_Jfm&ppt=None&ppn=None&ssid=0uobuwju8w0000001790935119185&qH=a5594894156db043&ov_redirect=true,2026-10-02
629,"Samsung Galaxy A06 5G (Black, 64 GB)",Samsung,15245,20999,27% off,4.1,"5,014",378,4 GB RAM,64 GB ROM,5000 mAh Li-ion Battery,Dimensity 6300 Processor,17.02 cm (6.7 inch) HD+ Display,50MP + 2MP | 8MP Front Camera,,https://www.flipkart.com/samsung-galaxy-a06-5g-black-64-gb/p/itm68a03d686c7c4?pid=MOBH9GQKTSEJGNCA&lid=LSTMOBH9GQKTSEJGNCAHT7FTG&marketplace=FLIPKART&q=smart+phones&store=tyy%2F4io&srno=s_27_629&otracker=search&fm=organic&iid=b355c07c-6a70-4710-8566-cd7d146f8622.MOBH9GQKTSEJGNCA.SEARCH&ppt=None&ppn=None&ssid=0uobuwju8w0000001790935119185&qH=a5594894156db043&ov_redirect=true,2026-10-02
630,"Samsung Galaxy F36 5G (Black, 256 GB)",Samsung,26999,29999,10% off,4.2,"7,252",635,8 GB RAM,256 GB ROM,5000 mAh Battery,Samsung Exynos 1380 Processor,17.02 cm (6.7 inch) Full HD+ Display,50MP + 8MP + 2MP | 13MP Front Camera,,https://www.flipkart.com/samsung-galaxy-f36-5g-black-256-gb/p/itma2c19580a816d?pid=MOBHDFVTUZD7AKRA&lid=LSTMOBHDFVTUZD7AKRAHQEGM1&marketplace=FLIPKART&q=smart+phones&store=tyy%2F4io&srno=s_27_630&otracker=search&fm=organic&iid=b355c07c-6a70-4710-8566-cd7d146f8622.MOBHDFVTUZD7AKRA.SEARCH&ppt=None&ppn=None&ssid=0uobuwju8w0000001790935119185&qH=a5594894156db043&ov_redirect=true,2026-10-02
631,"BOLTT EVO (Midnight Black, 64 GB)",BOLTT,9999,17999,44% off,4.4,"1,327",695,4 GB RAM,64 GB ROM,6000 mAh Lithium ion Battery,T7250 Processor,6.79'' HD+ punch hole display,50MP + 2MP | 8MP Front Camera,,https://www.flipkart.com/boltt-evo-midnight-black-64-gb/p/itmf046d663a1fd7?pid=MOBHPP597GB8ZHTY&lid=LSTMOBHPP597GB8ZHTYGYX70A&marketplace=FLIPKART&q=smart+phones&store=tyy%2F4io&srno=s_27_631&otracker=search&fm=organic&iid=en__ljU684QDeuzhEZW-Ekxyk6Mlz5B6P_EMOg4KTAsSfquk192Hs-kZQnM-Ctnh9wrmFcmDxdFnAg2HDILUSFuRZZk_zxnXKMiUj2SaFo9m-MTIRELjXP7iNXDg2vy_Jfm&ppt=None&ppn=None&ssid=0uobuwju8w0000001790935119185&qH=a5594894156db043&ov_redirect=true,2026-10-02
632,"BOLTT EVO (Lavender Bloom, 64 GB)",BOLTT,9999,17999,44% off,4.4,"1,327",695,4 GB RAM,64 GB ROM,6000 mAh Lithium ion Battery,T7250 Processor,6.79'' HD+ punch hole display,50MP + 2MP | 8MP Front Camera,,https://www.flipkart.com/boltt-evo-lavender-bloom-64-gb/p/itmf046d663a1fd7?pid=MOBHPP59AEJZHCVZ&lid=LSTMOBHPP59AEJZHCVZQQSXMU&marketplace=FLIPKART&q=smart+phones&store=tyy%2F4io&srno=s_27_632&otracker=search&fm=organic&iid=en__ljU684QDeuzhEZW-Ekxyk6Mlz5B6P_EMOg4KTAsSfooBwB7NOdA2jq3MrzSOazv7xbDZ0DH1NrYuR9fFRym_pZk_zxnXKMiUj2SaFo9m-MTIRELjXP7iNXDg2vy_Jfm&ppt=None&ppn=None&ssid=0uobuwju8w0000001790935119185&qH=a5594894156db043&ov_redirect=true,2026-10-02
633,"MOTOROLA G77 Power (PANTONE Fuchsia Red, 128 GB)",MOTOROLA,27999,44999,37% off,4.1,133,18,8 GB RAM,128 GB ROM,7000 mAh Battery,Dimensity 6400 Processor,17.07 cm (6.72 inch) Full HD+ Display,50MP + 8MP | 32MP Front Camera,,https://www.flipkart.com/motorola-g77-power-pantone-fuchsia-red-128-gb/p/itm5da72dfa8f2fd?pid=MOBHNEZPKXSZXFY6&lid=LSTMOBHNEZPKXSZXFY65LXHAK&marketplace=FLIPKART&q=smart+phones&store=tyy%2F4io&srno=s_27_633&otracker=search&fm=organic&iid=b355c07c-6a70-4710-8566-cd7d146f8622.MOBHNEZPKXSZXFY6.SEARCH&ppt=None&ppn=None&ssid=0uobuwju8w0000001790935119185&qH=a5594894156db043&ov_redirect=true,2026-10-02
634,"Samsung Galaxy S26 5G (Sky Blue, 512 GB)",Samsung,107999,,,4.7,642,182,12 GB RAM,512 GB ROM,4300 mAh Li-ion Battery,2600 Processor,16.0 cm (6.3 inch) Full HD+ Display,50MP + 12MP | 12MP Front Camera,,https://www.flipkart.com/samsung-galaxy-s26-5g-sky-blue-512-gb/p/itm0ca5d0430e1c1?pid=MOBHKGAPAZ3N7GNF&lid=LSTMOBHKGAPAZ3N7GNFW9CQ9F&marketplace=FLIPKART&q=smart+phones&store=tyy%2F4io&srno=s_27_634&otracker=search&fm=organic&iid=b355c07c-6a70-4710-8566-cd7d146f8622.MOBHKGAPAZ3N7GNF.SEARCH&ppt=None&ppn=None&ssid=0uobuwju8w0000001790935119185&qH=a5594894156db043&ov_redirect=true,2026-10-02
635,"Samsung Galaxy S26 5G (Black, 512 GB)",Samsung,107999,,,4.7,642,182,12 GB RAM,512 GB ROM,4300 mAh Li-ion Battery,2600 Processor,16.0 cm (6.3 inch) Full HD+ Display,50MP + 12MP | 12MP Front Camera,,https://www.flipkart.com/samsung-galaxy-s26-5g-black-512-gb/p/itm0ca5d0430e1c1?pid=MOBHKGAPUSBAHSUM&lid=LSTMOBHKGAPUSBAHSUMNZMCDH&marketplace=FLIPKART&q=smart+phones&store=tyy%2F4io&srno=s_27_635&otracker=search&fm=organic&iid=b355c07c-6a70-4710-8566-cd7d146f8622.MOBHKGAPUSBAHSUM.SEARCH&ppt=None&ppn=None&ssid=0uobuwju8w0000001790935119185&qH=a5594894156db043&ov_redirect=true,2026-10-02
636,"Samsung Galaxy S26 5G (Cobalt Violet, 512 GB)",Samsung,107999,,,4.7,642,182,12 GB RAM,512 GB ROM,4300 mAh Li-ion Battery,2600 Processor,16.0 cm (6.3 inch) Full HD+ Display,50MP + 12MP | 12MP Front Camera,,https://www.flipkart.com/samsung-galaxy-s26-5g-cobalt-violet-512-gb/p/itm0ca5d0430e1c1?pid=MOBHKGAP89XKG7BB&lid=LSTMOBHKGAP89XKG7BBCOOY8D&marketplace=FLIPKART&q=smart+phones&store=tyy%2F4io&srno=s_27_636&otracker=search&fm=organic&iid=b355c07c-6a70-4710-8566-cd7d146f8622.MOBHKGAP89XKG7BB.SEARCH&ppt=None&ppn=None&ssid=0uobuwju8w0000001790935119185&qH=a5594894156db043&ov_redirect=true,2026-10-02
637,"BOLTT EVO (Midnight Black, 128 GB)",BOLTT,11499,18999,39% off,4,"1,804",873,6 GB RAM,128 GB ROM,6000 mAh Lithium ion Battery,T7250 Processor,6.79'' HD+ punch hole display,50MP + 2MP | 8MP Front Camera,,https://www.flipkart.com/boltt-evo-midnight-black-128-gb/p/itmf046d663a1fd7?pid=MOBHPP59RWHM2PJH&lid=LSTMOBHPP59RWHM2PJHUUF4AF&marketplace=FLIPKART&q=smart+phones&store=tyy%2F4io&srno=s_27_637&otracker=search&fm=organic&iid=en__ljU684QDeuzhEZW-Ekxyk6Mlz5B6P_EMOg4KTAsSfqqL2HQl7DvH7c3pm-gZ-cx-oHdKO3yYnYUN_r3HYwM1pZk_zxnXKMiUj2SaFo9m-MTIRELjXP7iNXDg2vy_Jfm&ppt=None&ppn=None&ssid=0uobuwju8w0000001790935119185&qH=a5594894156db043&ov_redirect=true,2026-10-02
638,"BOLTT EVO (Berry Red, 128 GB)",BOLTT,11499,18999,39% off,4,"1,804",873,6 GB RAM,128 GB ROM,6000 mAh Lithium ion Battery,T7250 Processor,6.79'' HD+ punch hole display,50MP + 2MP | 8MP Front Camera,,https://www.flipkart.com/boltt-evo-berry-red-128-gb/p/itmf046d663a1fd7?pid=MOBHPP59TUYYPWP5&lid=LSTMOBHPP59TUYYPWP5U7J1VB&marketplace=FLIPKART&q=smart+phones&store=tyy%2F4io&srno=s_27_638&otracker=search&fm=organic&iid=en__ljU684QDeuzhEZW-Ekxyk6Mlz5B6P_EMOg4KTAsSfoAw0YeGIhQqMOGjkfMeDhTvSppyrEH4LyH9lCiIfbYhZZk_zxnXKMiUj2SaFo9m-MTIRELjXP7iNXDg2vy_Jfm&ppt=None&ppn=None&ssid=0uobuwju8w0000001790935119185&qH=a5594894156db043&ov_redirect=true,2026-10-02
639,"Samsung M36 5G (Light Green, 128 GB)",Samsung,24495,26999,9% off,4.3,"5,799",450,6 GB RAM,128 GB ROM,5000 mAh Battery,,17.02 cm (6.7 inch) Display,50MP Rear Camera,,https://www.flipkart.com/samsung-m36-5g-light-green-128-gb/p/itm4cf1eae54334f?pid=MOBHEYY2YZXYBR66&lid=LSTMOBHEYY2YZXYBR66QIK7TW&marketplace=FLIPKART&q=smart+phones&store=tyy%2F4io&srno=s_27_639&otracker=search&fm=organic&iid=b355c07c-6a70-4710-8566-cd7d146f8622.MOBHEYY2YZXYBR66.SEARCH&ppt=None&ppn=None&ssid=0uobuwju8w0000001790935119185&qH=a5594894156db043&ov_redirect=true,2026-10-02
640,"Samsung M47 5G (Blaze Blue, 128 GB)",Samsung,27979,44345,36% off,4.1,118,18,6 GB RAM,128 GB ROM,6000 mAh Battery,,16.94 cm (6.67 inch) Display,50MP Rear Camera,,https://www.flipkart.com/samsung-m47-5g-blaze-blue-128-gb/p/itmed5389226b408?pid=MOBHZWBVT3NUCCPP&lid=LSTMOBHZWBVT3NUCCPPXVB6L7&marketplace=FLIPKART&q=smart+phones&store=tyy%2F4io&srno=s_27_640&otracker=search&fm=organic&iid=b355c07c-6a70-4710-8566-cd7d146f8622.MOBHZWBVT3NUCCPP.SEARCH&ppt=None&ppn=None&ssid=0uobuwju8w0000001790935119185&qH=a5594894156db043&ov_redirect=true,2026-10-02
641,"Nothing Phone (4b) (White, 256 GB)",Nothing,40999,59999,31% off,4.3,"1,841",179,8 GB RAM,256 GB ROM,6000 mAh Lithium ion Battery,6 Gen 4 Processor,17.2 cm (6.77 inch) Full HD+ AMOLED Display,50MP + 8MP | 16MP Front Camera,,https://www.flipkart.com/nothing-phone-4b-white-256-gb/p/itm939608b40adbb?pid=MOBHZMBD5MZZDUYA&lid=LSTMOBHZMBD5MZZDUYAIWDKYR&marketplace=FLIPKART&q=smart+phones&store=tyy%2F4io&srno=s_27_641&otracker=search&fm=organic&iid=en__ljU684QDeuzhEZW-Ekxyk6Mlz5B6P_EMOg4KTAsSfqyTMeUC1lPciYu_PNwrquK7muq75qMORP5m1GATJhVOuebvJ3XMQeWNozLNoAjfkLStcQCNZByu66dIB19Hp4b&ppt=None&ppn=None&ssid=0uobuwju8w0000001790935119185&qH=a5594894156db043&ov_redirect=true,2026-10-02
642,"BOLTT EVO (Sky Blue, 128 GB)",BOLTT,11499,18999,39% off,4,"1,804",873,6 GB RAM,128 GB ROM,6000 mAh Lithium ion Battery,T7250 Processor,6.79'' HD+ punch hole display,50MP + 2MP | 8MP Front Camera,,https://www.flipkart.com/boltt-evo-sky-blue-128-gb/p/itmf046d663a1fd7?pid=MOBHPP59ME6SPCZW&lid=LSTMOBHPP59ME6SPCZWUW9RP3&marketplace=FLIPKART&q=smart+phones&store=tyy%2F4io&srno=s_27_642&otracker=search&fm=organic&iid=en__ljU684QDeuzhEZW-Ekxyk6Mlz5B6P_EMOg4KTAsSfpixPAeJyG89Etks4oysvytwbXaiFD5B5V-i7lupI6xHpZk_zxnXKMiUj2SaFo9m-MTIRELjXP7iNXDg2vy_Jfm&ppt=None&ppn=None&ssid=0uobuwju8w0000001790935119185&qH=a5594894156db043&ov_redirect=true,2026-10-02
643,"Samsung Galaxy A07 5G (Light Green, 128 GB)",Samsung,20390,26999,24% off,4.3,89,7,6 GB RAM,128 GB ROM,6000 mAh Li-ion Battery,Dimensity 6300 Processor,43.51 cm (17.13 inch) HD+ Display,50MP + 2MP | 8MP Front Camera,,https://www.flipkart.com/samsung-galaxy-a07-5g-light-green-128-gb/p/itm375542879d8d6?pid=MOBHJXB2ZS4EAG64&lid=LSTMOBHJXB2ZS4EAG64QLZPQD&marketplace=FLIPKART&q=smart+phones&store=tyy%2F4io&srno=s_27_643&otracker=search&fm=organic&iid=b355c07c-6a70-4710-8566-cd7d146f8622.MOBHJXB2ZS4EAG64.SEARCH&ppt=None&ppn=None&ssid=0uobuwju8w0000001790935119185&qH=a5594894156db043&ov_redirect=true,2026-10-02
644,"Samsung Galaxy S26 5G (White, 512 GB)",Samsung,107999,,,4.7,642,182,12 GB RAM,512 GB ROM,4300 mAh Li-ion Battery,2600 Processor,16.0 cm (6.3 inch) Full HD+ Display,50MP + 12MP | 12MP Front Camera,,https://www.flipkart.com/samsung-galaxy-s26-5g-white-512-gb/p/itm0ca5d0430e1c1?pid=MOBHKGAP4VP3KRAJ&lid=LSTMOBHKGAP4VP3KRAJYLG6SY&marketplace=FLIPKART&q=smart+phones&store=tyy%2F4io&srno=s_27_644&otracker=search&fm=organic&iid=b355c07c-6a70-4710-8566-cd7d146f8622.MOBHKGAP4VP3KRAJ.SEARCH&ppt=None&ppn=None&ssid=0uobuwju8w0000001790935119185&qH=a5594894156db043&ov_redirect=true,2026-10-02
645,"Samsung Galaxy A17 5G (Gray, 256 GB)",Samsung,32445,41999,22% off,4.3,"2,246",212,8 GB RAM,256 GB ROM,5000 mAh Battery,Samsung Exynos 1330 Processor,17.02 cm (6.7 inch) Full HD+ Display,50MP + 5MP + 2MP | 13MP Front Camera,,https://www.flipkart.com/samsung-galaxy-a17-5g-gray-256-gb/p/itm9b0b7e6d52859?pid=MOBHGVECGMDU2DZV&lid=LSTMOBHGVECGMDU2DZVWO8GYI&marketplace=FLIPKART&q=smart+phones&store=tyy%2F4io&srno=s_27_645&otracker=search&fm=organic&iid=b355c07c-6a70-4710-8566-cd7d146f8622.MOBHGVECGMDU2DZV.SEARCH&ppt=None&ppn=None&ssid=0uobuwju8w0000001790935119185&qH=a5594894156db043&ov_redirect=true,2026-10-02
646,"REDMI 15C 5G (Moonlight Blue, 128 GB)",REDMI,17650,23299,24% off,3.7,876,95,4 GB RAM,128 GB ROM,6000 mAh Battery,,17.53 cm (6.9 inch) Display,50MP Rear Camera,,https://www.flipkart.com/redmi-15c-5g-moonlight-blue-128-gb/p/itmc1345bb45eef3?pid=MOBHGGZ2BYJKEYEC&lid=LSTMOBHGGZ2BYJKEYECRCQBGP&marketplace=FLIPKART&q=smart+phones&store=tyy%2F4io&srno=s_27_646&otracker=search&fm=organic&iid=b355c07c-6a70-4710-8566-cd7d146f8622.MOBHGGZ2BYJKEYEC.SEARCH&ppt=None&ppn=None&ssid=0uobuwju8w0000001790935119185&qH=a5594894156db043&ov_redirect=true,2026-10-02
647,"BOLTT EVO (Sky Blue, 64 GB)",BOLTT,9999,17999,44% off,4.4,"1,327",695,4 GB RAM,64 GB ROM,6000 mAh Lithium ion Battery,T7250 Processor,6.79'' HD+ punch hole display,50MP + 2MP | 8MP Front Camera,,https://www.flipkart.com/boltt-evo-sky-blue-64-gb/p/itmf046d663a1fd7?pid=MOBHPP59WKSV4FYG&lid=LSTMOBHPP59WKSV4FYGYPMLV6&marketplace=FLIPKART&q=smart+phones&store=tyy%2F4io&srno=s_27_647&otracker=search&fm=organic&iid=en__ljU684QDeuzhEZW-Ekxyk6Mlz5B6P_EMOg4KTAsSfo1xbZupjeXzHCMLULHS2M_igicCniOwiXfyNr6i62vdZZk_zxnXKMiUj2SaFo9m-MTIRELjXP7iNXDg2vy_Jfm&ppt=None&ppn=None&ssid=0uobuwju8w0000001790935119185&qH=a5594894156db043&ov_redirect=true,2026-10-02
648,"IQOO Z11x 5G (Prismatic Green, 128 GB)",IQOO,27216,28999,6% off,4.3,"1,198",93,6 GB RAM,128 GB ROM,7200 mAh Battery,,17.02 cm (6.7 inch) Display,50MP Rear Camera,,https://www.flipkart.com/iqoo-z11x-5g-prismatic-green-128-gb/p/itm8157cfb5645d4?pid=MOBHHHBTCWXSUNG5&lid=LSTMOBHHHBTCWXSUNG5EO1TKU&marketplace=FLIPKART&q=smart+phones&store=tyy%2F4io&srno=s_27_648&otracker=search&fm=organic&iid=b355c07c-6a70-4710-8566-cd7d146f8622.MOBHHHBTCWXSUNG5.SEARCH&ppt=None&ppn=None&ssid=0uobuwju8w0000001790935119185&qH=a5594894156db043&ov_redirect=true,2026-10-02
649,"IQOO Z11x 5G (Prismatic Green, 128 GB)",IQOO,27216,28999,6% off,4.3,"1,198",93,6 GB RAM,128 GB ROM,7200 mAh Battery,,17.02 cm (6.7 inch) Display,50MP Rear Camera,,https://www.flipkart.com/iqoo-z11x-5g-prismatic-green-128-gb/p/itm8157cfb5645d4?pid=MOBHHHBTCWXSUNG5&lid=LSTMOBHHHBTCWXSUNG5EO1TKU&marketplace=FLIPKART&q=smart+phones&store=tyy%2F4io&srno=s_28_649&otracker=search&fm=organic&iid=2374f9d6-da2d-4f39-9b89-3668a420865d.MOBHHHBTCWXSUNG5.SEARCH&ppt=None&ppn=None&ssid=p0gob6xo6o0000001790935122662&qH=a5594894156db043&ov_redirect=true,2026-10-02
650,"IQOO Z11x 5G (Titan Black, 256 GB)",IQOO,33834,39999,15% off,4.3,"1,590",121,8 GB RAM,256 GB ROM,7200 mAh Battery,,17.02 cm (6.7 inch) Display,50MP Rear Camera,,https://www.flipkart.com/iqoo-z11x-5g-titan-black-256-gb/p/itm8157cfb5645d4?pid=MOBHHHBTYFGP2G3F&lid=LSTMOBHHHBTYFGP2G3FXROQQG&marketplace=FLIPKART&q=smart+phones&store=tyy%2F4io&srno=s_28_650&otracker=search&fm=organic&iid=2374f9d6-da2d-4f39-9b89-3668a420865d.MOBHHHBTYFGP2G3F.SEARCH&ppt=None&ppn=None&ssid=p0gob6xo6o0000001790935122662&qH=a5594894156db043&ov_redirect=true,2026-10-02
651,"BOLTT EVO (Midnight Black, 64 GB)",BOLTT,9999,17999,44% off,4.4,"1,327",695,4 GB RAM,64 GB ROM,6000 mAh Lithium ion Battery,T7250 Processor,6.79'' HD+ punch hole display,50MP + 2MP | 8MP Front Camera,,https://www.flipkart.com/boltt-evo-midnight-black-64-gb/p/itmf046d663a1fd7?pid=MOBHPP597GB8ZHTY&lid=LSTMOBHPP597GB8ZHTYGYX70A&marketplace=FLIPKART&q=smart+phones&store=tyy%2F4io&srno=s_28_651&otracker=search&fm=organic&iid=en_thyxaSgyNltCo9jRpwWbDQ67PH3e8ZZC8I2_gUSGulJS3nlS3EgAm8PYbTs4d2x4s7qCwkzzZfXNJUlojOr5SpZk_zxnXKMiUj2SaFo9m-ORbMYuCV2YxdJDEm2A1UnC&ppt=None&ppn=None&ssid=p0gob6xo6o0000001790935122662&qH=a5594894156db043&ov_redirect=true,2026-10-02
652,"BOLTT EVO (Berry Red, 128 GB)",BOLTT,11499,18999,39% off,4,"1,804",873,6 GB RAM,128 GB ROM,6000 mAh Lithium ion Battery,T7250 Processor,6.79'' HD+ punch hole display,50MP + 2MP | 8MP Front Camera,,https://www.flipkart.com/boltt-evo-berry-red-128-gb/p/itmf046d663a1fd7?pid=MOBHPP59TUYYPWP5&lid=LSTMOBHPP59TUYYPWP5U7J1VB&marketplace=FLIPKART&q=smart+phones&store=tyy%2F4io&srno=s_28_652&otracker=search&fm=organic&iid=en_thyxaSgyNltCo9jRpwWbDQ67PH3e8ZZC8I2_gUSGulLXxJi_oPo5CfUMEQAihXOn536Q4P5J64sMnJmf8X-4YpZk_zxnXKMiUj2SaFo9m-ORbMYuCV2YxdJDEm2A1UnC&ppt=None&ppn=None&ssid=p0gob6xo6o0000001790935122662&qH=a5594894156db043&ov_redirect=true,2026-10-02
653,"POCO X7 5G (Yellow, 256 GB)",POCO,19999,27999,28% off,4.3,"29,050","2,686",8 GB RAM,256 GB ROM,5500 mAh Battery,Dimensity 7300 Ultra Processor,16.94 cm (6.67 inch) Display,50MP + 8MP + 2MP | 20MP Front Camera,,https://www.flipkart.com/poco-x7-5g-yellow-256-gb/p/itm09a41b8f384f7?pid=MOBH7YZ9NSDFC3EK&lid=LSTMOBH7YZ9NSDFC3EK54Z4YF&marketplace=FLIPKART&q=smart+phones&store=tyy%2F4io&srno=s_28_653&otracker=search&fm=organic&iid=2374f9d6-da2d-4f39-9b89-3668a420865d.MOBH7YZ9NSDFC3EK.SEARCH&ppt=None&ppn=None&ssid=p0gob6xo6o0000001790935122662&qH=a5594894156db043&ov_redirect=true,2026-10-02
654,"realme Narzo 100x 5g (Midnight Black, 256 GB)",realme,27889,39999,30% off,4.2,357,44,6 GB RAM,256 GB ROM,8000 mAh Battery,MediaTek Dimensity 6300 Processor,17.3 cm (6.81 inch) HD+ Display,,,https://www.flipkart.com/realme-narzo-100x-5g-midnight-black-256-gb/p/itm66836fc8ecc5e?pid=MOBHPJG4RXUMMSF8&lid=LSTMOBHPJG4RXUMMSF8SUK7SX&marketplace=FLIPKART&q=smart+phones&store=tyy%2F4io&srno=s_28_654&otracker=search&fm=organic&iid=2374f9d6-da2d-4f39-9b89-3668a420865d.MOBHPJG4RXUMMSF8.SEARCH&ppt=None&ppn=None&ssid=p0gob6xo6o0000001790935122662&qH=a5594894156db043&ov_redirect=true,2026-10-02
655,"Samsung Galaxy S26 5G (Black, 512 GB)",Samsung,107999,,,4.7,642,182,12 GB RAM,512 GB ROM,4300 mAh Li-ion Battery,2600 Processor,16.0 cm (6.3 inch) Full HD+ Display,50MP + 12MP | 12MP Front Camera,,https://www.flipkart.com/samsung-galaxy-s26-5g-black-512-gb/p/itm0ca5d0430e1c1?pid=MOBHKGAPUSBAHSUM&lid=LSTMOBHKGAPUSBAHSUMNZMCDH&marketplace=FLIPKART&q=smart+phones&store=tyy%2F4io&srno=s_28_655&otracker=search&fm=organic&iid=2374f9d6-da2d-4f39-9b89-3668a420865d.MOBHKGAPUSBAHSUM.SEARCH&ppt=None&ppn=None&ssid=p0gob6xo6o0000001790935122662&qH=a5594894156db043&ov_redirect=true,2026-10-02
656,"Samsung Galaxy A56 5G (Awesome Olive, 128 GB)",Samsung,36995,45990,19% off,4.4,"1,062",82,8 GB RAM,128 GB ROM,5000 mAh Battery,Samsng Exynos 1580 Processor,17.02 cm (6.7 inch) Full HD+ Display,50MP + 12MP + 5MP | 12MP Front Camera,,https://www.flipkart.com/samsung-galaxy-a56-5g-awesome-olive-128-gb/p/itm81265b7c9602c?pid=MOBH9RNG5SA9ADHS&lid=LSTMOBH9RNG5SA9ADHSZ0BHER&marketplace=FLIPKART&q=smart+phones&store=tyy%2F4io&srno=s_28_656&otracker=search&fm=organic&iid=2374f9d6-da2d-4f39-9b89-3668a420865d.MOBH9RNG5SA9ADHS.SEARCH&ppt=None&ppn=None&ssid=p0gob6xo6o0000001790935122662&qH=a5594894156db043&ov_redirect=true,2026-10-02
657,"Nothing Phone (4b) (White, 256 GB)",Nothing,40999,59999,31% off,4.3,"1,841",179,8 GB RAM,256 GB ROM,6000 mAh Lithium ion Battery,6 Gen 4 Processor,17.2 cm (6.77 inch) Full HD+ AMOLED Display,50MP + 8MP | 16MP Front Camera,,https://www.flipkart.com/nothing-phone-4b-white-256-gb/p/itm939608b40adbb?pid=MOBHZMBD5MZZDUYA&lid=LSTMOBHZMBD5MZZDUYAIWDKYR&marketplace=FLIPKART&q=smart+phones&store=tyy%2F4io&srno=s_28_657&otracker=search&fm=organic&iid=en_thyxaSgyNltCo9jRpwWbDQ67PH3e8ZZC8I2_gUSGulLAROQKxpbGBhWARyg1XLh67muq75qMORP5m1GATJhVOlQOgTQdsBk_Vf1d789BDsgkqelk3Z_REiPAbG3TjUw5&ppt=None&ppn=None&ssid=p0gob6xo6o0000001790935122662&qH=a5594894156db043&ov_redirect=true,2026-10-02
658,"realme P4 Power 5G (TransSilver, 256 GB)",realme,37999,,,4.4,"1,882",257,12 GB RAM,256 GB ROM,10001 mAh Battery,Dimensity 7400 Ultra Processor,17.27 cm (6.8 inch) Full HD+ AMOLED Display,,,https://www.flipkart.com/realme-p4-power-5g-transsilver-256-gb/p/itm49784b322aad0?pid=MOBHJHSHGY5GKFFK&lid=LSTMOBHJHSHGY5GKFFKBCSLLN&marketplace=FLIPKART&q=smart+phones&store=tyy%2F4io&srno=s_28_658&otracker=search&fm=organic&iid=2374f9d6-da2d-4f39-9b89-3668a420865d.MOBHJHSHGY5GKFFK.SEARCH&ppt=None&ppn=None&ssid=p0gob6xo6o0000001790935122662&qH=a5594894156db043&ov_redirect=true,2026-10-02
659,"Samsung Galaxy A07 5G (Light Violet, 128 GB)",Samsung,17999,24999,28% off,3.9,122,14,4 GB RAM,128 GB ROM,6000 mAh Li-ion Battery,Dimensity 6300 Processor,43.51 cm (17.13 inch) HD+ Display,50MP + 2MP | 8MP Front Camera,,https://www.flipkart.com/samsung-galaxy-a07-5g-light-violet-128-gb/p/itm375542879d8d6?pid=MOBHJXB2YNDNYWWQ&lid=LSTMOBHJXB2YNDNYWWQCUEKCC&marketplace=FLIPKART&q=smart+phones&store=tyy%2F4io&srno=s_28_659&otracker=search&fm=organic&iid=2374f9d6-da2d-4f39-9b89-3668a420865d.MOBHJXB2YNDNYWWQ.SEARCH&ppt=None&ppn=None&ssid=p0gob6xo6o0000001790935122662&qH=a5594894156db043&ov_redirect=true,2026-10-02
660,"realme P4R 5G (Titanium Glare, 128 GB)",realme,25999,39999,35% off,4.3,"5,270",431,6 GB RAM,128 GB ROM,8000 mAh Lithium-ion polymer Battery,Dimensity 6300 Processor,17.27 cm (6.8 inch) HD+ Display,50MP Rear Camera | 8MP Front Camera,,https://www.flipkart.com/realme-p4r-5g-titanium-glare-128-gb/p/itmb42ae388c1ef6?pid=MOBHMYR3MZ62YN7F&lid=LSTMOBHMYR3MZ62YN7FSERUEO&marketplace=FLIPKART&q=smart+phones&store=tyy%2F4io&srno=s_28_660&otracker=search&fm=organic&iid=2374f9d6-da2d-4f39-9b89-3668a420865d.MOBHMYR3MZ62YN7F.SEARCH&ppt=None&ppn=None&ssid=p0gob6xo6o0000001790935122662&qH=a5594894156db043&ov_redirect=true,2026-10-02
661,"realme P4R 5G (Silver Glare, 128 GB)",realme,25999,39999,35% off,4.3,"5,270",431,6 GB RAM,128 GB ROM,8000 mAh Lithium-ion polymer Battery,Dimensity 6300 Processor,17.27 cm (6.8 inch) HD+ Display,50MP Rear Camera | 8MP Front Camera,,https://www.flipkart.com/realme-p4r-5g-silver-glare-128-gb/p/itmb42ae388c1ef6?pid=MOBHMYR3NMRPYBY4&lid=LSTMOBHMYR3NMRPYBY4B6GOUH&marketplace=FLIPKART&q=smart+phones&store=tyy%2F4io&srno=s_28_661&otracker=search&fm=organic&iid=2374f9d6-da2d-4f39-9b89-3668a420865d.MOBHMYR3NMRPYBY4.SEARCH&ppt=None&ppn=None&ssid=p0gob6xo6o0000001790935122662&qH=a5594894156db043&ov_redirect=true,2026-10-02
662,"Snexan New Rock Bold T410 Ultra HD 4K Screen | Premium Design SmartPhone (Black, 16 GB)",Snexan,7464,13999,46% off,,,,3 GB RAM,16 GB ROM,2000 mAh Battery,,10.16 cm (4 inch) Display,5MP Rear Camera,,https://www.flipkart.com/snexan-new-rock-bold-t410-ultra-hd-4k-screen-premium-design-smartphone-black-16-gb/p/itm105cbd5253770?pid=MOBHJ2BSYGSMU9RW&lid=LSTMOBHJ2BSYGSMU9RWB5RRDV&marketplace=FLIPKART&q=smart+phones&store=tyy%2F4io&srno=s_28_662&otracker=search&fm=organic&iid=2374f9d6-da2d-4f39-9b89-3668a420865d.MOBHJ2BSYGSMU9RW.SEARCH&ppt=None&ppn=None&ssid=p0gob6xo6o0000001790935122662&qH=a5594894156db043&ov_redirect=true,2026-10-02
663,"Samsung Galaxy A06 5G (Light Green, 128 GB)",Samsung,16999,23999,29% off,4.1,"5,014",378,4 GB RAM,128 GB ROM,5000 mAh Li-ion Battery,Dimensity 6300 Processor,17.02 cm (6.7 inch) HD+ Display,50MP + 2MP | 8MP Front Camera,,https://www.flipkart.com/samsung-galaxy-a06-5g-light-green-128-gb/p/itm7ec0a3866eba9?pid=MOBH9GQKZF6ZFVGB&lid=LSTMOBH9GQKZF6ZFVGBBYGT2V&marketplace=FLIPKART&q=smart+phones&store=tyy%2F4io&srno=s_28_663&otracker=search&fm=organic&iid=2374f9d6-da2d-4f39-9b89-3668a420865d.MOBH9GQKZF6ZFVGB.SEARCH&ppt=None&ppn=None&ssid=p0gob6xo6o0000001790935122662&qH=a5594894156db043&ov_redirect=true,2026-10-02
664,"REDMI Note 15 SE 5G (Frosted White, 256 GB)",REDMI,29999,37999,21% off,4.3,"3,451",328,8 GB RAM,256 GB ROM,5800 mAh Lithium-Ion Polymer Battery,Snapdragon 6 Gen 3 Processor,17.2 cm (6.77 inch) Full HD+ AMOLED Display,50MP Rear Camera | 20MP Front Camera,,https://www.flipkart.com/redmi-note-15-se-5g-frosted-white-256-gb/p/itmebad38fb8969d?pid=MOBHN52FMT5ZSDSW&lid=LSTMOBHN52FMT5ZSDSWMBN2AM&marketplace=FLIPKART&q=smart+phones&store=tyy%2F4io&srno=s_28_664&otracker=search&fm=organic&iid=2374f9d6-da2d-4f39-9b89-3668a420865d.MOBHN52FMT5ZSDSW.SEARCH&ppt=None&ppn=None&ssid=p0gob6xo6o0000001790935122662&qH=a5594894156db043&ov_redirect=true,2026-10-02
665,"vivo S2 (Silk White, 256 GB)",vivo,48999,70999,30% off,4.3,557,57,8 GB RAM,256 GB ROM,7050 mAh Lithium-ion Battery,Dimensity 7360-Turbo Processor,17.35 cm (6.83 inch) Full HD+ AMOLED Display,50MP + 2MP | 32MP Front Camera,,https://www.flipkart.com/vivo-s2-silk-white-256-gb/p/itm019d134c8359d?pid=MOBHPGG9TJRPJPWG&lid=LSTMOBHPGG9TJRPJPWGJC5AK6&marketplace=FLIPKART&q=smart+phones&store=tyy%2F4io&srno=s_28_665&otracker=search&fm=organic&iid=2374f9d6-da2d-4f39-9b89-3668a420865d.MOBHPGG9TJRPJPWG.SEARCH&ppt=None&ppn=None&ssid=p0gob6xo6o0000001790935122662&qH=a5594894156db043&ov_redirect=true,2026-10-02
666,"IQOO Z11x 5G (Prismatic Green, 128 GB)",IQOO,28299,30999,8% off,4.3,"1,590",121,8 GB RAM,128 GB ROM,7200 mAh Battery,,17.02 cm (6.7 inch) Display,50MP Rear Camera,,https://www.flipkart.com/iqoo-z11x-5g-prismatic-green-128-gb/p/itm8157cfb5645d4?pid=MOBHHHBTGHWHZZWN&lid=LSTMOBHHHBTGHWHZZWNADHGSJ&marketplace=FLIPKART&q=smart+phones&store=tyy%2F4io&srno=s_28_666&otracker=search&fm=organic&iid=2374f9d6-da2d-4f39-9b89-3668a420865d.MOBHHHBTGHWHZZWN.SEARCH&ppt=None&ppn=None&ssid=p0gob6xo6o0000001790935122662&qH=a5594894156db043&ov_redirect=true,2026-10-02
667,"Tecno Spark Go 3 (Ink Black, 64 GB)",Tecno,12499,15999,21% off,4.1,221,15,4 GB RAM,64 GB ROM,5000 mAh Lithium Polymer Battery,T7250 Processor,17.12 cm (6.74 inch) HD+ Display,13MP Rear Camera | 8MP Front Camera,,https://www.flipkart.com/tecno-spark-go-3-ink-black-64-gb/p/itma9c8f128a61c6?pid=MOBHP2QYCXZZE3CM&lid=LSTMOBHP2QYCXZZE3CMWW64IB&marketplace=FLIPKART&q=smart+phones&store=tyy%2F4io&srno=s_28_667&otracker=search&fm=organic&iid=2374f9d6-da2d-4f39-9b89-3668a420865d.MOBHP2QYCXZZE3CM.SEARCH&ppt=None&ppn=None&ssid=p0gob6xo6o0000001790935122662&qH=a5594894156db043&ov_redirect=true,2026-10-02
668,"realme P4R 5G (Lavender Glare, 64 GB)",realme,20999,32999,36% off,4.2,"2,683",234,4 GB RAM,64 GB ROM,8000 mAh Lithium-ion polymer Battery,Dimensity 6300 Processor,17.27 cm (6.8 inch) HD+ Display,50MP Rear Camera | 8MP Front Camera,,https://www.flipkart.com/realme-p4r-5g-lavender-glare-64-gb/p/itmb42ae388c1ef6?pid=MOBHP2V8SRWKXMSF&lid=LSTMOBHP2V8SRWKXMSF17TTPK&marketplace=FLIPKART&q=smart+phones&store=tyy%2F4io&srno=s_28_668&otracker=search&fm=organic&iid=2374f9d6-da2d-4f39-9b89-3668a420865d.MOBHP2V8SRWKXMSF.SEARCH&ppt=None&ppn=None&ssid=p0gob6xo6o0000001790935122662&qH=a5594894156db043&ov_redirect=true,2026-10-02
669,"BOLTT ACE 5G (Sky Blue, 64 GB)",BOLTT,14999,24999,40% off,4.2,402,199,4 GB RAM,64 GB ROM,6000 mAh Lithium ion Battery,T8200 Processor,17.25 cm (6.79 inch) HD+ Display,64MP Rear Camera | 8MP Front Camera,,https://www.flipkart.com/boltt-ace-5g-sky-blue-64-gb/p/itm2eb0f483effdd?pid=MOBHPP59ARTH58SM&lid=LSTMOBHPP59ARTH58SMWE3WXO&marketplace=FLIPKART&q=smart+phones&store=tyy%2F4io&srno=s_28_669&otracker=search&fm=organic&iid=2374f9d6-da2d-4f39-9b89-3668a420865d.MOBHPP59ARTH58SM.SEARCH&ppt=None&ppn=None&ssid=p0gob6xo6o0000001790935122662&qH=a5594894156db043&ov_redirect=true,2026-10-02
670,"REDMI 14C 5G (Stardust Purple, 128 GB)",REDMI,14462,14999,3% off,4.2,"11,591",672,6 GB RAM,128 GB ROM,5160 mAh Battery,4 Gen 2 5G Processor,17.48 cm (6.88 inch) HD+ Display,50MP Rear Camera | 8MP Front Camera,5G,https://www.flipkart.com/redmi-14c-5g-stardust-purple-128-gb/p/itm894f38e58ee53?pid=MOBH7VY5TU7UHKVE&lid=LSTMOBH7VY5TU7UHKVERGKHBH&marketplace=FLIPKART&q=smart+phones&store=tyy%2F4io&srno=s_28_670&otracker=search&fm=organic&iid=2374f9d6-da2d-4f39-9b89-3668a420865d.MOBH7VY5TU7UHKVE.SEARCH&ppt=None&ppn=None&ssid=p0gob6xo6o0000001790935122662&qH=a5594894156db043&ov_redirect=true,2026-10-02
671,"REDMI 14C 5G (Stardust Purple, 128 GB)",REDMI,14462,14999,3% off,4.2,"11,591",672,6 GB RAM,128 GB ROM,5160 mAh Battery,4 Gen 2 5G Processor,17.48 cm (6.88 inch) HD+ Display,50MP Rear Camera | 8MP Front Camera,5G,https://www.flipkart.com/redmi-14c-5g-stardust-purple-128-gb/p/itm894f38e58ee53?pid=MOBH92ADNGRGMWZU&lid=LSTMOBH92ADNGRGMWZUUZ2P0E&marketplace=FLIPKART&q=smart+phones&store=tyy%2F4io&srno=s_28_671&otracker=search&fm=organic&iid=2374f9d6-da2d-4f39-9b89-3668a420865d.MOBH92ADNGRGMWZU.SEARCH&ppt=None&ppn=None&ssid=p0gob6xo6o0000001790935122662&qH=a5594894156db043&ov_redirect=true,2026-10-02
672,"REDMI 14C 5G (Stargaze Black, 128 GB)",REDMI,14462,14999,3% off,4.2,"11,591",672,6 GB RAM,128 GB ROM,5160 mAh Battery,4 Gen 2 5G Processor,17.48 cm (6.88 inch) HD+ Display,50MP Rear Camera | 8MP Front Camera,5G,https://www.flipkart.com/redmi-14c-5g-stargaze-black-128-gb/p/itm894f38e58ee53?pid=MOBH92ADVQY5DX3H&lid=LSTMOBH92ADVQY5DX3HFUBJOX&marketplace=FLIPKART&q=smart+phones&store=tyy%2F4io&srno=s_28_672&otracker=search&fm=organic&iid=2374f9d6-da2d-4f39-9b89-3668a420865d.MOBH92ADVQY5DX3H.SEARCH&ppt=None&ppn=None&ssid=p0gob6xo6o0000001790935122662&qH=a5594894156db043&ov_redirect=true,2026-10-02
673,"IQOO Z10 Lite 5G (Titanium Blue, 64 GB)",IQOO,17390,27999,37% off,4.1,"4,676",273,4 GB RAM,64 GB ROM,6000 mAh Battery,,17.12 cm (6.74 inch) Display,50MP Rear Camera,,https://www.flipkart.com/iqoo-z10-lite-5g-titanium-blue-64-gb/p/itmb57aad9fe876e?pid=MOBHJZJAT8ZUFYAG&lid=LSTMOBHJZJAT8ZUFYAGDYXLDJ&marketplace=FLIPKART&q=smart+phones&store=tyy%2F4io&srno=s_29_673&otracker=search&fm=organic&iid=04a7371a-f02b-4c94-b1ab-acad9b9a1d79.MOBHJZJAT8ZUFYAG.SEARCH&ppt=None&ppn=None&ssid=6gi69scs5s0000001790935125396&qH=a5594894156db043&ov_redirect=true,2026-10-02
674,"IQOO Z10 Lite 5G (Cyber Green, 64 GB)",IQOO,17850,27999,36% off,4.1,"4,676",273,4 GB RAM,64 GB ROM,6000 mAh Battery,,17.12 cm (6.74 inch) Display,50MP Rear Camera,,https://www.flipkart.com/iqoo-z10-lite-5g-cyber-green-64-gb/p/itmb57aad9fe876e?pid=MOBHJZJEZXP4TGPE&lid=LSTMOBHJZJEZXP4TGPEZORY4A&marketplace=FLIPKART&q=smart+phones&store=tyy%2F4io&srno=s_29_674&otracker=search&fm=organic&iid=04a7371a-f02b-4c94-b1ab-acad9b9a1d79.MOBHJZJEZXP4TGPE.SEARCH&ppt=None&ppn=None&ssid=6gi69scs5s0000001790935125396&qH=a5594894156db043&ov_redirect=true,2026-10-02
675,"IQOO Z11x 5G (Titan Black, 128 GB)",IQOO,29200,30999,5% off,4.3,"1,590",121,8 GB RAM,128 GB ROM,7200 mAh Battery,,17.02 cm (6.7 inch) Display,50MP Rear Camera,,https://www.flipkart.com/iqoo-z11x-5g-titan-black-128-gb/p/itm8157cfb5645d4?pid=MOBHHHBTR7NAWRZV&lid=LSTMOBHHHBTR7NAWRZVA7F6YY&marketplace=FLIPKART&q=smart+phones&store=tyy%2F4io&srno=s_29_675&otracker=search&fm=organic&iid=04a7371a-f02b-4c94-b1ab-acad9b9a1d79.MOBHHHBTR7NAWRZV.SEARCH&ppt=None&ppn=None&ssid=6gi69scs5s0000001790935125396&qH=a5594894156db043&ov_redirect=true,2026-10-02
676,"Tecno Spark Go 3 (Ink Black, 64 GB)",Tecno,12499,15999,21% off,4.1,221,15,4 GB RAM,64 GB ROM,5000 mAh Lithium Polymer Battery,T7250 Processor,17.12 cm (6.74 inch) HD+ Display,13MP Rear Camera | 8MP Front Camera,,https://www.flipkart.com/tecno-spark-go-3-ink-black-64-gb/p/itma9c8f128a61c6?pid=MOBHP2QYCXZZE3CM&lid=LSTMOBHP2QYCXZZE3CMWW64IB&marketplace=FLIPKART&q=smart+phones&store=tyy%2F4io&srno=s_29_676&otracker=search&fm=organic&iid=04a7371a-f02b-4c94-b1ab-acad9b9a1d79.MOBHP2QYCXZZE3CM.SEARCH&ppt=None&ppn=None&ssid=6gi69scs5s0000001790935125396&qH=a5594894156db043&ov_redirect=true,2026-10-02
677,"BOLTT EVO (Arctic White, 128 GB)",BOLTT,11499,18999,39% off,4,"1,804",873,6 GB RAM,128 GB ROM,6000 mAh Lithium ion Battery,T7250 Processor,6.79'' HD+ punch hole display,50MP + 2MP | 8MP Front Camera,,https://www.flipkart.com/boltt-evo-arctic-white-128-gb/p/itmf046d663a1fd7?pid=MOBHPP59GKGTGZGA&lid=LSTMOBHPP59GKGTGZGAIEMNWG&marketplace=FLIPKART&q=smart+phones&store=tyy%2F4io&srno=s_29_677&otracker=search&fm=organic&iid=en_wiWjO-ZgaS_MLkaz-cHO20S4PyyXjSYsVtGt7WJBEIa1nv--4eHrm1qIu_UfMe2HApXdqJ8g9gjPKgZjVdc9bpZk_zxnXKMiUj2SaFo9m-PCXsDpieoij8HweQMOiiuY&ppt=None&ppn=None&ssid=6gi69scs5s0000001790935125396&qH=a5594894156db043&ov_redirect=true,2026-10-02
678,"BOLTT EVO (Arctic White, 64 GB)",BOLTT,9999,17999,44% off,4.4,"1,327",695,4 GB RAM,64 GB ROM,6000 mAh Lithium ion Battery,T7250 Processor,6.79'' HD+ punch hole display,50MP + 2MP | 8MP Front Camera,,https://www.flipkart.com/boltt-evo-arctic-white-64-gb/p/itmf046d663a1fd7?pid=MOBHPP59BYSJ98M8&lid=LSTMOBHPP59BYSJ98M8RWYHGQ&marketplace=FLIPKART&q=smart+phones&store=tyy%2F4io&srno=s_29_678&otracker=search&fm=organic&iid=en_wiWjO-ZgaS_MLkaz-cHO20S4PyyXjSYsVtGt7WJBEIb21YtFwXmIgJWZDkJ8nJwZ6Ux8tV-__SxlzWH1nelDDZZk_zxnXKMiUj2SaFo9m-PCXsDpieoij8HweQMOiiuY&ppt=None&ppn=None&ssid=6gi69scs5s0000001790935125396&qH=a5594894156db043&ov_redirect=true,2026-10-02
679,"IQOO Z10 Lite 5G (Titanium Blue, 128 GB)",IQOO,19885,28999,31% off,4.1,"4,676",273,4 GB RAM,128 GB ROM,6000 mAh Battery,,17.12 cm (6.74 inch) Display,50MP Rear Camera,,https://www.flipkart.com/iqoo-z10-lite-5g-titanium-blue-128-gb/p/itmb57aad9fe876e?pid=MOBHDGDJNMMPPPMW&lid=LSTMOBHDGDJNMMPPPMWYXT6GQ&marketplace=FLIPKART&q=smart+phones&store=tyy%2F4io&srno=s_29_679&otracker=search&fm=organic&iid=04a7371a-f02b-4c94-b1ab-acad9b9a1d79.MOBHDGDJNMMPPPMW.SEARCH&ppt=None&ppn=None&ssid=6gi69scs5s0000001790935125396&qH=a5594894156db043&ov_redirect=true,2026-10-02
680,"Nothing Phone (4b) (White, 128 GB)",Nothing,39999,54999,27% off,4.3,"1,841",179,8 GB RAM,128 GB ROM,6000 mAh Lithium ion Battery,6 Gen 4 Processor,17.2 cm (6.77 inch) Full HD+ AMOLED Display,50MP + 8MP | 16MP Front Camera,,https://www.flipkart.com/nothing-phone-4b-white-128-gb/p/itm939608b40adbb?pid=MOBHZMBDSF3JAFTF&lid=LSTMOBHZMBDSF3JAFTF4PZFBR&marketplace=FLIPKART&q=smart+phones&store=tyy%2F4io&srno=s_29_680&otracker=search&fm=organic&iid=04a7371a-f02b-4c94-b1ab-acad9b9a1d79.MOBHZMBDSF3JAFTF.SEARCH&ppt=None&ppn=None&ssid=6gi69scs5s0000001790935125396&qH=a5594894156db043&ov_redirect=true,2026-10-02
681,"BOLTT EVO (Midnight Black, 64 GB)",BOLTT,9999,17999,44% off,4.4,"1,327",695,4 GB RAM,64 GB ROM,6000 mAh Lithium ion Battery,T7250 Processor,6.79'' HD+ punch hole display,50MP + 2MP | 8MP Front Camera,,https://www.flipkart.com/boltt-evo-midnight-black-64-gb/p/itmf046d663a1fd7?pid=MOBHPP597GB8ZHTY&lid=LSTMOBHPP597GB8ZHTYGYX70A&marketplace=FLIPKART&q=smart+phones&store=tyy%2F4io&srno=s_29_681&otracker=search&fm=organic&iid=en_wiWjO-ZgaS_MLkaz-cHO20S4PyyXjSYsVtGt7WJBEIYyKHpBhfwTlXaiSxTlIFqkmFcmDxdFnAg2HDILUSFuRZZk_zxnXKMiUj2SaFo9m-PCXsDpieoij8HweQMOiiuY&ppt=None&ppn=None&ssid=6gi69scs5s0000001790935125396&qH=a5594894156db043&ov_redirect=true,2026-10-02
682,"BOLTT EVO (Lavender Bloom, 64 GB)",BOLTT,9999,17999,44% off,4.4,"1,327",695,4 GB RAM,64 GB ROM,6000 mAh Lithium ion Battery,T7250 Processor,6.79'' HD+ punch hole display,50MP + 2MP | 8MP Front Camera,,https://www.flipkart.com/boltt-evo-lavender-bloom-64-gb/p/itmf046d663a1fd7?pid=MOBHPP59AEJZHCVZ&lid=LSTMOBHPP59AEJZHCVZQQSXMU&marketplace=FLIPKART&q=smart+phones&store=tyy%2F4io&srno=s_29_682&otracker=search&fm=organic&iid=en_wiWjO-ZgaS_MLkaz-cHO20S4PyyXjSYsVtGt7WJBEIbCoj99dfncSZWwe1rpTxH57xbDZ0DH1NrYuR9fFRym_pZk_zxnXKMiUj2SaFo9m-PCXsDpieoij8HweQMOiiuY&ppt=None&ppn=None&ssid=6gi69scs5s0000001790935125396&qH=a5594894156db043&ov_redirect=true,2026-10-02
683,"vivo Y11 5G (Mystic Blue, 64 GB)",vivo,18999,39999,52% off,4.1,953,56,4 GB RAM,64 GB ROM,6500 mAh Li-ion Battery,Dimensity 6300 Processor,17.12 cm (6.74 inch) HD+ Display,13MP + 0.08MP | 5MP Front Camera,,https://www.flipkart.com/vivo-y11-5g-mystic-blue-64-gb/p/itm722b8f27be0b8?pid=MOBHZF4TRQECK68N&lid=LSTMOBHZF4TRQECK68NZFXF4G&marketplace=FLIPKART&q=smart+phones&store=tyy%2F4io&srno=s_29_683&otracker=search&fm=organic&iid=04a7371a-f02b-4c94-b1ab-acad9b9a1d79.MOBHZF4TRQECK68N.SEARCH&ppt=None&ppn=None&ssid=6gi69scs5s0000001790935125396&qH=a5594894156db043&ov_redirect=true,2026-10-02
684,"vivo Y11 5G (Cosmic Gold, 64 GB)",vivo,18999,39999,52% off,4.1,953,56,4 GB RAM,64 GB ROM,6500 mAh Li-ion Battery,Dimensity 6300 Processor,17.12 cm (6.74 inch) HD+ Display,13MP + 0.08MP | 5MP Front Camera,,https://www.flipkart.com/vivo-y11-5g-cosmic-gold-64-gb/p/itm722b8f27be0b8?pid=MOBHZF4TFXUNDF4Z&lid=LSTMOBHZF4TFXUNDF4ZZIFHP6&marketplace=FLIPKART&q=smart+phones&store=tyy%2F4io&srno=s_29_684&otracker=search&fm=organic&iid=04a7371a-f02b-4c94-b1ab-acad9b9a1d79.MOBHZF4TFXUNDF4Z.SEARCH&ppt=None&ppn=None&ssid=6gi69scs5s0000001790935125396&qH=a5594894156db043&ov_redirect=true,2026-10-02
685,"REDMI 14C 5G (Starlight Blue, 128 GB)",REDMI,14462,14999,3% off,4.2,"11,591",672,6 GB RAM,128 GB ROM,5160 mAh Battery,4 Gen 2 5G Processor,17.48 cm (6.88 inch) HD+ Display,50MP Rear Camera | 8MP Front Camera,5G,https://www.flipkart.com/redmi-14c-5g-starlight-blue-128-gb/p/itm894f38e58ee53?pid=MOBH92AD83EYUCVM&lid=LSTMOBH92AD83EYUCVMAX1K5I&marketplace=FLIPKART&q=smart+phones&store=tyy%2F4io&srno=s_29_685&otracker=search&fm=organic&iid=04a7371a-f02b-4c94-b1ab-acad9b9a1d79.MOBH92AD83EYUCVM.SEARCH&ppt=None&ppn=None&ssid=6gi69scs5s0000001790935125396&qH=a5594894156db043&ov_redirect=true,2026-10-02
686,"vivo Y11 5G (Mystic Blue, 128 GB)",vivo,22499,44999,50% off,4.1,953,56,4 GB RAM,128 GB ROM,6500 mAh Li-ion Battery,Dimensity 6300 Processor,17.12 cm (6.74 inch) HD+ Display,13MP + 0.08MP | 5MP Front Camera,,https://www.flipkart.com/vivo-y11-5g-mystic-blue-128-gb/p/itm722b8f27be0b8?pid=MOBHZF4T4JRVTHY4&lid=LSTMOBHZF4T4JRVTHY4KR3BUH&marketplace=FLIPKART&q=smart+phones&store=tyy%2F4io&srno=s_29_686&otracker=search&fm=organic&iid=04a7371a-f02b-4c94-b1ab-acad9b9a1d79.MOBHZF4T4JRVTHY4.SEARCH&ppt=None&ppn=None&ssid=6gi69scs5s0000001790935125396&qH=a5594894156db043&ov_redirect=true,2026-10-02
687,"BOLTT EVO (Midnight Black, 128 GB)",BOLTT,11499,18999,39% off,4,"1,804",873,6 GB RAM,128 GB ROM,6000 mAh Lithium ion Battery,T7250 Processor,6.79'' HD+ punch hole display,50MP + 2MP | 8MP Front Camera,,https://www.flipkart.com/boltt-evo-midnight-black-128-gb/p/itmf046d663a1fd7?pid=MOBHPP59RWHM2PJH&lid=LSTMOBHPP59RWHM2PJHUUF4AF&marketplace=FLIPKART&q=smart+phones&store=tyy%2F4io&srno=s_29_687&otracker=search&fm=organic&iid=en_wiWjO-ZgaS_MLkaz-cHO20S4PyyXjSYsVtGt7WJBEIZMdccNLGL4V4iJ3NDAoked-oHdKO3yYnYUN_r3HYwM1pZk_zxnXKMiUj2SaFo9m-PCXsDpieoij8HweQMOiiuY&ppt=None&ppn=None&ssid=6gi69scs5s0000001790935125396&qH=a5594894156db043&ov_redirect=true,2026-10-02
688,"BOLTT EVO (Berry Red, 128 GB)",BOLTT,11499,18999,39% off,4,"1,804",873,6 GB RAM,128 GB ROM,6000 mAh Lithium ion Battery,T7250 Processor,6.79'' HD+ punch hole display,50MP + 2MP | 8MP Front Camera,,https://www.flipkart.com/boltt-evo-berry-red-128-gb/p/itmf046d663a1fd7?pid=MOBHPP59TUYYPWP5&lid=LSTMOBHPP59TUYYPWP5U7J1VB&marketplace=FLIPKART&q=smart+phones&store=tyy%2F4io&srno=s_29_688&otracker=search&fm=organic&iid=en_wiWjO-ZgaS_MLkaz-cHO20S4PyyXjSYsVtGt7WJBEIbeErYPUfaYocRU9fyhEr5gvSppyrEH4LyH9lCiIfbYhZZk_zxnXKMiUj2SaFo9m-PCXsDpieoij8HweQMOiiuY&ppt=None&ppn=None&ssid=6gi69scs5s0000001790935125396&qH=a5594894156db043&ov_redirect=true,2026-10-02
689,"OPPO K14 5G (Prism White, 128 GB)",OPPO,25999,,,4.4,"7,496",676,6 GB RAM,128 GB ROM,7000 mAh Battery,Dimensity 6300 Processor,17.14 cm (6.75 inch) HD+ Display,50MP Rear Camera | 8MP Front Camera,,https://www.flipkart.com/oppo-k14-5g-prism-white-128-gb/p/itm2a5cc1d23c2af?pid=MOBHKQYY9JJPHATW&lid=LSTMOBHKQYY9JJPHATWF0JOIP&marketplace=FLIPKART&q=smart+phones&store=tyy%2F4io&srno=s_29_689&otracker=search&fm=organic&iid=04a7371a-f02b-4c94-b1ab-acad9b9a1d79.MOBHKQYY9JJPHATW.SEARCH&ppt=None&ppn=None&ssid=6gi69scs5s0000001790935125396&qH=a5594894156db043&ov_redirect=true,2026-10-02
690,"BOLTT ACE 5G (Arctic White, 64 GB)",BOLTT,14999,24999,40% off,4.2,402,199,4 GB RAM,64 GB ROM,6000 mAh Lithium ion Battery,T8200 Processor,17.25 cm (6.79 inch) HD+ Display,64MP Rear Camera | 8MP Front Camera,,https://www.flipkart.com/boltt-ace-5g-arctic-white-64-gb/p/itm2eb0f483effdd?pid=MOBHPP59RGTBZVWY&lid=LSTMOBHPP59RGTBZVWY4M9HDA&marketplace=FLIPKART&q=smart+phones&store=tyy%2F4io&srno=s_29_690&otracker=search&fm=organic&iid=04a7371a-f02b-4c94-b1ab-acad9b9a1d79.MOBHPP59RGTBZVWY.SEARCH&ppt=None&ppn=None&ssid=6gi69scs5s0000001790935125396&qH=a5594894156db043&ov_redirect=true,2026-10-02
691,"Nothing Phone (4b) (White, 256 GB)",Nothing,40999,59999,31% off,4.3,"1,841",179,8 GB RAM,256 GB ROM,6000 mAh Lithium ion Battery,6 Gen 4 Processor,17.2 cm (6.77 inch) Full HD+ AMOLED Display,50MP + 8MP | 16MP Front Camera,,https://www.flipkart.com/nothing-phone-4b-white-256-gb/p/itm939608b40adbb?pid=MOBHZMBD5MZZDUYA&lid=LSTMOBHZMBD5MZZDUYAIWDKYR&marketplace=FLIPKART&q=smart+phones&store=tyy%2F4io&srno=s_29_691&otracker=search&fm=organic&iid=en_wiWjO-ZgaS_MLkaz-cHO20S4PyyXjSYsVtGt7WJBEIaD0DQxW_51UiGELXSuaFme7muq75qMORP5m1GATJhVOuebvJ3XMQeWNozLNoAjfkJdpA6MqGsQ756f_TnRcTDZ&ppt=None&ppn=None&ssid=6gi69scs5s0000001790935125396&qH=a5594894156db043&ov_redirect=true,2026-10-02
692,"BOLTT EVO (Sky Blue, 128 GB)",BOLTT,11499,18999,39% off,4,"1,804",873,6 GB RAM,128 GB ROM,6000 mAh Lithium ion Battery,T7250 Processor,6.79'' HD+ punch hole display,50MP + 2MP | 8MP Front Camera,,https://www.flipkart.com/boltt-evo-sky-blue-128-gb/p/itmf046d663a1fd7?pid=MOBHPP59ME6SPCZW&lid=LSTMOBHPP59ME6SPCZWUW9RP3&marketplace=FLIPKART&q=smart+phones&store=tyy%2F4io&srno=s_29_692&otracker=search&fm=organic&iid=en_wiWjO-ZgaS_MLkaz-cHO20S4PyyXjSYsVtGt7WJBEIYSTSL47BqsPjPYoiNcWO-TwbXaiFD5B5V-i7lupI6xHpZk_zxnXKMiUj2SaFo9m-PCXsDpieoij8HweQMOiiuY&ppt=None&ppn=None&ssid=6gi69scs5s0000001790935125396&qH=a5594894156db043&ov_redirect=true,2026-10-02
693,"BOLTT ACE 5G (Burgundy Bliss, 64 GB)",BOLTT,14999,24999,40% off,4.2,402,199,4 GB RAM,64 GB ROM,6000 mAh Lithium ion Battery,T8200 Processor,17.25 cm (6.79 inch) HD+ Display,64MP Rear Camera | 8MP Front Camera,,https://www.flipkart.com/boltt-ace-5g-burgundy-bliss-64-gb/p/itm2eb0f483effdd?pid=MOBHPP59ASQZWSGX&lid=LSTMOBHPP59ASQZWSGX7OOARS&marketplace=FLIPKART&q=smart+phones&store=tyy%2F4io&srno=s_29_693&otracker=search&fm=organic&iid=04a7371a-f02b-4c94-b1ab-acad9b9a1d79.MOBHPP59ASQZWSGX.SEARCH&ppt=None&ppn=None&ssid=6gi69scs5s0000001790935125396&qH=a5594894156db043&ov_redirect=true,2026-10-02
694,"BOLTT ACE 5G (Lavender Bloom, 64 GB)",BOLTT,14999,24999,40% off,4.2,402,199,4 GB RAM,64 GB ROM,6000 mAh Lithium ion Battery,T8200 Processor,17.25 cm (6.79 inch) HD+ Display,64MP Rear Camera | 8MP Front Camera,,https://www.flipkart.com/boltt-ace-5g-lavender-bloom-64-gb/p/itm2eb0f483effdd?pid=MOBHPP59CGDHZVJY&lid=LSTMOBHPP59CGDHZVJYFJP39X&marketplace=FLIPKART&q=smart+phones&store=tyy%2F4io&srno=s_29_694&otracker=search&fm=organic&iid=04a7371a-f02b-4c94-b1ab-acad9b9a1d79.MOBHPP59CGDHZVJY.SEARCH&ppt=None&ppn=None&ssid=6gi69scs5s0000001790935125396&qH=a5594894156db043&ov_redirect=true,2026-10-02
695,"OPPO Reno15 Pro Mini 5G (Cocoa Brown, 512 GB)",OPPO,64999,69999,7% off,4.6,900,117,12 GB RAM,512 GB ROM,6200 mAh Battery,Dimensity 8450 Processor,16.05 cm (6.32 inch) Full HD+ Display,,,https://www.flipkart.com/oppo-reno15-pro-mini-5g-cocoa-brown-512-gb/p/itmf83af4c98921b?pid=MOBHGZZ9HQKQSZGR&lid=LSTMOBHGZZ9HQKQSZGRAIMRPD&marketplace=FLIPKART&q=smart+phones&store=tyy%2F4io&srno=s_29_695&otracker=search&fm=organic&iid=04a7371a-f02b-4c94-b1ab-acad9b9a1d79.MOBHGZZ9HQKQSZGR.SEARCH&ppt=None&ppn=None&ssid=6gi69scs5s0000001790935125396&qH=a5594894156db043&ov_redirect=true,2026-10-02
696,"BOLTT ACE 5G (Forest Green, 64 GB)",BOLTT,14999,24999,40% off,4.2,402,199,4 GB RAM,64 GB ROM,6000 mAh Lithium ion Battery,T8200 Processor,17.25 cm (6.79 inch) HD+ Display,64MP Rear Camera | 8MP Front Camera,,https://www.flipkart.com/boltt-ace-5g-forest-green-64-gb/p/itm2eb0f483effdd?pid=MOBHPP59HXJA2QWH&lid=LSTMOBHPP59HXJA2QWHVVQLKT&marketplace=FLIPKART&q=smart+phones&store=tyy%2F4io&srno=s_29_696&otracker=search&fm=organic&iid=04a7371a-f02b-4c94-b1ab-acad9b9a1d79.MOBHPP59HXJA2QWH.SEARCH&ppt=None&ppn=None&ssid=6gi69scs5s0000001790935125396&qH=a5594894156db043&ov_redirect=true,2026-10-02
697,"BOLTT EVO (Arctic White, 128 GB)",BOLTT,11499,18999,39% off,4,"1,804",873,6 GB RAM,128 GB ROM,6000 mAh Lithium ion Battery,T7250 Processor,6.79'' HD+ punch hole display,50MP + 2MP | 8MP Front Camera,,https://www.flipkart.com/boltt-evo-arctic-white-128-gb/p/itmf046d663a1fd7?pid=MOBHPP59GKGTGZGA&lid=LSTMOBHPP59GKGTGZGAIEMNWG&marketplace=FLIPKART&q=smart+phones&store=tyy%2F4io&srno=s_30_697&otracker=search&fm=organic&iid=en_xFmck4pOUBXsIs-ILCNDF3jUs18o9_riJUWV_vImIBPSENONXajXO4J2X2bGgwykApXdqJ8g9gjPKgZjVdc9bpZk_zxnXKMiUj2SaFo9m-NDUASt57YkSAFD5gt2Mf9G&ppt=None&ppn=None&ssid=28ivrh584w0000001790935128132&qH=a5594894156db043&ov_redirect=true,2026-10-02
698,"BOLTT EVO (Berry Red, 64 GB)",BOLTT,9999,17999,44% off,4.4,"1,327",695,4 GB RAM,64 GB ROM,6000 mAh Lithium ion Battery,T7250 Processor,6.79'' HD+ punch hole display,50MP + 2MP | 8MP Front Camera,,https://www.flipkart.com/boltt-evo-berry-red-64-gb/p/itmf046d663a1fd7?pid=MOBHPP598ENKRGBY&lid=LSTMOBHPP598ENKRGBYC3QECN&marketplace=FLIPKART&q=smart+phones&store=tyy%2F4io&srno=s_30_698&otracker=search&fm=organic&iid=en_xFmck4pOUBXsIs-ILCNDF3jUs18o9_riJUWV_vImIBMiUdWcAIkYRy0X_r3895iamCxeu8uCGyw6NBIvVnameZZk_zxnXKMiUj2SaFo9m-NDUASt57YkSAFD5gt2Mf9G&ppt=None&ppn=None&ssid=28ivrh584w0000001790935128132&qH=a5594894156db043&ov_redirect=true,2026-10-02
699,"vivo T5 Pro 5G (Cosmic Black, 256 GB)",vivo,46999,61999,24% off,4.5,"9,980",967,8 GB RAM,256 GB ROM,9020 mAh Battery,Snapdragon 7s Gen 4 Processor,17.35 cm (6.83 inch) Full HD+ AMOLED Display,50MP + 2MP | 32MP Front Camera,,https://www.flipkart.com/vivo-t5-pro-5g-cosmic-black-256-gb/p/itma21e2e09d4493?pid=MOBHM4FZRMHBQHP5&lid=LSTMOBHM4FZRMHBQHP59ZOVA8&marketplace=FLIPKART&q=smart+phones&store=tyy%2F4io&srno=s_30_699&otracker=search&fm=organic&iid=a545be61-c98d-4b18-bb72-0111f531e2d7.MOBHM4FZRMHBQHP5.SEARCH&ppt=None&ppn=None&ssid=28ivrh584w0000001790935128132&qH=a5594894156db043&ov_redirect=true,2026-10-02
700,"Infinix HOT 60i 5G (Plum Red, 128 GB)",Infinix,17499,24999,30% off,4.3,"1,595",148,4 GB RAM,128 GB ROM,6000 mAh Battery,Dimensity 6400 Processor,17.14 cm (6.75 inch) HD+ Display,50MP Rear Camera | 5MP Front Camera,,https://www.flipkart.com/infinix-hot-60i-5g-plum-red-128-gb/p/itm1cb6bf875f6e0?pid=MOBHERZEBTBE6KDK&lid=LSTMOBHERZEBTBE6KDKNJ5RAI&marketplace=FLIPKART&q=smart+phones&store=tyy%2F4io&srno=s_30_700&otracker=search&fm=organic&iid=a545be61-c98d-4b18-bb72-0111f531e2d7.MOBHERZEBTBE6KDK.SEARCH&ppt=None&ppn=None&ssid=28ivrh584w0000001790935128132&qH=a5594894156db043&ov_redirect=true,2026-10-02
701,"BOLTT EVO (Midnight Black, 64 GB)",BOLTT,9999,17999,44% off,4.4,"1,327",695,4 GB RAM,64 GB ROM,6000 mAh Lithium ion Battery,T7250 Processor,6.79'' HD+ punch hole display,50MP + 2MP | 8MP Front Camera,,https://www.flipkart.com/boltt-evo-midnight-black-64-gb/p/itmf046d663a1fd7?pid=MOBHPP597GB8ZHTY&lid=LSTMOBHPP597GB8ZHTYGYX70A&marketplace=FLIPKART&q=smart+phones&store=tyy%2F4io&srno=s_30_701&otracker=search&fm=organic&iid=en_xFmck4pOUBXsIs-ILCNDF3jUs18o9_riJUWV_vImIBM2iht7v1d0-pAnRuBEjcC_mFcmDxdFnAg2HDILUSFuRZZk_zxnXKMiUj2SaFo9m-NDUASt57YkSAFD5gt2Mf9G&ppt=None&ppn=None&ssid=28ivrh584w0000001790935128132&qH=a5594894156db043&ov_redirect=true,2026-10-02
702,"BOLTT EVO (Lavender Bloom, 64 GB)",BOLTT,9999,17999,44% off,4.4,"1,327",695,4 GB RAM,64 GB ROM,6000 mAh Lithium ion Battery,T7250 Processor,6.79'' HD+ punch hole display,50MP + 2MP | 8MP Front Camera,,https://www.flipkart.com/boltt-evo-lavender-bloom-64-gb/p/itmf046d663a1fd7?pid=MOBHPP59AEJZHCVZ&lid=LSTMOBHPP59AEJZHCVZQQSXMU&marketplace=FLIPKART&q=smart+phones&store=tyy%2F4io&srno=s_30_702&otracker=search&fm=organic&iid=en_xFmck4pOUBXsIs-ILCNDF3jUs18o9_riJUWV_vImIBN_lx9N24wNIQj5TsiHdAAh7xbDZ0DH1NrYuR9fFRym_pZk_zxnXKMiUj2SaFo9m-NDUASt57YkSAFD5gt2Mf9G&ppt=None&ppn=None&ssid=28ivrh584w0000001790935128132&qH=a5594894156db043&ov_redirect=true,2026-10-02
703,"Ai+ Nova 2 Pro 5G (Red, 128 GB)",Ai+,18999,23999,20% off,4,"1,050",134,8 GB RAM,128 GB ROM,6000 mAh Li-polymer Battery,Dimensity 7100 Processor,17.53 cm (6.9 inch) Full HD+ Display,48MP Rear Camera | 13MP Front Camera,,https://www.flipkart.com/ai-nova-2-pro-5g-red-128-gb/p/itm99171d3b4f114?pid=MOBHZ8ZMWWNT894J&lid=LSTMOBHZ8ZMWWNT894JUJERA7&marketplace=FLIPKART&q=smart+phones&store=tyy%2F4io&srno=s_30_703&otracker=search&fm=organic&iid=a545be61-c98d-4b18-bb72-0111f531e2d7.MOBHZ8ZMWWNT894J.SEARCH&ppt=None&ppn=None&ssid=28ivrh584w0000001790935128132&qH=a5594894156db043&ov_redirect=true,2026-10-02
704,"Apple iPhone 17 (Sage, 256 GB)",Apple,84999,99900,14% off,4.6,"28,288","2,049",,,,"A19 Chip, 6 Core Processor Processor",16.0 cm (6.3 inch) Super Retina XDR Display,48MP + 48MP | 18MP Front Camera,,https://www.flipkart.com/apple-iphone-17-sage-256-gb/p/itm410e85a5f1745?pid=MOBHQV9YZPQXFFGM&lid=LSTMOBHQV9YZPQXFFGMNN24WH&marketplace=FLIPKART&q=smart+phones&store=tyy%2F4io&srno=s_30_704&otracker=search&fm=organic&iid=a545be61-c98d-4b18-bb72-0111f531e2d7.MOBHQV9YZPQXFFGM.SEARCH&ppt=None&ppn=None&ssid=28ivrh584w0000001790935128132&qH=a5594894156db043&ov_redirect=true,2026-10-02
705,"MOTOROLA edge 70 pro (Satin-Luxe PANTONE Tea (Green), 256 GB)",MOTOROLA,42999,74999,42% off,4.3,657,87,12 GB RAM,256 GB ROM,6500 mAh Silicon-Carbon Battery,Dimensity 8500 Extreme Processor,17.27 cm (6.8 inch) Full HD+ Super AMOLED Display,50MP + 50MP | 50MP Front Camera,,https://www.flipkart.com/motorola-edge-70-pro-satin-luxe-pantone-tea-green-256-gb/p/itm09856991aebeb?pid=MOBHN973YUTCVRVP&lid=LSTMOBHN973YUTCVRVPPJ4EEO&marketplace=FLIPKART&q=smart+phones&store=tyy%2F4io&srno=s_30_705&otracker=search&fm=organic&iid=a545be61-c98d-4b18-bb72-0111f531e2d7.MOBHN973YUTCVRVP.SEARCH&ppt=None&ppn=None&ssid=28ivrh584w0000001790935128132&qH=a5594894156db043&ov_redirect=true,2026-10-02
706,"realme Narzo Power 5G (Titan Blue, 128 GB)",realme,28989,35999,19% off,4.3,109,10,8 GB RAM,128 GB ROM,10001 mAh Battery,,17.27 cm (6.8 inch) Display,50MP Rear Camera,,https://www.flipkart.com/realme-narzo-power-5g-titan-blue-128-gb/p/itmb7d628c2b23a9?pid=MOBHHGXKXMFAZHUQ&lid=LSTMOBHHGXKXMFAZHUQHUQZEZ&marketplace=FLIPKART&q=smart+phones&store=tyy%2F4io&srno=s_30_706&otracker=search&fm=organic&iid=a545be61-c98d-4b18-bb72-0111f531e2d7.MOBHHGXKXMFAZHUQ.SEARCH&ppt=None&ppn=None&ssid=28ivrh584w0000001790935128132&qH=a5594894156db043&ov_redirect=true,2026-10-02
707,"BOLTT EVO (Midnight Black, 128 GB)",BOLTT,11499,18999,39% off,4,"1,804",873,6 GB RAM,128 GB ROM,6000 mAh Lithium ion Battery,T7250 Processor,6.79'' HD+ punch hole display,50MP + 2MP | 8MP Front Camera,,https://www.flipkart.com/boltt-evo-midnight-black-128-gb/p/itmf046d663a1fd7?pid=MOBHPP59RWHM2PJH&lid=LSTMOBHPP59RWHM2PJHUUF4AF&marketplace=FLIPKART&q=smart+phones&store=tyy%2F4io&srno=s_30_707&otracker=search&fm=organic&iid=en_xFmck4pOUBXsIs-ILCNDF3jUs18o9_riJUWV_vImIBNVSwJQLLz-dUwrywgas7VI-oHdKO3yYnYUN_r3HYwM1pZk_zxnXKMiUj2SaFo9m-NDUASt57YkSAFD5gt2Mf9G&ppt=None&ppn=None&ssid=28ivrh584w0000001790935128132&qH=a5594894156db043&ov_redirect=true,2026-10-02
708,"BOLTT EVO (Berry Red, 128 GB)",BOLTT,11499,18999,39% off,4,"1,804",873,6 GB RAM,128 GB ROM,6000 mAh Lithium ion Battery,T7250 Processor,6.79'' HD+ punch hole display,50MP + 2MP | 8MP Front Camera,,https://www.flipkart.com/boltt-evo-berry-red-128-gb/p/itmf046d663a1fd7?pid=MOBHPP59TUYYPWP5&lid=LSTMOBHPP59TUYYPWP5U7J1VB&marketplace=FLIPKART&q=smart+phones&store=tyy%2F4io&srno=s_30_708&otracker=search&fm=organic&iid=en_xFmck4pOUBXsIs-ILCNDF3jUs18o9_riJUWV_vImIBMXUpflgRTTHh0Mc-Bt1pNIvSppyrEH4LyH9lCiIfbYhZZk_zxnXKMiUj2SaFo9m-NDUASt57YkSAFD5gt2Mf9G&ppt=None&ppn=None&ssid=28ivrh584w0000001790935128132&qH=a5594894156db043&ov_redirect=true,2026-10-02
709,"Samsung Galaxy A36 5G (Awesome Lavender, 256 GB)",Samsung,30999,38999,20% off,4.4,"5,489",911,8 GB RAM,256 GB ROM,5000 mAh Battery,Qualcomm Snapdragon 6 Gen 3 Processor,17.02 cm (6.7 inch) Full HD+ Display,50MP + 8MP | 12MP Front Camera,,https://www.flipkart.com/samsung-galaxy-a36-5g-awesome-lavender-256-gb/p/itma5b5834a73d65?pid=MOBH9RNG3KTYVZKE&lid=LSTMOBH9RNG3KTYVZKEUXWBIT&marketplace=FLIPKART&q=smart+phones&store=tyy%2F4io&srno=s_30_709&otracker=search&fm=organic&iid=a545be61-c98d-4b18-bb72-0111f531e2d7.MOBH9RNG3KTYVZKE.SEARCH&ppt=None&ppn=None&ssid=28ivrh584w0000001790935128132&qH=a5594894156db043&ov_redirect=true,2026-10-02
710,"Infinix NOTE 60 Pro (Tactical ED(Mocha Brown), 128 GB)",Infinix,35999,39999,10% off,4.4,"1,746",281,8 GB RAM,128 GB ROM,6500 mAh Battery,Snapdragon 7s Gen 4 Processor,17.22 cm (6.78 inch) Full HD+ AMOLED Display,50MP + 8MP | 13MP Front Camera,,https://www.flipkart.com/infinix-note-60-pro-tactical-ed-mocha-brown-128-gb/p/itm7681d00923b3c?pid=MOBHMZBG4ZCYBGTG&lid=LSTMOBHMZBG4ZCYBGTGSWNFYG&marketplace=FLIPKART&q=smart+phones&store=tyy%2F4io&srno=s_30_710&otracker=search&fm=organic&iid=a545be61-c98d-4b18-bb72-0111f531e2d7.MOBHMZBG4ZCYBGTG.SEARCH&ppt=None&ppn=None&ssid=28ivrh584w0000001790935128132&qH=a5594894156db043&ov_redirect=true,2026-10-02
711,"BOLTT EVO (Sky Blue, 128 GB)",BOLTT,11499,18999,39% off,4,"1,804",873,6 GB RAM,128 GB ROM,6000 mAh Lithium ion Battery,T7250 Processor,6.79'' HD+ punch hole display,50MP + 2MP | 8MP Front Camera,,https://www.flipkart.com/boltt-evo-sky-blue-128-gb/p/itmf046d663a1fd7?pid=MOBHPP59ME6SPCZW&lid=LSTMOBHPP59ME6SPCZWUW9RP3&marketplace=FLIPKART&q=smart+phones&store=tyy%2F4io&srno=s_30_711&otracker=search&fm=organic&iid=en_xFmck4pOUBXsIs-ILCNDF3jUs18o9_riJUWV_vImIBNo689WNcL_JKJkOZqvW2UL3P0mWBjXnv8TRqM4RAxjiJZk_zxnXKMiUj2SaFo9m-NDUASt57YkSAFD5gt2Mf9G&ppt=None&ppn=None&ssid=28ivrh584w0000001790935128132&qH=a5594894156db043&ov_redirect=true,2026-10-02
712,"Nothing Phone (4b) (White, 256 GB)",Nothing,40999,59999,31% off,4.3,"1,841",179,8 GB RAM,256 GB ROM,6000 mAh Lithium ion Battery,6 Gen 4 Processor,17.2 cm (6.77 inch) Full HD+ AMOLED Display,50MP + 8MP | 16MP Front Camera,,https://www.flipkart.com/nothing-phone-4b-white-256-gb/p/itm939608b40adbb?pid=MOBHZMBD5MZZDUYA&lid=LSTMOBHZMBD5MZZDUYAIWDKYR&marketplace=FLIPKART&q=smart+phones&store=tyy%2F4io&srno=s_30_712&otracker=search&fm=organic&iid=en_xFmck4pOUBXsIs-ILCNDF3jUs18o9_riJUWV_vImIBPv-xekZQ0dBnwepeBarspk7muq75qMORP5m1GATJhVOo4zosKAteXhOp7WzmYAPrcwHDvsz_jt9l_0PNBtFdXd&ppt=None&ppn=None&ssid=28ivrh584w0000001790935128132&qH=a5594894156db043&ov_redirect=true,2026-10-02
713,"IQOO Neo 10 (Alpine White, 256 GB)",IQOO,54999,,,4.5,"1,295",131,12 GB RAM,256 GB ROM,7000 mAh Battery,Qualcomm Snapdragon 8s Gen 4 Processor,17.22 cm (6.78 inch) Full HD+ Super AMOLED Display,50MP Rear Camera,,https://www.flipkart.com/iqoo-neo-10-alpine-white-256-gb/p/itm0efde001342b5?pid=MOBHN6VSHRSWKYRB&lid=LSTMOBHN6VSHRSWKYRBTNJZQS&marketplace=FLIPKART&q=smart+phones&store=tyy%2F4io&srno=s_30_713&otracker=search&fm=organic&iid=a545be61-c98d-4b18-bb72-0111f531e2d7.MOBHN6VSHRSWKYRB.SEARCH&ppt=None&ppn=None&ssid=28ivrh584w0000001790935128132&qH=a5594894156db043&ov_redirect=true,2026-10-02
714,"Apple iPhone 18 Pro (Black, 256 GB)",Apple,164900,,,4.7,236,30,,,,"A20 Pro chip, 6 Core Processor Processor",16.0 cm (6.3 inch) Super Retina XDR Display,48MP + 48MP + 48MP | 18MP Front Camera,,https://www.flipkart.com/apple-iphone-18-pro-black-256-gb/p/itm63a95e8ef1485?pid=MOBHQT5QXWHHWVEQ&lid=LSTMOBHQT5QXWHHWVEQUK1HRN&marketplace=FLIPKART&q=smart+phones&store=tyy%2F4io&srno=s_30_714&otracker=search&fm=organic&iid=a545be61-c98d-4b18-bb72-0111f531e2d7.MOBHQT5QXWHHWVEQ.SEARCH&ppt=None&ppn=None&ssid=28ivrh584w0000001790935128132&qH=a5594894156db043&ov_redirect=true,2026-10-02
715,"Tecno Pova 8 5G (Terminal Green, 128 GB)",Tecno,29999,39999,25% off,4.3,55,21,6 GB RAM,128 GB ROM,8000 mAh Lithium Polymer Battery,Dimensity 7100 Processor,17.17 cm (6.76 inch) Full HD+ Display,50MP Rear Camera | 13MP Front Camera,,https://www.flipkart.com/tecno-pova-8-5g-terminal-green-128-gb/p/itm575d24d0ce5fc?pid=MOBHNR66ADRYQVQR&lid=LSTMOBHNR66ADRYQVQROOOGDI&marketplace=FLIPKART&q=smart+phones&store=tyy%2F4io&srno=s_30_715&otracker=search&fm=organic&iid=a545be61-c98d-4b18-bb72-0111f531e2d7.MOBHNR66ADRYQVQR.SEARCH&ppt=None&ppn=None&ssid=28ivrh584w0000001790935128132&qH=a5594894156db043&ov_redirect=true,2026-10-02
716,"realme 16 Pro 5G (Orchid Purple, 256 GB)",realme,46999,,,4.3,"2,835",291,8 GB RAM,256 GB ROM,7000 mAh Battery,Dimensity 7300 Max Processor,17.22 cm (6.78 inch) Full HD+ Display,200MP + 8MP | 50MP Front Camera,,https://www.flipkart.com/realme-16-pro-5g-orchid-purple-256-gb/p/itm0f32797c10002?pid=MOBHM8GZAYJZ4T7F&lid=LSTMOBHM8GZAYJZ4T7FUU8G0K&marketplace=FLIPKART&q=smart+phones&store=tyy%2F4io&srno=s_30_716&otracker=search&fm=organic&iid=a545be61-c98d-4b18-bb72-0111f531e2d7.MOBHM8GZAYJZ4T7F.SEARCH&ppt=None&ppn=None&ssid=28ivrh584w0000001790935128132&qH=a5594894156db043&ov_redirect=true,2026-10-02
717,"BOLTT EVO (Sky Blue, 64 GB)",BOLTT,9999,17999,44% off,4.4,"1,327",695,4 GB RAM,64 GB ROM,6000 mAh Lithium ion Battery,T7250 Processor,6.79'' HD+ punch hole display,50MP + 2MP | 8MP Front Camera,,https://www.flipkart.com/boltt-evo-sky-blue-64-gb/p/itmf046d663a1fd7?pid=MOBHPP59WKSV4FYG&lid=LSTMOBHPP59WKSV4FYGYPMLV6&marketplace=FLIPKART&q=smart+phones&store=tyy%2F4io&srno=s_30_717&otracker=search&fm=organic&iid=en_xFmck4pOUBXsIs-ILCNDF3jUs18o9_riJUWV_vImIBP-iFeOM47pVgK2E7sCBRPmigicCniOwiXfyNr6i62vdZZk_zxnXKMiUj2SaFo9m-NDUASt57YkSAFD5gt2Mf9G&ppt=None&ppn=None&ssid=28ivrh584w0000001790935128132&qH=a5594894156db043&ov_redirect=true,2026-10-02
718,"Tecno Spark Go 3 (Ink Black, 64 GB)",Tecno,12499,15999,21% off,4.1,221,15,4 GB RAM,64 GB ROM,5000 mAh Lithium Polymer Battery,T7250 Processor,17.12 cm (6.74 inch) HD+ Display,13MP Rear Camera | 8MP Front Camera,,https://www.flipkart.com/tecno-spark-go-3-ink-black-64-gb/p/itma9c8f128a61c6?pid=MOBHP2QYCXZZE3CM&lid=LSTMOBHP2QYCXZZE3CMWW64IB&marketplace=FLIPKART&q=smart+phones&store=tyy%2F4io&srno=s_30_718&otracker=search&fm=organic&iid=en_xFmck4pOUBXsIs-ILCNDF3jUs18o9_riJUWV_vImIBNbTfyXKvaMPlx3pelk4XuzobHia2qzOJRVmItQg11sFOigoP0JOmkRzy9ESpBEi3dfPkB829hfSOz3p9ZJtL_F&ppt=None&ppn=None&ssid=28ivrh584w0000001790935128132&qH=a5594894156db043&ov_redirect=true,2026-10-02
719,"IQOO 15R 5G (Dark Knight, 256 GB)",IQOO,61890,77999,20% off,4.6,279,32,12 GB RAM,256 GB ROM,7600 mAh Battery,,16.74 cm (6.59 inch) Display,50MP Rear Camera,,https://www.flipkart.com/iqoo-15r-5g-dark-knight-256-gb/p/itm7bc8aee18f590?pid=MOBHHY4HPH4DHD8G&lid=LSTMOBHHY4HPH4DHD8GDF1FFL&marketplace=FLIPKART&q=smart+phones&store=tyy%2F4io&srno=s_30_719&otracker=search&fm=organic&iid=a545be61-c98d-4b18-bb72-0111f531e2d7.MOBHHY4HPH4DHD8G.SEARCH&ppt=None&ppn=None&ssid=28ivrh584w0000001790935128132&qH=a5594894156db043&ov_redirect=true,2026-10-02
720,"Samsung Galaxy A17 5G Charger in the Box (Blue, 128 GB)",Samsung,21999,,,4.3,"2,720",243,6 GB RAM,128 GB ROM,5000 mAh Battery,Samsung Exynos 1330 Processor,17.02 cm (6.7 inch) Full HD+ Display,50MP + 5MP + 2MP | 13MP Front Camera,,https://www.flipkart.com/samsung-galaxy-a17-5g-charger-box-blue-128-gb/p/itm8c0f77af2ac48?pid=MOBHES2FRFASW6WT&lid=LSTMOBHES2FRFASW6WTQAFJLN&marketplace=FLIPKART&q=smart+phones&store=tyy%2F4io&srno=s_30_720&otracker=search&fm=organic&iid=a545be61-c98d-4b18-bb72-0111f531e2d7.MOBHES2FRFASW6WT.SEARCH&ppt=None&ppn=None&ssid=28ivrh584w0000001790935128132&qH=a5594894156db043&ov_redirect=true,2026-10-02
721,"BOLTT EVO (Arctic White, 128 GB)",BOLTT,11499,18999,39% off,4,"1,804",873,6 GB RAM,128 GB ROM,6000 mAh Lithium ion Battery,T7250 Processor,6.79'' HD+ punch hole display,50MP + 2MP | 8MP Front Camera,,https://www.flipkart.com/boltt-evo-arctic-white-128-gb/p/itmf046d663a1fd7?pid=MOBHPP59GKGTGZGA&lid=LSTMOBHPP59GKGTGZGAIEMNWG&marketplace=FLIPKART&q=smart+phones&store=tyy%2F4io&srno=s_31_721&otracker=search&fm=organic&iid=en_Y9_7GDkW2AiG1z96Vmqr9w12pn0Z6h0JzpnytdadpO3VCjm1VvEmJlHXPl4xLtdTApXdqJ8g9gjPKgZjVdc9bpZk_zxnXKMiUj2SaFo9m-MArsbyO3_ltFfuFFxOMiGx&ppt=None&ppn=None&ssid=n5htoeaeao0000001790935130976&qH=a5594894156db043&ov_redirect=true,2026-10-02
722,"BOLTT EVO (Berry Red, 64 GB)",BOLTT,9999,17999,44% off,4.4,"1,327",695,4 GB RAM,64 GB ROM,6000 mAh Lithium ion Battery,T7250 Processor,6.79'' HD+ punch hole display,50MP + 2MP | 8MP Front Camera,,https://www.flipkart.com/boltt-evo-berry-red-64-gb/p/itmf046d663a1fd7?pid=MOBHPP598ENKRGBY&lid=LSTMOBHPP598ENKRGBYC3QECN&marketplace=FLIPKART&q=smart+phones&store=tyy%2F4io&srno=s_31_722&otracker=search&fm=organic&iid=en_Y9_7GDkW2AiG1z96Vmqr9w12pn0Z6h0JzpnytdadpO29paIk7ypVEtIGEEbHwtcGmCxeu8uCGyw6NBIvVnameZZk_zxnXKMiUj2SaFo9m-MArsbyO3_ltFfuFFxOMiGx&ppt=None&ppn=None&ssid=n5htoeaeao0000001790935130976&qH=a5594894156db043&ov_redirect=true,2026-10-02
723,"realme P4R 5G (Lavender Glare, 128 GB)",realme,25999,39999,35% off,4.3,"5,270",431,6 GB RAM,128 GB ROM,8000 mAh Lithium-ion polymer Battery,Dimensity 6300 Processor,17.27 cm (6.8 inch) HD+ Display,50MP Rear Camera | 8MP Front Camera,,https://www.flipkart.com/realme-p4r-5g-lavender-glare-128-gb/p/itmb42ae388c1ef6?pid=MOBHMYR3NPFHTFHE&lid=LSTMOBHMYR3NPFHTFHEQL7J8Y&marketplace=FLIPKART&q=smart+phones&store=tyy%2F4io&srno=s_31_723&otracker=search&fm=organic&iid=8e709220-93aa-44af-99d4-94ac4fc6bb6e.MOBHMYR3NPFHTFHE.SEARCH&ppt=None&ppn=None&ssid=n5htoeaeao0000001790935130976&qH=a5594894156db043&ov_redirect=true,2026-10-02
724,"Apple iPhone 16 Plus (White, 128 GB)",Apple,79900,,,4.6,"4,345",294,,,,"A18 Chip, 6 Core Processor Processor",17.02 cm (6.7 inch) Super Retina XDR Display,48MP + 12MP | 12MP Front Camera,,https://www.flipkart.com/apple-iphone-16-plus-white-128-gb/p/itm0635ebbf8c665?pid=MOBH4DQF3AJNKARR&lid=LSTMOBH4DQF3AJNKARRT235WT&marketplace=FLIPKART&q=smart+phones&store=tyy%2F4io&srno=s_31_724&otracker=search&fm=organic&iid=8e709220-93aa-44af-99d4-94ac4fc6bb6e.MOBH4DQF3AJNKARR.SEARCH&ppt=None&ppn=None&ssid=n5htoeaeao0000001790935130976&qH=a5594894156db043&ov_redirect=true,2026-10-02
725,"OPPO Reno15 Pro Mini 5G (Glacier White, 512 GB)",OPPO,64999,69999,7% off,4.6,900,117,12 GB RAM,512 GB ROM,6200 mAh Battery,Dimensity 8450 Processor,16.05 cm (6.32 inch) Full HD+ Display,,,https://www.flipkart.com/oppo-reno15-pro-mini-5g-glacier-white-512-gb/p/itmf83af4c98921b?pid=MOBHGZZ9VJBTTFPP&lid=LSTMOBHGZZ9VJBTTFPPPJRXCK&marketplace=FLIPKART&q=smart+phones&store=tyy%2F4io&srno=s_31_725&otracker=search&fm=organic&iid=8e709220-93aa-44af-99d4-94ac4fc6bb6e.MOBHGZZ9VJBTTFPP.SEARCH&ppt=None&ppn=None&ssid=n5htoeaeao0000001790935130976&qH=a5594894156db043&ov_redirect=true,2026-10-02
726,"vivo T5e (Shadow Grey, 64 GB)",vivo,13999,26999,48% off,3.8,148,8,4 GB RAM,64 GB ROM,5500 mAh Li-ion Battery,T7225 Processor,17.12 cm (6.74 inch) HD Display,8MP Rear Camera | 5MP Front Camera,,https://www.flipkart.com/vivo-t5e-shadow-grey-64-gb/p/itm180ca0a991a2b?pid=MOBHPBM6FNMA7ZC7&lid=LSTMOBHPBM6FNMA7ZC7AQDM3K&marketplace=FLIPKART&q=smart+phones&store=tyy%2F4io&srno=s_31_726&otracker=search&fm=organic&iid=8e709220-93aa-44af-99d4-94ac4fc6bb6e.MOBHPBM6FNMA7ZC7.SEARCH&ppt=None&ppn=None&ssid=n5htoeaeao0000001790935130976&qH=a5594894156db043&ov_redirect=true,2026-10-02
727,"BOLTT EVO (Midnight Black, 64 GB)",BOLTT,9999,17999,44% off,4.4,"1,327",695,4 GB RAM,64 GB ROM,6000 mAh Lithium ion Battery,T7250 Processor,6.79'' HD+ punch hole display,50MP + 2MP | 8MP Front Camera,,https://www.flipkart.com/boltt-evo-midnight-black-64-gb/p/itmf046d663a1fd7?pid=MOBHPP597GB8ZHTY&lid=LSTMOBHPP597GB8ZHTYGYX70A&marketplace=FLIPKART&q=smart+phones&store=tyy%2F4io&srno=s_31_727&otracker=search&fm=organic&iid=en_Y9_7GDkW2AiG1z96Vmqr9w12pn0Z6h0JzpnytdadpO25t95GLJTY0Fb2o5-kVfCFmFcmDxdFnAg2HDILUSFuRZZk_zxnXKMiUj2SaFo9m-MArsbyO3_ltFfuFFxOMiGx&ppt=None&ppn=None&ssid=n5htoeaeao0000001790935130976&qH=a5594894156db043&ov_redirect=true,2026-10-02
728,"BOLTT EVO (Lavender Bloom, 64 GB)",BOLTT,9999,17999,44% off,4.4,"1,327",695,4 GB RAM,64 GB ROM,6000 mAh Lithium ion Battery,T7250 Processor,6.79'' HD+ punch hole display,50MP + 2MP | 8MP Front Camera,,https://www.flipkart.com/boltt-evo-lavender-bloom-64-gb/p/itmf046d663a1fd7?pid=MOBHPP59AEJZHCVZ&lid=LSTMOBHPP59AEJZHCVZQQSXMU&marketplace=FLIPKART&q=smart+phones&store=tyy%2F4io&srno=s_31_728&otracker=search&fm=organic&iid=en_Y9_7GDkW2AiG1z96Vmqr9w12pn0Z6h0JzpnytdadpO1rryCMh1KYZCUCb6Vxwmo17xbDZ0DH1NrYuR9fFRym_pZk_zxnXKMiUj2SaFo9m-MArsbyO3_ltFfuFFxOMiGx&ppt=None&ppn=None&ssid=n5htoeaeao0000001790935130976&qH=a5594894156db043&ov_redirect=true,2026-10-02
729,"REDMI Note 15 5G (Glacier Blue, 128 GB)",REDMI,26999,,,4.4,"1,252",91,8 GB RAM,128 GB ROM,5520 mAh Battery,,17.2 cm (6.77 inch) Display,108MP Rear Camera,,https://www.flipkart.com/redmi-note-15-5g-glacier-blue-128-gb/p/itm7cb24e3c40189?pid=MOBHJHPUACM2SDPW&lid=LSTMOBHJHPUACM2SDPWGKACK4&marketplace=FLIPKART&q=smart+phones&store=tyy%2F4io&srno=s_31_729&otracker=search&fm=organic&iid=8e709220-93aa-44af-99d4-94ac4fc6bb6e.MOBHJHPUACM2SDPW.SEARCH&ppt=None&ppn=None&ssid=n5htoeaeao0000001790935130976&qH=a5594894156db043&ov_redirect=true,2026-10-02
730,"realme 16 5G (Air Black, 256 GB)",realme,49999,,,4.3,247,28,12 GB RAM,256 GB ROM,7000 mAh Battery,Dimensity 6400 Turbo Processor,16.69 cm (6.57 inch) Full HD+ AMOLED Display,50MP + 2MP | 50MP Front Camera,,https://www.flipkart.com/realme-16-5g-air-black-256-gb/p/itm7b0c4cd95742b?pid=MOBHHM6TCNZGFMY3&lid=LSTMOBHHM6TCNZGFMY36AK2OW&marketplace=FLIPKART&q=smart+phones&store=tyy%2F4io&srno=s_31_730&otracker=search&fm=organic&iid=8e709220-93aa-44af-99d4-94ac4fc6bb6e.MOBHHM6TCNZGFMY3.SEARCH&ppt=None&ppn=None&ssid=n5htoeaeao0000001790935130976&qH=a5594894156db043&ov_redirect=true,2026-10-02
731,"BOLTT EVO (Midnight Black, 128 GB)",BOLTT,11499,18999,39% off,4,"1,804",873,6 GB RAM,128 GB ROM,6000 mAh Lithium ion Battery,T7250 Processor,6.79'' HD+ punch hole display,50MP + 2MP | 8MP Front Camera,,https://www.flipkart.com/boltt-evo-midnight-black-128-gb/p/itmf046d663a1fd7?pid=MOBHPP59RWHM2PJH&lid=LSTMOBHPP59RWHM2PJHUUF4AF&marketplace=FLIPKART&q=smart+phones&store=tyy%2F4io&srno=s_31_731&otracker=search&fm=organic&iid=en_Y9_7GDkW2AiG1z96Vmqr9w12pn0Z6h0JzpnytdadpO1GG2hQKuZdyfaYN3Nfg-rx-oHdKO3yYnYUN_r3HYwM1pZk_zxnXKMiUj2SaFo9m-MArsbyO3_ltFfuFFxOMiGx&ppt=None&ppn=None&ssid=n5htoeaeao0000001790935130976&qH=a5594894156db043&ov_redirect=true,2026-10-02
732,"BOLTT EVO (Berry Red, 128 GB)",BOLTT,11499,18999,39% off,4,"1,804",873,6 GB RAM,128 GB ROM,6000 mAh Lithium ion Battery,T7250 Processor,6.79'' HD+ punch hole display,50MP + 2MP | 8MP Front Camera,,https://www.flipkart.com/boltt-evo-berry-red-128-gb/p/itmf046d663a1fd7?pid=MOBHPP59TUYYPWP5&lid=LSTMOBHPP59TUYYPWP5U7J1VB&marketplace=FLIPKART&q=smart+phones&store=tyy%2F4io&srno=s_31_732&otracker=search&fm=organic&iid=en_Y9_7GDkW2AiG1z96Vmqr9w12pn0Z6h0JzpnytdadpO2lHkevN31h7NwGvTkp_vy3vSppyrEH4LyH9lCiIfbYhZZk_zxnXKMiUj2SaFo9m-MArsbyO3_ltFfuFFxOMiGx&ppt=None&ppn=None&ssid=n5htoeaeao0000001790935130976&qH=a5594894156db043&ov_redirect=true,2026-10-02
733,"REDMI 14C 5G (Stargaze Black, 128 GB)",REDMI,14462,14999,3% off,4.2,"11,591",672,6 GB RAM,128 GB ROM,5160 mAh Battery,4 Gen 2 5G Processor,17.48 cm (6.88 inch) HD+ Display,50MP Rear Camera | 8MP Front Camera,5G,https://www.flipkart.com/redmi-14c-5g-stargaze-black-128-gb/p/itm3227d2404ad5d?pid=MOBH7VY5UGSJPZHB&lid=LSTMOBH7VY5UGSJPZHB2RRTDL&marketplace=FLIPKART&q=smart+phones&store=tyy%2F4io&srno=s_31_733&otracker=search&fm=organic&iid=8e709220-93aa-44af-99d4-94ac4fc6bb6e.MOBH7VY5UGSJPZHB.SEARCH&ppt=None&ppn=None&ssid=n5htoeaeao0000001790935130976&qH=a5594894156db043&ov_redirect=true,2026-10-02
734,"realme 16 5G (Air Black, 256 GB)",realme,44999,,,4,"1,020",115,8 GB RAM,256 GB ROM,7000 mAh Battery,Dimensity 6400 Turbo Processor,16.69 cm (6.57 inch) Full HD+ AMOLED Display,50MP + 2MP | 50MP Front Camera,,https://www.flipkart.com/realme-16-5g-air-black-256-gb/p/itm7b0c4cd95742b?pid=MOBHHM6TZ6QRPMBY&lid=LSTMOBHHM6TZ6QRPMBYNLJMCR&marketplace=FLIPKART&q=smart+phones&store=tyy%2F4io&srno=s_31_734&otracker=search&fm=organic&iid=8e709220-93aa-44af-99d4-94ac4fc6bb6e.MOBHHM6TZ6QRPMBY.SEARCH&ppt=None&ppn=None&ssid=n5htoeaeao0000001790935130976&qH=a5594894156db043&ov_redirect=true,2026-10-02
735,"realme 16 5G (Air Black, 128 GB)",realme,41999,,,4,"1,020",115,8 GB RAM,128 GB ROM,7000 mAh Battery,Dimensity 6400 Turbo Processor,16.69 cm (6.57 inch) Full HD+ AMOLED Display,50MP + 2MP | 50MP Front Camera,,https://www.flipkart.com/realme-16-5g-air-black-128-gb/p/itm7b0c4cd95742b?pid=MOBHHM6TDJP7TNNS&lid=LSTMOBHHM6TDJP7TNNSXCXCK0&marketplace=FLIPKART&q=smart+phones&store=tyy%2F4io&srno=s_31_735&otracker=search&fm=organic&iid=8e709220-93aa-44af-99d4-94ac4fc6bb6e.MOBHHM6TDJP7TNNS.SEARCH&ppt=None&ppn=None&ssid=n5htoeaeao0000001790935130976&qH=a5594894156db043&ov_redirect=true,2026-10-02
736,"realme Gt 7 (Icesense Blue, 512 GB)",realme,52999,,,4.5,"1,550",200,12 GB RAM,512 GB ROM,7000 mAh Battery,Dimensity Processor,17.22 cm (6.78 inch) Full HD+ AMOLED Display,50MP + 50MP + 50MP + 8MP | 32MP + 32MP Dual Front Camera,,https://www.flipkart.com/realme-gt-7-icesense-blue-512-gb/p/itm6cc8f84d92e2f?pid=MOBHCM4EZEQ7UHHP&lid=LSTMOBHCM4EZEQ7UHHP0QXCGY&marketplace=FLIPKART&q=smart+phones&store=tyy%2F4io&srno=s_31_736&otracker=search&fm=organic&iid=8e709220-93aa-44af-99d4-94ac4fc6bb6e.MOBHCM4EZEQ7UHHP.SEARCH&ppt=None&ppn=None&ssid=n5htoeaeao0000001790935130976&qH=a5594894156db043&ov_redirect=true,2026-10-02
737,"BOLTT EVO (Sky Blue, 128 GB)",BOLTT,11499,18999,39% off,4,"1,804",873,6 GB RAM,128 GB ROM,6000 mAh Lithium ion Battery,T7250 Processor,6.79'' HD+ punch hole display,50MP + 2MP | 8MP Front Camera,,https://www.flipkart.com/boltt-evo-sky-blue-128-gb/p/itmf046d663a1fd7?pid=MOBHPP59ME6SPCZW&lid=LSTMOBHPP59ME6SPCZWUW9RP3&marketplace=FLIPKART&q=smart+phones&store=tyy%2F4io&srno=s_31_737&otracker=search&fm=organic&iid=en_Y9_7GDkW2AiG1z96Vmqr9w12pn0Z6h0JzpnytdadpO3IKgZW9EQp6I8VPMIzXurU3P0mWBjXnv8TRqM4RAxjiJZk_zxnXKMiUj2SaFo9m-MArsbyO3_ltFfuFFxOMiGx&ppt=None&ppn=None&ssid=n5htoeaeao0000001790935130976&qH=a5594894156db043&ov_redirect=true,2026-10-02
738,"Nothing Phone (4b) (White, 256 GB)",Nothing,40999,59999,31% off,4.3,"1,841",179,8 GB RAM,256 GB ROM,6000 mAh Lithium ion Battery,6 Gen 4 Processor,17.2 cm (6.77 inch) Full HD+ AMOLED Display,50MP + 8MP | 16MP Front Camera,,https://www.flipkart.com/nothing-phone-4b-white-256-gb/p/itm939608b40adbb?pid=MOBHZMBD5MZZDUYA&lid=LSTMOBHZMBD5MZZDUYAIWDKYR&marketplace=FLIPKART&q=smart+phones&store=tyy%2F4io&srno=s_31_738&otracker=search&fm=organic&iid=en_Y9_7GDkW2AiG1z96Vmqr9w12pn0Z6h0JzpnytdadpO3cMfBr80_6FjiA08OXTwjY7muq75qMORP5m1GATJhVOo4zosKAteXhOp7WzmYAPrfQ1TupVJHOL-fIFuOdnyuw&ppt=None&ppn=None&ssid=n5htoeaeao0000001790935130976&qH=a5594894156db043&ov_redirect=true,2026-10-02
739,"realme Gt 7 (Icesense Black, 256 GB)",realme,48999,,,4.5,"1,550",200,12 GB RAM,256 GB ROM,7000 mAh Battery,Dimensity Processor,17.22 cm (6.78 inch) Full HD+ AMOLED Display,50MP + 50MP + 50MP + 8MP | 32MP + 32MP Dual Front Camera,,https://www.flipkart.com/realme-gt-7-icesense-black-256-gb/p/itm6cc8f84d92e2f?pid=MOBHCZYZJZ9VYSQ2&lid=LSTMOBHCZYZJZ9VYSQ2C23L9G&marketplace=FLIPKART&q=smart+phones&store=tyy%2F4io&srno=s_31_739&otracker=search&fm=organic&iid=8e709220-93aa-44af-99d4-94ac4fc6bb6e.MOBHCZYZJZ9VYSQ2.SEARCH&ppt=None&ppn=None&ssid=n5htoeaeao0000001790935130976&qH=a5594894156db043&ov_redirect=true,2026-10-02
740,"OnePlus N6X (Ice Blue, 64 GB)",OnePlus,20040,26999,25% off,4.1,144,10,4 GB RAM,64 GB ROM,7000 mAh Battery,MediaTek Dimensity 6360 Apex Processor,17.27 cm (6.8 inch) HD+ Display,13MP Rear Camera,,https://www.flipkart.com/oneplus-n6x-ice-blue-64-gb/p/itm4be54d70a3bed?pid=MOBHPTHNMYMBZBGD&lid=LSTMOBHPTHNMYMBZBGDYKGFTH&marketplace=FLIPKART&q=smart+phones&store=tyy%2F4io&srno=s_31_740&otracker=search&fm=organic&iid=8e709220-93aa-44af-99d4-94ac4fc6bb6e.MOBHPTHNMYMBZBGD.SEARCH&ppt=None&ppn=None&ssid=n5htoeaeao0000001790935130976&qH=a5594894156db043&ov_redirect=true,2026-10-02
741,"BOLTT EVO (Sky Blue, 64 GB)",BOLTT,9999,17999,44% off,4.4,"1,327",695,4 GB RAM,64 GB ROM,6000 mAh Lithium ion Battery,T7250 Processor,6.79'' HD+ punch hole display,50MP + 2MP | 8MP Front Camera,,https://www.flipkart.com/boltt-evo-sky-blue-64-gb/p/itmf046d663a1fd7?pid=MOBHPP59WKSV4FYG&lid=LSTMOBHPP59WKSV4FYGYPMLV6&marketplace=FLIPKART&q=smart+phones&store=tyy%2F4io&srno=s_31_741&otracker=search&fm=organic&iid=en_Y9_7GDkW2AiG1z96Vmqr9w12pn0Z6h0JzpnytdadpO0bjJeBf9KRMY1Uaw-EQNZ9igicCniOwiXfyNr6i62vdZZk_zxnXKMiUj2SaFo9m-MArsbyO3_ltFfuFFxOMiGx&ppt=None&ppn=None&ssid=n5htoeaeao0000001790935130976&qH=a5594894156db043&ov_redirect=true,2026-10-02
742,"Tecno Spark Go 3 (Ink Black, 64 GB)",Tecno,12499,15999,21% off,4.1,221,15,4 GB RAM,64 GB ROM,5000 mAh Lithium Polymer Battery,T7250 Processor,17.12 cm (6.74 inch) HD+ Display,13MP Rear Camera | 8MP Front Camera,,https://www.flipkart.com/tecno-spark-go-3-ink-black-64-gb/p/itma9c8f128a61c6?pid=MOBHP2QYCXZZE3CM&lid=LSTMOBHP2QYCXZZE3CMWW64IB&marketplace=FLIPKART&q=smart+phones&store=tyy%2F4io&srno=s_31_742&otracker=search&fm=organic&iid=en_Y9_7GDkW2AiG1z96Vmqr9w12pn0Z6h0JzpnytdadpO20EuX7cNANL0nzRdmHBXMTobHia2qzOJRVmItQg11sFOigoP0JOmkRzy9ESpBEi3cJs0vKlCHWe_2v0R4vHlk3&ppt=None&ppn=None&ssid=n5htoeaeao0000001790935130976&qH=a5594894156db043&ov_redirect=true,2026-10-02
743,"Apple iPhone 17 (Mist Blue, 256 GB)",Apple,84999,99900,14% off,4.6,"28,288","2,049",,,,"A19 Chip, 6 Core Processor Processor",16.0 cm (6.3 inch) Super Retina XDR Display,48MP + 48MP | 18MP Front Camera,,https://www.flipkart.com/apple-iphone-17-mist-blue-256-gb/p/itmfd8c16e287599?pid=MOBHQV9YNVS7PXHH&lid=LSTMOBHQV9YNVS7PXHHYQWZJ4&marketplace=FLIPKART&q=smart+phones&store=tyy%2F4io&srno=s_31_743&otracker=search&fm=organic&iid=8e709220-93aa-44af-99d4-94ac4fc6bb6e.MOBHQV9YNVS7PXHH.SEARCH&ppt=None&ppn=None&ssid=n5htoeaeao0000001790935130976&qH=a5594894156db043&ov_redirect=true,2026-10-02
744,"Ai+ Nova 2 Neo 5G (Black, 128 GB)",Ai+,16999,19999,15% off,4.2,"1,085",102,6 GB RAM,128 GB ROM,6000 mAh Li-polymer Battery,Dimensity 6300 Processor,17.13 cm (6.745 inch) HD+ Display,48MP Rear Camera | 8MP Front Camera,,https://www.flipkart.com/ai-nova-2-neo-5g-black-128-gb/p/itmc790f4d613a76?pid=MOBHZ8ZMYWGY8VKA&lid=LSTMOBHZ8ZMYWGY8VKATOHHEC&marketplace=FLIPKART&q=smart+phones&store=tyy%2F4io&srno=s_31_744&otracker=search&fm=organic&iid=8e709220-93aa-44af-99d4-94ac4fc6bb6e.MOBHZ8ZMYWGY8VKA.SEARCH&ppt=None&ppn=None&ssid=n5htoeaeao0000001790935130976&qH=a5594894156db043&ov_redirect=true,2026-10-02
745,"Ai+ Nova 2 Neo 5G (Orange, 64 GB)",Ai+,14999,17999,16% off,4.3,"2,357",205,4 GB RAM,64 GB ROM,6000 mAh Li-polymer Battery,Dimensity 6300 Processor,17.13 cm (6.745 inch) HD+ Display,48MP Rear Camera | 8MP Front Camera,,https://www.flipkart.com/ai-nova-2-neo-5g-orange-64-gb/p/itm2d0613154b2b6?pid=MOBHZ8ZM8AF5YFNB&lid=LSTMOBHZ8ZM8AF5YFNBYDNL7Y&marketplace=FLIPKART&q=smart+phones&store=tyy%2F4io&srno=s_32_745&otracker=search&fm=organic&iid=43ad6ea9-97b7-4ecf-bfa8-be3568ad9092.MOBHZ8ZM8AF5YFNB.SEARCH&ppt=None&ppn=None&ssid=1p2zjp2v000000001790935133658&qH=a5594894156db043&ov_redirect=true,2026-10-02
746,"Samsung Galaxy S24 5G Snapdragon (Onyx Black, 128 GB)",Samsung,49999,74999,33% off,4.6,"57,462","4,580",8 GB RAM,128 GB ROM,4000 mAh Battery,8 Gen 3 Processor,15.75 cm (6.2 inch) Full HD+ Display,50MP + 12MP | 12MP Front Camera,,https://www.flipkart.com/samsung-galaxy-s24-5g-snapdragon-onyx-black-128-gb/p/itm3469a7107606f?pid=MOBHDVFKSSHPUYHB&lid=LSTMOBHDVFKSSHPUYHBXUF3VR&marketplace=FLIPKART&q=smart+phones&store=tyy%2F4io&srno=s_32_746&otracker=search&fm=organic&iid=43ad6ea9-97b7-4ecf-bfa8-be3568ad9092.MOBHDVFKSSHPUYHB.SEARCH&ppt=None&ppn=None&ssid=1p2zjp2v000000001790935133658&qH=a5594894156db043&ov_redirect=true,2026-10-02
747,"BOLTT EVO (Arctic White, 128 GB)",BOLTT,11499,18999,39% off,4,"1,804",873,6 GB RAM,128 GB ROM,6000 mAh Lithium ion Battery,T7250 Processor,6.79'' HD+ punch hole display,50MP + 2MP | 8MP Front Camera,,https://www.flipkart.com/boltt-evo-arctic-white-128-gb/p/itmf046d663a1fd7?pid=MOBHPP59GKGTGZGA&lid=LSTMOBHPP59GKGTGZGAIEMNWG&marketplace=FLIPKART&q=smart+phones&store=tyy%2F4io&srno=s_32_747&otracker=search&fm=organic&iid=en_OXgcYTF7gzloI7ukiEVqAL7jukDRTX8iJnMkzA9_T6POEsZsHTjYKWFTw-we61KgApXdqJ8g9gjPKgZjVdc9bpZk_zxnXKMiUj2SaFo9m-MDrgSjBidhcFQRV8khvNGG&ppt=None&ppn=None&ssid=1p2zjp2v000000001790935133658&qH=a5594894156db043&ov_redirect=true,2026-10-02
748,"BOLTT EVO (Berry Red, 64 GB)",BOLTT,9999,17999,44% off,4.4,"1,327",695,4 GB RAM,64 GB ROM,6000 mAh Lithium ion Battery,T7250 Processor,6.79'' HD+ punch hole display,50MP + 2MP | 8MP Front Camera,,https://www.flipkart.com/boltt-evo-berry-red-64-gb/p/itmf046d663a1fd7?pid=MOBHPP598ENKRGBY&lid=LSTMOBHPP598ENKRGBYC3QECN&marketplace=FLIPKART&q=smart+phones&store=tyy%2F4io&srno=s_32_748&otracker=search&fm=organic&iid=en_OXgcYTF7gzloI7ukiEVqAL7jukDRTX8iJnMkzA9_T6Mqx8kBcvbXCyoFAn9E8sVwmCxeu8uCGyw6NBIvVnameZZk_zxnXKMiUj2SaFo9m-MDrgSjBidhcFQRV8khvNGG&ppt=None&ppn=None&ssid=1p2zjp2v000000001790935133658&qH=a5594894156db043&ov_redirect=true,2026-10-02
749,"Samsung M36 5G (Velvet Black / Black, 128 GB)",Samsung,23975,26999,11% off,4.3,"5,799",450,6 GB RAM,128 GB ROM,5000 mAh Battery,,17.02 cm (6.7 inch) Display,50MP Rear Camera,,https://www.flipkart.com/samsung-m36-5g-velvet-black-black-128-gb/p/itm1e7be51802033?pid=MOBHEYY2FCCGHYEM&lid=LSTMOBHEYY2FCCGHYEMPK3RFG&marketplace=FLIPKART&q=smart+phones&store=tyy%2F4io&srno=s_32_749&otracker=search&fm=organic&iid=43ad6ea9-97b7-4ecf-bfa8-be3568ad9092.MOBHEYY2FCCGHYEM.SEARCH&ppt=None&ppn=None&ssid=1p2zjp2v000000001790935133658&qH=a5594894156db043&ov_redirect=true,2026-10-02
750,"REDMI Note 15 5G (Black, 128 GB)",REDMI,28699,36999,22% off,4.4,"1,252",91,8 GB RAM,128 GB ROM,5520 mAh Battery,,17.2 cm (6.77 inch) Display,108MP Rear Camera,,https://www.flipkart.com/redmi-note-15-5g-black-128-gb/p/itm7cb24e3c40189?pid=MOBHJHPUDQRZQBBA&lid=LSTMOBHJHPUDQRZQBBAYRPJ7A&marketplace=FLIPKART&q=smart+phones&store=tyy%2F4io&srno=s_32_750&otracker=search&fm=organic&iid=43ad6ea9-97b7-4ecf-bfa8-be3568ad9092.MOBHJHPUDQRZQBBA.SEARCH&ppt=None&ppn=None&ssid=1p2zjp2v000000001790935133658&qH=a5594894156db043&ov_redirect=true,2026-10-02
751,"BOLTT EVO (Midnight Black, 64 GB)",BOLTT,9999,17999,44% off,4.4,"1,327",695,4 GB RAM,64 GB ROM,6000 mAh Lithium ion Battery,T7250 Processor,6.79'' HD+ punch hole display,50MP + 2MP | 8MP Front Camera,,https://www.flipkart.com/boltt-evo-midnight-black-64-gb/p/itmf046d663a1fd7?pid=MOBHPP597GB8ZHTY&lid=LSTMOBHPP597GB8ZHTYGYX70A&marketplace=FLIPKART&q=smart+phones&store=tyy%2F4io&srno=s_32_751&otracker=search&fm=organic&iid=en_OXgcYTF7gzloI7ukiEVqAL7jukDRTX8iJnMkzA9_T6PqOeUQoxIF_XxiCKxO-DhKmFcmDxdFnAg2HDILUSFuRZZk_zxnXKMiUj2SaFo9m-MDrgSjBidhcFQRV8khvNGG&ppt=None&ppn=None&ssid=1p2zjp2v000000001790935133658&qH=a5594894156db043&ov_redirect=true,2026-10-02
752,"BOLTT EVO (Midnight Black, 128 GB)",BOLTT,11499,18999,39% off,4,"1,804",873,6 GB RAM,128 GB ROM,6000 mAh Lithium ion Battery,T7250 Processor,6.79'' HD+ punch hole display,50MP + 2MP | 8MP Front Camera,,https://www.flipkart.com/boltt-evo-midnight-black-128-gb/p/itmf046d663a1fd7?pid=MOBHPP59RWHM2PJH&lid=LSTMOBHPP59RWHM2PJHUUF4AF&marketplace=FLIPKART&q=smart+phones&store=tyy%2F4io&srno=s_32_752&otracker=search&fm=organic&iid=en_OXgcYTF7gzloI7ukiEVqAL7jukDRTX8iJnMkzA9_T6Mzp6IikerJz8yloyV32b9oL-lX2Grg6fyuPy-IDXaORpZk_zxnXKMiUj2SaFo9m-MDrgSjBidhcFQRV8khvNGG&ppt=None&ppn=None&ssid=1p2zjp2v000000001790935133658&qH=a5594894156db043&ov_redirect=true,2026-10-02
753,"realme 16 5G (Air White, 256 GB)",realme,49999,,,4.3,247,28,12 GB RAM,256 GB ROM,7000 mAh Battery,Dimensity 6400 Turbo Processor,16.69 cm (6.57 inch) Full HD+ AMOLED Display,50MP + 2MP | 50MP Front Camera,,https://www.flipkart.com/realme-16-5g-air-white-256-gb/p/itm7b0c4cd95742b?pid=MOBHHM6T4GNPEFZJ&lid=LSTMOBHHM6T4GNPEFZJUEE3GU&marketplace=FLIPKART&q=smart+phones&store=tyy%2F4io&srno=s_32_753&otracker=search&fm=organic&iid=43ad6ea9-97b7-4ecf-bfa8-be3568ad9092.MOBHHM6T4GNPEFZJ.SEARCH&ppt=None&ppn=None&ssid=1p2zjp2v000000001790935133658&qH=a5594894156db043&ov_redirect=true,2026-10-02
754,"MOTOROLA edge 70 pro (Marble - PANTONE Lily white (white), 256 GB)",MOTOROLA,42999,74999,42% off,4.3,657,87,12 GB RAM,256 GB ROM,6500 mAh Silicon-Carbon Battery,Dimensity 8500 Extreme Processor,17.27 cm (6.8 inch) Full HD+ Super AMOLED Display,50MP + 50MP | 50MP Front Camera,,https://www.flipkart.com/motorola-edge-70-pro-marble-pantone-lily-white-white-256-gb/p/itmb8ecc42418420?pid=MOBHN9739XAPWTP3&lid=LSTMOBHN9739XAPWTP3GCQCKH&marketplace=FLIPKART&q=smart+phones&store=tyy%2F4io&srno=s_32_754&otracker=search&fm=organic&iid=43ad6ea9-97b7-4ecf-bfa8-be3568ad9092.MOBHN9739XAPWTP3.SEARCH&ppt=None&ppn=None&ssid=1p2zjp2v000000001790935133658&qH=a5594894156db043&ov_redirect=true,2026-10-02
755,"POCO M8x 5G (Blue, 128 GB)",POCO,20999,49999,58% off,3.9,368,123,6 GB RAM,128 GB ROM,7900 mAh Lithium-Ion Polymer Battery,4 Gen 5 Processor,17.53 cm (6.9 inch) Full HD Display,50MP Rear Camera,,https://www.flipkart.com/poco-m8x-5g-blue-128-gb/p/itmcf3aabe19e732?pid=MOBHPCYNNBCYQMF3&lid=LSTMOBHPCYNNBCYQMF3KC2VZ0&marketplace=FLIPKART&q=smart+phones&store=tyy%2F4io&srno=s_32_755&otracker=search&fm=organic&iid=43ad6ea9-97b7-4ecf-bfa8-be3568ad9092.MOBHPCYNNBCYQMF3.SEARCH&ppt=None&ppn=None&ssid=1p2zjp2v000000001790935133658&qH=a5594894156db043&ov_redirect=true,2026-10-02
756,"Alcatel V3 Classic 5G (Cosmic Grey, 128 GB)",Alcatel,13490,17999,25% off,3.8,"1,823",306,4 GB RAM,128 GB ROM,5200 mAh Battery,Dimensity 6300 Processor,16.94 cm (6.67 inch) HD+ Display,50MP Dual Camera | 8MP Front Camera,,https://www.flipkart.com/alcatel-v3-classic-5g-cosmic-grey-128-gb/p/itmaf650adae59c3?pid=MOBHBH2GCPDCGKTQ&lid=LSTMOBHBH2GCPDCGKTQULDUO2&marketplace=FLIPKART&q=smart+phones&store=tyy%2F4io&srno=s_32_756&otracker=search&fm=organic&iid=43ad6ea9-97b7-4ecf-bfa8-be3568ad9092.MOBHBH2GCPDCGKTQ.SEARCH&ppt=None&ppn=None&ssid=1p2zjp2v000000001790935133658&qH=a5594894156db043&ov_redirect=true,2026-10-02
757,"BOLTT EVO (Berry Red, 128 GB)",BOLTT,11499,18999,39% off,4,"1,804",873,6 GB RAM,128 GB ROM,6000 mAh Lithium ion Battery,T7250 Processor,6.79'' HD+ punch hole display,50MP + 2MP | 8MP Front Camera,,https://www.flipkart.com/boltt-evo-berry-red-128-gb/p/itmf046d663a1fd7?pid=MOBHPP59TUYYPWP5&lid=LSTMOBHPP59TUYYPWP5U7J1VB&marketplace=FLIPKART&q=smart+phones&store=tyy%2F4io&srno=s_32_757&otracker=search&fm=organic&iid=en_OXgcYTF7gzloI7ukiEVqAL7jukDRTX8iJnMkzA9_T6N_O9y1Ig08y9I3pI4jLriw7dl0lM5nGrk_1jBRka9HkpZk_zxnXKMiUj2SaFo9m-MDrgSjBidhcFQRV8khvNGG&ppt=None&ppn=None&ssid=1p2zjp2v000000001790935133658&qH=a5594894156db043&ov_redirect=true,2026-10-02
758,"BOLTT EVO (Sky Blue, 128 GB)",BOLTT,11499,18999,39% off,4,"1,804",873,6 GB RAM,128 GB ROM,6000 mAh Lithium ion Battery,T7250 Processor,6.79'' HD+ punch hole display,50MP + 2MP | 8MP Front Camera,,https://www.flipkart.com/boltt-evo-sky-blue-128-gb/p/itmf046d663a1fd7?pid=MOBHPP59ME6SPCZW&lid=LSTMOBHPP59ME6SPCZWUW9RP3&marketplace=FLIPKART&q=smart+phones&store=tyy%2F4io&srno=s_32_758&otracker=search&fm=organic&iid=en_OXgcYTF7gzloI7ukiEVqAL7jukDRTX8iJnMkzA9_T6NhkfQ2KBLj7DGd87_0CZ8nBUjFIGVAk9xZRnKWlIO14JZk_zxnXKMiUj2SaFo9m-MDrgSjBidhcFQRV8khvNGG&ppt=None&ppn=None&ssid=1p2zjp2v000000001790935133658&qH=a5594894156db043&ov_redirect=true,2026-10-02
759,"Nothing Phone (4a) Pro (Black, 256 GB)",Nothing,59999,75999,21% off,4.6,"1,356",168,12 GB RAM,256 GB ROM,5400 mAh Lithium ion Battery,Snapdragon 7 Gen 4 Processor,17.35 cm (6.83 inch) Full HD+ AMOLED Display,50MP + 50MP + 8MP | 32MP Front Camera,,https://www.flipkart.com/nothing-phone-4a-pro-black-256-gb/p/itmc51ebf4db432e?pid=MOBHZAWY5KHPCS4U&lid=LSTMOBHZAWY5KHPCS4UBVUZRI&marketplace=FLIPKART&q=smart+phones&store=tyy%2F4io&srno=s_32_759&otracker=search&fm=organic&iid=43ad6ea9-97b7-4ecf-bfa8-be3568ad9092.MOBHZAWY5KHPCS4U.SEARCH&ppt=None&ppn=None&ssid=1p2zjp2v000000001790935133658&qH=a5594894156db043&ov_redirect=true,2026-10-02
760,"Samsung Galaxy S24 5G Snapdragon (Onyx Black, 256 GB)",Samsung,55999,79999,30% off,4.6,"57,462","4,580",8 GB RAM,256 GB ROM,4000 mAh Battery,8 Gen 3 Processor,15.75 cm (6.2 inch) Full HD+ Display,50MP + 12MP | 12MP Front Camera,,https://www.flipkart.com/samsung-galaxy-s24-5g-snapdragon-onyx-black-256-gb/p/itm0eb31619428e4?pid=MOBHDVFKVGGGHBDX&lid=LSTMOBHDVFKVGGGHBDX8KNAAD&marketplace=FLIPKART&q=smart+phones&store=tyy%2F4io&srno=s_32_760&otracker=search&fm=organic&iid=43ad6ea9-97b7-4ecf-bfa8-be3568ad9092.MOBHDVFKVGGGHBDX.SEARCH&ppt=None&ppn=None&ssid=1p2zjp2v000000001790935133658&qH=a5594894156db043&ov_redirect=true,2026-10-02
761,"Nothing Phone (4b) (White, 256 GB)",Nothing,40999,59999,31% off,4.3,"1,841",179,8 GB RAM,256 GB ROM,6000 mAh Lithium ion Battery,6 Gen 4 Processor,17.2 cm (6.77 inch) Full HD+ AMOLED Display,50MP + 8MP | 16MP Front Camera,,https://www.flipkart.com/nothing-phone-4b-white-256-gb/p/itm939608b40adbb?pid=MOBHZMBD5MZZDUYA&lid=LSTMOBHZMBD5MZZDUYAIWDKYR&marketplace=FLIPKART&q=smart+phones&store=tyy%2F4io&srno=s_32_761&otracker=search&fm=organic&iid=en_OXgcYTF7gzloI7ukiEVqAL7jukDRTX8iJnMkzA9_T6M2ITJzIgf_r4DBXTvqT6Mg7muq75qMORP5m1GATJhVOuebvJ3XMQeWNozLNoAjfkL16WGvKpxlQ-hDERh9BhyL&ppt=None&ppn=None&ssid=1p2zjp2v000000001790935133658&qH=a5594894156db043&ov_redirect=true,2026-10-02
762,"BOLTT EVO (Sky Blue, 64 GB)",BOLTT,9999,17999,44% off,4.4,"1,327",695,4 GB RAM,64 GB ROM,6000 mAh Lithium ion Battery,T7250 Processor,6.79'' HD+ punch hole display,50MP + 2MP | 8MP Front Camera,,https://www.flipkart.com/boltt-evo-sky-blue-64-gb/p/itmf046d663a1fd7?pid=MOBHPP59WKSV4FYG&lid=LSTMOBHPP59WKSV4FYGYPMLV6&marketplace=FLIPKART&q=smart+phones&store=tyy%2F4io&srno=s_32_762&otracker=search&fm=organic&iid=en_OXgcYTF7gzloI7ukiEVqAL7jukDRTX8iJnMkzA9_T6NR3VYBL9Sydywfa1YdydENglPgDxsq4AdGsoq7sKA6J5Zk_zxnXKMiUj2SaFo9m-MDrgSjBidhcFQRV8khvNGG&ppt=None&ppn=None&ssid=1p2zjp2v000000001790935133658&qH=a5594894156db043&ov_redirect=true,2026-10-02
763,"Samsung Galaxy S26 Ultra 5G (Black, 512 GB)",Samsung,159999,,,4.6,"1,367",355,12 GB RAM,512 GB ROM,5000 mAh Li-ion Battery,Snapdragon 8 Elite Gen 5 Processor,17.53 cm (6.9 inch) Quad HD+ Display,200MP + 50MP | 12MP Front Camera,,https://www.flipkart.com/samsung-galaxy-s26-ultra-5g-black-512-gb/p/itmf4799d3841c43?pid=MOBHKGAPBMXRGGXZ&lid=LSTMOBHKGAPBMXRGGXZOTMRQY&marketplace=FLIPKART&q=smart+phones&store=tyy%2F4io&srno=s_32_763&otracker=search&fm=organic&iid=43ad6ea9-97b7-4ecf-bfa8-be3568ad9092.MOBHKGAPBMXRGGXZ.SEARCH&ppt=None&ppn=None&ssid=1p2zjp2v000000001790935133658&qH=a5594894156db043&ov_redirect=true,2026-10-02
764,"realme P4 Power 5G (TransBlue, 256 GB)",realme,34999,,,4.4,"8,645",905,8 GB RAM,256 GB ROM,10001 mAh Battery,Dimensity 7400 Ultra Processor,17.27 cm (6.8 inch) Full HD+ AMOLED Display,,,https://www.flipkart.com/realme-p4-power-5g-transblue-256-gb/p/itm49784b322aad0?pid=MOBHJHSHGVSSMYW9&lid=LSTMOBHJHSHGVSSMYW9A1YAZD&marketplace=FLIPKART&q=smart+phones&store=tyy%2F4io&srno=s_32_764&otracker=search&fm=organic&iid=43ad6ea9-97b7-4ecf-bfa8-be3568ad9092.MOBHJHSHGVSSMYW9.SEARCH&ppt=None&ppn=None&ssid=1p2zjp2v000000001790935133658&qH=a5594894156db043&ov_redirect=true,2026-10-02
765,"vivo S2 (Sapphire Blue, 256 GB)",vivo,48999,70999,30% off,4.3,557,57,8 GB RAM,256 GB ROM,7050 mAh Lithium-ion Battery,Dimensity 7360-Turbo Processor,17.35 cm (6.83 inch) Full HD+ AMOLED Display,50MP + 2MP | 32MP Front Camera,,https://www.flipkart.com/vivo-s2-sapphire-blue-256-gb/p/itm019d134c8359d?pid=MOBHPGG98RMSG6K2&lid=LSTMOBHPGG98RMSG6K2KDH7VU&marketplace=FLIPKART&q=smart+phones&store=tyy%2F4io&srno=s_32_765&otracker=search&fm=organic&iid=43ad6ea9-97b7-4ecf-bfa8-be3568ad9092.MOBHPGG98RMSG6K2.SEARCH&ppt=None&ppn=None&ssid=1p2zjp2v000000001790935133658&qH=a5594894156db043&ov_redirect=true,2026-10-02
766,"Nothing Phone (4b) (Blue, 128 GB)",Nothing,39999,54999,27% off,4.3,"1,841",179,8 GB RAM,128 GB ROM,6000 mAh Lithium ion Battery,6 Gen 4 Processor,17.2 cm (6.77 inch) Full HD+ AMOLED Display,50MP + 8MP | 16MP Front Camera,,https://www.flipkart.com/nothing-phone-4b-blue-128-gb/p/itm939608b40adbb?pid=MOBHZMBD9WNP9HHB&lid=LSTMOBHZMBD9WNP9HHBUJTCGV&marketplace=FLIPKART&q=smart+phones&store=tyy%2F4io&srno=s_32_766&otracker=search&fm=organic&iid=43ad6ea9-97b7-4ecf-bfa8-be3568ad9092.MOBHZMBD9WNP9HHB.SEARCH&ppt=None&ppn=None&ssid=1p2zjp2v000000001790935133658&qH=a5594894156db043&ov_redirect=true,2026-10-02
767,"Tecno Spark Go 3 (Ink Black, 64 GB)",Tecno,12499,15999,21% off,4.1,221,15,4 GB RAM,64 GB ROM,5000 mAh Lithium Polymer Battery,T7250 Processor,17.12 cm (6.74 inch) HD+ Display,13MP Rear Camera | 8MP Front Camera,,https://www.flipkart.com/tecno-spark-go-3-ink-black-64-gb/p/itma9c8f128a61c6?pid=MOBHP2QYCXZZE3CM&lid=LSTMOBHP2QYCXZZE3CMWW64IB&marketplace=FLIPKART&q=smart+phones&store=tyy%2F4io&srno=s_32_767&otracker=search&fm=organic&iid=en_OXgcYTF7gzloI7ukiEVqAL7jukDRTX8iJnMkzA9_T6MdX_sIT1aiFDsnc4ZyVoifXSTZgtzvjftyjvmwmzsaRsBsijfpsT2jX31rWhzvWTf16WGvKpxlQ-hDERh9BhyL&ppt=None&ppn=None&ssid=1p2zjp2v000000001790935133658&qH=a5594894156db043&ov_redirect=true,2026-10-02
768,"REDMI Note-14 Pro+ 5G (Titan Black, 128 GB)",REDMI,27474,34999,21% off,4.4,897,69,8 GB RAM,128 GB ROM,6200 mAh Battery,7s Gen 3 Processor,16.94 cm (6.67 inch) Display,50MP + 50MP + 8MP | 20MP Front Camera,,https://www.flipkart.com/redmi-note-14-pro-5g-titan-black-128-gb/p/itmf69d377f9a8fb?pid=MOBH8BW3KUMZS2YA&lid=LSTMOBH8BW3KUMZS2YALPSOMX&marketplace=FLIPKART&q=smart+phones&store=tyy%2F4io&srno=s_32_768&otracker=search&fm=organic&iid=43ad6ea9-97b7-4ecf-bfa8-be3568ad9092.MOBH8BW3KUMZS2YA.SEARCH&ppt=None&ppn=None&ssid=1p2zjp2v000000001790935133658&qH=a5594894156db043&ov_redirect=true,2026-10-02
769,"realme 14 Pro+ 5G (Suede Grey, 256 GB)",realme,25999,35999,27% off,4.4,"21,985","2,770",8 GB RAM,256 GB ROM,6000 mAh Battery,7s Gen 3 Mobile Platform Processor,17.35 cm (6.83 inch) Display,50MP + 50MP + 8MP | 32MP Front Camera,,https://www.flipkart.com/realme-14-pro-5g-suede-grey-256-gb/p/itmb5105a70ea6a6?pid=MOBH84ZXNK3ABYSA&lid=LSTMOBH84ZXNK3ABYSAA9XKAG&marketplace=FLIPKART&q=smart+phones&store=tyy%2F4io&srno=s_33_769&otracker=search&fm=organic&iid=57a5e7c5-fee3-4af7-93b6-5374c4ce99a0.MOBH84ZXNK3ABYSA.SEARCH&ppt=None&ppn=None&ssid=tpuz47i6g00000001790935136392&qH=a5594894156db043&ov_redirect=true,2026-10-02
770,"TOUCH 18 Bold T150 (Light Blue, 16 GB)",TOUCH,6767,11999,43% off,3.6,9,3,2 GB RAM,16 GB ROM,2000 mAh Battery,,7.62 cm (3 inch) Display,5MP Rear Camera,,https://www.flipkart.com/touch-18-bold-t150-light-blue-16-gb/p/itma660115538f73?pid=MOBHF6AHHWGXURUV&lid=LSTMOBHF6AHHWGXURUVRM5XPS&marketplace=FLIPKART&q=smart+phones&store=tyy%2F4io&srno=s_33_770&otracker=search&fm=organic&iid=57a5e7c5-fee3-4af7-93b6-5374c4ce99a0.MOBHF6AHHWGXURUV.SEARCH&ppt=None&ppn=None&ssid=tpuz47i6g00000001790935136392&qH=a5594894156db043&ov_redirect=true,2026-10-02
771,"BOLTT EVO (Arctic White, 128 GB)",BOLTT,11499,18999,39% off,4,"1,804",873,6 GB RAM,128 GB ROM,6000 mAh Lithium ion Battery,T7250 Processor,6.79'' HD+ punch hole display,50MP + 2MP | 8MP Front Camera,,https://www.flipkart.com/boltt-evo-arctic-white-128-gb/p/itmf046d663a1fd7?pid=MOBHPP59GKGTGZGA&lid=LSTMOBHPP59GKGTGZGAIEMNWG&marketplace=FLIPKART&q=smart+phones&store=tyy%2F4io&srno=s_33_771&otracker=search&fm=organic&iid=en_hv6KDeZPeFhjBehV61DeS5c8qhQcF7tzFR7ucPSQuMLvJzO2jTNsOG9t5CUOeV_CApXdqJ8g9gjPKgZjVdc9bpZk_zxnXKMiUj2SaFo9m-NKXs0rbpoOhFQPiAnWTh0y&ppt=None&ppn=None&ssid=tpuz47i6g00000001790935136392&qH=a5594894156db043&ov_redirect=true,2026-10-02
772,"BOLTT EVO (Arctic White, 64 GB)",BOLTT,9999,17999,44% off,4.4,"1,327",695,4 GB RAM,64 GB ROM,6000 mAh Lithium ion Battery,T7250 Processor,6.79'' HD+ punch hole display,50MP + 2MP | 8MP Front Camera,,https://www.flipkart.com/boltt-evo-arctic-white-64-gb/p/itmf046d663a1fd7?pid=MOBHPP59BYSJ98M8&lid=LSTMOBHPP59BYSJ98M8RWYHGQ&marketplace=FLIPKART&q=smart+phones&store=tyy%2F4io&srno=s_33_772&otracker=search&fm=organic&iid=en_hv6KDeZPeFhjBehV61DeS5c8qhQcF7tzFR7ucPSQuMLzfxxL5WL-f8Kla3UW4eYZ6Ux8tV-__SxlzWH1nelDDZZk_zxnXKMiUj2SaFo9m-NKXs0rbpoOhFQPiAnWTh0y&ppt=None&ppn=None&ssid=tpuz47i6g00000001790935136392&qH=a5594894156db043&ov_redirect=true,2026-10-02
773,"realme P4 5G (Steel Grey, 128 GB)",realme,30999,45999,32% off,4.4,"23,542","1,988",8 GB RAM,128 GB ROM,7000 mAh Battery,Mediatek Dimensity 7400 Processor,17.2 cm (6.77 inch) Display,50MP + 8MP | 16MP Front Camera,,https://www.flipkart.com/realme-p4-5g-steel-grey-128-gb/p/itmf836e6de035a5?pid=MOBHN7A8DG58A9HN&lid=LSTMOBHN7A8DG58A9HNQGXAXJ&marketplace=FLIPKART&q=smart+phones&store=tyy%2F4io&srno=s_33_773&otracker=search&fm=organic&iid=57a5e7c5-fee3-4af7-93b6-5374c4ce99a0.MOBHN7A8DG58A9HN.SEARCH&ppt=None&ppn=None&ssid=tpuz47i6g00000001790935136392&qH=a5594894156db043&ov_redirect=true,2026-10-02
774,"Alcatel V3 Classic 5G (Cosmic Grey, 128 GB)",Alcatel,15890,19999,20% off,3.9,744,278,6 GB RAM,128 GB ROM,5200 mAh Battery,Dimensity 6300 Processor,16.94 cm (6.67 inch) HD+ Display,50MP Dual Camera | 8MP Front Camera,,https://www.flipkart.com/alcatel-v3-classic-5g-cosmic-grey-128-gb/p/itmaf650adae59c3?pid=MOBHBH2GP4ZNXCRJ&lid=LSTMOBHBH2GP4ZNXCRJETOT16&marketplace=FLIPKART&q=smart+phones&store=tyy%2F4io&srno=s_33_774&otracker=search&fm=organic&iid=57a5e7c5-fee3-4af7-93b6-5374c4ce99a0.MOBHBH2GP4ZNXCRJ.SEARCH&ppt=None&ppn=None&ssid=tpuz47i6g00000001790935136392&qH=a5594894156db043&ov_redirect=true,2026-10-02
775,"realme P4 Power 5G (TransSilver, 256 GB)",realme,34999,,,4.4,"8,645",905,8 GB RAM,256 GB ROM,10001 mAh Battery,Dimensity 7400 Ultra Processor,17.27 cm (6.8 inch) Full HD+ AMOLED Display,,,https://www.flipkart.com/realme-p4-power-5g-transsilver-256-gb/p/itm49784b322aad0?pid=MOBHJHSHPRM435M6&lid=LSTMOBHJHSHPRM435M69IRNJQ&marketplace=FLIPKART&q=smart+phones&store=tyy%2F4io&srno=s_33_775&otracker=search&fm=organic&iid=57a5e7c5-fee3-4af7-93b6-5374c4ce99a0.MOBHJHSHPRM435M6.SEARCH&ppt=None&ppn=None&ssid=tpuz47i6g00000001790935136392&qH=a5594894156db043&ov_redirect=true,2026-10-02
776,"Samsung Galaxy F56 5G (Green, 128 GB)",Samsung,29999,30999,3% off,4.4,708,71,8 GB RAM,128 GB ROM,5000 mAh Battery,Exynos 1480 Processor,17.02 cm (6.7 inch) Full HD+ Display,50MP + 8MP + 2MP | 12MP Front Camera,,https://www.flipkart.com/samsung-galaxy-f56-5g-green-128-gb/p/itm618e969d3671e?pid=MOBHBWF3G5QRT5HY&lid=LSTMOBHBWF3G5QRT5HY1XGSF9&marketplace=FLIPKART&q=smart+phones&store=tyy%2F4io&srno=s_33_776&otracker=search&fm=organic&iid=57a5e7c5-fee3-4af7-93b6-5374c4ce99a0.MOBHBWF3G5QRT5HY.SEARCH&ppt=None&ppn=None&ssid=tpuz47i6g00000001790935136392&qH=a5594894156db043&ov_redirect=true,2026-10-02
777,"BOLTT EVO (Midnight Black, 64 GB)",BOLTT,9999,17999,44% off,4.4,"1,327",695,4 GB RAM,64 GB ROM,6000 mAh Lithium ion Battery,T7250 Processor,6.79'' HD+ punch hole display,50MP + 2MP | 8MP Front Camera,,https://www.flipkart.com/boltt-evo-midnight-black-64-gb/p/itmf046d663a1fd7?pid=MOBHPP597GB8ZHTY&lid=LSTMOBHPP597GB8ZHTYGYX70A&marketplace=FLIPKART&q=smart+phones&store=tyy%2F4io&srno=s_33_777&otracker=search&fm=organic&iid=en_hv6KDeZPeFhjBehV61DeS5c8qhQcF7tzFR7ucPSQuMLtLlpC1GqWK49UTk9pEQU6mFcmDxdFnAg2HDILUSFuRZZk_zxnXKMiUj2SaFo9m-NKXs0rbpoOhFQPiAnWTh0y&ppt=None&ppn=None&ssid=tpuz47i6g00000001790935136392&qH=a5594894156db043&ov_redirect=true,2026-10-02
778,"BOLTT EVO (Lavender Bloom, 64 GB)",BOLTT,9999,17999,44% off,4.4,"1,327",695,4 GB RAM,64 GB ROM,6000 mAh Lithium ion Battery,T7250 Processor,6.79'' HD+ punch hole display,50MP + 2MP | 8MP Front Camera,,https://www.flipkart.com/boltt-evo-lavender-bloom-64-gb/p/itmf046d663a1fd7?pid=MOBHPP59AEJZHCVZ&lid=LSTMOBHPP59AEJZHCVZQQSXMU&marketplace=FLIPKART&q=smart+phones&store=tyy%2F4io&srno=s_33_778&otracker=search&fm=organic&iid=en_hv6KDeZPeFhjBehV61DeS5c8qhQcF7tzFR7ucPSQuMKOynlfHHYdi2QPC0xbS23w7xbDZ0DH1NrYuR9fFRym_pZk_zxnXKMiUj2SaFo9m-NKXs0rbpoOhFQPiAnWTh0y&ppt=None&ppn=None&ssid=tpuz47i6g00000001790935136392&qH=a5594894156db043&ov_redirect=true,2026-10-02
779,"realme Narzo 90x 5G (Maroon Red, 128 GB)",realme,24490,25490,3% off,4.3,"1,654",112,8 GB RAM,128 GB ROM,7000 mAh Battery,,17.27 cm (6.8 inch) Display,50MP Rear Camera,,https://www.flipkart.com/realme-narzo-90x-5g-maroon-red-128-gb/p/itma63c5c5ce781a?pid=MOBHHYFPFWWBFHJA&lid=LSTMOBHHYFPFWWBFHJAIAWCID&marketplace=FLIPKART&q=smart+phones&store=tyy%2F4io&srno=s_33_779&otracker=search&fm=organic&iid=57a5e7c5-fee3-4af7-93b6-5374c4ce99a0.MOBHHYFPFWWBFHJA.SEARCH&ppt=None&ppn=None&ssid=tpuz47i6g00000001790935136392&qH=a5594894156db043&ov_redirect=true,2026-10-02
780,"Apple iPhone 16 Plus (Ultramarine, 128 GB)",Apple,79900,,,4.6,"4,345",294,,,,"A18 Chip, 6 Core Processor Processor",17.02 cm (6.7 inch) Super Retina XDR Display,48MP + 12MP | 12MP Front Camera,,https://www.flipkart.com/apple-iphone-16-plus-ultramarine-128-gb/p/itm3a32a91957d41?pid=MOBH4DQFKZDYZNWX&lid=LSTMOBH4DQFKZDYZNWXU5NVDP&marketplace=FLIPKART&q=smart+phones&store=tyy%2F4io&srno=s_33_780&otracker=search&fm=organic&iid=57a5e7c5-fee3-4af7-93b6-5374c4ce99a0.MOBH4DQFKZDYZNWX.SEARCH&ppt=None&ppn=None&ssid=tpuz47i6g00000001790935136392&qH=a5594894156db043&ov_redirect=true,2026-10-02
781,"BOLTT EVO (Midnight Black, 128 GB)",BOLTT,11499,18999,39% off,4,"1,804",873,6 GB RAM,128 GB ROM,6000 mAh Lithium ion Battery,T7250 Processor,6.79'' HD+ punch hole display,50MP + 2MP | 8MP Front Camera,,https://www.flipkart.com/boltt-evo-midnight-black-128-gb/p/itmf046d663a1fd7?pid=MOBHPP59RWHM2PJH&lid=LSTMOBHPP59RWHM2PJHUUF4AF&marketplace=FLIPKART&q=smart+phones&store=tyy%2F4io&srno=s_33_781&otracker=search&fm=organic&iid=en_hv6KDeZPeFhjBehV61DeS5c8qhQcF7tzFR7ucPSQuMI4c7wJ6whroCAaQvkwRMTN-oHdKO3yYnYUN_r3HYwM1pZk_zxnXKMiUj2SaFo9m-NKXs0rbpoOhFQPiAnWTh0y&ppt=None&ppn=None&ssid=tpuz47i6g00000001790935136392&qH=a5594894156db043&ov_redirect=true,2026-10-02
782,"BOLTT EVO (Berry Red, 128 GB)",BOLTT,11499,18999,39% off,4,"1,804",873,6 GB RAM,128 GB ROM,6000 mAh Lithium ion Battery,T7250 Processor,6.79'' HD+ punch hole display,50MP + 2MP | 8MP Front Camera,,https://www.flipkart.com/boltt-evo-berry-red-128-gb/p/itmf046d663a1fd7?pid=MOBHPP59TUYYPWP5&lid=LSTMOBHPP59TUYYPWP5U7J1VB&marketplace=FLIPKART&q=smart+phones&store=tyy%2F4io&srno=s_33_782&otracker=search&fm=organic&iid=en_hv6KDeZPeFhjBehV61DeS5c8qhQcF7tzFR7ucPSQuMLCrLudnhwTtIwux8L-S8SLvSppyrEH4LyH9lCiIfbYhZZk_zxnXKMiUj2SaFo9m-NKXs0rbpoOhFQPiAnWTh0y&ppt=None&ppn=None&ssid=tpuz47i6g00000001790935136392&qH=a5594894156db043&ov_redirect=true,2026-10-02
783,"Apple iPhone 16e (White, 256 GB)",Apple,69900,,,4.5,"1,447",109,,,,"A18 Chip, 6 Core Processor",15.49 cm (6.1 inch) Super Retina XDR Display,48MP Rear Camera | 12MP Front Camera,,https://www.flipkart.com/apple-iphone-16e-white-256-gb/p/itm20137f3cfd0e6?pid=MOBH9JVHAKWSEHH6&lid=LSTMOBH9JVHAKWSEHH65YWHN8&marketplace=FLIPKART&q=smart+phones&store=tyy%2F4io&srno=s_33_783&otracker=search&fm=organic&iid=57a5e7c5-fee3-4af7-93b6-5374c4ce99a0.MOBH9JVHAKWSEHH6.SEARCH&ppt=None&ppn=None&ssid=tpuz47i6g00000001790935136392&qH=a5594894156db043&ov_redirect=true,2026-10-02
784,"Nothing Phone (4b) (Black, 256 GB)",Nothing,40999,59999,31% off,4.3,"1,841",179,8 GB RAM,256 GB ROM,6000 mAh Lithium ion Battery,6 Gen 4 Processor,17.2 cm (6.77 inch) Full HD+ AMOLED Display,50MP + 8MP | 16MP Front Camera,,https://www.flipkart.com/nothing-phone-4b-black-256-gb/p/itm939608b40adbb?pid=MOBHZMBDNBKCHZ7B&lid=LSTMOBHZMBDNBKCHZ7BHVWLPF&marketplace=FLIPKART&q=smart+phones&store=tyy%2F4io&srno=s_33_784&otracker=search&fm=organic&iid=57a5e7c5-fee3-4af7-93b6-5374c4ce99a0.MOBHZMBDNBKCHZ7B.SEARCH&ppt=None&ppn=None&ssid=tpuz47i6g00000001790935136392&qH=a5594894156db043&ov_redirect=true,2026-10-02
785,"realme Narzo 80 Lite (See Blue, 64 GB)",realme,14240,16999,16% off,4.2,"3,546",189,4 GB RAM,64 GB ROM,6300 mAh Battery,,17.09 cm (6.73 inch) Display,13MP Rear Camera,,https://www.flipkart.com/realme-narzo-80-lite-see-blue-64-gb/p/itmb8ad4180e2d80?pid=MOBHP3W8ESQHPZNP&lid=LSTMOBHP3W8ESQHPZNPXTCEDO&marketplace=FLIPKART&q=smart+phones&store=tyy%2F4io&srno=s_33_785&otracker=search&fm=organic&iid=57a5e7c5-fee3-4af7-93b6-5374c4ce99a0.MOBHP3W8ESQHPZNP.SEARCH&ppt=None&ppn=None&ssid=tpuz47i6g00000001790935136392&qH=a5594894156db043&ov_redirect=true,2026-10-02
786,"realme 16 Pro 5G (Master Gold, 256 GB)",realme,49999,,,4.4,877,86,12 GB RAM,256 GB ROM,7000 mAh Battery,Dimensity 7300 Max Processor,17.22 cm (6.78 inch) Full HD+ Display,200MP + 8MP | 50MP Front Camera,,https://www.flipkart.com/realme-16-pro-5g-master-gold-256-gb/p/itm0f32797c10002?pid=MOBHM8GZ3HE7TASA&lid=LSTMOBHM8GZ3HE7TASACF0CQN&marketplace=FLIPKART&q=smart+phones&store=tyy%2F4io&srno=s_33_786&otracker=search&fm=organic&iid=57a5e7c5-fee3-4af7-93b6-5374c4ce99a0.MOBHM8GZ3HE7TASA.SEARCH&ppt=None&ppn=None&ssid=tpuz47i6g00000001790935136392&qH=a5594894156db043&ov_redirect=true,2026-10-02
787,"Nothing Phone (4b) (White, 256 GB)",Nothing,40999,59999,31% off,4.3,"1,841",179,8 GB RAM,256 GB ROM,6000 mAh Lithium ion Battery,6 Gen 4 Processor,17.2 cm (6.77 inch) Full HD+ AMOLED Display,50MP + 8MP | 16MP Front Camera,,https://www.flipkart.com/nothing-phone-4b-white-256-gb/p/itm939608b40adbb?pid=MOBHZMBD5MZZDUYA&lid=LSTMOBHZMBD5MZZDUYAIWDKYR&marketplace=FLIPKART&q=smart+phones&store=tyy%2F4io&srno=s_33_787&otracker=search&fm=organic&iid=en_hv6KDeZPeFhjBehV61DeS5c8qhQcF7tzFR7ucPSQuMI1GknJ5_yJJmdvzNgwJ25v7muq75qMORP5m1GATJhVOuebvJ3XMQeWNozLNoAjfkJ98VoXtmYKfj1z4zxCrKZD&ppt=None&ppn=None&ssid=tpuz47i6g00000001790935136392&qH=a5594894156db043&ov_redirect=true,2026-10-02
788,"BOLTT EVO (Sky Blue, 128 GB)",BOLTT,11499,18999,39% off,4,"1,804",873,6 GB RAM,128 GB ROM,6000 mAh Lithium ion Battery,T7250 Processor,6.79'' HD+ punch hole display,50MP + 2MP | 8MP Front Camera,,https://www.flipkart.com/boltt-evo-sky-blue-128-gb/p/itmf046d663a1fd7?pid=MOBHPP59ME6SPCZW&lid=LSTMOBHPP59ME6SPCZWUW9RP3&marketplace=FLIPKART&q=smart+phones&store=tyy%2F4io&srno=s_33_788&otracker=search&fm=organic&iid=en_hv6KDeZPeFhjBehV61DeS5c8qhQcF7tzFR7ucPSQuMLQgdX63KqTd5V9yoUodlemwbXaiFD5B5V-i7lupI6xHpZk_zxnXKMiUj2SaFo9m-NKXs0rbpoOhFQPiAnWTh0y&ppt=None&ppn=None&ssid=tpuz47i6g00000001790935136392&qH=a5594894156db043&ov_redirect=true,2026-10-02
789,"REDMI 15C 5G (Dusk Purple, 128 GB)",REDMI,17970,24999,28% off,3.7,876,95,4 GB RAM,128 GB ROM,6000 mAh Battery,,17.53 cm (6.9 inch) Display,50MP Rear Camera,,https://www.flipkart.com/redmi-15c-5g-dusk-purple-128-gb/p/itmc1345bb45eef3?pid=MOBHGGZ2SC2RPWAZ&lid=LSTMOBHGGZ2SC2RPWAZOHDGJL&marketplace=FLIPKART&q=smart+phones&store=tyy%2F4io&srno=s_33_789&otracker=search&fm=organic&iid=57a5e7c5-fee3-4af7-93b6-5374c4ce99a0.MOBHGGZ2SC2RPWAZ.SEARCH&ppt=None&ppn=None&ssid=tpuz47i6g00000001790935136392&qH=a5594894156db043&ov_redirect=true,2026-10-02
790,"REDMI Note 15 SE 5G Snapdragon (Carbon Black, 128 GB)",REDMI,27999,35999,22% off,4.3,"3,431",328,8 GB RAM,128 GB ROM,5800 mAh Lithium-Ion Polymer Battery,Snapdragon 6 Gen 3 Processor,17.2 cm (6.77 inch) Full HD+ AMOLED Display,50MP Rear Camera | 20MP Front Camera,,https://www.flipkart.com/redmi-note-15-se-5g-snapdragon-carbon-black-128-gb/p/itm2b4ba47c3a721?pid=MOBHN52FS8S3WUPB&lid=LSTMOBHN52FS8S3WUPBQZZTN3&marketplace=FLIPKART&q=smart+phones&store=tyy%2F4io&srno=s_33_790&otracker=search&fm=organic&iid=57a5e7c5-fee3-4af7-93b6-5374c4ce99a0.MOBHN52FS8S3WUPB.SEARCH&ppt=None&ppn=None&ssid=tpuz47i6g00000001790935136392&qH=a5594894156db043&ov_redirect=true,2026-10-02
791,"BOLTT EVO (Sky Blue, 64 GB)",BOLTT,9999,17999,44% off,4.4,"1,327",695,4 GB RAM,64 GB ROM,6000 mAh Lithium ion Battery,T7250 Processor,6.79'' HD+ punch hole display,50MP + 2MP | 8MP Front Camera,,https://www.flipkart.com/boltt-evo-sky-blue-64-gb/p/itmf046d663a1fd7?pid=MOBHPP59WKSV4FYG&lid=LSTMOBHPP59WKSV4FYGYPMLV6&marketplace=FLIPKART&q=smart+phones&store=tyy%2F4io&srno=s_33_791&otracker=search&fm=organic&iid=en_hv6KDeZPeFhjBehV61DeS5c8qhQcF7tzFR7ucPSQuMIjWLTvY-l8gJLwDeBXTEYXigicCniOwiXfyNr6i62vdZZk_zxnXKMiUj2SaFo9m-NKXs0rbpoOhFQPiAnWTh0y&ppt=None&ppn=None&ssid=tpuz47i6g00000001790935136392&qH=a5594894156db043&ov_redirect=true,2026-10-02
792,"REDMI Note 15 SE 5G Snapdragon (Crimson Reserve, 128 GB)",REDMI,27999,35999,22% off,4.3,"3,431",328,8 GB RAM,128 GB ROM,5800 mAh Lithium-Ion Polymer Battery,Snapdragon 6 Gen 3 Processor,17.2 cm (6.77 inch) Full HD+ AMOLED Display,50MP Rear Camera | 20MP Front Camera,,https://www.flipkart.com/redmi-note-15-se-5g-snapdragon-crimson-reserve-128-gb/p/itm7627750aa9b54?pid=MOBHN52F84BRGFEG&lid=LSTMOBHN52F84BRGFEGSK3ATO&marketplace=FLIPKART&q=smart+phones&store=tyy%2F4io&srno=s_33_792&otracker=search&fm=organic&iid=57a5e7c5-fee3-4af7-93b6-5374c4ce99a0.MOBHN52F84BRGFEG.SEARCH&ppt=None&ppn=None&ssid=tpuz47i6g00000001790935136392&qH=a5594894156db043&ov_redirect=true,2026-10-02
793,"POCO X8 Power 5G (Black, 256 GB)",POCO,38999,84999,54% off,4.3,268,69,8 GB RAM,256 GB ROM,10000 mAh Lithium-Ion Polymer Battery,6 Gen 5 Processor,17.35 cm (6.83 inch) Full HD+ AMOLED Display,50MP + 8MP | 32MP Front Camera,,https://www.flipkart.com/poco-x8-power-5g-black-256-gb/p/itm3438e419f61cc?pid=MOBHQ6XZZQTFHDSX&lid=LSTMOBHQ6XZZQTFHDSXUIITQK&marketplace=FLIPKART&q=smart+phones&store=tyy%2F4io&srno=s_34_793&otracker=search&fm=organic&iid=b1355101-b37a-45d3-ad12-2e553a08d26a.MOBHQ6XZZQTFHDSX.SEARCH&ppt=None&ppn=None&ssid=qpsg8cbtlc0000001790935139305&qH=a5594894156db043&ov_redirect=true,2026-10-02
794,"OPPO F33 5G (Forest Green, 256 GB)",OPPO,39999,55999,28% off,4.3,175,21,8 GB RAM,256 GB ROM,7000 mAh lithium-ion polymer Battery,Dimensity 6360 MAX Processor,16.69 cm (6.57 inch) Full HD+ AMOLED Display,50MP + 2MP | 16MP Front Camera,,https://www.flipkart.com/oppo-f33-5g-forest-green-256-gb/p/itm8c5d4a65602fd?pid=MOBHM48FHHMNQPZG&lid=LSTMOBHM48FHHMNQPZGFSNDAF&marketplace=FLIPKART&q=smart+phones&store=tyy%2F4io&srno=s_34_794&otracker=search&fm=organic&iid=b1355101-b37a-45d3-ad12-2e553a08d26a.MOBHM48FHHMNQPZG.SEARCH&ppt=None&ppn=None&ssid=qpsg8cbtlc0000001790935139305&qH=a5594894156db043&ov_redirect=true,2026-10-02
795,"OPPO F33 5G (Pearl White, 128 GB)",OPPO,36999,52999,30% off,4.3,175,21,8 GB RAM,128 GB ROM,7000 mAh lithium-ion polymer Battery,Dimensity 6360 MAX Processor,16.69 cm (6.57 inch) Full HD+ AMOLED Display,50MP + 2MP | 16MP Front Camera,,https://www.flipkart.com/oppo-f33-5g-pearl-white-128-gb/p/itm8c5d4a65602fd?pid=MOBHM48FPDYAV84F&lid=LSTMOBHM48FPDYAV84FRXBDVM&marketplace=FLIPKART&q=smart+phones&store=tyy%2F4io&srno=s_34_795&otracker=search&fm=organic&iid=b1355101-b37a-45d3-ad12-2e553a08d26a.MOBHM48FPDYAV84F.SEARCH&ppt=None&ppn=None&ssid=qpsg8cbtlc0000001790935139305&qH=a5594894156db043&ov_redirect=true,2026-10-02
796,"LAVA Bold N2 5G (REGAL GOLD, 64 GB)",LAVA,14479,15999,9% off,4.6,16,2,4 GB RAM,64 GB ROM,6000 mAh Battery,,17.14 cm (6.75 inch) Full HD+ Display,13MP Rear Camera,,https://www.flipkart.com/lava-bold-n2-5g-regal-gold-64-gb/p/itm484bc0abd4be9?pid=MOBHPSCQMYZADJ7Z&lid=LSTMOBHPSCQMYZADJ7ZFXXF2F&marketplace=FLIPKART&q=smart+phones&store=tyy%2F4io&srno=s_34_796&otracker=search&fm=organic&iid=b1355101-b37a-45d3-ad12-2e553a08d26a.MOBHPSCQMYZADJ7Z.SEARCH&ppt=None&ppn=None&ssid=qpsg8cbtlc0000001790935139305&qH=a5594894156db043&ov_redirect=true,2026-10-02
797,"BOLTT EVO (Arctic White, 128 GB)",BOLTT,11499,18999,39% off,4,"1,804",873,6 GB RAM,128 GB ROM,6000 mAh Lithium ion Battery,T7250 Processor,6.79'' HD+ punch hole display,50MP + 2MP | 8MP Front Camera,,https://www.flipkart.com/boltt-evo-arctic-white-128-gb/p/itmf046d663a1fd7?pid=MOBHPP59GKGTGZGA&lid=LSTMOBHPP59GKGTGZGAIEMNWG&marketplace=FLIPKART&q=smart+phones&store=tyy%2F4io&srno=s_34_797&otracker=search&fm=organic&iid=en_wU7S8VYUGg-kPK7-y9Ns3qjkBBx07vD8BioO7gYGCclm0xivRnwlvAB6TPfHAIMqApXdqJ8g9gjPKgZjVdc9bpZk_zxnXKMiUj2SaFo9m-Mi0qCbusOQpBPymVjTIgay&ppt=None&ppn=None&ssid=qpsg8cbtlc0000001790935139305&qH=a5594894156db043&ov_redirect=true,2026-10-02
798,"BOLTT EVO (Arctic White, 64 GB)",BOLTT,9999,17999,44% off,4.4,"1,327",695,4 GB RAM,64 GB ROM,6000 mAh Lithium ion Battery,T7250 Processor,6.79'' HD+ punch hole display,50MP + 2MP | 8MP Front Camera,,https://www.flipkart.com/boltt-evo-arctic-white-64-gb/p/itmf046d663a1fd7?pid=MOBHPP59BYSJ98M8&lid=LSTMOBHPP59BYSJ98M8RWYHGQ&marketplace=FLIPKART&q=smart+phones&store=tyy%2F4io&srno=s_34_798&otracker=search&fm=organic&iid=en_wU7S8VYUGg-kPK7-y9Ns3qjkBBx07vD8BioO7gYGCck_A9Bcy3dcOBA-lkPoH5Tr6Ux8tV-__SxlzWH1nelDDZZk_zxnXKMiUj2SaFo9m-Mi0qCbusOQpBPymVjTIgay&ppt=None&ppn=None&ssid=qpsg8cbtlc0000001790935139305&qH=a5594894156db043&ov_redirect=true,2026-10-02
799,"OPPO Reno14 5G (Pearl White, 512 GB)",OPPO,47999,,,4.5,"4,027",475,12 GB RAM,512 GB ROM,6000 mAh Battery,Dimensity 8350 Processor,16.74 cm (6.59 inch) Full HD+ Display,50MP + 8MP + 50MP | 50MP Front Camera,,https://www.flipkart.com/oppo-reno14-5g-pearl-white-512-gb/p/itm4d9e853eee6cf?pid=MOBHDDQ9FRQHAGAB&lid=LSTMOBHDDQ9FRQHAGABPTTSBP&marketplace=FLIPKART&q=smart+phones&store=tyy%2F4io&srno=s_34_799&otracker=search&fm=organic&iid=b1355101-b37a-45d3-ad12-2e553a08d26a.MOBHDDQ9FRQHAGAB.SEARCH&ppt=None&ppn=None&ssid=qpsg8cbtlc0000001790935139305&qH=a5594894156db043&ov_redirect=true,2026-10-02
800,"OPPO Reno14 5G (Forest Green, 256 GB)",OPPO,44999,,,4.5,"6,530",860,8 GB RAM,256 GB ROM,6000 mAh Battery,Dimensity 8350 Processor,16.74 cm (6.59 inch) Full HD+ Display,50MP + 8MP + 50MP | 50MP Front Camera,,https://www.flipkart.com/oppo-reno14-5g-forest-green-256-gb/p/itm4d9e853eee6cf?pid=MOBHDDQ95MNGEZSJ&lid=LSTMOBHDDQ95MNGEZSJGGWO5W&marketplace=FLIPKART&q=smart+phones&store=tyy%2F4io&srno=s_34_800&otracker=search&fm=organic&iid=b1355101-b37a-45d3-ad12-2e553a08d26a.MOBHDDQ95MNGEZSJ.SEARCH&ppt=None&ppn=None&ssid=qpsg8cbtlc0000001790935139305&qH=a5594894156db043&ov_redirect=true,2026-10-02
801,"BOLTT EVO (Midnight Black, 64 GB)",BOLTT,9999,17999,44% off,4.4,"1,327",695,4 GB RAM,64 GB ROM,6000 mAh Lithium ion Battery,T7250 Processor,6.79'' HD+ punch hole display,50MP + 2MP | 8MP Front Camera,,https://www.flipkart.com/boltt-evo-midnight-black-64-gb/p/itmf046d663a1fd7?pid=MOBHPP597GB8ZHTY&lid=LSTMOBHPP597GB8ZHTYGYX70A&marketplace=FLIPKART&q=smart+phones&store=tyy%2F4io&srno=s_34_801&otracker=search&fm=organic&iid=en_wU7S8VYUGg-kPK7-y9Ns3qjkBBx07vD8BioO7gYGCcnIibBGEh8G4CSB7CCx4mY0mFcmDxdFnAg2HDILUSFuRZZk_zxnXKMiUj2SaFo9m-Mi0qCbusOQpBPymVjTIgay&ppt=None&ppn=None&ssid=qpsg8cbtlc0000001790935139305&qH=a5594894156db043&ov_redirect=true,2026-10-02
802,"BOLTT EVO (Lavender Bloom, 64 GB)",BOLTT,9999,17999,44% off,4.4,"1,327",695,4 GB RAM,64 GB ROM,6000 mAh Lithium ion Battery,T7250 Processor,6.79'' HD+ punch hole display,50MP + 2MP | 8MP Front Camera,,https://www.flipkart.com/boltt-evo-lavender-bloom-64-gb/p/itmf046d663a1fd7?pid=MOBHPP59AEJZHCVZ&lid=LSTMOBHPP59AEJZHCVZQQSXMU&marketplace=FLIPKART&q=smart+phones&store=tyy%2F4io&srno=s_34_802&otracker=search&fm=organic&iid=en_wU7S8VYUGg-kPK7-y9Ns3qjkBBx07vD8BioO7gYGCcm3tg0xivUfUkWaaPr7oyvl7xbDZ0DH1NrYuR9fFRym_pZk_zxnXKMiUj2SaFo9m-Mi0qCbusOQpBPymVjTIgay&ppt=None&ppn=None&ssid=qpsg8cbtlc0000001790935139305&qH=a5594894156db043&ov_redirect=true,2026-10-02
803,"OPPO Reno14 5G (Pearl White, 256 GB)",OPPO,44999,,,4.5,"6,530",860,8 GB RAM,256 GB ROM,6000 mAh Battery,Dimensity 8350 Processor,16.74 cm (6.59 inch) Display,50MP + 8MP + 50MP | 50MP Front Camera,,https://www.flipkart.com/oppo-reno14-5g-pearl-white-256-gb/p/itm4d9e853eee6cf?pid=MOBHDDQ9VFGH23ZW&lid=LSTMOBHDDQ9VFGH23ZWIXFHWS&marketplace=FLIPKART&q=smart+phones&store=tyy%2F4io&srno=s_34_803&otracker=search&fm=organic&iid=b1355101-b37a-45d3-ad12-2e553a08d26a.MOBHDDQ9VFGH23ZW.SEARCH&ppt=None&ppn=None&ssid=qpsg8cbtlc0000001790935139305&qH=a5594894156db043&ov_redirect=true,2026-10-02
804,"MOTOROLA G77 Power (PANTONE Impenetrable, 128 GB)",MOTOROLA,22249,41999,47% off,3.5,27,5,4 GB RAM,128 GB ROM,7000 mAh Battery,Dimensity 6400 Processor,17.07 cm (6.72 inch) Full HD+ Display,50MP + 8MP | 32MP Front Camera,,https://www.flipkart.com/motorola-g77-power-pantone-impenetrable-128-gb/p/itmef47a2407b062?pid=MOBHZNDFKFBFTBHF&lid=LSTMOBHZNDFKFBFTBHFSF0VIA&marketplace=FLIPKART&q=smart+phones&store=tyy%2F4io&srno=s_34_804&otracker=search&fm=organic&iid=b1355101-b37a-45d3-ad12-2e553a08d26a.MOBHZNDFKFBFTBHF.SEARCH&ppt=None&ppn=None&ssid=qpsg8cbtlc0000001790935139305&qH=a5594894156db043&ov_redirect=true,2026-10-02
805,"OPPO A6 Pro 5G (Cappuccino Brown, 128 GB)",OPPO,32999,,,4.3,243,19,8 GB RAM,128 GB ROM,7000 mAh Battery,Dimensity 6300 Processor,17.14 cm (6.75 inches) HD+ Display,,,https://www.flipkart.com/oppo-a6-pro-5g-cappuccino-brown-128-gb/p/itm397626a14646c?pid=MOBHHHC3YHHS6VW2&lid=LSTMOBHHHC3YHHS6VW2FSSPAB&marketplace=FLIPKART&q=smart+phones&store=tyy%2F4io&srno=s_34_805&otracker=search&fm=organic&iid=b1355101-b37a-45d3-ad12-2e553a08d26a.MOBHHHC3YHHS6VW2.SEARCH&ppt=None&ppn=None&ssid=qpsg8cbtlc0000001790935139305&qH=a5594894156db043&ov_redirect=true,2026-10-02
806,"realme P4R 5G (Silver Glare, 64 GB)",realme,20999,32999,36% off,4.2,"2,683",234,4 GB RAM,64 GB ROM,8000 mAh Lithium-ion polymer Battery,Dimensity 6300 Processor,17.27 cm (6.8 inch) HD+ Display,50MP Rear Camera | 8MP Front Camera,,https://www.flipkart.com/realme-p4r-5g-silver-glare-64-gb/p/itmb42ae388c1ef6?pid=MOBHP2V864KVEWSG&lid=LSTMOBHP2V864KVEWSG9LSWEC&marketplace=FLIPKART&q=smart+phones&store=tyy%2F4io&srno=s_34_806&otracker=search&fm=organic&iid=b1355101-b37a-45d3-ad12-2e553a08d26a.MOBHP2V864KVEWSG.SEARCH&ppt=None&ppn=None&ssid=qpsg8cbtlc0000001790935139305&qH=a5594894156db043&ov_redirect=true,2026-10-02
807,"BOLTT EVO (Midnight Black, 128 GB)",BOLTT,11499,18999,39% off,4,"1,804",873,6 GB RAM,128 GB ROM,6000 mAh Lithium ion Battery,T7250 Processor,6.79'' HD+ punch hole display,50MP + 2MP | 8MP Front Camera,,https://www.flipkart.com/boltt-evo-midnight-black-128-gb/p/itmf046d663a1fd7?pid=MOBHPP59RWHM2PJH&lid=LSTMOBHPP59RWHM2PJHUUF4AF&marketplace=FLIPKART&q=smart+phones&store=tyy%2F4io&srno=s_34_807&otracker=search&fm=organic&iid=en_wU7S8VYUGg-kPK7-y9Ns3qjkBBx07vD8BioO7gYGCckA-RSaG-IbKkx35XvSk4zX-oHdKO3yYnYUN_r3HYwM1pZk_zxnXKMiUj2SaFo9m-Mi0qCbusOQpBPymVjTIgay&ppt=None&ppn=None&ssid=qpsg8cbtlc0000001790935139305&qH=a5594894156db043&ov_redirect=true,2026-10-02
808,"BOLTT EVO (Berry Red, 128 GB)",BOLTT,11499,18999,39% off,4,"1,804",873,6 GB RAM,128 GB ROM,6000 mAh Lithium ion Battery,T7250 Processor,6.79'' HD+ punch hole display,50MP + 2MP | 8MP Front Camera,,https://www.flipkart.com/boltt-evo-berry-red-128-gb/p/itmf046d663a1fd7?pid=MOBHPP59TUYYPWP5&lid=LSTMOBHPP59TUYYPWP5U7J1VB&marketplace=FLIPKART&q=smart+phones&store=tyy%2F4io&srno=s_34_808&otracker=search&fm=organic&iid=en_wU7S8VYUGg-kPK7-y9Ns3qjkBBx07vD8BioO7gYGCcnGaRJRgfA-yAMv1GZsDeKovSppyrEH4LyH9lCiIfbYhZZk_zxnXKMiUj2SaFo9m-Mi0qCbusOQpBPymVjTIgay&ppt=None&ppn=None&ssid=qpsg8cbtlc0000001790935139305&qH=a5594894156db043&ov_redirect=true,2026-10-02
809,"realme P4R 5G (Lavender Glare, 256 GB)",realme,28999,44999,35% off,4.3,"5,270",431,6 GB RAM,256 GB ROM,8000 mAh Lithium-ion polymer Battery,Dimensity 6300 Processor,17.27 cm (6.8 inch) HD+ Display,50MP Rear Camera | 8MP Front Camera,,https://www.flipkart.com/realme-p4r-5g-lavender-glare-256-gb/p/itmb42ae388c1ef6?pid=MOBHMYR3M5QYWBGD&lid=LSTMOBHMYR3M5QYWBGD8UMFRW&marketplace=FLIPKART&q=smart+phones&store=tyy%2F4io&srno=s_34_809&otracker=search&fm=organic&iid=b1355101-b37a-45d3-ad12-2e553a08d26a.MOBHMYR3M5QYWBGD.SEARCH&ppt=None&ppn=None&ssid=qpsg8cbtlc0000001790935139305&qH=a5594894156db043&ov_redirect=true,2026-10-02
810,"REDMI 15C 5G (Midnight Black, 128 GB)",REDMI,17456,24099,27% off,3.7,876,95,4 GB RAM,128 GB ROM,6000 mAh Battery,,17.53 cm (6.9 inch) Display,50MP Rear Camera,,https://www.flipkart.com/redmi-15c-5g-midnight-black-128-gb/p/itmc1345bb45eef3?pid=MOBHGGZ2GQJYZZPG&lid=LSTMOBHGGZ2GQJYZZPGII7PP8&marketplace=FLIPKART&q=smart+phones&store=tyy%2F4io&srno=s_34_810&otracker=search&fm=organic&iid=b1355101-b37a-45d3-ad12-2e553a08d26a.MOBHGGZ2GQJYZZPG.SEARCH&ppt=None&ppn=None&ssid=qpsg8cbtlc0000001790935139305&qH=a5594894156db043&ov_redirect=true,2026-10-02
811,"Nothing Phone (4b) (White, 256 GB)",Nothing,40999,59999,31% off,4.3,"1,841",179,8 GB RAM,256 GB ROM,6000 mAh Lithium ion Battery,6 Gen 4 Processor,17.2 cm (6.77 inch) Full HD+ AMOLED Display,50MP + 8MP | 16MP Front Camera,,https://www.flipkart.com/nothing-phone-4b-white-256-gb/p/itm939608b40adbb?pid=MOBHZMBD5MZZDUYA&lid=LSTMOBHZMBD5MZZDUYAIWDKYR&marketplace=FLIPKART&q=smart+phones&store=tyy%2F4io&srno=s_34_811&otracker=search&fm=organic&iid=en_wU7S8VYUGg-kPK7-y9Ns3qjkBBx07vD8BioO7gYGCckUBwgWVom6BgSAGYeJbl8U7muq75qMORP5m1GATJhVOuebvJ3XMQeWNozLNoAjfkIRmK5x_FFF6YfN0V5S31aR&ppt=None&ppn=None&ssid=qpsg8cbtlc0000001790935139305&qH=a5594894156db043&ov_redirect=true,2026-10-02
812,"BOLTT EVO (Sky Blue, 128 GB)",BOLTT,11499,18999,39% off,4,"1,804",873,6 GB RAM,128 GB ROM,6000 mAh Lithium ion Battery,T7250 Processor,6.79'' HD+ punch hole display,50MP + 2MP | 8MP Front Camera,,https://www.flipkart.com/boltt-evo-sky-blue-128-gb/p/itmf046d663a1fd7?pid=MOBHPP59ME6SPCZW&lid=LSTMOBHPP59ME6SPCZWUW9RP3&marketplace=FLIPKART&q=smart+phones&store=tyy%2F4io&srno=s_34_812&otracker=search&fm=organic&iid=en_wU7S8VYUGg-kPK7-y9Ns3qjkBBx07vD8BioO7gYGCclKGwUb_8XJwBLEb5MgLcd-wbXaiFD5B5V-i7lupI6xHpZk_zxnXKMiUj2SaFo9m-Mi0qCbusOQpBPymVjTIgay&ppt=None&ppn=None&ssid=qpsg8cbtlc0000001790935139305&qH=a5594894156db043&ov_redirect=true,2026-10-02
813,"IQOO Z11 5G (Aurora Green, 256 GB)",IQOO,44908,55999,19% off,4.8,12,2,8 GB RAM,256 GB ROM,7050 mAh Battery,,17.35 cm (6.83 inch) Display,50MP Rear Camera,,https://www.flipkart.com/iqoo-z11-5g-aurora-green-256-gb/p/itmc512aff8fd1d7?pid=MOBHQHQYV3HHBCNS&lid=LSTMOBHQHQYV3HHBCNS91DIA4&marketplace=FLIPKART&q=smart+phones&store=tyy%2F4io&srno=s_34_813&otracker=search&fm=organic&iid=b1355101-b37a-45d3-ad12-2e553a08d26a.MOBHQHQYV3HHBCNS.SEARCH&ppt=None&ppn=None&ssid=qpsg8cbtlc0000001790935139305&qH=a5594894156db043&ov_redirect=true,2026-10-02
814,"OPPO F27 Pro+ (Midnight Navy, 256 GB)",OPPO,34999,,,4.3,"13,633",748,8 GB RAM,256 GB ROM,5000 mAh Battery,Dimensity 7050 Processor,17.02 cm (6.7 inch) Full HD+ Display,64MP + 2MP | 8MP Front Camera,,https://www.flipkart.com/oppo-f27-pro-midnight-navy-256-gb/p/itm5235c3c836cc9?pid=MOBHF3DJJHWN5VPP&lid=LSTMOBHF3DJJHWN5VPPVIIOWO&marketplace=FLIPKART&q=smart+phones&store=tyy%2F4io&srno=s_34_814&otracker=search&fm=organic&iid=b1355101-b37a-45d3-ad12-2e553a08d26a.MOBHF3DJJHWN5VPP.SEARCH&ppt=None&ppn=None&ssid=qpsg8cbtlc0000001790935139305&qH=a5594894156db043&ov_redirect=true,2026-10-02
815,"Google Pixel 10 (Frost, 256 GB)",Google,79999,,,4.5,"3,711",353,12 GB RAM,256 GB ROM,4970 mAh Battery,Tensor G5 Processor,16.0 cm (6.3 inch) Quad HD+ Display,48MP + 13MP + 10.8MP | 10.5MP Front Camera,,https://www.flipkart.com/google-pixel-10-frost-256-gb/p/itm180af25bcc197?pid=MOBHEXHRXDGMF8XZ&lid=LSTMOBHEXHRXDGMF8XZ4R1W9O&marketplace=FLIPKART&q=smart+phones&store=tyy%2F4io&srno=s_34_815&otracker=search&fm=organic&iid=b1355101-b37a-45d3-ad12-2e553a08d26a.MOBHEXHRXDGMF8XZ.SEARCH&ppt=None&ppn=None&ssid=qpsg8cbtlc0000001790935139305&qH=a5594894156db043&ov_redirect=true,2026-10-02
816,"Samsung Galaxy A07 5G (Black, 128 GB)",Samsung,,,,3.9,122,14,4 GB RAM,128 GB ROM,6000 mAh Li-ion Battery,Dimensity 6300 Processor,43.51 cm (17.13 inch) HD+ Display,50MP + 2MP | 8MP Front Camera,,https://www.flipkart.com/samsung-galaxy-a07-5g-black-128-gb/p/itm375542879d8d6?pid=MOBHJXB275FJUHAG&q=smart+phones&store=tyy%2F4io&srno=s_34_816&otracker=search&fm=organic&iid=b1355101-b37a-45d3-ad12-2e553a08d26a.MOBHJXB275FJUHAG.SEARCH&ppt=None&ppn=None&ssid=qpsg8cbtlc0000001790935139305&qH=a5594894156db043&ov_redirect=true,2026-10-02
817,"BOLTT EVO (Arctic White, 128 GB)",BOLTT,11499,18999,39% off,4,"1,804",873,6 GB RAM,128 GB ROM,6000 mAh Lithium ion Battery,T7250 Processor,6.79'' HD+ punch hole display,50MP + 2MP | 8MP Front Camera,,https://www.flipkart.com/boltt-evo-arctic-white-128-gb/p/itmf046d663a1fd7?pid=MOBHPP59GKGTGZGA&lid=LSTMOBHPP59GKGTGZGAIEMNWG&marketplace=FLIPKART&q=smart+phones&store=tyy%2F4io&srno=s_35_817&otracker=search&fm=organic&iid=en_Z_V_z-x0CjL8a8XIJxzSvvsWKKptpCE53G8BKa4DnhTgJyee7mS3GDBFFFu6JCi9ApXdqJ8g9gjPKgZjVdc9bpZk_zxnXKMiUj2SaFo9m-Mqi3Gh4367S-TBVYZugmP6&ppt=None&ppn=None&ssid=si68mk4a5s0000001790935141968&qH=a5594894156db043&ov_redirect=true,2026-10-02
818,"BOLTT EVO (Berry Red, 64 GB)",BOLTT,9999,17999,44% off,4.4,"1,327",695,4 GB RAM,64 GB ROM,6000 mAh Lithium ion Battery,T7250 Processor,6.79'' HD+ punch hole display,50MP + 2MP | 8MP Front Camera,,https://www.flipkart.com/boltt-evo-berry-red-64-gb/p/itmf046d663a1fd7?pid=MOBHPP598ENKRGBY&lid=LSTMOBHPP598ENKRGBYC3QECN&marketplace=FLIPKART&q=smart+phones&store=tyy%2F4io&srno=s_35_818&otracker=search&fm=organic&iid=en_Z_V_z-x0CjL8a8XIJxzSvvsWKKptpCE53G8BKa4DnhRaertwyW2vr85wRJrVFkrTmCxeu8uCGyw6NBIvVnameZZk_zxnXKMiUj2SaFo9m-Mqi3Gh4367S-TBVYZugmP6&ppt=None&ppn=None&ssid=si68mk4a5s0000001790935141968&qH=a5594894156db043&ov_redirect=true,2026-10-02
819,"Apple iPhone 16e (Black, 128 GB)",Apple,59900,,,4.5,"1,447",109,,,,"A18 Chip, 6 Core Processor",15.49 cm (6.1 inch) Super Retina XDR Display,48MP Rear Camera | 12MP Front Camera,,https://www.flipkart.com/apple-iphone-16e-black-128-gb/p/itm730f9c68ad562?pid=MOBH9JVHHRBD4BZP&lid=LSTMOBH9JVHHRBD4BZPLVWLEE&marketplace=FLIPKART&q=smart+phones&store=tyy%2F4io&srno=s_35_819&otracker=search&fm=organic&iid=d6825c05-1d62-42c5-ab44-68beb691142b.MOBH9JVHHRBD4BZP.SEARCH&ppt=None&ppn=None&ssid=si68mk4a5s0000001790935141968&qH=a5594894156db043&ov_redirect=true,2026-10-02
820,"OPPO F33 5G (Pearl White, 128 GB)",OPPO,34999,48999,28% off,4.2,115,10,6 GB RAM,128 GB ROM,7000 mAh lithium-ion polymer Battery,Dimensity 6360 MAX Processor,16.69 cm (6.57 inch) Full HD+ AMOLED Display,50MP + 2MP | 16MP Front Camera,,https://www.flipkart.com/oppo-f33-5g-pearl-white-128-gb/p/itm8c5d4a65602fd?pid=MOBHM48FGAEZXJE8&lid=LSTMOBHM48FGAEZXJE8LBD6SH&marketplace=FLIPKART&q=smart+phones&store=tyy%2F4io&srno=s_35_820&otracker=search&fm=organic&iid=d6825c05-1d62-42c5-ab44-68beb691142b.MOBHM48FGAEZXJE8.SEARCH&ppt=None&ppn=None&ssid=si68mk4a5s0000001790935141968&qH=a5594894156db043&ov_redirect=true,2026-10-02
821,"BOLTT EVO (Midnight Black, 64 GB)",BOLTT,9999,17999,44% off,4.4,"1,327",695,4 GB RAM,64 GB ROM,6000 mAh Lithium ion Battery,T7250 Processor,6.79'' HD+ punch hole display,50MP + 2MP | 8MP Front Camera,,https://www.flipkart.com/boltt-evo-midnight-black-64-gb/p/itmf046d663a1fd7?pid=MOBHPP597GB8ZHTY&lid=LSTMOBHPP597GB8ZHTYGYX70A&marketplace=FLIPKART&q=smart+phones&store=tyy%2F4io&srno=s_35_821&otracker=search&fm=organic&iid=en_Z_V_z-x0CjL8a8XIJxzSvvsWKKptpCE53G8BKa4DnhSejHXgNLrW9dgctNeKeTODmFcmDxdFnAg2HDILUSFuRZZk_zxnXKMiUj2SaFo9m-Mqi3Gh4367S-TBVYZugmP6&ppt=None&ppn=None&ssid=si68mk4a5s0000001790935141968&qH=a5594894156db043&ov_redirect=true,2026-10-02
822,"BOLTT EVO (Lavender Bloom, 64 GB)",BOLTT,9999,17999,44% off,4.4,"1,327",695,4 GB RAM,64 GB ROM,6000 mAh Lithium ion Battery,T7250 Processor,6.79'' HD+ punch hole display,50MP + 2MP | 8MP Front Camera,,https://www.flipkart.com/boltt-evo-lavender-bloom-64-gb/p/itmf046d663a1fd7?pid=MOBHPP59AEJZHCVZ&lid=LSTMOBHPP59AEJZHCVZQQSXMU&marketplace=FLIPKART&q=smart+phones&store=tyy%2F4io&srno=s_35_822&otracker=search&fm=organic&iid=en_Z_V_z-x0CjL8a8XIJxzSvvsWKKptpCE53G8BKa4DnhS2mAKEl-oXDawqXjt7vjQj7xbDZ0DH1NrYuR9fFRym_pZk_zxnXKMiUj2SaFo9m-Mqi3Gh4367S-TBVYZugmP6&ppt=None&ppn=None&ssid=si68mk4a5s0000001790935141968&qH=a5594894156db043&ov_redirect=true,2026-10-02
823,"OPPO F33 5G (Forest Green, 128 GB)",OPPO,34999,48999,28% off,4.2,115,10,6 GB RAM,128 GB ROM,7000 mAh lithium-ion polymer Battery,Dimensity 6360 MAX Processor,16.69 cm (6.57 inch) Full HD+ AMOLED Display,50MP + 2MP | 16MP Front Camera,,https://www.flipkart.com/oppo-f33-5g-forest-green-128-gb/p/itm8c5d4a65602fd?pid=MOBHM48F4MDSZTQH&lid=LSTMOBHM48F4MDSZTQHVIW5JO&marketplace=FLIPKART&q=smart+phones&store=tyy%2F4io&srno=s_35_823&otracker=search&fm=organic&iid=d6825c05-1d62-42c5-ab44-68beb691142b.MOBHM48F4MDSZTQH.SEARCH&ppt=None&ppn=None&ssid=si68mk4a5s0000001790935141968&qH=a5594894156db043&ov_redirect=true,2026-10-02
824,"Samsung Galaxy A06 5G (Light Gray, 128 GB)",Samsung,16660,20999,20% off,4.1,"5,014",378,4 GB RAM,128 GB ROM,5000 mAh Battery,MEDIATEK Processor,17.02 cm (6.7 inch) HD+ Display,50MP + 50MP | 2MP + 2MP Dual Front Camera,,https://www.flipkart.com/samsung-galaxy-a06-5g-light-gray-128-gb/p/itm96b00d665631f?pid=MOBH9YKVTKYHQGHG&lid=LSTMOBH9YKVTKYHQGHGS76SYC&marketplace=FLIPKART&q=smart+phones&store=tyy%2F4io&srno=s_35_824&otracker=search&fm=organic&iid=d6825c05-1d62-42c5-ab44-68beb691142b.MOBH9YKVTKYHQGHG.SEARCH&ppt=None&ppn=None&ssid=si68mk4a5s0000001790935141968&qH=a5594894156db043&ov_redirect=true,2026-10-02
825,"MOTOROLA edge 70 pro (Marble - PANTONE Lily white (white), 256 GB)",MOTOROLA,39999,69999,42% off,4.3,962,115,8 GB RAM,256 GB ROM,6500 mAh Silicon-Carbon Battery,Dimensity 8500 Extreme Processor,17.27 cm (6.8 inch) Full HD+ Super AMOLED Display,50MP + 50MP | 50MP Front Camera,,https://www.flipkart.com/motorola-edge-70-pro-marble-pantone-lily-white-white-256-gb/p/itma4709685e2671?pid=MOBHN973MHGP4S2S&lid=LSTMOBHN973MHGP4S2SLB0T99&marketplace=FLIPKART&q=smart+phones&store=tyy%2F4io&srno=s_35_825&otracker=search&fm=organic&iid=d6825c05-1d62-42c5-ab44-68beb691142b.MOBHN973MHGP4S2S.SEARCH&ppt=None&ppn=None&ssid=si68mk4a5s0000001790935141968&qH=a5594894156db043&ov_redirect=true,2026-10-02
826,"IQOO Z11 5G (Celestial Blue, 128 GB)",IQOO,38979,55999,30% off,4.8,12,2,8 GB RAM,128 GB ROM,7050 mAh Battery,,17.35 cm (6.83 inch) Display,50MP Rear Camera,,https://www.flipkart.com/iqoo-z11-5g-celestial-blue-128-gb/p/itmc512aff8fd1d7?pid=MOBHQHTVQTPHJGVF&lid=LSTMOBHQHTVQTPHJGVFM1NDLU&marketplace=FLIPKART&q=smart+phones&store=tyy%2F4io&srno=s_35_826&otracker=search&fm=organic&iid=d6825c05-1d62-42c5-ab44-68beb691142b.MOBHQHTVQTPHJGVF.SEARCH&ppt=None&ppn=None&ssid=si68mk4a5s0000001790935141968&qH=a5594894156db043&ov_redirect=true,2026-10-02
827,"BOLTT EVO (Midnight Black, 128 GB)",BOLTT,11499,18999,39% off,4,"1,804",873,6 GB RAM,128 GB ROM,6000 mAh Lithium ion Battery,T7250 Processor,6.79'' HD+ punch hole display,50MP + 2MP | 8MP Front Camera,,https://www.flipkart.com/boltt-evo-midnight-black-128-gb/p/itmf046d663a1fd7?pid=MOBHPP59RWHM2PJH&lid=LSTMOBHPP59RWHM2PJHUUF4AF&marketplace=FLIPKART&q=smart+phones&store=tyy%2F4io&srno=s_35_827&otracker=search&fm=organic&iid=en_Z_V_z-x0CjL8a8XIJxzSvvsWKKptpCE53G8BKa4DnhRvYuAYpcmbCIIrRkqzw4Ic-oHdKO3yYnYUN_r3HYwM1pZk_zxnXKMiUj2SaFo9m-Mqi3Gh4367S-TBVYZugmP6&ppt=None&ppn=None&ssid=si68mk4a5s0000001790935141968&qH=a5594894156db043&ov_redirect=true,2026-10-02
828,"BOLTT EVO (Berry Red, 128 GB)",BOLTT,11499,18999,39% off,4,"1,804",873,6 GB RAM,128 GB ROM,6000 mAh Lithium ion Battery,T7250 Processor,6.79'' HD+ punch hole display,50MP + 2MP | 8MP Front Camera,,https://www.flipkart.com/boltt-evo-berry-red-128-gb/p/itmf046d663a1fd7?pid=MOBHPP59TUYYPWP5&lid=LSTMOBHPP59TUYYPWP5U7J1VB&marketplace=FLIPKART&q=smart+phones&store=tyy%2F4io&srno=s_35_828&otracker=search&fm=organic&iid=en_Z_V_z-x0CjL8a8XIJxzSvvsWKKptpCE53G8BKa4DnhQaIg8ZiDcdZIJYVLRS7A6CvSppyrEH4LyH9lCiIfbYhZZk_zxnXKMiUj2SaFo9m-Mqi3Gh4367S-TBVYZugmP6&ppt=None&ppn=None&ssid=si68mk4a5s0000001790935141968&qH=a5594894156db043&ov_redirect=true,2026-10-02
829,"realme 14 Pro+ 5G (Suede Grey, 256 GB)",realme,34999,37999,7% off,4.4,"8,707","1,023",12 GB RAM,256 GB ROM,6000 mAh Battery,7s Gen 3 Mobile Platform Processor,17.35 cm (6.83 inch) Display,50MP + 50MP + 8MP | 32MP Front Camera,,https://www.flipkart.com/realme-14-pro-5g-suede-grey-256-gb/p/itmb5105a70ea6a6?pid=MOBH84ZXNJEVW9GZ&lid=LSTMOBH84ZXNJEVW9GZCAAB2L&marketplace=FLIPKART&q=smart+phones&store=tyy%2F4io&srno=s_35_829&otracker=search&fm=organic&iid=d6825c05-1d62-42c5-ab44-68beb691142b.MOBH84ZXNJEVW9GZ.SEARCH&ppt=None&ppn=None&ssid=si68mk4a5s0000001790935141968&qH=a5594894156db043&ov_redirect=true,2026-10-02
830,"Samsung Galaxy S26 Ultra 5G (Cobalt Violet, 512 GB)",Samsung,134999,159999,15% off,4.6,"1,367",355,12 GB RAM,512 GB ROM,5000 mAh Li-ion Battery,Snapdragon 8 Elite Gen 5 Processor,17.53 cm (6.9 inch) Quad HD+ Display,200MP + 50MP | 12MP Front Camera,,https://www.flipkart.com/samsung-galaxy-s26-ultra-5g-cobalt-violet-512-gb/p/itmf4799d3841c43?pid=MOBHKGAPGSJRTV6E&lid=LSTMOBHKGAPGSJRTV6EXTKYQK&marketplace=FLIPKART&q=smart+phones&store=tyy%2F4io&srno=s_35_830&otracker=search&fm=organic&iid=d6825c05-1d62-42c5-ab44-68beb691142b.MOBHKGAPGSJRTV6E.SEARCH&ppt=None&ppn=None&ssid=si68mk4a5s0000001790935141968&qH=a5594894156db043&ov_redirect=true,2026-10-02
831,"BOLTT EVO (Sky Blue, 128 GB)",BOLTT,11499,18999,39% off,4,"1,804",873,6 GB RAM,128 GB ROM,6000 mAh Lithium ion Battery,T7250 Processor,6.79'' HD+ punch hole display,50MP + 2MP | 8MP Front Camera,,https://www.flipkart.com/boltt-evo-sky-blue-128-gb/p/itmf046d663a1fd7?pid=MOBHPP59ME6SPCZW&lid=LSTMOBHPP59ME6SPCZWUW9RP3&marketplace=FLIPKART&q=smart+phones&store=tyy%2F4io&srno=s_35_831&otracker=search&fm=organic&iid=en_Z_V_z-x0CjL8a8XIJxzSvvsWKKptpCE53G8BKa4DnhRI9D6t2IKVREx2KKAdlVks3P0mWBjXnv8TRqM4RAxjiJZk_zxnXKMiUj2SaFo9m-Mqi3Gh4367S-TBVYZugmP6&ppt=None&ppn=None&ssid=si68mk4a5s0000001790935141968&qH=a5594894156db043&ov_redirect=true,2026-10-02
832,"Nothing Phone (4b) (White, 256 GB)",Nothing,40999,59999,31% off,4.3,"1,841",179,8 GB RAM,256 GB ROM,6000 mAh Lithium ion Battery,6 Gen 4 Processor,17.2 cm (6.77 inch) Full HD+ AMOLED Display,50MP + 8MP | 16MP Front Camera,,https://www.flipkart.com/nothing-phone-4b-white-256-gb/p/itm939608b40adbb?pid=MOBHZMBD5MZZDUYA&lid=LSTMOBHZMBD5MZZDUYAIWDKYR&marketplace=FLIPKART&q=smart+phones&store=tyy%2F4io&srno=s_35_832&otracker=search&fm=organic&iid=en_Z_V_z-x0CjL8a8XIJxzSvvsWKKptpCE53G8BKa4DnhR217OLEpB90-tF0vHz49Kd7muq75qMORP5m1GATJhVOo4zosKAteXhOp7WzmYAPrdSii0rDy7KtekU4oRgCLjT&ppt=None&ppn=None&ssid=si68mk4a5s0000001790935141968&qH=a5594894156db043&ov_redirect=true,2026-10-02
833,"Ai+ Nova 2 Neo 5G (Green, 64 GB)",Ai+,14999,17999,16% off,4.3,"2,357",205,4 GB RAM,64 GB ROM,6000 mAh Li-polymer Battery,Dimensity 6300 Processor,17.13 cm (6.745 inch) HD+ Display,48MP Rear Camera | 8MP Front Camera,,https://www.flipkart.com/ai-nova-2-neo-5g-green-64-gb/p/itm20abd24609ecd?pid=MOBHZ8ZMVMJTY7EF&lid=LSTMOBHZ8ZMVMJTY7EFPHE5YT&marketplace=FLIPKART&q=smart+phones&store=tyy%2F4io&srno=s_35_833&otracker=search&fm=organic&iid=d6825c05-1d62-42c5-ab44-68beb691142b.MOBHZ8ZMVMJTY7EF.SEARCH&ppt=None&ppn=None&ssid=si68mk4a5s0000001790935141968&qH=a5594894156db043&ov_redirect=true,2026-10-02
834,"REDMI Note-14 Pro 5G (Ivy Green, 256 GB)",REDMI,27888,30999,10% off,4.2,"1,255",98,8 GB RAM,256 GB ROM,5500 mAh Battery,Dimensity 7300 Ultra Processor,16.94 cm (6.67 inch) Display,50MP + 8MP + 2MP | 20MP Front Camera,,https://www.flipkart.com/redmi-note-14-pro-5g-ivy-green-256-gb/p/itm124f940049e20?pid=MOBH8BW3XZ6CMJBW&lid=LSTMOBH8BW3XZ6CMJBWB8MSBT&marketplace=FLIPKART&q=smart+phones&store=tyy%2F4io&srno=s_35_834&otracker=search&fm=organic&iid=d6825c05-1d62-42c5-ab44-68beb691142b.MOBH8BW3XZ6CMJBW.SEARCH&ppt=None&ppn=None&ssid=si68mk4a5s0000001790935141968&qH=a5594894156db043&ov_redirect=true,2026-10-02
835,"Samsung Galaxy S25 Edge 5G (Titanium Jetblack, 256 GB)",Samsung,89999,109999,18% off,4.5,526,72,12 GB RAM,256 GB ROM,3900 mAh Battery,Qualcomm Snapdragon 8 Elite for Galaxy Processor,16.91 cm (6.657 inch) Quad HD+ Display,200MP + 12MP | 12MP Front Camera,,https://www.flipkart.com/samsung-galaxy-s25-edge-5g-titanium-jetblack-256-gb/p/itmc91f3f202a90f?pid=MOBHBXJHFGGJFW5C&lid=LSTMOBHBXJHFGGJFW5CPOXQNR&marketplace=FLIPKART&q=smart+phones&store=tyy%2F4io&srno=s_35_835&otracker=search&fm=organic&iid=d6825c05-1d62-42c5-ab44-68beb691142b.MOBHBXJHFGGJFW5C.SEARCH&ppt=None&ppn=None&ssid=si68mk4a5s0000001790935141968&qH=a5594894156db043&ov_redirect=true,2026-10-02
836,"BOLTT EVO (Sky Blue, 128 GB)",BOLTT,11499,18999,39% off,4,"1,804",873,6 GB RAM,128 GB ROM,6000 mAh Lithium ion Battery,T7250 Processor,6.79'' HD+ punch hole display,50MP + 2MP | 8MP Front Camera,,https://www.flipkart.com/boltt-evo-sky-blue-128-gb/p/itmf046d663a1fd7?pid=MOBHPP59ME6SPCZW&lid=LSTMOBHPP59ME6SPCZWUW9RP3&marketplace=FLIPKART&q=smart+phones&store=tyy%2F4io&srno=s_35_836&otracker=search&fm=organic&iid=d6825c05-1d62-42c5-ab44-68beb691142b.MOBHPP59ME6SPCZW.SEARCH&ppt=None&ppn=None&ssid=si68mk4a5s0000001790935141968&qH=a5594894156db043&ov_redirect=true,2026-10-02
837,"BOLTT EVO (Sky Blue, 64 GB)",BOLTT,9999,17999,44% off,4.4,"1,327",695,4 GB RAM,64 GB ROM,6000 mAh Lithium ion Battery,T7250 Processor,6.79'' HD+ punch hole display,50MP + 2MP | 8MP Front Camera,,https://www.flipkart.com/boltt-evo-sky-blue-64-gb/p/itmf046d663a1fd7?pid=MOBHPP59WKSV4FYG&lid=LSTMOBHPP59WKSV4FYGYPMLV6&marketplace=FLIPKART&q=smart+phones&store=tyy%2F4io&srno=s_35_837&otracker=search&fm=organic&iid=en_Z_V_z-x0CjL8a8XIJxzSvvsWKKptpCE53G8BKa4DnhR9tDsVLgv66CuejyA-PvOBigicCniOwiXfyNr6i62vdZZk_zxnXKMiUj2SaFo9m-Mqi3Gh4367S-TBVYZugmP6&ppt=None&ppn=None&ssid=si68mk4a5s0000001790935141968&qH=a5594894156db043&ov_redirect=true,2026-10-02
838,"Tecno Spark Go 3 (Ink Black, 64 GB)",Tecno,12499,15999,21% off,4.1,221,15,4 GB RAM,64 GB ROM,5000 mAh Lithium Polymer Battery,T7250 Processor,17.12 cm (6.74 inch) HD+ Display,13MP Rear Camera | 8MP Front Camera,,https://www.flipkart.com/tecno-spark-go-3-ink-black-64-gb/p/itma9c8f128a61c6?pid=MOBHP2QYCXZZE3CM&lid=LSTMOBHP2QYCXZZE3CMWW64IB&marketplace=FLIPKART&q=smart+phones&store=tyy%2F4io&srno=s_35_838&otracker=search&fm=organic&iid=en_Z_V_z-x0CjL8a8XIJxzSvvsWKKptpCE53G8BKa4DnhR2kd0fPnEziTkJDvbM2fwEobHia2qzOJRVmItQg11sFOigoP0JOmkRzy9ESpBEi3cqhJrMNEcs2anYwoGkEaA4&ppt=None&ppn=None&ssid=si68mk4a5s0000001790935141968&qH=a5594894156db043&ov_redirect=true,2026-10-02
839,"BOLTT EVO (Berry Red, 128 GB)",BOLTT,11499,18999,39% off,4,"1,804",873,6 GB RAM,128 GB ROM,6000 mAh Lithium ion Battery,T7250 Processor,6.79'' HD+ punch hole display,50MP + 2MP | 8MP Front Camera,,https://www.flipkart.com/boltt-evo-berry-red-128-gb/p/itmf046d663a1fd7?pid=MOBHPP59TUYYPWP5&lid=LSTMOBHPP59TUYYPWP5U7J1VB&marketplace=FLIPKART&q=smart+phones&store=tyy%2F4io&srno=s_35_839&otracker=search&fm=organic&iid=d6825c05-1d62-42c5-ab44-68beb691142b.MOBHPP59TUYYPWP5.SEARCH&ppt=None&ppn=None&ssid=si68mk4a5s0000001790935141968&qH=a5594894156db043&ov_redirect=true,2026-10-02
840,"IQOO Z11 5G (Celestial Blue, 256 GB)",IQOO,44958,61999,27% off,4.8,12,2,8 GB RAM,256 GB ROM,7050 mAh Battery,,17.35 cm (6.83 inch) Display,50MP Rear Camera,,https://www.flipkart.com/iqoo-z11-5g-celestial-blue-256-gb/p/itmc512aff8fd1d7?pid=MOBHQHQHQKNXJ4RZ&lid=LSTMOBHQHQHQKNXJ4RZEL6V55&marketplace=FLIPKART&q=smart+phones&store=tyy%2F4io&srno=s_35_840&otracker=search&fm=organic&iid=d6825c05-1d62-42c5-ab44-68beb691142b.MOBHQHQHQKNXJ4RZ.SEARCH&ppt=None&ppn=None&ssid=si68mk4a5s0000001790935141968&qH=a5594894156db043&ov_redirect=true,2026-10-02
841,"BOLTT EVO (Arctic White, 128 GB)",BOLTT,11499,18999,39% off,4,"1,804",873,6 GB RAM,128 GB ROM,6000 mAh Lithium ion Battery,T7250 Processor,6.79'' HD+ punch hole display,50MP + 2MP | 8MP Front Camera,,https://www.flipkart.com/boltt-evo-arctic-white-128-gb/p/itmf046d663a1fd7?pid=MOBHPP59GKGTGZGA&lid=LSTMOBHPP59GKGTGZGAIEMNWG&marketplace=FLIPKART&q=smart+phones&store=tyy%2F4io&srno=s_36_841&otracker=search&fm=organic&iid=en_lTDOu6zc6Pkd8cFdq7jVZ2AifEPuLTbKKcCYvR02nqm1udKhmiC0PldQ8XDJf9EAApXdqJ8g9gjPKgZjVdc9bpZk_zxnXKMiUj2SaFo9m-PElfR_qMTDRvJ69GYXWUH3&ppt=None&ppn=None&ssid=j4cdqvdiuo0000001790935144929&qH=a5594894156db043&ov_redirect=true,2026-10-02
842,"BOLTT EVO (Arctic White, 64 GB)",BOLTT,9999,17999,44% off,4.4,"1,327",695,4 GB RAM,64 GB ROM,6000 mAh Lithium ion Battery,T7250 Processor,6.79'' HD+ punch hole display,50MP + 2MP | 8MP Front Camera,,https://www.flipkart.com/boltt-evo-arctic-white-64-gb/p/itmf046d663a1fd7?pid=MOBHPP59BYSJ98M8&lid=LSTMOBHPP59BYSJ98M8RWYHGQ&marketplace=FLIPKART&q=smart+phones&store=tyy%2F4io&srno=s_36_842&otracker=search&fm=organic&iid=en_lTDOu6zc6Pkd8cFdq7jVZ2AifEPuLTbKKcCYvR02nqme848Hm0O88YF6UPBGjXlG6Ux8tV-__SxlzWH1nelDDZZk_zxnXKMiUj2SaFo9m-PElfR_qMTDRvJ69GYXWUH3&ppt=None&ppn=None&ssid=j4cdqvdiuo0000001790935144929&qH=a5594894156db043&ov_redirect=true,2026-10-02
843,"IQOO 15R 5G (Triumph Silver, 256 GB)",IQOO,56982,69999,18% off,4.7,412,51,8 GB RAM,256 GB ROM,7600 mAh Battery,,16.74 cm (6.59 inch) Display,50MP Rear Camera,,https://www.flipkart.com/iqoo-15r-5g-triumph-silver-256-gb/p/itm7bc8aee18f590?pid=MOBHHY4ADUVBCEEY&lid=LSTMOBHHY4ADUVBCEEYFPYVRR&marketplace=FLIPKART&q=smart+phones&store=tyy%2F4io&srno=s_36_843&otracker=search&fm=organic&iid=40b812c6-f587-4220-9847-f3bf3ba84203.MOBHHY4ADUVBCEEY.SEARCH&ppt=None&ppn=None&ssid=j4cdqvdiuo0000001790935144929&qH=a5594894156db043&ov_redirect=true,2026-10-02
844,"IQOO 15R 5G (Triumph Silver, 256 GB)",IQOO,61500,64999,5% off,4.6,279,32,12 GB RAM,256 GB ROM,7600 mAh Battery,,16.74 cm (6.59 inch) Display,50MP Rear Camera,,https://www.flipkart.com/iqoo-15r-5g-triumph-silver-256-gb/p/itm7bc8aee18f590?pid=MOBHHY4AZGT5KEKU&lid=LSTMOBHHY4AZGT5KEKUYHNYBX&marketplace=FLIPKART&q=smart+phones&store=tyy%2F4io&srno=s_36_844&otracker=search&fm=organic&iid=40b812c6-f587-4220-9847-f3bf3ba84203.MOBHHY4AZGT5KEKU.SEARCH&ppt=None&ppn=None&ssid=j4cdqvdiuo0000001790935144929&qH=a5594894156db043&ov_redirect=true,2026-10-02
845,"vivo Y11 5G (Cosmic Gold, 128 GB)",vivo,22499,44999,50% off,4.1,953,56,4 GB RAM,128 GB ROM,6500 mAh Li-ion Battery,Dimensity 6300 Processor,17.12 cm (6.74 inch) HD+ Display,13MP + 0.08MP | 5MP Front Camera,,https://www.flipkart.com/vivo-y11-5g-cosmic-gold-128-gb/p/itm722b8f27be0b8?pid=MOBHZF4TUDMVEFHM&lid=LSTMOBHZF4TUDMVEFHMAONFV6&marketplace=FLIPKART&q=smart+phones&store=tyy%2F4io&srno=s_36_845&otracker=search&fm=organic&iid=40b812c6-f587-4220-9847-f3bf3ba84203.MOBHZF4TUDMVEFHM.SEARCH&ppt=None&ppn=None&ssid=j4cdqvdiuo0000001790935144929&qH=a5594894156db043&ov_redirect=true,2026-10-02
846,"IQOO 15R 5G (Dark Knight, 256 GB)",IQOO,54599,69999,22% off,4.7,412,51,8 GB RAM,256 GB ROM,7600 mAh Battery,,16.74 cm (6.59 inch) Display,50MP Rear Camera,,https://www.flipkart.com/iqoo-15r-5g-dark-knight-256-gb/p/itm7bc8aee18f590?pid=MOBHHY4GYEHGVW3X&lid=LSTMOBHHY4GYEHGVW3XSR8TLR&marketplace=FLIPKART&q=smart+phones&store=tyy%2F4io&srno=s_36_846&otracker=search&fm=organic&iid=40b812c6-f587-4220-9847-f3bf3ba84203.MOBHHY4GYEHGVW3X.SEARCH&ppt=None&ppn=None&ssid=j4cdqvdiuo0000001790935144929&qH=a5594894156db043&ov_redirect=true,2026-10-02
847,"BOLTT EVO (Midnight Black, 64 GB)",BOLTT,9999,17999,44% off,4.4,"1,327",695,4 GB RAM,64 GB ROM,6000 mAh Lithium ion Battery,T7250 Processor,6.79'' HD+ punch hole display,50MP + 2MP | 8MP Front Camera,,https://www.flipkart.com/boltt-evo-midnight-black-64-gb/p/itmf046d663a1fd7?pid=MOBHPP597GB8ZHTY&lid=LSTMOBHPP597GB8ZHTYGYX70A&marketplace=FLIPKART&q=smart+phones&store=tyy%2F4io&srno=s_36_847&otracker=search&fm=organic&iid=en_lTDOu6zc6Pkd8cFdq7jVZ2AifEPuLTbKKcCYvR02nqlIwl_XExOFOOsXAOIzVwvymFcmDxdFnAg2HDILUSFuRZZk_zxnXKMiUj2SaFo9m-PElfR_qMTDRvJ69GYXWUH3&ppt=None&ppn=None&ssid=j4cdqvdiuo0000001790935144929&qH=a5594894156db043&ov_redirect=true,2026-10-02
848,"BOLTT EVO (Lavender Bloom, 64 GB)",BOLTT,9999,17999,44% off,4.4,"1,327",695,4 GB RAM,64 GB ROM,6000 mAh Lithium ion Battery,T7250 Processor,6.79'' HD+ punch hole display,50MP + 2MP | 8MP Front Camera,,https://www.flipkart.com/boltt-evo-lavender-bloom-64-gb/p/itmf046d663a1fd7?pid=MOBHPP59AEJZHCVZ&lid=LSTMOBHPP59AEJZHCVZQQSXMU&marketplace=FLIPKART&q=smart+phones&store=tyy%2F4io&srno=s_36_848&otracker=search&fm=organic&iid=en_lTDOu6zc6Pkd8cFdq7jVZ2AifEPuLTbKKcCYvR02nqntHBgai5ENA-SA8U-KGkuE7xbDZ0DH1NrYuR9fFRym_pZk_zxnXKMiUj2SaFo9m-PElfR_qMTDRvJ69GYXWUH3&ppt=None&ppn=None&ssid=j4cdqvdiuo0000001790935144929&qH=a5594894156db043&ov_redirect=true,2026-10-02
849,"REDMI Note-14 Pro 5G (Phantom Purple, 256 GB)",REDMI,30990,30999,,4.2,"1,255",98,8 GB RAM,256 GB ROM,5500 mAh Battery,Dimensity 7300 Ultra Processor,16.94 cm (6.67 inch) Display,50MP + 8MP + 2MP | 20MP Front Camera,,https://www.flipkart.com/redmi-note-14-pro-5g-phantom-purple-256-gb/p/itm124f940049e20?pid=MOBH8BW3AGGHVKRR&lid=LSTMOBH8BW3AGGHVKRR4E16WT&marketplace=FLIPKART&q=smart+phones&store=tyy%2F4io&srno=s_36_849&otracker=search&fm=organic&iid=40b812c6-f587-4220-9847-f3bf3ba84203.MOBH8BW3AGGHVKRR.SEARCH&ppt=None&ppn=None&ssid=j4cdqvdiuo0000001790935144929&qH=a5594894156db043&ov_redirect=true,2026-10-02
850,"IQOO Neo 10 (Titanium Chrome, 128 GB)",IQOO,46952,48990,4% off,4.5,"2,073",200,8 GB RAM,128 GB ROM,7000 mAh Battery,Qualcomm Processor,17.22 cm (6.78 inch) Full HD+ E3 Super AMOLED Display,50MP + 50MP + 8MP | 32MP + 32MP Dual Front Camera,,https://www.flipkart.com/iqoo-neo-10-titanium-chrome-128-gb/p/itm4faf25d0485ec?pid=MOBHCGTZXBK8HH5N&lid=LSTMOBHCGTZXBK8HH5NMTEWRL&marketplace=FLIPKART&q=smart+phones&store=tyy%2F4io&srno=s_36_850&otracker=search&fm=organic&iid=40b812c6-f587-4220-9847-f3bf3ba84203.MOBHCGTZXBK8HH5N.SEARCH&ppt=None&ppn=None&ssid=j4cdqvdiuo0000001790935144929&qH=a5594894156db043&ov_redirect=true,2026-10-02
851,"BOLTT EVO (Midnight Black, 128 GB)",BOLTT,11499,18999,39% off,4,"1,804",873,6 GB RAM,128 GB ROM,6000 mAh Lithium ion Battery,T7250 Processor,6.79'' HD+ punch hole display,50MP + 2MP | 8MP Front Camera,,https://www.flipkart.com/boltt-evo-midnight-black-128-gb/p/itmf046d663a1fd7?pid=MOBHPP59RWHM2PJH&lid=LSTMOBHPP59RWHM2PJHUUF4AF&marketplace=FLIPKART&q=smart+phones&store=tyy%2F4io&srno=s_36_851&otracker=search&fm=organic&iid=en_lTDOu6zc6Pkd8cFdq7jVZ2AifEPuLTbKKcCYvR02nqmXJFt_nFl9mW2O3DUX4j2i-oHdKO3yYnYUN_r3HYwM1pZk_zxnXKMiUj2SaFo9m-PElfR_qMTDRvJ69GYXWUH3&ppt=None&ppn=None&ssid=j4cdqvdiuo0000001790935144929&qH=a5594894156db043&ov_redirect=true,2026-10-02
852,"BOLTT EVO (Berry Red, 128 GB)",BOLTT,11499,18999,39% off,4,"1,804",873,6 GB RAM,128 GB ROM,6000 mAh Lithium ion Battery,T7250 Processor,6.79'' HD+ punch hole display,50MP + 2MP | 8MP Front Camera,,https://www.flipkart.com/boltt-evo-berry-red-128-gb/p/itmf046d663a1fd7?pid=MOBHPP59TUYYPWP5&lid=LSTMOBHPP59TUYYPWP5U7J1VB&marketplace=FLIPKART&q=smart+phones&store=tyy%2F4io&srno=s_36_852&otracker=search&fm=organic&iid=en_lTDOu6zc6Pkd8cFdq7jVZ2AifEPuLTbKKcCYvR02nqnIO-UMdnnOIp4t2n1nnhX-vSppyrEH4LyH9lCiIfbYhZZk_zxnXKMiUj2SaFo9m-PElfR_qMTDRvJ69GYXWUH3&ppt=None&ppn=None&ssid=j4cdqvdiuo0000001790935144929&qH=a5594894156db043&ov_redirect=true,2026-10-02
853,"vivo T5 Pro 5G (Cosmic Black, 256 GB)",vivo,46999,61999,24% off,4.5,"9,980",967,8 GB RAM,256 GB ROM,9020 mAh Battery,Snapdragon 7s Gen 4 Processor,17.35 cm (6.83 inch) Full HD+ AMOLED Display,50MP + 2MP | 32MP Front Camera,,https://www.flipkart.com/vivo-t5-pro-5g-cosmic-black-256-gb/p/itma21e2e09d4493?pid=MOBHM4FZRMHBQHP5&lid=LSTMOBHM4FZRMHBQHP59ZOVA8&marketplace=FLIPKART&q=smart+phones&store=tyy%2F4io&srno=s_36_853&otracker=search&fm=organic&iid=40b812c6-f587-4220-9847-f3bf3ba84203.MOBHM4FZRMHBQHP5.SEARCH&ppt=None&ppn=None&ssid=j4cdqvdiuo0000001790935144929&qH=a5594894156db043&ov_redirect=true,2026-10-02
854,"Infinix HOT 60i 5G (Plum Red, 128 GB)",Infinix,17499,24999,30% off,4.3,"1,595",148,4 GB RAM,128 GB ROM,6000 mAh Battery,Dimensity 6400 Processor,17.14 cm (6.75 inch) HD+ Display,50MP Rear Camera | 5MP Front Camera,,https://www.flipkart.com/infinix-hot-60i-5g-plum-red-128-gb/p/itm1cb6bf875f6e0?pid=MOBHERZEBTBE6KDK&lid=LSTMOBHERZEBTBE6KDKNJ5RAI&marketplace=FLIPKART&q=smart+phones&store=tyy%2F4io&srno=s_36_854&otracker=search&fm=organic&iid=40b812c6-f587-4220-9847-f3bf3ba84203.MOBHERZEBTBE6KDK.SEARCH&ppt=None&ppn=None&ssid=j4cdqvdiuo0000001790935144929&qH=a5594894156db043&ov_redirect=true,2026-10-02
855,"Apple iPhone 17 (Sage, 256 GB)",Apple,84999,99900,14% off,4.6,"28,288","2,049",,,,"A19 Chip, 6 Core Processor Processor",16.0 cm (6.3 inch) Super Retina XDR Display,48MP + 48MP | 18MP Front Camera,,https://www.flipkart.com/apple-iphone-17-sage-256-gb/p/itm410e85a5f1745?pid=MOBHQV9YZPQXFFGM&lid=LSTMOBHQV9YZPQXFFGMNN24WH&marketplace=FLIPKART&q=smart+phones&store=tyy%2F4io&srno=s_36_855&otracker=search&fm=organic&iid=40b812c6-f587-4220-9847-f3bf3ba84203.MOBHQV9YZPQXFFGM.SEARCH&ppt=None&ppn=None&ssid=j4cdqvdiuo0000001790935144929&qH=a5594894156db043&ov_redirect=true,2026-10-02
856,"Ai+ Nova 2 Pro 5G (Red, 128 GB)",Ai+,18999,23999,20% off,4,"1,050",134,8 GB RAM,128 GB ROM,6000 mAh Li-polymer Battery,Dimensity 7100 Processor,17.53 cm (6.9 inch) Full HD+ Display,48MP Rear Camera | 13MP Front Camera,,https://www.flipkart.com/ai-nova-2-pro-5g-red-128-gb/p/itm99171d3b4f114?pid=MOBHZ8ZMWWNT894J&lid=LSTMOBHZ8ZMWWNT894JUJERA7&marketplace=FLIPKART&q=smart+phones&store=tyy%2F4io&srno=s_36_856&otracker=search&fm=organic&iid=40b812c6-f587-4220-9847-f3bf3ba84203.MOBHZ8ZMWWNT894J.SEARCH&ppt=None&ppn=None&ssid=j4cdqvdiuo0000001790935144929&qH=a5594894156db043&ov_redirect=true,2026-10-02
857,"Nothing Phone (4b) (White, 256 GB)",Nothing,40999,59999,31% off,4.3,"1,841",179,8 GB RAM,256 GB ROM,6000 mAh Lithium ion Battery,6 Gen 4 Processor,17.2 cm (6.77 inch) Full HD+ AMOLED Display,50MP + 8MP | 16MP Front Camera,,https://www.flipkart.com/nothing-phone-4b-white-256-gb/p/itm939608b40adbb?pid=MOBHZMBD5MZZDUYA&lid=LSTMOBHZMBD5MZZDUYAIWDKYR&marketplace=FLIPKART&q=smart+phones&store=tyy%2F4io&srno=s_36_857&otracker=search&fm=organic&iid=en_lTDOu6zc6Pkd8cFdq7jVZ2AifEPuLTbKKcCYvR02nqkJThnPtpgZRe2GYt0AAj1z7muq75qMORP5m1GATJhVOuebvJ3XMQeWNozLNoAjfkISKL1Qk7bmBSEOn3ntOJrt&ppt=None&ppn=None&ssid=j4cdqvdiuo0000001790935144929&qH=a5594894156db043&ov_redirect=true,2026-10-02
858,"BOLTT EVO (Sky Blue, 128 GB)",BOLTT,11499,18999,39% off,4,"1,804",873,6 GB RAM,128 GB ROM,6000 mAh Lithium ion Battery,T7250 Processor,6.79'' HD+ punch hole display,50MP + 2MP | 8MP Front Camera,,https://www.flipkart.com/boltt-evo-sky-blue-128-gb/p/itmf046d663a1fd7?pid=MOBHPP59ME6SPCZW&lid=LSTMOBHPP59ME6SPCZWUW9RP3&marketplace=FLIPKART&q=smart+phones&store=tyy%2F4io&srno=s_36_858&otracker=search&fm=organic&iid=en_lTDOu6zc6Pkd8cFdq7jVZ2AifEPuLTbKKcCYvR02nqks5qBlPQwv34GKHUmh76AKwbXaiFD5B5V-i7lupI6xHpZk_zxnXKMiUj2SaFo9m-PElfR_qMTDRvJ69GYXWUH3&ppt=None&ppn=None&ssid=j4cdqvdiuo0000001790935144929&qH=a5594894156db043&ov_redirect=true,2026-10-02
859,"Apple iPhone 18 Pro max (Black, 256 GB)",Apple,179900,,,4.8,100,18,,,,"A20 Pro chip, 6 Core Processor Processor",17.53 cm (6.9 inch) Super Retina XDR Display,48MP + 48MP + 48MP | 18MP Front Camera,,https://www.flipkart.com/apple-iphone-18-pro-max-black-256-gb/p/itm34c250ba79166?pid=MOBHQT5JCGM6WJZA&lid=LSTMOBHQT5JCGM6WJZA5L2KCJ&marketplace=FLIPKART&q=smart+phones&store=tyy%2F4io&srno=s_36_859&otracker=search&fm=organic&iid=40b812c6-f587-4220-9847-f3bf3ba84203.MOBHQT5JCGM6WJZA.SEARCH&ppt=None&ppn=None&ssid=j4cdqvdiuo0000001790935144929&qH=a5594894156db043&ov_redirect=true,2026-10-02
860,"MOTOROLA edge 70 pro (Satin-Luxe PANTONE Tea (Green), 256 GB)",MOTOROLA,42999,74999,42% off,4.3,657,87,12 GB RAM,256 GB ROM,6500 mAh Silicon-Carbon Battery,Dimensity 8500 Extreme Processor,17.27 cm (6.8 inch) Full HD+ Super AMOLED Display,50MP + 50MP | 50MP Front Camera,,https://www.flipkart.com/motorola-edge-70-pro-satin-luxe-pantone-tea-green-256-gb/p/itm09856991aebeb?pid=MOBHN973YUTCVRVP&lid=LSTMOBHN973YUTCVRVPPJ4EEO&marketplace=FLIPKART&q=smart+phones&store=tyy%2F4io&srno=s_36_860&otracker=search&fm=organic&iid=40b812c6-f587-4220-9847-f3bf3ba84203.MOBHN973YUTCVRVP.SEARCH&ppt=None&ppn=None&ssid=j4cdqvdiuo0000001790935144929&qH=a5594894156db043&ov_redirect=true,2026-10-02
861,"BOLTT EVO (Sky Blue, 64 GB)",BOLTT,9999,17999,44% off,4.4,"1,327",695,4 GB RAM,64 GB ROM,6000 mAh Lithium ion Battery,T7250 Processor,6.79'' HD+ punch hole display,50MP + 2MP | 8MP Front Camera,,https://www.flipkart.com/boltt-evo-sky-blue-64-gb/p/itmf046d663a1fd7?pid=MOBHPP59WKSV4FYG&lid=LSTMOBHPP59WKSV4FYGYPMLV6&marketplace=FLIPKART&q=smart+phones&store=tyy%2F4io&srno=s_36_861&otracker=search&fm=organic&iid=en_lTDOu6zc6Pkd8cFdq7jVZ2AifEPuLTbKKcCYvR02nqlrrK9HQWBdtvVj2gWuWiItigicCniOwiXfyNr6i62vdZZk_zxnXKMiUj2SaFo9m-PElfR_qMTDRvJ69GYXWUH3&ppt=None&ppn=None&ssid=j4cdqvdiuo0000001790935144929&qH=a5594894156db043&ov_redirect=true,2026-10-02
862,"Samsung Galaxy A36 5G (Awesome Lavender, 256 GB)",Samsung,30999,38999,20% off,4.4,"5,489",911,8 GB RAM,256 GB ROM,5000 mAh Battery,Qualcomm Snapdragon 6 Gen 3 Processor,17.02 cm (6.7 inch) Full HD+ Display,50MP + 8MP | 12MP Front Camera,,https://www.flipkart.com/samsung-galaxy-a36-5g-awesome-lavender-256-gb/p/itma5b5834a73d65?pid=MOBH9RNG3KTYVZKE&lid=LSTMOBH9RNG3KTYVZKEUXWBIT&marketplace=FLIPKART&q=smart+phones&store=tyy%2F4io&srno=s_36_862&otracker=search&fm=organic&iid=40b812c6-f587-4220-9847-f3bf3ba84203.MOBH9RNG3KTYVZKE.SEARCH&ppt=None&ppn=None&ssid=j4cdqvdiuo0000001790935144929&qH=a5594894156db043&ov_redirect=true,2026-10-02
863,"realme Narzo Power 5G (Titan Blue, 128 GB)",realme,28989,35999,19% off,4.3,109,10,8 GB RAM,128 GB ROM,10001 mAh Battery,,17.27 cm (6.8 inch) Display,50MP Rear Camera,,https://www.flipkart.com/realme-narzo-power-5g-titan-blue-128-gb/p/itmb7d628c2b23a9?pid=MOBHHGXKXMFAZHUQ&lid=LSTMOBHHGXKXMFAZHUQHUQZEZ&marketplace=FLIPKART&q=smart+phones&store=tyy%2F4io&srno=s_36_863&otracker=search&fm=organic&iid=40b812c6-f587-4220-9847-f3bf3ba84203.MOBHHGXKXMFAZHUQ.SEARCH&ppt=None&ppn=None&ssid=j4cdqvdiuo0000001790935144929&qH=a5594894156db043&ov_redirect=true,2026-10-02
864,"REDMI Note 15 5G (Black, 256 GB)",REDMI,31799,38999,18% off,4.4,"1,252",91,8 GB RAM,256 GB ROM,5520 mAh Battery,,17.2 cm (6.77 inch) Display,108MP Rear Camera,,https://www.flipkart.com/redmi-note-15-5g-black-256-gb/p/itm7cb24e3c40189?pid=MOBHJHPUU27FF6DA&lid=LSTMOBHJHPUU27FF6DAW39HR5&marketplace=FLIPKART&q=smart+phones&store=tyy%2F4io&srno=s_36_864&otracker=search&fm=organic&iid=40b812c6-f587-4220-9847-f3bf3ba84203.MOBHJHPUU27FF6DA.SEARCH&ppt=None&ppn=None&ssid=j4cdqvdiuo0000001790935144929&qH=a5594894156db043&ov_redirect=true,2026-10-02
865,"OPPO F33 5G (Forest Green, 128 GB)",OPPO,36999,52999,30% off,4.3,175,21,8 GB RAM,128 GB ROM,7000 mAh lithium-ion polymer Battery,Dimensity 6360 MAX Processor,16.69 cm (6.57 inch) Full HD+ AMOLED Display,50MP + 2MP | 16MP Front Camera,,https://www.flipkart.com/oppo-f33-5g-forest-green-128-gb/p/itm8c5d4a65602fd?pid=MOBHM48FAG5NJ2VJ&lid=LSTMOBHM48FAG5NJ2VJ6EHHZM&marketplace=FLIPKART&q=smart+phones&store=tyy%2F4io&srno=s_37_865&otracker=search&fm=organic&iid=3fb9e26a-60a0-49f3-8930-fb8469e57fe1.MOBHM48FAG5NJ2VJ.SEARCH&ppt=None&ppn=None&ssid=7dzq21j7f40000001790935147720&qH=a5594894156db043&ov_redirect=true,2026-10-02
866,"Infinix NOTE 60 Pro (Mist Titanium, 256 GB)",Infinix,39999,54999,27% off,4.4,"1,746",281,8 GB RAM,256 GB ROM,6500 mAh Battery,Snapdragon 7s Gen 4 Processor,17.22 cm (6.78 inch) Full HD+ AMOLED Display,50MP + 8MP | 13MP Front Camera,,https://www.flipkart.com/infinix-note-60-pro-mist-titanium-256-gb/p/itm7681d00923b3c?pid=MOBHPFWHAYHYDX7F&lid=LSTMOBHPFWHAYHYDX7FVMDPUE&marketplace=FLIPKART&q=smart+phones&store=tyy%2F4io&srno=s_37_866&otracker=search&fm=organic&iid=3fb9e26a-60a0-49f3-8930-fb8469e57fe1.MOBHPFWHAYHYDX7F.SEARCH&ppt=None&ppn=None&ssid=7dzq21j7f40000001790935147720&qH=a5594894156db043&ov_redirect=true,2026-10-02
867,"BOLTT EVO (Arctic White, 128 GB)",BOLTT,11499,18999,39% off,4,"1,804",873,6 GB RAM,128 GB ROM,6000 mAh Lithium ion Battery,T7250 Processor,6.79'' HD+ punch hole display,50MP + 2MP | 8MP Front Camera,,https://www.flipkart.com/boltt-evo-arctic-white-128-gb/p/itmf046d663a1fd7?pid=MOBHPP59GKGTGZGA&lid=LSTMOBHPP59GKGTGZGAIEMNWG&marketplace=FLIPKART&q=smart+phones&store=tyy%2F4io&srno=s_37_867&otracker=search&fm=organic&iid=en_nHA2Q2vTbGB_ABsUgzzRqfg3zc1VTAo5Ygx_Iprzk_GqHKFUiEJ61W2FZWE3G6kDApXdqJ8g9gjPKgZjVdc9bpZk_zxnXKMiUj2SaFo9m-NiQOl6PIj5yO6Q1JFnOHyC&ppt=None&ppn=None&ssid=7dzq21j7f40000001790935147720&qH=a5594894156db043&ov_redirect=true,2026-10-02
868,"BOLTT EVO (Arctic White, 64 GB)",BOLTT,9999,17999,44% off,4.4,"1,327",695,4 GB RAM,64 GB ROM,6000 mAh Lithium ion Battery,T7250 Processor,6.79'' HD+ punch hole display,50MP + 2MP | 8MP Front Camera,,https://www.flipkart.com/boltt-evo-arctic-white-64-gb/p/itmf046d663a1fd7?pid=MOBHPP59BYSJ98M8&lid=LSTMOBHPP59BYSJ98M8RWYHGQ&marketplace=FLIPKART&q=smart+phones&store=tyy%2F4io&srno=s_37_868&otracker=search&fm=organic&iid=en_nHA2Q2vTbGB_ABsUgzzRqfg3zc1VTAo5Ygx_Iprzk_GGxdlmumSnLnP3sQAsNRv16Ux8tV-__SxlzWH1nelDDZZk_zxnXKMiUj2SaFo9m-NiQOl6PIj5yO6Q1JFnOHyC&ppt=None&ppn=None&ssid=7dzq21j7f40000001790935147720&qH=a5594894156db043&ov_redirect=true,2026-10-02
869,"OPPO Reno14 5G (Forest Green, 512 GB)",OPPO,47999,,,4.5,"4,027",475,12 GB RAM,512 GB ROM,6000 mAh Battery,Dimensity 8350 Processor,16.74 cm (6.59 inch) Full HD+ Display,50MP + 8MP + 50MP | 50MP Front Camera,,https://www.flipkart.com/oppo-reno14-5g-forest-green-512-gb/p/itm4d9e853eee6cf?pid=MOBHDDQ9VH7ZHHMP&lid=LSTMOBHDDQ9VH7ZHHMPQLOI0Q&marketplace=FLIPKART&q=smart+phones&store=tyy%2F4io&srno=s_37_869&otracker=search&fm=organic&iid=3fb9e26a-60a0-49f3-8930-fb8469e57fe1.MOBHDDQ9VH7ZHHMP.SEARCH&ppt=None&ppn=None&ssid=7dzq21j7f40000001790935147720&qH=a5594894156db043&ov_redirect=true,2026-10-02
870,"Infinix NOTE 60 Pro (Frost Silver, 128 GB)",Infinix,35999,49999,28% off,4.4,"1,746",281,8 GB RAM,128 GB ROM,6500 mAh Battery,Snapdragon 7s Gen 4 Processor,17.22 cm (6.78 inch) Full HD+ AMOLED Display,50MP + 8MP | 13MP Front Camera,,https://www.flipkart.com/infinix-note-60-pro-frost-silver-128-gb/p/itm7681d00923b3c?pid=MOBHZB2BNPNMSV2Z&lid=LSTMOBHZB2BNPNMSV2ZW64TFJ&marketplace=FLIPKART&q=smart+phones&store=tyy%2F4io&srno=s_37_870&otracker=search&fm=organic&iid=3fb9e26a-60a0-49f3-8930-fb8469e57fe1.MOBHZB2BNPNMSV2Z.SEARCH&ppt=None&ppn=None&ssid=7dzq21j7f40000001790935147720&qH=a5594894156db043&ov_redirect=true,2026-10-02
871,"BOLTT EVO (Midnight Black, 64 GB)",BOLTT,9999,17999,44% off,4.4,"1,327",695,4 GB RAM,64 GB ROM,6000 mAh Lithium ion Battery,T7250 Processor,6.79'' HD+ punch hole display,50MP + 2MP | 8MP Front Camera,,https://www.flipkart.com/boltt-evo-midnight-black-64-gb/p/itmf046d663a1fd7?pid=MOBHPP597GB8ZHTY&lid=LSTMOBHPP597GB8ZHTYGYX70A&marketplace=FLIPKART&q=smart+phones&store=tyy%2F4io&srno=s_37_871&otracker=search&fm=organic&iid=en_nHA2Q2vTbGB_ABsUgzzRqfg3zc1VTAo5Ygx_Iprzk_GpyBUj5fJMDhmSlNgmLBQEmFcmDxdFnAg2HDILUSFuRZZk_zxnXKMiUj2SaFo9m-NiQOl6PIj5yO6Q1JFnOHyC&ppt=None&ppn=None&ssid=7dzq21j7f40000001790935147720&qH=a5594894156db043&ov_redirect=true,2026-10-02
872,"BOLTT EVO (Lavender Bloom, 64 GB)",BOLTT,9999,17999,44% off,4.4,"1,327",695,4 GB RAM,64 GB ROM,6000 mAh Lithium ion Battery,T7250 Processor,6.79'' HD+ punch hole display,50MP + 2MP | 8MP Front Camera,,https://www.flipkart.com/boltt-evo-lavender-bloom-64-gb/p/itmf046d663a1fd7?pid=MOBHPP59AEJZHCVZ&lid=LSTMOBHPP59AEJZHCVZQQSXMU&marketplace=FLIPKART&q=smart+phones&store=tyy%2F4io&srno=s_37_872&otracker=search&fm=organic&iid=en_nHA2Q2vTbGB_ABsUgzzRqfg3zc1VTAo5Ygx_Iprzk_F_6_BEQc0aHN8T4EiF5Za_7xbDZ0DH1NrYuR9fFRym_pZk_zxnXKMiUj2SaFo9m-NiQOl6PIj5yO6Q1JFnOHyC&ppt=None&ppn=None&ssid=7dzq21j7f40000001790935147720&qH=a5594894156db043&ov_redirect=true,2026-10-02
873,"LAVA Bold N2 5G (Billionaire Blue, 64 GB)",LAVA,14990,15999,6% off,4.6,16,2,4 GB RAM,64 GB ROM,6000 mAh Battery,Mediatek Processor,17.14 cm (6.75 inch) HD+ Display,13MP Rear Camera,,https://www.flipkart.com/lava-bold-n2-5g-billionaire-blue-64-gb/p/itmcc38eff4ebd1d?pid=MOBHZ8RGXVQSXUZF&lid=LSTMOBHZ8RGXVQSXUZFBOUCD4&marketplace=FLIPKART&q=smart+phones&store=tyy%2F4io&srno=s_37_873&otracker=search&fm=organic&iid=3fb9e26a-60a0-49f3-8930-fb8469e57fe1.MOBHZ8RGXVQSXUZF.SEARCH&ppt=None&ppn=None&ssid=7dzq21j7f40000001790935147720&qH=a5594894156db043&ov_redirect=true,2026-10-02
874,"IQOO 15R 5G (Dark Knight, 512 GB)",IQOO,69990,87999,20% off,4.6,279,32,12 GB RAM,512 GB ROM,7600 mAh Battery,,16.74 cm (6.59 inch) Display,50MP Rear Camera,,https://www.flipkart.com/iqoo-15r-5g-dark-knight-512-gb/p/itm7bc8aee18f590?pid=MOBHHY4GUEVSHZS8&lid=LSTMOBHHY4GUEVSHZS8IHLLJS&marketplace=FLIPKART&q=smart+phones&store=tyy%2F4io&srno=s_37_874&otracker=search&fm=organic&iid=3fb9e26a-60a0-49f3-8930-fb8469e57fe1.MOBHHY4GUEVSHZS8.SEARCH&ppt=None&ppn=None&ssid=7dzq21j7f40000001790935147720&qH=a5594894156db043&ov_redirect=true,2026-10-02
875,"MOTOROLA G77 Power (PANTONE Impenetrable, 128 GB)",MOTOROLA,27999,44999,37% off,4.1,133,18,8 GB RAM,128 GB ROM,7000 mAh Battery,Dimensity 6400 Processor,17.07 cm (6.72 inch) Full HD+ Display,50MP + 8MP | 32MP Front Camera,,https://www.flipkart.com/motorola-g77-power-pantone-impenetrable-128-gb/p/itm51ed7660ab052?pid=MOBHNEZPY2XEQHKG&lid=LSTMOBHNEZPY2XEQHKG2GNZGW&marketplace=FLIPKART&q=smart+phones&store=tyy%2F4io&srno=s_37_875&otracker=search&fm=organic&iid=3fb9e26a-60a0-49f3-8930-fb8469e57fe1.MOBHNEZPY2XEQHKG.SEARCH&ppt=None&ppn=None&ssid=7dzq21j7f40000001790935147720&qH=a5594894156db043&ov_redirect=true,2026-10-02
876,"XOME XM 17Pro Maxx (Orange, 32 GB)",XOME,9349,15999,41% off,3.6,8,0,4 GB RAM,32 GB ROM,5000 mAh Battery,,16.76 cm (6.6 inch) Display,16MP Rear Camera,,https://www.flipkart.com/xome-xm-17pro-maxx-orange-32-gb/p/itmbc60e6e4f4e10?pid=MOBHZBSZNK2DM6ND&lid=LSTMOBHZBSZNK2DM6NDZLT1GD&marketplace=FLIPKART&q=smart+phones&store=tyy%2F4io&srno=s_37_876&otracker=search&fm=organic&iid=3fb9e26a-60a0-49f3-8930-fb8469e57fe1.MOBHZBSZNK2DM6ND.SEARCH&ppt=None&ppn=None&ssid=7dzq21j7f40000001790935147720&qH=a5594894156db043&ov_redirect=true,2026-10-02
877,"BOLTT EVO (Midnight Black, 128 GB)",BOLTT,11499,18999,39% off,4,"1,804",873,6 GB RAM,128 GB ROM,6000 mAh Lithium ion Battery,T7250 Processor,6.79'' HD+ punch hole display,50MP + 2MP | 8MP Front Camera,,https://www.flipkart.com/boltt-evo-midnight-black-128-gb/p/itmf046d663a1fd7?pid=MOBHPP59RWHM2PJH&lid=LSTMOBHPP59RWHM2PJHUUF4AF&marketplace=FLIPKART&q=smart+phones&store=tyy%2F4io&srno=s_37_877&otracker=search&fm=organic&iid=en_nHA2Q2vTbGB_ABsUgzzRqfg3zc1VTAo5Ygx_Iprzk_G0NM6mqrA0J255Y57p4m9q-oHdKO3yYnYUN_r3HYwM1pZk_zxnXKMiUj2SaFo9m-NiQOl6PIj5yO6Q1JFnOHyC&ppt=None&ppn=None&ssid=7dzq21j7f40000001790935147720&qH=a5594894156db043&ov_redirect=true,2026-10-02
878,"BOLTT EVO (Berry Red, 128 GB)",BOLTT,11499,18999,39% off,4,"1,804",873,6 GB RAM,128 GB ROM,6000 mAh Lithium ion Battery,T7250 Processor,6.79'' HD+ punch hole display,50MP + 2MP | 8MP Front Camera,,https://www.flipkart.com/boltt-evo-berry-red-128-gb/p/itmf046d663a1fd7?pid=MOBHPP59TUYYPWP5&lid=LSTMOBHPP59TUYYPWP5U7J1VB&marketplace=FLIPKART&q=smart+phones&store=tyy%2F4io&srno=s_37_878&otracker=search&fm=organic&iid=en_nHA2Q2vTbGB_ABsUgzzRqfg3zc1VTAo5Ygx_Iprzk_HHrnqPtdN3gZL9TLI_TZixvSppyrEH4LyH9lCiIfbYhZZk_zxnXKMiUj2SaFo9m-NiQOl6PIj5yO6Q1JFnOHyC&ppt=None&ppn=None&ssid=7dzq21j7f40000001790935147720&qH=a5594894156db043&ov_redirect=true,2026-10-02
879,"REDMI 15A (Ace Black, 64 GB)",REDMI,16499,27999,41% off,3.8,803,71,4 GB RAM,64 GB ROM,6300 mAh Lithium-Ion Polymer Battery,T8300 Processor,17.53 cm (6.9 inch) Display,32MP Rear Camera | 8MP Front Camera,,https://www.flipkart.com/redmi-15a-ace-black-64-gb/p/itma5df21cf74d34?pid=MOBHPDZD3FJSZPAH&lid=LSTMOBHPDZD3FJSZPAH4LKT9O&marketplace=FLIPKART&q=smart+phones&store=tyy%2F4io&srno=s_37_879&otracker=search&fm=organic&iid=3fb9e26a-60a0-49f3-8930-fb8469e57fe1.MOBHPDZD3FJSZPAH.SEARCH&ppt=None&ppn=None&ssid=7dzq21j7f40000001790935147720&qH=a5594894156db043&ov_redirect=true,2026-10-02
880,"Samsung Galaxy A56 5G (Light Violet, 256 GB)",Samsung,38980,54999,29% off,4.4,"1,062",82,8 GB RAM,256 GB ROM,5000 mAh Battery,Samsung Exynos 1580 Processor,17.02 cm (6.7 inch) Full HD+ Display,50MP + 12MP + 5MP | 12MP Front Camera,,https://www.flipkart.com/samsung-galaxy-a56-5g-light-violet-256-gb/p/itmee04eb4586b5a?pid=MOBHQBEMYH3JXSCX&lid=LSTMOBHQBEMYH3JXSCXRXMOAV&marketplace=FLIPKART&q=smart+phones&store=tyy%2F4io&srno=s_37_880&otracker=search&fm=organic&iid=3fb9e26a-60a0-49f3-8930-fb8469e57fe1.MOBHQBEMYH3JXSCX.SEARCH&ppt=None&ppn=None&ssid=7dzq21j7f40000001790935147720&qH=a5594894156db043&ov_redirect=true,2026-10-02
881,"Nothing Phone (4b) (White, 256 GB)",Nothing,40999,59999,31% off,4.3,"1,841",179,8 GB RAM,256 GB ROM,6000 mAh Lithium ion Battery,6 Gen 4 Processor,17.2 cm (6.77 inch) Full HD+ AMOLED Display,50MP + 8MP | 16MP Front Camera,,https://www.flipkart.com/nothing-phone-4b-white-256-gb/p/itm939608b40adbb?pid=MOBHZMBD5MZZDUYA&lid=LSTMOBHZMBD5MZZDUYAIWDKYR&marketplace=FLIPKART&q=smart+phones&store=tyy%2F4io&srno=s_37_881&otracker=search&fm=organic&iid=en_nHA2Q2vTbGB_ABsUgzzRqfg3zc1VTAo5Ygx_Iprzk_G0xQy_uUUoxwUBA9y_CS4o7muq75qMORP5m1GATJhVOuebvJ3XMQeWNozLNoAjfkLmkA8Os9p-1EXgdzmvmP9a&ppt=None&ppn=None&ssid=7dzq21j7f40000001790935147720&qH=a5594894156db043&ov_redirect=true,2026-10-02
882,"BOLTT EVO (Sky Blue, 128 GB)",BOLTT,11499,18999,39% off,4,"1,804",873,6 GB RAM,128 GB ROM,6000 mAh Lithium ion Battery,T7250 Processor,6.79'' HD+ punch hole display,50MP + 2MP | 8MP Front Camera,,https://www.flipkart.com/boltt-evo-sky-blue-128-gb/p/itmf046d663a1fd7?pid=MOBHPP59ME6SPCZW&lid=LSTMOBHPP59ME6SPCZWUW9RP3&marketplace=FLIPKART&q=smart+phones&store=tyy%2F4io&srno=s_37_882&otracker=search&fm=organic&iid=en_nHA2Q2vTbGB_ABsUgzzRqfg3zc1VTAo5Ygx_Iprzk_HqgxlylS9oYUVZhNJWl-I5wbXaiFD5B5V-i7lupI6xHpZk_zxnXKMiUj2SaFo9m-NiQOl6PIj5yO6Q1JFnOHyC&ppt=None&ppn=None&ssid=7dzq21j7f40000001790935147720&qH=a5594894156db043&ov_redirect=true,2026-10-02
883,"realme 16 5G (Air White, 128 GB)",realme,41999,,,4,"1,020",115,8 GB RAM,128 GB ROM,7000 mAh Battery,Dimensity 6400 Turbo Processor,16.69 cm (6.57 inch) Full HD+ AMOLED Display,50MP + 2MP | 50MP Front Camera,,https://www.flipkart.com/realme-16-5g-air-white-128-gb/p/itm7b0c4cd95742b?pid=MOBHHM6T2WKRGYRP&lid=LSTMOBHHM6T2WKRGYRPTSJFBP&marketplace=FLIPKART&q=smart+phones&store=tyy%2F4io&srno=s_37_883&otracker=search&fm=organic&iid=3fb9e26a-60a0-49f3-8930-fb8469e57fe1.MOBHHM6T2WKRGYRP.SEARCH&ppt=None&ppn=None&ssid=7dzq21j7f40000001790935147720&qH=a5594894156db043&ov_redirect=true,2026-10-02
884,"MOTOROLA Edge 70 Fusion (Pantone SILHOUETTE, 512 GB)",MOTOROLA,36999,64999,43% off,4.3,"6,894",768,12 GB RAM,512 GB ROM,7000 mAh Battery,Snapdragon 7s Gen 4 Processor,17.27 cm (6.8 inch) Super HD Display,50MP + 13MP | 32MP Front Camera,,https://www.flipkart.com/motorola-edge-70-fusion-pantone-silhouette-512-gb/p/itm296e356d06dfe?pid=MOBHNSA6EXSZXYUH&lid=LSTMOBHNSA6EXSZXYUHIGVMTN&marketplace=FLIPKART&q=smart+phones&store=tyy%2F4io&srno=s_37_884&otracker=search&fm=organic&iid=3fb9e26a-60a0-49f3-8930-fb8469e57fe1.MOBHNSA6EXSZXYUH.SEARCH&ppt=None&ppn=None&ssid=7dzq21j7f40000001790935147720&qH=a5594894156db043&ov_redirect=true,2026-10-02
885,"Ai+ Nova 2 Neo 5G (Green, 128 GB)",Ai+,16999,19999,15% off,4.2,"1,085",102,6 GB RAM,128 GB ROM,6000 mAh Li-polymer Battery,Dimensity 6300 Processor,17.13 cm (6.745 inch) HD+ Display,48MP Rear Camera | 8MP Front Camera,,https://www.flipkart.com/ai-nova-2-neo-5g-green-128-gb/p/itm9291436c3874f?pid=MOBHZ8ZMFQHHZZZR&lid=LSTMOBHZ8ZMFQHHZZZREUY1L1&marketplace=FLIPKART&q=smart+phones&store=tyy%2F4io&srno=s_37_885&otracker=search&fm=organic&iid=3fb9e26a-60a0-49f3-8930-fb8469e57fe1.MOBHZ8ZMFQHHZZZR.SEARCH&ppt=None&ppn=None&ssid=7dzq21j7f40000001790935147720&qH=a5594894156db043&ov_redirect=true,2026-10-02
886,"OnePlus 13s 5G (Green Silk, 256 GB)",OnePlus,55554,57999,4% off,4.6,"2,160",209,12 GB RAM,256 GB ROM,5850 mAh Battery,,16.05 cm (6.32 inch) Display,50MP Rear Camera,,https://www.flipkart.com/oneplus-13s-5g-green-silk-256-gb/p/itmb6d10cf953b5d?pid=MOBHCTQTDPZH7ZYT&lid=LSTMOBHCTQTDPZH7ZYTVPOATD&marketplace=FLIPKART&q=smart+phones&store=tyy%2F4io&srno=s_37_886&otracker=search&fm=organic&iid=3fb9e26a-60a0-49f3-8930-fb8469e57fe1.MOBHCTQTDPZH7ZYT.SEARCH&ppt=None&ppn=None&ssid=7dzq21j7f40000001790935147720&qH=a5594894156db043&ov_redirect=true,2026-10-02
887,"BOLTT EVO (Sky Blue, 64 GB)",BOLTT,9999,17999,44% off,4.4,"1,327",695,4 GB RAM,64 GB ROM,6000 mAh Lithium ion Battery,T7250 Processor,6.79'' HD+ punch hole display,50MP + 2MP | 8MP Front Camera,,https://www.flipkart.com/boltt-evo-sky-blue-64-gb/p/itmf046d663a1fd7?pid=MOBHPP59WKSV4FYG&lid=LSTMOBHPP59WKSV4FYGYPMLV6&marketplace=FLIPKART&q=smart+phones&store=tyy%2F4io&srno=s_37_887&otracker=search&fm=organic&iid=en_nHA2Q2vTbGB_ABsUgzzRqfg3zc1VTAo5Ygx_Iprzk_FTFRJFvi08NItzV28IYcd5igicCniOwiXfyNr6i62vdZZk_zxnXKMiUj2SaFo9m-NiQOl6PIj5yO6Q1JFnOHyC&ppt=None&ppn=None&ssid=7dzq21j7f40000001790935147720&qH=a5594894156db043&ov_redirect=true,2026-10-02
888,"POCO X8 5G (Frost White, 256 GB)",POCO,35999,74999,52% off,4.2,49,12,8 GB RAM,256 GB ROM,9000 mAh Lithium-Ion Polymer Battery,6s Gen 4 Processor,17.35 cm (6.83 inch) Full HD+ AMOLED Display,50MP + 2MP | 16MP Front Camera,,https://www.flipkart.com/poco-x8-5g-frost-white-256-gb/p/itm0e8677ca357ef?pid=MOBHQ6XZHFHPPAJW&lid=LSTMOBHQ6XZHFHPPAJW6BRX1M&marketplace=FLIPKART&q=smart+phones&store=tyy%2F4io&srno=s_37_888&otracker=search&fm=organic&iid=3fb9e26a-60a0-49f3-8930-fb8469e57fe1.MOBHQ6XZHFHPPAJW.SEARCH&ppt=None&ppn=None&ssid=7dzq21j7f40000001790935147720&qH=a5594894156db043&ov_redirect=true,2026-10-02
889,"vivo V70 FE (Monsoon Blue 2026, 256 GB)",vivo,49999,56999,12% off,4.4,953,99,8 GB RAM,256 GB ROM,7000 mAh Li-ion battery Battery,Dimensity 7360-Turbo Processor,17.35 cm (6.83 inch) Full HD+ AMOLED Display,200MP + 8MP | 50MP Front Camera,,https://www.flipkart.com/vivo-v70-fe-monsoon-blue-2026-256-gb/p/itmda852a903ef97?pid=MOBHZFFHH5CXYZDB&lid=LSTMOBHZFFHH5CXYZDBGAP6FP&marketplace=FLIPKART&q=smart+phones&store=tyy%2F4io&srno=s_38_889&otracker=search&fm=organic&iid=7db5f7cd-e59e-4c76-b04d-cbd463f36ac9.MOBHZFFHH5CXYZDB.SEARCH&ppt=None&ppn=None&ssid=5aprfyv3ds0000001790935150530&qH=a5594894156db043&ov_redirect=true,2026-10-02
890,"vivo V70 FE (Northern Lights Purple 2026, 256 GB)",vivo,49999,56999,12% off,4.4,953,99,8 GB RAM,256 GB ROM,7000 mAh Li-ion battery Battery,Dimensity 7360-Turbo Processor,17.35 cm (6.83 inch) Full HD+ AMOLED Display,200MP + 8MP | 50MP Front Camera,,https://www.flipkart.com/vivo-v70-fe-northern-lights-purple-2026-256-gb/p/itmda852a903ef97?pid=MOBHZFFHH3UZ2FZQ&lid=LSTMOBHZFFHH3UZ2FZQGSKMQX&marketplace=FLIPKART&q=smart+phones&store=tyy%2F4io&srno=s_38_890&otracker=search&fm=organic&iid=7db5f7cd-e59e-4c76-b04d-cbd463f36ac9.MOBHZFFHH3UZ2FZQ.SEARCH&ppt=None&ppn=None&ssid=5aprfyv3ds0000001790935150530&qH=a5594894156db043&ov_redirect=true,2026-10-02
891,"BOLTT EVO (Midnight Black, 64 GB)",BOLTT,9999,17999,44% off,4.4,"1,327",695,4 GB RAM,64 GB ROM,6000 mAh Lithium ion Battery,T7250 Processor,6.79'' HD+ punch hole display,50MP + 2MP | 8MP Front Camera,,https://www.flipkart.com/boltt-evo-midnight-black-64-gb/p/itmf046d663a1fd7?pid=MOBHPP597GB8ZHTY&lid=LSTMOBHPP597GB8ZHTYGYX70A&marketplace=FLIPKART&q=smart+phones&store=tyy%2F4io&srno=s_38_891&otracker=search&fm=organic&iid=en_lqRuaItNGLeihxIe8FnPoiE3hiae15V8ykFCgmODvvdSsWjjv3sISOr5h8EpYOg2s7qCwkzzZfXNJUlojOr5SpZk_zxnXKMiUj2SaFo9m-M95EMhMcW6P6ev7xSEUoji&ppt=None&ppn=None&ssid=5aprfyv3ds0000001790935150530&qH=a5594894156db043&ov_redirect=true,2026-10-02
892,"BOLTT EVO (Berry Red, 128 GB)",BOLTT,11499,18999,39% off,4,"1,804",873,6 GB RAM,128 GB ROM,6000 mAh Lithium ion Battery,T7250 Processor,6.79'' HD+ punch hole display,50MP + 2MP | 8MP Front Camera,,https://www.flipkart.com/boltt-evo-berry-red-128-gb/p/itmf046d663a1fd7?pid=MOBHPP59TUYYPWP5&lid=LSTMOBHPP59TUYYPWP5U7J1VB&marketplace=FLIPKART&q=smart+phones&store=tyy%2F4io&srno=s_38_892&otracker=search&fm=organic&iid=en_lqRuaItNGLeihxIe8FnPoiE3hiae15V8ykFCgmODvvct4tUTIMuyvAtjDEJ0Ecqy536Q4P5J64sMnJmf8X-4YpZk_zxnXKMiUj2SaFo9m-M95EMhMcW6P6ev7xSEUoji&ppt=None&ppn=None&ssid=5aprfyv3ds0000001790935150530&qH=a5594894156db043&ov_redirect=true,2026-10-02
893,"Tecno Spark Go 3 (Titanium Grey, 128.0 GB)",Tecno,14999,18999,21% off,4.1,221,15,4 GB RAM,128.0 GB ROM,5000 mAh Lithium Polymer Battery,T7250 Processor,17.12 cm (6.74 inch) HD+ Display,13MP Rear Camera | 8MP Front Camera,,https://www.flipkart.com/tecno-spark-go-3-titanium-grey-128-0-gb/p/itm2fa7fff320d5a?pid=MOBHQRWNCYTZYQQT&lid=LSTMOBHQRWNCYTZYQQTNWZAG9&marketplace=FLIPKART&q=smart+phones&store=tyy%2F4io&srno=s_38_893&otracker=search&fm=organic&iid=7db5f7cd-e59e-4c76-b04d-cbd463f36ac9.MOBHQRWNCYTZYQQT.SEARCH&ppt=None&ppn=None&ssid=5aprfyv3ds0000001790935150530&qH=a5594894156db043&ov_redirect=true,2026-10-02
894,"Apple iPhone 17 (Black, 256 GB)",Apple,84999,99900,14% off,4.6,"28,288","2,049",,,,"A19 Chip, 6 Core Processor Processor",16.0 cm (6.3 inch) Super Retina XDR Display,48MP + 48MP | 18MP Front Camera,,https://www.flipkart.com/apple-iphone-17-black-256-gb/p/itmc61b40459dd98?pid=MOBHQV9YCUG4ZQZK&lid=LSTMOBHQV9YCUG4ZQZKUTWGGY&marketplace=FLIPKART&q=smart+phones&store=tyy%2F4io&srno=s_38_894&otracker=search&fm=organic&iid=7db5f7cd-e59e-4c76-b04d-cbd463f36ac9.MOBHQV9YCUG4ZQZK.SEARCH&ppt=None&ppn=None&ssid=5aprfyv3ds0000001790935150530&qH=a5594894156db043&ov_redirect=true,2026-10-02
895,"vivo V70 FE (Northern Lights Purple 2026, 128 GB)",vivo,44999,53999,16% off,4.4,953,99,8 GB RAM,128 GB ROM,7000 mAh Li-ion battery Battery,Dimensity 7360-Turbo Processor,17.35 cm (6.83 inch) Full HD+ AMOLED Display,200MP + 8MP | 50MP Front Camera,,https://www.flipkart.com/vivo-v70-fe-northern-lights-purple-2026-128-gb/p/itmda852a903ef97?pid=MOBHZFFHZ5ZXJZC3&lid=LSTMOBHZFFHZ5ZXJZC3PMVX3S&marketplace=FLIPKART&q=smart+phones&store=tyy%2F4io&srno=s_38_895&otracker=search&fm=organic&iid=7db5f7cd-e59e-4c76-b04d-cbd463f36ac9.MOBHZFFHZ5ZXJZC3.SEARCH&ppt=None&ppn=None&ssid=5aprfyv3ds0000001790935150530&qH=a5594894156db043&ov_redirect=true,2026-10-02
896,"realme GT 8 Pro (Diary White, 512 GB)",realme,78999,86999,9% off,4.6,116,24,16 GB RAM,512 GB ROM,7000 mAh Battery,8 Elite Gen 5 Processor,17.25 cm (6.79 inch) Quad HD+ Display,50MP + 50MP + 200MP | 32MP Front Camera,,https://www.flipkart.com/realme-gt-8-pro-diary-white-512-gb/p/itm78c31e0a1941f?pid=MOBHHEYXBRSSBAVS&lid=LSTMOBHHEYXBRSSBAVSG1WJ1X&marketplace=FLIPKART&q=smart+phones&store=tyy%2F4io&srno=s_38_896&otracker=search&fm=organic&iid=7db5f7cd-e59e-4c76-b04d-cbd463f36ac9.MOBHHEYXBRSSBAVS.SEARCH&ppt=None&ppn=None&ssid=5aprfyv3ds0000001790935150530&qH=a5594894156db043&ov_redirect=true,2026-10-02
897,"Nothing Phone (4b) (White, 256 GB)",Nothing,40999,59999,31% off,4.3,"1,841",179,8 GB RAM,256 GB ROM,6000 mAh Lithium ion Battery,6 Gen 4 Processor,17.2 cm (6.77 inch) Full HD+ AMOLED Display,50MP + 8MP | 16MP Front Camera,,https://www.flipkart.com/nothing-phone-4b-white-256-gb/p/itm939608b40adbb?pid=MOBHZMBD5MZZDUYA&lid=LSTMOBHZMBD5MZZDUYAIWDKYR&marketplace=FLIPKART&q=smart+phones&store=tyy%2F4io&srno=s_38_897&otracker=search&fm=organic&iid=en_lqRuaItNGLeihxIe8FnPoiE3hiae15V8ykFCgmODvveakaBJ6k3bPheWiD1Y_Q4C7muq75qMORP5m1GATJhVOlQOgTQdsBk_Vf1d789BDsiO8mqmAAoA5lFWHK9YPjsa&ppt=None&ppn=None&ssid=5aprfyv3ds0000001790935150530&qH=a5594894156db043&ov_redirect=true,2026-10-02
898,"MOTOROLA Edge 70 Fusion Snapdragon (Pantone SILHOUETTE, 128 GB)",MOTOROLA,30999,49999,38% off,4.4,"18,655","2,051",8 GB RAM,128 GB ROM,7000 mAh Battery,Snapdragon 7s Gen 4 Processor,17.27 cm (6.8 inch) Super HD Display,50MP + 13MP | 32MP Front Camera,,https://www.flipkart.com/motorola-edge-70-fusion-snapdragon-pantone-silhouette-128-gb/p/itm2beea336a1e2f?pid=MOBHN973CQSNTNGF&lid=LSTMOBHN973CQSNTNGFEQEDF2&marketplace=FLIPKART&q=smart+phones&store=tyy%2F4io&srno=s_38_898&otracker=search&fm=organic&iid=7db5f7cd-e59e-4c76-b04d-cbd463f36ac9.MOBHN973CQSNTNGF.SEARCH&ppt=None&ppn=None&ssid=5aprfyv3ds0000001790935150530&qH=a5594894156db043&ov_redirect=true,2026-10-02
899,"REDMI Note-14 Pro 5G (Phantom Purple, 128 GB)",REDMI,27993,28999,3% off,4.2,"1,255",98,8 GB RAM,128 GB ROM,5500 mAh Battery,Dimensity 7300 Ultra Processor,16.94 cm (6.67 inch) Display,50MP + 8MP + 2MP | 20MP Front Camera,,https://www.flipkart.com/redmi-note-14-pro-5g-phantom-purple-128-gb/p/itm124f940049e20?pid=MOBH8BW3UYHZZEHZ&lid=LSTMOBH8BW3UYHZZEHZYPSGQR&marketplace=FLIPKART&q=smart+phones&store=tyy%2F4io&srno=s_38_899&otracker=search&fm=organic&iid=7db5f7cd-e59e-4c76-b04d-cbd463f36ac9.MOBH8BW3UYHZZEHZ.SEARCH&ppt=None&ppn=None&ssid=5aprfyv3ds0000001790935150530&qH=a5594894156db043&ov_redirect=true,2026-10-02
900,"realme GT 8 Pro (Diary White, 256 GB)",realme,72999,79999,8% off,4.3,136,18,12 GB RAM,256 GB ROM,7000 mAh Battery,8 Elite Gen 5 Processor,17.25 cm (6.79 inch) Quad HD+ Display,50MP + 50MP + 200MP | 32MP Front Camera,,https://www.flipkart.com/realme-gt-8-pro-diary-white-256-gb/p/itm78c31e0a1941f?pid=MOBHHEYXZYZUHGXQ&lid=LSTMOBHHEYXZYZUHGXQTM2M0W&marketplace=FLIPKART&q=smart+phones&store=tyy%2F4io&srno=s_38_900&otracker=search&fm=organic&iid=7db5f7cd-e59e-4c76-b04d-cbd463f36ac9.MOBHHEYXZYZUHGXQ.SEARCH&ppt=None&ppn=None&ssid=5aprfyv3ds0000001790935150530&qH=a5594894156db043&ov_redirect=true,2026-10-02
901,"realme GT 8 Pro (Urban Blue, 256 GB)",realme,72999,79999,8% off,4.3,136,18,12 GB RAM,256 GB ROM,7000 mAh Battery,8 Elite Gen 5 Processor,17.25 cm (6.79 inch) Quad HD+ Display,50MP + 50MP + 200MP | 32MP Front Camera,,https://www.flipkart.com/realme-gt-8-pro-urban-blue-256-gb/p/itm78c31e0a1941f?pid=MOBHHEYXP2KTVXSW&lid=LSTMOBHHEYXP2KTVXSWOLU8BX&marketplace=FLIPKART&q=smart+phones&store=tyy%2F4io&srno=s_38_901&otracker=search&fm=organic&iid=7db5f7cd-e59e-4c76-b04d-cbd463f36ac9.MOBHHEYXP2KTVXSW.SEARCH&ppt=None&ppn=None&ssid=5aprfyv3ds0000001790935150530&qH=a5594894156db043&ov_redirect=true,2026-10-02
902,"Tecno Pova Curve 2 5G (Mystic Purple, 128 GB)",Tecno,31999,,,4.2,398,56,8 GB RAM,128 GB ROM,8000 mAh Lithium Polymer Battery,,17.22 cm (6.78 inch) Full HD+ AMOLED Display,50MP + 2MP | 13MP Front Camera,,https://www.flipkart.com/tecno-pova-curve-2-5g-mystic-purple-128-gb/p/itm1160d6853298d?pid=MOBHK67SYBZBUMKW&lid=LSTMOBHK67SYBZBUMKWSRFJQI&marketplace=FLIPKART&q=smart+phones&store=tyy%2F4io&srno=s_38_902&otracker=search&fm=organic&iid=7db5f7cd-e59e-4c76-b04d-cbd463f36ac9.MOBHK67SYBZBUMKW.SEARCH&ppt=None&ppn=None&ssid=5aprfyv3ds0000001790935150530&qH=a5594894156db043&ov_redirect=true,2026-10-02
903,"Tecno Pova Curve 2 5G (Melting Silver, 128 GB)",Tecno,31999,,,4.2,398,56,8 GB RAM,128 GB ROM,8000 mAh Lithium Polymer Battery,,17.22 cm (6.78 inch) Full HD+ AMOLED Display,50MP + 2MP | 13MP Front Camera,,https://www.flipkart.com/tecno-pova-curve-2-5g-melting-silver-128-gb/p/itm1160d6853298d?pid=MOBHK67S4B7QR4ZG&lid=LSTMOBHK67S4B7QR4ZGEIKHUT&marketplace=FLIPKART&q=smart+phones&store=tyy%2F4io&srno=s_38_903&otracker=search&fm=organic&iid=7db5f7cd-e59e-4c76-b04d-cbd463f36ac9.MOBHK67S4B7QR4ZG.SEARCH&ppt=None&ppn=None&ssid=5aprfyv3ds0000001790935150530&qH=a5594894156db043&ov_redirect=true,2026-10-02
904,"Tecno Pova Curve 2 5G (Storm Titanium, 128 GB)",Tecno,31999,,,4.2,398,56,8 GB RAM,128 GB ROM,8000 mAh Lithium Polymer Battery,,17.22 cm (6.78 inch) Full HD+ AMOLED Display,50MP + 2MP | 13MP Front Camera,,https://www.flipkart.com/tecno-pova-curve-2-5g-storm-titanium-128-gb/p/itm1160d6853298d?pid=MOBHK67SJBVWVG4R&lid=LSTMOBHK67SJBVWVG4RT9H7MK&marketplace=FLIPKART&q=smart+phones&store=tyy%2F4io&srno=s_38_904&otracker=search&fm=organic&iid=7db5f7cd-e59e-4c76-b04d-cbd463f36ac9.MOBHK67SJBVWVG4R.SEARCH&ppt=None&ppn=None&ssid=5aprfyv3ds0000001790935150530&qH=a5594894156db043&ov_redirect=true,2026-10-02
905,"Samsung Galaxy A56 5G (Dark Blue, 128 GB)",Samsung,36490,49999,27% off,4.4,"1,062",82,8 GB RAM,128 GB ROM,5000 mAh Battery,Samsng Exynos 1580 Processor,17.02 cm (6.7 inch) Full HD+ Display,50MP + 12MP + 5MP | 12MP Front Camera,,https://www.flipkart.com/samsung-galaxy-a56-5g-dark-blue-128-gb/p/itmee04eb4586b5a?pid=MOBHQBE6G85PXAYG&lid=LSTMOBHQBE6G85PXAYGB0K3E5&marketplace=FLIPKART&q=smart+phones&store=tyy%2F4io&srno=s_38_905&otracker=search&fm=organic&iid=7db5f7cd-e59e-4c76-b04d-cbd463f36ac9.MOBHQBE6G85PXAYG.SEARCH&ppt=None&ppn=None&ssid=5aprfyv3ds0000001790935150530&qH=a5594894156db043&ov_redirect=true,2026-10-02
906,"realme 16 Pro 5G (Pebble Grey, 256 GB)",realme,49999,,,4.4,877,86,12 GB RAM,256 GB ROM,7000 mAh Battery,Dimensity 7300 Max Processor,17.22 cm (6.78 inch) Full HD+ Display,200MP + 8MP | 50MP Front Camera,,https://www.flipkart.com/realme-16-pro-5g-pebble-grey-256-gb/p/itm0f32797c10002?pid=MOBHM8GZHSAGJEVG&lid=LSTMOBHM8GZHSAGJEVGNOVZTO&marketplace=FLIPKART&q=smart+phones&store=tyy%2F4io&srno=s_38_906&otracker=search&fm=organic&iid=7db5f7cd-e59e-4c76-b04d-cbd463f36ac9.MOBHM8GZHSAGJEVG.SEARCH&ppt=None&ppn=None&ssid=5aprfyv3ds0000001790935150530&qH=a5594894156db043&ov_redirect=true,2026-10-02
907,"realme 16 Pro 5G (Master Gold, 256 GB)",realme,46999,,,4.3,"2,835",291,8 GB RAM,256 GB ROM,7000 mAh Battery,Dimensity 7300 Max Processor,17.22 cm (6.78 inch) Full HD+ Display,200MP + 8MP | 50MP Front Camera,,https://www.flipkart.com/realme-16-pro-5g-master-gold-256-gb/p/itm0f32797c10002?pid=MOBHM8GZWJHDBRFQ&lid=LSTMOBHM8GZWJHDBRFQDIN4E2&marketplace=FLIPKART&q=smart+phones&store=tyy%2F4io&srno=s_38_907&otracker=search&fm=organic&iid=7db5f7cd-e59e-4c76-b04d-cbd463f36ac9.MOBHM8GZWJHDBRFQ.SEARCH&ppt=None&ppn=None&ssid=5aprfyv3ds0000001790935150530&qH=a5594894156db043&ov_redirect=true,2026-10-02
908,"Samsung Galaxy S25 FE 5G (White, 128 GB)",Samsung,46999,89999,47% off,4.6,"3,668",597,8 GB RAM,128 GB ROM,4900 mAh Li-ion Battery,Exynos 2400 Processor,17.02 cm (6.7 inch) Full HD+ Display,50MP + 12MP + 8MP | 12MP Front Camera,,https://www.flipkart.com/samsung-galaxy-s25-fe-5g-white-128-gb/p/itm911a54e4f1cc1?pid=MOBHQCH6BZMGXZ8J&lid=LSTMOBHQCH6BZMGXZ8JUQ67X8&marketplace=FLIPKART&q=smart+phones&store=tyy%2F4io&srno=s_38_908&otracker=search&fm=organic&iid=7db5f7cd-e59e-4c76-b04d-cbd463f36ac9.MOBHQCH6BZMGXZ8J.SEARCH&ppt=None&ppn=None&ssid=5aprfyv3ds0000001790935150530&qH=a5594894156db043&ov_redirect=true,2026-10-02
909,"Samsung Galaxy A06 5G (Light Grey, 128 GB)",Samsung,17449,23999,27% off,4.1,"5,014",378,4 GB RAM,128 GB ROM,5000 mAh Li-ion Battery,Dimensity 6300 Processor,17.02 cm (6.7 inch) HD+ Display,50MP + 2MP | 8MP Front Camera,,https://www.flipkart.com/samsung-galaxy-a06-5g-light-grey-128-gb/p/itm0b99fc0b9ddf7?pid=MOBH9GQKDXEH5R6K&lid=LSTMOBH9GQKDXEH5R6KKLQIXW&marketplace=FLIPKART&q=smart+phones&store=tyy%2F4io&srno=s_38_909&otracker=search&fm=organic&iid=7db5f7cd-e59e-4c76-b04d-cbd463f36ac9.MOBH9GQKDXEH5R6K.SEARCH&ppt=None&ppn=None&ssid=5aprfyv3ds0000001790935150530&qH=a5594894156db043&ov_redirect=true,2026-10-02
910,"Ai+ Pulse 1 (Pink, 128 GB)",Ai+,9999,,,4,"10,275",755,6 GB RAM,128 GB ROM,5000 mAh Battery,T615 Processor,17.13 cm (6.745 inch) HD+ Display,50MP Rear Camera | 5MP Front Camera,,https://www.flipkart.com/ai-pulse-1-pink-128-gb/p/itm59fce108ef185?pid=MOBHDDQXGZ32NW82&lid=LSTMOBHDDQXGZ32NW82LMH4FV&marketplace=FLIPKART&q=smart+phones&store=tyy%2F4io&srno=s_38_910&otracker=search&fm=organic&iid=7db5f7cd-e59e-4c76-b04d-cbd463f36ac9.MOBHDDQXGZ32NW82.SEARCH&ppt=None&ppn=None&ssid=5aprfyv3ds0000001790935150530&qH=a5594894156db043&ov_redirect=true,2026-10-02
911,"Infinix NOTE 60 Pro (Deep Ocean Blue, 128 GB)",Infinix,35999,39999,10% off,4.4,"1,746",281,8 GB RAM,128 GB ROM,6500 mAh Battery,Snapdragon 7s Gen 4 Processor,17.22 cm (6.78 inch) Full HD+ AMOLED Display,50MP + 8MP | 13MP Front Camera,,https://www.flipkart.com/infinix-note-60-pro-deep-ocean-blue-128-gb/p/itm7681d00923b3c?pid=MOBHHVE2FGFRZJFX&lid=LSTMOBHHVE2FGFRZJFXM4HDJ2&marketplace=FLIPKART&q=smart+phones&store=tyy%2F4io&srno=s_38_911&otracker=search&fm=organic&iid=7db5f7cd-e59e-4c76-b04d-cbd463f36ac9.MOBHHVE2FGFRZJFX.SEARCH&ppt=None&ppn=None&ssid=5aprfyv3ds0000001790935150530&qH=a5594894156db043&ov_redirect=true,2026-10-02
912,"REDMI Turbo 5 5G (Nitro Blue, 256 GB)",REDMI,44999,54999,18% off,4.4,85,10,8 GB RAM,256 GB ROM,7540 mAh Battery,,16.74 cm (6.59 inch) Display,50MP Rear Camera,,https://www.flipkart.com/redmi-turbo-5-5g-nitro-blue-256-gb/p/itmd8266664918ee?pid=MOBHZHQEGZJFKXRX&lid=LSTMOBHZHQEGZJFKXRX48I4ZK&marketplace=FLIPKART&q=smart+phones&store=tyy%2F4io&srno=s_38_912&otracker=search&fm=organic&iid=7db5f7cd-e59e-4c76-b04d-cbd463f36ac9.MOBHZHQEGZJFKXRX.SEARCH&ppt=None&ppn=None&ssid=5aprfyv3ds0000001790935150530&qH=a5594894156db043&ov_redirect=true,2026-10-02
913,"Tecno Spark 50 5G (Ink Black, 128 GB)",Tecno,21499,31999,32% off,4,129,16,6 GB RAM,128 GB ROM,6500 mAh Lithium Polymer Battery,Dimensity 6400 Processor,17.22 cm (6.78 inch) Display,50MP Rear Camera | 8MP Front Camera,,https://www.flipkart.com/tecno-spark-50-5g-ink-black-128-gb/p/itmb3923bf4ff9a6?pid=MOBHHH5TTKP7QEEA&lid=LSTMOBHHH5TTKP7QEEAMQCYO2&marketplace=FLIPKART&q=smart+phones&store=tyy%2F4io&srno=s_39_913&otracker=search&fm=organic&iid=3abc4701-3ad5-4e2c-85c9-18de30b48b0a.MOBHHH5TTKP7QEEA.SEARCH&ppt=None&ppn=None&ssid=6mvjrizsds0000001790935153244&qH=a5594894156db043&ov_redirect=true,2026-10-02
914,"MOTOROLA Edge 70 Max (PANTONE Dark Shadow, 256 GB)",MOTOROLA,59999,94999,36% off,4.2,77,24,12 GB RAM,256 GB ROM,7100 mAh Silicon-Carbon Battery,Snapdragon 8 Gen 5 Processor,17.27 cm (6.8 inch) Quad HD+ Display,50MP + 8MP | 32MP Front Camera,,https://www.flipkart.com/motorola-edge-70-max-pantone-dark-shadow-256-gb/p/itma23e20d630c2e?pid=MOBHMJQAYAZXSN6K&lid=LSTMOBHMJQAYAZXSN6KEYAZIX&marketplace=FLIPKART&q=smart+phones&store=tyy%2F4io&srno=s_39_914&otracker=search&fm=organic&iid=3abc4701-3ad5-4e2c-85c9-18de30b48b0a.MOBHMJQAYAZXSN6K.SEARCH&ppt=None&ppn=None&ssid=6mvjrizsds0000001790935153244&qH=a5594894156db043&ov_redirect=true,2026-10-02
915,"realme 15T 5G (Flowing Silver, 256 GB)",realme,29999,33999,11% off,4.2,"6,631",583,8 GB RAM,256 GB ROM,7000 mAh Battery,MediaTek Dimensity 6400 MAX Processor,16.69 cm (6.57 inch) Full HD Display,50MP + 2MP | 50MP Front Camera,,https://www.flipkart.com/realme-15t-5g-flowing-silver-256-gb/p/itm3f28d98da183c?pid=MOBHHY7VCHKVYDDZ&lid=LSTMOBHHY7VCHKVYDDZW4R3J0&marketplace=FLIPKART&q=smart+phones&store=tyy%2F4io&srno=s_39_915&otracker=search&fm=organic&iid=3abc4701-3ad5-4e2c-85c9-18de30b48b0a.MOBHHY7VCHKVYDDZ.SEARCH&ppt=None&ppn=None&ssid=6mvjrizsds0000001790935153244&qH=a5594894156db043&ov_redirect=true,2026-10-02
916,"realme 15T 5G (Flowing Silver, 128 GB)",realme,27999,31999,12% off,4.2,"6,631",583,8 GB RAM,128 GB ROM,7000 mAh Battery,MediaTek Dimensity 6400 MAX Processor,16.69 cm (6.57 inch) Full HD Display,50MP + 2MP | 50MP Front Camera,,https://www.flipkart.com/realme-15t-5g-flowing-silver-128-gb/p/itm3f28d98da183c?pid=MOBHHY7VYVHQUFPA&lid=LSTMOBHHY7VYVHQUFPA5WHH28&marketplace=FLIPKART&q=smart+phones&store=tyy%2F4io&srno=s_39_916&otracker=search&fm=organic&iid=3abc4701-3ad5-4e2c-85c9-18de30b48b0a.MOBHHY7VYVHQUFPA.SEARCH&ppt=None&ppn=None&ssid=6mvjrizsds0000001790935153244&qH=a5594894156db043&ov_redirect=true,2026-10-02
917,"BOLTT EVO (Midnight Black, 64 GB)",BOLTT,9999,17999,44% off,4.4,"1,327",695,4 GB RAM,64 GB ROM,6000 mAh Lithium ion Battery,T7250 Processor,6.79'' HD+ punch hole display,50MP + 2MP | 8MP Front Camera,,https://www.flipkart.com/boltt-evo-midnight-black-64-gb/p/itmf046d663a1fd7?pid=MOBHPP597GB8ZHTY&lid=LSTMOBHPP597GB8ZHTYGYX70A&marketplace=FLIPKART&q=smart+phones&store=tyy%2F4io&srno=s_39_917&otracker=search&fm=organic&iid=en_-qZPhpne8e9ApoZsaQhfog9vPXAcWbRG4ZlvqlzGgTxiIMvA8UwTMEf1Y1fUDy_Ks7qCwkzzZfXNJUlojOr5SpZk_zxnXKMiUj2SaFo9m-OJyNUyh3kulSFdXN7CJsGS&ppt=None&ppn=None&ssid=6mvjrizsds0000001790935153244&qH=a5594894156db043&ov_redirect=true,2026-10-02
918,"BOLTT EVO (Berry Red, 128 GB)",BOLTT,11499,18999,39% off,4,"1,804",873,6 GB RAM,128 GB ROM,6000 mAh Lithium ion Battery,T7250 Processor,6.79'' HD+ punch hole display,50MP + 2MP | 8MP Front Camera,,https://www.flipkart.com/boltt-evo-berry-red-128-gb/p/itmf046d663a1fd7?pid=MOBHPP59TUYYPWP5&lid=LSTMOBHPP59TUYYPWP5U7J1VB&marketplace=FLIPKART&q=smart+phones&store=tyy%2F4io&srno=s_39_918&otracker=search&fm=organic&iid=en_-qZPhpne8e9ApoZsaQhfog9vPXAcWbRG4ZlvqlzGgTztwhvoH9tyQl_maJh-NAy8536Q4P5J64sMnJmf8X-4YpZk_zxnXKMiUj2SaFo9m-OJyNUyh3kulSFdXN7CJsGS&ppt=None&ppn=None&ssid=6mvjrizsds0000001790935153244&qH=a5594894156db043&ov_redirect=true,2026-10-02
919,"REDMI Turbo 5 5G (Turbo White, 256 GB)",REDMI,47890,57999,17% off,4.8,27,6,12 GB RAM,256 GB ROM,7540 mAh Battery,,16.74 cm (6.59 inch) Display,50MP Rear Camera,,https://www.flipkart.com/redmi-turbo-5-5g-turbo-white-256-gb/p/itmd8266664918ee?pid=MOBHZHQDFYJ2YYQU&lid=LSTMOBHZHQDFYJ2YYQU9EIX8G&marketplace=FLIPKART&q=smart+phones&store=tyy%2F4io&srno=s_39_919&otracker=search&fm=organic&iid=3abc4701-3ad5-4e2c-85c9-18de30b48b0a.MOBHZHQDFYJ2YYQU.SEARCH&ppt=None&ppn=None&ssid=6mvjrizsds0000001790935153244&qH=a5594894156db043&ov_redirect=true,2026-10-02
920,"IQOO Z11X 5G (Prismatic Green, 128 GB)",IQOO,28730,30999,7% off,4.3,"1,590",121,8 GB RAM,128 GB ROM,7200 mAh Battery,MediaTek Dimensity 7400-Turbo Processor,17.17 cm (6.76 inch) HD+ Display,50MP + 50MP | 32MP Dual Front Camera,,https://www.flipkart.com/iqoo-z11x-5g-prismatic-green-128-gb/p/itm8278ba39f21e3?pid=MOBHHHHHVGQUFAUG&lid=LSTMOBHHHHHVGQUFAUGD9KQEF&marketplace=FLIPKART&q=smart+phones&store=tyy%2F4io&srno=s_39_920&otracker=search&fm=organic&iid=3abc4701-3ad5-4e2c-85c9-18de30b48b0a.MOBHHHHHVGQUFAUG.SEARCH&ppt=None&ppn=None&ssid=6mvjrizsds0000001790935153244&qH=a5594894156db043&ov_redirect=true,2026-10-02
921,"Nothing Phone (4b) (White, 256 GB)",Nothing,40999,59999,31% off,4.3,"1,841",179,8 GB RAM,256 GB ROM,6000 mAh Lithium ion Battery,6 Gen 4 Processor,17.2 cm (6.77 inch) Full HD+ AMOLED Display,50MP + 8MP | 16MP Front Camera,,https://www.flipkart.com/nothing-phone-4b-white-256-gb/p/itm939608b40adbb?pid=MOBHZMBD5MZZDUYA&lid=LSTMOBHZMBD5MZZDUYAIWDKYR&marketplace=FLIPKART&q=smart+phones&store=tyy%2F4io&srno=s_39_921&otracker=search&fm=organic&iid=en_-qZPhpne8e9ApoZsaQhfog9vPXAcWbRG4ZlvqlzGgTyPDdrZCsLgd7vLRpPVqbji7muq75qMORP5m1GATJhVOlQOgTQdsBk_Vf1d789BDsieLVCwAKBbYfo2I0JZ0Lpz&ppt=None&ppn=None&ssid=6mvjrizsds0000001790935153244&qH=a5594894156db043&ov_redirect=true,2026-10-02
922,"OPPO Reno15c 5G (Afterglow Pink, 256 GB)",OPPO,44999,46999,4% off,4.3,241,30,12 GB RAM,256 GB ROM,7000 mAh Battery,6 Gen 1 Processor,16.69 cm (6.57 inch) Full HD+ Display,,,https://www.flipkart.com/oppo-reno15c-5g-afterglow-pink-256-gb/p/itmc54a5df4d2236?pid=MOBHGZZ9K3UDGQTE&lid=LSTMOBHGZZ9K3UDGQTEFZEOIK&marketplace=FLIPKART&q=smart+phones&store=tyy%2F4io&srno=s_39_922&otracker=search&fm=organic&iid=3abc4701-3ad5-4e2c-85c9-18de30b48b0a.MOBHGZZ9K3UDGQTE.SEARCH&ppt=None&ppn=None&ssid=6mvjrizsds0000001790935153244&qH=a5594894156db043&ov_redirect=true,2026-10-02
923,"Alcatel V3 Ultra 5G (Hyper Blue, 128 GB)",Alcatel,18490,27999,33% off,3.7,462,61,6 GB RAM,128 GB ROM,5010 mAh Battery,Dimensity 6300 Processor,17.22 cm (6.78 inch) Full HD+ Display,108MP + 8MP + 2MP | 32MP Front Camera,,https://www.flipkart.com/alcatel-v3-ultra-5g-hyper-blue-128-gb/p/itm6b040ff5b5756?pid=MOBHBH2GBTMFGMDG&lid=LSTMOBHBH2GBTMFGMDGULAI2B&marketplace=FLIPKART&q=smart+phones&store=tyy%2F4io&srno=s_39_923&otracker=search&fm=organic&iid=3abc4701-3ad5-4e2c-85c9-18de30b48b0a.MOBHBH2GBTMFGMDG.SEARCH&ppt=None&ppn=None&ssid=6mvjrizsds0000001790935153244&qH=a5594894156db043&ov_redirect=true,2026-10-02
924,"IQOO Z11 Lite 5G (Solar Flame, 256 GB)",IQOO,26799,42499,36% off,3.9,85,8,6 GB RAM,256 GB ROM,6500 mAh Battery,Mediatek Dimensity 6300 Processor,17.12 cm (6.74 inch) Display,50MP Rear Camera,,https://www.flipkart.com/iqoo-z11-lite-5g-solar-flame-256-gb/p/itme91a3869fd433?pid=MOBHPJZ7GPRGJYQ7&lid=LSTMOBHPJZ7GPRGJYQ7Q1KGKA&marketplace=FLIPKART&q=smart+phones&store=tyy%2F4io&srno=s_39_924&otracker=search&fm=organic&iid=3abc4701-3ad5-4e2c-85c9-18de30b48b0a.MOBHPJZ7GPRGJYQ7.SEARCH&ppt=None&ppn=None&ssid=6mvjrizsds0000001790935153244&qH=a5594894156db043&ov_redirect=true,2026-10-02
925,"REDMI 15A (Ace Black, 128 GB)",REDMI,20499,30999,33% off,4,205,21,6 GB RAM,128 GB ROM,6300 mAh Lithium-Ion Polymer Battery,T8300 Processor,17.53 cm (6.9 inch) Display,32MP Rear Camera | 8MP Front Camera,,https://www.flipkart.com/redmi-15a-ace-black-128-gb/p/itm1bc46e3024833?pid=MOBHPDZDRARZB4HH&lid=LSTMOBHPDZDRARZB4HHNQGDFK&marketplace=FLIPKART&q=smart+phones&store=tyy%2F4io&srno=s_39_925&otracker=search&fm=organic&iid=3abc4701-3ad5-4e2c-85c9-18de30b48b0a.MOBHPDZDRARZB4HH.SEARCH&ppt=None&ppn=None&ssid=6mvjrizsds0000001790935153244&qH=a5594894156db043&ov_redirect=true,2026-10-02
926,"IQOO Z11X 5G (‎Titan Black, 128 GB)",IQOO,29900,30999,3% off,4.3,"1,590",121,8 GB RAM,128 GB ROM,7200 mAh Battery,MediaTek Dimensity 7400-Turbo Processor,17.17 cm (6.76 inch) HD+ Display,50MP + 50MP | 32MP Dual Front Camera,,https://www.flipkart.com/iqoo-z11x-5g-titan-black-128-gb/p/itm8278ba39f21e3?pid=MOBHHHG8FSHEWPZE&lid=LSTMOBHHHG8FSHEWPZEGBIW8S&marketplace=FLIPKART&q=smart+phones&store=tyy%2F4io&srno=s_39_926&otracker=search&fm=organic&iid=3abc4701-3ad5-4e2c-85c9-18de30b48b0a.MOBHHHG8FSHEWPZE.SEARCH&ppt=None&ppn=None&ssid=6mvjrizsds0000001790935153244&qH=a5594894156db043&ov_redirect=true,2026-10-02
927,"IQOO Z11X 5G (‎Prismatic Green, 128 GB)",IQOO,28000,28999,3% off,4.3,"1,198",93,6 GB RAM,128 GB ROM,7200 mAh Battery,MediaTek Dimensity 7400-Turbo Processor,17.17 cm (6.76 inch) HD+ Display,50MP + 50MP | 32MP Dual Front Camera,,https://www.flipkart.com/iqoo-z11x-5g-prismatic-green-128-gb/p/itm8278ba39f21e3?pid=MOBHHHHGXWGFFYPM&lid=LSTMOBHHHHGXWGFFYPMQNO0HC&marketplace=FLIPKART&q=smart+phones&store=tyy%2F4io&srno=s_39_927&otracker=search&fm=organic&iid=3abc4701-3ad5-4e2c-85c9-18de30b48b0a.MOBHHHHGXWGFFYPM.SEARCH&ppt=None&ppn=None&ssid=6mvjrizsds0000001790935153244&qH=a5594894156db043&ov_redirect=true,2026-10-02
928,"Samsung Galaxy A57 5G (Awesome Navy, 256 GB)",Samsung,58999,,,4.5,119,27,8 GB RAM,256 GB ROM,5000 mAh Li-ion Battery,Exynos 1680 Processor,17.02 cm (6.7 inch) Full HD+ Super AMOLED Display,50MP + 12MP | 12MP Front Camera,,https://www.flipkart.com/samsung-galaxy-a57-5g-awesome-navy-256-gb/p/itm0a21d467664e9?pid=MOBHHENSQGDADRCW&lid=LSTMOBHHENSQGDADRCWZLM3WP&marketplace=FLIPKART&q=smart+phones&store=tyy%2F4io&srno=s_39_928&otracker=search&fm=organic&iid=3abc4701-3ad5-4e2c-85c9-18de30b48b0a.MOBHHENSQGDADRCW.SEARCH&ppt=None&ppn=None&ssid=6mvjrizsds0000001790935153244&qH=a5594894156db043&ov_redirect=true,2026-10-02
929,"Samsung Galaxy A57 5G (Awesome Lilac, 256 GB)",Samsung,58999,,,4.5,119,27,8 GB RAM,256 GB ROM,5000 mAh Li-ion Battery,Exynos 1680 Processor,17.02 cm (6.7 inch) Full HD+ Super AMOLED Display,50MP + 12MP | 12MP Front Camera,,https://www.flipkart.com/samsung-galaxy-a57-5g-awesome-lilac-256-gb/p/itm0a21d467664e9?pid=MOBHHENSDCKUNWCT&lid=LSTMOBHHENSDCKUNWCT9QNPOE&marketplace=FLIPKART&q=smart+phones&store=tyy%2F4io&srno=s_39_929&otracker=search&fm=organic&iid=3abc4701-3ad5-4e2c-85c9-18de30b48b0a.MOBHHENSDCKUNWCT.SEARCH&ppt=None&ppn=None&ssid=6mvjrizsds0000001790935153244&qH=a5594894156db043&ov_redirect=true,2026-10-02
930,"Samsung Galaxy A57 5G (Awesome Icyblue, 256 GB)",Samsung,58999,,,4.5,119,27,8 GB RAM,256 GB ROM,5000 mAh Li-ion Battery,Exynos 1680 Processor,17.02 cm (6.7 inch) Full HD+ Super AMOLED Display,50MP + 12MP | 12MP Front Camera,,https://www.flipkart.com/samsung-galaxy-a57-5g-awesome-icyblue-256-gb/p/itm0a21d467664e9?pid=MOBHHENSTHHGNJZN&lid=LSTMOBHHENSTHHGNJZNTF4A9R&marketplace=FLIPKART&q=smart+phones&store=tyy%2F4io&srno=s_39_930&otracker=search&fm=organic&iid=3abc4701-3ad5-4e2c-85c9-18de30b48b0a.MOBHHENSTHHGNJZN.SEARCH&ppt=None&ppn=None&ssid=6mvjrizsds0000001790935153244&qH=a5594894156db043&ov_redirect=true,2026-10-02
931,"OPPO Reno16 5G (Twilight Violet, 256 GB)",OPPO,66999,89999,25% off,4.5,188,44,8 GB RAM,256 GB ROM,6700 mAh lithium-ion polymer Battery,7 Gen 4 Processor,16.05 cm (6.32 inch) Full HD+ Display,50MP + 50MP + 50MP | 50MP Front Camera,,https://www.flipkart.com/oppo-reno16-5g-twilight-violet-256-gb/p/itmeedd96ac4e26f?pid=MOBHZMBRUXGP4JEU&lid=LSTMOBHZMBRUXGP4JEUOKY8XA&marketplace=FLIPKART&q=smart+phones&store=tyy%2F4io&srno=s_39_931&otracker=search&fm=organic&iid=3abc4701-3ad5-4e2c-85c9-18de30b48b0a.MOBHZMBRUXGP4JEU.SEARCH&ppt=None&ppn=None&ssid=6mvjrizsds0000001790935153244&qH=a5594894156db043&ov_redirect=true,2026-10-02
932,"OPPO Reno16 5G (Stellar Purple, 256 GB)",OPPO,66999,89999,25% off,4.5,188,44,8 GB RAM,256 GB ROM,6700 mAh lithium-ion polymer Battery,7 Gen 4 Processor,16.05 cm (6.32 inch) Full HD+ Display,50MP + 50MP + 50MP | 50MP Front Camera,,https://www.flipkart.com/oppo-reno16-5g-stellar-purple-256-gb/p/itmeedd96ac4e26f?pid=MOBHZMBRBETH2USJ&lid=LSTMOBHZMBRBETH2USJ49LXBG&marketplace=FLIPKART&q=smart+phones&store=tyy%2F4io&srno=s_39_932&otracker=search&fm=organic&iid=3abc4701-3ad5-4e2c-85c9-18de30b48b0a.MOBHZMBRBETH2USJ.SEARCH&ppt=None&ppn=None&ssid=6mvjrizsds0000001790935153244&qH=a5594894156db043&ov_redirect=true,2026-10-02
933,"OPPO Reno16 5G (Starry White, 256 GB)",OPPO,66999,89999,25% off,4.5,188,44,8 GB RAM,256 GB ROM,6700 mAh lithium-ion polymer Battery,7 Gen 4 Processor,16.05 cm (6.32 inch) Full HD+ Display,50MP + 50MP + 50MP | 50MP Front Camera,,https://www.flipkart.com/oppo-reno16-5g-starry-white-256-gb/p/itmeedd96ac4e26f?pid=MOBHZMBRFYYSGE2Y&lid=LSTMOBHZMBRFYYSGE2YFMFUAF&marketplace=FLIPKART&q=smart+phones&store=tyy%2F4io&srno=s_39_933&otracker=search&fm=organic&iid=3abc4701-3ad5-4e2c-85c9-18de30b48b0a.MOBHZMBRFYYSGE2Y.SEARCH&ppt=None&ppn=None&ssid=6mvjrizsds0000001790935153244&qH=a5594894156db043&ov_redirect=true,2026-10-02
934,"POCO X8 Pro (Black, 256 GB)",POCO,42999,52999,18% off,4.4,"1,240",206,12 GB RAM,256 GB ROM,6500 mAh Lithium-Ion Polymer With Silicon Carbon Technology Battery,Dimensity 8500-Ultra Processor,16.74 cm (6.59 inch) Full HD+ AMOLED Display,50MP + 8MP | 20MP Front Camera,,https://www.flipkart.com/poco-x8-pro-black-256-gb/p/itm782e626602a77?pid=MOBHMGG5SJRAADHF&lid=LSTMOBHMGG5SJRAADHFSAGNRE&marketplace=FLIPKART&q=smart+phones&store=tyy%2F4io&srno=s_39_934&otracker=search&fm=organic&iid=3abc4701-3ad5-4e2c-85c9-18de30b48b0a.MOBHMGG5SJRAADHF.SEARCH&ppt=None&ppn=None&ssid=6mvjrizsds0000001790935153244&qH=a5594894156db043&ov_redirect=true,2026-10-02
935,"Samsung Galaxy S25 FE 5G (Navy, 256 GB)",Samsung,52999,99999,47% off,4.6,"3,668",597,8 GB RAM,256 GB ROM,4900 mAh Li-ion Battery,Exynos 2400 Processor,17.02 cm (6.7 inch) Full HD+ Display,50MP + 12MP + 8MP | 12MP Front Camera,,https://www.flipkart.com/samsung-galaxy-s25-fe-5g-navy-256-gb/p/itm503112c94163d?pid=MOBHQCH6K8GSUZT2&lid=LSTMOBHQCH6K8GSUZT2LHOQ0Y&marketplace=FLIPKART&q=smart+phones&store=tyy%2F4io&srno=s_39_935&otracker=search&fm=organic&iid=3abc4701-3ad5-4e2c-85c9-18de30b48b0a.MOBHQCH6K8GSUZT2.SEARCH&ppt=None&ppn=None&ssid=6mvjrizsds0000001790935153244&qH=a5594894156db043&ov_redirect=true,2026-10-02
936,"vivo X300 FE (Lilac Purple, 512 GB)",vivo,99999,129999,23% off,4.6,432,60,12 GB RAM,512 GB ROM,6500 mAh Battery,Snapdragon 8 Gen 5 Processor,16.03 cm (6.31 inch) Full HD+ AMOLED Display,50MP + 50MP + 8MP | 50MP Front Camera,,https://www.flipkart.com/vivo-x300-fe-lilac-purple-512-gb/p/itm0c1929579cabb?pid=MOBHMKZ89GMYKBMG&lid=LSTMOBHMKZ89GMYKBMGNYB2IT&marketplace=FLIPKART&q=smart+phones&store=tyy%2F4io&srno=s_39_936&otracker=search&fm=organic&iid=3abc4701-3ad5-4e2c-85c9-18de30b48b0a.MOBHMKZ89GMYKBMG.SEARCH&ppt=None&ppn=None&ssid=6mvjrizsds0000001790935153244&qH=a5594894156db043&ov_redirect=true,2026-10-02
937,"BOLTT EVO (Arctic White, 128 GB)",BOLTT,11499,18999,39% off,4,"1,804",873,6 GB RAM,128 GB ROM,6000 mAh Lithium ion Battery,T7250 Processor,6.79'' HD+ punch hole display,50MP + 2MP | 8MP Front Camera,,https://www.flipkart.com/boltt-evo-arctic-white-128-gb/p/itmf046d663a1fd7?pid=MOBHPP59GKGTGZGA&lid=LSTMOBHPP59GKGTGZGAIEMNWG&marketplace=FLIPKART&q=smart+phones&store=tyy%2F4io&srno=s_40_937&otracker=search&fm=organic&iid=en_6duFsgOn2eLG_jqpbUEwC1Qdv6Eg5aCefxO4pUcMPJBgSwhRu8daYnXHbTQo3hC5ApXdqJ8g9gjPKgZjVdc9bpZk_zxnXKMiUj2SaFo9m-POWbgdgF-QVad_h2DoDOWu&ppt=None&ppn=None&ssid=zi0uxdo9lc0000001790935155978&qH=a5594894156db043&ov_redirect=true,2026-10-02
938,"BOLTT EVO (Berry Red, 64 GB)",BOLTT,9999,17999,44% off,4.4,"1,327",695,4 GB RAM,64 GB ROM,6000 mAh Lithium ion Battery,T7250 Processor,6.79'' HD+ punch hole display,50MP + 2MP | 8MP Front Camera,,https://www.flipkart.com/boltt-evo-berry-red-64-gb/p/itmf046d663a1fd7?pid=MOBHPP598ENKRGBY&lid=LSTMOBHPP598ENKRGBYC3QECN&marketplace=FLIPKART&q=smart+phones&store=tyy%2F4io&srno=s_40_938&otracker=search&fm=organic&iid=en_6duFsgOn2eLG_jqpbUEwC1Qdv6Eg5aCefxO4pUcMPJDQfxkWWhVwOq4eyGEBpPHRmCxeu8uCGyw6NBIvVnameZZk_zxnXKMiUj2SaFo9m-POWbgdgF-QVad_h2DoDOWu&ppt=None&ppn=None&ssid=zi0uxdo9lc0000001790935155978&qH=a5594894156db043&ov_redirect=true,2026-10-02
939,"Samsung Galaxy F34 5G (Mystic Green, 128 GB)",Samsung,25999,,,4.2,"16,197","1,213",8 GB RAM,128 GB ROM,6000 mAh Battery,Exynos 1280 Processor,16.51 cm (6.5 inch) Full HD+ Display,50MP (OIS) + 8MP + 2MP | 13MP Front Camera,,https://www.flipkart.com/samsung-galaxy-f34-5g-mystic-green-128-gb/p/itm2ce3011602d7b?pid=MOBGRZMYHHCWCAXG&lid=LSTMOBGRZMYHHCWCAXGZPMGCO&marketplace=FLIPKART&q=smart+phones&store=tyy%2F4io&srno=s_40_939&otracker=search&fm=organic&iid=5197a511-a460-4352-b95d-cfb4d85e2671.MOBGRZMYHHCWCAXG.SEARCH&ppt=None&ppn=None&ssid=zi0uxdo9lc0000001790935155978&qH=a5594894156db043&ov_redirect=true,2026-10-02
940,"Samsung Galaxy F17 5G (6GB Ram 128GB Storage) (Neo Black, 128 GB)",Samsung,22588,30999,27% off,4.6,19,2,6 GB RAM,128 GB ROM,5000 mAh Battery,,17.07 cm (6.72 inch) Display,50MP Rear Camera,,https://www.flipkart.com/samsung-galaxy-f17-5g-6gb-ram-128gb-storage-neo-black-128-gb/p/itm270fb18a8e90f?pid=MOBHKZWEMCRAYH7P&lid=LSTMOBHKZWEMCRAYH7PQGPBHC&marketplace=FLIPKART&q=smart+phones&store=tyy%2F4io&srno=s_40_940&otracker=search&fm=organic&iid=5197a511-a460-4352-b95d-cfb4d85e2671.MOBHKZWEMCRAYH7P.SEARCH&ppt=None&ppn=None&ssid=zi0uxdo9lc0000001790935155978&qH=a5594894156db043&ov_redirect=true,2026-10-02
941,"BOLTT EVO (Midnight Black, 64 GB)",BOLTT,9999,17999,44% off,4.4,"1,327",695,4 GB RAM,64 GB ROM,6000 mAh Lithium ion Battery,T7250 Processor,6.79'' HD+ punch hole display,50MP + 2MP | 8MP Front Camera,,https://www.flipkart.com/boltt-evo-midnight-black-64-gb/p/itmf046d663a1fd7?pid=MOBHPP597GB8ZHTY&lid=LSTMOBHPP597GB8ZHTYGYX70A&marketplace=FLIPKART&q=smart+phones&store=tyy%2F4io&srno=s_40_941&otracker=search&fm=organic&iid=en_6duFsgOn2eLG_jqpbUEwC1Qdv6Eg5aCefxO4pUcMPJD04LbGqEEGFiXgkxelY9SKmFcmDxdFnAg2HDILUSFuRZZk_zxnXKMiUj2SaFo9m-POWbgdgF-QVad_h2DoDOWu&ppt=None&ppn=None&ssid=zi0uxdo9lc0000001790935155978&qH=a5594894156db043&ov_redirect=true,2026-10-02
942,"BOLTT EVO (Lavender Bloom, 64 GB)",BOLTT,9999,17999,44% off,4.4,"1,327",695,4 GB RAM,64 GB ROM,6000 mAh Lithium ion Battery,T7250 Processor,6.79'' HD+ punch hole display,50MP + 2MP | 8MP Front Camera,,https://www.flipkart.com/boltt-evo-lavender-bloom-64-gb/p/itmf046d663a1fd7?pid=MOBHPP59AEJZHCVZ&lid=LSTMOBHPP59AEJZHCVZQQSXMU&marketplace=FLIPKART&q=smart+phones&store=tyy%2F4io&srno=s_40_942&otracker=search&fm=organic&iid=en_6duFsgOn2eLG_jqpbUEwC1Qdv6Eg5aCefxO4pUcMPJBYV1Cr6zh0RDljHX76Zq-u7xbDZ0DH1NrYuR9fFRym_pZk_zxnXKMiUj2SaFo9m-POWbgdgF-QVad_h2DoDOWu&ppt=None&ppn=None&ssid=zi0uxdo9lc0000001790935155978&qH=a5594894156db043&ov_redirect=true,2026-10-02
943,"OPPO Reno16 5G (Twilight Violet, 256 GB)",OPPO,66999,89999,25% off,4.5,188,44,8 GB RAM,256 GB ROM,6700 mAh lithium-ion polymer Battery,7 Gen 4 Processor,16.05 cm (6.32 inch) Full HD+ Display,50MP + 50MP + 50MP | 50MP Front Camera,,https://www.flipkart.com/oppo-reno16-5g-twilight-violet-256-gb/p/itmeedd96ac4e26f?pid=MOBHZMBRUXGP4JEU&lid=LSTMOBHZMBRUXGP4JEUOKY8XA&marketplace=FLIPKART&q=smart+phones&store=tyy%2F4io&srno=s_40_943&otracker=search&fm=organic&iid=5197a511-a460-4352-b95d-cfb4d85e2671.MOBHZMBRUXGP4JEU.SEARCH&ppt=None&ppn=None&ssid=zi0uxdo9lc0000001790935155978&qH=a5594894156db043&ov_redirect=true,2026-10-02
944,"OPPO Reno16 5G (Starry White, 256 GB)",OPPO,66999,89999,25% off,4.5,188,44,8 GB RAM,256 GB ROM,6700 mAh lithium-ion polymer Battery,7 Gen 4 Processor,16.05 cm (6.32 inch) Full HD+ Display,50MP + 50MP + 50MP | 50MP Front Camera,,https://www.flipkart.com/oppo-reno16-5g-starry-white-256-gb/p/itmeedd96ac4e26f?pid=MOBHZMBRFYYSGE2Y&lid=LSTMOBHZMBRFYYSGE2YFMFUAF&marketplace=FLIPKART&q=smart+phones&store=tyy%2F4io&srno=s_40_944&otracker=search&fm=organic&iid=5197a511-a460-4352-b95d-cfb4d85e2671.MOBHZMBRFYYSGE2Y.SEARCH&ppt=None&ppn=None&ssid=zi0uxdo9lc0000001790935155978&qH=a5594894156db043&ov_redirect=true,2026-10-02
945,"OPPO Reno16 5G (Stellar Purple, 256 GB)",OPPO,66999,89999,25% off,4.5,188,44,8 GB RAM,256 GB ROM,6700 mAh lithium-ion polymer Battery,7 Gen 4 Processor,16.05 cm (6.32 inch) Full HD+ Display,50MP + 50MP + 50MP | 50MP Front Camera,,https://www.flipkart.com/oppo-reno16-5g-stellar-purple-256-gb/p/itmeedd96ac4e26f?pid=MOBHZMBRBETH2USJ&lid=LSTMOBHZMBRBETH2USJ49LXBG&marketplace=FLIPKART&q=smart+phones&store=tyy%2F4io&srno=s_40_945&otracker=search&fm=organic&iid=5197a511-a460-4352-b95d-cfb4d85e2671.MOBHZMBRBETH2USJ.SEARCH&ppt=None&ppn=None&ssid=zi0uxdo9lc0000001790935155978&qH=a5594894156db043&ov_redirect=true,2026-10-02
946,"vivo V70 Elite (Authentic Black 2026, 256 GB)",vivo,66999,79999,16% off,4.5,"1,097",129,8 GB RAM,256 GB ROM,6500 mAh Li-ion battery Battery,Snapdragon 8s Gen 3 Processor,16.74 cm (6.59 inches) Full HD+ AMOLED Display,50MP + 50MP + 8MP | 50MP Front Camera,,https://www.flipkart.com/vivo-v70-elite-authentic-black-2026-256-gb/p/itmf8e28e33a9cd0?pid=MOBHZFFHZSHM39S2&lid=LSTMOBHZFFHZSHM39S2DOXQFL&marketplace=FLIPKART&q=smart+phones&store=tyy%2F4io&srno=s_40_946&otracker=search&fm=organic&iid=5197a511-a460-4352-b95d-cfb4d85e2671.MOBHZFFHZSHM39S2.SEARCH&ppt=None&ppn=None&ssid=zi0uxdo9lc0000001790935155978&qH=a5594894156db043&ov_redirect=true,2026-10-02
947,"BOLTT EVO (Midnight Black, 128 GB)",BOLTT,11499,18999,39% off,4,"1,804",873,6 GB RAM,128 GB ROM,6000 mAh Lithium ion Battery,T7250 Processor,6.79'' HD+ punch hole display,50MP + 2MP | 8MP Front Camera,,https://www.flipkart.com/boltt-evo-midnight-black-128-gb/p/itmf046d663a1fd7?pid=MOBHPP59RWHM2PJH&lid=LSTMOBHPP59RWHM2PJHUUF4AF&marketplace=FLIPKART&q=smart+phones&store=tyy%2F4io&srno=s_40_947&otracker=search&fm=organic&iid=en_6duFsgOn2eLG_jqpbUEwC1Qdv6Eg5aCefxO4pUcMPJDmtY6leAZBtq5EsLTV1_Vq-oHdKO3yYnYUN_r3HYwM1pZk_zxnXKMiUj2SaFo9m-POWbgdgF-QVad_h2DoDOWu&ppt=None&ppn=None&ssid=zi0uxdo9lc0000001790935155978&qH=a5594894156db043&ov_redirect=true,2026-10-02
948,"BOLTT EVO (Berry Red, 128 GB)",BOLTT,11499,18999,39% off,4,"1,804",873,6 GB RAM,128 GB ROM,6000 mAh Lithium ion Battery,T7250 Processor,6.79'' HD+ punch hole display,50MP + 2MP | 8MP Front Camera,,https://www.flipkart.com/boltt-evo-berry-red-128-gb/p/itmf046d663a1fd7?pid=MOBHPP59TUYYPWP5&lid=LSTMOBHPP59TUYYPWP5U7J1VB&marketplace=FLIPKART&q=smart+phones&store=tyy%2F4io&srno=s_40_948&otracker=search&fm=organic&iid=en_6duFsgOn2eLG_jqpbUEwC1Qdv6Eg5aCefxO4pUcMPJDJPthHWWbP5urakzzJq5p9vSppyrEH4LyH9lCiIfbYhZZk_zxnXKMiUj2SaFo9m-POWbgdgF-QVad_h2DoDOWu&ppt=None&ppn=None&ssid=zi0uxdo9lc0000001790935155978&qH=a5594894156db043&ov_redirect=true,2026-10-02
949,"Ai+ Nova 2 5G (Blue, 128 GB)",Ai+,14499,17499,17% off,4.2,"7,115",410,4 GB RAM,128 GB ROM,6000 mAh Battery,T8200 Processor,17.13 cm (6.745 inch) HD+ Display,50MP Rear Camera | 8MP Front Camera,,https://www.flipkart.com/ai-nova-2-5g-blue-128-gb/p/itmb8204f6c4e198?pid=MOBHZPMCMVUGFUCE&lid=LSTMOBHZPMCMVUGFUCE7GQTLP&marketplace=FLIPKART&q=smart+phones&store=tyy%2F4io&srno=s_40_949&otracker=search&fm=organic&iid=5197a511-a460-4352-b95d-cfb4d85e2671.MOBHZPMCMVUGFUCE.SEARCH&ppt=None&ppn=None&ssid=zi0uxdo9lc0000001790935155978&qH=a5594894156db043&ov_redirect=true,2026-10-02
950,"Samsung Galaxy A57 5G (Awesome Lilac, 256 GB)",Samsung,58999,,,4.5,119,27,8 GB RAM,256 GB ROM,5000 mAh Li-ion Battery,Exynos 1680 Processor,17.02 cm (6.7 inch) Full HD+ Super AMOLED Display,50MP + 12MP | 12MP Front Camera,,https://www.flipkart.com/samsung-galaxy-a57-5g-awesome-lilac-256-gb/p/itm0a21d467664e9?pid=MOBHHENSDCKUNWCT&lid=LSTMOBHHENSDCKUNWCT9QNPOE&marketplace=FLIPKART&q=smart+phones&store=tyy%2F4io&srno=s_40_950&otracker=search&fm=organic&iid=5197a511-a460-4352-b95d-cfb4d85e2671.MOBHHENSDCKUNWCT.SEARCH&ppt=None&ppn=None&ssid=zi0uxdo9lc0000001790935155978&qH=a5594894156db043&ov_redirect=true,2026-10-02
951,"BOLTT EVO (Sky Blue, 128 GB)",BOLTT,11499,18999,39% off,4,"1,804",873,6 GB RAM,128 GB ROM,6000 mAh Lithium ion Battery,T7250 Processor,6.79'' HD+ punch hole display,50MP + 2MP | 8MP Front Camera,,https://www.flipkart.com/boltt-evo-sky-blue-128-gb/p/itmf046d663a1fd7?pid=MOBHPP59ME6SPCZW&lid=LSTMOBHPP59ME6SPCZWUW9RP3&marketplace=FLIPKART&q=smart+phones&store=tyy%2F4io&srno=s_40_951&otracker=search&fm=organic&iid=en_6duFsgOn2eLG_jqpbUEwC1Qdv6Eg5aCefxO4pUcMPJBneGSiaQEqRpt3VP-4HcBO3P0mWBjXnv8TRqM4RAxjiJZk_zxnXKMiUj2SaFo9m-POWbgdgF-QVad_h2DoDOWu&ppt=None&ppn=None&ssid=zi0uxdo9lc0000001790935155978&qH=a5594894156db043&ov_redirect=true,2026-10-02
952,"Nothing Phone (4b) (White, 256 GB)",Nothing,40999,59999,31% off,4.3,"1,841",179,8 GB RAM,256 GB ROM,6000 mAh Lithium ion Battery,6 Gen 4 Processor,17.2 cm (6.77 inch) Full HD+ AMOLED Display,50MP + 8MP | 16MP Front Camera,,https://www.flipkart.com/nothing-phone-4b-white-256-gb/p/itm939608b40adbb?pid=MOBHZMBD5MZZDUYA&lid=LSTMOBHZMBD5MZZDUYAIWDKYR&marketplace=FLIPKART&q=smart+phones&store=tyy%2F4io&srno=s_40_952&otracker=search&fm=organic&iid=en_6duFsgOn2eLG_jqpbUEwC1Qdv6Eg5aCefxO4pUcMPJBjbaJYdGgjJq3Pf3JlO_-g7muq75qMORP5m1GATJhVOo4zosKAteXhOp7WzmYAPrd39qMmIOwyIU-JZcpvzwAy&ppt=None&ppn=None&ssid=zi0uxdo9lc0000001790935155978&qH=a5594894156db043&ov_redirect=true,2026-10-02
953,"Alcatel V3 Ultra 5G (Champagne Gold, 128 GB)",Alcatel,21999,29999,26% off,3.7,226,49,8 GB RAM,128 GB ROM,5010 mAh Battery,Dimensity 6300 Processor,17.22 cm (6.78 inch) Full HD+ Display,108MP + 8MP + 2MP | 32MP Front Camera,,https://www.flipkart.com/alcatel-v3-ultra-5g-champagne-gold-128-gb/p/itm6b040ff5b5756?pid=MOBHBH2GZHD9SKJA&lid=LSTMOBHBH2GZHD9SKJAVIJUOM&marketplace=FLIPKART&q=smart+phones&store=tyy%2F4io&srno=s_40_953&otracker=search&fm=organic&iid=5197a511-a460-4352-b95d-cfb4d85e2671.MOBHBH2GZHD9SKJA.SEARCH&ppt=None&ppn=None&ssid=zi0uxdo9lc0000001790935155978&qH=a5594894156db043&ov_redirect=true,2026-10-02
954,"realme GT 8 Pro (Urban Blue, 256 GB)",realme,72999,79999,8% off,4.3,136,18,12 GB RAM,256 GB ROM,7000 mAh Battery,8 Elite Gen 5 Processor,17.25 cm (6.79 inch) Quad HD+ Display,50MP + 50MP + 200MP | 32MP Front Camera,,https://www.flipkart.com/realme-gt-8-pro-urban-blue-256-gb/p/itm78c31e0a1941f?pid=MOBHHEYXP2KTVXSW&lid=LSTMOBHHEYXP2KTVXSWOLU8BX&marketplace=FLIPKART&q=smart+phones&store=tyy%2F4io&srno=s_40_954&otracker=search&fm=organic&iid=5197a511-a460-4352-b95d-cfb4d85e2671.MOBHHEYXP2KTVXSW.SEARCH&ppt=None&ppn=None&ssid=zi0uxdo9lc0000001790935155978&qH=a5594894156db043&ov_redirect=true,2026-10-02
955,"Samsung Galaxy A57 5G (Awesome Navy, 256 GB)",Samsung,58999,,,4.5,119,27,8 GB RAM,256 GB ROM,5000 mAh Li-ion Battery,Exynos 1680 Processor,17.02 cm (6.7 inch) Full HD+ Super AMOLED Display,50MP + 12MP | 12MP Front Camera,,https://www.flipkart.com/samsung-galaxy-a57-5g-awesome-navy-256-gb/p/itm0a21d467664e9?pid=MOBHHENSQGDADRCW&lid=LSTMOBHHENSQGDADRCWZLM3WP&marketplace=FLIPKART&q=smart+phones&store=tyy%2F4io&srno=s_40_955&otracker=search&fm=organic&iid=5197a511-a460-4352-b95d-cfb4d85e2671.MOBHHENSQGDADRCW.SEARCH&ppt=None&ppn=None&ssid=zi0uxdo9lc0000001790935155978&qH=a5594894156db043&ov_redirect=true,2026-10-02
956,"realme GT 8 Pro (Diary White, 256 GB)",realme,72999,79999,8% off,4.3,136,18,12 GB RAM,256 GB ROM,7000 mAh Battery,8 Elite Gen 5 Processor,17.25 cm (6.79 inch) Quad HD+ Display,50MP + 50MP + 200MP | 32MP Front Camera,,https://www.flipkart.com/realme-gt-8-pro-diary-white-256-gb/p/itm78c31e0a1941f?pid=MOBHHEYXZYZUHGXQ&lid=LSTMOBHHEYXZYZUHGXQTM2M0W&marketplace=FLIPKART&q=smart+phones&store=tyy%2F4io&srno=s_40_956&otracker=search&fm=organic&iid=5197a511-a460-4352-b95d-cfb4d85e2671.MOBHHEYXZYZUHGXQ.SEARCH&ppt=None&ppn=None&ssid=zi0uxdo9lc0000001790935155978&qH=a5594894156db043&ov_redirect=true,2026-10-02
957,"BOLTT EVO (Sky Blue, 64 GB)",BOLTT,9999,17999,44% off,4.4,"1,327",695,4 GB RAM,64 GB ROM,6000 mAh Lithium ion Battery,T7250 Processor,6.79'' HD+ punch hole display,50MP + 2MP | 8MP Front Camera,,https://www.flipkart.com/boltt-evo-sky-blue-64-gb/p/itmf046d663a1fd7?pid=MOBHPP59WKSV4FYG&lid=LSTMOBHPP59WKSV4FYGYPMLV6&marketplace=FLIPKART&q=smart+phones&store=tyy%2F4io&srno=s_40_957&otracker=search&fm=organic&iid=en_6duFsgOn2eLG_jqpbUEwC1Qdv6Eg5aCefxO4pUcMPJBw0j7V_i_DeAjRhX0UbmFWigicCniOwiXfyNr6i62vdZZk_zxnXKMiUj2SaFo9m-POWbgdgF-QVad_h2DoDOWu&ppt=None&ppn=None&ssid=zi0uxdo9lc0000001790935155978&qH=a5594894156db043&ov_redirect=true,2026-10-02
958,"Tecno Spark Go 3 (Ink Black, 64 GB)",Tecno,12499,15999,21% off,4.1,221,15,4 GB RAM,64 GB ROM,5000 mAh Lithium Polymer Battery,T7250 Processor,17.12 cm (6.74 inch) HD+ Display,13MP Rear Camera | 8MP Front Camera,,https://www.flipkart.com/tecno-spark-go-3-ink-black-64-gb/p/itma9c8f128a61c6?pid=MOBHP2QYCXZZE3CM&lid=LSTMOBHP2QYCXZZE3CMWW64IB&marketplace=FLIPKART&q=smart+phones&store=tyy%2F4io&srno=s_40_958&otracker=search&fm=organic&iid=en_6duFsgOn2eLG_jqpbUEwC1Qdv6Eg5aCefxO4pUcMPJBy97-MbM54zDKf9wWqHrBHobHia2qzOJRVmItQg11sFOigoP0JOmkRzy9ESpBEi3eMb79zpCbyib2RjQI1YdaB&ppt=None&ppn=None&ssid=zi0uxdo9lc0000001790935155978&qH=a5594894156db043&ov_redirect=true,2026-10-02
959,"Samsung Galaxy F36 5G (Black, 128 GB)",Samsung,22995,25499,9% off,4.3,"12,813","1,138",6 GB RAM,128 GB ROM,5000 mAh Battery,Samsung Exynos 1380 Processor,17.02 cm (6.7 inch) Full HD+ Display,50MP + 8MP + 2MP | 13MP Front Camera,,https://www.flipkart.com/samsung-galaxy-f36-5g-black-128-gb/p/itm62f87a31e8a50?pid=MOBHDFVTWJGWETBG&lid=LSTMOBHDFVTWJGWETBG4119AP&marketplace=FLIPKART&q=smart+phones&store=tyy%2F4io&srno=s_40_959&otracker=search&fm=organic&iid=5197a511-a460-4352-b95d-cfb4d85e2671.MOBHDFVTWJGWETBG.SEARCH&ppt=None&ppn=None&ssid=zi0uxdo9lc0000001790935155978&qH=a5594894156db043&ov_redirect=true,2026-10-02
960,"OPPO Reno16 5G (Starry White, 256 GB)",OPPO,72999,99999,27% off,4.5,72,11,12 GB RAM,256 GB ROM,6700 mAh lithium-ion polymer Battery,7 Gen 4 Processor,16.05 cm (6.32 inch) Full HD+ Display,50MP + 50MP + 50MP | 50MP Front Camera,,https://www.flipkart.com/oppo-reno16-5g-starry-white-256-gb/p/itmeedd96ac4e26f?pid=MOBHZMBRQ63HUMVQ&lid=LSTMOBHZMBRQ63HUMVQ2NXSZW&marketplace=FLIPKART&q=smart+phones&store=tyy%2F4io&srno=s_40_960&otracker=search&fm=organic&iid=5197a511-a460-4352-b95d-cfb4d85e2671.MOBHZMBRQ63HUMVQ.SEARCH&ppt=None&ppn=None&ssid=zi0uxdo9lc0000001790935155978&qH=a5594894156db043&ov_redirect=true,2026-10-02
961,"BOLTT EVO (Arctic White, 128 GB)",BOLTT,11499,18999,39% off,4,"1,804",873,6 GB RAM,128 GB ROM,6000 mAh Lithium ion Battery,T7250 Processor,6.79'' HD+ punch hole display,50MP + 2MP | 8MP Front Camera,,https://www.flipkart.com/boltt-evo-arctic-white-128-gb/p/itmf046d663a1fd7?pid=MOBHPP59GKGTGZGA&lid=LSTMOBHPP59GKGTGZGAIEMNWG&marketplace=FLIPKART&q=smart+phones&store=tyy%2F4io&srno=s_41_961&otracker=search&fm=organic&iid=en_pQZ1Hx1ByQHH8evWFTbOvd3DasnlHyHx2w2xx6lgDDF0y6SRPsUshYsr_qAS7zvgApXdqJ8g9gjPKgZjVdc9bpZk_zxnXKMiUj2SaFo9m-Oc1OBj9ypfRxk1pVIPbdUt&ppt=None&ppn=None&ssid=z0cy0c9o740000001790935158849&qH=a5594894156db043&ov_redirect=true,2026-10-02
962,"BOLTT EVO (Arctic White, 64 GB)",BOLTT,9999,17999,44% off,4.4,"1,327",695,4 GB RAM,64 GB ROM,6000 mAh Lithium ion Battery,T7250 Processor,6.79'' HD+ punch hole display,50MP + 2MP | 8MP Front Camera,,https://www.flipkart.com/boltt-evo-arctic-white-64-gb/p/itmf046d663a1fd7?pid=MOBHPP59BYSJ98M8&lid=LSTMOBHPP59BYSJ98M8RWYHGQ&marketplace=FLIPKART&q=smart+phones&store=tyy%2F4io&srno=s_41_962&otracker=search&fm=organic&iid=en_pQZ1Hx1ByQHH8evWFTbOvd3DasnlHyHx2w2xx6lgDDF6ggYL4avNztUXLIheQk926Ux8tV-__SxlzWH1nelDDZZk_zxnXKMiUj2SaFo9m-Oc1OBj9ypfRxk1pVIPbdUt&ppt=None&ppn=None&ssid=z0cy0c9o740000001790935158849&qH=a5594894156db043&ov_redirect=true,2026-10-02
963,"Infinix SMART 20 (Shadow Black, 64 GB)",Infinix,13499,19999,32% off,3.9,299,34,4 GB RAM,64 GB ROM,5200 mAh Battery,Helio G81 Ultimate Processor,17.22 cm (6.78 inch) HD+ Display,8MP Rear Camera | 8MP Front Camera,,https://www.flipkart.com/infinix-smart-20-shadow-black-64-gb/p/itmf761cd49f9162?pid=MOBHNMEEJVRS9GJG&lid=LSTMOBHNMEEJVRS9GJG6RX37Q&marketplace=FLIPKART&q=smart+phones&store=tyy%2F4io&srno=s_41_963&otracker=search&fm=organic&iid=826478b0-d64f-449a-a7d5-b1282ffda1fa.MOBHNMEEJVRS9GJG.SEARCH&ppt=None&ppn=None&ssid=z0cy0c9o740000001790935158849&qH=a5594894156db043&ov_redirect=true,2026-10-02
964,"Infinix SMART 20 (Polaris Titanium, 64 GB)",Infinix,13499,19999,32% off,3.9,299,34,4 GB RAM,64 GB ROM,5200 mAh Battery,Helio G81 Ultimate Processor,17.22 cm (6.78 inch) HD+ Display,8MP Rear Camera | 8MP Front Camera,,https://www.flipkart.com/infinix-smart-20-polaris-titanium-64-gb/p/itmf761cd49f9162?pid=MOBHNMEETYFWZNHQ&lid=LSTMOBHNMEETYFWZNHQVTGCIP&marketplace=FLIPKART&q=smart+phones&store=tyy%2F4io&srno=s_41_964&otracker=search&fm=organic&iid=826478b0-d64f-449a-a7d5-b1282ffda1fa.MOBHNMEETYFWZNHQ.SEARCH&ppt=None&ppn=None&ssid=z0cy0c9o740000001790935158849&qH=a5594894156db043&ov_redirect=true,2026-10-02
965,"Alcatel V3 Ultra 5G (Hyper Blue, 128 GB)",Alcatel,18990,29999,36% off,3.7,226,49,8 GB RAM,128 GB ROM,5010 mAh Battery,Dimensity 6300 Processor,17.22 cm (6.78 inch) Full HD+ Display,108MP + 8MP + 2MP | 32MP Front Camera,,https://www.flipkart.com/alcatel-v3-ultra-5g-hyper-blue-128-gb/p/itm6b040ff5b5756?pid=MOBHBH2GJ7VZ69HR&lid=LSTMOBHBH2GJ7VZ69HR5O0GRL&marketplace=FLIPKART&q=smart+phones&store=tyy%2F4io&srno=s_41_965&otracker=search&fm=organic&iid=826478b0-d64f-449a-a7d5-b1282ffda1fa.MOBHBH2GJ7VZ69HR.SEARCH&ppt=None&ppn=None&ssid=z0cy0c9o740000001790935158849&qH=a5594894156db043&ov_redirect=true,2026-10-02
966,"Tecno Spark Go 3 (Galaxy Blue, 128.0 GB)",Tecno,14999,18999,21% off,4.1,221,15,4 GB RAM,128.0 GB ROM,5000 mAh Lithium Polymer Battery,T7250 Processor,17.12 cm (6.74 inch) HD+ Display,13MP Rear Camera | 8MP Front Camera,,https://www.flipkart.com/tecno-spark-go-3-galaxy-blue-128-0-gb/p/itm2fa7fff320d5a?pid=MOBHQRWN3GYPNZCF&lid=LSTMOBHQRWN3GYPNZCF0ME7YN&marketplace=FLIPKART&q=smart+phones&store=tyy%2F4io&srno=s_41_966&otracker=search&fm=organic&iid=826478b0-d64f-449a-a7d5-b1282ffda1fa.MOBHQRWN3GYPNZCF.SEARCH&ppt=None&ppn=None&ssid=z0cy0c9o740000001790935158849&qH=a5594894156db043&ov_redirect=true,2026-10-02
967,"BOLTT EVO (Midnight Black, 64 GB)",BOLTT,9999,17999,44% off,4.4,"1,327",695,4 GB RAM,64 GB ROM,6000 mAh Lithium ion Battery,T7250 Processor,6.79'' HD+ punch hole display,50MP + 2MP | 8MP Front Camera,,https://www.flipkart.com/boltt-evo-midnight-black-64-gb/p/itmf046d663a1fd7?pid=MOBHPP597GB8ZHTY&lid=LSTMOBHPP597GB8ZHTYGYX70A&marketplace=FLIPKART&q=smart+phones&store=tyy%2F4io&srno=s_41_967&otracker=search&fm=organic&iid=en_pQZ1Hx1ByQHH8evWFTbOvd3DasnlHyHx2w2xx6lgDDF08FmRiTj0XUAArUdPcE3tmFcmDxdFnAg2HDILUSFuRZZk_zxnXKMiUj2SaFo9m-Oc1OBj9ypfRxk1pVIPbdUt&ppt=None&ppn=None&ssid=z0cy0c9o740000001790935158849&qH=a5594894156db043&ov_redirect=true,2026-10-02
968,"BOLTT EVO (Lavender Bloom, 64 GB)",BOLTT,9999,17999,44% off,4.4,"1,327",695,4 GB RAM,64 GB ROM,6000 mAh Lithium ion Battery,T7250 Processor,6.79'' HD+ punch hole display,50MP + 2MP | 8MP Front Camera,,https://www.flipkart.com/boltt-evo-lavender-bloom-64-gb/p/itmf046d663a1fd7?pid=MOBHPP59AEJZHCVZ&lid=LSTMOBHPP59AEJZHCVZQQSXMU&marketplace=FLIPKART&q=smart+phones&store=tyy%2F4io&srno=s_41_968&otracker=search&fm=organic&iid=en_pQZ1Hx1ByQHH8evWFTbOvd3DasnlHyHx2w2xx6lgDDEk-pwMrjCSCuTl_jls-Sd67xbDZ0DH1NrYuR9fFRym_pZk_zxnXKMiUj2SaFo9m-Oc1OBj9ypfRxk1pVIPbdUt&ppt=None&ppn=None&ssid=z0cy0c9o740000001790935158849&qH=a5594894156db043&ov_redirect=true,2026-10-02
969,"Tecno Spark Go 3 (Ink Black, 128.0 GB)",Tecno,14999,18999,21% off,4.1,221,15,4 GB RAM,128.0 GB ROM,5000 mAh Lithium Polymer Battery,T7250 Processor,17.12 cm (6.74 inch) HD+ Display,13MP Rear Camera | 8MP Front Camera,,https://www.flipkart.com/tecno-spark-go-3-ink-black-128-0-gb/p/itm2fa7fff320d5a?pid=MOBHQRWNAEPTQP6S&lid=LSTMOBHQRWNAEPTQP6SASFCB2&marketplace=FLIPKART&q=smart+phones&store=tyy%2F4io&srno=s_41_969&otracker=search&fm=organic&iid=826478b0-d64f-449a-a7d5-b1282ffda1fa.MOBHQRWNAEPTQP6S.SEARCH&ppt=None&ppn=None&ssid=z0cy0c9o740000001790935158849&qH=a5594894156db043&ov_redirect=true,2026-10-02
970,"OPPO A6 Pro 5G (Aurora Gold, 128 GB)",OPPO,32999,,,4.3,243,19,8 GB RAM,128 GB ROM,7000 mAh Battery,Dimensity 6300 Processor,17.14 cm (6.75 inches) HD+ Display,,,https://www.flipkart.com/oppo-a6-pro-5g-aurora-gold-128-gb/p/itm397626a14646c?pid=MOBHHHC3GQQNNWKN&lid=LSTMOBHHHC3GQQNNWKNQ655NO&marketplace=FLIPKART&q=smart+phones&store=tyy%2F4io&srno=s_41_970&otracker=search&fm=organic&iid=826478b0-d64f-449a-a7d5-b1282ffda1fa.MOBHHHC3GQQNNWKN.SEARCH&ppt=None&ppn=None&ssid=z0cy0c9o740000001790935158849&qH=a5594894156db043&ov_redirect=true,2026-10-02
971,"BOLTT EVO (Midnight Black, 128 GB)",BOLTT,11499,18999,39% off,4,"1,804",873,6 GB RAM,128 GB ROM,6000 mAh Lithium ion Battery,T7250 Processor,6.79'' HD+ punch hole display,50MP + 2MP | 8MP Front Camera,,https://www.flipkart.com/boltt-evo-midnight-black-128-gb/p/itmf046d663a1fd7?pid=MOBHPP59RWHM2PJH&lid=LSTMOBHPP59RWHM2PJHUUF4AF&marketplace=FLIPKART&q=smart+phones&store=tyy%2F4io&srno=s_41_971&otracker=search&fm=organic&iid=en_pQZ1Hx1ByQHH8evWFTbOvd3DasnlHyHx2w2xx6lgDDHlcITQ_VOikDOS2fy6sJDn-oHdKO3yYnYUN_r3HYwM1pZk_zxnXKMiUj2SaFo9m-Oc1OBj9ypfRxk1pVIPbdUt&ppt=None&ppn=None&ssid=z0cy0c9o740000001790935158849&qH=a5594894156db043&ov_redirect=true,2026-10-02
972,"BOLTT EVO (Berry Red, 128 GB)",BOLTT,11499,18999,39% off,4,"1,804",873,6 GB RAM,128 GB ROM,6000 mAh Lithium ion Battery,T7250 Processor,6.79'' HD+ punch hole display,50MP + 2MP | 8MP Front Camera,,https://www.flipkart.com/boltt-evo-berry-red-128-gb/p/itmf046d663a1fd7?pid=MOBHPP59TUYYPWP5&lid=LSTMOBHPP59TUYYPWP5U7J1VB&marketplace=FLIPKART&q=smart+phones&store=tyy%2F4io&srno=s_41_972&otracker=search&fm=organic&iid=en_pQZ1Hx1ByQHH8evWFTbOvd3DasnlHyHx2w2xx6lgDDFOZuPeXUUUGB3w9rhCiSLZvSppyrEH4LyH9lCiIfbYhZZk_zxnXKMiUj2SaFo9m-Oc1OBj9ypfRxk1pVIPbdUt&ppt=None&ppn=None&ssid=z0cy0c9o740000001790935158849&qH=a5594894156db043&ov_redirect=true,2026-10-02
973,"POCO X8 5G (Black, 256 GB)",POCO,35999,74999,52% off,4.2,49,12,8 GB RAM,256 GB ROM,9000 mAh Lithium-Ion Polymer Battery,6s Gen 4 Processor,17.35 cm (6.83 inch) Full HD+ AMOLED Display,50MP + 2MP | 16MP Front Camera,,https://www.flipkart.com/poco-x8-5g-black-256-gb/p/itm54d793f4001d7?pid=MOBHQ6XZZZYYKNP7&lid=LSTMOBHQ6XZZZYYKNP7MK7GY1&marketplace=FLIPKART&q=smart+phones&store=tyy%2F4io&srno=s_41_973&otracker=search&fm=organic&iid=826478b0-d64f-449a-a7d5-b1282ffda1fa.MOBHQ6XZZZYYKNP7.SEARCH&ppt=None&ppn=None&ssid=z0cy0c9o740000001790935158849&qH=a5594894156db043&ov_redirect=true,2026-10-02
974,"Samsung Galaxy A57 5G (Awesome Icyblue, 256 GB)",Samsung,62999,,,4.4,102,13,12 GB RAM,256 GB ROM,5000 mAh Li-ion Battery,Exynos 1680 Processor,17.02 cm (6.7 inch) Full HD+ Super AMOLED Display,50MP + 12MP | 12MP Front Camera,,https://www.flipkart.com/samsung-galaxy-a57-5g-awesome-icyblue-256-gb/p/itm0a21d467664e9?pid=MOBHHENSZ6FCYWX4&lid=LSTMOBHHENSZ6FCYWX4JQGLQP&marketplace=FLIPKART&q=smart+phones&store=tyy%2F4io&srno=s_41_974&otracker=search&fm=organic&iid=826478b0-d64f-449a-a7d5-b1282ffda1fa.MOBHHENSZ6FCYWX4.SEARCH&ppt=None&ppn=None&ssid=z0cy0c9o740000001790935158849&qH=a5594894156db043&ov_redirect=true,2026-10-02
975,"REDMI Note 15 Pro+ 5G Special Edition Carbon Black 16GB RAM 512GB ROM (Carbon Black, 512 GB)",REDMI,49999,59999,16% off,5,4,1,16 GB RAM,512 GB ROM,6500 mAh Lithium-Ion Battery,7s Gen 4 Processor,17.35 cm (6.83 inch) Full HD+ AMOLED Display,200MP Rear Camera,,https://www.flipkart.com/redmi-note-15-pro-5g-special-carbon-black-16gb-ram-512gb-rom-carbon-black-512-gb/p/itmbbff4d12d3216?pid=MOBHPHU74JNPCVC7&lid=LSTMOBHPHU74JNPCVC7I4ZKST&marketplace=FLIPKART&q=smart+phones&store=tyy%2F4io&srno=s_41_975&otracker=search&fm=organic&iid=826478b0-d64f-449a-a7d5-b1282ffda1fa.MOBHPHU74JNPCVC7.SEARCH&ppt=None&ppn=None&ssid=z0cy0c9o740000001790935158849&qH=a5594894156db043&ov_redirect=true,2026-10-02
976,"vivo X300 FE (Lilac Purple, 256 GB)",vivo,89999,109999,18% off,4.4,24,1,8 GB RAM,256 GB ROM,6500 mAh Battery,Snapdragon 8 Gen 5 Processor,16.03 cm (6.31 inch) Full HD+ AMOLED Display,50MP + 50MP + 8MP | 50MP Front Camera,,https://www.flipkart.com/vivo-x300-fe-lilac-purple-256-gb/p/itm0c1929579cabb?pid=MOBHQYFNKHC7JFDZ&lid=LSTMOBHQYFNKHC7JFDZF2BIQR&marketplace=FLIPKART&q=smart+phones&store=tyy%2F4io&srno=s_41_976&otracker=search&fm=organic&iid=826478b0-d64f-449a-a7d5-b1282ffda1fa.MOBHQYFNKHC7JFDZ.SEARCH&ppt=None&ppn=None&ssid=z0cy0c9o740000001790935158849&qH=a5594894156db043&ov_redirect=true,2026-10-02
977,"Nothing Phone (4b) (White, 256 GB)",Nothing,40999,59999,31% off,4.3,"1,841",179,8 GB RAM,256 GB ROM,6000 mAh Lithium ion Battery,6 Gen 4 Processor,17.2 cm (6.77 inch) Full HD+ AMOLED Display,50MP + 8MP | 16MP Front Camera,,https://www.flipkart.com/nothing-phone-4b-white-256-gb/p/itm939608b40adbb?pid=MOBHZMBD5MZZDUYA&lid=LSTMOBHZMBD5MZZDUYAIWDKYR&marketplace=FLIPKART&q=smart+phones&store=tyy%2F4io&srno=s_41_977&otracker=search&fm=organic&iid=en_pQZ1Hx1ByQHH8evWFTbOvd3DasnlHyHx2w2xx6lgDDGdGI0ZxDBPKeMvlHW54OyY7muq75qMORP5m1GATJhVOuebvJ3XMQeWNozLNoAjfkLIEAG8PeHC6YMeDG-xb6zD&ppt=None&ppn=None&ssid=z0cy0c9o740000001790935158849&qH=a5594894156db043&ov_redirect=true,2026-10-02
978,"BOLTT EVO (Sky Blue, 128 GB)",BOLTT,11499,18999,39% off,4,"1,804",873,6 GB RAM,128 GB ROM,6000 mAh Lithium ion Battery,T7250 Processor,6.79'' HD+ punch hole display,50MP + 2MP | 8MP Front Camera,,https://www.flipkart.com/boltt-evo-sky-blue-128-gb/p/itmf046d663a1fd7?pid=MOBHPP59ME6SPCZW&lid=LSTMOBHPP59ME6SPCZWUW9RP3&marketplace=FLIPKART&q=smart+phones&store=tyy%2F4io&srno=s_41_978&otracker=search&fm=organic&iid=en_pQZ1Hx1ByQHH8evWFTbOvd3DasnlHyHx2w2xx6lgDDGnzRkP4wAkTMciuvOsvkv3wbXaiFD5B5V-i7lupI6xHpZk_zxnXKMiUj2SaFo9m-Oc1OBj9ypfRxk1pVIPbdUt&ppt=None&ppn=None&ssid=z0cy0c9o740000001790935158849&qH=a5594894156db043&ov_redirect=true,2026-10-02
979,"REDMI 15A (Awesome Blue, 128 GB)",REDMI,20499,30999,33% off,4,205,21,6 GB RAM,128 GB ROM,6300 mAh Lithium-Ion Polymer Battery,T8300 Processor,17.53 cm (6.9 inch) Display,32MP Rear Camera | 8MP Front Camera,,https://www.flipkart.com/redmi-15a-awesome-blue-128-gb/p/itm282fe6e58265d?pid=MOBHPDZDVSUQZHRW&lid=LSTMOBHPDZDVSUQZHRWXTPMEW&marketplace=FLIPKART&q=smart+phones&store=tyy%2F4io&srno=s_41_979&otracker=search&fm=organic&iid=826478b0-d64f-449a-a7d5-b1282ffda1fa.MOBHPDZDVSUQZHRW.SEARCH&ppt=None&ppn=None&ssid=z0cy0c9o740000001790935158849&qH=a5594894156db043&ov_redirect=true,2026-10-02
980,"OPPO Reno16 5G (Twilight Violet, 256 GB)",OPPO,72999,99999,27% off,4.5,72,11,12 GB RAM,256 GB ROM,6700 mAh lithium-ion polymer Battery,7 Gen 4 Processor,16.05 cm (6.32 inch) Full HD+ Display,50MP + 50MP + 50MP | 50MP Front Camera,,https://www.flipkart.com/oppo-reno16-5g-twilight-violet-256-gb/p/itmeedd96ac4e26f?pid=MOBHZMBRFJK9WQPR&lid=LSTMOBHZMBRFJK9WQPRQGW0RD&marketplace=FLIPKART&q=smart+phones&store=tyy%2F4io&srno=s_41_980&otracker=search&fm=organic&iid=826478b0-d64f-449a-a7d5-b1282ffda1fa.MOBHZMBRFJK9WQPR.SEARCH&ppt=None&ppn=None&ssid=z0cy0c9o740000001790935158849&qH=a5594894156db043&ov_redirect=true,2026-10-02
981,"BOLTT EVO (Sky Blue, 64 GB)",BOLTT,9999,17999,44% off,4.4,"1,327",695,4 GB RAM,64 GB ROM,6000 mAh Lithium ion Battery,T7250 Processor,6.79'' HD+ punch hole display,50MP + 2MP | 8MP Front Camera,,https://www.flipkart.com/boltt-evo-sky-blue-64-gb/p/itmf046d663a1fd7?pid=MOBHPP59WKSV4FYG&lid=LSTMOBHPP59WKSV4FYGYPMLV6&marketplace=FLIPKART&q=smart+phones&store=tyy%2F4io&srno=s_41_981&otracker=search&fm=organic&iid=en_pQZ1Hx1ByQHH8evWFTbOvd3DasnlHyHx2w2xx6lgDDHBQM989QCwJzir55l4Qf8bigicCniOwiXfyNr6i62vdZZk_zxnXKMiUj2SaFo9m-Oc1OBj9ypfRxk1pVIPbdUt&ppt=None&ppn=None&ssid=z0cy0c9o740000001790935158849&qH=a5594894156db043&ov_redirect=true,2026-10-02
982,"OPPO F33 Pro 5G (Passion Red, 128 GB)",OPPO,39999,55999,28% off,4.4,211,23,8 GB RAM,128 GB ROM,7000 mAh lithium-ion polymer Battery,Dimensity 6360 MAX Processor,16.69 cm (6.57 inch) Full HD+ AMOLED Display,50MP + 2MP | 50MP Front Camera,,https://www.flipkart.com/oppo-f33-pro-5g-passion-red-128-gb/p/itme0e9af182d309?pid=MOBHM48FVEZEJBTP&lid=LSTMOBHM48FVEZEJBTP9QADSO&marketplace=FLIPKART&q=smart+phones&store=tyy%2F4io&srno=s_41_982&otracker=search&fm=organic&iid=826478b0-d64f-449a-a7d5-b1282ffda1fa.MOBHM48FVEZEJBTP.SEARCH&ppt=None&ppn=None&ssid=z0cy0c9o740000001790935158849&qH=a5594894156db043&ov_redirect=true,2026-10-02
983,"OPPO F33 Pro 5G (Starry Blue, 128 GB)",OPPO,39999,55999,28% off,4.4,211,23,8 GB RAM,128 GB ROM,7000 mAh lithium-ion polymer Battery,Dimensity 6360 MAX Processor,16.69 cm (6.57 inch) Full HD+ AMOLED Display,50MP + 2MP | 50MP Front Camera,,https://www.flipkart.com/oppo-f33-pro-5g-starry-blue-128-gb/p/itme0e9af182d309?pid=MOBHM48FZGDYY9D7&lid=LSTMOBHM48FZGDYY9D73UXOYT&marketplace=FLIPKART&q=smart+phones&store=tyy%2F4io&srno=s_41_983&otracker=search&fm=organic&iid=826478b0-d64f-449a-a7d5-b1282ffda1fa.MOBHM48FZGDYY9D7.SEARCH&ppt=None&ppn=None&ssid=z0cy0c9o740000001790935158849&qH=a5594894156db043&ov_redirect=true,2026-10-02
984,"Samsung Galaxy A57 5G (Awesome Navy, 256 GB)",Samsung,62999,,,4.4,102,13,12 GB RAM,256 GB ROM,5000 mAh Li-ion Battery,Exynos 1680 Processor,17.02 cm (6.7 inch) Full HD+ Super AMOLED Display,50MP + 12MP | 12MP Front Camera,,https://www.flipkart.com/samsung-galaxy-a57-5g-awesome-navy-256-gb/p/itm0a21d467664e9?pid=MOBHHENSYEYYVJ6N&lid=LSTMOBHHENSYEYYVJ6NCKIZDC&marketplace=FLIPKART&q=smart+phones&store=tyy%2F4io&srno=s_41_984&otracker=search&fm=organic&iid=826478b0-d64f-449a-a7d5-b1282ffda1fa.MOBHHENSYEYYVJ6N.SEARCH&ppt=None&ppn=None&ssid=z0cy0c9o740000001790935158849&qH=a5594894156db043&ov_redirect=true,2026-10-02
