S.No,Product Name,Brand,Price,Original Price,Discount,Rating,Rating Count,Review Count,RAM,ROM,Battery,Processor,Display Size,Camera,Network Type,Product URL,Scraped Date
1,"Ai+ Pulse 2 (Purple, 64 GB)",Ai+,9199,10999,16% off,4.2,"7,797",488,4 GB RAM,64 GB ROM,6000 mAh Battery,T7250 Processor,17.13 cm (6.745 inch) HD+ Display,50MP Rear Camera | 8MP Front Camera,,https://www.flipkart.com/ai-pulse-2-purple-64-gb/p/itmdc910ae2ff0c1?pid=MOBHKHPYQHGDVRTG&lid=LSTMOBHKHPYQHGDVRTGJBHZI8&marketplace=FLIPKART&q=smart+phones&store=tyy%2F4io&srno=s_1_1&otracker=search&fm=organic&iid=18c012d4-5fd9-4f11-9c5d-398644874a10.MOBHKHPYQHGDVRTG.SEARCH&ppt=None&ppn=None&ssid=po32lv0x9s0000001786338172985&qH=a5594894156db043&ov_redirect=true,2026-08-10
2,"MOTOROLA g37 power (PANTONE Impenetrable, 64 GB)",MOTOROLA,14999,26499,43% off,4.2,"3,767",409,4 GB RAM,64 GB ROM,7000 mAh Battery,Dimensity 6400 Processor,16.92 cm (6.66 inch) HD+ Display,50MP Rear Camera | 8MP Front Camera,,https://www.flipkart.com/motorola-g37-power-pantone-impenetrable-64-gb/p/itm81d7e4cd8df99?pid=MOBHMHG6CCNS5UWR&lid=LSTMOBHMHG6CCNS5UWRI3ZOW4&marketplace=FLIPKART&q=smart+phones&store=tyy%2F4io&srno=s_1_2&otracker=search&fm=organic&iid=18c012d4-5fd9-4f11-9c5d-398644874a10.MOBHMHG6CCNS5UWR.SEARCH&ppt=None&ppn=None&ssid=po32lv0x9s0000001786338172985&qH=a5594894156db043&ov_redirect=true,2026-08-10
3,"MOTOROLA g37 power (PANTONE Capri, 64 GB)",MOTOROLA,14999,26499,43% off,4.2,"3,767",409,4 GB RAM,64 GB ROM,7000 mAh Battery,Dimensity 6400 Processor,16.92 cm (6.66 inch) HD+ Display,50MP Rear Camera | 8MP Front Camera,,https://www.flipkart.com/motorola-g37-power-pantone-capri-64-gb/p/itmde5e2403ff964?pid=MOBHMHG65H7QGMHS&lid=LSTMOBHMHG65H7QGMHS4CXIMU&marketplace=FLIPKART&q=smart+phones&store=tyy%2F4io&srno=s_1_3&otracker=search&fm=organic&iid=18c012d4-5fd9-4f11-9c5d-398644874a10.MOBHMHG65H7QGMHS.SEARCH&ppt=None&ppn=None&ssid=po32lv0x9s0000001786338172985&qH=a5594894156db043&ov_redirect=true,2026-08-10
4,"Ai+ Nova 2 5G (Purple, 128 GB)",Ai+,13999,17499,20% off,4.3,"4,805",220,4 GB RAM,128 GB ROM,6000 mAh Battery,T8200 Processor,17.13 cm (6.745 inch) HD+ Display,50MP Rear Camera | 8MP Front Camera,,https://www.flipkart.com/ai-nova-2-5g-purple-128-gb/p/itmc486f9ebd15e3?pid=MOBHZPMCKZ3VYHMZ&lid=LSTMOBHZPMCKZ3VYHMZBGP8IV&marketplace=FLIPKART&q=smart+phones&store=tyy%2F4io&srno=s_1_4&otracker=search&fm=organic&iid=18c012d4-5fd9-4f11-9c5d-398644874a10.MOBHZPMCKZ3VYHMZ.SEARCH&ppt=None&ppn=None&ssid=po32lv0x9s0000001786338172985&qH=a5594894156db043&ov_redirect=true,2026-08-10
5,"Ai+ Nova 2 5G (Blue, 64 GB)",Ai+,12999,13999,7% off,4.3,"4,805",220,4 GB RAM,64 GB ROM,6000 mAh Battery,T8200 Processor,17.13 cm (6.745 inch) HD+ Display,50MP Rear Camera | 8MP Front Camera,,https://www.flipkart.com/ai-nova-2-5g-blue-64-gb/p/itm20a7387042b2c?pid=MOBHKHPYHHSYZWHF&lid=LSTMOBHKHPYHHSYZWHFGIS9RH&marketplace=FLIPKART&q=smart+phones&store=tyy%2F4io&spotlightTagId=default_BestsellerId_tyy%2F4io&srno=s_1_5&otracker=search&fm=organic&iid=18c012d4-5fd9-4f11-9c5d-398644874a10.MOBHKHPYHHSYZWHF.SEARCH&ppt=None&ppn=None&ssid=po32lv0x9s0000001786338172985&qH=a5594894156db043&ov_redirect=true,2026-08-10
6,"realme C100x (Golden Coast, 64 GB)",realme,14999,29999,50% off,4,62,10,4 GB RAM,64 GB ROM,8000 mAh Battery,T7250 Processor,17.27 cm (6.8 inch) HD+ Display,50MP Rear Camera | 5MP Front Camera,,https://www.flipkart.com/realme-c100x-golden-coast-64-gb/p/itm488eb4026680c?pid=MOBHZMDTJ8MRNENF&lid=LSTMOBHZMDTJ8MRNENF0B9EB3&marketplace=FLIPKART&q=smart+phones&store=tyy%2F4io&srno=s_1_6&otracker=search&fm=organic&iid=18c012d4-5fd9-4f11-9c5d-398644874a10.MOBHZMDTJ8MRNENF.SEARCH&ppt=None&ppn=None&ssid=po32lv0x9s0000001786338172985&qH=a5594894156db043&ov_redirect=true,2026-08-10
7,"MOTOROLA g37 power (PANTONE Impenetrable, 128 GB)",MOTOROLA,19999,37999,47% off,4.1,943,81,8 GB RAM,128 GB ROM,7000 mAh Battery,Dimensity 6400 Processor,16.92 cm (6.66 inch) HD+ Display,50MP Rear Camera | 8MP Front Camera,,https://www.flipkart.com/motorola-g37-power-pantone-impenetrable-128-gb/p/itme156c3f7d6280?pid=MOBHMX5Y6G5HKRFS&lid=LSTMOBHMX5Y6G5HKRFSN2GAKT&marketplace=FLIPKART&q=smart+phones&store=tyy%2F4io&srno=s_1_7&otracker=search&fm=organic&iid=18c012d4-5fd9-4f11-9c5d-398644874a10.MOBHMX5Y6G5HKRFS.SEARCH&ppt=None&ppn=None&ssid=po32lv0x9s0000001786338172985&qH=a5594894156db043&ov_redirect=true,2026-08-10
8,"MOTOROLA g37 power (PANTONE Capri, 128 GB)",MOTOROLA,15999,30499,47% off,4.2,"3,767",409,4 GB RAM,128 GB ROM,7000 mAh Battery,Dimensity 6400 Processor,16.92 cm (6.66 inch) HD+ Display,50MP Rear Camera | 8MP Front Camera,,https://www.flipkart.com/motorola-g37-power-pantone-capri-128-gb/p/itm30e95f8678f47?pid=MOBHHVFYHG7QUTDZ&lid=LSTMOBHHVFYHG7QUTDZUQRD2N&marketplace=FLIPKART&q=smart+phones&store=tyy%2F4io&srno=s_1_8&otracker=search&fm=organic&iid=18c012d4-5fd9-4f11-9c5d-398644874a10.MOBHHVFYHG7QUTDZ.SEARCH&ppt=None&ppn=None&ssid=po32lv0x9s0000001786338172985&qH=a5594894156db043&ov_redirect=true,2026-08-10
9,"Ai+ Pulse 2 (Green, 64 GB)",Ai+,9199,10999,16% off,4.2,"7,797",488,4 GB RAM,64 GB ROM,6000 mAh Battery,T7250 Processor,17.13 cm (6.745 inch) HD+ Display,50MP Rear Camera | 8MP Front Camera,,https://www.flipkart.com/ai-pulse-2-green-64-gb/p/itm8475838cc2064?pid=MOBHKHPYZHDPMZSR&lid=LSTMOBHKHPYZHDPMZSRLBINVS&marketplace=FLIPKART&q=smart+phones&store=tyy%2F4io&srno=s_1_9&otracker=search&fm=organic&iid=18c012d4-5fd9-4f11-9c5d-398644874a10.MOBHKHPYZHDPMZSR.SEARCH&ppt=None&ppn=None&ssid=po32lv0x9s0000001786338172985&qH=a5594894156db043&ov_redirect=true,2026-08-10
10,"vivo T5 Lite 44W 5G (Twilight Shadow, 128 GB)",vivo,21999,38499,42% off,4.3,729,66,6 GB RAM,128 GB ROM,6500 mAh Li-ion Battery,Dimensity 6300 5G Processor,17.12 cm (6.74 inch) Full HD Display,50MP + 0.08MP | 5MP Front Camera,5G,https://www.flipkart.com/vivo-t5-lite-44w-5g-twilight-shadow-128-gb/p/itm5420c578ec2df?pid=MOBHNDTDY4HFGV2T&lid=LSTMOBHNDTDY4HFGV2TRKEJQX&marketplace=FLIPKART&q=smart+phones&store=tyy%2F4io&srno=s_1_10&otracker=search&fm=organic&iid=18c012d4-5fd9-4f11-9c5d-398644874a10.MOBHNDTDY4HFGV2T.SEARCH&ppt=None&ppn=None&ssid=po32lv0x9s0000001786338172985&qH=a5594894156db043&ov_redirect=true,2026-08-10
11,"MOTOROLA g06 power (Pantone tapestry, 64 GB)",MOTOROLA,13999,19999,30% off,4.2,"21,992","1,508",4 GB RAM,64 GB ROM,7000 mAh Battery,Helio G81 Processor,17.48 cm (6.88 inch) HD+ Display,50MP Rear Camera | 8MP Front Camera,,https://www.flipkart.com/motorola-g06-power-pantone-tapestry-64-gb/p/itm29390fa68401d?pid=MOBHN973FFYHGUGG&lid=LSTMOBHN973FFYHGUGG27JKDQ&marketplace=FLIPKART&q=smart+phones&store=tyy%2F4io&srno=s_1_11&otracker=search&fm=organic&iid=18c012d4-5fd9-4f11-9c5d-398644874a10.MOBHN973FFYHGUGG.SEARCH&ppt=None&ppn=None&ssid=po32lv0x9s0000001786338172985&qH=a5594894156db043&ov_redirect=true,2026-08-10
12,"vivo T5x 5G (Cyber Green, 128 GB)",vivo,24999,28999,13% off,4.4,"16,526","1,095",6 GB RAM,128 GB ROM,7200 mAh Li-ion Battery,Dimensity 7400-Turbo Processor,17.17 cm (6.76 inch) Display,50MP + 2MP | 32MP Front Camera,,https://www.flipkart.com/vivo-t5x-5g-cyber-green-128-gb/p/itm7da8aa253e72b?pid=MOBHH69NGFZAYK6M&lid=LSTMOBHH69NGFZAYK6MYQKNQD&marketplace=FLIPKART&q=smart+phones&store=tyy%2F4io&srno=s_1_12&otracker=search&fm=organic&iid=18c012d4-5fd9-4f11-9c5d-398644874a10.MOBHH69NGFZAYK6M.SEARCH&ppt=None&ppn=None&ssid=po32lv0x9s0000001786338172985&qH=a5594894156db043&ov_redirect=true,2026-08-10
13,"realme P4 Lite (Beach Gold, 64 GB)",realme,12999,24999,48% off,4,"5,107",317,4 GB RAM,64 GB ROM,6300 mAh Battery,T7250 Processor,17.14 cm (6.75 inch) HD+ Display,13MP Rear Camera | 5MP Front Camera,,https://www.flipkart.com/realme-p4-lite-beach-gold-64-gb/p/itm029fbc88fdc91?pid=MOBHMX7KF4XYHTDM&lid=LSTMOBHMX7KF4XYHTDMBW6TWC&marketplace=FLIPKART&q=smart+phones&store=tyy%2F4io&srno=s_1_13&otracker=search&fm=organic&iid=18c012d4-5fd9-4f11-9c5d-398644874a10.MOBHMX7KF4XYHTDM.SEARCH&ppt=None&ppn=None&ssid=po32lv0x9s0000001786338172985&qH=a5594894156db043&ov_redirect=true,2026-08-10
14,"realme P4 Lite (Sea Blue, 64 GB)",realme,12999,24999,48% off,4,"5,107",317,4 GB RAM,64 GB ROM,6300 mAh Battery,T7250 Processor,17.14 cm (6.75 inch) HD+ Display,13MP Rear Camera | 5MP Front Camera,,https://www.flipkart.com/realme-p4-lite-sea-blue-64-gb/p/itm029fbc88fdc91?pid=MOBHMX7KEQPFYJ5U&lid=LSTMOBHMX7KEQPFYJ5UYOGZ28&marketplace=FLIPKART&q=smart+phones&store=tyy%2F4io&srno=s_1_14&otracker=search&fm=organic&iid=18c012d4-5fd9-4f11-9c5d-398644874a10.MOBHMX7KEQPFYJ5U.SEARCH&ppt=None&ppn=None&ssid=po32lv0x9s0000001786338172985&qH=a5594894156db043&ov_redirect=true,2026-08-10
15,"realme P4x 5G (Matte Silver, 128 GB)",realme,23499,43999,46% off,4.3,"7,506",637,8 GB RAM,128 GB ROM,7000 mAh Battery,Dimensity 7400 Ultra Processor,17.07 cm (6.72 inch) Full HD+ Display,50MP + 2MP | 8MP Front Camera,,https://www.flipkart.com/realme-p4x-5g-matte-silver-128-gb/p/itm575b1540859e4?pid=MOBHN7A8HYC9BPAU&lid=LSTMOBHN7A8HYC9BPAUEQNPRK&marketplace=FLIPKART&q=smart+phones&store=tyy%2F4io&srno=s_1_15&otracker=search&fm=organic&iid=18c012d4-5fd9-4f11-9c5d-398644874a10.MOBHN7A8HYC9BPAU.SEARCH&ppt=None&ppn=None&ssid=po32lv0x9s0000001786338172985&qH=a5594894156db043&ov_redirect=true,2026-08-10
16,"realme P4x 5G (Matte Silver, 128 GB)",realme,21999,38999,43% off,4.3,"14,006","1,192",6 GB RAM,128 GB ROM,7000 mAh Battery,Dimensity 7400 Ultra Processor,17.07 cm (6.72 inch) Full HD+ Display,50MP + 2MP | 8MP Front Camera,,https://www.flipkart.com/realme-p4x-5g-matte-silver-128-gb/p/itm575b1540859e4?pid=MOBHN7A8H9WAG4PD&lid=LSTMOBHN7A8H9WAG4PD4J7IQE&marketplace=FLIPKART&q=smart+phones&store=tyy%2F4io&srno=s_1_16&otracker=search&fm=organic&iid=18c012d4-5fd9-4f11-9c5d-398644874a10.MOBHN7A8H9WAG4PD.SEARCH&ppt=None&ppn=None&ssid=po32lv0x9s0000001786338172985&qH=a5594894156db043&ov_redirect=true,2026-08-10
17,"POCO C85x (Elite Black, 128 GB)",POCO,14999,21999,31% off,4.2,"5,067",654,4 GB RAM,128 GB ROM,6300 mAh Lithium-Ion Polymer Battery,T8300 Processor,17.53 cm (6.9 inch) HD+ Display,32MP Rear Camera,,https://www.flipkart.com/poco-c85x-elite-black-128-gb/p/itm7e422d0bdc317?pid=MOBHMGG5NGH9MQBY&lid=LSTMOBHMGG5NGH9MQBY3J4OBU&marketplace=FLIPKART&q=smart+phones&store=tyy%2F4io&srno=s_1_17&otracker=search&fm=organic&iid=18c012d4-5fd9-4f11-9c5d-398644874a10.MOBHMGG5NGH9MQBY.SEARCH&ppt=None&ppn=None&ssid=po32lv0x9s0000001786338172985&qH=a5594894156db043&ov_redirect=true,2026-08-10
18,"vivo T5 Lite 44W 5G (Wave Blue, 128 GB)",vivo,21999,38499,42% off,4.3,729,66,6 GB RAM,128 GB ROM,6500 mAh Li-ion Battery,Dimensity 6300 5G Processor,17.12 cm (6.74 inch) Full HD Display,50MP + 0.08MP | 5MP Front Camera,5G,https://www.flipkart.com/vivo-t5-lite-44w-5g-wave-blue-128-gb/p/itm5420c578ec2df?pid=MOBHNDTD57UJUK9Q&lid=LSTMOBHNDTD57UJUK9QMGWRRW&marketplace=FLIPKART&q=smart+phones&store=tyy%2F4io&srno=s_1_18&otracker=search&fm=organic&iid=18c012d4-5fd9-4f11-9c5d-398644874a10.MOBHNDTD57UJUK9Q.SEARCH&ppt=None&ppn=None&ssid=po32lv0x9s0000001786338172985&qH=a5594894156db043&ov_redirect=true,2026-08-10
19,"HMD VIBE2 5G (Nordic Blue, 128 GB)",HMD,18999,24999,24% off,4.3,329,18,6 GB RAM,128 GB ROM,6000 mAh Li-Poly Battery,,17.02 cm (6.7 inch) HD+ Display,50MP Rear Camera | 8MP Front Camera,,https://www.flipkart.com/hmd-vibe2-5g-nordic-blue-128-gb/p/itm71c3ae6df2a26?pid=MOBHNS6YYSAJPVHZ&lid=LSTMOBHNS6YYSAJPVHZHEOKCG&marketplace=FLIPKART&q=smart+phones&store=tyy%2F4io&srno=s_1_19&otracker=search&fm=organic&iid=18c012d4-5fd9-4f11-9c5d-398644874a10.MOBHNS6YYSAJPVHZ.SEARCH&ppt=None&ppn=None&ssid=po32lv0x9s0000001786338172985&qH=a5594894156db043&ov_redirect=true,2026-08-10
20,"realme P4 Pro 5G (Birch Wood, 256 GB)",realme,30999,,,4.4,"20,012","1,927",8 GB RAM,256 GB ROM,7000 mAh Battery,Snapdragon 7 Gen 4 Mobile Processor,17.27 cm (6.8 inch) Full HD+ Display,50MP + 8MP | 50MP Front Camera,,https://www.flipkart.com/realme-p4-pro-5g-birch-wood-256-gb/p/itme41a54752cc21?pid=MOBHERXKVQED7HGC&lid=LSTMOBHERXKVQED7HGC54DD1I&marketplace=FLIPKART&q=smart+phones&store=tyy%2F4io&srno=s_1_20&otracker=search&fm=organic&iid=18c012d4-5fd9-4f11-9c5d-398644874a10.MOBHERXKVQED7HGC.SEARCH&ppt=None&ppn=None&ssid=po32lv0x9s0000001786338172985&qH=a5594894156db043&ov_redirect=true,2026-08-10
21,"Ai+ Pulse 2 (Blue, 128 GB)",Ai+,10499,15499,32% off,4.2,"7,797",488,4 GB RAM,128 GB ROM,6000 mAh Battery,T7250 Processor,17.13 cm (6.745 inch) HD+ Display,50MP Rear Camera | 8MP Front Camera,,https://www.flipkart.com/ai-pulse-2-blue-128-gb/p/itm982c299d0417e?pid=MOBHZPMCBYNXVYDB&lid=LSTMOBHZPMCBYNXVYDBFJKORE&marketplace=FLIPKART&q=smart+phones&store=tyy%2F4io&srno=s_1_21&otracker=search&fm=organic&iid=18c012d4-5fd9-4f11-9c5d-398644874a10.MOBHZPMCBYNXVYDB.SEARCH&ppt=None&ppn=None&ssid=po32lv0x9s0000001786338172985&qH=a5594894156db043&ov_redirect=true,2026-08-10
22,"realme C100x (Deepblue Tides, 64 GB)",realme,14999,29999,50% off,4,62,10,4 GB RAM,64 GB ROM,8000 mAh Battery,T7250 Processor,17.27 cm (6.8 inch) HD+ Display,50MP Rear Camera | 5MP Front Camera,,https://www.flipkart.com/realme-c100x-deepblue-tides-64-gb/p/itm488eb4026680c?pid=MOBHZMDT7BJCESTA&lid=LSTMOBHZMDT7BJCESTAV7AYK5&marketplace=FLIPKART&q=smart+phones&store=tyy%2F4io&srno=s_1_22&otracker=search&fm=organic&iid=18c012d4-5fd9-4f11-9c5d-398644874a10.MOBHZMDT7BJCESTA.SEARCH&ppt=None&ppn=None&ssid=po32lv0x9s0000001786338172985&qH=a5594894156db043&ov_redirect=true,2026-08-10
23,"MOTOROLA g37 power (PANTONE Nautical Blue, 128 GB)",MOTOROLA,19999,37999,47% off,4.1,943,81,8 GB RAM,128 GB ROM,7000 mAh Battery,Dimensity 6400 Processor,16.92 cm (6.66 inch) HD+ Display,50MP Rear Camera | 8MP Front Camera,,https://www.flipkart.com/motorola-g37-power-pantone-nautical-blue-128-gb/p/itm48ade38c32669?pid=MOBHMX5YNNYGMVWH&lid=LSTMOBHMX5YNNYGMVWHYBPQ6L&marketplace=FLIPKART&q=smart+phones&store=tyy%2F4io&srno=s_1_23&otracker=search&fm=organic&iid=18c012d4-5fd9-4f11-9c5d-398644874a10.MOBHMX5YNNYGMVWH.SEARCH&ppt=None&ppn=None&ssid=po32lv0x9s0000001786338172985&qH=a5594894156db043&ov_redirect=true,2026-08-10
24,"Ai+ Pulse 2 (Green, 128 GB)",Ai+,10499,15499,32% off,4.2,"7,797",488,4 GB RAM,128 GB ROM,6000 mAh Battery,T7250 Processor,17.13 cm (6.745 inch) HD+ Display,50MP Rear Camera | 8MP Front Camera,,https://www.flipkart.com/ai-pulse-2-green-128-gb/p/itm982c299d0417e?pid=MOBHZPMCJ4DEWUYE&lid=LSTMOBHZPMCJ4DEWUYERAMSGX&marketplace=FLIPKART&q=smart+phones&store=tyy%2F4io&srno=s_1_24&otracker=search&fm=organic&iid=18c012d4-5fd9-4f11-9c5d-398644874a10.MOBHZPMCJ4DEWUYE.SEARCH&ppt=None&ppn=None&ssid=po32lv0x9s0000001786338172985&qH=a5594894156db043&ov_redirect=true,2026-08-10
25,"Samsung M06 5G (Blazing Black, 128 GB)",Samsung,13995,13999,,4.1,"4,947",331,4 GB RAM,128 GB ROM,5000 mAh Battery,,17.02 cm (6.7 inch) Display,50MP Rear Camera,,https://www.flipkart.com/samsung-m06-5g-blazing-black-128-gb/p/itmcafa42dadc15c?pid=MOBH9UYF4GZXGWW6&lid=LSTMOBH9UYF4GZXGWW65F6P7Z&marketplace=FLIPKART&q=smart+phones&store=tyy%2F4io&srno=s_2_25&otracker=search&fm=organic&iid=3eb4f82e-9a5f-432d-bf24-2c85dbd0c93c.MOBH9UYF4GZXGWW6.SEARCH&ppt=None&ppn=None&ssid=xzf82v89q80000001786338176049&qH=a5594894156db043&ov_redirect=true,2026-08-10
26,"MOTOROLA g37 power (PANTONE Capri, 128 GB)",MOTOROLA,19999,37999,47% off,4.1,943,81,8 GB RAM,128 GB ROM,7000 mAh Battery,Dimensity 6400 Processor,16.92 cm (6.66 inch) HD+ Display,50MP Rear Camera | 8MP Front Camera,,https://www.flipkart.com/motorola-g37-power-pantone-capri-128-gb/p/itm5dc5774d4d5e9?pid=MOBHMX5YXCBREREH&lid=LSTMOBHMX5YXCBREREHUWKEDX&marketplace=FLIPKART&q=smart+phones&store=tyy%2F4io&srno=s_2_26&otracker=search&fm=organic&iid=3eb4f82e-9a5f-432d-bf24-2c85dbd0c93c.MOBHMX5YXCBREREH.SEARCH&ppt=None&ppn=None&ssid=xzf82v89q80000001786338176049&qH=a5594894156db043&ov_redirect=true,2026-08-10
27,"Nothing Phone (4b) (Blue, 128 GB)",Nothing,34999,54999,36% off,4.4,773,66,8 GB RAM,128 GB ROM,6000 mAh Lithium ion Battery,6 Gen 4 Processor,17.2 cm (6.77 inch) Full HD+ AMOLED Display,50MP + 8MP | 16MP Front Camera,,https://www.flipkart.com/nothing-phone-4b-blue-128-gb/p/itm939608b40adbb?pid=MOBHZMBD9WNP9HHB&lid=LSTMOBHZMBD9WNP9HHBUJTCGV&marketplace=FLIPKART&q=smart+phones&store=tyy%2F4io&srno=s_2_27&otracker=search&fm=organic&iid=en_Wv8AiI-4hreIEqZslyg6iR6HIkAIu7-ApMOyzG7y0ud5e4g30ycAZGngCyFT7FTqtphJEViWk9b5gLdO-3tqiicklTj0v47wxp1V6AYCw6DTM_tyHddbUzIL2IxMtgMz&ppt=None&ppn=None&ssid=xzf82v89q80000001786338176049&qH=a5594894156db043&ov_redirect=true,2026-08-10
28,"vivo X200T (Stellar Black, 256 GB)",vivo,59999,80000,25% off,4.6,"7,663","1,531",12 GB RAM,256 GB ROM,6200 mAh Battery,Dimensity 9400+ Processor,16.94 cm (6.67 inch) Full HD+ AMOLED Display,50MP + 50MP + 50MP | 32MP Front Camera,,https://www.flipkart.com/vivo-x200t-stellar-black-256-gb/p/itm1b8452d68859b?pid=MOBHJK5MBRDS3GUQ&lid=LSTMOBHJK5MBRDS3GUQWMQNUP&marketplace=FLIPKART&q=smart+phones&store=tyy%2F4io&srno=s_2_28&otracker=search&fm=organic&iid=en_Wv8AiI-4hreIEqZslyg6iR6HIkAIu7-ApMOyzG7y0uf91Gvu_OYzLZl5rfanDoERk4Pns45RtafA_s9bzBX_feaVsfQpjYwoxtKUfFby9ZTX0pAgXyk7vFPzTyaF_AZy&ppt=None&ppn=None&ssid=xzf82v89q80000001786338176049&qH=a5594894156db043&ov_redirect=true,2026-08-10
29,"MOTOROLA g37 power (PANTONE Impenetrable, 128 GB)",MOTOROLA,15999,30499,47% off,4.2,"3,767",409,4 GB RAM,128 GB ROM,7000 mAh Battery,Dimensity 6400 Processor,16.92 cm (6.66 inch) HD+ Display,50MP Rear Camera | 8MP Front Camera,,https://www.flipkart.com/motorola-g37-power-pantone-impenetrable-128-gb/p/itm566f6ada1190f?pid=MOBHHVFYC3QU3CAQ&lid=LSTMOBHHVFYC3QU3CAQGXXTZS&marketplace=FLIPKART&q=smart+phones&store=tyy%2F4io&srno=s_2_29&otracker=search&fm=organic&iid=3eb4f82e-9a5f-432d-bf24-2c85dbd0c93c.MOBHHVFYC3QU3CAQ.SEARCH&ppt=None&ppn=None&ssid=xzf82v89q80000001786338176049&qH=a5594894156db043&ov_redirect=true,2026-08-10
30,"OnePlus Nord CE6 Lite (Hyper Black, 128 GB)",OnePlus,27769,33999,18% off,4.3,548,34,8 GB RAM,128 GB ROM,7000 mAh Battery,Mediatek Dimensity 7400 Processor,17.07 cm (6.72 inch) Full HD+ Display,50MP Rear Camera | 8MP Front Camera,,https://www.flipkart.com/oneplus-nord-ce6-lite-hyper-black-128-gb/p/itm894a5599b758b?pid=MOBHN8CA4A6Z3KMZ&lid=LSTMOBHN8CA4A6Z3KMZTLNF8K&marketplace=FLIPKART&q=smart+phones&store=tyy%2F4io&srno=s_2_30&otracker=search&fm=organic&iid=3eb4f82e-9a5f-432d-bf24-2c85dbd0c93c.MOBHN8CA4A6Z3KMZ.SEARCH&ppt=None&ppn=None&ssid=xzf82v89q80000001786338176049&qH=a5594894156db043&ov_redirect=true,2026-08-10
31,"MOTOROLA Edge 60 Fusion 5G (PANTONE Zephyr, 256 GB)",MOTOROLA,27999,37999,26% off,4.4,"47,789","3,322",12 GB RAM,256 GB ROM,5500 mAh Battery,Dimensity 7400 Processor,16.94 cm (6.67 inch) Display,50MP + 13MP | 32MP Front Camera,,https://www.flipkart.com/motorola-edge-60-fusion-5g-pantone-zephyr-256-gb/p/itm64e3872f24188?pid=MOBHN974GP9AXZEC&lid=LSTMOBHN974GP9AXZEC6NHT6R&marketplace=FLIPKART&q=smart+phones&store=tyy%2F4io&srno=s_2_31&otracker=search&fm=organic&iid=3eb4f82e-9a5f-432d-bf24-2c85dbd0c93c.MOBHN974GP9AXZEC.SEARCH&ppt=None&ppn=None&ssid=xzf82v89q80000001786338176049&qH=a5594894156db043&ov_redirect=true,2026-08-10
32,"MOTOROLA g57 power 5G Snapdragon (Pantone Corsair, 128 GB)",MOTOROLA,21999,,,4.4,"52,888","3,770",8 GB RAM,128 GB ROM,7000 mAh Battery,6s Gen 4 Processor,17.07 cm (6.72 inch) Full HD+ Display,50MP + 8MP | 8MP Front Camera,,https://www.flipkart.com/motorola-g57-power-5g-snapdragon-pantone-corsair-128-gb/p/itm8332e9aa80c32?pid=MOBHN974GHFYSJNH&lid=LSTMOBHN974GHFYSJNH7KFUEZ&marketplace=FLIPKART&q=smart+phones&store=tyy%2F4io&srno=s_2_32&otracker=search&fm=organic&iid=3eb4f82e-9a5f-432d-bf24-2c85dbd0c93c.MOBHN974GHFYSJNH.SEARCH&ppt=None&ppn=None&ssid=xzf82v89q80000001786338176049&qH=a5594894156db043&ov_redirect=true,2026-08-10
33,"realme P4R 5G (Lavender Glare, 128 GB)",realme,21999,39999,45% off,4.4,"3,124",252,6 GB RAM,128 GB ROM,8000 mAh Lithium-ion polymer Battery,Dimensity 6300 Processor,17.27 cm (6.8 inch) HD+ Display,50MP Rear Camera | 8MP Front Camera,,https://www.flipkart.com/realme-p4r-5g-lavender-glare-128-gb/p/itmb42ae388c1ef6?pid=MOBHMYR3NPFHTFHE&lid=LSTMOBHMYR3NPFHTFHEQL7J8Y&marketplace=FLIPKART&q=smart+phones&store=tyy%2F4io&srno=s_2_33&otracker=search&fm=organic&iid=3eb4f82e-9a5f-432d-bf24-2c85dbd0c93c.MOBHMYR3NPFHTFHE.SEARCH&ppt=None&ppn=None&ssid=xzf82v89q80000001786338176049&qH=a5594894156db043&ov_redirect=true,2026-08-10
34,"POCO C85x (Sunset Gold, 64 GB)",POCO,13999,20999,33% off,4.2,"5,067",654,4 GB RAM,64 GB ROM,6300 mAh Lithium-Ion Polymer Battery,T8300 Processor,17.53 cm (6.9 inch) HD+ Display,32MP Rear Camera,,https://www.flipkart.com/poco-c85x-sunset-gold-64-gb/p/itm6b8cdd362c306?pid=MOBHMGG5PYZRFMKU&lid=LSTMOBHMGG5PYZRFMKUWRLUZB&marketplace=FLIPKART&q=smart+phones&store=tyy%2F4io&srno=s_2_34&otracker=search&fm=organic&iid=3eb4f82e-9a5f-432d-bf24-2c85dbd0c93c.MOBHMGG5PYZRFMKU.SEARCH&ppt=None&ppn=None&ssid=xzf82v89q80000001786338176049&qH=a5594894156db043&ov_redirect=true,2026-08-10
35,"Ai+ Pulse 2 (Blue, 64 GB)",Ai+,9199,10999,16% off,4.2,"7,797",488,4 GB RAM,64 GB ROM,6000 mAh Battery,T7250 Processor,17.13 cm (6.745 inch) HD+ Display,50MP Rear Camera | 8MP Front Camera,,https://www.flipkart.com/ai-pulse-2-blue-64-gb/p/itm9168504534079?pid=MOBHKHPYZFF8KUPC&lid=LSTMOBHKHPYZFF8KUPCXXI7UT&marketplace=FLIPKART&q=smart+phones&store=tyy%2F4io&srno=s_2_35&otracker=search&fm=organic&iid=3eb4f82e-9a5f-432d-bf24-2c85dbd0c93c.MOBHKHPYZFF8KUPC.SEARCH&ppt=None&ppn=None&ssid=xzf82v89q80000001786338176049&qH=a5594894156db043&ov_redirect=true,2026-08-10
36,"MOTOROLA g57 power 5G Snapdragon (Pantone Fluidity, 128 GB)",MOTOROLA,21999,,,4.4,"52,888","3,770",8 GB RAM,128 GB ROM,7000 mAh Battery,6s Gen 4 Processor,17.07 cm (6.72 inch) Full HD+ Display,50MP + 8MP | 8MP Front Camera,,https://www.flipkart.com/motorola-g57-power-5g-snapdragon-pantone-fluidity-128-gb/p/itm91f63bac8cd0f?pid=MOBHN974M3HHQ7CT&lid=LSTMOBHN974M3HHQ7CTSKENUK&marketplace=FLIPKART&q=smart+phones&store=tyy%2F4io&srno=s_2_36&otracker=search&fm=organic&iid=3eb4f82e-9a5f-432d-bf24-2c85dbd0c93c.MOBHN974M3HHQ7CT.SEARCH&ppt=None&ppn=None&ssid=xzf82v89q80000001786338176049&qH=a5594894156db043&ov_redirect=true,2026-08-10
37,"Ai+ Pulse 2 (Pink, 64 GB)",Ai+,9199,10999,16% off,4.2,"7,797",488,4 GB RAM,64 GB ROM,6000 mAh Battery,T7250 Processor,17.13 cm (6.745 inch) HD+ Display,50MP Rear Camera | 8MP Front Camera,,https://www.flipkart.com/ai-pulse-2-pink-64-gb/p/itmb3d9ab3459289?pid=MOBHKHPYGPUYAFQH&lid=LSTMOBHKHPYGPUYAFQHBVI3RO&marketplace=FLIPKART&q=smart+phones&store=tyy%2F4io&srno=s_2_37&otracker=search&fm=organic&iid=3eb4f82e-9a5f-432d-bf24-2c85dbd0c93c.MOBHKHPYGPUYAFQH.SEARCH&ppt=None&ppn=None&ssid=xzf82v89q80000001786338176049&qH=a5594894156db043&ov_redirect=true,2026-08-10
38,"MOTOROLA g37 (PANTONE Impenetrable, 64 GB)",MOTOROLA,14999,24999,40% off,4.3,"2,164",116,4 GB RAM,64 GB ROM,5200 mAh Battery,Dimensity 6400 Processor,16.92 cm (6.66 inch) HD+ Display,50MP Rear Camera | 8MP Front Camera,,https://www.flipkart.com/motorola-g37-pantone-impenetrable-64-gb/p/itm40c0c7bcb21fc?pid=MOBHHWB6GWE2CKHU&lid=LSTMOBHHWB6GWE2CKHUQEA6X8&marketplace=FLIPKART&q=smart+phones&store=tyy%2F4io&srno=s_2_38&otracker=search&fm=organic&iid=3eb4f82e-9a5f-432d-bf24-2c85dbd0c93c.MOBHHWB6GWE2CKHU.SEARCH&ppt=None&ppn=None&ssid=xzf82v89q80000001786338176049&qH=a5594894156db043&ov_redirect=true,2026-08-10
39,Vivo T4 Lite 5G (Titanium Gold 2026) (4GB 128GB),Vivo,18999,28999,34% off,4.3,"41,151","1,824",4 GB RAM,128 GB ROM,6000 mAh Battery,Dimensity 6300 5G Processor,17.12 cm (6.74 inch) HD+ Display,50MP + 2MP | 5MP Front Camera,5G,https://www.flipkart.com/vivo-t4-lite-5g-titanium-gold-2026-4gb-128gb/p/itm49fb53d099f3c?pid=MOBHNCRKN8ZBGAJR&lid=LSTMOBHNCRKN8ZBGAJREUTFV0&marketplace=FLIPKART&q=smart+phones&store=tyy%2F4io&srno=s_2_39&otracker=search&fm=organic&iid=3eb4f82e-9a5f-432d-bf24-2c85dbd0c93c.MOBHNCRKN8ZBGAJR.SEARCH&ppt=None&ppn=None&ssid=xzf82v89q80000001786338176049&qH=a5594894156db043&ov_redirect=true,2026-08-10
40,"realme P4 Lite 5G (Mosaic Green, 64 GB)",realme,16499,28999,43% off,4.2,"11,661",748,4 GB RAM,64 GB ROM,7000 mAh lithium-ion polymer Battery,Dimensity 6300 Processor,17.27 cm (6.8 inches) HD+ Display,13MP Rear Camera | 5MP Front Camera,,https://www.flipkart.com/realme-p4-lite-5g-mosaic-green-64-gb/p/itm90c243961f214?pid=MOBHN7A8SZ7F9C7T&lid=LSTMOBHN7A8SZ7F9C7TYM0TGX&marketplace=FLIPKART&q=smart+phones&store=tyy%2F4io&spotlightTagId=default_BestsellerId_tyy%2F4io&srno=s_2_40&otracker=search&fm=organic&iid=3eb4f82e-9a5f-432d-bf24-2c85dbd0c93c.MOBHN7A8SZ7F9C7T.SEARCH&ppt=None&ppn=None&ssid=xzf82v89q80000001786338176049&qH=a5594894156db043&ov_redirect=true,2026-08-10
41,"Samsung M06 5G (Sage Green, 128 GB)",Samsung,14238,16999,16% off,4.1,"4,947",331,4 GB RAM,128 GB ROM,5000 mAh Battery,,17.02 cm (6.7 inch) Display,50MP Rear Camera,,https://www.flipkart.com/samsung-m06-5g-sage-green-128-gb/p/itmcafa42dadc15c?pid=MOBH9UYFYVNKR3HR&lid=LSTMOBH9UYFYVNKR3HRU5T1CI&marketplace=FLIPKART&q=smart+phones&store=tyy%2F4io&srno=s_2_41&otracker=search&fm=organic&iid=3eb4f82e-9a5f-432d-bf24-2c85dbd0c93c.MOBH9UYFYVNKR3HR.SEARCH&ppt=None&ppn=None&ssid=xzf82v89q80000001786338176049&qH=a5594894156db043&ov_redirect=true,2026-08-10
42,"MOTOROLA Edge 70 (PANTONE Bronze Green, 256 GB)",MOTOROLA,27999,34999,20% off,4.4,"7,778",950,8 GB RAM,256 GB ROM,5000 mAh Battery,Snapdragon® 7 Gen 4 Processor,17.02 cm (6.7 inch) Full HD+ AMOLED Display,50MP + 50MP | 50MP Front Camera,,https://www.flipkart.com/motorola-edge-70-pantone-bronze-green-256-gb/p/itmc5fb119ade9e5?pid=MOBHHWX6CZUZFKBP&lid=LSTMOBHHWX6CZUZFKBPB8NEDK&marketplace=FLIPKART&q=smart+phones&store=tyy%2F4io&srno=s_2_42&otracker=search&fm=organic&iid=3eb4f82e-9a5f-432d-bf24-2c85dbd0c93c.MOBHHWX6CZUZFKBP.SEARCH&ppt=None&ppn=None&ssid=xzf82v89q80000001786338176049&qH=a5594894156db043&ov_redirect=true,2026-08-10
43,"realme P4R 5G (Silver Glare, 128 GB)",realme,19499,34999,44% off,4.2,"1,542",132,4 GB RAM,128 GB ROM,8000 mAh Lithium-ion polymer Battery,Dimensity 6300 Processor,17.27 cm (6.8 inch) HD+ Display,50MP Rear Camera | 8MP Front Camera,,https://www.flipkart.com/realme-p4r-5g-silver-glare-128-gb/p/itmb42ae388c1ef6?pid=MOBHMYR3EJZ8J2ES&lid=LSTMOBHMYR3EJZ8J2ESNKDP7V&marketplace=FLIPKART&q=smart+phones&store=tyy%2F4io&srno=s_2_43&otracker=search&fm=organic&iid=3eb4f82e-9a5f-432d-bf24-2c85dbd0c93c.MOBHMYR3EJZ8J2ES.SEARCH&ppt=None&ppn=None&ssid=xzf82v89q80000001786338176049&qH=a5594894156db043&ov_redirect=true,2026-08-10
44,"realme P4 5G (Steel Grey, 128 GB)",realme,24999,40999,39% off,4.4,"22,740","1,890",6 GB RAM,128 GB ROM,7000 mAh Battery,Mediatek Dimensity 7400 Processor,17.2 cm (6.77 inch) Display,50MP + 8MP | 16MP Front Camera,,https://www.flipkart.com/realme-p4-5g-steel-grey-128-gb/p/itmf836e6de035a5?pid=MOBHN7A8YFZ34HCZ&lid=LSTMOBHN7A8YFZ34HCZADUCUK&marketplace=FLIPKART&q=smart+phones&store=tyy%2F4io&srno=s_2_44&otracker=search&fm=organic&iid=3eb4f82e-9a5f-432d-bf24-2c85dbd0c93c.MOBHN7A8YFZ34HCZ.SEARCH&ppt=None&ppn=None&ssid=xzf82v89q80000001786338176049&qH=a5594894156db043&ov_redirect=true,2026-08-10
45,"REDMI 15 5G (Frosted White, 256 GB)",REDMI,27449,27999,1% off,4.3,"4,760",297,8 GB RAM,256 GB ROM,7000 mAh Battery,,17.53 cm (6.9 inch) Display,50MP Rear Camera,,https://www.flipkart.com/redmi-15-5g-frosted-white-256-gb/p/itmd7bced8727891?pid=MOBHFH94XMPDASMJ&lid=LSTMOBHFH94XMPDASMJ22REZA&marketplace=FLIPKART&q=smart+phones&store=tyy%2F4io&srno=s_2_45&otracker=search&fm=organic&iid=3eb4f82e-9a5f-432d-bf24-2c85dbd0c93c.MOBHFH94XMPDASMJ.SEARCH&ppt=None&ppn=None&ssid=xzf82v89q80000001786338176049&qH=a5594894156db043&ov_redirect=true,2026-08-10
46,"MOTOROLA Edge 60 Fusion 5G (PANTONE Slipstream, 256 GB)",MOTOROLA,27999,37999,26% off,4.4,"47,789","3,322",12 GB RAM,256 GB ROM,5500 mAh Battery,Dimensity 7400 Processor,16.94 cm (6.67 inch) Display,50MP + 13MP | 32MP Front Camera,,https://www.flipkart.com/motorola-edge-60-fusion-5g-pantone-slipstream-256-gb/p/itmd3151f89e7078?pid=MOBHN974NUGGH4FH&lid=LSTMOBHN974NUGGH4FH6IKZHQ&marketplace=FLIPKART&q=smart+phones&store=tyy%2F4io&srno=s_2_46&otracker=search&fm=organic&iid=3eb4f82e-9a5f-432d-bf24-2c85dbd0c93c.MOBHN974NUGGH4FH.SEARCH&ppt=None&ppn=None&ssid=xzf82v89q80000001786338176049&qH=a5594894156db043&ov_redirect=true,2026-08-10
47,"MOTOROLA g37 (PANTONE Capri, 64 GB)",MOTOROLA,14999,24999,40% off,4.3,"2,164",116,4 GB RAM,64 GB ROM,5200 mAh Battery,Dimensity 6400 Processor,16.92 cm (6.66 inch) HD+ Display,50MP Rear Camera | 8MP Front Camera,,https://www.flipkart.com/motorola-g37-pantone-capri-64-gb/p/itm54f0e687c7b29?pid=MOBHHWB6U3Q3RYFD&lid=LSTMOBHHWB6U3Q3RYFDYGJVNO&marketplace=FLIPKART&q=smart+phones&store=tyy%2F4io&srno=s_2_47&otracker=search&fm=organic&iid=3eb4f82e-9a5f-432d-bf24-2c85dbd0c93c.MOBHHWB6U3Q3RYFD.SEARCH&ppt=None&ppn=None&ssid=xzf82v89q80000001786338176049&qH=a5594894156db043&ov_redirect=true,2026-08-10
48,"Ai+ Nova 2 Pro 5G (Purple, 128 GB)",Ai+,15999,21999,27% off,4.1,876,110,6 GB RAM,128 GB ROM,6000 mAh Li-polymer Battery,Dimensity 7100 Processor,17.53 cm (6.9 inch) Full HD+ Display,48MP Rear Camera | 13MP Front Camera,,https://www.flipkart.com/ai-nova-2-pro-5g-purple-128-gb/p/itm95899429b0b18?pid=MOBHZ8ZMGVPHRQWP&lid=LSTMOBHZ8ZMGVPHRQWPFTQBJE&marketplace=FLIPKART&q=smart+phones&store=tyy%2F4io&srno=s_2_48&otracker=search&fm=organic&iid=3eb4f82e-9a5f-432d-bf24-2c85dbd0c93c.MOBHZ8ZMGVPHRQWP.SEARCH&ppt=None&ppn=None&ssid=xzf82v89q80000001786338176049&qH=a5594894156db043&ov_redirect=true,2026-08-10
49,"realme P4x 5G (Lake Green, 128 GB)",realme,21999,38999,43% off,4.3,"14,006","1,192",6 GB RAM,128 GB ROM,7000 mAh Battery,Dimensity 7400 Ultra Processor,17.07 cm (6.72 inch) Full HD+ Display,50MP + 2MP | 8MP Front Camera,,https://www.flipkart.com/realme-p4x-5g-lake-green-128-gb/p/itm575b1540859e4?pid=MOBHN7A8WK5SGBYN&lid=LSTMOBHN7A8WK5SGBYNA6NKVS&marketplace=FLIPKART&q=smart+phones&store=tyy%2F4io&spotlightTagId=default_TrendingId_tyy%2F4io&srno=s_3_49&otracker=search&fm=organic&iid=2691cbf3-99cc-48a3-b530-015f9a2844b8.MOBHN7A8WK5SGBYN.SEARCH&ppt=None&ppn=None&ssid=9n53s7ky340000001786338179188&qH=a5594894156db043&ov_redirect=true,2026-08-10
50,"Ai+ Pulse 2 (Purple, 128 GB)",Ai+,10499,15499,32% off,4.2,"7,797",488,4 GB RAM,128 GB ROM,6000 mAh Battery,T7250 Processor,17.13 cm (6.745 inch) HD+ Display,50MP Rear Camera | 8MP Front Camera,,https://www.flipkart.com/ai-pulse-2-purple-128-gb/p/itm982c299d0417e?pid=MOBHZPMCHGKFHBYZ&lid=LSTMOBHZPMCHGKFHBYZ6ZSAMY&marketplace=FLIPKART&q=smart+phones&store=tyy%2F4io&srno=s_3_50&otracker=search&fm=organic&iid=2691cbf3-99cc-48a3-b530-015f9a2844b8.MOBHZPMCHGKFHBYZ.SEARCH&ppt=None&ppn=None&ssid=9n53s7ky340000001786338179188&qH=a5594894156db043&ov_redirect=true,2026-08-10
51,"vivo X200T (Stellar Black, 256 GB)",vivo,59999,80000,25% off,4.6,"7,663","1,531",12 GB RAM,256 GB ROM,6200 mAh Battery,Dimensity 9400+ Processor,16.94 cm (6.67 inch) Full HD+ AMOLED Display,50MP + 50MP + 50MP | 32MP Front Camera,,https://www.flipkart.com/vivo-x200t-stellar-black-256-gb/p/itm1b8452d68859b?pid=MOBHJK5MBRDS3GUQ&lid=LSTMOBHJK5MBRDS3GUQWMQNUP&marketplace=FLIPKART&q=smart+phones&store=tyy%2F4io&srno=s_3_51&otracker=search&fm=organic&iid=en_eZjxwOUOzmsraryFTq1XWWkTEFr22vwiU7Vg6aSdI4GbexOUcgD5b0NurSM8mebp5NnpnPl9EV967ILZe79qK-aVsfQpjYwoxtKUfFby9ZRlNTAM9QXe1hr9KPLkVB_3&ppt=None&ppn=None&ssid=9n53s7ky340000001786338179188&qH=a5594894156db043&ov_redirect=true,2026-08-10
52,"HMD Vibe2 5G (Nordic Blue, 128 GB)",HMD,16999,19999,15% off,4.5,"3,999",387,4 GB RAM,128 GB ROM,6000 mAh Li-Poly Battery,,17.02 cm (6.7 inch) HD+ Display,50MP Rear Camera | 8MP Front Camera,,https://www.flipkart.com/hmd-vibe2-5g-nordic-blue-128-gb/p/itm71c3ae6df2a26?pid=MOBHN6XYNGZQCBWB&lid=LSTMOBHN6XYNGZQCBWBVAYNRE&marketplace=FLIPKART&q=smart+phones&store=tyy%2F4io&srno=s_3_52&otracker=search&fm=organic&iid=2691cbf3-99cc-48a3-b530-015f9a2844b8.MOBHN6XYNGZQCBWB.SEARCH&ppt=None&ppn=None&ssid=9n53s7ky340000001786338179188&qH=a5594894156db043&ov_redirect=true,2026-08-10
53,"OPPO K14x 5G (Prism Violet, 128 GB)",OPPO,19999,,,4.4,"3,068",217,6 GB RAM,128 GB ROM,6500 mAh Battery,Dimensity 6300 Processor,17.14 cm (6.75 inch) HD+ Display,,,https://www.flipkart.com/oppo-k14x-5g-prism-violet-128-gb/p/itm188c7a4b69292?pid=MOBHJQQ4PHAQBYMS&lid=LSTMOBHJQQ4PHAQBYMSYOVIPV&marketplace=FLIPKART&q=smart+phones&store=tyy%2F4io&srno=s_3_53&otracker=search&fm=organic&iid=2691cbf3-99cc-48a3-b530-015f9a2844b8.MOBHJQQ4PHAQBYMS.SEARCH&ppt=None&ppn=None&ssid=9n53s7ky340000001786338179188&qH=a5594894156db043&ov_redirect=true,2026-08-10
54,"MOTOROLA g06 power (Pantone Tendril, 64 GB)",MOTOROLA,13999,19999,30% off,4.2,"21,992","1,508",4 GB RAM,64 GB ROM,7000 mAh Battery,Helio G81 Processor,17.48 cm (6.88 inch) HD+ Display,50MP Rear Camera | 8MP Front Camera,,https://www.flipkart.com/motorola-g06-power-pantone-tendril-64-gb/p/itm2f1ca967879c9?pid=MOBHN973UQNPMAAN&lid=LSTMOBHN973UQNPMAANZHPTVN&marketplace=FLIPKART&q=smart+phones&store=tyy%2F4io&srno=s_3_54&otracker=search&fm=organic&iid=2691cbf3-99cc-48a3-b530-015f9a2844b8.MOBHN973UQNPMAAN.SEARCH&ppt=None&ppn=None&ssid=9n53s7ky340000001786338179188&qH=a5594894156db043&ov_redirect=true,2026-08-10
55,"vivo T5x 5G (Fusion Red, 128 GB)",vivo,27999,30999,9% off,4.4,"20,344","1,515",8 GB RAM,128 GB ROM,7200 mAh Li-ion Battery,Dimensity 7400-Turbo Processor,17.17 cm (6.76 inch) Display,50MP + 2MP | 32MP Front Camera,,https://www.flipkart.com/vivo-t5x-5g-fusion-red-128-gb/p/itm7da8aa253e72b?pid=MOBHPGHCZVCYZUP7&lid=LSTMOBHPGHCZVCYZUP7VAIWGY&marketplace=FLIPKART&q=smart+phones&store=tyy%2F4io&srno=s_3_55&otracker=search&fm=organic&iid=2691cbf3-99cc-48a3-b530-015f9a2844b8.MOBHPGHCZVCYZUP7.SEARCH&ppt=None&ppn=None&ssid=9n53s7ky340000001786338179188&qH=a5594894156db043&ov_redirect=true,2026-08-10
56,"POCO C85x (Emerald Green, 128 GB)",POCO,14999,21999,31% off,4.2,"5,067",654,4 GB RAM,128 GB ROM,6300 mAh Lithium-Ion Polymer Battery,T8300 Processor,17.53 cm (6.9 inch) HD+ Display,32MP Rear Camera,,https://www.flipkart.com/poco-c85x-emerald-green-128-gb/p/itm2ed0d15dfc872?pid=MOBHMGG5JUYG9DCY&lid=LSTMOBHMGG5JUYG9DCYHB3OAA&marketplace=FLIPKART&q=smart+phones&store=tyy%2F4io&srno=s_3_56&otracker=search&fm=organic&iid=2691cbf3-99cc-48a3-b530-015f9a2844b8.MOBHMGG5JUYG9DCY.SEARCH&ppt=None&ppn=None&ssid=9n53s7ky340000001786338179188&qH=a5594894156db043&ov_redirect=true,2026-08-10
57,"MOTOROLA g37 power (PANTONE Nautical Blue, 64 GB)",MOTOROLA,14999,26499,43% off,4.2,"3,767",409,4 GB RAM,64 GB ROM,7000 mAh Battery,Dimensity 6400 Processor,16.92 cm (6.66 inch) HD+ Display,50MP Rear Camera | 8MP Front Camera,,https://www.flipkart.com/motorola-g37-power-pantone-nautical-blue-64-gb/p/itmd870c5c6fd857?pid=MOBHMHG6KZXMFNKF&lid=LSTMOBHMHG6KZXMFNKFGQD9G0&marketplace=FLIPKART&q=smart+phones&store=tyy%2F4io&srno=s_3_57&otracker=search&fm=organic&iid=2691cbf3-99cc-48a3-b530-015f9a2844b8.MOBHMHG6KZXMFNKF.SEARCH&ppt=None&ppn=None&ssid=9n53s7ky340000001786338179188&qH=a5594894156db043&ov_redirect=true,2026-08-10
58,"Ai+ Nova 2 Neo 5G (Blue, 128 GB)",Ai+,15999,19999,20% off,4.2,481,44,6 GB RAM,128 GB ROM,6000 mAh Li-polymer Battery,Dimensity 6300 Processor,17.13 cm (6.745 inch) HD+ Display,48MP Rear Camera | 8MP Front Camera,,https://www.flipkart.com/ai-nova-2-neo-5g-blue-128-gb/p/itmbe9c32c02c347?pid=MOBHZ8ZMMVSHPYKG&lid=LSTMOBHZ8ZMMVSHPYKGK2DZD5&marketplace=FLIPKART&q=smart+phones&store=tyy%2F4io&srno=s_3_58&otracker=search&fm=organic&iid=2691cbf3-99cc-48a3-b530-015f9a2844b8.MOBHZ8ZMMVSHPYKG.SEARCH&ppt=None&ppn=None&ssid=9n53s7ky340000001786338179188&qH=a5594894156db043&ov_redirect=true,2026-08-10
59,"MOTOROLA Edge 70 Fusion (Pantone BLUE SURF, 512 GB)",MOTOROLA,36999,64999,43% off,4.3,"3,675",409,12 GB RAM,512 GB ROM,7000 mAh Battery,Snapdragon 7s Gen 4 Processor,17.27 cm (6.8 inch) Super HD Display,50MP + 13MP | 32MP Front Camera,,https://www.flipkart.com/motorola-edge-70-fusion-pantone-blue-surf-512-gb/p/itm87b81fff91d44?pid=MOBHNSA6KGKFVSPF&lid=LSTMOBHNSA6KGKFVSPFPPKGGH&marketplace=FLIPKART&q=smart+phones&store=tyy%2F4io&srno=s_3_59&otracker=search&fm=organic&iid=2691cbf3-99cc-48a3-b530-015f9a2844b8.MOBHNSA6KGKFVSPF.SEARCH&ppt=None&ppn=None&ssid=9n53s7ky340000001786338179188&qH=a5594894156db043&ov_redirect=true,2026-08-10
60,"Ai+ Nova 2 Ultra 5G (Black, 128 GB)",Ai+,19999,26999,25% off,4.1,"1,179",176,8 GB RAM,128 GB ROM,6000 mAh Li-polymer Battery,Dimensity 7400 Processor,17.22 cm (6.78 inch) Full HD+ AMOLED Display,50MP + 8MP | 13MP Front Camera,,https://www.flipkart.com/ai-nova-2-ultra-5g-black-128-gb/p/itmb9931e4571d70?pid=MOBHHUFDPSYQMHXU&lid=LSTMOBHHUFDPSYQMHXUZYHMZS&marketplace=FLIPKART&q=smart+phones&store=tyy%2F4io&srno=s_3_60&otracker=search&fm=organic&iid=2691cbf3-99cc-48a3-b530-015f9a2844b8.MOBHHUFDPSYQMHXU.SEARCH&ppt=None&ppn=None&ssid=9n53s7ky340000001786338179188&qH=a5594894156db043&ov_redirect=true,2026-08-10
61,"Samsung M06 5G (Sage Green, 128 GB)",Samsung,16830,16999,,4.1,"2,301",163,6 GB RAM,128 GB ROM,5000 mAh Battery,,17.02 cm (6.7 inch) Display,50MP Rear Camera,,https://www.flipkart.com/samsung-m06-5g-sage-green-128-gb/p/itmcafa42dadc15c?pid=MOBH9UYF3VCXJ279&lid=LSTMOBH9UYF3VCXJ279PNS4PQ&marketplace=FLIPKART&q=smart+phones&store=tyy%2F4io&srno=s_3_61&otracker=search&fm=organic&iid=2691cbf3-99cc-48a3-b530-015f9a2844b8.MOBH9UYF3VCXJ279.SEARCH&ppt=None&ppn=None&ssid=9n53s7ky340000001786338179188&qH=a5594894156db043&ov_redirect=true,2026-08-10
62,"MOTOROLA Signature (PANTONE Martini Olive, 512 GB)",MOTOROLA,62499,79999,21% off,4.5,925,173,16 GB RAM,512 GB ROM,5200 mAh Battery,Snapdragon 8 Gen 5 Processor,17.27 cm (6.8 inch) Super HD Display,50MP + 50MP + 50MP | 50MP Front Camera,,https://www.flipkart.com/motorola-signature-pantone-martini-olive-512-gb/p/itm74c2055820110?pid=MOBHGVJY6SUYWYTK&lid=LSTMOBHGVJY6SUYWYTKDFVCYR&marketplace=FLIPKART&q=smart+phones&store=tyy%2F4io&srno=s_3_62&otracker=search&fm=organic&iid=2691cbf3-99cc-48a3-b530-015f9a2844b8.MOBHGVJY6SUYWYTK.SEARCH&ppt=None&ppn=None&ssid=9n53s7ky340000001786338179188&qH=a5594894156db043&ov_redirect=true,2026-08-10
63,"realme P4R 5G (Silver Glare, 128 GB)",realme,21999,39999,45% off,4.4,"3,124",252,6 GB RAM,128 GB ROM,8000 mAh Lithium-ion polymer Battery,Dimensity 6300 Processor,17.27 cm (6.8 inch) HD+ Display,50MP Rear Camera | 8MP Front Camera,,https://www.flipkart.com/realme-p4r-5g-silver-glare-128-gb/p/itmb42ae388c1ef6?pid=MOBHMYR3NMRPYBY4&lid=LSTMOBHMYR3NMRPYBY4VMMEPX&marketplace=FLIPKART&q=smart+phones&store=tyy%2F4io&srno=s_3_63&otracker=search&fm=organic&iid=2691cbf3-99cc-48a3-b530-015f9a2844b8.MOBHMYR3NMRPYBY4.SEARCH&ppt=None&ppn=None&ssid=9n53s7ky340000001786338179188&qH=a5594894156db043&ov_redirect=true,2026-08-10
64,Vivo T4 Lite 5G (Prism Blue 2026) ( 4GB 128GB),Vivo,18999,28999,34% off,4.3,"41,151","1,824",4 GB RAM,128 GB ROM,6000 mAh Battery,Dimensity 6300 5G Processor,17.12 cm (6.74 inch) HD+ Display,50MP + 2MP | 5MP Front Camera,5G,https://www.flipkart.com/vivo-t4-lite-5g-prism-blue-2026-4gb-128gb/p/itm49fb53d099f3c?pid=MOBHNCRKRGZ4MJDK&lid=LSTMOBHNCRKRGZ4MJDKTRQ94M&marketplace=FLIPKART&q=smart+phones&store=tyy%2F4io&srno=s_3_64&otracker=search&fm=organic&iid=2691cbf3-99cc-48a3-b530-015f9a2844b8.MOBHNCRKRGZ4MJDK.SEARCH&ppt=None&ppn=None&ssid=9n53s7ky340000001786338179188&qH=a5594894156db043&ov_redirect=true,2026-08-10
65,"realme P4 Pro 5G (Midnight Ivy, 256 GB)",realme,30999,,,4.4,"20,012","1,927",8 GB RAM,256 GB ROM,7000 mAh Battery,Snapdragon 7 Gen 4 Mobile Processor,17.27 cm (6.8 inch) Full HD+ Display,50MP + 8MP | 50MP Front Camera,,https://www.flipkart.com/realme-p4-pro-5g-midnight-ivy-256-gb/p/itme41a54752cc21?pid=MOBHERXK3YKZUWWZ&lid=LSTMOBHERXK3YKZUWWZM7IFIN&marketplace=FLIPKART&q=smart+phones&store=tyy%2F4io&srno=s_3_65&otracker=search&fm=organic&iid=2691cbf3-99cc-48a3-b530-015f9a2844b8.MOBHERXK3YKZUWWZ.SEARCH&ppt=None&ppn=None&ssid=9n53s7ky340000001786338179188&qH=a5594894156db043&ov_redirect=true,2026-08-10
66,"POCO C85 5G (Mystic Purple, 128 GB)",POCO,17999,22999,21% off,4.2,"1,768",119,6 GB RAM,128 GB ROM,6000 mAh Lithium-Ion Polymer Battery,Dimensity 6300 Processor,17.53 cm (6.9 inch) HD+ Display,50MP Rear Camera | 8MP Front Camera,,https://www.flipkart.com/poco-c85-5g-mystic-purple-128-gb/p/itmbab3636ca0451?pid=MOBHMGG5ZM2KRGEG&lid=LSTMOBHMGG5ZM2KRGEG8Q0T7X&marketplace=FLIPKART&q=smart+phones&store=tyy%2F4io&srno=s_3_66&otracker=search&fm=organic&iid=2691cbf3-99cc-48a3-b530-015f9a2844b8.MOBHMGG5ZM2KRGEG.SEARCH&ppt=None&ppn=None&ssid=9n53s7ky340000001786338179188&qH=a5594894156db043&ov_redirect=true,2026-08-10
67,"realme P4R 5G (Titanium Glare, 128 GB)",realme,19499,34999,44% off,4.2,"1,542",132,4 GB RAM,128 GB ROM,8000 mAh Lithium-ion polymer Battery,Dimensity 6300 Processor,17.27 cm (6.8 inch) HD+ Display,50MP Rear Camera | 8MP Front Camera,,https://www.flipkart.com/realme-p4r-5g-titanium-glare-128-gb/p/itmb42ae388c1ef6?pid=MOBHMYR3WJZZMJCK&lid=LSTMOBHMYR3WJZZMJCKWJWXFC&marketplace=FLIPKART&q=smart+phones&store=tyy%2F4io&srno=s_3_67&otracker=search&fm=organic&iid=2691cbf3-99cc-48a3-b530-015f9a2844b8.MOBHMYR3WJZZMJCK.SEARCH&ppt=None&ppn=None&ssid=9n53s7ky340000001786338179188&qH=a5594894156db043&ov_redirect=true,2026-08-10
68,"POCO C85 5G (Mystic Purple, 128 GB)",POCO,16499,20999,21% off,3.8,"2,258",236,4 GB RAM,128 GB ROM,6000 mAh Lithium-Ion Polymer Battery,Dimensity 6300 Processor,17.53 cm (6.9 inch) HD+ Display,50MP Rear Camera | 8MP Front Camera,,https://www.flipkart.com/poco-c85-5g-mystic-purple-128-gb/p/itm74e2143a5de24?pid=MOBHMGG5UZHEVJBK&lid=LSTMOBHMGG5UZHEVJBKEMSDJS&marketplace=FLIPKART&q=smart+phones&store=tyy%2F4io&srno=s_3_68&otracker=search&fm=organic&iid=2691cbf3-99cc-48a3-b530-015f9a2844b8.MOBHMGG5UZHEVJBK.SEARCH&ppt=None&ppn=None&ssid=9n53s7ky340000001786338179188&qH=a5594894156db043&ov_redirect=true,2026-08-10
69,"REDMI 15 5G (Sandy Purple, 128 GB)",REDMI,21999,32999,33% off,4.3,"2,976",230,6 GB RAM,128 GB ROM,7000 mAh Battery,,17.53 cm (6.9 inch) Display,50MP Rear Camera,,https://www.flipkart.com/redmi-15-5g-sandy-purple-128-gb/p/itmd7bced8727891?pid=MOBHFH95KX2GA62H&lid=LSTMOBHFH95KX2GA62HSHHE4I&marketplace=FLIPKART&q=smart+phones&store=tyy%2F4io&srno=s_3_69&otracker=search&fm=organic&iid=2691cbf3-99cc-48a3-b530-015f9a2844b8.MOBHFH95KX2GA62H.SEARCH&ppt=None&ppn=None&ssid=9n53s7ky340000001786338179188&qH=a5594894156db043&ov_redirect=true,2026-08-10
70,"realme 15 5G (Silk Pink, 128 GB)",realme,29999,,,4.4,"10,921","1,170",8 GB RAM,128 GB ROM,7000 mAh Battery,Mediatek Dimensity 7300+ 5G Processor,17.27 cm (6.8 inch) Full HD+ Display,50MP + 8MP | 50MP Front Camera,5G,https://www.flipkart.com/realme-15-5g-silk-pink-128-gb/p/itme9581fbd0e97a?pid=MOBHDUKFCAYHHEPN&lid=LSTMOBHDUKFCAYHHEPNV0U5CZ&marketplace=FLIPKART&q=smart+phones&store=tyy%2F4io&srno=s_3_70&otracker=search&fm=organic&iid=2691cbf3-99cc-48a3-b530-015f9a2844b8.MOBHDUKFCAYHHEPN.SEARCH&ppt=None&ppn=None&ssid=9n53s7ky340000001786338179188&qH=a5594894156db043&ov_redirect=true,2026-08-10
71,"realme P4x 5G (Elegant Pink, 128 GB)",realme,23499,,,4.3,"7,506",637,8 GB RAM,128 GB ROM,7000 mAh Battery,Dimensity 7400 Ultra Processor,17.07 cm (6.72 inch) Full HD+ Display,50MP + 2MP | 8MP Front Camera,,https://www.flipkart.com/realme-p4x-5g-elegant-pink-128-gb/p/itm575b1540859e4?pid=MOBHHWGMEFWZNZ4R&lid=LSTMOBHHWGMEFWZNZ4RWAOEHS&marketplace=FLIPKART&q=smart+phones&store=tyy%2F4io&srno=s_3_71&otracker=search&fm=organic&iid=2691cbf3-99cc-48a3-b530-015f9a2844b8.MOBHHWGMEFWZNZ4R.SEARCH&ppt=None&ppn=None&ssid=9n53s7ky340000001786338179188&qH=a5594894156db043&ov_redirect=true,2026-08-10
72,"Ai+ Nova 2 Neo 5G (Blue, 64 GB)",Ai+,13999,17999,22% off,4.4,912,104,4 GB RAM,64 GB ROM,6000 mAh Li-polymer Battery,Dimensity 6300 Processor,17.13 cm (6.745 inch) HD+ Display,48MP Rear Camera | 8MP Front Camera,,https://www.flipkart.com/ai-nova-2-neo-5g-blue-64-gb/p/itm9cecebc4cb5bb?pid=MOBHZ8ZMUE2GBADZ&lid=LSTMOBHZ8ZMUE2GBADZGIDDQX&marketplace=FLIPKART&q=smart+phones&store=tyy%2F4io&srno=s_3_72&otracker=search&fm=organic&iid=2691cbf3-99cc-48a3-b530-015f9a2844b8.MOBHZ8ZMUE2GBADZ.SEARCH&ppt=None&ppn=None&ssid=9n53s7ky340000001786338179188&qH=a5594894156db043&ov_redirect=true,2026-08-10
73,"Ai+ Nova 2 Ultra 5G (Red, 128 GB)",Ai+,17999,25999,30% off,4.1,"2,297",318,6 GB RAM,128 GB ROM,6000 mAh Li-polymer Battery,Dimensity 7400 Processor,17.22 cm (6.78 inch) Full HD+ AMOLED Display,50MP + 8MP | 13MP Front Camera,,https://www.flipkart.com/ai-nova-2-ultra-5g-red-128-gb/p/itm22cf1955010c8?pid=MOBHHUFDEJZSRYCA&lid=LSTMOBHHUFDEJZSRYCAWVDR30&marketplace=FLIPKART&q=smart+phones&store=tyy%2F4io&srno=s_4_73&otracker=search&fm=organic&iid=56d218b9-e361-49ad-81fb-0575e395ddce.MOBHHUFDEJZSRYCA.SEARCH&ppt=None&ppn=None&ssid=s5377y3ozk0000001786338182149&qH=a5594894156db043&ov_redirect=true,2026-08-10
74,"Ai+ Pulse 2 (Black, 64 GB)",Ai+,9199,10999,16% off,4.2,"7,797",488,4 GB RAM,64 GB ROM,6000 mAh Battery,T7250 Processor,17.13 cm (6.745 inch) HD+ Display,50MP Rear Camera | 8MP Front Camera,,https://www.flipkart.com/ai-pulse-2-black-64-gb/p/itm7feca2e591fba?pid=MOBHKHPYGKYZ3YUN&lid=LSTMOBHKHPYGKYZ3YUNYJ4N4U&marketplace=FLIPKART&q=smart+phones&store=tyy%2F4io&srno=s_4_74&otracker=search&fm=organic&iid=56d218b9-e361-49ad-81fb-0575e395ddce.MOBHKHPYGKYZ3YUN.SEARCH&ppt=None&ppn=None&ssid=s5377y3ozk0000001786338182149&qH=a5594894156db043&ov_redirect=true,2026-08-10
75,"realme Narzo 90x 5G (Flash Blue, 128 GB)",realme,22499,22999,2% off,4.3,"1,456",102,8 GB RAM,128 GB ROM,7000 mAh Battery,,17.27 cm (6.8 inch) Display,50MP Rear Camera,,https://www.flipkart.com/realme-narzo-90x-5g-flash-blue-128-gb/p/itma63c5c5ce781a?pid=MOBHGUHGEGQQTHY2&lid=LSTMOBHGUHGEGQQTHY2PVBGT5&marketplace=FLIPKART&q=smart+phones&store=tyy%2F4io&srno=s_4_75&otracker=search&fm=organic&iid=56d218b9-e361-49ad-81fb-0575e395ddce.MOBHGUHGEGQQTHY2.SEARCH&ppt=None&ppn=None&ssid=s5377y3ozk0000001786338182149&qH=a5594894156db043&ov_redirect=true,2026-08-10
76,"OPPO K14 5G (Prism White, 128 GB)",OPPO,23999,25999,7% off,4.5,"5,517",286,6 GB RAM,128 GB ROM,7000 mAh Battery,Dimensity 6300 Processor,17.14 cm (6.75 inch) HD+ Display,50MP Rear Camera | 8MP Front Camera,,https://www.flipkart.com/oppo-k14-5g-prism-white-128-gb/p/itm2a5cc1d23c2af?pid=MOBHKQYY9JJPHATW&lid=LSTMOBHKQYY9JJPHATWF0JOIP&marketplace=FLIPKART&q=smart+phones&store=tyy%2F4io&srno=s_4_76&otracker=search&fm=organic&iid=56d218b9-e361-49ad-81fb-0575e395ddce.MOBHKQYY9JJPHATW.SEARCH&ppt=None&ppn=None&ssid=s5377y3ozk0000001786338182149&qH=a5594894156db043&ov_redirect=true,2026-08-10
77,"HMD VIBE2 5G (Nordic Blue, 128 GB)",HMD,18999,24999,24% off,4.3,329,18,6 GB RAM,128 GB ROM,6000 mAh Li-Poly Battery,,17.02 cm (6.7 inch) HD+ Display,50MP Rear Camera | 8MP Front Camera,,https://www.flipkart.com/hmd-vibe2-5g-nordic-blue-128-gb/p/itm71c3ae6df2a26?pid=MOBHNS6YYSAJPVHZ&lid=LSTMOBHNS6YYSAJPVHZHEOKCG&marketplace=FLIPKART&q=smart+phones&store=tyy%2F4io&srno=s_4_77&otracker=search&fm=organic&iid=en_PLkkJzunNB7Zre3s2ehKb_cfFwwJ2Q4Dpo2jp3oAM0vBAPtnbhcfW9K7ZPgZovPb7e4s2HluJty_9oW79UhcHlf92jFpQknvFH-bDQHJsKTr066X-V-g4z0kx9zNdvNn&ppt=None&ppn=None&ssid=s5377y3ozk0000001786338182149&qH=a5594894156db043&ov_redirect=true,2026-08-10
78,"Nothing Phone (4b) (Blue, 128 GB)",Nothing,34999,54999,36% off,4.4,773,66,8 GB RAM,128 GB ROM,6000 mAh Lithium ion Battery,6 Gen 4 Processor,17.2 cm (6.77 inch) Full HD+ AMOLED Display,50MP + 8MP | 16MP Front Camera,,https://www.flipkart.com/nothing-phone-4b-blue-128-gb/p/itm939608b40adbb?pid=MOBHZMBD9WNP9HHB&lid=LSTMOBHZMBD9WNP9HHBUJTCGV&marketplace=FLIPKART&q=smart+phones&store=tyy%2F4io&srno=s_4_78&otracker=search&fm=organic&iid=en_PLkkJzunNB7Zre3s2ehKb_cfFwwJ2Q4Dpo2jp3oAM0uWR1-LLd8D_vHt3zI5t579tphJEViWk9b5gLdO-3tqikJ2Ti079-kzsPF1srjgW3pujFbwTsx47dYva0v96Smz&ppt=None&ppn=None&ssid=s5377y3ozk0000001786338182149&qH=a5594894156db043&ov_redirect=true,2026-08-10
79,"Ai+ Pulse 2 (Blue, 128 GB)",Ai+,11499,11999,4% off,3.7,"7,215",671,6 GB RAM,128 GB ROM,6000 mAh Battery,T7250 Processor,17.13 cm (6.745 inch) HD+ Display,50MP Rear Camera | 8MP Front Camera,,https://www.flipkart.com/ai-pulse-2-blue-128-gb/p/itmd59202944d081?pid=MOBHKHPYW49R78RA&lid=LSTMOBHKHPYW49R78RAW1E0DM&marketplace=FLIPKART&q=smart+phones&store=tyy%2F4io&srno=s_4_79&otracker=search&fm=organic&iid=56d218b9-e361-49ad-81fb-0575e395ddce.MOBHKHPYW49R78RA.SEARCH&ppt=None&ppn=None&ssid=s5377y3ozk0000001786338182149&qH=a5594894156db043&ov_redirect=true,2026-08-10
80,"realme P3 Ultra 5G (Orion Red, 256 GB)",realme,31999,35999,11% off,4.5,"4,621",508,12 GB RAM,256 GB ROM,6000 mAh Battery,Dimensity 8350 Ultra Processor,17.35 cm (6.83 inch) Display,50MP + 8MP | 16MP Front Camera,,https://www.flipkart.com/realme-p3-ultra-5g-orion-red-256-gb/p/itm50171223b4a05?pid=MOBHAYKEK2YKSCTU&lid=LSTMOBHAYKEK2YKSCTUTPFDIS&marketplace=FLIPKART&q=smart+phones&store=tyy%2F4io&srno=s_4_80&otracker=search&fm=organic&iid=56d218b9-e361-49ad-81fb-0575e395ddce.MOBHAYKEK2YKSCTU.SEARCH&ppt=None&ppn=None&ssid=s5377y3ozk0000001786338182149&qH=a5594894156db043&ov_redirect=true,2026-08-10
81,"vivo X200T (Stellar Black, 256 GB)",vivo,59999,80000,25% off,4.6,"7,663","1,531",12 GB RAM,256 GB ROM,6200 mAh Battery,Dimensity 9400+ Processor,16.94 cm (6.67 inch) Full HD+ AMOLED Display,50MP + 50MP + 50MP | 32MP Front Camera,,https://www.flipkart.com/vivo-x200t-stellar-black-256-gb/p/itm1b8452d68859b?pid=MOBHJK5MBRDS3GUQ&lid=LSTMOBHJK5MBRDS3GUQWMQNUP&marketplace=FLIPKART&q=smart+phones&store=tyy%2F4io&srno=s_4_81&otracker=search&fm=organic&iid=en_PLkkJzunNB7Zre3s2ehKb_cfFwwJ2Q4Dpo2jp3oAM0s5h3FvUqrAUI9fEVdeV8rFJfH_7qX4yKwJH8jqKq9vp-aVsfQpjYwoxtKUfFby9ZRlIiwjaZpYNOn--E1qMY-m&ppt=None&ppn=None&ssid=s5377y3ozk0000001786338182149&qH=a5594894156db043&ov_redirect=true,2026-08-10
82,"Samsung Galaxy A17 5G (Gray, 128 GB)",Samsung,22830,22999,,4.3,"2,138",191,6 GB RAM,128 GB ROM,5000 mAh Battery,Samsung Exynos 1330 Processor,17.02 cm (6.7 inch) Full HD+ Display,50MP + 5MP + 2MP | 13MP Front Camera,,https://www.flipkart.com/samsung-galaxy-a17-5g-gray-128-gb/p/itm9b0b7e6d52859?pid=MOBHGVECQ9QKK8DG&lid=LSTMOBHGVECQ9QKK8DGU34HCC&marketplace=FLIPKART&q=smart+phones&store=tyy%2F4io&srno=s_4_82&otracker=search&fm=organic&iid=56d218b9-e361-49ad-81fb-0575e395ddce.MOBHGVECQ9QKK8DG.SEARCH&ppt=None&ppn=None&ssid=s5377y3ozk0000001786338182149&qH=a5594894156db043&ov_redirect=true,2026-08-10
83,"realme P4 Lite 5G (Mosaic Blue, 64 GB)",realme,16499,28999,43% off,4.2,"11,661",748,4 GB RAM,64 GB ROM,7000 mAh lithium-ion polymer Battery,Dimensity 6300 Processor,17.27 cm (6.8 inches) HD+ Display,13MP Rear Camera | 5MP Front Camera,,https://www.flipkart.com/realme-p4-lite-5g-mosaic-blue-64-gb/p/itm90c243961f214?pid=MOBHN7A8CMJGRACT&lid=LSTMOBHN7A8CMJGRACTDRIOJU&marketplace=FLIPKART&q=smart+phones&store=tyy%2F4io&spotlightTagId=default_BestsellerId_tyy%2F4io&srno=s_4_83&otracker=search&fm=organic&iid=56d218b9-e361-49ad-81fb-0575e395ddce.MOBHN7A8CMJGRACT.SEARCH&ppt=None&ppn=None&ssid=s5377y3ozk0000001786338182149&qH=a5594894156db043&ov_redirect=true,2026-08-10
84,"Samsung Galaxy S25 FE 5G (Navy, 256 GB)",Samsung,55999,65999,15% off,4.6,"2,694",344,8 GB RAM,256 GB ROM,4900 mAh Li-ion Battery,Exynos 2400 Processor,17.02 cm (6.7 inch) Full HD+ Display,50MP + 12MP + 8MP | 12MP Front Camera,,https://www.flipkart.com/samsung-galaxy-s25-fe-5g-navy-256-gb/p/itm686ea83612e85?pid=MOBHFHS5D6RKZJWY&lid=LSTMOBHFHS5D6RKZJWYXRBHX8&marketplace=FLIPKART&q=smart+phones&store=tyy%2F4io&srno=s_4_84&otracker=search&fm=organic&iid=56d218b9-e361-49ad-81fb-0575e395ddce.MOBHFHS5D6RKZJWY.SEARCH&ppt=None&ppn=None&ssid=s5377y3ozk0000001786338182149&qH=a5594894156db043&ov_redirect=true,2026-08-10
85,"realme P4R 5G (Titanium Glare, 128 GB)",realme,21999,39999,45% off,4.4,"3,124",252,6 GB RAM,128 GB ROM,8000 mAh Lithium-ion polymer Battery,Dimensity 6300 Processor,17.27 cm (6.8 inch) HD+ Display,50MP Rear Camera | 8MP Front Camera,,https://www.flipkart.com/realme-p4r-5g-titanium-glare-128-gb/p/itmb42ae388c1ef6?pid=MOBHMYR3MZ62YN7F&lid=LSTMOBHMYR3MZ62YN7FSERUEO&marketplace=FLIPKART&q=smart+phones&store=tyy%2F4io&srno=s_4_85&otracker=search&fm=organic&iid=56d218b9-e361-49ad-81fb-0575e395ddce.MOBHMYR3MZ62YN7F.SEARCH&ppt=None&ppn=None&ssid=s5377y3ozk0000001786338182149&qH=a5594894156db043&ov_redirect=true,2026-08-10
86,"MOTOROLA Edge 70 Fusion Snapdragon (Pantone BLUE SURF, 256 GB)",MOTOROLA,33999,59999,43% off,4.3,"3,675",409,12 GB RAM,256 GB ROM,7000 mAh Battery,Snapdragon 7s Gen 4 Processor,17.27 cm (6.8 inch) Super HD Display,50MP + 13MP | 32MP Front Camera,,https://www.flipkart.com/motorola-edge-70-fusion-snapdragon-pantone-blue-surf-256-gb/p/itmab1b62c8461fa?pid=MOBHN9733F5QHAQC&lid=LSTMOBHN9733F5QHAQCLPXZGM&marketplace=FLIPKART&q=smart+phones&store=tyy%2F4io&srno=s_4_86&otracker=search&fm=organic&iid=56d218b9-e361-49ad-81fb-0575e395ddce.MOBHN9733F5QHAQC.SEARCH&ppt=None&ppn=None&ssid=s5377y3ozk0000001786338182149&qH=a5594894156db043&ov_redirect=true,2026-08-10
87,"REDMI Turbo 5 5G (Asphalt Black, 256 GB)",REDMI,37995,54999,30% off,4.6,19,4,8 GB RAM,256 GB ROM,7540 mAh Battery,,16.74 cm (6.59 inch) Display,50MP Rear Camera,,https://www.flipkart.com/redmi-turbo-5-5g-asphalt-black-256-gb/p/itmd8266664918ee?pid=MOBHZHQB4TGN8VYC&lid=LSTMOBHZHQB4TGN8VYCKAZDOA&marketplace=FLIPKART&q=smart+phones&store=tyy%2F4io&srno=s_4_87&otracker=search&fm=organic&iid=56d218b9-e361-49ad-81fb-0575e395ddce.MOBHZHQB4TGN8VYC.SEARCH&ppt=None&ppn=None&ssid=s5377y3ozk0000001786338182149&qH=a5594894156db043&ov_redirect=true,2026-08-10
88,"Ai+ Nova 2 Ultra 5G (Purple, 128 GB)",Ai+,17999,25999,30% off,4.1,"2,297",318,6 GB RAM,128 GB ROM,6000 mAh Li-polymer Battery,Dimensity 7400 Processor,17.22 cm (6.78 inch) Full HD+ AMOLED Display,50MP + 8MP | 13MP Front Camera,,https://www.flipkart.com/ai-nova-2-ultra-5g-purple-128-gb/p/itm5d98d015d0ae5?pid=MOBHHUFDR8MBYXHV&lid=LSTMOBHHUFDR8MBYXHVNFWMXI&marketplace=FLIPKART&q=smart+phones&store=tyy%2F4io&srno=s_4_88&otracker=search&fm=organic&iid=56d218b9-e361-49ad-81fb-0575e395ddce.MOBHHUFDR8MBYXHV.SEARCH&ppt=None&ppn=None&ssid=s5377y3ozk0000001786338182149&qH=a5594894156db043&ov_redirect=true,2026-08-10
89,"MOTOROLA Signature (PANTONE Carbon, 512 GB)",MOTOROLA,62499,79999,21% off,4.5,925,173,16 GB RAM,512 GB ROM,5200 mAh Battery,Snapdragon 8 Gen 5 Processor,17.27 cm (6.8 inch) Super HD Display,50MP + 50MP + 50MP | 50MP Front Camera,,https://www.flipkart.com/motorola-signature-pantone-carbon-512-gb/p/itm5cf2347de817a?pid=MOBHGVJYGVP6G2NY&lid=LSTMOBHGVJYGVP6G2NYNYYTRM&marketplace=FLIPKART&q=smart+phones&store=tyy%2F4io&srno=s_4_89&otracker=search&fm=organic&iid=56d218b9-e361-49ad-81fb-0575e395ddce.MOBHGVJYGVP6G2NY.SEARCH&ppt=None&ppn=None&ssid=s5377y3ozk0000001786338182149&qH=a5594894156db043&ov_redirect=true,2026-08-10
90,"Ai+ Nova 2 5G (Purple, 64 GB)",Ai+,12999,13999,7% off,4.3,"4,805",220,4 GB RAM,64 GB ROM,6000 mAh Battery,T8200 Processor,17.13 cm (6.745 inch) HD+ Display,50MP Rear Camera | 8MP Front Camera,,https://www.flipkart.com/ai-nova-2-5g-purple-64-gb/p/itm07c0f38f44c5c?pid=MOBHKHPYYEJCZCAA&lid=LSTMOBHKHPYYEJCZCAA8UE6IX&marketplace=FLIPKART&q=smart+phones&store=tyy%2F4io&srno=s_4_90&otracker=search&fm=organic&iid=56d218b9-e361-49ad-81fb-0575e395ddce.MOBHKHPYYEJCZCAA.SEARCH&ppt=None&ppn=None&ssid=s5377y3ozk0000001786338182149&qH=a5594894156db043&ov_redirect=true,2026-08-10
91,"MOTOROLA Edge 70 Fusion Snapdragon (Pantone SILHOUETTE, 128 GB)",MOTOROLA,28999,49999,42% off,4.4,"14,842","1,637",8 GB RAM,128 GB ROM,7000 mAh Battery,Snapdragon 7s Gen 4 Processor,17.27 cm (6.8 inch) Super HD Display,50MP + 13MP | 32MP Front Camera,,https://www.flipkart.com/motorola-edge-70-fusion-snapdragon-pantone-silhouette-128-gb/p/itm2beea336a1e2f?pid=MOBHN973CQSNTNGF&lid=LSTMOBHN973CQSNTNGFEQEDF2&marketplace=FLIPKART&q=smart+phones&store=tyy%2F4io&srno=s_4_91&otracker=search&fm=organic&iid=56d218b9-e361-49ad-81fb-0575e395ddce.MOBHN973CQSNTNGF.SEARCH&ppt=None&ppn=None&ssid=s5377y3ozk0000001786338182149&qH=a5594894156db043&ov_redirect=true,2026-08-10
92,"REDMI 13 5G (Hawaiian Blue, 128 GB)",REDMI,22990,24995,8% off,4.2,"15,757",895,8 GB RAM,128 GB ROM,5030 mAh Battery,,17.25 cm (6.79 inch) Display,108MP Rear Camera,,https://www.flipkart.com/redmi-13-5g-hawaiian-blue-128-gb/p/itmbf96c9b15ce5e?pid=MOBH2SUHMUYBZSHY&lid=LSTMOBH2SUHMUYBZSHYP2BOMM&marketplace=FLIPKART&q=smart+phones&store=tyy%2F4io&srno=s_4_92&otracker=search&fm=organic&iid=56d218b9-e361-49ad-81fb-0575e395ddce.MOBH2SUHMUYBZSHY.SEARCH&ppt=None&ppn=None&ssid=s5377y3ozk0000001786338182149&qH=a5594894156db043&ov_redirect=true,2026-08-10
93,"POCO C85x (Elite Black, 64 GB)",POCO,13999,20999,33% off,4.2,"5,067",654,4 GB RAM,64 GB ROM,6300 mAh Lithium-Ion Polymer Battery,T8300 Processor,17.53 cm (6.9 inch) HD+ Display,32MP Rear Camera,,https://www.flipkart.com/poco-c85x-elite-black-64-gb/p/itm0f0a9684d1e33?pid=MOBHMGG5SMZEFPTQ&lid=LSTMOBHMGG5SMZEFPTQWBI5L3&marketplace=FLIPKART&q=smart+phones&store=tyy%2F4io&srno=s_4_93&otracker=search&fm=organic&iid=56d218b9-e361-49ad-81fb-0575e395ddce.MOBHMGG5SMZEFPTQ.SEARCH&ppt=None&ppn=None&ssid=s5377y3ozk0000001786338182149&qH=a5594894156db043&ov_redirect=true,2026-08-10
94,"realme 15 Pro 5G (Flowing Silver, 256 GB)",realme,33499,39999,16% off,4.4,"7,033",719,12 GB RAM,256 GB ROM,7000 mAh Battery,Snapdragon 7 Gen 4 Processor,17.27 cm (6.8 inch) Display,50MP + 50MP | 50MP Front Camera,,https://www.flipkart.com/realme-15-pro-5g-flowing-silver-256-gb/p/itm216cdbf4baea0?pid=MOBHDVK2ZHM5H8NP&lid=LSTMOBHDVK2ZHM5H8NPQ6QGN1&marketplace=FLIPKART&q=smart+phones&store=tyy%2F4io&srno=s_4_94&otracker=search&fm=organic&iid=56d218b9-e361-49ad-81fb-0575e395ddce.MOBHDVK2ZHM5H8NP.SEARCH&ppt=None&ppn=None&ssid=s5377y3ozk0000001786338182149&qH=a5594894156db043&ov_redirect=true,2026-08-10
95,"Ai+ Nova 2 Ultra 5G (Black, 128 GB)",Ai+,17999,25999,30% off,4.1,"2,297",318,6 GB RAM,128 GB ROM,6000 mAh Li-polymer Battery,Dimensity 7400 Processor,17.22 cm (6.78 inch) Full HD+ AMOLED Display,50MP + 8MP | 13MP Front Camera,,https://www.flipkart.com/ai-nova-2-ultra-5g-black-128-gb/p/itm41a37f63787e9?pid=MOBHHUFDFHBPJJEG&lid=LSTMOBHHUFDFHBPJJEGLLWRKD&marketplace=FLIPKART&q=smart+phones&store=tyy%2F4io&srno=s_4_95&otracker=search&fm=organic&iid=56d218b9-e361-49ad-81fb-0575e395ddce.MOBHHUFDFHBPJJEG.SEARCH&ppt=None&ppn=None&ssid=s5377y3ozk0000001786338182149&qH=a5594894156db043&ov_redirect=true,2026-08-10
96,"OPPO K14 5G (Prism Violet, 128 GB)",OPPO,23999,25999,7% off,4.5,"5,517",286,6 GB RAM,128 GB ROM,7000 mAh Battery,Dimensity 6300 Processor,17.14 cm (6.75 inch) HD+ Display,50MP Rear Camera | 8MP Front Camera,,https://www.flipkart.com/oppo-k14-5g-prism-violet-128-gb/p/itm2a5cc1d23c2af?pid=MOBHKQYYEP5PV9RH&lid=LSTMOBHKQYYEP5PV9RHMPIERZ&marketplace=FLIPKART&q=smart+phones&store=tyy%2F4io&srno=s_4_96&otracker=search&fm=organic&iid=56d218b9-e361-49ad-81fb-0575e395ddce.MOBHKQYYEP5PV9RH.SEARCH&ppt=None&ppn=None&ssid=s5377y3ozk0000001786338182149&qH=a5594894156db043&ov_redirect=true,2026-08-10
97,"Nothing Phone (4b) (Blue, 128 GB)",Nothing,34999,54999,36% off,4.4,773,66,8 GB RAM,128 GB ROM,6000 mAh Lithium ion Battery,6 Gen 4 Processor,17.2 cm (6.77 inch) Full HD+ AMOLED Display,50MP + 8MP | 16MP Front Camera,,https://www.flipkart.com/nothing-phone-4b-blue-128-gb/p/itm939608b40adbb?pid=MOBHZMBD9WNP9HHB&lid=LSTMOBHZMBD9WNP9HHBUJTCGV&marketplace=FLIPKART&q=smart+phones&store=tyy%2F4io&srno=s_5_97&otracker=search&fm=organic&iid=en_nf0OdyVD9k0nKJOaiqG5-BAA-2YkLTyQKt9SUUYwPCzNXZx5aTFPAS4FqBfMLn1atphJEViWk9b5gLdO-3tqiicklTj0v47wxp1V6AYCw6Dk9rbonwFQZdW6eVjQ3NOv&ppt=None&ppn=None&ssid=ot7urrhp0g0000001786338184925&qH=a5594894156db043&ov_redirect=true,2026-08-10
98,"vivo X200T (Stellar Black, 256 GB)",vivo,59999,80000,25% off,4.6,"7,663","1,531",12 GB RAM,256 GB ROM,6200 mAh Battery,Dimensity 9400+ Processor,16.94 cm (6.67 inch) Full HD+ AMOLED Display,50MP + 50MP + 50MP | 32MP Front Camera,,https://www.flipkart.com/vivo-x200t-stellar-black-256-gb/p/itm1b8452d68859b?pid=MOBHJK5MBRDS3GUQ&lid=LSTMOBHJK5MBRDS3GUQWMQNUP&marketplace=FLIPKART&q=smart+phones&store=tyy%2F4io&srno=s_5_98&otracker=search&fm=organic&iid=en_nf0OdyVD9k0nKJOaiqG5-BAA-2YkLTyQKt9SUUYwPCycP77qNYfWp3BaMt4EG_g8k4Pns45RtafA_s9bzBX_feaVsfQpjYwoxtKUfFby9ZQp-0HS78rczSoxyIzlszdc&ppt=None&ppn=None&ssid=ot7urrhp0g0000001786338184925&qH=a5594894156db043&ov_redirect=true,2026-08-10
99,"OPPO Reno16c 5G (Starry White, 128 GB)",OPPO,46999,74999,37% off,4.5,258,67,8 GB RAM,128 GB ROM,7000 mAh lithium-ion polymer Battery,Dimensity 7300 Processor,16.69 cm (6.57 inch) Full HD+ Display,50MP + 8MP + 50MP | 50MP Front Camera,,https://www.flipkart.com/oppo-reno16c-5g-starry-white-128-gb/p/itm11564d55ef044?pid=MOBHZMBRJENF5PYK&lid=LSTMOBHZMBRJENF5PYKWDHAJH&marketplace=FLIPKART&q=smart+phones&store=tyy%2F4io&srno=s_5_99&otracker=search&fm=organic&iid=029f2c0a-eeff-4b27-a191-db46fdcda32a.MOBHZMBRJENF5PYK.SEARCH&ppt=None&ppn=None&ssid=ot7urrhp0g0000001786338184925&qH=a5594894156db043&ov_redirect=true,2026-08-10
100,"Ai+ Nova 2 Ultra 5G (Red, 128 GB)",Ai+,19999,26999,25% off,4.1,"1,179",176,8 GB RAM,128 GB ROM,6000 mAh Li-polymer Battery,Dimensity 7400 Processor,17.22 cm (6.78 inch) Full HD+ AMOLED Display,50MP + 8MP | 13MP Front Camera,,https://www.flipkart.com/ai-nova-2-ultra-5g-red-128-gb/p/itm498c4eb22f5c3?pid=MOBHHUFDVHXKMMAN&lid=LSTMOBHHUFDVHXKMMANCJUCD9&marketplace=FLIPKART&q=smart+phones&store=tyy%2F4io&srno=s_5_100&otracker=search&fm=organic&iid=029f2c0a-eeff-4b27-a191-db46fdcda32a.MOBHHUFDVHXKMMAN.SEARCH&ppt=None&ppn=None&ssid=ot7urrhp0g0000001786338184925&qH=a5594894156db043&ov_redirect=true,2026-08-10
101,"REDMI 15 5G (Midnight Black, 128 GB)",REDMI,23497,23999,2% off,4.3,"4,760",297,8 GB RAM,128 GB ROM,7000 mAh Battery,,17.53 cm (6.9 inch) Display,50MP Rear Camera,,https://www.flipkart.com/redmi-15-5g-midnight-black-128-gb/p/itmd7bced8727891?pid=MOBHFTM8SXZC3UGN&lid=LSTMOBHFTM8SXZC3UGNTGIN3Q&marketplace=FLIPKART&q=smart+phones&store=tyy%2F4io&srno=s_5_101&otracker=search&fm=organic&iid=029f2c0a-eeff-4b27-a191-db46fdcda32a.MOBHFTM8SXZC3UGN.SEARCH&ppt=None&ppn=None&ssid=ot7urrhp0g0000001786338184925&qH=a5594894156db043&ov_redirect=true,2026-08-10
102,"Apple iPhone 15 (Black, 128 GB)",Apple,56749,59900,5% off,4.6,"2,46,723","9,553",,,,"A16 Bionic Chip, 6 Core Processor Processor",15.49 cm (6.1 inch) Super Retina XDR Display,48MP + 12MP | 12MP Front Camera,,https://www.flipkart.com/apple-iphone-15-black-128-gb/p/itm6ac6485515ae4?pid=MOBGTAGPTB3VS24W&lid=LSTMOBGTAGPTB3VS24WKFODHL&marketplace=FLIPKART&q=smart+phones&store=tyy%2F4io&srno=s_5_102&otracker=search&fm=organic&iid=029f2c0a-eeff-4b27-a191-db46fdcda32a.MOBGTAGPTB3VS24W.SEARCH&ppt=None&ppn=None&ssid=ot7urrhp0g0000001786338184925&qH=a5594894156db043&ov_redirect=true,2026-08-10
103,"MOTOROLA edge 70 pro (Marble - PANTONE Lily white (white), 256 GB)",MOTOROLA,39999,69999,42% off,4.4,447,59,8 GB RAM,256 GB ROM,6500 mAh Silicon-Carbon Battery,Dimensity 8500 Extreme Processor,17.27 cm (6.8 inch) Full HD+ Super AMOLED Display,50MP + 50MP | 50MP Front Camera,,https://www.flipkart.com/motorola-edge-70-pro-marble-pantone-lily-white-white-256-gb/p/itma4709685e2671?pid=MOBHN973MHGP4S2S&lid=LSTMOBHN973MHGP4S2SLB0T99&marketplace=FLIPKART&q=smart+phones&store=tyy%2F4io&srno=s_5_103&otracker=search&fm=organic&iid=029f2c0a-eeff-4b27-a191-db46fdcda32a.MOBHN973MHGP4S2S.SEARCH&ppt=None&ppn=None&ssid=ot7urrhp0g0000001786338184925&qH=a5594894156db043&ov_redirect=true,2026-08-10
104,"MOTOROLA Edge 70 Fusion Snapdragon (Pantone COUNTRY AIR, 256 GB)",MOTOROLA,33999,59999,43% off,4.3,"3,675",409,12 GB RAM,256 GB ROM,7000 mAh Battery,Snapdragon 7s Gen 4 Processor,17.27 cm (6.8 inch) Super HD Display,50MP + 13MP | 32MP Front Camera,,https://www.flipkart.com/motorola-edge-70-fusion-snapdragon-pantone-country-air-256-gb/p/itmbc8e537e66567?pid=MOBHN973DFVJUURY&lid=LSTMOBHN973DFVJUURYU0XTEM&marketplace=FLIPKART&q=smart+phones&store=tyy%2F4io&srno=s_5_104&otracker=search&fm=organic&iid=029f2c0a-eeff-4b27-a191-db46fdcda32a.MOBHN973DFVJUURY.SEARCH&ppt=None&ppn=None&ssid=ot7urrhp0g0000001786338184925&qH=a5594894156db043&ov_redirect=true,2026-08-10
105,"Apple iPhone 16 (Black, 128 GB)",Apple,69900,,,4.6,"1,95,721","8,415",,,,"A18 Chip, 6 Core Processor Processor",15.49 cm (6.1 inch) Super Retina XDR Display,48MP + 12MP | 12MP Front Camera,,https://www.flipkart.com/apple-iphone-16-black-128-gb/p/itmb07d67f995271?pid=MOBH4DQFG8NKFRDY&lid=LSTMOBH4DQFG8NKFRDYNBDOZI&marketplace=FLIPKART&q=smart+phones&store=tyy%2F4io&srno=s_5_105&otracker=search&fm=organic&iid=029f2c0a-eeff-4b27-a191-db46fdcda32a.MOBH4DQFG8NKFRDY.SEARCH&ppt=None&ppn=None&ssid=ot7urrhp0g0000001786338184925&qH=a5594894156db043&ov_redirect=true,2026-08-10
106,"realme C71 (Obsidian Black, 64 GB)",realme,12900,13999,7% off,4.2,"1,544",75,4 GB RAM,64 GB ROM,6300 mAh Battery,T7250 Processor,17.14 cm (6.75 inch) HD+ Display,13MP Rear Camera | 5MP Front Camera,,https://www.flipkart.com/realme-c71-obsidian-black-64-gb/p/itm920c5c8761871?pid=MOBHHY7V9TH4BFAZ&lid=LSTMOBHHY7V9TH4BFAZBRBSJP&marketplace=FLIPKART&q=smart+phones&store=tyy%2F4io&srno=s_5_106&otracker=search&fm=organic&iid=029f2c0a-eeff-4b27-a191-db46fdcda32a.MOBHHY7V9TH4BFAZ.SEARCH&ppt=None&ppn=None&ssid=ot7urrhp0g0000001786338184925&qH=a5594894156db043&ov_redirect=true,2026-08-10
107,"MOTOROLA g57 power 5G Snapdragon (Pantone Regatta, 128 GB)",MOTOROLA,21999,,,4.4,"52,888","3,770",8 GB RAM,128 GB ROM,7000 mAh Battery,6s Gen 4 Processor,17.07 cm (6.72 inch) Full HD+ Display,50MP + 8MP | 8MP Front Camera,,https://www.flipkart.com/motorola-g57-power-5g-snapdragon-pantone-regatta-128-gb/p/itmdab5f9f1bf87b?pid=MOBHN974PMZMQ5HS&lid=LSTMOBHN974PMZMQ5HSK6FWL6&marketplace=FLIPKART&q=smart+phones&store=tyy%2F4io&srno=s_5_107&otracker=search&fm=organic&iid=029f2c0a-eeff-4b27-a191-db46fdcda32a.MOBHN974PMZMQ5HS.SEARCH&ppt=None&ppn=None&ssid=ot7urrhp0g0000001786338184925&qH=a5594894156db043&ov_redirect=true,2026-08-10
108,"Samsung Galaxy S25 FE 5G (Jetblack, 256 GB)",Samsung,55999,65999,15% off,4.6,"2,694",344,8 GB RAM,256 GB ROM,4900 mAh Li-ion Battery,Exynos 2400 Processor,17.02 cm (6.7 inch) Full HD+ Display,50MP + 12MP + 8MP | 12MP Front Camera,,https://www.flipkart.com/samsung-galaxy-s25-fe-5g-jetblack-256-gb/p/itm686ea83612e85?pid=MOBHFHS5ZB3YJQZC&lid=LSTMOBHFHS5ZB3YJQZCWB4URR&marketplace=FLIPKART&q=smart+phones&store=tyy%2F4io&srno=s_5_108&otracker=search&fm=organic&iid=029f2c0a-eeff-4b27-a191-db46fdcda32a.MOBHFHS5ZB3YJQZC.SEARCH&ppt=None&ppn=None&ssid=ot7urrhp0g0000001786338184925&qH=a5594894156db043&ov_redirect=true,2026-08-10
109,"MOTOROLA g37 (PANTONE Nautical Blue, 64 GB)",MOTOROLA,14999,24999,40% off,4.3,"2,164",116,4 GB RAM,64 GB ROM,5200 mAh Battery,Dimensity 6400 Processor,16.92 cm (6.66 inch) HD+ Display,50MP Rear Camera | 8MP Front Camera,,https://www.flipkart.com/motorola-g37-pantone-nautical-blue-64-gb/p/itm5d235b295291f?pid=MOBHHWB6YAKNZGPB&lid=LSTMOBHHWB6YAKNZGPBGLLTUW&marketplace=FLIPKART&q=smart+phones&store=tyy%2F4io&srno=s_5_109&otracker=search&fm=organic&iid=029f2c0a-eeff-4b27-a191-db46fdcda32a.MOBHHWB6YAKNZGPB.SEARCH&ppt=None&ppn=None&ssid=ot7urrhp0g0000001786338184925&qH=a5594894156db043&ov_redirect=true,2026-08-10
110,"MOTOROLA Edge 60 Fusion 5G (PANTONE Mykonos Blue, 256 GB)",MOTOROLA,27999,37999,26% off,4.4,"47,789","3,322",12 GB RAM,256 GB ROM,5500 mAh Battery,Dimensity 7400 Processor,16.94 cm (6.67 inch) Display,50MP + 13MP | 32MP Front Camera,,https://www.flipkart.com/motorola-edge-60-fusion-5g-pantone-mykonos-blue-256-gb/p/itmd06045ba81a69?pid=MOBHN9736Y6GRJWA&lid=LSTMOBHN9736Y6GRJWAUOATHY&marketplace=FLIPKART&q=smart+phones&store=tyy%2F4io&srno=s_5_110&otracker=search&fm=organic&iid=029f2c0a-eeff-4b27-a191-db46fdcda32a.MOBHN9736Y6GRJWA.SEARCH&ppt=None&ppn=None&ssid=ot7urrhp0g0000001786338184925&qH=a5594894156db043&ov_redirect=true,2026-08-10
111,"MOTOROLA Edge 70 Fusion (Pantone SILHOUETTE, 512 GB)",MOTOROLA,36999,64999,43% off,4.3,"3,675",409,12 GB RAM,512 GB ROM,7000 mAh Battery,Snapdragon 7s Gen 4 Processor,17.27 cm (6.8 inch) Super HD Display,50MP + 13MP | 32MP Front Camera,,https://www.flipkart.com/motorola-edge-70-fusion-pantone-silhouette-512-gb/p/itm296e356d06dfe?pid=MOBHNSA6EXSZXYUH&lid=LSTMOBHNSA6EXSZXYUHIGVMTN&marketplace=FLIPKART&q=smart+phones&store=tyy%2F4io&srno=s_5_111&otracker=search&fm=organic&iid=029f2c0a-eeff-4b27-a191-db46fdcda32a.MOBHNSA6EXSZXYUH.SEARCH&ppt=None&ppn=None&ssid=ot7urrhp0g0000001786338184925&qH=a5594894156db043&ov_redirect=true,2026-08-10
112,"Ai+ Nova 2 Ultra 5G (Green, 128 GB)",Ai+,17999,25999,30% off,4.1,"2,297",318,6 GB RAM,128 GB ROM,6000 mAh Li-polymer Battery,Dimensity 7400 Processor,17.22 cm (6.78 inch) Full HD+ AMOLED Display,50MP + 8MP | 13MP Front Camera,,https://www.flipkart.com/ai-nova-2-ultra-5g-green-128-gb/p/itm9db3f3ad8ba85?pid=MOBHHUFDZFG4CKDG&lid=LSTMOBHHUFDZFG4CKDGGCWUDQ&marketplace=FLIPKART&q=smart+phones&store=tyy%2F4io&srno=s_5_112&otracker=search&fm=organic&iid=029f2c0a-eeff-4b27-a191-db46fdcda32a.MOBHHUFDZFG4CKDG.SEARCH&ppt=None&ppn=None&ssid=ot7urrhp0g0000001786338184925&qH=a5594894156db043&ov_redirect=true,2026-08-10
113,"POCO C81 (Sunset Gold, 64 GB)",POCO,12499,19999,37% off,3.7,319,26,4 GB RAM,64 GB ROM,6300 mAh Lithium-Ion Polymer Battery,T7250 Processor,17.53 cm (6.9 inch) Display,13MP Rear Camera | 8MP Front Camera,,https://www.flipkart.com/poco-c81-sunset-gold-64-gb/p/itmd046653de9427?pid=MOBHMYWRFE7GZVJF&lid=LSTMOBHMYWRFE7GZVJFEI8O3R&marketplace=FLIPKART&q=smart+phones&store=tyy%2F4io&srno=s_5_113&otracker=search&fm=organic&iid=029f2c0a-eeff-4b27-a191-db46fdcda32a.MOBHMYWRFE7GZVJF.SEARCH&ppt=None&ppn=None&ssid=ot7urrhp0g0000001786338184925&qH=a5594894156db043&ov_redirect=true,2026-08-10
114,"REDMI 15 5G (Midnight Black, 128 GB)",REDMI,21369,32999,35% off,4.3,"2,976",230,6 GB RAM,128 GB ROM,7000 mAh Battery,,17.53 cm (6.9 inch) Display,50MP Rear Camera,,https://www.flipkart.com/redmi-15-5g-midnight-black-128-gb/p/itmd7bced8727891?pid=MOBHFH9544VVMQNN&lid=LSTMOBHFH9544VVMQNNYG6DCI&marketplace=FLIPKART&q=smart+phones&store=tyy%2F4io&srno=s_5_114&otracker=search&fm=organic&iid=029f2c0a-eeff-4b27-a191-db46fdcda32a.MOBHFH9544VVMQNN.SEARCH&ppt=None&ppn=None&ssid=ot7urrhp0g0000001786338184925&qH=a5594894156db043&ov_redirect=true,2026-08-10
115,"OPPO K14 5G (Prism White, 256 GB)",OPPO,26999,27999,3% off,4.5,"5,517",286,6 GB RAM,256 GB ROM,7000 mAh Battery,Dimensity 6300 Processor,17.14 cm (6.75 inch) HD+ Display,50MP Rear Camera | 8MP Front Camera,,https://www.flipkart.com/oppo-k14-5g-prism-white-256-gb/p/itm2a5cc1d23c2af?pid=MOBHKQYYPHXEGF7W&lid=LSTMOBHKQYYPHXEGF7WJUSBDY&marketplace=FLIPKART&q=smart+phones&store=tyy%2F4io&srno=s_5_115&otracker=search&fm=organic&iid=029f2c0a-eeff-4b27-a191-db46fdcda32a.MOBHKQYYPHXEGF7W.SEARCH&ppt=None&ppn=None&ssid=ot7urrhp0g0000001786338184925&qH=a5594894156db043&ov_redirect=true,2026-08-10
116,"vivo T5e (Aero Blue, 64 GB)",vivo,13999,26999,48% off,4.3,7,0,4 GB RAM,64 GB ROM,5500 mAh Li-ion Battery,T7225 Processor,17.12 cm (6.74 inch) HD Display,8MP Rear Camera | 5MP Front Camera,,https://www.flipkart.com/vivo-t5e-aero-blue-64-gb/p/itm180ca0a991a2b?pid=MOBHPBM67EEYTAQD&lid=LSTMOBHPBM67EEYTAQD8VNTK9&marketplace=FLIPKART&q=smart+phones&store=tyy%2F4io&srno=s_5_116&otracker=search&fm=organic&iid=029f2c0a-eeff-4b27-a191-db46fdcda32a.MOBHPBM67EEYTAQD.SEARCH&ppt=None&ppn=None&ssid=ot7urrhp0g0000001786338184925&qH=a5594894156db043&ov_redirect=true,2026-08-10
117,"Samsung Galaxy S25 FE 5G (White, 256 GB)",Samsung,55999,65999,15% off,4.6,"2,694",344,8 GB RAM,256 GB ROM,4900 mAh Li-ion Battery,Exynos 2400 Processor,17.02 cm (6.7 inch) Full HD+ Display,50MP + 12MP + 8MP | 12MP Front Camera,,https://www.flipkart.com/samsung-galaxy-s25-fe-5g-white-256-gb/p/itm686ea83612e85?pid=MOBHFHS5AAWF2SZP&lid=LSTMOBHFHS5AAWF2SZPNEKEHQ&marketplace=FLIPKART&q=smart+phones&store=tyy%2F4io&srno=s_5_117&otracker=search&fm=organic&iid=029f2c0a-eeff-4b27-a191-db46fdcda32a.MOBHFHS5AAWF2SZP.SEARCH&ppt=None&ppn=None&ssid=ot7urrhp0g0000001786338184925&qH=a5594894156db043&ov_redirect=true,2026-08-10
118,"POCO C81 (Elite Black, 64 GB)",POCO,12499,19999,37% off,3.7,319,26,4 GB RAM,64 GB ROM,6300 mAh Lithium-Ion Polymer Battery,T7250 Processor,17.53 cm (6.9 inch) Display,13MP Rear Camera | 8MP Front Camera,,https://www.flipkart.com/poco-c81-elite-black-64-gb/p/itm28c771318f328?pid=MOBHMYWR2GCKNVWK&lid=LSTMOBHMYWR2GCKNVWKZWGWBK&marketplace=FLIPKART&q=smart+phones&store=tyy%2F4io&srno=s_5_118&otracker=search&fm=organic&iid=029f2c0a-eeff-4b27-a191-db46fdcda32a.MOBHMYWR2GCKNVWK.SEARCH&ppt=None&ppn=None&ssid=ot7urrhp0g0000001786338184925&qH=a5594894156db043&ov_redirect=true,2026-08-10
119,"realme P4 Pro 5G (Birch Wood, 256 GB)",realme,32999,,,4.4,"4,492",455,12 GB RAM,256 GB ROM,7000 mAh Battery,Snapdragon 7 Gen 4 Mobile Processor,17.27 cm (6.8 inch) Full HD+ Display,50MP + 8MP | 50MP Front Camera,,https://www.flipkart.com/realme-p4-pro-5g-birch-wood-256-gb/p/itme41a54752cc21?pid=MOBHERXKUV3RGG5F&lid=LSTMOBHERXKUV3RGG5FX55ENJ&marketplace=FLIPKART&q=smart+phones&store=tyy%2F4io&srno=s_5_119&otracker=search&fm=organic&iid=029f2c0a-eeff-4b27-a191-db46fdcda32a.MOBHERXKUV3RGG5F.SEARCH&ppt=None&ppn=None&ssid=ot7urrhp0g0000001786338184925&qH=a5594894156db043&ov_redirect=true,2026-08-10
120,Vivo T4 Lite 5G (Prism Blue 2026) ( 4GB 64GB),Vivo,16999,27999,39% off,4.3,"41,151","1,824",4 GB RAM,64 GB ROM,6000 mAh Battery,Dimensity 6300 5G Processor,17.12 cm (6.74 inch) HD+ Display,50MP + 2MP | 5MP Front Camera,5G,https://www.flipkart.com/vivo-t4-lite-5g-prism-blue-2026-4gb-64gb/p/itm49fb53d099f3c?pid=MOBHNCRKA4XQFSRM&lid=LSTMOBHNCRKA4XQFSRMKUYMUR&marketplace=FLIPKART&q=smart+phones&store=tyy%2F4io&srno=s_5_120&otracker=search&fm=organic&iid=029f2c0a-eeff-4b27-a191-db46fdcda32a.MOBHNCRKA4XQFSRM.SEARCH&ppt=None&ppn=None&ssid=ot7urrhp0g0000001786338184925&qH=a5594894156db043&ov_redirect=true,2026-08-10
121,"vivo X200T (Stellar Black, 256 GB)",vivo,59999,80000,25% off,4.6,"7,663","1,531",12 GB RAM,256 GB ROM,6200 mAh Battery,Dimensity 9400+ Processor,16.94 cm (6.67 inch) Full HD+ AMOLED Display,50MP + 50MP + 50MP | 32MP Front Camera,,https://www.flipkart.com/vivo-x200t-stellar-black-256-gb/p/itm1b8452d68859b?pid=MOBHJK5MBRDS3GUQ&lid=LSTMOBHJK5MBRDS3GUQWMQNUP&marketplace=FLIPKART&q=smart+phones&store=tyy%2F4io&srno=s_6_121&otracker=search&fm=organic&iid=en_qJ8tNyonybYAIxPElHIKLVYN0T3F8icP9c2BulP2RonsmNTNzivnAltPZhOuhaql5NnpnPl9EV967ILZe79qK-aVsfQpjYwoxtKUfFby9ZTzc-uZFXNBpLJkGKNKbHJF&ppt=None&ppn=None&ssid=fot0he5vr40000001786338188750&qH=a5594894156db043&ov_redirect=true,2026-08-10
122,"Nothing Phone (4b) (Blue, 128 GB)",Nothing,34999,54999,36% off,4.4,773,66,8 GB RAM,128 GB ROM,6000 mAh Lithium ion Battery,6 Gen 4 Processor,17.2 cm (6.77 inch) Full HD+ AMOLED Display,50MP + 8MP | 16MP Front Camera,,https://www.flipkart.com/nothing-phone-4b-blue-128-gb/p/itm939608b40adbb?pid=MOBHZMBD9WNP9HHB&lid=LSTMOBHZMBD9WNP9HHBUJTCGV&marketplace=FLIPKART&q=smart+phones&store=tyy%2F4io&srno=s_6_122&otracker=search&fm=organic&iid=en_qJ8tNyonybYAIxPElHIKLVYN0T3F8icP9c2BulP2Rok41Aa367ZWzS1AaBT4JkcstphJEViWk9b5gLdO-3tqikJ2Ti079-kzsPF1srjgW3og0nLqV5odUIqFV4sQMPZQ&ppt=None&ppn=None&ssid=fot0he5vr40000001786338188750&qH=a5594894156db043&ov_redirect=true,2026-08-10
123,"Ai+ Nova 2 Neo 5G (Black, 128 GB)",Ai+,15999,19999,20% off,4.2,481,44,6 GB RAM,128 GB ROM,6000 mAh Li-polymer Battery,Dimensity 6300 Processor,17.13 cm (6.745 inch) HD+ Display,48MP Rear Camera | 8MP Front Camera,,https://www.flipkart.com/ai-nova-2-neo-5g-black-128-gb/p/itmc790f4d613a76?pid=MOBHZ8ZMYWGY8VKA&lid=LSTMOBHZ8ZMYWGY8VKAHZULV3&marketplace=FLIPKART&q=smart+phones&store=tyy%2F4io&srno=s_6_123&otracker=search&fm=organic&iid=95b71fe3-d6ce-4e8d-aadf-cf220262e287.MOBHZ8ZMYWGY8VKA.SEARCH&ppt=None&ppn=None&ssid=fot0he5vr40000001786338188750&qH=a5594894156db043&ov_redirect=true,2026-08-10
124,"Ai+ Nova 2 Neo 5G (Green, 128 GB)",Ai+,14999,18999,21% off,4.4,912,104,4 GB RAM,128 GB ROM,6000 mAh Li-polymer Battery,Dimensity 6300 Processor,17.13 cm (6.745 inch) HD+ Display,48MP Rear Camera | 8MP Front Camera,,https://www.flipkart.com/ai-nova-2-neo-5g-green-128-gb/p/itme652d08967489?pid=MOBHZ8ZMUBXHKYTE&lid=LSTMOBHZ8ZMUBXHKYTER7WOLW&marketplace=FLIPKART&q=smart+phones&store=tyy%2F4io&srno=s_6_124&otracker=search&fm=organic&iid=95b71fe3-d6ce-4e8d-aadf-cf220262e287.MOBHZ8ZMUBXHKYTE.SEARCH&ppt=None&ppn=None&ssid=fot0he5vr40000001786338188750&qH=a5594894156db043&ov_redirect=true,2026-08-10
125,"Ai+ Nova 2 Ultra 5G (Purple, 128 GB)",Ai+,19999,26999,25% off,4.1,"1,179",176,8 GB RAM,128 GB ROM,6000 mAh Li-polymer Battery,Dimensity 7400 Processor,17.22 cm (6.78 inch) Full HD+ AMOLED Display,50MP + 8MP | 13MP Front Camera,,https://www.flipkart.com/ai-nova-2-ultra-5g-purple-128-gb/p/itmedb3f9cf73654?pid=MOBHHUFDYDCGTVEF&lid=LSTMOBHHUFDYDCGTVEF6XKD4O&marketplace=FLIPKART&q=smart+phones&store=tyy%2F4io&srno=s_6_125&otracker=search&fm=organic&iid=95b71fe3-d6ce-4e8d-aadf-cf220262e287.MOBHHUFDYDCGTVEF.SEARCH&ppt=None&ppn=None&ssid=fot0he5vr40000001786338188750&qH=a5594894156db043&ov_redirect=true,2026-08-10
126,"Ai+ Nova 2 Pro 5G (Black, 128 GB)",Ai+,15999,21999,27% off,4.1,876,110,6 GB RAM,128 GB ROM,6000 mAh Li-polymer Battery,Dimensity 7100 Processor,17.53 cm (6.9 inch) Full HD+ Display,48MP Rear Camera | 13MP Front Camera,,https://www.flipkart.com/ai-nova-2-pro-5g-black-128-gb/p/itmacb10a3dd51c6?pid=MOBHZ8ZM8BUGCJDQ&lid=LSTMOBHZ8ZM8BUGCJDQGHBPRS&marketplace=FLIPKART&q=smart+phones&store=tyy%2F4io&srno=s_6_126&otracker=search&fm=organic&iid=95b71fe3-d6ce-4e8d-aadf-cf220262e287.MOBHZ8ZM8BUGCJDQ.SEARCH&ppt=None&ppn=None&ssid=fot0he5vr40000001786338188750&qH=a5594894156db043&ov_redirect=true,2026-08-10
127,"OnePlus Nord CE6 Lite (Hyper Black, 128 GB)",OnePlus,26646,31999,16% off,4.3,"1,036",81,6 GB RAM,128 GB ROM,7000 mAh Battery,Mediatek Dimensity 7400 Processor,17.07 cm (6.72 inch) Full HD+ Display,50MP Rear Camera | 8MP Front Camera,,https://www.flipkart.com/oneplus-nord-ce6-lite-hyper-black-128-gb/p/itm894a5599b758b?pid=MOBHN8BDFU3PHHUR&lid=LSTMOBHN8BDFU3PHHURVOUB8L&marketplace=FLIPKART&q=smart+phones&store=tyy%2F4io&srno=s_6_127&otracker=search&fm=organic&iid=95b71fe3-d6ce-4e8d-aadf-cf220262e287.MOBHN8BDFU3PHHUR.SEARCH&ppt=None&ppn=None&ssid=fot0he5vr40000001786338188750&qH=a5594894156db043&ov_redirect=true,2026-08-10
128,"REDMI A7 Pro 5G (Sunset Orange, 128 GB)",REDMI,15480,27999,44% off,4,"2,274",176,4 GB RAM,128 GB ROM,6300 mAh Battery,UNISOC T8300 octa-core processor Processor,17.53 cm (6.9 inch) Full HD+ Display,32MP Rear Camera,,https://www.flipkart.com/redmi-a7-pro-5g-sunset-orange-128-gb/p/itm88c66032a6b5e?pid=MOBHMJR82XH6YCRU&lid=LSTMOBHMJR82XH6YCRUGJGYIG&marketplace=FLIPKART&q=smart+phones&store=tyy%2F4io&srno=s_6_128&otracker=search&fm=organic&iid=95b71fe3-d6ce-4e8d-aadf-cf220262e287.MOBHMJR82XH6YCRU.SEARCH&ppt=None&ppn=None&ssid=fot0he5vr40000001786338188750&qH=a5594894156db043&ov_redirect=true,2026-08-10
129,"Samsung M36 5G (Velvet Black / Black, 128 GB)",Samsung,21955,26999,18% off,4.3,"5,220",408,6 GB RAM,128 GB ROM,5000 mAh Battery,,17.02 cm (6.7 inch) Display,50MP Rear Camera,,https://www.flipkart.com/samsung-m36-5g-velvet-black-black-128-gb/p/itm1e7be51802033?pid=MOBHEYY2FCCGHYEM&lid=LSTMOBHEYY2FCCGHYEMFS3NHC&marketplace=FLIPKART&q=smart+phones&store=tyy%2F4io&srno=s_6_129&otracker=search&fm=organic&iid=95b71fe3-d6ce-4e8d-aadf-cf220262e287.MOBHEYY2FCCGHYEM.SEARCH&ppt=None&ppn=None&ssid=fot0he5vr40000001786338188750&qH=a5594894156db043&ov_redirect=true,2026-08-10
130,"Ai+ Nova 2 Pro 5G (Blue, 128 GB)",Ai+,16999,22999,26% off,4,503,61,8 GB RAM,128 GB ROM,6000 mAh Li-polymer Battery,Dimensity 7100 Processor,17.53 cm (6.9 inch) Full HD+ Display,48MP Rear Camera | 13MP Front Camera,,https://www.flipkart.com/ai-nova-2-pro-5g-blue-128-gb/p/itmd1ea84fa8f73a?pid=MOBHZ8ZMRKCCRXEU&lid=LSTMOBHZ8ZMRKCCRXEUQOKXSE&marketplace=FLIPKART&q=smart+phones&store=tyy%2F4io&srno=s_6_130&otracker=search&fm=organic&iid=95b71fe3-d6ce-4e8d-aadf-cf220262e287.MOBHZ8ZMRKCCRXEU.SEARCH&ppt=None&ppn=None&ssid=fot0he5vr40000001786338188750&qH=a5594894156db043&ov_redirect=true,2026-08-10
131,"realme C100x (Deepblue Tides, 64 GB)",realme,14999,29999,50% off,4,62,10,4 GB RAM,64 GB ROM,8000 mAh Battery,T7250 Processor,17.27 cm (6.8 inch) HD+ Display,50MP Rear Camera | 5MP Front Camera,,https://www.flipkart.com/realme-c100x-deepblue-tides-64-gb/p/itm488eb4026680c?pid=MOBHZMDT7BJCESTA&lid=LSTMOBHZMDT7BJCESTAV7AYK5&marketplace=FLIPKART&q=smart+phones&store=tyy%2F4io&srno=s_6_131&otracker=search&fm=organic&iid=95b71fe3-d6ce-4e8d-aadf-cf220262e287.MOBHZMDT7BJCESTA.SEARCH&ppt=None&ppn=None&ssid=fot0he5vr40000001786338188750&qH=a5594894156db043&ov_redirect=true,2026-08-10
132,"HMD Vibe2 5G (Peach Pink, 128 GB)",HMD,16999,19999,15% off,4.5,"3,999",387,4 GB RAM,128 GB ROM,6000 mAh Li-Poly Battery,,17.02 cm (6.7 inch) HD+ Display,50MP Rear Camera | 8MP Front Camera,,https://www.flipkart.com/hmd-vibe2-5g-peach-pink-128-gb/p/itm71c3ae6df2a26?pid=MOBHN6XYSHFH3BNJ&lid=LSTMOBHN6XYSHFH3BNJAIKEZZ&marketplace=FLIPKART&q=smart+phones&store=tyy%2F4io&srno=s_6_132&otracker=search&fm=organic&iid=95b71fe3-d6ce-4e8d-aadf-cf220262e287.MOBHN6XYSHFH3BNJ.SEARCH&ppt=None&ppn=None&ssid=fot0he5vr40000001786338188750&qH=a5594894156db043&ov_redirect=true,2026-08-10
133,"vivo X200T (Seaside Lilac, 512 GB)",vivo,69999,87999,20% off,4.6,"7,663","1,531",12 GB RAM,512 GB ROM,6200 mAh Battery,Dimensity 9400+ Processor,16.94 cm (6.67 inch) Full HD+ AMOLED Display,50MP + 50MP + 50MP | 32MP Front Camera,,https://www.flipkart.com/vivo-x200t-seaside-lilac-512-gb/p/itm1b8452d68859b?pid=MOBHJK5MSMEHG5XS&lid=LSTMOBHJK5MSMEHG5XSJDE1VZ&marketplace=FLIPKART&q=smart+phones&store=tyy%2F4io&srno=s_6_133&otracker=search&fm=organic&iid=95b71fe3-d6ce-4e8d-aadf-cf220262e287.MOBHJK5MSMEHG5XS.SEARCH&ppt=None&ppn=None&ssid=fot0he5vr40000001786338188750&qH=a5594894156db043&ov_redirect=true,2026-08-10
134,"vivo X200T (Stellar Black, 512 GB)",vivo,69999,87999,20% off,4.6,"7,663","1,531",12 GB RAM,512 GB ROM,6200 mAh Battery,Dimensity 9400+ Processor,16.94 cm (6.67 inch) Full HD+ AMOLED Display,50MP + 50MP + 50MP | 32MP Front Camera,,https://www.flipkart.com/vivo-x200t-stellar-black-512-gb/p/itm1b8452d68859b?pid=MOBHJK5MWVU36Z9H&lid=LSTMOBHJK5MWVU36Z9HFYDGCP&marketplace=FLIPKART&q=smart+phones&store=tyy%2F4io&srno=s_6_134&otracker=search&fm=organic&iid=95b71fe3-d6ce-4e8d-aadf-cf220262e287.MOBHJK5MWVU36Z9H.SEARCH&ppt=None&ppn=None&ssid=fot0he5vr40000001786338188750&qH=a5594894156db043&ov_redirect=true,2026-08-10
135,"vivo X200T (Stellar Black, 256 GB)",vivo,59999,80000,25% off,4.6,"7,663","1,531",12 GB RAM,256 GB ROM,6200 mAh Battery,Dimensity 9400+ Processor,16.94 cm (6.67 inch) Full HD+ AMOLED Display,50MP + 50MP + 50MP | 32MP Front Camera,,https://www.flipkart.com/vivo-x200t-stellar-black-256-gb/p/itm1b8452d68859b?pid=MOBHJK5MBRDS3GUQ&lid=LSTMOBHJK5MBRDS3GUQWMQNUP&marketplace=FLIPKART&q=smart+phones&store=tyy%2F4io&srno=s_6_135&otracker=search&fm=organic&iid=95b71fe3-d6ce-4e8d-aadf-cf220262e287.MOBHJK5MBRDS3GUQ.SEARCH&ppt=None&ppn=None&ssid=fot0he5vr40000001786338188750&qH=a5594894156db043&ov_redirect=true,2026-08-10
136,"MOTOROLA Signature (PANTONE Martini Olive, 1 TB)",MOTOROLA,67499,84999,20% off,4.5,925,173,16 GB RAM,1 TB ROM,5200 mAh Battery,Snapdragon 8 Gen 5 Processor,17.27 cm (6.8 inch) Super HD Display,50MP + 50MP + 50MP | 50MP Front Camera,,https://www.flipkart.com/motorola-signature-pantone-martini-olive-1-tb/p/itm4806fc933fff8?pid=MOBHGVJYRCA9AUCG&lid=LSTMOBHGVJYRCA9AUCGY92BDO&marketplace=FLIPKART&q=smart+phones&store=tyy%2F4io&srno=s_6_136&otracker=search&fm=organic&iid=95b71fe3-d6ce-4e8d-aadf-cf220262e287.MOBHGVJYRCA9AUCG.SEARCH&ppt=None&ppn=None&ssid=fot0he5vr40000001786338188750&qH=a5594894156db043&ov_redirect=true,2026-08-10
137,"Samsung Galaxy M17e (Vibe Violet, 128 GB)",Samsung,17070,20999,18% off,4.1,588,53,6 GB RAM,128 GB ROM,6000 mAh Battery,MediaTek Dimensity Processor,17.02 cm (6.7 inch) Full HD+ Display,50MP Rear Camera | 2MP Front Camera,,https://www.flipkart.com/samsung-galaxy-m17e-vibe-violet-128-gb/p/itm673a019f689ae?pid=MOBHHQWGFRUKCEC3&lid=LSTMOBHHQWGFRUKCEC3EPBZNE&marketplace=FLIPKART&q=smart+phones&store=tyy%2F4io&srno=s_6_137&otracker=search&fm=organic&iid=95b71fe3-d6ce-4e8d-aadf-cf220262e287.MOBHHQWGFRUKCEC3.SEARCH&ppt=None&ppn=None&ssid=fot0he5vr40000001786338188750&qH=a5594894156db043&ov_redirect=true,2026-08-10
138,"Apple iPhone 15 (Blue, 256 GB)",Apple,66749,69900,4% off,4.6,"2,46,723","9,553",,,,"A16 Bionic Chip, 6 Core Processor Processor",15.49 cm (6.1 inch) Super Retina XDR Display,48MP + 12MP | 12MP Front Camera,,https://www.flipkart.com/apple-iphone-15-blue-256-gb/p/itm986f66c53cae4?pid=MOBGTAGPNEZZY2YR&lid=LSTMOBGTAGPNEZZY2YR3VRTJK&marketplace=FLIPKART&q=smart+phones&store=tyy%2F4io&srno=s_6_138&otracker=search&fm=organic&iid=95b71fe3-d6ce-4e8d-aadf-cf220262e287.MOBGTAGPNEZZY2YR.SEARCH&ppt=None&ppn=None&ssid=fot0he5vr40000001786338188750&qH=a5594894156db043&ov_redirect=true,2026-08-10
139,"OnePlus Nord CE6 Lite (Vivid Mint, 128 GB)",OnePlus,27365,33999,19% off,4.3,548,34,8 GB RAM,128 GB ROM,7000 mAh Battery,Mediatek Dimensity 7400 Processor,17.07 cm (6.72 inch) Full HD+ Display,8MP Rear Camera | 8MP Front Camera,,https://www.flipkart.com/oneplus-nord-ce6-lite-vivid-mint-128-gb/p/itm894a5599b758b?pid=MOBHN86VFKDWVHXF&lid=LSTMOBHN86VFKDWVHXFZE3UHO&marketplace=FLIPKART&q=smart+phones&store=tyy%2F4io&srno=s_6_139&otracker=search&fm=organic&iid=95b71fe3-d6ce-4e8d-aadf-cf220262e287.MOBHN86VFKDWVHXF.SEARCH&ppt=None&ppn=None&ssid=fot0he5vr40000001786338188750&qH=a5594894156db043&ov_redirect=true,2026-08-10
140,"Apple iPhone 17 Pro (Deep Blue, 256 GB)",Apple,126900,134900,5% off,4.7,"4,171",298,,,,"A19 Chip, 6 Core Processor Processor",16.0 cm (6.3 inch) Super Retina XDR Display,48MP + 48MP + 48MP | 18MP Front Camera,,https://www.flipkart.com/apple-iphone-17-pro-deep-blue-256-gb/p/itm239d0b996d7f0?pid=MOBHFN6YV7GYZHSM&lid=LSTMOBHFN6YV7GYZHSMOB0WBP&marketplace=FLIPKART&q=smart+phones&store=tyy%2F4io&srno=s_6_140&otracker=search&fm=organic&iid=95b71fe3-d6ce-4e8d-aadf-cf220262e287.MOBHFN6YV7GYZHSM.SEARCH&ppt=None&ppn=None&ssid=fot0he5vr40000001786338188750&qH=a5594894156db043&ov_redirect=true,2026-08-10
141,"realme Narzo 80 Lite (Beach Gold, 64 GB)",realme,12649,12999,2% off,4.3,"2,979",153,4 GB RAM,64 GB ROM,6300 mAh Battery,,17.12 cm (6.74 inch) HD+ Display,32MP Rear Camera,,https://www.flipkart.com/realme-narzo-80-lite-beach-gold-64-gb/p/itmda40eecbc001f?pid=MOBHEGXGZDHGFH2P&lid=LSTMOBHEGXGZDHGFH2PCFQICA&marketplace=FLIPKART&q=smart+phones&store=tyy%2F4io&srno=s_6_141&otracker=search&fm=organic&iid=95b71fe3-d6ce-4e8d-aadf-cf220262e287.MOBHEGXGZDHGFH2P.SEARCH&ppt=None&ppn=None&ssid=fot0he5vr40000001786338188750&qH=a5594894156db043&ov_redirect=true,2026-08-10
142,"Samsung Galaxy A36 5G (Awesome Lavender, 256 GB)",Samsung,30999,38999,20% off,4.3,"3,188",291,8 GB RAM,256 GB ROM,5000 mAh Battery,Qualcomm Snapdragon 6 Gen 3 Processor,17.02 cm (6.7 inch) Full HD+ Display,50MP + 8MP | 12MP Front Camera,,https://www.flipkart.com/samsung-galaxy-a36-5g-awesome-lavender-256-gb/p/itma5b5834a73d65?pid=MOBH9RNG3KTYVZKE&lid=LSTMOBH9RNG3KTYVZKERDB4KI&marketplace=FLIPKART&q=smart+phones&store=tyy%2F4io&srno=s_6_142&otracker=search&fm=organic&iid=95b71fe3-d6ce-4e8d-aadf-cf220262e287.MOBH9RNG3KTYVZKE.SEARCH&ppt=None&ppn=None&ssid=fot0he5vr40000001786338188750&qH=a5594894156db043&ov_redirect=true,2026-08-10
143,"Ai+ Pulse 2 (Black, 64 GB)",Ai+,9199,10999,16% off,4.2,"7,797",488,4 GB RAM,64 GB ROM,6000 mAh Battery,T7250 Processor,17.13 cm (6.745 inch) HD+ Display,50MP Rear Camera | 8MP Front Camera,,https://www.flipkart.com/ai-pulse-2-black-64-gb/p/itm7feca2e591fba?pid=MOBHKHPYGKYZ3YUN&lid=LSTMOBHKHPYGKYZ3YUNYJ4N4U&marketplace=FLIPKART&q=smart+phones&store=tyy%2F4io&srno=s_6_143&otracker=search&fm=organic&iid=95b71fe3-d6ce-4e8d-aadf-cf220262e287.MOBHKHPYGKYZ3YUN.SEARCH&ppt=None&ppn=None&ssid=fot0he5vr40000001786338188750&qH=a5594894156db043&ov_redirect=true,2026-08-10
144,"Samsung Galaxy A17 5G (Black, 128 GB)",Samsung,22499,,,4.3,"1,913",180,8 GB RAM,128 GB ROM,5000 mAh Battery,Samsung Exynos 1330 Processor,17.02 cm (6.7 inch) Full HD+ Display,50MP + 5MP + 2MP | 13MP Front Camera,,https://www.flipkart.com/samsung-galaxy-a17-5g-black-128-gb/p/itm9b0b7e6d52859?pid=MOBHGVECE3WTM76Y&lid=LSTMOBHGVECE3WTM76YNHKHUR&marketplace=FLIPKART&q=smart+phones&store=tyy%2F4io&srno=s_6_144&otracker=search&fm=organic&iid=95b71fe3-d6ce-4e8d-aadf-cf220262e287.MOBHGVECE3WTM76Y.SEARCH&ppt=None&ppn=None&ssid=fot0he5vr40000001786338188750&qH=a5594894156db043&ov_redirect=true,2026-08-10
145,"Apple iPhone 17 (Mist Blue, 256 GB)",Apple,81900,82900,1% off,4.6,"21,854","1,591",,,,"A19 Chip, 6 Core Processor Processor",16.0 cm (6.3 inch) Super Retina XDR Display,48MP + 48MP | 18MP Front Camera,,https://www.flipkart.com/apple-iphone-17-mist-blue-256-gb/p/itm1834df7ee2812?pid=MOBHFN6YWTXZD8SG&lid=LSTMOBHFN6YWTXZD8SGROTZTS&marketplace=FLIPKART&q=smart+phones&store=tyy%2F4io&srno=s_7_145&otracker=search&fm=organic&iid=be18499c-913f-4e0f-b355-7ed2a8c96d93.MOBHFN6YWTXZD8SG.SEARCH&ppt=None&ppn=None&ssid=k7f8l42y0g0000001786338192290&qH=a5594894156db043&ov_redirect=true,2026-08-10
146,"OPPO K14 5G (Prism White, 128 GB)",OPPO,23999,25999,7% off,4.5,"5,517",286,6 GB RAM,128 GB ROM,7000 mAh Battery,Dimensity 6300 Processor,17.14 cm (6.75 inch) HD+ Display,50MP Rear Camera | 8MP Front Camera,,https://www.flipkart.com/oppo-k14-5g-prism-white-128-gb/p/itm2a5cc1d23c2af?pid=MOBHKQYY9JJPHATW&lid=LSTMOBHKQYY9JJPHATWF0JOIP&marketplace=FLIPKART&q=smart+phones&store=tyy%2F4io&srno=s_7_146&otracker=search&fm=organic&iid=be18499c-913f-4e0f-b355-7ed2a8c96d93.MOBHKQYY9JJPHATW.SEARCH&ppt=None&ppn=None&ssid=k7f8l42y0g0000001786338192290&qH=a5594894156db043&ov_redirect=true,2026-08-10
147,"vivo X200T (Stellar Black, 256 GB)",vivo,59999,80000,25% off,4.6,"7,663","1,531",12 GB RAM,256 GB ROM,6200 mAh Battery,Dimensity 9400+ Processor,16.94 cm (6.67 inch) Full HD+ AMOLED Display,50MP + 50MP + 50MP | 32MP Front Camera,,https://www.flipkart.com/vivo-x200t-stellar-black-256-gb/p/itm1b8452d68859b?pid=MOBHJK5MBRDS3GUQ&lid=LSTMOBHJK5MBRDS3GUQWMQNUP&marketplace=FLIPKART&q=smart+phones&store=tyy%2F4io&srno=s_7_147&otracker=search&fm=organic&iid=en_QfUQr7dF0BV2N5LkM7ZHPfdXlwUjXn3Rl15Hyzs6Jm4ouBEhSluXIrZyKzLpegrt5NnpnPl9EV967ILZe79qK-aVsfQpjYwoxtKUfFby9ZQK0JK1ey77KAbnFF3LGFQF&ppt=None&ppn=None&ssid=k7f8l42y0g0000001786338192290&qH=a5594894156db043&ov_redirect=true,2026-08-10
148,"Nothing Phone (4b) (Blue, 128 GB)",Nothing,34999,54999,36% off,4.4,773,66,8 GB RAM,128 GB ROM,6000 mAh Lithium ion Battery,6 Gen 4 Processor,17.2 cm (6.77 inch) Full HD+ AMOLED Display,50MP + 8MP | 16MP Front Camera,,https://www.flipkart.com/nothing-phone-4b-blue-128-gb/p/itm939608b40adbb?pid=MOBHZMBD9WNP9HHB&lid=LSTMOBHZMBD9WNP9HHBUJTCGV&marketplace=FLIPKART&q=smart+phones&store=tyy%2F4io&srno=s_7_148&otracker=search&fm=organic&iid=en_QfUQr7dF0BV2N5LkM7ZHPfdXlwUjXn3Rl15Hyzs6Jm5Fyl9rKJtzK9FSEhTz7pDstphJEViWk9b5gLdO-3tqikJ2Ti079-kzsPF1srjgW3pIdWls8lp5jF1TebTnnDvc&ppt=None&ppn=None&ssid=k7f8l42y0g0000001786338192290&qH=a5594894156db043&ov_redirect=true,2026-08-10
149,"OPPO K14 5G (Prism Violet, 128 GB)",OPPO,23999,25999,7% off,4.5,"5,517",286,6 GB RAM,128 GB ROM,7000 mAh Battery,Dimensity 6300 Processor,17.14 cm (6.75 inch) HD+ Display,50MP Rear Camera | 8MP Front Camera,,https://www.flipkart.com/oppo-k14-5g-prism-violet-128-gb/p/itm2a5cc1d23c2af?pid=MOBHKQYYEP5PV9RH&lid=LSTMOBHKQYYEP5PV9RHMPIERZ&marketplace=FLIPKART&q=smart+phones&store=tyy%2F4io&srno=s_7_149&otracker=search&fm=organic&iid=be18499c-913f-4e0f-b355-7ed2a8c96d93.MOBHKQYYEP5PV9RH.SEARCH&ppt=None&ppn=None&ssid=k7f8l42y0g0000001786338192290&qH=a5594894156db043&ov_redirect=true,2026-08-10
150,"OPPO K14 5G (Prism White, 256 GB)",OPPO,26999,27999,3% off,4.5,"5,517",286,6 GB RAM,256 GB ROM,7000 mAh Battery,Dimensity 6300 Processor,17.14 cm (6.75 inch) HD+ Display,50MP Rear Camera | 8MP Front Camera,,https://www.flipkart.com/oppo-k14-5g-prism-white-256-gb/p/itm2a5cc1d23c2af?pid=MOBHKQYYPHXEGF7W&lid=LSTMOBHKQYYPHXEGF7WJUSBDY&marketplace=FLIPKART&q=smart+phones&store=tyy%2F4io&srno=s_7_150&otracker=search&fm=organic&iid=be18499c-913f-4e0f-b355-7ed2a8c96d93.MOBHKQYYPHXEGF7W.SEARCH&ppt=None&ppn=None&ssid=k7f8l42y0g0000001786338192290&qH=a5594894156db043&ov_redirect=true,2026-08-10
151,"realme P4 Lite 5G (Mosaic Green, 128 GB)",realme,17999,32999,45% off,4.2,"11,661",748,4 GB RAM,128 GB ROM,7000 mAh lithium-ion polymer Battery,Dimensity 6300 Processor,17.27 cm (6.8 inches) HD+ Display,13MP Rear Camera | 5MP Front Camera,,https://www.flipkart.com/realme-p4-lite-5g-mosaic-green-128-gb/p/itm90c243961f214?pid=MOBHN7A8PBUWNHG5&lid=LSTMOBHN7A8PBUWNHG5V5EICC&marketplace=FLIPKART&q=smart+phones&store=tyy%2F4io&srno=s_7_151&otracker=search&fm=organic&iid=be18499c-913f-4e0f-b355-7ed2a8c96d93.MOBHN7A8PBUWNHG5.SEARCH&ppt=None&ppn=None&ssid=k7f8l42y0g0000001786338192290&qH=a5594894156db043&ov_redirect=true,2026-08-10
152,"realme P4 Lite (Beach Gold, 128 GB)",realme,13999,27999,50% off,4,"5,107",317,4 GB RAM,128 GB ROM,6300 mAh Battery,T7250 Processor,17.14 cm (6.75 inch) HD+ Display,13MP Rear Camera | 5MP Front Camera,,https://www.flipkart.com/realme-p4-lite-beach-gold-128-gb/p/itm029fbc88fdc91?pid=MOBHMX7KHWGRBXZV&lid=LSTMOBHMX7KHWGRBXZVPJ1YVY&marketplace=FLIPKART&q=smart+phones&store=tyy%2F4io&srno=s_7_152&otracker=search&fm=organic&iid=be18499c-913f-4e0f-b355-7ed2a8c96d93.MOBHMX7KHWGRBXZV.SEARCH&ppt=None&ppn=None&ssid=k7f8l42y0g0000001786338192290&qH=a5594894156db043&ov_redirect=true,2026-08-10
153,"MOTOROLA g37 (PANTONE Nautical Blue, 64 GB)",MOTOROLA,14999,24999,40% off,4.3,"2,164",116,4 GB RAM,64 GB ROM,5200 mAh Battery,Dimensity 6400 Processor,16.92 cm (6.66 inch) HD+ Display,50MP Rear Camera | 8MP Front Camera,,https://www.flipkart.com/motorola-g37-pantone-nautical-blue-64-gb/p/itm5d235b295291f?pid=MOBHHWB6YAKNZGPB&lid=LSTMOBHHWB6YAKNZGPBGLLTUW&marketplace=FLIPKART&q=smart+phones&store=tyy%2F4io&srno=s_7_153&otracker=search&fm=organic&iid=be18499c-913f-4e0f-b355-7ed2a8c96d93.MOBHHWB6YAKNZGPB.SEARCH&ppt=None&ppn=None&ssid=k7f8l42y0g0000001786338192290&qH=a5594894156db043&ov_redirect=true,2026-08-10
154,"Samsung Galaxy A07 LTE (Black, 64 GB)",Samsung,11734,12499,6% off,4.2,"1,297",87,4 GB RAM,64 GB ROM,5000 mAh Battery,Helio G99 Processor,17.02 cm (6.7 inch) HD+ Display,,,https://www.flipkart.com/samsung-galaxy-a07-lte-black-64-gb/p/itm25dbddb462dcb?pid=MOBHG82ZXW3DEMHY&lid=LSTMOBHG82ZXW3DEMHYNTTYYX&marketplace=FLIPKART&q=smart+phones&store=tyy%2F4io&srno=s_7_154&otracker=search&fm=organic&iid=be18499c-913f-4e0f-b355-7ed2a8c96d93.MOBHG82ZXW3DEMHY.SEARCH&ppt=None&ppn=None&ssid=k7f8l42y0g0000001786338192290&qH=a5594894156db043&ov_redirect=true,2026-08-10
155,"POCO C85x (Elite Black, 128 GB)",POCO,14999,21999,31% off,4.2,"5,067",654,4 GB RAM,128 GB ROM,6300 mAh Lithium-Ion Polymer Battery,T8300 Processor,17.53 cm (6.9 inch) HD+ Display,32MP Rear Camera,,https://www.flipkart.com/poco-c85x-elite-black-128-gb/p/itm7e422d0bdc317?pid=MOBHMGG5NGH9MQBY&lid=LSTMOBHMGG5NGH9MQBY3J4OBU&marketplace=FLIPKART&q=smart+phones&store=tyy%2F4io&srno=s_7_155&otracker=search&fm=organic&iid=be18499c-913f-4e0f-b355-7ed2a8c96d93.MOBHMGG5NGH9MQBY.SEARCH&ppt=None&ppn=None&ssid=k7f8l42y0g0000001786338192290&qH=a5594894156db043&ov_redirect=true,2026-08-10
156,"Samsung Galaxy A17 5G (Gray, 128 GB)",Samsung,24499,29999,18% off,4.3,"1,913",180,8 GB RAM,128 GB ROM,5000 mAh Battery,Samsung Exynos 1330 Processor,17.02 cm (6.7 inch) Full HD+ Display,50MP + 5MP + 2MP | 13MP Front Camera,,https://www.flipkart.com/samsung-galaxy-a17-5g-gray-128-gb/p/itm9b0b7e6d52859?pid=MOBHGVECFYBX65X6&lid=LSTMOBHGVECFYBX65X6XSJ6Q3&marketplace=FLIPKART&q=smart+phones&store=tyy%2F4io&srno=s_7_156&otracker=search&fm=organic&iid=be18499c-913f-4e0f-b355-7ed2a8c96d93.MOBHGVECFYBX65X6.SEARCH&ppt=None&ppn=None&ssid=k7f8l42y0g0000001786338192290&qH=a5594894156db043&ov_redirect=true,2026-08-10
157,"Samsung Galaxy S25 Ultra 5G (Titanium Whitesilver, 256 GB)",Samsung,92365,129999,28% off,4.6,"3,582",397,12 GB RAM,256 GB ROM,5000 mAh Battery,8 Elite for Galaxy Processor,17.53 cm (6.9 inch) Quad HD+ Display,200MP + 50MP + 50MP + 10MP | 12MP Front Camera,,https://www.flipkart.com/samsung-galaxy-s25-ultra-5g-titanium-whitesilver-256-gb/p/itm9beb2f2beaa5e?pid=MOBH8K8U56WRFZFR&lid=LSTMOBH8K8U56WRFZFR1K0NLR&marketplace=FLIPKART&q=smart+phones&store=tyy%2F4io&srno=s_7_157&otracker=search&fm=organic&iid=be18499c-913f-4e0f-b355-7ed2a8c96d93.MOBH8K8U56WRFZFR.SEARCH&ppt=None&ppn=None&ssid=k7f8l42y0g0000001786338192290&qH=a5594894156db043&ov_redirect=true,2026-08-10
158,"vivo T5 Pro 5G (Glacier Blue, 128 GB)",vivo,35999,55999,35% off,4.5,"7,934",776,8 GB RAM,128 GB ROM,9020 mAh Battery,Snapdragon 7s Gen 4 Processor,17.35 cm (6.83 inch) Full HD+ AMOLED Display,50MP + 2MP | 32MP Front Camera,,https://www.flipkart.com/vivo-t5-pro-5g-glacier-blue-128-gb/p/itma21e2e09d4493?pid=MOBHM4FZVHBWFRHM&lid=LSTMOBHM4FZVHBWFRHMUM8WSE&marketplace=FLIPKART&q=smart+phones&store=tyy%2F4io&srno=s_7_158&otracker=search&fm=organic&iid=be18499c-913f-4e0f-b355-7ed2a8c96d93.MOBHM4FZVHBWFRHM.SEARCH&ppt=None&ppn=None&ssid=k7f8l42y0g0000001786338192290&qH=a5594894156db043&ov_redirect=true,2026-08-10
159,"OPPO K14 5G (Icy Blue, 128 GB)",OPPO,23999,25999,7% off,4.5,"5,517",286,6 GB RAM,128 GB ROM,7000 mAh Battery,Dimensity 6300 Processor,17.14 cm (6.75 inch) HD+ Display,50MP Rear Camera | 8MP Front Camera,,https://www.flipkart.com/oppo-k14-5g-icy-blue-128-gb/p/itm2a5cc1d23c2af?pid=MOBHKQYY9S6MVDHH&lid=LSTMOBHKQYY9S6MVDHHPEXJJR&marketplace=FLIPKART&q=smart+phones&store=tyy%2F4io&srno=s_7_159&otracker=search&fm=organic&iid=be18499c-913f-4e0f-b355-7ed2a8c96d93.MOBHKQYY9S6MVDHH.SEARCH&ppt=None&ppn=None&ssid=k7f8l42y0g0000001786338192290&qH=a5594894156db043&ov_redirect=true,2026-08-10
160,"POCO C85x (Sunset Gold, 64 GB)",POCO,13999,20999,33% off,4.2,"5,067",654,4 GB RAM,64 GB ROM,6300 mAh Lithium-Ion Polymer Battery,T8300 Processor,17.53 cm (6.9 inch) HD+ Display,32MP Rear Camera,,https://www.flipkart.com/poco-c85x-sunset-gold-64-gb/p/itm6b8cdd362c306?pid=MOBHMGG5PYZRFMKU&lid=LSTMOBHMGG5PYZRFMKUWRLUZB&marketplace=FLIPKART&q=smart+phones&store=tyy%2F4io&srno=s_7_160&otracker=search&fm=organic&iid=be18499c-913f-4e0f-b355-7ed2a8c96d93.MOBHMGG5PYZRFMKU.SEARCH&ppt=None&ppn=None&ssid=k7f8l42y0g0000001786338192290&qH=a5594894156db043&ov_redirect=true,2026-08-10
161,"Ai+ Nova 2 Ultra 5G (Green, 128 GB)",Ai+,17999,25999,30% off,4.1,"2,297",318,6 GB RAM,128 GB ROM,6000 mAh Li-polymer Battery,Dimensity 7400 Processor,17.22 cm (6.78 inch) Full HD+ AMOLED Display,50MP + 8MP | 13MP Front Camera,,https://www.flipkart.com/ai-nova-2-ultra-5g-green-128-gb/p/itm9db3f3ad8ba85?pid=MOBHHUFDZFG4CKDG&lid=LSTMOBHHUFDZFG4CKDGGCWUDQ&marketplace=FLIPKART&q=smart+phones&store=tyy%2F4io&srno=s_7_161&otracker=search&fm=organic&iid=be18499c-913f-4e0f-b355-7ed2a8c96d93.MOBHHUFDZFG4CKDG.SEARCH&ppt=None&ppn=None&ssid=k7f8l42y0g0000001786338192290&qH=a5594894156db043&ov_redirect=true,2026-08-10
162,"realme P4 Pro 5G (Birch Wood, 256 GB)",realme,30999,,,4.4,"20,012","1,927",8 GB RAM,256 GB ROM,7000 mAh Battery,Snapdragon 7 Gen 4 Mobile Processor,17.27 cm (6.8 inch) Full HD+ Display,50MP + 8MP | 50MP Front Camera,,https://www.flipkart.com/realme-p4-pro-5g-birch-wood-256-gb/p/itme41a54752cc21?pid=MOBHERXKVQED7HGC&lid=LSTMOBHERXKVQED7HGC54DD1I&marketplace=FLIPKART&q=smart+phones&store=tyy%2F4io&srno=s_7_162&otracker=search&fm=organic&iid=be18499c-913f-4e0f-b355-7ed2a8c96d93.MOBHERXKVQED7HGC.SEARCH&ppt=None&ppn=None&ssid=k7f8l42y0g0000001786338192290&qH=a5594894156db043&ov_redirect=true,2026-08-10
163,"realme P4 Pro 5G (Midnight Ivy, 128 GB)",realme,28999,,,4.4,"20,012","1,927",8 GB RAM,128 GB ROM,7000 mAh Battery,Snapdragon 7 Gen 4 Mobile Processor,17.27 cm (6.8 inch) Full HD+ Display,50MP + 8MP | 50MP Front Camera,,https://www.flipkart.com/realme-p4-pro-5g-midnight-ivy-128-gb/p/itme41a54752cc21?pid=MOBHERXKXPYUPFQG&lid=LSTMOBHERXKXPYUPFQGNBXMDH&marketplace=FLIPKART&q=smart+phones&store=tyy%2F4io&srno=s_7_163&otracker=search&fm=organic&iid=be18499c-913f-4e0f-b355-7ed2a8c96d93.MOBHERXKXPYUPFQG.SEARCH&ppt=None&ppn=None&ssid=k7f8l42y0g0000001786338192290&qH=a5594894156db043&ov_redirect=true,2026-08-10
164,"Samsung Galaxy M56 5G (Black, 128 GB)",Samsung,29990,33999,11% off,4.4,"2,920",259,8 GB RAM,128 GB ROM,5000 mAh Battery,OCTACORE Processor,17.02 cm (6.7 inch) Full HD+ E3 Super AMOLED Display,50MP + 50MP + 8MP | 12MP + 2MP Dual Front Camera,,https://www.flipkart.com/samsung-galaxy-m56-5g-black-128-gb/p/itm64935225a672e?pid=MOBHBH85EGF9PCG3&lid=LSTMOBHBH85EGF9PCG3DSALIA&marketplace=FLIPKART&q=smart+phones&store=tyy%2F4io&srno=s_7_164&otracker=search&fm=organic&iid=be18499c-913f-4e0f-b355-7ed2a8c96d93.MOBHBH85EGF9PCG3.SEARCH&ppt=None&ppn=None&ssid=k7f8l42y0g0000001786338192290&qH=a5594894156db043&ov_redirect=true,2026-08-10
165,"Samsung Galaxy S25 5G (Icyblue, 256 GB)",Samsung,68999,80999,14% off,4.6,"5,495",680,12 GB RAM,256 GB ROM,4000 mAh Battery,8 Elite for Galaxy Processor,15.75 cm (6.2 inch) Full HD+ Display,50MP + 10MP + 12MP | 12MP Front Camera,,https://www.flipkart.com/samsung-galaxy-s25-5g-icyblue-256-gb/p/itm3c1e495903acc?pid=MOBH8K8UA9ZHYYXG&lid=LSTMOBH8K8UA9ZHYYXGV6QC3G&marketplace=FLIPKART&q=smart+phones&store=tyy%2F4io&srno=s_7_165&otracker=search&fm=organic&iid=be18499c-913f-4e0f-b355-7ed2a8c96d93.MOBH8K8UA9ZHYYXG.SEARCH&ppt=None&ppn=None&ssid=k7f8l42y0g0000001786338192290&qH=a5594894156db043&ov_redirect=true,2026-08-10
166,"MOTOROLA Edge 60 Fusion 5G (PANTONE Amazonite, 256 GB)",MOTOROLA,27999,37999,26% off,4.4,"47,789","3,322",12 GB RAM,256 GB ROM,5500 mAh Battery,Dimensity 7400 Processor,16.94 cm (6.67 inch) Display,50MP + 13MP | 32MP Front Camera,,https://www.flipkart.com/motorola-edge-60-fusion-5g-pantone-amazonite-256-gb/p/itm083aeeabd2b1d?pid=MOBHN974GZMDARQ9&lid=LSTMOBHN974GZMDARQ9LCGEZJ&marketplace=FLIPKART&q=smart+phones&store=tyy%2F4io&srno=s_7_166&otracker=search&fm=organic&iid=be18499c-913f-4e0f-b355-7ed2a8c96d93.MOBHN974GZMDARQ9.SEARCH&ppt=None&ppn=None&ssid=k7f8l42y0g0000001786338192290&qH=a5594894156db043&ov_redirect=true,2026-08-10
167,"OnePlus Nord CE6 Lite (Hyper Black, 128 GB)",OnePlus,27769,33999,18% off,4.3,548,34,8 GB RAM,128 GB ROM,7000 mAh Battery,Mediatek Dimensity 7400 Processor,17.07 cm (6.72 inch) Full HD+ Display,50MP Rear Camera | 8MP Front Camera,,https://www.flipkart.com/oneplus-nord-ce6-lite-hyper-black-128-gb/p/itm894a5599b758b?pid=MOBHN8CA4A6Z3KMZ&lid=LSTMOBHN8CA4A6Z3KMZTLNF8K&marketplace=FLIPKART&q=smart+phones&store=tyy%2F4io&srno=s_7_167&otracker=search&fm=organic&iid=be18499c-913f-4e0f-b355-7ed2a8c96d93.MOBHN8CA4A6Z3KMZ.SEARCH&ppt=None&ppn=None&ssid=k7f8l42y0g0000001786338192290&qH=a5594894156db043&ov_redirect=true,2026-08-10
168,"HMD Vibe2 5G (Cosmic Lavender, 64 GB)",HMD,14999,17999,16% off,4.5,"3,999",387,4 GB RAM,64 GB ROM,6000 mAh Li-Poly Battery,,17.02 cm (6.7 inch) HD+ Display,50MP Rear Camera | 8MP Front Camera,,https://www.flipkart.com/hmd-vibe2-5g-cosmic-lavender-64-gb/p/itm71c3ae6df2a26?pid=MOBHN6XYZXVBYZHA&lid=LSTMOBHN6XYZXVBYZHA8JCVSV&marketplace=FLIPKART&q=smart+phones&store=tyy%2F4io&srno=s_7_168&otracker=search&fm=organic&iid=be18499c-913f-4e0f-b355-7ed2a8c96d93.MOBHN6XYZXVBYZHA.SEARCH&ppt=None&ppn=None&ssid=k7f8l42y0g0000001786338192290&qH=a5594894156db043&ov_redirect=true,2026-08-10
169,"Ai+ Nova 2 Ultra 5G (Purple, 128 GB)",Ai+,17999,25999,30% off,4.1,"2,297",318,6 GB RAM,128 GB ROM,6000 mAh Li-polymer Battery,Dimensity 7400 Processor,17.22 cm (6.78 inch) Full HD+ AMOLED Display,50MP + 8MP | 13MP Front Camera,,https://www.flipkart.com/ai-nova-2-ultra-5g-purple-128-gb/p/itm5d98d015d0ae5?pid=MOBHHUFDR8MBYXHV&lid=LSTMOBHHUFDR8MBYXHVNFWMXI&marketplace=FLIPKART&q=smart+phones&store=tyy%2F4io&srno=s_8_169&otracker=search&fm=organic&iid=da29f268-8800-4a13-a073-1f1a9c963778.MOBHHUFDR8MBYXHV.SEARCH&ppt=None&ppn=None&ssid=6rw5zr11j40000001786338195881&qH=a5594894156db043&ov_redirect=true,2026-08-10
170,"Samsung M36 5G (Light Green, 128 GB)",Samsung,21998,26999,18% off,4.3,"5,220",408,6 GB RAM,128 GB ROM,5000 mAh Battery,,17.02 cm (6.7 inch) Display,50MP Rear Camera,,https://www.flipkart.com/samsung-m36-5g-light-green-128-gb/p/itm4cf1eae54334f?pid=MOBHEYY2YZXYBR66&lid=LSTMOBHEYY2YZXYBR66YR1EVV&marketplace=FLIPKART&q=smart+phones&store=tyy%2F4io&srno=s_8_170&otracker=search&fm=organic&iid=da29f268-8800-4a13-a073-1f1a9c963778.MOBHEYY2YZXYBR66.SEARCH&ppt=None&ppn=None&ssid=6rw5zr11j40000001786338195881&qH=a5594894156db043&ov_redirect=true,2026-08-10
171,"vivo X200T (Stellar Black, 256 GB)",vivo,59999,80000,25% off,4.6,"7,663","1,531",12 GB RAM,256 GB ROM,6200 mAh Battery,Dimensity 9400+ Processor,16.94 cm (6.67 inch) Full HD+ AMOLED Display,50MP + 50MP + 50MP | 32MP Front Camera,,https://www.flipkart.com/vivo-x200t-stellar-black-256-gb/p/itm1b8452d68859b?pid=MOBHJK5MBRDS3GUQ&lid=LSTMOBHJK5MBRDS3GUQWMQNUP&marketplace=FLIPKART&q=smart+phones&store=tyy%2F4io&srno=s_8_171&otracker=search&fm=organic&iid=en_dBZSijIIMUJNtpUkxaCYzPUj3gJAR0gt3uwHh3odjXoUARawgS1eQftnorFdqSHn5NnpnPl9EV967ILZe79qK-aVsfQpjYwoxtKUfFby9ZTX3C8dJFRFDI69Mk-w7_uQ&ppt=None&ppn=None&ssid=6rw5zr11j40000001786338195881&qH=a5594894156db043&ov_redirect=true,2026-08-10
172,"Nothing Phone (4b) (Blue, 128 GB)",Nothing,34999,54999,36% off,4.4,773,66,8 GB RAM,128 GB ROM,6000 mAh Lithium ion Battery,6 Gen 4 Processor,17.2 cm (6.77 inch) Full HD+ AMOLED Display,50MP + 8MP | 16MP Front Camera,,https://www.flipkart.com/nothing-phone-4b-blue-128-gb/p/itm939608b40adbb?pid=MOBHZMBD9WNP9HHB&lid=LSTMOBHZMBD9WNP9HHBUJTCGV&marketplace=FLIPKART&q=smart+phones&store=tyy%2F4io&srno=s_8_172&otracker=search&fm=organic&iid=en_dBZSijIIMUJNtpUkxaCYzPUj3gJAR0gt3uwHh3odjXrr-hXxLZwJwPvESDAMwL-9tphJEViWk9b5gLdO-3tqikJ2Ti079-kzsPF1srjgW3ppPHdAi863bKmofoELFwBq&ppt=None&ppn=None&ssid=6rw5zr11j40000001786338195881&qH=a5594894156db043&ov_redirect=true,2026-08-10
173,"realme P4 Lite 5G (Mosaic Green, 128 GB)",realme,20999,36999,43% off,4.3,"1,900",151,6 GB RAM,128 GB ROM,7000 mAh lithium-ion polymer Battery,Dimensity 6300 Processor,17.27 cm (6.8 inches) HD+ Display,13MP Rear Camera | 5MP Front Camera,,https://www.flipkart.com/realme-p4-lite-5g-mosaic-green-128-gb/p/itm90c243961f214?pid=MOBHN7A8YFWPC9ZV&lid=LSTMOBHN7A8YFWPC9ZVUK6MKC&marketplace=FLIPKART&q=smart+phones&store=tyy%2F4io&srno=s_8_173&otracker=search&fm=organic&iid=da29f268-8800-4a13-a073-1f1a9c963778.MOBHN7A8YFWPC9ZV.SEARCH&ppt=None&ppn=None&ssid=6rw5zr11j40000001786338195881&qH=a5594894156db043&ov_redirect=true,2026-08-10
174,"OPPO K14 5G (Prism Violet, 256 GB)",OPPO,26999,27999,3% off,4.5,"5,517",286,6 GB RAM,256 GB ROM,7000 mAh Battery,Dimensity 6300 Processor,17.14 cm (6.75 inch) HD+ Display,50MP Rear Camera | 8MP Front Camera,,https://www.flipkart.com/oppo-k14-5g-prism-violet-256-gb/p/itm2a5cc1d23c2af?pid=MOBHKQYYNFMURAYF&lid=LSTMOBHKQYYNFMURAYFFSX9KQ&marketplace=FLIPKART&q=smart+phones&store=tyy%2F4io&srno=s_8_174&otracker=search&fm=organic&iid=da29f268-8800-4a13-a073-1f1a9c963778.MOBHKQYYNFMURAYF.SEARCH&ppt=None&ppn=None&ssid=6rw5zr11j40000001786338195881&qH=a5594894156db043&ov_redirect=true,2026-08-10
175,"POCO C85x (Emerald Green, 64 GB)",POCO,13999,20999,33% off,4.2,"5,067",654,4 GB RAM,64 GB ROM,6300 mAh Lithium-Ion Polymer Battery,T8300 Processor,17.53 cm (6.9 inch) HD+ Display,32MP Rear Camera,,https://www.flipkart.com/poco-c85x-emerald-green-64-gb/p/itm96bce2b7909b7?pid=MOBHMGG5GHZKTSDZ&lid=LSTMOBHMGG5GHZKTSDZQAUGPC&marketplace=FLIPKART&q=smart+phones&store=tyy%2F4io&srno=s_8_175&otracker=search&fm=organic&iid=da29f268-8800-4a13-a073-1f1a9c963778.MOBHMGG5GHZKTSDZ.SEARCH&ppt=None&ppn=None&ssid=6rw5zr11j40000001786338195881&qH=a5594894156db043&ov_redirect=true,2026-08-10
176,"HMD Vibe2 5G (Cosmic Lavender, 128 GB)",HMD,16999,19999,15% off,4.5,"3,999",387,4 GB RAM,128 GB ROM,6000 mAh Li-Poly Battery,,17.02 cm (6.7 inch) HD+ Display,50MP Rear Camera | 8MP Front Camera,,https://www.flipkart.com/hmd-vibe2-5g-cosmic-lavender-128-gb/p/itm71c3ae6df2a26?pid=MOBHN6XYGKZEYC64&lid=LSTMOBHN6XYGKZEYC6485EX8Y&marketplace=FLIPKART&q=smart+phones&store=tyy%2F4io&srno=s_8_176&otracker=search&fm=organic&iid=da29f268-8800-4a13-a073-1f1a9c963778.MOBHN6XYGKZEYC64.SEARCH&ppt=None&ppn=None&ssid=6rw5zr11j40000001786338195881&qH=a5594894156db043&ov_redirect=true,2026-08-10
177,"HMD Vibe2 5G (Nordic Blue, 128 GB)",HMD,16999,19999,15% off,4.5,"3,999",387,4 GB RAM,128 GB ROM,6000 mAh Li-Poly Battery,,17.02 cm (6.7 inch) HD+ Display,50MP Rear Camera | 8MP Front Camera,,https://www.flipkart.com/hmd-vibe2-5g-nordic-blue-128-gb/p/itm71c3ae6df2a26?pid=MOBHN6XYNGZQCBWB&lid=LSTMOBHN6XYNGZQCBWBVAYNRE&marketplace=FLIPKART&q=smart+phones&store=tyy%2F4io&srno=s_8_177&otracker=search&fm=organic&iid=da29f268-8800-4a13-a073-1f1a9c963778.MOBHN6XYNGZQCBWB.SEARCH&ppt=None&ppn=None&ssid=6rw5zr11j40000001786338195881&qH=a5594894156db043&ov_redirect=true,2026-08-10
178,"OnePlus Nord CE6 (Lunar Pearl, 128 GB)",OnePlus,35238,40999,14% off,4.5,750,57,8 GB RAM,128 GB ROM,8000 mAh Battery,Qualcomm® Snapdragon™ 7s Gen 4 Processor,17.22 cm (6.78 inch) Full HD+ Display,50MP Rear Camera | 2MP Front Camera,,https://www.flipkart.com/oneplus-nord-ce6-lunar-pearl-128-gb/p/itmd7b224b18cb05?pid=MOBHN82GBZSGMDE4&lid=LSTMOBHN82GBZSGMDE4ABXORO&marketplace=FLIPKART&q=smart+phones&store=tyy%2F4io&srno=s_8_178&otracker=search&fm=organic&iid=da29f268-8800-4a13-a073-1f1a9c963778.MOBHN82GBZSGMDE4.SEARCH&ppt=None&ppn=None&ssid=6rw5zr11j40000001786338195881&qH=a5594894156db043&ov_redirect=true,2026-08-10
179,"Samsung Galaxy A17 5G (Black, 128 GB)",Samsung,21850,21999,,4.3,"2,138",191,6 GB RAM,128 GB ROM,5000 mAh Battery,Samsung Exynos 1330 Processor,17.02 cm (6.7 inch) Full HD+ Display,50MP + 5MP + 2MP | 13MP Front Camera,,https://www.flipkart.com/samsung-galaxy-a17-5g-black-128-gb/p/itm9b0b7e6d52859?pid=MOBHGVECKP8QYMCD&lid=LSTMOBHGVECKP8QYMCDXQNSBS&marketplace=FLIPKART&q=smart+phones&store=tyy%2F4io&srno=s_8_179&otracker=search&fm=organic&iid=da29f268-8800-4a13-a073-1f1a9c963778.MOBHGVECKP8QYMCD.SEARCH&ppt=None&ppn=None&ssid=6rw5zr11j40000001786338195881&qH=a5594894156db043&ov_redirect=true,2026-08-10
180,"Samsung Galaxy A06 5G (Light Gray, 64 GB)",Samsung,14205,15499,8% off,4.1,"4,451",327,4 GB RAM,64 GB ROM,5000 mAh Battery,mediatek Processor,17.02 cm (6.7 inch) HD+ Display,50MP + 50MP | 8MP + 2MP Dual Front Camera,,https://www.flipkart.com/samsung-galaxy-a06-5g-light-gray-64-gb/p/itmf71de68343c6b?pid=MOBH9YKVEHBDSPCF&lid=LSTMOBH9YKVEHBDSPCFGOWY1W&marketplace=FLIPKART&q=smart+phones&store=tyy%2F4io&srno=s_8_180&otracker=search&fm=organic&iid=da29f268-8800-4a13-a073-1f1a9c963778.MOBH9YKVEHBDSPCF.SEARCH&ppt=None&ppn=None&ssid=6rw5zr11j40000001786338195881&qH=a5594894156db043&ov_redirect=true,2026-08-10
181,Vivo T4 Lite 5G (Prism Blue 2026) ( 4GB 64GB),Vivo,16999,27999,39% off,4.3,"41,151","1,824",4 GB RAM,64 GB ROM,6000 mAh Battery,Dimensity 6300 5G Processor,17.12 cm (6.74 inch) HD+ Display,50MP + 2MP | 5MP Front Camera,5G,https://www.flipkart.com/vivo-t4-lite-5g-prism-blue-2026-4gb-64gb/p/itm49fb53d099f3c?pid=MOBHNCRKA4XQFSRM&lid=LSTMOBHNCRKA4XQFSRMKUYMUR&marketplace=FLIPKART&q=smart+phones&store=tyy%2F4io&srno=s_8_181&otracker=search&fm=organic&iid=da29f268-8800-4a13-a073-1f1a9c963778.MOBHNCRKA4XQFSRM.SEARCH&ppt=None&ppn=None&ssid=6rw5zr11j40000001786338195881&qH=a5594894156db043&ov_redirect=true,2026-08-10
182,Vivo T4 Lite 5G (Prism Blue 2026) (6GB 128GB),Vivo,20999,29999,30% off,4.3,"49,625","2,369",6 GB RAM,128 GB ROM,6000 mAh Battery,Dimensity 6300 5G Processor,17.12 cm (6.74 inch) HD+ Display,50MP + 2MP | 5MP Front Camera,5G,https://www.flipkart.com/vivo-t4-lite-5g-prism-blue-2026-6gb-128gb/p/itm49fb53d099f3c?pid=MOBHNCRKMZZGFDGT&lid=LSTMOBHNCRKMZZGFDGTADJJQS&marketplace=FLIPKART&q=smart+phones&store=tyy%2F4io&srno=s_8_182&otracker=search&fm=organic&iid=da29f268-8800-4a13-a073-1f1a9c963778.MOBHNCRKMZZGFDGT.SEARCH&ppt=None&ppn=None&ssid=6rw5zr11j40000001786338195881&qH=a5594894156db043&ov_redirect=true,2026-08-10
183,"vivo T5 Pro 5G (Cosmic Black, 128 GB)",vivo,35999,55999,35% off,4.5,"7,934",776,8 GB RAM,128 GB ROM,9020 mAh Battery,Snapdragon 7s Gen 4 Processor,17.35 cm (6.83 inch) Full HD+ AMOLED Display,50MP + 2MP | 32MP Front Camera,,https://www.flipkart.com/vivo-t5-pro-5g-cosmic-black-128-gb/p/itma21e2e09d4493?pid=MOBHM4FZPA8A7KVS&lid=LSTMOBHM4FZPA8A7KVSB3VDWD&marketplace=FLIPKART&q=smart+phones&store=tyy%2F4io&srno=s_8_183&otracker=search&fm=organic&iid=da29f268-8800-4a13-a073-1f1a9c963778.MOBHM4FZPA8A7KVS.SEARCH&ppt=None&ppn=None&ssid=6rw5zr11j40000001786338195881&qH=a5594894156db043&ov_redirect=true,2026-08-10
184,"Nothing Phone (4b) (White, 256 GB)",Nothing,38999,59999,35% off,4.4,773,66,8 GB RAM,256 GB ROM,6000 mAh Lithium ion Battery,6 Gen 4 Processor,17.2 cm (6.77 inch) Full HD+ AMOLED Display,50MP + 8MP | 16MP Front Camera,,https://www.flipkart.com/nothing-phone-4b-white-256-gb/p/itm939608b40adbb?pid=MOBHZMBD5MZZDUYA&lid=LSTMOBHZMBD5MZZDUYAIWDKYR&marketplace=FLIPKART&q=smart+phones&store=tyy%2F4io&srno=s_8_184&otracker=search&fm=organic&iid=da29f268-8800-4a13-a073-1f1a9c963778.MOBHZMBD5MZZDUYA.SEARCH&ppt=None&ppn=None&ssid=6rw5zr11j40000001786338195881&qH=a5594894156db043&ov_redirect=true,2026-08-10
185,"Nothing Phone (4b) (Black, 128 GB)",Nothing,34999,54999,36% off,4.4,773,66,8 GB RAM,128 GB ROM,6000 mAh Lithium ion Battery,6 Gen 4 Processor,17.2 cm (6.77 inch) Full HD+ AMOLED Display,50MP + 8MP | 16MP Front Camera,,https://www.flipkart.com/nothing-phone-4b-black-128-gb/p/itm939608b40adbb?pid=MOBHZMBDHVTPQTWY&lid=LSTMOBHZMBDHVTPQTWYRX0DCB&marketplace=FLIPKART&q=smart+phones&store=tyy%2F4io&srno=s_8_185&otracker=search&fm=organic&iid=da29f268-8800-4a13-a073-1f1a9c963778.MOBHZMBDHVTPQTWY.SEARCH&ppt=None&ppn=None&ssid=6rw5zr11j40000001786338195881&qH=a5594894156db043&ov_redirect=true,2026-08-10
186,"REDMI Note 14 Pro 5G (Champagne Gold, 256 GB)",REDMI,25800,30999,16% off,4.4,"6,221",457,8 GB RAM,256 GB ROM,5500 mAh Battery,Dimensity 7300 Ultra Processor,16.94 cm (6.67 inch) Display,50MP + 8MP + 2MP | 20MP Front Camera,,https://www.flipkart.com/redmi-note-14-pro-5g-champagne-gold-256-gb/p/itmedd69c194a9dc?pid=MOBHDDQKFPCHQV9B&lid=LSTMOBHDDQKFPCHQV9BF7SAJG&marketplace=FLIPKART&q=smart+phones&store=tyy%2F4io&srno=s_8_186&otracker=search&fm=organic&iid=da29f268-8800-4a13-a073-1f1a9c963778.MOBHDDQKFPCHQV9B.SEARCH&ppt=None&ppn=None&ssid=6rw5zr11j40000001786338195881&qH=a5594894156db043&ov_redirect=true,2026-08-10
187,"Ai+ Nova 2 Pro 5G (Red, 128 GB)",Ai+,15999,21999,27% off,4.1,876,110,6 GB RAM,128 GB ROM,6000 mAh Li-polymer Battery,Dimensity 7100 Processor,17.53 cm (6.9 inch) Full HD+ Display,48MP Rear Camera | 13MP Front Camera,,https://www.flipkart.com/ai-nova-2-pro-5g-red-128-gb/p/itm6e110e80c5404?pid=MOBHZ8ZMEHPWH2ZY&lid=LSTMOBHZ8ZMEHPWH2ZYOXXTT2&marketplace=FLIPKART&q=smart+phones&store=tyy%2F4io&srno=s_8_187&otracker=search&fm=organic&iid=da29f268-8800-4a13-a073-1f1a9c963778.MOBHZ8ZMEHPWH2ZY.SEARCH&ppt=None&ppn=None&ssid=6rw5zr11j40000001786338195881&qH=a5594894156db043&ov_redirect=true,2026-08-10
188,"Samsung Galaxy M17e (Blitz Blue, 128 GB)",Samsung,17117,20999,18% off,4.1,588,53,6 GB RAM,128 GB ROM,6000 mAh Battery,MediaTek Dimensity Processor,17.02 cm (6.7 inch) Full HD+ Display,50MP Rear Camera | 2MP Front Camera,,https://www.flipkart.com/samsung-galaxy-m17e-blitz-blue-128-gb/p/itm673a019f689ae?pid=MOBHHQW4UQZBUSRP&lid=LSTMOBHHQW4UQZBUSRPH5ERAM&marketplace=FLIPKART&q=smart+phones&store=tyy%2F4io&srno=s_8_188&otracker=search&fm=organic&iid=da29f268-8800-4a13-a073-1f1a9c963778.MOBHHQW4UQZBUSRP.SEARCH&ppt=None&ppn=None&ssid=6rw5zr11j40000001786338195881&qH=a5594894156db043&ov_redirect=true,2026-08-10
189,"MOTOROLA Edge 70 Fusion (Pantone SILHOUETTE, 512 GB)",MOTOROLA,36999,64999,43% off,4.3,"3,675",409,12 GB RAM,512 GB ROM,7000 mAh Battery,Snapdragon 7s Gen 4 Processor,17.27 cm (6.8 inch) Super HD Display,50MP + 13MP | 32MP Front Camera,,https://www.flipkart.com/motorola-edge-70-fusion-pantone-silhouette-512-gb/p/itm296e356d06dfe?pid=MOBHNSA6EXSZXYUH&lid=LSTMOBHNSA6EXSZXYUHIGVMTN&marketplace=FLIPKART&q=smart+phones&store=tyy%2F4io&srno=s_8_189&otracker=search&fm=organic&iid=da29f268-8800-4a13-a073-1f1a9c963778.MOBHNSA6EXSZXYUH.SEARCH&ppt=None&ppn=None&ssid=6rw5zr11j40000001786338195881&qH=a5594894156db043&ov_redirect=true,2026-08-10
190,"realme P4 Power 5G Charger in the Box (TransOrange, 256 GB)",realme,31999,55999,42% off,4.4,"7,066",740,8 GB RAM,256 GB ROM,10001 mAh Battery,Dimensity 7400 Ultra Processor,17.27 cm (6.8 inch) Full HD+ AMOLED Display,,,https://www.flipkart.com/realme-p4-power-5g-charger-box-transorange-256-gb/p/itm756857550aae6?pid=MOBHN8YRKQMFAHAU&lid=LSTMOBHN8YRKQMFAHAUVWFHOR&marketplace=FLIPKART&q=smart+phones&store=tyy%2F4io&srno=s_8_190&otracker=search&fm=organic&iid=da29f268-8800-4a13-a073-1f1a9c963778.MOBHN8YRKQMFAHAU.SEARCH&ppt=None&ppn=None&ssid=6rw5zr11j40000001786338195881&qH=a5594894156db043&ov_redirect=true,2026-08-10
191,"Ai+ Nova 2 Ultra 5G (Red, 128 GB)",Ai+,19999,26999,25% off,4.1,"1,179",176,8 GB RAM,128 GB ROM,6000 mAh Li-polymer Battery,Dimensity 7400 Processor,17.22 cm (6.78 inch) Full HD+ AMOLED Display,50MP + 8MP | 13MP Front Camera,,https://www.flipkart.com/ai-nova-2-ultra-5g-red-128-gb/p/itm498c4eb22f5c3?pid=MOBHHUFDVHXKMMAN&lid=LSTMOBHHUFDVHXKMMANCJUCD9&marketplace=FLIPKART&q=smart+phones&store=tyy%2F4io&srno=s_8_191&otracker=search&fm=organic&iid=da29f268-8800-4a13-a073-1f1a9c963778.MOBHHUFDVHXKMMAN.SEARCH&ppt=None&ppn=None&ssid=6rw5zr11j40000001786338195881&qH=a5594894156db043&ov_redirect=true,2026-08-10
192,"OPPO K14 5G (Icy Blue, 256 GB)",OPPO,26999,27999,3% off,4.5,"5,517",286,6 GB RAM,256 GB ROM,7000 mAh Battery,Dimensity 6300 Processor,17.14 cm (6.75 inch) HD+ Display,50MP Rear Camera | 8MP Front Camera,,https://www.flipkart.com/oppo-k14-5g-icy-blue-256-gb/p/itm2a5cc1d23c2af?pid=MOBHKQYYPFBYDP3Z&lid=LSTMOBHKQYYPFBYDP3ZSQTALI&marketplace=FLIPKART&q=smart+phones&store=tyy%2F4io&srno=s_8_192&otracker=search&fm=organic&iid=da29f268-8800-4a13-a073-1f1a9c963778.MOBHKQYYPFBYDP3Z.SEARCH&ppt=None&ppn=None&ssid=6rw5zr11j40000001786338195881&qH=a5594894156db043&ov_redirect=true,2026-08-10
193,"realme Gt 7 (Icesense Blue, 512 GB)",realme,46999,52999,11% off,4.5,"1,200",147,12 GB RAM,512 GB ROM,7000 mAh Battery,Dimensity Processor,17.22 cm (6.78 inch) Full HD+ AMOLED Display,50MP + 50MP + 50MP + 8MP | 32MP + 32MP Dual Front Camera,,https://www.flipkart.com/realme-gt-7-icesense-blue-512-gb/p/itm6cc8f84d92e2f?pid=MOBHCM4EZEQ7UHHP&lid=LSTMOBHCM4EZEQ7UHHP0QXCGY&marketplace=FLIPKART&q=smart+phones&store=tyy%2F4io&srno=s_9_193&otracker=search&fm=organic&iid=3ac6f564-df94-4d79-acea-d92dd87e9260.MOBHCM4EZEQ7UHHP.SEARCH&ppt=None&ppn=None&ssid=t7kt44f1xs0000001786338199371&qH=a5594894156db043&ov_redirect=true,2026-08-10
194,"realme Gt 7 (Icesense Blue, 256 GB)",realme,42999,48999,12% off,4.5,"1,200",147,12 GB RAM,256 GB ROM,7000 mAh Battery,Dimensity Processor,17.22 cm (6.78 inch) Full HD+ AMOLED Display,50MP + 50MP + 50MP + 8MP | 32MP + 32MP Dual Front Camera,,https://www.flipkart.com/realme-gt-7-icesense-blue-256-gb/p/itm6cc8f84d92e2f?pid=MOBHCHWNFTFYCQWQ&lid=LSTMOBHCHWNFTFYCQWQKYWZSI&marketplace=FLIPKART&q=smart+phones&store=tyy%2F4io&srno=s_9_194&otracker=search&fm=organic&iid=3ac6f564-df94-4d79-acea-d92dd87e9260.MOBHCHWNFTFYCQWQ.SEARCH&ppt=None&ppn=None&ssid=t7kt44f1xs0000001786338199371&qH=a5594894156db043&ov_redirect=true,2026-08-10
195,"Apple iPhone 17 (Mist Blue, 256 GB)",Apple,81900,82900,1% off,4.6,"21,854","1,591",,,,"A19 Chip, 6 Core Processor Processor",16.0 cm (6.3 inch) Super Retina XDR Display,48MP + 48MP | 18MP Front Camera,,https://www.flipkart.com/apple-iphone-17-mist-blue-256-gb/p/itm1834df7ee2812?pid=MOBHFN6YWTXZD8SG&lid=LSTMOBHFN6YWTXZD8SGROTZTS&marketplace=FLIPKART&q=smart+phones&store=tyy%2F4io&srno=s_9_195&otracker=search&fm=organic&iid=3ac6f564-df94-4d79-acea-d92dd87e9260.MOBHFN6YWTXZD8SG.SEARCH&ppt=None&ppn=None&ssid=t7kt44f1xs0000001786338199371&qH=a5594894156db043&ov_redirect=true,2026-08-10
196,"Samsung Galaxy S25 Ultra 5G (Titanium Whitesilver, 256 GB)",Samsung,92365,129999,28% off,4.6,"3,582",397,12 GB RAM,256 GB ROM,5000 mAh Battery,8 Elite for Galaxy Processor,17.53 cm (6.9 inch) Quad HD+ Display,200MP + 50MP + 50MP + 10MP | 12MP Front Camera,,https://www.flipkart.com/samsung-galaxy-s25-ultra-5g-titanium-whitesilver-256-gb/p/itm9beb2f2beaa5e?pid=MOBH8K8U56WRFZFR&lid=LSTMOBH8K8U56WRFZFR1K0NLR&marketplace=FLIPKART&q=smart+phones&store=tyy%2F4io&srno=s_9_196&otracker=search&fm=organic&iid=3ac6f564-df94-4d79-acea-d92dd87e9260.MOBH8K8U56WRFZFR.SEARCH&ppt=None&ppn=None&ssid=t7kt44f1xs0000001786338199371&qH=a5594894156db043&ov_redirect=true,2026-08-10
197,"Nothing Phone (4b) (Blue, 128 GB)",Nothing,34999,54999,36% off,4.4,773,66,8 GB RAM,128 GB ROM,6000 mAh Lithium ion Battery,6 Gen 4 Processor,17.2 cm (6.77 inch) Full HD+ AMOLED Display,50MP + 8MP | 16MP Front Camera,,https://www.flipkart.com/nothing-phone-4b-blue-128-gb/p/itm939608b40adbb?pid=MOBHZMBD9WNP9HHB&lid=LSTMOBHZMBD9WNP9HHBUJTCGV&marketplace=FLIPKART&q=smart+phones&store=tyy%2F4io&srno=s_9_197&otracker=search&fm=organic&iid=en_aCPQCcAgLQRZTzss-YzgfSUAJMG2DBhy7KylQ_LsO1NslSoAKnVKAhYbdyZIWlSltphJEViWk9b5gLdO-3tqiicklTj0v47wxp1V6AYCw6DF79_7t3Qff8ENiDN8ChZn&ppt=None&ppn=None&ssid=t7kt44f1xs0000001786338199371&qH=a5594894156db043&ov_redirect=true,2026-08-10
198,"vivo X200T (Stellar Black, 256 GB)",vivo,59999,80000,25% off,4.6,"7,663","1,531",12 GB RAM,256 GB ROM,6200 mAh Battery,Dimensity 9400+ Processor,16.94 cm (6.67 inch) Full HD+ AMOLED Display,50MP + 50MP + 50MP | 32MP Front Camera,,https://www.flipkart.com/vivo-x200t-stellar-black-256-gb/p/itm1b8452d68859b?pid=MOBHJK5MBRDS3GUQ&lid=LSTMOBHJK5MBRDS3GUQWMQNUP&marketplace=FLIPKART&q=smart+phones&store=tyy%2F4io&srno=s_9_198&otracker=search&fm=organic&iid=en_aCPQCcAgLQRZTzss-YzgfSUAJMG2DBhy7KylQ_LsO1Ohq2XM0alla2KOPT4wPUR_k4Pns45RtafA_s9bzBX_feaVsfQpjYwoxtKUfFby9ZR7KIF_L45SuSnh9H5dzL-A&ppt=None&ppn=None&ssid=t7kt44f1xs0000001786338199371&qH=a5594894156db043&ov_redirect=true,2026-08-10
199,"Ai+ Nova 2 Pro 5G (Red, 128 GB)",Ai+,15999,21999,27% off,4.1,876,110,6 GB RAM,128 GB ROM,6000 mAh Li-polymer Battery,Dimensity 7100 Processor,17.53 cm (6.9 inch) Full HD+ Display,48MP Rear Camera | 13MP Front Camera,,https://www.flipkart.com/ai-nova-2-pro-5g-red-128-gb/p/itm6e110e80c5404?pid=MOBHZ8ZMEHPWH2ZY&lid=LSTMOBHZ8ZMEHPWH2ZYOXXTT2&marketplace=FLIPKART&q=smart+phones&store=tyy%2F4io&srno=s_9_199&otracker=search&fm=organic&iid=3ac6f564-df94-4d79-acea-d92dd87e9260.MOBHZ8ZMEHPWH2ZY.SEARCH&ppt=None&ppn=None&ssid=t7kt44f1xs0000001786338199371&qH=a5594894156db043&ov_redirect=true,2026-08-10
200,"vivo T5 Pro 5G (Glacier Blue, 128 GB)",vivo,35999,55999,35% off,4.5,"7,934",776,8 GB RAM,128 GB ROM,9020 mAh Battery,Snapdragon 7s Gen 4 Processor,17.35 cm (6.83 inch) Full HD+ AMOLED Display,50MP + 2MP | 32MP Front Camera,,https://www.flipkart.com/vivo-t5-pro-5g-glacier-blue-128-gb/p/itma21e2e09d4493?pid=MOBHM4FZVHBWFRHM&lid=LSTMOBHM4FZVHBWFRHMUM8WSE&marketplace=FLIPKART&q=smart+phones&store=tyy%2F4io&srno=s_9_200&otracker=search&fm=organic&iid=3ac6f564-df94-4d79-acea-d92dd87e9260.MOBHM4FZVHBWFRHM.SEARCH&ppt=None&ppn=None&ssid=t7kt44f1xs0000001786338199371&qH=a5594894156db043&ov_redirect=true,2026-08-10
201,"Ai+ Nova 2 5G (Black, 64 GB)",Ai+,12999,13999,7% off,4.3,"4,805",220,4 GB RAM,64 GB ROM,6000 mAh Battery,T8200 Processor,17.13 cm (6.745 inch) HD+ Display,50MP Rear Camera | 8MP Front Camera,,https://www.flipkart.com/ai-nova-2-5g-black-64-gb/p/itme6e69f9ec9956?pid=MOBHKHPYYA5KZSYP&lid=LSTMOBHKHPYYA5KZSYPYMPP3T&marketplace=FLIPKART&q=smart+phones&store=tyy%2F4io&srno=s_9_201&otracker=search&fm=organic&iid=3ac6f564-df94-4d79-acea-d92dd87e9260.MOBHKHPYYA5KZSYP.SEARCH&ppt=None&ppn=None&ssid=t7kt44f1xs0000001786338199371&qH=a5594894156db043&ov_redirect=true,2026-08-10
202,"Nothing Phone (4b) (White, 128 GB)",Nothing,34999,54999,36% off,4.4,773,66,8 GB RAM,128 GB ROM,6000 mAh Lithium ion Battery,6 Gen 4 Processor,17.2 cm (6.77 inch) Full HD+ AMOLED Display,50MP + 8MP | 16MP Front Camera,,https://www.flipkart.com/nothing-phone-4b-white-128-gb/p/itm939608b40adbb?pid=MOBHZMBDSF3JAFTF&lid=LSTMOBHZMBDSF3JAFTF4PZFBR&marketplace=FLIPKART&q=smart+phones&store=tyy%2F4io&srno=s_9_202&otracker=search&fm=organic&iid=3ac6f564-df94-4d79-acea-d92dd87e9260.MOBHZMBDSF3JAFTF.SEARCH&ppt=None&ppn=None&ssid=t7kt44f1xs0000001786338199371&qH=a5594894156db043&ov_redirect=true,2026-08-10
203,"Nothing Phone (4b) (White, 256 GB)",Nothing,38999,59999,35% off,4.4,773,66,8 GB RAM,256 GB ROM,6000 mAh Lithium ion Battery,6 Gen 4 Processor,17.2 cm (6.77 inch) Full HD+ AMOLED Display,50MP + 8MP | 16MP Front Camera,,https://www.flipkart.com/nothing-phone-4b-white-256-gb/p/itm939608b40adbb?pid=MOBHZMBD5MZZDUYA&lid=LSTMOBHZMBD5MZZDUYAIWDKYR&marketplace=FLIPKART&q=smart+phones&store=tyy%2F4io&srno=s_9_203&otracker=search&fm=organic&iid=3ac6f564-df94-4d79-acea-d92dd87e9260.MOBHZMBD5MZZDUYA.SEARCH&ppt=None&ppn=None&ssid=t7kt44f1xs0000001786338199371&qH=a5594894156db043&ov_redirect=true,2026-08-10
204,"Nothing Phone (4b) (Blue, 256 GB)",Nothing,38999,59999,35% off,4.4,773,66,8 GB RAM,256 GB ROM,6000 mAh Lithium ion Battery,6 Gen 4 Processor,17.2 cm (6.77 inch) Full HD+ AMOLED Display,50MP + 8MP | 16MP Front Camera,,https://www.flipkart.com/nothing-phone-4b-blue-256-gb/p/itm939608b40adbb?pid=MOBHZMBDHJGVM8N5&lid=LSTMOBHZMBDHJGVM8N5TDJER1&marketplace=FLIPKART&q=smart+phones&store=tyy%2F4io&srno=s_9_204&otracker=search&fm=organic&iid=3ac6f564-df94-4d79-acea-d92dd87e9260.MOBHZMBDHJGVM8N5.SEARCH&ppt=None&ppn=None&ssid=t7kt44f1xs0000001786338199371&qH=a5594894156db043&ov_redirect=true,2026-08-10
205,"realme P4R 5G (Titanium Glare, 128 GB)",realme,19499,34999,44% off,4.2,"1,542",132,4 GB RAM,128 GB ROM,8000 mAh Lithium-ion polymer Battery,Dimensity 6300 Processor,17.27 cm (6.8 inch) HD+ Display,50MP Rear Camera | 8MP Front Camera,,https://www.flipkart.com/realme-p4r-5g-titanium-glare-128-gb/p/itmb42ae388c1ef6?pid=MOBHMYR3WJZZMJCK&lid=LSTMOBHMYR3WJZZMJCKWJWXFC&marketplace=FLIPKART&q=smart+phones&store=tyy%2F4io&srno=s_9_205&otracker=search&fm=organic&iid=3ac6f564-df94-4d79-acea-d92dd87e9260.MOBHMYR3WJZZMJCK.SEARCH&ppt=None&ppn=None&ssid=t7kt44f1xs0000001786338199371&qH=a5594894156db043&ov_redirect=true,2026-08-10
206,"OnePlus Nord CE6 (Lunar Pearl, 256 GB)",OnePlus,38400,43999,12% off,4.5,750,57,8 GB RAM,256 GB ROM,8000 mAh Battery,Qualcomm® Snapdragon™ 7s Gen 4 Processor,17.22 cm (6.78 inch) Full HD+ Display,50MP Rear Camera | 2MP Front Camera,,https://www.flipkart.com/oneplus-nord-ce6-lunar-pearl-256-gb/p/itmd7b224b18cb05?pid=MOBHN8CDHYCYJFMQ&lid=LSTMOBHN8CDHYCYJFMQSFOQLY&marketplace=FLIPKART&q=smart+phones&store=tyy%2F4io&srno=s_9_206&otracker=search&fm=organic&iid=3ac6f564-df94-4d79-acea-d92dd87e9260.MOBHN8CDHYCYJFMQ.SEARCH&ppt=None&ppn=None&ssid=t7kt44f1xs0000001786338199371&qH=a5594894156db043&ov_redirect=true,2026-08-10
207,"Samsung Galaxy M56 5G (Black, 128 GB)",Samsung,29990,33999,11% off,4.4,"2,920",259,8 GB RAM,128 GB ROM,5000 mAh Battery,OCTACORE Processor,17.02 cm (6.7 inch) Full HD+ E3 Super AMOLED Display,50MP + 50MP + 8MP | 12MP + 2MP Dual Front Camera,,https://www.flipkart.com/samsung-galaxy-m56-5g-black-128-gb/p/itm64935225a672e?pid=MOBHBH85EGF9PCG3&lid=LSTMOBHBH85EGF9PCG3DSALIA&marketplace=FLIPKART&q=smart+phones&store=tyy%2F4io&srno=s_9_207&otracker=search&fm=organic&iid=3ac6f564-df94-4d79-acea-d92dd87e9260.MOBHBH85EGF9PCG3.SEARCH&ppt=None&ppn=None&ssid=t7kt44f1xs0000001786338199371&qH=a5594894156db043&ov_redirect=true,2026-08-10
208,"HMD VIBE2 5G (Nordic Blue, 128 GB)",HMD,18999,24999,24% off,4.3,329,18,6 GB RAM,128 GB ROM,6000 mAh Li-Poly Battery,,17.02 cm (6.7 inch) HD+ Display,50MP Rear Camera | 8MP Front Camera,,https://www.flipkart.com/hmd-vibe2-5g-nordic-blue-128-gb/p/itm71c3ae6df2a26?pid=MOBHNS6YYSAJPVHZ&lid=LSTMOBHNS6YYSAJPVHZHEOKCG&marketplace=FLIPKART&q=smart+phones&store=tyy%2F4io&srno=s_9_208&otracker=search&fm=organic&iid=3ac6f564-df94-4d79-acea-d92dd87e9260.MOBHNS6YYSAJPVHZ.SEARCH&ppt=None&ppn=None&ssid=t7kt44f1xs0000001786338199371&qH=a5594894156db043&ov_redirect=true,2026-08-10
209,"realme P4 Pro 5G (Birch Wood, 256 GB)",realme,32999,,,4.4,"4,492",455,12 GB RAM,256 GB ROM,7000 mAh Battery,Snapdragon 7 Gen 4 Mobile Processor,17.27 cm (6.8 inch) Full HD+ Display,50MP + 8MP | 50MP Front Camera,,https://www.flipkart.com/realme-p4-pro-5g-birch-wood-256-gb/p/itme41a54752cc21?pid=MOBHERXKUV3RGG5F&lid=LSTMOBHERXKUV3RGG5FX55ENJ&marketplace=FLIPKART&q=smart+phones&store=tyy%2F4io&srno=s_9_209&otracker=search&fm=organic&iid=3ac6f564-df94-4d79-acea-d92dd87e9260.MOBHERXKUV3RGG5F.SEARCH&ppt=None&ppn=None&ssid=t7kt44f1xs0000001786338199371&qH=a5594894156db043&ov_redirect=true,2026-08-10
210,"OPPO K14x 5G (Prism Violet, 128 GB)",OPPO,19999,,,4.4,"3,068",217,6 GB RAM,128 GB ROM,6500 mAh Battery,Dimensity 6300 Processor,17.14 cm (6.75 inch) HD+ Display,,,https://www.flipkart.com/oppo-k14x-5g-prism-violet-128-gb/p/itm188c7a4b69292?pid=MOBHJQQ4PHAQBYMS&lid=LSTMOBHJQQ4PHAQBYMSYOVIPV&marketplace=FLIPKART&q=smart+phones&store=tyy%2F4io&srno=s_9_210&otracker=search&fm=organic&iid=3ac6f564-df94-4d79-acea-d92dd87e9260.MOBHJQQ4PHAQBYMS.SEARCH&ppt=None&ppn=None&ssid=t7kt44f1xs0000001786338199371&qH=a5594894156db043&ov_redirect=true,2026-08-10
211,"MOTOROLA Edge 70 Fusion (Pantone BLUE SURF, 512 GB)",MOTOROLA,36999,64999,43% off,4.3,"3,675",409,12 GB RAM,512 GB ROM,7000 mAh Battery,Snapdragon 7s Gen 4 Processor,17.27 cm (6.8 inch) Super HD Display,50MP + 13MP | 32MP Front Camera,,https://www.flipkart.com/motorola-edge-70-fusion-pantone-blue-surf-512-gb/p/itm87b81fff91d44?pid=MOBHNSA6KGKFVSPF&lid=LSTMOBHNSA6KGKFVSPFPPKGGH&marketplace=FLIPKART&q=smart+phones&store=tyy%2F4io&srno=s_9_211&otracker=search&fm=organic&iid=3ac6f564-df94-4d79-acea-d92dd87e9260.MOBHNSA6KGKFVSPF.SEARCH&ppt=None&ppn=None&ssid=t7kt44f1xs0000001786338199371&qH=a5594894156db043&ov_redirect=true,2026-08-10
212,"OPPO K14x 5G (Prism Violet, 128 GB)",OPPO,17999,,,4.3,"6,563",684,4 GB RAM,128 GB ROM,6500 mAh Battery,Dimensity 6300 Processor,17.14 cm (6.75 inch) HD+ Display,,,https://www.flipkart.com/oppo-k14x-5g-prism-violet-128-gb/p/itm188c7a4b69292?pid=MOBHJQQ4XFNJUHGW&lid=LSTMOBHJQQ4XFNJUHGWGZGIGT&marketplace=FLIPKART&q=smart+phones&store=tyy%2F4io&srno=s_9_212&otracker=search&fm=organic&iid=3ac6f564-df94-4d79-acea-d92dd87e9260.MOBHJQQ4XFNJUHGW.SEARCH&ppt=None&ppn=None&ssid=t7kt44f1xs0000001786338199371&qH=a5594894156db043&ov_redirect=true,2026-08-10
213,"OPPO K14x 5G (Prism Violet, 64 GB)",OPPO,17999,19999,10% off,4.3,"6,563",684,4 GB RAM,64 GB ROM,6500 mAh Battery,Dimensity 6300 Processor,17.14 cm (6.75 inch) HD+ Display,,,https://www.flipkart.com/oppo-k14x-5g-prism-violet-64-gb/p/itm188c7a4b69292?pid=MOBHKZF3DGME8JHG&lid=LSTMOBHKZF3DGME8JHGGNMUIW&marketplace=FLIPKART&q=smart+phones&store=tyy%2F4io&srno=s_9_213&otracker=search&fm=organic&iid=3ac6f564-df94-4d79-acea-d92dd87e9260.MOBHKZF3DGME8JHG.SEARCH&ppt=None&ppn=None&ssid=t7kt44f1xs0000001786338199371&qH=a5594894156db043&ov_redirect=true,2026-08-10
214,"Samsung Galaxy M17e (Blitz Blue, 128 GB)",Samsung,15078,18999,20% off,4,625,58,4 GB RAM,128 GB ROM,6000 mAh Battery,MediaTek Dimensity Processor,17.02 cm (6.7 inch) Full HD+ Display,50MP Rear Camera | 2MP Front Camera,,https://www.flipkart.com/samsung-galaxy-m17e-blitz-blue-128-gb/p/itm1b5a0ea459581?pid=MOBHHQTGXCB3FHGY&lid=LSTMOBHHQTGXCB3FHGYCNFMXH&marketplace=FLIPKART&q=smart+phones&store=tyy%2F4io&srno=s_9_214&otracker=search&fm=organic&iid=3ac6f564-df94-4d79-acea-d92dd87e9260.MOBHHQTGXCB3FHGY.SEARCH&ppt=None&ppn=None&ssid=t7kt44f1xs0000001786338199371&qH=a5594894156db043&ov_redirect=true,2026-08-10
215,"Samsung Galaxy S25 Ultra 5G (Titanium Silverblue, 256 GB)",Samsung,92737,129999,28% off,4.6,"3,582",397,12 GB RAM,256 GB ROM,5000 mAh Battery,8 Elite for Galaxy Processor,17.53 cm (6.9 inch) Quad HD+ Display,200MP + 50MP + 50MP + 10MP | 12MP Front Camera,,https://www.flipkart.com/samsung-galaxy-s25-ultra-5g-titanium-silverblue-256-gb/p/itm413a5c3f30151?pid=MOBH8K8U5FWQWD6G&lid=LSTMOBH8K8U5FWQWD6GYKWIIE&marketplace=FLIPKART&q=smart+phones&store=tyy%2F4io&srno=s_9_215&otracker=search&fm=organic&iid=3ac6f564-df94-4d79-acea-d92dd87e9260.MOBH8K8U5FWQWD6G.SEARCH&ppt=None&ppn=None&ssid=t7kt44f1xs0000001786338199371&qH=a5594894156db043&ov_redirect=true,2026-08-10
216,"POCO C81x (Ice Blue, 64 GB)",POCO,11499,18999,39% off,4.1,401,23,3 GB RAM,64 GB ROM,5200 mAh Lithium-Ion Polymer Battery,T7250 Processor,17.48 cm (6.88 inch) Display,13MP Rear Camera | 8MP Front Camera,,https://www.flipkart.com/poco-c81x-ice-blue-64-gb/p/itmf2e3aacd5257e?pid=MOBHMYWRWPE4S8G6&lid=LSTMOBHMYWRWPE4S8G6INAADH&marketplace=FLIPKART&q=smart+phones&store=tyy%2F4io&srno=s_9_216&otracker=search&fm=organic&iid=3ac6f564-df94-4d79-acea-d92dd87e9260.MOBHMYWRWPE4S8G6.SEARCH&ppt=None&ppn=None&ssid=t7kt44f1xs0000001786338199371&qH=a5594894156db043&ov_redirect=true,2026-08-10
217,"Nothing Phone (4b) (Blue, 128 GB)",Nothing,34999,54999,36% off,4.4,773,66,8 GB RAM,128 GB ROM,6000 mAh Lithium ion Battery,6 Gen 4 Processor,17.2 cm (6.77 inch) Full HD+ AMOLED Display,50MP + 8MP | 16MP Front Camera,,https://www.flipkart.com/nothing-phone-4b-blue-128-gb/p/itm939608b40adbb?pid=MOBHZMBD9WNP9HHB&lid=LSTMOBHZMBD9WNP9HHBUJTCGV&marketplace=FLIPKART&q=smart+phones&store=tyy%2F4io&srno=s_10_217&otracker=search&fm=organic&iid=en_FwMlurORdDOcGaU5hCiFSEQQ5iPvL1Xt2KOM8EABJPRLyM3ca1OEUFI1N-3CEjAatphJEViWk9b5gLdO-3tqiicklTj0v47wxp1V6AYCw6CfEQXccgBngu2eyyX3u-c5&ppt=None&ppn=None&ssid=sny0d78gog0000001786338202845&qH=a5594894156db043&ov_redirect=true,2026-08-10
218,"vivo X200T (Stellar Black, 256 GB)",vivo,59999,80000,25% off,4.6,"7,663","1,531",12 GB RAM,256 GB ROM,6200 mAh Battery,Dimensity 9400+ Processor,16.94 cm (6.67 inch) Full HD+ AMOLED Display,50MP + 50MP + 50MP | 32MP Front Camera,,https://www.flipkart.com/vivo-x200t-stellar-black-256-gb/p/itm1b8452d68859b?pid=MOBHJK5MBRDS3GUQ&lid=LSTMOBHJK5MBRDS3GUQWMQNUP&marketplace=FLIPKART&q=smart+phones&store=tyy%2F4io&srno=s_10_218&otracker=search&fm=organic&iid=en_FwMlurORdDOcGaU5hCiFSEQQ5iPvL1Xt2KOM8EABJPSwYZ9Cjl4043xx8RuUI1Rqk4Pns45RtafA_s9bzBX_feaVsfQpjYwoxtKUfFby9ZQ2O1VypQ5dPh6q5Ojknrzz&ppt=None&ppn=None&ssid=sny0d78gog0000001786338202845&qH=a5594894156db043&ov_redirect=true,2026-08-10
219,Vivo T4 Lite 5G (Prism Blue 2026) (6GB 128GB),Vivo,20999,29999,30% off,4.3,"49,612","2,369",6 GB RAM,128 GB ROM,6000 mAh Battery,Dimensity 6300 5G Processor,17.12 cm (6.74 inch) HD+ Display,50MP + 2MP | 5MP Front Camera,5G,https://www.flipkart.com/vivo-t4-lite-5g-prism-blue-2026-6gb-128gb/p/itm49fb53d099f3c?pid=MOBHNCRKMZZGFDGT&lid=LSTMOBHNCRKMZZGFDGTADJJQS&marketplace=FLIPKART&q=smart+phones&store=tyy%2F4io&srno=s_10_219&otracker=search&fm=organic&iid=89fac469-2cac-4d96-b6e5-0992b91e0d3e.MOBHNCRKMZZGFDGT.SEARCH&ppt=None&ppn=None&ssid=sny0d78gog0000001786338202845&qH=a5594894156db043&ov_redirect=true,2026-08-10
220,"Nothing Phone (4b) (Black, 256 GB)",Nothing,38999,59999,35% off,4.4,773,66,8 GB RAM,256 GB ROM,6000 mAh Lithium ion Battery,6 Gen 4 Processor,17.2 cm (6.77 inch) Full HD+ AMOLED Display,50MP + 8MP | 16MP Front Camera,,https://www.flipkart.com/nothing-phone-4b-black-256-gb/p/itm939608b40adbb?pid=MOBHZMBDNBKCHZ7B&lid=LSTMOBHZMBDNBKCHZ7BHVWLPF&marketplace=FLIPKART&q=smart+phones&store=tyy%2F4io&srno=s_10_220&otracker=search&fm=organic&iid=89fac469-2cac-4d96-b6e5-0992b91e0d3e.MOBHZMBDNBKCHZ7B.SEARCH&ppt=None&ppn=None&ssid=sny0d78gog0000001786338202845&qH=a5594894156db043&ov_redirect=true,2026-08-10
221,"REDMI Note 14 Pro 5G (Phantom Purple, 256 GB)",REDMI,27000,30999,12% off,4.4,"6,214",456,8 GB RAM,256 GB ROM,5500 mAh Battery,Dimensity 7300 Ultra Processor,16.94 cm (6.67 inch) Display,50MP + 8MP + 2MP | 20MP Front Camera,,https://www.flipkart.com/redmi-note-14-pro-5g-phantom-purple-256-gb/p/itm260f3edcb0cde?pid=MOBH753HYUBTBFZE&lid=LSTMOBH753HYUBTBFZEWLL1ZZ&marketplace=FLIPKART&q=smart+phones&store=tyy%2F4io&srno=s_10_221&otracker=search&fm=organic&iid=89fac469-2cac-4d96-b6e5-0992b91e0d3e.MOBH753HYUBTBFZE.SEARCH&ppt=None&ppn=None&ssid=sny0d78gog0000001786338202845&qH=a5594894156db043&ov_redirect=true,2026-08-10
222,"POCO C85 5G (Power Black, 128 GB)",POCO,17999,22999,21% off,4.2,"1,768",119,6 GB RAM,128 GB ROM,6000 mAh Lithium-Ion Polymer Battery,Dimensity 6300 Processor,17.53 cm (6.9 inch) HD+ Display,50MP Rear Camera | 8MP Front Camera,,https://www.flipkart.com/poco-c85-5g-power-black-128-gb/p/itm2003fa46382ff?pid=MOBHMGG5HZK65TMX&lid=LSTMOBHMGG5HZK65TMXLFDDWP&marketplace=FLIPKART&q=smart+phones&store=tyy%2F4io&srno=s_10_222&otracker=search&fm=organic&iid=89fac469-2cac-4d96-b6e5-0992b91e0d3e.MOBHMGG5HZK65TMX.SEARCH&ppt=None&ppn=None&ssid=sny0d78gog0000001786338202845&qH=a5594894156db043&ov_redirect=true,2026-08-10
223,"MOTOROLA g67 power 5G (Pantone CILANTRO, 256 GB)",MOTOROLA,27999,30999,9% off,4.2,751,60,12 GB RAM,256 GB ROM,7000 mAh Battery,7s Gen 2 Processor,17.02 cm (6.7 inch) Full HD+ Display,50MP + 8MP | 32MP Front Camera,,https://www.flipkart.com/motorola-g67-power-5g-pantone-cilantro-256-gb/p/itme91d2943b446d?pid=MOBHN3UXSVHPQ7MC&lid=LSTMOBHN3UXSVHPQ7MCN0OLIS&marketplace=FLIPKART&q=smart+phones&store=tyy%2F4io&srno=s_10_223&otracker=search&fm=organic&iid=89fac469-2cac-4d96-b6e5-0992b91e0d3e.MOBHN3UXSVHPQ7MC.SEARCH&ppt=None&ppn=None&ssid=sny0d78gog0000001786338202845&qH=a5594894156db043&ov_redirect=true,2026-08-10
224,"OnePlus Nord 6 (Quick Silver, 256 GB)",OnePlus,45818,52999,13% off,4.5,"1,941",242,8 GB RAM,256 GB ROM,9000 mAh Battery,4 octa-core processor Processor,17.22 cm (6.78 inch) Full HD+ Display,50MP Rear Camera,,https://www.flipkart.com/oneplus-nord-6-quick-silver-256-gb/p/itmc49f71cdc4080?pid=MOBHMBWSVHKWRPAS&lid=LSTMOBHMBWSVHKWRPASNGUCDO&marketplace=FLIPKART&q=smart+phones&store=tyy%2F4io&srno=s_10_224&otracker=search&fm=organic&iid=89fac469-2cac-4d96-b6e5-0992b91e0d3e.MOBHMBWSVHKWRPAS.SEARCH&ppt=None&ppn=None&ssid=sny0d78gog0000001786338202845&qH=a5594894156db043&ov_redirect=true,2026-08-10
225,"Ai+ Nova 2 Pro 5G (Black, 128 GB)",Ai+,15999,21999,27% off,4.1,876,110,6 GB RAM,128 GB ROM,6000 mAh Li-polymer Battery,Dimensity 7100 Processor,17.53 cm (6.9 inch) Full HD+ Display,48MP Rear Camera | 13MP Front Camera,,https://www.flipkart.com/ai-nova-2-pro-5g-black-128-gb/p/itmacb10a3dd51c6?pid=MOBHZ8ZM8BUGCJDQ&lid=LSTMOBHZ8ZM8BUGCJDQGHBPRS&marketplace=FLIPKART&q=smart+phones&store=tyy%2F4io&srno=s_10_225&otracker=search&fm=organic&iid=89fac469-2cac-4d96-b6e5-0992b91e0d3e.MOBHZ8ZM8BUGCJDQ.SEARCH&ppt=None&ppn=None&ssid=sny0d78gog0000001786338202845&qH=a5594894156db043&ov_redirect=true,2026-08-10
226,"REDMI 15C 5G (Dusk Purple, 128 GB)",REDMI,19549,21999,11% off,4.2,478,34,6 GB RAM,128 GB ROM,6000 mAh Battery,,17.53 cm (6.9 inch) Display,50MP Rear Camera,,https://www.flipkart.com/redmi-15c-5g-dusk-purple-128-gb/p/itmc1345bb45eef3?pid=MOBHGGZ25C5SGQGE&lid=LSTMOBHGGZ25C5SGQGEEJNLDS&marketplace=FLIPKART&q=smart+phones&store=tyy%2F4io&srno=s_10_226&otracker=search&fm=organic&iid=89fac469-2cac-4d96-b6e5-0992b91e0d3e.MOBHGGZ25C5SGQGE.SEARCH&ppt=None&ppn=None&ssid=sny0d78gog0000001786338202845&qH=a5594894156db043&ov_redirect=true,2026-08-10
227,"realme Narzo 100x 5g (Flash Orange, 128 GB)",realme,21808,35999,39% off,4.3,10,1,6 GB RAM,128 GB ROM,8000 mAh Battery,MediaTek Dimensity 6300 Processor,17.3 cm (6.81 inch) HD+ Display,,,https://www.flipkart.com/realme-narzo-100x-5g-flash-orange-128-gb/p/itm66836fc8ecc5e?pid=MOBHPJHWTZCW2YVY&lid=LSTMOBHPJHWTZCW2YVY2IHALR&marketplace=FLIPKART&q=smart+phones&store=tyy%2F4io&srno=s_10_227&otracker=search&fm=organic&iid=89fac469-2cac-4d96-b6e5-0992b91e0d3e.MOBHPJHWTZCW2YVY.SEARCH&ppt=None&ppn=None&ssid=sny0d78gog0000001786338202845&qH=a5594894156db043&ov_redirect=true,2026-08-10
228,"vivo T5e (Shadow Grey, 64 GB)",vivo,13999,26999,48% off,4.3,7,0,4 GB RAM,64 GB ROM,5500 mAh Li-ion Battery,T7225 Processor,17.12 cm (6.74 inch) HD Display,8MP Rear Camera | 5MP Front Camera,,https://www.flipkart.com/vivo-t5e-shadow-grey-64-gb/p/itm180ca0a991a2b?pid=MOBHPBM6FNMA7ZC7&lid=LSTMOBHPBM6FNMA7ZC7AQDM3K&marketplace=FLIPKART&q=smart+phones&store=tyy%2F4io&srno=s_10_228&otracker=search&fm=organic&iid=89fac469-2cac-4d96-b6e5-0992b91e0d3e.MOBHPBM6FNMA7ZC7.SEARCH&ppt=None&ppn=None&ssid=sny0d78gog0000001786338202845&qH=a5594894156db043&ov_redirect=true,2026-08-10
229,"Ai+ Nova 2 Ultra 5G (Green, 128 GB)",Ai+,17999,25999,30% off,4.1,"2,297",318,6 GB RAM,128 GB ROM,6000 mAh Li-polymer Battery,Dimensity 7400 Processor,17.22 cm (6.78 inch) Full HD+ AMOLED Display,50MP + 8MP | 13MP Front Camera,,https://www.flipkart.com/ai-nova-2-ultra-5g-green-128-gb/p/itm9db3f3ad8ba85?pid=MOBHHUFDZFG4CKDG&lid=LSTMOBHHUFDZFG4CKDGGCWUDQ&marketplace=FLIPKART&q=smart+phones&store=tyy%2F4io&srno=s_10_229&otracker=search&fm=organic&iid=89fac469-2cac-4d96-b6e5-0992b91e0d3e.MOBHHUFDZFG4CKDG.SEARCH&ppt=None&ppn=None&ssid=sny0d78gog0000001786338202845&qH=a5594894156db043&ov_redirect=true,2026-08-10
230,"Samsung Galaxy A17 5G (Gray, 128 GB)",Samsung,22830,22999,,4.3,"2,138",191,6 GB RAM,128 GB ROM,5000 mAh Battery,Samsung Exynos 1330 Processor,17.02 cm (6.7 inch) Full HD+ Display,50MP + 5MP + 2MP | 13MP Front Camera,,https://www.flipkart.com/samsung-galaxy-a17-5g-gray-128-gb/p/itm9b0b7e6d52859?pid=MOBHGVECQ9QKK8DG&lid=LSTMOBHGVECQ9QKK8DGU34HCC&marketplace=FLIPKART&q=smart+phones&store=tyy%2F4io&srno=s_10_230&otracker=search&fm=organic&iid=89fac469-2cac-4d96-b6e5-0992b91e0d3e.MOBHGVECQ9QKK8DG.SEARCH&ppt=None&ppn=None&ssid=sny0d78gog0000001786338202845&qH=a5594894156db043&ov_redirect=true,2026-08-10
231,"Apple iPhone 15 (Black, 256 GB)",Apple,66749,69900,4% off,4.6,"2,46,723","9,553",,,,"A16 Bionic Chip, 6 Core Processor Processor",15.49 cm (6.1 inch) Super Retina XDR Display,48MP + 12MP | 12MP Front Camera,,https://www.flipkart.com/apple-iphone-15-black-256-gb/p/itm6f0727e3e3b52?pid=MOBGTAGPSMHFKHT5&lid=LSTMOBGTAGPSMHFKHT5QSQH4U&marketplace=FLIPKART&q=smart+phones&store=tyy%2F4io&srno=s_10_231&otracker=search&fm=organic&iid=89fac469-2cac-4d96-b6e5-0992b91e0d3e.MOBGTAGPSMHFKHT5.SEARCH&ppt=None&ppn=None&ssid=sny0d78gog0000001786338202845&qH=a5594894156db043&ov_redirect=true,2026-08-10
232,"Samsung Galaxy S25 5G (Mint, 256 GB)",Samsung,68999,80999,14% off,4.6,"5,495",680,12 GB RAM,256 GB ROM,4000 mAh Battery,8 Elite for Galaxy Processor,15.75 cm (6.2 inch) Full HD+ Display,50MP + 10MP + 12MP | 12MP Front Camera,,https://www.flipkart.com/samsung-galaxy-s25-5g-mint-256-gb/p/itm2196514814ed7?pid=MOBH8K8UQ5RYGUPF&lid=LSTMOBH8K8UQ5RYGUPFAUX9LE&marketplace=FLIPKART&q=smart+phones&store=tyy%2F4io&srno=s_10_232&otracker=search&fm=organic&iid=89fac469-2cac-4d96-b6e5-0992b91e0d3e.MOBH8K8UQ5RYGUPF.SEARCH&ppt=None&ppn=None&ssid=sny0d78gog0000001786338202845&qH=a5594894156db043&ov_redirect=true,2026-08-10
233,"MOTOROLA Edge 70 Fusion (Pantone ORIENT BLUE, 512 GB)",MOTOROLA,36999,64999,43% off,4.3,"3,675",409,12 GB RAM,512 GB ROM,7000 mAh Battery,Snapdragon 7s Gen 4 Processor,17.27 cm (6.8 inch) Super HD Display,50MP + 13MP | 32MP Front Camera,,https://www.flipkart.com/motorola-edge-70-fusion-pantone-orient-blue-512-gb/p/itm0baa5fae46b3f?pid=MOBHNSA6SDGWGDYH&lid=LSTMOBHNSA6SDGWGDYHAAXRXJ&marketplace=FLIPKART&q=smart+phones&store=tyy%2F4io&srno=s_10_233&otracker=search&fm=organic&iid=89fac469-2cac-4d96-b6e5-0992b91e0d3e.MOBHNSA6SDGWGDYH.SEARCH&ppt=None&ppn=None&ssid=sny0d78gog0000001786338202845&qH=a5594894156db043&ov_redirect=true,2026-08-10
234,"REDMI Note 14 Pro 5G (Phantom Purple, 128 GB)",REDMI,28999,,,4.4,"6,214",456,8 GB RAM,128 GB ROM,5500 mAh Battery,Dimensity 7300 Ultra Processor,16.94 cm (6.67 inch) Display,50MP + 8MP + 2MP | 20MP Front Camera,,https://www.flipkart.com/redmi-note-14-pro-5g-phantom-purple-128-gb/p/itm260f3edcb0cde?pid=MOBH753HNZXZKTEG&lid=LSTMOBH753HNZXZKTEGBPREXI&marketplace=FLIPKART&q=smart+phones&store=tyy%2F4io&srno=s_10_234&otracker=search&fm=organic&iid=89fac469-2cac-4d96-b6e5-0992b91e0d3e.MOBH753HNZXZKTEG.SEARCH&ppt=None&ppn=None&ssid=sny0d78gog0000001786338202845&qH=a5594894156db043&ov_redirect=true,2026-08-10
235,"Samsung Galaxy A17 5G (Blue, 128 GB)",Samsung,23490,28999,18% off,4.3,"1,901",180,8 GB RAM,128 GB ROM,5000 mAh Battery,Samsung Exynos 1330 Processor,17.02 cm (6.7 inch) Full HD+ Display,50MP + 5MP + 2MP | 13MP Front Camera,,https://www.flipkart.com/samsung-galaxy-a17-5g-blue-128-gb/p/itm9b0b7e6d52859?pid=MOBHGVECGVQWQVRH&lid=LSTMOBHGVECGVQWQVRHOHAAZ6&marketplace=FLIPKART&q=smart+phones&store=tyy%2F4io&srno=s_10_235&otracker=search&fm=organic&iid=89fac469-2cac-4d96-b6e5-0992b91e0d3e.MOBHGVECGVQWQVRH.SEARCH&ppt=None&ppn=None&ssid=sny0d78gog0000001786338202845&qH=a5594894156db043&ov_redirect=true,2026-08-10
236,"REDMI Note 15 SE 5G (Frosted White, 256 GB)",REDMI,27999,37999,26% off,4.4,"2,283",227,8 GB RAM,256 GB ROM,5800 mAh Lithium-Ion Polymer Battery,Snapdragon 6 Gen 3 Processor,17.2 cm (6.77 inch) Full HD+ AMOLED Display,50MP Rear Camera | 20MP Front Camera,,https://www.flipkart.com/redmi-note-15-se-5g-frosted-white-256-gb/p/itmebad38fb8969d?pid=MOBHN52FMT5ZSDSW&lid=LSTMOBHN52FMT5ZSDSWMBN2AM&marketplace=FLIPKART&q=smart+phones&store=tyy%2F4io&srno=s_10_236&otracker=search&fm=organic&iid=89fac469-2cac-4d96-b6e5-0992b91e0d3e.MOBHN52FMT5ZSDSW.SEARCH&ppt=None&ppn=None&ssid=sny0d78gog0000001786338202845&qH=a5594894156db043&ov_redirect=true,2026-08-10
237,"OPPO K14x 5G (Icy Blue, 128 GB)",OPPO,19999,,,4.4,"3,068",217,6 GB RAM,128 GB ROM,6500 mAh Battery,Dimensity 6300 Processor,17.14 cm (6.75 inch) HD+ Display,,,https://www.flipkart.com/oppo-k14x-5g-icy-blue-128-gb/p/itm188c7a4b69292?pid=MOBHJQQ4YUEFFDF8&lid=LSTMOBHJQQ4YUEFFDF8GGGMME&marketplace=FLIPKART&q=smart+phones&store=tyy%2F4io&srno=s_10_237&otracker=search&fm=organic&iid=89fac469-2cac-4d96-b6e5-0992b91e0d3e.MOBHJQQ4YUEFFDF8.SEARCH&ppt=None&ppn=None&ssid=sny0d78gog0000001786338202845&qH=a5594894156db043&ov_redirect=true,2026-08-10
238,"OnePlus Nord 6 (Fresh Mint, 256 GB)",OnePlus,52000,56999,8% off,4.6,182,19,12 GB RAM,256 GB ROM,9000 mAh Battery,4 octa-core processor Processor,17.22 cm (6.78 inch) Full HD+ Display,50MP Rear Camera,,https://www.flipkart.com/oneplus-nord-6-fresh-mint-256-gb/p/itmc49f71cdc4080?pid=MOBHMBWWXW6KTQB8&lid=LSTMOBHMBWWXW6KTQB8LJEAHB&marketplace=FLIPKART&q=smart+phones&store=tyy%2F4io&srno=s_10_238&otracker=search&fm=organic&iid=89fac469-2cac-4d96-b6e5-0992b91e0d3e.MOBHMBWWXW6KTQB8.SEARCH&ppt=None&ppn=None&ssid=sny0d78gog0000001786338202845&qH=a5594894156db043&ov_redirect=true,2026-08-10
239,"realme Gt 7 (Icesense Black, 512 GB)",realme,46999,52999,11% off,4.5,"1,200",147,12 GB RAM,512 GB ROM,7000 mAh Battery,Dimensity Processor,17.22 cm (6.78 inch) Full HD+ AMOLED Display,50MP + 50MP + 50MP + 8MP | 32MP + 32MP Dual Front Camera,,https://www.flipkart.com/realme-gt-7-icesense-black-512-gb/p/itm6cc8f84d92e2f?pid=MOBHCZYZJ756E2YU&lid=LSTMOBHCZYZJ756E2YUZRPIYC&marketplace=FLIPKART&q=smart+phones&store=tyy%2F4io&srno=s_10_239&otracker=search&fm=organic&iid=89fac469-2cac-4d96-b6e5-0992b91e0d3e.MOBHCZYZJ756E2YU.SEARCH&ppt=None&ppn=None&ssid=sny0d78gog0000001786338202845&qH=a5594894156db043&ov_redirect=true,2026-08-10
240,"REDMI Note 14 Pro 5G (Titan Black, 128 GB)",REDMI,24000,28999,17% off,4.4,"6,214",456,8 GB RAM,128 GB ROM,5500 mAh Battery,Dimensity 7300 Ultra Processor,16.94 cm (6.67 inch) Display,50MP + 8MP + 2MP | 20MP Front Camera,,https://www.flipkart.com/redmi-note-14-pro-5g-titan-black-128-gb/p/itm260f3edcb0cde?pid=MOBH753HQUW6KGH7&lid=LSTMOBH753HQUW6KGH7RZPZLQ&marketplace=FLIPKART&q=smart+phones&store=tyy%2F4io&srno=s_10_240&otracker=search&fm=organic&iid=89fac469-2cac-4d96-b6e5-0992b91e0d3e.MOBH753HQUW6KGH7.SEARCH&ppt=None&ppn=None&ssid=sny0d78gog0000001786338202845&qH=a5594894156db043&ov_redirect=true,2026-08-10
241,"Nothing Phone (4b) (Blue, 128 GB)",Nothing,34999,54999,36% off,4.4,773,66,8 GB RAM,128 GB ROM,6000 mAh Lithium ion Battery,6 Gen 4 Processor,17.2 cm (6.77 inch) Full HD+ AMOLED Display,50MP + 8MP | 16MP Front Camera,,https://www.flipkart.com/nothing-phone-4b-blue-128-gb/p/itm939608b40adbb?pid=MOBHZMBD9WNP9HHB&lid=LSTMOBHZMBD9WNP9HHBUJTCGV&marketplace=FLIPKART&q=smart+phones&store=tyy%2F4io&srno=s_11_241&otracker=search&fm=organic&iid=en_VrgsizeDQ3g3UqrSJXRc-5zH1rMLieE8N6Bl6UNcuJ0Qqs27HJil0_Gm5VDXtQaJtphJEViWk9b5gLdO-3tqiicklTj0v47wxp1V6AYCw6BMOGgs7HR8o2paOakIfvQR&ppt=None&ppn=None&ssid=si3mnjxtz40000001786338206167&qH=a5594894156db043&ov_redirect=true,2026-08-10
242,"vivo X200T (Stellar Black, 256 GB)",vivo,59999,80000,25% off,4.6,"7,663","1,531",12 GB RAM,256 GB ROM,6200 mAh Battery,Dimensity 9400+ Processor,16.94 cm (6.67 inch) Full HD+ AMOLED Display,50MP + 50MP + 50MP | 32MP Front Camera,,https://www.flipkart.com/vivo-x200t-stellar-black-256-gb/p/itm1b8452d68859b?pid=MOBHJK5MBRDS3GUQ&lid=LSTMOBHJK5MBRDS3GUQWMQNUP&marketplace=FLIPKART&q=smart+phones&store=tyy%2F4io&srno=s_11_242&otracker=search&fm=organic&iid=en_VrgsizeDQ3g3UqrSJXRc-5zH1rMLieE8N6Bl6UNcuJ0c8M1ex1o_3-ZfCzXTwvsGk4Pns45RtafA_s9bzBX_feaVsfQpjYwoxtKUfFby9ZTotAmwalIYD0dEq5M9OhiO&ppt=None&ppn=None&ssid=si3mnjxtz40000001786338206167&qH=a5594894156db043&ov_redirect=true,2026-08-10
243,"REDMI 15C 5G (Midnight Black, 128 GB)",REDMI,19976,31999,37% off,4.2,478,34,6 GB RAM,128 GB ROM,6000 mAh Battery,,17.53 cm (6.9 inch) Display,50MP Rear Camera,,https://www.flipkart.com/redmi-15c-5g-midnight-black-128-gb/p/itmc1345bb45eef3?pid=MOBHGGZ2DYFHQM6T&lid=LSTMOBHGGZ2DYFHQM6TXRC2FG&marketplace=FLIPKART&q=smart+phones&store=tyy%2F4io&srno=s_11_243&otracker=search&fm=organic&iid=ed7a57c9-8524-40c9-8361-b23b54b1cf21.MOBHGGZ2DYFHQM6T.SEARCH&ppt=None&ppn=None&ssid=si3mnjxtz40000001786338206167&qH=a5594894156db043&ov_redirect=true,2026-08-10
244,"realme P4R 5G (Silver Glare, 256 GB)",realme,24999,44999,44% off,4.4,"3,124",252,6 GB RAM,256 GB ROM,8000 mAh Lithium-ion polymer Battery,Dimensity 6300 Processor,17.27 cm (6.8 inch) HD+ Display,50MP Rear Camera | 8MP Front Camera,,https://www.flipkart.com/realme-p4r-5g-silver-glare-256-gb/p/itmb42ae388c1ef6?pid=MOBHMYR3NGRA6CGK&lid=LSTMOBHMYR3NGRA6CGKJWYZVO&marketplace=FLIPKART&q=smart+phones&store=tyy%2F4io&srno=s_11_244&otracker=search&fm=organic&iid=ed7a57c9-8524-40c9-8361-b23b54b1cf21.MOBHMYR3NGRA6CGK.SEARCH&ppt=None&ppn=None&ssid=si3mnjxtz40000001786338206167&qH=a5594894156db043&ov_redirect=true,2026-08-10
245,Vivo T4 Lite 5G (Titanium Gold 2026) (4GB 128GB),Vivo,18999,28999,34% off,4.3,"41,151","1,824",4 GB RAM,128 GB ROM,6000 mAh Battery,Dimensity 6300 5G Processor,17.12 cm (6.74 inch) HD+ Display,50MP + 2MP | 5MP Front Camera,5G,https://www.flipkart.com/vivo-t4-lite-5g-titanium-gold-2026-4gb-128gb/p/itm49fb53d099f3c?pid=MOBHNCRKN8ZBGAJR&lid=LSTMOBHNCRKN8ZBGAJREUTFV0&marketplace=FLIPKART&q=smart+phones&store=tyy%2F4io&srno=s_11_245&otracker=search&fm=organic&iid=ed7a57c9-8524-40c9-8361-b23b54b1cf21.MOBHNCRKN8ZBGAJR.SEARCH&ppt=None&ppn=None&ssid=si3mnjxtz40000001786338206167&qH=a5594894156db043&ov_redirect=true,2026-08-10
246,"realme Gt 7 (Icesense Black, 256 GB)",realme,42999,48999,12% off,4.5,"1,200",147,12 GB RAM,256 GB ROM,7000 mAh Battery,Dimensity Processor,17.22 cm (6.78 inch) Full HD+ AMOLED Display,50MP + 50MP + 50MP + 8MP | 32MP + 32MP Dual Front Camera,,https://www.flipkart.com/realme-gt-7-icesense-black-256-gb/p/itm6cc8f84d92e2f?pid=MOBHCZYZJZ9VYSQ2&lid=LSTMOBHCZYZJZ9VYSQ2C23L9G&marketplace=FLIPKART&q=smart+phones&store=tyy%2F4io&srno=s_11_246&otracker=search&fm=organic&iid=ed7a57c9-8524-40c9-8361-b23b54b1cf21.MOBHCZYZJZ9VYSQ2.SEARCH&ppt=None&ppn=None&ssid=si3mnjxtz40000001786338206167&qH=a5594894156db043&ov_redirect=true,2026-08-10
247,"Samsung Galaxy S25 Ultra 5G (Titanium Black, 256 GB)",Samsung,92474,129999,28% off,4.6,"3,582",397,12 GB RAM,256 GB ROM,5000 mAh Battery,8 Elite for Galaxy Processor,17.53 cm (6.9 inch) Quad HD+ Display,200MP + 50MP + 50MP + 10MP | 12MP Front Camera,,https://www.flipkart.com/samsung-galaxy-s25-ultra-5g-titanium-black-256-gb/p/itm09d676ceb930d?pid=MOBH8K8UVNGVNGKN&lid=LSTMOBH8K8UVNGVNGKN4V7JZA&marketplace=FLIPKART&q=smart+phones&store=tyy%2F4io&srno=s_11_247&otracker=search&fm=organic&iid=ed7a57c9-8524-40c9-8361-b23b54b1cf21.MOBH8K8UVNGVNGKN.SEARCH&ppt=None&ppn=None&ssid=si3mnjxtz40000001786338206167&qH=a5594894156db043&ov_redirect=true,2026-08-10
248,"OnePlus Nord 6 (Fresh Mint, 256 GB)",OnePlus,44700,52999,15% off,4.5,"1,941",242,8 GB RAM,256 GB ROM,9000 mAh Battery,4 octa-core processor Processor,17.22 cm (6.78 inch) Full HD+ Display,50MP Rear Camera,,https://www.flipkart.com/oneplus-nord-6-fresh-mint-256-gb/p/itmc49f71cdc4080?pid=MOBHMBW2KKBSFG9R&lid=LSTMOBHMBW2KKBSFG9R7TBQTG&marketplace=FLIPKART&q=smart+phones&store=tyy%2F4io&srno=s_11_248&otracker=search&fm=organic&iid=ed7a57c9-8524-40c9-8361-b23b54b1cf21.MOBHMBW2KKBSFG9R.SEARCH&ppt=None&ppn=None&ssid=si3mnjxtz40000001786338206167&qH=a5594894156db043&ov_redirect=true,2026-08-10
249,"realme P4 Power 5G (TransBlue, 128 GB)",realme,29999,32999,9% off,4.4,"7,066",740,8 GB RAM,128 GB ROM,10001 mAh Battery,Dimensity 7400 Ultra Processor,17.27 cm (6.8 inch) Full HD+ AMOLED Display,,,https://www.flipkart.com/realme-p4-power-5g-transblue-128-gb/p/itm49784b322aad0?pid=MOBHJHSH4HHMYHEG&lid=LSTMOBHJHSH4HHMYHEGIKAA7A&marketplace=FLIPKART&q=smart+phones&store=tyy%2F4io&srno=s_11_249&otracker=search&fm=organic&iid=ed7a57c9-8524-40c9-8361-b23b54b1cf21.MOBHJHSH4HHMYHEG.SEARCH&ppt=None&ppn=None&ssid=si3mnjxtz40000001786338206167&qH=a5594894156db043&ov_redirect=true,2026-08-10
250,"MOTOROLA Signature (PANTONE Carbon, 1 TB)",MOTOROLA,67499,84999,20% off,4.5,925,173,16 GB RAM,1 TB ROM,5200 mAh Battery,Snapdragon 8 Gen 5 Processor,17.27 cm (6.8 inch) Super HD Display,50MP + 50MP + 50MP | 50MP Front Camera,,https://www.flipkart.com/motorola-signature-pantone-carbon-1-tb/p/itmf01b143b8663d?pid=MOBHGVJYGJYGSV8X&lid=LSTMOBHGVJYGJYGSV8XC1KZDR&marketplace=FLIPKART&q=smart+phones&store=tyy%2F4io&srno=s_11_250&otracker=search&fm=organic&iid=ed7a57c9-8524-40c9-8361-b23b54b1cf21.MOBHGVJYGJYGSV8X.SEARCH&ppt=None&ppn=None&ssid=si3mnjxtz40000001786338206167&qH=a5594894156db043&ov_redirect=true,2026-08-10
251,"realme P4x 5G (Lake Green, 128 GB)",realme,23499,43999,46% off,4.3,"7,506",637,8 GB RAM,128 GB ROM,7000 mAh Battery,Dimensity 7400 Ultra Processor,17.07 cm (6.72 inch) Full HD+ Display,50MP + 2MP | 8MP Front Camera,,https://www.flipkart.com/realme-p4x-5g-lake-green-128-gb/p/itm575b1540859e4?pid=MOBHN7A8P2KPBEVZ&lid=LSTMOBHN7A8P2KPBEVZF5GW6U&marketplace=FLIPKART&q=smart+phones&store=tyy%2F4io&srno=s_11_251&otracker=search&fm=organic&iid=ed7a57c9-8524-40c9-8361-b23b54b1cf21.MOBHN7A8P2KPBEVZ.SEARCH&ppt=None&ppn=None&ssid=si3mnjxtz40000001786338206167&qH=a5594894156db043&ov_redirect=true,2026-08-10
252,"Samsung Galaxy A17 5G (Blue, 128 GB)",Samsung,20999,,,4.3,"2,138",191,6 GB RAM,128 GB ROM,5000 mAh Battery,Samsung Exynos 1330 Processor,17.02 cm (6.7 inch) Full HD+ Display,50MP + 5MP + 2MP | 13MP Front Camera,,https://www.flipkart.com/samsung-galaxy-a17-5g-blue-128-gb/p/itm9b0b7e6d52859?pid=MOBHGVECMPZEVNMJ&lid=LSTMOBHGVECMPZEVNMJUFF10U&marketplace=FLIPKART&q=smart+phones&store=tyy%2F4io&srno=s_11_252&otracker=search&fm=organic&iid=ed7a57c9-8524-40c9-8361-b23b54b1cf21.MOBHGVECMPZEVNMJ.SEARCH&ppt=None&ppn=None&ssid=si3mnjxtz40000001786338206167&qH=a5594894156db043&ov_redirect=true,2026-08-10
253,"REDMI Note 15 SE 5G Snapdragon (Carbon Black, 128 GB)",REDMI,23999,34999,31% off,4.3,"5,002",460,6 GB RAM,128 GB ROM,5800 mAh Lithium-Ion Polymer Battery,Snapdragon 6 Gen 3 Processor,17.2 cm (6.77 inch) Full HD+ AMOLED Display,50MP Rear Camera | 20MP Front Camera,,https://www.flipkart.com/redmi-note-15-se-5g-snapdragon-carbon-black-128-gb/p/itm60b0ad3a0da9d?pid=MOBHN52FDHRHXYKD&lid=LSTMOBHN52FDHRHXYKDT6HEXV&marketplace=FLIPKART&q=smart+phones&store=tyy%2F4io&srno=s_11_253&otracker=search&fm=organic&iid=ed7a57c9-8524-40c9-8361-b23b54b1cf21.MOBHN52FDHRHXYKD.SEARCH&ppt=None&ppn=None&ssid=si3mnjxtz40000001786338206167&qH=a5594894156db043&ov_redirect=true,2026-08-10
254,"Apple iPhone 17 Pro (Cosmic Orange, 256 GB)",Apple,126900,134900,5% off,4.7,"4,171",298,,,,"A19 Chip, 6 Core Processor Processor",16.0 cm (6.3 inch) Super Retina XDR Display,48MP + 48MP + 48MP | 18MP Front Camera,,https://www.flipkart.com/apple-iphone-17-pro-cosmic-orange-256-gb/p/itm76fe37ca9ea8c?pid=MOBHFN6YR8HF5BQ9&lid=LSTMOBHFN6YR8HF5BQ9RBYDOE&marketplace=FLIPKART&q=smart+phones&store=tyy%2F4io&srno=s_11_254&otracker=search&fm=organic&iid=ed7a57c9-8524-40c9-8361-b23b54b1cf21.MOBHFN6YR8HF5BQ9.SEARCH&ppt=None&ppn=None&ssid=si3mnjxtz40000001786338206167&qH=a5594894156db043&ov_redirect=true,2026-08-10
255,"REDMI 15C 5G (Dusk Purple, 128 GB)",REDMI,21500,24999,13% off,4.3,395,35,8 GB RAM,128 GB ROM,6000 mAh Battery,,17.53 cm (6.9 inch) Display,50MP Rear Camera,,https://www.flipkart.com/redmi-15c-5g-dusk-purple-128-gb/p/itmc1345bb45eef3?pid=MOBHGGZ2AASSW7RG&lid=LSTMOBHGGZ2AASSW7RG6MBYAY&marketplace=FLIPKART&q=smart+phones&store=tyy%2F4io&srno=s_11_255&otracker=search&fm=organic&iid=ed7a57c9-8524-40c9-8361-b23b54b1cf21.MOBHGGZ2AASSW7RG.SEARCH&ppt=None&ppn=None&ssid=si3mnjxtz40000001786338206167&qH=a5594894156db043&ov_redirect=true,2026-08-10
256,"MOTOROLA g37 power (PANTONE Nautical Blue, 128 GB)",MOTOROLA,19999,37999,47% off,4.1,943,81,8 GB RAM,128 GB ROM,7000 mAh Battery,Dimensity 6400 Processor,16.92 cm (6.66 inch) HD+ Display,50MP Rear Camera | 8MP Front Camera,,https://www.flipkart.com/motorola-g37-power-pantone-nautical-blue-128-gb/p/itm48ade38c32669?pid=MOBHMX5YNNYGMVWH&lid=LSTMOBHMX5YNNYGMVWHYBPQ6L&marketplace=FLIPKART&q=smart+phones&store=tyy%2F4io&srno=s_11_256&otracker=search&fm=organic&iid=ed7a57c9-8524-40c9-8361-b23b54b1cf21.MOBHMX5YNNYGMVWH.SEARCH&ppt=None&ppn=None&ssid=si3mnjxtz40000001786338206167&qH=a5594894156db043&ov_redirect=true,2026-08-10
257,"realme Gt 7 (Icesense Black, 256 GB)",realme,39999,45999,13% off,4.4,"1,187",190,8 GB RAM,256 GB ROM,7000 mAh Battery,Dimensity Processor,17.22 cm (6.78 inch) Full HD+ AMOLED Display,50MP + 50MP + 50MP + 8MP | 32MP + 32MP Dual Front Camera,,https://www.flipkart.com/realme-gt-7-icesense-black-256-gb/p/itm6cc8f84d92e2f?pid=MOBHCZYNY6PCGGHS&lid=LSTMOBHCZYNY6PCGGHSWDWFFS&marketplace=FLIPKART&q=smart+phones&store=tyy%2F4io&srno=s_11_257&otracker=search&fm=organic&iid=ed7a57c9-8524-40c9-8361-b23b54b1cf21.MOBHCZYNY6PCGGHS.SEARCH&ppt=None&ppn=None&ssid=si3mnjxtz40000001786338206167&qH=a5594894156db043&ov_redirect=true,2026-08-10
258,"realme P4R 5G (Titanium Glare, 128 GB)",realme,21999,39999,45% off,4.4,"3,124",252,6 GB RAM,128 GB ROM,8000 mAh Lithium-ion polymer Battery,Dimensity 6300 Processor,17.27 cm (6.8 inch) HD+ Display,50MP Rear Camera | 8MP Front Camera,,https://www.flipkart.com/realme-p4r-5g-titanium-glare-128-gb/p/itmb42ae388c1ef6?pid=MOBHMYR3MZ62YN7F&lid=LSTMOBHMYR3MZ62YN7FSERUEO&marketplace=FLIPKART&q=smart+phones&store=tyy%2F4io&srno=s_11_258&otracker=search&fm=organic&iid=ed7a57c9-8524-40c9-8361-b23b54b1cf21.MOBHMYR3MZ62YN7F.SEARCH&ppt=None&ppn=None&ssid=si3mnjxtz40000001786338206167&qH=a5594894156db043&ov_redirect=true,2026-08-10
259,"Samsung Galaxy A06 5G (Black, 128 GB)",Samsung,17974,18499,2% off,4.1,224,15,6 GB RAM,128 GB ROM,5000 mAh Li-ion Battery,Dimensity 6300 Processor,17.02 cm (6.7 inch) HD+ Display,50MP + 2MP | 8MP Front Camera,,https://www.flipkart.com/samsung-galaxy-a06-5g-black-128-gb/p/itm94e861540654d?pid=MOBH9GQKPBT5VJHZ&lid=LSTMOBH9GQKPBT5VJHZBJCWRG&marketplace=FLIPKART&q=smart+phones&store=tyy%2F4io&srno=s_11_259&otracker=search&fm=organic&iid=ed7a57c9-8524-40c9-8361-b23b54b1cf21.MOBH9GQKPBT5VJHZ.SEARCH&ppt=None&ppn=None&ssid=si3mnjxtz40000001786338206167&qH=a5594894156db043&ov_redirect=true,2026-08-10
260,"realme P4 Pro 5G (Birch Wood, 256 GB)",realme,30999,,,4.4,"20,012","1,927",8 GB RAM,256 GB ROM,7000 mAh Battery,Snapdragon 7 Gen 4 Mobile Processor,17.27 cm (6.8 inch) Full HD+ Display,50MP + 8MP | 50MP Front Camera,,https://www.flipkart.com/realme-p4-pro-5g-birch-wood-256-gb/p/itme41a54752cc21?pid=MOBHERXKVQED7HGC&lid=LSTMOBHERXKVQED7HGC54DD1I&marketplace=FLIPKART&q=smart+phones&store=tyy%2F4io&srno=s_11_260&otracker=search&fm=organic&iid=ed7a57c9-8524-40c9-8361-b23b54b1cf21.MOBHERXKVQED7HGC.SEARCH&ppt=None&ppn=None&ssid=si3mnjxtz40000001786338206167&qH=a5594894156db043&ov_redirect=true,2026-08-10
261,"realme P4 Pro 5G (Midnight Ivy, 256 GB)",realme,30999,,,4.4,"20,012","1,927",8 GB RAM,256 GB ROM,7000 mAh Battery,Snapdragon 7 Gen 4 Mobile Processor,17.27 cm (6.8 inch) Full HD+ Display,50MP + 8MP | 50MP Front Camera,,https://www.flipkart.com/realme-p4-pro-5g-midnight-ivy-256-gb/p/itme41a54752cc21?pid=MOBHERXK3YKZUWWZ&lid=LSTMOBHERXK3YKZUWWZM7IFIN&marketplace=FLIPKART&q=smart+phones&store=tyy%2F4io&srno=s_11_261&otracker=search&fm=organic&iid=ed7a57c9-8524-40c9-8361-b23b54b1cf21.MOBHERXK3YKZUWWZ.SEARCH&ppt=None&ppn=None&ssid=si3mnjxtz40000001786338206167&qH=a5594894156db043&ov_redirect=true,2026-08-10
262,"MOTOROLA Signature (PANTONE Carbon, 256 GB)",MOTOROLA,57499,74999,23% off,4.5,667,121,12 GB RAM,256 GB ROM,5200 mAh Battery,Snapdragon 8 Gen 5 Processor,17.27 cm (6.8 inch) Super HD Display,50MP + 50MP + 50MP | 50MP Front Camera,,https://www.flipkart.com/motorola-signature-pantone-carbon-256-gb/p/itm773dcf1c9b5dc?pid=MOBHGVJY37KPCFHB&lid=LSTMOBHGVJY37KPCFHBXLORLG&marketplace=FLIPKART&q=smart+phones&store=tyy%2F4io&srno=s_11_262&otracker=search&fm=organic&iid=ed7a57c9-8524-40c9-8361-b23b54b1cf21.MOBHGVJY37KPCFHB.SEARCH&ppt=None&ppn=None&ssid=si3mnjxtz40000001786338206167&qH=a5594894156db043&ov_redirect=true,2026-08-10
263,"realme Narzo 100 Lite 5G (Thunder Black, 64 GB)",realme,15922,24999,36% off,4.2,"1,093",50,4 GB RAM,64 GB ROM,7000 mAh Battery,,17.27 cm (6.8 inch) Display,13MP Rear Camera,,https://www.flipkart.com/realme-narzo-100-lite-5g-thunder-black-64-gb/p/itm659398bfe469c?pid=MOBHMZ3QKKTHQW7M&lid=LSTMOBHMZ3QKKTHQW7MPZTQXW&marketplace=FLIPKART&q=smart+phones&store=tyy%2F4io&srno=s_11_263&otracker=search&fm=organic&iid=ed7a57c9-8524-40c9-8361-b23b54b1cf21.MOBHMZ3QKKTHQW7M.SEARCH&ppt=None&ppn=None&ssid=si3mnjxtz40000001786338206167&qH=a5594894156db043&ov_redirect=true,2026-08-10
264,"OnePlus Nord 6 (Quick Silver, 256 GB)",OnePlus,52385,56999,8% off,4.6,182,19,12 GB RAM,256 GB ROM,9000 mAh Battery,4 octa-core processor Processor,17.22 cm (6.78 inch) Full HD+ Display,50MP Rear Camera,,https://www.flipkart.com/oneplus-nord-6-quick-silver-256-gb/p/itmc49f71cdc4080?pid=MOBHMBXCPZNQ3YNC&lid=LSTMOBHMBXCPZNQ3YNC3GL3GJ&marketplace=FLIPKART&q=smart+phones&store=tyy%2F4io&srno=s_11_264&otracker=search&fm=organic&iid=ed7a57c9-8524-40c9-8361-b23b54b1cf21.MOBHMBXCPZNQ3YNC.SEARCH&ppt=None&ppn=None&ssid=si3mnjxtz40000001786338206167&qH=a5594894156db043&ov_redirect=true,2026-08-10
265,"realme Narzo 100 Lite 5G (Thunder Black, 128 GB)",realme,19783,31999,38% off,4.2,104,6,6 GB RAM,128 GB ROM,7000 mAh Battery,,17.27 cm (6.8 inch) Display,13MP Rear Camera,,https://www.flipkart.com/realme-narzo-100-lite-5g-thunder-black-128-gb/p/itm659398bfe469c?pid=MOBHMZ3TERMJ7F2Z&lid=LSTMOBHMZ3TERMJ7F2ZMWL6PE&marketplace=FLIPKART&q=smart+phones&store=tyy%2F4io&srno=s_12_265&otracker=search&fm=organic&iid=ce657827-d558-4eb4-847b-512d1eca401d.MOBHMZ3TERMJ7F2Z.SEARCH&ppt=None&ppn=None&ssid=7fx6uk5wuo0000001786338209574&qH=a5594894156db043&ov_redirect=true,2026-08-10
266,"realme 15 5G (Velvet Green, 128 GB)",realme,29999,,,4.4,"10,921","1,170",8 GB RAM,128 GB ROM,7000 mAh Battery,Mediatek Dimensity 7300+ 5G Processor,17.27 cm (6.8 inch) Full HD+ Display,50MP + 8MP | 50MP Front Camera,5G,https://www.flipkart.com/realme-15-5g-velvet-green-128-gb/p/itme9581fbd0e97a?pid=MOBHDUKFAKEGZWJK&lid=LSTMOBHDUKFAKEGZWJKJXGD9L&marketplace=FLIPKART&q=smart+phones&store=tyy%2F4io&srno=s_12_266&otracker=search&fm=organic&iid=ce657827-d558-4eb4-847b-512d1eca401d.MOBHDUKFAKEGZWJK.SEARCH&ppt=None&ppn=None&ssid=7fx6uk5wuo0000001786338209574&qH=a5594894156db043&ov_redirect=true,2026-08-10
267,"Nothing Phone (4b) (Blue, 128 GB)",Nothing,34999,54999,36% off,4.4,773,66,8 GB RAM,128 GB ROM,6000 mAh Lithium ion Battery,6 Gen 4 Processor,17.2 cm (6.77 inch) Full HD+ AMOLED Display,50MP + 8MP | 16MP Front Camera,,https://www.flipkart.com/nothing-phone-4b-blue-128-gb/p/itm939608b40adbb?pid=MOBHZMBD9WNP9HHB&lid=LSTMOBHZMBD9WNP9HHBUJTCGV&marketplace=FLIPKART&q=smart+phones&store=tyy%2F4io&srno=s_12_267&otracker=search&fm=organic&iid=en_i41QhWjMT6YuorfQWEaoU8XOnid6_Nxah_h0kX0QAf2aETtgCwot5xMzahgJqLVxtphJEViWk9b5gLdO-3tqiicklTj0v47wxp1V6AYCw6AHzX9xALywgx8uctDZUhjh&ppt=None&ppn=None&ssid=7fx6uk5wuo0000001786338209574&qH=a5594894156db043&ov_redirect=true,2026-08-10
268,"vivo X200T (Stellar Black, 256 GB)",vivo,59999,80000,25% off,4.6,"7,663","1,531",12 GB RAM,256 GB ROM,6200 mAh Battery,Dimensity 9400+ Processor,16.94 cm (6.67 inch) Full HD+ AMOLED Display,50MP + 50MP + 50MP | 32MP Front Camera,,https://www.flipkart.com/vivo-x200t-stellar-black-256-gb/p/itm1b8452d68859b?pid=MOBHJK5MBRDS3GUQ&lid=LSTMOBHJK5MBRDS3GUQWMQNUP&marketplace=FLIPKART&q=smart+phones&store=tyy%2F4io&srno=s_12_268&otracker=search&fm=organic&iid=en_i41QhWjMT6YuorfQWEaoU8XOnid6_Nxah_h0kX0QAf0A-1wvChrm1sJwW5aeIAZwk4Pns45RtafA_s9bzBX_feaVsfQpjYwoxtKUfFby9ZRQbTksKC2fdFYIN7Rk5U1N&ppt=None&ppn=None&ssid=7fx6uk5wuo0000001786338209574&qH=a5594894156db043&ov_redirect=true,2026-08-10
269,"MOTOROLA Edge 70 Fusion Snapdragon (Pantone COUNTRY AIR, 128 GB)",MOTOROLA,28999,49999,42% off,4.4,"14,842","1,637",8 GB RAM,128 GB ROM,7000 mAh Battery,Snapdragon 7s Gen 4 Processor,17.27 cm (6.8 inch) Super HD Display,50MP + 13MP | 32MP Front Camera,,https://www.flipkart.com/motorola-edge-70-fusion-snapdragon-pantone-country-air-128-gb/p/itm35e1629da7123?pid=MOBHN973BZYNQ9XZ&lid=LSTMOBHN973BZYNQ9XZIVDF72&marketplace=FLIPKART&q=smart+phones&store=tyy%2F4io&srno=s_12_269&otracker=search&fm=organic&iid=ce657827-d558-4eb4-847b-512d1eca401d.MOBHN973BZYNQ9XZ.SEARCH&ppt=None&ppn=None&ssid=7fx6uk5wuo0000001786338209574&qH=a5594894156db043&ov_redirect=true,2026-08-10
270,"REDMI Note 14 Pro 5G (Titan Black, 128 GB)",REDMI,23695,28999,18% off,4.4,"6,214",456,8 GB RAM,128 GB ROM,5500 mAh Battery,,16.94 cm (6.67 inch) Display,50MP Rear Camera,,https://www.flipkart.com/redmi-note-14-pro-5g-titan-black-128-gb/p/itm901beaf85e746?pid=MOBH89EKJNVD8N2Y&lid=LSTMOBH89EKJNVD8N2YXOCJPN&marketplace=FLIPKART&q=smart+phones&store=tyy%2F4io&srno=s_12_270&otracker=search&fm=organic&iid=ce657827-d558-4eb4-847b-512d1eca401d.MOBH89EKJNVD8N2Y.SEARCH&ppt=None&ppn=None&ssid=7fx6uk5wuo0000001786338209574&qH=a5594894156db043&ov_redirect=true,2026-08-10
271,"OnePlus Nord CE6 (Pitch Black, 256 GB)",OnePlus,38400,43999,12% off,4.5,750,57,8 GB RAM,256 GB ROM,8000 mAh Battery,Qualcomm® Snapdragon™ 7s Gen 4 Processor,17.22 cm (6.78 inch) Full HD+ Display,50MP Rear Camera | 2MP Front Camera,,https://www.flipkart.com/oneplus-nord-ce6-pitch-black-256-gb/p/itmd7b224b18cb05?pid=MOBHN8FJGG2GYWA9&lid=LSTMOBHN8FJGG2GYWA94K92NB&marketplace=FLIPKART&q=smart+phones&store=tyy%2F4io&srno=s_12_271&otracker=search&fm=organic&iid=ce657827-d558-4eb4-847b-512d1eca401d.MOBHN8FJGG2GYWA9.SEARCH&ppt=None&ppn=None&ssid=7fx6uk5wuo0000001786338209574&qH=a5594894156db043&ov_redirect=true,2026-08-10
272,"OnePlus Nord CE6 (Fresh Blue, 256 GB)",OnePlus,38400,43999,12% off,4.5,750,57,8 GB RAM,256 GB ROM,8000 mAh Battery,Qualcomm® Snapdragon™ 7s Gen 4 Processor,17.22 cm (6.78 inch) Full HD+ Display,50MP Rear Camera | 2MP Front Camera,,https://www.flipkart.com/oneplus-nord-ce6-fresh-blue-256-gb/p/itmd7b224b18cb05?pid=MOBHN84MXDPKEUBU&lid=LSTMOBHN84MXDPKEUBUUWOCTG&marketplace=FLIPKART&q=smart+phones&store=tyy%2F4io&srno=s_12_272&otracker=search&fm=organic&iid=ce657827-d558-4eb4-847b-512d1eca401d.MOBHN84MXDPKEUBU.SEARCH&ppt=None&ppn=None&ssid=7fx6uk5wuo0000001786338209574&qH=a5594894156db043&ov_redirect=true,2026-08-10
273,"realme P4x 5G (Matte Silver, 128 GB)",realme,23499,43999,46% off,4.3,"7,506",637,8 GB RAM,128 GB ROM,7000 mAh Battery,Dimensity 7400 Ultra Processor,17.07 cm (6.72 inch) Full HD+ Display,50MP + 2MP | 8MP Front Camera,,https://www.flipkart.com/realme-p4x-5g-matte-silver-128-gb/p/itm575b1540859e4?pid=MOBHN7A8HYC9BPAU&lid=LSTMOBHN7A8HYC9BPAUEQNPRK&marketplace=FLIPKART&q=smart+phones&store=tyy%2F4io&srno=s_12_273&otracker=search&fm=organic&iid=ce657827-d558-4eb4-847b-512d1eca401d.MOBHN7A8HYC9BPAU.SEARCH&ppt=None&ppn=None&ssid=7fx6uk5wuo0000001786338209574&qH=a5594894156db043&ov_redirect=true,2026-08-10
274,"Ai+ Nova 2 Pro 5G (Green, 128 GB)",Ai+,16999,22999,26% off,4,503,61,8 GB RAM,128 GB ROM,6000 mAh Li-polymer Battery,Dimensity 7100 Processor,17.53 cm (6.9 inch) Full HD+ Display,48MP Rear Camera | 13MP Front Camera,,https://www.flipkart.com/ai-nova-2-pro-5g-green-128-gb/p/itm0f17f22a021f7?pid=MOBHZ8ZMF5EZCTBR&lid=LSTMOBHZ8ZMF5EZCTBR0IZWIH&marketplace=FLIPKART&q=smart+phones&store=tyy%2F4io&srno=s_12_274&otracker=search&fm=organic&iid=ce657827-d558-4eb4-847b-512d1eca401d.MOBHZ8ZMF5EZCTBR.SEARCH&ppt=None&ppn=None&ssid=7fx6uk5wuo0000001786338209574&qH=a5594894156db043&ov_redirect=true,2026-08-10
275,"realme 15 5G (Velvet Green, 256 GB)",realme,31999,,,4.4,"10,921","1,170",8 GB RAM,256 GB ROM,7000 mAh Battery,Mediatek Dimensity 7300+ 5G Processor,17.27 cm (6.8 inch) Display,50MP + 8MP | 50MP Front Camera,5G,https://www.flipkart.com/realme-15-5g-velvet-green-256-gb/p/itme9581fbd0e97a?pid=MOBHDUKFHZJFVZXG&lid=LSTMOBHDUKFHZJFVZXGYVEKNC&marketplace=FLIPKART&q=smart+phones&store=tyy%2F4io&srno=s_12_275&otracker=search&fm=organic&iid=ce657827-d558-4eb4-847b-512d1eca401d.MOBHDUKFHZJFVZXG.SEARCH&ppt=None&ppn=None&ssid=7fx6uk5wuo0000001786338209574&qH=a5594894156db043&ov_redirect=true,2026-08-10
276,"realme 15 5G (Flowing Silver, 128 GB)",realme,29999,,,4.4,"10,921","1,170",8 GB RAM,128 GB ROM,7000 mAh Battery,Mediatek Dimensity 7300+ 5G Processor,17.27 cm (6.8 inch) Full HD+ Display,50MP + 8MP | 50MP Front Camera,5G,https://www.flipkart.com/realme-15-5g-flowing-silver-128-gb/p/itme9581fbd0e97a?pid=MOBHDUKFNGK33R2M&lid=LSTMOBHDUKFNGK33R2MQAHREZ&marketplace=FLIPKART&q=smart+phones&store=tyy%2F4io&srno=s_12_276&otracker=search&fm=organic&iid=ce657827-d558-4eb4-847b-512d1eca401d.MOBHDUKFNGK33R2M.SEARCH&ppt=None&ppn=None&ssid=7fx6uk5wuo0000001786338209574&qH=a5594894156db043&ov_redirect=true,2026-08-10
277,"realme 15 5G (Silk Pink, 128 GB)",realme,29999,,,4.4,"10,921","1,170",8 GB RAM,128 GB ROM,7000 mAh Battery,Mediatek Dimensity 7300+ 5G Processor,17.27 cm (6.8 inch) Full HD+ Display,50MP + 8MP | 50MP Front Camera,5G,https://www.flipkart.com/realme-15-5g-silk-pink-128-gb/p/itme9581fbd0e97a?pid=MOBHDUKFCAYHHEPN&lid=LSTMOBHDUKFCAYHHEPNV0U5CZ&marketplace=FLIPKART&q=smart+phones&store=tyy%2F4io&srno=s_12_277&otracker=search&fm=organic&iid=ce657827-d558-4eb4-847b-512d1eca401d.MOBHDUKFCAYHHEPN.SEARCH&ppt=None&ppn=None&ssid=7fx6uk5wuo0000001786338209574&qH=a5594894156db043&ov_redirect=true,2026-08-10
278,"Alcatel V3 Classic 5G (Cosmic Grey, 128 GB)",Alcatel,14490,19999,27% off,4,606,261,6 GB RAM,128 GB ROM,5200 mAh Battery,Dimensity 6300 Processor,16.94 cm (6.67 inch) HD+ Display,50MP Dual Camera | 8MP Front Camera,,https://www.flipkart.com/alcatel-v3-classic-5g-cosmic-grey-128-gb/p/itmaf650adae59c3?pid=MOBHBH2GP4ZNXCRJ&lid=LSTMOBHBH2GP4ZNXCRJN7ILN3&marketplace=FLIPKART&q=smart+phones&store=tyy%2F4io&srno=s_12_278&otracker=search&fm=organic&iid=ce657827-d558-4eb4-847b-512d1eca401d.MOBHBH2GP4ZNXCRJ.SEARCH&ppt=None&ppn=None&ssid=7fx6uk5wuo0000001786338209574&qH=a5594894156db043&ov_redirect=true,2026-08-10
279,"Ai+ Nova 2 Pro 5G (Blue, 128 GB)",Ai+,15999,21999,27% off,4.1,876,110,6 GB RAM,128 GB ROM,6000 mAh Li-polymer Battery,Dimensity 7100 Processor,17.53 cm (6.9 inch) Full HD+ Display,48MP Rear Camera | 13MP Front Camera,,https://www.flipkart.com/ai-nova-2-pro-5g-blue-128-gb/p/itmfcb5acce99b5c?pid=MOBHZ8ZMMPVZHE89&lid=LSTMOBHZ8ZMMPVZHE89QJCATC&marketplace=FLIPKART&q=smart+phones&store=tyy%2F4io&srno=s_12_279&otracker=search&fm=organic&iid=ce657827-d558-4eb4-847b-512d1eca401d.MOBHZ8ZMMPVZHE89.SEARCH&ppt=None&ppn=None&ssid=7fx6uk5wuo0000001786338209574&qH=a5594894156db043&ov_redirect=true,2026-08-10
280,"Samsung Galaxy S25 5G (Navy, 256 GB)",Samsung,68999,80999,14% off,4.6,"5,495",680,12 GB RAM,256 GB ROM,4000 mAh Battery,8 Elite for Galaxy Processor,15.75 cm (6.2 inch) Full HD+ Display,50MP + 10MP + 12MP | 12MP Front Camera,,https://www.flipkart.com/samsung-galaxy-s25-5g-navy-256-gb/p/itm277a7d1824e44?pid=MOBH8K8U4ZPHSNKK&lid=LSTMOBH8K8U4ZPHSNKKGKHZNG&marketplace=FLIPKART&q=smart+phones&store=tyy%2F4io&srno=s_12_280&otracker=search&fm=organic&iid=ce657827-d558-4eb4-847b-512d1eca401d.MOBH8K8U4ZPHSNKK.SEARCH&ppt=None&ppn=None&ssid=7fx6uk5wuo0000001786338209574&qH=a5594894156db043&ov_redirect=true,2026-08-10
281,"OnePlus Nord CE6 Lite (Vivid Mint, 256 GB)",OnePlus,31709,36999,14% off,4.3,548,34,8 GB RAM,256 GB ROM,7000 mAh Battery,MediaTek Dimensity 7400 Apex Processor,17.07 cm (6.72 inch) Full HD+ Display,50MP Rear Camera | 8MP Front Camera,,https://www.flipkart.com/oneplus-nord-ce6-lite-vivid-mint-256-gb/p/itm21e965b5b799d?pid=MOBHN8AB2JFD45AG&lid=LSTMOBHN8AB2JFD45AGBJITJM&marketplace=FLIPKART&q=smart+phones&store=tyy%2F4io&srno=s_12_281&otracker=search&fm=organic&iid=ce657827-d558-4eb4-847b-512d1eca401d.MOBHN8AB2JFD45AG.SEARCH&ppt=None&ppn=None&ssid=7fx6uk5wuo0000001786338209574&qH=a5594894156db043&ov_redirect=true,2026-08-10
282,"realme 15 5G (Silk Pink, 256 GB)",realme,31999,,,4.4,"10,921","1,170",8 GB RAM,256 GB ROM,7000 mAh Battery,Mediatek Dimensity 7300+ 5G Processor,17.27 cm (6.8 inch) Full HD+ Display,50MP + 8MP | 50MP Front Camera,5G,https://www.flipkart.com/realme-15-5g-silk-pink-256-gb/p/itme9581fbd0e97a?pid=MOBHDUKFZF7UPZZZ&lid=LSTMOBHDUKFZF7UPZZZO3KP85&marketplace=FLIPKART&q=smart+phones&store=tyy%2F4io&srno=s_12_282&otracker=search&fm=organic&iid=ce657827-d558-4eb4-847b-512d1eca401d.MOBHDUKFZF7UPZZZ.SEARCH&ppt=None&ppn=None&ssid=7fx6uk5wuo0000001786338209574&qH=a5594894156db043&ov_redirect=true,2026-08-10
283,"Ai+ Nova 2 Neo 5G (Blue, 128 GB)",Ai+,15999,19999,20% off,4.2,481,44,6 GB RAM,128 GB ROM,6000 mAh Li-polymer Battery,Dimensity 6300 Processor,17.13 cm (6.745 inch) HD+ Display,48MP Rear Camera | 8MP Front Camera,,https://www.flipkart.com/ai-nova-2-neo-5g-blue-128-gb/p/itmbe9c32c02c347?pid=MOBHZ8ZMMVSHPYKG&lid=LSTMOBHZ8ZMMVSHPYKGK2DZD5&marketplace=FLIPKART&q=smart+phones&store=tyy%2F4io&srno=s_12_283&otracker=search&fm=organic&iid=ce657827-d558-4eb4-847b-512d1eca401d.MOBHZ8ZMMVSHPYKG.SEARCH&ppt=None&ppn=None&ssid=7fx6uk5wuo0000001786338209574&qH=a5594894156db043&ov_redirect=true,2026-08-10
284,"POCO X7 5G (Cosmic Silver, 256 GB)",POCO,19999,27999,28% off,4.3,"28,916","2,670",8 GB RAM,256 GB ROM,5500 mAh Battery,Dimensity 7300 Ultra Processor,16.94 cm (6.67 inch) Full HD+ Display,50MP + 8MP + 2MP | 20MP Front Camera,,https://www.flipkart.com/poco-x7-5g-cosmic-silver-256-gb/p/itmdfee46549bede?pid=MOBH7YZ9DHHSMGHN&lid=LSTMOBH7YZ9DHHSMGHNLSVOU3&marketplace=FLIPKART&q=smart+phones&store=tyy%2F4io&srno=s_12_284&otracker=search&fm=organic&iid=ce657827-d558-4eb4-847b-512d1eca401d.MOBH7YZ9DHHSMGHN.SEARCH&ppt=None&ppn=None&ssid=7fx6uk5wuo0000001786338209574&qH=a5594894156db043&ov_redirect=true,2026-08-10
285,"realme Narzo 100 Lite 5G (Frost Silver, 64 GB)",realme,15782,24999,36% off,4.2,"1,093",50,4 GB RAM,64 GB ROM,7000 mAh Battery,Dimensity 6300 MT6835 Processor,17.27 cm (6.8 inch) HD+ Display,13MP Rear Camera | 5MP Front Camera,,https://www.flipkart.com/realme-narzo-100-lite-5g-frost-silver-64-gb/p/itm659398bfe469c?pid=MOBHMZ3SPJZGNYQR&lid=LSTMOBHMZ3SPJZGNYQR0LNETD&marketplace=FLIPKART&q=smart+phones&store=tyy%2F4io&srno=s_12_285&otracker=search&fm=organic&iid=ce657827-d558-4eb4-847b-512d1eca401d.MOBHMZ3SPJZGNYQR.SEARCH&ppt=None&ppn=None&ssid=7fx6uk5wuo0000001786338209574&qH=a5594894156db043&ov_redirect=true,2026-08-10
286,"MOTOROLA Edge 60 Fusion 5G (PANTONE Amazonite, 256 GB)",MOTOROLA,24999,25999,3% off,4.4,"1,25,368","8,750",8 GB RAM,256 GB ROM,5500 mAh Battery,Dimensity 7400 Processor,16.94 cm (6.67 inch) Quad HD+ Display,50MP + 13MP | 32MP Front Camera,,https://www.flipkart.com/motorola-edge-60-fusion-5g-pantone-amazonite-256-gb/p/itm9218b12ff853f?pid=MOBH9ARFPVNU7QNU&lid=LSTMOBH9ARFPVNU7QNU36Q1QX&marketplace=FLIPKART&q=smart+phones&store=tyy%2F4io&srno=s_12_286&otracker=search&fm=organic&iid=ce657827-d558-4eb4-847b-512d1eca401d.MOBH9ARFPVNU7QNU.SEARCH&ppt=None&ppn=None&ssid=7fx6uk5wuo0000001786338209574&qH=a5594894156db043&ov_redirect=true,2026-08-10
287,"OnePlus Nord CE6 Lite (Vivid Mint, 128 GB)",OnePlus,26682,31999,16% off,4.3,"1,036",81,6 GB RAM,128 GB ROM,7000 mAh Battery,Mediatek Dimensity 7400 Processor,17.07 cm (6.72 inch) Full HD+ Display,50MP Rear Camera | 8MP Front Camera,,https://www.flipkart.com/oneplus-nord-ce6-lite-vivid-mint-128-gb/p/itm21e965b5b799d?pid=MOBHN8CVXZNTVTKZ&lid=LSTMOBHN8CVXZNTVTKZWGKI16&marketplace=FLIPKART&q=smart+phones&store=tyy%2F4io&srno=s_12_287&otracker=search&fm=organic&iid=ce657827-d558-4eb4-847b-512d1eca401d.MOBHN8CVXZNTVTKZ.SEARCH&ppt=None&ppn=None&ssid=7fx6uk5wuo0000001786338209574&qH=a5594894156db043&ov_redirect=true,2026-08-10
288,"realme P4x 5G (Elegant Pink, 128 GB)",realme,21999,38999,43% off,4.3,"14,006","1,192",6 GB RAM,128 GB ROM,7000 mAh Battery,Dimensity 7400 Ultra Processor,17.07 cm (6.72 inch) Full HD+ Display,50MP + 2MP | 8MP Front Camera,,https://www.flipkart.com/realme-p4x-5g-elegant-pink-128-gb/p/itm575b1540859e4?pid=MOBHN7A8GXPNGYW4&lid=LSTMOBHN7A8GXPNGYW46JFEQO&marketplace=FLIPKART&q=smart+phones&store=tyy%2F4io&srno=s_12_288&otracker=search&fm=organic&iid=ce657827-d558-4eb4-847b-512d1eca401d.MOBHN7A8GXPNGYW4.SEARCH&ppt=None&ppn=None&ssid=7fx6uk5wuo0000001786338209574&qH=a5594894156db043&ov_redirect=true,2026-08-10
289,"Samsung M36 5G (Velvet Black / Black, 128 GB)",Samsung,23820,26999,11% off,4.1,"1,530",133,8 GB RAM,128 GB ROM,5000 mAh Battery,,17.02 cm (6.7 inch) Display,50MP Rear Camera,,https://www.flipkart.com/samsung-m36-5g-velvet-black-black-128-gb/p/itm74130a5a313b6?pid=MOBHEYY2PZTXHNZQ&lid=LSTMOBHEYY2PZTXHNZQTR4PRY&marketplace=FLIPKART&q=smart+phones&store=tyy%2F4io&srno=s_13_289&otracker=search&fm=organic&iid=f15361a0-23ea-4dbc-8d9e-1f3532e2fdcd.MOBHEYY2PZTXHNZQ.SEARCH&ppt=None&ppn=None&ssid=nwvp38zpds0000001786338212758&qH=a5594894156db043&ov_redirect=true,2026-08-10
290,"realme GT 7T (Racing Yellow, 256 GB)",realme,32999,39999,17% off,4.3,"2,489",312,8 GB RAM,256 GB ROM,7000 mAh Li-ion Battery,Dimensity 8400-MAX Processor,17.27 cm (6.8 inch) Full HD+ AMOLED Display,50MP + 8MP | 32MP Front Camera,,https://www.flipkart.com/realme-gt-7t-racing-yellow-256-gb/p/itmda26d662ee28e?pid=MOBHFQ6DKHFCRZDX&lid=LSTMOBHFQ6DKHFCRZDXOOEMRS&marketplace=FLIPKART&q=smart+phones&store=tyy%2F4io&srno=s_13_290&otracker=search&fm=organic&iid=f15361a0-23ea-4dbc-8d9e-1f3532e2fdcd.MOBHFQ6DKHFCRZDX.SEARCH&ppt=None&ppn=None&ssid=nwvp38zpds0000001786338212758&qH=a5594894156db043&ov_redirect=true,2026-08-10
291,"Nothing Phone (4b) (Blue, 128 GB)",Nothing,34999,54999,36% off,4.4,773,66,8 GB RAM,128 GB ROM,6000 mAh Lithium ion Battery,6 Gen 4 Processor,17.2 cm (6.77 inch) Full HD+ AMOLED Display,50MP + 8MP | 16MP Front Camera,,https://www.flipkart.com/nothing-phone-4b-blue-128-gb/p/itm939608b40adbb?pid=MOBHZMBD9WNP9HHB&lid=LSTMOBHZMBD9WNP9HHBUJTCGV&marketplace=FLIPKART&q=smart+phones&store=tyy%2F4io&srno=s_13_291&otracker=search&fm=organic&iid=en_phal2dnU4GHhlTyqbZ8PWP-sZaHut6r-gH-dMvquPSIR7m31uboRuqgPX80j2JFCtphJEViWk9b5gLdO-3tqiicklTj0v47wxp1V6AYCw6CZmBLfY-0TTudCa2urRMcr&ppt=None&ppn=None&ssid=nwvp38zpds0000001786338212758&qH=a5594894156db043&ov_redirect=true,2026-08-10
292,"vivo X200T (Stellar Black, 256 GB)",vivo,59999,80000,25% off,4.6,"7,663","1,531",12 GB RAM,256 GB ROM,6200 mAh Battery,Dimensity 9400+ Processor,16.94 cm (6.67 inch) Full HD+ AMOLED Display,50MP + 50MP + 50MP | 32MP Front Camera,,https://www.flipkart.com/vivo-x200t-stellar-black-256-gb/p/itm1b8452d68859b?pid=MOBHJK5MBRDS3GUQ&lid=LSTMOBHJK5MBRDS3GUQWMQNUP&marketplace=FLIPKART&q=smart+phones&store=tyy%2F4io&srno=s_13_292&otracker=search&fm=organic&iid=en_phal2dnU4GHhlTyqbZ8PWP-sZaHut6r-gH-dMvquPSKrXOcgegEVSx7jtWotOD5qk4Pns45RtafA_s9bzBX_feaVsfQpjYwoxtKUfFby9ZRSMloxKzzpUPhJGiDsdIlW&ppt=None&ppn=None&ssid=nwvp38zpds0000001786338212758&qH=a5594894156db043&ov_redirect=true,2026-08-10
293,"REDMI Turbo 5 5G (Nitro Blue, 256 GB)",REDMI,40988,57999,29% off,5,3,1,12 GB RAM,256 GB ROM,7540 mAh Battery,,16.74 cm (6.59 inch) Display,50MP Rear Camera,,https://www.flipkart.com/redmi-turbo-5-5g-nitro-blue-256-gb/p/itmd8266664918ee?pid=MOBHZHQBGVH7KZH3&lid=LSTMOBHZHQBGVH7KZH30CLIRY&marketplace=FLIPKART&q=smart+phones&store=tyy%2F4io&srno=s_13_293&otracker=search&fm=organic&iid=f15361a0-23ea-4dbc-8d9e-1f3532e2fdcd.MOBHZHQBGVH7KZH3.SEARCH&ppt=None&ppn=None&ssid=nwvp38zpds0000001786338212758&qH=a5594894156db043&ov_redirect=true,2026-08-10
294,"Samsung Galaxy M17e (Vibe Violet, 128 GB)",Samsung,15198,16999,10% off,4,625,58,4 GB RAM,128 GB ROM,6000 mAh Battery,MediaTek Dimensity Processor,17.02 cm (6.7 inch) Full HD+ Display,50MP Rear Camera | 2MP Front Camera,,https://www.flipkart.com/samsung-galaxy-m17e-vibe-violet-128-gb/p/itm1b5a0ea459581?pid=MOBHHQUDATUWHVGA&lid=LSTMOBHHQUDATUWHVGAMZFKWW&marketplace=FLIPKART&q=smart+phones&store=tyy%2F4io&srno=s_13_294&otracker=search&fm=organic&iid=f15361a0-23ea-4dbc-8d9e-1f3532e2fdcd.MOBHHQUDATUWHVGA.SEARCH&ppt=None&ppn=None&ssid=nwvp38zpds0000001786338212758&qH=a5594894156db043&ov_redirect=true,2026-08-10
295,"realme P4R 5G (Lavender Glare, 256 GB)",realme,24999,44999,44% off,4.4,"3,124",252,6 GB RAM,256 GB ROM,8000 mAh Lithium-ion polymer Battery,Dimensity 6300 Processor,17.27 cm (6.8 inch) HD+ Display,50MP Rear Camera | 8MP Front Camera,,https://www.flipkart.com/realme-p4r-5g-lavender-glare-256-gb/p/itmb42ae388c1ef6?pid=MOBHMYR3M5QYWBGD&lid=LSTMOBHMYR3M5QYWBGD8UMFRW&marketplace=FLIPKART&q=smart+phones&store=tyy%2F4io&srno=s_13_295&otracker=search&fm=organic&iid=f15361a0-23ea-4dbc-8d9e-1f3532e2fdcd.MOBHMYR3M5QYWBGD.SEARCH&ppt=None&ppn=None&ssid=nwvp38zpds0000001786338212758&qH=a5594894156db043&ov_redirect=true,2026-08-10
296,"realme P4 Power 5G (TransSilver, 128 GB)",realme,29999,32999,9% off,4.4,"7,066",740,8 GB RAM,128 GB ROM,10001 mAh Battery,Dimensity 7400 Ultra Processor,17.27 cm (6.8 inch) Full HD+ AMOLED Display,,,https://www.flipkart.com/realme-p4-power-5g-transsilver-128-gb/p/itm49784b322aad0?pid=MOBHJHSHMQDGQSAD&lid=LSTMOBHJHSHMQDGQSADIONHIC&marketplace=FLIPKART&q=smart+phones&store=tyy%2F4io&srno=s_13_296&otracker=search&fm=organic&iid=f15361a0-23ea-4dbc-8d9e-1f3532e2fdcd.MOBHJHSHMQDGQSAD.SEARCH&ppt=None&ppn=None&ssid=nwvp38zpds0000001786338212758&qH=a5594894156db043&ov_redirect=true,2026-08-10
297,"realme P4 Power 5G (TransSilver, 256 GB)",realme,31999,34999,8% off,4.4,"7,066",740,8 GB RAM,256 GB ROM,10001 mAh Battery,Dimensity 7400 Ultra Processor,17.27 cm (6.8 inch) Full HD+ AMOLED Display,,,https://www.flipkart.com/realme-p4-power-5g-transsilver-256-gb/p/itm49784b322aad0?pid=MOBHJHSHPRM435M6&lid=LSTMOBHJHSHPRM435M6RW2YDE&marketplace=FLIPKART&q=smart+phones&store=tyy%2F4io&srno=s_13_297&otracker=search&fm=organic&iid=f15361a0-23ea-4dbc-8d9e-1f3532e2fdcd.MOBHJHSHPRM435M6.SEARCH&ppt=None&ppn=None&ssid=nwvp38zpds0000001786338212758&qH=a5594894156db043&ov_redirect=true,2026-08-10
298,"realme 15 5G (Flowing Silver, 256 GB)",realme,33999,34999,2% off,4.4,584,68,12 GB RAM,256 GB ROM,7000 mAh Battery,Mediatek Dimensity 7300+ 5G Processor,17.27 cm (6.8 inch) Display,50MP + 8MP | 50MP Front Camera,5G,https://www.flipkart.com/realme-15-5g-flowing-silver-256-gb/p/itme9581fbd0e97a?pid=MOBHDUKFZ6BZGZZV&lid=LSTMOBHDUKFZ6BZGZZVVYDOTZ&marketplace=FLIPKART&q=smart+phones&store=tyy%2F4io&srno=s_13_298&otracker=search&fm=organic&iid=f15361a0-23ea-4dbc-8d9e-1f3532e2fdcd.MOBHDUKFZ6BZGZZV.SEARCH&ppt=None&ppn=None&ssid=nwvp38zpds0000001786338212758&qH=a5594894156db043&ov_redirect=true,2026-08-10
299,"REDMI Turbo 5 5G (Nitro Blue, 256 GB)",REDMI,37738,54999,31% off,4.6,19,4,8 GB RAM,256 GB ROM,7540 mAh Battery,,16.74 cm (6.59 inch) Display,50MP Rear Camera,,https://www.flipkart.com/redmi-turbo-5-5g-nitro-blue-256-gb/p/itmd8266664918ee?pid=MOBHZHQEGZJFKXRX&lid=LSTMOBHZHQEGZJFKXRXJFWUW7&marketplace=FLIPKART&q=smart+phones&store=tyy%2F4io&srno=s_13_299&otracker=search&fm=organic&iid=f15361a0-23ea-4dbc-8d9e-1f3532e2fdcd.MOBHZHQEGZJFKXRX.SEARCH&ppt=None&ppn=None&ssid=nwvp38zpds0000001786338212758&qH=a5594894156db043&ov_redirect=true,2026-08-10
300,"HMD VIBE2 5G (Cosmic Lavender, 128 GB)",HMD,18999,24999,24% off,4.3,329,18,6 GB RAM,128 GB ROM,6000 mAh Li-Poly Battery,,17.02 cm (6.7 inch) HD+ Display,50MP Rear Camera | 8MP Front Camera,,https://www.flipkart.com/hmd-vibe2-5g-cosmic-lavender-128-gb/p/itm71c3ae6df2a26?pid=MOBHNS6YEGVY7BH6&lid=LSTMOBHNS6YEGVY7BH6AORVCM&marketplace=FLIPKART&q=smart+phones&store=tyy%2F4io&srno=s_13_300&otracker=search&fm=organic&iid=f15361a0-23ea-4dbc-8d9e-1f3532e2fdcd.MOBHNS6YEGVY7BH6.SEARCH&ppt=None&ppn=None&ssid=nwvp38zpds0000001786338212758&qH=a5594894156db043&ov_redirect=true,2026-08-10
301,"Samsung Galaxy M06 5G (Sage Green, 64 GB)",Samsung,13760,14999,8% off,4.2,"1,416",104,4 GB RAM,64 GB ROM,5000 mAh Battery,,17.02 cm (6.7 inch) Display,50MP Rear Camera,,https://www.flipkart.com/samsung-galaxy-m06-5g-sage-green-64-gb/p/itm0c7e356cd6ad6?pid=MOBHCTXH9NNZEUVH&lid=LSTMOBHCTXH9NNZEUVHS2GLJI&marketplace=FLIPKART&q=smart+phones&store=tyy%2F4io&srno=s_13_301&otracker=search&fm=organic&iid=f15361a0-23ea-4dbc-8d9e-1f3532e2fdcd.MOBHCTXH9NNZEUVH.SEARCH&ppt=None&ppn=None&ssid=nwvp38zpds0000001786338212758&qH=a5594894156db043&ov_redirect=true,2026-08-10
302,"realme C100x (Golden Coast, 64 GB)",realme,14999,29999,50% off,4,62,10,4 GB RAM,64 GB ROM,8000 mAh Battery,T7250 Processor,17.27 cm (6.8 inch) HD+ Display,50MP Rear Camera | 5MP Front Camera,,https://www.flipkart.com/realme-c100x-golden-coast-64-gb/p/itm488eb4026680c?pid=MOBHZMDTJ8MRNENF&lid=LSTMOBHZMDTJ8MRNENF0B9EB3&marketplace=FLIPKART&q=smart+phones&store=tyy%2F4io&srno=s_13_302&otracker=search&fm=organic&iid=f15361a0-23ea-4dbc-8d9e-1f3532e2fdcd.MOBHZMDTJ8MRNENF.SEARCH&ppt=None&ppn=None&ssid=nwvp38zpds0000001786338212758&qH=a5594894156db043&ov_redirect=true,2026-08-10
303,"realme P4x 5G (Elegant Pink, 128 GB)",realme,23499,43999,46% off,4.3,"7,506",637,8 GB RAM,128 GB ROM,7000 mAh Battery,Dimensity 7400 Ultra Processor,17.07 cm (6.72 inch) Full HD+ Display,50MP + 2MP | 8MP Front Camera,,https://www.flipkart.com/realme-p4x-5g-elegant-pink-128-gb/p/itm575b1540859e4?pid=MOBHN7A8XGT43KXX&lid=LSTMOBHN7A8XGT43KXXKP2QSR&marketplace=FLIPKART&q=smart+phones&store=tyy%2F4io&srno=s_13_303&otracker=search&fm=organic&iid=f15361a0-23ea-4dbc-8d9e-1f3532e2fdcd.MOBHN7A8XGT43KXX.SEARCH&ppt=None&ppn=None&ssid=nwvp38zpds0000001786338212758&qH=a5594894156db043&ov_redirect=true,2026-08-10
304,"realme GT 7T (IceSense Black, 512 GB)",realme,37499,46999,20% off,4.4,"3,750",510,12 GB RAM,512 GB ROM,7000 mAh Li-ion Battery,Dimensity 8400-MAX Processor,17.27 cm (6.8 inch) Full HD+ AMOLED Display,50MP + 8MP | 32MP Front Camera,,https://www.flipkart.com/realme-gt-7t-icesense-black-512-gb/p/itmda26d662ee28e?pid=MOBHFQ6DKXGTFCUT&lid=LSTMOBHFQ6DKXGTFCUTUQHNLM&marketplace=FLIPKART&q=smart+phones&store=tyy%2F4io&srno=s_13_304&otracker=search&fm=organic&iid=f15361a0-23ea-4dbc-8d9e-1f3532e2fdcd.MOBHFQ6DKXGTFCUT.SEARCH&ppt=None&ppn=None&ssid=nwvp38zpds0000001786338212758&qH=a5594894156db043&ov_redirect=true,2026-08-10
305,"realme GT 7T (Racing Yellow, 256 GB)",realme,34499,42999,19% off,4.4,"3,750",510,12 GB RAM,256 GB ROM,7000 mAh Li-ion Battery,Dimensity 8400-MAX Processor,17.27 cm (6.8 inch) Full HD+ AMOLED Display,50MP + 8MP | 32MP Front Camera,,https://www.flipkart.com/realme-gt-7t-racing-yellow-256-gb/p/itmda26d662ee28e?pid=MOBHFQ6DSMZZDYZG&lid=LSTMOBHFQ6DSMZZDYZGJFCU50&marketplace=FLIPKART&q=smart+phones&store=tyy%2F4io&srno=s_13_305&otracker=search&fm=organic&iid=f15361a0-23ea-4dbc-8d9e-1f3532e2fdcd.MOBHFQ6DSMZZDYZG.SEARCH&ppt=None&ppn=None&ssid=nwvp38zpds0000001786338212758&qH=a5594894156db043&ov_redirect=true,2026-08-10
306,"realme GT 7T (IceSense Blue, 256 GB)",realme,34499,42999,19% off,4.4,"3,750",510,12 GB RAM,256 GB ROM,7000 mAh Li-ion Battery,Dimensity 8400-MAX Processor,17.27 cm (6.8 inch) Full HD+ AMOLED Display,50MP + 8MP | 32MP Front Camera,,https://www.flipkart.com/realme-gt-7t-icesense-blue-256-gb/p/itmda26d662ee28e?pid=MOBHFQ6D4U7MZHFR&lid=LSTMOBHFQ6D4U7MZHFR2COVJJ&marketplace=FLIPKART&q=smart+phones&store=tyy%2F4io&srno=s_13_306&otracker=search&fm=organic&iid=f15361a0-23ea-4dbc-8d9e-1f3532e2fdcd.MOBHFQ6D4U7MZHFR.SEARCH&ppt=None&ppn=None&ssid=nwvp38zpds0000001786338212758&qH=a5594894156db043&ov_redirect=true,2026-08-10
307,"realme Narzo 100x 5g (Midnight Black, 256 GB)",realme,24598,39999,38% off,4.3,10,1,6 GB RAM,256 GB ROM,8000 mAh Battery,MediaTek Dimensity 6300 Processor,17.3 cm (6.81 inch) HD+ Display,,,https://www.flipkart.com/realme-narzo-100x-5g-midnight-black-256-gb/p/itm66836fc8ecc5e?pid=MOBHPJG4RXUMMSF8&lid=LSTMOBHPJG4RXUMMSF8XIQES2&marketplace=FLIPKART&q=smart+phones&store=tyy%2F4io&srno=s_13_307&otracker=search&fm=organic&iid=f15361a0-23ea-4dbc-8d9e-1f3532e2fdcd.MOBHPJG4RXUMMSF8.SEARCH&ppt=None&ppn=None&ssid=nwvp38zpds0000001786338212758&qH=a5594894156db043&ov_redirect=true,2026-08-10
308,"realme Narzo 100x 5g (Flash Orange, 256 GB)",realme,24999,39999,37% off,4.3,10,1,6 GB RAM,256 GB ROM,8000 mAh Battery,MediaTek Dimensity 6300 Processor,17.3 cm (6.81 inch) HD+ Display,,,https://www.flipkart.com/realme-narzo-100x-5g-flash-orange-256-gb/p/itm66836fc8ecc5e?pid=MOBHPJG6RCZ8PKC8&lid=LSTMOBHPJG6RCZ8PKC8NIFVUI&marketplace=FLIPKART&q=smart+phones&store=tyy%2F4io&srno=s_13_308&otracker=search&fm=organic&iid=f15361a0-23ea-4dbc-8d9e-1f3532e2fdcd.MOBHPJG6RCZ8PKC8.SEARCH&ppt=None&ppn=None&ssid=nwvp38zpds0000001786338212758&qH=a5594894156db043&ov_redirect=true,2026-08-10
309,"POCO C85x (Sunset Gold, 128 GB)",POCO,14999,21999,31% off,4.2,"5,067",654,4 GB RAM,128 GB ROM,6300 mAh Lithium-Ion Polymer Battery,T8300 Processor,17.53 cm (6.9 inch) HD+ Display,32MP Rear Camera,,https://www.flipkart.com/poco-c85x-sunset-gold-128-gb/p/itm5e970a19e6ad3?pid=MOBHMGG5BR94DQRY&lid=LSTMOBHMGG5BR94DQRY8N6NYY&marketplace=FLIPKART&q=smart+phones&store=tyy%2F4io&srno=s_13_309&otracker=search&fm=organic&iid=f15361a0-23ea-4dbc-8d9e-1f3532e2fdcd.MOBHMGG5BR94DQRY.SEARCH&ppt=None&ppn=None&ssid=nwvp38zpds0000001786338212758&qH=a5594894156db043&ov_redirect=true,2026-08-10
310,"MOTOROLA Signature (PANTONE Carbon, 512 GB)",MOTOROLA,62499,79999,21% off,4.5,925,173,16 GB RAM,512 GB ROM,5200 mAh Battery,Snapdragon 8 Gen 5 Processor,17.27 cm (6.8 inch) Super HD Display,50MP + 50MP + 50MP | 50MP Front Camera,,https://www.flipkart.com/motorola-signature-pantone-carbon-512-gb/p/itm5cf2347de817a?pid=MOBHGVJYGVP6G2NY&lid=LSTMOBHGVJYGVP6G2NYNYYTRM&marketplace=FLIPKART&q=smart+phones&store=tyy%2F4io&srno=s_13_310&otracker=search&fm=organic&iid=f15361a0-23ea-4dbc-8d9e-1f3532e2fdcd.MOBHGVJYGVP6G2NY.SEARCH&ppt=None&ppn=None&ssid=nwvp38zpds0000001786338212758&qH=a5594894156db043&ov_redirect=true,2026-08-10
311,"IQOO Z11x 5G (Prismatic Green, 128 GB)",IQOO,25440,28999,12% off,4.3,908,65,6 GB RAM,128 GB ROM,7200 mAh Battery,,17.02 cm (6.7 inch) Display,50MP Rear Camera,,https://www.flipkart.com/iqoo-z11x-5g-prismatic-green-128-gb/p/itm8157cfb5645d4?pid=MOBHHHBTCWXSUNG5&lid=LSTMOBHHHBTCWXSUNG5DWNLPS&marketplace=FLIPKART&q=smart+phones&store=tyy%2F4io&srno=s_13_311&otracker=search&fm=organic&iid=f15361a0-23ea-4dbc-8d9e-1f3532e2fdcd.MOBHHHBTCWXSUNG5.SEARCH&ppt=None&ppn=None&ssid=nwvp38zpds0000001786338212758&qH=a5594894156db043&ov_redirect=true,2026-08-10
312,"IQOO Z11x 5G (Prismatic Green, 128 GB)",IQOO,28055,30999,9% off,4.4,"1,289",100,8 GB RAM,128 GB ROM,7200 mAh Battery,,17.02 cm (6.7 inch) Display,50MP Rear Camera,,https://www.flipkart.com/iqoo-z11x-5g-prismatic-green-128-gb/p/itm8157cfb5645d4?pid=MOBHHHBTGHWHZZWN&lid=LSTMOBHHHBTGHWHZZWNADHGSJ&marketplace=FLIPKART&q=smart+phones&store=tyy%2F4io&srno=s_13_312&otracker=search&fm=organic&iid=f15361a0-23ea-4dbc-8d9e-1f3532e2fdcd.MOBHHHBTGHWHZZWN.SEARCH&ppt=None&ppn=None&ssid=nwvp38zpds0000001786338212758&qH=a5594894156db043&ov_redirect=true,2026-08-10
