S.No,Product Name,Brand,Price,Original Price,Discount,Rating,Rating Count,Review Count,RAM,ROM,Battery,Processor,Display Size,Camera,Network Type,Product URL,Scraped Date
1,"Tecno Spark Go 3 (Titanium Grey, 64 GB)",Tecno,12499,15999,21% off,4.1,221,15,4 GB RAM,64 GB ROM,5000 mAh Lithium Polymer Battery,T7250 Processor,17.12 cm (6.74 inch) HD+ Display,13MP Rear Camera | 8MP Front Camera,,https://www.flipkart.com/tecno-spark-go-3-titanium-grey-64-gb/p/itma9c8f128a61c6?pid=MOBHP2QY7GH4XWWS&lid=LSTMOBHP2QY7GH4XWWSUZBT2N&marketplace=FLIPKART&q=smart+phones&store=tyy%2F4io&srno=s_1_1&otracker=search&fm=organic&iid=en_Sxzcx8HAw9mZcbT5FQq9yXs0PqyIeWdeCLpSKQj8lK2RX1wqIb9GqTeNOIgGt_V_xuSl-jfu2FRRD3-px9HFb2J3E9v4kQ-RZkdCrV9eB2CpPBSFgcxONNqMudibRkgM&ppt=None&ppn=None&ssid=i5vfxv1ftc0000001790850012287&qH=a5594894156db043&ov_redirect=true,2026-10-01
2,"Apple iPhone 16 (Black, 128 GB)",Apple,69900,,,4.6,"1,99,326","8,623",,,,"A18 Chip, 6 Core Processor Processor",15.49 cm (6.1 inch) Super Retina XDR Display,48MP + 12MP | 12MP Front Camera,,https://www.flipkart.com/apple-iphone-16-black-128-gb/p/itmb07d67f995271?pid=MOBH4DQFG8NKFRDY&lid=LSTMOBH4DQFG8NKFRDYNBDOZI&marketplace=FLIPKART&q=smart+phones&store=tyy%2F4io&srno=s_1_2&otracker=search&fm=organic&iid=140744d6-6b8c-4ccf-8b9b-ed50e9ea3e34.MOBH4DQFG8NKFRDY.SEARCH&ppt=None&ppn=None&ssid=i5vfxv1ftc0000001790850012287&qH=a5594894156db043&ov_redirect=true,2026-10-01
3,"BOLTT EVO (Berry Red, 64 GB)",BOLTT,9999,17999,44% off,4.4,"1,327",695,4 GB RAM,64 GB ROM,6000 mAh Lithium ion Battery,T7250 Processor,6.79'' HD+ punch hole display,50MP + 2MP | 8MP Front Camera,,https://www.flipkart.com/boltt-evo-berry-red-64-gb/p/itmf046d663a1fd7?pid=MOBHPP598ENKRGBY&lid=LSTMOBHPP598ENKRGBYC3QECN&marketplace=FLIPKART&q=smart+phones&store=tyy%2F4io&srno=s_1_3&otracker=search&fm=organic&iid=140744d6-6b8c-4ccf-8b9b-ed50e9ea3e34.MOBHPP598ENKRGBY.SEARCH&ppt=None&ppn=None&ssid=i5vfxv1ftc0000001790850012287&qH=a5594894156db043&ov_redirect=true,2026-10-01
4,"Ai+ Pulse 2 (Purple, 64 GB)",Ai+,10999,,,4.1,"13,183",937,4 GB RAM,64 GB ROM,6000 mAh Battery,T7250 Processor,17.13 cm (6.745 inch) HD+ Display,50MP Rear Camera | 8MP Front Camera,,https://www.flipkart.com/ai-pulse-2-purple-64-gb/p/itmdc910ae2ff0c1?pid=MOBHKHPYQHGDVRTG&lid=LSTMOBHKHPYQHGDVRTGJBHZI8&marketplace=FLIPKART&q=smart+phones&store=tyy%2F4io&srno=s_1_4&otracker=search&fm=organic&iid=140744d6-6b8c-4ccf-8b9b-ed50e9ea3e34.MOBHKHPYQHGDVRTG.SEARCH&ppt=None&ppn=None&ssid=i5vfxv1ftc0000001790850012287&qH=a5594894156db043&ov_redirect=true,2026-10-01
5,"Apple iPhone 16 (Ultramarine, 128 GB)",Apple,69900,,,4.6,"1,99,326","8,623",,,,"A18 Chip, 6 Core Processor Processor",15.49 cm (6.1 inch) Super Retina XDR Display,48MP + 12MP | 12MP Front Camera,,https://www.flipkart.com/apple-iphone-16-ultramarine-128-gb/p/itmcc210cae43fba?pid=MOBH4DQFYZT6EH2F&lid=LSTMOBH4DQFYZT6EH2FXM70WU&marketplace=FLIPKART&q=smart+phones&store=tyy%2F4io&srno=s_1_5&otracker=search&fm=organic&iid=140744d6-6b8c-4ccf-8b9b-ed50e9ea3e34.MOBH4DQFYZT6EH2F.SEARCH&ppt=None&ppn=None&ssid=i5vfxv1ftc0000001790850012287&qH=a5594894156db043&ov_redirect=true,2026-10-01
6,"BOLTT EVO (Sky Blue, 128 GB)",BOLTT,11499,18999,39% off,3.9,"1,593",737,6 GB RAM,128 GB ROM,6000 mAh Lithium ion Battery,T7250 Processor,6.79'' HD+ punch hole display,50MP + 2MP | 8MP Front Camera,,https://www.flipkart.com/boltt-evo-sky-blue-128-gb/p/itmf046d663a1fd7?pid=MOBHPP59ME6SPCZW&lid=LSTMOBHPP59ME6SPCZWUW9RP3&marketplace=FLIPKART&q=smart+phones&store=tyy%2F4io&spotlightTagId=default_BestsellerId_tyy%2F4io&srno=s_1_6&otracker=search&fm=organic&iid=140744d6-6b8c-4ccf-8b9b-ed50e9ea3e34.MOBHPP59ME6SPCZW.SEARCH&ppt=None&ppn=None&ssid=i5vfxv1ftc0000001790850012287&qH=a5594894156db043&ov_redirect=true,2026-10-01
7,"Samsung M06 5G (Sage Green, 128 GB)",Samsung,15498,15499,,4.1,"6,275",429,4 GB RAM,128 GB ROM,5000 mAh Battery,,17.02 cm (6.7 inch) Display,50MP Rear Camera,,https://www.flipkart.com/samsung-m06-5g-sage-green-128-gb/p/itmcafa42dadc15c?pid=MOBH9UYFYVNKR3HR&lid=LSTMOBH9UYFYVNKR3HRIZOSGJ&marketplace=FLIPKART&q=smart+phones&store=tyy%2F4io&srno=s_1_7&otracker=search&fm=organic&iid=140744d6-6b8c-4ccf-8b9b-ed50e9ea3e34.MOBH9UYFYVNKR3HR.SEARCH&ppt=None&ppn=None&ssid=i5vfxv1ftc0000001790850012287&qH=a5594894156db043&ov_redirect=true,2026-10-01
8,"OnePlus Nord CE6 Lite (Hyper Black, 128 GB)",OnePlus,29313,33999,13% off,4.3,"1,168",75,8 GB RAM,128 GB ROM,7000 mAh Battery,Mediatek Dimensity 7400 Processor,17.07 cm (6.72 inch) Full HD+ Display,50MP Rear Camera | 8MP Front Camera,,https://www.flipkart.com/oneplus-nord-ce6-lite-hyper-black-128-gb/p/itm894a5599b758b?pid=MOBHN8CA4A6Z3KMZ&lid=LSTMOBHN8CA4A6Z3KMZLOO9M0&marketplace=FLIPKART&q=smart+phones&store=tyy%2F4io&srno=s_1_8&otracker=search&fm=organic&iid=140744d6-6b8c-4ccf-8b9b-ed50e9ea3e34.MOBHN8CA4A6Z3KMZ.SEARCH&ppt=None&ppn=None&ssid=i5vfxv1ftc0000001790850012287&qH=a5594894156db043&ov_redirect=true,2026-10-01
9,"POCO C85x 5G (Elite Black, 64 GB)",POCO,14999,20999,28% off,4.1,"5,797",795,4 GB RAM,64 GB ROM,6300 mAh Lithium-Ion Polymer Battery,T8300 Processor,17.53 cm (6.9 inch) HD+ Display,32MP Rear Camera,,https://www.flipkart.com/poco-c85x-5g-elite-black-64-gb/p/itmb6ec0fa7ab991?pid=MOBHMGG5SMZEFPTQ&lid=LSTMOBHMGG5SMZEFPTQ31I99O&marketplace=FLIPKART&q=smart+phones&store=tyy%2F4io&srno=s_1_9&otracker=search&fm=organic&iid=140744d6-6b8c-4ccf-8b9b-ed50e9ea3e34.MOBHMGG5SMZEFPTQ.SEARCH&ppt=None&ppn=None&ssid=i5vfxv1ftc0000001790850012287&qH=a5594894156db043&ov_redirect=true,2026-10-01
10,"BOLTT EVO (Sky Blue, 64 GB)",BOLTT,9999,17999,44% off,4.4,"1,327",695,4 GB RAM,64 GB ROM,6000 mAh Lithium ion Battery,T7250 Processor,6.79'' HD+ punch hole display,50MP + 2MP | 8MP Front Camera,,https://www.flipkart.com/boltt-evo-sky-blue-64-gb/p/itmf046d663a1fd7?pid=MOBHPP59WKSV4FYG&lid=LSTMOBHPP59WKSV4FYGYPMLV6&marketplace=FLIPKART&q=smart+phones&store=tyy%2F4io&srno=s_1_10&otracker=search&fm=organic&iid=140744d6-6b8c-4ccf-8b9b-ed50e9ea3e34.MOBHPP59WKSV4FYG.SEARCH&ppt=None&ppn=None&ssid=i5vfxv1ftc0000001790850012287&qH=a5594894156db043&ov_redirect=true,2026-10-01
11,"Ai+ Pulse 2 (Blue, 64 GB)",Ai+,10999,,,4.1,"13,183",937,4 GB RAM,64 GB ROM,6000 mAh Battery,T7250 Processor,17.13 cm (6.745 inch) HD+ Display,50MP Rear Camera | 8MP Front Camera,,https://www.flipkart.com/ai-pulse-2-blue-64-gb/p/itm9168504534079?pid=MOBHKHPYZFF8KUPC&lid=LSTMOBHKHPYZFF8KUPCODDALK&marketplace=FLIPKART&q=smart+phones&store=tyy%2F4io&srno=s_1_11&otracker=search&fm=organic&iid=140744d6-6b8c-4ccf-8b9b-ed50e9ea3e34.MOBHKHPYZFF8KUPC.SEARCH&ppt=None&ppn=None&ssid=i5vfxv1ftc0000001790850012287&qH=a5594894156db043&ov_redirect=true,2026-10-01
12,"BOLTT EVO (Lavender Bloom, 64 GB)",BOLTT,9999,17999,44% off,4.4,"1,327",695,4 GB RAM,64 GB ROM,6000 mAh Lithium ion Battery,T7250 Processor,6.79'' HD+ punch hole display,50MP + 2MP | 8MP Front Camera,,https://www.flipkart.com/boltt-evo-lavender-bloom-64-gb/p/itmf046d663a1fd7?pid=MOBHPP59AEJZHCVZ&lid=LSTMOBHPP59AEJZHCVZQQSXMU&marketplace=FLIPKART&q=smart+phones&store=tyy%2F4io&srno=s_1_12&otracker=search&fm=organic&iid=140744d6-6b8c-4ccf-8b9b-ed50e9ea3e34.MOBHPP59AEJZHCVZ.SEARCH&ppt=None&ppn=None&ssid=i5vfxv1ftc0000001790850012287&qH=a5594894156db043&ov_redirect=true,2026-10-01
13,"Ai+ Pulse 2 (Black, 64 GB)",Ai+,10999,,,4.1,"13,183",937,4 GB RAM,64 GB ROM,6000 mAh Battery,T7250 Processor,17.13 cm (6.745 inch) HD+ Display,50MP Rear Camera | 8MP Front Camera,,https://www.flipkart.com/ai-pulse-2-black-64-gb/p/itm7feca2e591fba?pid=MOBHKHPYGKYZ3YUN&lid=LSTMOBHKHPYGKYZ3YUNYJ4N4U&marketplace=FLIPKART&q=smart+phones&store=tyy%2F4io&srno=s_1_13&otracker=search&fm=organic&iid=140744d6-6b8c-4ccf-8b9b-ed50e9ea3e34.MOBHKHPYGKYZ3YUN.SEARCH&ppt=None&ppn=None&ssid=i5vfxv1ftc0000001790850012287&qH=a5594894156db043&ov_redirect=true,2026-10-01
14,"Ai+ Nova 2 Ultra 5G (Blue, 128 GB)",Ai+,21999,31999,31% off,4.1,"2,188",305,8 GB RAM,128 GB ROM,6000 mAh Li-polymer Battery,Dimensity 7400 Processor,17.22 cm (6.78 inch) Full HD+ AMOLED Display,50MP + 8MP | 13MP Front Camera,,https://www.flipkart.com/ai-nova-2-ultra-5g-blue-128-gb/p/itm73b7abaef2553?pid=MOBHZHUVQRR46GQR&lid=LSTMOBHZHUVQRR46GQRUACQWG&marketplace=FLIPKART&q=smart+phones&store=tyy%2F4io&srno=s_1_14&otracker=search&fm=organic&iid=140744d6-6b8c-4ccf-8b9b-ed50e9ea3e34.MOBHZHUVQRR46GQR.SEARCH&ppt=None&ppn=None&ssid=i5vfxv1ftc0000001790850012287&qH=a5594894156db043&ov_redirect=true,2026-10-01
15,"BOLTT EVO (Arctic White, 64 GB)",BOLTT,9999,17999,44% off,4.4,"1,327",695,4 GB RAM,64 GB ROM,6000 mAh Lithium ion Battery,T7250 Processor,6.79'' HD+ punch hole display,50MP + 2MP | 8MP Front Camera,,https://www.flipkart.com/boltt-evo-arctic-white-64-gb/p/itmf046d663a1fd7?pid=MOBHPP59BYSJ98M8&lid=LSTMOBHPP59BYSJ98M8RWYHGQ&marketplace=FLIPKART&q=smart+phones&store=tyy%2F4io&srno=s_1_15&otracker=search&fm=organic&iid=140744d6-6b8c-4ccf-8b9b-ed50e9ea3e34.MOBHPP59BYSJ98M8.SEARCH&ppt=None&ppn=None&ssid=i5vfxv1ftc0000001790850012287&qH=a5594894156db043&ov_redirect=true,2026-10-01
16,"BOLTT EVO (Arctic White, 128 GB)",BOLTT,11499,18999,39% off,3.9,"1,593",737,6 GB RAM,128 GB ROM,6000 mAh Lithium ion Battery,T7250 Processor,6.79'' HD+ punch hole display,50MP + 2MP | 8MP Front Camera,,https://www.flipkart.com/boltt-evo-arctic-white-128-gb/p/itmf046d663a1fd7?pid=MOBHPP59GKGTGZGA&lid=LSTMOBHPP59GKGTGZGAIEMNWG&marketplace=FLIPKART&q=smart+phones&store=tyy%2F4io&srno=s_1_16&otracker=search&fm=organic&iid=140744d6-6b8c-4ccf-8b9b-ed50e9ea3e34.MOBHPP59GKGTGZGA.SEARCH&ppt=None&ppn=None&ssid=i5vfxv1ftc0000001790850012287&qH=a5594894156db043&ov_redirect=true,2026-10-01
17,"LAVA Virat V1 Pro 5G (Spiti Frost, 128 GB)",LAVA,15999,21999,27% off,4,842,220,6 GB RAM,128 GB ROM,6000 mAh Li-ion Battery,T8200 Processor,17.13 cm (6.745 inch) HD+ Display,50MP Rear Camera,,https://www.flipkart.com/lava-virat-v1-pro-5g-spiti-frost-128-gb/p/itm1a8312d187a80?pid=MOBHQDFAGHJJMSJG&lid=LSTMOBHQDFAGHJJMSJGL6JEBP&marketplace=FLIPKART&q=smart+phones&store=tyy%2F4io&srno=s_1_17&otracker=search&fm=organic&iid=140744d6-6b8c-4ccf-8b9b-ed50e9ea3e34.MOBHQDFAGHJJMSJG.SEARCH&ppt=None&ppn=None&ssid=i5vfxv1ftc0000001790850012287&qH=a5594894156db043&ov_redirect=true,2026-10-01
18,Vivo T4 Lite 5G (Prism Blue 2026) ( 4GB 128GB),Vivo,18999,28999,34% off,4.3,"44,615","2,049",4 GB RAM,128 GB ROM,6000 mAh Battery,Dimensity 6300 5G Processor,17.12 cm (6.74 inch) HD+ Display,50MP + 2MP | 5MP Front Camera,5G,https://www.flipkart.com/vivo-t4-lite-5g-prism-blue-2026-4gb-128gb/p/itm49fb53d099f3c?pid=MOBHNCRKRGZ4MJDK&lid=LSTMOBHNCRKRGZ4MJDKTRQ94M&marketplace=FLIPKART&q=smart+phones&store=tyy%2F4io&srno=s_1_18&otracker=search&fm=organic&iid=140744d6-6b8c-4ccf-8b9b-ed50e9ea3e34.MOBHNCRKRGZ4MJDK.SEARCH&ppt=None&ppn=None&ssid=i5vfxv1ftc0000001790850012287&qH=a5594894156db043&ov_redirect=true,2026-10-01
19,"vivo T5 Lite 44W 5G (Wave Blue, 128 GB)",vivo,22999,38499,40% off,4.3,"3,493",270,6 GB RAM,128 GB ROM,6500 mAh Li-ion Battery,Dimensity 6300 5G Processor,17.12 cm (6.74 inch) HD+ Display,50MP + 0.08MP | 5MP Front Camera,5G,https://www.flipkart.com/vivo-t5-lite-44w-5g-wave-blue-128-gb/p/itm5420c578ec2df?pid=MOBHNDTD57UJUK9Q&lid=LSTMOBHNDTD57UJUK9QMGWRRW&marketplace=FLIPKART&q=smart+phones&store=tyy%2F4io&srno=s_1_19&otracker=search&fm=organic&iid=140744d6-6b8c-4ccf-8b9b-ed50e9ea3e34.MOBHNDTD57UJUK9Q.SEARCH&ppt=None&ppn=None&ssid=i5vfxv1ftc0000001790850012287&qH=a5594894156db043&ov_redirect=true,2026-10-01
20,"Ai+ Nova 2 Ultra 5G (Red, 128 GB)",Ai+,21999,26999,18% off,4.1,"2,188",305,8 GB RAM,128 GB ROM,6000 mAh Li-polymer Battery,Dimensity 7400 Processor,17.22 cm (6.78 inch) Full HD+ AMOLED Display,50MP + 8MP | 13MP Front Camera,,https://www.flipkart.com/ai-nova-2-ultra-5g-red-128-gb/p/itm498c4eb22f5c3?pid=MOBHHUFDVHXKMMAN&lid=LSTMOBHHUFDVHXKMMANCJUCD9&marketplace=FLIPKART&q=smart+phones&store=tyy%2F4io&srno=s_1_20&otracker=search&fm=organic&iid=140744d6-6b8c-4ccf-8b9b-ed50e9ea3e34.MOBHHUFDVHXKMMAN.SEARCH&ppt=None&ppn=None&ssid=i5vfxv1ftc0000001790850012287&qH=a5594894156db043&ov_redirect=true,2026-10-01
21,Vivo T4 Lite 5G (Titanium Gold 2026) (4GB 64GB),Vivo,16999,27999,39% off,4.3,"44,615","2,049",4 GB RAM,64 GB ROM,6000 mAh Battery,Dimensity 6300 5G Processor,17.12 cm (6.74 inch) HD+ Display,50MP + 2MP | 5MP Front Camera,5G,https://www.flipkart.com/vivo-t4-lite-5g-titanium-gold-2026-4gb-64gb/p/itm49fb53d099f3c?pid=MOBHNCRK44PF7QEN&lid=LSTMOBHNCRK44PF7QENJQHGI9&marketplace=FLIPKART&q=smart+phones&store=tyy%2F4io&spotlightTagId=default_BestsellerId_tyy%2F4io&srno=s_1_21&otracker=search&fm=organic&iid=140744d6-6b8c-4ccf-8b9b-ed50e9ea3e34.MOBHNCRK44PF7QEN.SEARCH&ppt=None&ppn=None&ssid=i5vfxv1ftc0000001790850012287&qH=a5594894156db043&ov_redirect=true,2026-10-01
22,"MOTOROLA g06 power (Pantone tapestry, 64 GB)",MOTOROLA,15249,19999,23% off,4.2,"24,161","1,677",4 GB RAM,64 GB ROM,7000 mAh Battery,Helio G81 Processor,17.48 cm (6.88 inch) HD+ Display,50MP Rear Camera | 8MP Front Camera,,https://www.flipkart.com/motorola-g06-power-pantone-tapestry-64-gb/p/itm29390fa68401d?pid=MOBHN973FFYHGUGG&lid=LSTMOBHN973FFYHGUGG27JKDQ&marketplace=FLIPKART&q=smart+phones&store=tyy%2F4io&srno=s_1_22&otracker=search&fm=organic&iid=140744d6-6b8c-4ccf-8b9b-ed50e9ea3e34.MOBHN973FFYHGUGG.SEARCH&ppt=None&ppn=None&ssid=i5vfxv1ftc0000001790850012287&qH=a5594894156db043&ov_redirect=true,2026-10-01
23,"vivo T5 Lite 44W 5G (Twilight Shadow, 128 GB)",vivo,22999,38499,40% off,4.3,"3,493",270,6 GB RAM,128 GB ROM,6500 mAh Li-ion Battery,Dimensity 6300 5G Processor,17.12 cm (6.74 inch) HD+ Display,50MP + 0.08MP | 5MP Front Camera,5G,https://www.flipkart.com/vivo-t5-lite-44w-5g-twilight-shadow-128-gb/p/itm5420c578ec2df?pid=MOBHNDTDY4HFGV2T&lid=LSTMOBHNDTDY4HFGV2TLKUCDQ&marketplace=FLIPKART&q=smart+phones&store=tyy%2F4io&srno=s_1_23&otracker=search&fm=organic&iid=140744d6-6b8c-4ccf-8b9b-ed50e9ea3e34.MOBHNDTDY4HFGV2T.SEARCH&ppt=None&ppn=None&ssid=i5vfxv1ftc0000001790850012287&qH=a5594894156db043&ov_redirect=true,2026-10-01
24,"BOLTT EVO (Berry Red, 128 GB)",BOLTT,11499,18999,39% off,3.9,"1,593",737,6 GB RAM,128 GB ROM,6000 mAh Lithium ion Battery,T7250 Processor,6.79'' HD+ punch hole display,50MP + 2MP | 8MP Front Camera,,https://www.flipkart.com/boltt-evo-berry-red-128-gb/p/itmf046d663a1fd7?pid=MOBHPP59TUYYPWP5&lid=LSTMOBHPP59TUYYPWP5U7J1VB&marketplace=FLIPKART&q=smart+phones&store=tyy%2F4io&srno=s_1_24&otracker=search&fm=organic&iid=140744d6-6b8c-4ccf-8b9b-ed50e9ea3e34.MOBHPP59TUYYPWP5.SEARCH&ppt=None&ppn=None&ssid=i5vfxv1ftc0000001790850012287&qH=a5594894156db043&ov_redirect=true,2026-10-01
25,"Ai+ Nova 2 Ultra 5G (Blue, 128 GB)",Ai+,20999,29999,30% off,4.2,"4,146",560,6 GB RAM,128 GB ROM,6000 mAh Li-polymer Battery,Dimensity 7400 Processor,17.22 cm (6.78 inch) Full HD+ AMOLED Display,50MP + 8MP | 13MP Front Camera,,https://www.flipkart.com/ai-nova-2-ultra-5g-blue-128-gb/p/itma055c78313c9e?pid=MOBHZHUVVDVJ9RBF&lid=LSTMOBHZHUVVDVJ9RBFTFC2MI&marketplace=FLIPKART&q=smart+phones&store=tyy%2F4io&srno=s_2_25&otracker=search&fm=organic&iid=e8b07554-a77e-4275-860a-0eafb7b351be.MOBHZHUVVDVJ9RBF.SEARCH&ppt=None&ppn=None&ssid=6ikk07ak800000001790850015149&qH=a5594894156db043&ov_redirect=true,2026-10-01
26,"vivo T5 Lite 44W 5G (Wave Blue, 128 GB)",vivo,20499,33999,39% off,4.2,"1,529",109,4 GB RAM,128 GB ROM,6500 mAh Li-ion Battery,Dimensity 6300 5G Processor,17.12 cm (6.74 inch) HD+ Display,50MP + 0.08MP | 5MP Front Camera,5G,https://www.flipkart.com/vivo-t5-lite-44w-5g-wave-blue-128-gb/p/itm5420c578ec2df?pid=MOBHNDTD5AWH5FJT&lid=LSTMOBHNDTD5AWH5FJTFKS6IQ&marketplace=FLIPKART&q=smart+phones&store=tyy%2F4io&srno=s_2_26&otracker=search&fm=organic&iid=e8b07554-a77e-4275-860a-0eafb7b351be.MOBHNDTD5AWH5FJT.SEARCH&ppt=None&ppn=None&ssid=6ikk07ak800000001790850015149&qH=a5594894156db043&ov_redirect=true,2026-10-01
27,"Tecno Spark Go 3 (Titanium Grey, 64 GB)",Tecno,12499,15999,21% off,4.1,221,15,4 GB RAM,64 GB ROM,5000 mAh Lithium Polymer Battery,T7250 Processor,17.12 cm (6.74 inch) HD+ Display,13MP Rear Camera | 8MP Front Camera,,https://www.flipkart.com/tecno-spark-go-3-titanium-grey-64-gb/p/itma9c8f128a61c6?pid=MOBHP2QY7GH4XWWS&lid=LSTMOBHP2QY7GH4XWWSUZBT2N&marketplace=FLIPKART&q=smart+phones&store=tyy%2F4io&srno=s_2_27&otracker=search&fm=organic&iid=en_Hwxr58lbsMJNP0MFsY0udF5edsQ5_V5G4PtlRJcts_l6J8MDA9aKax7HZSgCNof5vdhgVIDAS43502YR2UC6WzzVjjVgBxhvbGO4C2Nu8sAhxr-n7AfIz_f_AMeCrt4G&ppt=None&ppn=None&ssid=6ikk07ak800000001790850015149&qH=a5594894156db043&ov_redirect=true,2026-10-01
28,"Tecno Spark Go 3 (Ink Black, 64 GB)",Tecno,12499,15999,21% off,4.1,221,15,4 GB RAM,64 GB ROM,5000 mAh Lithium Polymer Battery,T7250 Processor,17.12 cm (6.74 inch) HD+ Display,13MP Rear Camera | 8MP Front Camera,,https://www.flipkart.com/tecno-spark-go-3-ink-black-64-gb/p/itma9c8f128a61c6?pid=MOBHP2QYCXZZE3CM&lid=LSTMOBHP2QYCXZZE3CMWW64IB&marketplace=FLIPKART&q=smart+phones&store=tyy%2F4io&srno=s_2_28&otracker=search&fm=organic&iid=en_Hwxr58lbsMJNP0MFsY0udF5edsQ5_V5G4PtlRJcts_mvHbUkFaI3sTZSF9T9KAfoXSTZgtzvjftyjvmwmzsaRgiCj5dWzPgr1ZNpuYyjSmghxr-n7AfIz_f_AMeCrt4G&ppt=None&ppn=None&ssid=6ikk07ak800000001790850015149&qH=a5594894156db043&ov_redirect=true,2026-10-01
29,"Samsung Galaxy F36 5G (Red, 128 GB)",Samsung,22999,24499,6% off,4.2,"7,244",634,8 GB RAM,128 GB ROM,5000 mAh Battery,Samsung Exynos 1380 Processor,17.02 cm (6.7 inch) Full HD+ Display,50MP + 8MP + 2MP | 13MP Front Camera,,https://www.flipkart.com/samsung-galaxy-f36-5g-red-128-gb/p/itma80a976542636?pid=MOBHDFVT5H5PYYZH&lid=LSTMOBHDFVT5H5PYYZHNCY8LX&marketplace=FLIPKART&q=smart+phones&store=tyy%2F4io&srno=s_2_29&otracker=search&fm=organic&iid=e8b07554-a77e-4275-860a-0eafb7b351be.MOBHDFVT5H5PYYZH.SEARCH&ppt=None&ppn=None&ssid=6ikk07ak800000001790850015149&qH=a5594894156db043&ov_redirect=true,2026-10-01
30,"POCO C85 5G (Power Black, 128 GB)",POCO,16499,20999,21% off,3.8,"2,748",294,4 GB RAM,128 GB ROM,6000 mAh Lithium-Ion Polymer Battery,Dimensity 6300 Processor,17.53 cm (6.9 inch) HD+ Display,50MP Rear Camera | 8MP Front Camera,,https://www.flipkart.com/poco-c85-5g-power-black-128-gb/p/itm1f62dee4df0ad?pid=MOBHMGG5DNYPWU9Q&lid=LSTMOBHMGG5DNYPWU9Q5MNW6H&marketplace=FLIPKART&q=smart+phones&store=tyy%2F4io&srno=s_2_30&otracker=search&fm=organic&iid=e8b07554-a77e-4275-860a-0eafb7b351be.MOBHMGG5DNYPWU9Q.SEARCH&ppt=None&ppn=None&ssid=6ikk07ak800000001790850015149&qH=a5594894156db043&ov_redirect=true,2026-10-01
31,Vivo T4 Lite 5G (Prism Blue 2026) ( 4GB 64GB),Vivo,16999,27999,39% off,4.3,"44,615","2,049",4 GB RAM,64 GB ROM,6000 mAh Battery,Dimensity 6300 5G Processor,17.12 cm (6.74 inch) HD+ Display,50MP + 2MP | 5MP Front Camera,5G,https://www.flipkart.com/vivo-t4-lite-5g-prism-blue-2026-4gb-64gb/p/itm49fb53d099f3c?pid=MOBHNCRKA4XQFSRM&lid=LSTMOBHNCRKA4XQFSRMKUYMUR&marketplace=FLIPKART&q=smart+phones&store=tyy%2F4io&srno=s_2_31&otracker=search&fm=organic&iid=e8b07554-a77e-4275-860a-0eafb7b351be.MOBHNCRKA4XQFSRM.SEARCH&ppt=None&ppn=None&ssid=6ikk07ak800000001790850015149&qH=a5594894156db043&ov_redirect=true,2026-10-01
32,Vivo T4 Lite 5G (Titanium Gold 2026) (4GB 128GB),Vivo,18999,28999,34% off,4.3,"44,615","2,049",4 GB RAM,128 GB ROM,6000 mAh Battery,Dimensity 6300 5G Processor,17.12 cm (6.74 inch) HD+ Display,50MP + 2MP | 5MP Front Camera,5G,https://www.flipkart.com/vivo-t4-lite-5g-titanium-gold-2026-4gb-128gb/p/itm49fb53d099f3c?pid=MOBHNCRKN8ZBGAJR&lid=LSTMOBHNCRKN8ZBGAJRBI6C1Z&marketplace=FLIPKART&q=smart+phones&store=tyy%2F4io&srno=s_2_32&otracker=search&fm=organic&iid=e8b07554-a77e-4275-860a-0eafb7b351be.MOBHNCRKN8ZBGAJR.SEARCH&ppt=None&ppn=None&ssid=6ikk07ak800000001790850015149&qH=a5594894156db043&ov_redirect=true,2026-10-01
33,Vivo T4 Lite 5G (Titanium Gold 2026) (4GB 64GB),Vivo,16999,27999,39% off,4.3,"44,615","2,049",4 GB RAM,64 GB ROM,6000 mAh Battery,Dimensity 6300 5G Processor,17.12 cm (6.74 inch) HD+ Display,50MP + 2MP | 5MP Front Camera,5G,https://www.flipkart.com/vivo-t4-lite-5g-titanium-gold-2026-4gb-64gb/p/itm49fb53d099f3c?pid=MOBHNCRK44PF7QEN&lid=LSTMOBHNCRK44PF7QENJQHGI9&marketplace=FLIPKART&q=smart+phones&store=tyy%2F4io&spotlightTagId=default_BestsellerId_tyy%2F4io&srno=s_2_33&otracker=search&fm=organic&iid=e8b07554-a77e-4275-860a-0eafb7b351be.MOBHNCRK44PF7QEN.SEARCH&ppt=None&ppn=None&ssid=6ikk07ak800000001790850015149&qH=a5594894156db043&ov_redirect=true,2026-10-01
34,"OPPO K14 Lite (Feather Purple, 64 GB)",OPPO,16999,37999,55% off,4,76,8,4 GB RAM,64 GB ROM,7000 mAh lithium-ion polymer Battery,T7250 Processor,17.14 cm (6.75 inch) HD+ Display,13MP Rear Camera | 5MP Front Camera,,https://www.flipkart.com/oppo-k14-lite-feather-purple-64-gb/p/itmb13fea9340374?pid=MOBHQZZ2GTANTBKC&lid=LSTMOBHQZZ2GTANTBKCCEHJHZ&marketplace=FLIPKART&q=smart+phones&store=tyy%2F4io&srno=s_2_34&otracker=search&fm=organic&iid=e8b07554-a77e-4275-860a-0eafb7b351be.MOBHQZZ2GTANTBKC.SEARCH&ppt=None&ppn=None&ssid=6ikk07ak800000001790850015149&qH=a5594894156db043&ov_redirect=true,2026-10-01
35,"MOTOROLA g35 5G (Leaf Green, 128 GB)",MOTOROLA,12499,,,4.2,"1,40,656","9,747",4 GB RAM,128 GB ROM,5000 mAh Battery,T760 Processor,17.07 cm (6.72 inch) Full HD+ Display,50MP + 8MP | 16MP Front Camera,5G,https://www.flipkart.com/motorola-g35-5g-leaf-green-128-gb/p/itma3ca32cc93927?pid=MOBH3YGPQHRSNQED&lid=LSTMOBH3YGPQHRSNQEDLDGOMQ&marketplace=FLIPKART&q=smart+phones&store=tyy%2F4io&srno=s_2_35&otracker=search&fm=organic&iid=e8b07554-a77e-4275-860a-0eafb7b351be.MOBH3YGPQHRSNQED.SEARCH&ppt=None&ppn=None&ssid=6ikk07ak800000001790850015149&qH=a5594894156db043&ov_redirect=true,2026-10-01
36,"vivo T5 Lite 44W 5G (Wave Blue, 256 GB)",vivo,26999,42499,36% off,4.3,"3,493",270,6 GB RAM,256 GB ROM,6500 mAh Li-ion Battery,Dimensity 6300 5G Processor,17.12 cm (6.74 inch) HD+ Display,50MP + 0.08MP | 5MP Front Camera,5G,https://www.flipkart.com/vivo-t5-lite-44w-5g-wave-blue-256-gb/p/itm5420c578ec2df?pid=MOBHNDTDZ9YZFPZA&lid=LSTMOBHNDTDZ9YZFPZA2NLC1Q&marketplace=FLIPKART&q=smart+phones&store=tyy%2F4io&srno=s_2_36&otracker=search&fm=organic&iid=e8b07554-a77e-4275-860a-0eafb7b351be.MOBHNDTDZ9YZFPZA.SEARCH&ppt=None&ppn=None&ssid=6ikk07ak800000001790850015149&qH=a5594894156db043&ov_redirect=true,2026-10-01
37,"POCO C85 5G (Power Black, 128 GB)",POCO,17999,22999,21% off,4.2,"2,588",177,6 GB RAM,128 GB ROM,6000 mAh Lithium-Ion Polymer Battery,Dimensity 6300 Processor,17.53 cm (6.9 inch) HD+ Display,50MP Rear Camera | 8MP Front Camera,,https://www.flipkart.com/poco-c85-5g-power-black-128-gb/p/itm2003fa46382ff?pid=MOBHMGG5HZK65TMX&lid=LSTMOBHMGG5HZK65TMXLFDDWP&marketplace=FLIPKART&q=smart+phones&store=tyy%2F4io&srno=s_2_37&otracker=search&fm=organic&iid=e8b07554-a77e-4275-860a-0eafb7b351be.MOBHMGG5HZK65TMX.SEARCH&ppt=None&ppn=None&ssid=6ikk07ak800000001790850015149&qH=a5594894156db043&ov_redirect=true,2026-10-01
38,"Ai+ Nova 2 Ultra 5G (Red, 128 GB)",Ai+,21999,26999,18% off,4.1,"2,188",305,8 GB RAM,128 GB ROM,6000 mAh Li-polymer Battery,Dimensity 7400 Processor,17.22 cm (6.78 inch) Full HD+ AMOLED Display,50MP + 8MP | 13MP Front Camera,,https://www.flipkart.com/ai-nova-2-ultra-5g-red-128-gb/p/itm498c4eb22f5c3?pid=MOBHHUFDVHXKMMAN&lid=LSTMOBHHUFDVHXKMMANCJUCD9&marketplace=FLIPKART&q=smart+phones&store=tyy%2F4io&srno=s_2_38&otracker=search&fm=organic&iid=e8b07554-a77e-4275-860a-0eafb7b351be.MOBHHUFDVHXKMMAN.SEARCH&ppt=None&ppn=None&ssid=6ikk07ak800000001790850015149&qH=a5594894156db043&ov_redirect=true,2026-10-01
39,"MOTOROLA g37 power (PANTONE Nautical Blue, 128 GB)",MOTOROLA,19999,30499,34% off,4.2,"9,456",851,4 GB RAM,128 GB ROM,7000 mAh Battery,Dimensity 6400 Processor,16.92 cm (6.66 inch) HD+ Display,50MP Rear Camera | 8MP Front Camera,,https://www.flipkart.com/motorola-g37-power-pantone-nautical-blue-128-gb/p/itmf752f4981d932?pid=MOBHHVFYGN57RYAH&lid=LSTMOBHHVFYGN57RYAHB2DF12&marketplace=FLIPKART&q=smart+phones&store=tyy%2F4io&srno=s_2_39&otracker=search&fm=organic&iid=e8b07554-a77e-4275-860a-0eafb7b351be.MOBHHVFYGN57RYAH.SEARCH&ppt=None&ppn=None&ssid=6ikk07ak800000001790850015149&qH=a5594894156db043&ov_redirect=true,2026-10-01
40,"Ai+ Nova 2 Ultra 5G (Purple, 128 GB)",Ai+,21999,26999,18% off,4.1,"2,188",305,8 GB RAM,128 GB ROM,6000 mAh Li-polymer Battery,Dimensity 7400 Processor,17.22 cm (6.78 inch) Full HD+ AMOLED Display,50MP + 8MP | 13MP Front Camera,,https://www.flipkart.com/ai-nova-2-ultra-5g-purple-128-gb/p/itmedb3f9cf73654?pid=MOBHHUFDYDCGTVEF&lid=LSTMOBHHUFDYDCGTVEF6XKD4O&marketplace=FLIPKART&q=smart+phones&store=tyy%2F4io&srno=s_2_40&otracker=search&fm=organic&iid=e8b07554-a77e-4275-860a-0eafb7b351be.MOBHHUFDYDCGTVEF.SEARCH&ppt=None&ppn=None&ssid=6ikk07ak800000001790850015149&qH=a5594894156db043&ov_redirect=true,2026-10-01
41,"MOTOROLA g37 (PANTONE Nautical Blue, 64 GB)",MOTOROLA,17249,24999,31% off,4.3,"4,035",220,4 GB RAM,64 GB ROM,5200 mAh Battery,Dimensity 6400 Processor,16.92 cm (6.66 inch) HD+ Display,50MP Rear Camera | 8MP Front Camera,,https://www.flipkart.com/motorola-g37-pantone-nautical-blue-64-gb/p/itm5d235b295291f?pid=MOBHHWB6YAKNZGPB&lid=LSTMOBHHWB6YAKNZGPBGLLTUW&marketplace=FLIPKART&q=smart+phones&store=tyy%2F4io&srno=s_2_41&otracker=search&fm=organic&iid=e8b07554-a77e-4275-860a-0eafb7b351be.MOBHHWB6YAKNZGPB.SEARCH&ppt=None&ppn=None&ssid=6ikk07ak800000001790850015149&qH=a5594894156db043&ov_redirect=true,2026-10-01
42,"vivo T5x 5G (Cyber Green, 256 GB)",vivo,33999,,,4.4,"25,689","1,916",8 GB RAM,256 GB ROM,7200 mAh Li-ion Battery,Dimensity 7400-Turbo Processor,17.17 cm (6.76 inch) Display,50MP + 2MP | 32MP Front Camera,,https://www.flipkart.com/vivo-t5x-5g-cyber-green-256-gb/p/itm7da8aa253e72b?pid=MOBHH69NQGVVYQSG&lid=LSTMOBHH69NQGVVYQSGQNVHLI&marketplace=FLIPKART&q=smart+phones&store=tyy%2F4io&srno=s_2_42&otracker=search&fm=organic&iid=e8b07554-a77e-4275-860a-0eafb7b351be.MOBHH69NQGVVYQSG.SEARCH&ppt=None&ppn=None&ssid=6ikk07ak800000001790850015149&qH=a5594894156db043&ov_redirect=true,2026-10-01
43,"realme P4 Pro 5G (Birch Wood, 256 GB)",realme,30999,,,4.4,"22,693","2,233",8 GB RAM,256 GB ROM,7000 mAh Battery,Snapdragon 7 Gen 4 Mobile Processor,17.27 cm (6.8 inch) Full HD+ Display,50MP + 8MP | 50MP Front Camera,,https://www.flipkart.com/realme-p4-pro-5g-birch-wood-256-gb/p/itme41a54752cc21?pid=MOBHERXKVQED7HGC&lid=LSTMOBHERXKVQED7HGC54DD1I&marketplace=FLIPKART&q=smart+phones&store=tyy%2F4io&srno=s_2_43&otracker=search&fm=organic&iid=e8b07554-a77e-4275-860a-0eafb7b351be.MOBHERXKVQED7HGC.SEARCH&ppt=None&ppn=None&ssid=6ikk07ak800000001790850015149&qH=a5594894156db043&ov_redirect=true,2026-10-01
44,"OnePlus Nord CE6 Lite (Vivid Mint, 256 GB)",OnePlus,35328,36999,4% off,4.3,"1,168",75,8 GB RAM,256 GB ROM,7000 mAh Battery,MediaTek Dimensity 7400 Apex Processor,17.07 cm (6.72 inch) Full HD+ Display,50MP Rear Camera | 8MP Front Camera,,https://www.flipkart.com/oneplus-nord-ce6-lite-vivid-mint-256-gb/p/itm21e965b5b799d?pid=MOBHN8AB2JFD45AG&lid=LSTMOBHN8AB2JFD45AGBJITJM&marketplace=FLIPKART&q=smart+phones&store=tyy%2F4io&srno=s_2_44&otracker=search&fm=organic&iid=e8b07554-a77e-4275-860a-0eafb7b351be.MOBHN8AB2JFD45AG.SEARCH&ppt=None&ppn=None&ssid=6ikk07ak800000001790850015149&qH=a5594894156db043&ov_redirect=true,2026-10-01
45,"realme P4 Pro 5G (Birch Wood, 128 GB)",realme,28999,,,4.4,"22,693","2,233",8 GB RAM,128 GB ROM,7000 mAh Battery,Snapdragon 7 Gen 4 Mobile Processor,17.27 cm (6.8 inch) Display,50MP + 8MP | 50MP Front Camera,,https://www.flipkart.com/realme-p4-pro-5g-birch-wood-128-gb/p/itme41a54752cc21?pid=MOBHERXKZCGAA4QC&lid=LSTMOBHERXKZCGAA4QCHSS5IQ&marketplace=FLIPKART&q=smart+phones&store=tyy%2F4io&srno=s_2_45&otracker=search&fm=organic&iid=e8b07554-a77e-4275-860a-0eafb7b351be.MOBHERXKZCGAA4QC.SEARCH&ppt=None&ppn=None&ssid=6ikk07ak800000001790850015149&qH=a5594894156db043&ov_redirect=true,2026-10-01
46,"REDMI 15C 5G (Dusk Purple, 128 GB)",REDMI,21999,24999,12% off,4.3,486,45,8 GB RAM,128 GB ROM,6000 mAh Battery,,17.53 cm (6.9 inch) Display,50MP Rear Camera,,https://www.flipkart.com/redmi-15c-5g-dusk-purple-128-gb/p/itmc1345bb45eef3?pid=MOBHGGZ2AASSW7RG&lid=LSTMOBHGGZ2AASSW7RGYDDFFV&marketplace=FLIPKART&q=smart+phones&store=tyy%2F4io&srno=s_2_46&otracker=search&fm=organic&iid=e8b07554-a77e-4275-860a-0eafb7b351be.MOBHGGZ2AASSW7RG.SEARCH&ppt=None&ppn=None&ssid=6ikk07ak800000001790850015149&qH=a5594894156db043&ov_redirect=true,2026-10-01
47,"Samsung M06 5G (Sage Green, 128 GB)",Samsung,18510,18999,2% off,4.1,"2,583",178,6 GB RAM,128 GB ROM,5000 mAh Battery,,17.02 cm (6.7 inch) Display,50MP Rear Camera,,https://www.flipkart.com/samsung-m06-5g-sage-green-128-gb/p/itmcafa42dadc15c?pid=MOBH9UYF3VCXJ279&lid=LSTMOBH9UYF3VCXJ2791TFN4R&marketplace=FLIPKART&q=smart+phones&store=tyy%2F4io&srno=s_2_47&otracker=search&fm=organic&iid=e8b07554-a77e-4275-860a-0eafb7b351be.MOBH9UYF3VCXJ279.SEARCH&ppt=None&ppn=None&ssid=6ikk07ak800000001790850015149&qH=a5594894156db043&ov_redirect=true,2026-10-01
48,"REDMI 15C 5G (Moonlight Blue, 128 GB)",REDMI,19810,25399,22% off,4.2,705,49,6 GB RAM,128 GB ROM,6000 mAh Battery,,17.53 cm (6.9 inch) Display,50MP Rear Camera,,https://www.flipkart.com/redmi-15c-5g-moonlight-blue-128-gb/p/itmc1345bb45eef3?pid=MOBHGGZ2YRHVYEGS&lid=LSTMOBHGGZ2YRHVYEGSL47MEQ&marketplace=FLIPKART&q=smart+phones&store=tyy%2F4io&srno=s_2_48&otracker=search&fm=organic&iid=e8b07554-a77e-4275-860a-0eafb7b351be.MOBHGGZ2YRHVYEGS.SEARCH&ppt=None&ppn=None&ssid=6ikk07ak800000001790850015149&qH=a5594894156db043&ov_redirect=true,2026-10-01
49,"realme P4 Pro 5G (Midnight Ivy, 256 GB)",realme,30999,,,4.4,"22,693","2,233",8 GB RAM,256 GB ROM,7000 mAh Battery,Snapdragon 7 Gen 4 Mobile Processor,17.27 cm (6.8 inch) Full HD+ Display,50MP + 8MP | 50MP Front Camera,,https://www.flipkart.com/realme-p4-pro-5g-midnight-ivy-256-gb/p/itme41a54752cc21?pid=MOBHERXK3YKZUWWZ&lid=LSTMOBHERXK3YKZUWWZM7IFIN&marketplace=FLIPKART&q=smart+phones&store=tyy%2F4io&srno=s_3_49&otracker=search&fm=organic&iid=f00525d1-b199-48f8-9830-77c3334f04a3.MOBHERXK3YKZUWWZ.SEARCH&ppt=None&ppn=None&ssid=l88nvula5s0000001790850017925&qH=a5594894156db043&ov_redirect=true,2026-10-01
50,"Ai+ Nova 2 Ultra 5G (Black, 128 GB)",Ai+,22999,31999,28% off,4.1,"2,188",305,8 GB RAM,128 GB ROM,6000 mAh Li-polymer Battery,Dimensity 7400 Processor,17.22 cm (6.78 inch) Full HD+ AMOLED Display,50MP + 8MP | 13MP Front Camera,,https://www.flipkart.com/ai-nova-2-ultra-5g-black-128-gb/p/itmbac120469e74a?pid=MOBHZHUVYN4SGGQA&lid=LSTMOBHZHUVYN4SGGQATZDCVU&marketplace=FLIPKART&q=smart+phones&store=tyy%2F4io&srno=s_3_50&otracker=search&fm=organic&iid=f00525d1-b199-48f8-9830-77c3334f04a3.MOBHZHUVYN4SGGQA.SEARCH&ppt=None&ppn=None&ssid=l88nvula5s0000001790850017925&qH=a5594894156db043&ov_redirect=true,2026-10-01
51,"Tecno Spark Go 3 (Titanium Grey, 64 GB)",Tecno,12499,15999,21% off,4.1,221,15,4 GB RAM,64 GB ROM,5000 mAh Lithium Polymer Battery,T7250 Processor,17.12 cm (6.74 inch) HD+ Display,13MP Rear Camera | 8MP Front Camera,,https://www.flipkart.com/tecno-spark-go-3-titanium-grey-64-gb/p/itma9c8f128a61c6?pid=MOBHP2QY7GH4XWWS&lid=LSTMOBHP2QY7GH4XWWSUZBT2N&marketplace=FLIPKART&q=smart+phones&store=tyy%2F4io&srno=s_3_51&otracker=search&fm=organic&iid=en_bzXMgeRrvrqU24mHWKbdQzgPrc67i2J-kfouyitynTeKu_4vTVYABcstm_X9Lty0vdhgVIDAS43502YR2UC6WzzVjjVgBxhvbGO4C2Nu8sBkpkY9Xa_L2hzBCkdgeocM&ppt=None&ppn=None&ssid=l88nvula5s0000001790850017925&qH=a5594894156db043&ov_redirect=true,2026-10-01
52,"REDMI 15 5G (Sandy Purple, 128 GB)",REDMI,22499,32999,31% off,4.3,"3,275",248,6 GB RAM,128 GB ROM,7000 mAh Battery,,17.53 cm (6.9 inch) Display,50MP Rear Camera,,https://www.flipkart.com/redmi-15-5g-sandy-purple-128-gb/p/itmd7bced8727891?pid=MOBHFH95KX2GA62H&lid=LSTMOBHFH95KX2GA62H5HXVIX&marketplace=FLIPKART&q=smart+phones&store=tyy%2F4io&srno=s_3_52&otracker=search&fm=organic&iid=f00525d1-b199-48f8-9830-77c3334f04a3.MOBHFH95KX2GA62H.SEARCH&ppt=None&ppn=None&ssid=l88nvula5s0000001790850017925&qH=a5594894156db043&ov_redirect=true,2026-10-01
53,"vivo T5x 5G (Fusion Red, 128 GB)",vivo,30999,,,4.4,"25,689","1,916",8 GB RAM,128 GB ROM,7200 mAh Li-ion Battery,Dimensity 7400-Turbo Processor,17.17 cm (6.76 inch) Display,50MP + 2MP | 32MP Front Camera,,https://www.flipkart.com/vivo-t5x-5g-fusion-red-128-gb/p/itm7da8aa253e72b?pid=MOBHPGHCZVCYZUP7&lid=LSTMOBHPGHCZVCYZUP7VAIWGY&marketplace=FLIPKART&q=smart+phones&store=tyy%2F4io&srno=s_3_53&otracker=search&fm=organic&iid=f00525d1-b199-48f8-9830-77c3334f04a3.MOBHPGHCZVCYZUP7.SEARCH&ppt=None&ppn=None&ssid=l88nvula5s0000001790850017925&qH=a5594894156db043&ov_redirect=true,2026-10-01
54,"vivo T5e (Shadow Grey, 64 GB)",vivo,13999,26999,48% off,3.8,142,7,4 GB RAM,64 GB ROM,5500 mAh Li-ion Battery,T7225 Processor,17.12 cm (6.74 inch) HD Display,8MP Rear Camera | 5MP Front Camera,,https://www.flipkart.com/vivo-t5e-shadow-grey-64-gb/p/itm180ca0a991a2b?pid=MOBHPBM6FNMA7ZC7&lid=LSTMOBHPBM6FNMA7ZC7AQDM3K&marketplace=FLIPKART&q=smart+phones&store=tyy%2F4io&srno=s_3_54&otracker=search&fm=organic&iid=f00525d1-b199-48f8-9830-77c3334f04a3.MOBHPBM6FNMA7ZC7.SEARCH&ppt=None&ppn=None&ssid=l88nvula5s0000001790850017925&qH=a5594894156db043&ov_redirect=true,2026-10-01
55,"realme P3 Ultra 5G (Orion Red, 128 GB)",realme,31999,,,4.4,"22,133","2,557",8 GB RAM,128 GB ROM,6000 mAh Battery,Dimensity 8350 Ultra Processor,17.35 cm (6.83 inch) Display,50MP + 8MP | 16MP Front Camera,,https://www.flipkart.com/realme-p3-ultra-5g-orion-red-128-gb/p/itm50171223b4a05?pid=MOBHAYKEZ94ZDEP4&lid=LSTMOBHAYKEZ94ZDEP4LHK4KR&marketplace=FLIPKART&q=smart+phones&store=tyy%2F4io&srno=s_3_55&otracker=search&fm=organic&iid=f00525d1-b199-48f8-9830-77c3334f04a3.MOBHAYKEZ94ZDEP4.SEARCH&ppt=None&ppn=None&ssid=l88nvula5s0000001790850017925&qH=a5594894156db043&ov_redirect=true,2026-10-01
56,"OnePlus Nord CE6 Lite (Hyper Black, 128 GB)",OnePlus,28785,31999,10% off,4.3,"1,441",100,6 GB RAM,128 GB ROM,7000 mAh Battery,Mediatek Dimensity 7400 Processor,17.07 cm (6.72 inch) Full HD+ Display,50MP Rear Camera | 8MP Front Camera,,https://www.flipkart.com/oneplus-nord-ce6-lite-hyper-black-128-gb/p/itm894a5599b758b?pid=MOBHN8BDFU3PHHUR&lid=LSTMOBHN8BDFU3PHHURAEWY3J&marketplace=FLIPKART&q=smart+phones&store=tyy%2F4io&srno=s_3_56&otracker=search&fm=organic&iid=f00525d1-b199-48f8-9830-77c3334f04a3.MOBHN8BDFU3PHHUR.SEARCH&ppt=None&ppn=None&ssid=l88nvula5s0000001790850017925&qH=a5594894156db043&ov_redirect=true,2026-10-01
57,Vivo T4 Lite 5G (Titanium Gold 2026) (4GB 128GB),Vivo,18999,28999,34% off,4.3,"44,615","2,049",4 GB RAM,128 GB ROM,6000 mAh Battery,Dimensity 6300 5G Processor,17.12 cm (6.74 inch) HD+ Display,50MP + 2MP | 5MP Front Camera,5G,https://www.flipkart.com/vivo-t4-lite-5g-titanium-gold-2026-4gb-128gb/p/itm49fb53d099f3c?pid=MOBHNCRKN8ZBGAJR&lid=LSTMOBHNCRKN8ZBGAJRBI6C1Z&marketplace=FLIPKART&q=smart+phones&store=tyy%2F4io&srno=s_3_57&otracker=search&fm=organic&iid=f00525d1-b199-48f8-9830-77c3334f04a3.MOBHNCRKN8ZBGAJR.SEARCH&ppt=None&ppn=None&ssid=l88nvula5s0000001790850017925&qH=a5594894156db043&ov_redirect=true,2026-10-01
58,"vivo T5 Lite 44W 5G (Twilight Shadow, 256 GB)",vivo,26999,42499,36% off,4.3,"3,493",270,6 GB RAM,256 GB ROM,6500 mAh Li-ion Battery,Dimensity 6300 5G Processor,17.12 cm (6.74 inch) HD+ Display,50MP + 0.08MP | 5MP Front Camera,5G,https://www.flipkart.com/vivo-t5-lite-44w-5g-twilight-shadow-256-gb/p/itm5420c578ec2df?pid=MOBHNDTDSZNGYCVQ&lid=LSTMOBHNDTDSZNGYCVQCDI6UZ&marketplace=FLIPKART&q=smart+phones&store=tyy%2F4io&srno=s_3_58&otracker=search&fm=organic&iid=f00525d1-b199-48f8-9830-77c3334f04a3.MOBHNDTDSZNGYCVQ.SEARCH&ppt=None&ppn=None&ssid=l88nvula5s0000001790850017925&qH=a5594894156db043&ov_redirect=true,2026-10-01
59,"POCO C85x 5G (Emerald Green, 128 GB)",POCO,15999,21999,27% off,4.1,"5,797",795,4 GB RAM,128 GB ROM,6300 mAh Lithium-Ion Polymer Battery,T8300 Processor,17.53 cm (6.9 inch) HD+ Display,32MP Rear Camera,,https://www.flipkart.com/poco-c85x-5g-emerald-green-128-gb/p/itm0b4cc4698aede?pid=MOBHMGG5JUYG9DCY&lid=LSTMOBHMGG5JUYG9DCYHB3OAA&marketplace=FLIPKART&q=smart+phones&store=tyy%2F4io&srno=s_3_59&otracker=search&fm=organic&iid=f00525d1-b199-48f8-9830-77c3334f04a3.MOBHMGG5JUYG9DCY.SEARCH&ppt=None&ppn=None&ssid=l88nvula5s0000001790850017925&qH=a5594894156db043&ov_redirect=true,2026-10-01
60,"REDMI 15C 5G (Moonlight Blue, 128 GB)",REDMI,17661,23299,24% off,3.7,876,95,4 GB RAM,128 GB ROM,6000 mAh Battery,,17.53 cm (6.9 inch) Display,50MP Rear Camera,,https://www.flipkart.com/redmi-15c-5g-moonlight-blue-128-gb/p/itmc1345bb45eef3?pid=MOBHGGZ2BYJKEYEC&lid=LSTMOBHGGZ2BYJKEYECRCQBGP&marketplace=FLIPKART&q=smart+phones&store=tyy%2F4io&srno=s_3_60&otracker=search&fm=organic&iid=f00525d1-b199-48f8-9830-77c3334f04a3.MOBHGGZ2BYJKEYEC.SEARCH&ppt=None&ppn=None&ssid=l88nvula5s0000001790850017925&qH=a5594894156db043&ov_redirect=true,2026-10-01
61,"POCO C81x (Crystal Black, 64 GB)",POCO,11999,18999,36% off,3.9,657,39,3 GB RAM,64 GB ROM,5200 mAh Lithium-Ion Polymer Battery,T7250 Processor,17.48 cm (6.88 inch) Display,13MP Rear Camera | 8MP Front Camera,,https://www.flipkart.com/poco-c81x-crystal-black-64-gb/p/itmcc7b133522987?pid=MOBHMYWRXCQBZ7D2&lid=LSTMOBHMYWRXCQBZ7D2WUWSH4&marketplace=FLIPKART&q=smart+phones&store=tyy%2F4io&srno=s_3_61&otracker=search&fm=organic&iid=f00525d1-b199-48f8-9830-77c3334f04a3.MOBHMYWRXCQBZ7D2.SEARCH&ppt=None&ppn=None&ssid=l88nvula5s0000001790850017925&qH=a5594894156db043&ov_redirect=true,2026-10-01
62,"OnePlus Nord CE6 (Lunar Pearl, 128 GB)",OnePlus,36289,40999,11% off,4.5,"1,362",103,8 GB RAM,128 GB ROM,8000 mAh Battery,Qualcomm® Snapdragon™ 7s Gen 4 Processor,17.22 cm (6.78 inch) Full HD+ Display,50MP Rear Camera | 2MP Front Camera,,https://www.flipkart.com/oneplus-nord-ce6-lunar-pearl-128-gb/p/itmd7b224b18cb05?pid=MOBHN82GBZSGMDE4&lid=LSTMOBHN82GBZSGMDE4GLLHQ3&marketplace=FLIPKART&q=smart+phones&store=tyy%2F4io&srno=s_3_62&otracker=search&fm=organic&iid=f00525d1-b199-48f8-9830-77c3334f04a3.MOBHN82GBZSGMDE4.SEARCH&ppt=None&ppn=None&ssid=l88nvula5s0000001790850017925&qH=a5594894156db043&ov_redirect=true,2026-10-01
63,"POCO C85 5G (Power Black, 128 GB)",POCO,17999,22999,21% off,4.2,"2,588",177,6 GB RAM,128 GB ROM,6000 mAh Lithium-Ion Polymer Battery,Dimensity 6300 Processor,17.53 cm (6.9 inch) HD+ Display,50MP Rear Camera | 8MP Front Camera,,https://www.flipkart.com/poco-c85-5g-power-black-128-gb/p/itm2003fa46382ff?pid=MOBHMGG5HZK65TMX&lid=LSTMOBHMGG5HZK65TMXLFDDWP&marketplace=FLIPKART&q=smart+phones&store=tyy%2F4io&srno=s_3_63&otracker=search&fm=organic&iid=f00525d1-b199-48f8-9830-77c3334f04a3.MOBHMGG5HZK65TMX.SEARCH&ppt=None&ppn=None&ssid=l88nvula5s0000001790850017925&qH=a5594894156db043&ov_redirect=true,2026-10-01
64,"realme Gt 7 (Icesense Black, 512 GB)",realme,52999,,,4.5,"1,543",198,12 GB RAM,512 GB ROM,7000 mAh Battery,Dimensity Processor,17.22 cm (6.78 inch) Full HD+ AMOLED Display,50MP + 50MP + 50MP + 8MP | 32MP + 32MP Dual Front Camera,,https://www.flipkart.com/realme-gt-7-icesense-black-512-gb/p/itm6cc8f84d92e2f?pid=MOBHCZYZJ756E2YU&lid=LSTMOBHCZYZJ756E2YUZRPIYC&marketplace=FLIPKART&q=smart+phones&store=tyy%2F4io&srno=s_3_64&otracker=search&fm=organic&iid=f00525d1-b199-48f8-9830-77c3334f04a3.MOBHCZYZJ756E2YU.SEARCH&ppt=None&ppn=None&ssid=l88nvula5s0000001790850017925&qH=a5594894156db043&ov_redirect=true,2026-10-01
65,"POCO M8x 5G (Black, 128 GB)",POCO,20999,49999,58% off,3.9,368,123,6 GB RAM,128 GB ROM,7900 mAh Lithium-Ion Polymer Battery,4 Gen 5 Processor,17.53 cm (6.9 inch) Full HD Display,50MP Rear Camera,,https://www.flipkart.com/poco-m8x-5g-black-128-gb/p/itm7e7f464cfc411?pid=MOBHPCYNDFRFGNGZ&lid=LSTMOBHPCYNDFRFGNGZXQB3ZS&marketplace=FLIPKART&q=smart+phones&store=tyy%2F4io&srno=s_3_65&otracker=search&fm=organic&iid=f00525d1-b199-48f8-9830-77c3334f04a3.MOBHPCYNDFRFGNGZ.SEARCH&ppt=None&ppn=None&ssid=l88nvula5s0000001790850017925&qH=a5594894156db043&ov_redirect=true,2026-10-01
66,"MOTOROLA g06 power (Pantone Tendril, 64 GB)",MOTOROLA,15249,19999,23% off,4.2,"24,161","1,677",4 GB RAM,64 GB ROM,7000 mAh Battery,Helio G81 Processor,17.48 cm (6.88 inch) HD+ Display,50MP Rear Camera | 8MP Front Camera,,https://www.flipkart.com/motorola-g06-power-pantone-tendril-64-gb/p/itm2f1ca967879c9?pid=MOBHN973UQNPMAAN&lid=LSTMOBHN973UQNPMAANZHPTVN&marketplace=FLIPKART&q=smart+phones&store=tyy%2F4io&srno=s_3_66&otracker=search&fm=organic&iid=f00525d1-b199-48f8-9830-77c3334f04a3.MOBHN973UQNPMAAN.SEARCH&ppt=None&ppn=None&ssid=l88nvula5s0000001790850017925&qH=a5594894156db043&ov_redirect=true,2026-10-01
67,"Samsung Galaxy F06 5G (Bahama Blue, 128 GB)",Samsung,18999,,,4.2,"25,833","2,004",6 GB RAM,128 GB ROM,5000 mAh Battery,Dimensity 6300 Processor,17.02 cm (6.7 inch) HD+ Display,50MP + 2MP | 8MP Front Camera,,https://www.flipkart.com/samsung-galaxy-f06-5g-bahama-blue-128-gb/p/itmc1c2297bdfa31?pid=MOBHMGHHMFGB82H9&lid=LSTMOBHMGHHMFGB82H9LFGOI5&marketplace=FLIPKART&q=smart+phones&store=tyy%2F4io&srno=s_3_67&otracker=search&fm=organic&iid=f00525d1-b199-48f8-9830-77c3334f04a3.MOBHMGHHMFGB82H9.SEARCH&ppt=None&ppn=None&ssid=l88nvula5s0000001790850017925&qH=a5594894156db043&ov_redirect=true,2026-10-01
68,"POCO C85x 5G (Sunset Gold, 128 GB)",POCO,15999,21999,27% off,4.1,"5,797",795,4 GB RAM,128 GB ROM,6300 mAh Lithium-Ion Polymer Battery,T8300 Processor,17.53 cm (6.9 inch) HD+ Display,32MP Rear Camera,,https://www.flipkart.com/poco-c85x-5g-sunset-gold-128-gb/p/itm20c91efa7906e?pid=MOBHMGG5BR94DQRY&lid=LSTMOBHMGG5BR94DQRY8N6NYY&marketplace=FLIPKART&q=smart+phones&store=tyy%2F4io&srno=s_3_68&otracker=search&fm=organic&iid=f00525d1-b199-48f8-9830-77c3334f04a3.MOBHMGG5BR94DQRY.SEARCH&ppt=None&ppn=None&ssid=l88nvula5s0000001790850017925&qH=a5594894156db043&ov_redirect=true,2026-10-01
69,"OPPO K14 Lite (Stone Brown, 64 GB)",OPPO,16999,37999,55% off,4,76,8,4 GB RAM,64 GB ROM,7000 mAh lithium-ion polymer Battery,T7250 Processor,17.14 cm (6.75 inch) HD+ Display,13MP Rear Camera | 5MP Front Camera,,https://www.flipkart.com/oppo-k14-lite-stone-brown-64-gb/p/itmb13fea9340374?pid=MOBHQZZ2HVKFBAGP&lid=LSTMOBHQZZ2HVKFBAGP9HQ2J4&marketplace=FLIPKART&q=smart+phones&store=tyy%2F4io&srno=s_3_69&otracker=search&fm=organic&iid=f00525d1-b199-48f8-9830-77c3334f04a3.MOBHQZZ2HVKFBAGP.SEARCH&ppt=None&ppn=None&ssid=l88nvula5s0000001790850017925&qH=a5594894156db043&ov_redirect=true,2026-10-01
70,"Samsung M06 5G (Blazing Black, 128 GB)",Samsung,18514,18999,2% off,4.1,"2,583",178,6 GB RAM,128 GB ROM,5000 mAh Battery,,17.02 cm (6.7 inch) Display,50MP Rear Camera,,https://www.flipkart.com/samsung-m06-5g-blazing-black-128-gb/p/itmcafa42dadc15c?pid=MOBH9UYFYNVDBNFF&lid=LSTMOBH9UYFYNVDBNFFRGNNON&marketplace=FLIPKART&q=smart+phones&store=tyy%2F4io&srno=s_3_70&otracker=search&fm=organic&iid=f00525d1-b199-48f8-9830-77c3334f04a3.MOBH9UYFYNVDBNFF.SEARCH&ppt=None&ppn=None&ssid=l88nvula5s0000001790850017925&qH=a5594894156db043&ov_redirect=true,2026-10-01
71,"POCO C81 (Sky Blue, 64 GB)",POCO,12999,19999,35% off,3.7,525,45,4 GB RAM,64 GB ROM,6300 mAh Lithium-Ion Polymer Battery,T7250 Processor,17.53 cm (6.9 inch) Display,13MP Rear Camera | 8MP Front Camera,,https://www.flipkart.com/poco-c81-sky-blue-64-gb/p/itm0636612540aaa?pid=MOBHMYWRYFQZG9PP&lid=LSTMOBHMYWRYFQZG9PP9F6HSP&marketplace=FLIPKART&q=smart+phones&store=tyy%2F4io&srno=s_3_71&otracker=search&fm=organic&iid=f00525d1-b199-48f8-9830-77c3334f04a3.MOBHMYWRYFQZG9PP.SEARCH&ppt=None&ppn=None&ssid=l88nvula5s0000001790850017925&qH=a5594894156db043&ov_redirect=true,2026-10-01
72,"REDMI 15 5G (Midnight Black, 128 GB)",REDMI,21604,26899,19% off,4.3,"3,275",248,6 GB RAM,128 GB ROM,7000 mAh Battery,,17.53 cm (6.9 inch) Display,50MP Rear Camera,,https://www.flipkart.com/redmi-15-5g-midnight-black-128-gb/p/itmd7bced8727891?pid=MOBHFH9544VVMQNN&lid=LSTMOBHFH9544VVMQNNHIZB8E&marketplace=FLIPKART&q=smart+phones&store=tyy%2F4io&srno=s_3_72&otracker=search&fm=organic&iid=f00525d1-b199-48f8-9830-77c3334f04a3.MOBHFH9544VVMQNN.SEARCH&ppt=None&ppn=None&ssid=l88nvula5s0000001790850017925&qH=a5594894156db043&ov_redirect=true,2026-10-01
73,"POCO C71 (Power Black, 128 GB)",POCO,9999,,,4.1,"36,675","2,059",6 GB RAM,128 GB ROM,5200 mAh Battery,Unisoc T7250,17.48 cm (6.88 inch) HD+ Display,32MP Rear Camera | 8MP Front Camera,,https://www.flipkart.com/poco-c71-power-black-128-gb/p/itm8096ee52d7013?pid=MOBHAFVJJM8BWNKC&lid=LSTMOBHAFVJJM8BWNKCJY0MRA&marketplace=FLIPKART&q=smart+phones&store=tyy%2F4io&srno=s_4_73&otracker=search&fm=organic&iid=3ea44e12-e32e-42f4-9236-63c8bbe2e36e.MOBHAFVJJM8BWNKC.SEARCH&ppt=None&ppn=None&ssid=zzvul3f0wg0000001790850020768&qH=a5594894156db043&ov_redirect=true,2026-10-01
74,"MOTOROLA g37 (PANTONE Impenetrable, 64 GB)",MOTOROLA,17249,24999,31% off,4.3,"4,035",220,4 GB RAM,64 GB ROM,5200 mAh Battery,Dimensity 6400 Processor,16.92 cm (6.66 inch) HD+ Display,50MP Rear Camera | 8MP Front Camera,,https://www.flipkart.com/motorola-g37-pantone-impenetrable-64-gb/p/itm40c0c7bcb21fc?pid=MOBHHWB6GWE2CKHU&lid=LSTMOBHHWB6GWE2CKHUQEA6X8&marketplace=FLIPKART&q=smart+phones&store=tyy%2F4io&srno=s_4_74&otracker=search&fm=organic&iid=3ea44e12-e32e-42f4-9236-63c8bbe2e36e.MOBHHWB6GWE2CKHU.SEARCH&ppt=None&ppn=None&ssid=zzvul3f0wg0000001790850020768&qH=a5594894156db043&ov_redirect=true,2026-10-01
75,Vivo T4 Lite 5G (Titanium Gold 2026) (6GB 128GB),Vivo,20999,29999,30% off,4.3,"49,913","2,381",6 GB RAM,128 GB ROM,6000 mAh Battery,Dimensity 6300 5G Processor,17.12 cm (6.74 inch) HD+ Display,50MP + 2MP | 5MP Front Camera,5G,https://www.flipkart.com/vivo-t4-lite-5g-titanium-gold-2026-6gb-128gb/p/itm49fb53d099f3c?pid=MOBHNCRKYQAYV5ZC&lid=LSTMOBHNCRKYQAYV5ZCT08IBQ&marketplace=FLIPKART&q=smart+phones&store=tyy%2F4io&srno=s_4_75&otracker=search&fm=organic&iid=3ea44e12-e32e-42f4-9236-63c8bbe2e36e.MOBHNCRKYQAYV5ZC.SEARCH&ppt=None&ppn=None&ssid=zzvul3f0wg0000001790850020768&qH=a5594894156db043&ov_redirect=true,2026-10-01
76,"POCO C85x 5G (Sunset Gold, 128 GB)",POCO,15999,21999,27% off,4.1,"5,797",795,4 GB RAM,128 GB ROM,6300 mAh Lithium-Ion Polymer Battery,T8300 Processor,17.53 cm (6.9 inch) HD+ Display,32MP Rear Camera,,https://www.flipkart.com/poco-c85x-5g-sunset-gold-128-gb/p/itm20c91efa7906e?pid=MOBHMGG5BR94DQRY&lid=LSTMOBHMGG5BR94DQRY8N6NYY&marketplace=FLIPKART&q=smart+phones&store=tyy%2F4io&srno=s_4_76&otracker=search&fm=organic&iid=3ea44e12-e32e-42f4-9236-63c8bbe2e36e.MOBHMGG5BR94DQRY.SEARCH&ppt=None&ppn=None&ssid=zzvul3f0wg0000001790850020768&qH=a5594894156db043&ov_redirect=true,2026-10-01
77,"Tecno Spark Go 3 (Titanium Grey, 64 GB)",Tecno,12499,15999,21% off,4.1,221,15,4 GB RAM,64 GB ROM,5000 mAh Lithium Polymer Battery,T7250 Processor,17.12 cm (6.74 inch) HD+ Display,13MP Rear Camera | 8MP Front Camera,,https://www.flipkart.com/tecno-spark-go-3-titanium-grey-64-gb/p/itma9c8f128a61c6?pid=MOBHP2QY7GH4XWWS&lid=LSTMOBHP2QY7GH4XWWSUZBT2N&marketplace=FLIPKART&q=smart+phones&store=tyy%2F4io&srno=s_4_77&otracker=search&fm=organic&iid=en_cTWbCItJ0B_NpGTFOcSHwgWR5zFhYEztkQJwsQlWkrVYdtPzZniNYfkmkBR6EuLzvdhgVIDAS43502YR2UC6WzzVjjVgBxhvbGO4C2Nu8sAd_2tC9abxgsDZCYpseERZ&ppt=None&ppn=None&ssid=zzvul3f0wg0000001790850020768&qH=a5594894156db043&ov_redirect=true,2026-10-01
78,"Tecno Spark Go 3 (Ink Black, 64 GB)",Tecno,12499,15999,21% off,4.1,221,15,4 GB RAM,64 GB ROM,5000 mAh Lithium Polymer Battery,T7250 Processor,17.12 cm (6.74 inch) HD+ Display,13MP Rear Camera | 8MP Front Camera,,https://www.flipkart.com/tecno-spark-go-3-ink-black-64-gb/p/itma9c8f128a61c6?pid=MOBHP2QYCXZZE3CM&lid=LSTMOBHP2QYCXZZE3CMWW64IB&marketplace=FLIPKART&q=smart+phones&store=tyy%2F4io&srno=s_4_78&otracker=search&fm=organic&iid=en_cTWbCItJ0B_NpGTFOcSHwgWR5zFhYEztkQJwsQlWkrXiiQ17RLBC_lJ7hQH0eaEBXSTZgtzvjftyjvmwmzsaRgiCj5dWzPgr1ZNpuYyjSmgd_2tC9abxgsDZCYpseERZ&ppt=None&ppn=None&ssid=zzvul3f0wg0000001790850020768&qH=a5594894156db043&ov_redirect=true,2026-10-01
79,"POCO F7 5G (Phantom Black, 256 GB)",POCO,35999,,,4.4,"23,523","2,929",12 GB RAM,256 GB ROM,"Battery 7550mAh, 90W charger, 22.5W reverse charging",8s Gen 4 Processor,Display -6.83 inch 1.5K pOLED with 120 Hz refresh rate,Front camera -20MP with Portrait Mode | | Front Video Recording | Night Mode,,https://www.flipkart.com/poco-f7-5g-phantom-black-256-gb/p/itm632bdcafce49a?pid=MOBHCY2UG9GJJGCM&lid=LSTMOBHCY2UG9GJJGCMA8FJ7V&marketplace=FLIPKART&q=smart+phones&store=tyy%2F4io&srno=s_4_79&otracker=search&fm=organic&iid=3ea44e12-e32e-42f4-9236-63c8bbe2e36e.MOBHCY2UG9GJJGCM.SEARCH&ppt=None&ppn=None&ssid=zzvul3f0wg0000001790850020768&qH=a5594894156db043&ov_redirect=true,2026-10-01
80,"REDMI 15 5G (Sandy Purple, 256 GB)",REDMI,27499,,,4.3,"5,018",320,8 GB RAM,256 GB ROM,7000 mAh Battery,,17.53 cm (6.9 inch) Display,50MP Rear Camera,,https://www.flipkart.com/redmi-15-5g-sandy-purple-256-gb/p/itmd7bced8727891?pid=MOBHFH95JHYG8ZPN&lid=LSTMOBHFH95JHYG8ZPN9YQJGV&marketplace=FLIPKART&q=smart+phones&store=tyy%2F4io&srno=s_4_80&otracker=search&fm=organic&iid=3ea44e12-e32e-42f4-9236-63c8bbe2e36e.MOBHFH95JHYG8ZPN.SEARCH&ppt=None&ppn=None&ssid=zzvul3f0wg0000001790850020768&qH=a5594894156db043&ov_redirect=true,2026-10-01
81,"POCO C81 (Sunset Gold, 64 GB)",POCO,12999,19999,35% off,3.7,525,45,4 GB RAM,64 GB ROM,6300 mAh Lithium-Ion Polymer Battery,T7250 Processor,17.53 cm (6.9 inch) Display,13MP Rear Camera | 8MP Front Camera,,https://www.flipkart.com/poco-c81-sunset-gold-64-gb/p/itmd046653de9427?pid=MOBHMYWRFE7GZVJF&lid=LSTMOBHMYWRFE7GZVJFDOOJZL&marketplace=FLIPKART&q=smart+phones&store=tyy%2F4io&srno=s_4_81&otracker=search&fm=organic&iid=3ea44e12-e32e-42f4-9236-63c8bbe2e36e.MOBHMYWRFE7GZVJF.SEARCH&ppt=None&ppn=None&ssid=zzvul3f0wg0000001790850020768&qH=a5594894156db043&ov_redirect=true,2026-10-01
82,"MOTOROLA g35 5G (Leaf Green, 128 GB)",MOTOROLA,13999,15499,9% off,4.2,"16,480","1,128",8 GB RAM,128 GB ROM,5000 mAh Battery,T760 Processor,17.07 cm (6.72 inch) Full HD+ Display,50MP + 8MP | 16MP Front Camera,5G,https://www.flipkart.com/motorola-g35-5g-leaf-green-128-gb/p/itmf1ec516a5574d?pid=MOBHFNAZBBBAJZAH&lid=LSTMOBHFNAZBBBAJZAHVMHBGN&marketplace=FLIPKART&q=smart+phones&store=tyy%2F4io&srno=s_4_82&otracker=search&fm=organic&iid=3ea44e12-e32e-42f4-9236-63c8bbe2e36e.MOBHFNAZBBBAJZAH.SEARCH&ppt=None&ppn=None&ssid=zzvul3f0wg0000001790850020768&qH=a5594894156db043&ov_redirect=true,2026-10-01
83,"POCO C81x (Ice Blue, 64 GB)",POCO,11999,18999,36% off,3.9,657,39,3 GB RAM,64 GB ROM,5200 mAh Lithium-Ion Polymer Battery,T7250 Processor,17.48 cm (6.88 inch) Display,13MP Rear Camera | 8MP Front Camera,,https://www.flipkart.com/poco-c81x-ice-blue-64-gb/p/itmf2e3aacd5257e?pid=MOBHMYWRWPE4S8G6&lid=LSTMOBHMYWRWPE4S8G6INAADH&marketplace=FLIPKART&q=smart+phones&store=tyy%2F4io&srno=s_4_83&otracker=search&fm=organic&iid=3ea44e12-e32e-42f4-9236-63c8bbe2e36e.MOBHMYWRWPE4S8G6.SEARCH&ppt=None&ppn=None&ssid=zzvul3f0wg0000001790850020768&qH=a5594894156db043&ov_redirect=true,2026-10-01
84,"POCO M8x 5G (Leather Green, 128 GB)",POCO,20999,49999,58% off,3.9,366,123,6 GB RAM,128 GB ROM,7900 mAh Lithium-Ion Polymer Battery,4 Gen 5 Processor,17.53 cm (6.9 inch) Full HD Display,50MP Rear Camera,,https://www.flipkart.com/poco-m8x-5g-leather-green-128-gb/p/itme6f5614abf6c5?pid=MOBHPCYNQBWVYH7P&lid=LSTMOBHPCYNQBWVYH7PCOEKXT&marketplace=FLIPKART&q=smart+phones&store=tyy%2F4io&srno=s_4_84&otracker=search&fm=organic&iid=3ea44e12-e32e-42f4-9236-63c8bbe2e36e.MOBHPCYNQBWVYH7P.SEARCH&ppt=None&ppn=None&ssid=zzvul3f0wg0000001790850020768&qH=a5594894156db043&ov_redirect=true,2026-10-01
85,"OnePlus Nord CE6 (Pitch Black, 128 GB)",OnePlus,36388,40999,11% off,4.5,"1,362",103,8 GB RAM,128 GB ROM,8000 mAh Battery,Qualcomm® Snapdragon™ 7s Gen 4 Processor,17.22 cm (6.78 inch) Full HD+ Display,50MP Rear Camera | 2MP Front Camera,,https://www.flipkart.com/oneplus-nord-ce6-pitch-black-128-gb/p/itmd7b224b18cb05?pid=MOBHN886XZV5BC22&lid=LSTMOBHN886XZV5BC22NILUJN&marketplace=FLIPKART&q=smart+phones&store=tyy%2F4io&srno=s_4_85&otracker=search&fm=organic&iid=3ea44e12-e32e-42f4-9236-63c8bbe2e36e.MOBHN886XZV5BC22.SEARCH&ppt=None&ppn=None&ssid=zzvul3f0wg0000001790850020768&qH=a5594894156db043&ov_redirect=true,2026-10-01
86,"MOTOROLA g06 power (Pantone Laurel Oak, 64 GB)",MOTOROLA,15249,19999,23% off,4.2,"24,161","1,677",4 GB RAM,64 GB ROM,7000 mAh Battery,Helio G81 Processor,17.48 cm (6.88 inch) HD+ Display,50MP Rear Camera | 8MP Front Camera,,https://www.flipkart.com/motorola-g06-power-pantone-laurel-oak-64-gb/p/itm1010d22c11412?pid=MOBHN973VRPBQTKY&lid=LSTMOBHN973VRPBQTKYGYH2X6&marketplace=FLIPKART&q=smart+phones&store=tyy%2F4io&srno=s_4_86&otracker=search&fm=organic&iid=3ea44e12-e32e-42f4-9236-63c8bbe2e36e.MOBHN973VRPBQTKY.SEARCH&ppt=None&ppn=None&ssid=zzvul3f0wg0000001790850020768&qH=a5594894156db043&ov_redirect=true,2026-10-01
87,"MOTOROLA g37 (PANTONE Capri, 64 GB)",MOTOROLA,17249,24999,31% off,4.3,"4,035",220,4 GB RAM,64 GB ROM,5200 mAh Battery,Dimensity 6400 Processor,16.92 cm (6.66 inch) HD+ Display,50MP Rear Camera | 8MP Front Camera,,https://www.flipkart.com/motorola-g37-pantone-capri-64-gb/p/itm54f0e687c7b29?pid=MOBHHWB6U3Q3RYFD&lid=LSTMOBHHWB6U3Q3RYFDYGJVNO&marketplace=FLIPKART&q=smart+phones&store=tyy%2F4io&srno=s_4_87&otracker=search&fm=organic&iid=3ea44e12-e32e-42f4-9236-63c8bbe2e36e.MOBHHWB6U3Q3RYFD.SEARCH&ppt=None&ppn=None&ssid=zzvul3f0wg0000001790850020768&qH=a5594894156db043&ov_redirect=true,2026-10-01
88,"POCO C85x 5G (Elite Black, 128 GB)",POCO,15999,21999,27% off,4.1,"5,797",795,4 GB RAM,128 GB ROM,6300 mAh Lithium-Ion Polymer Battery,T8300 Processor,17.53 cm (6.9 inch) HD+ Display,32MP Rear Camera,,https://www.flipkart.com/poco-c85x-5g-elite-black-128-gb/p/itm06a09efeeced7?pid=MOBHMGG5NGH9MQBY&lid=LSTMOBHMGG5NGH9MQBY3J4OBU&marketplace=FLIPKART&q=smart+phones&store=tyy%2F4io&srno=s_4_88&otracker=search&fm=organic&iid=3ea44e12-e32e-42f4-9236-63c8bbe2e36e.MOBHMGG5NGH9MQBY.SEARCH&ppt=None&ppn=None&ssid=zzvul3f0wg0000001790850020768&qH=a5594894156db043&ov_redirect=true,2026-10-01
89,"REDMI 15 5G (Midnight Black, 256 GB)",REDMI,25854,27499,5% off,4.3,"5,018",320,8 GB RAM,256 GB ROM,7000 mAh Battery,,17.53 cm (6.9 inch) Display,50MP Rear Camera,,https://www.flipkart.com/redmi-15-5g-midnight-black-256-gb/p/itm2b8ff5e4eccab?pid=MOBHFGBGBNY2ZSZX&lid=LSTMOBHFGBGBNY2ZSZXXMG54U&marketplace=FLIPKART&q=smart+phones&store=tyy%2F4io&srno=s_4_89&otracker=search&fm=organic&iid=3ea44e12-e32e-42f4-9236-63c8bbe2e36e.MOBHFGBGBNY2ZSZX.SEARCH&ppt=None&ppn=None&ssid=zzvul3f0wg0000001790850020768&qH=a5594894156db043&ov_redirect=true,2026-10-01
90,"POCO M8 Power 5G (Green, 128 GB)",POCO,24999,54999,54% off,4.7,"1,531",893,6 GB RAM,128 GB ROM,8000 mAh Lithium-Ion Polymer Battery,Snapdragon Gen 4 Processor,17.75 cm (6.99 inch) Full HD+ AMOLED Display,50MP Rear Camera | 8MP Front Camera,,https://www.flipkart.com/poco-m8-power-5g-green-128-gb/p/itmd5d508dcd6172?pid=MOBHPCYNBFXP5TG9&lid=LSTMOBHPCYNBFXP5TG9ASUJFA&marketplace=FLIPKART&q=smart+phones&store=tyy%2F4io&srno=s_4_90&otracker=search&fm=organic&iid=3ea44e12-e32e-42f4-9236-63c8bbe2e36e.MOBHPCYNBFXP5TG9.SEARCH&ppt=None&ppn=None&ssid=zzvul3f0wg0000001790850020768&qH=a5594894156db043&ov_redirect=true,2026-10-01
91,"POCO M8 Power 5G (Blaze Orange, 128 GB)",POCO,27999,59999,53% off,4.6,376,272,8 GB RAM,128 GB ROM,8000 mAh Lithium-Ion Polymer Battery,Snapdragon Gen 4 Processor,17.75 cm (6.99 inch) Full HD+ AMOLED Display,50MP Rear Camera | 8MP Front Camera,,https://www.flipkart.com/poco-m8-power-5g-blaze-orange-128-gb/p/itme6ed250ab73df?pid=MOBHPCYNFWHRJD8C&lid=LSTMOBHPCYNFWHRJD8C5JT1AV&marketplace=FLIPKART&q=smart+phones&store=tyy%2F4io&srno=s_4_91&otracker=search&fm=organic&iid=3ea44e12-e32e-42f4-9236-63c8bbe2e36e.MOBHPCYNFWHRJD8C.SEARCH&ppt=None&ppn=None&ssid=zzvul3f0wg0000001790850020768&qH=a5594894156db043&ov_redirect=true,2026-10-01
92,"REDMI 15C 5G (Dusk Purple, 128 GB)",REDMI,21999,24999,12% off,4.3,486,45,8 GB RAM,128 GB ROM,6000 mAh Battery,,17.53 cm (6.9 inch) Display,50MP Rear Camera,,https://www.flipkart.com/redmi-15c-5g-dusk-purple-128-gb/p/itmc1345bb45eef3?pid=MOBHGGZ2AASSW7RG&lid=LSTMOBHGGZ2AASSW7RGYDDFFV&marketplace=FLIPKART&q=smart+phones&store=tyy%2F4io&srno=s_4_92&otracker=search&fm=organic&iid=3ea44e12-e32e-42f4-9236-63c8bbe2e36e.MOBHGGZ2AASSW7RG.SEARCH&ppt=None&ppn=None&ssid=zzvul3f0wg0000001790850020768&qH=a5594894156db043&ov_redirect=true,2026-10-01
93,"POCO C85x 5G (Sunset Gold, 64 GB)",POCO,14999,20999,28% off,4.1,"5,797",795,4 GB RAM,64 GB ROM,6300 mAh Lithium-Ion Polymer Battery,T8300 Processor,17.53 cm (6.9 inch) HD+ Display,32MP Rear Camera,,https://www.flipkart.com/poco-c85x-5g-sunset-gold-64-gb/p/itm09453073b3b2e?pid=MOBHMGG5PYZRFMKU&lid=LSTMOBHMGG5PYZRFMKUWRLUZB&marketplace=FLIPKART&q=smart+phones&store=tyy%2F4io&srno=s_4_93&otracker=search&fm=organic&iid=3ea44e12-e32e-42f4-9236-63c8bbe2e36e.MOBHMGG5PYZRFMKU.SEARCH&ppt=None&ppn=None&ssid=zzvul3f0wg0000001790850020768&qH=a5594894156db043&ov_redirect=true,2026-10-01
94,"POCO X8 5G (Frost White, 256 GB)",POCO,35999,74999,52% off,4.2,49,12,8 GB RAM,256 GB ROM,9000 mAh Lithium-Ion Polymer Battery,6s Gen 4 Processor,17.35 cm (6.83 inch) Full HD+ AMOLED Display,50MP + 2MP | 16MP Front Camera,,https://www.flipkart.com/poco-x8-5g-frost-white-256-gb/p/itm0e8677ca357ef?pid=MOBHQ6XZHFHPPAJW&lid=LSTMOBHQ6XZHFHPPAJW6BRX1M&marketplace=FLIPKART&q=smart+phones&store=tyy%2F4io&srno=s_4_94&otracker=search&fm=organic&iid=3ea44e12-e32e-42f4-9236-63c8bbe2e36e.MOBHQ6XZHFHPPAJW.SEARCH&ppt=None&ppn=None&ssid=zzvul3f0wg0000001790850020768&qH=a5594894156db043&ov_redirect=true,2026-10-01
95,"realme 15 5G (Silk Pink, 256 GB)",realme,31999,,,4.4,"11,375","1,223",8 GB RAM,256 GB ROM,7000 mAh Battery,Mediatek Dimensity 7300+ 5G Processor,17.27 cm (6.8 inch) Full HD+ Display,50MP + 8MP | 50MP Front Camera,5G,https://www.flipkart.com/realme-15-5g-silk-pink-256-gb/p/itme9581fbd0e97a?pid=MOBHDUKFZF7UPZZZ&lid=LSTMOBHDUKFZF7UPZZZJPBCBN&marketplace=FLIPKART&q=smart+phones&store=tyy%2F4io&srno=s_4_95&otracker=search&fm=organic&iid=3ea44e12-e32e-42f4-9236-63c8bbe2e36e.MOBHDUKFZF7UPZZZ.SEARCH&ppt=None&ppn=None&ssid=zzvul3f0wg0000001790850020768&qH=a5594894156db043&ov_redirect=true,2026-10-01
96,"realme 15 5G (Flowing Silver, 256 GB)",realme,33999,34999,2% off,4.4,647,76,12 GB RAM,256 GB ROM,7000 mAh Battery,Mediatek Dimensity 7300+ 5G Processor,17.27 cm (6.8 inch) Display,50MP + 8MP | 50MP Front Camera,5G,https://www.flipkart.com/realme-15-5g-flowing-silver-256-gb/p/itme9581fbd0e97a?pid=MOBHDUKFZ6BZGZZV&lid=LSTMOBHDUKFZ6BZGZZVKEIOXT&marketplace=FLIPKART&q=smart+phones&store=tyy%2F4io&srno=s_4_96&otracker=search&fm=organic&iid=3ea44e12-e32e-42f4-9236-63c8bbe2e36e.MOBHDUKFZ6BZGZZV.SEARCH&ppt=None&ppn=None&ssid=zzvul3f0wg0000001790850020768&qH=a5594894156db043&ov_redirect=true,2026-10-01
97,"Tecno Spark Go 3 (Titanium Grey, 64 GB)",Tecno,12499,15999,21% off,4.1,221,15,4 GB RAM,64 GB ROM,5000 mAh Lithium Polymer Battery,T7250 Processor,17.12 cm (6.74 inch) HD+ Display,13MP Rear Camera | 8MP Front Camera,,https://www.flipkart.com/tecno-spark-go-3-titanium-grey-64-gb/p/itma9c8f128a61c6?pid=MOBHP2QY7GH4XWWS&lid=LSTMOBHP2QY7GH4XWWSUZBT2N&marketplace=FLIPKART&q=smart+phones&store=tyy%2F4io&srno=s_5_97&otracker=search&fm=organic&iid=en_a-_vITtCToSXOxS0j0uryiGzwk7JJaTw38aM7nyUT9jtqYWmee6FkqCiSphsX8cHvdhgVIDAS43502YR2UC6WzzVjjVgBxhvbGO4C2Nu8sDYzaMqI-yYUvCiL0u7ybm1&ppt=None&ppn=None&ssid=0bdizh2wv40000001790850023570&qH=a5594894156db043&ov_redirect=true,2026-10-01
98,"vivo T5x 5G (Satin Silver, 128 GB)",vivo,27999,45999,39% off,4.4,"22,241","1,516",6 GB RAM,128 GB ROM,7200 mAh Li-ion Battery,Dimensity 7400-Turbo Processor,17.17 cm (6.76 inch) Display,50MP + 2MP | 32MP Front Camera,,https://www.flipkart.com/vivo-t5x-5g-satin-silver-128-gb/p/itm7da8aa253e72b?pid=MOBHQC8ZUXZ4YM5F&lid=LSTMOBHQC8ZUXZ4YM5FJA0BYF&marketplace=FLIPKART&q=smart+phones&store=tyy%2F4io&srno=s_5_98&otracker=search&fm=organic&iid=21c05fc8-bc0e-481d-b863-fa37ddc084db.MOBHQC8ZUXZ4YM5F.SEARCH&ppt=None&ppn=None&ssid=0bdizh2wv40000001790850023570&qH=a5594894156db043&ov_redirect=true,2026-10-01
99,"POCO M8 (Frost Silver, 128 GB)",POCO,26999,27999,3% off,4.3,"2,306",210,8 GB RAM,128 GB ROM,5520 mAh Battery,,17.2 cm (6.77 inch) Full HD+ Display,50MP Rear Camera | 20MP Front Camera,,https://www.flipkart.com/poco-m8-frost-silver-128-gb/p/itm63246b4036f90?pid=MOBHMGG5ZFANS2WQ&lid=LSTMOBHMGG5ZFANS2WQVUHDCT&marketplace=FLIPKART&q=smart+phones&store=tyy%2F4io&srno=s_5_99&otracker=search&fm=organic&iid=21c05fc8-bc0e-481d-b863-fa37ddc084db.MOBHMGG5ZFANS2WQ.SEARCH&ppt=None&ppn=None&ssid=0bdizh2wv40000001790850023570&qH=a5594894156db043&ov_redirect=true,2026-10-01
100,"IQOO Neo 10 (Alpine White, 256 GB)",IQOO,45999,,,4.5,"2,073",200,8 GB RAM,256 GB ROM,7000 mAh Battery,Qualcomm Snapdragon 8s Gen 4 Processor,17.22 cm (6.78 inch) Full HD+ Super AMOLED Display,50MP Rear Camera,,https://www.flipkart.com/iqoo-neo-10-alpine-white-256-gb/p/itmd7cf79f1b18e3?pid=MOBHN6VSWBUHVZGY&lid=LSTMOBHN6VSWBUHVZGYZOTDNQ&marketplace=FLIPKART&q=smart+phones&store=tyy%2F4io&srno=s_5_100&otracker=search&fm=organic&iid=21c05fc8-bc0e-481d-b863-fa37ddc084db.MOBHN6VSWBUHVZGY.SEARCH&ppt=None&ppn=None&ssid=0bdizh2wv40000001790850023570&qH=a5594894156db043&ov_redirect=true,2026-10-01
101,"POCO M8 (Frost Silver, 256 GB)",POCO,28999,29999,3% off,4.3,"2,306",210,8 GB RAM,256 GB ROM,5520 mAh Battery,,17.2 cm (6.77 inch) Full HD+ Display,50MP Rear Camera | 20MP Front Camera,,https://www.flipkart.com/poco-m8-frost-silver-256-gb/p/itm8c312b91832a8?pid=MOBHMGG52VFGBGZE&lid=LSTMOBHMGG52VFGBGZEZEW7SR&marketplace=FLIPKART&q=smart+phones&store=tyy%2F4io&srno=s_5_101&otracker=search&fm=organic&iid=21c05fc8-bc0e-481d-b863-fa37ddc084db.MOBHMGG52VFGBGZE.SEARCH&ppt=None&ppn=None&ssid=0bdizh2wv40000001790850023570&qH=a5594894156db043&ov_redirect=true,2026-10-01
102,"POCO M8 (Glacial Blue, 128 GB)",POCO,26999,27999,3% off,4.3,"2,306",210,8 GB RAM,128 GB ROM,5520 mAh Battery,,17.2 cm (6.77 inch) Full HD+ Display,50MP Rear Camera | 20MP Front Camera,,https://www.flipkart.com/poco-m8-glacial-blue-128-gb/p/itm6b3b306f7eff7?pid=MOBHMGG5ZSHFKTDC&lid=LSTMOBHMGG5ZSHFKTDCASGIPD&marketplace=FLIPKART&q=smart+phones&store=tyy%2F4io&srno=s_5_102&otracker=search&fm=organic&iid=21c05fc8-bc0e-481d-b863-fa37ddc084db.MOBHMGG5ZSHFKTDC.SEARCH&ppt=None&ppn=None&ssid=0bdizh2wv40000001790850023570&qH=a5594894156db043&ov_redirect=true,2026-10-01
103,"realme 15 5G (Flowing Silver, 256 GB)",realme,31999,,,4.4,"11,375","1,223",8 GB RAM,256 GB ROM,7000 mAh Battery,Mediatek Dimensity 7300+ 5G Processor,17.27 cm (6.8 inch) Full HD+ AMOLED Display,50MP + 8MP | 50MP Front Camera,5G,https://www.flipkart.com/realme-15-5g-flowing-silver-256-gb/p/itme9581fbd0e97a?pid=MOBHDUKFVXWQKMPS&lid=LSTMOBHDUKFVXWQKMPSPQRFB1&marketplace=FLIPKART&q=smart+phones&store=tyy%2F4io&srno=s_5_103&otracker=search&fm=organic&iid=21c05fc8-bc0e-481d-b863-fa37ddc084db.MOBHDUKFVXWQKMPS.SEARCH&ppt=None&ppn=None&ssid=0bdizh2wv40000001790850023570&qH=a5594894156db043&ov_redirect=true,2026-10-01
104,"POCO M8 (Glacial Blue, 128 GB)",POCO,24999,25999,3% off,4.3,"3,841",362,6 GB RAM,128 GB ROM,5520 mAh Battery,,17.2 cm (6.77 inch) Full HD+ Display,50MP Rear Camera | 20MP Front Camera,,https://www.flipkart.com/poco-m8-glacial-blue-128-gb/p/itme842f8232f12d?pid=MOBHMGG5XCXH4QYY&lid=LSTMOBHMGG5XCXH4QYY8WJBHR&marketplace=FLIPKART&q=smart+phones&store=tyy%2F4io&srno=s_5_104&otracker=search&fm=organic&iid=21c05fc8-bc0e-481d-b863-fa37ddc084db.MOBHMGG5XCXH4QYY.SEARCH&ppt=None&ppn=None&ssid=0bdizh2wv40000001790850023570&qH=a5594894156db043&ov_redirect=true,2026-10-01
105,"BOLTT EVO (Midnight Black, 128 GB)",BOLTT,11499,18999,39% off,3.9,"1,593",737,6 GB RAM,128 GB ROM,6000 mAh Lithium ion Battery,T7250 Processor,6.79'' HD+ punch hole display,50MP + 2MP | 8MP Front Camera,,https://www.flipkart.com/boltt-evo-midnight-black-128-gb/p/itmf046d663a1fd7?pid=MOBHPP59RWHM2PJH&lid=LSTMOBHPP59RWHM2PJHUUF4AF&marketplace=FLIPKART&q=smart+phones&store=tyy%2F4io&srno=s_5_105&otracker=search&fm=organic&iid=21c05fc8-bc0e-481d-b863-fa37ddc084db.MOBHPP59RWHM2PJH.SEARCH&ppt=None&ppn=None&ssid=0bdizh2wv40000001790850023570&qH=a5594894156db043&ov_redirect=true,2026-10-01
106,"Samsung Galaxy F06 5G (Bahama Blue, 64 GB)",Samsung,12499,,,4.2,"48,084","3,571",4 GB RAM,64 GB ROM,5000 mAh Battery,Dimensity 6300 Processor,43.23 cm (17.018 cm) HD+ Display,50MP + 2MP | 8MP Front Camera,,https://www.flipkart.com/samsung-galaxy-f06-5g-bahama-blue-64-gb/p/itma2920c68b7fc8?pid=MOBHBF5JDCSG2TVD&lid=LSTMOBHBF5JDCSG2TVDZWHXAM&marketplace=FLIPKART&q=smart+phones&store=tyy%2F4io&srno=s_5_106&otracker=search&fm=organic&iid=21c05fc8-bc0e-481d-b863-fa37ddc084db.MOBHBF5JDCSG2TVD.SEARCH&ppt=None&ppn=None&ssid=0bdizh2wv40000001790850023570&qH=a5594894156db043&ov_redirect=true,2026-10-01
107,"Samsung Galaxy F06 5G (Bahama Blue, 128 GB)",Samsung,13999,,,4.2,"48,084","3,571",4 GB RAM,128 GB ROM,5000 mAh Battery,Dimensity 6300 Processor,43.23 cm (17.018 cm) HD+ Display,50MP + 2MP | 8MP Front Camera,,https://www.flipkart.com/samsung-galaxy-f06-5g-bahama-blue-128-gb/p/itm58189fada62cb?pid=MOBH9AS47XHFRMJY&lid=LSTMOBH9AS47XHFRMJYWI8CRI&marketplace=FLIPKART&q=smart+phones&store=tyy%2F4io&srno=s_5_107&otracker=search&fm=organic&iid=21c05fc8-bc0e-481d-b863-fa37ddc084db.MOBH9AS47XHFRMJY.SEARCH&ppt=None&ppn=None&ssid=0bdizh2wv40000001790850023570&qH=a5594894156db043&ov_redirect=true,2026-10-01
108,"Samsung M05 (Mint Green, 64 GB)",Samsung,6748,9999,32% off,4.3,"4,198",192,4 GB RAM,64 GB ROM,5000 mAh Battery,,17.02 cm (6.7 inch) Display,50MP Rear Camera,,https://www.flipkart.com/samsung-m05-mint-green-64-gb/p/itm99fc37d43aff8?pid=MOBH4Z9VZNVRFV85&lid=LSTMOBH4Z9VZNVRFV85ETWHK7&marketplace=FLIPKART&q=smart+phones&store=tyy%2F4io&srno=s_5_108&otracker=search&fm=organic&iid=21c05fc8-bc0e-481d-b863-fa37ddc084db.MOBH4Z9VZNVRFV85.SEARCH&ppt=None&ppn=None&ssid=0bdizh2wv40000001790850023570&qH=a5594894156db043&ov_redirect=true,2026-10-01
109,"Ai+ Pulse 1 (Blue, 64 GB)",Ai+,7999,,,4.2,"42,948","3,630",4 GB RAM,64 GB ROM,5000 mAh Battery,T615 Processor,17.13 cm (6.745 inch) HD+ Display,50MP Rear Camera | 5MP Front Camera,,https://www.flipkart.com/ai-pulse-1-blue-64-gb/p/itm039eaa37b8fdb?pid=MOBHDDQXW4ZVQFFX&lid=LSTMOBHDDQXW4ZVQFFXZCFXAD&marketplace=FLIPKART&q=smart+phones&store=tyy%2F4io&srno=s_5_109&otracker=search&fm=organic&iid=21c05fc8-bc0e-481d-b863-fa37ddc084db.MOBHDDQXW4ZVQFFX.SEARCH&ppt=None&ppn=None&ssid=0bdizh2wv40000001790850023570&qH=a5594894156db043&ov_redirect=true,2026-10-01
110,"POCO C71  - Locked with Airtel Prepaid (Desert Gold, 64 GB)",POCO,8999,,,3.8,"61,857","3,319",4 GB RAM,64 GB ROM,5200 mAh Battery,Unisoc T7250,17.48 cm (6.88 inch) HD+ Display,32MP Rear Camera | 8MP Front Camera,,https://www.flipkart.com/poco-c71-locked-airtel-prepaid-desert-gold-64-gb/p/itmb0bb5af15d090?pid=MOBHAFVJ5QYQMBRV&lid=LSTMOBHAFVJ5QYQMBRVUWBY58&marketplace=FLIPKART&q=smart+phones&store=tyy%2F4io&srno=s_5_110&otracker=search&fm=organic&iid=21c05fc8-bc0e-481d-b863-fa37ddc084db.MOBHAFVJ5QYQMBRV.SEARCH&ppt=None&ppn=None&ssid=0bdizh2wv40000001790850023570&qH=a5594894156db043&ov_redirect=true,2026-10-01
111,"Ai+ Pulse 1 (Sparkle Red, 64 GB)",Ai+,7999,,,4.2,"42,948","3,630",4 GB RAM,64 GB ROM,5000 mAh Battery,T615 Processor,17.13 cm (6.745 inch) HD+ Display,50MP Rear Camera | 5MP Front Camera,,https://www.flipkart.com/ai-pulse-1-sparkle-red-64-gb/p/itm475b5391ff251?pid=MOBHFG2DP4QYFDMP&lid=LSTMOBHFG2DP4QYFDMPEBEVVS&marketplace=FLIPKART&q=smart+phones&store=tyy%2F4io&srno=s_5_111&otracker=search&fm=organic&iid=21c05fc8-bc0e-481d-b863-fa37ddc084db.MOBHFG2DP4QYFDMP.SEARCH&ppt=None&ppn=None&ssid=0bdizh2wv40000001790850023570&qH=a5594894156db043&ov_redirect=true,2026-10-01
112,"POCO C71  - Locked with Airtel Prepaid (Power Black, 64 GB)",POCO,8999,,,3.8,"61,857","3,319",4 GB RAM,64 GB ROM,5200 mAh Battery,Unisoc T7250,17.48 cm (6.88 inch) HD+ Display,32MP Rear Camera | 8MP Front Camera,,https://www.flipkart.com/poco-c71-locked-airtel-prepaid-power-black-64-gb/p/itm24887c72b7130?pid=MOBHAFVJMF328YYJ&lid=LSTMOBHAFVJMF328YYJQZ40NI&marketplace=FLIPKART&q=smart+phones&store=tyy%2F4io&srno=s_5_112&otracker=search&fm=organic&iid=21c05fc8-bc0e-481d-b863-fa37ddc084db.MOBHAFVJMF328YYJ.SEARCH&ppt=None&ppn=None&ssid=0bdizh2wv40000001790850023570&qH=a5594894156db043&ov_redirect=true,2026-10-01
113,"vivo T4 Lite 5G Charger in the Box (Titanium Gold, 128 GB)",vivo,14999,,,4.3,"49,916","2,382",6 GB RAM,128 GB ROM,6000 mAh Battery,Dimensity 6300 5G Processor,17.12 cm (6.74 inch) HD+ Display,50MP + 2MP | 5MP Front Camera,5G,https://www.flipkart.com/vivo-t4-lite-5g-charger-box-titanium-gold-128-gb/p/itm9886d6e522c4b?pid=MOBHDY9FWXVJYCFM&lid=LSTMOBHDY9FWXVJYCFMZULPBM&marketplace=FLIPKART&q=smart+phones&store=tyy%2F4io&srno=s_5_113&otracker=search&fm=organic&iid=21c05fc8-bc0e-481d-b863-fa37ddc084db.MOBHDY9FWXVJYCFM.SEARCH&ppt=None&ppn=None&ssid=0bdizh2wv40000001790850023570&qH=a5594894156db043&ov_redirect=true,2026-10-01
114,"POCO C71  - Locked with Airtel Prepaid (Cool Blue, 64 GB)",POCO,8999,,,3.8,"61,857","3,319",4 GB RAM,64 GB ROM,5200 mAh Battery,Unisoc T7250,17.48 cm (6.88 inch) HD+ Display,32MP Rear Camera | 8MP Front Camera,,https://www.flipkart.com/poco-c71-locked-airtel-prepaid-cool-blue-64-gb/p/itmdec407554268b?pid=MOBHAFVJBSV3VH9N&lid=LSTMOBHAFVJBSV3VH9NO4MONS&marketplace=FLIPKART&q=smart+phones&store=tyy%2F4io&srno=s_5_114&otracker=search&fm=organic&iid=21c05fc8-bc0e-481d-b863-fa37ddc084db.MOBHAFVJBSV3VH9N.SEARCH&ppt=None&ppn=None&ssid=0bdizh2wv40000001790850023570&qH=a5594894156db043&ov_redirect=true,2026-10-01
115,"Infinix Hot 60 5G+ (Tundra Green, 128 GB)",Infinix,17999,,,4.2,"3,698",313,6 GB RAM,128 GB ROM,5200 mAh Battery,Dimensity 7020 Processor,17.02 cm (6.7 inch) HD+ Display,50MP Rear Camera | 8MP Front Camera,,https://www.flipkart.com/infinix-hot-60-5g-tundra-green-128-gb/p/itm2154889174b3a?pid=MOBHDMJZRBVMRQGZ&lid=LSTMOBHDMJZRBVMRQGZJUNUMG&marketplace=FLIPKART&q=smart+phones&store=tyy%2F4io&srno=s_5_115&otracker=search&fm=organic&iid=21c05fc8-bc0e-481d-b863-fa37ddc084db.MOBHDMJZRBVMRQGZ.SEARCH&ppt=None&ppn=None&ssid=0bdizh2wv40000001790850023570&qH=a5594894156db043&ov_redirect=true,2026-10-01
116,"POCO M7 Plus 5G (Chrome Silver, 128 GB)",POCO,17999,,,4.2,"6,616",530,8 GB RAM,128 GB ROM,7000 mAh Battery,Snapdragon 6s Gen 3 5G Processor,17.53 cm (6.9 inch) Display,50MP AI Dual Camera,5G,https://www.flipkart.com/poco-m7-plus-5g-chrome-silver-128-gb/p/itm7074a66234a6d?pid=MOBHETX6NDXNUJGF&lid=LSTMOBHETX6NDXNUJGFQPHFB6&marketplace=FLIPKART&q=smart+phones&store=tyy%2F4io&srno=s_5_116&otracker=search&fm=organic&iid=21c05fc8-bc0e-481d-b863-fa37ddc084db.MOBHETX6NDXNUJGF.SEARCH&ppt=None&ppn=None&ssid=0bdizh2wv40000001790850023570&qH=a5594894156db043&ov_redirect=true,2026-10-01
117,"realme 15 5G (Silk Pink, 128 GB)",realme,29999,,,4.4,"11,375","1,223",8 GB RAM,128 GB ROM,7000 mAh Battery,Mediatek Dimensity 7300+ 5G Processor,17.27 cm (6.8 inch) Full HD+ Display,50MP + 8MP | 50MP Front Camera,5G,https://www.flipkart.com/realme-15-5g-silk-pink-128-gb/p/itme9581fbd0e97a?pid=MOBHDUKFCAYHHEPN&lid=LSTMOBHDUKFCAYHHEPNV0U5CZ&marketplace=FLIPKART&q=smart+phones&store=tyy%2F4io&srno=s_5_117&otracker=search&fm=organic&iid=21c05fc8-bc0e-481d-b863-fa37ddc084db.MOBHDUKFCAYHHEPN.SEARCH&ppt=None&ppn=None&ssid=0bdizh2wv40000001790850023570&qH=a5594894156db043&ov_redirect=true,2026-10-01
118,"Infinix Hot 60 5G+ (Caramel Glow, 128 GB)",Infinix,17999,,,4.2,"3,698",313,6 GB RAM,128 GB ROM,5200 mAh Battery,Dimensity 7020 Processor,17.02 cm (6.7 inch) HD+ Display,50MP Rear Camera | 8MP Front Camera,,https://www.flipkart.com/infinix-hot-60-5g-caramel-glow-128-gb/p/itm2154889174b3a?pid=MOBHDMJZ5ZHEGK9G&lid=LSTMOBHDMJZ5ZHEGK9GSQSKG0&marketplace=FLIPKART&q=smart+phones&store=tyy%2F4io&srno=s_5_118&otracker=search&fm=organic&iid=21c05fc8-bc0e-481d-b863-fa37ddc084db.MOBHDMJZ5ZHEGK9G.SEARCH&ppt=None&ppn=None&ssid=0bdizh2wv40000001790850023570&qH=a5594894156db043&ov_redirect=true,2026-10-01
119,"realme 15 5G (Velvet Green, 128 GB)",realme,29999,,,4.4,"11,375","1,223",8 GB RAM,128 GB ROM,7000 mAh Battery,Mediatek Dimensity 7300+ 5G Processor,17.27 cm (6.8 inch) Full HD+ Display,50MP + 8MP | 50MP Front Camera,5G,https://www.flipkart.com/realme-15-5g-velvet-green-128-gb/p/itme9581fbd0e97a?pid=MOBHDUKFAKEGZWJK&lid=LSTMOBHDUKFAKEGZWJKJXGD9L&marketplace=FLIPKART&q=smart+phones&store=tyy%2F4io&srno=s_5_119&otracker=search&fm=organic&iid=21c05fc8-bc0e-481d-b863-fa37ddc084db.MOBHDUKFAKEGZWJK.SEARCH&ppt=None&ppn=None&ssid=0bdizh2wv40000001790850023570&qH=a5594894156db043&ov_redirect=true,2026-10-01
120,"MOTOROLA g24 Power (Ink blue, 128 GB)",MOTOROLA,10999,12999,15% off,4.2,"12,928",895,8 GB RAM,128 GB ROM,6000 mAh Battery,Helio G85 Processor,16.76 cm (6.6 inch) HD+ Display,50MP + 2MP | 16MP Front Camera,,https://www.flipkart.com/motorola-g24-power-ink-blue-128-gb/p/itm38450b60d2af2?pid=MOBGUFK4RNVPCG3M&lid=LSTMOBGUFK4RNVPCG3M3BS00T&marketplace=FLIPKART&q=smart+phones&store=tyy%2F4io&srno=s_5_120&otracker=search&fm=organic&iid=21c05fc8-bc0e-481d-b863-fa37ddc084db.MOBGUFK4RNVPCG3M.SEARCH&ppt=None&ppn=None&ssid=0bdizh2wv40000001790850023570&qH=a5594894156db043&ov_redirect=true,2026-10-01
121,"Tecno Spark Go 3 (Titanium Grey, 64 GB)",Tecno,12499,15999,21% off,4.1,221,15,4 GB RAM,64 GB ROM,5000 mAh Lithium Polymer Battery,T7250 Processor,17.12 cm (6.74 inch) HD+ Display,13MP Rear Camera | 8MP Front Camera,,https://www.flipkart.com/tecno-spark-go-3-titanium-grey-64-gb/p/itma9c8f128a61c6?pid=MOBHP2QY7GH4XWWS&lid=LSTMOBHP2QY7GH4XWWSUZBT2N&marketplace=FLIPKART&q=smart+phones&store=tyy%2F4io&srno=s_6_121&otracker=search&fm=organic&iid=en_2cm0p0n7d2402kKm343f_SylZ4IRVDz0a4vpffGXV4EaK9Ro-rp63dltoGkgTkS5vdhgVIDAS43502YR2UC6WzzVjjVgBxhvbGO4C2Nu8sCB5GfYx1TZZmEC-po_fuE6&ppt=None&ppn=None&ssid=7e70bqqrcw0000001790850026348&qH=a5594894156db043&ov_redirect=true,2026-10-01
122,"Tecno Spark Go 3 (Ink Black, 64 GB)",Tecno,12499,15999,21% off,4.1,221,15,4 GB RAM,64 GB ROM,5000 mAh Lithium Polymer Battery,T7250 Processor,17.12 cm (6.74 inch) HD+ Display,13MP Rear Camera | 8MP Front Camera,,https://www.flipkart.com/tecno-spark-go-3-ink-black-64-gb/p/itma9c8f128a61c6?pid=MOBHP2QYCXZZE3CM&lid=LSTMOBHP2QYCXZZE3CMWW64IB&marketplace=FLIPKART&q=smart+phones&store=tyy%2F4io&srno=s_6_122&otracker=search&fm=organic&iid=en_2cm0p0n7d2402kKm343f_SylZ4IRVDz0a4vpffGXV4Hu-E4yDC9Nw1tmchleIdMmXSTZgtzvjftyjvmwmzsaRgiCj5dWzPgr1ZNpuYyjSmiB5GfYx1TZZmEC-po_fuE6&ppt=None&ppn=None&ssid=7e70bqqrcw0000001790850026348&qH=a5594894156db043&ov_redirect=true,2026-10-01
123,"realme Narzo 100 Lite 5G (Thunder Black, 128 GB)",realme,17965,27999,35% off,4.2,"1,498",73,4 GB RAM,128 GB ROM,7000 mAh Battery,,17.27 cm (6.8 inch) Display,13MP Rear Camera,,https://www.flipkart.com/realme-narzo-100-lite-5g-thunder-black-128-gb/p/itm659398bfe469c?pid=MOBHMZ3R29UXXKWF&lid=LSTMOBHMZ3R29UXXKWF8SUFCI&marketplace=FLIPKART&q=smart+phones&store=tyy%2F4io&srno=s_6_123&otracker=search&fm=organic&iid=995c27b8-f746-45a1-a945-9546062307d9.MOBHMZ3R29UXXKWF.SEARCH&ppt=None&ppn=None&ssid=7e70bqqrcw0000001790850026348&qH=a5594894156db043&ov_redirect=true,2026-10-01
124,"vivo T5 5G (Silver Green, 128 GB)",vivo,34999,49999,30% off,4.5,566,75,6 GB RAM,128 GB ROM,7050 mAh Li-ion Battery,Dimensity 7500 Processor,17.35 cm (6.83 inch) Full HD+ AMOLED Display,50MP + 8MP | 32MP Front Camera,,https://www.flipkart.com/vivo-t5-5g-silver-green-128-gb/p/itm8fa150d1fa2d2?pid=MOBHQC8DQGZMMCB8&lid=LSTMOBHQC8DQGZMMCB8YZZYDV&marketplace=FLIPKART&q=smart+phones&store=tyy%2F4io&srno=s_6_124&otracker=search&fm=organic&iid=995c27b8-f746-45a1-a945-9546062307d9.MOBHQC8DQGZMMCB8.SEARCH&ppt=None&ppn=None&ssid=7e70bqqrcw0000001790850026348&qH=a5594894156db043&ov_redirect=true,2026-10-01
125,"realme P4 Pro 5G (Midnight Ivy, 128 GB)",realme,28999,,,4.4,"22,693","2,233",8 GB RAM,128 GB ROM,7000 mAh Battery,Snapdragon 7 Gen 4 Mobile Processor,17.27 cm (6.8 inch) Full HD+ Display,50MP + 8MP | 50MP Front Camera,,https://www.flipkart.com/realme-p4-pro-5g-midnight-ivy-128-gb/p/itme41a54752cc21?pid=MOBHERXKXPYUPFQG&lid=LSTMOBHERXKXPYUPFQGNBXMDH&marketplace=FLIPKART&q=smart+phones&store=tyy%2F4io&srno=s_6_125&otracker=search&fm=organic&iid=995c27b8-f746-45a1-a945-9546062307d9.MOBHERXKXPYUPFQG.SEARCH&ppt=None&ppn=None&ssid=7e70bqqrcw0000001790850026348&qH=a5594894156db043&ov_redirect=true,2026-10-01
126,"realme P4 Pro 5G (Midnight Ivy, 256 GB)",realme,30999,,,4.4,"22,693","2,233",8 GB RAM,256 GB ROM,7000 mAh Battery,Snapdragon 7 Gen 4 Mobile Processor,17.27 cm (6.8 inch) Full HD+ Display,50MP + 8MP | 50MP Front Camera,,https://www.flipkart.com/realme-p4-pro-5g-midnight-ivy-256-gb/p/itme41a54752cc21?pid=MOBHERXK3YKZUWWZ&lid=LSTMOBHERXK3YKZUWWZM7IFIN&marketplace=FLIPKART&q=smart+phones&store=tyy%2F4io&srno=s_6_126&otracker=search&fm=organic&iid=995c27b8-f746-45a1-a945-9546062307d9.MOBHERXK3YKZUWWZ.SEARCH&ppt=None&ppn=None&ssid=7e70bqqrcw0000001790850026348&qH=a5594894156db043&ov_redirect=true,2026-10-01
127,"realme P4 Pro 5G (Birch Wood, 128 GB)",realme,28999,,,4.4,"22,693","2,233",8 GB RAM,128 GB ROM,7000 mAh Battery,Snapdragon 7 Gen 4 Mobile Processor,17.27 cm (6.8 inch) Display,50MP + 8MP | 50MP Front Camera,,https://www.flipkart.com/realme-p4-pro-5g-birch-wood-128-gb/p/itme41a54752cc21?pid=MOBHERXKZCGAA4QC&lid=LSTMOBHERXKZCGAA4QCHSS5IQ&marketplace=FLIPKART&q=smart+phones&store=tyy%2F4io&srno=s_6_127&otracker=search&fm=organic&iid=995c27b8-f746-45a1-a945-9546062307d9.MOBHERXKZCGAA4QC.SEARCH&ppt=None&ppn=None&ssid=7e70bqqrcw0000001790850026348&qH=a5594894156db043&ov_redirect=true,2026-10-01
128,"realme P4 Pro 5G (Birch Wood, 256 GB)",realme,30999,,,4.4,"22,693","2,233",8 GB RAM,256 GB ROM,7000 mAh Battery,Snapdragon 7 Gen 4 Mobile Processor,17.27 cm (6.8 inch) Full HD+ Display,50MP + 8MP | 50MP Front Camera,,https://www.flipkart.com/realme-p4-pro-5g-birch-wood-256-gb/p/itme41a54752cc21?pid=MOBHERXKVQED7HGC&lid=LSTMOBHERXKVQED7HGC54DD1I&marketplace=FLIPKART&q=smart+phones&store=tyy%2F4io&srno=s_6_128&otracker=search&fm=organic&iid=995c27b8-f746-45a1-a945-9546062307d9.MOBHERXKVQED7HGC.SEARCH&ppt=None&ppn=None&ssid=7e70bqqrcw0000001790850026348&qH=a5594894156db043&ov_redirect=true,2026-10-01
129,"realme 15 5G (Flowing Silver, 128 GB)",realme,29999,,,4.4,"11,375","1,223",8 GB RAM,128 GB ROM,7000 mAh Battery,Mediatek Dimensity 7300+ 5G Processor,17.27 cm (6.8 inch) Full HD+ Display,50MP + 8MP | 50MP Front Camera,5G,https://www.flipkart.com/realme-15-5g-flowing-silver-128-gb/p/itme9581fbd0e97a?pid=MOBHDUKFNGK33R2M&lid=LSTMOBHDUKFNGK33R2M8YALEU&marketplace=FLIPKART&q=smart+phones&store=tyy%2F4io&srno=s_6_129&otracker=search&fm=organic&iid=995c27b8-f746-45a1-a945-9546062307d9.MOBHDUKFNGK33R2M.SEARCH&ppt=None&ppn=None&ssid=7e70bqqrcw0000001790850026348&qH=a5594894156db043&ov_redirect=true,2026-10-01
130,"realme 15 5G (Flowing Silver, 256 GB)",realme,31999,,,4.4,"11,375","1,223",8 GB RAM,256 GB ROM,7000 mAh Battery,Mediatek Dimensity 7300+ 5G Processor,17.27 cm (6.8 inch) Full HD+ AMOLED Display,50MP + 8MP | 50MP Front Camera,5G,https://www.flipkart.com/realme-15-5g-flowing-silver-256-gb/p/itme9581fbd0e97a?pid=MOBHDUKFVXWQKMPS&lid=LSTMOBHDUKFVXWQKMPSPQRFB1&marketplace=FLIPKART&q=smart+phones&store=tyy%2F4io&srno=s_6_130&otracker=search&fm=organic&iid=995c27b8-f746-45a1-a945-9546062307d9.MOBHDUKFVXWQKMPS.SEARCH&ppt=None&ppn=None&ssid=7e70bqqrcw0000001790850026348&qH=a5594894156db043&ov_redirect=true,2026-10-01
131,"realme 15 5G (Velvet Green, 256 GB)",realme,31999,,,4.4,"11,375","1,223",8 GB RAM,256 GB ROM,7000 mAh Battery,Mediatek Dimensity 7300+ 5G Processor,17.27 cm (6.8 inch) Display,50MP + 8MP | 50MP Front Camera,5G,https://www.flipkart.com/realme-15-5g-velvet-green-256-gb/p/itme9581fbd0e97a?pid=MOBHDUKFHZJFVZXG&lid=LSTMOBHDUKFHZJFVZXGYVEKNC&marketplace=FLIPKART&q=smart+phones&store=tyy%2F4io&srno=s_6_131&otracker=search&fm=organic&iid=995c27b8-f746-45a1-a945-9546062307d9.MOBHDUKFHZJFVZXG.SEARCH&ppt=None&ppn=None&ssid=7e70bqqrcw0000001790850026348&qH=a5594894156db043&ov_redirect=true,2026-10-01
132,"vivo T5 5G (Silver Green, 128 GB)",vivo,39999,55999,28% off,4.5,260,29,8 GB RAM,128 GB ROM,7050 mAh Li-ion Battery,Dimensity 7500 Processor,17.35 cm (6.83 inch) Full HD+ AMOLED Display,50MP + 8MP | 32MP Front Camera,,https://www.flipkart.com/vivo-t5-5g-silver-green-128-gb/p/itm8fa150d1fa2d2?pid=MOBHQC8DR8GYASKC&lid=LSTMOBHQC8DR8GYASKCX6FHLE&marketplace=FLIPKART&q=smart+phones&store=tyy%2F4io&srno=s_6_132&otracker=search&fm=organic&iid=995c27b8-f746-45a1-a945-9546062307d9.MOBHQC8DR8GYASKC.SEARCH&ppt=None&ppn=None&ssid=7e70bqqrcw0000001790850026348&qH=a5594894156db043&ov_redirect=true,2026-10-01
133,"realme Narzo 100 Lite 5G (Frost Silver, 64 GB)",realme,16735,24999,33% off,4.2,"1,498",73,4 GB RAM,64 GB ROM,7000 mAh Battery,Dimensity 6300 MT6835 Processor,17.27 cm (6.8 inch) HD+ Display,13MP Rear Camera | 5MP Front Camera,,https://www.flipkart.com/realme-narzo-100-lite-5g-frost-silver-64-gb/p/itm659398bfe469c?pid=MOBHMZ3SPJZGNYQR&lid=LSTMOBHMZ3SPJZGNYQRDSQP8Z&marketplace=FLIPKART&q=smart+phones&store=tyy%2F4io&srno=s_6_133&otracker=search&fm=organic&iid=995c27b8-f746-45a1-a945-9546062307d9.MOBHMZ3SPJZGNYQR.SEARCH&ppt=None&ppn=None&ssid=7e70bqqrcw0000001790850026348&qH=a5594894156db043&ov_redirect=true,2026-10-01
134,"realme Narzo 100 Lite 5G (Thunder Black, 64 GB)",realme,16848,24999,32% off,4.2,"1,498",73,4 GB RAM,64 GB ROM,7000 mAh Battery,,17.27 cm (6.8 inch) Display,13MP Rear Camera,,https://www.flipkart.com/realme-narzo-100-lite-5g-thunder-black-64-gb/p/itm659398bfe469c?pid=MOBHMZ3QKKTHQW7M&lid=LSTMOBHMZ3QKKTHQW7MUEBPZD&marketplace=FLIPKART&q=smart+phones&store=tyy%2F4io&srno=s_6_134&otracker=search&fm=organic&iid=995c27b8-f746-45a1-a945-9546062307d9.MOBHMZ3QKKTHQW7M.SEARCH&ppt=None&ppn=None&ssid=7e70bqqrcw0000001790850026348&qH=a5594894156db043&ov_redirect=true,2026-10-01
135,"Samsung Galaxy F06 5G (Bahama Blue, 128 GB)",Samsung,18999,,,4.2,"25,833","2,004",6 GB RAM,128 GB ROM,5000 mAh Battery,Dimensity 6300 Processor,17.02 cm (6.7 inch) HD+ Display,50MP + 2MP | 8MP Front Camera,,https://www.flipkart.com/samsung-galaxy-f06-5g-bahama-blue-128-gb/p/itmc1c2297bdfa31?pid=MOBHMGHHMFGB82H9&lid=LSTMOBHMGHHMFGB82H9LFGOI5&marketplace=FLIPKART&q=smart+phones&store=tyy%2F4io&srno=s_6_135&otracker=search&fm=organic&iid=995c27b8-f746-45a1-a945-9546062307d9.MOBHMGHHMFGB82H9.SEARCH&ppt=None&ppn=None&ssid=7e70bqqrcw0000001790850026348&qH=a5594894156db043&ov_redirect=true,2026-10-01
136,"realme P3 Ultra 5G (Neptune Blue, 256 GB)",realme,28999,33999,14% off,4.4,"22,133","2,557",8 GB RAM,256 GB ROM,6000 mAh Battery,Dimensity 8350 Ultra Processor,17.35 cm (6.83 inch) Full HD+ Display,50MP + 8MP | 16MP Front Camera,,https://www.flipkart.com/realme-p3-ultra-5g-neptune-blue-256-gb/p/itm50171223b4a05?pid=MOBHAYKEBGFUXNQV&lid=LSTMOBHAYKEBGFUXNQVLAWPKP&marketplace=FLIPKART&q=smart+phones&store=tyy%2F4io&srno=s_6_136&otracker=search&fm=organic&iid=995c27b8-f746-45a1-a945-9546062307d9.MOBHAYKEBGFUXNQV.SEARCH&ppt=None&ppn=None&ssid=7e70bqqrcw0000001790850026348&qH=a5594894156db043&ov_redirect=true,2026-10-01
137,"Samsung Galaxy A56 5G (Awesome Olive, 256 GB)",Samsung,39875,48999,18% off,4.4,"1,050",82,8 GB RAM,256 GB ROM,5000 mAh Battery,Samsung Exynos 1580 Processor,17.02 cm (6.7 inch) Full HD+ Display,50MP + 12MP + 5MP | 12MP Front Camera,,https://www.flipkart.com/samsung-galaxy-a56-5g-awesome-olive-256-gb/p/itm7e0f6a3b05352?pid=MOBH9RNGFAS4SU4U&lid=LSTMOBH9RNGFAS4SU4UZLJK4M&marketplace=FLIPKART&q=smart+phones&store=tyy%2F4io&srno=s_6_137&otracker=search&fm=organic&iid=995c27b8-f746-45a1-a945-9546062307d9.MOBH9RNGFAS4SU4U.SEARCH&ppt=None&ppn=None&ssid=7e70bqqrcw0000001790850026348&qH=a5594894156db043&ov_redirect=true,2026-10-01
138,"MOTOROLA g37 (PANTONE Nautical Blue, 64 GB)",MOTOROLA,17249,24999,31% off,4.3,"4,035",220,4 GB RAM,64 GB ROM,5200 mAh Battery,Dimensity 6400 Processor,16.92 cm (6.66 inch) HD+ Display,50MP Rear Camera | 8MP Front Camera,,https://www.flipkart.com/motorola-g37-pantone-nautical-blue-64-gb/p/itm5d235b295291f?pid=MOBHHWB6YAKNZGPB&lid=LSTMOBHHWB6YAKNZGPBGLLTUW&marketplace=FLIPKART&q=smart+phones&store=tyy%2F4io&srno=s_6_138&otracker=search&fm=organic&iid=995c27b8-f746-45a1-a945-9546062307d9.MOBHHWB6YAKNZGPB.SEARCH&ppt=None&ppn=None&ssid=7e70bqqrcw0000001790850026348&qH=a5594894156db043&ov_redirect=true,2026-10-01
139,"Samsung M06 5G (Blazing Black, 128 GB)",Samsung,16990,16999,,4.1,"6,275",429,4 GB RAM,128 GB ROM,5000 mAh Battery,,17.02 cm (6.7 inch) Display,50MP Rear Camera,,https://www.flipkart.com/samsung-m06-5g-blazing-black-128-gb/p/itmcafa42dadc15c?pid=MOBH9UYF4GZXGWW6&lid=LSTMOBH9UYF4GZXGWW6MAZISQ&marketplace=FLIPKART&q=smart+phones&store=tyy%2F4io&srno=s_6_139&otracker=search&fm=organic&iid=995c27b8-f746-45a1-a945-9546062307d9.MOBH9UYF4GZXGWW6.SEARCH&ppt=None&ppn=None&ssid=7e70bqqrcw0000001790850026348&qH=a5594894156db043&ov_redirect=true,2026-10-01
140,"MOTOROLA Edge 70 Fusion Snapdragon (Pantone BLUE SURF, 256 GB)",MOTOROLA,34999,59999,41% off,4.3,"6,894",768,12 GB RAM,256 GB ROM,7000 mAh Battery,Snapdragon 7s Gen 4 Processor,17.27 cm (6.8 inch) Super HD Display,50MP + 13MP | 32MP Front Camera,,https://www.flipkart.com/motorola-edge-70-fusion-snapdragon-pantone-blue-surf-256-gb/p/itmab1b62c8461fa?pid=MOBHN9733F5QHAQC&lid=LSTMOBHN9733F5QHAQCVOEASO&marketplace=FLIPKART&q=smart+phones&store=tyy%2F4io&srno=s_6_140&otracker=search&fm=organic&iid=995c27b8-f746-45a1-a945-9546062307d9.MOBHN9733F5QHAQC.SEARCH&ppt=None&ppn=None&ssid=7e70bqqrcw0000001790850026348&qH=a5594894156db043&ov_redirect=true,2026-10-01
141,"OnePlus Nord CE6 Lite (Vivid Mint, 128 GB)",OnePlus,27627,31999,13% off,4.3,"1,441",100,6 GB RAM,128 GB ROM,7000 mAh Battery,Mediatek Dimensity 7400 Processor,17.07 cm (6.72 inch) Full HD+ Display,50MP Rear Camera | 8MP Front Camera,,https://www.flipkart.com/oneplus-nord-ce6-lite-vivid-mint-128-gb/p/itm58b0468d235f0?pid=MOBHN8CVXZNTVTKZ&lid=LSTMOBHN8CVXZNTVTKZTO2EB3&marketplace=FLIPKART&q=smart+phones&store=tyy%2F4io&srno=s_6_141&otracker=search&fm=organic&iid=995c27b8-f746-45a1-a945-9546062307d9.MOBHN8CVXZNTVTKZ.SEARCH&ppt=None&ppn=None&ssid=7e70bqqrcw0000001790850026348&qH=a5594894156db043&ov_redirect=true,2026-10-01
142,"realme GT 7T (IceSense Black, 512 GB)",realme,45999,46999,2% off,4.4,"5,453",723,12 GB RAM,512 GB ROM,7000 mAh Li-ion Battery,Dimensity 8400-MAX Processor,17.27 cm (6.8 inch) Full HD+ AMOLED Display,50MP + 8MP | 32MP Front Camera,,https://www.flipkart.com/realme-gt-7t-icesense-black-512-gb/p/itmda26d662ee28e?pid=MOBHFQ6DKXGTFCUT&lid=LSTMOBHFQ6DKXGTFCUTUQHNLM&marketplace=FLIPKART&q=smart+phones&store=tyy%2F4io&srno=s_6_142&otracker=search&fm=organic&iid=995c27b8-f746-45a1-a945-9546062307d9.MOBHFQ6DKXGTFCUT.SEARCH&ppt=None&ppn=None&ssid=7e70bqqrcw0000001790850026348&qH=a5594894156db043&ov_redirect=true,2026-10-01
143,"vivo T5 5G (Royal Bronze, 256 GB)",vivo,49999,69999,28% off,4.6,37,3,12 GB RAM,256 GB ROM,7050 mAh Li-ion Battery,Dimensity 7500 Processor,17.35 cm (6.83 inch) Full HD+ AMOLED Display,50MP + 8MP | 32MP Front Camera,,https://www.flipkart.com/vivo-t5-5g-royal-bronze-256-gb/p/itm8fa150d1fa2d2?pid=MOBHQC8DXH3M8M9G&lid=LSTMOBHQC8DXH3M8M9GQI7WKT&marketplace=FLIPKART&q=smart+phones&store=tyy%2F4io&srno=s_6_143&otracker=search&fm=organic&iid=995c27b8-f746-45a1-a945-9546062307d9.MOBHQC8DXH3M8M9G.SEARCH&ppt=None&ppn=None&ssid=7e70bqqrcw0000001790850026348&qH=a5594894156db043&ov_redirect=true,2026-10-01
144,"Ai+ Nova 2 Neo 5G (Black, 128 GB)",Ai+,16999,19999,15% off,4.2,"1,085",102,6 GB RAM,128 GB ROM,6000 mAh Li-polymer Battery,Dimensity 6300 Processor,17.13 cm (6.745 inch) HD+ Display,48MP Rear Camera | 8MP Front Camera,,https://www.flipkart.com/ai-nova-2-neo-5g-black-128-gb/p/itmc790f4d613a76?pid=MOBHZ8ZMYWGY8VKA&lid=LSTMOBHZ8ZMYWGY8VKATOHHEC&marketplace=FLIPKART&q=smart+phones&store=tyy%2F4io&srno=s_6_144&otracker=search&fm=organic&iid=995c27b8-f746-45a1-a945-9546062307d9.MOBHZ8ZMYWGY8VKA.SEARCH&ppt=None&ppn=None&ssid=7e70bqqrcw0000001790850026348&qH=a5594894156db043&ov_redirect=true,2026-10-01
145,"realme GT 7T (IceSense Black, 256 GB)",realme,42999,,,4.4,"5,453",723,12 GB RAM,256 GB ROM,7000 mAh Li-ion Battery,Dimensity 8400-MAX Processor,17.27 cm (6.8 inch) Full HD+ AMOLED Display,50MP + 8MP | 32MP Front Camera,,https://www.flipkart.com/realme-gt-7t-icesense-black-256-gb/p/itmda26d662ee28e?pid=MOBHFQ6D6GKYMQPU&lid=LSTMOBHFQ6D6GKYMQPUTEU03O&marketplace=FLIPKART&q=smart+phones&store=tyy%2F4io&srno=s_7_145&otracker=search&fm=organic&iid=dda21b12-4a2d-41ca-b52c-60d906bca005.MOBHFQ6D6GKYMQPU.SEARCH&ppt=None&ppn=None&ssid=qd2ayv9k3k0000001790850029197&qH=a5594894156db043&ov_redirect=true,2026-10-01
146,"OnePlus Nord CE6 Lite (Hyper Black, 256 GB)",OnePlus,34000,36999,8% off,4.3,"1,168",75,8 GB RAM,256 GB ROM,7000 mAh Battery,MediaTek Dimensity 7400 Apex Processor,17.07 cm (6.72 inch) Full HD+ Display,50MP Rear Camera | 8MP Front Camera,,https://www.flipkart.com/oneplus-nord-ce6-lite-hyper-black-256-gb/p/itm894a5599b758b?pid=MOBHN8CPMYHDEBRA&lid=LSTMOBHN8CPMYHDEBRABT3U4I&marketplace=FLIPKART&q=smart+phones&store=tyy%2F4io&srno=s_7_146&otracker=search&fm=organic&iid=dda21b12-4a2d-41ca-b52c-60d906bca005.MOBHN8CPMYHDEBRA.SEARCH&ppt=None&ppn=None&ssid=qd2ayv9k3k0000001790850029197&qH=a5594894156db043&ov_redirect=true,2026-10-01
147,"Ai+ Nova 2 Pro 5G (Purple, 128 GB)",Ai+,17999,21999,18% off,4,"2,361",274,6 GB RAM,128 GB ROM,6000 mAh Li-polymer Battery,Dimensity 7100 Processor,17.53 cm (6.9 inch) Full HD+ Display,48MP Rear Camera | 13MP Front Camera,,https://www.flipkart.com/ai-nova-2-pro-5g-purple-128-gb/p/itm95899429b0b18?pid=MOBHZ8ZMGVPHRQWP&lid=LSTMOBHZ8ZMGVPHRQWPJBKI1W&marketplace=FLIPKART&q=smart+phones&store=tyy%2F4io&srno=s_7_147&otracker=search&fm=organic&iid=dda21b12-4a2d-41ca-b52c-60d906bca005.MOBHZ8ZMGVPHRQWP.SEARCH&ppt=None&ppn=None&ssid=qd2ayv9k3k0000001790850029197&qH=a5594894156db043&ov_redirect=true,2026-10-01
148,"realme GT 7T (Racing Yellow, 256 GB)",realme,42999,,,4.4,"5,453",723,12 GB RAM,256 GB ROM,7000 mAh Li-ion Battery,Dimensity 8400-MAX Processor,17.27 cm (6.8 inch) Full HD+ AMOLED Display,50MP + 8MP | 32MP Front Camera,,https://www.flipkart.com/realme-gt-7t-racing-yellow-256-gb/p/itmda26d662ee28e?pid=MOBHFQ6DSMZZDYZG&lid=LSTMOBHFQ6DSMZZDYZGJFCU50&marketplace=FLIPKART&q=smart+phones&store=tyy%2F4io&srno=s_7_148&otracker=search&fm=organic&iid=dda21b12-4a2d-41ca-b52c-60d906bca005.MOBHFQ6DSMZZDYZG.SEARCH&ppt=None&ppn=None&ssid=qd2ayv9k3k0000001790850029197&qH=a5594894156db043&ov_redirect=true,2026-10-01
149,"realme Narzo 100 Lite 5G (Frost Silver, 128 GB)",realme,21499,31999,32% off,4.2,181,17,6 GB RAM,128 GB ROM,7000 mAh Battery,,17.27 cm (6.8 inch) Display,13MP Rear Camera,,https://www.flipkart.com/realme-narzo-100-lite-5g-frost-silver-128-gb/p/itm659398bfe469c?pid=MOBHMZ3QYVFHZCAH&lid=LSTMOBHMZ3QYVFHZCAHLNTJL3&marketplace=FLIPKART&q=smart+phones&store=tyy%2F4io&srno=s_7_149&otracker=search&fm=organic&iid=dda21b12-4a2d-41ca-b52c-60d906bca005.MOBHMZ3QYVFHZCAH.SEARCH&ppt=None&ppn=None&ssid=qd2ayv9k3k0000001790850029197&qH=a5594894156db043&ov_redirect=true,2026-10-01
150,"REDMI 15C 5G (Midnight Black, 128 GB)",REDMI,21784,33999,35% off,4.3,486,45,8 GB RAM,128 GB ROM,6000 mAh Battery,,17.53 cm (6.9 inch) Display,50MP Rear Camera,,https://www.flipkart.com/redmi-15c-5g-midnight-black-128-gb/p/itmc1345bb45eef3?pid=MOBHGGZ228KHHPQC&lid=LSTMOBHGGZ228KHHPQCCUMI8S&marketplace=FLIPKART&q=smart+phones&store=tyy%2F4io&srno=s_7_150&otracker=search&fm=organic&iid=dda21b12-4a2d-41ca-b52c-60d906bca005.MOBHGGZ228KHHPQC.SEARCH&ppt=None&ppn=None&ssid=qd2ayv9k3k0000001790850029197&qH=a5594894156db043&ov_redirect=true,2026-10-01
151,"LAVA Virat V1 (Nilgiri Blue, 64 GB)",LAVA,10499,12999,19% off,3.9,"1,114",120,4 GB RAM,64 GB ROM,5000 mAh Battery,,17.14 cm (6.75 inch) Display,13MP Rear Camera,,https://www.flipkart.com/lava-virat-v1-nilgiri-blue-64-gb/p/itmed225fe6c3db4?pid=MOBHZ7KNECQC8BKW&lid=LSTMOBHZ7KNECQC8BKWAYNZG1&marketplace=FLIPKART&q=smart+phones&store=tyy%2F4io&srno=s_7_151&otracker=search&fm=organic&iid=dda21b12-4a2d-41ca-b52c-60d906bca005.MOBHZ7KNECQC8BKW.SEARCH&ppt=None&ppn=None&ssid=qd2ayv9k3k0000001790850029197&qH=a5594894156db043&ov_redirect=true,2026-10-01
152,"LAVA Virat V1 (Himalayan Silver, 64 GB)",LAVA,10499,12999,19% off,3.9,"1,114",120,4 GB RAM,64 GB ROM,5000 mAh Battery,,17.14 cm (6.75 inch) Display,13MP Rear Camera,,https://www.flipkart.com/lava-virat-v1-himalayan-silver-64-gb/p/itmed225fe6c3db4?pid=MOBHZ7KNHMYUSZBW&lid=LSTMOBHZ7KNHMYUSZBWGD1ZI4&marketplace=FLIPKART&q=smart+phones&store=tyy%2F4io&srno=s_7_152&otracker=search&fm=organic&iid=dda21b12-4a2d-41ca-b52c-60d906bca005.MOBHZ7KNHMYUSZBW.SEARCH&ppt=None&ppn=None&ssid=qd2ayv9k3k0000001790850029197&qH=a5594894156db043&ov_redirect=true,2026-10-01
153,"realme Narzo 100 Lite 5G (Thunder Black, 128 GB)",realme,17965,27999,35% off,4.2,"1,498",73,4 GB RAM,128 GB ROM,7000 mAh Battery,,17.27 cm (6.8 inch) Display,13MP Rear Camera,,https://www.flipkart.com/realme-narzo-100-lite-5g-thunder-black-128-gb/p/itm659398bfe469c?pid=MOBHMZ3R29UXXKWF&lid=LSTMOBHMZ3R29UXXKWF8SUFCI&marketplace=FLIPKART&q=smart+phones&store=tyy%2F4io&srno=s_7_153&otracker=search&fm=organic&iid=dda21b12-4a2d-41ca-b52c-60d906bca005.MOBHMZ3R29UXXKWF.SEARCH&ppt=None&ppn=None&ssid=qd2ayv9k3k0000001790850029197&qH=a5594894156db043&ov_redirect=true,2026-10-01
154,"vivo T5 5G (Silver Green, 128 GB)",vivo,34999,49999,30% off,4.5,566,75,6 GB RAM,128 GB ROM,7050 mAh Li-ion Battery,Dimensity 7500 Processor,17.35 cm (6.83 inch) Full HD+ AMOLED Display,50MP + 8MP | 32MP Front Camera,,https://www.flipkart.com/vivo-t5-5g-silver-green-128-gb/p/itm8fa150d1fa2d2?pid=MOBHQC8DQGZMMCB8&lid=LSTMOBHQC8DQGZMMCB8YZZYDV&marketplace=FLIPKART&q=smart+phones&store=tyy%2F4io&srno=s_7_154&otracker=search&fm=organic&iid=dda21b12-4a2d-41ca-b52c-60d906bca005.MOBHQC8DQGZMMCB8.SEARCH&ppt=None&ppn=None&ssid=qd2ayv9k3k0000001790850029197&qH=a5594894156db043&ov_redirect=true,2026-10-01
155,"realme P4 Pro 5G (Birch Wood, 256 GB)",realme,30999,,,4.4,"22,693","2,233",8 GB RAM,256 GB ROM,7000 mAh Battery,Snapdragon 7 Gen 4 Mobile Processor,17.27 cm (6.8 inch) Full HD+ Display,50MP + 8MP | 50MP Front Camera,,https://www.flipkart.com/realme-p4-pro-5g-birch-wood-256-gb/p/itme41a54752cc21?pid=MOBHERXKVQED7HGC&lid=LSTMOBHERXKVQED7HGC54DD1I&marketplace=FLIPKART&q=smart+phones&store=tyy%2F4io&srno=s_7_155&otracker=search&fm=organic&iid=dda21b12-4a2d-41ca-b52c-60d906bca005.MOBHERXKVQED7HGC.SEARCH&ppt=None&ppn=None&ssid=qd2ayv9k3k0000001790850029197&qH=a5594894156db043&ov_redirect=true,2026-10-01
156,"realme P4 Pro 5G (Midnight Ivy, 128 GB)",realme,28999,,,4.4,"22,693","2,233",8 GB RAM,128 GB ROM,7000 mAh Battery,Snapdragon 7 Gen 4 Mobile Processor,17.27 cm (6.8 inch) Full HD+ Display,50MP + 8MP | 50MP Front Camera,,https://www.flipkart.com/realme-p4-pro-5g-midnight-ivy-128-gb/p/itme41a54752cc21?pid=MOBHERXKXPYUPFQG&lid=LSTMOBHERXKXPYUPFQGNBXMDH&marketplace=FLIPKART&q=smart+phones&store=tyy%2F4io&srno=s_7_156&otracker=search&fm=organic&iid=dda21b12-4a2d-41ca-b52c-60d906bca005.MOBHERXKXPYUPFQG.SEARCH&ppt=None&ppn=None&ssid=qd2ayv9k3k0000001790850029197&qH=a5594894156db043&ov_redirect=true,2026-10-01
157,"vivo T5 5G (Royal Bronze, 128 GB)",vivo,34999,49999,30% off,4.5,566,75,6 GB RAM,128 GB ROM,7050 mAh Li-ion Battery,Dimensity 7500 Processor,17.35 cm (6.83 inch) Full HD+ AMOLED Display,50MP + 8MP | 32MP Front Camera,,https://www.flipkart.com/vivo-t5-5g-royal-bronze-128-gb/p/itm8fa150d1fa2d2?pid=MOBHQC8DMYUHNY2A&lid=LSTMOBHQC8DMYUHNY2AXSLLSW&marketplace=FLIPKART&q=smart+phones&store=tyy%2F4io&srno=s_7_157&otracker=search&fm=organic&iid=dda21b12-4a2d-41ca-b52c-60d906bca005.MOBHQC8DMYUHNY2A.SEARCH&ppt=None&ppn=None&ssid=qd2ayv9k3k0000001790850029197&qH=a5594894156db043&ov_redirect=true,2026-10-01
158,"realme P4 Pro 5G (Midnight Ivy, 256 GB)",realme,30999,,,4.4,"22,693","2,233",8 GB RAM,256 GB ROM,7000 mAh Battery,Snapdragon 7 Gen 4 Mobile Processor,17.27 cm (6.8 inch) Full HD+ Display,50MP + 8MP | 50MP Front Camera,,https://www.flipkart.com/realme-p4-pro-5g-midnight-ivy-256-gb/p/itme41a54752cc21?pid=MOBHERXK3YKZUWWZ&lid=LSTMOBHERXK3YKZUWWZM7IFIN&marketplace=FLIPKART&q=smart+phones&store=tyy%2F4io&srno=s_7_158&otracker=search&fm=organic&iid=dda21b12-4a2d-41ca-b52c-60d906bca005.MOBHERXK3YKZUWWZ.SEARCH&ppt=None&ppn=None&ssid=qd2ayv9k3k0000001790850029197&qH=a5594894156db043&ov_redirect=true,2026-10-01
159,"realme P4 Pro 5G (Birch Wood, 128 GB)",realme,28999,,,4.4,"22,693","2,233",8 GB RAM,128 GB ROM,7000 mAh Battery,Snapdragon 7 Gen 4 Mobile Processor,17.27 cm (6.8 inch) Display,50MP + 8MP | 50MP Front Camera,,https://www.flipkart.com/realme-p4-pro-5g-birch-wood-128-gb/p/itme41a54752cc21?pid=MOBHERXKZCGAA4QC&lid=LSTMOBHERXKZCGAA4QCHSS5IQ&marketplace=FLIPKART&q=smart+phones&store=tyy%2F4io&srno=s_7_159&otracker=search&fm=organic&iid=dda21b12-4a2d-41ca-b52c-60d906bca005.MOBHERXKZCGAA4QC.SEARCH&ppt=None&ppn=None&ssid=qd2ayv9k3k0000001790850029197&qH=a5594894156db043&ov_redirect=true,2026-10-01
160,"MOTOROLA Edge 70 Pro+ (Sculpted Wood PANTONE Chicory coffee (Brown), 256 GB)",MOTOROLA,47999,84999,43% off,4.2,555,83,12 GB RAM,256 GB ROM,6500 mAh Silicon-Carbon Battery,Dimensity 8500 Extreme Processor,17.27 cm (6.8 inch) Full HD+ Super AMOLED Display,50MP + 50MP + 50MP | 50MP Front Camera,,https://www.flipkart.com/motorola-edge-70-pro-sculpted-wood-pantone-chicory-coffee-brown-256-gb/p/itm7e0942b4a9030?pid=MOBHHXQRSGJ3MDV7&lid=LSTMOBHHXQRSGJ3MDV7RJCGAR&marketplace=FLIPKART&q=smart+phones&store=tyy%2F4io&srno=s_7_160&otracker=search&fm=organic&iid=dda21b12-4a2d-41ca-b52c-60d906bca005.MOBHHXQRSGJ3MDV7.SEARCH&ppt=None&ppn=None&ssid=qd2ayv9k3k0000001790850029197&qH=a5594894156db043&ov_redirect=true,2026-10-01
161,"realme 15 5G (Flowing Silver, 256 GB)",realme,31999,,,4.4,"11,375","1,223",8 GB RAM,256 GB ROM,7000 mAh Battery,Mediatek Dimensity 7300+ 5G Processor,17.27 cm (6.8 inch) Full HD+ AMOLED Display,50MP + 8MP | 50MP Front Camera,5G,https://www.flipkart.com/realme-15-5g-flowing-silver-256-gb/p/itme9581fbd0e97a?pid=MOBHDUKFVXWQKMPS&lid=LSTMOBHDUKFVXWQKMPSPQRFB1&marketplace=FLIPKART&q=smart+phones&store=tyy%2F4io&srno=s_7_161&otracker=search&fm=organic&iid=dda21b12-4a2d-41ca-b52c-60d906bca005.MOBHDUKFVXWQKMPS.SEARCH&ppt=None&ppn=None&ssid=qd2ayv9k3k0000001790850029197&qH=a5594894156db043&ov_redirect=true,2026-10-01
162,"realme 15 5G (Velvet Green, 256 GB)",realme,31999,,,4.4,"11,375","1,223",8 GB RAM,256 GB ROM,7000 mAh Battery,Mediatek Dimensity 7300+ 5G Processor,17.27 cm (6.8 inch) Display,50MP + 8MP | 50MP Front Camera,5G,https://www.flipkart.com/realme-15-5g-velvet-green-256-gb/p/itme9581fbd0e97a?pid=MOBHDUKFHZJFVZXG&lid=LSTMOBHDUKFHZJFVZXGYVEKNC&marketplace=FLIPKART&q=smart+phones&store=tyy%2F4io&srno=s_7_162&otracker=search&fm=organic&iid=dda21b12-4a2d-41ca-b52c-60d906bca005.MOBHDUKFHZJFVZXG.SEARCH&ppt=None&ppn=None&ssid=qd2ayv9k3k0000001790850029197&qH=a5594894156db043&ov_redirect=true,2026-10-01
163,"realme 15 5G (Flowing Silver, 128 GB)",realme,29999,,,4.4,"11,375","1,223",8 GB RAM,128 GB ROM,7000 mAh Battery,Mediatek Dimensity 7300+ 5G Processor,17.27 cm (6.8 inch) Full HD+ Display,50MP + 8MP | 50MP Front Camera,5G,https://www.flipkart.com/realme-15-5g-flowing-silver-128-gb/p/itme9581fbd0e97a?pid=MOBHDUKFNGK33R2M&lid=LSTMOBHDUKFNGK33R2M8YALEU&marketplace=FLIPKART&q=smart+phones&store=tyy%2F4io&srno=s_7_163&otracker=search&fm=organic&iid=dda21b12-4a2d-41ca-b52c-60d906bca005.MOBHDUKFNGK33R2M.SEARCH&ppt=None&ppn=None&ssid=qd2ayv9k3k0000001790850029197&qH=a5594894156db043&ov_redirect=true,2026-10-01
164,"vivo T5 5G (Silver Green, 128 GB)",vivo,39999,55999,28% off,4.5,260,29,8 GB RAM,128 GB ROM,7050 mAh Li-ion Battery,Dimensity 7500 Processor,17.35 cm (6.83 inch) Full HD+ AMOLED Display,50MP + 8MP | 32MP Front Camera,,https://www.flipkart.com/vivo-t5-5g-silver-green-128-gb/p/itm8fa150d1fa2d2?pid=MOBHQC8DR8GYASKC&lid=LSTMOBHQC8DR8GYASKCX6FHLE&marketplace=FLIPKART&q=smart+phones&store=tyy%2F4io&srno=s_7_164&otracker=search&fm=organic&iid=dda21b12-4a2d-41ca-b52c-60d906bca005.MOBHQC8DR8GYASKC.SEARCH&ppt=None&ppn=None&ssid=qd2ayv9k3k0000001790850029197&qH=a5594894156db043&ov_redirect=true,2026-10-01
165,"realme Narzo 100 Lite 5G (Thunder Black, 64 GB)",realme,16848,24999,32% off,4.2,"1,498",73,4 GB RAM,64 GB ROM,7000 mAh Battery,,17.27 cm (6.8 inch) Display,13MP Rear Camera,,https://www.flipkart.com/realme-narzo-100-lite-5g-thunder-black-64-gb/p/itm659398bfe469c?pid=MOBHMZ3QKKTHQW7M&lid=LSTMOBHMZ3QKKTHQW7MUEBPZD&marketplace=FLIPKART&q=smart+phones&store=tyy%2F4io&srno=s_7_165&otracker=search&fm=organic&iid=dda21b12-4a2d-41ca-b52c-60d906bca005.MOBHMZ3QKKTHQW7M.SEARCH&ppt=None&ppn=None&ssid=qd2ayv9k3k0000001790850029197&qH=a5594894156db043&ov_redirect=true,2026-10-01
166,"realme Narzo 100 Lite 5G (Frost Silver, 64 GB)",realme,16735,24999,33% off,4.2,"1,498",73,4 GB RAM,64 GB ROM,7000 mAh Battery,Dimensity 6300 MT6835 Processor,17.27 cm (6.8 inch) HD+ Display,13MP Rear Camera | 5MP Front Camera,,https://www.flipkart.com/realme-narzo-100-lite-5g-frost-silver-64-gb/p/itm659398bfe469c?pid=MOBHMZ3SPJZGNYQR&lid=LSTMOBHMZ3SPJZGNYQRDSQP8Z&marketplace=FLIPKART&q=smart+phones&store=tyy%2F4io&srno=s_7_166&otracker=search&fm=organic&iid=dda21b12-4a2d-41ca-b52c-60d906bca005.MOBHMZ3SPJZGNYQR.SEARCH&ppt=None&ppn=None&ssid=qd2ayv9k3k0000001790850029197&qH=a5594894156db043&ov_redirect=true,2026-10-01
167,"Samsung M06 5G (Sage Green, 128 GB)",Samsung,15498,15499,,4.1,"6,275",429,4 GB RAM,128 GB ROM,5000 mAh Battery,,17.02 cm (6.7 inch) Display,50MP Rear Camera,,https://www.flipkart.com/samsung-m06-5g-sage-green-128-gb/p/itmcafa42dadc15c?pid=MOBH9UYFYVNKR3HR&lid=LSTMOBH9UYFYVNKR3HRIZOSGJ&marketplace=FLIPKART&q=smart+phones&store=tyy%2F4io&srno=s_7_167&otracker=search&fm=organic&iid=dda21b12-4a2d-41ca-b52c-60d906bca005.MOBH9UYFYVNKR3HR.SEARCH&ppt=None&ppn=None&ssid=qd2ayv9k3k0000001790850029197&qH=a5594894156db043&ov_redirect=true,2026-10-01
168,"Samsung Galaxy F06 5G (Bahama Blue, 128 GB)",Samsung,18999,,,4.2,"25,833","2,004",6 GB RAM,128 GB ROM,5000 mAh Battery,Dimensity 6300 Processor,17.02 cm (6.7 inch) HD+ Display,50MP + 2MP | 8MP Front Camera,,https://www.flipkart.com/samsung-galaxy-f06-5g-bahama-blue-128-gb/p/itmc1c2297bdfa31?pid=MOBHMGHHMFGB82H9&lid=LSTMOBHMGHHMFGB82H9LFGOI5&marketplace=FLIPKART&q=smart+phones&store=tyy%2F4io&srno=s_7_168&otracker=search&fm=organic&iid=dda21b12-4a2d-41ca-b52c-60d906bca005.MOBHMGHHMFGB82H9.SEARCH&ppt=None&ppn=None&ssid=qd2ayv9k3k0000001790850029197&qH=a5594894156db043&ov_redirect=true,2026-10-01
169,"realme Narzo 100x 5g (Flash Orange, 128 GB)",realme,19982,31999,37% off,4.1,101,10,4 GB RAM,128 GB ROM,8000 mAh Battery,MediaTek Dimensity 6300 Processor,17.3 cm (6.81 inch) HD+ Display,,,https://www.flipkart.com/realme-narzo-100x-5g-flash-orange-128-gb/p/itm66836fc8ecc5e?pid=MOBHPJHZHH5ZUAYS&lid=LSTMOBHPJHZHH5ZUAYSB22TBC&marketplace=FLIPKART&q=smart+phones&store=tyy%2F4io&srno=s_8_169&otracker=search&fm=organic&iid=2b795de9-957c-4dca-b667-b0aa48407a85.MOBHPJHZHH5ZUAYS.SEARCH&ppt=None&ppn=None&ssid=trxx0szrf40000001790850031932&qH=a5594894156db043&ov_redirect=true,2026-10-01
170,"REDMI 15 5G (Sandy Purple, 128 GB)",REDMI,22499,32999,31% off,4.3,"3,275",248,6 GB RAM,128 GB ROM,7000 mAh Battery,,17.53 cm (6.9 inch) Display,50MP Rear Camera,,https://www.flipkart.com/redmi-15-5g-sandy-purple-128-gb/p/itmd7bced8727891?pid=MOBHFH95KX2GA62H&lid=LSTMOBHFH95KX2GA62H5HXVIX&marketplace=FLIPKART&q=smart+phones&store=tyy%2F4io&srno=s_8_170&otracker=search&fm=organic&iid=2b795de9-957c-4dca-b667-b0aa48407a85.MOBHFH95KX2GA62H.SEARCH&ppt=None&ppn=None&ssid=trxx0szrf40000001790850031932&qH=a5594894156db043&ov_redirect=true,2026-10-01
171,"Tecno Spark Go 3 (Titanium Grey, 64 GB)",Tecno,12499,15999,21% off,4.1,221,15,4 GB RAM,64 GB ROM,5000 mAh Lithium Polymer Battery,T7250 Processor,17.12 cm (6.74 inch) HD+ Display,13MP Rear Camera | 8MP Front Camera,,https://www.flipkart.com/tecno-spark-go-3-titanium-grey-64-gb/p/itma9c8f128a61c6?pid=MOBHP2QY7GH4XWWS&lid=LSTMOBHP2QY7GH4XWWSUZBT2N&marketplace=FLIPKART&q=smart+phones&store=tyy%2F4io&srno=s_8_171&otracker=search&fm=organic&iid=en_3b5P4QtDtN2WP4ibedPmuDDvltlU60c4R_0IGwih4hZIRZsr-iSrwCHD0GwnPFW-vdhgVIDAS43502YR2UC6WzzVjjVgBxhvbGO4C2Nu8sB0E4Ccu3xK19lyHNF4Fen3&ppt=None&ppn=None&ssid=trxx0szrf40000001790850031932&qH=a5594894156db043&ov_redirect=true,2026-10-01
172,"Tecno Spark Go 3 (Ink Black, 64 GB)",Tecno,12499,15999,21% off,4.1,221,15,4 GB RAM,64 GB ROM,5000 mAh Lithium Polymer Battery,T7250 Processor,17.12 cm (6.74 inch) HD+ Display,13MP Rear Camera | 8MP Front Camera,,https://www.flipkart.com/tecno-spark-go-3-ink-black-64-gb/p/itma9c8f128a61c6?pid=MOBHP2QYCXZZE3CM&lid=LSTMOBHP2QYCXZZE3CMWW64IB&marketplace=FLIPKART&q=smart+phones&store=tyy%2F4io&srno=s_8_172&otracker=search&fm=organic&iid=en_3b5P4QtDtN2WP4ibedPmuDDvltlU60c4R_0IGwih4hZ5SHJFrGbmH-8GGPrO5zYvXSTZgtzvjftyjvmwmzsaRgiCj5dWzPgr1ZNpuYyjSmh0E4Ccu3xK19lyHNF4Fen3&ppt=None&ppn=None&ssid=trxx0szrf40000001790850031932&qH=a5594894156db043&ov_redirect=true,2026-10-01
173,"Infinix Note edge (Stellar Blue, 128 GB)",Infinix,23999,29999,20% off,4.3,510,87,8 GB RAM,128 GB ROM,6500 mAh Battery,Dimensity 7100 Processor,17.22 cm (6.78 inch) Full HD+ AMOLED Display,50MP Rear Camera | 13MP Front Camera,,https://www.flipkart.com/infinix-note-edge-stellar-blue-128-gb/p/itmab2876405a1ab?pid=MOBHKCV724SABNKE&lid=LSTMOBHKCV724SABNKEH7AYKB&marketplace=FLIPKART&q=smart+phones&store=tyy%2F4io&srno=s_8_173&otracker=search&fm=organic&iid=2b795de9-957c-4dca-b667-b0aa48407a85.MOBHKCV724SABNKE.SEARCH&ppt=None&ppn=None&ssid=trxx0szrf40000001790850031932&qH=a5594894156db043&ov_redirect=true,2026-10-01
174,"Infinix Note edge (Lunar Titanium, 256 GB)",Infinix,25999,34999,25% off,4.3,510,87,8 GB RAM,256 GB ROM,6500 mAh Battery,Dimensity 7100 Processor,17.22 cm (6.78 inch) Full HD+ AMOLED Display,50MP Rear Camera | 13MP Front Camera,,https://www.flipkart.com/infinix-note-edge-lunar-titanium-256-gb/p/itmab2876405a1ab?pid=MOBHKCV7A9HHF3GN&lid=LSTMOBHKCV7A9HHF3GN2K3H84&marketplace=FLIPKART&q=smart+phones&store=tyy%2F4io&srno=s_8_174&otracker=search&fm=organic&iid=2b795de9-957c-4dca-b667-b0aa48407a85.MOBHKCV7A9HHF3GN.SEARCH&ppt=None&ppn=None&ssid=trxx0szrf40000001790850031932&qH=a5594894156db043&ov_redirect=true,2026-10-01
175,"OnePlus Nord 6 (Fresh Mint, 256 GB)",OnePlus,54900,56999,3% off,4.5,269,31,12 GB RAM,256 GB ROM,9000 mAh Battery,4 octa-core processor Processor,17.22 cm (6.78 inch) Full HD+ Display,50MP Rear Camera,,https://www.flipkart.com/oneplus-nord-6-fresh-mint-256-gb/p/itmc49f71cdc4080?pid=MOBHMBWWXW6KTQB8&lid=LSTMOBHMBWWXW6KTQB8VHIHAO&marketplace=FLIPKART&q=smart+phones&store=tyy%2F4io&srno=s_8_175&otracker=search&fm=organic&iid=2b795de9-957c-4dca-b667-b0aa48407a85.MOBHMBWWXW6KTQB8.SEARCH&ppt=None&ppn=None&ssid=trxx0szrf40000001790850031932&qH=a5594894156db043&ov_redirect=true,2026-10-01
176,"OnePlus Nord CE6 Lite (Vivid Mint, 256 GB)",OnePlus,35328,36999,4% off,4.3,"1,168",75,8 GB RAM,256 GB ROM,7000 mAh Battery,MediaTek Dimensity 7400 Apex Processor,17.07 cm (6.72 inch) Full HD+ Display,50MP Rear Camera | 8MP Front Camera,,https://www.flipkart.com/oneplus-nord-ce6-lite-vivid-mint-256-gb/p/itm21e965b5b799d?pid=MOBHN8AB2JFD45AG&lid=LSTMOBHN8AB2JFD45AGBJITJM&marketplace=FLIPKART&q=smart+phones&store=tyy%2F4io&srno=s_8_176&otracker=search&fm=organic&iid=2b795de9-957c-4dca-b667-b0aa48407a85.MOBHN8AB2JFD45AG.SEARCH&ppt=None&ppn=None&ssid=trxx0szrf40000001790850031932&qH=a5594894156db043&ov_redirect=true,2026-10-01
177,"Samsung Galaxy A17 5G (Gray, 256 GB)",Samsung,32445,41999,22% off,4.3,"2,244",212,8 GB RAM,256 GB ROM,5000 mAh Battery,Samsung Exynos 1330 Processor,17.02 cm (6.7 inch) Full HD+ Display,50MP + 5MP + 2MP | 13MP Front Camera,,https://www.flipkart.com/samsung-galaxy-a17-5g-gray-256-gb/p/itm9b0b7e6d52859?pid=MOBHGVECGMDU2DZV&lid=LSTMOBHGVECGMDU2DZVWO8GYI&marketplace=FLIPKART&q=smart+phones&store=tyy%2F4io&srno=s_8_177&otracker=search&fm=organic&iid=2b795de9-957c-4dca-b667-b0aa48407a85.MOBHGVECGMDU2DZV.SEARCH&ppt=None&ppn=None&ssid=trxx0szrf40000001790850031932&qH=a5594894156db043&ov_redirect=true,2026-10-01
178,"Samsung Galaxy M17e 5G (Blitz Blue, 128 GB)",Samsung,17994,22999,21% off,4.1,88,8,4 GB RAM,128 GB ROM,6000 mAh Battery,Dimensity 6300 Processor,17.02 cm (6.7 inch) HD+ Display,50MP Rear Camera | 8MP Front Camera,,https://www.flipkart.com/samsung-galaxy-m17e-5g-blitz-blue-128-gb/p/itm94d52438549d6?pid=MOBHHTAUEZHBNGAQ&lid=LSTMOBHHTAUEZHBNGAQMSKGRF&marketplace=FLIPKART&q=smart+phones&store=tyy%2F4io&srno=s_8_178&otracker=search&fm=organic&iid=2b795de9-957c-4dca-b667-b0aa48407a85.MOBHHTAUEZHBNGAQ.SEARCH&ppt=None&ppn=None&ssid=trxx0szrf40000001790850031932&qH=a5594894156db043&ov_redirect=true,2026-10-01
179,"POCO C85x 5G (Emerald Green, 64 GB)",POCO,14999,20999,28% off,4.1,"5,797",795,4 GB RAM,64 GB ROM,6300 mAh Lithium-Ion Polymer Battery,T8300 Processor,17.53 cm (6.9 inch) HD+ Display,32MP Rear Camera,,https://www.flipkart.com/poco-c85x-5g-emerald-green-64-gb/p/itm626a170c915bd?pid=MOBHMGG5GHZKTSDZ&lid=LSTMOBHMGG5GHZKTSDZQAUGPC&marketplace=FLIPKART&q=smart+phones&store=tyy%2F4io&srno=s_8_179&otracker=search&fm=organic&iid=2b795de9-957c-4dca-b667-b0aa48407a85.MOBHMGG5GHZKTSDZ.SEARCH&ppt=None&ppn=None&ssid=trxx0szrf40000001790850031932&qH=a5594894156db043&ov_redirect=true,2026-10-01
180,"realme Narzo 90x 5G (Maroon Red, 128 GB)",realme,21909,25099,12% off,4.3,"3,747",308,6 GB RAM,128 GB ROM,7000 mAh Battery,Dimensity 6300 Processor,17.27 cm (6.8 inch) HD+ Display,50MP Rear Camera | 8MP Front Camera,,https://www.flipkart.com/realme-narzo-90x-5g-maroon-red-128-gb/p/itma63c5c5ce781a?pid=MOBHKZZY3EHDY8FN&lid=LSTMOBHKZZY3EHDY8FNJJICVE&marketplace=FLIPKART&q=smart+phones&store=tyy%2F4io&srno=s_8_180&otracker=search&fm=organic&iid=2b795de9-957c-4dca-b667-b0aa48407a85.MOBHKZZY3EHDY8FN.SEARCH&ppt=None&ppn=None&ssid=trxx0szrf40000001790850031932&qH=a5594894156db043&ov_redirect=true,2026-10-01
181,"Samsung Galaxy A07 5G (Light Violet, 128 GB)",Samsung,20999,21499,2% off,4.3,88,7,6 GB RAM,128 GB ROM,6000 mAh Li-ion Battery,Dimensity 6300 Processor,43.51 cm (17.13 inch) HD+ Display,50MP + 2MP | 8MP Front Camera,,https://www.flipkart.com/samsung-galaxy-a07-5g-light-violet-128-gb/p/itm375542879d8d6?pid=MOBHJXB2ZGF23HHU&lid=LSTMOBHJXB2ZGF23HHUOMKTXA&marketplace=FLIPKART&q=smart+phones&store=tyy%2F4io&srno=s_8_181&otracker=search&fm=organic&iid=2b795de9-957c-4dca-b667-b0aa48407a85.MOBHJXB2ZGF23HHU.SEARCH&ppt=None&ppn=None&ssid=trxx0szrf40000001790850031932&qH=a5594894156db043&ov_redirect=true,2026-10-01
182,"Tecno POP X 5G (Ripple Green, 128 GB)",Tecno,19380,31999,39% off,4.3,14,2,6 GB RAM,128 GB ROM,6500 mAh Battery,,17.22 cm (6.78 inch) Display,50MP Rear Camera,,https://www.flipkart.com/tecno-pop-x-5g-ripple-green-128-gb/p/itm57a45bbcdf450?pid=MOBHMSVB8FTX33F6&lid=LSTMOBHMSVB8FTX33F62TVOV1&marketplace=FLIPKART&q=smart+phones&store=tyy%2F4io&srno=s_8_182&otracker=search&fm=organic&iid=2b795de9-957c-4dca-b667-b0aa48407a85.MOBHMSVB8FTX33F6.SEARCH&ppt=None&ppn=None&ssid=trxx0szrf40000001790850031932&qH=a5594894156db043&ov_redirect=true,2026-10-01
183,"Tecno POP X 5G (Ripple Green, 128 GB)",Tecno,17490,27999,37% off,3.9,26,2,4 GB RAM,128 GB ROM,6500 mAh Battery,,17.22 cm (6.78 inch) Display,13MP Rear Camera,,https://www.flipkart.com/tecno-pop-x-5g-ripple-green-128-gb/p/itm57a45bbcdf450?pid=MOBHMUXZ7WPNDXXG&lid=LSTMOBHMUXZ7WPNDXXGU1OFL2&marketplace=FLIPKART&q=smart+phones&store=tyy%2F4io&srno=s_8_183&otracker=search&fm=organic&iid=2b795de9-957c-4dca-b667-b0aa48407a85.MOBHMUXZ7WPNDXXG.SEARCH&ppt=None&ppn=None&ssid=trxx0szrf40000001790850031932&qH=a5594894156db043&ov_redirect=true,2026-10-01
184,"realme Narzo 90x 5G (Nitro Blue, 128 GB)",realme,23840,23999,,4.3,"1,654",112,8 GB RAM,128 GB ROM,7000 mAh Battery,,17.27 cm (6.8 inch) Display,50MP Rear Camera,,https://www.flipkart.com/realme-narzo-90x-5g-nitro-blue-128-gb/p/itma63c5c5ce781a?pid=MOBHGUHGXGUJCGHN&lid=LSTMOBHGUHGXGUJCGHNMQDE37&marketplace=FLIPKART&q=smart+phones&store=tyy%2F4io&srno=s_8_184&otracker=search&fm=organic&iid=2b795de9-957c-4dca-b667-b0aa48407a85.MOBHGUHGXGUJCGHN.SEARCH&ppt=None&ppn=None&ssid=trxx0szrf40000001790850031932&qH=a5594894156db043&ov_redirect=true,2026-10-01
185,"Ai+ Nova 2 Neo 5G (Black, 128 GB)",Ai+,15999,18999,15% off,4.3,"2,357",205,4 GB RAM,128 GB ROM,6000 mAh Li-polymer Battery,Dimensity 6300 Processor,17.13 cm (6.745 inch) HD+ Display,48MP Rear Camera | 8MP Front Camera,,https://www.flipkart.com/ai-nova-2-neo-5g-black-128-gb/p/itm4cc8b3a16e28e?pid=MOBHZ8ZMMYU5N9GW&lid=LSTMOBHZ8ZMMYU5N9GWUVAM3I&marketplace=FLIPKART&q=smart+phones&store=tyy%2F4io&srno=s_8_185&otracker=search&fm=organic&iid=2b795de9-957c-4dca-b667-b0aa48407a85.MOBHZ8ZMMYU5N9GW.SEARCH&ppt=None&ppn=None&ssid=trxx0szrf40000001790850031932&qH=a5594894156db043&ov_redirect=true,2026-10-01
186,"realme Narzo 90x 5G (Flash Blue, 128 GB)",realme,21899,33999,35% off,4.3,"3,747",308,6 GB RAM,128 GB ROM,7000 mAh Battery,,17.27 cm (6.8 inch) Display,50MP Rear Camera,,https://www.flipkart.com/realme-narzo-90x-5g-flash-blue-128-gb/p/itma63c5c5ce781a?pid=MOBHGUHGVRGNFFVZ&lid=LSTMOBHGUHGVRGNFFVZ9OOYAB&marketplace=FLIPKART&q=smart+phones&store=tyy%2F4io&srno=s_8_186&otracker=search&fm=organic&iid=2b795de9-957c-4dca-b667-b0aa48407a85.MOBHGUHGVRGNFFVZ.SEARCH&ppt=None&ppn=None&ssid=trxx0szrf40000001790850031932&qH=a5594894156db043&ov_redirect=true,2026-10-01
187,"realme Narzo 90x 5G (Aqua Blue, 128 GB)",realme,21895,33999,35% off,4.3,"3,747",308,6 GB RAM,128 GB ROM,7000 mAh Battery,,17.27 cm (6.8 inch) Display,50MP Rear Camera,,https://www.flipkart.com/realme-narzo-90x-5g-aqua-blue-128-gb/p/itma63c5c5ce781a?pid=MOBHM5DFWEMV5HUH&lid=LSTMOBHM5DFWEMV5HUH2ONDPU&marketplace=FLIPKART&q=smart+phones&store=tyy%2F4io&srno=s_8_187&otracker=search&fm=organic&iid=2b795de9-957c-4dca-b667-b0aa48407a85.MOBHM5DFWEMV5HUH.SEARCH&ppt=None&ppn=None&ssid=trxx0szrf40000001790850031932&qH=a5594894156db043&ov_redirect=true,2026-10-01
188,"OnePlus Nord 6 (Pitch Black, 256 GB)",OnePlus,56999,,,4.5,269,31,12 GB RAM,256 GB ROM,9000 mAh Battery,4 octa-core processor Processor,17.22 cm (6.78 inch) Full HD+ Display,50MP Rear Camera,,https://www.flipkart.com/oneplus-nord-6-pitch-black-256-gb/p/itmc49f71cdc4080?pid=MOBHMBXBMGCDHP55&lid=LSTMOBHMBXBMGCDHP55N13AOG&marketplace=FLIPKART&q=smart+phones&store=tyy%2F4io&srno=s_8_188&otracker=search&fm=organic&iid=2b795de9-957c-4dca-b667-b0aa48407a85.MOBHMBXBMGCDHP55.SEARCH&ppt=None&ppn=None&ssid=trxx0szrf40000001790850031932&qH=a5594894156db043&ov_redirect=true,2026-10-01
189,"OnePlus Nord 6 (Quick Silver, 256 GB)",OnePlus,54831,56999,3% off,4.5,269,31,12 GB RAM,256 GB ROM,9000 mAh Battery,4 octa-core processor Processor,17.22 cm (6.78 inch) Full HD+ Display,50MP Rear Camera,,https://www.flipkart.com/oneplus-nord-6-quick-silver-256-gb/p/itmc49f71cdc4080?pid=MOBHMBXCPZNQ3YNC&lid=LSTMOBHMBXCPZNQ3YNCFPN1HB&marketplace=FLIPKART&q=smart+phones&store=tyy%2F4io&srno=s_8_189&otracker=search&fm=organic&iid=2b795de9-957c-4dca-b667-b0aa48407a85.MOBHMBXCPZNQ3YNC.SEARCH&ppt=None&ppn=None&ssid=trxx0szrf40000001790850031932&qH=a5594894156db043&ov_redirect=true,2026-10-01
190,"Samsung Galaxy Z Fold7 5G (Silver Shadow, 256 GB)",Samsung,154999,184999,16% off,4.5,187,11,12 GB RAM,256 GB ROM,4400 mAh Battery,Snapdragon 8 Elite for Galaxy Processor,20.32 cm (8 inch) QXGA+ Display,200MP + 12MP + 10MP | 10MP Front Camera,,https://www.flipkart.com/samsung-galaxy-z-fold7-5g-silver-shadow-256-gb/p/itm80780506616fb?pid=MOBHD92UDC8B9TGX&lid=LSTMOBHD92UDC8B9TGXYQBX2G&marketplace=FLIPKART&q=smart+phones&store=tyy%2F4io&srno=s_8_190&otracker=search&fm=organic&iid=2b795de9-957c-4dca-b667-b0aa48407a85.MOBHD92UDC8B9TGX.SEARCH&ppt=None&ppn=None&ssid=trxx0szrf40000001790850031932&qH=a5594894156db043&ov_redirect=true,2026-10-01
191,"realme 15 5G (Silk Pink, 256 GB)",realme,31999,,,4.4,"11,375","1,223",8 GB RAM,256 GB ROM,7000 mAh Battery,Mediatek Dimensity 7300+ 5G Processor,17.27 cm (6.8 inch) Full HD+ Display,50MP + 8MP | 50MP Front Camera,5G,https://www.flipkart.com/realme-15-5g-silk-pink-256-gb/p/itme9581fbd0e97a?pid=MOBHDUKFZF7UPZZZ&lid=LSTMOBHDUKFZF7UPZZZJPBCBN&marketplace=FLIPKART&q=smart+phones&store=tyy%2F4io&srno=s_8_191&otracker=search&fm=organic&iid=2b795de9-957c-4dca-b667-b0aa48407a85.MOBHDUKFZF7UPZZZ.SEARCH&ppt=None&ppn=None&ssid=trxx0szrf40000001790850031932&qH=a5594894156db043&ov_redirect=true,2026-10-01
192,"Infinix Note edge (Silk Green, 256 GB)",Infinix,25999,34999,25% off,4.3,510,87,8 GB RAM,256 GB ROM,6500 mAh Battery,Dimensity 7100 Processor,17.22 cm (6.78 inch) Full HD+ AMOLED Display,50MP Rear Camera | 13MP Front Camera,,https://www.flipkart.com/infinix-note-edge-silk-green-256-gb/p/itmab2876405a1ab?pid=MOBHKCV7FF8GZWZ4&lid=LSTMOBHKCV7FF8GZWZ4LLG9IF&marketplace=FLIPKART&q=smart+phones&store=tyy%2F4io&srno=s_8_192&otracker=search&fm=organic&iid=2b795de9-957c-4dca-b667-b0aa48407a85.MOBHKCV7FF8GZWZ4.SEARCH&ppt=None&ppn=None&ssid=trxx0szrf40000001790850031932&qH=a5594894156db043&ov_redirect=true,2026-10-01
193,"Infinix Note edge (Stellar Blue, 256 GB)",Infinix,25999,34999,25% off,4.3,510,87,8 GB RAM,256 GB ROM,6500 mAh Battery,Dimensity 7100 Processor,17.22 cm (6.78 inch) Full HD+ AMOLED Display,50MP Rear Camera | 13MP Front Camera,,https://www.flipkart.com/infinix-note-edge-stellar-blue-256-gb/p/itmab2876405a1ab?pid=MOBHKCV76HNSDYJ5&lid=LSTMOBHKCV76HNSDYJ5MCBZLZ&marketplace=FLIPKART&q=smart+phones&store=tyy%2F4io&srno=s_9_193&otracker=search&fm=organic&iid=2ecf9af9-c754-4b00-a6c3-89584d7aff47.MOBHKCV76HNSDYJ5.SEARCH&ppt=None&ppn=None&ssid=mqupjg8u000000001790850034745&qH=a5594894156db043&ov_redirect=true,2026-10-01
194,"realme Narzo 90x 5G (Aqua Blue, 128 GB)",realme,19000,29999,36% off,4,642,55,4 GB RAM,128 GB ROM,7000 mAh Battery,Dimensity 6300 Processor,17.27 cm (6.8 inch) HD+ Display,50MP Rear Camera | 8MP Front Camera,,https://www.flipkart.com/realme-narzo-90x-5g-aqua-blue-128-gb/p/itma63c5c5ce781a?pid=MOBHH3RBDV8NYP5U&lid=LSTMOBHH3RBDV8NYP5UQYF8TZ&marketplace=FLIPKART&q=smart+phones&store=tyy%2F4io&srno=s_9_194&otracker=search&fm=organic&iid=2ecf9af9-c754-4b00-a6c3-89584d7aff47.MOBHH3RBDV8NYP5U.SEARCH&ppt=None&ppn=None&ssid=mqupjg8u000000001790850034745&qH=a5594894156db043&ov_redirect=true,2026-10-01
195,"realme Narzo 90x 5G (Maroon Red, 128 GB)",realme,19038,29999,36% off,4,642,55,4 GB RAM,128 GB ROM,7000 mAh Battery,Dimensity 6300 Processor,17.27 cm (6.8 inch) HD+ Display,50MP Rear Camera | 8MP Front Camera,,https://www.flipkart.com/realme-narzo-90x-5g-maroon-red-128-gb/p/itma63c5c5ce781a?pid=MOBHH3RBPHU6YADK&lid=LSTMOBHH3RBPHU6YADKCVINCN&marketplace=FLIPKART&q=smart+phones&store=tyy%2F4io&srno=s_9_195&otracker=search&fm=organic&iid=2ecf9af9-c754-4b00-a6c3-89584d7aff47.MOBHH3RBPHU6YADK.SEARCH&ppt=None&ppn=None&ssid=mqupjg8u000000001790850034745&qH=a5594894156db043&ov_redirect=true,2026-10-01
196,"realme Narzo 100x 5g (Flash Orange, 256 GB)",realme,27845,39999,30% off,4.2,353,43,6 GB RAM,256 GB ROM,8000 mAh Battery,MediaTek Dimensity 6300 Processor,17.3 cm (6.81 inch) HD+ Display,,,https://www.flipkart.com/realme-narzo-100x-5g-flash-orange-256-gb/p/itm66836fc8ecc5e?pid=MOBHPJG6RCZ8PKC8&lid=LSTMOBHPJG6RCZ8PKC8QLNQWR&marketplace=FLIPKART&q=smart+phones&store=tyy%2F4io&srno=s_9_196&otracker=search&fm=organic&iid=2ecf9af9-c754-4b00-a6c3-89584d7aff47.MOBHPJG6RCZ8PKC8.SEARCH&ppt=None&ppn=None&ssid=mqupjg8u000000001790850034745&qH=a5594894156db043&ov_redirect=true,2026-10-01
197,"Tecno Spark Go 3 (Titanium Grey, 64 GB)",Tecno,12499,15999,21% off,4.1,221,15,4 GB RAM,64 GB ROM,5000 mAh Lithium Polymer Battery,T7250 Processor,17.12 cm (6.74 inch) HD+ Display,13MP Rear Camera | 8MP Front Camera,,https://www.flipkart.com/tecno-spark-go-3-titanium-grey-64-gb/p/itma9c8f128a61c6?pid=MOBHP2QY7GH4XWWS&lid=LSTMOBHP2QY7GH4XWWSUZBT2N&marketplace=FLIPKART&q=smart+phones&store=tyy%2F4io&srno=s_9_197&otracker=search&fm=organic&iid=en_757cDJWXdD35wdufHIojoMVYfSSZfAwTjFY67qmFG9m-jYPfVDqdJjPVBhT6YLqyvdhgVIDAS43502YR2UC6WzzVjjVgBxhvbGO4C2Nu8sB3KD-iDRyr9CST04BNG7d2&ppt=None&ppn=None&ssid=mqupjg8u000000001790850034745&qH=a5594894156db043&ov_redirect=true,2026-10-01
198,"Tecno Spark Go 3 (Ink Black, 64 GB)",Tecno,12499,15999,21% off,4.1,221,15,4 GB RAM,64 GB ROM,5000 mAh Lithium Polymer Battery,T7250 Processor,17.12 cm (6.74 inch) HD+ Display,13MP Rear Camera | 8MP Front Camera,,https://www.flipkart.com/tecno-spark-go-3-ink-black-64-gb/p/itma9c8f128a61c6?pid=MOBHP2QYCXZZE3CM&lid=LSTMOBHP2QYCXZZE3CMWW64IB&marketplace=FLIPKART&q=smart+phones&store=tyy%2F4io&srno=s_9_198&otracker=search&fm=organic&iid=en_757cDJWXdD35wdufHIojoMVYfSSZfAwTjFY67qmFG9mSXSrynT7lZ2c_EU6qLXLGXSTZgtzvjftyjvmwmzsaRgiCj5dWzPgr1ZNpuYyjSmh3KD-iDRyr9CST04BNG7d2&ppt=None&ppn=None&ssid=mqupjg8u000000001790850034745&qH=a5594894156db043&ov_redirect=true,2026-10-01
199,"REDMI Note-14 Pro+ 5G (Spectre Blue, 128 GB)",REDMI,27499,34999,21% off,4.4,897,69,8 GB RAM,128 GB ROM,6200 mAh Battery,7s Gen 3 Processor,16.94 cm (6.67 inch) Display,50MP + 50MP + 8MP | 20MP Front Camera,,https://www.flipkart.com/redmi-note-14-pro-5g-spectre-blue-128-gb/p/itmf69d377f9a8fb?pid=MOBH8BW3EGBFXZB6&lid=LSTMOBH8BW3EGBFXZB6CY0G4A&marketplace=FLIPKART&q=smart+phones&store=tyy%2F4io&srno=s_9_199&otracker=search&fm=organic&iid=2ecf9af9-c754-4b00-a6c3-89584d7aff47.MOBH8BW3EGBFXZB6.SEARCH&ppt=None&ppn=None&ssid=mqupjg8u000000001790850034745&qH=a5594894156db043&ov_redirect=true,2026-10-01
200,"realme P3 Ultra 5G (Neptune Blue, 256 GB)",realme,31999,35999,11% off,4.4,"5,274",589,12 GB RAM,256 GB ROM,6000 mAh Battery,Dimensity 8350 Ultra Processor,17.35 cm (6.83 inch) Display,50MP + 8MP | 16MP Front Camera,,https://www.flipkart.com/realme-p3-ultra-5g-neptune-blue-256-gb/p/itm50171223b4a05?pid=MOBHAYKEZZXWNMVV&lid=LSTMOBHAYKEZZXWNMVVX7N6LV&marketplace=FLIPKART&q=smart+phones&store=tyy%2F4io&srno=s_9_200&otracker=search&fm=organic&iid=2ecf9af9-c754-4b00-a6c3-89584d7aff47.MOBHAYKEZZXWNMVV.SEARCH&ppt=None&ppn=None&ssid=mqupjg8u000000001790850034745&qH=a5594894156db043&ov_redirect=true,2026-10-01
201,"realme P3 Ultra 5G (Orion Red, 256 GB)",realme,31999,35999,11% off,4.4,"5,274",589,12 GB RAM,256 GB ROM,6000 mAh Battery,Dimensity 8350 Ultra Processor,17.35 cm (6.83 inch) Display,50MP + 8MP | 16MP Front Camera,,https://www.flipkart.com/realme-p3-ultra-5g-orion-red-256-gb/p/itm50171223b4a05?pid=MOBHAYKEK2YKSCTU&lid=LSTMOBHAYKEK2YKSCTUTPFDIS&marketplace=FLIPKART&q=smart+phones&store=tyy%2F4io&srno=s_9_201&otracker=search&fm=organic&iid=2ecf9af9-c754-4b00-a6c3-89584d7aff47.MOBHAYKEK2YKSCTU.SEARCH&ppt=None&ppn=None&ssid=mqupjg8u000000001790850034745&qH=a5594894156db043&ov_redirect=true,2026-10-01
202,"POCO X8 Pro (White, 256 GB)",POCO,39999,50999,21% off,4.3,"4,037",702,8 GB RAM,256 GB ROM,6500 mAh Lithium-Ion Polymer With Silicon Carbon Technology Battery,Dimensity 8500-Ultra Processor,16.74 cm (6.59 inch) Full HD+ AMOLED Display,50MP + 8MP | 20MP Front Camera,,https://www.flipkart.com/poco-x8-pro-white-256-gb/p/itmaa692ca8a3b36?pid=MOBHMGG5QFZXHVAH&lid=LSTMOBHMGG5QFZXHVAHACODSM&marketplace=FLIPKART&q=smart+phones&store=tyy%2F4io&srno=s_9_202&otracker=search&fm=organic&iid=2ecf9af9-c754-4b00-a6c3-89584d7aff47.MOBHMGG5QFZXHVAH.SEARCH&ppt=None&ppn=None&ssid=mqupjg8u000000001790850034745&qH=a5594894156db043&ov_redirect=true,2026-10-01
203,"Samsung Galaxy M17e 5G (Blitz Blue, 128 GB)",Samsung,19999,24999,20% off,4.1,50,5,6 GB RAM,128 GB ROM,6000 mAh Battery,Dimensity 6300 Processor,17.02 cm (6.7 inch) HD+ Display,50MP Rear Camera | 8MP Front Camera,,https://www.flipkart.com/samsung-galaxy-m17e-5g-blitz-blue-128-gb/p/itm94d52438549d6?pid=MOBHHTAUAWURCBGQ&lid=LSTMOBHHTAUAWURCBGQGRDTSU&marketplace=FLIPKART&q=smart+phones&store=tyy%2F4io&srno=s_9_203&otracker=search&fm=organic&iid=2ecf9af9-c754-4b00-a6c3-89584d7aff47.MOBHHTAUAWURCBGQ.SEARCH&ppt=None&ppn=None&ssid=mqupjg8u000000001790850034745&qH=a5594894156db043&ov_redirect=true,2026-10-01
204,"POCO X8 Pro (White, 256 GB)",POCO,42999,52999,18% off,4.4,"1,233",206,12 GB RAM,256 GB ROM,6500 mAh Lithium-Ion Polymer With Silicon Carbon Technology Battery,Dimensity 8500-Ultra Processor,16.74 cm (6.59 inch) Full HD+ AMOLED Display,50MP + 8MP | 20MP Front Camera,,https://www.flipkart.com/poco-x8-pro-white-256-gb/p/itm1ec9163203374?pid=MOBHMGG5WDBZG8GM&lid=LSTMOBHMGG5WDBZG8GMASZ5EU&marketplace=FLIPKART&q=smart+phones&store=tyy%2F4io&srno=s_9_204&otracker=search&fm=organic&iid=2ecf9af9-c754-4b00-a6c3-89584d7aff47.MOBHMGG5WDBZG8GM.SEARCH&ppt=None&ppn=None&ssid=mqupjg8u000000001790850034745&qH=a5594894156db043&ov_redirect=true,2026-10-01
205,"REDMI Note 15 SE 5G (Frosted White, 256 GB)",REDMI,29999,37999,21% off,4.3,"3,431",328,8 GB RAM,256 GB ROM,5800 mAh Lithium-Ion Polymer Battery,Snapdragon 6 Gen 3 Processor,17.2 cm (6.77 inch) Full HD+ AMOLED Display,50MP Rear Camera | 20MP Front Camera,,https://www.flipkart.com/redmi-note-15-se-5g-frosted-white-256-gb/p/itmebad38fb8969d?pid=MOBHN52FMT5ZSDSW&lid=LSTMOBHN52FMT5ZSDSWMBN2AM&marketplace=FLIPKART&q=smart+phones&store=tyy%2F4io&srno=s_9_205&otracker=search&fm=organic&iid=2ecf9af9-c754-4b00-a6c3-89584d7aff47.MOBHN52FMT5ZSDSW.SEARCH&ppt=None&ppn=None&ssid=mqupjg8u000000001790850034745&qH=a5594894156db043&ov_redirect=true,2026-10-01
206,"REDMI Note 15 SE 5G Snapdragon (Frosted White, 128 GB)",REDMI,25999,34999,25% off,4.3,"6,665",594,6 GB RAM,128 GB ROM,5800 mAh Lithium-Ion Polymer Battery,Snapdragon 6 Gen 3 Processor,17.2 cm (6.77 inch) Full HD+ AMOLED Display,50MP Rear Camera | 20MP Front Camera,,https://www.flipkart.com/redmi-note-15-se-5g-snapdragon-frosted-white-128-gb/p/itm5de45c7183f72?pid=MOBHN52FR8YCYGSZ&lid=LSTMOBHN52FR8YCYGSZVFJKMJ&marketplace=FLIPKART&q=smart+phones&store=tyy%2F4io&srno=s_9_206&otracker=search&fm=organic&iid=2ecf9af9-c754-4b00-a6c3-89584d7aff47.MOBHN52FR8YCYGSZ.SEARCH&ppt=None&ppn=None&ssid=mqupjg8u000000001790850034745&qH=a5594894156db043&ov_redirect=true,2026-10-01
207,"REDMI Note-14 Pro+ 5G (Spectre Blue, 256 GB)",REDMI,29999,36999,18% off,4.4,897,69,8 GB RAM,256 GB ROM,6200 mAh Battery,7s Gen 3 Processor,16.94 cm (6.67 inch) Display,50MP + 50MP + 8MP | 20MP Front Camera,,https://www.flipkart.com/redmi-note-14-pro-5g-spectre-blue-256-gb/p/itmf69d377f9a8fb?pid=MOBH8BW3VWEPGQ7A&lid=LSTMOBH8BW3VWEPGQ7AELQ7VM&marketplace=FLIPKART&q=smart+phones&store=tyy%2F4io&srno=s_9_207&otracker=search&fm=organic&iid=2ecf9af9-c754-4b00-a6c3-89584d7aff47.MOBH8BW3VWEPGQ7A.SEARCH&ppt=None&ppn=None&ssid=mqupjg8u000000001790850034745&qH=a5594894156db043&ov_redirect=true,2026-10-01
208,"realme P3 Ultra 5G (Orion Red, 128 GB)",realme,31999,,,4.4,"22,133","2,557",8 GB RAM,128 GB ROM,6000 mAh Battery,Dimensity 8350 Ultra Processor,17.35 cm (6.83 inch) Display,50MP + 8MP | 16MP Front Camera,,https://www.flipkart.com/realme-p3-ultra-5g-orion-red-128-gb/p/itm50171223b4a05?pid=MOBHAYKEZ94ZDEP4&lid=LSTMOBHAYKEZ94ZDEP4LHK4KR&marketplace=FLIPKART&q=smart+phones&store=tyy%2F4io&srno=s_9_208&otracker=search&fm=organic&iid=2ecf9af9-c754-4b00-a6c3-89584d7aff47.MOBHAYKEZ94ZDEP4.SEARCH&ppt=None&ppn=None&ssid=mqupjg8u000000001790850034745&qH=a5594894156db043&ov_redirect=true,2026-10-01
209,"Infinix GT 30 Pro 5G+ (Dark Flare, 256 GB)",Infinix,31999,,,4.4,"2,845",268,8 GB RAM,256 GB ROM,5500 mAh Battery,Dimensity 8350 Ultimate Processor,17.22 cm (6.78 inch) Full HD+ AMOLED Display,108MP + 8MP | 13MP Front Camera,,https://www.flipkart.com/infinix-gt-30-pro-5g-dark-flare-256-gb/p/itmd4bc1852572b9?pid=MOBHC645WDP8VHJX&lid=LSTMOBHC645WDP8VHJXT0HRMI&marketplace=FLIPKART&q=smart+phones&store=tyy%2F4io&srno=s_9_209&otracker=search&fm=organic&iid=2ecf9af9-c754-4b00-a6c3-89584d7aff47.MOBHC645WDP8VHJX.SEARCH&ppt=None&ppn=None&ssid=mqupjg8u000000001790850034745&qH=a5594894156db043&ov_redirect=true,2026-10-01
210,"Infinix GT 30 Pro 5G+ (Blade White, 256 GB)",Infinix,31999,,,4.4,"2,845",268,8 GB RAM,256 GB ROM,5500 mAh Battery,Dimensity 8350 Ultimate Processor,17.22 cm (6.78 inch) Display,108MP + 8MP | 13MP Front Camera,,https://www.flipkart.com/infinix-gt-30-pro-5g-blade-white-256-gb/p/itmd4bc1852572b9?pid=MOBHC645VTTPWXWM&lid=LSTMOBHC645VTTPWXWMO8AZOD&marketplace=FLIPKART&q=smart+phones&store=tyy%2F4io&srno=s_9_210&otracker=search&fm=organic&iid=2ecf9af9-c754-4b00-a6c3-89584d7aff47.MOBHC645VTTPWXWM.SEARCH&ppt=None&ppn=None&ssid=mqupjg8u000000001790850034745&qH=a5594894156db043&ov_redirect=true,2026-10-01
211,"Ai+ Nova 2 Ultra 5G (Black, 128 GB)",Ai+,22999,31999,28% off,4.1,"2,188",305,8 GB RAM,128 GB ROM,6000 mAh Li-polymer Battery,Dimensity 7400 Processor,17.22 cm (6.78 inch) Full HD+ AMOLED Display,50MP + 8MP | 13MP Front Camera,,https://www.flipkart.com/ai-nova-2-ultra-5g-black-128-gb/p/itmbac120469e74a?pid=MOBHZHUVYN4SGGQA&lid=LSTMOBHZHUVYN4SGGQATZDCVU&marketplace=FLIPKART&q=smart+phones&store=tyy%2F4io&srno=s_9_211&otracker=search&fm=organic&iid=2ecf9af9-c754-4b00-a6c3-89584d7aff47.MOBHZHUVYN4SGGQA.SEARCH&ppt=None&ppn=None&ssid=mqupjg8u000000001790850034745&qH=a5594894156db043&ov_redirect=true,2026-10-01
212,"realme P3 Ultra 5G (Neptune Blue, 128 GB)",realme,31999,,,4.4,"22,133","2,557",8 GB RAM,128 GB ROM,6000 mAh Battery,Dimensity 8350 Ultra Processor,17.35 cm (6.83 inch) Display,50MP + 8MP | 16MP Front Camera,,https://www.flipkart.com/realme-p3-ultra-5g-neptune-blue-128-gb/p/itm50171223b4a05?pid=MOBHAYKEXWW5SW5B&lid=LSTMOBHAYKEXWW5SW5BD6JPGU&marketplace=FLIPKART&q=smart+phones&store=tyy%2F4io&srno=s_9_212&otracker=search&fm=organic&iid=2ecf9af9-c754-4b00-a6c3-89584d7aff47.MOBHAYKEXWW5SW5B.SEARCH&ppt=None&ppn=None&ssid=mqupjg8u000000001790850034745&qH=a5594894156db043&ov_redirect=true,2026-10-01
213,"realme Narzo 90x 5G (Aqua Blue, 128 GB)",realme,24475,24499,,4.3,"1,654",112,8 GB RAM,128 GB ROM,7000 mAh Battery,,17.27 cm (6.8 inch) Display,50MP Rear Camera,,https://www.flipkart.com/realme-narzo-90x-5g-aqua-blue-128-gb/p/itma63c5c5ce781a?pid=MOBHM43KGPSRA2GY&lid=LSTMOBHM43KGPSRA2GYKRIBIU&marketplace=FLIPKART&q=smart+phones&store=tyy%2F4io&srno=s_9_213&otracker=search&fm=organic&iid=2ecf9af9-c754-4b00-a6c3-89584d7aff47.MOBHM43KGPSRA2GY.SEARCH&ppt=None&ppn=None&ssid=mqupjg8u000000001790850034745&qH=a5594894156db043&ov_redirect=true,2026-10-01
214,"Ai+ Nova 2 Pro 5G (Red, 128 GB)",Ai+,17999,21999,18% off,4,"2,361",274,6 GB RAM,128 GB ROM,6000 mAh Li-polymer Battery,Dimensity 7100 Processor,17.53 cm (6.9 inch) Full HD+ Display,48MP Rear Camera | 13MP Front Camera,,https://www.flipkart.com/ai-nova-2-pro-5g-red-128-gb/p/itm6e110e80c5404?pid=MOBHZ8ZMEHPWH2ZY&lid=LSTMOBHZ8ZMEHPWH2ZYDNLAHF&marketplace=FLIPKART&q=smart+phones&store=tyy%2F4io&srno=s_9_214&otracker=search&fm=organic&iid=2ecf9af9-c754-4b00-a6c3-89584d7aff47.MOBHZ8ZMEHPWH2ZY.SEARCH&ppt=None&ppn=None&ssid=mqupjg8u000000001790850034745&qH=a5594894156db043&ov_redirect=true,2026-10-01
215,"POCO C75 5G (Enchanted Green, 64 GB)",POCO,10999,,,4.2,"1,49,586","7,645",4 GB RAM,64 GB ROM,5160 mAh Battery,4s Gen 2 5G Processor,17.48 cm (6.88 inch) HD+ Display,50MP Rear Camera | 5MP Front Camera,5G,https://www.flipkart.com/poco-c75-5g-enchanted-green-64-gb/p/itmf8fdd88f80fcc?pid=MOBH7443VEGWXG4G&lid=LSTMOBH7443VEGWXG4GOW118G&marketplace=FLIPKART&q=smart+phones&store=tyy%2F4io&srno=s_9_215&otracker=search&fm=organic&iid=2ecf9af9-c754-4b00-a6c3-89584d7aff47.MOBH7443VEGWXG4G.SEARCH&ppt=None&ppn=None&ssid=mqupjg8u000000001790850034745&qH=a5594894156db043&ov_redirect=true,2026-10-01
216,"Apple iPhone 18 Pro (Burgundy, 512 GB)",Apple,189900,,,4.7,220,29,,,,"A20 Pro chip, 6 Core Processor Processor",16.0 cm (6.3 inch) Super Retina XDR Display,48MP + 48MP + 48MP | 18MP Front Camera,,https://www.flipkart.com/apple-iphone-18-pro-burgundy-512-gb/p/itm45fade022ddea?pid=MOBHQT5J7PYFBYEM&lid=LSTMOBHQT5J7PYFBYEMNJRJXO&marketplace=FLIPKART&q=smart+phones&store=tyy%2F4io&srno=s_9_216&otracker=search&fm=organic&iid=2ecf9af9-c754-4b00-a6c3-89584d7aff47.MOBHQT5J7PYFBYEM.SEARCH&ppt=None&ppn=None&ssid=mqupjg8u000000001790850034745&qH=a5594894156db043&ov_redirect=true,2026-10-01
217,"Tecno Spark Go 3 (Titanium Grey, 64 GB)",Tecno,12499,15999,21% off,4.1,221,15,4 GB RAM,64 GB ROM,5000 mAh Lithium Polymer Battery,T7250 Processor,17.12 cm (6.74 inch) HD+ Display,13MP Rear Camera | 8MP Front Camera,,https://www.flipkart.com/tecno-spark-go-3-titanium-grey-64-gb/p/itma9c8f128a61c6?pid=MOBHP2QY7GH4XWWS&lid=LSTMOBHP2QY7GH4XWWSUZBT2N&marketplace=FLIPKART&q=smart+phones&store=tyy%2F4io&srno=s_10_217&otracker=search&fm=organic&iid=en_qrK9P7a8JHFfhOP06sZALWS66jYQ_6-4W98tLJ7DjHNtRvI147952zlq2-2pzizcvdhgVIDAS43502YR2UC6WzzVjjVgBxhvbGO4C2Nu8sAEPaYN1OxIFyLLjBgjZf3F&ppt=None&ppn=None&ssid=t737f329y80000001790850037591&qH=a5594894156db043&ov_redirect=true,2026-10-01
218,"Tecno Spark Go 3 (Ink Black, 64 GB)",Tecno,12499,15999,21% off,4.1,221,15,4 GB RAM,64 GB ROM,5000 mAh Lithium Polymer Battery,T7250 Processor,17.12 cm (6.74 inch) HD+ Display,13MP Rear Camera | 8MP Front Camera,,https://www.flipkart.com/tecno-spark-go-3-ink-black-64-gb/p/itma9c8f128a61c6?pid=MOBHP2QYCXZZE3CM&lid=LSTMOBHP2QYCXZZE3CMWW64IB&marketplace=FLIPKART&q=smart+phones&store=tyy%2F4io&srno=s_10_218&otracker=search&fm=organic&iid=en_qrK9P7a8JHFfhOP06sZALWS66jYQ_6-4W98tLJ7DjHPqioBlVLwvDnRB-dIlEGZzXSTZgtzvjftyjvmwmzsaRgiCj5dWzPgr1ZNpuYyjSmgEPaYN1OxIFyLLjBgjZf3F&ppt=None&ppn=None&ssid=t737f329y80000001790850037591&qH=a5594894156db043&ov_redirect=true,2026-10-01
219,"POCO C85x 5G (Sunset Gold, 64 GB)",POCO,14999,20999,28% off,4.1,"5,797",795,4 GB RAM,64 GB ROM,6300 mAh Lithium-Ion Polymer Battery,T8300 Processor,17.53 cm (6.9 inch) HD+ Display,32MP Rear Camera,,https://www.flipkart.com/poco-c85x-5g-sunset-gold-64-gb/p/itm09453073b3b2e?pid=MOBHMGG5PYZRFMKU&lid=LSTMOBHMGG5PYZRFMKUWRLUZB&marketplace=FLIPKART&q=smart+phones&store=tyy%2F4io&srno=s_10_219&otracker=search&fm=organic&iid=5ae1b044-6f5b-4bf9-9de9-f4cdc52f6f56.MOBHMGG5PYZRFMKU.SEARCH&ppt=None&ppn=None&ssid=t737f329y80000001790850037591&qH=a5594894156db043&ov_redirect=true,2026-10-01
220,"REDMI 15A (Amaze Purple, 128 GB)",REDMI,18499,28999,36% off,3.8,801,71,4 GB RAM,128 GB ROM,6300 mAh Lithium-Ion Polymer Battery,T8300 Processor,17.53 cm (6.9 inch) Display,32MP Rear Camera | 8MP Front Camera,,https://www.flipkart.com/redmi-15a-amaze-purple-128-gb/p/itmd0294be755db1?pid=MOBHPDZD7YVWKAJD&lid=LSTMOBHPDZD7YVWKAJD7SASBO&marketplace=FLIPKART&q=smart+phones&store=tyy%2F4io&srno=s_10_220&otracker=search&fm=organic&iid=5ae1b044-6f5b-4bf9-9de9-f4cdc52f6f56.MOBHPDZD7YVWKAJD.SEARCH&ppt=None&ppn=None&ssid=t737f329y80000001790850037591&qH=a5594894156db043&ov_redirect=true,2026-10-01
221,"Google Pixel 11 Pro (Olive, 256 GB)",Google,119999,,,4.4,67,13,12 GB RAM,256 GB ROM,4850 mAh Lithium Battery,Tensor G6 Processor,16.0 cm (6.3 inch) Super Actua Display,50MP + 48MP + 48MP | 42MP Front Camera,,https://www.flipkart.com/google-pixel-11-pro-olive-256-gb/p/itm88f5dcba10068?pid=MOBHPHNVG3TGGBTR&lid=LSTMOBHPHNVG3TGGBTRMM5CTY&marketplace=FLIPKART&q=smart+phones&store=tyy%2F4io&srno=s_10_221&otracker=search&fm=organic&iid=5ae1b044-6f5b-4bf9-9de9-f4cdc52f6f56.MOBHPHNVG3TGGBTR.SEARCH&ppt=None&ppn=None&ssid=t737f329y80000001790850037591&qH=a5594894156db043&ov_redirect=true,2026-10-01
222,"Samsung Galaxy F17 5G (Neo Black, 128 GB)",Samsung,19980,23999,16% off,4.1,363,35,4 GB RAM,128 GB ROM,5000 mAh Battery,Exynos 1330 Processor,17.02 cm (6.7 inch) Full HD+ Display,50MP + 5MP | 13MP Front Camera,,https://www.flipkart.com/samsung-galaxy-f17-5g-neo-black-128-gb/p/itm0bf5856f3c9d7?pid=MOBHF6KMEEWK7HPX&lid=LSTMOBHF6KMEEWK7HPXGBB1NA&marketplace=FLIPKART&q=smart+phones&store=tyy%2F4io&srno=s_10_222&otracker=search&fm=organic&iid=5ae1b044-6f5b-4bf9-9de9-f4cdc52f6f56.MOBHF6KMEEWK7HPX.SEARCH&ppt=None&ppn=None&ssid=t737f329y80000001790850037591&qH=a5594894156db043&ov_redirect=true,2026-10-01
223,"REDMI Note 15 SE 5G Snapdragon (Crimson Reserve, 128 GB)",REDMI,27999,35999,22% off,4.3,"3,431",328,8 GB RAM,128 GB ROM,5800 mAh Lithium-Ion Polymer Battery,Snapdragon 6 Gen 3 Processor,17.2 cm (6.77 inch) Full HD+ AMOLED Display,50MP Rear Camera | 20MP Front Camera,,https://www.flipkart.com/redmi-note-15-se-5g-snapdragon-crimson-reserve-128-gb/p/itm7627750aa9b54?pid=MOBHN52F84BRGFEG&lid=LSTMOBHN52F84BRGFEGSK3ATO&marketplace=FLIPKART&q=smart+phones&store=tyy%2F4io&srno=s_10_223&otracker=search&fm=organic&iid=5ae1b044-6f5b-4bf9-9de9-f4cdc52f6f56.MOBHN52F84BRGFEG.SEARCH&ppt=None&ppn=None&ssid=t737f329y80000001790850037591&qH=a5594894156db043&ov_redirect=true,2026-10-01
224,"Infinix GT 30 Pro 5G+ (Blade White, 256 GB)",Infinix,34999,,,4.3,"1,388",140,12 GB RAM,256 GB ROM,5500 mAh Battery,Dimensity 8350 Ultimate Processor,17.22 cm (6.78 inch) Display,108MP + 8MP | 13MP Front Camera,,https://www.flipkart.com/infinix-gt-30-pro-5g-blade-white-256-gb/p/itmd4bc1852572b9?pid=MOBHC645RQJTCK3B&lid=LSTMOBHC645RQJTCK3BPTHHXS&marketplace=FLIPKART&q=smart+phones&store=tyy%2F4io&srno=s_10_224&otracker=search&fm=organic&iid=5ae1b044-6f5b-4bf9-9de9-f4cdc52f6f56.MOBHC645RQJTCK3B.SEARCH&ppt=None&ppn=None&ssid=t737f329y80000001790850037591&qH=a5594894156db043&ov_redirect=true,2026-10-01
225,"POCO M7 5G (Mint Green, 128 GB)",POCO,13499,13999,3% off,4.3,"19,055","1,069",8 GB RAM,128 GB ROM,5160 mAh Battery,4 Gen 2 5G Processor,17.48 cm (6.88 inch) HD+ Display,50MP Rear Camera | 8MP Front Camera,5G,https://www.flipkart.com/poco-m7-5g-mint-green-128-gb/p/itm5a4e9a881d94a?pid=MOBH9HFJGB3JSYEF&lid=LSTMOBH9HFJGB3JSYEF2YLMA0&marketplace=FLIPKART&q=smart+phones&store=tyy%2F4io&srno=s_10_225&otracker=search&fm=organic&iid=5ae1b044-6f5b-4bf9-9de9-f4cdc52f6f56.MOBH9HFJGB3JSYEF.SEARCH&ppt=None&ppn=None&ssid=t737f329y80000001790850037591&qH=a5594894156db043&ov_redirect=true,2026-10-01
226,"POCO X8 Power 5G (Black, 256 GB)",POCO,38999,84999,54% off,4.3,268,69,8 GB RAM,256 GB ROM,10000 mAh Lithium-Ion Polymer Battery,6 Gen 5 Processor,17.35 cm (6.83 inch) Full HD+ AMOLED Display,50MP + 8MP | 32MP Front Camera,,https://www.flipkart.com/poco-x8-power-5g-black-256-gb/p/itm3438e419f61cc?pid=MOBHQ6XZZQTFHDSX&lid=LSTMOBHQ6XZZQTFHDSXUIITQK&marketplace=FLIPKART&q=smart+phones&store=tyy%2F4io&srno=s_10_226&otracker=search&fm=organic&iid=5ae1b044-6f5b-4bf9-9de9-f4cdc52f6f56.MOBHQ6XZZQTFHDSX.SEARCH&ppt=None&ppn=None&ssid=t737f329y80000001790850037591&qH=a5594894156db043&ov_redirect=true,2026-10-01
227,"Samsung M36 5G (Velvet Black / Black, 128 GB)",Samsung,23975,26999,11% off,4.3,"5,791",449,6 GB RAM,128 GB ROM,5000 mAh Battery,,17.02 cm (6.7 inch) Display,50MP Rear Camera,,https://www.flipkart.com/samsung-m36-5g-velvet-black-black-128-gb/p/itm1e7be51802033?pid=MOBHEYY2FCCGHYEM&lid=LSTMOBHEYY2FCCGHYEMPK3RFG&marketplace=FLIPKART&q=smart+phones&store=tyy%2F4io&srno=s_10_227&otracker=search&fm=organic&iid=5ae1b044-6f5b-4bf9-9de9-f4cdc52f6f56.MOBHEYY2FCCGHYEM.SEARCH&ppt=None&ppn=None&ssid=t737f329y80000001790850037591&qH=a5594894156db043&ov_redirect=true,2026-10-01
228,"REDMI 15 5G (Sandy Purple, 256 GB)",REDMI,27499,,,4.3,"5,018",320,8 GB RAM,256 GB ROM,7000 mAh Battery,,17.53 cm (6.9 inch) Display,50MP Rear Camera,,https://www.flipkart.com/redmi-15-5g-sandy-purple-256-gb/p/itmd7bced8727891?pid=MOBHFH95JHYG8ZPN&lid=LSTMOBHFH95JHYG8ZPN9YQJGV&marketplace=FLIPKART&q=smart+phones&store=tyy%2F4io&srno=s_10_228&otracker=search&fm=organic&iid=5ae1b044-6f5b-4bf9-9de9-f4cdc52f6f56.MOBHFH95JHYG8ZPN.SEARCH&ppt=None&ppn=None&ssid=t737f329y80000001790850037591&qH=a5594894156db043&ov_redirect=true,2026-10-01
229,"IQOO 15 5G (Legend, 256 GB)",IQOO,76740,92999,17% off,4.7,477,59,12 GB RAM,256 GB ROM,7000 mAh Battery,,17.4 cm (6.85 inch) Display,50MP Rear Camera,,https://www.flipkart.com/iqoo-15-5g-legend-256-gb/p/itm9db365d8009fa?pid=MOBHGFAZH8DZGNU4&lid=LSTMOBHGFAZH8DZGNU48D2QPV&marketplace=FLIPKART&q=smart+phones&store=tyy%2F4io&srno=s_10_229&otracker=search&fm=organic&iid=5ae1b044-6f5b-4bf9-9de9-f4cdc52f6f56.MOBHGFAZH8DZGNU4.SEARCH&ppt=None&ppn=None&ssid=t737f329y80000001790850037591&qH=a5594894156db043&ov_redirect=true,2026-10-01
230,"realme P3 Ultra 5G (Glowing Lunar White, 256 GB)",realme,31999,35999,11% off,4.4,"5,274",589,12 GB RAM,256 GB ROM,6000 mAh Battery,Dimensity 8350 Ultra Processor,17.35 cm (6.83 inch) Full HD+ Display,50MP + 8MP | 16MP Front Camera,,https://www.flipkart.com/realme-p3-ultra-5g-glowing-lunar-white-256-gb/p/itm50171223b4a05?pid=MOBHAYKEGJYAUWC4&lid=LSTMOBHAYKEGJYAUWC4GFGIFN&marketplace=FLIPKART&q=smart+phones&store=tyy%2F4io&srno=s_10_230&otracker=search&fm=organic&iid=5ae1b044-6f5b-4bf9-9de9-f4cdc52f6f56.MOBHAYKEGJYAUWC4.SEARCH&ppt=None&ppn=None&ssid=t737f329y80000001790850037591&qH=a5594894156db043&ov_redirect=true,2026-10-01
231,"vivo T5x 5G (Cyber Green, 128 GB)",vivo,30999,,,4.4,"25,689","1,916",8 GB RAM,128 GB ROM,7200 mAh Li-ion Battery,Dimensity 7400-Turbo Processor,17.17 cm (6.76 inch) Display,50MP + 2MP | 32MP Front Camera,,https://www.flipkart.com/vivo-t5x-5g-cyber-green-128-gb/p/itm7da8aa253e72b?pid=MOBHH69NM5ERRNFT&lid=LSTMOBHH69NM5ERRNFTB1RHB5&marketplace=FLIPKART&q=smart+phones&store=tyy%2F4io&srno=s_10_231&otracker=search&fm=organic&iid=5ae1b044-6f5b-4bf9-9de9-f4cdc52f6f56.MOBHH69NM5ERRNFT.SEARCH&ppt=None&ppn=None&ssid=t737f329y80000001790850037591&qH=a5594894156db043&ov_redirect=true,2026-10-01
232,"vivo T5x 5G (Star Silver, 128 GB)",vivo,30999,,,4.4,"25,689","1,916",8 GB RAM,128 GB ROM,7200 mAh Li-ion Battery,Dimensity 7400-Turbo Processor,17.17 cm (6.76 inch) Display,50MP + 2MP | 32MP Front Camera,,https://www.flipkart.com/vivo-t5x-5g-star-silver-128-gb/p/itm7da8aa253e72b?pid=MOBHH69N2XATECZZ&lid=LSTMOBHH69N2XATECZZPPRNX7&marketplace=FLIPKART&q=smart+phones&store=tyy%2F4io&srno=s_10_232&otracker=search&fm=organic&iid=5ae1b044-6f5b-4bf9-9de9-f4cdc52f6f56.MOBHH69N2XATECZZ.SEARCH&ppt=None&ppn=None&ssid=t737f329y80000001790850037591&qH=a5594894156db043&ov_redirect=true,2026-10-01
233,"vivo T5x 5G (Cyber Green, 256 GB)",vivo,33999,,,4.4,"25,689","1,916",8 GB RAM,256 GB ROM,7200 mAh Li-ion Battery,Dimensity 7400-Turbo Processor,17.17 cm (6.76 inch) Display,50MP + 2MP | 32MP Front Camera,,https://www.flipkart.com/vivo-t5x-5g-cyber-green-256-gb/p/itm7da8aa253e72b?pid=MOBHH69NQGVVYQSG&lid=LSTMOBHH69NQGVVYQSGQNVHLI&marketplace=FLIPKART&q=smart+phones&store=tyy%2F4io&srno=s_10_233&otracker=search&fm=organic&iid=5ae1b044-6f5b-4bf9-9de9-f4cdc52f6f56.MOBHH69NQGVVYQSG.SEARCH&ppt=None&ppn=None&ssid=t737f329y80000001790850037591&qH=a5594894156db043&ov_redirect=true,2026-10-01
234,"vivo T5x 5G (Star Silver, 256 GB)",vivo,33999,,,4.4,"25,689","1,916",8 GB RAM,256 GB ROM,7200 mAh Li-ion Battery,Dimensity 7400-Turbo Processor,17.17 cm (6.76 inch) Display,50MP + 2MP | 32MP Front Camera,,https://www.flipkart.com/vivo-t5x-5g-star-silver-256-gb/p/itm7da8aa253e72b?pid=MOBHH69NHR7WUR3H&lid=LSTMOBHH69NHR7WUR3HYBC1AF&marketplace=FLIPKART&q=smart+phones&store=tyy%2F4io&srno=s_10_234&otracker=search&fm=organic&iid=5ae1b044-6f5b-4bf9-9de9-f4cdc52f6f56.MOBHH69NHR7WUR3H.SEARCH&ppt=None&ppn=None&ssid=t737f329y80000001790850037591&qH=a5594894156db043&ov_redirect=true,2026-10-01
235,"MOTOROLA g37 power (PANTONE Capri, 128 GB)",MOTOROLA,25999,37999,31% off,4.2,"2,622",207,8 GB RAM,128 GB ROM,7000 mAh Battery,Dimensity 6400 Processor,16.92 cm (6.66 inch) HD+ Display,50MP Rear Camera | 8MP Front Camera,,https://www.flipkart.com/motorola-g37-power-pantone-capri-128-gb/p/itm5dc5774d4d5e9?pid=MOBHMX5YXCBREREH&lid=LSTMOBHMX5YXCBREREHUWKEDX&marketplace=FLIPKART&q=smart+phones&store=tyy%2F4io&srno=s_10_235&otracker=search&fm=organic&iid=5ae1b044-6f5b-4bf9-9de9-f4cdc52f6f56.MOBHMX5YXCBREREH.SEARCH&ppt=None&ppn=None&ssid=t737f329y80000001790850037591&qH=a5594894156db043&ov_redirect=true,2026-10-01
236,"MOTOROLA Edge 70 Fusion (Pantone SILHOUETTE, 512 GB)",MOTOROLA,36999,64999,43% off,4.3,"6,894",768,12 GB RAM,512 GB ROM,7000 mAh Battery,Snapdragon 7s Gen 4 Processor,17.27 cm (6.8 inch) Super HD Display,50MP + 13MP | 32MP Front Camera,,https://www.flipkart.com/motorola-edge-70-fusion-pantone-silhouette-512-gb/p/itm296e356d06dfe?pid=MOBHNSA6EXSZXYUH&lid=LSTMOBHNSA6EXSZXYUHIGVMTN&marketplace=FLIPKART&q=smart+phones&store=tyy%2F4io&srno=s_10_236&otracker=search&fm=organic&iid=5ae1b044-6f5b-4bf9-9de9-f4cdc52f6f56.MOBHNSA6EXSZXYUH.SEARCH&ppt=None&ppn=None&ssid=t737f329y80000001790850037591&qH=a5594894156db043&ov_redirect=true,2026-10-01
237,"Ai+ Nova 2 Pro 5G (Blue, 128 GB)",Ai+,17999,21999,18% off,4,"2,361",274,6 GB RAM,128 GB ROM,6000 mAh Li-polymer Battery,Dimensity 7100 Processor,17.53 cm (6.9 inch) Full HD+ Display,48MP Rear Camera | 13MP Front Camera,,https://www.flipkart.com/ai-nova-2-pro-5g-blue-128-gb/p/itmfcb5acce99b5c?pid=MOBHZ8ZMMPVZHE89&lid=LSTMOBHZ8ZMMPVZHE89QJCATC&marketplace=FLIPKART&q=smart+phones&store=tyy%2F4io&srno=s_10_237&otracker=search&fm=organic&iid=5ae1b044-6f5b-4bf9-9de9-f4cdc52f6f56.MOBHZ8ZMMPVZHE89.SEARCH&ppt=None&ppn=None&ssid=t737f329y80000001790850037591&qH=a5594894156db043&ov_redirect=true,2026-10-01
238,"Samsung M47 5G (Blaze Blue, 128 GB)",Samsung,27980,46999,40% off,4.1,111,18,6 GB RAM,128 GB ROM,6000 mAh Battery,,16.94 cm (6.67 inch) Display,50MP Rear Camera,,https://www.flipkart.com/samsung-m47-5g-blaze-blue-128-gb/p/itmed5389226b408?pid=MOBHZWBVT3NUCCPP&lid=LSTMOBHZWBVT3NUCCPP2PUXLJ&marketplace=FLIPKART&q=smart+phones&store=tyy%2F4io&srno=s_10_238&otracker=search&fm=organic&iid=5ae1b044-6f5b-4bf9-9de9-f4cdc52f6f56.MOBHZWBVT3NUCCPP.SEARCH&ppt=None&ppn=None&ssid=t737f329y80000001790850037591&qH=a5594894156db043&ov_redirect=true,2026-10-01
239,"POCO X8 Power 5G (Yellow, 256 GB)",POCO,38999,84999,54% off,4.3,268,69,8 GB RAM,256 GB ROM,10000 mAh Lithium-Ion Polymer Battery,6 Gen 5 Processor,17.35 cm (6.83 inch) Full HD+ AMOLED Display,50MP + 8MP | 32MP Front Camera,,https://www.flipkart.com/poco-x8-power-5g-yellow-256-gb/p/itm3566b3e7b8329?pid=MOBHQ6XZBJWKEJGJ&lid=LSTMOBHQ6XZBJWKEJGJDF6XIP&marketplace=FLIPKART&q=smart+phones&store=tyy%2F4io&srno=s_10_239&otracker=search&fm=organic&iid=5ae1b044-6f5b-4bf9-9de9-f4cdc52f6f56.MOBHQ6XZBJWKEJGJ.SEARCH&ppt=None&ppn=None&ssid=t737f329y80000001790850037591&qH=a5594894156db043&ov_redirect=true,2026-10-01
240,"Apple iPhone 16 Plus (Ultramarine, 128 GB)",Apple,79900,,,4.6,"4,345",294,,,,"A18 Chip, 6 Core Processor Processor",17.02 cm (6.7 inch) Super Retina XDR Display,48MP + 12MP | 12MP Front Camera,,https://www.flipkart.com/apple-iphone-16-plus-ultramarine-128-gb/p/itm3a32a91957d41?pid=MOBH4DQFKZDYZNWX&lid=LSTMOBH4DQFKZDYZNWXU5NVDP&marketplace=FLIPKART&q=smart+phones&store=tyy%2F4io&srno=s_10_240&otracker=search&fm=organic&iid=5ae1b044-6f5b-4bf9-9de9-f4cdc52f6f56.MOBH4DQFKZDYZNWX.SEARCH&ppt=None&ppn=None&ssid=t737f329y80000001790850037591&qH=a5594894156db043&ov_redirect=true,2026-10-01
241,"Tecno Spark Go 3 (Titanium Grey, 64 GB)",Tecno,12499,15999,21% off,4.1,221,15,4 GB RAM,64 GB ROM,5000 mAh Lithium Polymer Battery,T7250 Processor,17.12 cm (6.74 inch) HD+ Display,13MP Rear Camera | 8MP Front Camera,,https://www.flipkart.com/tecno-spark-go-3-titanium-grey-64-gb/p/itma9c8f128a61c6?pid=MOBHP2QY7GH4XWWS&lid=LSTMOBHP2QY7GH4XWWSUZBT2N&marketplace=FLIPKART&q=smart+phones&store=tyy%2F4io&srno=s_11_241&otracker=search&fm=organic&iid=en_DpFEcqA9FCVzljVXtSzr1ScGiIJQGUZkZaYFJ3RbVf5p0WiaNCTy90hraNZAkracvdhgVIDAS43502YR2UC6WzzVjjVgBxhvbGO4C2Nu8sBzUlwIUbUSHWs_kEz7sgl0&ppt=None&ppn=None&ssid=0t9kxvixc00000001790850040478&qH=a5594894156db043&ov_redirect=true,2026-10-01
242,"Tecno Spark Go 3 (Ink Black, 64 GB)",Tecno,12499,15999,21% off,4.1,221,15,4 GB RAM,64 GB ROM,5000 mAh Lithium Polymer Battery,T7250 Processor,17.12 cm (6.74 inch) HD+ Display,13MP Rear Camera | 8MP Front Camera,,https://www.flipkart.com/tecno-spark-go-3-ink-black-64-gb/p/itma9c8f128a61c6?pid=MOBHP2QYCXZZE3CM&lid=LSTMOBHP2QYCXZZE3CMWW64IB&marketplace=FLIPKART&q=smart+phones&store=tyy%2F4io&srno=s_11_242&otracker=search&fm=organic&iid=en_DpFEcqA9FCVzljVXtSzr1ScGiIJQGUZkZaYFJ3RbVf5XZaF-2WjEWyGBe7IEr0V6XSTZgtzvjftyjvmwmzsaRgiCj5dWzPgr1ZNpuYyjSmhzUlwIUbUSHWs_kEz7sgl0&ppt=None&ppn=None&ssid=0t9kxvixc00000001790850040478&qH=a5594894156db043&ov_redirect=true,2026-10-01
243,"realme 15 5G (Silk Pink, 256 GB)",realme,31999,,,4.4,"11,375","1,223",8 GB RAM,256 GB ROM,7000 mAh Battery,Mediatek Dimensity 7300+ 5G Processor,17.27 cm (6.8 inch) Full HD+ Display,50MP + 8MP | 50MP Front Camera,5G,https://www.flipkart.com/realme-15-5g-silk-pink-256-gb/p/itme9581fbd0e97a?pid=MOBHDUKFZF7UPZZZ&lid=LSTMOBHDUKFZF7UPZZZJPBCBN&marketplace=FLIPKART&q=smart+phones&store=tyy%2F4io&srno=s_11_243&otracker=search&fm=organic&iid=26bb5115-2d77-48d7-a861-77625ed2160f.MOBHDUKFZF7UPZZZ.SEARCH&ppt=None&ppn=None&ssid=0t9kxvixc00000001790850040478&qH=a5594894156db043&ov_redirect=true,2026-10-01
244,"OPPO K14 Lite (Stone Brown, 64 GB)",OPPO,16999,37999,55% off,4,76,8,4 GB RAM,64 GB ROM,7000 mAh lithium-ion polymer Battery,T7250 Processor,17.14 cm (6.75 inch) HD+ Display,13MP Rear Camera | 5MP Front Camera,,https://www.flipkart.com/oppo-k14-lite-stone-brown-64-gb/p/itmb13fea9340374?pid=MOBHQZZ2HVKFBAGP&lid=LSTMOBHQZZ2HVKFBAGP9HQ2J4&marketplace=FLIPKART&q=smart+phones&store=tyy%2F4io&srno=s_11_244&otracker=search&fm=organic&iid=26bb5115-2d77-48d7-a861-77625ed2160f.MOBHQZZ2HVKFBAGP.SEARCH&ppt=None&ppn=None&ssid=0t9kxvixc00000001790850040478&qH=a5594894156db043&ov_redirect=true,2026-10-01
245,"Infinix Note edge (Silk Green, 128 GB)",Infinix,23999,29999,20% off,4.3,510,87,8 GB RAM,128 GB ROM,6500 mAh Battery,Dimensity 7100 Processor,17.22 cm (6.78 inch) Full HD+ AMOLED Display,50MP Rear Camera | 13MP Front Camera,,https://www.flipkart.com/infinix-note-edge-silk-green-128-gb/p/itmab2876405a1ab?pid=MOBHKCV7GJAJAXZG&lid=LSTMOBHKCV7GJAJAXZGHZCQDO&marketplace=FLIPKART&q=smart+phones&store=tyy%2F4io&srno=s_11_245&otracker=search&fm=organic&iid=26bb5115-2d77-48d7-a861-77625ed2160f.MOBHKCV7GJAJAXZG.SEARCH&ppt=None&ppn=None&ssid=0t9kxvixc00000001790850040478&qH=a5594894156db043&ov_redirect=true,2026-10-01
246,"Infinix Note edge (Silk Green, 256 GB)",Infinix,25999,34999,25% off,4.3,510,87,8 GB RAM,256 GB ROM,6500 mAh Battery,Dimensity 7100 Processor,17.22 cm (6.78 inch) Full HD+ AMOLED Display,50MP Rear Camera | 13MP Front Camera,,https://www.flipkart.com/infinix-note-edge-silk-green-256-gb/p/itmab2876405a1ab?pid=MOBHKCV7FF8GZWZ4&lid=LSTMOBHKCV7FF8GZWZ4LLG9IF&marketplace=FLIPKART&q=smart+phones&store=tyy%2F4io&srno=s_11_246&otracker=search&fm=organic&iid=26bb5115-2d77-48d7-a861-77625ed2160f.MOBHKCV7FF8GZWZ4.SEARCH&ppt=None&ppn=None&ssid=0t9kxvixc00000001790850040478&qH=a5594894156db043&ov_redirect=true,2026-10-01
247,"OnePlus Nord 6 (Pitch Black, 256 GB)",OnePlus,56999,,,4.5,269,31,12 GB RAM,256 GB ROM,9000 mAh Battery,4 octa-core processor Processor,17.22 cm (6.78 inch) Full HD+ Display,50MP Rear Camera,,https://www.flipkart.com/oneplus-nord-6-pitch-black-256-gb/p/itmc49f71cdc4080?pid=MOBHMBXBMGCDHP55&lid=LSTMOBHMBXBMGCDHP55N13AOG&marketplace=FLIPKART&q=smart+phones&store=tyy%2F4io&srno=s_11_247&otracker=search&fm=organic&iid=26bb5115-2d77-48d7-a861-77625ed2160f.MOBHMBXBMGCDHP55.SEARCH&ppt=None&ppn=None&ssid=0t9kxvixc00000001790850040478&qH=a5594894156db043&ov_redirect=true,2026-10-01
248,"Samsung Galaxy Z Fold7 5G (Silver Shadow, 256 GB)",Samsung,154999,184999,16% off,4.5,187,11,12 GB RAM,256 GB ROM,4400 mAh Battery,Snapdragon 8 Elite for Galaxy Processor,20.32 cm (8 inch) QXGA+ Display,200MP + 12MP + 10MP | 10MP Front Camera,,https://www.flipkart.com/samsung-galaxy-z-fold7-5g-silver-shadow-256-gb/p/itm80780506616fb?pid=MOBHD92UDC8B9TGX&lid=LSTMOBHD92UDC8B9TGXYQBX2G&marketplace=FLIPKART&q=smart+phones&store=tyy%2F4io&srno=s_11_248&otracker=search&fm=organic&iid=26bb5115-2d77-48d7-a861-77625ed2160f.MOBHD92UDC8B9TGX.SEARCH&ppt=None&ppn=None&ssid=0t9kxvixc00000001790850040478&qH=a5594894156db043&ov_redirect=true,2026-10-01
249,"OnePlus Nord 6 (Quick Silver, 256 GB)",OnePlus,54831,56999,3% off,4.5,269,31,12 GB RAM,256 GB ROM,9000 mAh Battery,4 octa-core processor Processor,17.22 cm (6.78 inch) Full HD+ Display,50MP Rear Camera,,https://www.flipkart.com/oneplus-nord-6-quick-silver-256-gb/p/itmc49f71cdc4080?pid=MOBHMBXCPZNQ3YNC&lid=LSTMOBHMBXCPZNQ3YNCFPN1HB&marketplace=FLIPKART&q=smart+phones&store=tyy%2F4io&srno=s_11_249&otracker=search&fm=organic&iid=26bb5115-2d77-48d7-a861-77625ed2160f.MOBHMBXCPZNQ3YNC.SEARCH&ppt=None&ppn=None&ssid=0t9kxvixc00000001790850040478&qH=a5594894156db043&ov_redirect=true,2026-10-01
250,"Apple iPhone 16 Plus (White, 128 GB)",Apple,79900,,,4.6,"4,345",294,,,,"A18 Chip, 6 Core Processor Processor",17.02 cm (6.7 inch) Super Retina XDR Display,48MP + 12MP | 12MP Front Camera,,https://www.flipkart.com/apple-iphone-16-plus-white-128-gb/p/itm0635ebbf8c665?pid=MOBH4DQF3AJNKARR&lid=LSTMOBH4DQF3AJNKARRT235WT&marketplace=FLIPKART&q=smart+phones&store=tyy%2F4io&srno=s_11_250&otracker=search&fm=organic&iid=26bb5115-2d77-48d7-a861-77625ed2160f.MOBH4DQF3AJNKARR.SEARCH&ppt=None&ppn=None&ssid=0t9kxvixc00000001790850040478&qH=a5594894156db043&ov_redirect=true,2026-10-01
251,"Infinix Note edge (Stellar Blue, 256 GB)",Infinix,25999,34999,25% off,4.3,510,87,8 GB RAM,256 GB ROM,6500 mAh Battery,Dimensity 7100 Processor,17.22 cm (6.78 inch) Full HD+ AMOLED Display,50MP Rear Camera | 13MP Front Camera,,https://www.flipkart.com/infinix-note-edge-stellar-blue-256-gb/p/itmab2876405a1ab?pid=MOBHKCV76HNSDYJ5&lid=LSTMOBHKCV76HNSDYJ5MCBZLZ&marketplace=FLIPKART&q=smart+phones&store=tyy%2F4io&srno=s_11_251&otracker=search&fm=organic&iid=26bb5115-2d77-48d7-a861-77625ed2160f.MOBHKCV76HNSDYJ5.SEARCH&ppt=None&ppn=None&ssid=0t9kxvixc00000001790850040478&qH=a5594894156db043&ov_redirect=true,2026-10-01
252,"realme Narzo 90x 5G (Flash Blue, 128 GB)",realme,,,,4.3,"1,654",112,8 GB RAM,128 GB ROM,7000 mAh Battery,,17.27 cm (6.8 inch) Display,50MP Rear Camera,,https://www.flipkart.com/realme-narzo-90x-5g-flash-blue-128-gb/p/itma63c5c5ce781a?pid=MOBHGUHGEGQQTHY2&q=smart+phones&store=tyy%2F4io&srno=s_11_252&otracker=search&fm=organic&iid=26bb5115-2d77-48d7-a861-77625ed2160f.MOBHGUHGEGQQTHY2.SEARCH&ppt=None&ppn=None&ssid=0t9kxvixc00000001790850040478&qH=a5594894156db043&ov_redirect=true,2026-10-01
253,"IQOO Z11 lite 5G (Midnight Blue, 128 GB)",IQOO,20224,33999,40% off,4.1,36,1,4 GB RAM,128 GB ROM,6500 mAh Battery,MediaTek Dimensity 6300 Processor,17.12 cm (6.74 inch) Display,50MP Rear Camera,,https://www.flipkart.com/iqoo-z11-lite-5g-midnight-blue-128-gb/p/itmaa919fae95e49?pid=MOBHPMVFJYEQBWHP&lid=LSTMOBHPMVFJYEQBWHPGMQF3A&marketplace=FLIPKART&q=smart+phones&store=tyy%2F4io&srno=s_11_253&otracker=search&fm=organic&iid=26bb5115-2d77-48d7-a861-77625ed2160f.MOBHPMVFJYEQBWHP.SEARCH&ppt=None&ppn=None&ssid=0t9kxvixc00000001790850040478&qH=a5594894156db043&ov_redirect=true,2026-10-01
254,"realme Narzo 100x 5g (Flash Orange, 256 GB)",realme,27845,39999,30% off,4.2,353,43,6 GB RAM,256 GB ROM,8000 mAh Battery,MediaTek Dimensity 6300 Processor,17.3 cm (6.81 inch) HD+ Display,,,https://www.flipkart.com/realme-narzo-100x-5g-flash-orange-256-gb/p/itm66836fc8ecc5e?pid=MOBHPJG6RCZ8PKC8&lid=LSTMOBHPJG6RCZ8PKC8QLNQWR&marketplace=FLIPKART&q=smart+phones&store=tyy%2F4io&srno=s_11_254&otracker=search&fm=organic&iid=26bb5115-2d77-48d7-a861-77625ed2160f.MOBHPJG6RCZ8PKC8.SEARCH&ppt=None&ppn=None&ssid=0t9kxvixc00000001790850040478&qH=a5594894156db043&ov_redirect=true,2026-10-01
255,"realme P3 Ultra 5G (Orion Red, 256 GB)",realme,31999,35999,11% off,4.4,"5,274",589,12 GB RAM,256 GB ROM,6000 mAh Battery,Dimensity 8350 Ultra Processor,17.35 cm (6.83 inch) Display,50MP + 8MP | 16MP Front Camera,,https://www.flipkart.com/realme-p3-ultra-5g-orion-red-256-gb/p/itm50171223b4a05?pid=MOBHAYKEK2YKSCTU&lid=LSTMOBHAYKEK2YKSCTUTPFDIS&marketplace=FLIPKART&q=smart+phones&store=tyy%2F4io&srno=s_11_255&otracker=search&fm=organic&iid=26bb5115-2d77-48d7-a861-77625ed2160f.MOBHAYKEK2YKSCTU.SEARCH&ppt=None&ppn=None&ssid=0t9kxvixc00000001790850040478&qH=a5594894156db043&ov_redirect=true,2026-10-01
256,"realme P3 Ultra 5G (Neptune Blue, 256 GB)",realme,31999,35999,11% off,4.4,"5,274",589,12 GB RAM,256 GB ROM,6000 mAh Battery,Dimensity 8350 Ultra Processor,17.35 cm (6.83 inch) Display,50MP + 8MP | 16MP Front Camera,,https://www.flipkart.com/realme-p3-ultra-5g-neptune-blue-256-gb/p/itm50171223b4a05?pid=MOBHAYKEZZXWNMVV&lid=LSTMOBHAYKEZZXWNMVVX7N6LV&marketplace=FLIPKART&q=smart+phones&store=tyy%2F4io&srno=s_11_256&otracker=search&fm=organic&iid=26bb5115-2d77-48d7-a861-77625ed2160f.MOBHAYKEZZXWNMVV.SEARCH&ppt=None&ppn=None&ssid=0t9kxvixc00000001790850040478&qH=a5594894156db043&ov_redirect=true,2026-10-01
257,"REDMI Note-14 Pro+ 5G (Spectre Blue, 128 GB)",REDMI,27499,34999,21% off,4.4,897,69,8 GB RAM,128 GB ROM,6200 mAh Battery,7s Gen 3 Processor,16.94 cm (6.67 inch) Display,50MP + 50MP + 8MP | 20MP Front Camera,,https://www.flipkart.com/redmi-note-14-pro-5g-spectre-blue-128-gb/p/itmf69d377f9a8fb?pid=MOBH8BW3EGBFXZB6&lid=LSTMOBH8BW3EGBFXZB6CY0G4A&marketplace=FLIPKART&q=smart+phones&store=tyy%2F4io&srno=s_11_257&otracker=search&fm=organic&iid=26bb5115-2d77-48d7-a861-77625ed2160f.MOBH8BW3EGBFXZB6.SEARCH&ppt=None&ppn=None&ssid=0t9kxvixc00000001790850040478&qH=a5594894156db043&ov_redirect=true,2026-10-01
258,"realme Narzo 90x 5G (Maroon Red, 128 GB)",realme,19038,29999,36% off,4,642,55,4 GB RAM,128 GB ROM,7000 mAh Battery,Dimensity 6300 Processor,17.27 cm (6.8 inch) HD+ Display,50MP Rear Camera | 8MP Front Camera,,https://www.flipkart.com/realme-narzo-90x-5g-maroon-red-128-gb/p/itma63c5c5ce781a?pid=MOBHH3RBPHU6YADK&lid=LSTMOBHH3RBPHU6YADKCVINCN&marketplace=FLIPKART&q=smart+phones&store=tyy%2F4io&srno=s_11_258&otracker=search&fm=organic&iid=26bb5115-2d77-48d7-a861-77625ed2160f.MOBHH3RBPHU6YADK.SEARCH&ppt=None&ppn=None&ssid=0t9kxvixc00000001790850040478&qH=a5594894156db043&ov_redirect=true,2026-10-01
259,"realme Narzo 90x 5G (Aqua Blue, 128 GB)",realme,19000,29999,36% off,4,642,55,4 GB RAM,128 GB ROM,7000 mAh Battery,Dimensity 6300 Processor,17.27 cm (6.8 inch) HD+ Display,50MP Rear Camera | 8MP Front Camera,,https://www.flipkart.com/realme-narzo-90x-5g-aqua-blue-128-gb/p/itma63c5c5ce781a?pid=MOBHH3RBDV8NYP5U&lid=LSTMOBHH3RBDV8NYP5UQYF8TZ&marketplace=FLIPKART&q=smart+phones&store=tyy%2F4io&srno=s_11_259&otracker=search&fm=organic&iid=26bb5115-2d77-48d7-a861-77625ed2160f.MOBHH3RBDV8NYP5U.SEARCH&ppt=None&ppn=None&ssid=0t9kxvixc00000001790850040478&qH=a5594894156db043&ov_redirect=true,2026-10-01
260,"Samsung Galaxy M17e 5G (Blitz Blue, 128 GB)",Samsung,19999,24999,20% off,4.1,50,5,6 GB RAM,128 GB ROM,6000 mAh Battery,Dimensity 6300 Processor,17.02 cm (6.7 inch) HD+ Display,50MP Rear Camera | 8MP Front Camera,,https://www.flipkart.com/samsung-galaxy-m17e-5g-blitz-blue-128-gb/p/itm94d52438549d6?pid=MOBHHTAUAWURCBGQ&lid=LSTMOBHHTAUAWURCBGQGRDTSU&marketplace=FLIPKART&q=smart+phones&store=tyy%2F4io&srno=s_11_260&otracker=search&fm=organic&iid=26bb5115-2d77-48d7-a861-77625ed2160f.MOBHHTAUAWURCBGQ.SEARCH&ppt=None&ppn=None&ssid=0t9kxvixc00000001790850040478&qH=a5594894156db043&ov_redirect=true,2026-10-01
261,"POCO X8 Pro (White, 256 GB)",POCO,39999,50999,21% off,4.3,"4,037",702,8 GB RAM,256 GB ROM,6500 mAh Lithium-Ion Polymer With Silicon Carbon Technology Battery,Dimensity 8500-Ultra Processor,16.74 cm (6.59 inch) Full HD+ AMOLED Display,50MP + 8MP | 20MP Front Camera,,https://www.flipkart.com/poco-x8-pro-white-256-gb/p/itmaa692ca8a3b36?pid=MOBHMGG5QFZXHVAH&lid=LSTMOBHMGG5QFZXHVAHACODSM&marketplace=FLIPKART&q=smart+phones&store=tyy%2F4io&srno=s_11_261&otracker=search&fm=organic&iid=26bb5115-2d77-48d7-a861-77625ed2160f.MOBHMGG5QFZXHVAH.SEARCH&ppt=None&ppn=None&ssid=0t9kxvixc00000001790850040478&qH=a5594894156db043&ov_redirect=true,2026-10-01
262,"POCO C85 5G (Mystic Purple, 128 GB)",POCO,17999,22999,21% off,4.2,"2,588",177,6 GB RAM,128 GB ROM,6000 mAh Lithium-Ion Polymer Battery,Dimensity 6300 Processor,17.53 cm (6.9 inch) HD+ Display,50MP Rear Camera | 8MP Front Camera,,https://www.flipkart.com/poco-c85-5g-mystic-purple-128-gb/p/itmbab3636ca0451?pid=MOBHMGG5ZM2KRGEG&lid=LSTMOBHMGG5ZM2KRGEG8Q0T7X&marketplace=FLIPKART&q=smart+phones&store=tyy%2F4io&srno=s_11_262&otracker=search&fm=organic&iid=26bb5115-2d77-48d7-a861-77625ed2160f.MOBHMGG5ZM2KRGEG.SEARCH&ppt=None&ppn=None&ssid=0t9kxvixc00000001790850040478&qH=a5594894156db043&ov_redirect=true,2026-10-01
263,"Apple iPhone 17 (White, 256 GB)",Apple,99900,,,4.6,"28,288","2,049",,,,"A19 Chip, 6 Core Processor Processor",16.0 cm (6.3 inch) Super Retina XDR Display,48MP + 48MP | 18MP Front Camera,,https://www.flipkart.com/apple-iphone-17-white-256-gb/p/itm68ad8410784c7?pid=MOBHQV9YAZYYWY8A&lid=LSTMOBHQV9YAZYYWY8A6D2THC&marketplace=FLIPKART&q=smart+phones&store=tyy%2F4io&srno=s_11_263&otracker=search&fm=organic&iid=26bb5115-2d77-48d7-a861-77625ed2160f.MOBHQV9YAZYYWY8A.SEARCH&ppt=None&ppn=None&ssid=0t9kxvixc00000001790850040478&qH=a5594894156db043&ov_redirect=true,2026-10-01
264,"POCO X8 Pro (White, 256 GB)",POCO,42999,52999,18% off,4.4,"1,233",206,12 GB RAM,256 GB ROM,6500 mAh Lithium-Ion Polymer With Silicon Carbon Technology Battery,Dimensity 8500-Ultra Processor,16.74 cm (6.59 inch) Full HD+ AMOLED Display,50MP + 8MP | 20MP Front Camera,,https://www.flipkart.com/poco-x8-pro-white-256-gb/p/itm1ec9163203374?pid=MOBHMGG5WDBZG8GM&lid=LSTMOBHMGG5WDBZG8GMASZ5EU&marketplace=FLIPKART&q=smart+phones&store=tyy%2F4io&srno=s_11_264&otracker=search&fm=organic&iid=26bb5115-2d77-48d7-a861-77625ed2160f.MOBHMGG5WDBZG8GM.SEARCH&ppt=None&ppn=None&ssid=0t9kxvixc00000001790850040478&qH=a5594894156db043&ov_redirect=true,2026-10-01
265,"REDMI Note-14 Pro+ 5G (Spectre Blue, 256 GB)",REDMI,29999,36999,18% off,4.4,897,69,8 GB RAM,256 GB ROM,6200 mAh Battery,7s Gen 3 Processor,16.94 cm (6.67 inch) Display,50MP + 50MP + 8MP | 20MP Front Camera,,https://www.flipkart.com/redmi-note-14-pro-5g-spectre-blue-256-gb/p/itmf69d377f9a8fb?pid=MOBH8BW3VWEPGQ7A&lid=LSTMOBH8BW3VWEPGQ7AELQ7VM&marketplace=FLIPKART&q=smart+phones&store=tyy%2F4io&srno=s_12_265&otracker=search&fm=organic&iid=ff4c8f1f-ce1c-4c83-87a6-3b5b3395690f.MOBH8BW3VWEPGQ7A.SEARCH&ppt=None&ppn=None&ssid=fehfauz3ps0000001790850043201&qH=a5594894156db043&ov_redirect=true,2026-10-01
266,"realme P3 Ultra 5G (Orion Red, 128 GB)",realme,31999,,,4.4,"22,133","2,557",8 GB RAM,128 GB ROM,6000 mAh Battery,Dimensity 8350 Ultra Processor,17.35 cm (6.83 inch) Display,50MP + 8MP | 16MP Front Camera,,https://www.flipkart.com/realme-p3-ultra-5g-orion-red-128-gb/p/itm50171223b4a05?pid=MOBHAYKEZ94ZDEP4&lid=LSTMOBHAYKEZ94ZDEP4LHK4KR&marketplace=FLIPKART&q=smart+phones&store=tyy%2F4io&srno=s_12_266&otracker=search&fm=organic&iid=ff4c8f1f-ce1c-4c83-87a6-3b5b3395690f.MOBHAYKEZ94ZDEP4.SEARCH&ppt=None&ppn=None&ssid=fehfauz3ps0000001790850043201&qH=a5594894156db043&ov_redirect=true,2026-10-01
267,"Tecno Spark Go 3 (Titanium Grey, 64 GB)",Tecno,12499,15999,21% off,4.1,221,15,4 GB RAM,64 GB ROM,5000 mAh Lithium Polymer Battery,T7250 Processor,17.12 cm (6.74 inch) HD+ Display,13MP Rear Camera | 8MP Front Camera,,https://www.flipkart.com/tecno-spark-go-3-titanium-grey-64-gb/p/itma9c8f128a61c6?pid=MOBHP2QY7GH4XWWS&lid=LSTMOBHP2QY7GH4XWWSUZBT2N&marketplace=FLIPKART&q=smart+phones&store=tyy%2F4io&srno=s_12_267&otracker=search&fm=organic&iid=en_R-UczYDmP0oc-anfSTQs2ybGVl3Iogw-9Iht0F2JlO8vwksCpmYIU7Juad9g0NRSvdhgVIDAS43502YR2UC6WzzVjjVgBxhvbGO4C2Nu8sBgNrRAelbiJrltyVwLn4Mw&ppt=None&ppn=None&ssid=fehfauz3ps0000001790850043201&qH=a5594894156db043&ov_redirect=true,2026-10-01
268,"Tecno Spark Go 3 (Ink Black, 64 GB)",Tecno,12499,15999,21% off,4.1,221,15,4 GB RAM,64 GB ROM,5000 mAh Lithium Polymer Battery,T7250 Processor,17.12 cm (6.74 inch) HD+ Display,13MP Rear Camera | 8MP Front Camera,,https://www.flipkart.com/tecno-spark-go-3-ink-black-64-gb/p/itma9c8f128a61c6?pid=MOBHP2QYCXZZE3CM&lid=LSTMOBHP2QYCXZZE3CMWW64IB&marketplace=FLIPKART&q=smart+phones&store=tyy%2F4io&srno=s_12_268&otracker=search&fm=organic&iid=en_R-UczYDmP0oc-anfSTQs2ybGVl3Iogw-9Iht0F2JlO-yirn1oPBedWGGbPDshqrHXSTZgtzvjftyjvmwmzsaRgiCj5dWzPgr1ZNpuYyjSmhgNrRAelbiJrltyVwLn4Mw&ppt=None&ppn=None&ssid=fehfauz3ps0000001790850043201&qH=a5594894156db043&ov_redirect=true,2026-10-01
269,"REDMI 15C 5G (Dusk Purple, 128 GB)",REDMI,17975,29999,40% off,3.7,876,95,4 GB RAM,128 GB ROM,6000 mAh Battery,,17.53 cm (6.9 inch) Display,50MP Rear Camera,,https://www.flipkart.com/redmi-15c-5g-dusk-purple-128-gb/p/itmc1345bb45eef3?pid=MOBHGGZ2SC2RPWAZ&lid=LSTMOBHGGZ2SC2RPWAZ7W9BBG&marketplace=FLIPKART&q=smart+phones&store=tyy%2F4io&srno=s_12_269&otracker=search&fm=organic&iid=ff4c8f1f-ce1c-4c83-87a6-3b5b3395690f.MOBHGGZ2SC2RPWAZ.SEARCH&ppt=None&ppn=None&ssid=fehfauz3ps0000001790850043201&qH=a5594894156db043&ov_redirect=true,2026-10-01
270,"realme P3 Ultra 5G (Neptune Blue, 128 GB)",realme,31999,,,4.4,"22,133","2,557",8 GB RAM,128 GB ROM,6000 mAh Battery,Dimensity 8350 Ultra Processor,17.35 cm (6.83 inch) Display,50MP + 8MP | 16MP Front Camera,,https://www.flipkart.com/realme-p3-ultra-5g-neptune-blue-128-gb/p/itm50171223b4a05?pid=MOBHAYKEXWW5SW5B&lid=LSTMOBHAYKEXWW5SW5BD6JPGU&marketplace=FLIPKART&q=smart+phones&store=tyy%2F4io&srno=s_12_270&otracker=search&fm=organic&iid=ff4c8f1f-ce1c-4c83-87a6-3b5b3395690f.MOBHAYKEXWW5SW5B.SEARCH&ppt=None&ppn=None&ssid=fehfauz3ps0000001790850043201&qH=a5594894156db043&ov_redirect=true,2026-10-01
271,"Ai+ Nova 2 Ultra 5G (Black, 128 GB)",Ai+,22999,31999,28% off,4.1,"2,188",305,8 GB RAM,128 GB ROM,6000 mAh Li-polymer Battery,Dimensity 7400 Processor,17.22 cm (6.78 inch) Full HD+ AMOLED Display,50MP + 8MP | 13MP Front Camera,,https://www.flipkart.com/ai-nova-2-ultra-5g-black-128-gb/p/itmbac120469e74a?pid=MOBHZHUVYN4SGGQA&lid=LSTMOBHZHUVYN4SGGQATZDCVU&marketplace=FLIPKART&q=smart+phones&store=tyy%2F4io&srno=s_12_271&otracker=search&fm=organic&iid=ff4c8f1f-ce1c-4c83-87a6-3b5b3395690f.MOBHZHUVYN4SGGQA.SEARCH&ppt=None&ppn=None&ssid=fehfauz3ps0000001790850043201&qH=a5594894156db043&ov_redirect=true,2026-10-01
272,"Infinix GT 30 Pro 5G+ (Blade White, 256 GB)",Infinix,31999,,,4.4,"2,845",268,8 GB RAM,256 GB ROM,5500 mAh Battery,Dimensity 8350 Ultimate Processor,17.22 cm (6.78 inch) Display,108MP + 8MP | 13MP Front Camera,,https://www.flipkart.com/infinix-gt-30-pro-5g-blade-white-256-gb/p/itmd4bc1852572b9?pid=MOBHC645VTTPWXWM&lid=LSTMOBHC645VTTPWXWMO8AZOD&marketplace=FLIPKART&q=smart+phones&store=tyy%2F4io&srno=s_12_272&otracker=search&fm=organic&iid=ff4c8f1f-ce1c-4c83-87a6-3b5b3395690f.MOBHC645VTTPWXWM.SEARCH&ppt=None&ppn=None&ssid=fehfauz3ps0000001790850043201&qH=a5594894156db043&ov_redirect=true,2026-10-01
273,"Infinix GT 30 Pro 5G+ (Dark Flare, 256 GB)",Infinix,31999,,,4.4,"2,845",268,8 GB RAM,256 GB ROM,5500 mAh Battery,Dimensity 8350 Ultimate Processor,17.22 cm (6.78 inch) Full HD+ AMOLED Display,108MP + 8MP | 13MP Front Camera,,https://www.flipkart.com/infinix-gt-30-pro-5g-dark-flare-256-gb/p/itmd4bc1852572b9?pid=MOBHC645WDP8VHJX&lid=LSTMOBHC645WDP8VHJXT0HRMI&marketplace=FLIPKART&q=smart+phones&store=tyy%2F4io&srno=s_12_273&otracker=search&fm=organic&iid=ff4c8f1f-ce1c-4c83-87a6-3b5b3395690f.MOBHC645WDP8VHJX.SEARCH&ppt=None&ppn=None&ssid=fehfauz3ps0000001790850043201&qH=a5594894156db043&ov_redirect=true,2026-10-01
274,"Ai+ Nova 2 Pro 5G (Purple, 128 GB)",Ai+,18999,23999,20% off,4,"1,036",132,8 GB RAM,128 GB ROM,6000 mAh Li-polymer Battery,Dimensity 7100 Processor,17.53 cm (6.9 inch) Full HD+ Display,48MP Rear Camera | 13MP Front Camera,,https://www.flipkart.com/ai-nova-2-pro-5g-purple-128-gb/p/itm42975dc95c097?pid=MOBHZ8ZMQWE23Z8B&lid=LSTMOBHZ8ZMQWE23Z8BX88OJT&marketplace=FLIPKART&q=smart+phones&store=tyy%2F4io&srno=s_12_274&otracker=search&fm=organic&iid=ff4c8f1f-ce1c-4c83-87a6-3b5b3395690f.MOBHZ8ZMQWE23Z8B.SEARCH&ppt=None&ppn=None&ssid=fehfauz3ps0000001790850043201&qH=a5594894156db043&ov_redirect=true,2026-10-01
275,"Infinix Note edge (Solar Orange, 128 GB)",Infinix,28999,29999,3% off,4.3,510,87,8 GB RAM,128 GB ROM,6500 mAh Battery,Dimensity 7100 Processor,17.22 cm (6.78 inch) Full HD+ AMOLED Display,50MP Rear Camera | 13MP Front Camera,,https://www.flipkart.com/infinix-note-edge-solar-orange-128-gb/p/itmab2876405a1ab?pid=MOBHN3VZUWJSWKZU&lid=LSTMOBHN3VZUWJSWKZUZCB30A&marketplace=FLIPKART&q=smart+phones&store=tyy%2F4io&srno=s_12_275&otracker=search&fm=organic&iid=ff4c8f1f-ce1c-4c83-87a6-3b5b3395690f.MOBHN3VZUWJSWKZU.SEARCH&ppt=None&ppn=None&ssid=fehfauz3ps0000001790850043201&qH=a5594894156db043&ov_redirect=true,2026-10-01
276,"Apple iPhone 18 Pro (Burgundy, 512 GB)",Apple,189900,,,4.7,220,29,,,,"A20 Pro chip, 6 Core Processor Processor",16.0 cm (6.3 inch) Super Retina XDR Display,48MP + 48MP + 48MP | 18MP Front Camera,,https://www.flipkart.com/apple-iphone-18-pro-burgundy-512-gb/p/itm45fade022ddea?pid=MOBHQT5J7PYFBYEM&lid=LSTMOBHQT5J7PYFBYEMNJRJXO&marketplace=FLIPKART&q=smart+phones&store=tyy%2F4io&srno=s_12_276&otracker=search&fm=organic&iid=ff4c8f1f-ce1c-4c83-87a6-3b5b3395690f.MOBHQT5J7PYFBYEM.SEARCH&ppt=None&ppn=None&ssid=fehfauz3ps0000001790850043201&qH=a5594894156db043&ov_redirect=true,2026-10-01
277,"Ai+ Nova 2 Neo 5G (Orange, 128 GB)",Ai+,16999,19999,15% off,4.2,"1,085",102,6 GB RAM,128 GB ROM,6000 mAh Li-polymer Battery,Dimensity 6300 Processor,17.13 cm (6.745 inch) HD+ Display,48MP Rear Camera | 8MP Front Camera,,https://www.flipkart.com/ai-nova-2-neo-5g-orange-128-gb/p/itmfca92a556ae02?pid=MOBHZ8ZMYNAZJEK9&lid=LSTMOBHZ8ZMYNAZJEK9IZBBXV&marketplace=FLIPKART&q=smart+phones&store=tyy%2F4io&srno=s_12_277&otracker=search&fm=organic&iid=ff4c8f1f-ce1c-4c83-87a6-3b5b3395690f.MOBHZ8ZMYNAZJEK9.SEARCH&ppt=None&ppn=None&ssid=fehfauz3ps0000001790850043201&qH=a5594894156db043&ov_redirect=true,2026-10-01
278,"realme Narzo 90x 5G (Aqua Blue, 128 GB)",realme,24475,24499,,4.3,"1,654",112,8 GB RAM,128 GB ROM,7000 mAh Battery,,17.27 cm (6.8 inch) Display,50MP Rear Camera,,https://www.flipkart.com/realme-narzo-90x-5g-aqua-blue-128-gb/p/itma63c5c5ce781a?pid=MOBHM43KGPSRA2GY&lid=LSTMOBHM43KGPSRA2GYKRIBIU&marketplace=FLIPKART&q=smart+phones&store=tyy%2F4io&srno=s_12_278&otracker=search&fm=organic&iid=ff4c8f1f-ce1c-4c83-87a6-3b5b3395690f.MOBHM43KGPSRA2GY.SEARCH&ppt=None&ppn=None&ssid=fehfauz3ps0000001790850043201&qH=a5594894156db043&ov_redirect=true,2026-10-01
279,"POCO C75 5G (Enchanted Green, 64 GB)",POCO,10999,,,4.2,"1,49,586","7,645",4 GB RAM,64 GB ROM,5160 mAh Battery,4s Gen 2 5G Processor,17.48 cm (6.88 inch) HD+ Display,50MP Rear Camera | 5MP Front Camera,5G,https://www.flipkart.com/poco-c75-5g-enchanted-green-64-gb/p/itmf8fdd88f80fcc?pid=MOBH7443VEGWXG4G&lid=LSTMOBH7443VEGWXG4GOW118G&marketplace=FLIPKART&q=smart+phones&store=tyy%2F4io&srno=s_12_279&otracker=search&fm=organic&iid=ff4c8f1f-ce1c-4c83-87a6-3b5b3395690f.MOBH7443VEGWXG4G.SEARCH&ppt=None&ppn=None&ssid=fehfauz3ps0000001790850043201&qH=a5594894156db043&ov_redirect=true,2026-10-01
280,"Ai+ Nova 2 Pro 5G (Red, 128 GB)",Ai+,17999,21999,18% off,4,"2,361",274,6 GB RAM,128 GB ROM,6000 mAh Li-polymer Battery,Dimensity 7100 Processor,17.53 cm (6.9 inch) Full HD+ Display,48MP Rear Camera | 13MP Front Camera,,https://www.flipkart.com/ai-nova-2-pro-5g-red-128-gb/p/itm6e110e80c5404?pid=MOBHZ8ZMEHPWH2ZY&lid=LSTMOBHZ8ZMEHPWH2ZYDNLAHF&marketplace=FLIPKART&q=smart+phones&store=tyy%2F4io&srno=s_12_280&otracker=search&fm=organic&iid=ff4c8f1f-ce1c-4c83-87a6-3b5b3395690f.MOBHZ8ZMEHPWH2ZY.SEARCH&ppt=None&ppn=None&ssid=fehfauz3ps0000001790850043201&qH=a5594894156db043&ov_redirect=true,2026-10-01
281,"Google Pixel 10 (Obsidian, 256 GB)",Google,79999,,,4.5,"3,711",353,12 GB RAM,256 GB ROM,4970 mAh Battery,Tensor G5 Processor,16.0 cm (6.3 inch) Quad HD+ Display,48MP + 13MP + 10.8MP | 10.5MP Front Camera,,https://www.flipkart.com/google-pixel-10-obsidian-256-gb/p/itm06bd3add90074?pid=MOBHEXHRCFEKF6DH&lid=LSTMOBHEXHRCFEKF6DHZ9XHID&marketplace=FLIPKART&q=smart+phones&store=tyy%2F4io&srno=s_12_281&otracker=search&fm=organic&iid=ff4c8f1f-ce1c-4c83-87a6-3b5b3395690f.MOBHEXHRCFEKF6DH.SEARCH&ppt=None&ppn=None&ssid=fehfauz3ps0000001790850043201&qH=a5594894156db043&ov_redirect=true,2026-10-01
282,"Ai+ Nova 2 Pro 5G (Black, 128 GB)",Ai+,17999,21999,18% off,4,"2,361",274,6 GB RAM,128 GB ROM,6000 mAh Li-polymer Battery,Dimensity 7100 Processor,17.53 cm (6.9 inch) Full HD+ Display,48MP Rear Camera | 13MP Front Camera,,https://www.flipkart.com/ai-nova-2-pro-5g-black-128-gb/p/itmacb10a3dd51c6?pid=MOBHZ8ZM8BUGCJDQ&lid=LSTMOBHZ8ZM8BUGCJDQGHBPRS&marketplace=FLIPKART&q=smart+phones&store=tyy%2F4io&srno=s_12_282&otracker=search&fm=organic&iid=ff4c8f1f-ce1c-4c83-87a6-3b5b3395690f.MOBHZ8ZM8BUGCJDQ.SEARCH&ppt=None&ppn=None&ssid=fehfauz3ps0000001790850043201&qH=a5594894156db043&ov_redirect=true,2026-10-01
283,"IQOO Z11 lite 5G (Solar Flame, 128 GB)",IQOO,20626,33999,39% off,4.1,36,1,4 GB RAM,128 GB ROM,6500 mAh Battery,MediaTek Dimensity 6300 Processor,17.12 cm (6.74 inch) Display,50MP Rear Camera,,https://www.flipkart.com/iqoo-z11-lite-5g-solar-flame-128-gb/p/itmaa919fae95e49?pid=MOBHPMVMYDW6VGFV&lid=LSTMOBHPMVMYDW6VGFVMBRPKC&marketplace=FLIPKART&q=smart+phones&store=tyy%2F4io&srno=s_12_283&otracker=search&fm=organic&iid=ff4c8f1f-ce1c-4c83-87a6-3b5b3395690f.MOBHPMVMYDW6VGFV.SEARCH&ppt=None&ppn=None&ssid=fehfauz3ps0000001790850043201&qH=a5594894156db043&ov_redirect=true,2026-10-01
284,"Samsung Galaxy F17 5G (Neo Black, 128 GB)",Samsung,19980,23999,16% off,4.1,363,35,4 GB RAM,128 GB ROM,5000 mAh Battery,Exynos 1330 Processor,17.02 cm (6.7 inch) Full HD+ Display,50MP + 5MP | 13MP Front Camera,,https://www.flipkart.com/samsung-galaxy-f17-5g-neo-black-128-gb/p/itm0bf5856f3c9d7?pid=MOBHF6KMEEWK7HPX&lid=LSTMOBHF6KMEEWK7HPXGBB1NA&marketplace=FLIPKART&q=smart+phones&store=tyy%2F4io&srno=s_12_284&otracker=search&fm=organic&iid=ff4c8f1f-ce1c-4c83-87a6-3b5b3395690f.MOBHF6KMEEWK7HPX.SEARCH&ppt=None&ppn=None&ssid=fehfauz3ps0000001790850043201&qH=a5594894156db043&ov_redirect=true,2026-10-01
285,"POCO C85x 5G (Sunset Gold, 64 GB)",POCO,14999,20999,28% off,4.1,"5,797",795,4 GB RAM,64 GB ROM,6300 mAh Lithium-Ion Polymer Battery,T8300 Processor,17.53 cm (6.9 inch) HD+ Display,32MP Rear Camera,,https://www.flipkart.com/poco-c85x-5g-sunset-gold-64-gb/p/itm09453073b3b2e?pid=MOBHMGG5PYZRFMKU&lid=LSTMOBHMGG5PYZRFMKUWRLUZB&marketplace=FLIPKART&q=smart+phones&store=tyy%2F4io&srno=s_12_285&otracker=search&fm=organic&iid=ff4c8f1f-ce1c-4c83-87a6-3b5b3395690f.MOBHMGG5PYZRFMKU.SEARCH&ppt=None&ppn=None&ssid=fehfauz3ps0000001790850043201&qH=a5594894156db043&ov_redirect=true,2026-10-01
286,"Google Pixel 11 Pro (Olive, 256 GB)",Google,119999,,,4.4,67,13,12 GB RAM,256 GB ROM,4850 mAh Lithium Battery,Tensor G6 Processor,16.0 cm (6.3 inch) Super Actua Display,50MP + 48MP + 48MP | 42MP Front Camera,,https://www.flipkart.com/google-pixel-11-pro-olive-256-gb/p/itm88f5dcba10068?pid=MOBHPHNVG3TGGBTR&lid=LSTMOBHPHNVG3TGGBTRMM5CTY&marketplace=FLIPKART&q=smart+phones&store=tyy%2F4io&srno=s_12_286&otracker=search&fm=organic&iid=ff4c8f1f-ce1c-4c83-87a6-3b5b3395690f.MOBHPHNVG3TGGBTR.SEARCH&ppt=None&ppn=None&ssid=fehfauz3ps0000001790850043201&qH=a5594894156db043&ov_redirect=true,2026-10-01
287,"REDMI 15A (Amaze Purple, 128 GB)",REDMI,18499,28999,36% off,3.8,803,71,4 GB RAM,128 GB ROM,6300 mAh Lithium-Ion Polymer Battery,T8300 Processor,17.53 cm (6.9 inch) Display,32MP Rear Camera | 8MP Front Camera,,https://www.flipkart.com/redmi-15a-amaze-purple-128-gb/p/itmd0294be755db1?pid=MOBHPDZD7YVWKAJD&lid=LSTMOBHPDZD7YVWKAJD7SASBO&marketplace=FLIPKART&q=smart+phones&store=tyy%2F4io&srno=s_12_287&otracker=search&fm=organic&iid=ff4c8f1f-ce1c-4c83-87a6-3b5b3395690f.MOBHPDZD7YVWKAJD.SEARCH&ppt=None&ppn=None&ssid=fehfauz3ps0000001790850043201&qH=a5594894156db043&ov_redirect=true,2026-10-01
288,"Samsung Galaxy S26 Ultra 5G (Black, 256 GB)",Samsung,139999,,,4.6,"1,367",355,12 GB RAM,256 GB ROM,5000 mAh Li-ion Battery,Snapdragon 8 Elite Gen 5 Processor,17.53 cm (6.9 inch) Quad HD+ Display,200MP + 50MP | 12MP Front Camera,,https://www.flipkart.com/samsung-galaxy-s26-ultra-5g-black-256-gb/p/itmf4799d3841c43?pid=MOBHKGAPRHSYRRH4&lid=LSTMOBHKGAPRHSYRRH4TJATRH&marketplace=FLIPKART&q=smart+phones&store=tyy%2F4io&srno=s_12_288&otracker=search&fm=organic&iid=ff4c8f1f-ce1c-4c83-87a6-3b5b3395690f.MOBHKGAPRHSYRRH4.SEARCH&ppt=None&ppn=None&ssid=fehfauz3ps0000001790850043201&qH=a5594894156db043&ov_redirect=true,2026-10-01
289,"Samsung M36 5G (Velvet Black / Black, 128 GB)",Samsung,23975,26999,11% off,4.3,"5,791",449,6 GB RAM,128 GB ROM,5000 mAh Battery,,17.02 cm (6.7 inch) Display,50MP Rear Camera,,https://www.flipkart.com/samsung-m36-5g-velvet-black-black-128-gb/p/itm1e7be51802033?pid=MOBHEYY2FCCGHYEM&lid=LSTMOBHEYY2FCCGHYEMPK3RFG&marketplace=FLIPKART&q=smart+phones&store=tyy%2F4io&srno=s_13_289&otracker=search&fm=organic&iid=2ce696f9-491c-4203-ab8b-8aeabe8ed55a.MOBHEYY2FCCGHYEM.SEARCH&ppt=None&ppn=None&ssid=npog251hvk0000001790850045973&qH=a5594894156db043&ov_redirect=true,2026-10-01
290,"REDMI 15 5G (Sandy Purple, 256 GB)",REDMI,27499,,,4.3,"5,018",320,8 GB RAM,256 GB ROM,7000 mAh Battery,,17.53 cm (6.9 inch) Display,50MP Rear Camera,,https://www.flipkart.com/redmi-15-5g-sandy-purple-256-gb/p/itmd7bced8727891?pid=MOBHFH95JHYG8ZPN&lid=LSTMOBHFH95JHYG8ZPN9YQJGV&marketplace=FLIPKART&q=smart+phones&store=tyy%2F4io&srno=s_13_290&otracker=search&fm=organic&iid=2ce696f9-491c-4203-ab8b-8aeabe8ed55a.MOBHFH95JHYG8ZPN.SEARCH&ppt=None&ppn=None&ssid=npog251hvk0000001790850045973&qH=a5594894156db043&ov_redirect=true,2026-10-01
291,"Tecno Spark Go 3 (Titanium Grey, 64 GB)",Tecno,12499,15999,21% off,4.1,221,15,4 GB RAM,64 GB ROM,5000 mAh Lithium Polymer Battery,T7250 Processor,17.12 cm (6.74 inch) HD+ Display,13MP Rear Camera | 8MP Front Camera,,https://www.flipkart.com/tecno-spark-go-3-titanium-grey-64-gb/p/itma9c8f128a61c6?pid=MOBHP2QY7GH4XWWS&lid=LSTMOBHP2QY7GH4XWWSUZBT2N&marketplace=FLIPKART&q=smart+phones&store=tyy%2F4io&srno=s_13_291&otracker=search&fm=organic&iid=en_Ohf7NA_Xt-B5Hr62dHhuIylTxu6uLLsb__e4jPAPUqQuWTfKaK-BxXZ7-PG8O2TZvdhgVIDAS43502YR2UC6WzzVjjVgBxhvbGO4C2Nu8sBkiXyDVALqo2nd2CRKSJiK&ppt=None&ppn=None&ssid=npog251hvk0000001790850045973&qH=a5594894156db043&ov_redirect=true,2026-10-01
292,"Tecno Spark Go 3 (Ink Black, 64 GB)",Tecno,12499,15999,21% off,4.1,221,15,4 GB RAM,64 GB ROM,5000 mAh Lithium Polymer Battery,T7250 Processor,17.12 cm (6.74 inch) HD+ Display,13MP Rear Camera | 8MP Front Camera,,https://www.flipkart.com/tecno-spark-go-3-ink-black-64-gb/p/itma9c8f128a61c6?pid=MOBHP2QYCXZZE3CM&lid=LSTMOBHP2QYCXZZE3CMWW64IB&marketplace=FLIPKART&q=smart+phones&store=tyy%2F4io&srno=s_13_292&otracker=search&fm=organic&iid=en_Ohf7NA_Xt-B5Hr62dHhuIylTxu6uLLsb__e4jPAPUqTWOGhswBiRra-pAXMS1S4yXSTZgtzvjftyjvmwmzsaRgiCj5dWzPgr1ZNpuYyjSmhkiXyDVALqo2nd2CRKSJiK&ppt=None&ppn=None&ssid=npog251hvk0000001790850045973&qH=a5594894156db043&ov_redirect=true,2026-10-01
293,"realme P3 Ultra 5G (Glowing Lunar White, 256 GB)",realme,31999,35999,11% off,4.4,"5,274",589,12 GB RAM,256 GB ROM,6000 mAh Battery,Dimensity 8350 Ultra Processor,17.35 cm (6.83 inch) Full HD+ Display,50MP + 8MP | 16MP Front Camera,,https://www.flipkart.com/realme-p3-ultra-5g-glowing-lunar-white-256-gb/p/itm50171223b4a05?pid=MOBHAYKEGJYAUWC4&lid=LSTMOBHAYKEGJYAUWC4GFGIFN&marketplace=FLIPKART&q=smart+phones&store=tyy%2F4io&srno=s_13_293&otracker=search&fm=organic&iid=2ce696f9-491c-4203-ab8b-8aeabe8ed55a.MOBHAYKEGJYAUWC4.SEARCH&ppt=None&ppn=None&ssid=npog251hvk0000001790850045973&qH=a5594894156db043&ov_redirect=true,2026-10-01
294,"IQOO 15 5G (Legend, 256 GB)",IQOO,76740,92999,17% off,4.7,477,59,12 GB RAM,256 GB ROM,7000 mAh Battery,,17.4 cm (6.85 inch) Display,50MP Rear Camera,,https://www.flipkart.com/iqoo-15-5g-legend-256-gb/p/itm9db365d8009fa?pid=MOBHGFAZH8DZGNU4&lid=LSTMOBHGFAZH8DZGNU48D2QPV&marketplace=FLIPKART&q=smart+phones&store=tyy%2F4io&srno=s_13_294&otracker=search&fm=organic&iid=2ce696f9-491c-4203-ab8b-8aeabe8ed55a.MOBHGFAZH8DZGNU4.SEARCH&ppt=None&ppn=None&ssid=npog251hvk0000001790850045973&qH=a5594894156db043&ov_redirect=true,2026-10-01
295,"REDMI Note 15 SE 5G Snapdragon (Crimson Reserve, 128 GB)",REDMI,27999,35999,22% off,4.3,"3,431",328,8 GB RAM,128 GB ROM,5800 mAh Lithium-Ion Polymer Battery,Snapdragon 6 Gen 3 Processor,17.2 cm (6.77 inch) Full HD+ AMOLED Display,50MP Rear Camera | 20MP Front Camera,,https://www.flipkart.com/redmi-note-15-se-5g-snapdragon-crimson-reserve-128-gb/p/itm7627750aa9b54?pid=MOBHN52F84BRGFEG&lid=LSTMOBHN52F84BRGFEGSK3ATO&marketplace=FLIPKART&q=smart+phones&store=tyy%2F4io&srno=s_13_295&otracker=search&fm=organic&iid=2ce696f9-491c-4203-ab8b-8aeabe8ed55a.MOBHN52F84BRGFEG.SEARCH&ppt=None&ppn=None&ssid=npog251hvk0000001790850045973&qH=a5594894156db043&ov_redirect=true,2026-10-01
296,"Infinix GT 30 Pro 5G+ (Blade White, 256 GB)",Infinix,34999,,,4.3,"1,388",140,12 GB RAM,256 GB ROM,5500 mAh Battery,Dimensity 8350 Ultimate Processor,17.22 cm (6.78 inch) Display,108MP + 8MP | 13MP Front Camera,,https://www.flipkart.com/infinix-gt-30-pro-5g-blade-white-256-gb/p/itmd4bc1852572b9?pid=MOBHC645RQJTCK3B&lid=LSTMOBHC645RQJTCK3BPTHHXS&marketplace=FLIPKART&q=smart+phones&store=tyy%2F4io&srno=s_13_296&otracker=search&fm=organic&iid=2ce696f9-491c-4203-ab8b-8aeabe8ed55a.MOBHC645RQJTCK3B.SEARCH&ppt=None&ppn=None&ssid=npog251hvk0000001790850045973&qH=a5594894156db043&ov_redirect=true,2026-10-01
297,"POCO M7 5G (Mint Green, 128 GB)",POCO,13499,13999,3% off,4.3,"19,055","1,069",8 GB RAM,128 GB ROM,5160 mAh Battery,4 Gen 2 5G Processor,17.48 cm (6.88 inch) HD+ Display,50MP Rear Camera | 8MP Front Camera,5G,https://www.flipkart.com/poco-m7-5g-mint-green-128-gb/p/itm5a4e9a881d94a?pid=MOBH9HFJGB3JSYEF&lid=LSTMOBH9HFJGB3JSYEF2YLMA0&marketplace=FLIPKART&q=smart+phones&store=tyy%2F4io&srno=s_13_297&otracker=search&fm=organic&iid=2ce696f9-491c-4203-ab8b-8aeabe8ed55a.MOBH9HFJGB3JSYEF.SEARCH&ppt=None&ppn=None&ssid=npog251hvk0000001790850045973&qH=a5594894156db043&ov_redirect=true,2026-10-01
298,"MOTOROLA Edge 70 Fusion (Pantone ORIENT BLUE, 512 GB)",MOTOROLA,36999,64999,43% off,4.3,"6,894",768,12 GB RAM,512 GB ROM,7000 mAh Battery,Snapdragon 7s Gen 4 Processor,17.27 cm (6.8 inch) Super HD Display,50MP + 13MP | 32MP Front Camera,,https://www.flipkart.com/motorola-edge-70-fusion-pantone-orient-blue-512-gb/p/itm0baa5fae46b3f?pid=MOBHNSA6SDGWGDYH&lid=LSTMOBHNSA6SDGWGDYHAAXRXJ&marketplace=FLIPKART&q=smart+phones&store=tyy%2F4io&srno=s_13_298&otracker=search&fm=organic&iid=2ce696f9-491c-4203-ab8b-8aeabe8ed55a.MOBHNSA6SDGWGDYH.SEARCH&ppt=None&ppn=None&ssid=npog251hvk0000001790850045973&qH=a5594894156db043&ov_redirect=true,2026-10-01
299,"Samsung M36 5G (Light Green, 128 GB)",Samsung,22999,26999,14% off,4.3,"5,791",449,6 GB RAM,128 GB ROM,5000 mAh Battery,,17.02 cm (6.7 inch) Display,50MP Rear Camera,,https://www.flipkart.com/samsung-m36-5g-light-green-128-gb/p/itm4cf1eae54334f?pid=MOBHEYY2YZXYBR66&lid=LSTMOBHEYY2YZXYBR66HGCJEQ&marketplace=FLIPKART&q=smart+phones&store=tyy%2F4io&srno=s_13_299&otracker=search&fm=organic&iid=2ce696f9-491c-4203-ab8b-8aeabe8ed55a.MOBHEYY2YZXYBR66.SEARCH&ppt=None&ppn=None&ssid=npog251hvk0000001790850045973&qH=a5594894156db043&ov_redirect=true,2026-10-01
300,"Ai+ Nova 2 5G (Black, 128 GB)",Ai+,14999,,,4,"6,005",470,6 GB RAM,128 GB ROM,6000 mAh Battery,T8200 Processor,17.13 cm (6.745 inch) HD+ Display,50MP Rear Camera | 8MP Front Camera,,https://www.flipkart.com/ai-nova-2-5g-black-128-gb/p/itmd97f4dfbfca5c?pid=MOBHKHPYQGCAAKFW&lid=LSTMOBHKHPYQGCAAKFWFVZYE9&marketplace=FLIPKART&q=smart+phones&store=tyy%2F4io&srno=s_13_300&otracker=search&fm=organic&iid=2ce696f9-491c-4203-ab8b-8aeabe8ed55a.MOBHKHPYQGCAAKFW.SEARCH&ppt=None&ppn=None&ssid=npog251hvk0000001790850045973&qH=a5594894156db043&ov_redirect=true,2026-10-01
301,"POCO X7 5G (Yellow, 256 GB)",POCO,19999,27999,28% off,4.3,"29,050","2,686",8 GB RAM,256 GB ROM,5500 mAh Battery,Dimensity 7300 Ultra Processor,16.94 cm (6.67 inch) Display,50MP + 8MP + 2MP | 20MP Front Camera,,https://www.flipkart.com/poco-x7-5g-yellow-256-gb/p/itm09a41b8f384f7?pid=MOBH7YZ9NSDFC3EK&lid=LSTMOBH7YZ9NSDFC3EK54Z4YF&marketplace=FLIPKART&q=smart+phones&store=tyy%2F4io&srno=s_13_301&otracker=search&fm=organic&iid=2ce696f9-491c-4203-ab8b-8aeabe8ed55a.MOBH7YZ9NSDFC3EK.SEARCH&ppt=None&ppn=None&ssid=npog251hvk0000001790850045973&qH=a5594894156db043&ov_redirect=true,2026-10-01
302,"Samsung Galaxy S26 Ultra 5G (Sky Blue, 256 GB)",Samsung,139999,,,4.6,"1,367",355,12 GB RAM,256 GB ROM,5000 mAh Li-ion Battery,Snapdragon 8 Elite Gen 5 Processor,17.53 cm (6.9 inch) Quad HD+ Display,200MP + 50MP | 12MP Front Camera,,https://www.flipkart.com/samsung-galaxy-s26-ultra-5g-sky-blue-256-gb/p/itmf4799d3841c43?pid=MOBHKGAPUGH5KGWK&lid=LSTMOBHKGAPUGH5KGWKJZLWLZ&marketplace=FLIPKART&q=smart+phones&store=tyy%2F4io&srno=s_13_302&otracker=search&fm=organic&iid=2ce696f9-491c-4203-ab8b-8aeabe8ed55a.MOBHKGAPUGH5KGWK.SEARCH&ppt=None&ppn=None&ssid=npog251hvk0000001790850045973&qH=a5594894156db043&ov_redirect=true,2026-10-01
303,"POCO C71  - Locked with Airtel Prepaid (Desert Gold, 64 GB)",POCO,8999,,,3.8,"61,857","3,319",4 GB RAM,64 GB ROM,5200 mAh Battery,Unisoc T7250,17.48 cm (6.88 inch) HD+ Display,32MP Rear Camera | 8MP Front Camera,,https://www.flipkart.com/poco-c71-locked-airtel-prepaid-desert-gold-64-gb/p/itmb0bb5af15d090?pid=MOBHAFVJ5QYQMBRV&lid=LSTMOBHAFVJ5QYQMBRVUWBY58&marketplace=FLIPKART&q=smart+phones&store=tyy%2F4io&srno=s_13_303&otracker=search&fm=organic&iid=2ce696f9-491c-4203-ab8b-8aeabe8ed55a.MOBHAFVJ5QYQMBRV.SEARCH&ppt=None&ppn=None&ssid=npog251hvk0000001790850045973&qH=a5594894156db043&ov_redirect=true,2026-10-01
304,"MOTOROLA g24 Power (Glacier Blue, 128 GB)",MOTOROLA,9999,11999,16% off,4.2,"15,334","1,132",4 GB RAM,128 GB ROM,6000 mAh Battery,Helio G85 Processor,16.76 cm (6.6 inch) HD+ Display,50MP + 2MP | 16MP Front Camera,,https://www.flipkart.com/motorola-g24-power-glacier-blue-128-gb/p/itm766650509967e?pid=MOBGUFK4FEVX2D5T&lid=LSTMOBGUFK4FEVX2D5TLQB9XK&marketplace=FLIPKART&q=smart+phones&store=tyy%2F4io&srno=s_13_304&otracker=search&fm=organic&iid=2ce696f9-491c-4203-ab8b-8aeabe8ed55a.MOBGUFK4FEVX2D5T.SEARCH&ppt=None&ppn=None&ssid=npog251hvk0000001790850045973&qH=a5594894156db043&ov_redirect=true,2026-10-01
305,"MOTOROLA g24 Power (Ink blue, 128 GB)",MOTOROLA,10999,12999,15% off,4.2,"12,928",895,8 GB RAM,128 GB ROM,6000 mAh Battery,Helio G85 Processor,16.76 cm (6.6 inch) HD+ Display,50MP + 2MP | 16MP Front Camera,,https://www.flipkart.com/motorola-g24-power-ink-blue-128-gb/p/itm38450b60d2af2?pid=MOBGUFK4RNVPCG3M&lid=LSTMOBGUFK4RNVPCG3M3BS00T&marketplace=FLIPKART&q=smart+phones&store=tyy%2F4io&srno=s_13_305&otracker=search&fm=organic&iid=2ce696f9-491c-4203-ab8b-8aeabe8ed55a.MOBGUFK4RNVPCG3M.SEARCH&ppt=None&ppn=None&ssid=npog251hvk0000001790850045973&qH=a5594894156db043&ov_redirect=true,2026-10-01
306,"MOTOROLA g24 Power (Ink blue, 128 GB)",MOTOROLA,9999,11999,16% off,4.2,"15,334","1,132",4 GB RAM,128 GB ROM,6000 mAh Battery,Helio G85 Processor,16.76 cm (6.6 inch) HD+ Display,50MP + 2MP | 16MP Front Camera,,https://www.flipkart.com/motorola-g24-power-ink-blue-128-gb/p/itmecab4a01b8aaf?pid=MOBGUFK4UBP7ZTXJ&lid=LSTMOBGUFK4UBP7ZTXJOASNFB&marketplace=FLIPKART&q=smart+phones&store=tyy%2F4io&srno=s_13_306&otracker=search&fm=organic&iid=2ce696f9-491c-4203-ab8b-8aeabe8ed55a.MOBGUFK4UBP7ZTXJ.SEARCH&ppt=None&ppn=None&ssid=npog251hvk0000001790850045973&qH=a5594894156db043&ov_redirect=true,2026-10-01
307,"MOTOROLA g35 5G (Leaf Green, 128 GB)",MOTOROLA,12499,,,4.2,"1,40,656","9,747",4 GB RAM,128 GB ROM,5000 mAh Battery,T760 Processor,17.07 cm (6.72 inch) Full HD+ Display,50MP + 8MP | 16MP Front Camera,5G,https://www.flipkart.com/motorola-g35-5g-leaf-green-128-gb/p/itma3ca32cc93927?pid=MOBH3YGPQHRSNQED&lid=LSTMOBH3YGPQHRSNQEDLDGOMQ&marketplace=FLIPKART&q=smart+phones&store=tyy%2F4io&srno=s_13_307&otracker=search&fm=organic&iid=2ce696f9-491c-4203-ab8b-8aeabe8ed55a.MOBH3YGPQHRSNQED.SEARCH&ppt=None&ppn=None&ssid=npog251hvk0000001790850045973&qH=a5594894156db043&ov_redirect=true,2026-10-01
308,"vivo T5x 5G (Satin Silver, 128 GB)",vivo,30999,50999,39% off,4.4,"25,689","1,916",8 GB RAM,128 GB ROM,7200 mAh Li-ion Battery,Dimensity 7400-Turbo Processor,17.17 cm (6.76 inch) Display,50MP + 2MP | 32MP Front Camera,,https://www.flipkart.com/vivo-t5x-5g-satin-silver-128-gb/p/itm7da8aa253e72b?pid=MOBHQC8ZAWDR2R4B&lid=LSTMOBHQC8ZAWDR2R4BK3KHDA&marketplace=FLIPKART&q=smart+phones&store=tyy%2F4io&srno=s_13_308&otracker=search&fm=organic&iid=2ce696f9-491c-4203-ab8b-8aeabe8ed55a.MOBHQC8ZAWDR2R4B.SEARCH&ppt=None&ppn=None&ssid=npog251hvk0000001790850045973&qH=a5594894156db043&ov_redirect=true,2026-10-01
309,"vivo T5x 5G (Cosmic Green, 128 GB)",vivo,30999,50999,39% off,4.4,"25,689","1,916",8 GB RAM,128 GB ROM,7200 mAh Li-ion Battery,Dimensity 7400-Turbo Processor,17.17 cm (6.76 inch) Display,50MP + 2MP | 32MP Front Camera,,https://www.flipkart.com/vivo-t5x-5g-cosmic-green-128-gb/p/itm7da8aa253e72b?pid=MOBHQC8ZFHNFPRMU&lid=LSTMOBHQC8ZFHNFPRMUVCYVMQ&marketplace=FLIPKART&q=smart+phones&store=tyy%2F4io&srno=s_13_309&otracker=search&fm=organic&iid=2ce696f9-491c-4203-ab8b-8aeabe8ed55a.MOBHQC8ZFHNFPRMU.SEARCH&ppt=None&ppn=None&ssid=npog251hvk0000001790850045973&qH=a5594894156db043&ov_redirect=true,2026-10-01
310,"POCO C71 (Desert Gold, 64 GB)",POCO,8999,,,3.8,"61,857","3,319",4 GB RAM,64 GB ROM,5200 mAh Battery,Unisoc T7250,17.48 cm (6.88 inch) HD+ Display,32MP Rear Camera | 8MP Front Camera,,https://www.flipkart.com/poco-c71-desert-gold-64-gb/p/itme3dc58af6a04b?pid=MOBHAFVJZ5CHWMH8&lid=LSTMOBHAFVJZ5CHWMH8MZ5M5D&marketplace=FLIPKART&q=smart+phones&store=tyy%2F4io&srno=s_13_310&otracker=search&fm=organic&iid=2ce696f9-491c-4203-ab8b-8aeabe8ed55a.MOBHAFVJZ5CHWMH8.SEARCH&ppt=None&ppn=None&ssid=npog251hvk0000001790850045973&qH=a5594894156db043&ov_redirect=true,2026-10-01
311,"vivo T5x 5G (Cosmic Green, 128 GB)",vivo,27999,45999,39% off,4.4,"22,241","1,516",6 GB RAM,128 GB ROM,7200 mAh Li-ion Battery,Dimensity 7400-Turbo Processor,17.17 cm (6.76 inch) Display,50MP + 2MP | 32MP Front Camera,,https://www.flipkart.com/vivo-t5x-5g-cosmic-green-128-gb/p/itm7da8aa253e72b?pid=MOBHQC8ZMRCP62TS&lid=LSTMOBHQC8ZMRCP62TSTXXKV0&marketplace=FLIPKART&q=smart+phones&store=tyy%2F4io&srno=s_13_311&otracker=search&fm=organic&iid=2ce696f9-491c-4203-ab8b-8aeabe8ed55a.MOBHQC8ZMRCP62TS.SEARCH&ppt=None&ppn=None&ssid=npog251hvk0000001790850045973&qH=a5594894156db043&ov_redirect=true,2026-10-01
312,"vivo T5x 5G (Satin Silver, 128 GB)",vivo,27999,45999,39% off,4.4,"22,241","1,516",6 GB RAM,128 GB ROM,7200 mAh Li-ion Battery,Dimensity 7400-Turbo Processor,17.17 cm (6.76 inch) Display,50MP + 2MP | 32MP Front Camera,,https://www.flipkart.com/vivo-t5x-5g-satin-silver-128-gb/p/itm7da8aa253e72b?pid=MOBHQC8ZUXZ4YM5F&lid=LSTMOBHQC8ZUXZ4YM5FJA0BYF&marketplace=FLIPKART&q=smart+phones&store=tyy%2F4io&srno=s_13_312&otracker=search&fm=organic&iid=2ce696f9-491c-4203-ab8b-8aeabe8ed55a.MOBHQC8ZUXZ4YM5F.SEARCH&ppt=None&ppn=None&ssid=npog251hvk0000001790850045973&qH=a5594894156db043&ov_redirect=true,2026-10-01
313,"POCO M8 (Frost Silver, 128 GB)",POCO,26999,27999,3% off,4.3,"2,306",210,8 GB RAM,128 GB ROM,5520 mAh Battery,,17.2 cm (6.77 inch) Full HD+ Display,50MP Rear Camera | 20MP Front Camera,,https://www.flipkart.com/poco-m8-frost-silver-128-gb/p/itm63246b4036f90?pid=MOBHMGG5ZFANS2WQ&lid=LSTMOBHMGG5ZFANS2WQVUHDCT&marketplace=FLIPKART&q=smart+phones&store=tyy%2F4io&srno=s_14_313&otracker=search&fm=organic&iid=c37a0824-240a-4918-9512-1d5ff3543b8f.MOBHMGG5ZFANS2WQ.SEARCH&ppt=None&ppn=None&ssid=bb5cy0gmkw0000001790850048773&qH=a5594894156db043&ov_redirect=true,2026-10-01
314,"POCO C85 5G (Power Black, 128 GB)",POCO,16499,20999,21% off,3.8,"2,748",294,4 GB RAM,128 GB ROM,6000 mAh Lithium-Ion Polymer Battery,Dimensity 6300 Processor,17.53 cm (6.9 inch) HD+ Display,50MP Rear Camera | 8MP Front Camera,,https://www.flipkart.com/poco-c85-5g-power-black-128-gb/p/itm1f62dee4df0ad?pid=MOBHMGG5DNYPWU9Q&lid=LSTMOBHMGG5DNYPWU9Q5MNW6H&marketplace=FLIPKART&q=smart+phones&store=tyy%2F4io&srno=s_14_314&otracker=search&fm=organic&iid=c37a0824-240a-4918-9512-1d5ff3543b8f.MOBHMGG5DNYPWU9Q.SEARCH&ppt=None&ppn=None&ssid=bb5cy0gmkw0000001790850048773&qH=a5594894156db043&ov_redirect=true,2026-10-01
315,"MOTOROLA g06 power (Pantone Laurel Oak, 64 GB)",MOTOROLA,15249,19999,23% off,4.2,"24,161","1,677",4 GB RAM,64 GB ROM,7000 mAh Battery,Helio G81 Processor,17.48 cm (6.88 inch) HD+ Display,50MP Rear Camera | 8MP Front Camera,,https://www.flipkart.com/motorola-g06-power-pantone-laurel-oak-64-gb/p/itm1010d22c11412?pid=MOBHN973VRPBQTKY&lid=LSTMOBHN973VRPBQTKYGYH2X6&marketplace=FLIPKART&q=smart+phones&store=tyy%2F4io&srno=s_14_315&otracker=search&fm=organic&iid=c37a0824-240a-4918-9512-1d5ff3543b8f.MOBHN973VRPBQTKY.SEARCH&ppt=None&ppn=None&ssid=bb5cy0gmkw0000001790850048773&qH=a5594894156db043&ov_redirect=true,2026-10-01
316,"MOTOROLA g06 power (Pantone tapestry, 64 GB)",MOTOROLA,15249,19999,23% off,4.2,"24,161","1,677",4 GB RAM,64 GB ROM,7000 mAh Battery,Helio G81 Processor,17.48 cm (6.88 inch) HD+ Display,50MP Rear Camera | 8MP Front Camera,,https://www.flipkart.com/motorola-g06-power-pantone-tapestry-64-gb/p/itm29390fa68401d?pid=MOBHN973FFYHGUGG&lid=LSTMOBHN973FFYHGUGG27JKDQ&marketplace=FLIPKART&q=smart+phones&store=tyy%2F4io&srno=s_14_316&otracker=search&fm=organic&iid=c37a0824-240a-4918-9512-1d5ff3543b8f.MOBHN973FFYHGUGG.SEARCH&ppt=None&ppn=None&ssid=bb5cy0gmkw0000001790850048773&qH=a5594894156db043&ov_redirect=true,2026-10-01
317,"Tecno Spark Go 3 (Titanium Grey, 64 GB)",Tecno,12499,15999,21% off,4.1,221,15,4 GB RAM,64 GB ROM,5000 mAh Lithium Polymer Battery,T7250 Processor,17.12 cm (6.74 inch) HD+ Display,13MP Rear Camera | 8MP Front Camera,,https://www.flipkart.com/tecno-spark-go-3-titanium-grey-64-gb/p/itma9c8f128a61c6?pid=MOBHP2QY7GH4XWWS&lid=LSTMOBHP2QY7GH4XWWSUZBT2N&marketplace=FLIPKART&q=smart+phones&store=tyy%2F4io&srno=s_14_317&otracker=search&fm=organic&iid=en_4PY9JudN3zqfVGdkDkerkbxQ9HMcXe8hHjbEthIe0KFwmjYA0KYusKQB16jlYCKtvdhgVIDAS43502YR2UC6WzzVjjVgBxhvbGO4C2Nu8sBYMv-2dY11zGHK9bCv61U9&ppt=None&ppn=None&ssid=bb5cy0gmkw0000001790850048773&qH=a5594894156db043&ov_redirect=true,2026-10-01
318,"Tecno Spark Go 3 (Ink Black, 64 GB)",Tecno,12499,15999,21% off,4.1,221,15,4 GB RAM,64 GB ROM,5000 mAh Lithium Polymer Battery,T7250 Processor,17.12 cm (6.74 inch) HD+ Display,13MP Rear Camera | 8MP Front Camera,,https://www.flipkart.com/tecno-spark-go-3-ink-black-64-gb/p/itma9c8f128a61c6?pid=MOBHP2QYCXZZE3CM&lid=LSTMOBHP2QYCXZZE3CMWW64IB&marketplace=FLIPKART&q=smart+phones&store=tyy%2F4io&srno=s_14_318&otracker=search&fm=organic&iid=en_4PY9JudN3zqfVGdkDkerkbxQ9HMcXe8hHjbEthIe0KGq0ERELKqrHmOuVTcaZURKXSTZgtzvjftyjvmwmzsaRgiCj5dWzPgr1ZNpuYyjSmhYMv-2dY11zGHK9bCv61U9&ppt=None&ppn=None&ssid=bb5cy0gmkw0000001790850048773&qH=a5594894156db043&ov_redirect=true,2026-10-01
319,"POCO C85 5G (Spring Green, 128 GB)",POCO,17990,20999,14% off,3.8,"2,748",294,4 GB RAM,128 GB ROM,6000 mAh Lithium-Ion Polymer Battery,Dimensity 6300 Processor,17.53 cm (6.9 inch) HD+ Display,50MP Rear Camera | 8MP Front Camera,,https://www.flipkart.com/poco-c85-5g-spring-green-128-gb/p/itmc1e583dec018e?pid=MOBHMGG5GUM8R5GJ&lid=LSTMOBHMGG5GUM8R5GJ1NOS0W&marketplace=FLIPKART&q=smart+phones&store=tyy%2F4io&srno=s_14_319&otracker=search&fm=organic&iid=c37a0824-240a-4918-9512-1d5ff3543b8f.MOBHMGG5GUM8R5GJ.SEARCH&ppt=None&ppn=None&ssid=bb5cy0gmkw0000001790850048773&qH=a5594894156db043&ov_redirect=true,2026-10-01
320,"POCO M8 (Glacial Blue, 128 GB)",POCO,24999,25999,3% off,4.3,"3,841",362,6 GB RAM,128 GB ROM,5520 mAh Battery,,17.2 cm (6.77 inch) Full HD+ Display,50MP Rear Camera | 20MP Front Camera,,https://www.flipkart.com/poco-m8-glacial-blue-128-gb/p/itme842f8232f12d?pid=MOBHMGG5XCXH4QYY&lid=LSTMOBHMGG5XCXH4QYY8WJBHR&marketplace=FLIPKART&q=smart+phones&store=tyy%2F4io&srno=s_14_320&otracker=search&fm=organic&iid=c37a0824-240a-4918-9512-1d5ff3543b8f.MOBHMGG5XCXH4QYY.SEARCH&ppt=None&ppn=None&ssid=bb5cy0gmkw0000001790850048773&qH=a5594894156db043&ov_redirect=true,2026-10-01
321,"vivo T5x 5G (Satin Silver, 256 GB)",vivo,34999,56999,38% off,4.4,"25,689","1,916",8 GB RAM,256 GB ROM,7200 mAh Li-ion Battery,Dimensity 7400-Turbo Processor,17.17 cm (6.76 inch) Display,50MP + 2MP | 32MP Front Camera,,https://www.flipkart.com/vivo-t5x-5g-satin-silver-256-gb/p/itm7da8aa253e72b?pid=MOBHQC8ZT4YBUJSK&lid=LSTMOBHQC8ZT4YBUJSKOBFFDS&marketplace=FLIPKART&q=smart+phones&store=tyy%2F4io&srno=s_14_321&otracker=search&fm=organic&iid=c37a0824-240a-4918-9512-1d5ff3543b8f.MOBHQC8ZT4YBUJSK.SEARCH&ppt=None&ppn=None&ssid=bb5cy0gmkw0000001790850048773&qH=a5594894156db043&ov_redirect=true,2026-10-01
322,"Samsung Galaxy F06 5G (Bahama Blue, 128 GB)",Samsung,13999,,,4.2,"48,084","3,571",4 GB RAM,128 GB ROM,5000 mAh Battery,Dimensity 6300 Processor,43.23 cm (17.018 cm) HD+ Display,50MP + 2MP | 8MP Front Camera,,https://www.flipkart.com/samsung-galaxy-f06-5g-bahama-blue-128-gb/p/itm58189fada62cb?pid=MOBH9AS47XHFRMJY&lid=LSTMOBH9AS47XHFRMJYWI8CRI&marketplace=FLIPKART&q=smart+phones&store=tyy%2F4io&srno=s_14_322&otracker=search&fm=organic&iid=c37a0824-240a-4918-9512-1d5ff3543b8f.MOBH9AS47XHFRMJY.SEARCH&ppt=None&ppn=None&ssid=bb5cy0gmkw0000001790850048773&qH=a5594894156db043&ov_redirect=true,2026-10-01
323,"vivo T5x 5G (Cosmic Green, 256 GB)",vivo,34999,56999,38% off,4.4,"25,689","1,916",8 GB RAM,256 GB ROM,7200 mAh Li-ion Battery,Dimensity 7400-Turbo Processor,17.17 cm (6.76 inch) Display,50MP + 2MP | 32MP Front Camera,,https://www.flipkart.com/vivo-t5x-5g-cosmic-green-256-gb/p/itm7da8aa253e72b?pid=MOBHQC8ZYMX7HHC8&lid=LSTMOBHQC8ZYMX7HHC8QBSDO9&marketplace=FLIPKART&q=smart+phones&store=tyy%2F4io&srno=s_14_323&otracker=search&fm=organic&iid=c37a0824-240a-4918-9512-1d5ff3543b8f.MOBHQC8ZYMX7HHC8.SEARCH&ppt=None&ppn=None&ssid=bb5cy0gmkw0000001790850048773&qH=a5594894156db043&ov_redirect=true,2026-10-01
324,"POCO C75 5G (Enchanted Green, 128 GB)",POCO,11499,,,4.2,"1,49,586","7,645",4 GB RAM,128 GB ROM,5160 mAh Battery,4s Gen 2 5G Processor,17.48 cm (6.88 inch) HD+ Display,50MP Rear Camera | 5MP Front Camera,5G,https://www.flipkart.com/poco-c75-5g-enchanted-green-128-gb/p/itm39bf2169e7f3e?pid=MOBHBC3WQFWJX29G&lid=LSTMOBHBC3WQFWJX29GXEY98P&marketplace=FLIPKART&q=smart+phones&store=tyy%2F4io&srno=s_14_324&otracker=search&fm=organic&iid=c37a0824-240a-4918-9512-1d5ff3543b8f.MOBHBC3WQFWJX29G.SEARCH&ppt=None&ppn=None&ssid=bb5cy0gmkw0000001790850048773&qH=a5594894156db043&ov_redirect=true,2026-10-01
325,"POCO C71  - Locked with Airtel Prepaid (Power Black, 64 GB)",POCO,8999,,,3.8,"61,857","3,319",4 GB RAM,64 GB ROM,5200 mAh Battery,Unisoc T7250,17.48 cm (6.88 inch) HD+ Display,32MP Rear Camera | 8MP Front Camera,,https://www.flipkart.com/poco-c71-locked-airtel-prepaid-power-black-64-gb/p/itm24887c72b7130?pid=MOBHAFVJMF328YYJ&lid=LSTMOBHAFVJMF328YYJQZ40NI&marketplace=FLIPKART&q=smart+phones&store=tyy%2F4io&srno=s_14_325&otracker=search&fm=organic&iid=c37a0824-240a-4918-9512-1d5ff3543b8f.MOBHAFVJMF328YYJ.SEARCH&ppt=None&ppn=None&ssid=bb5cy0gmkw0000001790850048773&qH=a5594894156db043&ov_redirect=true,2026-10-01
326,"Motorola Edge 40 (Nebula Green, 256 GB)",Motorola,34999,,,4.3,"82,150","8,829",8 GB RAM,256 GB ROM,4400 mAh Battery,Dimensity 8020 Processor,16.51 cm (6.5 inch) Full HD+ Display,50MP + 13MP | 32MP Front Camera,,https://www.flipkart.com/motorola-edge-40-nebula-green-256-gb/p/itmaa0bf9c327a2b?pid=MOBGKHNBTVZZU8PH&lid=LSTMOBGKHNBTVZZU8PHSAV9FU&marketplace=FLIPKART&q=smart+phones&store=tyy%2F4io&srno=s_14_326&otracker=search&fm=organic&iid=c37a0824-240a-4918-9512-1d5ff3543b8f.MOBGKHNBTVZZU8PH.SEARCH&ppt=None&ppn=None&ssid=bb5cy0gmkw0000001790850048773&qH=a5594894156db043&ov_redirect=true,2026-10-01
327,"POCO C81 (Sunset Gold, 64 GB)",POCO,12999,19999,35% off,3.7,525,45,4 GB RAM,64 GB ROM,6300 mAh Lithium-Ion Polymer Battery,T7250 Processor,17.53 cm (6.9 inch) Display,13MP Rear Camera | 8MP Front Camera,,https://www.flipkart.com/poco-c81-sunset-gold-64-gb/p/itmd046653de9427?pid=MOBHMYWRFE7GZVJF&lid=LSTMOBHMYWRFE7GZVJFDOOJZL&marketplace=FLIPKART&q=smart+phones&store=tyy%2F4io&srno=s_14_327&otracker=search&fm=organic&iid=c37a0824-240a-4918-9512-1d5ff3543b8f.MOBHMYWRFE7GZVJF.SEARCH&ppt=None&ppn=None&ssid=bb5cy0gmkw0000001790850048773&qH=a5594894156db043&ov_redirect=true,2026-10-01
328,"POCO C75 5G (Aqua Bliss, 128 GB)",POCO,11499,,,4.2,"1,49,586","7,645",4 GB RAM,128 GB ROM,5160 mAh Battery,4s Gen 2 5G Processor,17.48 cm (6.88 inch) HD+ Display,50MP Rear Camera | 5MP Front Camera,5G,https://www.flipkart.com/poco-c75-5g-aqua-bliss-128-gb/p/itmc8ac71aacc115?pid=MOBHBC3WFGTCNDD7&lid=LSTMOBHBC3WFGTCNDD7MLABCF&marketplace=FLIPKART&q=smart+phones&store=tyy%2F4io&srno=s_14_328&otracker=search&fm=organic&iid=c37a0824-240a-4918-9512-1d5ff3543b8f.MOBHBC3WFGTCNDD7.SEARCH&ppt=None&ppn=None&ssid=bb5cy0gmkw0000001790850048773&qH=a5594894156db043&ov_redirect=true,2026-10-01
329,"POCO C61 (Ethereal Blue, 64 GB)",POCO,6980,8999,22% off,4.1,"1,10,973","4,669",4 GB RAM,64 GB ROM,5000 mAh Battery,Helio G36 Processor,17.04 cm (6.71 inch) HD+ Display,8MP Rear Camera | 5MP Front Camera,,https://www.flipkart.com/poco-c61-ethereal-blue-64-gb/p/itm1ad43e7c80ab8?pid=MOBH92ADWH3ZKKGA&lid=LSTMOBH92ADWH3ZKKGAPB4OBL&marketplace=FLIPKART&q=smart+phones&store=tyy%2F4io&srno=s_14_329&otracker=search&fm=organic&iid=c37a0824-240a-4918-9512-1d5ff3543b8f.MOBH92ADWH3ZKKGA.SEARCH&ppt=None&ppn=None&ssid=bb5cy0gmkw0000001790850048773&qH=a5594894156db043&ov_redirect=true,2026-10-01
330,"POCO M8 (Frost Silver, 128 GB)",POCO,24999,25999,3% off,4.3,"3,841",362,6 GB RAM,128 GB ROM,5520 mAh Battery,,17.2 cm (6.77 inch) Full HD+ Display,50MP Rear Camera | 20MP Front Camera,,https://www.flipkart.com/poco-m8-frost-silver-128-gb/p/itm42b9da2073832?pid=MOBHMGG5HBC8MRBG&lid=LSTMOBHMGG5HBC8MRBGMCO2Y6&marketplace=FLIPKART&q=smart+phones&store=tyy%2F4io&srno=s_14_330&otracker=search&fm=organic&iid=c37a0824-240a-4918-9512-1d5ff3543b8f.MOBHMGG5HBC8MRBG.SEARCH&ppt=None&ppn=None&ssid=bb5cy0gmkw0000001790850048773&qH=a5594894156db043&ov_redirect=true,2026-10-01
331,"POCO M8 (Glacial Blue, 256 GB)",POCO,28999,29999,3% off,4.3,"2,306",210,8 GB RAM,256 GB ROM,5520 mAh Battery,,17.2 cm (6.77 inch) Full HD+ Display,50MP Rear Camera | 20MP Front Camera,,https://www.flipkart.com/poco-m8-glacial-blue-256-gb/p/itm99dfa9cac4d0e?pid=MOBHMGG5HRRKUHXX&lid=LSTMOBHMGG5HRRKUHXXW0KD1Z&marketplace=FLIPKART&q=smart+phones&store=tyy%2F4io&srno=s_14_331&otracker=search&fm=organic&iid=c37a0824-240a-4918-9512-1d5ff3543b8f.MOBHMGG5HRRKUHXX.SEARCH&ppt=None&ppn=None&ssid=bb5cy0gmkw0000001790850048773&qH=a5594894156db043&ov_redirect=true,2026-10-01
332,"POCO C61 (Mystical Green, 64 GB)",POCO,6810,8999,24% off,4.1,"1,10,973","4,669",4 GB RAM,64 GB ROM,5000 mAh Battery,Helio G36 Processor,17.04 cm (6.71 inch) HD+ Display,8MP Rear Camera | 5MP Front Camera,,https://www.flipkart.com/poco-c61-mystical-green-64-gb/p/itm1cd83db32b701?pid=MOBH92ADEQ2VYZEP&lid=LSTMOBH92ADEQ2VYZEPMQSDEV&marketplace=FLIPKART&q=smart+phones&store=tyy%2F4io&srno=s_14_332&otracker=search&fm=organic&iid=c37a0824-240a-4918-9512-1d5ff3543b8f.MOBH92ADEQ2VYZEP.SEARCH&ppt=None&ppn=None&ssid=bb5cy0gmkw0000001790850048773&qH=a5594894156db043&ov_redirect=true,2026-10-01
333,"POCO C81 (Sky Blue, 64 GB)",POCO,12999,19999,35% off,3.7,525,45,4 GB RAM,64 GB ROM,6300 mAh Lithium-Ion Polymer Battery,T7250 Processor,17.53 cm (6.9 inch) Display,13MP Rear Camera | 8MP Front Camera,,https://www.flipkart.com/poco-c81-sky-blue-64-gb/p/itm0636612540aaa?pid=MOBHMYWRYFQZG9PP&lid=LSTMOBHMYWRYFQZG9PP9F6HSP&marketplace=FLIPKART&q=smart+phones&store=tyy%2F4io&srno=s_14_333&otracker=search&fm=organic&iid=c37a0824-240a-4918-9512-1d5ff3543b8f.MOBHMYWRYFQZG9PP.SEARCH&ppt=None&ppn=None&ssid=bb5cy0gmkw0000001790850048773&qH=a5594894156db043&ov_redirect=true,2026-10-01
334,"Samsung Galaxy F06 5G (Bahama Blue, 64 GB)",Samsung,12499,,,4.2,"48,084","3,571",4 GB RAM,64 GB ROM,5000 mAh Battery,Dimensity 6300 Processor,43.23 cm (17.018 cm) HD+ Display,50MP + 2MP | 8MP Front Camera,,https://www.flipkart.com/samsung-galaxy-f06-5g-bahama-blue-64-gb/p/itma2920c68b7fc8?pid=MOBHBF5JDCSG2TVD&lid=LSTMOBHBF5JDCSG2TVDZWHXAM&marketplace=FLIPKART&q=smart+phones&store=tyy%2F4io&srno=s_14_334&otracker=search&fm=organic&iid=c37a0824-240a-4918-9512-1d5ff3543b8f.MOBHBF5JDCSG2TVD.SEARCH&ppt=None&ppn=None&ssid=bb5cy0gmkw0000001790850048773&qH=a5594894156db043&ov_redirect=true,2026-10-01
335,"MOTOROLA g35 5G (Midnight Black, 128 GB)",MOTOROLA,13999,15499,9% off,4.2,"16,480","1,128",8 GB RAM,128 GB ROM,5000 mAh Battery,T760 Processor,17.07 cm (6.72 inch) Full HD+ Display,50MP + 8MP | 16MP Front Camera,5G,https://www.flipkart.com/motorola-g35-5g-midnight-black-128-gb/p/itmd43b3633669c4?pid=MOBHFNAZ9Y54W9ZE&lid=LSTMOBHFNAZ9Y54W9ZEE8A4PR&marketplace=FLIPKART&q=smart+phones&store=tyy%2F4io&srno=s_14_335&otracker=search&fm=organic&iid=c37a0824-240a-4918-9512-1d5ff3543b8f.MOBHFNAZ9Y54W9ZE.SEARCH&ppt=None&ppn=None&ssid=bb5cy0gmkw0000001790850048773&qH=a5594894156db043&ov_redirect=true,2026-10-01
336,"Motorola G34 5G (Ocean Green, 128 GB)",Motorola,14999,,,4.2,"1,41,760","9,881",8 GB RAM,128 GB ROM,5000 mAh Battery,Snapdragon 695 5G Processor,16.51 cm (6.5 inch) HD+ Display,50MP + 2MP | 16MP Front Camera,5G,https://www.flipkart.com/motorola-g34-5g-ocean-green-128-gb/p/itm6b1a33b9d9191?pid=MOBGUFK4TZ2CJYHJ&lid=LSTMOBGUFK4TZ2CJYHJPBUF6M&marketplace=FLIPKART&q=smart+phones&store=tyy%2F4io&srno=s_14_336&otracker=search&fm=organic&iid=c37a0824-240a-4918-9512-1d5ff3543b8f.MOBGUFK4TZ2CJYHJ.SEARCH&ppt=None&ppn=None&ssid=bb5cy0gmkw0000001790850048773&qH=a5594894156db043&ov_redirect=true,2026-10-01
337,"Tecno Spark Go 3 (Titanium Grey, 64 GB)",Tecno,12499,15999,21% off,4.1,221,15,4 GB RAM,64 GB ROM,5000 mAh Lithium Polymer Battery,T7250 Processor,17.12 cm (6.74 inch) HD+ Display,13MP Rear Camera | 8MP Front Camera,,https://www.flipkart.com/tecno-spark-go-3-titanium-grey-64-gb/p/itma9c8f128a61c6?pid=MOBHP2QY7GH4XWWS&lid=LSTMOBHP2QY7GH4XWWSUZBT2N&marketplace=FLIPKART&q=smart+phones&store=tyy%2F4io&srno=s_15_337&otracker=search&fm=organic&iid=en_bBazs_MPptUm_EBNpobMgBB3TopBEolGEt_kYbReHDt5UqKo2cxBWbV4XOLyi8GWvdhgVIDAS43502YR2UC6WzzVjjVgBxhvbGO4C2Nu8sCvQo4pTzAjTc25IGnfFxEZ&ppt=None&ppn=None&ssid=pfpl2xids00000001790850051486&qH=a5594894156db043&ov_redirect=true,2026-10-01
338,"Tecno Spark Go 3 (Ink Black, 64 GB)",Tecno,12499,15999,21% off,4.1,221,15,4 GB RAM,64 GB ROM,5000 mAh Lithium Polymer Battery,T7250 Processor,17.12 cm (6.74 inch) HD+ Display,13MP Rear Camera | 8MP Front Camera,,https://www.flipkart.com/tecno-spark-go-3-ink-black-64-gb/p/itma9c8f128a61c6?pid=MOBHP2QYCXZZE3CM&lid=LSTMOBHP2QYCXZZE3CMWW64IB&marketplace=FLIPKART&q=smart+phones&store=tyy%2F4io&srno=s_15_338&otracker=search&fm=organic&iid=en_bBazs_MPptUm_EBNpobMgBB3TopBEolGEt_kYbReHDvztqbkcCUQx-bkh__Y8ngOXSTZgtzvjftyjvmwmzsaRgiCj5dWzPgr1ZNpuYyjSmivQo4pTzAjTc25IGnfFxEZ&ppt=None&ppn=None&ssid=pfpl2xids00000001790850051486&qH=a5594894156db043&ov_redirect=true,2026-10-01
339,"Motorola G34 5G (Charcoal Black, 128 GB)",Motorola,14999,,,4.2,"1,41,760","9,881",8 GB RAM,128 GB ROM,5000 mAh Battery,Snapdragon 695 5G Processor,16.51 cm (6.5 inch) HD+ Display,50MP + 2MP | 16MP Front Camera,5G,https://www.flipkart.com/motorola-g34-5g-charcoal-black-128-gb/p/itmcf3922f5c94b2?pid=MOBGUFK4QPQMAA2S&lid=LSTMOBGUFK4QPQMAA2SCAYBBS&marketplace=FLIPKART&q=smart+phones&store=tyy%2F4io&srno=s_15_339&otracker=search&fm=organic&iid=6af27ecd-ddda-4868-808c-e58a2ce71764.MOBGUFK4QPQMAA2S.SEARCH&ppt=None&ppn=None&ssid=pfpl2xids00000001790850051486&qH=a5594894156db043&ov_redirect=true,2026-10-01
340,"POCO C71 (Cool Blue, 128 GB)",POCO,9999,,,4.1,"36,675","2,059",6 GB RAM,128 GB ROM,5200 mAh Battery,Unisoc T7250,17.48 cm (6.88 inch) HD+ Display,32MP Rear Camera | 8MP Front Camera,,https://www.flipkart.com/poco-c71-cool-blue-128-gb/p/itmfb10bdbf02c6e?pid=MOBHAFVJURDB9QYR&lid=LSTMOBHAFVJURDB9QYRYNBHTJ&marketplace=FLIPKART&q=smart+phones&store=tyy%2F4io&srno=s_15_340&otracker=search&fm=organic&iid=6af27ecd-ddda-4868-808c-e58a2ce71764.MOBHAFVJURDB9QYR.SEARCH&ppt=None&ppn=None&ssid=pfpl2xids00000001790850051486&qH=a5594894156db043&ov_redirect=true,2026-10-01
341,"MOTOROLA g37 (PANTONE Impenetrable, 64 GB)",MOTOROLA,17249,24999,31% off,4.3,"4,035",220,4 GB RAM,64 GB ROM,5200 mAh Battery,Dimensity 6400 Processor,16.92 cm (6.66 inch) HD+ Display,50MP Rear Camera | 8MP Front Camera,,https://www.flipkart.com/motorola-g37-pantone-impenetrable-64-gb/p/itm40c0c7bcb21fc?pid=MOBHHWB6GWE2CKHU&lid=LSTMOBHHWB6GWE2CKHUQEA6X8&marketplace=FLIPKART&q=smart+phones&store=tyy%2F4io&srno=s_15_341&otracker=search&fm=organic&iid=6af27ecd-ddda-4868-808c-e58a2ce71764.MOBHHWB6GWE2CKHU.SEARCH&ppt=None&ppn=None&ssid=pfpl2xids00000001790850051486&qH=a5594894156db043&ov_redirect=true,2026-10-01
342,"POCO F7 5G (Frost White, 256 GB)",POCO,35999,,,4.4,"23,523","2,929",12 GB RAM,256 GB ROM,"Battery 7550mAh, 90W charger, 22.5W reverse charging",8s Gen 4 Processor,Display -6.83 inch 1.5K pOLED with 120 Hz refresh rate,Front camera -20MP with Portrait Mode | | Front Video Recording | Night Mode,,https://www.flipkart.com/poco-f7-5g-frost-white-256-gb/p/itm22bb5d3a241bd?pid=MOBHCY2UMGZGXQTU&lid=LSTMOBHCY2UMGZGXQTU6PLDWF&marketplace=FLIPKART&q=smart+phones&store=tyy%2F4io&srno=s_15_342&otracker=search&fm=organic&iid=6af27ecd-ddda-4868-808c-e58a2ce71764.MOBHCY2UMGZGXQTU.SEARCH&ppt=None&ppn=None&ssid=pfpl2xids00000001790850051486&qH=a5594894156db043&ov_redirect=true,2026-10-01
343,"POCO C71 (Desert Gold, 128 GB)",POCO,9999,,,4.1,"36,675","2,059",6 GB RAM,128 GB ROM,5200 mAh Battery,Unisoc T7250,17.48 cm (6.88 inch) HD+ Display,32MP Rear Camera | 8MP Front Camera,,https://www.flipkart.com/poco-c71-desert-gold-128-gb/p/itm2a2ad903f91f4?pid=MOBHAFVJ8WXHR5FT&lid=LSTMOBHAFVJ8WXHR5FTKIOCQ2&marketplace=FLIPKART&q=smart+phones&store=tyy%2F4io&srno=s_15_343&otracker=search&fm=organic&iid=6af27ecd-ddda-4868-808c-e58a2ce71764.MOBHAFVJ8WXHR5FT.SEARCH&ppt=None&ppn=None&ssid=pfpl2xids00000001790850051486&qH=a5594894156db043&ov_redirect=true,2026-10-01
344,"POCO M8x 5G (Leather Green, 128 GB)",POCO,20999,49999,58% off,3.9,366,123,6 GB RAM,128 GB ROM,7900 mAh Lithium-Ion Polymer Battery,4 Gen 5 Processor,17.53 cm (6.9 inch) Full HD Display,50MP Rear Camera,,https://www.flipkart.com/poco-m8x-5g-leather-green-128-gb/p/itme6f5614abf6c5?pid=MOBHPCYNQBWVYH7P&lid=LSTMOBHPCYNQBWVYH7PCOEKXT&marketplace=FLIPKART&q=smart+phones&store=tyy%2F4io&srno=s_15_344&otracker=search&fm=organic&iid=6af27ecd-ddda-4868-808c-e58a2ce71764.MOBHPCYNQBWVYH7P.SEARCH&ppt=None&ppn=None&ssid=pfpl2xids00000001790850051486&qH=a5594894156db043&ov_redirect=true,2026-10-01
345,"Nothing Phone (4b) (Black, 128 GB)",Nothing,35999,49999,28% off,,,,6 GB RAM,128 GB ROM,6000 mAh Lithium ion Battery,6 Gen 4 Processor,17.2 cm (6.77 inch) Full HD+ AMOLED Display,50MP + 8MP | 16MP Front Camera,,https://www.flipkart.com/nothing-phone-4b-black-128-gb/p/itm939608b40adbb?pid=MOBHQENAAVZ8F6YP&lid=LSTMOBHQENAAVZ8F6YPTSL9I2&marketplace=FLIPKART&q=smart+phones&store=tyy%2F4io&srno=s_15_345&otracker=search&fm=organic&iid=6af27ecd-ddda-4868-808c-e58a2ce71764.MOBHQENAAVZ8F6YP.SEARCH&ppt=None&ppn=None&ssid=pfpl2xids00000001790850051486&qH=a5594894156db043&ov_redirect=true,2026-10-01
346,"Nothing Phone (4b) (Blue, 128 GB)",Nothing,35999,49999,28% off,,,,6 GB RAM,128 GB ROM,6000 mAh Lithium ion Battery,6 Gen 4 Processor,17.2 cm (6.77 inch) Full HD+ AMOLED Display,50MP + 8MP | 16MP Front Camera,,https://www.flipkart.com/nothing-phone-4b-blue-128-gb/p/itm939608b40adbb?pid=MOBHQENA4YWRRHWE&lid=LSTMOBHQENA4YWRRHWE0IJQMJ&marketplace=FLIPKART&q=smart+phones&store=tyy%2F4io&srno=s_15_346&otracker=search&fm=organic&iid=6af27ecd-ddda-4868-808c-e58a2ce71764.MOBHQENA4YWRRHWE.SEARCH&ppt=None&ppn=None&ssid=pfpl2xids00000001790850051486&qH=a5594894156db043&ov_redirect=true,2026-10-01
347,"POCO M8x 5G (Black, 128 GB)",POCO,20999,49999,58% off,3.9,366,123,6 GB RAM,128 GB ROM,7900 mAh Lithium-Ion Polymer Battery,4 Gen 5 Processor,17.53 cm (6.9 inch) Full HD Display,50MP Rear Camera,,https://www.flipkart.com/poco-m8x-5g-black-128-gb/p/itm7e7f464cfc411?pid=MOBHPCYNDFRFGNGZ&lid=LSTMOBHPCYNDFRFGNGZXQB3ZS&marketplace=FLIPKART&q=smart+phones&store=tyy%2F4io&srno=s_15_347&otracker=search&fm=organic&iid=6af27ecd-ddda-4868-808c-e58a2ce71764.MOBHPCYNDFRFGNGZ.SEARCH&ppt=None&ppn=None&ssid=pfpl2xids00000001790850051486&qH=a5594894156db043&ov_redirect=true,2026-10-01
348,"MOTOROLA G04 (Sea Green, 128 GB)",MOTOROLA,7999,10999,27% off,4.1,"7,169",519,8 GB RAM,128 GB ROM,5000 mAh Battery,Unisoc T606 Processor,16.76 cm (6.6 inch) HD+ Display,16MP Rear Camera | 5MP Front Camera,,https://www.flipkart.com/motorola-g04-sea-green-128-gb/p/itm853979118980f?pid=MOBGUFK4C9NZATQ6&lid=LSTMOBGUFK4C9NZATQ6LJGPEJ&marketplace=FLIPKART&q=smart+phones&store=tyy%2F4io&srno=s_15_348&otracker=search&fm=organic&iid=6af27ecd-ddda-4868-808c-e58a2ce71764.MOBGUFK4C9NZATQ6.SEARCH&ppt=None&ppn=None&ssid=pfpl2xids00000001790850051486&qH=a5594894156db043&ov_redirect=true,2026-10-01
349,"Nothing Phone (4a) (Blue, 128 GB)",Nothing,44999,59999,25% off,4.5,"6,723",728,8 GB RAM,128 GB ROM,5400 mAh Lithium ion Battery,Snapdragon 7s Gen 4 Processor,17.22 cm (6.78 inch) Full HD+ AMOLED Display,50MP + 50MP + 8MP | 32MP Front Camera,,https://www.flipkart.com/nothing-phone-4a-blue-128-gb/p/itm4d8bff10483ce?pid=MOBHZAWYPQ3DQ6DS&lid=LSTMOBHZAWYPQ3DQ6DSHG2PF2&marketplace=FLIPKART&q=smart+phones&store=tyy%2F4io&srno=s_15_349&otracker=search&fm=organic&iid=6af27ecd-ddda-4868-808c-e58a2ce71764.MOBHZAWYPQ3DQ6DS.SEARCH&ppt=None&ppn=None&ssid=pfpl2xids00000001790850051486&qH=a5594894156db043&ov_redirect=true,2026-10-01
350,"Infinix HOT 60i 5G (Sleek Black, 128 GB)",Infinix,17499,24999,30% off,4.3,"1,588",148,4 GB RAM,128 GB ROM,6000 mAh Battery,Dimensity 6400 Processor,17.14 cm (6.75 inch) HD+ Display,50MP Rear Camera | 5MP Front Camera,,https://www.flipkart.com/infinix-hot-60i-5g-sleek-black-128-gb/p/itm1cb6bf875f6e0?pid=MOBHERZEA3AN4VMQ&lid=LSTMOBHERZEA3AN4VMQ2LDYZ9&marketplace=FLIPKART&q=smart+phones&store=tyy%2F4io&srno=s_15_350&otracker=search&fm=organic&iid=6af27ecd-ddda-4868-808c-e58a2ce71764.MOBHERZEA3AN4VMQ.SEARCH&ppt=None&ppn=None&ssid=pfpl2xids00000001790850051486&qH=a5594894156db043&ov_redirect=true,2026-10-01
351,"MOTOROLA g max (PANTONE Stargazer, 128 GB)",MOTOROLA,27999,44999,37% off,4.3,24,2,6 GB RAM,128 GB ROM,7000 mAh Battery,Snapdragon 6s Gen 4 Processor,17.07 cm (6.72 inch) Full HD+ Display,50MP + 8MP | 32MP Front Camera,,https://www.flipkart.com/motorola-g-max-pantone-stargazer-128-gb/p/itm1f70183e81a81?pid=MOBHPR973RGUH7WW&lid=LSTMOBHPR973RGUH7WWEJNIWQ&marketplace=FLIPKART&q=smart+phones&store=tyy%2F4io&srno=s_15_351&otracker=search&fm=organic&iid=6af27ecd-ddda-4868-808c-e58a2ce71764.MOBHPR973RGUH7WW.SEARCH&ppt=None&ppn=None&ssid=pfpl2xids00000001790850051486&qH=a5594894156db043&ov_redirect=true,2026-10-01
352,"MOTOROLA Signature (PANTONE Carbon, 512 GB)",MOTOROLA,64999,79999,18% off,4.5,"1,270",231,16 GB RAM,512 GB ROM,5200 mAh Battery,Snapdragon 8 Gen 5 Processor,17.27 cm (6.8 inch) Super HD Display,50MP + 50MP + 50MP | 50MP Front Camera,,https://www.flipkart.com/motorola-signature-pantone-carbon-512-gb/p/itm5cf2347de817a?pid=MOBHGVJYGVP6G2NY&lid=LSTMOBHGVJYGVP6G2NYNYYTRM&marketplace=FLIPKART&q=smart+phones&store=tyy%2F4io&srno=s_15_352&otracker=search&fm=organic&iid=6af27ecd-ddda-4868-808c-e58a2ce71764.MOBHGVJYGVP6G2NY.SEARCH&ppt=None&ppn=None&ssid=pfpl2xids00000001790850051486&qH=a5594894156db043&ov_redirect=true,2026-10-01
353,"MOTOROLA g35 5G (Leaf Green, 128 GB)",MOTOROLA,13999,15499,9% off,4.2,"16,480","1,128",8 GB RAM,128 GB ROM,5000 mAh Battery,T760 Processor,17.07 cm (6.72 inch) Full HD+ Display,50MP + 8MP | 16MP Front Camera,5G,https://www.flipkart.com/motorola-g35-5g-leaf-green-128-gb/p/itmf1ec516a5574d?pid=MOBHFNAZBBBAJZAH&lid=LSTMOBHFNAZBBBAJZAHVMHBGN&marketplace=FLIPKART&q=smart+phones&store=tyy%2F4io&srno=s_15_353&otracker=search&fm=organic&iid=6af27ecd-ddda-4868-808c-e58a2ce71764.MOBHFNAZBBBAJZAH.SEARCH&ppt=None&ppn=None&ssid=pfpl2xids00000001790850051486&qH=a5594894156db043&ov_redirect=true,2026-10-01
354,"realme C100i (Skyline Silver, 64 GB)",realme,16499,25999,36% off,4.1,46,7,4 GB RAM,64 GB ROM,6500 mAh lithium-ion polymer Battery,T7250 Processor,17.14 cm (6.75 inch) HD+ Display,8MP Rear Camera | 5MP Front Camera,,https://www.flipkart.com/realme-c100i-skyline-silver-64-gb/p/itm906b09160c2d6?pid=MOBHQFDA6PMZRZZK&lid=LSTMOBHQFDA6PMZRZZKTFO6VF&marketplace=FLIPKART&q=smart+phones&store=tyy%2F4io&srno=s_15_354&otracker=search&fm=organic&iid=6af27ecd-ddda-4868-808c-e58a2ce71764.MOBHQFDA6PMZRZZK.SEARCH&ppt=None&ppn=None&ssid=pfpl2xids00000001790850051486&qH=a5594894156db043&ov_redirect=true,2026-10-01
355,"Infinix HOT 60i 5G (Monsoon Green, 128 GB)",Infinix,17499,24999,30% off,4.3,"1,588",148,4 GB RAM,128 GB ROM,6000 mAh Battery,Dimensity 6400 Processor,17.14 cm (6.75 inch) HD+ Display,50MP Rear Camera | 5MP Front Camera,,https://www.flipkart.com/infinix-hot-60i-5g-monsoon-green-128-gb/p/itm1cb6bf875f6e0?pid=MOBHERZEN4ZUNYQV&lid=LSTMOBHERZEN4ZUNYQVV7FU5F&marketplace=FLIPKART&q=smart+phones&store=tyy%2F4io&srno=s_15_355&otracker=search&fm=organic&iid=6af27ecd-ddda-4868-808c-e58a2ce71764.MOBHERZEN4ZUNYQV.SEARCH&ppt=None&ppn=None&ssid=pfpl2xids00000001790850051486&qH=a5594894156db043&ov_redirect=true,2026-10-01
356,"POCO M6 5G (Galactic Black, 64 GB)",POCO,11899,11999,,4.1,"1,40,115","7,196",4 GB RAM,64 GB ROM,5000 mAh Battery,Mediatek Dimensity 6100+ Processor,17.12 cm (6.74 inch) HD+ Display,50MP Rear Camera | 5MP Front Camera,,https://www.flipkart.com/poco-m6-5g-galactic-black-64-gb/p/itmdfa2ca1e206ef?pid=MOBH92ADBRMY2UBK&lid=LSTMOBH92ADBRMY2UBK14AEWL&marketplace=FLIPKART&q=smart+phones&store=tyy%2F4io&srno=s_15_356&otracker=search&fm=organic&iid=6af27ecd-ddda-4868-808c-e58a2ce71764.MOBH92ADBRMY2UBK.SEARCH&ppt=None&ppn=None&ssid=pfpl2xids00000001790850051486&qH=a5594894156db043&ov_redirect=true,2026-10-01
357,"POCO C61 (Diamond Dust Black, 64 GB)",POCO,7299,8999,18% off,4.1,"1,10,973","4,669",4 GB RAM,64 GB ROM,5000 mAh Battery,Helio G36 Processor,17.04 cm (6.71 inch) HD+ Display,8MP Rear Camera | 5MP Front Camera,,https://www.flipkart.com/poco-c61-diamond-dust-black-64-gb/p/itmab81e9048e98c?pid=MOBH92ADUPZ8DRY6&lid=LSTMOBH92ADUPZ8DRY6Q9W4Q7&marketplace=FLIPKART&q=smart+phones&store=tyy%2F4io&srno=s_15_357&otracker=search&fm=organic&iid=6af27ecd-ddda-4868-808c-e58a2ce71764.MOBH92ADUPZ8DRY6.SEARCH&ppt=None&ppn=None&ssid=pfpl2xids00000001790850051486&qH=a5594894156db043&ov_redirect=true,2026-10-01
358,"POCO M8x 5G (Blue, 128 GB)",POCO,18999,44999,57% off,3.9,331,129,4 GB RAM,128 GB ROM,7900 mAh Lithium-Ion Polymer Battery,4 Gen 5 Processor,17.53 cm (6.9 inch) Full HD Display,50MP Rear Camera,,https://www.flipkart.com/poco-m8x-5g-blue-128-gb/p/itm0e93ee1b1a898?pid=MOBHPCYNT7VGVKZS&lid=LSTMOBHPCYNT7VGVKZSIT3GWT&marketplace=FLIPKART&q=smart+phones&store=tyy%2F4io&srno=s_15_358&otracker=search&fm=organic&iid=6af27ecd-ddda-4868-808c-e58a2ce71764.MOBHPCYNT7VGVKZS.SEARCH&ppt=None&ppn=None&ssid=pfpl2xids00000001790850051486&qH=a5594894156db043&ov_redirect=true,2026-10-01
359,"POCO M8 (Glacial Blue, 128 GB)",POCO,26999,27999,3% off,4.3,"2,306",210,8 GB RAM,128 GB ROM,5520 mAh Battery,,17.2 cm (6.77 inch) Full HD+ Display,50MP Rear Camera | 20MP Front Camera,,https://www.flipkart.com/poco-m8-glacial-blue-128-gb/p/itm6b3b306f7eff7?pid=MOBHMGG5ZSHFKTDC&lid=LSTMOBHMGG5ZSHFKTDCASGIPD&marketplace=FLIPKART&q=smart+phones&store=tyy%2F4io&srno=s_15_359&otracker=search&fm=organic&iid=6af27ecd-ddda-4868-808c-e58a2ce71764.MOBHMGG5ZSHFKTDC.SEARCH&ppt=None&ppn=None&ssid=pfpl2xids00000001790850051486&qH=a5594894156db043&ov_redirect=true,2026-10-01
360,"vivo T4 Lite 5G Charger in the Box (Titanium Gold, 128 GB)",vivo,14999,,,4.3,"49,916","2,382",6 GB RAM,128 GB ROM,6000 mAh Battery,Dimensity 6300 5G Processor,17.12 cm (6.74 inch) HD+ Display,50MP + 2MP | 5MP Front Camera,5G,https://www.flipkart.com/vivo-t4-lite-5g-charger-box-titanium-gold-128-gb/p/itm9886d6e522c4b?pid=MOBHDY9FWXVJYCFM&lid=LSTMOBHDY9FWXVJYCFMZULPBM&marketplace=FLIPKART&q=smart+phones&store=tyy%2F4io&srno=s_15_360&otracker=search&fm=organic&iid=6af27ecd-ddda-4868-808c-e58a2ce71764.MOBHDY9FWXVJYCFM.SEARCH&ppt=None&ppn=None&ssid=pfpl2xids00000001790850051486&qH=a5594894156db043&ov_redirect=true,2026-10-01
361,"Tecno Spark Go 3 (Titanium Grey, 64 GB)",Tecno,12499,15999,21% off,4.1,221,15,4 GB RAM,64 GB ROM,5000 mAh Lithium Polymer Battery,T7250 Processor,17.12 cm (6.74 inch) HD+ Display,13MP Rear Camera | 8MP Front Camera,,https://www.flipkart.com/tecno-spark-go-3-titanium-grey-64-gb/p/itma9c8f128a61c6?pid=MOBHP2QY7GH4XWWS&lid=LSTMOBHP2QY7GH4XWWSUZBT2N&marketplace=FLIPKART&q=smart+phones&store=tyy%2F4io&srno=s_16_361&otracker=search&fm=organic&iid=en_8KuoeP9HFPYeeU_aIwNUt0F_lfFLs2y3yO0bhjlmNuDVoQnMYjGxNr2W5JfXXyzMvdhgVIDAS43502YR2UC6WzzVjjVgBxhvbGO4C2Nu8sCAM9Bj-Aj5qV0lXNyh9EYX&ppt=None&ppn=None&ssid=qx66br01kw0000001790850054274&qH=a5594894156db043&ov_redirect=true,2026-10-01
362,"Tecno Spark Go 3 (Ink Black, 64 GB)",Tecno,12499,15999,21% off,4.1,221,15,4 GB RAM,64 GB ROM,5000 mAh Lithium Polymer Battery,T7250 Processor,17.12 cm (6.74 inch) HD+ Display,13MP Rear Camera | 8MP Front Camera,,https://www.flipkart.com/tecno-spark-go-3-ink-black-64-gb/p/itma9c8f128a61c6?pid=MOBHP2QYCXZZE3CM&lid=LSTMOBHP2QYCXZZE3CMWW64IB&marketplace=FLIPKART&q=smart+phones&store=tyy%2F4io&srno=s_16_362&otracker=search&fm=organic&iid=en_8KuoeP9HFPYeeU_aIwNUt0F_lfFLs2y3yO0bhjlmNuB_mNK72oxV0kDYo21eVgZ7XSTZgtzvjftyjvmwmzsaRgiCj5dWzPgr1ZNpuYyjSmiAM9Bj-Aj5qV0lXNyh9EYX&ppt=None&ppn=None&ssid=qx66br01kw0000001790850054274&qH=a5594894156db043&ov_redirect=true,2026-10-01
363,"MOTOROLA G04 (Satin Blue, 128 GB)",MOTOROLA,10999,,,4.1,"7,169",519,8 GB RAM,128 GB ROM,5000 mAh Battery,Unisoc T606 Processor,16.76 cm (6.6 inch) HD+ Display,16MP Rear Camera | 5MP Front Camera,,https://www.flipkart.com/motorola-g04-satin-blue-128-gb/p/itm723b134b6121c?pid=MOBGUFK4DNFX5BFV&lid=LSTMOBGUFK4DNFX5BFV2BOSUS&marketplace=FLIPKART&q=smart+phones&store=tyy%2F4io&srno=s_16_363&otracker=search&fm=organic&iid=38a43510-ea4b-470c-b095-39cc395ab743.MOBGUFK4DNFX5BFV.SEARCH&ppt=None&ppn=None&ssid=qx66br01kw0000001790850054274&qH=a5594894156db043&ov_redirect=true,2026-10-01
364,Vivo T4 Lite 5G (Prism Blue 2026) (6GB 128GB),Vivo,20999,29999,30% off,4.3,"49,916","2,382",6 GB RAM,128 GB ROM,6000 mAh Battery,Dimensity 6300 5G Processor,17.12 cm (6.74 inch) HD+ Display,50MP + 2MP | 5MP Front Camera,5G,https://www.flipkart.com/vivo-t4-lite-5g-prism-blue-2026-6gb-128gb/p/itm49fb53d099f3c?pid=MOBHNCRKMZZGFDGT&lid=LSTMOBHNCRKMZZGFDGTADJJQS&marketplace=FLIPKART&q=smart+phones&store=tyy%2F4io&srno=s_16_364&otracker=search&fm=organic&iid=38a43510-ea4b-470c-b095-39cc395ab743.MOBHNCRKMZZGFDGT.SEARCH&ppt=None&ppn=None&ssid=qx66br01kw0000001790850054274&qH=a5594894156db043&ov_redirect=true,2026-10-01
365,"POCO C81x (Crystal Black, 64 GB)",POCO,11999,18999,36% off,3.9,657,39,3 GB RAM,64 GB ROM,5200 mAh Lithium-Ion Polymer Battery,T7250 Processor,17.48 cm (6.88 inch) Display,13MP Rear Camera | 8MP Front Camera,,https://www.flipkart.com/poco-c81x-crystal-black-64-gb/p/itmcc7b133522987?pid=MOBHMYWRXCQBZ7D2&lid=LSTMOBHMYWRXCQBZ7D2WUWSH4&marketplace=FLIPKART&q=smart+phones&store=tyy%2F4io&srno=s_16_365&otracker=search&fm=organic&iid=38a43510-ea4b-470c-b095-39cc395ab743.MOBHMYWRXCQBZ7D2.SEARCH&ppt=None&ppn=None&ssid=qx66br01kw0000001790850054274&qH=a5594894156db043&ov_redirect=true,2026-10-01
366,"POCO M8 (Carbon Black, 256 GB)",POCO,28999,29999,3% off,4.3,"2,306",210,8 GB RAM,256 GB ROM,5520 mAh Battery,,17.2 cm (6.77 inch) Full HD+ Display,50MP Rear Camera | 20MP Front Camera,,https://www.flipkart.com/poco-m8-carbon-black-256-gb/p/itm2602d0ce0319c?pid=MOBHMGG5QWHMV4Y2&lid=LSTMOBHMGG5QWHMV4Y2W3IPXD&marketplace=FLIPKART&q=smart+phones&store=tyy%2F4io&srno=s_16_366&otracker=search&fm=organic&iid=38a43510-ea4b-470c-b095-39cc395ab743.MOBHMGG5QWHMV4Y2.SEARCH&ppt=None&ppn=None&ssid=qx66br01kw0000001790850054274&qH=a5594894156db043&ov_redirect=true,2026-10-01
367,"POCO C71 (Power Black, 64 GB)",POCO,8999,,,3.8,"61,857","3,319",4 GB RAM,64 GB ROM,5200 mAh Battery,Unisoc T7250,17.48 cm (6.88 inch) HD+ Display,32MP Rear Camera | 8MP Front Camera,,https://www.flipkart.com/poco-c71-power-black-64-gb/p/itmfb6380853ba44?pid=MOBHAFVJVYASFAXY&lid=LSTMOBHAFVJVYASFAXY1IP4BK&marketplace=FLIPKART&q=smart+phones&store=tyy%2F4io&srno=s_16_367&otracker=search&fm=organic&iid=38a43510-ea4b-470c-b095-39cc395ab743.MOBHAFVJVYASFAXY.SEARCH&ppt=None&ppn=None&ssid=qx66br01kw0000001790850054274&qH=a5594894156db043&ov_redirect=true,2026-10-01
368,"POCO M8x 5G (Black, 128 GB)",POCO,18999,44999,57% off,3.9,331,129,4 GB RAM,128 GB ROM,7900 mAh Lithium-Ion Polymer Battery,4 Gen 5 Processor,17.53 cm (6.9 inch) Full HD Display,50MP Rear Camera,,https://www.flipkart.com/poco-m8x-5g-black-128-gb/p/itm540b17a742ccc?pid=MOBHPCYNA4DTGKGS&lid=LSTMOBHPCYNA4DTGKGSGUPQAY&marketplace=FLIPKART&q=smart+phones&store=tyy%2F4io&srno=s_16_368&otracker=search&fm=organic&iid=38a43510-ea4b-470c-b095-39cc395ab743.MOBHPCYNA4DTGKGS.SEARCH&ppt=None&ppn=None&ssid=qx66br01kw0000001790850054274&qH=a5594894156db043&ov_redirect=true,2026-10-01
369,"POCO C81 (Elite Black, 64 GB)",POCO,12999,19999,35% off,3.7,525,45,4 GB RAM,64 GB ROM,6300 mAh Lithium-Ion Polymer Battery,T7250 Processor,17.53 cm (6.9 inch) Display,13MP Rear Camera | 8MP Front Camera,,https://www.flipkart.com/poco-c81-elite-black-64-gb/p/itm28c771318f328?pid=MOBHMYWR2GCKNVWK&lid=LSTMOBHMYWR2GCKNVWKZWGWBK&marketplace=FLIPKART&q=smart+phones&store=tyy%2F4io&srno=s_16_369&otracker=search&fm=organic&iid=38a43510-ea4b-470c-b095-39cc395ab743.MOBHMYWR2GCKNVWK.SEARCH&ppt=None&ppn=None&ssid=qx66br01kw0000001790850054274&qH=a5594894156db043&ov_redirect=true,2026-10-01
370,"Nothing Phone (4b) (White, 128 GB)",Nothing,35999,49999,28% off,,,,6 GB RAM,128 GB ROM,6000 mAh Lithium ion Battery,6 Gen 4 Processor,17.2 cm (6.77 inch) Full HD+ AMOLED Display,50MP + 8MP | 16MP Front Camera,,https://www.flipkart.com/nothing-phone-4b-white-128-gb/p/itm939608b40adbb?pid=MOBHQENATV85KYCZ&lid=LSTMOBHQENATV85KYCZ0HUCMA&marketplace=FLIPKART&q=smart+phones&store=tyy%2F4io&srno=s_16_370&otracker=search&fm=organic&iid=38a43510-ea4b-470c-b095-39cc395ab743.MOBHQENATV85KYCZ.SEARCH&ppt=None&ppn=None&ssid=qx66br01kw0000001790850054274&qH=a5594894156db043&ov_redirect=true,2026-10-01
371,"POCO F6 5G (Titanium, 256 GB)",POCO,31999,35999,11% off,4.3,"9,151",910,12 GB RAM,256 GB ROM,5000 mAh Battery,8s Gen3 Processor,16.94 cm (6.67 inch) Display,50MP (OIS) + 8MP | 20MP Front Camera,,https://www.flipkart.com/poco-f6-5g-titanium-256-gb/p/itmb5451dec31503?pid=MOBHYUZGDMF7UJMG&lid=LSTMOBHYUZGDMF7UJMG8JGACN&marketplace=FLIPKART&q=smart+phones&store=tyy%2F4io&srno=s_16_371&otracker=search&fm=organic&iid=38a43510-ea4b-470c-b095-39cc395ab743.MOBHYUZGDMF7UJMG.SEARCH&ppt=None&ppn=None&ssid=qx66br01kw0000001790850054274&qH=a5594894156db043&ov_redirect=true,2026-10-01
372,"POCO M8 (Carbon Black, 128 GB)",POCO,26999,27999,3% off,4.3,"2,306",210,8 GB RAM,128 GB ROM,5520 mAh Battery,,17.2 cm (6.77 inch) Full HD+ Display,50MP Rear Camera | 20MP Front Camera,,https://www.flipkart.com/poco-m8-carbon-black-128-gb/p/itm4a387788f045c?pid=MOBHMGG5FFCEPT3V&lid=LSTMOBHMGG5FFCEPT3VOQI1H2&marketplace=FLIPKART&q=smart+phones&store=tyy%2F4io&srno=s_16_372&otracker=search&fm=organic&iid=38a43510-ea4b-470c-b095-39cc395ab743.MOBHMGG5FFCEPT3V.SEARCH&ppt=None&ppn=None&ssid=qx66br01kw0000001790850054274&qH=a5594894156db043&ov_redirect=true,2026-10-01
373,"MOTOROLA G04 (Sea Green, 64 GB)",MOTOROLA,9999,,,4.2,"16,143","1,019",4 GB RAM,64 GB ROM,5000 mAh Battery,Unisoc T606 Processor,16.76 cm (6.6 inch) HD+ Display,16MP Rear Camera | 5MP Front Camera,,https://www.flipkart.com/motorola-g04-sea-green-64-gb/p/itma5e47013b85f7?pid=MOBGUFK4HDHHKJPP&lid=LSTMOBGUFK4HDHHKJPPHSEUS3&marketplace=FLIPKART&q=smart+phones&store=tyy%2F4io&srno=s_16_373&otracker=search&fm=organic&iid=38a43510-ea4b-470c-b095-39cc395ab743.MOBGUFK4HDHHKJPP.SEARCH&ppt=None&ppn=None&ssid=qx66br01kw0000001790850054274&qH=a5594894156db043&ov_redirect=true,2026-10-01
374,"Motorola G34 5G (Ocean Green, 128 GB)",Motorola,11999,13999,14% off,4.2,"49,260","3,565",4 GB RAM,128 GB ROM,5000 mAh Battery,Snapdragon 695 5G Processor,16.51 cm (6.5 inch) HD+ Display,50MP + 2MP | 16MP Front Camera,5G,https://www.flipkart.com/motorola-g34-5g-ocean-green-128-gb/p/itm3420a8e79e129?pid=MOBGUFK49KDBZUMC&lid=LSTMOBGUFK49KDBZUMC2WHY9Z&marketplace=FLIPKART&q=smart+phones&store=tyy%2F4io&srno=s_16_374&otracker=search&fm=organic&iid=38a43510-ea4b-470c-b095-39cc395ab743.MOBGUFK49KDBZUMC.SEARCH&ppt=None&ppn=None&ssid=qx66br01kw0000001790850054274&qH=a5594894156db043&ov_redirect=true,2026-10-01
375,"POCO M7 Plus 5G (Carbon Black, 128 GB)",POCO,19999,,,3.7,"4,202",506,4 GB RAM,128 GB ROM,7000 mAh Battery,Snapdragon 6s Gen 3 5G Processor,17.53 cm (6.9 inch) Full HD+ Display,50MP Rear Camera | 8MP Front Camera,5G,https://www.flipkart.com/poco-m7-plus-5g-carbon-black-128-gb/p/itm9b1bceebdc605?pid=MOBHETX6RHPPFCFD&lid=LSTMOBHETX6RHPPFCFDZGVTVP&marketplace=FLIPKART&q=smart+phones&store=tyy%2F4io&srno=s_16_375&otracker=search&fm=organic&iid=38a43510-ea4b-470c-b095-39cc395ab743.MOBHETX6RHPPFCFD.SEARCH&ppt=None&ppn=None&ssid=qx66br01kw0000001790850054274&qH=a5594894156db043&ov_redirect=true,2026-10-01
376,"MOTOROLA G04 (Satin Blue, 64 GB)",MOTOROLA,9999,,,4.2,"16,143","1,019",4 GB RAM,64 GB ROM,5000 mAh Battery,Unisoc T606 Processor,16.76 cm (6.6 inch) HD+ Display,16MP Rear Camera | 5MP Front Camera,,https://www.flipkart.com/motorola-g04-satin-blue-64-gb/p/itmf126d16fff1b9?pid=MOBGUFK4X5AEBBDE&lid=LSTMOBGUFK4X5AEBBDECQBQRW&marketplace=FLIPKART&q=smart+phones&store=tyy%2F4io&srno=s_16_376&otracker=search&fm=organic&iid=38a43510-ea4b-470c-b095-39cc395ab743.MOBGUFK4X5AEBBDE.SEARCH&ppt=None&ppn=None&ssid=qx66br01kw0000001790850054274&qH=a5594894156db043&ov_redirect=true,2026-10-01
377,"realme C61 (Safari Green, 64 GB)",realme,7249,8999,19% off,4.3,"37,545","1,667",4 GB RAM,64 GB ROM,5000 mAh Battery,T612 Processor,17.13 cm (6.745 inch) HD+ Display,32MP Rear Camera | 5MP Front Camera,,https://www.flipkart.com/realme-c61-safari-green-64-gb/p/itmd6ddbcefce040?pid=MOBHFRKRF6ZHBFTW&lid=LSTMOBHFRKRF6ZHBFTWCWTV1O&marketplace=FLIPKART&q=smart+phones&store=tyy%2F4io&srno=s_16_377&otracker=search&fm=organic&iid=38a43510-ea4b-470c-b095-39cc395ab743.MOBHFRKRF6ZHBFTW.SEARCH&ppt=None&ppn=None&ssid=qx66br01kw0000001790850054274&qH=a5594894156db043&ov_redirect=true,2026-10-01
378,"Infinix Smart 8 Plus (Galaxy White, 128 GB)",Infinix,7799,9999,22% off,4.3,"12,986",788,4 GB RAM,128 GB ROM,6000 mAh Battery,Mediatek Helio G36 Processor,16.76 cm (6.6 inch) HD+ Display,50MP + AI Lens | 8MP Front Camera,,https://www.flipkart.com/infinix-smart-8-plus-galaxy-white-128-gb/p/itmb71da75c376e1?pid=MOBGYA22FYTZKRW4&lid=LSTMOBGYA22FYTZKRW4UKLRNR&marketplace=FLIPKART&q=smart+phones&store=tyy%2F4io&srno=s_16_378&otracker=search&fm=organic&iid=38a43510-ea4b-470c-b095-39cc395ab743.MOBGYA22FYTZKRW4.SEARCH&ppt=None&ppn=None&ssid=qx66br01kw0000001790850054274&qH=a5594894156db043&ov_redirect=true,2026-10-01
379,"POCO X8 5G (Black, 128 GB)",POCO,29999,64999,53% off,4.5,243,159,6 GB RAM,128 GB ROM,9000 mAh Lithium-Ion Polymer Battery,6s Gen 4 Processor,17.35 cm (6.83 inch) Full HD+ AMOLED Display,50MP + 2MP | 16MP Front Camera,,https://www.flipkart.com/poco-x8-5g-black-128-gb/p/itme5971a702d6f4?pid=MOBHQ6XZJAUN46UF&lid=LSTMOBHQ6XZJAUN46UFYE0XHT&marketplace=FLIPKART&q=smart+phones&store=tyy%2F4io&srno=s_16_379&otracker=search&fm=organic&iid=38a43510-ea4b-470c-b095-39cc395ab743.MOBHQ6XZJAUN46UF.SEARCH&ppt=None&ppn=None&ssid=qx66br01kw0000001790850054274&qH=a5594894156db043&ov_redirect=true,2026-10-01
380,"MOTOROLA g max (PANTONE Malaga, 128 GB)",MOTOROLA,27999,44999,37% off,4.3,24,2,6 GB RAM,128 GB ROM,7000 mAh Battery,Snapdragon 6s Gen 4 Processor,17.07 cm (6.72 inch) Full HD+ Display,50MP + 8MP | 32MP Front Camera,,https://www.flipkart.com/motorola-g-max-pantone-malaga-128-gb/p/itmbd07b2023dab1?pid=MOBHPR97F9CZHPVU&lid=LSTMOBHPR97F9CZHPVU0DP4ZY&marketplace=FLIPKART&q=smart+phones&store=tyy%2F4io&srno=s_16_380&otracker=search&fm=organic&iid=38a43510-ea4b-470c-b095-39cc395ab743.MOBHPR97F9CZHPVU.SEARCH&ppt=None&ppn=None&ssid=qx66br01kw0000001790850054274&qH=a5594894156db043&ov_redirect=true,2026-10-01
381,"Nothing Phone (4a) (White, 128 GB)",Nothing,44999,59999,25% off,4.5,"6,723",728,8 GB RAM,128 GB ROM,5400 mAh Lithium ion Battery,Snapdragon 7s Gen 4 Processor,17.22 cm (6.78 inch) Full HD+ AMOLED Display,50MP + 50MP + 8MP | 32MP Front Camera,,https://www.flipkart.com/nothing-phone-4a-white-128-gb/p/itm4d8bff10483ce?pid=MOBHZAWYUQDFFTRB&lid=LSTMOBHZAWYUQDFFTRBUQTFBY&marketplace=FLIPKART&q=smart+phones&store=tyy%2F4io&srno=s_16_381&otracker=search&fm=organic&iid=38a43510-ea4b-470c-b095-39cc395ab743.MOBHZAWYUQDFFTRB.SEARCH&ppt=None&ppn=None&ssid=qx66br01kw0000001790850054274&qH=a5594894156db043&ov_redirect=true,2026-10-01
382,"vivo T5x 5G (Fusion Red, 128 GB)",vivo,27999,28999,3% off,4.4,"22,241","1,516",6 GB RAM,128 GB ROM,7200 mAh Li-ion Battery,Dimensity 7400-Turbo Processor,17.17 cm (6.76 inch) Display,50MP + 2MP | 32MP Front Camera,,https://www.flipkart.com/vivo-t5x-5g-fusion-red-128-gb/p/itm7da8aa253e72b?pid=MOBHPGHCZ9HCTCHK&lid=LSTMOBHPGHCZ9HCTCHKPPZYM6&marketplace=FLIPKART&q=smart+phones&store=tyy%2F4io&srno=s_16_382&otracker=search&fm=organic&iid=38a43510-ea4b-470c-b095-39cc395ab743.MOBHPGHCZ9HCTCHK.SEARCH&ppt=None&ppn=None&ssid=qx66br01kw0000001790850054274&qH=a5594894156db043&ov_redirect=true,2026-10-01
383,"Motorola g04s (Satin Blue, 64 GB)",Motorola,9999,,,4.2,"30,185","1,629",4 GB RAM,64 GB ROM,5000 mAh Battery,T606 Processor,16.76 cm (6.6 inch) HD+ Display,50MP Rear Camera | 5MP Front Camera,,https://www.flipkart.com/motorola-g04s-satin-blue-64-gb/p/itma899ac4728c8e?pid=MOBHY9PQM9H8HMEN&lid=LSTMOBHY9PQM9H8HMENQJT1JU&marketplace=FLIPKART&q=smart+phones&store=tyy%2F4io&srno=s_16_383&otracker=search&fm=organic&iid=38a43510-ea4b-470c-b095-39cc395ab743.MOBHY9PQM9H8HMEN.SEARCH&ppt=None&ppn=None&ssid=qx66br01kw0000001790850054274&qH=a5594894156db043&ov_redirect=true,2026-10-01
384,"Nothing Phone (4a) (White, 128 GB)",Nothing,39999,49999,20% off,,,,6 GB RAM,128 GB ROM,5400 mAh Lithium ion Battery,Snapdragon 7s Gen 4 Processor,17.22 cm (6.78 inch) Full HD+ AMOLED Display,50MP + 50MP + 8MP | 32MP Front Camera,,https://www.flipkart.com/nothing-phone-4a-white-128-gb/p/itm47712249513d4?pid=MOBHQENAHHRMSET2&lid=LSTMOBHQENAHHRMSET2IEQMP8&marketplace=FLIPKART&q=smart+phones&store=tyy%2F4io&srno=s_16_384&otracker=search&fm=organic&iid=38a43510-ea4b-470c-b095-39cc395ab743.MOBHQENAHHRMSET2.SEARCH&ppt=None&ppn=None&ssid=qx66br01kw0000001790850054274&qH=a5594894156db043&ov_redirect=true,2026-10-01
385,"Infinix HOT 60i 5G (Shadow Blue, 128 GB)",Infinix,17499,24999,30% off,4.3,"1,588",148,4 GB RAM,128 GB ROM,6000 mAh Battery,Dimensity 6400 Processor,17.14 cm (6.75 inch) HD+ Display,50MP Rear Camera | 5MP Front Camera,,https://www.flipkart.com/infinix-hot-60i-5g-shadow-blue-128-gb/p/itm1cb6bf875f6e0?pid=MOBHERZERAFFCH7M&lid=LSTMOBHERZERAFFCH7MDSZZDP&marketplace=FLIPKART&q=smart+phones&store=tyy%2F4io&srno=s_17_385&otracker=search&fm=organic&iid=fe20b709-98f9-4d7e-8798-476f527082d3.MOBHERZERAFFCH7M.SEARCH&ppt=None&ppn=None&ssid=a5m8tswiog0000001790850056988&qH=a5594894156db043&ov_redirect=true,2026-10-01
386,"POCO C61 (Mystical Green, 64 GB)",POCO,7999,8999,11% off,4.1,"1,10,973","4,669",4 GB RAM,64 GB ROM,5000 mAh Battery,Helio G36 Processor,17.04 cm (6.71 inch) HD+ Display,8MP Rear Camera | 5MP Front Camera,,https://www.flipkart.com/poco-c61-mystical-green-64-gb/p/itmab81e9048e98c?pid=MOBHATHPTGGEFYZT&lid=LSTMOBHATHPTGGEFYZTGXQ77P&marketplace=FLIPKART&q=smart+phones&store=tyy%2F4io&srno=s_17_386&otracker=search&fm=organic&iid=fe20b709-98f9-4d7e-8798-476f527082d3.MOBHATHPTGGEFYZT.SEARCH&ppt=None&ppn=None&ssid=a5m8tswiog0000001790850056988&qH=a5594894156db043&ov_redirect=true,2026-10-01
387,"Tecno Spark Go 3 (Titanium Grey, 64 GB)",Tecno,12499,15999,21% off,4.1,221,15,4 GB RAM,64 GB ROM,5000 mAh Lithium Polymer Battery,T7250 Processor,17.12 cm (6.74 inch) HD+ Display,13MP Rear Camera | 8MP Front Camera,,https://www.flipkart.com/tecno-spark-go-3-titanium-grey-64-gb/p/itma9c8f128a61c6?pid=MOBHP2QY7GH4XWWS&lid=LSTMOBHP2QY7GH4XWWSUZBT2N&marketplace=FLIPKART&q=smart+phones&store=tyy%2F4io&srno=s_17_387&otracker=search&fm=organic&iid=en_pfp9sk_TxkjKS5tP3Z0HNNuagmN7c1fFCOaqU0xfBd_QKhSDeePJ5xtJFbpg_byovdhgVIDAS43502YR2UC6WzzVjjVgBxhvbGO4C2Nu8sABIL69CunB5m-3X7pF7fdV&ppt=None&ppn=None&ssid=a5m8tswiog0000001790850056988&qH=a5594894156db043&ov_redirect=true,2026-10-01
388,"Tecno Spark Go 3 (Ink Black, 64 GB)",Tecno,12499,15999,21% off,4.1,221,15,4 GB RAM,64 GB ROM,5000 mAh Lithium Polymer Battery,T7250 Processor,17.12 cm (6.74 inch) HD+ Display,13MP Rear Camera | 8MP Front Camera,,https://www.flipkart.com/tecno-spark-go-3-ink-black-64-gb/p/itma9c8f128a61c6?pid=MOBHP2QYCXZZE3CM&lid=LSTMOBHP2QYCXZZE3CMWW64IB&marketplace=FLIPKART&q=smart+phones&store=tyy%2F4io&srno=s_17_388&otracker=search&fm=organic&iid=en_pfp9sk_TxkjKS5tP3Z0HNNuagmN7c1fFCOaqU0xfBd-8hHxyEGSrcpxvWtScmr5TXSTZgtzvjftyjvmwmzsaRgiCj5dWzPgr1ZNpuYyjSmgBIL69CunB5m-3X7pF7fdV&ppt=None&ppn=None&ssid=a5m8tswiog0000001790850056988&qH=a5594894156db043&ov_redirect=true,2026-10-01
389,"POCO M6 5G (Orion Blue, 64 GB)",POCO,11899,11999,,4.1,"1,40,115","7,196",4 GB RAM,64 GB ROM,5000 mAh Battery,Mediatek Dimensity 6100+ Processor,17.12 cm (6.74 inch) HD+ Display,50MP Rear Camera | 5MP Front Camera,,https://www.flipkart.com/poco-m6-5g-orion-blue-64-gb/p/itm8bbb69860e61c?pid=MOBH92ADQKNTCH4P&lid=LSTMOBH92ADQKNTCH4PEL673U&marketplace=FLIPKART&q=smart+phones&store=tyy%2F4io&srno=s_17_389&otracker=search&fm=organic&iid=fe20b709-98f9-4d7e-8798-476f527082d3.MOBH92ADQKNTCH4P.SEARCH&ppt=None&ppn=None&ssid=a5m8tswiog0000001790850056988&qH=a5594894156db043&ov_redirect=true,2026-10-01
390,"vivo T5x 5G (Fusion Red, 128 GB)",vivo,30999,,,4.4,"25,689","1,916",8 GB RAM,128 GB ROM,7200 mAh Li-ion Battery,Dimensity 7400-Turbo Processor,17.17 cm (6.76 inch) Display,50MP + 2MP | 32MP Front Camera,,https://www.flipkart.com/vivo-t5x-5g-fusion-red-128-gb/p/itm7da8aa253e72b?pid=MOBHPGHCZVCYZUP7&lid=LSTMOBHPGHCZVCYZUP7VAIWGY&marketplace=FLIPKART&q=smart+phones&store=tyy%2F4io&srno=s_17_390&otracker=search&fm=organic&iid=fe20b709-98f9-4d7e-8798-476f527082d3.MOBHPGHCZVCYZUP7.SEARCH&ppt=None&ppn=None&ssid=a5m8tswiog0000001790850056988&qH=a5594894156db043&ov_redirect=true,2026-10-01
391,"POCO M8 (Carbon Black, 128 GB)",POCO,24999,25999,3% off,4.3,"3,841",362,6 GB RAM,128 GB ROM,5520 mAh Battery,,17.2 cm (6.77 inch) Full HD+ Display,50MP Rear Camera | 20MP Front Camera,,https://www.flipkart.com/poco-m8-carbon-black-128-gb/p/itmfb341f67be0ed?pid=MOBHMGG55BR5SZCG&lid=LSTMOBHMGG55BR5SZCG3RRG5U&marketplace=FLIPKART&q=smart+phones&store=tyy%2F4io&srno=s_17_391&otracker=search&fm=organic&iid=fe20b709-98f9-4d7e-8798-476f527082d3.MOBHMGG55BR5SZCG.SEARCH&ppt=None&ppn=None&ssid=a5m8tswiog0000001790850056988&qH=a5594894156db043&ov_redirect=true,2026-10-01
392,"POCO F6 5G (Titanium, 512 GB)",POCO,33999,37999,10% off,4.3,"9,151",910,12 GB RAM,512 GB ROM,5000 mAh Battery,8s Gen3 Processor,16.94 cm (6.67 inch) Display,50MP (OIS) + 8MP | 20MP Front Camera,,https://www.flipkart.com/poco-f6-5g-titanium-512-gb/p/itm4a6db9b06c16b?pid=MOBHYUZGH9SWZZJE&lid=LSTMOBHYUZGH9SWZZJE6BXMW8&marketplace=FLIPKART&q=smart+phones&store=tyy%2F4io&srno=s_17_392&otracker=search&fm=organic&iid=fe20b709-98f9-4d7e-8798-476f527082d3.MOBHYUZGH9SWZZJE.SEARCH&ppt=None&ppn=None&ssid=a5m8tswiog0000001790850056988&qH=a5594894156db043&ov_redirect=true,2026-10-01
393,"Motorola G34 5G (Ice Blue, 128 GB)",Motorola,11999,13999,14% off,4.2,"49,260","3,565",4 GB RAM,128 GB ROM,5000 mAh Battery,Snapdragon 695 5G Processor,16.51 cm (6.5 inch) HD+ Display,50MP + 2MP | 16MP Front Camera,5G,https://www.flipkart.com/motorola-g34-5g-ice-blue-128-gb/p/itm0f6b45af1c0f0?pid=MOBGUFK4ZX2ZHMTQ&lid=LSTMOBGUFK4ZX2ZHMTQUCFTOJ&marketplace=FLIPKART&q=smart+phones&store=tyy%2F4io&srno=s_17_393&otracker=search&fm=organic&iid=fe20b709-98f9-4d7e-8798-476f527082d3.MOBGUFK4ZX2ZHMTQ.SEARCH&ppt=None&ppn=None&ssid=a5m8tswiog0000001790850056988&qH=a5594894156db043&ov_redirect=true,2026-10-01
394,"POCO M7 Plus 5G (Chrome Silver, 128 GB)",POCO,15999,,,3.7,"4,209",508,4 GB RAM,128 GB ROM,7000 mAh Battery,Snapdragon 6s Gen 3 5G Processor,17.53 cm (6.9 inch) Display,50MP Rear Camera,5G,https://www.flipkart.com/poco-m7-plus-5g-chrome-silver-128-gb/p/itmf5c94088d643c?pid=MOBHETX6MCAZJYY2&lid=LSTMOBHETX6MCAZJYY27IHGBX&marketplace=FLIPKART&q=smart+phones&store=tyy%2F4io&srno=s_17_394&otracker=search&fm=organic&iid=fe20b709-98f9-4d7e-8798-476f527082d3.MOBHETX6MCAZJYY2.SEARCH&ppt=None&ppn=None&ssid=a5m8tswiog0000001790850056988&qH=a5594894156db043&ov_redirect=true,2026-10-01
395,"POCO C75 5G (Silver Stardust, 128 GB)",POCO,11499,,,4.2,"1,49,586","7,645",4 GB RAM,128 GB ROM,5160 mAh Battery,4s Gen 2 5G Processor,17.48 cm (6.88 inch) HD+ Display,50MP Rear Camera | 5MP Front Camera,5G,https://www.flipkart.com/poco-c75-5g-silver-stardust-128-gb/p/itmbf9aead7ca613?pid=MOBHBC3WSG3RWZ2Q&lid=LSTMOBHBC3WSG3RWZ2QLUHLCI&marketplace=FLIPKART&q=smart+phones&store=tyy%2F4io&srno=s_17_395&otracker=search&fm=organic&iid=fe20b709-98f9-4d7e-8798-476f527082d3.MOBHBC3WSG3RWZ2Q.SEARCH&ppt=None&ppn=None&ssid=a5m8tswiog0000001790850056988&qH=a5594894156db043&ov_redirect=true,2026-10-01
396,"POCO C85 5G (Spring Green, 128 GB)",POCO,19499,24999,22% off,4.3,182,12,8 GB RAM,128 GB ROM,6000 mAh Lithium-Ion Polymer Battery,Dimensity 6300 Processor,17.53 cm (6.9 inch) HD+ Display,50MP Rear Camera | 8MP Front Camera,,https://www.flipkart.com/poco-c85-5g-spring-green-128-gb/p/itm8eb0c84963d83?pid=MOBHMGG5CR7GHJHN&lid=LSTMOBHMGG5CR7GHJHNTRROVD&marketplace=FLIPKART&q=smart+phones&store=tyy%2F4io&srno=s_17_396&otracker=search&fm=organic&iid=fe20b709-98f9-4d7e-8798-476f527082d3.MOBHMGG5CR7GHJHN.SEARCH&ppt=None&ppn=None&ssid=a5m8tswiog0000001790850056988&qH=a5594894156db043&ov_redirect=true,2026-10-01
397,"POCO M7 Plus 5G (Chrome Silver, 128 GB)",POCO,17999,,,4.2,"6,616",530,8 GB RAM,128 GB ROM,7000 mAh Battery,Snapdragon 6s Gen 3 5G Processor,17.53 cm (6.9 inch) Display,50MP AI Dual Camera,5G,https://www.flipkart.com/poco-m7-plus-5g-chrome-silver-128-gb/p/itm7074a66234a6d?pid=MOBHETX6NDXNUJGF&lid=LSTMOBHETX6NDXNUJGFQPHFB6&marketplace=FLIPKART&q=smart+phones&store=tyy%2F4io&srno=s_17_397&otracker=search&fm=organic&iid=fe20b709-98f9-4d7e-8798-476f527082d3.MOBHETX6NDXNUJGF.SEARCH&ppt=None&ppn=None&ssid=a5m8tswiog0000001790850056988&qH=a5594894156db043&ov_redirect=true,2026-10-01
398,"OPPO K14x 5G 6500mAh and 45W SUPERVOOC Charger & AI (Prism Violet, 128 GB)",OPPO,24999,40999,39% off,4.4,"3,979",411,6 GB RAM,128 GB ROM,6500 mAh Battery,Dimensity 6300 Processor,17.14 cm (6.75 inch) HD+ Display,,,https://www.flipkart.com/oppo-k14x-5g-6500mah-45w-supervooc-charger-ai-prism-violet-128-gb/p/itmdcac5ae642971?pid=MOBHPHSHQF9SHK43&lid=LSTMOBHPHSHQF9SHK43VNTYD6&marketplace=FLIPKART&q=smart+phones&store=tyy%2F4io&srno=s_17_398&otracker=search&fm=organic&iid=fe20b709-98f9-4d7e-8798-476f527082d3.MOBHPHSHQF9SHK43.SEARCH&ppt=None&ppn=None&ssid=a5m8tswiog0000001790850056988&qH=a5594894156db043&ov_redirect=true,2026-10-01
399,"Motorola Edge 40 Neo (Black Beauty, 128 GB)",Motorola,27999,,,4.3,"57,630","6,027",8 GB RAM,128 GB ROM,5000 mAh Battery,Dimensity 7030 Processor,16.64 cm (6.55 inch) Full HD+ Display,50MP + 13MP | 32MP Front Camera,,https://www.flipkart.com/motorola-edge-40-neo-black-beauty-128-gb/p/itm01cc46d96a79f?pid=MOBGQFX6JGTWFSGD&lid=LSTMOBGQFX6JGTWFSGDTXTCZS&marketplace=FLIPKART&q=smart+phones&store=tyy%2F4io&srno=s_17_399&otracker=search&fm=organic&iid=fe20b709-98f9-4d7e-8798-476f527082d3.MOBGQFX6JGTWFSGD.SEARCH&ppt=None&ppn=None&ssid=a5m8tswiog0000001790850056988&qH=a5594894156db043&ov_redirect=true,2026-10-01
400,"POCO M7 Plus 5G (Aqua Blue, 128 GB)",POCO,16999,,,4.2,"12,932",984,6 GB RAM,128 GB ROM,7000 mAh Battery,Snapdragon 6s Gen 3 5G Processor,17.53 cm (6.9 inch) Full HD+ Display,50MP AI Dual Camera | 8MP Front Camera,5G,https://www.flipkart.com/poco-m7-plus-5g-aqua-blue-128-gb/p/itm9f4512134d782?pid=MOBHETX66JPY5TR9&lid=LSTMOBHETX66JPY5TR9T7DFF4&marketplace=FLIPKART&q=smart+phones&store=tyy%2F4io&srno=s_17_400&otracker=search&fm=organic&iid=fe20b709-98f9-4d7e-8798-476f527082d3.MOBHETX66JPY5TR9.SEARCH&ppt=None&ppn=None&ssid=a5m8tswiog0000001790850056988&qH=a5594894156db043&ov_redirect=true,2026-10-01
401,Vivo T4 Lite 5G (Prism Blue 2026) (8GB 256GB),Vivo,23999,31999,25% off,4.3,"22,591","1,359",8 GB RAM,256 GB ROM,6000 mAh Battery,Dimensity 6300 5G Processor,17.12 cm (6.74 inch) HD+ Display,50MP + 2MP | 5MP Front Camera,5G,https://www.flipkart.com/vivo-t4-lite-5g-prism-blue-2026-8gb-256gb/p/itm49fb53d099f3c?pid=MOBHNCRKUF76UJJB&lid=LSTMOBHNCRKUF76UJJBMMXCLV&marketplace=FLIPKART&q=smart+phones&store=tyy%2F4io&srno=s_17_401&otracker=search&fm=organic&iid=fe20b709-98f9-4d7e-8798-476f527082d3.MOBHNCRKUF76UJJB.SEARCH&ppt=None&ppn=None&ssid=a5m8tswiog0000001790850056988&qH=a5594894156db043&ov_redirect=true,2026-10-01
402,"Apple iPhone 15 (Green, 128 GB)",Apple,59900,,,4.6,"2,49,074","9,818",,,,"A16 Bionic Chip, 6 Core Processor Processor",15.49 cm (6.1 inch) Super Retina XDR Display,48MP + 12MP | 12MP Front Camera,,https://www.flipkart.com/apple-iphone-15-green-128-gb/p/itm235cd318bde73?pid=MOBGTAGPYYWZRUJX&lid=LSTMOBGTAGPYYWZRUJX8CTXDU&marketplace=FLIPKART&q=smart+phones&store=tyy%2F4io&srno=s_17_402&otracker=search&fm=organic&iid=fe20b709-98f9-4d7e-8798-476f527082d3.MOBGTAGPYYWZRUJX.SEARCH&ppt=None&ppn=None&ssid=a5m8tswiog0000001790850056988&qH=a5594894156db043&ov_redirect=true,2026-10-01
403,"Motorola e13 (Aurora Green, 128 GB)",Motorola,,,,4.1,"35,477","1,990",8 GB RAM,128 GB ROM,5000 mAh Battery,Unisoc T606 Processor,16.51 cm (6.5 inch) HD+ Display,13MP Rear Camera | 5MP Front Camera,,https://www.flipkart.com/motorola-e13-aurora-green-128-gb/p/itm87151a7bb1a4f?pid=MOBGQFX6HYNXCYGX&q=smart+phones&store=tyy%2F4io&srno=s_17_403&otracker=search&fm=organic&iid=fe20b709-98f9-4d7e-8798-476f527082d3.MOBGQFX6HYNXCYGX.SEARCH&ppt=None&ppn=None&ssid=a5m8tswiog0000001790850056988&qH=a5594894156db043&ov_redirect=true,2026-10-01
404,"realme C100x (Golden Coast, 64 GB)",realme,17999,29999,40% off,3.6,284,35,4 GB RAM,64 GB ROM,8000 mAh Battery,T7250 Processor,17.27 cm (6.8 inch) HD+ Display,50MP Rear Camera | 5MP Front Camera,,https://www.flipkart.com/realme-c100x-golden-coast-64-gb/p/itm488eb4026680c?pid=MOBHZMDTJ8MRNENF&lid=LSTMOBHZMDTJ8MRNENF0B9EB3&marketplace=FLIPKART&q=smart+phones&store=tyy%2F4io&srno=s_17_404&otracker=search&fm=organic&iid=fe20b709-98f9-4d7e-8798-476f527082d3.MOBHZMDTJ8MRNENF.SEARCH&ppt=None&ppn=None&ssid=a5m8tswiog0000001790850056988&qH=a5594894156db043&ov_redirect=true,2026-10-01
405,"POCO M7 Plus 5G (Carbon Black, 128 GB)",POCO,16999,,,4.2,"12,932",984,6 GB RAM,128 GB ROM,7000 mAh Battery,Snapdragon 6s Gen 3 5G Processor,17.53 cm (6.9 inch) Full HD+ Display,50MP AI Dual Camera | 8MP Front Camera,5G,https://www.flipkart.com/poco-m7-plus-5g-carbon-black-128-gb/p/itmb4301b9afe80c?pid=MOBHETX6NVUH8VPG&lid=LSTMOBHETX6NVUH8VPGCRWB18&marketplace=FLIPKART&q=smart+phones&store=tyy%2F4io&srno=s_17_405&otracker=search&fm=organic&iid=fe20b709-98f9-4d7e-8798-476f527082d3.MOBHETX6NVUH8VPG.SEARCH&ppt=None&ppn=None&ssid=a5m8tswiog0000001790850056988&qH=a5594894156db043&ov_redirect=true,2026-10-01
406,"POCO M7 Plus 5G (Carbon Black, 128 GB)",POCO,17999,,,4.2,"6,616",530,8 GB RAM,128 GB ROM,7000 mAh Battery,Snapdragon 6s Gen 3 5G Processor,17.53 cm (6.9 inch) Full HD+ Display,50MP AI Dual Camera | 8MP Front Camera,5G,https://www.flipkart.com/poco-m7-plus-5g-carbon-black-128-gb/p/itm39c366869cc19?pid=MOBHETX6YMAG9NTF&lid=LSTMOBHETX6YMAG9NTF5IHJPA&marketplace=FLIPKART&q=smart+phones&store=tyy%2F4io&srno=s_17_406&otracker=search&fm=organic&iid=fe20b709-98f9-4d7e-8798-476f527082d3.MOBHETX6YMAG9NTF.SEARCH&ppt=None&ppn=None&ssid=a5m8tswiog0000001790850056988&qH=a5594894156db043&ov_redirect=true,2026-10-01
407,"vivo T5x 5G (Flame Red, 128 GB)",vivo,30999,50999,39% off,4.4,"25,689","1,916",8 GB RAM,128 GB ROM,7200 mAh Li-ion Battery,Dimensity 7400-Turbo Processor,17.17 cm (6.76 inch) Display,50MP + 2MP | 32MP Front Camera,,https://www.flipkart.com/vivo-t5x-5g-flame-red-128-gb/p/itm7da8aa253e72b?pid=MOBHQC8ZUTJQHYZY&lid=LSTMOBHQC8ZUTJQHYZYFO0IO9&marketplace=FLIPKART&q=smart+phones&store=tyy%2F4io&srno=s_17_407&otracker=search&fm=organic&iid=fe20b709-98f9-4d7e-8798-476f527082d3.MOBHQC8ZUTJQHYZY.SEARCH&ppt=None&ppn=None&ssid=a5m8tswiog0000001790850056988&qH=a5594894156db043&ov_redirect=true,2026-10-01
408,"Samsung Galaxy F17 5G (Violet Pop, 128 GB)",Samsung,22914,30999,26% off,4.2,263,22,6 GB RAM,128 GB ROM,5000 mAh Battery,Exynos 1330 Processor,17.02 cm (6.7 inch) Full HD+ Display,50MP + 5MP | 13MP Front Camera,,https://www.flipkart.com/samsung-galaxy-f17-5g-violet-pop-128-gb/p/itmead495c48e859?pid=MOBHF6KMQQECNVHN&lid=LSTMOBHF6KMQQECNVHNSVFII7&marketplace=FLIPKART&q=smart+phones&store=tyy%2F4io&srno=s_17_408&otracker=search&fm=organic&iid=fe20b709-98f9-4d7e-8798-476f527082d3.MOBHF6KMQQECNVHN.SEARCH&ppt=None&ppn=None&ssid=a5m8tswiog0000001790850056988&qH=a5594894156db043&ov_redirect=true,2026-10-01
409,"vivo T5x 5G (Fusion Red, 128 GB)",vivo,30999,,,4.4,"25,689","1,916",8 GB RAM,128 GB ROM,7200 mAh Li-ion Battery,Dimensity 7400-Turbo Processor,17.17 cm (6.76 inch) Display,50MP + 2MP | 32MP Front Camera,,https://www.flipkart.com/vivo-t5x-5g-fusion-red-128-gb/p/itm7da8aa253e72b?pid=MOBHPGHCZVCYZUP7&lid=LSTMOBHPGHCZVCYZUP7VAIWGY&marketplace=FLIPKART&q=smart+phones&store=tyy%2F4io&srno=s_18_409&otracker=search&fm=organic&iid=f7536d94-16dd-4bff-9920-13343b7090a5.MOBHPGHCZVCYZUP7.SEARCH&ppt=None&ppn=None&ssid=6rg4s7h1xc0000001790850059786&qH=a5594894156db043&ov_redirect=true,2026-10-01
410,"POCO X8 5G (Frost White, 128 GB)",POCO,29999,64999,53% off,4.5,243,159,6 GB RAM,128 GB ROM,9000 mAh Lithium-Ion Polymer Battery,6s Gen 4 Processor,17.35 cm (6.83 inch) Full HD+ AMOLED Display,50MP + 2MP | 16MP Front Camera,,https://www.flipkart.com/poco-x8-5g-frost-white-128-gb/p/itm01d3476376a82?pid=MOBHQ6XZTDPHRKXP&lid=LSTMOBHQ6XZTDPHRKXPSRWOPR&marketplace=FLIPKART&q=smart+phones&store=tyy%2F4io&srno=s_18_410&otracker=search&fm=organic&iid=f7536d94-16dd-4bff-9920-13343b7090a5.MOBHQ6XZTDPHRKXP.SEARCH&ppt=None&ppn=None&ssid=6rg4s7h1xc0000001790850059786&qH=a5594894156db043&ov_redirect=true,2026-10-01
411,"Tecno Spark Go 3 (Titanium Grey, 64 GB)",Tecno,12499,15999,21% off,4.1,221,15,4 GB RAM,64 GB ROM,5000 mAh Lithium Polymer Battery,T7250 Processor,17.12 cm (6.74 inch) HD+ Display,13MP Rear Camera | 8MP Front Camera,,https://www.flipkart.com/tecno-spark-go-3-titanium-grey-64-gb/p/itma9c8f128a61c6?pid=MOBHP2QY7GH4XWWS&lid=LSTMOBHP2QY7GH4XWWSUZBT2N&marketplace=FLIPKART&q=smart+phones&store=tyy%2F4io&srno=s_18_411&otracker=search&fm=organic&iid=en_kl1rRb8nzE8ORPiVvkeCV8wVTw8GLcgkySTHpedh63211i8DQGHFYCloEfs3E-StvdhgVIDAS43502YR2UC6WzzVjjVgBxhvbGO4C2Nu8sA5yYz-qmFCCnn9MZkXCW_2&ppt=None&ppn=None&ssid=6rg4s7h1xc0000001790850059786&qH=a5594894156db043&ov_redirect=true,2026-10-01
412,"POCO M7 5G  - Locked with Airtel Prepaid (Mint Green, 128 GB)",POCO,12999,,,4.1,"77,568","4,384",6 GB RAM,128 GB ROM,5160 mAh Battery,4 Gen 2 5G Processor,17.48 cm (6.88 inch) HD+ Display,50MP Rear Camera | 8MP Front Camera,5G,https://www.flipkart.com/poco-m7-5g-locked-airtel-prepaid-mint-green-128-gb/p/itm50b89018505cc?pid=MOBH9HFJSWHHG6ZS&lid=LSTMOBH9HFJSWHHG6ZSHSSWAP&marketplace=FLIPKART&q=smart+phones&store=tyy%2F4io&srno=s_18_412&otracker=search&fm=organic&iid=f7536d94-16dd-4bff-9920-13343b7090a5.MOBH9HFJSWHHG6ZS.SEARCH&ppt=None&ppn=None&ssid=6rg4s7h1xc0000001790850059786&qH=a5594894156db043&ov_redirect=true,2026-10-01
413,"POCO M8 (Carbon Black, 128 GB)",POCO,24999,25999,3% off,4.3,"3,841",362,6 GB RAM,128 GB ROM,5520 mAh Battery,,17.2 cm (6.77 inch) Full HD+ Display,50MP Rear Camera | 20MP Front Camera,,https://www.flipkart.com/poco-m8-carbon-black-128-gb/p/itmfb341f67be0ed?pid=MOBHMGG55BR5SZCG&lid=LSTMOBHMGG55BR5SZCG3RRG5U&marketplace=FLIPKART&q=smart+phones&store=tyy%2F4io&srno=s_18_413&otracker=search&fm=organic&iid=f7536d94-16dd-4bff-9920-13343b7090a5.MOBHMGG55BR5SZCG.SEARCH&ppt=None&ppn=None&ssid=6rg4s7h1xc0000001790850059786&qH=a5594894156db043&ov_redirect=true,2026-10-01
414,"POCO F6 5G (Titanium, 512 GB)",POCO,33999,37999,10% off,4.3,"9,151",910,12 GB RAM,512 GB ROM,5000 mAh Battery,8s Gen3 Processor,16.94 cm (6.67 inch) Display,50MP (OIS) + 8MP | 20MP Front Camera,,https://www.flipkart.com/poco-f6-5g-titanium-512-gb/p/itm4a6db9b06c16b?pid=MOBHYUZGH9SWZZJE&lid=LSTMOBHYUZGH9SWZZJE6BXMW8&marketplace=FLIPKART&q=smart+phones&store=tyy%2F4io&srno=s_18_414&otracker=search&fm=organic&iid=f7536d94-16dd-4bff-9920-13343b7090a5.MOBHYUZGH9SWZZJE.SEARCH&ppt=None&ppn=None&ssid=6rg4s7h1xc0000001790850059786&qH=a5594894156db043&ov_redirect=true,2026-10-01
415,"Motorola G34 5G (Ice Blue, 128 GB)",Motorola,11999,13999,14% off,4.2,"49,260","3,565",4 GB RAM,128 GB ROM,5000 mAh Battery,Snapdragon 695 5G Processor,16.51 cm (6.5 inch) HD+ Display,50MP + 2MP | 16MP Front Camera,5G,https://www.flipkart.com/motorola-g34-5g-ice-blue-128-gb/p/itm0f6b45af1c0f0?pid=MOBGUFK4ZX2ZHMTQ&lid=LSTMOBGUFK4ZX2ZHMTQUCFTOJ&marketplace=FLIPKART&q=smart+phones&store=tyy%2F4io&srno=s_18_415&otracker=search&fm=organic&iid=f7536d94-16dd-4bff-9920-13343b7090a5.MOBGUFK4ZX2ZHMTQ.SEARCH&ppt=None&ppn=None&ssid=6rg4s7h1xc0000001790850059786&qH=a5594894156db043&ov_redirect=true,2026-10-01
416,"POCO M7 Plus 5G (Chrome Silver, 128 GB)",POCO,15999,,,3.7,"4,202",506,4 GB RAM,128 GB ROM,7000 mAh Battery,Snapdragon 6s Gen 3 5G Processor,17.53 cm (6.9 inch) Display,50MP Rear Camera,5G,https://www.flipkart.com/poco-m7-plus-5g-chrome-silver-128-gb/p/itmf5c94088d643c?pid=MOBHETX6MCAZJYY2&lid=LSTMOBHETX6MCAZJYY27IHGBX&marketplace=FLIPKART&q=smart+phones&store=tyy%2F4io&srno=s_18_416&otracker=search&fm=organic&iid=f7536d94-16dd-4bff-9920-13343b7090a5.MOBHETX6MCAZJYY2.SEARCH&ppt=None&ppn=None&ssid=6rg4s7h1xc0000001790850059786&qH=a5594894156db043&ov_redirect=true,2026-10-01
417,"POCO C85 5G (Spring Green, 128 GB)",POCO,19499,24999,22% off,4.3,182,12,8 GB RAM,128 GB ROM,6000 mAh Lithium-Ion Polymer Battery,Dimensity 6300 Processor,17.53 cm (6.9 inch) HD+ Display,50MP Rear Camera | 8MP Front Camera,,https://www.flipkart.com/poco-c85-5g-spring-green-128-gb/p/itm8eb0c84963d83?pid=MOBHMGG5CR7GHJHN&lid=LSTMOBHMGG5CR7GHJHNTRROVD&marketplace=FLIPKART&q=smart+phones&store=tyy%2F4io&srno=s_18_417&otracker=search&fm=organic&iid=f7536d94-16dd-4bff-9920-13343b7090a5.MOBHMGG5CR7GHJHN.SEARCH&ppt=None&ppn=None&ssid=6rg4s7h1xc0000001790850059786&qH=a5594894156db043&ov_redirect=true,2026-10-01
418,"POCO C75 5G (Silver Stardust, 128 GB)",POCO,11499,,,4.2,"1,49,586","7,645",4 GB RAM,128 GB ROM,5160 mAh Battery,4s Gen 2 5G Processor,17.48 cm (6.88 inch) HD+ Display,50MP Rear Camera | 5MP Front Camera,5G,https://www.flipkart.com/poco-c75-5g-silver-stardust-128-gb/p/itmbf9aead7ca613?pid=MOBHBC3WSG3RWZ2Q&lid=LSTMOBHBC3WSG3RWZ2QLUHLCI&marketplace=FLIPKART&q=smart+phones&store=tyy%2F4io&srno=s_18_418&otracker=search&fm=organic&iid=f7536d94-16dd-4bff-9920-13343b7090a5.MOBHBC3WSG3RWZ2Q.SEARCH&ppt=None&ppn=None&ssid=6rg4s7h1xc0000001790850059786&qH=a5594894156db043&ov_redirect=true,2026-10-01
419,"vivo T5 Pro 5G (Cosmic Black, 128 GB)",vivo,49999,,,,,,6 GB RAM,128 GB ROM,9020 mAh Battery,Snapdragon 7s Gen 4 Processor,17.35 cm (6.83 inch) Full HD+ AMOLED Display,50MP + 2MP | 32MP Front Camera,,https://www.flipkart.com/vivo-t5-pro-5g-cosmic-black-128-gb/p/itma21e2e09d4493?pid=MOBHR8KH4P6SDPTM&lid=LSTMOBHR8KH4P6SDPTMNQUFFH&marketplace=FLIPKART&q=smart+phones&store=tyy%2F4io&srno=s_18_419&otracker=search&fm=organic&iid=f7536d94-16dd-4bff-9920-13343b7090a5.MOBHR8KH4P6SDPTM.SEARCH&ppt=None&ppn=None&ssid=6rg4s7h1xc0000001790850059786&qH=a5594894156db043&ov_redirect=true,2026-10-01
420,"POCO M7 Plus 5G (Aqua Blue, 128 GB)",POCO,16999,,,4.2,"12,932",984,6 GB RAM,128 GB ROM,7000 mAh Battery,Snapdragon 6s Gen 3 5G Processor,17.53 cm (6.9 inch) Full HD+ Display,50MP AI Dual Camera | 8MP Front Camera,5G,https://www.flipkart.com/poco-m7-plus-5g-aqua-blue-128-gb/p/itm9f4512134d782?pid=MOBHETX66JPY5TR9&lid=LSTMOBHETX66JPY5TR9T7DFF4&marketplace=FLIPKART&q=smart+phones&store=tyy%2F4io&srno=s_18_420&otracker=search&fm=organic&iid=f7536d94-16dd-4bff-9920-13343b7090a5.MOBHETX66JPY5TR9.SEARCH&ppt=None&ppn=None&ssid=6rg4s7h1xc0000001790850059786&qH=a5594894156db043&ov_redirect=true,2026-10-01
421,"POCO M7 Plus 5G (Chrome Silver, 128 GB)",POCO,17999,,,4.2,"6,616",530,8 GB RAM,128 GB ROM,7000 mAh Battery,Snapdragon 6s Gen 3 5G Processor,17.53 cm (6.9 inch) Display,50MP AI Dual Camera,5G,https://www.flipkart.com/poco-m7-plus-5g-chrome-silver-128-gb/p/itm7074a66234a6d?pid=MOBHETX6NDXNUJGF&lid=LSTMOBHETX6NDXNUJGFQPHFB6&marketplace=FLIPKART&q=smart+phones&store=tyy%2F4io&srno=s_18_421&otracker=search&fm=organic&iid=f7536d94-16dd-4bff-9920-13343b7090a5.MOBHETX6NDXNUJGF.SEARCH&ppt=None&ppn=None&ssid=6rg4s7h1xc0000001790850059786&qH=a5594894156db043&ov_redirect=true,2026-10-01
422,"Motorola G34 5G (Charcoal Black, 128 GB)",Motorola,11999,13999,14% off,4.2,"49,260","3,565",4 GB RAM,128 GB ROM,5000 mAh Battery,Snapdragon 695 5G Processor,16.51 cm (6.5 inch) HD+ Display,50MP + 2MP | 16MP Front Camera,5G,https://www.flipkart.com/motorola-g34-5g-charcoal-black-128-gb/p/itm357c0dba433c3?pid=MOBGUFK494PA7H5Z&lid=LSTMOBGUFK494PA7H5ZDQOTLA&marketplace=FLIPKART&q=smart+phones&store=tyy%2F4io&srno=s_18_422&otracker=search&fm=organic&iid=f7536d94-16dd-4bff-9920-13343b7090a5.MOBGUFK494PA7H5Z.SEARCH&ppt=None&ppn=None&ssid=6rg4s7h1xc0000001790850059786&qH=a5594894156db043&ov_redirect=true,2026-10-01
423,"vivo T5 Pro 5G (Glacier Blue, 128 GB)",vivo,41999,55999,25% off,4.5,"9,954",963,8 GB RAM,128 GB ROM,9020 mAh Battery,Snapdragon 7s Gen 4 Processor,17.35 cm (6.83 inch) Full HD+ AMOLED Display,50MP + 2MP | 32MP Front Camera,,https://www.flipkart.com/vivo-t5-pro-5g-glacier-blue-128-gb/p/itma21e2e09d4493?pid=MOBHM4FZVHBWFRHM&lid=LSTMOBHM4FZVHBWFRHMUM8WSE&marketplace=FLIPKART&q=smart+phones&store=tyy%2F4io&srno=s_18_423&otracker=search&fm=organic&iid=f7536d94-16dd-4bff-9920-13343b7090a5.MOBHM4FZVHBWFRHM.SEARCH&ppt=None&ppn=None&ssid=6rg4s7h1xc0000001790850059786&qH=a5594894156db043&ov_redirect=true,2026-10-01
424,"Infinix SMART 20 (Polaris Titanium, 64 GB)",Infinix,13499,19999,32% off,3.9,295,34,4 GB RAM,64 GB ROM,5200 mAh Battery,Helio G81 Ultimate Processor,17.22 cm (6.78 inch) HD+ Display,8MP Rear Camera | 8MP Front Camera,,https://www.flipkart.com/infinix-smart-20-polaris-titanium-64-gb/p/itmf761cd49f9162?pid=MOBHNMEETYFWZNHQ&lid=LSTMOBHNMEETYFWZNHQVTGCIP&marketplace=FLIPKART&q=smart+phones&store=tyy%2F4io&srno=s_18_424&otracker=search&fm=organic&iid=f7536d94-16dd-4bff-9920-13343b7090a5.MOBHNMEETYFWZNHQ.SEARCH&ppt=None&ppn=None&ssid=6rg4s7h1xc0000001790850059786&qH=a5594894156db043&ov_redirect=true,2026-10-01
425,"realme C85 5G (Peacock Green, 128.0 GB)",realme,21999,24999,12% off,4.3,226,17,4 GB RAM,128.0 GB ROM,7000 mAh Battery,Dimensity 6300 Processor,17.27 cm (6.8 inch) HD+ Display,50MP Rear Camera | 8MP Front Camera,,https://www.flipkart.com/realme-c85-5g-peacock-green-128-0-gb/p/itm460d45ea3b896?pid=MOBHHY7VCDAH336F&lid=LSTMOBHHY7VCDAH336F2EFDNT&marketplace=FLIPKART&q=smart+phones&store=tyy%2F4io&srno=s_18_425&otracker=search&fm=organic&iid=f7536d94-16dd-4bff-9920-13343b7090a5.MOBHHY7VCDAH336F.SEARCH&ppt=None&ppn=None&ssid=6rg4s7h1xc0000001790850059786&qH=a5594894156db043&ov_redirect=true,2026-10-01
426,"OPPO K14x 5G 6500mAh and 45W SUPERVOOC Charger & AI (Prism Violet, 128 GB)",OPPO,24999,40999,39% off,4.4,"3,979",411,6 GB RAM,128 GB ROM,6500 mAh Battery,Dimensity 6300 Processor,17.14 cm (6.75 inch) HD+ Display,,,https://www.flipkart.com/oppo-k14x-5g-6500mah-45w-supervooc-charger-ai-prism-violet-128-gb/p/itmdcac5ae642971?pid=MOBHPHSHQF9SHK43&lid=LSTMOBHPHSHQF9SHK43VNTYD6&marketplace=FLIPKART&q=smart+phones&store=tyy%2F4io&srno=s_18_426&otracker=search&fm=organic&iid=f7536d94-16dd-4bff-9920-13343b7090a5.MOBHPHSHQF9SHK43.SEARCH&ppt=None&ppn=None&ssid=6rg4s7h1xc0000001790850059786&qH=a5594894156db043&ov_redirect=true,2026-10-01
427,"Motorola Edge 40 Neo (Black Beauty, 128 GB)",Motorola,27999,,,4.3,"57,630","6,027",8 GB RAM,128 GB ROM,5000 mAh Battery,Dimensity 7030 Processor,16.64 cm (6.55 inch) Full HD+ Display,50MP + 13MP | 32MP Front Camera,,https://www.flipkart.com/motorola-edge-40-neo-black-beauty-128-gb/p/itm01cc46d96a79f?pid=MOBGQFX6JGTWFSGD&lid=LSTMOBGQFX6JGTWFSGDTXTCZS&marketplace=FLIPKART&q=smart+phones&store=tyy%2F4io&srno=s_18_427&otracker=search&fm=organic&iid=f7536d94-16dd-4bff-9920-13343b7090a5.MOBGQFX6JGTWFSGD.SEARCH&ppt=None&ppn=None&ssid=6rg4s7h1xc0000001790850059786&qH=a5594894156db043&ov_redirect=true,2026-10-01
428,Vivo T4 Lite 5G (Prism Blue 2026) (8GB 256GB),Vivo,23999,31999,25% off,4.3,"22,591","1,359",8 GB RAM,256 GB ROM,6000 mAh Battery,Dimensity 6300 5G Processor,17.12 cm (6.74 inch) HD+ Display,50MP + 2MP | 5MP Front Camera,5G,https://www.flipkart.com/vivo-t4-lite-5g-prism-blue-2026-8gb-256gb/p/itm49fb53d099f3c?pid=MOBHNCRKUF76UJJB&lid=LSTMOBHNCRKUF76UJJBMMXCLV&marketplace=FLIPKART&q=smart+phones&store=tyy%2F4io&srno=s_18_428&otracker=search&fm=organic&iid=f7536d94-16dd-4bff-9920-13343b7090a5.MOBHNCRKUF76UJJB.SEARCH&ppt=None&ppn=None&ssid=6rg4s7h1xc0000001790850059786&qH=a5594894156db043&ov_redirect=true,2026-10-01
429,"Apple iPhone 15 (Green, 128 GB)",Apple,59900,,,4.6,"2,49,074","9,818",,,,"A16 Bionic Chip, 6 Core Processor Processor",15.49 cm (6.1 inch) Super Retina XDR Display,48MP + 12MP | 12MP Front Camera,,https://www.flipkart.com/apple-iphone-15-green-128-gb/p/itm235cd318bde73?pid=MOBGTAGPYYWZRUJX&lid=LSTMOBGTAGPYYWZRUJX8CTXDU&marketplace=FLIPKART&q=smart+phones&store=tyy%2F4io&srno=s_18_429&otracker=search&fm=organic&iid=f7536d94-16dd-4bff-9920-13343b7090a5.MOBGTAGPYYWZRUJX.SEARCH&ppt=None&ppn=None&ssid=6rg4s7h1xc0000001790850059786&qH=a5594894156db043&ov_redirect=true,2026-10-01
430,"Motorola e13 (Aurora Green, 128 GB)",Motorola,,,,4.1,"35,477","1,990",8 GB RAM,128 GB ROM,5000 mAh Battery,Unisoc T606 Processor,16.51 cm (6.5 inch) HD+ Display,13MP Rear Camera | 5MP Front Camera,,https://www.flipkart.com/motorola-e13-aurora-green-128-gb/p/itm87151a7bb1a4f?pid=MOBGQFX6HYNXCYGX&q=smart+phones&store=tyy%2F4io&srno=s_18_430&otracker=search&fm=organic&iid=f7536d94-16dd-4bff-9920-13343b7090a5.MOBGQFX6HYNXCYGX.SEARCH&ppt=None&ppn=None&ssid=6rg4s7h1xc0000001790850059786&qH=a5594894156db043&ov_redirect=true,2026-10-01
431,"Infinix SMART 20 (Shadow Black, 64 GB)",Infinix,13499,19999,32% off,3.9,295,34,4 GB RAM,64 GB ROM,5200 mAh Battery,Helio G81 Ultimate Processor,17.22 cm (6.78 inch) HD+ Display,8MP Rear Camera | 8MP Front Camera,,https://www.flipkart.com/infinix-smart-20-shadow-black-64-gb/p/itmf761cd49f9162?pid=MOBHNMEEJVRS9GJG&lid=LSTMOBHNMEEJVRS9GJG6RX37Q&marketplace=FLIPKART&q=smart+phones&store=tyy%2F4io&srno=s_18_431&otracker=search&fm=organic&iid=f7536d94-16dd-4bff-9920-13343b7090a5.MOBHNMEEJVRS9GJG.SEARCH&ppt=None&ppn=None&ssid=6rg4s7h1xc0000001790850059786&qH=a5594894156db043&ov_redirect=true,2026-10-01
432,"Infinix SMART 8 HD (Timber Black, 64 GB)",Infinix,6999,8999,22% off,4.3,"1,624",64,4 GB RAM,64 GB ROM,5000 mAh Battery,T606 Processor,16.76 cm (6.6 inch) HD+ Display,13MP + AI Lens | 8MP Front Camera,,https://www.flipkart.com/infinix-smart-8-hd-timber-black-64-gb/p/itm709d885ba6ac1?pid=MOBHY9R9BAHDVRVP&lid=LSTMOBHY9R9BAHDVRVPZJMQH6&marketplace=FLIPKART&q=smart+phones&store=tyy%2F4io&srno=s_18_432&otracker=search&fm=organic&iid=f7536d94-16dd-4bff-9920-13343b7090a5.MOBHY9R9BAHDVRVP.SEARCH&ppt=None&ppn=None&ssid=6rg4s7h1xc0000001790850059786&qH=a5594894156db043&ov_redirect=true,2026-10-01
433,"POCO M6 5G (Polaris Green, 64 GB)",POCO,11899,11999,,4.1,"1,40,115","7,196",4 GB RAM,64 GB ROM,5000 mAh Battery,Mediatek Dimensity 6100+ Processor,17.12 cm (6.74 inch) HD+ Display,50MP Rear Camera | 5MP Front Camera,,https://www.flipkart.com/poco-m6-5g-polaris-green-64-gb/p/itm59919781c6f8e?pid=MOBH92ADXHPMEMDK&lid=LSTMOBH92ADXHPMEMDKDA63SU&marketplace=FLIPKART&q=smart+phones&store=tyy%2F4io&srno=s_19_433&otracker=search&fm=organic&iid=7ab75a5f-1ce2-47cc-a0dc-7298c0d42f01.MOBH92ADXHPMEMDK.SEARCH&ppt=None&ppn=None&ssid=gkvojuj6sg0000001790850062610&qH=a5594894156db043&ov_redirect=true,2026-10-01
434,"MOTOROLA g37 power (PANTONE Impenetrable, 64 GB)",MOTOROLA,17999,26499,32% off,4.2,"9,456",851,4 GB RAM,64 GB ROM,7000 mAh Battery,Dimensity 6400 Processor,16.92 cm (6.66 inch) HD+ Display,50MP Rear Camera | 8MP Front Camera,,https://www.flipkart.com/motorola-g37-power-pantone-impenetrable-64-gb/p/itm81d7e4cd8df99?pid=MOBHMHG6CCNS5UWR&lid=LSTMOBHMHG6CCNS5UWRI3ZOW4&marketplace=FLIPKART&q=smart+phones&store=tyy%2F4io&srno=s_19_434&otracker=search&fm=organic&iid=7ab75a5f-1ce2-47cc-a0dc-7298c0d42f01.MOBHMHG6CCNS5UWR.SEARCH&ppt=None&ppn=None&ssid=gkvojuj6sg0000001790850062610&qH=a5594894156db043&ov_redirect=true,2026-10-01
435,"Mivi One 5G (Pink, 128 GB)",Mivi,16499,25999,36% off,,,,8 GB RAM,128 GB ROM,6000 mAh Lithium Polymer Battery,Snapdragon 4 Gen 2 Processor,17.14 cm (6.75 inch) HD+ Display,50MP Rear Camera | 8MP Front Camera,,https://www.flipkart.com/mivi-one-5g-pink-128-gb/p/itm423c37f3b9dbc?pid=MOBHR3ZPV9NEHPY6&lid=LSTMOBHR3ZPV9NEHPY6KPF359&marketplace=FLIPKART&q=smart+phones&store=tyy%2F4io&srno=s_19_435&otracker=search&fm=organic&iid=7ab75a5f-1ce2-47cc-a0dc-7298c0d42f01.MOBHR3ZPV9NEHPY6.SEARCH&ppt=None&ppn=None&ssid=gkvojuj6sg0000001790850062610&qH=a5594894156db043&ov_redirect=true,2026-10-01
436,"vivo T5x 5G (Flame Red, 128 GB)",vivo,27999,45999,39% off,4.4,"22,241","1,516",6 GB RAM,128 GB ROM,7200 mAh Li-ion Battery,Dimensity 7400-Turbo Processor,17.17 cm (6.76 inch) Display,50MP + 2MP | 32MP Front Camera,,https://www.flipkart.com/vivo-t5x-5g-flame-red-128-gb/p/itm7da8aa253e72b?pid=MOBHQC8ZE5PQMZPH&lid=LSTMOBHQC8ZE5PQMZPHIGGQB1&marketplace=FLIPKART&q=smart+phones&store=tyy%2F4io&srno=s_19_436&otracker=search&fm=organic&iid=7ab75a5f-1ce2-47cc-a0dc-7298c0d42f01.MOBHQC8ZE5PQMZPH.SEARCH&ppt=None&ppn=None&ssid=gkvojuj6sg0000001790850062610&qH=a5594894156db043&ov_redirect=true,2026-10-01
437,"Tecno Spark Go 3 (Titanium Grey, 64 GB)",Tecno,12499,15999,21% off,4.1,221,15,4 GB RAM,64 GB ROM,5000 mAh Lithium Polymer Battery,T7250 Processor,17.12 cm (6.74 inch) HD+ Display,13MP Rear Camera | 8MP Front Camera,,https://www.flipkart.com/tecno-spark-go-3-titanium-grey-64-gb/p/itma9c8f128a61c6?pid=MOBHP2QY7GH4XWWS&lid=LSTMOBHP2QY7GH4XWWSUZBT2N&marketplace=FLIPKART&q=smart+phones&store=tyy%2F4io&srno=s_19_437&otracker=search&fm=organic&iid=en_Pd1aRqqByeRL_O_jRBHCYV4ugw-Z6NFB7MrcLMYEe_WzanNvVdm21s5MOXmhi3bPvdhgVIDAS43502YR2UC6WzzVjjVgBxhvbGO4C2Nu8sBlT1Gc86357mf1uZtHyRoH&ppt=None&ppn=None&ssid=gkvojuj6sg0000001790850062610&qH=a5594894156db043&ov_redirect=true,2026-10-01
438,"Tecno Spark Go 3 (Ink Black, 64 GB)",Tecno,12499,15999,21% off,4.1,221,15,4 GB RAM,64 GB ROM,5000 mAh Lithium Polymer Battery,T7250 Processor,17.12 cm (6.74 inch) HD+ Display,13MP Rear Camera | 8MP Front Camera,,https://www.flipkart.com/tecno-spark-go-3-ink-black-64-gb/p/itma9c8f128a61c6?pid=MOBHP2QYCXZZE3CM&lid=LSTMOBHP2QYCXZZE3CMWW64IB&marketplace=FLIPKART&q=smart+phones&store=tyy%2F4io&srno=s_19_438&otracker=search&fm=organic&iid=en_Pd1aRqqByeRL_O_jRBHCYV4ugw-Z6NFB7MrcLMYEe_VFz5XfKuOHpWQqaLw0-R0VXSTZgtzvjftyjvmwmzsaRgiCj5dWzPgr1ZNpuYyjSmhlT1Gc86357mf1uZtHyRoH&ppt=None&ppn=None&ssid=gkvojuj6sg0000001790850062610&qH=a5594894156db043&ov_redirect=true,2026-10-01
439,"Nothing Phone (4a) Pro (Black, 128 GB)",Nothing,49999,,,4.5,"3,071",403,8 GB RAM,128 GB ROM,5400 mAh Lithium ion Battery,Snapdragon 7 Gen 4 Processor,17.35 cm (6.83 inch) Full HD+ AMOLED Display,50MP + 50MP + 8MP | 32MP Front Camera,,https://www.flipkart.com/nothing-phone-4a-pro-black-128-gb/p/itm4d004931f8d69?pid=MOBHM2ZUUYUNJD6M&lid=LSTMOBHM2ZUUYUNJD6M5AZDHB&marketplace=FLIPKART&q=smart+phones&store=tyy%2F4io&srno=s_19_439&otracker=search&fm=organic&iid=7ab75a5f-1ce2-47cc-a0dc-7298c0d42f01.MOBHM2ZUUYUNJD6M.SEARCH&ppt=None&ppn=None&ssid=gkvojuj6sg0000001790850062610&qH=a5594894156db043&ov_redirect=true,2026-10-01
440,"Infinix Hot 60 5G+ (Caramel Glow, 128 GB)",Infinix,17999,,,4.2,"3,698",313,6 GB RAM,128 GB ROM,5200 mAh Battery,Dimensity 7020 Processor,17.02 cm (6.7 inch) HD+ Display,50MP Rear Camera | 8MP Front Camera,,https://www.flipkart.com/infinix-hot-60-5g-caramel-glow-128-gb/p/itm2154889174b3a?pid=MOBHDMJZ5ZHEGK9G&lid=LSTMOBHDMJZ5ZHEGK9GSQSKG0&marketplace=FLIPKART&q=smart+phones&store=tyy%2F4io&srno=s_19_440&otracker=search&fm=organic&iid=7ab75a5f-1ce2-47cc-a0dc-7298c0d42f01.MOBHDMJZ5ZHEGK9G.SEARCH&ppt=None&ppn=None&ssid=gkvojuj6sg0000001790850062610&qH=a5594894156db043&ov_redirect=true,2026-10-01
441,"vivo T5 Pro 5G (Cosmic Black, 128 GB)",vivo,41999,55999,25% off,4.5,"9,954",963,8 GB RAM,128 GB ROM,9020 mAh Battery,Snapdragon 7s Gen 4 Processor,17.35 cm (6.83 inch) Full HD+ AMOLED Display,50MP + 2MP | 32MP Front Camera,,https://www.flipkart.com/vivo-t5-pro-5g-cosmic-black-128-gb/p/itma21e2e09d4493?pid=MOBHM4FZPA8A7KVS&lid=LSTMOBHM4FZPA8A7KVSB3VDWD&marketplace=FLIPKART&q=smart+phones&store=tyy%2F4io&srno=s_19_441&otracker=search&fm=organic&iid=7ab75a5f-1ce2-47cc-a0dc-7298c0d42f01.MOBHM4FZPA8A7KVS.SEARCH&ppt=None&ppn=None&ssid=gkvojuj6sg0000001790850062610&qH=a5594894156db043&ov_redirect=true,2026-10-01
442,"realme C61 (Safari Green, 128 GB)",realme,8199,10999,25% off,4.3,"17,961",749,6 GB RAM,128 GB ROM,5000 mAh Battery,T612 Processor,17.13 cm (6.745 inch) HD+ Display,32MP Rear Camera | 5MP Front Camera,,https://www.flipkart.com/realme-c61-safari-green-128-gb/p/itmd6ddbcefce040?pid=MOBHFRKRAVXUKDGX&lid=LSTMOBHFRKRAVXUKDGX3LF6Z6&marketplace=FLIPKART&q=smart+phones&store=tyy%2F4io&srno=s_19_442&otracker=search&fm=organic&iid=7ab75a5f-1ce2-47cc-a0dc-7298c0d42f01.MOBHFRKRAVXUKDGX.SEARCH&ppt=None&ppn=None&ssid=gkvojuj6sg0000001790850062610&qH=a5594894156db043&ov_redirect=true,2026-10-01
443,"POCO M7 5G  - Locked with Airtel Prepaid (Satin Black, 128 GB)",POCO,12999,,,4.1,"77,568","4,384",6 GB RAM,128 GB ROM,5160 mAh Battery,4 Gen 2 5G Processor,17.48 cm (6.88 inch) HD+ Display,50MP Rear Camera | 8MP Front Camera,5G,https://www.flipkart.com/poco-m7-5g-locked-airtel-prepaid-satin-black-128-gb/p/itma98bb9c85c53b?pid=MOBH9HFJQWGBTEY3&lid=LSTMOBH9HFJQWGBTEY3V7HLRS&marketplace=FLIPKART&q=smart+phones&store=tyy%2F4io&srno=s_19_443&otracker=search&fm=organic&iid=7ab75a5f-1ce2-47cc-a0dc-7298c0d42f01.MOBH9HFJQWGBTEY3.SEARCH&ppt=None&ppn=None&ssid=gkvojuj6sg0000001790850062610&qH=a5594894156db043&ov_redirect=true,2026-10-01
444,"Mivi One 5G (Blue, 128 GB)",Mivi,14999,23999,37% off,,,,6 GB RAM,128 GB ROM,6000 mAh Lithium Polymer Battery,Snapdragon 4 Gen 2 Processor,17.14 cm (6.75 inch) HD+ Display,50MP Rear Camera | 8MP Front Camera,,https://www.flipkart.com/mivi-one-5g-blue-128-gb/p/itmf8ca925311b44?pid=MOBHR3ZPMHTUSWKH&lid=LSTMOBHR3ZPMHTUSWKHMITZP2&marketplace=FLIPKART&q=smart+phones&store=tyy%2F4io&srno=s_19_444&otracker=search&fm=organic&iid=7ab75a5f-1ce2-47cc-a0dc-7298c0d42f01.MOBHR3ZPMHTUSWKH.SEARCH&ppt=None&ppn=None&ssid=gkvojuj6sg0000001790850062610&qH=a5594894156db043&ov_redirect=true,2026-10-01
445,"POCO X8 5G (Frost White, 256 GB)",POCO,35999,74999,52% off,4.2,49,12,8 GB RAM,256 GB ROM,9000 mAh Lithium-Ion Polymer Battery,6s Gen 4 Processor,17.35 cm (6.83 inch) Full HD+ AMOLED Display,50MP + 2MP | 16MP Front Camera,,https://www.flipkart.com/poco-x8-5g-frost-white-256-gb/p/itm0e8677ca357ef?pid=MOBHQ6XZHFHPPAJW&lid=LSTMOBHQ6XZHFHPPAJW6BRX1M&marketplace=FLIPKART&q=smart+phones&store=tyy%2F4io&srno=s_19_445&otracker=search&fm=organic&iid=7ab75a5f-1ce2-47cc-a0dc-7298c0d42f01.MOBHQ6XZHFHPPAJW.SEARCH&ppt=None&ppn=None&ssid=gkvojuj6sg0000001790850062610&qH=a5594894156db043&ov_redirect=true,2026-10-01
446,"POCO C75 5G (Aqua Bliss, 64 GB)",POCO,10999,,,4.2,"1,49,586","7,645",4 GB RAM,64 GB ROM,5160 mAh Battery,4s Gen 2 5G Processor,17.48 cm (6.88 inch) HD+ Display,50MP Rear Camera | 5MP Front Camera,5G,https://www.flipkart.com/poco-c75-5g-aqua-bliss-64-gb/p/itm10b3f6f1bc616?pid=MOBH7443MMBCWPPG&lid=LSTMOBH7443MMBCWPPGVOR2LC&marketplace=FLIPKART&q=smart+phones&store=tyy%2F4io&srno=s_19_446&otracker=search&fm=organic&iid=7ab75a5f-1ce2-47cc-a0dc-7298c0d42f01.MOBH7443MMBCWPPG.SEARCH&ppt=None&ppn=None&ssid=gkvojuj6sg0000001790850062610&qH=a5594894156db043&ov_redirect=true,2026-10-01
447,"Mivi One 5G (Blue, 128 GB)",Mivi,16499,25999,36% off,,,,8 GB RAM,128 GB ROM,6000 mAh Lithium Polymer Battery,Snapdragon 4 Gen 2 Processor,17.14 cm (6.75 inch) HD+ Display,50MP Rear Camera | 8MP Front Camera,,https://www.flipkart.com/mivi-one-5g-blue-128-gb/p/itm5404cb9543117?pid=MOBHR3ZP7MM9FWD3&lid=LSTMOBHR3ZP7MM9FWD3RFK15L&marketplace=FLIPKART&q=smart+phones&store=tyy%2F4io&srno=s_19_447&otracker=search&fm=organic&iid=7ab75a5f-1ce2-47cc-a0dc-7298c0d42f01.MOBHR3ZP7MM9FWD3.SEARCH&ppt=None&ppn=None&ssid=gkvojuj6sg0000001790850062610&qH=a5594894156db043&ov_redirect=true,2026-10-01
448,"vivo T5x 5G (Fusion Red, 256 GB)",vivo,33999,,,4.4,"25,689","1,916",8 GB RAM,256 GB ROM,7200 mAh Li-ion Battery,Dimensity 7400-Turbo Processor,17.17 cm (6.76 inch) Display,50MP + 2MP | 32MP Front Camera,,https://www.flipkart.com/vivo-t5x-5g-fusion-red-256-gb/p/itm7da8aa253e72b?pid=MOBHPJHC9CYXWCGF&lid=LSTMOBHPJHC9CYXWCGFMYXJJA&marketplace=FLIPKART&q=smart+phones&store=tyy%2F4io&srno=s_19_448&otracker=search&fm=organic&iid=7ab75a5f-1ce2-47cc-a0dc-7298c0d42f01.MOBHPJHC9CYXWCGF.SEARCH&ppt=None&ppn=None&ssid=gkvojuj6sg0000001790850062610&qH=a5594894156db043&ov_redirect=true,2026-10-01
449,"realme P4 5G (Steel Grey, 256 GB)",realme,32999,50999,35% off,4.4,"23,542","1,988",8 GB RAM,256 GB ROM,7000 mAh Battery,Mediatek Dimensity 7400 Processor,17.2 cm (6.77 inch) Display,50MP + 8MP | 16MP Front Camera,,https://www.flipkart.com/realme-p4-5g-steel-grey-256-gb/p/itmf836e6de035a5?pid=MOBHN7A8DRHCGTSU&lid=LSTMOBHN7A8DRHCGTSUBSMBDL&marketplace=FLIPKART&q=smart+phones&store=tyy%2F4io&srno=s_19_449&otracker=search&fm=organic&iid=7ab75a5f-1ce2-47cc-a0dc-7298c0d42f01.MOBHN7A8DRHCGTSU.SEARCH&ppt=None&ppn=None&ssid=gkvojuj6sg0000001790850062610&qH=a5594894156db043&ov_redirect=true,2026-10-01
450,"Mivi One 5G (Pink, 128 GB)",Mivi,14999,23999,37% off,,,,6 GB RAM,128 GB ROM,6000 mAh Lithium Polymer Battery,Snapdragon 4 Gen 2 Processor,17.14 cm (6.75 inch) HD+ Display,50MP Rear Camera | 8MP Front Camera,,https://www.flipkart.com/mivi-one-5g-pink-128-gb/p/itme631c323a746b?pid=MOBHR3ZPQD4GVG8R&lid=LSTMOBHR3ZPQD4GVG8RDTGEPK&marketplace=FLIPKART&q=smart+phones&store=tyy%2F4io&srno=s_19_450&otracker=search&fm=organic&iid=7ab75a5f-1ce2-47cc-a0dc-7298c0d42f01.MOBHR3ZPQD4GVG8R.SEARCH&ppt=None&ppn=None&ssid=gkvojuj6sg0000001790850062610&qH=a5594894156db043&ov_redirect=true,2026-10-01
451,"MOTOROLA g max (PANTONE Stargazer, 128 GB)",MOTOROLA,25999,42999,39% off,,,,4 GB RAM,128 GB ROM,7000 mAh Battery,Snapdragon 6s Gen 4 Processor,17.07 cm (6.72 inch) Full HD+ Display,50MP + 8MP | 32MP Front Camera,,https://www.flipkart.com/motorola-g-max-pantone-stargazer-128-gb/p/itm5158b790a1d87?pid=MOBHPR97ZZEGJFHD&lid=LSTMOBHPR97ZZEGJFHDSPBYWZ&marketplace=FLIPKART&q=smart+phones&store=tyy%2F4io&srno=s_19_451&otracker=search&fm=organic&iid=7ab75a5f-1ce2-47cc-a0dc-7298c0d42f01.MOBHPR97ZZEGJFHD.SEARCH&ppt=None&ppn=None&ssid=gkvojuj6sg0000001790850062610&qH=a5594894156db043&ov_redirect=true,2026-10-01
452,"Infinix SMART 8 HD (Crystal Green, 64 GB)",Infinix,6999,8999,22% off,4.3,"1,624",64,4 GB RAM,64 GB ROM,5000 mAh Battery,T606 Processor,16.76 cm (6.6 inch) HD+ Display,13MP + AI Lens | 8MP Front Camera,,https://www.flipkart.com/infinix-smart-8-hd-crystal-green-64-gb/p/itm709d885ba6ac1?pid=MOBHY9R9QYTYJZ92&lid=LSTMOBHY9R9QYTYJZ92ZKPAKS&marketplace=FLIPKART&q=smart+phones&store=tyy%2F4io&srno=s_19_452&otracker=search&fm=organic&iid=7ab75a5f-1ce2-47cc-a0dc-7298c0d42f01.MOBHY9R9QYTYJZ92.SEARCH&ppt=None&ppn=None&ssid=gkvojuj6sg0000001790850062610&qH=a5594894156db043&ov_redirect=true,2026-10-01
453,"Infinix SMART 8 HD (Galaxy White, 64 GB)",Infinix,6999,8999,22% off,4.3,"1,624",64,4 GB RAM,64 GB ROM,5000 mAh Battery,T606 Processor,16.76 cm (6.6 inch) HD+ Display,13MP + AI Lens | 8MP Front Camera,,https://www.flipkart.com/infinix-smart-8-hd-galaxy-white-64-gb/p/itm709d885ba6ac1?pid=MOBHY9R9D4CF95S2&lid=LSTMOBHY9R9D4CF95S2BZ8I7X&marketplace=FLIPKART&q=smart+phones&store=tyy%2F4io&srno=s_19_453&otracker=search&fm=organic&iid=7ab75a5f-1ce2-47cc-a0dc-7298c0d42f01.MOBHY9R9D4CF95S2.SEARCH&ppt=None&ppn=None&ssid=gkvojuj6sg0000001790850062610&qH=a5594894156db043&ov_redirect=true,2026-10-01
454,"POCO C75 5G (Silver Stardust, 128 GB)",POCO,11499,,,4.2,"1,49,586","7,645",4 GB RAM,128 GB ROM,5160 mAh Battery,4s Gen 2 5G Processor,17.48 cm (6.88 inch) HD+ Display,50MP Rear Camera | 5MP Front Camera,5G,https://www.flipkart.com/poco-c75-5g-silver-stardust-128-gb/p/itmbf9aead7ca613?pid=MOBHBC3WSG3RWZ2Q&lid=LSTMOBHBC3WSG3RWZ2QLUHLCI&marketplace=FLIPKART&q=smart+phones&store=tyy%2F4io&srno=s_19_454&otracker=search&fm=organic&iid=7ab75a5f-1ce2-47cc-a0dc-7298c0d42f01.MOBHBC3WSG3RWZ2Q.SEARCH&ppt=None&ppn=None&ssid=gkvojuj6sg0000001790850062610&qH=a5594894156db043&ov_redirect=true,2026-10-01
455,"vivo T5 Pro 5G (Glacier Blue, 256 GB)",vivo,46999,61999,24% off,4.5,"9,954",963,8 GB RAM,256 GB ROM,9020 mAh Battery,Snapdragon 7s Gen 4 Processor,17.35 cm (6.83 inch) Full HD+ AMOLED Display,50MP + 2MP | 32MP Front Camera,,https://www.flipkart.com/vivo-t5-pro-5g-glacier-blue-256-gb/p/itma21e2e09d4493?pid=MOBHM4FZHYYZW8YZ&lid=LSTMOBHM4FZHYYZW8YZSNWZNF&marketplace=FLIPKART&q=smart+phones&store=tyy%2F4io&srno=s_19_455&otracker=search&fm=organic&iid=7ab75a5f-1ce2-47cc-a0dc-7298c0d42f01.MOBHM4FZHYYZW8YZ.SEARCH&ppt=None&ppn=None&ssid=gkvojuj6sg0000001790850062610&qH=a5594894156db043&ov_redirect=true,2026-10-01
456,"vivo T5e (Aero Blue, 64 GB)",vivo,13999,26999,48% off,3.8,142,7,4 GB RAM,64 GB ROM,5500 mAh Li-ion Battery,T7225 Processor,17.12 cm (6.74 inch) HD Display,8MP Rear Camera | 5MP Front Camera,,https://www.flipkart.com/vivo-t5e-aero-blue-64-gb/p/itm180ca0a991a2b?pid=MOBHPBM67EEYTAQD&lid=LSTMOBHPBM67EEYTAQD8VNTK9&marketplace=FLIPKART&q=smart+phones&store=tyy%2F4io&srno=s_19_456&otracker=search&fm=organic&iid=7ab75a5f-1ce2-47cc-a0dc-7298c0d42f01.MOBHPBM67EEYTAQD.SEARCH&ppt=None&ppn=None&ssid=gkvojuj6sg0000001790850062610&qH=a5594894156db043&ov_redirect=true,2026-10-01
457,"Tecno Spark Go 3 (Titanium Grey, 64 GB)",Tecno,12499,15999,21% off,4.1,221,15,4 GB RAM,64 GB ROM,5000 mAh Lithium Polymer Battery,T7250 Processor,17.12 cm (6.74 inch) HD+ Display,13MP Rear Camera | 8MP Front Camera,,https://www.flipkart.com/tecno-spark-go-3-titanium-grey-64-gb/p/itma9c8f128a61c6?pid=MOBHP2QY7GH4XWWS&lid=LSTMOBHP2QY7GH4XWWSUZBT2N&marketplace=FLIPKART&q=smart+phones&store=tyy%2F4io&srno=s_20_457&otracker=search&fm=organic&iid=en_znzFZFqDMYESjlI1LHexarH-GrxbM3NcSugm78SKufDqVBxzSy3qzhgS02tFW91jvdhgVIDAS43502YR2UC6WzzVjjVgBxhvbGO4C2Nu8sBdWqgzpCY9srvlIGkdttUh&ppt=None&ppn=None&ssid=ki2b9qc6bk0000001790850065283&qH=a5594894156db043&ov_redirect=true,2026-10-01
458,"Apple iPhone 16 (Teal, 128 GB)",Apple,69900,,,4.6,"1,99,326","8,623",,,,"A18 Chip, 6 Core Processor Processor",15.49 cm (6.1 inch) Super Retina XDR Display,48MP + 12MP | 12MP Front Camera,,https://www.flipkart.com/apple-iphone-16-teal-128-gb/p/itmce4bb3f55cc2f?pid=MOBH4DQFSY9ETDUU&lid=LSTMOBH4DQFSY9ETDUU6JV9DJ&marketplace=FLIPKART&q=smart+phones&store=tyy%2F4io&srno=s_20_458&otracker=search&fm=organic&iid=7021ce70-9c8b-4180-ae83-649e4c96e33b.MOBH4DQFSY9ETDUU.SEARCH&ppt=None&ppn=None&ssid=ki2b9qc6bk0000001790850065283&qH=a5594894156db043&ov_redirect=true,2026-10-01
459,"vivo T5e (Aero Blue, 64 GB)",vivo,13999,26999,48% off,3.8,142,7,4 GB RAM,64 GB ROM,5500 mAh Li-ion Battery,T7225 Processor,17.12 cm (6.74 inch) HD Display,8MP Rear Camera | 5MP Front Camera,,https://www.flipkart.com/vivo-t5e-aero-blue-64-gb/p/itm180ca0a991a2b?pid=MOBHPBM67EEYTAQD&lid=LSTMOBHPBM67EEYTAQD8VNTK9&marketplace=FLIPKART&q=smart+phones&store=tyy%2F4io&srno=s_20_459&otracker=search&fm=organic&iid=7021ce70-9c8b-4180-ae83-649e4c96e33b.MOBHPBM67EEYTAQD.SEARCH&ppt=None&ppn=None&ssid=ki2b9qc6bk0000001790850065283&qH=a5594894156db043&ov_redirect=true,2026-10-01
460,"POCO M7 Plus 5G (Chrome Silver, 128 GB)",POCO,16999,,,4.2,"12,932",984,6 GB RAM,128 GB ROM,7000 mAh Battery,Snapdragon 6s Gen 3 5G Processor,17.53 cm (6.9 inch) Full HD+ Display,50MP AI Dual Camera | 8MP Front Camera,5G,https://www.flipkart.com/poco-m7-plus-5g-chrome-silver-128-gb/p/itm2fbc82f08965c?pid=MOBHETX6TDHCH3VV&lid=LSTMOBHETX6TDHCH3VVSGACMS&marketplace=FLIPKART&q=smart+phones&store=tyy%2F4io&srno=s_20_460&otracker=search&fm=organic&iid=7021ce70-9c8b-4180-ae83-649e4c96e33b.MOBHETX6TDHCH3VV.SEARCH&ppt=None&ppn=None&ssid=ki2b9qc6bk0000001790850065283&qH=a5594894156db043&ov_redirect=true,2026-10-01
461,"POCO X8 5G (Black, 256 GB)",POCO,35999,74999,52% off,4.2,49,12,8 GB RAM,256 GB ROM,9000 mAh Lithium-Ion Polymer Battery,6s Gen 4 Processor,17.35 cm (6.83 inch) Full HD+ AMOLED Display,50MP + 2MP | 16MP Front Camera,,https://www.flipkart.com/poco-x8-5g-black-256-gb/p/itm54d793f4001d7?pid=MOBHQ6XZZZYYKNP7&lid=LSTMOBHQ6XZZZYYKNP7MK7GY1&marketplace=FLIPKART&q=smart+phones&store=tyy%2F4io&srno=s_20_461&otracker=search&fm=organic&iid=7021ce70-9c8b-4180-ae83-649e4c96e33b.MOBHQ6XZZZYYKNP7.SEARCH&ppt=None&ppn=None&ssid=ki2b9qc6bk0000001790850065283&qH=a5594894156db043&ov_redirect=true,2026-10-01
462,"POCO X8 5G (Frost White, 128 GB)",POCO,32999,69999,52% off,4.2,49,12,8 GB RAM,128 GB ROM,9000 mAh Lithium-Ion Polymer Battery,6s Gen 4 Processor,17.35 cm (6.83 inch) Full HD+ AMOLED Display,50MP + 2MP | 16MP Front Camera,,https://www.flipkart.com/poco-x8-5g-frost-white-128-gb/p/itmd491ea2c673ee?pid=MOBHQ6XZTQ4TSZBF&lid=LSTMOBHQ6XZTQ4TSZBFWHXNSH&marketplace=FLIPKART&q=smart+phones&store=tyy%2F4io&srno=s_20_462&otracker=search&fm=organic&iid=7021ce70-9c8b-4180-ae83-649e4c96e33b.MOBHQ6XZTQ4TSZBF.SEARCH&ppt=None&ppn=None&ssid=ki2b9qc6bk0000001790850065283&qH=a5594894156db043&ov_redirect=true,2026-10-01
463,"Nothing Phone (4a) (Blue, 256 GB)",Nothing,49999,62999,20% off,4.5,"6,723",728,8 GB RAM,256 GB ROM,5400 mAh Lithium ion Battery,Snapdragon 7s Gen 4 Processor,17.22 cm (6.78 inch) Full HD+ AMOLED Display,50MP + 50MP + 8MP | 32MP Front Camera,,https://www.flipkart.com/nothing-phone-4a-blue-256-gb/p/itm4d8bff10483ce?pid=MOBHZAWYWRAW9YGT&lid=LSTMOBHZAWYWRAW9YGTF7GFDT&marketplace=FLIPKART&q=smart+phones&store=tyy%2F4io&srno=s_20_463&otracker=search&fm=organic&iid=7021ce70-9c8b-4180-ae83-649e4c96e33b.MOBHZAWYWRAW9YGT.SEARCH&ppt=None&ppn=None&ssid=ki2b9qc6bk0000001790850065283&qH=a5594894156db043&ov_redirect=true,2026-10-01
464,"Samsung Galaxy F56 5G (Violet, 128 GB)",Samsung,29999,30999,3% off,4.4,708,71,8 GB RAM,128 GB ROM,5000 mAh Battery,Exynos 1480 Processor,17.02 cm (6.7 inch) Full HD+ Display,50MP + 8MP + 2MP | 12MP Front Camera,,https://www.flipkart.com/samsung-galaxy-f56-5g-violet-128-gb/p/itma994c3345a940?pid=MOBHBWF37SBKPVBT&lid=LSTMOBHBWF37SBKPVBTHGXOFV&marketplace=FLIPKART&q=smart+phones&store=tyy%2F4io&srno=s_20_464&otracker=search&fm=organic&iid=7021ce70-9c8b-4180-ae83-649e4c96e33b.MOBHBWF37SBKPVBT.SEARCH&ppt=None&ppn=None&ssid=ki2b9qc6bk0000001790850065283&qH=a5594894156db043&ov_redirect=true,2026-10-01
465,"MOTOROLA Signature (PANTONE Carbon, 256 GB)",MOTOROLA,59999,74999,20% off,4.4,933,173,12 GB RAM,256 GB ROM,5200 mAh Battery,Snapdragon 8 Gen 5 Processor,17.27 cm (6.8 inch) Super HD Display,50MP + 50MP + 50MP | 50MP Front Camera,,https://www.flipkart.com/motorola-signature-pantone-carbon-256-gb/p/itm773dcf1c9b5dc?pid=MOBHGVJY37KPCFHB&lid=LSTMOBHGVJY37KPCFHBXLORLG&marketplace=FLIPKART&q=smart+phones&store=tyy%2F4io&srno=s_20_465&otracker=search&fm=organic&iid=7021ce70-9c8b-4180-ae83-649e4c96e33b.MOBHGVJY37KPCFHB.SEARCH&ppt=None&ppn=None&ssid=ki2b9qc6bk0000001790850065283&qH=a5594894156db043&ov_redirect=true,2026-10-01
466,"Ai+ Pulse 2 (Blue, 128 GB)",Ai+,11499,15499,25% off,4.1,"13,183",937,4 GB RAM,128 GB ROM,6000 mAh Battery,T7250 Processor,17.13 cm (6.745 inch) HD+ Display,50MP Rear Camera | 8MP Front Camera,,https://www.flipkart.com/ai-pulse-2-blue-128-gb/p/itm982c299d0417e?pid=MOBHZPMCBYNXVYDB&lid=LSTMOBHZPMCBYNXVYDBFJKORE&marketplace=FLIPKART&q=smart+phones&store=tyy%2F4io&srno=s_20_466&otracker=search&fm=organic&iid=7021ce70-9c8b-4180-ae83-649e4c96e33b.MOBHZPMCBYNXVYDB.SEARCH&ppt=None&ppn=None&ssid=ki2b9qc6bk0000001790850065283&qH=a5594894156db043&ov_redirect=true,2026-10-01
467,"Nothing Phone (4a) (Black, 128 GB)",Nothing,44999,59999,25% off,4.5,"6,723",728,8 GB RAM,128 GB ROM,5400 mAh Lithium ion Battery,Snapdragon 7s Gen 4 Processor,17.22 cm (6.78 inch) Full HD+ AMOLED Display,50MP + 50MP + 8MP | 32MP Front Camera,,https://www.flipkart.com/nothing-phone-4a-black-128-gb/p/itm4d8bff10483ce?pid=MOBHZAWYHMRFGNFF&lid=LSTMOBHZAWYHMRFGNFFEN8HH5&marketplace=FLIPKART&q=smart+phones&store=tyy%2F4io&srno=s_20_467&otracker=search&fm=organic&iid=7021ce70-9c8b-4180-ae83-649e4c96e33b.MOBHZAWYHMRFGNFF.SEARCH&ppt=None&ppn=None&ssid=ki2b9qc6bk0000001790850065283&qH=a5594894156db043&ov_redirect=true,2026-10-01
468,"Snexan Rock Bold T660 HD Screen | Premium Design SmartPhone (Gold, 16 GB)",Snexan,12500,14999,16% off,3.7,6,0,4 GB RAM,16 GB ROM,4000 mAh Battery,,16.76 cm (6.6 inch) Display,13MP Rear Camera,,https://www.flipkart.com/snexan-rock-bold-t660-hd-screen-premium-design-smartphone-gold-16-gb/p/itm4d70259134d91?pid=MOBHN822WMZWPFMG&lid=LSTMOBHN822WMZWPFMGSVEGNQ&marketplace=FLIPKART&q=smart+phones&store=tyy%2F4io&srno=s_20_468&otracker=search&fm=organic&iid=7021ce70-9c8b-4180-ae83-649e4c96e33b.MOBHN822WMZWPFMG.SEARCH&ppt=None&ppn=None&ssid=ki2b9qc6bk0000001790850065283&qH=a5594894156db043&ov_redirect=true,2026-10-01
469,"vivo T5 Pro 5G (Cosmic Black, 256 GB)",vivo,46999,61999,24% off,4.5,"9,954",963,8 GB RAM,256 GB ROM,9020 mAh Battery,Snapdragon 7s Gen 4 Processor,17.35 cm (6.83 inch) Full HD+ AMOLED Display,50MP + 2MP | 32MP Front Camera,,https://www.flipkart.com/vivo-t5-pro-5g-cosmic-black-256-gb/p/itma21e2e09d4493?pid=MOBHM4FZRMHBQHP5&lid=LSTMOBHM4FZRMHBQHP59ZOVA8&marketplace=FLIPKART&q=smart+phones&store=tyy%2F4io&srno=s_20_469&otracker=search&fm=organic&iid=7021ce70-9c8b-4180-ae83-649e4c96e33b.MOBHM4FZRMHBQHP5.SEARCH&ppt=None&ppn=None&ssid=ki2b9qc6bk0000001790850065283&qH=a5594894156db043&ov_redirect=true,2026-10-01
470,"Motorola g04s (Sea Green, 64 GB)",Motorola,9999,,,4.2,"30,185","1,629",4 GB RAM,64 GB ROM,5000 mAh Battery,T606 Processor,16.76 cm (6.6 inch) HD+ Display,50MP Rear Camera | 5MP Front Camera,,https://www.flipkart.com/motorola-g04s-sea-green-64-gb/p/itm6d82d81cfa8da?pid=MOBHY9PQZACQBKGG&lid=LSTMOBHY9PQZACQBKGGHNT2FF&marketplace=FLIPKART&q=smart+phones&store=tyy%2F4io&srno=s_20_470&otracker=search&fm=organic&iid=7021ce70-9c8b-4180-ae83-649e4c96e33b.MOBHY9PQZACQBKGG.SEARCH&ppt=None&ppn=None&ssid=ki2b9qc6bk0000001790850065283&qH=a5594894156db043&ov_redirect=true,2026-10-01
471,"Coolpad mg 5m (Charcoal Black, 16 GB)",Coolpad,,,,3.2,94,10,1 GB RAM,16 GB ROM,2000 mAh Battery,,12.7 cm (5 inch) HD Display,5MP Rear Camera | 2MP Front Camera,,https://www.flipkart.com/coolpad-mg-5m-charcoal-black-16-gb/p/itm15a529793f708?pid=MOBH384ZJUKSX7F5&q=smart+phones&store=tyy%2F4io&srno=s_20_471&otracker=search&fm=organic&iid=7021ce70-9c8b-4180-ae83-649e4c96e33b.MOBH384ZJUKSX7F5.SEARCH&ppt=None&ppn=None&ssid=ki2b9qc6bk0000001790850065283&qH=a5594894156db043&ov_redirect=true,2026-10-01
472,"vivo T4 5G (Emerald Blaze, 128 GB)",vivo,24999,25999,3% off,4.4,"81,953","5,318",8 GB RAM,128 GB ROM,7300 mAh Battery,Snapdragon 7s Gen 3 5G Processor,17.2 cm (6.77 inch) Display,50MP (OIS) + 2MP | 32MP Front Camera,5G,https://www.flipkart.com/vivo-t4-5g-emerald-blaze-128-gb/p/itmc2634fd4daeb9?pid=MOBHATXZYSHYH6ZP&lid=LSTMOBHATXZYSHYH6ZPWYFGOB&marketplace=FLIPKART&q=smart+phones&store=tyy%2F4io&srno=s_20_472&otracker=search&fm=organic&iid=7021ce70-9c8b-4180-ae83-649e4c96e33b.MOBHATXZYSHYH6ZP.SEARCH&ppt=None&ppn=None&ssid=ki2b9qc6bk0000001790850065283&qH=a5594894156db043&ov_redirect=true,2026-10-01
473,"realme C71 (Sea Blue, 64 GB)",realme,13899,13999,,4.2,"1,605",77,4 GB RAM,64 GB ROM,6300 mAh Battery,T7250 Processor,17.14 cm (6.75 inch) HD+ Display,13MP Rear Camera | 5MP Front Camera,,https://www.flipkart.com/realme-c71-sea-blue-64-gb/p/itm920c5c8761871?pid=MOBHHY7VEMZ9KGBM&lid=LSTMOBHHY7VEMZ9KGBMDJJELD&marketplace=FLIPKART&q=smart+phones&store=tyy%2F4io&srno=s_20_473&otracker=search&fm=organic&iid=7021ce70-9c8b-4180-ae83-649e4c96e33b.MOBHHY7VEMZ9KGBM.SEARCH&ppt=None&ppn=None&ssid=ki2b9qc6bk0000001790850065283&qH=a5594894156db043&ov_redirect=true,2026-10-01
474,"vivo T4R 5G (Twilight Blue, 128 GB)",vivo,22999,23499,2% off,4.4,"55,266","3,853",8 GB RAM,128 GB ROM,5700 mAh Battery,Dimensity 7400 5G Processor,17.2 cm (6.77 inch) Full HD+ Display,50MP (OIS) + 2MP | 32MP Front Camera,5G,https://www.flipkart.com/vivo-t4r-5g-twilight-blue-128-gb/p/itm3a5653667cb9c?pid=MOBHE49GBV6UYFZ5&lid=LSTMOBHE49GBV6UYFZ5KZZ7IG&marketplace=FLIPKART&q=smart+phones&store=tyy%2F4io&srno=s_20_474&otracker=search&fm=organic&iid=7021ce70-9c8b-4180-ae83-649e4c96e33b.MOBHE49GBV6UYFZ5.SEARCH&ppt=None&ppn=None&ssid=ki2b9qc6bk0000001790850065283&qH=a5594894156db043&ov_redirect=true,2026-10-01
475,"Google Pixel 10a (Fog, 256 GB)",Google,47999,55999,14% off,4.5,"3,183",359,8 GB RAM,256 GB ROM,5100 mAh Lithium Battery,Tensor G4 Processor,16.0 cm (6.3 inch) Full HD+ AMOLED Display,48MP + 13MP | 13MP Front Camera,,https://www.flipkart.com/google-pixel-10a-fog-256-gb/p/itmeaa46d52e228a?pid=MOBHP6CEG7VDZHSW&lid=LSTMOBHP6CEG7VDZHSWDTANPD&marketplace=FLIPKART&q=smart+phones&store=tyy%2F4io&srno=s_20_475&otracker=search&fm=organic&iid=7021ce70-9c8b-4180-ae83-649e4c96e33b.MOBHP6CEG7VDZHSW.SEARCH&ppt=None&ppn=None&ssid=ki2b9qc6bk0000001790850065283&qH=a5594894156db043&ov_redirect=true,2026-10-01
476,"Apple iPhone 15 (Blue, 128 GB)",Apple,74900,,,4.6,"2,49,074","9,818",,,,"A16 Bionic Chip, 6 Core Processor Processor",15.49 cm (6.1 inch) Super Retina XDR Display,48MP + 12MP | 12MP Front Camera,,https://www.flipkart.com/apple-iphone-15-blue-128-gb/p/itm387c20f1f5347?pid=MOBHQV9YZGYG64U7&lid=LSTMOBHQV9YZGYG64U7WLKZD8&marketplace=FLIPKART&q=smart+phones&store=tyy%2F4io&srno=s_20_476&otracker=search&fm=organic&iid=7021ce70-9c8b-4180-ae83-649e4c96e33b.MOBHQV9YZGYG64U7.SEARCH&ppt=None&ppn=None&ssid=ki2b9qc6bk0000001790850065283&qH=a5594894156db043&ov_redirect=true,2026-10-01
477,"MOTOROLA g37 power (PANTONE Impenetrable, 128 GB)",MOTOROLA,25999,37999,31% off,4.2,"2,622",207,8 GB RAM,128 GB ROM,7000 mAh Battery,Dimensity 6400 Processor,16.92 cm (6.66 inch) HD+ Display,50MP Rear Camera | 8MP Front Camera,,https://www.flipkart.com/motorola-g37-power-pantone-impenetrable-128-gb/p/itme156c3f7d6280?pid=MOBHMX5Y6G5HKRFS&lid=LSTMOBHMX5Y6G5HKRFSN2GAKT&marketplace=FLIPKART&q=smart+phones&store=tyy%2F4io&srno=s_20_477&otracker=search&fm=organic&iid=7021ce70-9c8b-4180-ae83-649e4c96e33b.MOBHMX5Y6G5HKRFS.SEARCH&ppt=None&ppn=None&ssid=ki2b9qc6bk0000001790850065283&qH=a5594894156db043&ov_redirect=true,2026-10-01
478,"Mivi One 5G (Pink, 128 GB)",Mivi,12999,21999,40% off,,,,4 GB RAM,128 GB ROM,6000 mAh Lithium Polymer Battery,Snapdragon 4 Gen 2 Processor,17.14 cm (6.75 inch) HD+ Display,50MP Rear Camera | 8MP Front Camera,,https://www.flipkart.com/mivi-one-5g-pink-128-gb/p/itm7745500f28733?pid=MOBHR3ZPSPQSUQ8H&lid=LSTMOBHR3ZPSPQSUQ8HOHRCXB&marketplace=FLIPKART&q=smart+phones&store=tyy%2F4io&srno=s_20_478&otracker=search&fm=organic&iid=7021ce70-9c8b-4180-ae83-649e4c96e33b.MOBHR3ZPSPQSUQ8H.SEARCH&ppt=None&ppn=None&ssid=ki2b9qc6bk0000001790850065283&qH=a5594894156db043&ov_redirect=true,2026-10-01
479,"Nothing Phone (4a) (Black, 128 GB)",Nothing,39999,49999,20% off,,,,6 GB RAM,128 GB ROM,5400 mAh Lithium ion Battery,Snapdragon 7s Gen 4 Processor,17.22 cm (6.78 inch) Full HD+ AMOLED Display,50MP + 50MP + 8MP | 32MP Front Camera,,https://www.flipkart.com/nothing-phone-4a-black-128-gb/p/itm47712249513d4?pid=MOBHQENAQVHZCWJV&lid=LSTMOBHQENAQVHZCWJVQYH0EE&marketplace=FLIPKART&q=smart+phones&store=tyy%2F4io&srno=s_20_479&otracker=search&fm=organic&iid=7021ce70-9c8b-4180-ae83-649e4c96e33b.MOBHQENAQVHZCWJV.SEARCH&ppt=None&ppn=None&ssid=ki2b9qc6bk0000001790850065283&qH=a5594894156db043&ov_redirect=true,2026-10-01
480,"Nothing Phone (4a) (Blue, 256 GB)",Nothing,50999,65999,22% off,4.5,"1,564",154,12 GB RAM,256 GB ROM,5400 mAh Lithium ion Battery,Snapdragon 7s Gen 4 Processor,17.22 cm (6.78 inch) Full HD+ AMOLED Display,50MP + 50MP + 8MP | 32MP Front Camera,,https://www.flipkart.com/nothing-phone-4a-blue-256-gb/p/itm4d8bff10483ce?pid=MOBHZAWYVBT49JSC&lid=LSTMOBHZAWYVBT49JSCVGV7BF&marketplace=FLIPKART&q=smart+phones&store=tyy%2F4io&srno=s_20_480&otracker=search&fm=organic&iid=7021ce70-9c8b-4180-ae83-649e4c96e33b.MOBHZAWYVBT49JSC.SEARCH&ppt=None&ppn=None&ssid=ki2b9qc6bk0000001790850065283&qH=a5594894156db043&ov_redirect=true,2026-10-01
481,"Tecno Spark Go 3 (Titanium Grey, 64 GB)",Tecno,12499,15999,21% off,4.1,221,15,4 GB RAM,64 GB ROM,5000 mAh Lithium Polymer Battery,T7250 Processor,17.12 cm (6.74 inch) HD+ Display,13MP Rear Camera | 8MP Front Camera,,https://www.flipkart.com/tecno-spark-go-3-titanium-grey-64-gb/p/itma9c8f128a61c6?pid=MOBHP2QY7GH4XWWS&lid=LSTMOBHP2QY7GH4XWWSUZBT2N&marketplace=FLIPKART&q=smart+phones&store=tyy%2F4io&srno=s_21_481&otracker=search&fm=organic&iid=en_amgYtAtbZP-JS-2-fGMvZ8FBO62dJfufA7l4QawwO5v7y-Y72AaN1RhY7EpBJ-upvdhgVIDAS43502YR2UC6WzzVjjVgBxhvbGO4C2Nu8sD4XRABtt7opyGXE3p4o55r&ppt=None&ppn=None&ssid=ka4vv6ebj40000001790850068139&qH=a5594894156db043&ov_redirect=true,2026-10-01
482,"Tecno Spark Go 3 (Ink Black, 64 GB)",Tecno,12499,15999,21% off,4.1,221,15,4 GB RAM,64 GB ROM,5000 mAh Lithium Polymer Battery,T7250 Processor,17.12 cm (6.74 inch) HD+ Display,13MP Rear Camera | 8MP Front Camera,,https://www.flipkart.com/tecno-spark-go-3-ink-black-64-gb/p/itma9c8f128a61c6?pid=MOBHP2QYCXZZE3CM&lid=LSTMOBHP2QYCXZZE3CMWW64IB&marketplace=FLIPKART&q=smart+phones&store=tyy%2F4io&srno=s_21_482&otracker=search&fm=organic&iid=en_amgYtAtbZP-JS-2-fGMvZ8FBO62dJfufA7l4QawwO5s6OA7Vbhf3j5nefGaNo2l_XSTZgtzvjftyjvmwmzsaRgiCj5dWzPgr1ZNpuYyjSmj4XRABtt7opyGXE3p4o55r&ppt=None&ppn=None&ssid=ka4vv6ebj40000001790850068139&qH=a5594894156db043&ov_redirect=true,2026-10-01
483,"POCO X8 5G (Fiery Orange, 128 GB)",POCO,32999,69999,52% off,4.2,49,12,8 GB RAM,128 GB ROM,9000 mAh Lithium-Ion Polymer Battery,6s Gen 4 Processor,17.35 cm (6.83 inch) Full HD+ AMOLED Display,50MP + 2MP | 16MP Front Camera,,https://www.flipkart.com/poco-x8-5g-fiery-orange-128-gb/p/itm5ca9e2cbad488?pid=MOBHQ6XZXGNKHXHN&lid=LSTMOBHQ6XZXGNKHXHNFSNWGR&marketplace=FLIPKART&q=smart+phones&store=tyy%2F4io&srno=s_21_483&otracker=search&fm=organic&iid=07965bae-f02b-464a-ace2-bfd09b4c1768.MOBHQ6XZXGNKHXHN.SEARCH&ppt=None&ppn=None&ssid=ka4vv6ebj40000001790850068139&qH=a5594894156db043&ov_redirect=true,2026-10-01
484,"Tecno Spark Go 3 (Titanium Grey, 64 GB)",Tecno,12499,15999,21% off,4.1,221,15,4 GB RAM,64 GB ROM,5000 mAh Lithium Polymer Battery,T7250 Processor,17.12 cm (6.74 inch) HD+ Display,13MP Rear Camera | 8MP Front Camera,,https://www.flipkart.com/tecno-spark-go-3-titanium-grey-64-gb/p/itma9c8f128a61c6?pid=MOBHP2QY7GH4XWWS&lid=LSTMOBHP2QY7GH4XWWSUZBT2N&marketplace=FLIPKART&q=smart+phones&store=tyy%2F4io&srno=s_21_484&otracker=search&fm=organic&iid=07965bae-f02b-464a-ace2-bfd09b4c1768.MOBHP2QY7GH4XWWS.SEARCH&ppt=None&ppn=None&ssid=ka4vv6ebj40000001790850068139&qH=a5594894156db043&ov_redirect=true,2026-10-01
485,"Samsung Galaxy F14 5G (GOAT Green, 128 GB)",Samsung,13999,18490,24% off,4.2,"1,21,360","9,067",6 GB RAM,128 GB ROM,6000 mAh Battery,"Exynos 1330, Octa Core Processor",16.76 cm (6.6 inch) Full HD+ Display,50MP + 2MP | 13MP Front Camera,,https://www.flipkart.com/samsung-galaxy-f14-5g-goat-green-128-gb/p/itm032d1a69999cc?pid=MOBGNBFNDPGNJ7HY&lid=LSTMOBGNBFNDPGNJ7HYRPBKKO&marketplace=FLIPKART&q=smart+phones&store=tyy%2F4io&srno=s_21_485&otracker=search&fm=organic&iid=07965bae-f02b-464a-ace2-bfd09b4c1768.MOBGNBFNDPGNJ7HY.SEARCH&ppt=None&ppn=None&ssid=ka4vv6ebj40000001790850068139&qH=a5594894156db043&ov_redirect=true,2026-10-01
486,"realme 15 5G (Velvet Green, 128 GB)",realme,29999,,,4.4,"11,375","1,223",8 GB RAM,128 GB ROM,7000 mAh Battery,Mediatek Dimensity 7300+ 5G Processor,17.27 cm (6.8 inch) Full HD+ Display,50MP + 8MP | 50MP Front Camera,5G,https://www.flipkart.com/realme-15-5g-velvet-green-128-gb/p/itme9581fbd0e97a?pid=MOBHDUKFAKEGZWJK&lid=LSTMOBHDUKFAKEGZWJKJXGD9L&marketplace=FLIPKART&q=smart+phones&store=tyy%2F4io&srno=s_21_486&otracker=search&fm=organic&iid=07965bae-f02b-464a-ace2-bfd09b4c1768.MOBHDUKFAKEGZWJK.SEARCH&ppt=None&ppn=None&ssid=ka4vv6ebj40000001790850068139&qH=a5594894156db043&ov_redirect=true,2026-10-01
487,"MOTOROLA g max (PANTONE Alaskan Blue, 128 GB)",MOTOROLA,25999,42999,39% off,,,,4 GB RAM,128 GB ROM,7000 mAh Battery,Snapdragon 6s Gen 4 Processor,17.07 cm (6.72 inch) Full HD+ Display,50MP + 8MP | 32MP Front Camera,,https://www.flipkart.com/motorola-g-max-pantone-alaskan-blue-128-gb/p/itm8262d28cc372f?pid=MOBHPR97WZGCHK6F&lid=LSTMOBHPR97WZGCHK6FLR4TQC&marketplace=FLIPKART&q=smart+phones&store=tyy%2F4io&srno=s_21_487&otracker=search&fm=organic&iid=07965bae-f02b-464a-ace2-bfd09b4c1768.MOBHPR97WZGCHK6F.SEARCH&ppt=None&ppn=None&ssid=ka4vv6ebj40000001790850068139&qH=a5594894156db043&ov_redirect=true,2026-10-01
488,"Infinix SMART 20 (Sunlike Orange, 128 GB)",Infinix,14999,21999,31% off,3.9,295,34,4 GB RAM,128 GB ROM,5200 mAh Battery,Helio G81 Ultimate Processor,17.22 cm (6.78 inch) HD+ Display,8MP Rear Camera | 8MP Front Camera,,https://www.flipkart.com/infinix-smart-20-sunlike-orange-128-gb/p/itmf761cd49f9162?pid=MOBHNMEEFAWCYC5E&lid=LSTMOBHNMEEFAWCYC5EUPDPZ1&marketplace=FLIPKART&q=smart+phones&store=tyy%2F4io&srno=s_21_488&otracker=search&fm=organic&iid=07965bae-f02b-464a-ace2-bfd09b4c1768.MOBHNMEEFAWCYC5E.SEARCH&ppt=None&ppn=None&ssid=ka4vv6ebj40000001790850068139&qH=a5594894156db043&ov_redirect=true,2026-10-01
489,"Samsung Galaxy F17 5G (Violet Pop, 128 GB)",Samsung,20134,28999,30% off,4.1,363,35,4 GB RAM,128 GB ROM,5000 mAh Battery,Exynos 1330 Processor,17.02 cm (6.7 inch) Full HD+ Display,50MP + 5MP | 13MP Front Camera,,https://www.flipkart.com/samsung-galaxy-f17-5g-violet-pop-128-gb/p/itmeba452a75d14c?pid=MOBHF6KMGBPWSUR9&lid=LSTMOBHF6KMGBPWSUR9WSIE6W&marketplace=FLIPKART&q=smart+phones&store=tyy%2F4io&srno=s_21_489&otracker=search&fm=organic&iid=07965bae-f02b-464a-ace2-bfd09b4c1768.MOBHF6KMGBPWSUR9.SEARCH&ppt=None&ppn=None&ssid=ka4vv6ebj40000001790850068139&qH=a5594894156db043&ov_redirect=true,2026-10-01
490,"MOTOROLA g37 power (PANTONE Impenetrable, 128 GB)",MOTOROLA,19999,30499,34% off,4.2,"9,456",851,4 GB RAM,128 GB ROM,7000 mAh Battery,Dimensity 6400 Processor,16.92 cm (6.66 inch) HD+ Display,50MP Rear Camera | 8MP Front Camera,,https://www.flipkart.com/motorola-g37-power-pantone-impenetrable-128-gb/p/itm566f6ada1190f?pid=MOBHHVFYC3QU3CAQ&lid=LSTMOBHHVFYC3QU3CAQGXXTZS&marketplace=FLIPKART&q=smart+phones&store=tyy%2F4io&srno=s_21_490&otracker=search&fm=organic&iid=07965bae-f02b-464a-ace2-bfd09b4c1768.MOBHHVFYC3QU3CAQ.SEARCH&ppt=None&ppn=None&ssid=ka4vv6ebj40000001790850068139&qH=a5594894156db043&ov_redirect=true,2026-10-01
491,"Nothing Phone (4a) (Blue, 128 GB)",Nothing,39999,49999,20% off,,,,6 GB RAM,128 GB ROM,5400 mAh Lithium ion Battery,Snapdragon 7s Gen 4 Processor,17.22 cm (6.78 inch) Full HD+ AMOLED Display,50MP + 50MP + 8MP | 32MP Front Camera,,https://www.flipkart.com/nothing-phone-4a-blue-128-gb/p/itm47712249513d4?pid=MOBHQENASR3JJ8BN&lid=LSTMOBHQENASR3JJ8BNVXOJJR&marketplace=FLIPKART&q=smart+phones&store=tyy%2F4io&srno=s_21_491&otracker=search&fm=organic&iid=07965bae-f02b-464a-ace2-bfd09b4c1768.MOBHQENASR3JJ8BN.SEARCH&ppt=None&ppn=None&ssid=ka4vv6ebj40000001790850068139&qH=a5594894156db043&ov_redirect=true,2026-10-01
492,"Mivi One 5G (Green, 128 GB)",Mivi,16499,25999,36% off,,,,8 GB RAM,128 GB ROM,6000 mAh Lithium Polymer Battery,Snapdragon 4 Gen 2 Processor,17.14 cm (6.75 inch) HD+ Display,50MP Rear Camera | 8MP Front Camera,,https://www.flipkart.com/mivi-one-5g-green-128-gb/p/itm7c374475b93cf?pid=MOBHR3ZP7PRKEXUP&lid=LSTMOBHR3ZP7PRKEXUPKQQIR0&marketplace=FLIPKART&q=smart+phones&store=tyy%2F4io&srno=s_21_492&otracker=search&fm=organic&iid=07965bae-f02b-464a-ace2-bfd09b4c1768.MOBHR3ZP7PRKEXUP.SEARCH&ppt=None&ppn=None&ssid=ka4vv6ebj40000001790850068139&qH=a5594894156db043&ov_redirect=true,2026-10-01
493,"Nothing Phone (4a) Pro (Silver, 128 GB)",Nothing,49999,,,4.5,"3,071",403,8 GB RAM,128 GB ROM,5400 mAh Lithium ion Battery,Snapdragon 7 Gen 4 Processor,17.35 cm (6.83 inch) Full HD+ AMOLED Display,50MP + 50MP + 8MP | 32MP Front Camera,,https://www.flipkart.com/nothing-phone-4a-pro-silver-128-gb/p/itm4d004931f8d69?pid=MOBHM2ZUZXSJAZT4&lid=LSTMOBHM2ZUZXSJAZT4XWCNY3&marketplace=FLIPKART&q=smart+phones&store=tyy%2F4io&srno=s_21_493&otracker=search&fm=organic&iid=07965bae-f02b-464a-ace2-bfd09b4c1768.MOBHM2ZUZXSJAZT4.SEARCH&ppt=None&ppn=None&ssid=ka4vv6ebj40000001790850068139&qH=a5594894156db043&ov_redirect=true,2026-10-01
494,"Infinix Hot 50 5G (Sleek Black, 128 GB)",Infinix,10999,14999,26% off,4.3,"17,396","1,326",8 GB RAM,128 GB ROM,5000 mAh Lithium-ion Polymer Battery,Dimensity 6300 Processor,17.02 cm (6.7 inch) HD+ Display,48MP + Depth Sensor | 8MP Front Camera,,https://www.flipkart.com/infinix-hot-50-5g-sleek-black-128-gb/p/itm61d8bc127842c?pid=MOBH45FZSETQ3KMG&lid=LSTMOBH45FZSETQ3KMGKEMMXU&marketplace=FLIPKART&q=smart+phones&store=tyy%2F4io&srno=s_21_494&otracker=search&fm=organic&iid=07965bae-f02b-464a-ace2-bfd09b4c1768.MOBH45FZSETQ3KMG.SEARCH&ppt=None&ppn=None&ssid=ka4vv6ebj40000001790850068139&qH=a5594894156db043&ov_redirect=true,2026-10-01
495,"POCO X8 Pro Max (Blue, 512 GB)",POCO,52999,61999,14% off,4.5,"2,057",418,12 GB RAM,512 GB ROM,9000 mAh Lithium-Ion Polymer With Silicon Carbon Technology Battery,Dimensity 9500s Processor,17.35 cm (6.83 inch) Full HD+ AMOLED Display,50MP + 8MP | 20MP Front Camera,,https://www.flipkart.com/poco-x8-pro-max-blue-512-gb/p/itmfc8cc712fe4a5?pid=MOBHMGG5SQZQXZF9&lid=LSTMOBHMGG5SQZQXZF9RRS7LL&marketplace=FLIPKART&q=smart+phones&store=tyy%2F4io&srno=s_21_495&otracker=search&fm=organic&iid=07965bae-f02b-464a-ace2-bfd09b4c1768.MOBHMGG5SQZQXZF9.SEARCH&ppt=None&ppn=None&ssid=ka4vv6ebj40000001790850068139&qH=a5594894156db043&ov_redirect=true,2026-10-01
496,"realme P4 5G (Forge Red, 128 GB)",realme,30999,45999,32% off,4.4,"23,542","1,988",8 GB RAM,128 GB ROM,7000 mAh Battery,Mediatek Dimensity 7400 Processor,17.2 cm (6.77 inch) Display,50MP + 8MP | 16MP Front Camera,,https://www.flipkart.com/realme-p4-5g-forge-red-128-gb/p/itmf836e6de035a5?pid=MOBHN7A83XGZRHUK&lid=LSTMOBHN7A83XGZRHUKZJSQ1X&marketplace=FLIPKART&q=smart+phones&store=tyy%2F4io&srno=s_21_496&otracker=search&fm=organic&iid=07965bae-f02b-464a-ace2-bfd09b4c1768.MOBHN7A83XGZRHUK.SEARCH&ppt=None&ppn=None&ssid=ka4vv6ebj40000001790850068139&qH=a5594894156db043&ov_redirect=true,2026-10-01
497,"OPPO K14x 5G 6500mAh and 45W SUPERVOOC Charger & AI (Prism Violet, 128 GB)",OPPO,21999,35999,38% off,4.3,"8,283",939,4 GB RAM,128 GB ROM,6500 mAh Battery,Dimensity 6300 Processor,17.14 cm (6.75 inch) HD+ Display,,,https://www.flipkart.com/oppo-k14x-5g-6500mah-45w-supervooc-charger-ai-prism-violet-128-gb/p/itmdcac5ae642971?pid=MOBHPHSHZ7GRRXNA&lid=LSTMOBHPHSHZ7GRRXNA30X6M9&marketplace=FLIPKART&q=smart+phones&store=tyy%2F4io&srno=s_21_497&otracker=search&fm=organic&iid=07965bae-f02b-464a-ace2-bfd09b4c1768.MOBHPHSHZ7GRRXNA.SEARCH&ppt=None&ppn=None&ssid=ka4vv6ebj40000001790850068139&qH=a5594894156db043&ov_redirect=true,2026-10-01
498,"realme 15x 5G (Marine Blue, 128 GB)",realme,25999,28999,10% off,4.3,"3,672",297,6 GB RAM,128 GB ROM,7000 mAh Battery,Dimensity 6300 6nm Octa-core chipset Processor,17.27 cm (6.8 inch) Display,50MP Rear Camera | 50MP Front Camera,,https://www.flipkart.com/realme-15x-5g-marine-blue-128-gb/p/itmcf22f2a57724f?pid=MOBHHY7V4F766E8Y&lid=LSTMOBHHY7V4F766E8YUSWLC5&marketplace=FLIPKART&q=smart+phones&store=tyy%2F4io&srno=s_21_498&otracker=search&fm=organic&iid=07965bae-f02b-464a-ace2-bfd09b4c1768.MOBHHY7V4F766E8Y.SEARCH&ppt=None&ppn=None&ssid=ka4vv6ebj40000001790850068139&qH=a5594894156db043&ov_redirect=true,2026-10-01
499,"MOTOROLA g06 power (Pantone Tendril, 64 GB)",MOTOROLA,15249,19999,23% off,4.2,"24,161","1,677",4 GB RAM,64 GB ROM,7000 mAh Battery,Helio G81 Processor,17.48 cm (6.88 inch) HD+ Display,50MP Rear Camera | 8MP Front Camera,,https://www.flipkart.com/motorola-g06-power-pantone-tendril-64-gb/p/itm2f1ca967879c9?pid=MOBHN973UQNPMAAN&lid=LSTMOBHN973UQNPMAANZHPTVN&marketplace=FLIPKART&q=smart+phones&store=tyy%2F4io&srno=s_21_499&otracker=search&fm=organic&iid=07965bae-f02b-464a-ace2-bfd09b4c1768.MOBHN973UQNPMAAN.SEARCH&ppt=None&ppn=None&ssid=ka4vv6ebj40000001790850068139&qH=a5594894156db043&ov_redirect=true,2026-10-01
500,"Mivi One 5G (Green, 128 GB)",Mivi,14999,23999,37% off,,,,6 GB RAM,128 GB ROM,6000 mAh Lithium Polymer Battery,Snapdragon 4 Gen 2 Processor,17.14 cm (6.75 inch) HD+ Display,50MP Rear Camera | 8MP Front Camera,,https://www.flipkart.com/mivi-one-5g-green-128-gb/p/itm7ea6be1c1d0bf?pid=MOBHR3ZPFRUFFEBF&lid=LSTMOBHR3ZPFRUFFEBFXXFJBJ&marketplace=FLIPKART&q=smart+phones&store=tyy%2F4io&srno=s_21_500&otracker=search&fm=organic&iid=07965bae-f02b-464a-ace2-bfd09b4c1768.MOBHR3ZPFRUFFEBF.SEARCH&ppt=None&ppn=None&ssid=ka4vv6ebj40000001790850068139&qH=a5594894156db043&ov_redirect=true,2026-10-01
501,"MOTOROLA g35 5G (Guava Red, 128 GB)",MOTOROLA,13999,15499,9% off,4.2,"16,480","1,128",8 GB RAM,128 GB ROM,5000 mAh Battery,T760 Processor,17.07 cm (6.72 inch) Full HD+ Display,50MP + 8MP | 16MP Front Camera,5G,https://www.flipkart.com/motorola-g35-5g-guava-red-128-gb/p/itm3cd0926197241?pid=MOBHFNAZEM2XQMWR&lid=LSTMOBHFNAZEM2XQMWRW8CFFX&marketplace=FLIPKART&q=smart+phones&store=tyy%2F4io&srno=s_21_501&otracker=search&fm=organic&iid=07965bae-f02b-464a-ace2-bfd09b4c1768.MOBHFNAZEM2XQMWR.SEARCH&ppt=None&ppn=None&ssid=ka4vv6ebj40000001790850068139&qH=a5594894156db043&ov_redirect=true,2026-10-01
502,"realme 15x 5G (Aqua Blue, 128 GB)",realme,23999,28999,17% off,4.3,"3,672",297,6 GB RAM,128 GB ROM,7000 mAh Battery,Dimensity 6300 6nm Octa-core chipset Processor,17.27 cm (6.8 inch) Display,50MP Rear Camera | 50MP Front Camera,,https://www.flipkart.com/realme-15x-5g-aqua-blue-128-gb/p/itmcf22f2a57724f?pid=MOBHHY7VPSBMANX6&lid=LSTMOBHHY7VPSBMANX6FH77BG&marketplace=FLIPKART&q=smart+phones&store=tyy%2F4io&srno=s_21_502&otracker=search&fm=organic&iid=07965bae-f02b-464a-ace2-bfd09b4c1768.MOBHHY7VPSBMANX6.SEARCH&ppt=None&ppn=None&ssid=ka4vv6ebj40000001790850068139&qH=a5594894156db043&ov_redirect=true,2026-10-01
503,"Motorola g54 5G (Mint Green, 128 GB)",Motorola,17999,,,4.2,"1,00,952","8,965",8 GB RAM,128 GB ROM,6000 mAh Battery,Dimensity 7020 Processor,16.51 cm (6.5 inch) Full HD+ Display,50MP (OIS) + 8MP | 16MP Front Camera,,https://www.flipkart.com/motorola-g54-5g-mint-green-128-gb/p/itmfc12683043bbc?pid=MOBGQFX8Z3ZCDZZ7&lid=LSTMOBGQFX8Z3ZCDZZ7FOOELB&marketplace=FLIPKART&q=smart+phones&store=tyy%2F4io&srno=s_21_503&otracker=search&fm=organic&iid=07965bae-f02b-464a-ace2-bfd09b4c1768.MOBGQFX8Z3ZCDZZ7.SEARCH&ppt=None&ppn=None&ssid=ka4vv6ebj40000001790850068139&qH=a5594894156db043&ov_redirect=true,2026-10-01
504,"Tecno Spark Go 3 (Galaxy Blue, 64 GB)",Tecno,12499,15999,21% off,4.1,221,15,4 GB RAM,64 GB ROM,5000 mAh Lithium Polymer Battery,T7250 Processor,17.12 cm (6.74 inch) HD+ Display,13MP Rear Camera | 8MP Front Camera,,https://www.flipkart.com/tecno-spark-go-3-galaxy-blue-64-gb/p/itma9c8f128a61c6?pid=MOBHP2QYFPVRGYKZ&lid=LSTMOBHP2QYFPVRGYKZGBFHIL&marketplace=FLIPKART&q=smart+phones&store=tyy%2F4io&srno=s_21_504&otracker=search&fm=organic&iid=07965bae-f02b-464a-ace2-bfd09b4c1768.MOBHP2QYFPVRGYKZ.SEARCH&ppt=None&ppn=None&ssid=ka4vv6ebj40000001790850068139&qH=a5594894156db043&ov_redirect=true,2026-10-01
505,"MOTOROLA g06 power (Pantone Tendril, 64 GB)",MOTOROLA,15249,19999,23% off,4.2,"24,161","1,677",4 GB RAM,64 GB ROM,7000 mAh Battery,Helio G81 Processor,17.48 cm (6.88 inch) HD+ Display,50MP Rear Camera | 8MP Front Camera,,https://www.flipkart.com/motorola-g06-power-pantone-tendril-64-gb/p/itm2f1ca967879c9?pid=MOBHN973UQNPMAAN&lid=LSTMOBHN973UQNPMAANZHPTVN&marketplace=FLIPKART&q=smart+phones&store=tyy%2F4io&srno=s_22_505&otracker=search&fm=organic&iid=46fd318a-ea66-4133-a7ea-11330c53c982.MOBHN973UQNPMAAN.SEARCH&ppt=None&ppn=None&ssid=nzdpjipf0g0000001790850071162&qH=a5594894156db043&ov_redirect=true,2026-10-01
506,"Mivi One 5G (Green, 128 GB)",Mivi,14999,23999,37% off,,,,6 GB RAM,128 GB ROM,6000 mAh Lithium Polymer Battery,Snapdragon 4 Gen 2 Processor,17.14 cm (6.75 inch) HD+ Display,50MP Rear Camera | 8MP Front Camera,,https://www.flipkart.com/mivi-one-5g-green-128-gb/p/itm7ea6be1c1d0bf?pid=MOBHR3ZPFRUFFEBF&lid=LSTMOBHR3ZPFRUFFEBFXXFJBJ&marketplace=FLIPKART&q=smart+phones&store=tyy%2F4io&srno=s_22_506&otracker=search&fm=organic&iid=46fd318a-ea66-4133-a7ea-11330c53c982.MOBHR3ZPFRUFFEBF.SEARCH&ppt=None&ppn=None&ssid=nzdpjipf0g0000001790850071162&qH=a5594894156db043&ov_redirect=true,2026-10-01
507,"Tecno Spark Go 3 (Titanium Grey, 64 GB)",Tecno,12499,15999,21% off,4.1,221,15,4 GB RAM,64 GB ROM,5000 mAh Lithium Polymer Battery,T7250 Processor,17.12 cm (6.74 inch) HD+ Display,13MP Rear Camera | 8MP Front Camera,,https://www.flipkart.com/tecno-spark-go-3-titanium-grey-64-gb/p/itma9c8f128a61c6?pid=MOBHP2QY7GH4XWWS&lid=LSTMOBHP2QY7GH4XWWSUZBT2N&marketplace=FLIPKART&q=smart+phones&store=tyy%2F4io&srno=s_22_507&otracker=search&fm=organic&iid=en__Erx8cT9EGZhGkEEop1eyM1FT_qSgabaUYhn0JY2sNxwZWIUTPEgw2wUv6fCptqKvdhgVIDAS43502YR2UC6WzzVjjVgBxhvbGO4C2Nu8sCAUAiPMWqWzCsBci2o8kRV&ppt=None&ppn=None&ssid=nzdpjipf0g0000001790850071162&qH=a5594894156db043&ov_redirect=true,2026-10-01
508,"realme C61 (Marble Black, 128 GB)",realme,8199,10999,25% off,4.3,"17,961",749,6 GB RAM,128 GB ROM,5000 mAh Battery,T612 Processor,17.13 cm (6.745 inch) HD+ Display,32MP Rear Camera | 5MP Front Camera,,https://www.flipkart.com/realme-c61-marble-black-128-gb/p/itmd6ddbcefce040?pid=MOBHFRKRQMD36FZ5&lid=LSTMOBHFRKRQMD36FZ5ZLCIIC&marketplace=FLIPKART&q=smart+phones&store=tyy%2F4io&srno=s_22_508&otracker=search&fm=organic&iid=46fd318a-ea66-4133-a7ea-11330c53c982.MOBHFRKRQMD36FZ5.SEARCH&ppt=None&ppn=None&ssid=nzdpjipf0g0000001790850071162&qH=a5594894156db043&ov_redirect=true,2026-10-01
509,"Apple iPhone 16 (Ultramarine, 128 GB)",Apple,69900,,,4.6,"1,99,326","8,623",,,,"A18 Chip, 6 Core Processor Processor",15.49 cm (6.1 inch) Super Retina XDR Display,48MP + 12MP | 12MP Front Camera,,https://www.flipkart.com/apple-iphone-16-ultramarine-128-gb/p/itmcc210cae43fba?pid=MOBH4DQFYZT6EH2F&lid=LSTMOBH4DQFYZT6EH2FXM70WU&marketplace=FLIPKART&q=smart+phones&store=tyy%2F4io&srno=s_22_509&otracker=search&fm=organic&iid=46fd318a-ea66-4133-a7ea-11330c53c982.MOBH4DQFYZT6EH2F.SEARCH&ppt=None&ppn=None&ssid=nzdpjipf0g0000001790850071162&qH=a5594894156db043&ov_redirect=true,2026-10-01
510,"MOTOROLA g35 5G (Guava Red, 128 GB)",MOTOROLA,13999,15499,9% off,4.2,"16,480","1,128",8 GB RAM,128 GB ROM,5000 mAh Battery,T760 Processor,17.07 cm (6.72 inch) Full HD+ Display,50MP + 8MP | 16MP Front Camera,5G,https://www.flipkart.com/motorola-g35-5g-guava-red-128-gb/p/itm3cd0926197241?pid=MOBHFNAZEM2XQMWR&lid=LSTMOBHFNAZEM2XQMWRW8CFFX&marketplace=FLIPKART&q=smart+phones&store=tyy%2F4io&srno=s_22_510&otracker=search&fm=organic&iid=46fd318a-ea66-4133-a7ea-11330c53c982.MOBHFNAZEM2XQMWR.SEARCH&ppt=None&ppn=None&ssid=nzdpjipf0g0000001790850071162&qH=a5594894156db043&ov_redirect=true,2026-10-01
511,"Motorola g54 5G (Mint Green, 128 GB)",Motorola,17999,,,4.2,"1,00,952","8,965",8 GB RAM,128 GB ROM,6000 mAh Battery,Dimensity 7020 Processor,16.51 cm (6.5 inch) Full HD+ Display,50MP (OIS) + 8MP | 16MP Front Camera,,https://www.flipkart.com/motorola-g54-5g-mint-green-128-gb/p/itmfc12683043bbc?pid=MOBGQFX8Z3ZCDZZ7&lid=LSTMOBGQFX8Z3ZCDZZ7FOOELB&marketplace=FLIPKART&q=smart+phones&store=tyy%2F4io&srno=s_22_511&otracker=search&fm=organic&iid=46fd318a-ea66-4133-a7ea-11330c53c982.MOBGQFX8Z3ZCDZZ7.SEARCH&ppt=None&ppn=None&ssid=nzdpjipf0g0000001790850071162&qH=a5594894156db043&ov_redirect=true,2026-10-01
512,"realme 15x 5G (Aqua Blue, 128 GB)",realme,23999,28999,17% off,4.3,"3,672",297,6 GB RAM,128 GB ROM,7000 mAh Battery,Dimensity 6300 6nm Octa-core chipset Processor,17.27 cm (6.8 inch) Display,50MP Rear Camera | 50MP Front Camera,,https://www.flipkart.com/realme-15x-5g-aqua-blue-128-gb/p/itmcf22f2a57724f?pid=MOBHHY7VPSBMANX6&lid=LSTMOBHHY7VPSBMANX6FH77BG&marketplace=FLIPKART&q=smart+phones&store=tyy%2F4io&srno=s_22_512&otracker=search&fm=organic&iid=46fd318a-ea66-4133-a7ea-11330c53c982.MOBHHY7VPSBMANX6.SEARCH&ppt=None&ppn=None&ssid=nzdpjipf0g0000001790850071162&qH=a5594894156db043&ov_redirect=true,2026-10-01
513,"realme P4x 5G (Matte Silver, 128 GB)",realme,26999,38999,30% off,4.3,"15,839","1,362",6 GB RAM,128 GB ROM,7000 mAh Battery,Dimensity 7400 Ultra Processor,17.07 cm (6.72 inch) Full HD+ Display,50MP + 2MP | 8MP Front Camera,,https://www.flipkart.com/realme-p4x-5g-matte-silver-128-gb/p/itm575b1540859e4?pid=MOBHN7A8H9WAG4PD&lid=LSTMOBHN7A8H9WAG4PD4J7IQE&marketplace=FLIPKART&q=smart+phones&store=tyy%2F4io&srno=s_22_513&otracker=search&fm=organic&iid=46fd318a-ea66-4133-a7ea-11330c53c982.MOBHN7A8H9WAG4PD.SEARCH&ppt=None&ppn=None&ssid=nzdpjipf0g0000001790850071162&qH=a5594894156db043&ov_redirect=true,2026-10-01
514,"MOTOROLA G04 (Concord Black, 64 GB)",MOTOROLA,6999,9999,30% off,4.2,"16,143","1,019",4 GB RAM,64 GB ROM,5000 mAh Battery,Unisoc T606 Processor,16.76 cm (6.6 inch) HD+ Display,16MP Rear Camera | 5MP Front Camera,,https://www.flipkart.com/motorola-g04-concord-black-64-gb/p/itm1466484dd2cea?pid=MOBGUFK4HPBEUCFH&lid=LSTMOBGUFK4HPBEUCFHMZE4IT&marketplace=FLIPKART&q=smart+phones&store=tyy%2F4io&srno=s_22_514&otracker=search&fm=organic&iid=46fd318a-ea66-4133-a7ea-11330c53c982.MOBGUFK4HPBEUCFH.SEARCH&ppt=None&ppn=None&ssid=nzdpjipf0g0000001790850071162&qH=a5594894156db043&ov_redirect=true,2026-10-01
515,"POCO X8 5G (Fiery Orange, 128 GB)",POCO,29999,64999,53% off,4.5,243,159,6 GB RAM,128 GB ROM,9000 mAh Lithium-Ion Polymer Battery,6s Gen 4 Processor,17.35 cm (6.83 inch) Full HD+ AMOLED Display,50MP + 2MP | 16MP Front Camera,,https://www.flipkart.com/poco-x8-5g-fiery-orange-128-gb/p/itm3c8ff16f2d0ba?pid=MOBHQ6XZZZAYHCZV&lid=LSTMOBHQ6XZZZAYHCZV4O3DHJ&marketplace=FLIPKART&q=smart+phones&store=tyy%2F4io&srno=s_22_515&otracker=search&fm=organic&iid=46fd318a-ea66-4133-a7ea-11330c53c982.MOBHQ6XZZZAYHCZV.SEARCH&ppt=None&ppn=None&ssid=nzdpjipf0g0000001790850071162&qH=a5594894156db043&ov_redirect=true,2026-10-01
516,"POCO C61 (Mystical Green, 64 GB)",POCO,8998,8999,,4.1,"1,10,973","4,669",4 GB RAM,64 GB ROM,5000 mAh Battery,Helio G36 Processor,17.04 cm (6.71 inch) HD+ Display,8MP Rear Camera | 5MP Front Camera,,https://www.flipkart.com/poco-c61-mystical-green-64-gb/p/itmc0470aa0f752b?pid=MOBH92ADADBHWED4&lid=LSTMOBH92ADADBHWED4NYNBG2&marketplace=FLIPKART&q=smart+phones&store=tyy%2F4io&srno=s_22_516&otracker=search&fm=organic&iid=46fd318a-ea66-4133-a7ea-11330c53c982.MOBH92ADADBHWED4.SEARCH&ppt=None&ppn=None&ssid=nzdpjipf0g0000001790850071162&qH=a5594894156db043&ov_redirect=true,2026-10-01
517,"Samsung Galaxy F17 5G (Violet Pop, 128 GB)",Samsung,18777,19499,3% off,3.7,9,2,8 GB RAM,128 GB ROM,5000 mAh Battery,Exynos 1330 Processor,17.02 cm (6.7 inch) Full HD+ Display,50MP + 5MP | 13MP Front Camera,,https://www.flipkart.com/samsung-galaxy-f17-5g-violet-pop-128-gb/p/itmead495c48e859?pid=MOBHKFZRYF4JXXM4&lid=LSTMOBHKFZRYF4JXXM4WUVJPO&marketplace=FLIPKART&q=smart+phones&store=tyy%2F4io&srno=s_22_517&otracker=search&fm=organic&iid=46fd318a-ea66-4133-a7ea-11330c53c982.MOBHKFZRYF4JXXM4.SEARCH&ppt=None&ppn=None&ssid=nzdpjipf0g0000001790850071162&qH=a5594894156db043&ov_redirect=true,2026-10-01
518,"Motorola e13 (Aurora Green, 64 GB)",Motorola,10999,,,4.1,"1,05,726","7,722",4 GB RAM,64 GB ROM,5000 mAh Battery,Unisoc T606 Processor,16.51 cm (6.5 inch) HD+ Display,13MP Rear Camera | 5MP Front Camera,,https://www.flipkart.com/motorola-e13-aurora-green-64-gb/p/itmb52d8f826cd9a?pid=MOBGKHNBA55HDSZR&lid=LSTMOBGKHNBA55HDSZRHOAFME&marketplace=FLIPKART&q=smart+phones&store=tyy%2F4io&srno=s_22_518&otracker=search&fm=organic&iid=46fd318a-ea66-4133-a7ea-11330c53c982.MOBGKHNBA55HDSZR.SEARCH&ppt=None&ppn=None&ssid=nzdpjipf0g0000001790850071162&qH=a5594894156db043&ov_redirect=true,2026-10-01
519,"Google Pixel 11 Pro (Fog, 512 GB)",Google,134999,,,4.6,30,4,16 GB RAM,512 GB ROM,4850 mAh Lithium Battery,Tensor G6 Processor,16.0 cm (6.3 inch) Super Actua Display,50MP + 48MP + 48MP | 42MP Front Camera,,https://www.flipkart.com/google-pixel-11-pro-fog-512-gb/p/itm00e0bf8e72ae4?pid=MOBHPHNVCUDN2HVK&lid=LSTMOBHPHNVCUDN2HVKYU3NPH&marketplace=FLIPKART&q=smart+phones&store=tyy%2F4io&srno=s_22_519&otracker=search&fm=organic&iid=46fd318a-ea66-4133-a7ea-11330c53c982.MOBHPHNVCUDN2HVK.SEARCH&ppt=None&ppn=None&ssid=nzdpjipf0g0000001790850071162&qH=a5594894156db043&ov_redirect=true,2026-10-01
520,"Samsung Galaxy A14 5G (Light Green, 64 GB)",Samsung,18499,,,4.2,"46,239","2,243",4 GB RAM,64 GB ROM,5000 mAh Lithium Ion Battery,Exynos 1330 Processor,16.76 cm (6.6 inch) Full HD+ Display,50MP + 2MP + 2MP | 13MP Front Camera,,https://www.flipkart.com/samsung-galaxy-a14-5g-light-green-64-gb/p/itm69060fa751c00?pid=MOBGHT8UMJBMCAWN&lid=LSTMOBGHT8UMJBMCAWN5MYSZV&marketplace=FLIPKART&q=smart+phones&store=tyy%2F4io&srno=s_22_520&otracker=search&fm=organic&iid=46fd318a-ea66-4133-a7ea-11330c53c982.MOBGHT8UMJBMCAWN.SEARCH&ppt=None&ppn=None&ssid=nzdpjipf0g0000001790850071162&qH=a5594894156db043&ov_redirect=true,2026-10-01
521,"Infinix Note edge (Lunar Titanium, 128 GB)",Infinix,23999,29999,20% off,4.3,510,87,8 GB RAM,128 GB ROM,6500 mAh Battery,Dimensity 7100 Processor,17.22 cm (6.78 inch) Full HD+ AMOLED Display,50MP Rear Camera | 13MP Front Camera,,https://www.flipkart.com/infinix-note-edge-lunar-titanium-128-gb/p/itmab2876405a1ab?pid=MOBHKCV7ZGHABQFG&lid=LSTMOBHKCV7ZGHABQFGXAZBJI&marketplace=FLIPKART&q=smart+phones&store=tyy%2F4io&srno=s_22_521&otracker=search&fm=organic&iid=46fd318a-ea66-4133-a7ea-11330c53c982.MOBHKCV7ZGHABQFG.SEARCH&ppt=None&ppn=None&ssid=nzdpjipf0g0000001790850071162&qH=a5594894156db043&ov_redirect=true,2026-10-01
522,"Infinix SMART 8 HD (Galaxy White, 64 GB)",Infinix,6699,7999,16% off,4.3,"41,508","2,729",3 GB RAM,64 GB ROM,5000 mAh Battery,T606 Processor,16.76 cm (6.6 inch) HD+ Display,13MP + AI Lens | 8MP Front Camera,,https://www.flipkart.com/infinix-smart-8-hd-galaxy-white-64-gb/p/itm709d885ba6ac1?pid=MOBGVAPX2VJGYWZP&lid=LSTMOBGVAPX2VJGYWZP0HJ6TW&marketplace=FLIPKART&q=smart+phones&store=tyy%2F4io&srno=s_22_522&otracker=search&fm=organic&iid=46fd318a-ea66-4133-a7ea-11330c53c982.MOBGVAPX2VJGYWZP.SEARCH&ppt=None&ppn=None&ssid=nzdpjipf0g0000001790850071162&qH=a5594894156db043&ov_redirect=true,2026-10-01
523,"OnePlus Nord CE 3 Lite 5G (Chromatic Gray, 128 GB)",OnePlus,15699,19999,21% off,4.4,"1,66,945","8,608",8 GB RAM,128 GB ROM,5000 mAh Battery,,17.07 cm (6.72 inch) Display,108MP Rear Camera,,https://www.flipkart.com/oneplus-nord-ce-3-lite-5g-chromatic-gray-128-gb/p/itm2cd5a4e659035?pid=MOBGZJ42KHUZZKMN&lid=LSTMOBGZJ42KHUZZKMNKFGHDQ&marketplace=FLIPKART&q=smart+phones&store=tyy%2F4io&srno=s_22_523&otracker=search&fm=organic&iid=46fd318a-ea66-4133-a7ea-11330c53c982.MOBGZJ42KHUZZKMN.SEARCH&ppt=None&ppn=None&ssid=nzdpjipf0g0000001790850071162&qH=a5594894156db043&ov_redirect=true,2026-10-01
524,"Infinix Note 40 Pro 5G (Titan Gold, 256 GB)",Infinix,21999,27999,21% off,4.2,"37,516","2,618",8 GB RAM,256 GB ROM,5000 mAh Battery,Mediatek Dimensity 7020 Processor,17.22 cm (6.78 inch) Full HD+ Display,108MP (OIS) + 2MP + 2MP | 32MP Front Camera,,https://www.flipkart.com/infinix-note-40-pro-5g-titan-gold-256-gb/p/itmabf2f4763835d?pid=MOBGZCBWJ36YUPPF&lid=LSTMOBGZCBWJ36YUPPF06LOZW&marketplace=FLIPKART&q=smart+phones&store=tyy%2F4io&srno=s_22_524&otracker=search&fm=organic&iid=46fd318a-ea66-4133-a7ea-11330c53c982.MOBGZCBWJ36YUPPF.SEARCH&ppt=None&ppn=None&ssid=nzdpjipf0g0000001790850071162&qH=a5594894156db043&ov_redirect=true,2026-10-01
525,"realme C100i (Midnight Black, 64 GB)",realme,16499,25999,36% off,4.1,46,7,4 GB RAM,64 GB ROM,6500 mAh lithium-ion polymer Battery,T7250 Processor,17.14 cm (6.75 inch) HD+ Display,8MP Rear Camera | 5MP Front Camera,,https://www.flipkart.com/realme-c100i-midnight-black-64-gb/p/itm906b09160c2d6?pid=MOBHQFDAEZCFZUB8&lid=LSTMOBHQFDAEZCFZUB8TTHRO7&marketplace=FLIPKART&q=smart+phones&store=tyy%2F4io&srno=s_22_525&otracker=search&fm=organic&iid=46fd318a-ea66-4133-a7ea-11330c53c982.MOBHQFDAEZCFZUB8.SEARCH&ppt=None&ppn=None&ssid=nzdpjipf0g0000001790850071162&qH=a5594894156db043&ov_redirect=true,2026-10-01
526,"vivo T5x 5G (Flame Red, 256 GB)",vivo,34999,56999,38% off,4.4,"25,689","1,916",8 GB RAM,256 GB ROM,7200 mAh Li-ion Battery,Dimensity 7400-Turbo Processor,17.17 cm (6.76 inch) Display,50MP + 2MP | 32MP Front Camera,,https://www.flipkart.com/vivo-t5x-5g-flame-red-256-gb/p/itm7da8aa253e72b?pid=MOBHQC8ZHQG8FZ3A&lid=LSTMOBHQC8ZHQG8FZ3AIBPD7I&marketplace=FLIPKART&q=smart+phones&store=tyy%2F4io&srno=s_22_526&otracker=search&fm=organic&iid=46fd318a-ea66-4133-a7ea-11330c53c982.MOBHQC8ZHQG8FZ3A.SEARCH&ppt=None&ppn=None&ssid=nzdpjipf0g0000001790850071162&qH=a5594894156db043&ov_redirect=true,2026-10-01
527,"POCO X8 Pro Max (White, 256 GB)",POCO,48999,57999,15% off,4.5,"2,057",418,12 GB RAM,256 GB ROM,9000 mAh Lithium-Ion Polymer With Silicon Carbon Technology Battery,Dimensity 9500s Processor,17.35 cm (6.83 inch) Full HD+ AMOLED Display,50MP + 8MP | 20MP Front Camera,,https://www.flipkart.com/poco-x8-pro-max-white-256-gb/p/itm38fa4fd504c3f?pid=MOBHMGG5YF569YNY&lid=LSTMOBHMGG5YF569YNYPQLFPD&marketplace=FLIPKART&q=smart+phones&store=tyy%2F4io&srno=s_22_527&otracker=search&fm=organic&iid=46fd318a-ea66-4133-a7ea-11330c53c982.MOBHMGG5YF569YNY.SEARCH&ppt=None&ppn=None&ssid=nzdpjipf0g0000001790850071162&qH=a5594894156db043&ov_redirect=true,2026-10-01
528,"Infinix SMART 20 (Sunlike Orange, 64 GB)",Infinix,13499,19999,32% off,3.9,295,34,4 GB RAM,64 GB ROM,5200 mAh Battery,Helio G81 Ultimate Processor,17.22 cm (6.78 inch) HD+ Display,8MP Rear Camera | 8MP Front Camera,,https://www.flipkart.com/infinix-smart-20-sunlike-orange-64-gb/p/itmf761cd49f9162?pid=MOBHNMEEHHA6JFGF&lid=LSTMOBHNMEEHHA6JFGFOAPBH0&marketplace=FLIPKART&q=smart+phones&store=tyy%2F4io&srno=s_22_528&otracker=search&fm=organic&iid=46fd318a-ea66-4133-a7ea-11330c53c982.MOBHNMEEHHA6JFGF.SEARCH&ppt=None&ppn=None&ssid=nzdpjipf0g0000001790850071162&qH=a5594894156db043&ov_redirect=true,2026-10-01
529,"realme P4 5G (Engine Blue, 128 GB)",realme,25999,,,4.4,"23,491","1,974",6 GB RAM,128 GB ROM,7000 mAh Battery,Mediatek Dimensity 7400 Processor,17.2 cm (6.77 inch) Display,50MP + 8MP | 16MP Front Camera,,https://www.flipkart.com/realme-p4-5g-engine-blue-128-gb/p/itmf836e6de035a5?pid=MOBHHWGMQQDHGHHB&lid=LSTMOBHHWGMQQDHGHHBVATZXL&marketplace=FLIPKART&q=smart+phones&store=tyy%2F4io&srno=s_23_529&otracker=search&fm=organic&iid=b51ebefc-875c-45ae-8988-d6a5cd83b360.MOBHHWGMQQDHGHHB.SEARCH&ppt=None&ppn=None&ssid=cnjmd5iyf40000001790850073991&qH=a5594894156db043&ov_redirect=true,2026-10-01
530,"Infinix SMART 8 HD (Shiny Gold, 64 GB)",Infinix,6699,7999,16% off,4.3,"41,511","2,729",3 GB RAM,64 GB ROM,5000 mAh Battery,T606 Processor,16.76 cm (6.6 inch) HD+ Display,13MP + AI Lens | 8MP Front Camera,,https://www.flipkart.com/infinix-smart-8-hd-shiny-gold-64-gb/p/itm709d885ba6ac1?pid=MOBGVAPXG4WHFR9M&lid=LSTMOBGVAPXG4WHFR9MJIYCWG&marketplace=FLIPKART&q=smart+phones&store=tyy%2F4io&srno=s_23_530&otracker=search&fm=organic&iid=b51ebefc-875c-45ae-8988-d6a5cd83b360.MOBGVAPXG4WHFR9M.SEARCH&ppt=None&ppn=None&ssid=cnjmd5iyf40000001790850073991&qH=a5594894156db043&ov_redirect=true,2026-10-01
531,"Tecno Spark Go 3 (Titanium Grey, 64 GB)",Tecno,12499,15999,21% off,4.1,221,15,4 GB RAM,64 GB ROM,5000 mAh Lithium Polymer Battery,T7250 Processor,17.12 cm (6.74 inch) HD+ Display,13MP Rear Camera | 8MP Front Camera,,https://www.flipkart.com/tecno-spark-go-3-titanium-grey-64-gb/p/itma9c8f128a61c6?pid=MOBHP2QY7GH4XWWS&lid=LSTMOBHP2QY7GH4XWWSUZBT2N&marketplace=FLIPKART&q=smart+phones&store=tyy%2F4io&srno=s_23_531&otracker=search&fm=organic&iid=en_Yoh0e_YnvTGya-Gk62obOuiMO1klgeWSZN1bt3XGyy-s4LSYnjRsmzLWuAItG5E3vdhgVIDAS43502YR2UC6WzzVjjVgBxhvbGO4C2Nu8sCOh03LjKJ-1ic6nDhOu8In&ppt=None&ppn=None&ssid=cnjmd5iyf40000001790850073991&qH=a5594894156db043&ov_redirect=true,2026-10-01
532,"POCO X8 5G (Fiery Orange, 256 GB)",POCO,35999,74999,52% off,4.2,49,12,8 GB RAM,256 GB ROM,9000 mAh Lithium-Ion Polymer Battery,6s Gen 4 Processor,17.35 cm (6.83 inch) Full HD+ AMOLED Display,50MP + 2MP | 16MP Front Camera,,https://www.flipkart.com/poco-x8-5g-fiery-orange-256-gb/p/itme804d92a8b9b4?pid=MOBHQ6XZGNCJKYDN&lid=LSTMOBHQ6XZGNCJKYDN1ECRVL&marketplace=FLIPKART&q=smart+phones&store=tyy%2F4io&srno=s_23_532&otracker=search&fm=organic&iid=b51ebefc-875c-45ae-8988-d6a5cd83b360.MOBHQ6XZGNCJKYDN.SEARCH&ppt=None&ppn=None&ssid=cnjmd5iyf40000001790850073991&qH=a5594894156db043&ov_redirect=true,2026-10-01
533,"MOTOROLA G04 (Sunrise Orange, 128 GB)",MOTOROLA,10999,,,4.1,"7,169",519,8 GB RAM,128 GB ROM,5000 mAh Battery,Unisoc T606 Processor,16.76 cm (6.6 inch) HD+ Display,16MP Rear Camera | 5MP Front Camera,,https://www.flipkart.com/motorola-g04-sunrise-orange-128-gb/p/itm4ea5277f581ad?pid=MOBGUFK4HYNKBQWY&lid=LSTMOBGUFK4HYNKBQWYYD0CJZ&marketplace=FLIPKART&q=smart+phones&store=tyy%2F4io&srno=s_23_533&otracker=search&fm=organic&iid=b51ebefc-875c-45ae-8988-d6a5cd83b360.MOBGUFK4HYNKBQWY.SEARCH&ppt=None&ppn=None&ssid=cnjmd5iyf40000001790850073991&qH=a5594894156db043&ov_redirect=true,2026-10-01
534,"Samsung M05 (Mint Green, 64 GB)",Samsung,6748,9999,32% off,4.3,"4,198",192,4 GB RAM,64 GB ROM,5000 mAh Battery,,17.02 cm (6.7 inch) Display,50MP Rear Camera,,https://www.flipkart.com/samsung-m05-mint-green-64-gb/p/itm99fc37d43aff8?pid=MOBH4Z9VZNVRFV85&lid=LSTMOBH4Z9VZNVRFV85ETWHK7&marketplace=FLIPKART&q=smart+phones&store=tyy%2F4io&srno=s_23_534&otracker=search&fm=organic&iid=b51ebefc-875c-45ae-8988-d6a5cd83b360.MOBH4Z9VZNVRFV85.SEARCH&ppt=None&ppn=None&ssid=cnjmd5iyf40000001790850073991&qH=a5594894156db043&ov_redirect=true,2026-10-01
535,"vivo T4R 5G (Arctic White, 128 GB)",vivo,22999,23499,2% off,4.4,"55,266","3,853",8 GB RAM,128 GB ROM,5700 mAh Battery,Dimensity 7400 5G Processor,17.2 cm (6.77 inch) Full HD+ Display,50MP (OIS) + 2MP | 32MP Front Camera,5G,https://www.flipkart.com/vivo-t4r-5g-arctic-white-128-gb/p/itm3a5653667cb9c?pid=MOBHE49GDEHE3XZD&lid=LSTMOBHE49GDEHE3XZDXHWSUS&marketplace=FLIPKART&q=smart+phones&store=tyy%2F4io&srno=s_23_535&otracker=search&fm=organic&iid=b51ebefc-875c-45ae-8988-d6a5cd83b360.MOBHE49GDEHE3XZD.SEARCH&ppt=None&ppn=None&ssid=cnjmd5iyf40000001790850073991&qH=a5594894156db043&ov_redirect=true,2026-10-01
536,"CMF by Nothing Phone 2 Pro (Orange, 128 GB)",CMF,18999,22999,17% off,4.4,"76,250","6,759",8 GB RAM,128 GB ROM,5000 mAh Battery,Dimensity 7300 Pro 5G Processor,17.2 cm (6.77 inch) Display,50MP + 50MP + 8MP | 16MP Front Camera,5G,https://www.flipkart.com/cmf-nothing-phone-2-pro-orange-128-gb/p/itm46a119f176627?pid=MOBHAUHAHD3TRJ7X&lid=LSTMOBHAUHAHD3TRJ7XRKZ0X4&marketplace=FLIPKART&q=smart+phones&store=tyy%2F4io&srno=s_23_536&otracker=search&fm=organic&iid=b51ebefc-875c-45ae-8988-d6a5cd83b360.MOBHAUHAHD3TRJ7X.SEARCH&ppt=None&ppn=None&ssid=cnjmd5iyf40000001790850073991&qH=a5594894156db043&ov_redirect=true,2026-10-01
537,"realme GT 8 Pro (Aston Martin Racing Green, 512 GB)",realme,79999,89999,11% off,4.6,113,23,16 GB RAM,512 GB ROM,7000 mAh Battery,8 Elite Gen 5 Processor,17.25 cm (6.79 inch) Quad HD+ Display,50MP + 50MP + 200MP | 32MP Front Camera,,https://www.flipkart.com/realme-gt-8-pro-aston-martin-racing-green-512-gb/p/itm78c31e0a1941f?pid=MOBHHEYXYCACJZPX&lid=LSTMOBHHEYXYCACJZPXHDYAML&marketplace=FLIPKART&q=smart+phones&store=tyy%2F4io&srno=s_23_537&otracker=search&fm=organic&iid=b51ebefc-875c-45ae-8988-d6a5cd83b360.MOBHHEYXYCACJZPX.SEARCH&ppt=None&ppn=None&ssid=cnjmd5iyf40000001790850073991&qH=a5594894156db043&ov_redirect=true,2026-10-01
538,"MOTOROLA G04 (Sunrise Orange, 64 GB)",MOTOROLA,9999,,,4.2,"16,143","1,019",4 GB RAM,64 GB ROM,5000 mAh Battery,Unisoc T606 Processor,16.76 cm (6.6 inch) HD+ Display,16MP Rear Camera | 5MP Front Camera,,https://www.flipkart.com/motorola-g04-sunrise-orange-64-gb/p/itm4fb15fb244a2b?pid=MOBGUFK4NYZHCY9V&lid=LSTMOBGUFK4NYZHCY9VIJW7PA&marketplace=FLIPKART&q=smart+phones&store=tyy%2F4io&srno=s_23_538&otracker=search&fm=organic&iid=b51ebefc-875c-45ae-8988-d6a5cd83b360.MOBGUFK4NYZHCY9V.SEARCH&ppt=None&ppn=None&ssid=cnjmd5iyf40000001790850073991&qH=a5594894156db043&ov_redirect=true,2026-10-01
539,"Infinix SMART 8 HD (Timber Black, 64 GB)",Infinix,6699,7999,16% off,4.3,"41,511","2,729",3 GB RAM,64 GB ROM,5000 mAh Battery,T606 Processor,16.76 cm (6.6 inch) HD+ Display,13MP + AI Lens | 8MP Front Camera,,https://www.flipkart.com/infinix-smart-8-hd-timber-black-64-gb/p/itm709d885ba6ac1?pid=MOBGVAPX8EG26HZW&lid=LSTMOBGVAPX8EG26HZW7NAQCU&marketplace=FLIPKART&q=smart+phones&store=tyy%2F4io&srno=s_23_539&otracker=search&fm=organic&iid=b51ebefc-875c-45ae-8988-d6a5cd83b360.MOBGVAPX8EG26HZW.SEARCH&ppt=None&ppn=None&ssid=cnjmd5iyf40000001790850073991&qH=a5594894156db043&ov_redirect=true,2026-10-01
540,"REDMI 13c 5G (Startrail Green, 128 GB)",REDMI,9654,13999,31% off,4.2,"36,386","1,521",4 GB RAM,128 GB ROM,5000 mAh Battery,,17.12 cm (6.74 inch) Display,50MP Rear Camera,,https://www.flipkart.com/redmi-13c-5g-startrail-green-128-gb/p/itm996fbc603ec3c?pid=MOBGW6S7FHYCJQPB&lid=LSTMOBGW6S7FHYCJQPB3P05BF&marketplace=FLIPKART&q=smart+phones&store=tyy%2F4io&srno=s_23_540&otracker=search&fm=organic&iid=b51ebefc-875c-45ae-8988-d6a5cd83b360.MOBGW6S7FHYCJQPB.SEARCH&ppt=None&ppn=None&ssid=cnjmd5iyf40000001790850073991&qH=a5594894156db043&ov_redirect=true,2026-10-01
541,"BOLTT EVO (Midnight Black, 128 GB)",BOLTT,11499,18999,39% off,3.9,"1,593",737,6 GB RAM,128 GB ROM,6000 mAh Lithium ion Battery,T7250 Processor,6.79'' HD+ punch hole display,50MP + 2MP | 8MP Front Camera,,https://www.flipkart.com/boltt-evo-midnight-black-128-gb/p/itmf046d663a1fd7?pid=MOBHPP59RWHM2PJH&lid=LSTMOBHPP59RWHM2PJHUUF4AF&marketplace=FLIPKART&q=smart+phones&store=tyy%2F4io&srno=s_23_541&otracker=search&fm=organic&iid=b51ebefc-875c-45ae-8988-d6a5cd83b360.MOBHPP59RWHM2PJH.SEARCH&ppt=None&ppn=None&ssid=cnjmd5iyf40000001790850073991&qH=a5594894156db043&ov_redirect=true,2026-10-01
542,"Motorola e13 (Cosmic Black, 64 GB)",Motorola,6999,9999,30% off,4,"11,813",925,2 GB RAM,64 GB ROM,5000 mAh Battery,Unisoc T606 Processor,16.51 cm (6.5 inch) HD+ Display,13MP Rear Camera | 5MP Front Camera,,https://www.flipkart.com/motorola-e13-cosmic-black-64-gb/p/itmc10aa73e79d04?pid=MOBGKHNB6PCCHQHS&lid=LSTMOBGKHNB6PCCHQHSVL1XN3&marketplace=FLIPKART&q=smart+phones&store=tyy%2F4io&srno=s_23_542&otracker=search&fm=organic&iid=b51ebefc-875c-45ae-8988-d6a5cd83b360.MOBGKHNB6PCCHQHS.SEARCH&ppt=None&ppn=None&ssid=cnjmd5iyf40000001790850073991&qH=a5594894156db043&ov_redirect=true,2026-10-01
543,"realme C61 (Marble Black, 64 GB)",realme,7249,8999,19% off,4.3,"37,545","1,667",4 GB RAM,64 GB ROM,5000 mAh Battery,T612 Processor,17.13 cm (6.745 inch) HD+ Display,32MP Rear Camera | 5MP Front Camera,,https://www.flipkart.com/realme-c61-marble-black-64-gb/p/itmd6ddbcefce040?pid=MOBHFRKRAHPWY9JA&lid=LSTMOBHFRKRAHPWY9JADLJL0N&marketplace=FLIPKART&q=smart+phones&store=tyy%2F4io&srno=s_23_543&otracker=search&fm=organic&iid=b51ebefc-875c-45ae-8988-d6a5cd83b360.MOBHFRKRAHPWY9JA.SEARCH&ppt=None&ppn=None&ssid=cnjmd5iyf40000001790850073991&qH=a5594894156db043&ov_redirect=true,2026-10-01
544,"Nothing Phone (4a) (Pink, 256 GB)",Nothing,46999,,,4.5,"1,564",154,12 GB RAM,256 GB ROM,5400 mAh Lithium ion Battery,Snapdragon 7s Gen 4 Processor,17.22 cm (6.78 inch) Full HD+ AMOLED Display,50MP + 50MP + 8MP | 32MP Front Camera,,https://www.flipkart.com/nothing-phone-4a-pink-256-gb/p/itm47712249513d4?pid=MOBHM2ZUZRZARU6Z&lid=LSTMOBHM2ZUZRZARU6Z0ACBE2&marketplace=FLIPKART&q=smart+phones&store=tyy%2F4io&srno=s_23_544&otracker=search&fm=organic&iid=b51ebefc-875c-45ae-8988-d6a5cd83b360.MOBHM2ZUZRZARU6Z.SEARCH&ppt=None&ppn=None&ssid=cnjmd5iyf40000001790850073991&qH=a5594894156db043&ov_redirect=true,2026-10-01
545,"vivo T5x 5G (Cyber Green, 128 GB)",vivo,30999,,,4.4,"25,689","1,916",8 GB RAM,128 GB ROM,7200 mAh Li-ion Battery,Dimensity 7400-Turbo Processor,17.17 cm (6.76 inch) Display,50MP + 2MP | 32MP Front Camera,,https://www.flipkart.com/vivo-t5x-5g-cyber-green-128-gb/p/itm7da8aa253e72b?pid=MOBHH69NM5ERRNFT&lid=LSTMOBHH69NM5ERRNFTB1RHB5&marketplace=FLIPKART&q=smart+phones&store=tyy%2F4io&srno=s_23_545&otracker=search&fm=organic&iid=b51ebefc-875c-45ae-8988-d6a5cd83b360.MOBHH69NM5ERRNFT.SEARCH&ppt=None&ppn=None&ssid=cnjmd5iyf40000001790850073991&qH=a5594894156db043&ov_redirect=true,2026-10-01
546,"POCO M8 Power 5G (Blaze Orange, 128 GB)",POCO,27999,59999,53% off,4.6,376,272,8 GB RAM,128 GB ROM,8000 mAh Lithium-Ion Polymer Battery,Snapdragon Gen 4 Processor,17.75 cm (6.99 inch) Full HD+ AMOLED Display,50MP Rear Camera | 8MP Front Camera,,https://www.flipkart.com/poco-m8-power-5g-blaze-orange-128-gb/p/itme6ed250ab73df?pid=MOBHPCYNFWHRJD8C&lid=LSTMOBHPCYNFWHRJD8C5JT1AV&marketplace=FLIPKART&q=smart+phones&store=tyy%2F4io&srno=s_23_546&otracker=search&fm=organic&iid=b51ebefc-875c-45ae-8988-d6a5cd83b360.MOBHPCYNFWHRJD8C.SEARCH&ppt=None&ppn=None&ssid=cnjmd5iyf40000001790850073991&qH=a5594894156db043&ov_redirect=true,2026-10-01
547,"REDMI 13c 5G (Startrail Silver, 128 GB)",REDMI,9369,14074,33% off,4.2,"36,386","1,521",4 GB RAM,128 GB ROM,5000 mAh Battery,,17.12 cm (6.74 inch) Display,50MP Rear Camera,,https://www.flipkart.com/redmi-13c-5g-startrail-silver-128-gb/p/itm996fbc603ec3c?pid=MOBGW6S73JBHWZQS&lid=LSTMOBGW6S73JBHWZQSZJ2XVJ&marketplace=FLIPKART&q=smart+phones&store=tyy%2F4io&srno=s_23_547&otracker=search&fm=organic&iid=b51ebefc-875c-45ae-8988-d6a5cd83b360.MOBGW6S73JBHWZQS.SEARCH&ppt=None&ppn=None&ssid=cnjmd5iyf40000001790850073991&qH=a5594894156db043&ov_redirect=true,2026-10-01
548,"MOTOROLA g35 5G (Guava Red, 128 GB)",MOTOROLA,12499,,,4.2,"1,40,656","9,747",4 GB RAM,128 GB ROM,5000 mAh Battery,T760 Processor,17.07 cm (6.72 inch) Full HD+ Display,50MP + 8MP | 16MP Front Camera,5G,https://www.flipkart.com/motorola-g35-5g-guava-red-128-gb/p/itm39bba58f6cdfc?pid=MOBH3YGPWZZB9ZZK&lid=LSTMOBH3YGPWZZB9ZZKFWIZWR&marketplace=FLIPKART&q=smart+phones&store=tyy%2F4io&srno=s_23_548&otracker=search&fm=organic&iid=b51ebefc-875c-45ae-8988-d6a5cd83b360.MOBH3YGPWZZB9ZZK.SEARCH&ppt=None&ppn=None&ssid=cnjmd5iyf40000001790850073991&qH=a5594894156db043&ov_redirect=true,2026-10-01
549,"Motorola e13 (Cosmic Black, 64 GB)",Motorola,10999,,,4.1,"1,05,726","7,722",4 GB RAM,64 GB ROM,5000 mAh Battery,Unisoc T606 Processor,16.51 cm (6.5 inch) HD+ Display,13MP Rear Camera | 5MP Front Camera,,https://www.flipkart.com/motorola-e13-cosmic-black-64-gb/p/itm2cd6a5ea435eb?pid=MOBGKHNBBMSUE94W&lid=LSTMOBGKHNBBMSUE94WLKIEFB&marketplace=FLIPKART&q=smart+phones&store=tyy%2F4io&srno=s_23_549&otracker=search&fm=organic&iid=b51ebefc-875c-45ae-8988-d6a5cd83b360.MOBGKHNBBMSUE94W.SEARCH&ppt=None&ppn=None&ssid=cnjmd5iyf40000001790850073991&qH=a5594894156db043&ov_redirect=true,2026-10-01
550,"Google Pixel 10a (Lavender, 256 GB)",Google,47999,55999,14% off,4.5,"3,183",359,8 GB RAM,256 GB ROM,5100 mAh Lithium Battery,Tensor G4 Processor,16.0 cm (6.3 inch) Full HD+ AMOLED Display,48MP + 13MP | 13MP Front Camera,,https://www.flipkart.com/google-pixel-10a-lavender-256-gb/p/itmba3073a0f391e?pid=MOBHP6CE4EYBUEW9&lid=LSTMOBHP6CE4EYBUEW9IMTJGH&marketplace=FLIPKART&q=smart+phones&store=tyy%2F4io&srno=s_23_550&otracker=search&fm=organic&iid=b51ebefc-875c-45ae-8988-d6a5cd83b360.MOBHP6CE4EYBUEW9.SEARCH&ppt=None&ppn=None&ssid=cnjmd5iyf40000001790850073991&qH=a5594894156db043&ov_redirect=true,2026-10-01
551,"Samsung Galaxy A14 5G (Light Green, 128 GB)",Samsung,14990,20999,28% off,4.2,"81,762","4,001",6 GB RAM,128 GB ROM,5000 mAh Lithium Ion Battery,Exynos 1330 Processor,16.76 cm (6.6 inch) Full HD+ Display,50MP + 2MP + 2MP | 13MP Front Camera,,https://www.flipkart.com/samsung-galaxy-a14-5g-light-green-128-gb/p/itmabe91abe7ba0c?pid=MOBGHT8UU3STRKZS&lid=LSTMOBGHT8UU3STRKZSCODPKE&marketplace=FLIPKART&q=smart+phones&store=tyy%2F4io&srno=s_23_551&otracker=search&fm=organic&iid=b51ebefc-875c-45ae-8988-d6a5cd83b360.MOBGHT8UU3STRKZS.SEARCH&ppt=None&ppn=None&ssid=cnjmd5iyf40000001790850073991&qH=a5594894156db043&ov_redirect=true,2026-10-01
552,"Samsung Galaxy F16 5G (Bling Black, 128 GB)",Samsung,15499,18999,18% off,4.2,"3,686",275,8 GB RAM,128 GB ROM,5000 mAh Battery,Dimensity 6300 Processor,16.91 cm (6.657 inch) Full HD+ Display,50MP + 5MP + 2MP | 13MP Front Camera,,https://www.flipkart.com/samsung-galaxy-f16-5g-bling-black-128-gb/p/itmc78bc1cee0259?pid=MOBH9ASGP3ZH2AF7&lid=LSTMOBH9ASGP3ZH2AF7G11WXL&marketplace=FLIPKART&q=smart+phones&store=tyy%2F4io&srno=s_23_552&otracker=search&fm=organic&iid=b51ebefc-875c-45ae-8988-d6a5cd83b360.MOBH9ASGP3ZH2AF7.SEARCH&ppt=None&ppn=None&ssid=cnjmd5iyf40000001790850073991&qH=a5594894156db043&ov_redirect=true,2026-10-01
553,"Mivi One 5G (Dark Blue, 128 GB)",Mivi,16499,25999,36% off,,,,8 GB RAM,128 GB ROM,6000 mAh Lithium Polymer Battery,Snapdragon 4 Gen 2 Processor,17.14 cm (6.75 inch) HD+ Display,50MP Rear Camera | 8MP Front Camera,,https://www.flipkart.com/mivi-one-5g-dark-blue-128-gb/p/itmc4fe391b356ab?pid=MOBHR3ZPKTQ7SMZQ&lid=LSTMOBHR3ZPKTQ7SMZQ8S0OLE&marketplace=FLIPKART&q=smart+phones&store=tyy%2F4io&srno=s_24_553&otracker=search&fm=organic&iid=6a2d3508-2a0e-4b7a-8446-24e4dbbeae73.MOBHR3ZPKTQ7SMZQ.SEARCH&ppt=None&ppn=None&ssid=27r4ghyo740000001790850076836&qH=a5594894156db043&ov_redirect=true,2026-10-01
554,"realme P4 Lite (Beach Gold, 64 GB)",realme,16499,24999,34% off,3.9,"6,942",455,4 GB RAM,64 GB ROM,6300 mAh Battery,T7250 Processor,17.14 cm (6.75 inch) HD+ Display,13MP Rear Camera | 5MP Front Camera,,https://www.flipkart.com/realme-p4-lite-beach-gold-64-gb/p/itm029fbc88fdc91?pid=MOBHMX7KF4XYHTDM&lid=LSTMOBHMX7KF4XYHTDMBW6TWC&marketplace=FLIPKART&q=smart+phones&store=tyy%2F4io&srno=s_24_554&otracker=search&fm=organic&iid=6a2d3508-2a0e-4b7a-8446-24e4dbbeae73.MOBHMX7KF4XYHTDM.SEARCH&ppt=None&ppn=None&ssid=27r4ghyo740000001790850076836&qH=a5594894156db043&ov_redirect=true,2026-10-01
555,"Infinix Note 40 Pro 5G (Obsidian Black, 256 GB)",Infinix,21999,27999,21% off,4.2,"37,516","2,618",8 GB RAM,256 GB ROM,5000 mAh Battery,Mediatek Dimensity 7020 Processor,17.22 cm (6.78 inch) Full HD+ Display,108MP (OIS) + 2MP + 2MP | 32MP Front Camera,,https://www.flipkart.com/infinix-note-40-pro-5g-obsidian-black-256-gb/p/itmabf2f4763835d?pid=MOBGZCBW35ZRYRQJ&lid=LSTMOBGZCBW35ZRYRQJTF4HLO&marketplace=FLIPKART&q=smart+phones&store=tyy%2F4io&srno=s_24_555&otracker=search&fm=organic&iid=6a2d3508-2a0e-4b7a-8446-24e4dbbeae73.MOBGZCBW35ZRYRQJ.SEARCH&ppt=None&ppn=None&ssid=27r4ghyo740000001790850076836&qH=a5594894156db043&ov_redirect=true,2026-10-01
556,"realme P4 Lite (Obsidian Black, 64 GB)",realme,16499,24999,34% off,3.9,"6,942",455,4 GB RAM,64 GB ROM,6300 mAh Battery,T7250 Processor,17.14 cm (6.75 inch) HD+ Display,13MP Rear Camera | 5MP Front Camera,,https://www.flipkart.com/realme-p4-lite-obsidian-black-64-gb/p/itm029fbc88fdc91?pid=MOBHMX7KPTHEQGUE&lid=LSTMOBHMX7KPTHEQGUELU3ZBF&marketplace=FLIPKART&q=smart+phones&store=tyy%2F4io&srno=s_24_556&otracker=search&fm=organic&iid=6a2d3508-2a0e-4b7a-8446-24e4dbbeae73.MOBHMX7KPTHEQGUE.SEARCH&ppt=None&ppn=None&ssid=27r4ghyo740000001790850076836&qH=a5594894156db043&ov_redirect=true,2026-10-01
557,"Tecno Spark Go 3 (Ink Black, 64 GB)",Tecno,12499,15999,21% off,4.1,221,15,4 GB RAM,64 GB ROM,5000 mAh Lithium Polymer Battery,T7250 Processor,17.12 cm (6.74 inch) HD+ Display,13MP Rear Camera | 8MP Front Camera,,https://www.flipkart.com/tecno-spark-go-3-ink-black-64-gb/p/itma9c8f128a61c6?pid=MOBHP2QYCXZZE3CM&lid=LSTMOBHP2QYCXZZE3CMWW64IB&marketplace=FLIPKART&q=smart+phones&store=tyy%2F4io&srno=s_24_557&otracker=search&fm=organic&iid=en_vFjlzDIm4Jug2DnlIdTuja0khFCHA1ul6tyeyjhDjflD1Oh1zG3wqJBNVU7tDMGgXSTZgtzvjftyjvmwmzsaRjzVjjVgBxhvbGO4C2Nu8sDogAt15Luqa2kw9MKU136r&ppt=None&ppn=None&ssid=27r4ghyo740000001790850076836&qH=a5594894156db043&ov_redirect=true,2026-10-01
558,"Tecno Spark Go 3 (Titanium Grey, 64 GB)",Tecno,12499,15999,21% off,4.1,221,15,4 GB RAM,64 GB ROM,5000 mAh Lithium Polymer Battery,T7250 Processor,17.12 cm (6.74 inch) HD+ Display,13MP Rear Camera | 8MP Front Camera,,https://www.flipkart.com/tecno-spark-go-3-titanium-grey-64-gb/p/itma9c8f128a61c6?pid=MOBHP2QY7GH4XWWS&lid=LSTMOBHP2QY7GH4XWWSUZBT2N&marketplace=FLIPKART&q=smart+phones&store=tyy%2F4io&srno=s_24_558&otracker=search&fm=organic&iid=en_vFjlzDIm4Jug2DnlIdTuja0khFCHA1ul6tyeyjhDjfmfehxDHTpzYakN_JDDm8VIvdhgVIDAS43502YR2UC6WwiCj5dWzPgr1ZNpuYyjSmjogAt15Luqa2kw9MKU136r&ppt=None&ppn=None&ssid=27r4ghyo740000001790850076836&qH=a5594894156db043&ov_redirect=true,2026-10-01
559,"OPPO Reno16c 5G (Stellar Purple, 128 GB)",OPPO,52999,74999,29% off,4.5,493,109,8 GB RAM,128 GB ROM,7000 mAh lithium-ion polymer Battery,Dimensity 7300 Processor,16.69 cm (6.57 inch) Full HD+ Display,50MP + 8MP + 50MP | 50MP Front Camera,,https://www.flipkart.com/oppo-reno16c-5g-stellar-purple-128-gb/p/itm11564d55ef044?pid=MOBHZMBRQFXPEWGR&lid=LSTMOBHZMBRQFXPEWGRIDOD6Q&marketplace=FLIPKART&q=smart+phones&store=tyy%2F4io&srno=s_24_559&otracker=search&fm=organic&iid=6a2d3508-2a0e-4b7a-8446-24e4dbbeae73.MOBHZMBRQFXPEWGR.SEARCH&ppt=None&ppn=None&ssid=27r4ghyo740000001790850076836&qH=a5594894156db043&ov_redirect=true,2026-10-01
560,"Nothing Phone (4a) (White, 256 GB)",Nothing,50999,65999,22% off,4.5,"1,564",154,12 GB RAM,256 GB ROM,5400 mAh Lithium ion Battery,Snapdragon 7s Gen 4 Processor,17.22 cm (6.78 inch) Full HD+ AMOLED Display,50MP + 50MP + 8MP | 32MP Front Camera,,https://www.flipkart.com/nothing-phone-4a-white-256-gb/p/itm4d8bff10483ce?pid=MOBHZAWYHWYKGGWD&lid=LSTMOBHZAWYHWYKGGWDULVXZC&marketplace=FLIPKART&q=smart+phones&store=tyy%2F4io&srno=s_24_560&otracker=search&fm=organic&iid=6a2d3508-2a0e-4b7a-8446-24e4dbbeae73.MOBHZAWYHWYKGGWD.SEARCH&ppt=None&ppn=None&ssid=27r4ghyo740000001790850076836&qH=a5594894156db043&ov_redirect=true,2026-10-01
561,"realme P4 Lite (Beach Gold, 128 GB)",realme,18499,27999,33% off,3.9,"6,942",455,4 GB RAM,128 GB ROM,6300 mAh Battery,T7250 Processor,17.14 cm (6.75 inch) HD+ Display,13MP Rear Camera | 5MP Front Camera,,https://www.flipkart.com/realme-p4-lite-beach-gold-128-gb/p/itm029fbc88fdc91?pid=MOBHMX7KHWGRBXZV&lid=LSTMOBHMX7KHWGRBXZVPJ1YVY&marketplace=FLIPKART&q=smart+phones&store=tyy%2F4io&srno=s_24_561&otracker=search&fm=organic&iid=6a2d3508-2a0e-4b7a-8446-24e4dbbeae73.MOBHMX7KHWGRBXZV.SEARCH&ppt=None&ppn=None&ssid=27r4ghyo740000001790850076836&qH=a5594894156db043&ov_redirect=true,2026-10-01
562,"Infinix Hot 60 5G+ (Sleek Black, 128 GB)",Infinix,17999,,,4.2,"3,698",313,6 GB RAM,128 GB ROM,5200 mAh Battery,Dimensity 7020 Processor,17.02 cm (6.7 inch) HD+ Display,50MP Rear Camera | 8MP Front Camera,,https://www.flipkart.com/infinix-hot-60-5g-sleek-black-128-gb/p/itm2154889174b3a?pid=MOBHDMJZNEGZHUHR&lid=LSTMOBHDMJZNEGZHUHRGHQMV9&marketplace=FLIPKART&q=smart+phones&store=tyy%2F4io&srno=s_24_562&otracker=search&fm=organic&iid=6a2d3508-2a0e-4b7a-8446-24e4dbbeae73.MOBHDMJZNEGZHUHR.SEARCH&ppt=None&ppn=None&ssid=27r4ghyo740000001790850076836&qH=a5594894156db043&ov_redirect=true,2026-10-01
563,"Motorola Edge 40 Neo (Soothing Sea, 128 GB)",Motorola,27999,,,4.3,"57,630","6,027",8 GB RAM,128 GB ROM,5000 mAh Battery,Dimensity 7030 Processor,16.64 cm (6.55 inch) Full HD+ Display,50MP + 13MP | 32MP Front Camera,,https://www.flipkart.com/motorola-edge-40-neo-soothing-sea-128-gb/p/itmcfb87467e7d9a?pid=MOBGQFX6AG2JD2XT&lid=LSTMOBGQFX6AG2JD2XTMNTYDO&marketplace=FLIPKART&q=smart+phones&store=tyy%2F4io&srno=s_24_563&otracker=search&fm=organic&iid=6a2d3508-2a0e-4b7a-8446-24e4dbbeae73.MOBGQFX6AG2JD2XT.SEARCH&ppt=None&ppn=None&ssid=27r4ghyo740000001790850076836&qH=a5594894156db043&ov_redirect=true,2026-10-01
564,"vivo Y05 (Champagne Gold, 64 GB)",vivo,12991,22999,43% off,3.5,346,22,4 GB RAM,64 GB ROM,6500 mAh Li-ion Battery,T7225 Processor,17.12 cm (6.74 inch) HD+ Display,8MP Rear Camera | 5MP Front Camera,,https://www.flipkart.com/vivo-y05-champagne-gold-64-gb/p/itm7b1e1a65e7c1f?pid=MOBHMCWFFJRJVHZB&lid=LSTMOBHMCWFFJRJVHZBWUSL5V&marketplace=FLIPKART&q=smart+phones&store=tyy%2F4io&srno=s_24_564&otracker=search&fm=organic&iid=6a2d3508-2a0e-4b7a-8446-24e4dbbeae73.MOBHMCWFFJRJVHZB.SEARCH&ppt=None&ppn=None&ssid=27r4ghyo740000001790850076836&qH=a5594894156db043&ov_redirect=true,2026-10-01
565,"realme P2 Pro 5G (Parrot Green, 128 GB)",realme,17999,25999,30% off,4.4,"17,335","1,352",8 GB RAM,128 GB ROM,5200 mAh Battery,7s Gen2 Processor,17.02 cm (6.7 inch) Full HD+ Display,50MP + 8MP | 32MP Front Camera,,https://www.flipkart.com/realme-p2-pro-5g-parrot-green-128-gb/p/itm53d39fff9f20c?pid=MOBH45GSFFNCGSGR&lid=LSTMOBH45GSFFNCGSGRZYQX51&marketplace=FLIPKART&q=smart+phones&store=tyy%2F4io&srno=s_24_565&otracker=search&fm=organic&iid=6a2d3508-2a0e-4b7a-8446-24e4dbbeae73.MOBH45GSFFNCGSGR.SEARCH&ppt=None&ppn=None&ssid=27r4ghyo740000001790850076836&qH=a5594894156db043&ov_redirect=true,2026-10-01
566,"OnePlus Nord CE5 5G (Nexus Blue, 128 GB)",OnePlus,35000,35999,2% off,4.5,"12,655",874,8 GB RAM,128 GB ROM,7100 mAh Battery,,17.2 cm (6.77 inch) Display,50MP Rear Camera,,https://www.flipkart.com/oneplus-nord-ce5-5g-nexus-blue-128-gb/p/itm9259708fe4e3c?pid=MOBHEYWZJTSYPHBM&lid=LSTMOBHEYWZJTSYPHBMX89BO8&marketplace=FLIPKART&q=smart+phones&store=tyy%2F4io&srno=s_24_566&otracker=search&fm=organic&iid=6a2d3508-2a0e-4b7a-8446-24e4dbbeae73.MOBHEYWZJTSYPHBM.SEARCH&ppt=None&ppn=None&ssid=27r4ghyo740000001790850076836&qH=a5594894156db043&ov_redirect=true,2026-10-01
567,"POCO X8 Pro (Black, 256 GB)",POCO,39999,50999,21% off,4.3,"4,037",702,8 GB RAM,256 GB ROM,6500 mAh Lithium-Ion Polymer With Silicon Carbon Technology Battery,Dimensity 8500-Ultra Processor,16.74 cm (6.59 inch) Full HD+ AMOLED Display,50MP + 8MP | 20MP Front Camera,,https://www.flipkart.com/poco-x8-pro-black-256-gb/p/itmfbd9f2b2c7db9?pid=MOBHMGG5WYZAECZY&lid=LSTMOBHMGG5WYZAECZYJDRRYU&marketplace=FLIPKART&q=smart+phones&store=tyy%2F4io&srno=s_24_567&otracker=search&fm=organic&iid=6a2d3508-2a0e-4b7a-8446-24e4dbbeae73.MOBHMGG5WYZAECZY.SEARCH&ppt=None&ppn=None&ssid=27r4ghyo740000001790850076836&qH=a5594894156db043&ov_redirect=true,2026-10-01
568,"Infinix Hot 50 5G (Sleek Black, 128 GB)",Infinix,9999,12999,23% off,4.3,"5,603",425,4 GB RAM,128 GB ROM,5000 mAh Lithium-ion Polymer Battery,Dimensity 6300 Processor,17.02 cm (6.7 inch) HD+ Display,48MP + Depth Sensor | 8MP Front Camera,,https://www.flipkart.com/infinix-hot-50-5g-sleek-black-128-gb/p/itm61d8bc127842c?pid=MOBH45GFYZV4QKF7&lid=LSTMOBH45GFYZV4QKF7NUWEFC&marketplace=FLIPKART&q=smart+phones&store=tyy%2F4io&srno=s_24_568&otracker=search&fm=organic&iid=6a2d3508-2a0e-4b7a-8446-24e4dbbeae73.MOBH45GFYZV4QKF7.SEARCH&ppt=None&ppn=None&ssid=27r4ghyo740000001790850076836&qH=a5594894156db043&ov_redirect=true,2026-10-01
569,"Apple iPhone 15 (Black, 256 GB)",Apple,69900,,,4.6,"2,49,074","9,818",,,,"A16 Bionic Chip, 6 Core Processor Processor",15.49 cm (6.1 inch) Super Retina XDR Display,48MP + 12MP | 12MP Front Camera,,https://www.flipkart.com/apple-iphone-15-black-256-gb/p/itm6f0727e3e3b52?pid=MOBGTAGPSMHFKHT5&lid=LSTMOBGTAGPSMHFKHT5PIEVPX&marketplace=FLIPKART&q=smart+phones&store=tyy%2F4io&srno=s_24_569&otracker=search&fm=organic&iid=6a2d3508-2a0e-4b7a-8446-24e4dbbeae73.MOBGTAGPSMHFKHT5.SEARCH&ppt=None&ppn=None&ssid=27r4ghyo740000001790850076836&qH=a5594894156db043&ov_redirect=true,2026-10-01
570,"POCO M7 Pro 5G (Lunar Dust, 128 GB)",POCO,14999,18999,21% off,4.3,"38,625","3,330",6 GB RAM,128 GB ROM,5110 mAh Battery,Dimensity 7025 Ultra Processor,16.94 cm (6.67 inch) Full HD+ Display,50MP + 2MP | 20MP Front Camera,,https://www.flipkart.com/poco-m7-pro-5g-lunar-dust-128-gb/p/itm59a079d57519a?pid=MOBH7443YUP5EJXZ&lid=LSTMOBH7443YUP5EJXZN5B3CD&marketplace=FLIPKART&q=smart+phones&store=tyy%2F4io&srno=s_24_570&otracker=search&fm=organic&iid=6a2d3508-2a0e-4b7a-8446-24e4dbbeae73.MOBH7443YUP5EJXZ.SEARCH&ppt=None&ppn=None&ssid=27r4ghyo740000001790850076836&qH=a5594894156db043&ov_redirect=true,2026-10-01
571,"realme P4 Lite 5G (Mosaic Blue, 128 GB)",realme,23999,36999,35% off,4.2,"2,443",198,6 GB RAM,128 GB ROM,7000 mAh lithium-ion polymer Battery,Dimensity 6300 Processor,17.27 cm (6.8 inches) HD+ Display,13MP Rear Camera | 5MP Front Camera,,https://www.flipkart.com/realme-p4-lite-5g-mosaic-blue-128-gb/p/itm90c243961f214?pid=MOBHN7A8AG9TYTW6&lid=LSTMOBHN7A8AG9TYTW6TPN67C&marketplace=FLIPKART&q=smart+phones&store=tyy%2F4io&srno=s_24_571&otracker=search&fm=organic&iid=6a2d3508-2a0e-4b7a-8446-24e4dbbeae73.MOBHN7A8AG9TYTW6.SEARCH&ppt=None&ppn=None&ssid=27r4ghyo740000001790850076836&qH=a5594894156db043&ov_redirect=true,2026-10-01
572,"vivo T4R 5G (Twilight Blue, 256 GB)",vivo,26999,,,4.4,"5,394",370,12 GB RAM,256 GB ROM,5700 mAh Battery,Dimensity 7400 5G Processor,17.2 cm (6.77 inch) Full HD+ Display,50MP (OIS) + 2MP | 32MP Front Camera,5G,https://www.flipkart.com/vivo-t4r-5g-twilight-blue-256-gb/p/itm3a5653667cb9c?pid=MOBHE49G72APGZBN&lid=LSTMOBHE49G72APGZBNYKWXSR&marketplace=FLIPKART&q=smart+phones&store=tyy%2F4io&srno=s_24_572&otracker=search&fm=organic&iid=6a2d3508-2a0e-4b7a-8446-24e4dbbeae73.MOBHE49G72APGZBN.SEARCH&ppt=None&ppn=None&ssid=27r4ghyo740000001790850076836&qH=a5594894156db043&ov_redirect=true,2026-10-01
573,"REDMI A5  - Locked with Airtel Prepaid (Jaisalmer Gold, 64 GB)",REDMI,8999,,,4.1,"9,443",532,3 GB RAM,64 GB ROM,5200 mAh Battery,T7250 Processor,17.48 cm (6.88 inch) HD+ Display,32MP Rear Camera | 8MP Front Camera,,https://www.flipkart.com/redmi-a5-locked-airtel-prepaid-jaisalmer-gold-64-gb/p/itmff412b2ba92a3?pid=MOBHFKGTMYUXNYXU&lid=LSTMOBHFKGTMYUXNYXUQBVUC5&marketplace=FLIPKART&q=smart+phones&store=tyy%2F4io&srno=s_24_573&otracker=search&fm=organic&iid=6a2d3508-2a0e-4b7a-8446-24e4dbbeae73.MOBHFKGTMYUXNYXU.SEARCH&ppt=None&ppn=None&ssid=27r4ghyo740000001790850076836&qH=a5594894156db043&ov_redirect=true,2026-10-01
574,"vivo V60 5G (Mist Gray, 128 GB)",vivo,34810,41999,17% off,4.5,"4,217",410,8 GB RAM,128 GB ROM,6500 mAh Battery,7 Gen 4 Processor,17.2 cm (6.77 inch) Full HD+ Display,50MP + 8MP + 50MP | 50MP Front Camera,,https://www.flipkart.com/vivo-v60-5g-mist-gray-128-gb/p/itmf7d9e4b7bf0b2?pid=MOBHEGQSZFNJZ2BH&lid=LSTMOBHEGQSZFNJZ2BH5R2GAW&marketplace=FLIPKART&q=smart+phones&store=tyy%2F4io&srno=s_24_574&otracker=search&fm=organic&iid=6a2d3508-2a0e-4b7a-8446-24e4dbbeae73.MOBHEGQSZFNJZ2BH.SEARCH&ppt=None&ppn=None&ssid=27r4ghyo740000001790850076836&qH=a5594894156db043&ov_redirect=true,2026-10-01
575,"realme P3 Ultra 5G (Orion Red, 256 GB)",realme,28999,33999,14% off,4.4,"22,133","2,557",8 GB RAM,256 GB ROM,6000 mAh Battery,Dimensity 8350 Ultra Processor,17.35 cm (6.83 inch) Display,50MP + 8MP | 16MP Front Camera,,https://www.flipkart.com/realme-p3-ultra-5g-orion-red-256-gb/p/itm50171223b4a05?pid=MOBHAYKEEZW7DS2N&lid=LSTMOBHAYKEEZW7DS2NUWFGAD&marketplace=FLIPKART&q=smart+phones&store=tyy%2F4io&srno=s_24_575&otracker=search&fm=organic&iid=6a2d3508-2a0e-4b7a-8446-24e4dbbeae73.MOBHAYKEEZW7DS2N.SEARCH&ppt=None&ppn=None&ssid=27r4ghyo740000001790850076836&qH=a5594894156db043&ov_redirect=true,2026-10-01
576,"Mivi One 5G (Dark Blue, 128 GB)",Mivi,12999,21999,40% off,,,,4 GB RAM,128 GB ROM,6000 mAh Lithium Polymer Battery,Snapdragon 4 Gen 2 Processor,17.14 cm (6.75 inch) HD+ Display,50MP Rear Camera | 8MP Front Camera,,https://www.flipkart.com/mivi-one-5g-dark-blue-128-gb/p/itm413871647bf95?pid=MOBHR3ZPJZY9MMQH&lid=LSTMOBHR3ZPJZY9MMQHQCWPF9&marketplace=FLIPKART&q=smart+phones&store=tyy%2F4io&srno=s_24_576&otracker=search&fm=organic&iid=6a2d3508-2a0e-4b7a-8446-24e4dbbeae73.MOBHR3ZPJZY9MMQH.SEARCH&ppt=None&ppn=None&ssid=27r4ghyo740000001790850076836&qH=a5594894156db043&ov_redirect=true,2026-10-01
577,"Tecno Spark Go 3 (Titanium Grey, 64 GB)",Tecno,12499,15999,21% off,4.1,221,15,4 GB RAM,64 GB ROM,5000 mAh Lithium Polymer Battery,T7250 Processor,17.12 cm (6.74 inch) HD+ Display,13MP Rear Camera | 8MP Front Camera,,https://www.flipkart.com/tecno-spark-go-3-titanium-grey-64-gb/p/itma9c8f128a61c6?pid=MOBHP2QY7GH4XWWS&lid=LSTMOBHP2QY7GH4XWWSUZBT2N&marketplace=FLIPKART&q=smart+phones&store=tyy%2F4io&srno=s_25_577&otracker=search&fm=organic&iid=en_lVzK2N3V9JyTqYFjmthWYi207Rt2UjB31us_MRMiSvsiDWZ5NAoYJanyjQIrBSFBvdhgVIDAS43502YR2UC6WzzVjjVgBxhvbGO4C2Nu8sDZo2L6qEEag0iG3JTsSnge&ppt=None&ppn=None&ssid=6d800nuxi80000001790850079622&qH=a5594894156db043&ov_redirect=true,2026-10-01
578,"Tecno Spark Go 3 (Ink Black, 64 GB)",Tecno,12499,15999,21% off,4.1,221,15,4 GB RAM,64 GB ROM,5000 mAh Lithium Polymer Battery,T7250 Processor,17.12 cm (6.74 inch) HD+ Display,13MP Rear Camera | 8MP Front Camera,,https://www.flipkart.com/tecno-spark-go-3-ink-black-64-gb/p/itma9c8f128a61c6?pid=MOBHP2QYCXZZE3CM&lid=LSTMOBHP2QYCXZZE3CMWW64IB&marketplace=FLIPKART&q=smart+phones&store=tyy%2F4io&srno=s_25_578&otracker=search&fm=organic&iid=en_lVzK2N3V9JyTqYFjmthWYi207Rt2UjB31us_MRMiSvuwd9DOeLv3i5US94TyZMjiXSTZgtzvjftyjvmwmzsaRgiCj5dWzPgr1ZNpuYyjSmjZo2L6qEEag0iG3JTsSnge&ppt=None&ppn=None&ssid=6d800nuxi80000001790850079622&qH=a5594894156db043&ov_redirect=true,2026-10-01
579,"Infinix Hot 50 5G (Vibrant Blue, 128 GB)",Infinix,10999,14999,26% off,4.3,"17,396","1,326",8 GB RAM,128 GB ROM,5000 mAh Lithium-ion Polymer Battery,Dimensity 6300 Processor,17.02 cm (6.7 inch) HD+ Display,48MP + Depth Sensor | 8MP Front Camera,,https://www.flipkart.com/infinix-hot-50-5g-vibrant-blue-128-gb/p/itm61d8bc127842c?pid=MOBH45FZ9QH2BVKQ&lid=LSTMOBH45FZ9QH2BVKQT5WEMA&marketplace=FLIPKART&q=smart+phones&store=tyy%2F4io&srno=s_25_579&otracker=search&fm=organic&iid=891c2481-40a6-4b4f-8b87-3f50aa8e29c3.MOBH45FZ9QH2BVKQ.SEARCH&ppt=None&ppn=None&ssid=6d800nuxi80000001790850079622&qH=a5594894156db043&ov_redirect=true,2026-10-01
580,"BOLTT ACE 5G (Forest Green, 128 GB)",BOLTT,16999,28999,41% off,,,,8 GB RAM,128 GB ROM,6000 mAh Lithium ion Battery,T8200 Processor,17.25 cm (6.79 inch) HD+ Display,64MP Rear Camera | 8MP Front Camera,,https://www.flipkart.com/boltt-ace-5g-forest-green-128-gb/p/itm46174bc539701?pid=MOBHPP59JYBG7BDU&lid=LSTMOBHPP59JYBG7BDULUBAAX&marketplace=FLIPKART&q=smart+phones&store=tyy%2F4io&srno=s_25_580&otracker=search&fm=organic&iid=891c2481-40a6-4b4f-8b87-3f50aa8e29c3.MOBHPP59JYBG7BDU.SEARCH&ppt=None&ppn=None&ssid=6d800nuxi80000001790850079622&qH=a5594894156db043&ov_redirect=true,2026-10-01
581,"Infinix HOT 40i (Palm Blue, 256 GB)",Infinix,9999,10999,9% off,4.1,"21,748","1,332",8 GB RAM,256 GB ROM,5000 mAh Battery,Unisoc T606 Processor,16.76 cm (6.6 inch) HD+ Display,50MP + AI Lens | 32MP Front Camera,,https://www.flipkart.com/infinix-hot-40i-palm-blue-256-gb/p/itma7412e2a212c6?pid=MOBGXZGHGAD7H8QG&lid=LSTMOBGXZGHGAD7H8QGKOJZHW&marketplace=FLIPKART&q=smart+phones&store=tyy%2F4io&srno=s_25_581&otracker=search&fm=organic&iid=891c2481-40a6-4b4f-8b87-3f50aa8e29c3.MOBGXZGHGAD7H8QG.SEARCH&ppt=None&ppn=None&ssid=6d800nuxi80000001790850079622&qH=a5594894156db043&ov_redirect=true,2026-10-01
582,"Ai+ Nova 2 Power 5G (Golden Blue Fusion, 128 GB)",Ai+,16999,27999,39% off,,,,6 GB RAM,128 GB ROM,7000 mAh Li-polymer Battery,Dimensity 7100 Processor,17.14 cm (6.75 inch) HD+ Display,48MP + 8MP | 13MP Front Camera,,https://www.flipkart.com/ai-nova-2-power-5g-golden-blue-fusion-128-gb/p/itm7b8c83184267c?pid=MOBHQZVX5NEK5NEY&lid=LSTMOBHQZVX5NEK5NEY31WRWI&marketplace=FLIPKART&q=smart+phones&store=tyy%2F4io&srno=s_25_582&otracker=search&fm=organic&iid=891c2481-40a6-4b4f-8b87-3f50aa8e29c3.MOBHQZVX5NEK5NEY.SEARCH&ppt=None&ppn=None&ssid=6d800nuxi80000001790850079622&qH=a5594894156db043&ov_redirect=true,2026-10-01
583,"Google Pixel 11 Pro (Obsidian, 256 GB)",Google,119999,,,4.4,67,13,12 GB RAM,256 GB ROM,4850 mAh Lithium Battery,Tensor G6 Processor,16.0 cm (6.3 inch) Super Actua Display,50MP + 48MP + 48MP | 42MP Front Camera,,https://www.flipkart.com/google-pixel-11-pro-obsidian-256-gb/p/itm43ed1a7482f41?pid=MOBHPHNVWHPZYAGY&lid=LSTMOBHPHNVWHPZYAGYO7Q4AF&marketplace=FLIPKART&q=smart+phones&store=tyy%2F4io&srno=s_25_583&otracker=search&fm=organic&iid=891c2481-40a6-4b4f-8b87-3f50aa8e29c3.MOBHPHNVWHPZYAGY.SEARCH&ppt=None&ppn=None&ssid=6d800nuxi80000001790850079622&qH=a5594894156db043&ov_redirect=true,2026-10-01
584,"Apple iPhone 16 (Pink, 128 GB)",Apple,69900,,,4.6,"1,99,326","8,623",,,,"A18 Chip, 6 Core Processor Processor",15.49 cm (6.1 inch) Super Retina XDR Display,48MP + 12MP | 12MP Front Camera,,https://www.flipkart.com/apple-iphone-16-pink-128-gb/p/itmc2e910b4d0b1c?pid=MOBH4DQFWJVDRSHM&lid=LSTMOBH4DQFWJVDRSHMAMTBLL&marketplace=FLIPKART&q=smart+phones&store=tyy%2F4io&srno=s_25_584&otracker=search&fm=organic&iid=891c2481-40a6-4b4f-8b87-3f50aa8e29c3.MOBH4DQFWJVDRSHM.SEARCH&ppt=None&ppn=None&ssid=6d800nuxi80000001790850079622&qH=a5594894156db043&ov_redirect=true,2026-10-01
585,"Infinix HOT 40i (Starfall Green, 256 GB)",Infinix,9999,10999,9% off,4.1,"21,748","1,332",8 GB RAM,256 GB ROM,5000 mAh Battery,Unisoc T606 Processor,16.76 cm (6.6 inch) HD+ Display,50MP + AI Lens | 32MP Front Camera,,https://www.flipkart.com/infinix-hot-40i-starfall-green-256-gb/p/itma7412e2a212c6?pid=MOBGXZGH2XZTHTZS&lid=LSTMOBGXZGH2XZTHTZSDCVLP2&marketplace=FLIPKART&q=smart+phones&store=tyy%2F4io&srno=s_25_585&otracker=search&fm=organic&iid=891c2481-40a6-4b4f-8b87-3f50aa8e29c3.MOBGXZGH2XZTHTZS.SEARCH&ppt=None&ppn=None&ssid=6d800nuxi80000001790850079622&qH=a5594894156db043&ov_redirect=true,2026-10-01
586,"Ai+ Pulse 2 (Pink, 128 GB)",Ai+,11499,15499,25% off,4.1,"13,183",937,4 GB RAM,128 GB ROM,6000 mAh Battery,T7250 Processor,17.13 cm (6.745 inch) HD+ Display,50MP Rear Camera | 8MP Front Camera,,https://www.flipkart.com/ai-pulse-2-pink-128-gb/p/itm982c299d0417e?pid=MOBHZPMCQGESJJDR&lid=LSTMOBHZPMCQGESJJDRIEHYZF&marketplace=FLIPKART&q=smart+phones&store=tyy%2F4io&srno=s_25_586&otracker=search&fm=organic&iid=891c2481-40a6-4b4f-8b87-3f50aa8e29c3.MOBHZPMCQGESJJDR.SEARCH&ppt=None&ppn=None&ssid=6d800nuxi80000001790850079622&qH=a5594894156db043&ov_redirect=true,2026-10-01
587,"OnePlus Nord CE 3 Lite 5G (Chromatic Gray, 256 GB)",OnePlus,17999,21999,18% off,4.4,"1,66,945","8,608",8 GB RAM,256 GB ROM,5000 mAh Battery,,17.07 cm (6.72 inch) Display,108MP Rear Camera,,https://www.flipkart.com/oneplus-nord-ce-3-lite-5g-chromatic-gray-256-gb/p/itm2cd5a4e659035?pid=MOBGZJ45PS4AQ7BA&lid=LSTMOBGZJ45PS4AQ7BA87S5JR&marketplace=FLIPKART&q=smart+phones&store=tyy%2F4io&srno=s_25_587&otracker=search&fm=organic&iid=891c2481-40a6-4b4f-8b87-3f50aa8e29c3.MOBGZJ45PS4AQ7BA.SEARCH&ppt=None&ppn=None&ssid=6d800nuxi80000001790850079622&qH=a5594894156db043&ov_redirect=true,2026-10-01
588,"Motorola g84 5G (Marshmallow Blue, 256 GB)",Motorola,22999,,,4.2,"52,217","4,917",12 GB RAM,256 GB ROM,5000 mAh Battery,Snapdragon 695 Processor,16.64 cm (6.55 inch) Full HD+ Display,50MP (OIS) + 8MP | 16MP Front Camera,,https://www.flipkart.com/motorola-g84-5g-marshmallow-blue-256-gb/p/itm7807a599d2202?pid=MOBGQFX6CNRYHFGF&lid=LSTMOBGQFX6CNRYHFGFCPKTXR&marketplace=FLIPKART&q=smart+phones&store=tyy%2F4io&srno=s_25_588&otracker=search&fm=organic&iid=891c2481-40a6-4b4f-8b87-3f50aa8e29c3.MOBGQFX6CNRYHFGF.SEARCH&ppt=None&ppn=None&ssid=6d800nuxi80000001790850079622&qH=a5594894156db043&ov_redirect=true,2026-10-01
589,"Samsung Galaxy A14 5G (Dark Red, 128 GB)",Samsung,20999,,,4.2,"81,762","4,001",6 GB RAM,128 GB ROM,5000 mAh Lithium Ion Battery,Exynos 1330 Processor,16.76 cm (6.6 inch) Full HD+ Display,50MP + 2MP + 2MP | 13MP Front Camera,,https://www.flipkart.com/samsung-galaxy-a14-5g-dark-red-128-gb/p/itma8393faabfb76?pid=MOBGHT8UUUNXNYZ4&lid=LSTMOBGHT8UUUNXNYZ4QUY1LJ&marketplace=FLIPKART&q=smart+phones&store=tyy%2F4io&srno=s_25_589&otracker=search&fm=organic&iid=891c2481-40a6-4b4f-8b87-3f50aa8e29c3.MOBGHT8UUUNXNYZ4.SEARCH&ppt=None&ppn=None&ssid=6d800nuxi80000001790850079622&qH=a5594894156db043&ov_redirect=true,2026-10-01
590,"Samsung Galaxy F17 5G (Voilet Pop 128GB) (4GB RAM) (Voilet poo, 128 GB)",Samsung,16407,17999,8% off,3.9,8,0,4 GB RAM,128 GB ROM,5000 mAh Battery,,17.02 cm (6.7 inch) Display,50MP Rear Camera,,https://www.flipkart.com/samsung-galaxy-f17-5g-voilet-pop-128gb-4gb-ram-poo-128-gb/p/itm234a6b0a367bb?pid=MOBHKD4ADSMM4JHA&lid=LSTMOBHKD4ADSMM4JHAOKARWC&marketplace=FLIPKART&q=smart+phones&store=tyy%2F4io&srno=s_25_590&otracker=search&fm=organic&iid=891c2481-40a6-4b4f-8b87-3f50aa8e29c3.MOBHKD4ADSMM4JHA.SEARCH&ppt=None&ppn=None&ssid=6d800nuxi80000001790850079622&qH=a5594894156db043&ov_redirect=true,2026-10-01
591,"vivo Y05 (Mystic Blue, 64 GB)",vivo,15999,34999,54% off,3.5,346,22,4 GB RAM,64 GB ROM,6500 mAh Li-ion Battery,T7225 Processor,17.12 cm (6.74 inch) HD+ Display,8MP Rear Camera | 5MP Front Camera,,https://www.flipkart.com/vivo-y05-mystic-blue-64-gb/p/itm7b1e1a65e7c1f?pid=MOBHZF4TRGDHEGGW&lid=LSTMOBHZF4TRGDHEGGWKP8MEX&marketplace=FLIPKART&q=smart+phones&store=tyy%2F4io&srno=s_25_591&otracker=search&fm=organic&iid=891c2481-40a6-4b4f-8b87-3f50aa8e29c3.MOBHZF4TRGDHEGGW.SEARCH&ppt=None&ppn=None&ssid=6d800nuxi80000001790850079622&qH=a5594894156db043&ov_redirect=true,2026-10-01
592,"realme 15x 5G (Maroon Red, 128 GB)",realme,25999,30999,16% off,4.3,"3,543",298,8 GB RAM,128 GB ROM,7000 mAh Battery,Dimensity 6300 6nm Octa-core chipset Processor,17.27 cm (6.8 inch) Display,50MP Rear Camera | 50MP Front Camera,,https://www.flipkart.com/realme-15x-5g-maroon-red-128-gb/p/itmcf22f2a57724f?pid=MOBHHY7VSKKVXUNJ&lid=LSTMOBHHY7VSKKVXUNJ99BLBQ&marketplace=FLIPKART&q=smart+phones&store=tyy%2F4io&srno=s_25_592&otracker=search&fm=organic&iid=891c2481-40a6-4b4f-8b87-3f50aa8e29c3.MOBHHY7VSKKVXUNJ.SEARCH&ppt=None&ppn=None&ssid=6d800nuxi80000001790850079622&qH=a5594894156db043&ov_redirect=true,2026-10-01
593,"Infinix Note 40 Pro 5G (Racing Grey, 256 GB)",Infinix,21999,27999,21% off,4.2,"37,516","2,618",8 GB RAM,256 GB ROM,5000 mAh Battery,Mediatek Dimensity 7020 Processor,17.22 cm (6.78 inch) Full HD+ Display,108MP (OIS) + 2MP + 2MP | 32MP Front Camera,,https://www.flipkart.com/infinix-note-40-pro-5g-racing-grey-256-gb/p/itmabf2f4763835d?pid=MOBH3JZHXHVQRKRZ&lid=LSTMOBH3JZHXHVQRKRZ0XB2NF&marketplace=FLIPKART&q=smart+phones&store=tyy%2F4io&srno=s_25_593&otracker=search&fm=organic&iid=891c2481-40a6-4b4f-8b87-3f50aa8e29c3.MOBH3JZHXHVQRKRZ.SEARCH&ppt=None&ppn=None&ssid=6d800nuxi80000001790850079622&qH=a5594894156db043&ov_redirect=true,2026-10-01
594,"MOTOROLA g37 power (PANTONE Capri, 128 GB)",MOTOROLA,19999,30499,34% off,4.2,"9,456",851,4 GB RAM,128 GB ROM,7000 mAh Battery,Dimensity 6400 Processor,16.92 cm (6.66 inch) HD+ Display,50MP Rear Camera | 8MP Front Camera,,https://www.flipkart.com/motorola-g37-power-pantone-capri-128-gb/p/itm30e95f8678f47?pid=MOBHHVFYHG7QUTDZ&lid=LSTMOBHHVFYHG7QUTDZUQRD2N&marketplace=FLIPKART&q=smart+phones&store=tyy%2F4io&srno=s_25_594&otracker=search&fm=organic&iid=891c2481-40a6-4b4f-8b87-3f50aa8e29c3.MOBHHVFYHG7QUTDZ.SEARCH&ppt=None&ppn=None&ssid=6d800nuxi80000001790850079622&qH=a5594894156db043&ov_redirect=true,2026-10-01
595,"Apple iPhone 14 Plus (Purple, 128 GB)",Apple,69900,,,4.6,"80,096","4,682",,,,"A15 Bionic Chip, 6 Core Processor Processor",17.02 cm (6.7 inch) Super Retina XDR Display,12MP + 12MP | 12MP Front Camera,,https://www.flipkart.com/apple-iphone-14-plus-purple-128-gb/p/itm7a759a472d863?pid=MOBGHWFHYFJWRHAG&lid=LSTMOBGHWFHYFJWRHAGGKIZA6&marketplace=FLIPKART&q=smart+phones&store=tyy%2F4io&srno=s_25_595&otracker=search&fm=organic&iid=891c2481-40a6-4b4f-8b87-3f50aa8e29c3.MOBGHWFHYFJWRHAG.SEARCH&ppt=None&ppn=None&ssid=6d800nuxi80000001790850079622&qH=a5594894156db043&ov_redirect=true,2026-10-01
596,"realme 16x 5G (Endurance Brown, 128 GB)",realme,30999,54999,43% off,4.3,65,17,6 GB RAM,128 GB ROM,7000 mAh Battery,Dimensity 6300 Processor,17.27 cm (6.8 inch) HD+ Display,50MP Rear Camera | 8MP Front Camera,,https://www.flipkart.com/realme-16x-5g-endurance-brown-128-gb/p/itm431deb50ec5ba?pid=MOBHNVEDTAZQYXPV&lid=LSTMOBHNVEDTAZQYXPVYDIBP7&marketplace=FLIPKART&q=smart+phones&store=tyy%2F4io&srno=s_25_596&otracker=search&fm=organic&iid=891c2481-40a6-4b4f-8b87-3f50aa8e29c3.MOBHNVEDTAZQYXPV.SEARCH&ppt=None&ppn=None&ssid=6d800nuxi80000001790850079622&qH=a5594894156db043&ov_redirect=true,2026-10-01
597,"vivo T4R 5G (Arctic White, 256 GB)",vivo,24999,,,4.4,"55,266","3,853",8 GB RAM,256 GB ROM,5700 mAh Battery,Dimensity 7400 5G Processor,17.2 cm (6.77 inch) Full HD+ Display,50MP (OIS) + 2MP | 32MP Front Camera,5G,https://www.flipkart.com/vivo-t4r-5g-arctic-white-256-gb/p/itm3a5653667cb9c?pid=MOBHE49GQCP7KTCM&lid=LSTMOBHE49GQCP7KTCMNTPYOP&marketplace=FLIPKART&q=smart+phones&store=tyy%2F4io&srno=s_25_597&otracker=search&fm=organic&iid=891c2481-40a6-4b4f-8b87-3f50aa8e29c3.MOBHE49GQCP7KTCM.SEARCH&ppt=None&ppn=None&ssid=6d800nuxi80000001790850079622&qH=a5594894156db043&ov_redirect=true,2026-10-01
598,"POCO M7 5G (Satin Black, 128 GB)",POCO,13499,13999,3% off,4.3,"19,055","1,069",8 GB RAM,128 GB ROM,5160 mAh Battery,4 Gen 2 5G Processor,17.48 cm (6.88 inch) HD+ Display,50MP Rear Camera | 8MP Front Camera,5G,https://www.flipkart.com/poco-m7-5g-satin-black-128-gb/p/itmfcda6248f1fdd?pid=MOBH9HFJYGH7VTMD&lid=LSTMOBH9HFJYGH7VTMDVLSKLL&marketplace=FLIPKART&q=smart+phones&store=tyy%2F4io&srno=s_25_598&otracker=search&fm=organic&iid=891c2481-40a6-4b4f-8b87-3f50aa8e29c3.MOBH9HFJYGH7VTMD.SEARCH&ppt=None&ppn=None&ssid=6d800nuxi80000001790850079622&qH=a5594894156db043&ov_redirect=true,2026-10-01
599,"REDMI 13c 5G (Starlight Black, 128 GB)",REDMI,9999,13999,28% off,4.2,"36,386","1,521",4 GB RAM,128 GB ROM,5000 mAh Battery,,17.12 cm (6.74 inch) Display,50MP Rear Camera,,https://www.flipkart.com/redmi-13c-5g-starlight-black-128-gb/p/itm996fbc603ec3c?pid=MOBGW6S7PW5NSC35&lid=LSTMOBGW6S7PW5NSC35DA1EEI&marketplace=FLIPKART&q=smart+phones&store=tyy%2F4io&srno=s_25_599&otracker=search&fm=organic&iid=891c2481-40a6-4b4f-8b87-3f50aa8e29c3.MOBGW6S7PW5NSC35.SEARCH&ppt=None&ppn=None&ssid=6d800nuxi80000001790850079622&qH=a5594894156db043&ov_redirect=true,2026-10-01
600,"vivo T4 Pro 5G (Nitro Blue, 128 GB)",vivo,27999,32999,15% off,4.5,"23,545","2,193",8 GB RAM,128 GB ROM,6500 mAh Battery,7 Gen 4 Processor,17.2 cm (6.77 inch) Full HD+ Display,50MP + 2MP + 50MP | 32MP Front Camera,,https://www.flipkart.com/vivo-t4-pro-5g-nitro-blue-128-gb/p/itm4da1824b696d9?pid=MOBHF4F9H4PJUZGF&lid=LSTMOBHF4F9H4PJUZGF1DQ7FC&marketplace=FLIPKART&q=smart+phones&store=tyy%2F4io&srno=s_25_600&otracker=search&fm=organic&iid=891c2481-40a6-4b4f-8b87-3f50aa8e29c3.MOBHF4F9H4PJUZGF.SEARCH&ppt=None&ppn=None&ssid=6d800nuxi80000001790850079622&qH=a5594894156db043&ov_redirect=true,2026-10-01
601,"Tecno Spark Go 3 (Titanium Grey, 64 GB)",Tecno,12499,15999,21% off,4.1,221,15,4 GB RAM,64 GB ROM,5000 mAh Lithium Polymer Battery,T7250 Processor,17.12 cm (6.74 inch) HD+ Display,13MP Rear Camera | 8MP Front Camera,,https://www.flipkart.com/tecno-spark-go-3-titanium-grey-64-gb/p/itma9c8f128a61c6?pid=MOBHP2QY7GH4XWWS&lid=LSTMOBHP2QY7GH4XWWSUZBT2N&marketplace=FLIPKART&q=smart+phones&store=tyy%2F4io&srno=s_26_601&otracker=search&fm=organic&iid=en_K5SZXFbq8pCfLMX3n26b12Cs9iRMOKCp2aNVYNtAmPtEUBv58Yl_92AY1TQeVdXwvdhgVIDAS43502YR2UC6WzzVjjVgBxhvbGO4C2Nu8sC0gu8DSVHoepBUNhDfA5Xw&ppt=None&ppn=None&ssid=6nawkg4zs00000001790850082600&qH=a5594894156db043&ov_redirect=true,2026-10-01
602,"realme P3 Ultra 5G (Glowing Lunar White, 256 GB)",realme,31999,35999,11% off,4.4,"5,274",589,12 GB RAM,256 GB ROM,6000 mAh Battery,Dimensity 8350 Ultra Processor,17.35 cm (6.83 inch) Full HD+ Display,50MP + 8MP | 16MP Front Camera,,https://www.flipkart.com/realme-p3-ultra-5g-glowing-lunar-white-256-gb/p/itm50171223b4a05?pid=MOBHAYKEGJYAUWC4&lid=LSTMOBHAYKEGJYAUWC4GFGIFN&marketplace=FLIPKART&q=smart+phones&store=tyy%2F4io&srno=s_26_602&otracker=search&fm=organic&iid=17a02833-5b88-4c0d-ab1e-abb7b9f5b86d.MOBHAYKEGJYAUWC4.SEARCH&ppt=None&ppn=None&ssid=6nawkg4zs00000001790850082600&qH=a5594894156db043&ov_redirect=true,2026-10-01
603,"vivo T5x 5G (Cyber Green, 128 GB)",vivo,30999,,,4.4,"25,689","1,916",8 GB RAM,128 GB ROM,7200 mAh Li-ion Battery,Dimensity 7400-Turbo Processor,17.17 cm (6.76 inch) Display,50MP + 2MP | 32MP Front Camera,,https://www.flipkart.com/vivo-t5x-5g-cyber-green-128-gb/p/itm7da8aa253e72b?pid=MOBHH69NM5ERRNFT&lid=LSTMOBHH69NM5ERRNFTB1RHB5&marketplace=FLIPKART&q=smart+phones&store=tyy%2F4io&srno=s_26_603&otracker=search&fm=organic&iid=17a02833-5b88-4c0d-ab1e-abb7b9f5b86d.MOBHH69NM5ERRNFT.SEARCH&ppt=None&ppn=None&ssid=6nawkg4zs00000001790850082600&qH=a5594894156db043&ov_redirect=true,2026-10-01
604,"vivo T5x 5G (Star Silver, 256 GB)",vivo,33999,,,4.4,"25,689","1,916",8 GB RAM,256 GB ROM,7200 mAh Li-ion Battery,Dimensity 7400-Turbo Processor,17.17 cm (6.76 inch) Display,50MP + 2MP | 32MP Front Camera,,https://www.flipkart.com/vivo-t5x-5g-star-silver-256-gb/p/itm7da8aa253e72b?pid=MOBHH69NHR7WUR3H&lid=LSTMOBHH69NHR7WUR3HYBC1AF&marketplace=FLIPKART&q=smart+phones&store=tyy%2F4io&srno=s_26_604&otracker=search&fm=organic&iid=17a02833-5b88-4c0d-ab1e-abb7b9f5b86d.MOBHH69NHR7WUR3H.SEARCH&ppt=None&ppn=None&ssid=6nawkg4zs00000001790850082600&qH=a5594894156db043&ov_redirect=true,2026-10-01
605,"vivo T5x 5G (Star Silver, 128 GB)",vivo,30999,,,4.4,"25,689","1,916",8 GB RAM,128 GB ROM,7200 mAh Li-ion Battery,Dimensity 7400-Turbo Processor,17.17 cm (6.76 inch) Display,50MP + 2MP | 32MP Front Camera,,https://www.flipkart.com/vivo-t5x-5g-star-silver-128-gb/p/itm7da8aa253e72b?pid=MOBHH69N2XATECZZ&lid=LSTMOBHH69N2XATECZZPPRNX7&marketplace=FLIPKART&q=smart+phones&store=tyy%2F4io&srno=s_26_605&otracker=search&fm=organic&iid=17a02833-5b88-4c0d-ab1e-abb7b9f5b86d.MOBHH69N2XATECZZ.SEARCH&ppt=None&ppn=None&ssid=6nawkg4zs00000001790850082600&qH=a5594894156db043&ov_redirect=true,2026-10-01
606,"REDMI 13c 5G (Startrail Green, 128 GB)",REDMI,9654,13999,31% off,4.2,"36,386","1,521",4 GB RAM,128 GB ROM,5000 mAh Battery,,17.12 cm (6.74 inch) Display,50MP Rear Camera,,https://www.flipkart.com/redmi-13c-5g-startrail-green-128-gb/p/itm996fbc603ec3c?pid=MOBGW6S7FHYCJQPB&lid=LSTMOBGW6S7FHYCJQPB3P05BF&marketplace=FLIPKART&q=smart+phones&store=tyy%2F4io&srno=s_26_606&otracker=search&fm=organic&iid=17a02833-5b88-4c0d-ab1e-abb7b9f5b86d.MOBGW6S7FHYCJQPB.SEARCH&ppt=None&ppn=None&ssid=6nawkg4zs00000001790850082600&qH=a5594894156db043&ov_redirect=true,2026-10-01
607,"vivo T5x 5G (Cyber Green, 256 GB)",vivo,33999,,,4.4,"25,689","1,916",8 GB RAM,256 GB ROM,7200 mAh Li-ion Battery,Dimensity 7400-Turbo Processor,17.17 cm (6.76 inch) Display,50MP + 2MP | 32MP Front Camera,,https://www.flipkart.com/vivo-t5x-5g-cyber-green-256-gb/p/itm7da8aa253e72b?pid=MOBHH69NQGVVYQSG&lid=LSTMOBHH69NQGVVYQSGQNVHLI&marketplace=FLIPKART&q=smart+phones&store=tyy%2F4io&srno=s_26_607&otracker=search&fm=organic&iid=17a02833-5b88-4c0d-ab1e-abb7b9f5b86d.MOBHH69NQGVVYQSG.SEARCH&ppt=None&ppn=None&ssid=6nawkg4zs00000001790850082600&qH=a5594894156db043&ov_redirect=true,2026-10-01
608,"Samsung Galaxy F17 5G (Neo Black, 128 GB)",Samsung,19980,23999,16% off,4.1,363,35,4 GB RAM,128 GB ROM,5000 mAh Battery,Exynos 1330 Processor,17.02 cm (6.7 inch) Full HD+ Display,50MP + 5MP | 13MP Front Camera,,https://www.flipkart.com/samsung-galaxy-f17-5g-neo-black-128-gb/p/itm0bf5856f3c9d7?pid=MOBHF6KMEEWK7HPX&lid=LSTMOBHF6KMEEWK7HPXGBB1NA&marketplace=FLIPKART&q=smart+phones&store=tyy%2F4io&srno=s_26_608&otracker=search&fm=organic&iid=17a02833-5b88-4c0d-ab1e-abb7b9f5b86d.MOBHF6KMEEWK7HPX.SEARCH&ppt=None&ppn=None&ssid=6nawkg4zs00000001790850082600&qH=a5594894156db043&ov_redirect=true,2026-10-01
609,"Samsung M47 5G (Blaze Blue, 128 GB)",Samsung,27980,46999,40% off,4.1,111,18,6 GB RAM,128 GB ROM,6000 mAh Battery,,16.94 cm (6.67 inch) Display,50MP Rear Camera,,https://www.flipkart.com/samsung-m47-5g-blaze-blue-128-gb/p/itmed5389226b408?pid=MOBHZWBVT3NUCCPP&lid=LSTMOBHZWBVT3NUCCPP2PUXLJ&marketplace=FLIPKART&q=smart+phones&store=tyy%2F4io&srno=s_26_609&otracker=search&fm=organic&iid=17a02833-5b88-4c0d-ab1e-abb7b9f5b86d.MOBHZWBVT3NUCCPP.SEARCH&ppt=None&ppn=None&ssid=6nawkg4zs00000001790850082600&qH=a5594894156db043&ov_redirect=true,2026-10-01
610,"IQOO 15 5G (Legend, 256 GB)",IQOO,76740,92999,17% off,4.7,477,59,12 GB RAM,256 GB ROM,7000 mAh Battery,,17.4 cm (6.85 inch) Display,50MP Rear Camera,,https://www.flipkart.com/iqoo-15-5g-legend-256-gb/p/itm9db365d8009fa?pid=MOBHGFAZH8DZGNU4&lid=LSTMOBHGFAZH8DZGNU48D2QPV&marketplace=FLIPKART&q=smart+phones&store=tyy%2F4io&srno=s_26_610&otracker=search&fm=organic&iid=17a02833-5b88-4c0d-ab1e-abb7b9f5b86d.MOBHGFAZH8DZGNU4.SEARCH&ppt=None&ppn=None&ssid=6nawkg4zs00000001790850082600&qH=a5594894156db043&ov_redirect=true,2026-10-01
611,"Tecno Spark Go 3 (Ink Black, 64 GB)",Tecno,12499,15999,21% off,4.1,221,15,4 GB RAM,64 GB ROM,5000 mAh Lithium Polymer Battery,T7250 Processor,17.12 cm (6.74 inch) HD+ Display,13MP Rear Camera | 8MP Front Camera,,https://www.flipkart.com/tecno-spark-go-3-ink-black-64-gb/p/itma9c8f128a61c6?pid=MOBHP2QYCXZZE3CM&lid=LSTMOBHP2QYCXZZE3CMWW64IB&marketplace=FLIPKART&q=smart+phones&store=tyy%2F4io&srno=s_26_611&otracker=search&fm=organic&iid=17a02833-5b88-4c0d-ab1e-abb7b9f5b86d.MOBHP2QYCXZZE3CM.SEARCH&ppt=None&ppn=None&ssid=6nawkg4zs00000001790850082600&qH=a5594894156db043&ov_redirect=true,2026-10-01
612,"POCO X8 Power 5G (Yellow, 256 GB)",POCO,38999,84999,54% off,4.3,268,69,8 GB RAM,256 GB ROM,10000 mAh Lithium-Ion Polymer Battery,6 Gen 5 Processor,17.35 cm (6.83 inch) Full HD+ AMOLED Display,50MP + 8MP | 32MP Front Camera,,https://www.flipkart.com/poco-x8-power-5g-yellow-256-gb/p/itm3566b3e7b8329?pid=MOBHQ6XZBJWKEJGJ&lid=LSTMOBHQ6XZBJWKEJGJDF6XIP&marketplace=FLIPKART&q=smart+phones&store=tyy%2F4io&srno=s_26_612&otracker=search&fm=organic&iid=17a02833-5b88-4c0d-ab1e-abb7b9f5b86d.MOBHQ6XZBJWKEJGJ.SEARCH&ppt=None&ppn=None&ssid=6nawkg4zs00000001790850082600&qH=a5594894156db043&ov_redirect=true,2026-10-01
613,"IQOO Z11x 5G (Prismatic Green, 256 GB)",IQOO,33600,39999,15% off,4.3,"1,590",121,8 GB RAM,256 GB ROM,7200 mAh Battery,,17.02 cm (6.7 inch) Display,50MP Rear Camera,,https://www.flipkart.com/iqoo-z11x-5g-prismatic-green-256-gb/p/itm8157cfb5645d4?pid=MOBHHHBTXTQRXK3M&lid=LSTMOBHHHBTXTQRXK3MCG82ZM&marketplace=FLIPKART&q=smart+phones&store=tyy%2F4io&srno=s_26_613&otracker=search&fm=organic&iid=17a02833-5b88-4c0d-ab1e-abb7b9f5b86d.MOBHHHBTXTQRXK3M.SEARCH&ppt=None&ppn=None&ssid=6nawkg4zs00000001790850082600&qH=a5594894156db043&ov_redirect=true,2026-10-01
614,"IQOO Z11x 5G (Titan Black, 128 GB)",IQOO,27515,28999,5% off,4.3,"1,194",93,6 GB RAM,128 GB ROM,7200 mAh Battery,,17.02 cm (6.7 inch) Display,50MP Rear Camera,,https://www.flipkart.com/iqoo-z11x-5g-titan-black-128-gb/p/itm8157cfb5645d4?pid=MOBHHHBT766ZBUSF&lid=LSTMOBHHHBT766ZBUSFZHJWXJ&marketplace=FLIPKART&q=smart+phones&store=tyy%2F4io&srno=s_26_614&otracker=search&fm=organic&iid=17a02833-5b88-4c0d-ab1e-abb7b9f5b86d.MOBHHHBT766ZBUSF.SEARCH&ppt=None&ppn=None&ssid=6nawkg4zs00000001790850082600&qH=a5594894156db043&ov_redirect=true,2026-10-01
615,"IQOO Z11x 5G (Prismatic Green, 128 GB)",IQOO,27235,28999,6% off,4.3,"1,194",93,6 GB RAM,128 GB ROM,7200 mAh Battery,,17.02 cm (6.7 inch) Display,50MP Rear Camera,,https://www.flipkart.com/iqoo-z11x-5g-prismatic-green-128-gb/p/itm8157cfb5645d4?pid=MOBHHHBTCWXSUNG5&lid=LSTMOBHHHBTCWXSUNG5TW8KCJ&marketplace=FLIPKART&q=smart+phones&store=tyy%2F4io&srno=s_26_615&otracker=search&fm=organic&iid=17a02833-5b88-4c0d-ab1e-abb7b9f5b86d.MOBHHHBTCWXSUNG5.SEARCH&ppt=None&ppn=None&ssid=6nawkg4zs00000001790850082600&qH=a5594894156db043&ov_redirect=true,2026-10-01
616,"Samsung Galaxy A56 5G (Awesome Olive, 128 GB)",Samsung,36995,45990,19% off,4.4,"1,050",82,8 GB RAM,128 GB ROM,5000 mAh Battery,Samsng Exynos 1580 Processor,17.02 cm (6.7 inch) Full HD+ Display,50MP + 12MP + 5MP | 12MP Front Camera,,https://www.flipkart.com/samsung-galaxy-a56-5g-awesome-olive-128-gb/p/itm81265b7c9602c?pid=MOBH9RNG5SA9ADHS&lid=LSTMOBH9RNG5SA9ADHSZ0BHER&marketplace=FLIPKART&q=smart+phones&store=tyy%2F4io&srno=s_26_616&otracker=search&fm=organic&iid=17a02833-5b88-4c0d-ab1e-abb7b9f5b86d.MOBH9RNG5SA9ADHS.SEARCH&ppt=None&ppn=None&ssid=6nawkg4zs00000001790850082600&qH=a5594894156db043&ov_redirect=true,2026-10-01
617,"Samsung Galaxy S26 Ultra 5G (White, 512 GB)",Samsung,159999,,,4.6,"1,367",355,12 GB RAM,512 GB ROM,5000 mAh Li-ion Battery,Snapdragon 8 Elite Gen 5 Processor,17.53 cm (6.9 inch) Quad HD+ Display,200MP + 50MP | 12MP Front Camera,,https://www.flipkart.com/samsung-galaxy-s26-ultra-5g-white-512-gb/p/itmf4799d3841c43?pid=MOBHKGAPVZXYFYD5&lid=LSTMOBHKGAPVZXYFYD5VAC2FU&marketplace=FLIPKART&q=smart+phones&store=tyy%2F4io&srno=s_26_617&otracker=search&fm=organic&iid=17a02833-5b88-4c0d-ab1e-abb7b9f5b86d.MOBHKGAPVZXYFYD5.SEARCH&ppt=None&ppn=None&ssid=6nawkg4zs00000001790850082600&qH=a5594894156db043&ov_redirect=true,2026-10-01
618,"IQOO Z11x 5G (Titan Black, 256 GB)",IQOO,33851,39999,15% off,4.3,"1,590",121,8 GB RAM,256 GB ROM,7200 mAh Battery,,17.02 cm (6.7 inch) Display,50MP Rear Camera,,https://www.flipkart.com/iqoo-z11x-5g-titan-black-256-gb/p/itm8157cfb5645d4?pid=MOBHHHBTYFGP2G3F&lid=LSTMOBHHHBTYFGP2G3FXROQQG&marketplace=FLIPKART&q=smart+phones&store=tyy%2F4io&srno=s_26_618&otracker=search&fm=organic&iid=17a02833-5b88-4c0d-ab1e-abb7b9f5b86d.MOBHHHBTYFGP2G3F.SEARCH&ppt=None&ppn=None&ssid=6nawkg4zs00000001790850082600&qH=a5594894156db043&ov_redirect=true,2026-10-01
619,"Samsung Galaxy A17 5G (Black, 256 GB)",Samsung,31495,34999,10% off,4.3,"2,244",212,8 GB RAM,256 GB ROM,5000 mAh Battery,Samsung Exynos 1330 Processor,17.02 cm (6.7 inch) Full HD+ Display,50MP + 5MP + 2MP | 13MP Front Camera,,https://www.flipkart.com/samsung-galaxy-a17-5g-black-256-gb/p/itm9b0b7e6d52859?pid=MOBHGVECDVCNA5JK&lid=LSTMOBHGVECDVCNA5JKW0FTHG&marketplace=FLIPKART&q=smart+phones&store=tyy%2F4io&srno=s_26_619&otracker=search&fm=organic&iid=17a02833-5b88-4c0d-ab1e-abb7b9f5b86d.MOBHGVECDVCNA5JK.SEARCH&ppt=None&ppn=None&ssid=6nawkg4zs00000001790850082600&qH=a5594894156db043&ov_redirect=true,2026-10-01
620,"Samsung Galaxy S26 Ultra 5G (Cobalt Violet, 512 GB)",Samsung,159999,,,4.6,"1,367",355,12 GB RAM,512 GB ROM,5000 mAh Li-ion Battery,Snapdragon 8 Elite Gen 5 Processor,17.53 cm (6.9 inch) Quad HD+ Display,200MP + 50MP | 12MP Front Camera,,https://www.flipkart.com/samsung-galaxy-s26-ultra-5g-cobalt-violet-512-gb/p/itmf4799d3841c43?pid=MOBHKGAPGSJRTV6E&lid=LSTMOBHKGAPGSJRTV6E3DIQ3Q&marketplace=FLIPKART&q=smart+phones&store=tyy%2F4io&srno=s_26_620&otracker=search&fm=organic&iid=17a02833-5b88-4c0d-ab1e-abb7b9f5b86d.MOBHKGAPGSJRTV6E.SEARCH&ppt=None&ppn=None&ssid=6nawkg4zs00000001790850082600&qH=a5594894156db043&ov_redirect=true,2026-10-01
621,"realme Gt 7 (Icesense Blue, 512 GB)",realme,52999,,,4.5,"1,543",198,12 GB RAM,512 GB ROM,7000 mAh Battery,Dimensity Processor,17.22 cm (6.78 inch) Full HD+ AMOLED Display,50MP + 50MP + 50MP + 8MP | 32MP + 32MP Dual Front Camera,,https://www.flipkart.com/realme-gt-7-icesense-blue-512-gb/p/itm6cc8f84d92e2f?pid=MOBHCM4EZEQ7UHHP&lid=LSTMOBHCM4EZEQ7UHHP0QXCGY&marketplace=FLIPKART&q=smart+phones&store=tyy%2F4io&srno=s_26_621&otracker=search&fm=organic&iid=17a02833-5b88-4c0d-ab1e-abb7b9f5b86d.MOBHCM4EZEQ7UHHP.SEARCH&ppt=None&ppn=None&ssid=6nawkg4zs00000001790850082600&qH=a5594894156db043&ov_redirect=true,2026-10-01
622,"realme Gt 7 (Icesense Black, 256 GB)",realme,48999,,,4.5,"1,543",198,12 GB RAM,256 GB ROM,7000 mAh Battery,Dimensity Processor,17.22 cm (6.78 inch) Full HD+ AMOLED Display,50MP + 50MP + 50MP + 8MP | 32MP + 32MP Dual Front Camera,,https://www.flipkart.com/realme-gt-7-icesense-black-256-gb/p/itm6cc8f84d92e2f?pid=MOBHCZYZJZ9VYSQ2&lid=LSTMOBHCZYZJZ9VYSQ2C23L9G&marketplace=FLIPKART&q=smart+phones&store=tyy%2F4io&srno=s_26_622&otracker=search&fm=organic&iid=17a02833-5b88-4c0d-ab1e-abb7b9f5b86d.MOBHCZYZJZ9VYSQ2.SEARCH&ppt=None&ppn=None&ssid=6nawkg4zs00000001790850082600&qH=a5594894156db043&ov_redirect=true,2026-10-01
623,"Apple iPhone 16 Plus (Ultramarine, 128 GB)",Apple,79900,,,4.6,"4,345",294,,,,"A18 Chip, 6 Core Processor Processor",17.02 cm (6.7 inch) Super Retina XDR Display,48MP + 12MP | 12MP Front Camera,,https://www.flipkart.com/apple-iphone-16-plus-ultramarine-128-gb/p/itm3a32a91957d41?pid=MOBH4DQFKZDYZNWX&lid=LSTMOBH4DQFKZDYZNWXU5NVDP&marketplace=FLIPKART&q=smart+phones&store=tyy%2F4io&srno=s_26_623&otracker=search&fm=organic&iid=17a02833-5b88-4c0d-ab1e-abb7b9f5b86d.MOBH4DQFKZDYZNWX.SEARCH&ppt=None&ppn=None&ssid=6nawkg4zs00000001790850082600&qH=a5594894156db043&ov_redirect=true,2026-10-01
624,"MOTOROLA Edge 70 Max (PANTONE Dark Shadow, 256 GB)",MOTOROLA,59999,94999,36% off,4.2,77,24,12 GB RAM,256 GB ROM,7100 mAh Silicon-Carbon Battery,Snapdragon 8 Gen 5 Processor,17.27 cm (6.8 inch) Quad HD+ Display,50MP + 8MP | 32MP Front Camera,,https://www.flipkart.com/motorola-edge-70-max-pantone-dark-shadow-256-gb/p/itma23e20d630c2e?pid=MOBHMJQAYAZXSN6K&lid=LSTMOBHMJQAYAZXSN6KEYAZIX&marketplace=FLIPKART&q=smart+phones&store=tyy%2F4io&srno=s_26_624&otracker=search&fm=organic&iid=17a02833-5b88-4c0d-ab1e-abb7b9f5b86d.MOBHMJQAYAZXSN6K.SEARCH&ppt=None&ppn=None&ssid=6nawkg4zs00000001790850082600&qH=a5594894156db043&ov_redirect=true,2026-10-01
625,"IQOO Z11x 5G (Prismatic Green, 128 GB)",IQOO,28479,30999,8% off,4.3,"1,590",121,8 GB RAM,128 GB ROM,7200 mAh Battery,,17.02 cm (6.7 inch) Display,50MP Rear Camera,,https://www.flipkart.com/iqoo-z11x-5g-prismatic-green-128-gb/p/itm8157cfb5645d4?pid=MOBHHHBTGHWHZZWN&lid=LSTMOBHHHBTGHWHZZWNADHGSJ&marketplace=FLIPKART&q=smart+phones&store=tyy%2F4io&srno=s_27_625&otracker=search&fm=organic&iid=aeae4aa2-d3bf-4a85-9dcd-ad9b5bed831b.MOBHHHBTGHWHZZWN.SEARCH&ppt=None&ppn=None&ssid=tq4ykql4y80000001790850085429&qH=a5594894156db043&ov_redirect=true,2026-10-01
626,"Samsung Galaxy S26 Ultra 5G (Cobalt Violet, 1024 GB)",Samsung,189999,,,5,5,1,16 GB RAM,1024 GB ROM,5000 mAh Li-ion Battery,Snapdragon 8 Elite Gen 5 Processor,17.53 cm (6.9 inch) Quad HD+ Display,200MP + 50MP | 12MP Front Camera,,https://www.flipkart.com/samsung-galaxy-s26-ultra-5g-cobalt-violet-1024-gb/p/itmf4799d3841c43?pid=MOBHKGAPMASN63J5&lid=LSTMOBHKGAPMASN63J57A0ZLP&marketplace=FLIPKART&q=smart+phones&store=tyy%2F4io&srno=s_27_626&otracker=search&fm=organic&iid=aeae4aa2-d3bf-4a85-9dcd-ad9b5bed831b.MOBHKGAPMASN63J5.SEARCH&ppt=None&ppn=None&ssid=tq4ykql4y80000001790850085429&qH=a5594894156db043&ov_redirect=true,2026-10-01
627,"Tecno Spark Go 3 (Titanium Grey, 64 GB)",Tecno,12499,15999,21% off,4.1,221,15,4 GB RAM,64 GB ROM,5000 mAh Lithium Polymer Battery,T7250 Processor,17.12 cm (6.74 inch) HD+ Display,13MP Rear Camera | 8MP Front Camera,,https://www.flipkart.com/tecno-spark-go-3-titanium-grey-64-gb/p/itma9c8f128a61c6?pid=MOBHP2QY7GH4XWWS&lid=LSTMOBHP2QY7GH4XWWSUZBT2N&marketplace=FLIPKART&q=smart+phones&store=tyy%2F4io&srno=s_27_627&otracker=search&fm=organic&iid=en_lRw1Al1V5eSXlI4L9K-eSNB_reunAc5L33YFkWECbvGIuo1ycG73UmhyizjfgGJ5vdhgVIDAS43502YR2UC6WzzVjjVgBxhvbGO4C2Nu8sDa5fpYwZZ6Ld5KGVSbWHpB&ppt=None&ppn=None&ssid=tq4ykql4y80000001790850085429&qH=a5594894156db043&ov_redirect=true,2026-10-01
628,"Tecno Spark Go 3 (Ink Black, 64 GB)",Tecno,12499,15999,21% off,4.1,221,15,4 GB RAM,64 GB ROM,5000 mAh Lithium Polymer Battery,T7250 Processor,17.12 cm (6.74 inch) HD+ Display,13MP Rear Camera | 8MP Front Camera,,https://www.flipkart.com/tecno-spark-go-3-ink-black-64-gb/p/itma9c8f128a61c6?pid=MOBHP2QYCXZZE3CM&lid=LSTMOBHP2QYCXZZE3CMWW64IB&marketplace=FLIPKART&q=smart+phones&store=tyy%2F4io&srno=s_27_628&otracker=search&fm=organic&iid=en_lRw1Al1V5eSXlI4L9K-eSNB_reunAc5L33YFkWECbvGeATOSyLbZ27ZH4F-I4tzTXSTZgtzvjftyjvmwmzsaRgiCj5dWzPgr1ZNpuYyjSmja5fpYwZZ6Ld5KGVSbWHpB&ppt=None&ppn=None&ssid=tq4ykql4y80000001790850085429&qH=a5594894156db043&ov_redirect=true,2026-10-01
629,"vivo T5x 5G (Star Silver, 128 GB)",vivo,27999,28999,3% off,4.4,"22,241","1,516",6 GB RAM,128 GB ROM,7200 mAh Li-ion Battery,Dimensity 7400-Turbo Processor,17.17 cm (6.76 inch) Display,50MP + 2MP | 32MP Front Camera,,https://www.flipkart.com/vivo-t5x-5g-star-silver-128-gb/p/itm7da8aa253e72b?pid=MOBHH69NRE6PHFBH&lid=LSTMOBHH69NRE6PHFBHJHMXME&marketplace=FLIPKART&q=smart+phones&store=tyy%2F4io&srno=s_27_629&otracker=search&fm=organic&iid=aeae4aa2-d3bf-4a85-9dcd-ad9b5bed831b.MOBHH69NRE6PHFBH.SEARCH&ppt=None&ppn=None&ssid=tq4ykql4y80000001790850085429&qH=a5594894156db043&ov_redirect=true,2026-10-01
630,"realme Gt 7 (Icesense Blue, 512 GB)",realme,52999,,,4.5,"1,543",198,12 GB RAM,512 GB ROM,7000 mAh Battery,Dimensity Processor,17.22 cm (6.78 inch) Full HD+ AMOLED Display,50MP + 50MP + 50MP + 8MP | 32MP + 32MP Dual Front Camera,,https://www.flipkart.com/realme-gt-7-icesense-blue-512-gb/p/itm6cc8f84d92e2f?pid=MOBHCM4EZEQ7UHHP&lid=LSTMOBHCM4EZEQ7UHHP0QXCGY&marketplace=FLIPKART&q=smart+phones&store=tyy%2F4io&srno=s_27_630&otracker=search&fm=organic&iid=aeae4aa2-d3bf-4a85-9dcd-ad9b5bed831b.MOBHCM4EZEQ7UHHP.SEARCH&ppt=None&ppn=None&ssid=tq4ykql4y80000001790850085429&qH=a5594894156db043&ov_redirect=true,2026-10-01
631,"OPPO K14x 5G (Prism Violet, 256 GB)",OPPO,21999,,,4.4,"3,979",411,6 GB RAM,256 GB ROM,6500 mAh Battery,Dimensity 6300 Processor,17.14 cm (6.75 inch) HD+ Display,,,https://www.flipkart.com/oppo-k14x-5g-prism-violet-256-gb/p/itm188c7a4b69292?pid=MOBHJQQ4ZEC7USDR&lid=LSTMOBHJQQ4ZEC7USDRPDWPH1&marketplace=FLIPKART&q=smart+phones&store=tyy%2F4io&srno=s_27_631&otracker=search&fm=organic&iid=aeae4aa2-d3bf-4a85-9dcd-ad9b5bed831b.MOBHJQQ4ZEC7USDR.SEARCH&ppt=None&ppn=None&ssid=tq4ykql4y80000001790850085429&qH=a5594894156db043&ov_redirect=true,2026-10-01
632,"realme Gt 7 (Icesense Black, 256 GB)",realme,48999,,,4.5,"1,543",198,12 GB RAM,256 GB ROM,7000 mAh Battery,Dimensity Processor,17.22 cm (6.78 inch) Full HD+ AMOLED Display,50MP + 50MP + 50MP + 8MP | 32MP + 32MP Dual Front Camera,,https://www.flipkart.com/realme-gt-7-icesense-black-256-gb/p/itm6cc8f84d92e2f?pid=MOBHCZYZJZ9VYSQ2&lid=LSTMOBHCZYZJZ9VYSQ2C23L9G&marketplace=FLIPKART&q=smart+phones&store=tyy%2F4io&srno=s_27_632&otracker=search&fm=organic&iid=aeae4aa2-d3bf-4a85-9dcd-ad9b5bed831b.MOBHCZYZJZ9VYSQ2.SEARCH&ppt=None&ppn=None&ssid=tq4ykql4y80000001790850085429&qH=a5594894156db043&ov_redirect=true,2026-10-01
633,"OPPO K14x 5G (Icy Blue, 256 GB)",OPPO,45999,,,4.4,"3,979",411,6 GB RAM,256 GB ROM,6500 mAh Battery,Dimensity 6300 Processor,17.14 cm (6.75 inch) HD+ Display,,,https://www.flipkart.com/oppo-k14x-5g-icy-blue-256-gb/p/itm188c7a4b69292?pid=MOBHJQQ4DN3DRZGY&lid=LSTMOBHJQQ4DN3DRZGYLZWNIY&marketplace=FLIPKART&q=smart+phones&store=tyy%2F4io&srno=s_27_633&otracker=search&fm=organic&iid=aeae4aa2-d3bf-4a85-9dcd-ad9b5bed831b.MOBHJQQ4DN3DRZGY.SEARCH&ppt=None&ppn=None&ssid=tq4ykql4y80000001790850085429&qH=a5594894156db043&ov_redirect=true,2026-10-01
634,"vivo T5x 5G (Cyber Green, 128 GB)",vivo,27999,28999,3% off,4.4,"22,241","1,516",6 GB RAM,128 GB ROM,7200 mAh Li-ion Battery,Dimensity 7400-Turbo Processor,17.17 cm (6.76 inch) Display,50MP + 2MP | 32MP Front Camera,,https://www.flipkart.com/vivo-t5x-5g-cyber-green-128-gb/p/itm7da8aa253e72b?pid=MOBHH69NGFZAYK6M&lid=LSTMOBHH69NGFZAYK6MYQKNQD&marketplace=FLIPKART&q=smart+phones&store=tyy%2F4io&srno=s_27_634&otracker=search&fm=organic&iid=aeae4aa2-d3bf-4a85-9dcd-ad9b5bed831b.MOBHH69NGFZAYK6M.SEARCH&ppt=None&ppn=None&ssid=tq4ykql4y80000001790850085429&qH=a5594894156db043&ov_redirect=true,2026-10-01
635,"IQOO Z11x 5G (Titan Black, 128 GB)",IQOO,29228,30999,5% off,4.3,"1,590",121,8 GB RAM,128 GB ROM,7200 mAh Battery,,17.02 cm (6.7 inch) Display,50MP Rear Camera,,https://www.flipkart.com/iqoo-z11x-5g-titan-black-128-gb/p/itm8157cfb5645d4?pid=MOBHHHBTR7NAWRZV&lid=LSTMOBHHHBTR7NAWRZV798URK&marketplace=FLIPKART&q=smart+phones&store=tyy%2F4io&srno=s_27_635&otracker=search&fm=organic&iid=aeae4aa2-d3bf-4a85-9dcd-ad9b5bed831b.MOBHHHBTR7NAWRZV.SEARCH&ppt=None&ppn=None&ssid=tq4ykql4y80000001790850085429&qH=a5594894156db043&ov_redirect=true,2026-10-01
636,"Infinix Note edge (Solar Orange, 128 GB)",Infinix,26999,,,4.2,739,103,6 GB RAM,128 GB ROM,6500 mAh Battery,Dimensity 7100 Processor,17.22 cm (6.78 inch) Full HD+ AMOLED Display,50MP Rear Camera | 13MP Front Camera,,https://www.flipkart.com/infinix-note-edge-solar-orange-128-gb/p/itmab2876405a1ab?pid=MOBHN3VZCZ7FRKUN&lid=LSTMOBHN3VZCZ7FRKUN7LPUCY&marketplace=FLIPKART&q=smart+phones&store=tyy%2F4io&srno=s_27_636&otracker=search&fm=organic&iid=aeae4aa2-d3bf-4a85-9dcd-ad9b5bed831b.MOBHN3VZCZ7FRKUN.SEARCH&ppt=None&ppn=None&ssid=tq4ykql4y80000001790850085429&qH=a5594894156db043&ov_redirect=true,2026-10-01
637,"IQOO Z3 5G (Ace Black, 256 GB)",IQOO,26990,,,4.3,187,11,8 GB RAM,256 GB ROM,4400 mAh Battery,,16.71 cm (6.58 inch) Display,64MP Rear Camera,,https://www.flipkart.com/iqoo-z3-5g-ace-black-256-gb/p/itm180a8a38f9a7f?pid=MOBGHBNGK3NY6SRZ&lid=LSTMOBGHBNGK3NY6SRZPO9SW2&marketplace=FLIPKART&q=smart+phones&store=tyy%2F4io&srno=s_27_637&otracker=search&fm=organic&iid=aeae4aa2-d3bf-4a85-9dcd-ad9b5bed831b.MOBGHBNGK3NY6SRZ.SEARCH&ppt=None&ppn=None&ssid=tq4ykql4y80000001790850085429&qH=a5594894156db043&ov_redirect=true,2026-10-01
638,"Samsung Galaxy A56 5G (Light Violet, 128 GB)",Samsung,39990,49999,20% off,4.4,"1,050",82,8 GB RAM,128 GB ROM,5000 mAh Battery,Samsng Exynos 1580 Processor,17.02 cm (6.7 inch) Full HD+ Display,50MP + 12MP + 5MP | 12MP Front Camera,,https://www.flipkart.com/samsung-galaxy-a56-5g-light-violet-128-gb/p/itmee04eb4586b5a?pid=MOBHQBDXXJUDBFVH&lid=LSTMOBHQBDXXJUDBFVHJUDVVT&marketplace=FLIPKART&q=smart+phones&store=tyy%2F4io&srno=s_27_638&otracker=search&fm=organic&iid=aeae4aa2-d3bf-4a85-9dcd-ad9b5bed831b.MOBHQBDXXJUDBFVH.SEARCH&ppt=None&ppn=None&ssid=tq4ykql4y80000001790850085429&qH=a5594894156db043&ov_redirect=true,2026-10-01
639,"REDMI Note 15 5G (Black, 128 GB)",REDMI,28699,36999,22% off,4.4,"1,252",91,8 GB RAM,128 GB ROM,5520 mAh Battery,,17.2 cm (6.77 inch) Display,108MP Rear Camera,,https://www.flipkart.com/redmi-note-15-5g-black-128-gb/p/itm7cb24e3c40189?pid=MOBHJHPUDQRZQBBA&lid=LSTMOBHJHPUDQRZQBBAYRPJ7A&marketplace=FLIPKART&q=smart+phones&store=tyy%2F4io&srno=s_27_639&otracker=search&fm=organic&iid=aeae4aa2-d3bf-4a85-9dcd-ad9b5bed831b.MOBHJHPUDQRZQBBA.SEARCH&ppt=None&ppn=None&ssid=tq4ykql4y80000001790850085429&qH=a5594894156db043&ov_redirect=true,2026-10-01
640,"Samsung Galaxy S26 Ultra 5G (Black, 512 GB)",Samsung,159999,,,4.6,"1,367",355,12 GB RAM,512 GB ROM,5000 mAh Li-ion Battery,Snapdragon 8 Elite Gen 5 Processor,17.53 cm (6.9 inch) Quad HD+ Display,200MP + 50MP | 12MP Front Camera,,https://www.flipkart.com/samsung-galaxy-s26-ultra-5g-black-512-gb/p/itmf4799d3841c43?pid=MOBHKGAPBMXRGGXZ&lid=LSTMOBHKGAPBMXRGGXZOTMRQY&marketplace=FLIPKART&q=smart+phones&store=tyy%2F4io&srno=s_27_640&otracker=search&fm=organic&iid=aeae4aa2-d3bf-4a85-9dcd-ad9b5bed831b.MOBHKGAPBMXRGGXZ.SEARCH&ppt=None&ppn=None&ssid=tq4ykql4y80000001790850085429&qH=a5594894156db043&ov_redirect=true,2026-10-01
641,"REDMI 15 5G (Frosted White, 256 GB)",REDMI,25596,36999,30% off,4.3,"5,018",320,8 GB RAM,256 GB ROM,7000 mAh Battery,,17.53 cm (6.9 inch) Display,50MP Rear Camera,,https://www.flipkart.com/redmi-15-5g-frosted-white-256-gb/p/itmd7bced8727891?pid=MOBHFH94XMPDASMJ&lid=LSTMOBHFH94XMPDASMJAKWZLE&marketplace=FLIPKART&q=smart+phones&store=tyy%2F4io&srno=s_27_641&otracker=search&fm=organic&iid=aeae4aa2-d3bf-4a85-9dcd-ad9b5bed831b.MOBHFH94XMPDASMJ.SEARCH&ppt=None&ppn=None&ssid=tq4ykql4y80000001790850085429&qH=a5594894156db043&ov_redirect=true,2026-10-01
642,"REDMI 13c 5G (Startrail Silver, 256 GB)",REDMI,16501,19999,17% off,4.1,"6,675",349,8 GB RAM,256 GB ROM,5000 mAh Battery,,17.12 cm (6.74 inch) Display,50MP Rear Camera,,https://www.flipkart.com/redmi-13c-5g-startrail-silver-256-gb/p/itm996fbc603ec3c?pid=MOBGW6S7BRXYEVVN&lid=LSTMOBGW6S7BRXYEVVN9TZPJF&marketplace=FLIPKART&q=smart+phones&store=tyy%2F4io&srno=s_27_642&otracker=search&fm=organic&iid=aeae4aa2-d3bf-4a85-9dcd-ad9b5bed831b.MOBGW6S7BRXYEVVN.SEARCH&ppt=None&ppn=None&ssid=tq4ykql4y80000001790850085429&qH=a5594894156db043&ov_redirect=true,2026-10-01
643,"REDMI 13c 5G (Starlight Black, 256 GB)",REDMI,16498,19999,17% off,4.1,"6,675",349,8 GB RAM,256 GB ROM,5000 mAh Battery,,17.12 cm (6.74 inch) Display,50MP Rear Camera,,https://www.flipkart.com/redmi-13c-5g-starlight-black-256-gb/p/itm996fbc603ec3c?pid=MOBGW6S7EDZMAKPF&lid=LSTMOBGW6S7EDZMAKPFCVLAKC&marketplace=FLIPKART&q=smart+phones&store=tyy%2F4io&srno=s_27_643&otracker=search&fm=organic&iid=aeae4aa2-d3bf-4a85-9dcd-ad9b5bed831b.MOBGW6S7EDZMAKPF.SEARCH&ppt=None&ppn=None&ssid=tq4ykql4y80000001790850085429&qH=a5594894156db043&ov_redirect=true,2026-10-01
644,"REDMI Note 15 5G (Glacier Blue, 128 GB)",REDMI,26999,,,4.4,"1,252",91,8 GB RAM,128 GB ROM,5520 mAh Battery,,17.2 cm (6.77 inch) Display,108MP Rear Camera,,https://www.flipkart.com/redmi-note-15-5g-glacier-blue-128-gb/p/itm7cb24e3c40189?pid=MOBHJHPUACM2SDPW&lid=LSTMOBHJHPUACM2SDPWVTF2P6&marketplace=FLIPKART&q=smart+phones&store=tyy%2F4io&srno=s_27_644&otracker=search&fm=organic&iid=aeae4aa2-d3bf-4a85-9dcd-ad9b5bed831b.MOBHJHPUACM2SDPW.SEARCH&ppt=None&ppn=None&ssid=tq4ykql4y80000001790850085429&qH=a5594894156db043&ov_redirect=true,2026-10-01
645,"Samsung Galaxy A07 5G (Light Green, 128 GB)",Samsung,18999,,,3.9,122,14,4 GB RAM,128 GB ROM,6000 mAh Li-ion Battery,Dimensity 6300 Processor,43.51 cm (17.13 inch) HD+ Display,50MP + 2MP | 8MP Front Camera,,https://www.flipkart.com/samsung-galaxy-a07-5g-light-green-128-gb/p/itm375542879d8d6?pid=MOBHJXB2U5ZJMWZZ&lid=LSTMOBHJXB2U5ZJMWZZP2IEQA&marketplace=FLIPKART&q=smart+phones&store=tyy%2F4io&srno=s_27_645&otracker=search&fm=organic&iid=aeae4aa2-d3bf-4a85-9dcd-ad9b5bed831b.MOBHJXB2U5ZJMWZZ.SEARCH&ppt=None&ppn=None&ssid=tq4ykql4y80000001790850085429&qH=a5594894156db043&ov_redirect=true,2026-10-01
646,"realme Gt 7 (Icesense Black, 256 GB)",realme,45999,,,4.4,"1,312",211,8 GB RAM,256 GB ROM,7000 mAh Battery,Dimensity Processor,17.22 cm (6.78 inch) Full HD+ AMOLED Display,50MP + 50MP + 50MP + 8MP | 32MP + 32MP Dual Front Camera,,https://www.flipkart.com/realme-gt-7-icesense-black-256-gb/p/itm6cc8f84d92e2f?pid=MOBHCZYNY6PCGGHS&lid=LSTMOBHCZYNY6PCGGHSWDWFFS&marketplace=FLIPKART&q=smart+phones&store=tyy%2F4io&srno=s_27_646&otracker=search&fm=organic&iid=aeae4aa2-d3bf-4a85-9dcd-ad9b5bed831b.MOBHCZYNY6PCGGHS.SEARCH&ppt=None&ppn=None&ssid=tq4ykql4y80000001790850085429&qH=a5594894156db043&ov_redirect=true,2026-10-01
647,"REDMI Note-14 Pro+ 5G (Phantom Purple, 128 GB)",REDMI,27499,34999,21% off,4.4,897,69,8 GB RAM,128 GB ROM,6200 mAh Battery,7s Gen 3 Processor,16.94 cm (6.67 inch) Display,50MP + 50MP + 8MP | 20MP Front Camera,,https://www.flipkart.com/redmi-note-14-pro-5g-phantom-purple-128-gb/p/itmf69d377f9a8fb?pid=MOBH8BW3FUDN5Z2P&lid=LSTMOBH8BW3FUDN5Z2PUX6ZVP&marketplace=FLIPKART&q=smart+phones&store=tyy%2F4io&srno=s_27_647&otracker=search&fm=organic&iid=aeae4aa2-d3bf-4a85-9dcd-ad9b5bed831b.MOBH8BW3FUDN5Z2P.SEARCH&ppt=None&ppn=None&ssid=tq4ykql4y80000001790850085429&qH=a5594894156db043&ov_redirect=true,2026-10-01
648,"vivo S2 (Regal Bronze, 256 GB)",vivo,48999,70999,30% off,4.3,557,57,8 GB RAM,256 GB ROM,7050 mAh Lithium-ion Battery,Dimensity 7360-Turbo Processor,17.35 cm (6.83 inch) Full HD+ AMOLED Display,50MP + 2MP | 32MP Front Camera,,https://www.flipkart.com/vivo-s2-regal-bronze-256-gb/p/itm019d134c8359d?pid=MOBHPGG9MZTG9H3E&lid=LSTMOBHPGG9MZTG9H3E7RCBRQ&marketplace=FLIPKART&q=smart+phones&store=tyy%2F4io&srno=s_27_648&otracker=search&fm=organic&iid=aeae4aa2-d3bf-4a85-9dcd-ad9b5bed831b.MOBHPGG9MZTG9H3E.SEARCH&ppt=None&ppn=None&ssid=tq4ykql4y80000001790850085429&qH=a5594894156db043&ov_redirect=true,2026-10-01
649,"vivo S2 (Sapphire Blue, 128 GB)",vivo,42999,66999,35% off,4.3,557,57,8 GB RAM,128 GB ROM,7050 mAh Lithium-ion Battery,Dimensity 7360-Turbo Processor,17.35 cm (6.83 inch) Full HD+ AMOLED Display,50MP + 2MP | 32MP Front Camera,,https://www.flipkart.com/vivo-s2-sapphire-blue-128-gb/p/itm019d134c8359d?pid=MOBHPGG9JRTQRRHD&lid=LSTMOBHPGG9JRTQRRHDZFVS5T&marketplace=FLIPKART&q=smart+phones&store=tyy%2F4io&srno=s_28_649&otracker=search&fm=organic&iid=8bad1c29-111e-4f9c-ba7b-89068726be9b.MOBHPGG9JRTQRRHD.SEARCH&ppt=None&ppn=None&ssid=kl4cvwo8bk0000001790850088539&qH=a5594894156db043&ov_redirect=true,2026-10-01
650,"REDMI Note-14 Pro+ 5G (Titan Black, 256 GB)",REDMI,29585,36999,20% off,4.4,897,69,8 GB RAM,256 GB ROM,6200 mAh Battery,7s Gen 3 Processor,16.94 cm (6.67 inch) Display,50MP + 50MP + 8MP | 20MP Front Camera,,https://www.flipkart.com/redmi-note-14-pro-5g-titan-black-256-gb/p/itmf69d377f9a8fb?pid=MOBH8BW3N8F3GPUP&lid=LSTMOBH8BW3N8F3GPUPFY8DYL&marketplace=FLIPKART&q=smart+phones&store=tyy%2F4io&srno=s_28_650&otracker=search&fm=organic&iid=8bad1c29-111e-4f9c-ba7b-89068726be9b.MOBH8BW3N8F3GPUP.SEARCH&ppt=None&ppn=None&ssid=kl4cvwo8bk0000001790850088539&qH=a5594894156db043&ov_redirect=true,2026-10-01
651,"Tecno Spark Go 3 (Titanium Grey, 64 GB)",Tecno,12499,15999,21% off,4.1,221,15,4 GB RAM,64 GB ROM,5000 mAh Lithium Polymer Battery,T7250 Processor,17.12 cm (6.74 inch) HD+ Display,13MP Rear Camera | 8MP Front Camera,,https://www.flipkart.com/tecno-spark-go-3-titanium-grey-64-gb/p/itma9c8f128a61c6?pid=MOBHP2QY7GH4XWWS&lid=LSTMOBHP2QY7GH4XWWSUZBT2N&marketplace=FLIPKART&q=smart+phones&store=tyy%2F4io&srno=s_28_651&otracker=search&fm=organic&iid=en_cfan1lQH3ys2SWdoXFuHjbNHBA7XomJNggdw6xr3nLdh0jgR732_e134y__2Alr3vdhgVIDAS43502YR2UC6WzzVjjVgBxhvbGO4C2Nu8sB8rFgxJDikyqMoslUPLqij&ppt=None&ppn=None&ssid=kl4cvwo8bk0000001790850088539&qH=a5594894156db043&ov_redirect=true,2026-10-01
652,"Tecno Spark Go 3 (Ink Black, 64 GB)",Tecno,12499,15999,21% off,4.1,221,15,4 GB RAM,64 GB ROM,5000 mAh Lithium Polymer Battery,T7250 Processor,17.12 cm (6.74 inch) HD+ Display,13MP Rear Camera | 8MP Front Camera,,https://www.flipkart.com/tecno-spark-go-3-ink-black-64-gb/p/itma9c8f128a61c6?pid=MOBHP2QYCXZZE3CM&lid=LSTMOBHP2QYCXZZE3CMWW64IB&marketplace=FLIPKART&q=smart+phones&store=tyy%2F4io&srno=s_28_652&otracker=search&fm=organic&iid=en_cfan1lQH3ys2SWdoXFuHjbNHBA7XomJNggdw6xr3nLfzRodM9xeuQpr0k5l1fP6eXSTZgtzvjftyjvmwmzsaRgiCj5dWzPgr1ZNpuYyjSmh8rFgxJDikyqMoslUPLqij&ppt=None&ppn=None&ssid=kl4cvwo8bk0000001790850088539&qH=a5594894156db043&ov_redirect=true,2026-10-01
653,"Samsung Galaxy S26 Ultra 5G (Cobalt Violet, 256 GB)",Samsung,129999,139999,7% off,4.6,"1,367",355,12 GB RAM,256 GB ROM,5000 mAh Li-ion Battery,Snapdragon 8 Elite Gen 5 Processor,17.53 cm (6.9 inch) Quad HD+ Display,200MP + 50MP | 12MP Front Camera,,https://www.flipkart.com/samsung-galaxy-s26-ultra-5g-cobalt-violet-256-gb/p/itmf4799d3841c43?pid=MOBHKGAPUXRHVXHZ&lid=LSTMOBHKGAPUXRHVXHZWUKACF&marketplace=FLIPKART&q=smart+phones&store=tyy%2F4io&srno=s_28_653&otracker=search&fm=organic&iid=8bad1c29-111e-4f9c-ba7b-89068726be9b.MOBHKGAPUXRHVXHZ.SEARCH&ppt=None&ppn=None&ssid=kl4cvwo8bk0000001790850088539&qH=a5594894156db043&ov_redirect=true,2026-10-01
654,"MOTOROLA edge 70 pro (Satin-Luxe PANTONE Tea (Green), 256 GB)",MOTOROLA,39999,69999,42% off,4.3,962,115,8 GB RAM,256 GB ROM,6500 mAh Silicon-Carbon Battery,Dimensity 8500 Extreme Processor,17.27 cm (6.8 inch) Full HD+ Super AMOLED Display,50MP + 50MP | 50MP Front Camera,,https://www.flipkart.com/motorola-edge-70-pro-satin-luxe-pantone-tea-green-256-gb/p/itmad36b25ee48bf?pid=MOBHN9734ZPCKBAC&lid=LSTMOBHN9734ZPCKBACJUQ4X8&marketplace=FLIPKART&q=smart+phones&store=tyy%2F4io&srno=s_28_654&otracker=search&fm=organic&iid=8bad1c29-111e-4f9c-ba7b-89068726be9b.MOBHN9734ZPCKBAC.SEARCH&ppt=None&ppn=None&ssid=kl4cvwo8bk0000001790850088539&qH=a5594894156db043&ov_redirect=true,2026-10-01
655,"LAVA Virat V1 5G (Arya Blue, 128 GB)",LAVA,14499,17499,17% off,4.1,"1,122",212,4 GB RAM,128 GB ROM,6000 mAh Battery,T8200 Processor,17.14 cm (6.75 inch) Display,13MP Rear Camera | 5MP Front Camera,,https://www.flipkart.com/lava-virat-v1-5g-arya-blue-128-gb/p/itm11c9a497c9644?pid=MOBHQ6XKPVUPVJNJ&lid=LSTMOBHQ6XKPVUPVJNJFN1XGI&marketplace=FLIPKART&q=smart+phones&store=tyy%2F4io&srno=s_28_655&otracker=search&fm=organic&iid=8bad1c29-111e-4f9c-ba7b-89068726be9b.MOBHQ6XKPVUPVJNJ.SEARCH&ppt=None&ppn=None&ssid=kl4cvwo8bk0000001790850088539&qH=a5594894156db043&ov_redirect=true,2026-10-01
656,"MOTOROLA Edge 70 Fusion Snapdragon (Pantone COUNTRY AIR, 256 GB)",MOTOROLA,34999,59999,41% off,4.3,"6,894",768,12 GB RAM,256 GB ROM,7000 mAh Battery,Snapdragon 7s Gen 4 Processor,17.27 cm (6.8 inch) Super HD Display,50MP + 13MP | 32MP Front Camera,,https://www.flipkart.com/motorola-edge-70-fusion-snapdragon-pantone-country-air-256-gb/p/itmbc8e537e66567?pid=MOBHN973DFVJUURY&lid=LSTMOBHN973DFVJUURYU0XTEM&marketplace=FLIPKART&q=smart+phones&store=tyy%2F4io&srno=s_28_656&otracker=search&fm=organic&iid=8bad1c29-111e-4f9c-ba7b-89068726be9b.MOBHN973DFVJUURY.SEARCH&ppt=None&ppn=None&ssid=kl4cvwo8bk0000001790850088539&qH=a5594894156db043&ov_redirect=true,2026-10-01
657,"realme P4 Power 5G (TransSilver, 256 GB)",realme,37999,,,4.4,"1,876",256,12 GB RAM,256 GB ROM,10001 mAh Battery,Dimensity 7400 Ultra Processor,17.27 cm (6.8 inch) Full HD+ AMOLED Display,,,https://www.flipkart.com/realme-p4-power-5g-transsilver-256-gb/p/itm49784b322aad0?pid=MOBHJHSHGY5GKFFK&lid=LSTMOBHJHSHGY5GKFFKBCSLLN&marketplace=FLIPKART&q=smart+phones&store=tyy%2F4io&srno=s_28_657&otracker=search&fm=organic&iid=8bad1c29-111e-4f9c-ba7b-89068726be9b.MOBHJHSHGY5GKFFK.SEARCH&ppt=None&ppn=None&ssid=kl4cvwo8bk0000001790850088539&qH=a5594894156db043&ov_redirect=true,2026-10-01
658,"realme P4s 5G (Electric Cyan, 256 GB)",realme,41999,60999,31% off,4.5,50,13,12 GB RAM,256 GB ROM,8000 mAh Battery,Dimensity 7400 Processor,17.22 cm (6.78 inch) Full HD+ AMOLED Display,50MP + 8MP | 16MP Front Camera,,https://www.flipkart.com/realme-p4s-5g-electric-cyan-256-gb/p/itmcb2e7e552a5ef?pid=MOBHPBHARTPRKMA8&lid=LSTMOBHPBHARTPRKMA8GVW3JV&marketplace=FLIPKART&q=smart+phones&store=tyy%2F4io&srno=s_28_658&otracker=search&fm=organic&iid=8bad1c29-111e-4f9c-ba7b-89068726be9b.MOBHPBHARTPRKMA8.SEARCH&ppt=None&ppn=None&ssid=kl4cvwo8bk0000001790850088539&qH=a5594894156db043&ov_redirect=true,2026-10-01
659,"realme P4s 5G (Titanium Gray, 256 GB)",realme,41999,60999,31% off,4.5,50,13,12 GB RAM,256 GB ROM,8000 mAh Battery,Dimensity 7400 Processor,17.22 cm (6.78 inch) Full HD+ AMOLED Display,50MP + 8MP | 16MP Front Camera,,https://www.flipkart.com/realme-p4s-5g-titanium-gray-256-gb/p/itmcb2e7e552a5ef?pid=MOBHPBHAEHZXGFCV&lid=LSTMOBHPBHAEHZXGFCVUCKEEO&marketplace=FLIPKART&q=smart+phones&store=tyy%2F4io&srno=s_28_659&otracker=search&fm=organic&iid=8bad1c29-111e-4f9c-ba7b-89068726be9b.MOBHPBHAEHZXGFCV.SEARCH&ppt=None&ppn=None&ssid=kl4cvwo8bk0000001790850088539&qH=a5594894156db043&ov_redirect=true,2026-10-01
660,"MOTOROLA edge 70 pro (Tailored Fabric - PANTONE Titan (Blue), 256 GB)",MOTOROLA,42999,74999,42% off,4.3,651,85,12 GB RAM,256 GB ROM,6500 mAh Silicon-Carbon Battery,Dimensity 8500 Extreme Processor,17.27 cm (6.8 inch) Full HD+ Super AMOLED Display,50MP + 50MP | 50MP Front Camera,,https://www.flipkart.com/motorola-edge-70-pro-tailored-fabric-pantone-titan-blue-256-gb/p/itm2bb5f69d7af34?pid=MOBHN973JRZJXD9Y&lid=LSTMOBHN973JRZJXD9YATO2ML&marketplace=FLIPKART&q=smart+phones&store=tyy%2F4io&srno=s_28_660&otracker=search&fm=organic&iid=8bad1c29-111e-4f9c-ba7b-89068726be9b.MOBHN973JRZJXD9Y.SEARCH&ppt=None&ppn=None&ssid=kl4cvwo8bk0000001790850088539&qH=a5594894156db043&ov_redirect=true,2026-10-01
661,"realme P4 Power 5G (TransSilver, 256 GB)",realme,34999,,,4.4,"8,621",903,8 GB RAM,256 GB ROM,10001 mAh Battery,Dimensity 7400 Ultra Processor,17.27 cm (6.8 inch) Full HD+ AMOLED Display,,,https://www.flipkart.com/realme-p4-power-5g-transsilver-256-gb/p/itm49784b322aad0?pid=MOBHJHSHPRM435M6&lid=LSTMOBHJHSHPRM435M69IRNJQ&marketplace=FLIPKART&q=smart+phones&store=tyy%2F4io&srno=s_28_661&otracker=search&fm=organic&iid=8bad1c29-111e-4f9c-ba7b-89068726be9b.MOBHJHSHPRM435M6.SEARCH&ppt=None&ppn=None&ssid=kl4cvwo8bk0000001790850088539&qH=a5594894156db043&ov_redirect=true,2026-10-01
662,"realme P4 Power 5G (TransSilver, 128 GB)",realme,32999,,,4.4,"8,621",903,8 GB RAM,128 GB ROM,10001 mAh Battery,Dimensity 7400 Ultra Processor,17.27 cm (6.8 inch) Full HD+ AMOLED Display,,,https://www.flipkart.com/realme-p4-power-5g-transsilver-128-gb/p/itm49784b322aad0?pid=MOBHJHSHMQDGQSAD&lid=LSTMOBHJHSHMQDGQSADIONHIC&marketplace=FLIPKART&q=smart+phones&store=tyy%2F4io&srno=s_28_662&otracker=search&fm=organic&iid=8bad1c29-111e-4f9c-ba7b-89068726be9b.MOBHJHSHMQDGQSAD.SEARCH&ppt=None&ppn=None&ssid=kl4cvwo8bk0000001790850088539&qH=a5594894156db043&ov_redirect=true,2026-10-01
663,"Ai+ Nova 2 Neo 5G (Green, 128 GB)",Ai+,15999,18999,15% off,4.3,"2,357",205,4 GB RAM,128 GB ROM,6000 mAh Li-polymer Battery,Dimensity 6300 Processor,17.13 cm (6.745 inch) HD+ Display,48MP Rear Camera | 8MP Front Camera,,https://www.flipkart.com/ai-nova-2-neo-5g-green-128-gb/p/itme652d08967489?pid=MOBHZ8ZMUBXHKYTE&lid=LSTMOBHZ8ZMUBXHKYTE7CJWOK&marketplace=FLIPKART&q=smart+phones&store=tyy%2F4io&srno=s_28_663&otracker=search&fm=organic&iid=8bad1c29-111e-4f9c-ba7b-89068726be9b.MOBHZ8ZMUBXHKYTE.SEARCH&ppt=None&ppn=None&ssid=kl4cvwo8bk0000001790850088539&qH=a5594894156db043&ov_redirect=true,2026-10-01
664,"Samsung Galaxy A07 5G (Light Green, 128 GB)",Samsung,20390,26999,24% off,4.3,88,7,6 GB RAM,128 GB ROM,6000 mAh Li-ion Battery,Dimensity 6300 Processor,43.51 cm (17.13 inch) HD+ Display,50MP + 2MP | 8MP Front Camera,,https://www.flipkart.com/samsung-galaxy-a07-5g-light-green-128-gb/p/itm375542879d8d6?pid=MOBHJXB2ZS4EAG64&lid=LSTMOBHJXB2ZS4EAG64QLZPQD&marketplace=FLIPKART&q=smart+phones&store=tyy%2F4io&srno=s_28_664&otracker=search&fm=organic&iid=8bad1c29-111e-4f9c-ba7b-89068726be9b.MOBHJXB2ZS4EAG64.SEARCH&ppt=None&ppn=None&ssid=kl4cvwo8bk0000001790850088539&qH=a5594894156db043&ov_redirect=true,2026-10-01
665,"vivo S2 (Silk White, 256 GB)",vivo,48999,70999,30% off,4.3,557,57,8 GB RAM,256 GB ROM,7050 mAh Lithium-ion Battery,Dimensity 7360-Turbo Processor,17.35 cm (6.83 inch) Full HD+ AMOLED Display,50MP + 2MP | 32MP Front Camera,,https://www.flipkart.com/vivo-s2-silk-white-256-gb/p/itm019d134c8359d?pid=MOBHPGG9TJRPJPWG&lid=LSTMOBHPGG9TJRPJPWGJC5AK6&marketplace=FLIPKART&q=smart+phones&store=tyy%2F4io&srno=s_28_665&otracker=search&fm=organic&iid=8bad1c29-111e-4f9c-ba7b-89068726be9b.MOBHPGG9TJRPJPWG.SEARCH&ppt=None&ppn=None&ssid=kl4cvwo8bk0000001790850088539&qH=a5594894156db043&ov_redirect=true,2026-10-01
666,"IQOO Z11 lite 5G (Midnight Blue, 128 GB)",IQOO,22799,38499,40% off,3.9,79,8,6 GB RAM,128 GB ROM,6500 mAh Battery,MediaTek Dimensity 6300 Processor,17.12 cm (6.74 inch) Display,50MP Rear Camera,,https://www.flipkart.com/iqoo-z11-lite-5g-midnight-blue-128-gb/p/itmaa919fae95e49?pid=MOBHPMWYHPAZGJ7R&lid=LSTMOBHPMWYHPAZGJ7R2IBPZL&marketplace=FLIPKART&q=smart+phones&store=tyy%2F4io&srno=s_28_666&otracker=search&fm=organic&iid=8bad1c29-111e-4f9c-ba7b-89068726be9b.MOBHPMWYHPAZGJ7R.SEARCH&ppt=None&ppn=None&ssid=kl4cvwo8bk0000001790850088539&qH=a5594894156db043&ov_redirect=true,2026-10-01
667,"realme Narzo 100x 5g (Midnight Black, 256 GB)",realme,27889,39999,30% off,4.2,353,43,6 GB RAM,256 GB ROM,8000 mAh Battery,MediaTek Dimensity 6300 Processor,17.3 cm (6.81 inch) HD+ Display,,,https://www.flipkart.com/realme-narzo-100x-5g-midnight-black-256-gb/p/itm66836fc8ecc5e?pid=MOBHPJG4RXUMMSF8&lid=LSTMOBHPJG4RXUMMSF8SUK7SX&marketplace=FLIPKART&q=smart+phones&store=tyy%2F4io&srno=s_28_667&otracker=search&fm=organic&iid=8bad1c29-111e-4f9c-ba7b-89068726be9b.MOBHPJG4RXUMMSF8.SEARCH&ppt=None&ppn=None&ssid=kl4cvwo8bk0000001790850088539&qH=a5594894156db043&ov_redirect=true,2026-10-01
668,"MOTOROLA edge 70 pro (Marble - PANTONE Lily white (white), 256 GB)",MOTOROLA,39999,69999,42% off,4.3,962,115,8 GB RAM,256 GB ROM,6500 mAh Silicon-Carbon Battery,Dimensity 8500 Extreme Processor,17.27 cm (6.8 inch) Full HD+ Super AMOLED Display,50MP + 50MP | 50MP Front Camera,,https://www.flipkart.com/motorola-edge-70-pro-marble-pantone-lily-white-white-256-gb/p/itma4709685e2671?pid=MOBHN973MHGP4S2S&lid=LSTMOBHN973MHGP4S2SLB0T99&marketplace=FLIPKART&q=smart+phones&store=tyy%2F4io&srno=s_28_668&otracker=search&fm=organic&iid=8bad1c29-111e-4f9c-ba7b-89068726be9b.MOBHN973MHGP4S2S.SEARCH&ppt=None&ppn=None&ssid=kl4cvwo8bk0000001790850088539&qH=a5594894156db043&ov_redirect=true,2026-10-01
669,"Ai+ Nova 2 5G (Black, 128 GB)",Ai+,14499,17499,17% off,4.2,"7,115",410,4 GB RAM,128 GB ROM,6000 mAh Battery,T8200 Processor,17.13 cm (6.745 inch) HD+ Display,50MP Rear Camera | 8MP Front Camera,,https://www.flipkart.com/ai-nova-2-5g-black-128-gb/p/itm8d7185004fb8a?pid=MOBHZPMCQYM4NVPC&lid=LSTMOBHZPMCQYM4NVPC2OYZJA&marketplace=FLIPKART&q=smart+phones&store=tyy%2F4io&srno=s_28_669&otracker=search&fm=organic&iid=8bad1c29-111e-4f9c-ba7b-89068726be9b.MOBHZPMCQYM4NVPC.SEARCH&ppt=None&ppn=None&ssid=kl4cvwo8bk0000001790850088539&qH=a5594894156db043&ov_redirect=true,2026-10-01
670,"BOLTT ACE 5G (Midnight Black, 64 GB)",BOLTT,14999,24999,40% off,4.2,402,199,4 GB RAM,64 GB ROM,6000 mAh Lithium ion Battery,T8200 Processor,17.25 cm (6.79 inch) HD+ Display,64MP Rear Camera | 8MP Front Camera,,https://www.flipkart.com/boltt-ace-5g-midnight-black-64-gb/p/itm2eb0f483effdd?pid=MOBHPP596AHABWNP&lid=LSTMOBHPP596AHABWNP9FUVIF&marketplace=FLIPKART&q=smart+phones&store=tyy%2F4io&srno=s_28_670&otracker=search&fm=organic&iid=8bad1c29-111e-4f9c-ba7b-89068726be9b.MOBHPP596AHABWNP.SEARCH&ppt=None&ppn=None&ssid=kl4cvwo8bk0000001790850088539&qH=a5594894156db043&ov_redirect=true,2026-10-01
671,"IQOO Z10 Lite 5G (Titanium Blue, 128 GB)",IQOO,19885,28999,31% off,4.1,"4,676",273,4 GB RAM,128 GB ROM,6000 mAh Battery,,17.12 cm (6.74 inch) Display,50MP Rear Camera,,https://www.flipkart.com/iqoo-z10-lite-5g-titanium-blue-128-gb/p/itmb57aad9fe876e?pid=MOBHDGDJNMMPPPMW&lid=LSTMOBHDGDJNMMPPPMWYXT6GQ&marketplace=FLIPKART&q=smart+phones&store=tyy%2F4io&srno=s_28_671&otracker=search&fm=organic&iid=8bad1c29-111e-4f9c-ba7b-89068726be9b.MOBHDGDJNMMPPPMW.SEARCH&ppt=None&ppn=None&ssid=kl4cvwo8bk0000001790850088539&qH=a5594894156db043&ov_redirect=true,2026-10-01
672,"IQOO Z10 Lite 5G (Cyber Green, 64 GB)",IQOO,17280,27999,38% off,4.1,"4,676",273,4 GB RAM,64 GB ROM,6000 mAh Battery,,17.12 cm (6.74 inch) Display,50MP Rear Camera,,https://www.flipkart.com/iqoo-z10-lite-5g-cyber-green-64-gb/p/itmb57aad9fe876e?pid=MOBHJZJEZXP4TGPE&lid=LSTMOBHJZJEZXP4TGPEWJCKT2&marketplace=FLIPKART&q=smart+phones&store=tyy%2F4io&srno=s_28_672&otracker=search&fm=organic&iid=8bad1c29-111e-4f9c-ba7b-89068726be9b.MOBHJZJEZXP4TGPE.SEARCH&ppt=None&ppn=None&ssid=kl4cvwo8bk0000001790850088539&qH=a5594894156db043&ov_redirect=true,2026-10-01
673,"BOLTT ACE 5G (Midnight Black, 64 GB)",BOLTT,14999,24999,40% off,4.2,402,199,4 GB RAM,64 GB ROM,6000 mAh Lithium ion Battery,T8200 Processor,17.25 cm (6.79 inch) HD+ Display,64MP Rear Camera | 8MP Front Camera,,https://www.flipkart.com/boltt-ace-5g-midnight-black-64-gb/p/itm2eb0f483effdd?pid=MOBHPP596AHABWNP&lid=LSTMOBHPP596AHABWNP9FUVIF&marketplace=FLIPKART&q=smart+phones&store=tyy%2F4io&srno=s_29_673&otracker=search&fm=organic&iid=0f02a74f-8636-47fa-b411-5e00e88c8f62.MOBHPP596AHABWNP.SEARCH&ppt=None&ppn=None&ssid=aj8eqpq7nk0000001790850091303&qH=a5594894156db043&ov_redirect=true,2026-10-01
674,"realme 16 5G (Air Black, 256 GB)",realme,44999,,,4,"1,018",113,8 GB RAM,256 GB ROM,7000 mAh Battery,Dimensity 6400 Turbo Processor,16.69 cm (6.57 inch) Full HD+ AMOLED Display,50MP + 2MP | 50MP Front Camera,,https://www.flipkart.com/realme-16-5g-air-black-256-gb/p/itm7b0c4cd95742b?pid=MOBHHM6TZ6QRPMBY&lid=LSTMOBHHM6TZ6QRPMBYNLJMCR&marketplace=FLIPKART&q=smart+phones&store=tyy%2F4io&srno=s_29_674&otracker=search&fm=organic&iid=0f02a74f-8636-47fa-b411-5e00e88c8f62.MOBHHM6TZ6QRPMBY.SEARCH&ppt=None&ppn=None&ssid=aj8eqpq7nk0000001790850091303&qH=a5594894156db043&ov_redirect=true,2026-10-01
675,"realme 16 5G (Air Black, 256 GB)",realme,49999,,,4.3,247,28,12 GB RAM,256 GB ROM,7000 mAh Battery,Dimensity 6400 Turbo Processor,16.69 cm (6.57 inch) Full HD+ AMOLED Display,50MP + 2MP | 50MP Front Camera,,https://www.flipkart.com/realme-16-5g-air-black-256-gb/p/itm7b0c4cd95742b?pid=MOBHHM6TCNZGFMY3&lid=LSTMOBHHM6TCNZGFMY36AK2OW&marketplace=FLIPKART&q=smart+phones&store=tyy%2F4io&srno=s_29_675&otracker=search&fm=organic&iid=0f02a74f-8636-47fa-b411-5e00e88c8f62.MOBHHM6TCNZGFMY3.SEARCH&ppt=None&ppn=None&ssid=aj8eqpq7nk0000001790850091303&qH=a5594894156db043&ov_redirect=true,2026-10-01
676,"Apple iPhone 17 (Mist Blue, 256 GB)",Apple,99900,,,4.6,"28,288","2,049",,,,"A19 Chip, 6 Core Processor Processor",16.0 cm (6.3 inch) Super Retina XDR Display,48MP + 48MP | 18MP Front Camera,,https://www.flipkart.com/apple-iphone-17-mist-blue-256-gb/p/itmfd8c16e287599?pid=MOBHQV9YNVS7PXHH&lid=LSTMOBHQV9YNVS7PXHHYQWZJ4&marketplace=FLIPKART&q=smart+phones&store=tyy%2F4io&srno=s_29_676&otracker=search&fm=organic&iid=0f02a74f-8636-47fa-b411-5e00e88c8f62.MOBHQV9YNVS7PXHH.SEARCH&ppt=None&ppn=None&ssid=aj8eqpq7nk0000001790850091303&qH=a5594894156db043&ov_redirect=true,2026-10-01
677,"Tecno Spark Go 3 (Titanium Grey, 64 GB)",Tecno,12499,15999,21% off,4.1,221,15,4 GB RAM,64 GB ROM,5000 mAh Lithium Polymer Battery,T7250 Processor,17.12 cm (6.74 inch) HD+ Display,13MP Rear Camera | 8MP Front Camera,,https://www.flipkart.com/tecno-spark-go-3-titanium-grey-64-gb/p/itma9c8f128a61c6?pid=MOBHP2QY7GH4XWWS&lid=LSTMOBHP2QY7GH4XWWSUZBT2N&marketplace=FLIPKART&q=smart+phones&store=tyy%2F4io&srno=s_29_677&otracker=search&fm=organic&iid=en_zflQHXWShefkhAoyK-03qrQ9Pwt6489HTx2rMJ4-30N3wtYZFGHEtf5RaEGacj9rvdhgVIDAS43502YR2UC6WzzVjjVgBxhvbGO4C2Nu8sCbsFSH9r8Qvp7fwDYX8VOT&ppt=None&ppn=None&ssid=aj8eqpq7nk0000001790850091303&qH=a5594894156db043&ov_redirect=true,2026-10-01
678,"IQOO Z10 Lite 5G (Titanium Blue, 64 GB)",IQOO,17300,27999,38% off,4.1,"4,676",273,4 GB RAM,64 GB ROM,6000 mAh Battery,,17.12 cm (6.74 inch) Display,50MP Rear Camera,,https://www.flipkart.com/iqoo-z10-lite-5g-titanium-blue-64-gb/p/itmb57aad9fe876e?pid=MOBHJZJAT8ZUFYAG&lid=LSTMOBHJZJAT8ZUFYAGDYXLDJ&marketplace=FLIPKART&q=smart+phones&store=tyy%2F4io&srno=s_29_678&otracker=search&fm=organic&iid=0f02a74f-8636-47fa-b411-5e00e88c8f62.MOBHJZJAT8ZUFYAG.SEARCH&ppt=None&ppn=None&ssid=aj8eqpq7nk0000001790850091303&qH=a5594894156db043&ov_redirect=true,2026-10-01
679,"IQOO Z10 Lite 5G (Cyber Green, 64 GB)",IQOO,17280,27999,38% off,4.1,"4,676",273,4 GB RAM,64 GB ROM,6000 mAh Battery,,17.12 cm (6.74 inch) Display,50MP Rear Camera,,https://www.flipkart.com/iqoo-z10-lite-5g-cyber-green-64-gb/p/itmb57aad9fe876e?pid=MOBHJZJEZXP4TGPE&lid=LSTMOBHJZJEZXP4TGPEWJCKT2&marketplace=FLIPKART&q=smart+phones&store=tyy%2F4io&srno=s_29_679&otracker=search&fm=organic&iid=0f02a74f-8636-47fa-b411-5e00e88c8f62.MOBHJZJEZXP4TGPE.SEARCH&ppt=None&ppn=None&ssid=aj8eqpq7nk0000001790850091303&qH=a5594894156db043&ov_redirect=true,2026-10-01
680,"Apple iPhone 16e (White, 256 GB)",Apple,69900,,,4.5,"1,447",109,,,,"A18 Chip, 6 Core Processor",15.49 cm (6.1 inch) Super Retina XDR Display,48MP Rear Camera | 12MP Front Camera,,https://www.flipkart.com/apple-iphone-16e-white-256-gb/p/itm20137f3cfd0e6?pid=MOBH9JVHAKWSEHH6&lid=LSTMOBH9JVHAKWSEHH65YWHN8&marketplace=FLIPKART&q=smart+phones&store=tyy%2F4io&srno=s_29_680&otracker=search&fm=organic&iid=0f02a74f-8636-47fa-b411-5e00e88c8f62.MOBH9JVHAKWSEHH6.SEARCH&ppt=None&ppn=None&ssid=aj8eqpq7nk0000001790850091303&qH=a5594894156db043&ov_redirect=true,2026-10-01
681,"realme P4s 5G (Titanium Gray, 128 GB)",realme,34999,48999,28% off,4.4,506,105,8 GB RAM,128 GB ROM,8000 mAh Battery,Dimensity 7400 Processor,17.22 cm (6.78 inch) Full HD+ AMOLED Display,50MP + 8MP | 16MP Front Camera,,https://www.flipkart.com/realme-p4s-5g-titanium-gray-128-gb/p/itmcb2e7e552a5ef?pid=MOBHPBHATYTBGZXN&lid=LSTMOBHPBHATYTBGZXNW48J46&marketplace=FLIPKART&q=smart+phones&store=tyy%2F4io&srno=s_29_681&otracker=search&fm=organic&iid=0f02a74f-8636-47fa-b411-5e00e88c8f62.MOBHPBHATYTBGZXN.SEARCH&ppt=None&ppn=None&ssid=aj8eqpq7nk0000001790850091303&qH=a5594894156db043&ov_redirect=true,2026-10-01
682,"Ai+ Nova 2 Pro 5G (Green, 128 GB)",Ai+,18999,23999,20% off,4,"1,036",132,8 GB RAM,128 GB ROM,6000 mAh Li-polymer Battery,Dimensity 7100 Processor,17.53 cm (6.9 inch) Full HD+ Display,48MP Rear Camera | 13MP Front Camera,,https://www.flipkart.com/ai-nova-2-pro-5g-green-128-gb/p/itm0f17f22a021f7?pid=MOBHZ8ZMF5EZCTBR&lid=LSTMOBHZ8ZMF5EZCTBR0IZWIH&marketplace=FLIPKART&q=smart+phones&store=tyy%2F4io&srno=s_29_682&otracker=search&fm=organic&iid=0f02a74f-8636-47fa-b411-5e00e88c8f62.MOBHZ8ZMF5EZCTBR.SEARCH&ppt=None&ppn=None&ssid=aj8eqpq7nk0000001790850091303&qH=a5594894156db043&ov_redirect=true,2026-10-01
683,"IQOO Z10 Lite 5G (Titanium Blue, 128 GB)",IQOO,19885,28999,31% off,4.1,"4,676",273,4 GB RAM,128 GB ROM,6000 mAh Battery,,17.12 cm (6.74 inch) Display,50MP Rear Camera,,https://www.flipkart.com/iqoo-z10-lite-5g-titanium-blue-128-gb/p/itmb57aad9fe876e?pid=MOBHDGDJNMMPPPMW&lid=LSTMOBHDGDJNMMPPPMWYXT6GQ&marketplace=FLIPKART&q=smart+phones&store=tyy%2F4io&srno=s_29_683&otracker=search&fm=organic&iid=0f02a74f-8636-47fa-b411-5e00e88c8f62.MOBHDGDJNMMPPPMW.SEARCH&ppt=None&ppn=None&ssid=aj8eqpq7nk0000001790850091303&qH=a5594894156db043&ov_redirect=true,2026-10-01
684,"REDMI 15 5G (Midnight Black, 128 GB)",REDMI,23630,34999,32% off,4.3,"5,018",320,8 GB RAM,128 GB ROM,7000 mAh Battery,,17.53 cm (6.9 inch) Display,50MP Rear Camera,,https://www.flipkart.com/redmi-15-5g-midnight-black-128-gb/p/itmd7bced8727891?pid=MOBHFTM8SXZC3UGN&lid=LSTMOBHFTM8SXZC3UGNUJWNOP&marketplace=FLIPKART&q=smart+phones&store=tyy%2F4io&srno=s_29_684&otracker=search&fm=organic&iid=0f02a74f-8636-47fa-b411-5e00e88c8f62.MOBHFTM8SXZC3UGN.SEARCH&ppt=None&ppn=None&ssid=aj8eqpq7nk0000001790850091303&qH=a5594894156db043&ov_redirect=true,2026-10-01
685,"vivo Y11 5G (Mystic Blue, 128 GB)",vivo,22499,44999,50% off,4.1,953,56,4 GB RAM,128 GB ROM,6500 mAh Li-ion Battery,Dimensity 6300 Processor,17.12 cm (6.74 inch) HD+ Display,13MP + 0.08MP | 5MP Front Camera,,https://www.flipkart.com/vivo-y11-5g-mystic-blue-128-gb/p/itm722b8f27be0b8?pid=MOBHZF4T4JRVTHY4&lid=LSTMOBHZF4T4JRVTHY4KR3BUH&marketplace=FLIPKART&q=smart+phones&store=tyy%2F4io&srno=s_29_685&otracker=search&fm=organic&iid=0f02a74f-8636-47fa-b411-5e00e88c8f62.MOBHZF4T4JRVTHY4.SEARCH&ppt=None&ppn=None&ssid=aj8eqpq7nk0000001790850091303&qH=a5594894156db043&ov_redirect=true,2026-10-01
686,"vivo Y11 5G (Mystic Blue, 64 GB)",vivo,18999,39999,52% off,4.1,953,56,4 GB RAM,64 GB ROM,6500 mAh Li-ion Battery,Dimensity 6300 Processor,17.12 cm (6.74 inch) HD+ Display,13MP + 0.08MP | 5MP Front Camera,,https://www.flipkart.com/vivo-y11-5g-mystic-blue-64-gb/p/itm722b8f27be0b8?pid=MOBHZF4TRQECK68N&lid=LSTMOBHZF4TRQECK68NZFXF4G&marketplace=FLIPKART&q=smart+phones&store=tyy%2F4io&srno=s_29_686&otracker=search&fm=organic&iid=0f02a74f-8636-47fa-b411-5e00e88c8f62.MOBHZF4TRQECK68N.SEARCH&ppt=None&ppn=None&ssid=aj8eqpq7nk0000001790850091303&qH=a5594894156db043&ov_redirect=true,2026-10-01
687,"vivo Y11 5G (Cosmic Gold, 64 GB)",vivo,18999,39999,52% off,4.1,953,56,4 GB RAM,64 GB ROM,6500 mAh Li-ion Battery,Dimensity 6300 Processor,17.12 cm (6.74 inch) HD+ Display,13MP + 0.08MP | 5MP Front Camera,,https://www.flipkart.com/vivo-y11-5g-cosmic-gold-64-gb/p/itm722b8f27be0b8?pid=MOBHZF4TFXUNDF4Z&lid=LSTMOBHZF4TFXUNDF4ZZIFHP6&marketplace=FLIPKART&q=smart+phones&store=tyy%2F4io&srno=s_29_687&otracker=search&fm=organic&iid=0f02a74f-8636-47fa-b411-5e00e88c8f62.MOBHZF4TFXUNDF4Z.SEARCH&ppt=None&ppn=None&ssid=aj8eqpq7nk0000001790850091303&qH=a5594894156db043&ov_redirect=true,2026-10-01
688,"Ai+ Nova 2 5G (Black, 64 GB)",Ai+,13999,,,4.2,"7,115",410,4 GB RAM,64 GB ROM,6000 mAh Battery,T8200 Processor,17.13 cm (6.745 inch) HD+ Display,50MP Rear Camera | 8MP Front Camera,,https://www.flipkart.com/ai-nova-2-5g-black-64-gb/p/itme6e69f9ec9956?pid=MOBHKHPYYA5KZSYP&lid=LSTMOBHKHPYYA5KZSYPYMPP3T&marketplace=FLIPKART&q=smart+phones&store=tyy%2F4io&srno=s_29_688&otracker=search&fm=organic&iid=0f02a74f-8636-47fa-b411-5e00e88c8f62.MOBHKHPYYA5KZSYP.SEARCH&ppt=None&ppn=None&ssid=aj8eqpq7nk0000001790850091303&qH=a5594894156db043&ov_redirect=true,2026-10-01
689,"REDMI 15C 5G (Midnight Black, 128 GB)",REDMI,17477,24099,27% off,3.7,876,95,4 GB RAM,128 GB ROM,6000 mAh Battery,,17.53 cm (6.9 inch) Display,50MP Rear Camera,,https://www.flipkart.com/redmi-15c-5g-midnight-black-128-gb/p/itmc1345bb45eef3?pid=MOBHGGZ2GQJYZZPG&lid=LSTMOBHGGZ2GQJYZZPGII7PP8&marketplace=FLIPKART&q=smart+phones&store=tyy%2F4io&srno=s_29_689&otracker=search&fm=organic&iid=0f02a74f-8636-47fa-b411-5e00e88c8f62.MOBHGGZ2GQJYZZPG.SEARCH&ppt=None&ppn=None&ssid=aj8eqpq7nk0000001790850091303&qH=a5594894156db043&ov_redirect=true,2026-10-01
690,"IQOO Z11 lite 5G (Solar Flame, 128 GB)",IQOO,22984,38499,40% off,3.9,79,8,6 GB RAM,128 GB ROM,6500 mAh Battery,MediaTek Dimensity 6300 Processor,17.12 cm (6.74 inch) Display,50MP Rear Camera,,https://www.flipkart.com/iqoo-z11-lite-5g-solar-flame-128-gb/p/itmaa919fae95e49?pid=MOBHPMVXCMKZH2QT&lid=LSTMOBHPMVXCMKZH2QTVH7H8C&marketplace=FLIPKART&q=smart+phones&store=tyy%2F4io&srno=s_29_690&otracker=search&fm=organic&iid=0f02a74f-8636-47fa-b411-5e00e88c8f62.MOBHPMVXCMKZH2QT.SEARCH&ppt=None&ppn=None&ssid=aj8eqpq7nk0000001790850091303&qH=a5594894156db043&ov_redirect=true,2026-10-01
691,"Ai+ Nova 2 Neo 5G (Green, 128 GB)",Ai+,15999,18999,15% off,4.3,"2,357",205,4 GB RAM,128 GB ROM,6000 mAh Li-polymer Battery,Dimensity 6300 Processor,17.13 cm (6.745 inch) HD+ Display,48MP Rear Camera | 8MP Front Camera,,https://www.flipkart.com/ai-nova-2-neo-5g-green-128-gb/p/itme652d08967489?pid=MOBHZ8ZMUBXHKYTE&lid=LSTMOBHZ8ZMUBXHKYTE7CJWOK&marketplace=FLIPKART&q=smart+phones&store=tyy%2F4io&srno=s_29_691&otracker=search&fm=organic&iid=0f02a74f-8636-47fa-b411-5e00e88c8f62.MOBHZ8ZMUBXHKYTE.SEARCH&ppt=None&ppn=None&ssid=aj8eqpq7nk0000001790850091303&qH=a5594894156db043&ov_redirect=true,2026-10-01
692,"REDMI Note 14 Pro 5G (Titan Black, 128 GB)",REDMI,25999,28999,10% off,4.3,"6,756",507,8 GB RAM,128 GB ROM,5500 mAh Battery,,16.94 cm (6.67 inch) Display,50MP Rear Camera,,https://www.flipkart.com/redmi-note-14-pro-5g-titan-black-128-gb/p/itm901beaf85e746?pid=MOBH89EKJNVD8N2Y&lid=LSTMOBH89EKJNVD8N2YXOCJPN&marketplace=FLIPKART&q=smart+phones&store=tyy%2F4io&srno=s_29_692&otracker=search&fm=organic&iid=0f02a74f-8636-47fa-b411-5e00e88c8f62.MOBH89EKJNVD8N2Y.SEARCH&ppt=None&ppn=None&ssid=aj8eqpq7nk0000001790850091303&qH=a5594894156db043&ov_redirect=true,2026-10-01
693,"REDMI Note-14 Pro 5G (Titan Black, 256 GB)",REDMI,27270,30999,12% off,4.3,"1,250",97,8 GB RAM,256 GB ROM,5500 mAh Battery,Dimensity 7300 Ultra Processor,16.94 cm (6.67 inch) Display,50MP + 8MP + 2MP | 20MP Front Camera,,https://www.flipkart.com/redmi-note-14-pro-5g-titan-black-256-gb/p/itm124f940049e20?pid=MOBH8BW3WGVWHPHF&lid=LSTMOBH8BW3WGVWHPHFMBGASM&marketplace=FLIPKART&q=smart+phones&store=tyy%2F4io&srno=s_29_693&otracker=search&fm=organic&iid=0f02a74f-8636-47fa-b411-5e00e88c8f62.MOBH8BW3WGVWHPHF.SEARCH&ppt=None&ppn=None&ssid=aj8eqpq7nk0000001790850091303&qH=a5594894156db043&ov_redirect=true,2026-10-01
694,"realme Narzo 80 Lite (See Blue, 64 GB)",realme,14240,16999,16% off,4.2,"3,546",189,4 GB RAM,64 GB ROM,6300 mAh Battery,,17.09 cm (6.73 inch) Display,13MP Rear Camera,,https://www.flipkart.com/realme-narzo-80-lite-see-blue-64-gb/p/itmb8ad4180e2d80?pid=MOBHP3W8ESQHPZNP&lid=LSTMOBHP3W8ESQHPZNPXTCEDO&marketplace=FLIPKART&q=smart+phones&store=tyy%2F4io&srno=s_29_694&otracker=search&fm=organic&iid=0f02a74f-8636-47fa-b411-5e00e88c8f62.MOBHP3W8ESQHPZNP.SEARCH&ppt=None&ppn=None&ssid=aj8eqpq7nk0000001790850091303&qH=a5594894156db043&ov_redirect=true,2026-10-01
695,"OPPO F27 Pro+ (Midnight Navy, 128 GB)",OPPO,32999,,,4.3,"13,633",748,8 GB RAM,128 GB ROM,5000 mAh Battery,Dimensity 7050 Processor,17.02 cm (6.7 inch) Full HD+ Display,64MP + 2MP | 8MP Front Camera,,https://www.flipkart.com/oppo-f27-pro-midnight-navy-128-gb/p/itm5235c3c836cc9?pid=MOBHF3DJM6Y8N4BA&lid=LSTMOBHF3DJM6Y8N4BADOQW8U&marketplace=FLIPKART&q=smart+phones&store=tyy%2F4io&srno=s_29_695&otracker=search&fm=organic&iid=0f02a74f-8636-47fa-b411-5e00e88c8f62.MOBHF3DJM6Y8N4BA.SEARCH&ppt=None&ppn=None&ssid=aj8eqpq7nk0000001790850091303&qH=a5594894156db043&ov_redirect=true,2026-10-01
696,"realme 16 5G (Air White, 256 GB)",realme,49999,,,4.3,247,28,12 GB RAM,256 GB ROM,7000 mAh Battery,Dimensity 6400 Turbo Processor,16.69 cm (6.57 inch) Full HD+ AMOLED Display,50MP + 2MP | 50MP Front Camera,,https://www.flipkart.com/realme-16-5g-air-white-256-gb/p/itm7b0c4cd95742b?pid=MOBHHM6T4GNPEFZJ&lid=LSTMOBHHM6T4GNPEFZJUEE3GU&marketplace=FLIPKART&q=smart+phones&store=tyy%2F4io&srno=s_29_696&otracker=search&fm=organic&iid=0f02a74f-8636-47fa-b411-5e00e88c8f62.MOBHHM6T4GNPEFZJ.SEARCH&ppt=None&ppn=None&ssid=aj8eqpq7nk0000001790850091303&qH=a5594894156db043&ov_redirect=true,2026-10-01
697,"Tecno Spark Go 3 (Titanium Grey, 64 GB)",Tecno,12499,15999,21% off,4.1,221,15,4 GB RAM,64 GB ROM,5000 mAh Lithium Polymer Battery,T7250 Processor,17.12 cm (6.74 inch) HD+ Display,13MP Rear Camera | 8MP Front Camera,,https://www.flipkart.com/tecno-spark-go-3-titanium-grey-64-gb/p/itma9c8f128a61c6?pid=MOBHP2QY7GH4XWWS&lid=LSTMOBHP2QY7GH4XWWSUZBT2N&marketplace=FLIPKART&q=smart+phones&store=tyy%2F4io&srno=s_30_697&otracker=search&fm=organic&iid=en_FQ9hQ7VDUhegnylU54HOJhdDtP4rcL5SV7OKva6sDhXOgtIlRut3sj6DHlFCVOzLvdhgVIDAS43502YR2UC6WzzVjjVgBxhvbGO4C2Nu8sBf9Xk2FBgk1fbEDIHXnZJP&ppt=None&ppn=None&ssid=g5mfncx6j40000001790850093996&qH=a5594894156db043&ov_redirect=true,2026-10-01
698,"Tecno Spark Go 3 (Ink Black, 64 GB)",Tecno,12499,15999,21% off,4.1,221,15,4 GB RAM,64 GB ROM,5000 mAh Lithium Polymer Battery,T7250 Processor,17.12 cm (6.74 inch) HD+ Display,13MP Rear Camera | 8MP Front Camera,,https://www.flipkart.com/tecno-spark-go-3-ink-black-64-gb/p/itma9c8f128a61c6?pid=MOBHP2QYCXZZE3CM&lid=LSTMOBHP2QYCXZZE3CMWW64IB&marketplace=FLIPKART&q=smart+phones&store=tyy%2F4io&srno=s_30_698&otracker=search&fm=organic&iid=en_FQ9hQ7VDUhegnylU54HOJhdDtP4rcL5SV7OKva6sDhXMsB_z7yQQ4pezZ9XZAtERXSTZgtzvjftyjvmwmzsaRgiCj5dWzPgr1ZNpuYyjSmhf9Xk2FBgk1fbEDIHXnZJP&ppt=None&ppn=None&ssid=g5mfncx6j40000001790850093996&qH=a5594894156db043&ov_redirect=true,2026-10-01
699,"realme 16 5G (Air Black, 128 GB)",realme,41999,,,4,"1,018",113,8 GB RAM,128 GB ROM,7000 mAh Battery,Dimensity 6400 Turbo Processor,16.69 cm (6.57 inch) Full HD+ AMOLED Display,50MP + 2MP | 50MP Front Camera,,https://www.flipkart.com/realme-16-5g-air-black-128-gb/p/itm7b0c4cd95742b?pid=MOBHHM6TDJP7TNNS&lid=LSTMOBHHM6TDJP7TNNSXCXCK0&marketplace=FLIPKART&q=smart+phones&store=tyy%2F4io&srno=s_30_699&otracker=search&fm=organic&iid=d56b05ba-cfee-4fc1-9be1-e8c85f473481.MOBHHM6TDJP7TNNS.SEARCH&ppt=None&ppn=None&ssid=g5mfncx6j40000001790850093996&qH=a5594894156db043&ov_redirect=true,2026-10-01
700,"realme 14 Pro+ 5G (Bikaner Purple, 128 GB)",realme,29999,33999,11% off,4.4,"21,991","2,770",8 GB RAM,128 GB ROM,6000 mAh Battery,7s Gen 3 Mobile Platform Processor,17.35 cm (6.83 inch) Full HD+ Display,50MP + 50MP + 8MP | 32MP Front Camera,,https://www.flipkart.com/realme-14-pro-5g-bikaner-purple-128-gb/p/itmb5105a70ea6a6?pid=MOBH84ZXAZYM8ZZP&lid=LSTMOBH84ZXAZYM8ZZPMSORPL&marketplace=FLIPKART&q=smart+phones&store=tyy%2F4io&srno=s_30_700&otracker=search&fm=organic&iid=d56b05ba-cfee-4fc1-9be1-e8c85f473481.MOBH84ZXAZYM8ZZP.SEARCH&ppt=None&ppn=None&ssid=g5mfncx6j40000001790850093996&qH=a5594894156db043&ov_redirect=true,2026-10-01
701,"Samsung Galaxy A17 5G Charger in the Box (Blue, 128 GB)",Samsung,21999,,,4.3,"2,699",238,6 GB RAM,128 GB ROM,5000 mAh Battery,Samsung Exynos 1330 Processor,17.02 cm (6.7 inch) Full HD+ Display,50MP + 5MP + 2MP | 13MP Front Camera,,https://www.flipkart.com/samsung-galaxy-a17-5g-charger-box-blue-128-gb/p/itm8c0f77af2ac48?pid=MOBHES2FRFASW6WT&lid=LSTMOBHES2FRFASW6WTQAFJLN&marketplace=FLIPKART&q=smart+phones&store=tyy%2F4io&srno=s_30_701&otracker=search&fm=organic&iid=d56b05ba-cfee-4fc1-9be1-e8c85f473481.MOBHES2FRFASW6WT.SEARCH&ppt=None&ppn=None&ssid=g5mfncx6j40000001790850093996&qH=a5594894156db043&ov_redirect=true,2026-10-01
702,"realme P4 Power 5G (TransBlue, 256 GB)",realme,34999,,,4.4,"8,621",903,8 GB RAM,256 GB ROM,10001 mAh Battery,Dimensity 7400 Ultra Processor,17.27 cm (6.8 inch) Full HD+ AMOLED Display,,,https://www.flipkart.com/realme-p4-power-5g-transblue-256-gb/p/itm49784b322aad0?pid=MOBHJHSHGVSSMYW9&lid=LSTMOBHJHSHGVSSMYW9A1YAZD&marketplace=FLIPKART&q=smart+phones&store=tyy%2F4io&srno=s_30_702&otracker=search&fm=organic&iid=d56b05ba-cfee-4fc1-9be1-e8c85f473481.MOBHJHSHGVSSMYW9.SEARCH&ppt=None&ppn=None&ssid=g5mfncx6j40000001790850093996&qH=a5594894156db043&ov_redirect=true,2026-10-01
703,"realme Narzo 90x 5G (Maroon Red, 128 GB)",realme,24490,25490,3% off,4.3,"1,654",112,8 GB RAM,128 GB ROM,7000 mAh Battery,,17.27 cm (6.8 inch) Display,50MP Rear Camera,,https://www.flipkart.com/realme-narzo-90x-5g-maroon-red-128-gb/p/itma63c5c5ce781a?pid=MOBHHYFPFWWBFHJA&lid=LSTMOBHHYFPFWWBFHJAIAWCID&marketplace=FLIPKART&q=smart+phones&store=tyy%2F4io&srno=s_30_703&otracker=search&fm=organic&iid=d56b05ba-cfee-4fc1-9be1-e8c85f473481.MOBHHYFPFWWBFHJA.SEARCH&ppt=None&ppn=None&ssid=g5mfncx6j40000001790850093996&qH=a5594894156db043&ov_redirect=true,2026-10-01
704,"realme 14 Pro+ 5G (Suede Grey, 256 GB)",realme,25999,35999,27% off,4.4,"21,991","2,770",8 GB RAM,256 GB ROM,6000 mAh Battery,7s Gen 3 Mobile Platform Processor,17.35 cm (6.83 inch) Display,50MP + 50MP + 8MP | 32MP Front Camera,,https://www.flipkart.com/realme-14-pro-5g-suede-grey-256-gb/p/itmb5105a70ea6a6?pid=MOBH84ZXNK3ABYSA&lid=LSTMOBH84ZXNK3ABYSAA9XKAG&marketplace=FLIPKART&q=smart+phones&store=tyy%2F4io&srno=s_30_704&otracker=search&fm=organic&iid=d56b05ba-cfee-4fc1-9be1-e8c85f473481.MOBH84ZXNK3ABYSA.SEARCH&ppt=None&ppn=None&ssid=g5mfncx6j40000001790850093996&qH=a5594894156db043&ov_redirect=true,2026-10-01
705,"Samsung Galaxy A07 5G (Light Violet, 128 GB)",Samsung,17857,24999,28% off,3.9,122,14,4 GB RAM,128 GB ROM,6000 mAh Li-ion Battery,Dimensity 6300 Processor,43.51 cm (17.13 inch) HD+ Display,50MP + 2MP | 8MP Front Camera,,https://www.flipkart.com/samsung-galaxy-a07-5g-light-violet-128-gb/p/itm375542879d8d6?pid=MOBHJXB2YNDNYWWQ&lid=LSTMOBHJXB2YNDNYWWQLNNOJV&marketplace=FLIPKART&q=smart+phones&store=tyy%2F4io&srno=s_30_705&otracker=search&fm=organic&iid=d56b05ba-cfee-4fc1-9be1-e8c85f473481.MOBHJXB2YNDNYWWQ.SEARCH&ppt=None&ppn=None&ssid=g5mfncx6j40000001790850093996&qH=a5594894156db043&ov_redirect=true,2026-10-01
706,"Ai+ Nova 2 5G (Black, 64 GB)",Ai+,13999,,,4.2,"7,115",410,4 GB RAM,64 GB ROM,6000 mAh Battery,T8200 Processor,17.13 cm (6.745 inch) HD+ Display,50MP Rear Camera | 8MP Front Camera,,https://www.flipkart.com/ai-nova-2-5g-black-64-gb/p/itme6e69f9ec9956?pid=MOBHKHPYYA5KZSYP&lid=LSTMOBHKHPYYA5KZSYPYMPP3T&marketplace=FLIPKART&q=smart+phones&store=tyy%2F4io&srno=s_30_706&otracker=search&fm=organic&iid=d56b05ba-cfee-4fc1-9be1-e8c85f473481.MOBHKHPYYA5KZSYP.SEARCH&ppt=None&ppn=None&ssid=g5mfncx6j40000001790850093996&qH=a5594894156db043&ov_redirect=true,2026-10-01
707,"Ai+ Pulse 1 (Black, 128 GB)",Ai+,9999,,,4,"10,275",755,6 GB RAM,128 GB ROM,5000 mAh Battery,T615 Processor,17.13 cm (6.745 inch) HD+ Display,50MP Rear Camera | 5MP Front Camera,,https://www.flipkart.com/ai-pulse-1-black-128-gb/p/itm28c2a982dd856?pid=MOBHDDQXGD5AGM7F&lid=LSTMOBHDDQXGD5AGM7FDRKBFK&marketplace=FLIPKART&q=smart+phones&store=tyy%2F4io&srno=s_30_707&otracker=search&fm=organic&iid=d56b05ba-cfee-4fc1-9be1-e8c85f473481.MOBHDDQXGD5AGM7F.SEARCH&ppt=None&ppn=None&ssid=g5mfncx6j40000001790850093996&qH=a5594894156db043&ov_redirect=true,2026-10-01
708,"Samsung Galaxy A56 5G (Dark Blue, 256 GB)",Samsung,38565,54999,29% off,4.4,"1,050",82,8 GB RAM,256 GB ROM,5000 mAh Battery,Samsung Exynos 1580 Processor,17.02 cm (6.7 inch) Full HD+ Display,50MP + 12MP + 5MP | 12MP Front Camera,,https://www.flipkart.com/samsung-galaxy-a56-5g-dark-blue-256-gb/p/itme25a926ac4276?pid=MOBHQBEBBFEH4PUR&lid=LSTMOBHQBEBBFEH4PUR75CBHN&marketplace=FLIPKART&q=smart+phones&store=tyy%2F4io&srno=s_30_708&otracker=search&fm=organic&iid=d56b05ba-cfee-4fc1-9be1-e8c85f473481.MOBHQBEBBFEH4PUR.SEARCH&ppt=None&ppn=None&ssid=g5mfncx6j40000001790850093996&qH=a5594894156db043&ov_redirect=true,2026-10-01
709,"Samsung Galaxy S25 Plus 5G (Navy, 256 GB)",Samsung,79999,99999,20% off,4.6,"1,487",183,12 GB RAM,256 GB ROM,4900 mAh Battery,8 Elite for Galaxy Processor,17.02 cm (6.7 inch) Quad HD+ Display,50MP + 10MP + 12MP | 12MP Front Camera,,https://www.flipkart.com/samsung-galaxy-s25-plus-5g-navy-256-gb/p/itm5d4bdb068f418?pid=MOBH8K8UFKWSTMHA&lid=LSTMOBH8K8UFKWSTMHA03MBZS&marketplace=FLIPKART&q=smart+phones&store=tyy%2F4io&srno=s_30_709&otracker=search&fm=organic&iid=d56b05ba-cfee-4fc1-9be1-e8c85f473481.MOBH8K8UFKWSTMHA.SEARCH&ppt=None&ppn=None&ssid=g5mfncx6j40000001790850093996&qH=a5594894156db043&ov_redirect=true,2026-10-01
710,"Ai+ Nova 2 Neo 5G (Blue, 128 GB)",Ai+,16999,19999,15% off,4.2,"1,085",102,6 GB RAM,128 GB ROM,6000 mAh Li-polymer Battery,Dimensity 6300 Processor,17.13 cm (6.745 inch) HD+ Display,48MP Rear Camera | 8MP Front Camera,,https://www.flipkart.com/ai-nova-2-neo-5g-blue-128-gb/p/itmbe9c32c02c347?pid=MOBHZ8ZMMVSHPYKG&lid=LSTMOBHZ8ZMMVSHPYKGK2DZD5&marketplace=FLIPKART&q=smart+phones&store=tyy%2F4io&srno=s_30_710&otracker=search&fm=organic&iid=d56b05ba-cfee-4fc1-9be1-e8c85f473481.MOBHZ8ZMMVSHPYKG.SEARCH&ppt=None&ppn=None&ssid=g5mfncx6j40000001790850093996&qH=a5594894156db043&ov_redirect=true,2026-10-01
711,"Infinix GT 30 Pro 5G+ (Dark Flare, 256 GB)",Infinix,34999,,,4.3,"1,388",140,12 GB RAM,256 GB ROM,5500 mAh Battery,Dimensity 8350 Ultimate Processor,17.22 cm (6.78 inch) Display,108MP + 8MP | 13MP Front Camera,,https://www.flipkart.com/infinix-gt-30-pro-5g-dark-flare-256-gb/p/itmd4bc1852572b9?pid=MOBHC6457Y6PKCDG&lid=LSTMOBHC6457Y6PKCDGGXKNCP&marketplace=FLIPKART&q=smart+phones&store=tyy%2F4io&srno=s_30_711&otracker=search&fm=organic&iid=d56b05ba-cfee-4fc1-9be1-e8c85f473481.MOBHC6457Y6PKCDG.SEARCH&ppt=None&ppn=None&ssid=g5mfncx6j40000001790850093996&qH=a5594894156db043&ov_redirect=true,2026-10-01
712,"Samsung Galaxy A36 5G (Awesome Lavender, 256 GB)",Samsung,38999,,,4.4,"5,359",877,8 GB RAM,256 GB ROM,5000 mAh Battery,Qualcomm Snapdragon 6 Gen 3 Processor,17.02 cm (6.7 inch) Full HD+ Display,50MP + 8MP | 12MP Front Camera,,https://www.flipkart.com/samsung-galaxy-a36-5g-awesome-lavender-256-gb/p/itma5b5834a73d65?pid=MOBH9RNG3KTYVZKE&lid=LSTMOBH9RNG3KTYVZKEUXWBIT&marketplace=FLIPKART&q=smart+phones&store=tyy%2F4io&srno=s_30_712&otracker=search&fm=organic&iid=d56b05ba-cfee-4fc1-9be1-e8c85f473481.MOBH9RNG3KTYVZKE.SEARCH&ppt=None&ppn=None&ssid=g5mfncx6j40000001790850093996&qH=a5594894156db043&ov_redirect=true,2026-10-01
713,"IQOO Z10 Lite 5G (Cyber Green, 128 GB)",IQOO,19999,23999,16% off,4.1,"4,676",273,4 GB RAM,128 GB ROM,6000 mAh Battery,,17.12 cm (6.74 inch) Display,50MP Rear Camera,,https://www.flipkart.com/iqoo-z10-lite-5g-cyber-green-128-gb/p/itmb57aad9fe876e?pid=MOBHDGDJNRMMRXKQ&lid=LSTMOBHDGDJNRMMRXKQJH69HX&marketplace=FLIPKART&q=smart+phones&store=tyy%2F4io&srno=s_30_713&otracker=search&fm=organic&iid=d56b05ba-cfee-4fc1-9be1-e8c85f473481.MOBHDGDJNRMMRXKQ.SEARCH&ppt=None&ppn=None&ssid=g5mfncx6j40000001790850093996&qH=a5594894156db043&ov_redirect=true,2026-10-01
714,"OPPO Reno15 Pro Mini 5G (Glacier White, 512 GB)",OPPO,64999,69999,7% off,4.6,900,117,12 GB RAM,512 GB ROM,6200 mAh Battery,Dimensity 8450 Processor,16.05 cm (6.32 inch) Full HD+ Display,,,https://www.flipkart.com/oppo-reno15-pro-mini-5g-glacier-white-512-gb/p/itmf83af4c98921b?pid=MOBHGZZ9VJBTTFPP&lid=LSTMOBHGZZ9VJBTTFPPPJRXCK&marketplace=FLIPKART&q=smart+phones&store=tyy%2F4io&srno=s_30_714&otracker=search&fm=organic&iid=d56b05ba-cfee-4fc1-9be1-e8c85f473481.MOBHGZZ9VJBTTFPP.SEARCH&ppt=None&ppn=None&ssid=g5mfncx6j40000001790850093996&qH=a5594894156db043&ov_redirect=true,2026-10-01
715,"OPPO Reno15 Pro Mini 5G (Cocoa Brown, 512 GB)",OPPO,64999,69999,7% off,4.6,900,117,12 GB RAM,512 GB ROM,6200 mAh Battery,Dimensity 8450 Processor,16.05 cm (6.32 inch) Full HD+ Display,,,https://www.flipkart.com/oppo-reno15-pro-mini-5g-cocoa-brown-512-gb/p/itmf83af4c98921b?pid=MOBHGZZ9HQKQSZGR&lid=LSTMOBHGZZ9HQKQSZGRAIMRPD&marketplace=FLIPKART&q=smart+phones&store=tyy%2F4io&srno=s_30_715&otracker=search&fm=organic&iid=d56b05ba-cfee-4fc1-9be1-e8c85f473481.MOBHGZZ9HQKQSZGR.SEARCH&ppt=None&ppn=None&ssid=g5mfncx6j40000001790850093996&qH=a5594894156db043&ov_redirect=true,2026-10-01
716,"realme P4 Power 5G (TransBlue, 128 GB)",realme,32999,,,4.4,"8,621",903,8 GB RAM,128 GB ROM,10001 mAh Battery,Dimensity 7400 Ultra Processor,17.27 cm (6.8 inch) Full HD+ AMOLED Display,,,https://www.flipkart.com/realme-p4-power-5g-transblue-128-gb/p/itm49784b322aad0?pid=MOBHJHSH4HHMYHEG&lid=LSTMOBHJHSH4HHMYHEGIKAA7A&marketplace=FLIPKART&q=smart+phones&store=tyy%2F4io&srno=s_30_716&otracker=search&fm=organic&iid=d56b05ba-cfee-4fc1-9be1-e8c85f473481.MOBHJHSH4HHMYHEG.SEARCH&ppt=None&ppn=None&ssid=g5mfncx6j40000001790850093996&qH=a5594894156db043&ov_redirect=true,2026-10-01
717,"realme 15 Pro 5G (Velvet Green, 256 GB)",realme,37999,39999,5% off,4.4,"7,568",779,12 GB RAM,256 GB ROM,7000 mAh Battery,Snapdragon 7 Gen 4 Processor,17.27 cm (6.8 inch) Full HD+ AMOLED Display,50MP + 50MP | 50MP Front Camera,,https://www.flipkart.com/realme-15-pro-5g-velvet-green-256-gb/p/itm216cdbf4baea0?pid=MOBHDVK2GGYGDDDP&lid=LSTMOBHDVK2GGYGDDDPARJZNK&marketplace=FLIPKART&q=smart+phones&store=tyy%2F4io&srno=s_30_717&otracker=search&fm=organic&iid=d56b05ba-cfee-4fc1-9be1-e8c85f473481.MOBHDVK2GGYGDDDP.SEARCH&ppt=None&ppn=None&ssid=g5mfncx6j40000001790850093996&qH=a5594894156db043&ov_redirect=true,2026-10-01
718,"Google Pixel 11 (Obsidian, 256 GB)",Google,89999,,,4.5,391,72,12 GB RAM,256 GB ROM,4985 mAh Lithium Battery,Tensor G6 Processor,16.0 cm (6.3 inch) Actua Display,48MP + 13MP + 10.8MP | 10.5MP Front Camera,,https://www.flipkart.com/google-pixel-11-obsidian-256-gb/p/itma0200211f30ae?pid=MOBHPHNV4FA6ZKGF&lid=LSTMOBHPHNV4FA6ZKGFNVP4HH&marketplace=FLIPKART&q=smart+phones&store=tyy%2F4io&srno=s_30_718&otracker=search&fm=organic&iid=d56b05ba-cfee-4fc1-9be1-e8c85f473481.MOBHPHNV4FA6ZKGF.SEARCH&ppt=None&ppn=None&ssid=g5mfncx6j40000001790850093996&qH=a5594894156db043&ov_redirect=true,2026-10-01
719,"realme P4R 5G (Titanium Glare, 128 GB)",realme,25999,39999,35% off,4.3,"5,270",431,6 GB RAM,128 GB ROM,8000 mAh Lithium-ion polymer Battery,Dimensity 6300 Processor,17.27 cm (6.8 inch) HD+ Display,50MP Rear Camera | 8MP Front Camera,,https://www.flipkart.com/realme-p4r-5g-titanium-glare-128-gb/p/itmb42ae388c1ef6?pid=MOBHMYR3MZ62YN7F&lid=LSTMOBHMYR3MZ62YN7FSERUEO&marketplace=FLIPKART&q=smart+phones&store=tyy%2F4io&srno=s_30_719&otracker=search&fm=organic&iid=d56b05ba-cfee-4fc1-9be1-e8c85f473481.MOBHMYR3MZ62YN7F.SEARCH&ppt=None&ppn=None&ssid=g5mfncx6j40000001790850093996&qH=a5594894156db043&ov_redirect=true,2026-10-01
720,"realme P4R 5G (Silver Glare, 128 GB)",realme,25999,39999,35% off,4.3,"5,270",431,6 GB RAM,128 GB ROM,8000 mAh Lithium-ion polymer Battery,Dimensity 6300 Processor,17.27 cm (6.8 inch) HD+ Display,50MP Rear Camera | 8MP Front Camera,,https://www.flipkart.com/realme-p4r-5g-silver-glare-128-gb/p/itmb42ae388c1ef6?pid=MOBHMYR3NMRPYBY4&lid=LSTMOBHMYR3NMRPYBY4B6GOUH&marketplace=FLIPKART&q=smart+phones&store=tyy%2F4io&srno=s_30_720&otracker=search&fm=organic&iid=d56b05ba-cfee-4fc1-9be1-e8c85f473481.MOBHMYR3NMRPYBY4.SEARCH&ppt=None&ppn=None&ssid=g5mfncx6j40000001790850093996&qH=a5594894156db043&ov_redirect=true,2026-10-01
721,"Tecno Spark Go 3 (Titanium Grey, 64 GB)",Tecno,12499,15999,21% off,4.1,221,15,4 GB RAM,64 GB ROM,5000 mAh Lithium Polymer Battery,T7250 Processor,17.12 cm (6.74 inch) HD+ Display,13MP Rear Camera | 8MP Front Camera,,https://www.flipkart.com/tecno-spark-go-3-titanium-grey-64-gb/p/itma9c8f128a61c6?pid=MOBHP2QY7GH4XWWS&lid=LSTMOBHP2QY7GH4XWWSUZBT2N&marketplace=FLIPKART&q=smart+phones&store=tyy%2F4io&srno=s_31_721&otracker=search&fm=organic&iid=en_NuIdXcDAsUCjg17zizMyPSi2gLx7q56WzydGFsuNZcjmcxNyYVg5EYL37pOMbkIivdhgVIDAS43502YR2UC6WzzVjjVgBxhvbGO4C2Nu8sA37HhS7M2zAeF94WkPPa9d&ppt=None&ppn=None&ssid=ludhiujsow0000001790850096862&qH=a5594894156db043&ov_redirect=true,2026-10-01
722,"Tecno Spark Go 3 (Ink Black, 64 GB)",Tecno,12499,15999,21% off,4.1,221,15,4 GB RAM,64 GB ROM,5000 mAh Lithium Polymer Battery,T7250 Processor,17.12 cm (6.74 inch) HD+ Display,13MP Rear Camera | 8MP Front Camera,,https://www.flipkart.com/tecno-spark-go-3-ink-black-64-gb/p/itma9c8f128a61c6?pid=MOBHP2QYCXZZE3CM&lid=LSTMOBHP2QYCXZZE3CMWW64IB&marketplace=FLIPKART&q=smart+phones&store=tyy%2F4io&srno=s_31_722&otracker=search&fm=organic&iid=en_NuIdXcDAsUCjg17zizMyPSi2gLx7q56WzydGFsuNZchpDFf1PWgJqpMn1EQbxXafXSTZgtzvjftyjvmwmzsaRgiCj5dWzPgr1ZNpuYyjSmg37HhS7M2zAeF94WkPPa9d&ppt=None&ppn=None&ssid=ludhiujsow0000001790850096862&qH=a5594894156db043&ov_redirect=true,2026-10-01
723,"POCO F6 5G (Black, 512 GB)",POCO,33999,37999,10% off,4.3,"9,151",910,12 GB RAM,512 GB ROM,5000 mAh Battery,8s Gen3 Processor,16.94 cm (6.67 inch) Display,50MP (OIS) + 8MP | 20MP Front Camera,,https://www.flipkart.com/poco-f6-5g-black-512-gb/p/itm4b341425e7e8a?pid=MOBHYUZGAYG8QJKP&lid=LSTMOBHYUZGAYG8QJKPKU8SGJ&marketplace=FLIPKART&q=smart+phones&store=tyy%2F4io&srno=s_31_723&otracker=search&fm=organic&iid=71fb7398-c8a5-42cf-aa0b-8b768290ffe9.MOBHYUZGAYG8QJKP.SEARCH&ppt=None&ppn=None&ssid=ludhiujsow0000001790850096862&qH=a5594894156db043&ov_redirect=true,2026-10-01
724,"Alcatel V3 Classic 5G (Cosmic Grey, 128 GB)",Alcatel,13490,17999,25% off,3.8,"1,823",306,4 GB RAM,128 GB ROM,5200 mAh Battery,Dimensity 6300 Processor,16.94 cm (6.67 inch) HD+ Display,50MP Dual Camera | 8MP Front Camera,,https://www.flipkart.com/alcatel-v3-classic-5g-cosmic-grey-128-gb/p/itmaf650adae59c3?pid=MOBHBH2GCPDCGKTQ&lid=LSTMOBHBH2GCPDCGKTQULDUO2&marketplace=FLIPKART&q=smart+phones&store=tyy%2F4io&srno=s_31_724&otracker=search&fm=organic&iid=71fb7398-c8a5-42cf-aa0b-8b768290ffe9.MOBHBH2GCPDCGKTQ.SEARCH&ppt=None&ppn=None&ssid=ludhiujsow0000001790850096862&qH=a5594894156db043&ov_redirect=true,2026-10-01
725,"Samsung A36 5G (Dark Blue, 128 GB)",Samsung,36999,39499,6% off,4.3,671,87,8 GB RAM,128 GB ROM,5000 mAh Battery,Qualcomm Snapdragon 6 Gen 3 Processor,17.02 cm (6.7 inch) Full HD+ Display,50MP + 8MP | 12MP Front Camera,,https://www.flipkart.com/samsung-a36-5g-dark-blue-128-gb/p/itm2efbf47502056?pid=MOBHNJ8FRCKPXUAS&lid=LSTMOBHNJ8FRCKPXUASBKRTYR&marketplace=FLIPKART&q=smart+phones&store=tyy%2F4io&srno=s_31_725&otracker=search&fm=organic&iid=71fb7398-c8a5-42cf-aa0b-8b768290ffe9.MOBHNJ8FRCKPXUAS.SEARCH&ppt=None&ppn=None&ssid=ludhiujsow0000001790850096862&qH=a5594894156db043&ov_redirect=true,2026-10-01
726,"realme P4R 5G (Lavender Glare, 64 GB)",realme,20999,32999,36% off,4.2,"2,673",234,4 GB RAM,64 GB ROM,8000 mAh Lithium-ion polymer Battery,Dimensity 6300 Processor,17.27 cm (6.8 inch) HD+ Display,50MP Rear Camera | 8MP Front Camera,,https://www.flipkart.com/realme-p4r-5g-lavender-glare-64-gb/p/itmb42ae388c1ef6?pid=MOBHP2V8SRWKXMSF&lid=LSTMOBHP2V8SRWKXMSF17TTPK&marketplace=FLIPKART&q=smart+phones&store=tyy%2F4io&srno=s_31_726&otracker=search&fm=organic&iid=71fb7398-c8a5-42cf-aa0b-8b768290ffe9.MOBHP2V8SRWKXMSF.SEARCH&ppt=None&ppn=None&ssid=ludhiujsow0000001790850096862&qH=a5594894156db043&ov_redirect=true,2026-10-01
727,"realme Narzo Power 5G (Titan Silver, 256 GB)",realme,33498,37999,11% off,4.3,109,10,8 GB RAM,256 GB ROM,10001 mAh Battery,,17.27 cm (6.8 inch) Display,50MP Rear Camera,,https://www.flipkart.com/realme-narzo-power-5g-titan-silver-256-gb/p/itmb7d628c2b23a9?pid=MOBHHGXKCXGCXUWD&lid=LSTMOBHHGXKCXGCXUWD3DWDWA&marketplace=FLIPKART&q=smart+phones&store=tyy%2F4io&srno=s_31_727&otracker=search&fm=organic&iid=71fb7398-c8a5-42cf-aa0b-8b768290ffe9.MOBHHGXKCXGCXUWD.SEARCH&ppt=None&ppn=None&ssid=ludhiujsow0000001790850096862&qH=a5594894156db043&ov_redirect=true,2026-10-01
728,"OPPO K14x 5G (Prism Violet, 64 GB)",OPPO,18999,19999,5% off,4.3,"8,283",939,4 GB RAM,64 GB ROM,6500 mAh Battery,Dimensity 6300 Processor,17.14 cm (6.75 inch) HD+ Display,,,https://www.flipkart.com/oppo-k14x-5g-prism-violet-64-gb/p/itm188c7a4b69292?pid=MOBHKZF3DGME8JHG&lid=LSTMOBHKZF3DGME8JHGGNMUIW&marketplace=FLIPKART&q=smart+phones&store=tyy%2F4io&srno=s_31_728&otracker=search&fm=organic&iid=71fb7398-c8a5-42cf-aa0b-8b768290ffe9.MOBHKZF3DGME8JHG.SEARCH&ppt=None&ppn=None&ssid=ludhiujsow0000001790850096862&qH=a5594894156db043&ov_redirect=true,2026-10-01
729,"OPPO K14x 5G (Icy Blue, 64 GB)",OPPO,18999,19999,5% off,4.3,"8,283",939,4 GB RAM,64 GB ROM,6500 mAh Battery,Dimensity 6300 Processor,17.14 cm (6.75 inch) HD+ Display,,,https://www.flipkart.com/oppo-k14x-5g-icy-blue-64-gb/p/itm188c7a4b69292?pid=MOBHKZF3YEJNPZHZ&lid=LSTMOBHKZF3YEJNPZHZKAKWY1&marketplace=FLIPKART&q=smart+phones&store=tyy%2F4io&srno=s_31_729&otracker=search&fm=organic&iid=71fb7398-c8a5-42cf-aa0b-8b768290ffe9.MOBHKZF3YEJNPZHZ.SEARCH&ppt=None&ppn=None&ssid=ludhiujsow0000001790850096862&qH=a5594894156db043&ov_redirect=true,2026-10-01
730,"OPPO K13 5G with 7000mAh and 80W SUPERVOOC Charger In-The-Box (Icy Purple, 128 GB)",OPPO,22999,,,4.4,"76,410","6,234",8 GB RAM,128 GB ROM,7000 mAh Battery,Snapdragon 6 Gen 4 Processor,16.94 cm (6.67 inch) Full HD+ Display,50MP + 2MP | 16MP Front Camera,,https://www.flipkart.com/oppo-k13-5g-7000mah-80w-supervooc-charger-in-the-box-icy-purple-128-gb/p/itm6f2ebf6d205cf?pid=MOBHB392H7TZ4ZKJ&lid=LSTMOBHB392H7TZ4ZKJT3QIAI&marketplace=FLIPKART&q=smart+phones&store=tyy%2F4io&srno=s_31_730&otracker=search&fm=organic&iid=71fb7398-c8a5-42cf-aa0b-8b768290ffe9.MOBHB392H7TZ4ZKJ.SEARCH&ppt=None&ppn=None&ssid=ludhiujsow0000001790850096862&qH=a5594894156db043&ov_redirect=true,2026-10-01
731,"OPPO K13 5G with 7000mAh and 80W SUPERVOOC Charger In-The-Box (Prism Black, 128 GB)",OPPO,22999,,,4.4,"76,410","6,234",8 GB RAM,128 GB ROM,7000 mAh Battery,Snapdragon 6 Gen 4 Processor,16.94 cm (6.67 inch) Full HD+ Display,50MP + 2MP | 16MP Front Camera,,https://www.flipkart.com/oppo-k13-5g-7000mah-80w-supervooc-charger-in-the-box-prism-black-128-gb/p/itm6f2ebf6d205cf?pid=MOBHB392JAQKDGBF&lid=LSTMOBHB392JAQKDGBF1CMXCI&marketplace=FLIPKART&q=smart+phones&store=tyy%2F4io&srno=s_31_731&otracker=search&fm=organic&iid=71fb7398-c8a5-42cf-aa0b-8b768290ffe9.MOBHB392JAQKDGBF.SEARCH&ppt=None&ppn=None&ssid=ludhiujsow0000001790850096862&qH=a5594894156db043&ov_redirect=true,2026-10-01
732,"realme 14 Pro+ 5G (Pearl White, 256 GB)",realme,34999,37999,7% off,4.4,"8,707","1,023",12 GB RAM,256 GB ROM,6000 mAh Battery,7s Gen 3 Mobile Platform Processor,17.35 cm (6.83 inch) Display,50MP + 50MP + 8MP | 32MP Front Camera,,https://www.flipkart.com/realme-14-pro-5g-pearl-white-256-gb/p/itmb5105a70ea6a6?pid=MOBH84ZX7NAXXFQQ&lid=LSTMOBH84ZX7NAXXFQQV10QBB&marketplace=FLIPKART&q=smart+phones&store=tyy%2F4io&srno=s_31_732&otracker=search&fm=organic&iid=71fb7398-c8a5-42cf-aa0b-8b768290ffe9.MOBH84ZX7NAXXFQQ.SEARCH&ppt=None&ppn=None&ssid=ludhiujsow0000001790850096862&qH=a5594894156db043&ov_redirect=true,2026-10-01
733,"Samsung Galaxy F56 5G (Green, 128 GB)",Samsung,29999,30999,3% off,4.4,708,71,8 GB RAM,128 GB ROM,5000 mAh Battery,Exynos 1480 Processor,17.02 cm (6.7 inch) Full HD+ Display,50MP + 8MP + 2MP | 12MP Front Camera,,https://www.flipkart.com/samsung-galaxy-f56-5g-green-128-gb/p/itm618e969d3671e?pid=MOBHBWF3G5QRT5HY&lid=LSTMOBHBWF3G5QRT5HY1XGSF9&marketplace=FLIPKART&q=smart+phones&store=tyy%2F4io&srno=s_31_733&otracker=search&fm=organic&iid=71fb7398-c8a5-42cf-aa0b-8b768290ffe9.MOBHBWF3G5QRT5HY.SEARCH&ppt=None&ppn=None&ssid=ludhiujsow0000001790850096862&qH=a5594894156db043&ov_redirect=true,2026-10-01
734,"Samsung Galaxy A06 5G (Black, 128 GB)",Samsung,16993,17999,5% off,4.1,"4,999",378,4 GB RAM,128 GB ROM,5000 mAh Li-ion Battery,Dimensity 6300 Processor,17.02 cm (6.7 inch) HD+ Display,50MP + 2MP | 8MP Front Camera,,https://www.flipkart.com/samsung-galaxy-a06-5g-black-128-gb/p/itm2bf1cd87d2bf7?pid=MOBH9GQKCNWVNM2M&lid=LSTMOBH9GQKCNWVNM2MTBO9X8&marketplace=FLIPKART&q=smart+phones&store=tyy%2F4io&srno=s_31_734&otracker=search&fm=organic&iid=71fb7398-c8a5-42cf-aa0b-8b768290ffe9.MOBH9GQKCNWVNM2M.SEARCH&ppt=None&ppn=None&ssid=ludhiujsow0000001790850096862&qH=a5594894156db043&ov_redirect=true,2026-10-01
735,"POCO M8 Power 5G (Blaze Orange, 128 GB)",POCO,24999,54999,54% off,4.7,"1,531",893,6 GB RAM,128 GB ROM,8000 mAh Lithium-Ion Polymer Battery,Snapdragon Gen 4 Processor,17.75 cm (6.99 inch) Full HD+ AMOLED Display,50MP Rear Camera | 8MP Front Camera,,https://www.flipkart.com/poco-m8-power-5g-blaze-orange-128-gb/p/itm0edc1dd6b4e42?pid=MOBHPCYNPNCJG2UV&lid=LSTMOBHPCYNPNCJG2UVUHFGWJ&marketplace=FLIPKART&q=smart+phones&store=tyy%2F4io&srno=s_31_735&otracker=search&fm=organic&iid=71fb7398-c8a5-42cf-aa0b-8b768290ffe9.MOBHPCYNPNCJG2UV.SEARCH&ppt=None&ppn=None&ssid=ludhiujsow0000001790850096862&qH=a5594894156db043&ov_redirect=true,2026-10-01
736,"Samsung Galaxy A06 (Black, 64 GB)",Samsung,13989,13999,,4,924,61,4 GB RAM,64 GB ROM,5000 mAh Battery,Mediatek Helio G85 Processor,17.02 cm (6.7 inch) HD+ Display,50MP + 2MP | 8MP Front Camera,,https://www.flipkart.com/samsung-galaxy-a06-black-64-gb/p/itmdba53c91272f1?pid=MOBH3W6HH7GZEMZA&lid=LSTMOBH3W6HH7GZEMZA26XHJJ&marketplace=FLIPKART&q=smart+phones&store=tyy%2F4io&srno=s_31_736&otracker=search&fm=organic&iid=71fb7398-c8a5-42cf-aa0b-8b768290ffe9.MOBH3W6HH7GZEMZA.SEARCH&ppt=None&ppn=None&ssid=ludhiujsow0000001790850096862&qH=a5594894156db043&ov_redirect=true,2026-10-01
737,"REDMI Note-14 Pro+ 5G (Titan Black, 128 GB)",REDMI,27499,34999,21% off,4.4,897,69,8 GB RAM,128 GB ROM,6200 mAh Battery,7s Gen 3 Processor,16.94 cm (6.67 inch) Display,50MP + 50MP + 8MP | 20MP Front Camera,,https://www.flipkart.com/redmi-note-14-pro-5g-titan-black-128-gb/p/itmf69d377f9a8fb?pid=MOBH8BW3KUMZS2YA&lid=LSTMOBH8BW3KUMZS2YARHJADV&marketplace=FLIPKART&q=smart+phones&store=tyy%2F4io&srno=s_31_737&otracker=search&fm=organic&iid=71fb7398-c8a5-42cf-aa0b-8b768290ffe9.MOBH8BW3KUMZS2YA.SEARCH&ppt=None&ppn=None&ssid=ludhiujsow0000001790850096862&qH=a5594894156db043&ov_redirect=true,2026-10-01
738,"REDMI Note 15 5G (Mist Purple, 128 GB)",REDMI,28795,36490,21% off,4.4,"1,252",91,8 GB RAM,128 GB ROM,5520 mAh Battery,,17.2 cm (6.77 inch) Display,108MP Rear Camera,,https://www.flipkart.com/redmi-note-15-5g-mist-purple-128-gb/p/itm7cb24e3c40189?pid=MOBHJHPUHHB2BGYY&lid=LSTMOBHJHPUHHB2BGYYOTJIVE&marketplace=FLIPKART&q=smart+phones&store=tyy%2F4io&srno=s_31_738&otracker=search&fm=organic&iid=71fb7398-c8a5-42cf-aa0b-8b768290ffe9.MOBHJHPUHHB2BGYY.SEARCH&ppt=None&ppn=None&ssid=ludhiujsow0000001790850096862&qH=a5594894156db043&ov_redirect=true,2026-10-01
739,"OPPO A78 5G (Glowing Blue, 128 GB)",OPPO,21999,,,4.3,"6,397",395,8 GB RAM,128 GB ROM,5000 mAh Battery,6833 Processor,16.66 cm (6.56 inch) HD+ Display,50MP + 2MP | 8MP Front Camera,,https://www.flipkart.com/oppo-a78-5g-glowing-blue-128-gb/p/itmf1eeaf323aaa5?pid=MOBGRFUGZJ8DHGKY&lid=LSTMOBGRFUGZJ8DHGKYMGWUD4&marketplace=FLIPKART&q=smart+phones&store=tyy%2F4io&srno=s_31_739&otracker=search&fm=organic&iid=71fb7398-c8a5-42cf-aa0b-8b768290ffe9.MOBGRFUGZJ8DHGKY.SEARCH&ppt=None&ppn=None&ssid=ludhiujsow0000001790850096862&qH=a5594894156db043&ov_redirect=true,2026-10-01
740,"Samsung Galaxy S24 Exynos 5G (Onyx Black, 256 GB)",Samsung,55999,79999,30% off,4.5,"6,857",520,8 GB RAM,256 GB ROM,4000 mAh Battery,Exynos 2400 Processor,15.75 cm (6.2 inch) Full HD+ Display,50MP + 10MP + 12MP | 12MP Front Camera,,https://www.flipkart.com/samsung-galaxy-s24-exynos-5g-onyx-black-256-gb/p/itm4e61988c77af8?pid=MOBGX2F3ZUBMWBGP&lid=LSTMOBGX2F3ZUBMWBGPME7BYW&marketplace=FLIPKART&q=smart+phones&store=tyy%2F4io&srno=s_31_740&otracker=search&fm=organic&iid=71fb7398-c8a5-42cf-aa0b-8b768290ffe9.MOBGX2F3ZUBMWBGP.SEARCH&ppt=None&ppn=None&ssid=ludhiujsow0000001790850096862&qH=a5594894156db043&ov_redirect=true,2026-10-01
741,"vivo S2 (Sapphire Blue, 256 GB)",vivo,48999,70999,30% off,4.3,557,57,8 GB RAM,256 GB ROM,7050 mAh Lithium-ion Battery,Dimensity 7360-Turbo Processor,17.35 cm (6.83 inch) Full HD+ AMOLED Display,50MP + 2MP | 32MP Front Camera,,https://www.flipkart.com/vivo-s2-sapphire-blue-256-gb/p/itm019d134c8359d?pid=MOBHPGG98RMSG6K2&lid=LSTMOBHPGG98RMSG6K2KDH7VU&marketplace=FLIPKART&q=smart+phones&store=tyy%2F4io&srno=s_31_741&otracker=search&fm=organic&iid=71fb7398-c8a5-42cf-aa0b-8b768290ffe9.MOBHPGG98RMSG6K2.SEARCH&ppt=None&ppn=None&ssid=ludhiujsow0000001790850096862&qH=a5594894156db043&ov_redirect=true,2026-10-01
742,"realme P4R 5G (Lavender Glare, 128 GB)",realme,22999,34999,34% off,4.2,"2,673",234,4 GB RAM,128 GB ROM,8000 mAh Lithium-ion polymer Battery,Dimensity 6300 Processor,17.27 cm (6.8 inch) HD+ Display,50MP Rear Camera | 8MP Front Camera,,https://www.flipkart.com/realme-p4r-5g-lavender-glare-128-gb/p/itmb42ae388c1ef6?pid=MOBHMYR337CQEU8E&lid=LSTMOBHMYR337CQEU8E1POA1J&marketplace=FLIPKART&q=smart+phones&store=tyy%2F4io&srno=s_31_742&otracker=search&fm=organic&iid=71fb7398-c8a5-42cf-aa0b-8b768290ffe9.MOBHMYR337CQEU8E.SEARCH&ppt=None&ppn=None&ssid=ludhiujsow0000001790850096862&qH=a5594894156db043&ov_redirect=true,2026-10-01
743,"Nothing Phone (4a) Pro (Black, 256 GB)",Nothing,59999,75999,21% off,4.6,"1,356",168,12 GB RAM,256 GB ROM,5400 mAh Lithium ion Battery,Snapdragon 7 Gen 4 Processor,17.35 cm (6.83 inch) Full HD+ AMOLED Display,50MP + 50MP + 8MP | 32MP Front Camera,,https://www.flipkart.com/nothing-phone-4a-pro-black-256-gb/p/itmc51ebf4db432e?pid=MOBHZAWY5KHPCS4U&lid=LSTMOBHZAWY5KHPCS4UBVUZRI&marketplace=FLIPKART&q=smart+phones&store=tyy%2F4io&srno=s_31_743&otracker=search&fm=organic&iid=71fb7398-c8a5-42cf-aa0b-8b768290ffe9.MOBHZAWY5KHPCS4U.SEARCH&ppt=None&ppn=None&ssid=ludhiujsow0000001790850096862&qH=a5594894156db043&ov_redirect=true,2026-10-01
744,"Samsung Galaxy A35 5G (Awesome Iceblue, 128 GB)",Samsung,18999,33999,44% off,4.4,"77,390","5,943",8 GB RAM,128 GB ROM,5000 mAh Battery,Samsung Exynos 1380 Processor,16.76 cm (6.6 inch) Full HD+ Display,50MP + 8MP + 5MP | 13MP Front Camera,,https://www.flipkart.com/samsung-galaxy-a35-5g-awesome-iceblue-128-gb/p/itm9684d2fe9201e?pid=MOBGYT2HEYWFCG8Q&lid=LSTMOBGYT2HEYWFCG8QSW6D6Y&marketplace=FLIPKART&q=smart+phones&store=tyy%2F4io&srno=s_31_744&otracker=search&fm=organic&iid=71fb7398-c8a5-42cf-aa0b-8b768290ffe9.MOBGYT2HEYWFCG8Q.SEARCH&ppt=None&ppn=None&ssid=ludhiujsow0000001790850096862&qH=a5594894156db043&ov_redirect=true,2026-10-01
745,"vivo S2 (Sapphire Blue, 256 GB)",vivo,48999,70999,30% off,4.3,557,57,8 GB RAM,256 GB ROM,7050 mAh Lithium-ion Battery,Dimensity 7360-Turbo Processor,17.35 cm (6.83 inch) Full HD+ AMOLED Display,50MP + 2MP | 32MP Front Camera,,https://www.flipkart.com/vivo-s2-sapphire-blue-256-gb/p/itm019d134c8359d?pid=MOBHPGG98RMSG6K2&lid=LSTMOBHPGG98RMSG6K2KDH7VU&marketplace=FLIPKART&q=smart+phones&store=tyy%2F4io&srno=s_32_745&otracker=search&fm=organic&iid=de738753-1cba-4c82-a9c9-56497ba0a27f.MOBHPGG98RMSG6K2.SEARCH&ppt=None&ppn=None&ssid=8jywj0ug4g0000001790850099835&qH=a5594894156db043&ov_redirect=true,2026-10-01
746,"REDMI Note 15 5G (Mist Purple, 128 GB)",REDMI,28795,36490,21% off,4.4,"1,252",91,8 GB RAM,128 GB ROM,5520 mAh Battery,,17.2 cm (6.77 inch) Display,108MP Rear Camera,,https://www.flipkart.com/redmi-note-15-5g-mist-purple-128-gb/p/itm7cb24e3c40189?pid=MOBHJHPUHHB2BGYY&lid=LSTMOBHJHPUHHB2BGYYOTJIVE&marketplace=FLIPKART&q=smart+phones&store=tyy%2F4io&srno=s_32_746&otracker=search&fm=organic&iid=de738753-1cba-4c82-a9c9-56497ba0a27f.MOBHJHPUHHB2BGYY.SEARCH&ppt=None&ppn=None&ssid=8jywj0ug4g0000001790850099835&qH=a5594894156db043&ov_redirect=true,2026-10-01
747,"Tecno Spark Go 3 (Titanium Grey, 64 GB)",Tecno,12499,15999,21% off,4.1,221,15,4 GB RAM,64 GB ROM,5000 mAh Lithium Polymer Battery,T7250 Processor,17.12 cm (6.74 inch) HD+ Display,13MP Rear Camera | 8MP Front Camera,,https://www.flipkart.com/tecno-spark-go-3-titanium-grey-64-gb/p/itma9c8f128a61c6?pid=MOBHP2QY7GH4XWWS&lid=LSTMOBHP2QY7GH4XWWSUZBT2N&marketplace=FLIPKART&q=smart+phones&store=tyy%2F4io&srno=s_32_747&otracker=search&fm=organic&iid=en_vJ5PVqLJ-tnd4lAoYqYS5wo5LBqInWmukAq_KvsaFEL32MayEaO8gwneGIEd8ZVFvdhgVIDAS43502YR2UC6WzzVjjVgBxhvbGO4C2Nu8sDE883QWTqBYbsSjUxVAFzT&ppt=None&ppn=None&ssid=8jywj0ug4g0000001790850099835&qH=a5594894156db043&ov_redirect=true,2026-10-01
748,"realme P4 Lite 5G (Mosaic Green, 128 GB)",realme,20999,32999,36% off,4.2,"14,950",929,4 GB RAM,128 GB ROM,7000 mAh lithium-ion polymer Battery,Dimensity 6300 Processor,17.27 cm (6.8 inches) HD+ Display,13MP Rear Camera | 5MP Front Camera,,https://www.flipkart.com/realme-p4-lite-5g-mosaic-green-128-gb/p/itm90c243961f214?pid=MOBHN7A8PBUWNHG5&lid=LSTMOBHN7A8PBUWNHG5V5EICC&marketplace=FLIPKART&q=smart+phones&store=tyy%2F4io&srno=s_32_748&otracker=search&fm=organic&iid=de738753-1cba-4c82-a9c9-56497ba0a27f.MOBHN7A8PBUWNHG5.SEARCH&ppt=None&ppn=None&ssid=8jywj0ug4g0000001790850099835&qH=a5594894156db043&ov_redirect=true,2026-10-01
749,"LAVA Bold N2 5G (Billionaire Blue, 64 GB)",LAVA,14479,15999,9% off,4.6,16,2,4 GB RAM,64 GB ROM,6000 mAh Battery,Mediatek Processor,17.14 cm (6.75 inch) HD+ Display,13MP Rear Camera,,https://www.flipkart.com/lava-bold-n2-5g-billionaire-blue-64-gb/p/itmcc38eff4ebd1d?pid=MOBHZ8RGXVQSXUZF&lid=LSTMOBHZ8RGXVQSXUZF15HSC2&marketplace=FLIPKART&q=smart+phones&store=tyy%2F4io&srno=s_32_749&otracker=search&fm=organic&iid=de738753-1cba-4c82-a9c9-56497ba0a27f.MOBHZ8RGXVQSXUZF.SEARCH&ppt=None&ppn=None&ssid=8jywj0ug4g0000001790850099835&qH=a5594894156db043&ov_redirect=true,2026-10-01
750,"MOTOROLA Edge 70 Pro+ (Satin-Luxe PANTONE Zinfandel (Maroon), 256 GB)",MOTOROLA,47999,84999,43% off,4.2,555,83,12 GB RAM,256 GB ROM,6500 mAh Silicon-Carbon Battery,Dimensity 8500 Extreme Processor,17.27 cm (6.8 inch) Full HD+ Super AMOLED Display,50MP + 50MP + 50MP | 50MP Front Camera,,https://www.flipkart.com/motorola-edge-70-pro-satin-luxe-pantone-zinfandel-maroon-256-gb/p/itm70caeee0ca941?pid=MOBHHXQRQJX8USUW&lid=LSTMOBHHXQRQJX8USUWCHBJHD&marketplace=FLIPKART&q=smart+phones&store=tyy%2F4io&srno=s_32_750&otracker=search&fm=organic&iid=de738753-1cba-4c82-a9c9-56497ba0a27f.MOBHHXQRQJX8USUW.SEARCH&ppt=None&ppn=None&ssid=8jywj0ug4g0000001790850099835&qH=a5594894156db043&ov_redirect=true,2026-10-01
751,"realme 16 Pro+ 5G (Camellia Pink, 256 GB)",realme,55999,,,4.5,"1,369",178,8 GB RAM,256 GB ROM,7000 mAh Battery,7 Gen 4 Processor,17.27 cm (6.8 inch) Full HD+ AMOLED Display,200MP + 50MP + 8MP | 50MP Front Camera,,https://www.flipkart.com/realme-16-pro-5g-camellia-pink-256-gb/p/itmf8e5c193facd1?pid=MOBHMSFHQXZDMBUV&lid=LSTMOBHMSFHQXZDMBUVU5SWBI&marketplace=FLIPKART&q=smart+phones&store=tyy%2F4io&srno=s_32_751&otracker=search&fm=organic&iid=de738753-1cba-4c82-a9c9-56497ba0a27f.MOBHMSFHQXZDMBUV.SEARCH&ppt=None&ppn=None&ssid=8jywj0ug4g0000001790850099835&qH=a5594894156db043&ov_redirect=true,2026-10-01
752,"realme 16 Pro+ 5G (Master Grey, 256 GB)",realme,58999,,,4.5,932,140,12 GB RAM,256 GB ROM,7000 mAh Battery,7 Gen 4 Processor,17.27 cm (6.8 inch) Full HD+ AMOLED Display,200MP + 50MP + 8MP | 50MP Front Camera,,https://www.flipkart.com/realme-16-pro-5g-master-grey-256-gb/p/itmf8e5c193facd1?pid=MOBHMSFHYFWGPU4Z&lid=LSTMOBHMSFHYFWGPU4ZNJK5DY&marketplace=FLIPKART&q=smart+phones&store=tyy%2F4io&srno=s_32_752&otracker=search&fm=organic&iid=de738753-1cba-4c82-a9c9-56497ba0a27f.MOBHMSFHYFWGPU4Z.SEARCH&ppt=None&ppn=None&ssid=8jywj0ug4g0000001790850099835&qH=a5594894156db043&ov_redirect=true,2026-10-01
753,"REDMI 15A (Ace Black, 64 GB)",REDMI,16499,27999,41% off,3.8,803,71,4 GB RAM,64 GB ROM,6300 mAh Lithium-Ion Polymer Battery,T8300 Processor,17.53 cm (6.9 inch) Display,32MP Rear Camera | 8MP Front Camera,,https://www.flipkart.com/redmi-15a-ace-black-64-gb/p/itma5df21cf74d34?pid=MOBHPDZD3FJSZPAH&lid=LSTMOBHPDZD3FJSZPAH4LKT9O&marketplace=FLIPKART&q=smart+phones&store=tyy%2F4io&srno=s_32_753&otracker=search&fm=organic&iid=de738753-1cba-4c82-a9c9-56497ba0a27f.MOBHPDZD3FJSZPAH.SEARCH&ppt=None&ppn=None&ssid=8jywj0ug4g0000001790850099835&qH=a5594894156db043&ov_redirect=true,2026-10-01
754,"realme P4 Lite 5G (Mosaic Blue, 64 GB)",realme,18999,28999,34% off,4.2,"14,950",929,4 GB RAM,64 GB ROM,7000 mAh lithium-ion polymer Battery,Dimensity 6300 Processor,17.27 cm (6.8 inches) HD+ Display,13MP Rear Camera | 5MP Front Camera,,https://www.flipkart.com/realme-p4-lite-5g-mosaic-blue-64-gb/p/itm90c243961f214?pid=MOBHN7A8CMJGRACT&lid=LSTMOBHN7A8CMJGRACTDRIOJU&marketplace=FLIPKART&q=smart+phones&store=tyy%2F4io&srno=s_32_754&otracker=search&fm=organic&iid=de738753-1cba-4c82-a9c9-56497ba0a27f.MOBHN7A8CMJGRACT.SEARCH&ppt=None&ppn=None&ssid=8jywj0ug4g0000001790850099835&qH=a5594894156db043&ov_redirect=true,2026-10-01
755,"realme P4 Lite 5G (Mosaic Green, 64 GB)",realme,18999,28999,34% off,4.2,"14,950",929,4 GB RAM,64 GB ROM,7000 mAh lithium-ion polymer Battery,Dimensity 6300 Processor,17.27 cm (6.8 inches) HD+ Display,13MP Rear Camera | 5MP Front Camera,,https://www.flipkart.com/realme-p4-lite-5g-mosaic-green-64-gb/p/itm90c243961f214?pid=MOBHN7A8SZ7F9C7T&lid=LSTMOBHN7A8SZ7F9C7TYM0TGX&marketplace=FLIPKART&q=smart+phones&store=tyy%2F4io&srno=s_32_755&otracker=search&fm=organic&iid=de738753-1cba-4c82-a9c9-56497ba0a27f.MOBHN7A8SZ7F9C7T.SEARCH&ppt=None&ppn=None&ssid=8jywj0ug4g0000001790850099835&qH=a5594894156db043&ov_redirect=true,2026-10-01
756,"Ai+ Nova 2 5G (Green, 64 GB)",Ai+,13999,,,4.2,"7,115",410,4 GB RAM,64 GB ROM,6000 mAh Battery,T8200 Processor,17.13 cm (6.745 inch) HD+ Display,50MP Rear Camera | 8MP Front Camera,,https://www.flipkart.com/ai-nova-2-5g-green-64-gb/p/itm93c2428cc4241?pid=MOBHKHPYFZQKKMDM&lid=LSTMOBHKHPYFZQKKMDMMQKLTA&marketplace=FLIPKART&q=smart+phones&store=tyy%2F4io&srno=s_32_756&otracker=search&fm=organic&iid=de738753-1cba-4c82-a9c9-56497ba0a27f.MOBHKHPYFZQKKMDM.SEARCH&ppt=None&ppn=None&ssid=8jywj0ug4g0000001790850099835&qH=a5594894156db043&ov_redirect=true,2026-10-01
757,"realme P4 Lite 5G (Mosaic Blue, 128 GB)",realme,20999,32999,36% off,4.2,"14,950",929,4 GB RAM,128 GB ROM,7000 mAh lithium-ion polymer Battery,Dimensity 6300 Processor,17.27 cm (6.8 inches) HD+ Display,13MP Rear Camera | 5MP Front Camera,,https://www.flipkart.com/realme-p4-lite-5g-mosaic-blue-128-gb/p/itm90c243961f214?pid=MOBHN7A8MNWG6FFH&lid=LSTMOBHN7A8MNWG6FFHBWLRUJ&marketplace=FLIPKART&q=smart+phones&store=tyy%2F4io&srno=s_32_757&otracker=search&fm=organic&iid=de738753-1cba-4c82-a9c9-56497ba0a27f.MOBHN7A8MNWG6FFH.SEARCH&ppt=None&ppn=None&ssid=8jywj0ug4g0000001790850099835&qH=a5594894156db043&ov_redirect=true,2026-10-01
758,"OPPO Reno15 Pro Mini 5G (Cocoa Brown, 512 GB)",OPPO,64999,69999,7% off,4.6,900,117,12 GB RAM,512 GB ROM,6200 mAh Battery,Dimensity 8450 Processor,16.05 cm (6.32 inch) Full HD+ Display,,,https://www.flipkart.com/oppo-reno15-pro-mini-5g-cocoa-brown-512-gb/p/itmf83af4c98921b?pid=MOBHGZZ9HQKQSZGR&lid=LSTMOBHGZZ9HQKQSZGRAIMRPD&marketplace=FLIPKART&q=smart+phones&store=tyy%2F4io&srno=s_32_758&otracker=search&fm=organic&iid=de738753-1cba-4c82-a9c9-56497ba0a27f.MOBHGZZ9HQKQSZGR.SEARCH&ppt=None&ppn=None&ssid=8jywj0ug4g0000001790850099835&qH=a5594894156db043&ov_redirect=true,2026-10-01
759,"OPPO Reno15 Pro Mini 5G (Glacier White, 512 GB)",OPPO,64999,69999,7% off,4.6,900,117,12 GB RAM,512 GB ROM,6200 mAh Battery,Dimensity 8450 Processor,16.05 cm (6.32 inch) Full HD+ Display,,,https://www.flipkart.com/oppo-reno15-pro-mini-5g-glacier-white-512-gb/p/itmf83af4c98921b?pid=MOBHGZZ9VJBTTFPP&lid=LSTMOBHGZZ9VJBTTFPPPJRXCK&marketplace=FLIPKART&q=smart+phones&store=tyy%2F4io&srno=s_32_759&otracker=search&fm=organic&iid=de738753-1cba-4c82-a9c9-56497ba0a27f.MOBHGZZ9VJBTTFPP.SEARCH&ppt=None&ppn=None&ssid=8jywj0ug4g0000001790850099835&qH=a5594894156db043&ov_redirect=true,2026-10-01
760,"Google Pixel 10a (Berry, 256 GB)",Google,47999,55999,14% off,4.5,"3,183",359,8 GB RAM,256 GB ROM,5100 mAh Lithium Battery,Tensor G4 Processor,16.0 cm (6.3 inch) Full HD+ AMOLED Display,48MP + 13MP | 13MP Front Camera,,https://www.flipkart.com/google-pixel-10a-berry-256-gb/p/itm6cef0b0df57f9?pid=MOBHP6CEEXQH7AMC&lid=LSTMOBHP6CEEXQH7AMCJJBNIQ&marketplace=FLIPKART&q=smart+phones&store=tyy%2F4io&srno=s_32_760&otracker=search&fm=organic&iid=de738753-1cba-4c82-a9c9-56497ba0a27f.MOBHP6CEEXQH7AMC.SEARCH&ppt=None&ppn=None&ssid=8jywj0ug4g0000001790850099835&qH=a5594894156db043&ov_redirect=true,2026-10-01
761,"IQOO Neo 10 (Alpine White, 256 GB)",IQOO,54999,,,4.5,"1,295",131,12 GB RAM,256 GB ROM,7000 mAh Battery,Qualcomm Snapdragon 8s Gen 4 Processor,17.22 cm (6.78 inch) Full HD+ Super AMOLED Display,50MP Rear Camera,,https://www.flipkart.com/iqoo-neo-10-alpine-white-256-gb/p/itm0efde001342b5?pid=MOBHN6VSHRSWKYRB&lid=LSTMOBHN6VSHRSWKYRBTNJZQS&marketplace=FLIPKART&q=smart+phones&store=tyy%2F4io&srno=s_32_761&otracker=search&fm=organic&iid=de738753-1cba-4c82-a9c9-56497ba0a27f.MOBHN6VSHRSWKYRB.SEARCH&ppt=None&ppn=None&ssid=8jywj0ug4g0000001790850099835&qH=a5594894156db043&ov_redirect=true,2026-10-01
762,"realme P4 Lite 5G (Mosaic Green, 128 GB)",realme,23999,36999,35% off,4.2,"2,443",198,6 GB RAM,128 GB ROM,7000 mAh lithium-ion polymer Battery,Dimensity 6300 Processor,17.27 cm (6.8 inches) HD+ Display,13MP Rear Camera | 5MP Front Camera,,https://www.flipkart.com/realme-p4-lite-5g-mosaic-green-128-gb/p/itm90c243961f214?pid=MOBHN7A8YFWPC9ZV&lid=LSTMOBHN7A8YFWPC9ZVEJ5AZE&marketplace=FLIPKART&q=smart+phones&store=tyy%2F4io&srno=s_32_762&otracker=search&fm=organic&iid=de738753-1cba-4c82-a9c9-56497ba0a27f.MOBHN7A8YFWPC9ZV.SEARCH&ppt=None&ppn=None&ssid=8jywj0ug4g0000001790850099835&qH=a5594894156db043&ov_redirect=true,2026-10-01
763,"OPPO A78 5G (Glowing Blue, 128 GB)",OPPO,21999,,,4.3,"6,397",395,8 GB RAM,128 GB ROM,5000 mAh Battery,6833 Processor,16.66 cm (6.56 inch) HD+ Display,50MP + 2MP | 8MP Front Camera,,https://www.flipkart.com/oppo-a78-5g-glowing-blue-128-gb/p/itmf1eeaf323aaa5?pid=MOBGRFUGZJ8DHGKY&lid=LSTMOBGRFUGZJ8DHGKYMGWUD4&marketplace=FLIPKART&q=smart+phones&store=tyy%2F4io&srno=s_32_763&otracker=search&fm=organic&iid=de738753-1cba-4c82-a9c9-56497ba0a27f.MOBGRFUGZJ8DHGKY.SEARCH&ppt=None&ppn=None&ssid=8jywj0ug4g0000001790850099835&qH=a5594894156db043&ov_redirect=true,2026-10-01
764,"Google Pixel 10 (Indigo, 256 GB)",Google,79999,,,4.5,"3,711",353,12 GB RAM,256 GB ROM,4970 mAh Battery,Tensor G5 Processor,16.0 cm (6.3 inch) Full HD+ Display,48MP + 13MP + 10.8MP | 10.5MP Front Camera,,https://www.flipkart.com/google-pixel-10-indigo-256-gb/p/itmb05d65622b9dd?pid=MOBHEXHRFEFHHU7Z&lid=LSTMOBHEXHRFEFHHU7ZZDUWDK&marketplace=FLIPKART&q=smart+phones&store=tyy%2F4io&srno=s_32_764&otracker=search&fm=organic&iid=de738753-1cba-4c82-a9c9-56497ba0a27f.MOBHEXHRFEFHHU7Z.SEARCH&ppt=None&ppn=None&ssid=8jywj0ug4g0000001790850099835&qH=a5594894156db043&ov_redirect=true,2026-10-01
765,"OPPO Reno15 5G (Aurora Blue, 256 GB)",OPPO,50999,54999,7% off,4.4,664,78,12 GB RAM,256 GB ROM,6500 mAh Battery,7 Gen 4 Processor,16.74 cm (6.59 inch) Full HD+ Display,,,https://www.flipkart.com/oppo-reno15-5g-aurora-blue-256-gb/p/itm37cc91d1c2807?pid=MOBHGZZ9JXQN4T2X&lid=LSTMOBHGZZ9JXQN4T2XFJZ2SP&marketplace=FLIPKART&q=smart+phones&store=tyy%2F4io&srno=s_32_765&otracker=search&fm=organic&iid=de738753-1cba-4c82-a9c9-56497ba0a27f.MOBHGZZ9JXQN4T2X.SEARCH&ppt=None&ppn=None&ssid=8jywj0ug4g0000001790850099835&qH=a5594894156db043&ov_redirect=true,2026-10-01
766,"Apple iPhone 18 Pro max (Black, 256 GB)",Apple,179900,,,4.8,100,18,,,,"A20 Pro chip, 6 Core Processor Processor",17.53 cm (6.9 inch) Super Retina XDR Display,48MP + 48MP + 48MP | 18MP Front Camera,,https://www.flipkart.com/apple-iphone-18-pro-max-black-256-gb/p/itm34c250ba79166?pid=MOBHQT5JCGM6WJZA&lid=LSTMOBHQT5JCGM6WJZA5L2KCJ&marketplace=FLIPKART&q=smart+phones&store=tyy%2F4io&srno=s_32_766&otracker=search&fm=organic&iid=de738753-1cba-4c82-a9c9-56497ba0a27f.MOBHQT5JCGM6WJZA.SEARCH&ppt=None&ppn=None&ssid=8jywj0ug4g0000001790850099835&qH=a5594894156db043&ov_redirect=true,2026-10-01
767,"OPPO Reno15 5G (Twilight Blue, 512 GB)",OPPO,55999,59999,6% off,4.4,664,78,12 GB RAM,512 GB ROM,6500 mAh Battery,7 Gen 4 Processor,16.74 cm (6.59 inch) Full HD+ Display,,,https://www.flipkart.com/oppo-reno15-5g-twilight-blue-512-gb/p/itm37cc91d1c2807?pid=MOBHGZZ9EHEBH56A&lid=LSTMOBHGZZ9EHEBH56A5YQTRW&marketplace=FLIPKART&q=smart+phones&store=tyy%2F4io&srno=s_32_767&otracker=search&fm=organic&iid=de738753-1cba-4c82-a9c9-56497ba0a27f.MOBHGZZ9EHEBH56A.SEARCH&ppt=None&ppn=None&ssid=8jywj0ug4g0000001790850099835&qH=a5594894156db043&ov_redirect=true,2026-10-01
768,"OPPO Reno15 5G (Glacier White, 512 GB)",OPPO,55999,59999,6% off,4.4,664,78,12 GB RAM,512 GB ROM,6500 mAh Battery,7 Gen 4 Processor,16.74 cm (6.59 inch) Full HD+ Display,,,https://www.flipkart.com/oppo-reno15-5g-glacier-white-512-gb/p/itm37cc91d1c2807?pid=MOBHGZZ9FA39R3SK&lid=LSTMOBHGZZ9FA39R3SKYMOSP6&marketplace=FLIPKART&q=smart+phones&store=tyy%2F4io&srno=s_32_768&otracker=search&fm=organic&iid=de738753-1cba-4c82-a9c9-56497ba0a27f.MOBHGZZ9FA39R3SK.SEARCH&ppt=None&ppn=None&ssid=8jywj0ug4g0000001790850099835&qH=a5594894156db043&ov_redirect=true,2026-10-01
769,"Samsung Galaxy A06 5G (Light Green, 128 GB)",Samsung,17459,23999,27% off,4.1,"4,999",378,4 GB RAM,128 GB ROM,5000 mAh Battery,MEDIATEK Processor,17.02 cm (6.7 inch) HD+ Display,50MP + 50MP | 2MP + 2MP Dual Front Camera,,https://www.flipkart.com/samsung-galaxy-a06-5g-light-green-128-gb/p/itm20ea64b1504e4?pid=MOBH9YKUTGWPGPHD&lid=LSTMOBH9YKUTGWPGPHDABDP8P&marketplace=FLIPKART&q=smart+phones&store=tyy%2F4io&srno=s_33_769&otracker=search&fm=organic&iid=247086c0-4210-48ea-8f46-8d18b5cacb9a.MOBH9YKUTGWPGPHD.SEARCH&ppt=None&ppn=None&ssid=zwy139cou80000001790850102672&qH=a5594894156db043&ov_redirect=true,2026-10-01
770,"BOLTT ACE 5G (Forest Green, 64 GB)",BOLTT,14999,24999,40% off,4.2,402,199,4 GB RAM,64 GB ROM,6000 mAh Lithium ion Battery,T8200 Processor,17.25 cm (6.79 inch) HD+ Display,64MP Rear Camera | 8MP Front Camera,,https://www.flipkart.com/boltt-ace-5g-forest-green-64-gb/p/itm2eb0f483effdd?pid=MOBHPP59HXJA2QWH&lid=LSTMOBHPP59HXJA2QWHVVQLKT&marketplace=FLIPKART&q=smart+phones&store=tyy%2F4io&srno=s_33_770&otracker=search&fm=organic&iid=247086c0-4210-48ea-8f46-8d18b5cacb9a.MOBHPP59HXJA2QWH.SEARCH&ppt=None&ppn=None&ssid=zwy139cou80000001790850102672&qH=a5594894156db043&ov_redirect=true,2026-10-01
771,"Tecno Spark Go 3 (Titanium Grey, 64 GB)",Tecno,12499,15999,21% off,4.1,221,15,4 GB RAM,64 GB ROM,5000 mAh Lithium Polymer Battery,T7250 Processor,17.12 cm (6.74 inch) HD+ Display,13MP Rear Camera | 8MP Front Camera,,https://www.flipkart.com/tecno-spark-go-3-titanium-grey-64-gb/p/itma9c8f128a61c6?pid=MOBHP2QY7GH4XWWS&lid=LSTMOBHP2QY7GH4XWWSUZBT2N&marketplace=FLIPKART&q=smart+phones&store=tyy%2F4io&srno=s_33_771&otracker=search&fm=organic&iid=en_qdA4Wd47ljBmHdn1LjLBv4c1iroBf5nlX8xNOZjePwgpsVS3np0NTYGVrLTCks87vdhgVIDAS43502YR2UC6WzzVjjVgBxhvbGO4C2Nu8sCWM8iB07NIbGNnPV3OYM9j&ppt=None&ppn=None&ssid=zwy139cou80000001790850102672&qH=a5594894156db043&ov_redirect=true,2026-10-01
772,"BOLTT ACE 5G (Burgundy Bliss, 64 GB)",BOLTT,14999,24999,40% off,4.2,402,199,4 GB RAM,64 GB ROM,6000 mAh Lithium ion Battery,T8200 Processor,17.25 cm (6.79 inch) HD+ Display,64MP Rear Camera | 8MP Front Camera,,https://www.flipkart.com/boltt-ace-5g-burgundy-bliss-64-gb/p/itm2eb0f483effdd?pid=MOBHPP59ASQZWSGX&lid=LSTMOBHPP59ASQZWSGX7OOARS&marketplace=FLIPKART&q=smart+phones&store=tyy%2F4io&srno=s_33_772&otracker=search&fm=organic&iid=247086c0-4210-48ea-8f46-8d18b5cacb9a.MOBHPP59ASQZWSGX.SEARCH&ppt=None&ppn=None&ssid=zwy139cou80000001790850102672&qH=a5594894156db043&ov_redirect=true,2026-10-01
773,"BOLTT ACE 5G (Arctic White, 64 GB)",BOLTT,14999,24999,40% off,4.2,402,199,4 GB RAM,64 GB ROM,6000 mAh Lithium ion Battery,T8200 Processor,17.25 cm (6.79 inch) HD+ Display,64MP Rear Camera | 8MP Front Camera,,https://www.flipkart.com/boltt-ace-5g-arctic-white-64-gb/p/itm2eb0f483effdd?pid=MOBHPP59RGTBZVWY&lid=LSTMOBHPP59RGTBZVWY4M9HDA&marketplace=FLIPKART&q=smart+phones&store=tyy%2F4io&srno=s_33_773&otracker=search&fm=organic&iid=247086c0-4210-48ea-8f46-8d18b5cacb9a.MOBHPP59RGTBZVWY.SEARCH&ppt=None&ppn=None&ssid=zwy139cou80000001790850102672&qH=a5594894156db043&ov_redirect=true,2026-10-01
774,"BOLTT ACE 5G (Lavender Bloom, 64 GB)",BOLTT,14999,24999,40% off,4.2,402,199,4 GB RAM,64 GB ROM,6000 mAh Lithium ion Battery,T8200 Processor,17.25 cm (6.79 inch) HD+ Display,64MP Rear Camera | 8MP Front Camera,,https://www.flipkart.com/boltt-ace-5g-lavender-bloom-64-gb/p/itm2eb0f483effdd?pid=MOBHPP59CGDHZVJY&lid=LSTMOBHPP59CGDHZVJYFJP39X&marketplace=FLIPKART&q=smart+phones&store=tyy%2F4io&srno=s_33_774&otracker=search&fm=organic&iid=247086c0-4210-48ea-8f46-8d18b5cacb9a.MOBHPP59CGDHZVJY.SEARCH&ppt=None&ppn=None&ssid=zwy139cou80000001790850102672&qH=a5594894156db043&ov_redirect=true,2026-10-01
775,"MOTOROLA edge 70 pro (Marble - PANTONE Lily white (white), 256 GB)",MOTOROLA,42999,74999,42% off,4.3,651,85,12 GB RAM,256 GB ROM,6500 mAh Silicon-Carbon Battery,Dimensity 8500 Extreme Processor,17.27 cm (6.8 inch) Full HD+ Super AMOLED Display,50MP + 50MP | 50MP Front Camera,,https://www.flipkart.com/motorola-edge-70-pro-marble-pantone-lily-white-white-256-gb/p/itmb8ecc42418420?pid=MOBHN9739XAPWTP3&lid=LSTMOBHN9739XAPWTP3GCQCKH&marketplace=FLIPKART&q=smart+phones&store=tyy%2F4io&srno=s_33_775&otracker=search&fm=organic&iid=247086c0-4210-48ea-8f46-8d18b5cacb9a.MOBHN9739XAPWTP3.SEARCH&ppt=None&ppn=None&ssid=zwy139cou80000001790850102672&qH=a5594894156db043&ov_redirect=true,2026-10-01
776,"OPPO K13 5G with 7000mAh and 80W SUPERVOOC Charger In-The-Box (Icy Purple, 256 GB)",OPPO,24999,,,4.4,"76,410","6,234",8 GB RAM,256 GB ROM,7000 mAh Battery,Snapdragon 6 Gen 4 Processor,16.94 cm (6.67 inch) Full HD+ Display,50MP + 2MP | 16MP Front Camera,,https://www.flipkart.com/oppo-k13-5g-7000mah-80w-supervooc-charger-in-the-box-icy-purple-256-gb/p/itm6f2ebf6d205cf?pid=MOBHB392HWDHA8HH&lid=LSTMOBHB392HWDHA8HHQOBNQP&marketplace=FLIPKART&q=smart+phones&store=tyy%2F4io&srno=s_33_776&otracker=search&fm=organic&iid=247086c0-4210-48ea-8f46-8d18b5cacb9a.MOBHB392HWDHA8HH.SEARCH&ppt=None&ppn=None&ssid=zwy139cou80000001790850102672&qH=a5594894156db043&ov_redirect=true,2026-10-01
777,"Nothing Phone (4b) (White, 128 GB)",Nothing,39999,54999,27% off,4.3,"1,833",178,8 GB RAM,128 GB ROM,6000 mAh Lithium ion Battery,6 Gen 4 Processor,17.2 cm (6.77 inch) Full HD+ AMOLED Display,50MP + 8MP | 16MP Front Camera,,https://www.flipkart.com/nothing-phone-4b-white-128-gb/p/itm939608b40adbb?pid=MOBHZMBDSF3JAFTF&lid=LSTMOBHZMBDSF3JAFTF4PZFBR&marketplace=FLIPKART&q=smart+phones&store=tyy%2F4io&srno=s_33_777&otracker=search&fm=organic&iid=247086c0-4210-48ea-8f46-8d18b5cacb9a.MOBHZMBDSF3JAFTF.SEARCH&ppt=None&ppn=None&ssid=zwy139cou80000001790850102672&qH=a5594894156db043&ov_redirect=true,2026-10-01
778,"Ai+ Nova 2 Neo 5G (Red, 128 GB)",Ai+,15999,18999,15% off,4.3,"2,357",205,4 GB RAM,128 GB ROM,6000 mAh Li-polymer Battery,Dimensity 6300 Processor,17.13 cm (6.745 inch) HD+ Display,48MP Rear Camera | 8MP Front Camera,,https://www.flipkart.com/ai-nova-2-neo-5g-red-128-gb/p/itm3e105950e9175?pid=MOBHZ8ZMZBX5H8F8&lid=LSTMOBHZ8ZMZBX5H8F80RI4FO&marketplace=FLIPKART&q=smart+phones&store=tyy%2F4io&srno=s_33_778&otracker=search&fm=organic&iid=247086c0-4210-48ea-8f46-8d18b5cacb9a.MOBHZ8ZMZBX5H8F8.SEARCH&ppt=None&ppn=None&ssid=zwy139cou80000001790850102672&qH=a5594894156db043&ov_redirect=true,2026-10-01
779,"OPPO K14 5G (Prism White, 256 GB)",OPPO,28999,29999,3% off,4.4,"1,576",150,8 GB RAM,256 GB ROM,7000 mAh Battery,Dimensity 6300 Processor,17.14 cm (6.75 inch) HD+ Display,50MP Rear Camera | 8MP Front Camera,,https://www.flipkart.com/oppo-k14-5g-prism-white-256-gb/p/itm2a5cc1d23c2af?pid=MOBHKQYYS6KNAPHZ&lid=LSTMOBHKQYYS6KNAPHZ4DCHQR&marketplace=FLIPKART&q=smart+phones&store=tyy%2F4io&srno=s_33_779&otracker=search&fm=organic&iid=247086c0-4210-48ea-8f46-8d18b5cacb9a.MOBHKQYYS6KNAPHZ.SEARCH&ppt=None&ppn=None&ssid=zwy139cou80000001790850102672&qH=a5594894156db043&ov_redirect=true,2026-10-01
780,"IQOO 15R 5G (Dark Knight, 256 GB)",IQOO,54599,69999,22% off,4.7,412,51,8 GB RAM,256 GB ROM,7600 mAh Battery,,16.74 cm (6.59 inch) Display,50MP Rear Camera,,https://www.flipkart.com/iqoo-15r-5g-dark-knight-256-gb/p/itm7bc8aee18f590?pid=MOBHHY4GYEHGVW3X&lid=LSTMOBHHY4GYEHGVW3XSR8TLR&marketplace=FLIPKART&q=smart+phones&store=tyy%2F4io&srno=s_33_780&otracker=search&fm=organic&iid=247086c0-4210-48ea-8f46-8d18b5cacb9a.MOBHHY4GYEHGVW3X.SEARCH&ppt=None&ppn=None&ssid=zwy139cou80000001790850102672&qH=a5594894156db043&ov_redirect=true,2026-10-01
781,"Google Pixel 11 (Frost, 256 GB)",Google,89999,,,4.5,391,72,12 GB RAM,256 GB ROM,4985 mAh Lithium Battery,Tensor G6 Processor,16.0 cm (6.3 inch) Actua Display,48MP + 13MP + 10.8MP | 10.5MP Front Camera,,https://www.flipkart.com/google-pixel-11-frost-256-gb/p/itmc51935a8001b1?pid=MOBHPHNVEC2P4WV3&lid=LSTMOBHPHNVEC2P4WV3UCPNQ6&marketplace=FLIPKART&q=smart+phones&store=tyy%2F4io&srno=s_33_781&otracker=search&fm=organic&iid=247086c0-4210-48ea-8f46-8d18b5cacb9a.MOBHPHNVEC2P4WV3.SEARCH&ppt=None&ppn=None&ssid=zwy139cou80000001790850102672&qH=a5594894156db043&ov_redirect=true,2026-10-01
782,"realme P4R 5G (Lavender Glare, 128 GB)",realme,25999,39999,35% off,4.3,"5,270",431,6 GB RAM,128 GB ROM,8000 mAh Lithium-ion polymer Battery,Dimensity 6300 Processor,17.27 cm (6.8 inch) HD+ Display,50MP Rear Camera | 8MP Front Camera,,https://www.flipkart.com/realme-p4r-5g-lavender-glare-128-gb/p/itmb42ae388c1ef6?pid=MOBHMYR3NPFHTFHE&lid=LSTMOBHMYR3NPFHTFHEQL7J8Y&marketplace=FLIPKART&q=smart+phones&store=tyy%2F4io&srno=s_33_782&otracker=search&fm=organic&iid=247086c0-4210-48ea-8f46-8d18b5cacb9a.MOBHMYR3NPFHTFHE.SEARCH&ppt=None&ppn=None&ssid=zwy139cou80000001790850102672&qH=a5594894156db043&ov_redirect=true,2026-10-01
783,"IQOO Z11 5G (Aurora Green, 256 GB)",IQOO,44878,55999,19% off,4.9,11,2,8 GB RAM,256 GB ROM,7050 mAh Battery,,17.35 cm (6.83 inch) Display,50MP Rear Camera,,https://www.flipkart.com/iqoo-z11-5g-aurora-green-256-gb/p/itmc512aff8fd1d7?pid=MOBHQHQYV3HHBCNS&lid=LSTMOBHQHQYV3HHBCNS91DIA4&marketplace=FLIPKART&q=smart+phones&store=tyy%2F4io&srno=s_33_783&otracker=search&fm=organic&iid=247086c0-4210-48ea-8f46-8d18b5cacb9a.MOBHQHQYV3HHBCNS.SEARCH&ppt=None&ppn=None&ssid=zwy139cou80000001790850102672&qH=a5594894156db043&ov_redirect=true,2026-10-01
784,"OPPO F33 5G (Pearl White, 128 GB)",OPPO,36999,52999,30% off,4.3,175,21,8 GB RAM,128 GB ROM,7000 mAh lithium-ion polymer Battery,Dimensity 6360 MAX Processor,16.69 cm (6.57 inch) Full HD+ AMOLED Display,50MP + 2MP | 16MP Front Camera,,https://www.flipkart.com/oppo-f33-5g-pearl-white-128-gb/p/itm8c5d4a65602fd?pid=MOBHM48FPDYAV84F&lid=LSTMOBHM48FPDYAV84FRXBDVM&marketplace=FLIPKART&q=smart+phones&store=tyy%2F4io&srno=s_33_784&otracker=search&fm=organic&iid=247086c0-4210-48ea-8f46-8d18b5cacb9a.MOBHM48FPDYAV84F.SEARCH&ppt=None&ppn=None&ssid=zwy139cou80000001790850102672&qH=a5594894156db043&ov_redirect=true,2026-10-01
785,"OPPO F33 5G (Forest Green, 256 GB)",OPPO,39999,55999,28% off,4.3,175,21,8 GB RAM,256 GB ROM,7000 mAh lithium-ion polymer Battery,Dimensity 6360 MAX Processor,16.69 cm (6.57 inch) Full HD+ AMOLED Display,50MP + 2MP | 16MP Front Camera,,https://www.flipkart.com/oppo-f33-5g-forest-green-256-gb/p/itm8c5d4a65602fd?pid=MOBHM48FHHMNQPZG&lid=LSTMOBHM48FHHMNQPZGFSNDAF&marketplace=FLIPKART&q=smart+phones&store=tyy%2F4io&srno=s_33_785&otracker=search&fm=organic&iid=247086c0-4210-48ea-8f46-8d18b5cacb9a.MOBHM48FHHMNQPZG.SEARCH&ppt=None&ppn=None&ssid=zwy139cou80000001790850102672&qH=a5594894156db043&ov_redirect=true,2026-10-01
786,"Ai+ Nova 2 Neo 5G (Orange, 64 GB)",Ai+,14999,17999,16% off,4.3,"2,357",205,4 GB RAM,64 GB ROM,6000 mAh Li-polymer Battery,Dimensity 6300 Processor,17.13 cm (6.745 inch) HD+ Display,48MP Rear Camera | 8MP Front Camera,,https://www.flipkart.com/ai-nova-2-neo-5g-orange-64-gb/p/itm2d0613154b2b6?pid=MOBHZ8ZM8AF5YFNB&lid=LSTMOBHZ8ZM8AF5YFNBYDNL7Y&marketplace=FLIPKART&q=smart+phones&store=tyy%2F4io&srno=s_33_786&otracker=search&fm=organic&iid=247086c0-4210-48ea-8f46-8d18b5cacb9a.MOBHZ8ZM8AF5YFNB.SEARCH&ppt=None&ppn=None&ssid=zwy139cou80000001790850102672&qH=a5594894156db043&ov_redirect=true,2026-10-01
787,"OPPO K14 5G (Prism White, 128 GB)",OPPO,25999,,,4.4,"7,496",676,6 GB RAM,128 GB ROM,7000 mAh Battery,Dimensity 6300 Processor,17.14 cm (6.75 inch) HD+ Display,50MP Rear Camera | 8MP Front Camera,,https://www.flipkart.com/oppo-k14-5g-prism-white-128-gb/p/itm2a5cc1d23c2af?pid=MOBHKQYY9JJPHATW&lid=LSTMOBHKQYY9JJPHATWF0JOIP&marketplace=FLIPKART&q=smart+phones&store=tyy%2F4io&srno=s_33_787&otracker=search&fm=organic&iid=247086c0-4210-48ea-8f46-8d18b5cacb9a.MOBHKQYY9JJPHATW.SEARCH&ppt=None&ppn=None&ssid=zwy139cou80000001790850102672&qH=a5594894156db043&ov_redirect=true,2026-10-01
788,"OPPO K14 5G (Icy Blue, 128 GB)",OPPO,25999,,,4.4,"7,496",676,6 GB RAM,128 GB ROM,7000 mAh Battery,Dimensity 6300 Processor,17.14 cm (6.75 inch) HD+ Display,50MP Rear Camera | 8MP Front Camera,,https://www.flipkart.com/oppo-k14-5g-icy-blue-128-gb/p/itm2a5cc1d23c2af?pid=MOBHKQYY9S6MVDHH&lid=LSTMOBHKQYY9S6MVDHHPEXJJR&marketplace=FLIPKART&q=smart+phones&store=tyy%2F4io&srno=s_33_788&otracker=search&fm=organic&iid=247086c0-4210-48ea-8f46-8d18b5cacb9a.MOBHKQYY9S6MVDHH.SEARCH&ppt=None&ppn=None&ssid=zwy139cou80000001790850102672&qH=a5594894156db043&ov_redirect=true,2026-10-01
789,"OnePlus N6X (Ice Blue, 128 GB)",OnePlus,22000,28999,24% off,4.1,144,10,4 GB RAM,128 GB ROM,7000 mAh Battery,MediaTek Dimensity 6360 Apex Processor,17.27 cm (6.8 inch) HD+ Display,13MP Rear Camera,,https://www.flipkart.com/oneplus-n6x-ice-blue-128-gb/p/itm4be54d70a3bed?pid=MOBHPTHRHMJ8UUYJ&lid=LSTMOBHPTHRHMJ8UUYJSBNIKD&marketplace=FLIPKART&q=smart+phones&store=tyy%2F4io&srno=s_33_789&otracker=search&fm=organic&iid=247086c0-4210-48ea-8f46-8d18b5cacb9a.MOBHPTHRHMJ8UUYJ.SEARCH&ppt=None&ppn=None&ssid=zwy139cou80000001790850102672&qH=a5594894156db043&ov_redirect=true,2026-10-01
790,"REDMI 15A (Amaze Purple, 128 GB)",REDMI,20499,30999,33% off,4,205,21,6 GB RAM,128 GB ROM,6300 mAh Lithium-Ion Polymer Battery,T8300 Processor,17.53 cm (6.9 inch) Display,32MP Rear Camera | 8MP Front Camera,,https://www.flipkart.com/redmi-15a-amaze-purple-128-gb/p/itmb9638bb6db2c7?pid=MOBHPDZDEAGRHERU&lid=LSTMOBHPDZDEAGRHERU4NUMOU&marketplace=FLIPKART&q=smart+phones&store=tyy%2F4io&srno=s_33_790&otracker=search&fm=organic&iid=247086c0-4210-48ea-8f46-8d18b5cacb9a.MOBHPDZDEAGRHERU.SEARCH&ppt=None&ppn=None&ssid=zwy139cou80000001790850102672&qH=a5594894156db043&ov_redirect=true,2026-10-01
791,"Nothing Phone (4b) (Black, 128 GB)",Nothing,39999,54999,27% off,4.3,"1,833",178,8 GB RAM,128 GB ROM,6000 mAh Lithium ion Battery,6 Gen 4 Processor,17.2 cm (6.77 inch) Full HD+ AMOLED Display,50MP + 8MP | 16MP Front Camera,,https://www.flipkart.com/nothing-phone-4b-black-128-gb/p/itm939608b40adbb?pid=MOBHZMBDHVTPQTWY&lid=LSTMOBHZMBDHVTPQTWYRX0DCB&marketplace=FLIPKART&q=smart+phones&store=tyy%2F4io&srno=s_33_791&otracker=search&fm=organic&iid=247086c0-4210-48ea-8f46-8d18b5cacb9a.MOBHZMBDHVTPQTWY.SEARCH&ppt=None&ppn=None&ssid=zwy139cou80000001790850102672&qH=a5594894156db043&ov_redirect=true,2026-10-01
792,"realme 14 Pro+ 5G (Suede Grey, 256 GB)",realme,34999,37999,7% off,4.4,"8,707","1,023",12 GB RAM,256 GB ROM,6000 mAh Battery,7s Gen 3 Mobile Platform Processor,17.35 cm (6.83 inch) Display,50MP + 50MP + 8MP | 32MP Front Camera,,https://www.flipkart.com/realme-14-pro-5g-suede-grey-256-gb/p/itmb5105a70ea6a6?pid=MOBH84ZXNJEVW9GZ&lid=LSTMOBH84ZXNJEVW9GZCAAB2L&marketplace=FLIPKART&q=smart+phones&store=tyy%2F4io&srno=s_33_792&otracker=search&fm=organic&iid=247086c0-4210-48ea-8f46-8d18b5cacb9a.MOBH84ZXNJEVW9GZ.SEARCH&ppt=None&ppn=None&ssid=zwy139cou80000001790850102672&qH=a5594894156db043&ov_redirect=true,2026-10-01
793,"Google Pixel 11 Pro (Fog, 256 GB)",Google,119999,,,4.4,67,13,12 GB RAM,256 GB ROM,4850 mAh Lithium Battery,Tensor G6 Processor,16.0 cm (6.3 inch) Super Actua Display,50MP + 48MP + 48MP | 42MP Front Camera,,https://www.flipkart.com/google-pixel-11-pro-fog-256-gb/p/itm3a05c77195112?pid=MOBHPHNVAUEXFKR4&lid=LSTMOBHPHNVAUEXFKR4RQMMNE&marketplace=FLIPKART&q=smart+phones&store=tyy%2F4io&srno=s_34_793&otracker=search&fm=organic&iid=2ff8c400-6dd5-45f4-8284-ca18ef179f9a.MOBHPHNVAUEXFKR4.SEARCH&ppt=None&ppn=None&ssid=kpfmdkfeeo0000001790850105419&qH=a5594894156db043&ov_redirect=true,2026-10-01
794,"realme Narzo Power 5G (Titan Blue, 256 GB)",realme,36306,37999,4% off,4.3,109,10,8 GB RAM,256 GB ROM,10001 mAh Battery,,17.27 cm (6.8 inch) Display,50MP Rear Camera,,https://www.flipkart.com/realme-narzo-power-5g-titan-blue-256-gb/p/itmb7d628c2b23a9?pid=MOBHHGXKZP54RPQ6&lid=LSTMOBHHGXKZP54RPQ625XYI3&marketplace=FLIPKART&q=smart+phones&store=tyy%2F4io&srno=s_34_794&otracker=search&fm=organic&iid=2ff8c400-6dd5-45f4-8284-ca18ef179f9a.MOBHHGXKZP54RPQ6.SEARCH&ppt=None&ppn=None&ssid=kpfmdkfeeo0000001790850105419&qH=a5594894156db043&ov_redirect=true,2026-10-01
795,"OPPO Reno16 5G (Twilight Violet, 256 GB)",OPPO,66999,89999,25% off,4.5,188,44,8 GB RAM,256 GB ROM,6700 mAh lithium-ion polymer Battery,7 Gen 4 Processor,16.05 cm (6.32 inch) Full HD+ Display,50MP + 50MP + 50MP | 50MP Front Camera,,https://www.flipkart.com/oppo-reno16-5g-twilight-violet-256-gb/p/itmeedd96ac4e26f?pid=MOBHZMBRUXGP4JEU&lid=LSTMOBHZMBRUXGP4JEUOKY8XA&marketplace=FLIPKART&q=smart+phones&store=tyy%2F4io&srno=s_34_795&otracker=search&fm=organic&iid=2ff8c400-6dd5-45f4-8284-ca18ef179f9a.MOBHZMBRUXGP4JEU.SEARCH&ppt=None&ppn=None&ssid=kpfmdkfeeo0000001790850105419&qH=a5594894156db043&ov_redirect=true,2026-10-01
796,"OPPO Reno16 5G (Stellar Purple, 256 GB)",OPPO,66999,89999,25% off,4.5,188,44,8 GB RAM,256 GB ROM,6700 mAh lithium-ion polymer Battery,7 Gen 4 Processor,16.05 cm (6.32 inch) Full HD+ Display,50MP + 50MP + 50MP | 50MP Front Camera,,https://www.flipkart.com/oppo-reno16-5g-stellar-purple-256-gb/p/itmeedd96ac4e26f?pid=MOBHZMBRBETH2USJ&lid=LSTMOBHZMBRBETH2USJ49LXBG&marketplace=FLIPKART&q=smart+phones&store=tyy%2F4io&srno=s_34_796&otracker=search&fm=organic&iid=2ff8c400-6dd5-45f4-8284-ca18ef179f9a.MOBHZMBRBETH2USJ.SEARCH&ppt=None&ppn=None&ssid=kpfmdkfeeo0000001790850105419&qH=a5594894156db043&ov_redirect=true,2026-10-01
797,"Tecno Spark Go 3 (Titanium Grey, 64 GB)",Tecno,12499,15999,21% off,4.1,221,15,4 GB RAM,64 GB ROM,5000 mAh Lithium Polymer Battery,T7250 Processor,17.12 cm (6.74 inch) HD+ Display,13MP Rear Camera | 8MP Front Camera,,https://www.flipkart.com/tecno-spark-go-3-titanium-grey-64-gb/p/itma9c8f128a61c6?pid=MOBHP2QY7GH4XWWS&lid=LSTMOBHP2QY7GH4XWWSUZBT2N&marketplace=FLIPKART&q=smart+phones&store=tyy%2F4io&srno=s_34_797&otracker=search&fm=organic&iid=en_KJlqeyFNY3E4NPeeYcTEMevlP4YGJVx9P0aXSMcTbXlqvJMywx0nHrn2qd-358qGvdhgVIDAS43502YR2UC6WzzVjjVgBxhvbGO4C2Nu8sBT_d3oLN5DCeXpGIrgpKyE&ppt=None&ppn=None&ssid=kpfmdkfeeo0000001790850105419&qH=a5594894156db043&ov_redirect=true,2026-10-01
798,"OPPO Reno16 5G (Starry White, 256 GB)",OPPO,66999,89999,25% off,4.5,188,44,8 GB RAM,256 GB ROM,6700 mAh lithium-ion polymer Battery,7 Gen 4 Processor,16.05 cm (6.32 inch) Full HD+ Display,50MP + 50MP + 50MP | 50MP Front Camera,,https://www.flipkart.com/oppo-reno16-5g-starry-white-256-gb/p/itmeedd96ac4e26f?pid=MOBHZMBRFYYSGE2Y&lid=LSTMOBHZMBRFYYSGE2YFMFUAF&marketplace=FLIPKART&q=smart+phones&store=tyy%2F4io&srno=s_34_798&otracker=search&fm=organic&iid=2ff8c400-6dd5-45f4-8284-ca18ef179f9a.MOBHZMBRFYYSGE2Y.SEARCH&ppt=None&ppn=None&ssid=kpfmdkfeeo0000001790850105419&qH=a5594894156db043&ov_redirect=true,2026-10-01
799,"realme GT 8 Pro (Urban Blue, 256 GB)",realme,72999,79999,8% off,4.3,136,18,12 GB RAM,256 GB ROM,7000 mAh Battery,8 Elite Gen 5 Processor,17.25 cm (6.79 inch) Quad HD+ Display,50MP + 50MP + 200MP | 32MP Front Camera,,https://www.flipkart.com/realme-gt-8-pro-urban-blue-256-gb/p/itm78c31e0a1941f?pid=MOBHHEYXP2KTVXSW&lid=LSTMOBHHEYXP2KTVXSWOLU8BX&marketplace=FLIPKART&q=smart+phones&store=tyy%2F4io&srno=s_34_799&otracker=search&fm=organic&iid=2ff8c400-6dd5-45f4-8284-ca18ef179f9a.MOBHHEYXP2KTVXSW.SEARCH&ppt=None&ppn=None&ssid=kpfmdkfeeo0000001790850105419&qH=a5594894156db043&ov_redirect=true,2026-10-01
800,"IQOO Z11 5G (Celestial Blue, 128 GB)",IQOO,39114,55999,30% off,4.9,11,2,8 GB RAM,128 GB ROM,7050 mAh Battery,,17.35 cm (6.83 inch) Display,50MP Rear Camera,,https://www.flipkart.com/iqoo-z11-5g-celestial-blue-128-gb/p/itmc512aff8fd1d7?pid=MOBHQHTVQTPHJGVF&lid=LSTMOBHQHTVQTPHJGVFUM1ZTV&marketplace=FLIPKART&q=smart+phones&store=tyy%2F4io&srno=s_34_800&otracker=search&fm=organic&iid=2ff8c400-6dd5-45f4-8284-ca18ef179f9a.MOBHQHTVQTPHJGVF.SEARCH&ppt=None&ppn=None&ssid=kpfmdkfeeo0000001790850105419&qH=a5594894156db043&ov_redirect=true,2026-10-01
801,"realme GT 8 Pro (Diary White, 256 GB)",realme,72999,79999,8% off,4.3,136,18,12 GB RAM,256 GB ROM,7000 mAh Battery,8 Elite Gen 5 Processor,17.25 cm (6.79 inch) Quad HD+ Display,50MP + 50MP + 200MP | 32MP Front Camera,,https://www.flipkart.com/realme-gt-8-pro-diary-white-256-gb/p/itm78c31e0a1941f?pid=MOBHHEYXZYZUHGXQ&lid=LSTMOBHHEYXZYZUHGXQTM2M0W&marketplace=FLIPKART&q=smart+phones&store=tyy%2F4io&srno=s_34_801&otracker=search&fm=organic&iid=2ff8c400-6dd5-45f4-8284-ca18ef179f9a.MOBHHEYXZYZUHGXQ.SEARCH&ppt=None&ppn=None&ssid=kpfmdkfeeo0000001790850105419&qH=a5594894156db043&ov_redirect=true,2026-10-01
802,"OPPO F33 5G (Pearl White, 256 GB)",OPPO,39999,55999,28% off,4.3,175,21,8 GB RAM,256 GB ROM,7000 mAh lithium-ion polymer Battery,Dimensity 6360 MAX Processor,16.69 cm (6.57 inch) Full HD+ AMOLED Display,50MP + 2MP | 16MP Front Camera,,https://www.flipkart.com/oppo-f33-5g-pearl-white-256-gb/p/itm8c5d4a65602fd?pid=MOBHM48FD8UMWFHH&lid=LSTMOBHM48FD8UMWFHHZ9HCVH&marketplace=FLIPKART&q=smart+phones&store=tyy%2F4io&srno=s_34_802&otracker=search&fm=organic&iid=2ff8c400-6dd5-45f4-8284-ca18ef179f9a.MOBHM48FD8UMWFHH.SEARCH&ppt=None&ppn=None&ssid=kpfmdkfeeo0000001790850105419&qH=a5594894156db043&ov_redirect=true,2026-10-01
803,"OPPO F33 5G (Forest Green, 128 GB)",OPPO,36999,52999,30% off,4.3,175,21,8 GB RAM,128 GB ROM,7000 mAh lithium-ion polymer Battery,Dimensity 6360 MAX Processor,16.69 cm (6.57 inch) Full HD+ AMOLED Display,50MP + 2MP | 16MP Front Camera,,https://www.flipkart.com/oppo-f33-5g-forest-green-128-gb/p/itm8c5d4a65602fd?pid=MOBHM48FAG5NJ2VJ&lid=LSTMOBHM48FAG5NJ2VJ6EHHZM&marketplace=FLIPKART&q=smart+phones&store=tyy%2F4io&srno=s_34_803&otracker=search&fm=organic&iid=2ff8c400-6dd5-45f4-8284-ca18ef179f9a.MOBHM48FAG5NJ2VJ.SEARCH&ppt=None&ppn=None&ssid=kpfmdkfeeo0000001790850105419&qH=a5594894156db043&ov_redirect=true,2026-10-01
804,"MOTOROLA G77 Power (PANTONE Fuchsia Red, 128 GB)",MOTOROLA,27999,44999,37% off,4.1,133,18,8 GB RAM,128 GB ROM,7000 mAh Battery,Dimensity 6400 Processor,17.07 cm (6.72 inch) Full HD+ Display,50MP + 8MP | 32MP Front Camera,,https://www.flipkart.com/motorola-g77-power-pantone-fuchsia-red-128-gb/p/itm5da72dfa8f2fd?pid=MOBHNEZPKXSZXFY6&lid=LSTMOBHNEZPKXSZXFY65LXHAK&marketplace=FLIPKART&q=smart+phones&store=tyy%2F4io&srno=s_34_804&otracker=search&fm=organic&iid=2ff8c400-6dd5-45f4-8284-ca18ef179f9a.MOBHNEZPKXSZXFY6.SEARCH&ppt=None&ppn=None&ssid=kpfmdkfeeo0000001790850105419&qH=a5594894156db043&ov_redirect=true,2026-10-01
805,"OnePlus N6X (Burgundy Red, 64 GB)",OnePlus,20499,26999,24% off,4.1,144,10,4 GB RAM,64 GB ROM,7000 mAh Battery,MediaTek Dimensity 6360 Apex Processor,17.27 cm (6.8 inch) HD+ Display,13MP Rear Camera,,https://www.flipkart.com/oneplus-n6x-burgundy-red-64-gb/p/itm4be54d70a3bed?pid=MOBHPTHQSDCZZVNH&lid=LSTMOBHPTHQSDCZZVNH6DEAN1&marketplace=FLIPKART&q=smart+phones&store=tyy%2F4io&srno=s_34_805&otracker=search&fm=organic&iid=2ff8c400-6dd5-45f4-8284-ca18ef179f9a.MOBHPTHQSDCZZVNH.SEARCH&ppt=None&ppn=None&ssid=kpfmdkfeeo0000001790850105419&qH=a5594894156db043&ov_redirect=true,2026-10-01
806,"OnePlus N6X (Burgundy Red, 128 GB)",OnePlus,22300,28999,23% off,4.1,144,10,4 GB RAM,128 GB ROM,7000 mAh Battery,MediaTek Dimensity 6360 Apex Processor,17.27 cm (6.8 inch) HD+ Display,13MP Rear Camera,,https://www.flipkart.com/oneplus-n6x-burgundy-red-128-gb/p/itm4be54d70a3bed?pid=MOBHPTHXHRAF8UHZ&lid=LSTMOBHPTHXHRAF8UHZLHCQQA&marketplace=FLIPKART&q=smart+phones&store=tyy%2F4io&srno=s_34_806&otracker=search&fm=organic&iid=2ff8c400-6dd5-45f4-8284-ca18ef179f9a.MOBHPTHXHRAF8UHZ.SEARCH&ppt=None&ppn=None&ssid=kpfmdkfeeo0000001790850105419&qH=a5594894156db043&ov_redirect=true,2026-10-01
807,"realme 16 Pro 5G (Orchid Purple, 256 GB)",realme,46999,,,4.3,"2,828",290,8 GB RAM,256 GB ROM,7000 mAh Battery,Dimensity 7300 Max Processor,17.22 cm (6.78 inch) Full HD+ Display,200MP + 8MP | 50MP Front Camera,,https://www.flipkart.com/realme-16-pro-5g-orchid-purple-256-gb/p/itm0f32797c10002?pid=MOBHM8GZAYJZ4T7F&lid=LSTMOBHM8GZAYJZ4T7FUU8G0K&marketplace=FLIPKART&q=smart+phones&store=tyy%2F4io&srno=s_34_807&otracker=search&fm=organic&iid=2ff8c400-6dd5-45f4-8284-ca18ef179f9a.MOBHM8GZAYJZ4T7F.SEARCH&ppt=None&ppn=None&ssid=kpfmdkfeeo0000001790850105419&qH=a5594894156db043&ov_redirect=true,2026-10-01
808,"IQOO 15R 5G (Triumph Silver, 256 GB)",IQOO,54599,69999,22% off,4.7,412,51,8 GB RAM,256 GB ROM,7600 mAh Battery,,16.74 cm (6.59 inch) Display,50MP Rear Camera,,https://www.flipkart.com/iqoo-15r-5g-triumph-silver-256-gb/p/itm7bc8aee18f590?pid=MOBHHY4ADUVBCEEY&lid=LSTMOBHHY4ADUVBCEEYX6ETWK&marketplace=FLIPKART&q=smart+phones&store=tyy%2F4io&srno=s_34_808&otracker=search&fm=organic&iid=2ff8c400-6dd5-45f4-8284-ca18ef179f9a.MOBHHY4ADUVBCEEY.SEARCH&ppt=None&ppn=None&ssid=kpfmdkfeeo0000001790850105419&qH=a5594894156db043&ov_redirect=true,2026-10-01
809,"Samsung Galaxy S25 Edge 5G (Titanium Silver, 256 GB)",Samsung,89999,109999,18% off,4.5,526,72,12 GB RAM,256 GB ROM,3900 mAh Battery,Qualcomm Snapdragon 8 Elite for Galaxy Processor,16.91 cm (6.657 inch) Quad HD+ Display,200MP + 12MP | 12MP Front Camera,,https://www.flipkart.com/samsung-galaxy-s25-edge-5g-titanium-silver-256-gb/p/itm58d92f4e3af14?pid=MOBHBXJHADAZRFQJ&lid=LSTMOBHBXJHADAZRFQJCR2VWY&marketplace=FLIPKART&q=smart+phones&store=tyy%2F4io&srno=s_34_809&otracker=search&fm=organic&iid=2ff8c400-6dd5-45f4-8284-ca18ef179f9a.MOBHBXJHADAZRFQJ.SEARCH&ppt=None&ppn=None&ssid=kpfmdkfeeo0000001790850105419&qH=a5594894156db043&ov_redirect=true,2026-10-01
810,"OPPO K14 5G (Prism Violet, 128 GB)",OPPO,25999,,,4.4,"7,449",650,6 GB RAM,128 GB ROM,7000 mAh Battery,Dimensity 6300 Processor,17.14 cm (6.75 inch) HD+ Display,50MP Rear Camera | 8MP Front Camera,,https://www.flipkart.com/oppo-k14-5g-prism-violet-128-gb/p/itm2a5cc1d23c2af?pid=MOBHKQYYEP5PV9RH&lid=LSTMOBHKQYYEP5PV9RHZM2YMD&marketplace=FLIPKART&q=smart+phones&store=tyy%2F4io&srno=s_34_810&otracker=search&fm=organic&iid=2ff8c400-6dd5-45f4-8284-ca18ef179f9a.MOBHKQYYEP5PV9RH.SEARCH&ppt=None&ppn=None&ssid=kpfmdkfeeo0000001790850105419&qH=a5594894156db043&ov_redirect=true,2026-10-01
811,"OPPO Reno16 5G (Starry White, 256 GB)",OPPO,72999,99999,27% off,4.5,72,11,12 GB RAM,256 GB ROM,6700 mAh lithium-ion polymer Battery,7 Gen 4 Processor,16.05 cm (6.32 inch) Full HD+ Display,50MP + 50MP + 50MP | 50MP Front Camera,,https://www.flipkart.com/oppo-reno16-5g-starry-white-256-gb/p/itmeedd96ac4e26f?pid=MOBHZMBRQ63HUMVQ&lid=LSTMOBHZMBRQ63HUMVQ2NXSZW&marketplace=FLIPKART&q=smart+phones&store=tyy%2F4io&srno=s_34_811&otracker=search&fm=organic&iid=2ff8c400-6dd5-45f4-8284-ca18ef179f9a.MOBHZMBRQ63HUMVQ.SEARCH&ppt=None&ppn=None&ssid=kpfmdkfeeo0000001790850105419&qH=a5594894156db043&ov_redirect=true,2026-10-01
812,"IQOO Z11 5G (Celestial Blue, 256 GB)",IQOO,44958,61999,27% off,4.9,11,2,8 GB RAM,256 GB ROM,7050 mAh Battery,,17.35 cm (6.83 inch) Display,50MP Rear Camera,,https://www.flipkart.com/iqoo-z11-5g-celestial-blue-256-gb/p/itmc512aff8fd1d7?pid=MOBHQHQHQKNXJ4RZ&lid=LSTMOBHQHQHQKNXJ4RZEL6V55&marketplace=FLIPKART&q=smart+phones&store=tyy%2F4io&srno=s_34_812&otracker=search&fm=organic&iid=2ff8c400-6dd5-45f4-8284-ca18ef179f9a.MOBHQHQHQKNXJ4RZ.SEARCH&ppt=None&ppn=None&ssid=kpfmdkfeeo0000001790850105419&qH=a5594894156db043&ov_redirect=true,2026-10-01
813,"REDMI Note 15 5G (Black, 256 GB)",REDMI,31890,38999,18% off,4.4,"1,252",91,8 GB RAM,256 GB ROM,5520 mAh Battery,,17.2 cm (6.77 inch) Display,108MP Rear Camera,,https://www.flipkart.com/redmi-note-15-5g-black-256-gb/p/itm7cb24e3c40189?pid=MOBHJHPUU27FF6DA&lid=LSTMOBHJHPUU27FF6DAW39HR5&marketplace=FLIPKART&q=smart+phones&store=tyy%2F4io&srno=s_34_813&otracker=search&fm=organic&iid=2ff8c400-6dd5-45f4-8284-ca18ef179f9a.MOBHJHPUU27FF6DA.SEARCH&ppt=None&ppn=None&ssid=kpfmdkfeeo0000001790850105419&qH=a5594894156db043&ov_redirect=true,2026-10-01
814,"Samsung Galaxy A56 5G (Awesome Graphite, 256 GB)",Samsung,48999,,,4.4,"1,050",82,8 GB RAM,256 GB ROM,5000 mAh Battery,Samsung Exynos 1580 Processor,17.02 cm (6.7 inch) Full HD+ Display,50MP + 12MP + 5MP | 12MP Front Camera,,https://www.flipkart.com/samsung-galaxy-a56-5g-awesome-graphite-256-gb/p/itmfc74a277c6fb4?pid=MOBH9RNGDAUAZUGG&lid=LSTMOBH9RNGDAUAZUGGBBPWKY&marketplace=FLIPKART&q=smart+phones&store=tyy%2F4io&srno=s_34_814&otracker=search&fm=organic&iid=2ff8c400-6dd5-45f4-8284-ca18ef179f9a.MOBH9RNGDAUAZUGG.SEARCH&ppt=None&ppn=None&ssid=kpfmdkfeeo0000001790850105419&qH=a5594894156db043&ov_redirect=true,2026-10-01
815,"OnePlus 13s 5G (Black Velvet, 256 GB)",OnePlus,57175,57999,1% off,4.6,"2,160",209,12 GB RAM,256 GB ROM,5850 mAh Battery,,16.05 cm (6.32 inch) Display,50MP Rear Camera,,https://www.flipkart.com/oneplus-13s-5g-black-velvet-256-gb/p/itmb6d10cf953b5d?pid=MOBHCTQTGUGEJHMG&lid=LSTMOBHCTQTGUGEJHMGGJLBNP&marketplace=FLIPKART&q=smart+phones&store=tyy%2F4io&srno=s_34_815&otracker=search&fm=organic&iid=2ff8c400-6dd5-45f4-8284-ca18ef179f9a.MOBHCTQTGUGEJHMG.SEARCH&ppt=None&ppn=None&ssid=kpfmdkfeeo0000001790850105419&qH=a5594894156db043&ov_redirect=true,2026-10-01
816,"OPPO F33 5G (Pearl White, 128 GB)",OPPO,34999,48999,28% off,4.2,113,10,6 GB RAM,128 GB ROM,7000 mAh lithium-ion polymer Battery,Dimensity 6360 MAX Processor,16.69 cm (6.57 inch) Full HD+ AMOLED Display,50MP + 2MP | 16MP Front Camera,,https://www.flipkart.com/oppo-f33-5g-pearl-white-128-gb/p/itm8c5d4a65602fd?pid=MOBHM48FGAEZXJE8&lid=LSTMOBHM48FGAEZXJE8LBD6SH&marketplace=FLIPKART&q=smart+phones&store=tyy%2F4io&srno=s_34_816&otracker=search&fm=organic&iid=2ff8c400-6dd5-45f4-8284-ca18ef179f9a.MOBHM48FGAEZXJE8.SEARCH&ppt=None&ppn=None&ssid=kpfmdkfeeo0000001790850105419&qH=a5594894156db043&ov_redirect=true,2026-10-01
817,"Tecno Spark Go 3 (Titanium Grey, 64 GB)",Tecno,12499,15999,21% off,4.1,221,15,4 GB RAM,64 GB ROM,5000 mAh Lithium Polymer Battery,T7250 Processor,17.12 cm (6.74 inch) HD+ Display,13MP Rear Camera | 8MP Front Camera,,https://www.flipkart.com/tecno-spark-go-3-titanium-grey-64-gb/p/itma9c8f128a61c6?pid=MOBHP2QY7GH4XWWS&lid=LSTMOBHP2QY7GH4XWWSUZBT2N&marketplace=FLIPKART&q=smart+phones&store=tyy%2F4io&srno=s_35_817&otracker=search&fm=organic&iid=en_y9_JEKU1vRCERQp15O1-sUQhmIINco1-ZXkKD28rQqy-MLtfS3WR3gkiMFqPqyy3vdhgVIDAS43502YR2UC6WzzVjjVgBxhvbGO4C2Nu8sAEDl5U1oLbMgkTs2wvjR3s&ppt=None&ppn=None&ssid=xdqdty4c800000001790850108192&qH=a5594894156db043&ov_redirect=true,2026-10-01
818,"Tecno Spark Go 3 (Ink Black, 64 GB)",Tecno,12499,15999,21% off,4.1,221,15,4 GB RAM,64 GB ROM,5000 mAh Lithium Polymer Battery,T7250 Processor,17.12 cm (6.74 inch) HD+ Display,13MP Rear Camera | 8MP Front Camera,,https://www.flipkart.com/tecno-spark-go-3-ink-black-64-gb/p/itma9c8f128a61c6?pid=MOBHP2QYCXZZE3CM&lid=LSTMOBHP2QYCXZZE3CMWW64IB&marketplace=FLIPKART&q=smart+phones&store=tyy%2F4io&srno=s_35_818&otracker=search&fm=organic&iid=en_y9_JEKU1vRCERQp15O1-sUQhmIINco1-ZXkKD28rQqx-G05BjQIT3UBB855WRHExXSTZgtzvjftyjvmwmzsaRgiCj5dWzPgr1ZNpuYyjSmgEDl5U1oLbMgkTs2wvjR3s&ppt=None&ppn=None&ssid=xdqdty4c800000001790850108192&qH=a5594894156db043&ov_redirect=true,2026-10-01
819,"Samsung Galaxy A56 5G (Awesome Graphite, 256 GB)",Samsung,48999,,,4.4,"1,050",82,8 GB RAM,256 GB ROM,5000 mAh Battery,Samsung Exynos 1580 Processor,17.02 cm (6.7 inch) Full HD+ Display,50MP + 12MP + 5MP | 12MP Front Camera,,https://www.flipkart.com/samsung-galaxy-a56-5g-awesome-graphite-256-gb/p/itmfc74a277c6fb4?pid=MOBH9RNGDAUAZUGG&lid=LSTMOBH9RNGDAUAZUGGBBPWKY&marketplace=FLIPKART&q=smart+phones&store=tyy%2F4io&srno=s_35_819&otracker=search&fm=organic&iid=3e8cf035-71de-4e76-9130-85d69a8a6a68.MOBH9RNGDAUAZUGG.SEARCH&ppt=None&ppn=None&ssid=xdqdty4c800000001790850108192&qH=a5594894156db043&ov_redirect=true,2026-10-01
820,"Apple iPhone 18 Pro max (Silver, 256 GB)",Apple,179900,,,4.8,100,18,,,,"A20 Pro chip, 6 Core Processor Processor",17.53 cm (6.9 inch) Super Retina XDR Display,48MP + 48MP + 48MP | 18MP Front Camera,,https://www.flipkart.com/apple-iphone-18-pro-max-silver-256-gb/p/itmead656790625b?pid=MOBHQT5JHJVUYBWN&lid=LSTMOBHQT5JHJVUYBWNHYHHKC&marketplace=FLIPKART&q=smart+phones&store=tyy%2F4io&srno=s_35_820&otracker=search&fm=organic&iid=3e8cf035-71de-4e76-9130-85d69a8a6a68.MOBHQT5JHJVUYBWN.SEARCH&ppt=None&ppn=None&ssid=xdqdty4c800000001790850108192&qH=a5594894156db043&ov_redirect=true,2026-10-01
821,"Ai+ Pulse 2 (Black, 128 GB)",Ai+,11499,15499,25% off,4.1,"13,183",937,4 GB RAM,128 GB ROM,6000 mAh Battery,T7250 Processor,17.13 cm (6.745 inch) HD+ Display,50MP Rear Camera | 8MP Front Camera,,https://www.flipkart.com/ai-pulse-2-black-128-gb/p/itm982c299d0417e?pid=MOBHZPMCTFX3H4NM&lid=LSTMOBHZPMCTFX3H4NM0QFL7Z&marketplace=FLIPKART&q=smart+phones&store=tyy%2F4io&srno=s_35_821&otracker=search&fm=organic&iid=3e8cf035-71de-4e76-9130-85d69a8a6a68.MOBHZPMCTFX3H4NM.SEARCH&ppt=None&ppn=None&ssid=xdqdty4c800000001790850108192&qH=a5594894156db043&ov_redirect=true,2026-10-01
822,"OnePlus N6X (Ice Blue, 64 GB)",OnePlus,20047,26999,25% off,4.1,144,10,4 GB RAM,64 GB ROM,7000 mAh Battery,MediaTek Dimensity 6360 Apex Processor,17.27 cm (6.8 inch) HD+ Display,13MP Rear Camera,,https://www.flipkart.com/oneplus-n6x-ice-blue-64-gb/p/itm4be54d70a3bed?pid=MOBHPTHNMYMBZBGD&lid=LSTMOBHPTHNMYMBZBGDYKGFTH&marketplace=FLIPKART&q=smart+phones&store=tyy%2F4io&srno=s_35_822&otracker=search&fm=organic&iid=3e8cf035-71de-4e76-9130-85d69a8a6a68.MOBHPTHNMYMBZBGD.SEARCH&ppt=None&ppn=None&ssid=xdqdty4c800000001790850108192&qH=a5594894156db043&ov_redirect=true,2026-10-01
823,"IQOO 15R 5G (Dark Knight, 512 GB)",IQOO,69990,87999,20% off,4.6,279,32,12 GB RAM,512 GB ROM,7600 mAh Battery,,16.74 cm (6.59 inch) Display,50MP Rear Camera,,https://www.flipkart.com/iqoo-15r-5g-dark-knight-512-gb/p/itm7bc8aee18f590?pid=MOBHHY4GUEVSHZS8&lid=LSTMOBHHY4GUEVSHZS8IHLLJS&marketplace=FLIPKART&q=smart+phones&store=tyy%2F4io&srno=s_35_823&otracker=search&fm=organic&iid=3e8cf035-71de-4e76-9130-85d69a8a6a68.MOBHHY4GUEVSHZS8.SEARCH&ppt=None&ppn=None&ssid=xdqdty4c800000001790850108192&qH=a5594894156db043&ov_redirect=true,2026-10-01
824,"Samsung Galaxy S25 Edge 5G (Titanium Silver, 256 GB)",Samsung,89999,109999,18% off,4.5,526,72,12 GB RAM,256 GB ROM,3900 mAh Battery,Qualcomm Snapdragon 8 Elite for Galaxy Processor,16.91 cm (6.657 inch) Quad HD+ Display,200MP + 12MP | 12MP Front Camera,,https://www.flipkart.com/samsung-galaxy-s25-edge-5g-titanium-silver-256-gb/p/itm58d92f4e3af14?pid=MOBHBXJHADAZRFQJ&lid=LSTMOBHBXJHADAZRFQJCR2VWY&marketplace=FLIPKART&q=smart+phones&store=tyy%2F4io&srno=s_35_824&otracker=search&fm=organic&iid=3e8cf035-71de-4e76-9130-85d69a8a6a68.MOBHBXJHADAZRFQJ.SEARCH&ppt=None&ppn=None&ssid=xdqdty4c800000001790850108192&qH=a5594894156db043&ov_redirect=true,2026-10-01
825,"MOTOROLA Edge 70 Fusion (Pantone BLUE SURF, 512 GB)",MOTOROLA,36999,64999,43% off,4.3,"6,894",768,12 GB RAM,512 GB ROM,7000 mAh Battery,Snapdragon 7s Gen 4 Processor,17.27 cm (6.8 inch) Super HD Display,50MP + 13MP | 32MP Front Camera,,https://www.flipkart.com/motorola-edge-70-fusion-pantone-blue-surf-512-gb/p/itm87b81fff91d44?pid=MOBHNSA6KGKFVSPF&lid=LSTMOBHNSA6KGKFVSPFPPKGGH&marketplace=FLIPKART&q=smart+phones&store=tyy%2F4io&srno=s_35_825&otracker=search&fm=organic&iid=3e8cf035-71de-4e76-9130-85d69a8a6a68.MOBHNSA6KGKFVSPF.SEARCH&ppt=None&ppn=None&ssid=xdqdty4c800000001790850108192&qH=a5594894156db043&ov_redirect=true,2026-10-01
826,"MOTOROLA edge 70 pro (Satin-Luxe PANTONE Tea (Green), 256 GB)",MOTOROLA,42999,74999,42% off,4.3,651,85,12 GB RAM,256 GB ROM,6500 mAh Silicon-Carbon Battery,Dimensity 8500 Extreme Processor,17.27 cm (6.8 inch) Full HD+ Super AMOLED Display,50MP + 50MP | 50MP Front Camera,,https://www.flipkart.com/motorola-edge-70-pro-satin-luxe-pantone-tea-green-256-gb/p/itm09856991aebeb?pid=MOBHN973YUTCVRVP&lid=LSTMOBHN973YUTCVRVPPJ4EEO&marketplace=FLIPKART&q=smart+phones&store=tyy%2F4io&srno=s_35_826&otracker=search&fm=organic&iid=3e8cf035-71de-4e76-9130-85d69a8a6a68.MOBHN973YUTCVRVP.SEARCH&ppt=None&ppn=None&ssid=xdqdty4c800000001790850108192&qH=a5594894156db043&ov_redirect=true,2026-10-01
827,"POCO M8 Power 5G (Black, 128 GB)",POCO,24999,54999,54% off,4.7,"1,531",893,6 GB RAM,128 GB ROM,8000 mAh Lithium-Ion Polymer Battery,Snapdragon Gen 4 Processor,17.75 cm (6.99 inch) Full HD+ AMOLED Display,50MP Rear Camera | 8MP Front Camera,,https://www.flipkart.com/poco-m8-power-5g-black-128-gb/p/itm3a60b0817a5c5?pid=MOBHPCYN7CHENHFF&lid=LSTMOBHPCYN7CHENHFFR4XY1I&marketplace=FLIPKART&q=smart+phones&store=tyy%2F4io&srno=s_35_827&otracker=search&fm=organic&iid=3e8cf035-71de-4e76-9130-85d69a8a6a68.MOBHPCYN7CHENHFF.SEARCH&ppt=None&ppn=None&ssid=xdqdty4c800000001790850108192&qH=a5594894156db043&ov_redirect=true,2026-10-01
828,"realme P4R 5G (Titanium Glare, 64 GB)",realme,20999,32999,36% off,4.2,"2,673",234,4 GB RAM,64 GB ROM,8000 mAh Lithium-ion polymer Battery,Dimensity 6300 Processor,17.27 cm (6.8 inch) HD+ Display,50MP Rear Camera | 8MP Front Camera,,https://www.flipkart.com/realme-p4r-5g-titanium-glare-64-gb/p/itmb42ae388c1ef6?pid=MOBHP2V8BYYCWHPP&lid=LSTMOBHP2V8BYYCWHPPH3PCYG&marketplace=FLIPKART&q=smart+phones&store=tyy%2F4io&srno=s_35_828&otracker=search&fm=organic&iid=3e8cf035-71de-4e76-9130-85d69a8a6a68.MOBHP2V8BYYCWHPP.SEARCH&ppt=None&ppn=None&ssid=xdqdty4c800000001790850108192&qH=a5594894156db043&ov_redirect=true,2026-10-01
829,"Samsung Galaxy A06 5G (Light Green, 64 GB)",Samsung,15799,20999,24% off,4.1,"4,999",378,4 GB RAM,64 GB ROM,5000 mAh Li-ion Battery,Dimensity 6300 Processor,17.02 cm (6.7 inch) HD+ Display,50MP + 2MP | 8MP Front Camera,,https://www.flipkart.com/samsung-galaxy-a06-5g-light-green-64-gb/p/itm8ad99221e2f36?pid=MOBH9GQKNQBVH9U7&lid=LSTMOBH9GQKNQBVH9U7DKEOBA&marketplace=FLIPKART&q=smart+phones&store=tyy%2F4io&srno=s_35_829&otracker=search&fm=organic&iid=3e8cf035-71de-4e76-9130-85d69a8a6a68.MOBH9GQKNQBVH9U7.SEARCH&ppt=None&ppn=None&ssid=xdqdty4c800000001790850108192&qH=a5594894156db043&ov_redirect=true,2026-10-01
830,"Apple iPhone 18 Pro (Glacier, 512 GB)",Apple,189900,,,4.7,220,29,,,,"A20 Pro chip, 6 Core Processor Processor",16.0 cm (6.3 inch) Super Retina XDR Display,48MP + 48MP + 48MP | 18MP Front Camera,,https://www.flipkart.com/apple-iphone-18-pro-glacier-512-gb/p/itm279b80a9b1198?pid=MOBHR2GUUM9PKCNU&lid=LSTMOBHR2GUUM9PKCNUXPI6F0&marketplace=FLIPKART&q=smart+phones&store=tyy%2F4io&srno=s_35_830&otracker=search&fm=organic&iid=3e8cf035-71de-4e76-9130-85d69a8a6a68.MOBHR2GUUM9PKCNU.SEARCH&ppt=None&ppn=None&ssid=xdqdty4c800000001790850108192&qH=a5594894156db043&ov_redirect=true,2026-10-01
831,"Nothing Phone (4a) (White, 256 GB)",Nothing,49999,62999,20% off,4.5,"6,723",728,8 GB RAM,256 GB ROM,5400 mAh Lithium ion Battery,Snapdragon 7s Gen 4 Processor,17.22 cm (6.78 inch) Full HD+ AMOLED Display,50MP + 50MP + 8MP | 32MP Front Camera,,https://www.flipkart.com/nothing-phone-4a-white-256-gb/p/itm4d8bff10483ce?pid=MOBHZAWYHRHFGS4X&lid=LSTMOBHZAWYHRHFGS4XV2LPUA&marketplace=FLIPKART&q=smart+phones&store=tyy%2F4io&srno=s_35_831&otracker=search&fm=organic&iid=3e8cf035-71de-4e76-9130-85d69a8a6a68.MOBHZAWYHRHFGS4X.SEARCH&ppt=None&ppn=None&ssid=xdqdty4c800000001790850108192&qH=a5594894156db043&ov_redirect=true,2026-10-01
832,"realme GT 8 Pro (Diary White, 512 GB)",realme,78999,86999,9% off,4.6,113,23,16 GB RAM,512 GB ROM,7000 mAh Battery,8 Elite Gen 5 Processor,17.25 cm (6.79 inch) Quad HD+ Display,50MP + 50MP + 200MP | 32MP Front Camera,,https://www.flipkart.com/realme-gt-8-pro-diary-white-512-gb/p/itm78c31e0a1941f?pid=MOBHHEYXBRSSBAVS&lid=LSTMOBHHEYXBRSSBAVSG1WJ1X&marketplace=FLIPKART&q=smart+phones&store=tyy%2F4io&srno=s_35_832&otracker=search&fm=organic&iid=3e8cf035-71de-4e76-9130-85d69a8a6a68.MOBHHEYXBRSSBAVS.SEARCH&ppt=None&ppn=None&ssid=xdqdty4c800000001790850108192&qH=a5594894156db043&ov_redirect=true,2026-10-01
833,"IQOO Z11 5G (Aurora Green, 128 GB)",IQOO,38490,55999,31% off,4.9,11,2,8 GB RAM,128 GB ROM,7050 mAh Battery,,17.35 cm (6.83 inch) Display,50MP Rear Camera,,https://www.flipkart.com/iqoo-z11-5g-aurora-green-128-gb/p/itmc512aff8fd1d7?pid=MOBHQHUWZYMTCPHJ&lid=LSTMOBHQHUWZYMTCPHJVRQTTJ&marketplace=FLIPKART&q=smart+phones&store=tyy%2F4io&srno=s_35_833&otracker=search&fm=organic&iid=3e8cf035-71de-4e76-9130-85d69a8a6a68.MOBHQHUWZYMTCPHJ.SEARCH&ppt=None&ppn=None&ssid=xdqdty4c800000001790850108192&qH=a5594894156db043&ov_redirect=true,2026-10-01
834,"REDMI Note 15 Pro+ 5G Special Edition Carbon Black 16GB RAM 512GB ROM (Carbon Black, 512 GB)",REDMI,49999,59999,16% off,5,4,1,16 GB RAM,512 GB ROM,6500 mAh Lithium-Ion Battery,7s Gen 4 Processor,17.35 cm (6.83 inch) Full HD+ AMOLED Display,200MP Rear Camera,,https://www.flipkart.com/redmi-note-15-pro-5g-special-carbon-black-16gb-ram-512gb-rom-carbon-black-512-gb/p/itmbbff4d12d3216?pid=MOBHPHU74JNPCVC7&lid=LSTMOBHPHU74JNPCVC7I4ZKST&marketplace=FLIPKART&q=smart+phones&store=tyy%2F4io&srno=s_35_834&otracker=search&fm=organic&iid=3e8cf035-71de-4e76-9130-85d69a8a6a68.MOBHPHU74JNPCVC7.SEARCH&ppt=None&ppn=None&ssid=xdqdty4c800000001790850108192&qH=a5594894156db043&ov_redirect=true,2026-10-01
835,"OnePlus 13s 5G (Green Silk, 256 GB)",OnePlus,57880,57999,,4.6,"2,160",209,12 GB RAM,256 GB ROM,5850 mAh Battery,,16.05 cm (6.32 inch) Display,50MP Rear Camera,,https://www.flipkart.com/oneplus-13s-5g-green-silk-256-gb/p/itmb6d10cf953b5d?pid=MOBHCTQTDPZH7ZYT&lid=LSTMOBHCTQTDPZH7ZYTQGTOYB&marketplace=FLIPKART&q=smart+phones&store=tyy%2F4io&srno=s_35_835&otracker=search&fm=organic&iid=3e8cf035-71de-4e76-9130-85d69a8a6a68.MOBHCTQTDPZH7ZYT.SEARCH&ppt=None&ppn=None&ssid=xdqdty4c800000001790850108192&qH=a5594894156db043&ov_redirect=true,2026-10-01
836,"Apple iPhone 18 Pro max (Glacier, 512 GB)",Apple,204900,,,4.8,100,18,,,,"A20 Pro chip, 6 Core Processor Processor",17.53 cm (6.9 inch) Super Retina XDR Display,48MP + 48MP + 48MP | 18MP Front Camera,,https://www.flipkart.com/apple-iphone-18-pro-max-glacier-512-gb/p/itmae2f6937bfaea?pid=MOBHQT5JZGAXG2TQ&lid=LSTMOBHQT5JZGAXG2TQ9IAIID&marketplace=FLIPKART&q=smart+phones&store=tyy%2F4io&srno=s_35_836&otracker=search&fm=organic&iid=3e8cf035-71de-4e76-9130-85d69a8a6a68.MOBHQT5JZGAXG2TQ.SEARCH&ppt=None&ppn=None&ssid=xdqdty4c800000001790850108192&qH=a5594894156db043&ov_redirect=true,2026-10-01
837,"REDMI Note-14 Pro 5G (Ivy Green, 256 GB)",REDMI,27374,30999,11% off,4.3,"1,250",97,8 GB RAM,256 GB ROM,5500 mAh Battery,Dimensity 7300 Ultra Processor,16.94 cm (6.67 inch) Display,50MP + 8MP + 2MP | 20MP Front Camera,,https://www.flipkart.com/redmi-note-14-pro-5g-ivy-green-256-gb/p/itm124f940049e20?pid=MOBH8BW3XZ6CMJBW&lid=LSTMOBH8BW3XZ6CMJBWB8MSBT&marketplace=FLIPKART&q=smart+phones&store=tyy%2F4io&srno=s_35_837&otracker=search&fm=organic&iid=3e8cf035-71de-4e76-9130-85d69a8a6a68.MOBH8BW3XZ6CMJBW.SEARCH&ppt=None&ppn=None&ssid=xdqdty4c800000001790850108192&qH=a5594894156db043&ov_redirect=true,2026-10-01
838,"Tecno Pova 8 5G (Terminal Green, 128 GB)",Tecno,29999,39999,25% off,4.3,54,21,6 GB RAM,128 GB ROM,8000 mAh Lithium Polymer Battery,Dimensity 7100 Processor,17.17 cm (6.76 inch) Full HD+ Display,50MP Rear Camera | 13MP Front Camera,,https://www.flipkart.com/tecno-pova-8-5g-terminal-green-128-gb/p/itm575d24d0ce5fc?pid=MOBHNR66ADRYQVQR&lid=LSTMOBHNR66ADRYQVQROOOGDI&marketplace=FLIPKART&q=smart+phones&store=tyy%2F4io&srno=s_35_838&otracker=search&fm=organic&iid=3e8cf035-71de-4e76-9130-85d69a8a6a68.MOBHNR66ADRYQVQR.SEARCH&ppt=None&ppn=None&ssid=xdqdty4c800000001790850108192&qH=a5594894156db043&ov_redirect=true,2026-10-01
839,"Tecno Pova 8 5G (16 Bit White, 128 GB)",Tecno,29999,39999,25% off,4.3,54,21,6 GB RAM,128 GB ROM,8000 mAh Lithium Polymer Battery,Dimensity 7100 Processor,17.17 cm (6.76 inch) Full HD+ Display,50MP Rear Camera | 13MP Front Camera,,https://www.flipkart.com/tecno-pova-8-5g-16-bit-white-128-gb/p/itm575d24d0ce5fc?pid=MOBHNR66ZZRFCWSY&lid=LSTMOBHNR66ZZRFCWSY4NBPYA&marketplace=FLIPKART&q=smart+phones&store=tyy%2F4io&srno=s_35_839&otracker=search&fm=organic&iid=3e8cf035-71de-4e76-9130-85d69a8a6a68.MOBHNR66ZZRFCWSY.SEARCH&ppt=None&ppn=None&ssid=xdqdty4c800000001790850108192&qH=a5594894156db043&ov_redirect=true,2026-10-01
840,"realme Narzo Power 5G (Titan Blue, 128 GB)",realme,28977,35999,19% off,4.3,109,10,8 GB RAM,128 GB ROM,10001 mAh Battery,,17.27 cm (6.8 inch) Display,50MP Rear Camera,,https://www.flipkart.com/realme-narzo-power-5g-titan-blue-128-gb/p/itmb7d628c2b23a9?pid=MOBHHGXKXMFAZHUQ&lid=LSTMOBHHGXKXMFAZHUQHUQZEZ&marketplace=FLIPKART&q=smart+phones&store=tyy%2F4io&srno=s_35_840&otracker=search&fm=organic&iid=3e8cf035-71de-4e76-9130-85d69a8a6a68.MOBHHGXKXMFAZHUQ.SEARCH&ppt=None&ppn=None&ssid=xdqdty4c800000001790850108192&qH=a5594894156db043&ov_redirect=true,2026-10-01
841,"Tecno Spark Go 3 (Titanium Grey, 64 GB)",Tecno,12499,15999,21% off,4.1,221,15,4 GB RAM,64 GB ROM,5000 mAh Lithium Polymer Battery,T7250 Processor,17.12 cm (6.74 inch) HD+ Display,13MP Rear Camera | 8MP Front Camera,,https://www.flipkart.com/tecno-spark-go-3-titanium-grey-64-gb/p/itma9c8f128a61c6?pid=MOBHP2QY7GH4XWWS&lid=LSTMOBHP2QY7GH4XWWSUZBT2N&marketplace=FLIPKART&q=smart+phones&store=tyy%2F4io&srno=s_36_841&otracker=search&fm=organic&iid=en_Y4jyNbZHGiKMtkzz2nCAwWwv_y1u07uFVKBjN42o1b6lnaivmYpFCftayNMJPhPYvdhgVIDAS43502YR2UC6WzzVjjVgBxhvbGO4C2Nu8sAep0XBQe2wgtfPAEHC6_fu&ppt=None&ppn=None&ssid=qdyd8pm8jk0000001790850110994&qH=a5594894156db043&ov_redirect=true,2026-10-01
842,"OnePlus 13s 5G (Green Silk, 256 GB)",OnePlus,57880,57999,,4.6,"2,160",209,12 GB RAM,256 GB ROM,5850 mAh Battery,,16.05 cm (6.32 inch) Display,50MP Rear Camera,,https://www.flipkart.com/oneplus-13s-5g-green-silk-256-gb/p/itmb6d10cf953b5d?pid=MOBHCTQTDPZH7ZYT&lid=LSTMOBHCTQTDPZH7ZYTQGTOYB&marketplace=FLIPKART&q=smart+phones&store=tyy%2F4io&srno=s_36_842&otracker=search&fm=organic&iid=aaaac98b-fc97-49f2-8638-e40174b1e830.MOBHCTQTDPZH7ZYT.SEARCH&ppt=None&ppn=None&ssid=qdyd8pm8jk0000001790850110994&qH=a5594894156db043&ov_redirect=true,2026-10-01
843,"REDMI Note-14 Pro 5G (Ivy Green, 256 GB)",REDMI,27374,30999,11% off,4.3,"1,250",97,8 GB RAM,256 GB ROM,5500 mAh Battery,Dimensity 7300 Ultra Processor,16.94 cm (6.67 inch) Display,50MP + 8MP + 2MP | 20MP Front Camera,,https://www.flipkart.com/redmi-note-14-pro-5g-ivy-green-256-gb/p/itm124f940049e20?pid=MOBH8BW3XZ6CMJBW&lid=LSTMOBH8BW3XZ6CMJBWB8MSBT&marketplace=FLIPKART&q=smart+phones&store=tyy%2F4io&srno=s_36_843&otracker=search&fm=organic&iid=aaaac98b-fc97-49f2-8638-e40174b1e830.MOBH8BW3XZ6CMJBW.SEARCH&ppt=None&ppn=None&ssid=qdyd8pm8jk0000001790850110994&qH=a5594894156db043&ov_redirect=true,2026-10-01
844,"Tecno Pova 8 5G (16 Bit White, 128 GB)",Tecno,29999,39999,25% off,4.3,54,21,6 GB RAM,128 GB ROM,8000 mAh Lithium Polymer Battery,Dimensity 7100 Processor,17.17 cm (6.76 inch) Full HD+ Display,50MP Rear Camera | 13MP Front Camera,,https://www.flipkart.com/tecno-pova-8-5g-16-bit-white-128-gb/p/itm575d24d0ce5fc?pid=MOBHNR66ZZRFCWSY&lid=LSTMOBHNR66ZZRFCWSY4NBPYA&marketplace=FLIPKART&q=smart+phones&store=tyy%2F4io&srno=s_36_844&otracker=search&fm=organic&iid=aaaac98b-fc97-49f2-8638-e40174b1e830.MOBHNR66ZZRFCWSY.SEARCH&ppt=None&ppn=None&ssid=qdyd8pm8jk0000001790850110994&qH=a5594894156db043&ov_redirect=true,2026-10-01
845,"Apple iPhone 18 Pro max (Glacier, 512 GB)",Apple,204900,,,4.8,87,17,,,,"A20 Pro chip, 6 Core Processor Processor",17.53 cm (6.9 inch) Super Retina XDR Display,48MP + 48MP + 48MP | 18MP Front Camera,,https://www.flipkart.com/apple-iphone-18-pro-max-glacier-512-gb/p/itmae2f6937bfaea?pid=MOBHQT5JZGAXG2TQ&lid=LSTMOBHQT5JZGAXG2TQ9IAIID&marketplace=FLIPKART&q=smart+phones&store=tyy%2F4io&srno=s_36_845&otracker=search&fm=organic&iid=aaaac98b-fc97-49f2-8638-e40174b1e830.MOBHQT5JZGAXG2TQ.SEARCH&ppt=None&ppn=None&ssid=qdyd8pm8jk0000001790850110994&qH=a5594894156db043&ov_redirect=true,2026-10-01
846,"realme 16 Pro 5G (Master Gold, 128 GB)",realme,44999,,,4.3,"2,828",290,8 GB RAM,128 GB ROM,7000 mAh Battery,Dimensity 7300 Max Processor,17.22 cm (6.78 inch) Full HD+ Display,200MP + 8MP | 50MP Front Camera,,https://www.flipkart.com/realme-16-pro-5g-master-gold-128-gb/p/itm0f32797c10002?pid=MOBHM8GZKUXTJYH5&lid=LSTMOBHM8GZKUXTJYH58XDL4H&marketplace=FLIPKART&q=smart+phones&store=tyy%2F4io&srno=s_36_846&otracker=search&fm=organic&iid=aaaac98b-fc97-49f2-8638-e40174b1e830.MOBHM8GZKUXTJYH5.SEARCH&ppt=None&ppn=None&ssid=qdyd8pm8jk0000001790850110994&qH=a5594894156db043&ov_redirect=true,2026-10-01
847,"realme 16 5G (Air White, 256 GB)",realme,44999,,,4,"1,018",113,8 GB RAM,256 GB ROM,7000 mAh Battery,Dimensity 6400 Turbo Processor,16.69 cm (6.57 inch) Full HD+ AMOLED Display,50MP + 2MP | 50MP Front Camera,,https://www.flipkart.com/realme-16-5g-air-white-256-gb/p/itm7b0c4cd95742b?pid=MOBHHM6T5AD4VYH5&lid=LSTMOBHHM6T5AD4VYH55L6VM5&marketplace=FLIPKART&q=smart+phones&store=tyy%2F4io&srno=s_36_847&otracker=search&fm=organic&iid=aaaac98b-fc97-49f2-8638-e40174b1e830.MOBHHM6T5AD4VYH5.SEARCH&ppt=None&ppn=None&ssid=qdyd8pm8jk0000001790850110994&qH=a5594894156db043&ov_redirect=true,2026-10-01
848,"Nothing Phone (4a) (Black, 256 GB)",Nothing,49999,62999,20% off,4.5,"6,723",728,8 GB RAM,256 GB ROM,5400 mAh Lithium ion Battery,Snapdragon 7s Gen 4 Processor,17.22 cm (6.78 inch) Full HD+ AMOLED Display,50MP + 50MP + 8MP | 32MP Front Camera,,https://www.flipkart.com/nothing-phone-4a-black-256-gb/p/itm4d8bff10483ce?pid=MOBHZAWYGYRAH4PY&lid=LSTMOBHZAWYGYRAH4PYFAOOC9&marketplace=FLIPKART&q=smart+phones&store=tyy%2F4io&srno=s_36_848&otracker=search&fm=organic&iid=aaaac98b-fc97-49f2-8638-e40174b1e830.MOBHZAWYGYRAH4PY.SEARCH&ppt=None&ppn=None&ssid=qdyd8pm8jk0000001790850110994&qH=a5594894156db043&ov_redirect=true,2026-10-01
849,"MOTOROLA Edge 70 Pro+ (Twill Inspired PANTONE Stormy sea (Green), 256 GB)",MOTOROLA,47999,84999,43% off,4.2,555,83,12 GB RAM,256 GB ROM,6500 mAh Silicon-Carbon Battery,Dimensity 8500 Extreme Processor,17.27 cm (6.8 inch) Full HD+ Super AMOLED Display,50MP + 50MP + 50MP | 50MP Front Camera,,https://www.flipkart.com/motorola-edge-70-pro-twill-inspired-pantone-stormy-sea-green-256-gb/p/itm79d34f83fb1e7?pid=MOBHHXQRYAYXMA86&lid=LSTMOBHHXQRYAYXMA86JVCHQB&marketplace=FLIPKART&q=smart+phones&store=tyy%2F4io&srno=s_36_849&otracker=search&fm=organic&iid=aaaac98b-fc97-49f2-8638-e40174b1e830.MOBHHXQRYAYXMA86.SEARCH&ppt=None&ppn=None&ssid=qdyd8pm8jk0000001790850110994&qH=a5594894156db043&ov_redirect=true,2026-10-01
850,"OPPO Reno14 5G (Forest Green, 256 GB)",OPPO,44999,,,4.5,"6,530",860,8 GB RAM,256 GB ROM,6000 mAh Battery,Dimensity 8350 Processor,16.74 cm (6.59 inch) Full HD+ Display,50MP + 8MP + 50MP | 50MP Front Camera,,https://www.flipkart.com/oppo-reno14-5g-forest-green-256-gb/p/itm4d9e853eee6cf?pid=MOBHDDQ95MNGEZSJ&lid=LSTMOBHDDQ95MNGEZSJGGWO5W&marketplace=FLIPKART&q=smart+phones&store=tyy%2F4io&srno=s_36_850&otracker=search&fm=organic&iid=aaaac98b-fc97-49f2-8638-e40174b1e830.MOBHDDQ95MNGEZSJ.SEARCH&ppt=None&ppn=None&ssid=qdyd8pm8jk0000001790850110994&qH=a5594894156db043&ov_redirect=true,2026-10-01
851,"OPPO Reno14 5G (Pearl White, 256 GB)",OPPO,44999,,,4.5,"6,530",860,8 GB RAM,256 GB ROM,6000 mAh Battery,Dimensity 8350 Processor,16.74 cm (6.59 inch) Display,50MP + 8MP + 50MP | 50MP Front Camera,,https://www.flipkart.com/oppo-reno14-5g-pearl-white-256-gb/p/itm4d9e853eee6cf?pid=MOBHDDQ9VFGH23ZW&lid=LSTMOBHDDQ9VFGH23ZWIXFHWS&marketplace=FLIPKART&q=smart+phones&store=tyy%2F4io&srno=s_36_851&otracker=search&fm=organic&iid=aaaac98b-fc97-49f2-8638-e40174b1e830.MOBHDDQ9VFGH23ZW.SEARCH&ppt=None&ppn=None&ssid=qdyd8pm8jk0000001790850110994&qH=a5594894156db043&ov_redirect=true,2026-10-01
852,"Samsung Galaxy S24 5G Snapdragon (Onyx Black, 128 GB)",Samsung,49999,74999,33% off,4.6,"57,469","4,582",8 GB RAM,128 GB ROM,4000 mAh Battery,8 Gen 3 Processor,15.75 cm (6.2 inch) Full HD+ Display,50MP + 12MP | 12MP Front Camera,,https://www.flipkart.com/samsung-galaxy-s24-5g-snapdragon-onyx-black-128-gb/p/itm3469a7107606f?pid=MOBHDVFKSSHPUYHB&lid=LSTMOBHDVFKSSHPUYHBXUF3VR&marketplace=FLIPKART&q=smart+phones&store=tyy%2F4io&srno=s_36_852&otracker=search&fm=organic&iid=aaaac98b-fc97-49f2-8638-e40174b1e830.MOBHDVFKSSHPUYHB.SEARCH&ppt=None&ppn=None&ssid=qdyd8pm8jk0000001790850110994&qH=a5594894156db043&ov_redirect=true,2026-10-01
853,"REDMI A7 Pro (Black, 64 GB)",REDMI,13995,26999,48% off,3.7,536,42,4 GB RAM,64 GB ROM,6300 mAh Lithium-Ion Battery,T7250 Processor,17.53 cm (6.9 inch) HD+ Display,13MP Rear Camera | 8MP Front Camera,,https://www.flipkart.com/redmi-a7-pro-black-64-gb/p/itmcf2e786ec3cbc?pid=MOBHN3M57ZZGZFVS&lid=LSTMOBHN3M57ZZGZFVSXXMGVX&marketplace=FLIPKART&q=smart+phones&store=tyy%2F4io&srno=s_36_853&otracker=search&fm=organic&iid=aaaac98b-fc97-49f2-8638-e40174b1e830.MOBHN3M57ZZGZFVS.SEARCH&ppt=None&ppn=None&ssid=qdyd8pm8jk0000001790850110994&qH=a5594894156db043&ov_redirect=true,2026-10-01
854,"REDMI Note 15 Pro+ 5G Special Edition Carbon Black 16GB RAM 512GB ROM (Carbon Black, 512 GB)",REDMI,49999,59999,16% off,5,4,1,16 GB RAM,512 GB ROM,6500 mAh Lithium-Ion Battery,7s Gen 4 Processor,17.35 cm (6.83 inch) Full HD+ AMOLED Display,200MP Rear Camera,,https://www.flipkart.com/redmi-note-15-pro-5g-special-carbon-black-16gb-ram-512gb-rom-carbon-black-512-gb/p/itmbbff4d12d3216?pid=MOBHPHU74JNPCVC7&lid=LSTMOBHPHU74JNPCVC7I4ZKST&marketplace=FLIPKART&q=smart+phones&store=tyy%2F4io&srno=s_36_854&otracker=search&fm=organic&iid=aaaac98b-fc97-49f2-8638-e40174b1e830.MOBHPHU74JNPCVC7.SEARCH&ppt=None&ppn=None&ssid=qdyd8pm8jk0000001790850110994&qH=a5594894156db043&ov_redirect=true,2026-10-01
855,"Samsung Galaxy A07 5G (Black, 128 GB)",Samsung,,,,3.9,122,14,4 GB RAM,128 GB ROM,6000 mAh Li-ion Battery,Dimensity 6300 Processor,43.51 cm (17.13 inch) HD+ Display,50MP + 2MP | 8MP Front Camera,,https://www.flipkart.com/samsung-galaxy-a07-5g-black-128-gb/p/itm375542879d8d6?pid=MOBHJXB275FJUHAG&q=smart+phones&store=tyy%2F4io&srno=s_36_855&otracker=search&fm=organic&iid=aaaac98b-fc97-49f2-8638-e40174b1e830.MOBHJXB275FJUHAG.SEARCH&ppt=None&ppn=None&ssid=qdyd8pm8jk0000001790850110994&qH=a5594894156db043&ov_redirect=true,2026-10-01
856,"realme P4R 5G (Lavender Glare, 256 GB)",realme,28999,44999,35% off,4.3,"5,270",431,6 GB RAM,256 GB ROM,8000 mAh Lithium-ion polymer Battery,Dimensity 6300 Processor,17.27 cm (6.8 inch) HD+ Display,50MP Rear Camera | 8MP Front Camera,,https://www.flipkart.com/realme-p4r-5g-lavender-glare-256-gb/p/itmb42ae388c1ef6?pid=MOBHMYR3M5QYWBGD&lid=LSTMOBHMYR3M5QYWBGD8UMFRW&marketplace=FLIPKART&q=smart+phones&store=tyy%2F4io&srno=s_36_856&otracker=search&fm=organic&iid=aaaac98b-fc97-49f2-8638-e40174b1e830.MOBHMYR3M5QYWBGD.SEARCH&ppt=None&ppn=None&ssid=qdyd8pm8jk0000001790850110994&qH=a5594894156db043&ov_redirect=true,2026-10-01
857,"Samsung Galaxy F36 5G (Violet, 128 GB)",Samsung,20999,22999,8% off,4.3,"12,813","1,138",6 GB RAM,128 GB ROM,5000 mAh Battery,Samsung Exynos 1380 Processor,17.02 cm (6.7 inch) Full HD+ Display,50MP + 8MP + 2MP | 13MP Front Camera,,https://www.flipkart.com/samsung-galaxy-f36-5g-violet-128-gb/p/itm85ca200fd55e9?pid=MOBHDFVTH22ZAZXZ&lid=LSTMOBHDFVTH22ZAZXZR8W3S5&marketplace=FLIPKART&q=smart+phones&store=tyy%2F4io&srno=s_36_857&otracker=search&fm=organic&iid=aaaac98b-fc97-49f2-8638-e40174b1e830.MOBHDFVTH22ZAZXZ.SEARCH&ppt=None&ppn=None&ssid=qdyd8pm8jk0000001790850110994&qH=a5594894156db043&ov_redirect=true,2026-10-01
858,"OnePlus 13s 5G (Black Velvet, 512 GB)",OnePlus,61349,62999,2% off,4.6,"2,160",209,12 GB RAM,512 GB ROM,5850 mAh Battery,,16.05 cm (6.32 inch) Display,50MP Rear Camera,,https://www.flipkart.com/oneplus-13s-5g-black-velvet-512-gb/p/itmb6d10cf953b5d?pid=MOBHCTQTGYXAYZXH&lid=LSTMOBHCTQTGYXAYZXHZMAMNF&marketplace=FLIPKART&q=smart+phones&store=tyy%2F4io&srno=s_36_858&otracker=search&fm=organic&iid=aaaac98b-fc97-49f2-8638-e40174b1e830.MOBHCTQTGYXAYZXH.SEARCH&ppt=None&ppn=None&ssid=qdyd8pm8jk0000001790850110994&qH=a5594894156db043&ov_redirect=true,2026-10-01
859,"REDMI Note-14 Pro 5G (Phantom Purple, 256 GB)",REDMI,30990,30999,,4.3,"1,250",97,8 GB RAM,256 GB ROM,5500 mAh Battery,Dimensity 7300 Ultra Processor,16.94 cm (6.67 inch) Display,50MP + 8MP + 2MP | 20MP Front Camera,,https://www.flipkart.com/redmi-note-14-pro-5g-phantom-purple-256-gb/p/itm124f940049e20?pid=MOBH8BW3AGGHVKRR&lid=LSTMOBH8BW3AGGHVKRR4E16WT&marketplace=FLIPKART&q=smart+phones&store=tyy%2F4io&srno=s_36_859&otracker=search&fm=organic&iid=aaaac98b-fc97-49f2-8638-e40174b1e830.MOBH8BW3AGGHVKRR.SEARCH&ppt=None&ppn=None&ssid=qdyd8pm8jk0000001790850110994&qH=a5594894156db043&ov_redirect=true,2026-10-01
860,"realme 16 Pro 5G (Master Gold, 256 GB)",realme,46999,,,4.3,"2,828",290,8 GB RAM,256 GB ROM,7000 mAh Battery,Dimensity 7300 Max Processor,17.22 cm (6.78 inch) Full HD+ Display,200MP + 8MP | 50MP Front Camera,,https://www.flipkart.com/realme-16-pro-5g-master-gold-256-gb/p/itm0f32797c10002?pid=MOBHM8GZWJHDBRFQ&lid=LSTMOBHM8GZWJHDBRFQDIN4E2&marketplace=FLIPKART&q=smart+phones&store=tyy%2F4io&srno=s_36_860&otracker=search&fm=organic&iid=aaaac98b-fc97-49f2-8638-e40174b1e830.MOBHM8GZWJHDBRFQ.SEARCH&ppt=None&ppn=None&ssid=qdyd8pm8jk0000001790850110994&qH=a5594894156db043&ov_redirect=true,2026-10-01
861,"realme 16 Pro 5G (Pebble Grey, 256 GB)",realme,46999,,,4.3,"2,828",290,8 GB RAM,256 GB ROM,7000 mAh Battery,Dimensity 7300 Max Processor,17.22 cm (6.78 inch) Full HD+ Display,200MP + 8MP | 50MP Front Camera,,https://www.flipkart.com/realme-16-pro-5g-pebble-grey-256-gb/p/itm0f32797c10002?pid=MOBHM8GZTJAC9GUM&lid=LSTMOBHM8GZTJAC9GUMUL0QCU&marketplace=FLIPKART&q=smart+phones&store=tyy%2F4io&srno=s_36_861&otracker=search&fm=organic&iid=aaaac98b-fc97-49f2-8638-e40174b1e830.MOBHM8GZTJAC9GUM.SEARCH&ppt=None&ppn=None&ssid=qdyd8pm8jk0000001790850110994&qH=a5594894156db043&ov_redirect=true,2026-10-01
862,"realme 16 Pro 5G (Pebble Grey, 256 GB)",realme,49999,,,4.4,876,85,12 GB RAM,256 GB ROM,7000 mAh Battery,Dimensity 7300 Max Processor,17.22 cm (6.78 inch) Full HD+ Display,200MP + 8MP | 50MP Front Camera,,https://www.flipkart.com/realme-16-pro-5g-pebble-grey-256-gb/p/itm0f32797c10002?pid=MOBHM8GZHSAGJEVG&lid=LSTMOBHM8GZHSAGJEVGNOVZTO&marketplace=FLIPKART&q=smart+phones&store=tyy%2F4io&srno=s_36_862&otracker=search&fm=organic&iid=aaaac98b-fc97-49f2-8638-e40174b1e830.MOBHM8GZHSAGJEVG.SEARCH&ppt=None&ppn=None&ssid=qdyd8pm8jk0000001790850110994&qH=a5594894156db043&ov_redirect=true,2026-10-01
863,"Samsung Galaxy A55 5G (Awesome Iceblue, 256 GB)",Samsung,47999,48999,2% off,4.3,849,60,12 GB RAM,256 GB ROM,5000 mAh Battery,Exynos 1480 Processor,16.76 cm (6.6 inch) Full HD+ Display,50MP + 12MP + 5MP | 32MP Front Camera,,https://www.flipkart.com/samsung-galaxy-a55-5g-awesome-iceblue-256-gb/p/itm9d66e3d4ee04f?pid=MOBGYT2H76JPBMXB&lid=LSTMOBGYT2H76JPBMXBECDJDR&marketplace=FLIPKART&q=smart+phones&store=tyy%2F4io&srno=s_36_863&otracker=search&fm=organic&iid=aaaac98b-fc97-49f2-8638-e40174b1e830.MOBGYT2H76JPBMXB.SEARCH&ppt=None&ppn=None&ssid=qdyd8pm8jk0000001790850110994&qH=a5594894156db043&ov_redirect=true,2026-10-01
864,"Ai+ Nova 2 Neo 5G (rogue red, 64 GB)",Ai+,14999,17999,16% off,4.3,"2,357",205,4 GB RAM,64 GB ROM,6000 mAh Li-polymer Battery,Dimensity 6300 Processor,17.13 cm (6.745 inch) HD+ Display,48MP Rear Camera | 8MP Front Camera,,https://www.flipkart.com/ai-nova-2-neo-5g-rogue-red-64-gb/p/itm37411a4016af8?pid=MOBHZGHF2FZ2NHMV&lid=LSTMOBHZGHF2FZ2NHMVFAZS5Z&marketplace=FLIPKART&q=smart+phones&store=tyy%2F4io&srno=s_36_864&otracker=search&fm=organic&iid=aaaac98b-fc97-49f2-8638-e40174b1e830.MOBHZGHF2FZ2NHMV.SEARCH&ppt=None&ppn=None&ssid=qdyd8pm8jk0000001790850110994&qH=a5594894156db043&ov_redirect=true,2026-10-01
865,"Samsung M47 5G (Rogue Red, 128 GB)",Samsung,29490,37999,22% off,4.1,118,18,6 GB RAM,128 GB ROM,6000 mAh Battery,,16.94 cm (6.67 inch) Display,50MP Rear Camera,,https://www.flipkart.com/samsung-m47-5g-rogue-red-128-gb/p/itmab3bf5b70cbf3?pid=MOBHZW9QS3P9H8MU&lid=LSTMOBHZW9QS3P9H8MUM35LUR&marketplace=FLIPKART&q=smart+phones&store=tyy%2F4io&srno=s_37_865&otracker=search&fm=organic&iid=a6cbb4c6-0c25-4625-a72d-a5b6ac4c7122.MOBHZW9QS3P9H8MU.SEARCH&ppt=None&ppn=None&ssid=a6gnsq6abk0000001790850113882&qH=a5594894156db043&ov_redirect=true,2026-10-01
866,"REDMI Note 14 SE 5G (Titan Black, 128 GB)",REDMI,19995,19999,,4.2,"31,192","2,066",6 GB RAM,128 GB ROM,5110 mAh Battery,Dimensity 7025 Ultra Processor,16.94 cm (6.67 inch) Full HD+ Display,50MP + 8MP + 2MP | 20MP Front Camera,,https://www.flipkart.com/redmi-note-14-se-5g-titan-black-128-gb/p/itmbbe0bfdee707d?pid=MOBHE48SMK9RUZHQ&lid=LSTMOBHE48SMK9RUZHQEJUO1P&marketplace=FLIPKART&q=smart+phones&store=tyy%2F4io&srno=s_37_866&otracker=search&fm=organic&iid=a6cbb4c6-0c25-4625-a72d-a5b6ac4c7122.MOBHE48SMK9RUZHQ.SEARCH&ppt=None&ppn=None&ssid=a6gnsq6abk0000001790850113882&qH=a5594894156db043&ov_redirect=true,2026-10-01
867,"Tecno Spark Go 3 (Titanium Grey, 64 GB)",Tecno,12499,15999,21% off,4.1,221,15,4 GB RAM,64 GB ROM,5000 mAh Lithium Polymer Battery,T7250 Processor,17.12 cm (6.74 inch) HD+ Display,13MP Rear Camera | 8MP Front Camera,,https://www.flipkart.com/tecno-spark-go-3-titanium-grey-64-gb/p/itma9c8f128a61c6?pid=MOBHP2QY7GH4XWWS&lid=LSTMOBHP2QY7GH4XWWSUZBT2N&marketplace=FLIPKART&q=smart+phones&store=tyy%2F4io&srno=s_37_867&otracker=search&fm=organic&iid=en_jmp5EQuMBkJpiNQPnPkfBpIXAazoXb3ZwO7ULFrUhbxXA_wg_MQyECIXKyuibpZWvdhgVIDAS43502YR2UC6WzzVjjVgBxhvbGO4C2Nu8sB3PJhiwUtxrQcRnueRoRlX&ppt=None&ppn=None&ssid=a6gnsq6abk0000001790850113882&qH=a5594894156db043&ov_redirect=true,2026-10-01
868,"Tecno Spark Go 3 (Ink Black, 64 GB)",Tecno,12499,15999,21% off,4.1,221,15,4 GB RAM,64 GB ROM,5000 mAh Lithium Polymer Battery,T7250 Processor,17.12 cm (6.74 inch) HD+ Display,13MP Rear Camera | 8MP Front Camera,,https://www.flipkart.com/tecno-spark-go-3-ink-black-64-gb/p/itma9c8f128a61c6?pid=MOBHP2QYCXZZE3CM&lid=LSTMOBHP2QYCXZZE3CMWW64IB&marketplace=FLIPKART&q=smart+phones&store=tyy%2F4io&srno=s_37_868&otracker=search&fm=organic&iid=en_jmp5EQuMBkJpiNQPnPkfBpIXAazoXb3ZwO7ULFrUhbzhUcpnzGdWHm7ZniVHF8QNXSTZgtzvjftyjvmwmzsaRgiCj5dWzPgr1ZNpuYyjSmh3PJhiwUtxrQcRnueRoRlX&ppt=None&ppn=None&ssid=a6gnsq6abk0000001790850113882&qH=a5594894156db043&ov_redirect=true,2026-10-01
869,"realme P4R 5G (Silver Glare, 64 GB)",realme,20999,32999,36% off,4.2,"2,673",234,4 GB RAM,64 GB ROM,8000 mAh Lithium-ion polymer Battery,Dimensity 6300 Processor,17.27 cm (6.8 inch) HD+ Display,50MP Rear Camera | 8MP Front Camera,,https://www.flipkart.com/realme-p4r-5g-silver-glare-64-gb/p/itmb42ae388c1ef6?pid=MOBHP2V864KVEWSG&lid=LSTMOBHP2V864KVEWSG9LSWEC&marketplace=FLIPKART&q=smart+phones&store=tyy%2F4io&srno=s_37_869&otracker=search&fm=organic&iid=a6cbb4c6-0c25-4625-a72d-a5b6ac4c7122.MOBHP2V864KVEWSG.SEARCH&ppt=None&ppn=None&ssid=a6gnsq6abk0000001790850113882&qH=a5594894156db043&ov_redirect=true,2026-10-01
870,"REDMI 15A (Ace Black, 128 GB)",REDMI,18499,28999,36% off,3.8,803,71,4 GB RAM,128 GB ROM,6300 mAh Lithium-Ion Polymer Battery,T8300 Processor,17.53 cm (6.9 inch) Display,32MP Rear Camera | 8MP Front Camera,,https://www.flipkart.com/redmi-15a-ace-black-128-gb/p/itmff2a2b898d0cf?pid=MOBHPDZD79WTP7JA&lid=LSTMOBHPDZD79WTP7JAYZFCWJ&marketplace=FLIPKART&q=smart+phones&store=tyy%2F4io&srno=s_37_870&otracker=search&fm=organic&iid=a6cbb4c6-0c25-4625-a72d-a5b6ac4c7122.MOBHPDZD79WTP7JA.SEARCH&ppt=None&ppn=None&ssid=a6gnsq6abk0000001790850113882&qH=a5594894156db043&ov_redirect=true,2026-10-01
871,"Nothing Phone (4b) (Blue, 128 GB)",Nothing,39999,54999,27% off,4.3,"1,833",178,8 GB RAM,128 GB ROM,6000 mAh Lithium ion Battery,6 Gen 4 Processor,17.2 cm (6.77 inch) Full HD+ AMOLED Display,50MP + 8MP | 16MP Front Camera,,https://www.flipkart.com/nothing-phone-4b-blue-128-gb/p/itm939608b40adbb?pid=MOBHZMBD9WNP9HHB&lid=LSTMOBHZMBD9WNP9HHBUJTCGV&marketplace=FLIPKART&q=smart+phones&store=tyy%2F4io&srno=s_37_871&otracker=search&fm=organic&iid=a6cbb4c6-0c25-4625-a72d-a5b6ac4c7122.MOBHZMBD9WNP9HHB.SEARCH&ppt=None&ppn=None&ssid=a6gnsq6abk0000001790850113882&qH=a5594894156db043&ov_redirect=true,2026-10-01
872,"OPPO F27 Pro+ (Dusk Pink, 128 GB)",OPPO,31995,32999,3% off,4.3,"13,633",748,8 GB RAM,128 GB ROM,5000 mAh Battery,Dimensity 7050 Processor,17.02 cm (6.7 inch) Full HD+ Display,64MP + 2MP | 8MP Front Camera,,https://www.flipkart.com/oppo-f27-pro-dusk-pink-128-gb/p/itm5235c3c836cc9?pid=MOBHF3DJ3JGU7T7P&lid=LSTMOBHF3DJ3JGU7T7P2EOZTQ&marketplace=FLIPKART&q=smart+phones&store=tyy%2F4io&srno=s_37_872&otracker=search&fm=organic&iid=a6cbb4c6-0c25-4625-a72d-a5b6ac4c7122.MOBHF3DJ3JGU7T7P.SEARCH&ppt=None&ppn=None&ssid=a6gnsq6abk0000001790850113882&qH=a5594894156db043&ov_redirect=true,2026-10-01
873,"BOLTT EVO (Sky Blue, 128 GB)",BOLTT,11499,18999,39% off,4,"1,804",873,6 GB RAM,128 GB ROM,6000 mAh Lithium ion Battery,T7250 Processor,6.79'' HD+ punch hole display,50MP + 2MP | 8MP Front Camera,,https://www.flipkart.com/boltt-evo-sky-blue-128-gb/p/itmf046d663a1fd7?pid=MOBHPP59ME6SPCZW&lid=LSTMOBHPP59ME6SPCZWUW9RP3&marketplace=FLIPKART&q=smart+phones&store=tyy%2F4io&srno=s_37_873&otracker=search&fm=organic&iid=a6cbb4c6-0c25-4625-a72d-a5b6ac4c7122.MOBHPP59ME6SPCZW.SEARCH&ppt=None&ppn=None&ssid=a6gnsq6abk0000001790850113882&qH=a5594894156db043&ov_redirect=true,2026-10-01
874,"Infinix NOTE 60 Pro (Deep Ocean Blue, 256 GB)",Infinix,39999,44999,11% off,4.4,"1,746",281,8 GB RAM,256 GB ROM,6500 mAh Battery,Snapdragon 7s Gen 4 Processor,17.22 cm (6.78 inch) Full HD+ AMOLED Display,50MP + 8MP | 13MP Front Camera,,https://www.flipkart.com/infinix-note-60-pro-deep-ocean-blue-256-gb/p/itm7681d00923b3c?pid=MOBHHVE2RZYGHRP5&lid=LSTMOBHHVE2RZYGHRP5ICD1PS&marketplace=FLIPKART&q=smart+phones&store=tyy%2F4io&srno=s_37_874&otracker=search&fm=organic&iid=a6cbb4c6-0c25-4625-a72d-a5b6ac4c7122.MOBHHVE2RZYGHRP5.SEARCH&ppt=None&ppn=None&ssid=a6gnsq6abk0000001790850113882&qH=a5594894156db043&ov_redirect=true,2026-10-01
875,"Tecno Spark 50 5G (Champagne Gold, 128 GB)",Tecno,21499,31999,32% off,4,128,16,6 GB RAM,128 GB ROM,6500 mAh Lithium Polymer Battery,Dimensity 6400 Processor,17.22 cm (6.78 inch) Display,50MP Rear Camera | 8MP Front Camera,,https://www.flipkart.com/tecno-spark-50-5g-champagne-gold-128-gb/p/itmb3923bf4ff9a6?pid=MOBHHH5T8CKZF98F&lid=LSTMOBHHH5T8CKZF98FNJ6ME0&marketplace=FLIPKART&q=smart+phones&store=tyy%2F4io&srno=s_37_875&otracker=search&fm=organic&iid=a6cbb4c6-0c25-4625-a72d-a5b6ac4c7122.MOBHHH5T8CKZF98F.SEARCH&ppt=None&ppn=None&ssid=a6gnsq6abk0000001790850113882&qH=a5594894156db043&ov_redirect=true,2026-10-01
876,"REDMI 14C 5G (Stargaze Black, 128 GB)",REDMI,14462,14999,3% off,4.2,"11,591",672,6 GB RAM,128 GB ROM,5160 mAh Battery,4 Gen 2 5G Processor,17.48 cm (6.88 inch) HD+ Display,50MP Rear Camera | 8MP Front Camera,5G,https://www.flipkart.com/redmi-14c-5g-stargaze-black-128-gb/p/itm894f38e58ee53?pid=MOBH92ADVQY5DX3H&lid=LSTMOBH92ADVQY5DX3HFUBJOX&marketplace=FLIPKART&q=smart+phones&store=tyy%2F4io&srno=s_37_876&otracker=search&fm=organic&iid=a6cbb4c6-0c25-4625-a72d-a5b6ac4c7122.MOBH92ADVQY5DX3H.SEARCH&ppt=None&ppn=None&ssid=a6gnsq6abk0000001790850113882&qH=a5594894156db043&ov_redirect=true,2026-10-01
877,"IQOO 15R 5G (Triumph Silver, 512 GB)",IQOO,69990,87999,20% off,4.6,279,32,12 GB RAM,512 GB ROM,7600 mAh Battery,,16.74 cm (6.59 inch) Display,50MP Rear Camera,,https://www.flipkart.com/iqoo-15r-5g-triumph-silver-512-gb/p/itm7bc8aee18f590?pid=MOBHHY4HUDPZZPFT&lid=LSTMOBHHY4HUDPZZPFTN3SUEP&marketplace=FLIPKART&q=smart+phones&store=tyy%2F4io&srno=s_37_877&otracker=search&fm=organic&iid=a6cbb4c6-0c25-4625-a72d-a5b6ac4c7122.MOBHHY4HUDPZZPFT.SEARCH&ppt=None&ppn=None&ssid=a6gnsq6abk0000001790850113882&qH=a5594894156db043&ov_redirect=true,2026-10-01
878,"REDMI Note 15 SE 5G Snapdragon (Frosted White, 128 GB)",REDMI,27999,35999,22% off,4.3,"3,431",328,8 GB RAM,128 GB ROM,5800 mAh Lithium-Ion Polymer Battery,Snapdragon 6 Gen 3 Processor,17.2 cm (6.77 inch) Full HD+ AMOLED Display,50MP Rear Camera | 20MP Front Camera,,https://www.flipkart.com/redmi-note-15-se-5g-snapdragon-frosted-white-128-gb/p/itm73244c88e9b6c?pid=MOBHN52FBUDPFNXC&lid=LSTMOBHN52FBUDPFNXCEDAEKC&marketplace=FLIPKART&q=smart+phones&store=tyy%2F4io&srno=s_37_878&otracker=search&fm=organic&iid=a6cbb4c6-0c25-4625-a72d-a5b6ac4c7122.MOBHN52FBUDPFNXC.SEARCH&ppt=None&ppn=None&ssid=a6gnsq6abk0000001790850113882&qH=a5594894156db043&ov_redirect=true,2026-10-01
879,"realme P4R 5G (Silver Glare, 256 GB)",realme,28999,44999,35% off,4.3,"5,270",431,6 GB RAM,256 GB ROM,8000 mAh Lithium-ion polymer Battery,Dimensity 6300 Processor,17.27 cm (6.8 inch) HD+ Display,50MP Rear Camera | 8MP Front Camera,,https://www.flipkart.com/realme-p4r-5g-silver-glare-256-gb/p/itmb42ae388c1ef6?pid=MOBHMYR3NGRA6CGK&lid=LSTMOBHMYR3NGRA6CGKJWYZVO&marketplace=FLIPKART&q=smart+phones&store=tyy%2F4io&srno=s_37_879&otracker=search&fm=organic&iid=a6cbb4c6-0c25-4625-a72d-a5b6ac4c7122.MOBHMYR3NGRA6CGK.SEARCH&ppt=None&ppn=None&ssid=a6gnsq6abk0000001790850113882&qH=a5594894156db043&ov_redirect=true,2026-10-01
880,"IQOO Neo 10 (Asphalt Black, 256 GB)",IQOO,45980,45999,,4.5,"2,073",200,8 GB RAM,256 GB ROM,7000 mAh Battery,Qualcomm Processor,17.22 cm (6.78 inch) Full HD+ E3 Super AMOLED Display,50MP + 50MP + 8MP | 32MP + 32MP Dual Front Camera,,https://www.flipkart.com/iqoo-neo-10-asphalt-black-256-gb/p/itm4faf25d0485ec?pid=MOBHN64JA8WE4QQC&lid=LSTMOBHN64JA8WE4QQC8SPF2L&marketplace=FLIPKART&q=smart+phones&store=tyy%2F4io&srno=s_37_880&otracker=search&fm=organic&iid=a6cbb4c6-0c25-4625-a72d-a5b6ac4c7122.MOBHN64JA8WE4QQC.SEARCH&ppt=None&ppn=None&ssid=a6gnsq6abk0000001790850113882&qH=a5594894156db043&ov_redirect=true,2026-10-01
881,"REDMI 14C 5G (Stardust Purple, 128 GB)",REDMI,14462,14999,3% off,4.2,"11,591",672,6 GB RAM,128 GB ROM,5160 mAh Battery,4 Gen 2 5G Processor,17.48 cm (6.88 inch) HD+ Display,50MP Rear Camera | 8MP Front Camera,5G,https://www.flipkart.com/redmi-14c-5g-stardust-purple-128-gb/p/itm894f38e58ee53?pid=MOBH92ADNGRGMWZU&lid=LSTMOBH92ADNGRGMWZUUZ2P0E&marketplace=FLIPKART&q=smart+phones&store=tyy%2F4io&srno=s_37_881&otracker=search&fm=organic&iid=a6cbb4c6-0c25-4625-a72d-a5b6ac4c7122.MOBH92ADNGRGMWZU.SEARCH&ppt=None&ppn=None&ssid=a6gnsq6abk0000001790850113882&qH=a5594894156db043&ov_redirect=true,2026-10-01
882,"REDMI 14C 5G (Stardust Purple, 128 GB)",REDMI,14462,14999,3% off,4.2,"11,591",672,6 GB RAM,128 GB ROM,5160 mAh Battery,4 Gen 2 5G Processor,17.48 cm (6.88 inch) HD+ Display,50MP Rear Camera | 8MP Front Camera,5G,https://www.flipkart.com/redmi-14c-5g-stardust-purple-128-gb/p/itm894f38e58ee53?pid=MOBH7VY5TU7UHKVE&lid=LSTMOBH7VY5TU7UHKVERGKHBH&marketplace=FLIPKART&q=smart+phones&store=tyy%2F4io&srno=s_37_882&otracker=search&fm=organic&iid=a6cbb4c6-0c25-4625-a72d-a5b6ac4c7122.MOBH7VY5TU7UHKVE.SEARCH&ppt=None&ppn=None&ssid=a6gnsq6abk0000001790850113882&qH=a5594894156db043&ov_redirect=true,2026-10-01
883,"OPPO K13 5G with 7000mAh and 80W SUPERVOOC Charger In-The-Box (Prism Black, 256 GB)",OPPO,24999,,,4.4,"76,410","6,234",8 GB RAM,256 GB ROM,7000 mAh Battery,Snapdragon 6 Gen 4 Processor,16.94 cm (6.67 inch) Full HD+ Display,50MP + 2MP | 16MP Front Camera,,https://www.flipkart.com/oppo-k13-5g-7000mah-80w-supervooc-charger-in-the-box-prism-black-256-gb/p/itm6f2ebf6d205cf?pid=MOBHB392YSQECZJG&lid=LSTMOBHB392YSQECZJGTDQP4J&marketplace=FLIPKART&q=smart+phones&store=tyy%2F4io&srno=s_37_883&otracker=search&fm=organic&iid=a6cbb4c6-0c25-4625-a72d-a5b6ac4c7122.MOBHB392YSQECZJG.SEARCH&ppt=None&ppn=None&ssid=a6gnsq6abk0000001790850113882&qH=a5594894156db043&ov_redirect=true,2026-10-01
884,"Samsung Galaxy F36 5G (Black, 128 GB)",Samsung,22999,24499,6% off,4.2,"7,244",634,8 GB RAM,128 GB ROM,5000 mAh Battery,Samsung Exynos 1380 Processor,17.02 cm (6.7 inch) Full HD+ Display,50MP + 8MP + 2MP | 13MP Front Camera,,https://www.flipkart.com/samsung-galaxy-f36-5g-black-128-gb/p/itmdb947dbfafb72?pid=MOBHDFVTMYJDJ8YS&lid=LSTMOBHDFVTMYJDJ8YSOKLDXC&marketplace=FLIPKART&q=smart+phones&store=tyy%2F4io&srno=s_37_884&otracker=search&fm=organic&iid=a6cbb4c6-0c25-4625-a72d-a5b6ac4c7122.MOBHDFVTMYJDJ8YS.SEARCH&ppt=None&ppn=None&ssid=a6gnsq6abk0000001790850113882&qH=a5594894156db043&ov_redirect=true,2026-10-01
885,"Infinix HOT 60i 5G (Plum Red, 128 GB)",Infinix,17499,24999,30% off,4.3,"1,588",148,4 GB RAM,128 GB ROM,6000 mAh Battery,Dimensity 6400 Processor,17.14 cm (6.75 inch) HD+ Display,50MP Rear Camera | 5MP Front Camera,,https://www.flipkart.com/infinix-hot-60i-5g-plum-red-128-gb/p/itm1cb6bf875f6e0?pid=MOBHERZEBTBE6KDK&lid=LSTMOBHERZEBTBE6KDKNJ5RAI&marketplace=FLIPKART&q=smart+phones&store=tyy%2F4io&srno=s_37_885&otracker=search&fm=organic&iid=a6cbb4c6-0c25-4625-a72d-a5b6ac4c7122.MOBHERZEBTBE6KDK.SEARCH&ppt=None&ppn=None&ssid=a6gnsq6abk0000001790850113882&qH=a5594894156db043&ov_redirect=true,2026-10-01
886,"Samsung Galaxy F36 5G (Black, 256 GB)",Samsung,26999,29999,10% off,4.2,"7,244",634,8 GB RAM,256 GB ROM,5000 mAh Battery,Samsung Exynos 1380 Processor,17.02 cm (6.7 inch) Full HD+ Display,50MP + 8MP + 2MP | 13MP Front Camera,,https://www.flipkart.com/samsung-galaxy-f36-5g-black-256-gb/p/itma2c19580a816d?pid=MOBHDFVTUZD7AKRA&lid=LSTMOBHDFVTUZD7AKRADJWYUS&marketplace=FLIPKART&q=smart+phones&store=tyy%2F4io&srno=s_37_886&otracker=search&fm=organic&iid=a6cbb4c6-0c25-4625-a72d-a5b6ac4c7122.MOBHDFVTUZD7AKRA.SEARCH&ppt=None&ppn=None&ssid=a6gnsq6abk0000001790850113882&qH=a5594894156db043&ov_redirect=true,2026-10-01
887,"realme Narzo 80 Lite 5G (Crystal Purple, 128 GB)",realme,22990,29999,23% off,4.3,"8,944",488,6 GB RAM,128 GB ROM,6000 mAh Battery,,16.94 cm (6.67 inch) Display,32MP Rear Camera,,https://www.flipkart.com/realme-narzo-80-lite-5g-crystal-purple-128-gb/p/itm47ab7fdec3924?pid=MOBHDEYWSGWXMGDK&lid=LSTMOBHDEYWSGWXMGDKEZ4M6K&marketplace=FLIPKART&q=smart+phones&store=tyy%2F4io&srno=s_37_887&otracker=search&fm=organic&iid=a6cbb4c6-0c25-4625-a72d-a5b6ac4c7122.MOBHDEYWSGWXMGDK.SEARCH&ppt=None&ppn=None&ssid=a6gnsq6abk0000001790850113882&qH=a5594894156db043&ov_redirect=true,2026-10-01
888,"IQOO Neo 10 (Titanium Chrome, 128 GB)",IQOO,46955,48990,4% off,4.5,"2,073",200,8 GB RAM,128 GB ROM,7000 mAh Battery,Qualcomm Processor,17.22 cm (6.78 inch) Full HD+ E3 Super AMOLED Display,50MP + 50MP + 8MP | 32MP + 32MP Dual Front Camera,,https://www.flipkart.com/iqoo-neo-10-titanium-chrome-128-gb/p/itm4faf25d0485ec?pid=MOBHCGTZXBK8HH5N&lid=LSTMOBHCGTZXBK8HH5NMTEWRL&marketplace=FLIPKART&q=smart+phones&store=tyy%2F4io&srno=s_37_888&otracker=search&fm=organic&iid=a6cbb4c6-0c25-4625-a72d-a5b6ac4c7122.MOBHCGTZXBK8HH5N.SEARCH&ppt=None&ppn=None&ssid=a6gnsq6abk0000001790850113882&qH=a5594894156db043&ov_redirect=true,2026-10-01
889,"MOTOROLA Signature (PANTONE Carbon, 1 TB)",MOTOROLA,69999,84999,17% off,4.5,"1,270",231,16 GB RAM,1 TB ROM,5200 mAh Battery,Snapdragon 8 Gen 5 Processor,17.27 cm (6.8 inch) Super HD Display,50MP + 50MP + 50MP | 50MP Front Camera,,https://www.flipkart.com/motorola-signature-pantone-carbon-1-tb/p/itmf01b143b8663d?pid=MOBHGVJYGJYGSV8X&lid=LSTMOBHGVJYGJYGSV8XC1KZDR&marketplace=FLIPKART&q=smart+phones&store=tyy%2F4io&srno=s_38_889&otracker=search&fm=organic&iid=82b5a2f7-4dc7-43df-8538-b7fd29a867d6.MOBHGVJYGJYGSV8X.SEARCH&ppt=None&ppn=None&ssid=22wlgs0acw0000001790850116780&qH=a5594894156db043&ov_redirect=true,2026-10-01
890,"Samsung Galaxy F36 5G (Black, 128 GB)",Samsung,22999,24499,6% off,4.2,"7,244",634,8 GB RAM,128 GB ROM,5000 mAh Battery,Samsung Exynos 1380 Processor,17.02 cm (6.7 inch) Full HD+ Display,50MP + 8MP + 2MP | 13MP Front Camera,,https://www.flipkart.com/samsung-galaxy-f36-5g-black-128-gb/p/itmdb947dbfafb72?pid=MOBHDFVTMYJDJ8YS&lid=LSTMOBHDFVTMYJDJ8YSOKLDXC&marketplace=FLIPKART&q=smart+phones&store=tyy%2F4io&srno=s_38_890&otracker=search&fm=organic&iid=82b5a2f7-4dc7-43df-8538-b7fd29a867d6.MOBHDFVTMYJDJ8YS.SEARCH&ppt=None&ppn=None&ssid=22wlgs0acw0000001790850116780&qH=a5594894156db043&ov_redirect=true,2026-10-01
891,"Tecno Spark Go 3 (Titanium Grey, 64 GB)",Tecno,12499,15999,21% off,4.1,221,15,4 GB RAM,64 GB ROM,5000 mAh Lithium Polymer Battery,T7250 Processor,17.12 cm (6.74 inch) HD+ Display,13MP Rear Camera | 8MP Front Camera,,https://www.flipkart.com/tecno-spark-go-3-titanium-grey-64-gb/p/itma9c8f128a61c6?pid=MOBHP2QY7GH4XWWS&lid=LSTMOBHP2QY7GH4XWWSUZBT2N&marketplace=FLIPKART&q=smart+phones&store=tyy%2F4io&srno=s_38_891&otracker=search&fm=organic&iid=en_vgFR_wMAp7fXbSsMIS2-B3GqZPhmaxOMMD41vWlehCn_jLdvgJwGssDK6VBrj4R2vdhgVIDAS43502YR2UC6WzzVjjVgBxhvbGO4C2Nu8sDfUrKgpPlN31Ebt95-duE6&ppt=None&ppn=None&ssid=22wlgs0acw0000001790850116780&qH=a5594894156db043&ov_redirect=true,2026-10-01
892,"Tecno Spark Go 3 (Ink Black, 64 GB)",Tecno,12499,15999,21% off,4.1,221,15,4 GB RAM,64 GB ROM,5000 mAh Lithium Polymer Battery,T7250 Processor,17.12 cm (6.74 inch) HD+ Display,13MP Rear Camera | 8MP Front Camera,,https://www.flipkart.com/tecno-spark-go-3-ink-black-64-gb/p/itma9c8f128a61c6?pid=MOBHP2QYCXZZE3CM&lid=LSTMOBHP2QYCXZZE3CMWW64IB&marketplace=FLIPKART&q=smart+phones&store=tyy%2F4io&srno=s_38_892&otracker=search&fm=organic&iid=en_vgFR_wMAp7fXbSsMIS2-B3GqZPhmaxOMMD41vWlehCnckZohD4FpJsKv4UjKXLcbXSTZgtzvjftyjvmwmzsaRgiCj5dWzPgr1ZNpuYyjSmjfUrKgpPlN31Ebt95-duE6&ppt=None&ppn=None&ssid=22wlgs0acw0000001790850116780&qH=a5594894156db043&ov_redirect=true,2026-10-01
893,"REDMI 14C 5G (Starlight Blue, 128 GB)",REDMI,14462,14999,3% off,4.2,"11,591",672,6 GB RAM,128 GB ROM,5160 mAh Battery,4 Gen 2 5G Processor,17.48 cm (6.88 inch) HD+ Display,50MP Rear Camera | 8MP Front Camera,5G,https://www.flipkart.com/redmi-14c-5g-starlight-blue-128-gb/p/itm894f38e58ee53?pid=MOBH92AD83EYUCVM&lid=LSTMOBH92AD83EYUCVMAX1K5I&marketplace=FLIPKART&q=smart+phones&store=tyy%2F4io&srno=s_38_893&otracker=search&fm=organic&iid=82b5a2f7-4dc7-43df-8538-b7fd29a867d6.MOBH92AD83EYUCVM.SEARCH&ppt=None&ppn=None&ssid=22wlgs0acw0000001790850116780&qH=a5594894156db043&ov_redirect=true,2026-10-01
894,"IQOO Z11x 5G (Prismatic Green, 256 MB)",IQOO,33000,33999,2% off,4.3,"1,590",121,8 GB RAM,256 MB ROM,7200 mAh Battery,MediaTek Dimensity 7400-Turbo Processor,17.17 cm (6.76 inch) Full HD+ Display,50MP + 50MP | 50MP + 32MP Dual Front Camera,,https://www.flipkart.com/iqoo-z11x-5g-prismatic-green-256-mb/p/itmed553fe5886cc?pid=MOBHHHGGWQCZVPMN&lid=LSTMOBHHHGGWQCZVPMNE4S7AB&marketplace=FLIPKART&q=smart+phones&store=tyy%2F4io&srno=s_38_894&otracker=search&fm=organic&iid=82b5a2f7-4dc7-43df-8538-b7fd29a867d6.MOBHHHGGWQCZVPMN.SEARCH&ppt=None&ppn=None&ssid=22wlgs0acw0000001790850116780&qH=a5594894156db043&ov_redirect=true,2026-10-01
895,"OPPO A78 5G (Glowing Black, 128 GB)",OPPO,23999,24999,4% off,4.3,"6,397",395,8 GB RAM,128 GB ROM,5000 mAh Battery,6833 Processor,16.66 cm (6.56 inch) HD+ Display,50MP + 2MP | 8MP Front Camera,,https://www.flipkart.com/oppo-a78-5g-glowing-black-128-gb/p/itmf1eeaf323aaa5?pid=MOBGRFUGABDFVWDH&lid=LSTMOBGRFUGABDFVWDHXHT8TT&marketplace=FLIPKART&q=smart+phones&store=tyy%2F4io&srno=s_38_895&otracker=search&fm=organic&iid=82b5a2f7-4dc7-43df-8538-b7fd29a867d6.MOBGRFUGABDFVWDH.SEARCH&ppt=None&ppn=None&ssid=22wlgs0acw0000001790850116780&qH=a5594894156db043&ov_redirect=true,2026-10-01
896,"Tecno Spark 50 5G (Fantasy Purple, 128 GB)",Tecno,21499,31999,32% off,4,128,16,6 GB RAM,128 GB ROM,6500 mAh Lithium Polymer Battery,Dimensity 6400 Processor,17.22 cm (6.78 inch) Display,50MP Rear Camera | 8MP Front Camera,,https://www.flipkart.com/tecno-spark-50-5g-fantasy-purple-128-gb/p/itmb3923bf4ff9a6?pid=MOBHHH5TE3SB8AS3&lid=LSTMOBHHH5TE3SB8AS3RCE6BV&marketplace=FLIPKART&q=smart+phones&store=tyy%2F4io&srno=s_38_896&otracker=search&fm=organic&iid=82b5a2f7-4dc7-43df-8538-b7fd29a867d6.MOBHHH5TE3SB8AS3.SEARCH&ppt=None&ppn=None&ssid=22wlgs0acw0000001790850116780&qH=a5594894156db043&ov_redirect=true,2026-10-01
897,"Infinix SMART 20 (Shadow Black, 128 GB)",Infinix,14999,21999,31% off,3.9,295,34,4 GB RAM,128 GB ROM,5200 mAh Battery,Helio G81 Ultimate Processor,17.22 cm (6.78 inch) HD+ Display,8MP Rear Camera | 8MP Front Camera,,https://www.flipkart.com/infinix-smart-20-shadow-black-128-gb/p/itmf761cd49f9162?pid=MOBHNMEESZ6UZKPH&lid=LSTMOBHNMEESZ6UZKPHGRELDX&marketplace=FLIPKART&q=smart+phones&store=tyy%2F4io&srno=s_38_897&otracker=search&fm=organic&iid=82b5a2f7-4dc7-43df-8538-b7fd29a867d6.MOBHNMEESZ6UZKPH.SEARCH&ppt=None&ppn=None&ssid=22wlgs0acw0000001790850116780&qH=a5594894156db043&ov_redirect=true,2026-10-01
898,"Infinix SMART 20 (Sunlike Orange, 64 GB)",Infinix,13499,19999,32% off,3.9,295,34,4 GB RAM,64 GB ROM,5200 mAh Battery,Helio G81 Ultimate Processor,17.22 cm (6.78 inch) HD+ Display,8MP Rear Camera | 8MP Front Camera,,https://www.flipkart.com/infinix-smart-20-sunlike-orange-64-gb/p/itmf761cd49f9162?pid=MOBHNMEEHHA6JFGF&lid=LSTMOBHNMEEHHA6JFGFOAPBH0&marketplace=FLIPKART&q=smart+phones&store=tyy%2F4io&srno=s_38_898&otracker=search&fm=organic&iid=82b5a2f7-4dc7-43df-8538-b7fd29a867d6.MOBHNMEEHHA6JFGF.SEARCH&ppt=None&ppn=None&ssid=22wlgs0acw0000001790850116780&qH=a5594894156db043&ov_redirect=true,2026-10-01
899,"Tecno Spark 50 5G (Ink Black, 128 GB)",Tecno,21499,31999,32% off,4,128,16,6 GB RAM,128 GB ROM,6500 mAh Lithium Polymer Battery,Dimensity 6400 Processor,17.22 cm (6.78 inch) Display,50MP Rear Camera | 8MP Front Camera,,https://www.flipkart.com/tecno-spark-50-5g-ink-black-128-gb/p/itmb3923bf4ff9a6?pid=MOBHHH5TTKP7QEEA&lid=LSTMOBHHH5TTKP7QEEAMQCYO2&marketplace=FLIPKART&q=smart+phones&store=tyy%2F4io&srno=s_38_899&otracker=search&fm=organic&iid=82b5a2f7-4dc7-43df-8538-b7fd29a867d6.MOBHHH5TTKP7QEEA.SEARCH&ppt=None&ppn=None&ssid=22wlgs0acw0000001790850116780&qH=a5594894156db043&ov_redirect=true,2026-10-01
900,"REDMI Note 15 SE 5G (Carbon Black, 256 GB)",REDMI,29999,37999,21% off,4.3,"3,431",328,8 GB RAM,256 GB ROM,5800 mAh Lithium-Ion Polymer Battery,Snapdragon 6 Gen 3 Processor,17.2 cm (6.77 inch) Full HD+ AMOLED Display,50MP Rear Camera | 20MP Front Camera,,https://www.flipkart.com/redmi-note-15-se-5g-carbon-black-256-gb/p/itmebf9f68aea44e?pid=MOBHN52FYUMHG9WD&lid=LSTMOBHN52FYUMHG9WDOOEWBP&marketplace=FLIPKART&q=smart+phones&store=tyy%2F4io&srno=s_38_900&otracker=search&fm=organic&iid=82b5a2f7-4dc7-43df-8538-b7fd29a867d6.MOBHN52FYUMHG9WD.SEARCH&ppt=None&ppn=None&ssid=22wlgs0acw0000001790850116780&qH=a5594894156db043&ov_redirect=true,2026-10-01
901,"Tecno Spark Go 3 (Galaxy Blue, 128.0 GB)",Tecno,14999,18999,21% off,4.1,221,15,4 GB RAM,128.0 GB ROM,5000 mAh Lithium Polymer Battery,T7250 Processor,17.12 cm (6.74 inch) HD+ Display,13MP Rear Camera | 8MP Front Camera,,https://www.flipkart.com/tecno-spark-go-3-galaxy-blue-128-0-gb/p/itm2fa7fff320d5a?pid=MOBHQRWN3GYPNZCF&lid=LSTMOBHQRWN3GYPNZCF0ME7YN&marketplace=FLIPKART&q=smart+phones&store=tyy%2F4io&srno=s_38_901&otracker=search&fm=organic&iid=82b5a2f7-4dc7-43df-8538-b7fd29a867d6.MOBHQRWN3GYPNZCF.SEARCH&ppt=None&ppn=None&ssid=22wlgs0acw0000001790850116780&qH=a5594894156db043&ov_redirect=true,2026-10-01
902,"Tecno Spark Go 3 (Ink Black, 128.0 GB)",Tecno,14999,18999,21% off,4.1,221,15,4 GB RAM,128.0 GB ROM,5000 mAh Lithium Polymer Battery,T7250 Processor,17.12 cm (6.74 inch) HD+ Display,13MP Rear Camera | 8MP Front Camera,,https://www.flipkart.com/tecno-spark-go-3-ink-black-128-0-gb/p/itm2fa7fff320d5a?pid=MOBHQRWNAEPTQP6S&lid=LSTMOBHQRWNAEPTQP6SASFCB2&marketplace=FLIPKART&q=smart+phones&store=tyy%2F4io&srno=s_38_902&otracker=search&fm=organic&iid=82b5a2f7-4dc7-43df-8538-b7fd29a867d6.MOBHQRWNAEPTQP6S.SEARCH&ppt=None&ppn=None&ssid=22wlgs0acw0000001790850116780&qH=a5594894156db043&ov_redirect=true,2026-10-01
903,"REDMI Note 15 Pro + 5G (Coffee Mocha, 256 GB)",REDMI,38999,39999,2% off,4.1,117,23,8 GB RAM,256 GB ROM,6500 mAh Battery,,17.35 cm (6.83 inch) Display,200MP Rear Camera,,https://www.flipkart.com/redmi-note-15-pro-5g-coffee-mocha-256-gb/p/itm90a2fdcf3d9a4?pid=MOBHK46MSUZVP7T5&lid=LSTMOBHK46MSUZVP7T5DHHVAY&marketplace=FLIPKART&q=smart+phones&store=tyy%2F4io&srno=s_38_903&otracker=search&fm=organic&iid=82b5a2f7-4dc7-43df-8538-b7fd29a867d6.MOBHK46MSUZVP7T5.SEARCH&ppt=None&ppn=None&ssid=22wlgs0acw0000001790850116780&qH=a5594894156db043&ov_redirect=true,2026-10-01
904,"realme Narzo 80 Lite 5G (Crystal Purple, 128 GB)",realme,22990,29999,23% off,4.3,"8,944",488,6 GB RAM,128 GB ROM,6000 mAh Battery,,16.94 cm (6.67 inch) Display,32MP Rear Camera,,https://www.flipkart.com/realme-narzo-80-lite-5g-crystal-purple-128-gb/p/itm47ab7fdec3924?pid=MOBHDEYWSGWXMGDK&lid=LSTMOBHDEYWSGWXMGDKEZ4M6K&marketplace=FLIPKART&q=smart+phones&store=tyy%2F4io&srno=s_38_904&otracker=search&fm=organic&iid=82b5a2f7-4dc7-43df-8538-b7fd29a867d6.MOBHDEYWSGWXMGDK.SEARCH&ppt=None&ppn=None&ssid=22wlgs0acw0000001790850116780&qH=a5594894156db043&ov_redirect=true,2026-10-01
905,"REDMI Note-14 Pro 5G (Phantom Purple, 128 GB)",REDMI,27993,28999,3% off,4.3,"1,250",97,8 GB RAM,128 GB ROM,5500 mAh Battery,Dimensity 7300 Ultra Processor,16.94 cm (6.67 inch) Display,50MP + 8MP + 2MP | 20MP Front Camera,,https://www.flipkart.com/redmi-note-14-pro-5g-phantom-purple-128-gb/p/itm124f940049e20?pid=MOBH8BW3UYHZZEHZ&lid=LSTMOBH8BW3UYHZZEHZYPSGQR&marketplace=FLIPKART&q=smart+phones&store=tyy%2F4io&srno=s_38_905&otracker=search&fm=organic&iid=82b5a2f7-4dc7-43df-8538-b7fd29a867d6.MOBH8BW3UYHZZEHZ.SEARCH&ppt=None&ppn=None&ssid=22wlgs0acw0000001790850116780&qH=a5594894156db043&ov_redirect=true,2026-10-01
906,"Samsung Galaxy A06 5G (Black, 128 GB)",Samsung,17377,23999,27% off,4.1,"4,999",378,4 GB RAM,128 GB ROM,5000 mAh Battery,MEDIATEK Processor,17.02 cm (6.7 inch) HD+ Display,50MP + 50MP | 2MP + 2MP Dual Front Camera,,https://www.flipkart.com/samsung-galaxy-a06-5g-black-128-gb/p/itmda80b02de3514?pid=MOBH9YKUMUZJHACE&lid=LSTMOBH9YKUMUZJHACEIY01QZ&marketplace=FLIPKART&q=smart+phones&store=tyy%2F4io&srno=s_38_906&otracker=search&fm=organic&iid=82b5a2f7-4dc7-43df-8538-b7fd29a867d6.MOBH9YKUMUZJHACE.SEARCH&ppt=None&ppn=None&ssid=22wlgs0acw0000001790850116780&qH=a5594894156db043&ov_redirect=true,2026-10-01
907,"Apple iPhone 17 (Black, 256 GB)",Apple,99900,,,4.6,"28,288","2,049",,,,"A19 Chip, 6 Core Processor Processor",16.0 cm (6.3 inch) Super Retina XDR Display,48MP + 48MP | 18MP Front Camera,,https://www.flipkart.com/apple-iphone-17-black-256-gb/p/itmc61b40459dd98?pid=MOBHQV9YCUG4ZQZK&lid=LSTMOBHQV9YCUG4ZQZKUTWGGY&marketplace=FLIPKART&q=smart+phones&store=tyy%2F4io&srno=s_38_907&otracker=search&fm=organic&iid=82b5a2f7-4dc7-43df-8538-b7fd29a867d6.MOBHQV9YCUG4ZQZK.SEARCH&ppt=None&ppn=None&ssid=22wlgs0acw0000001790850116780&qH=a5594894156db043&ov_redirect=true,2026-10-01
908,"Samsung Galaxy A56 5G (Light Violet, 256 GB)",Samsung,38990,54999,29% off,4.4,"1,050",82,8 GB RAM,256 GB ROM,5000 mAh Battery,Samsung Exynos 1580 Processor,17.02 cm (6.7 inch) Full HD+ Display,50MP + 12MP + 5MP | 12MP Front Camera,,https://www.flipkart.com/samsung-galaxy-a56-5g-light-violet-256-gb/p/itmee04eb4586b5a?pid=MOBHQBEMYH3JXSCX&lid=LSTMOBHQBEMYH3JXSCX8SSQQ4&marketplace=FLIPKART&q=smart+phones&store=tyy%2F4io&srno=s_38_908&otracker=search&fm=organic&iid=82b5a2f7-4dc7-43df-8538-b7fd29a867d6.MOBHQBEMYH3JXSCX.SEARCH&ppt=None&ppn=None&ssid=22wlgs0acw0000001790850116780&qH=a5594894156db043&ov_redirect=true,2026-10-01
909,"realme P4R 5G (Titanium Glare, 128 GB)",realme,22999,34999,34% off,4.2,"2,673",234,4 GB RAM,128 GB ROM,8000 mAh Lithium-ion polymer Battery,Dimensity 6300 Processor,17.27 cm (6.8 inch) HD+ Display,50MP Rear Camera | 8MP Front Camera,,https://www.flipkart.com/realme-p4r-5g-titanium-glare-128-gb/p/itmb42ae388c1ef6?pid=MOBHMYR3WJZZMJCK&lid=LSTMOBHMYR3WJZZMJCKNRWMFS&marketplace=FLIPKART&q=smart+phones&store=tyy%2F4io&srno=s_38_909&otracker=search&fm=organic&iid=82b5a2f7-4dc7-43df-8538-b7fd29a867d6.MOBHMYR3WJZZMJCK.SEARCH&ppt=None&ppn=None&ssid=22wlgs0acw0000001790850116780&qH=a5594894156db043&ov_redirect=true,2026-10-01
910,"realme P4 5G (Engine Blue, 128 GB)",realme,30999,45999,32% off,4.4,"23,542","1,988",8 GB RAM,128 GB ROM,7000 mAh Battery,Mediatek Dimensity 7400 Processor,17.2 cm (6.77 inch) Display,50MP + 8MP | 16MP Front Camera,,https://www.flipkart.com/realme-p4-5g-engine-blue-128-gb/p/itmf836e6de035a5?pid=MOBHN7A8QEJGGUXU&lid=LSTMOBHN7A8QEJGGUXUZ0BP22&marketplace=FLIPKART&q=smart+phones&store=tyy%2F4io&srno=s_38_910&otracker=search&fm=organic&iid=82b5a2f7-4dc7-43df-8538-b7fd29a867d6.MOBHN7A8QEJGGUXU.SEARCH&ppt=None&ppn=None&ssid=22wlgs0acw0000001790850116780&qH=a5594894156db043&ov_redirect=true,2026-10-01
911,"Apple iPhone 17 (Sage, 256 GB)",Apple,99900,,,4.6,"28,288","2,049",,,,"A19 Chip, 6 Core Processor Processor",16.0 cm (6.3 inch) Super Retina XDR Display,48MP + 48MP | 18MP Front Camera,,https://www.flipkart.com/apple-iphone-17-sage-256-gb/p/itm410e85a5f1745?pid=MOBHQV9YZPQXFFGM&lid=LSTMOBHQV9YZPQXFFGMNN24WH&marketplace=FLIPKART&q=smart+phones&store=tyy%2F4io&srno=s_38_911&otracker=search&fm=organic&iid=82b5a2f7-4dc7-43df-8538-b7fd29a867d6.MOBHQV9YZPQXFFGM.SEARCH&ppt=None&ppn=None&ssid=22wlgs0acw0000001790850116780&qH=a5594894156db043&ov_redirect=true,2026-10-01
912,"Samsung A36 5G (Dark Blue, 256 GB)",Samsung,40999,43999,6% off,4.3,671,87,8 GB RAM,256 GB ROM,5000 mAh Battery,Qualcomm Snapdragon 6 Gen 3 Processor,17.02 cm (6.7 inch) Full HD+ Display,50MP + 8MP | 12MP Front Camera,,https://www.flipkart.com/samsung-a36-5g-dark-blue-256-gb/p/itme993b087da33a?pid=MOBHNJ8FMV7RRDBA&lid=LSTMOBHNJ8FMV7RRDBADQLXG2&marketplace=FLIPKART&q=smart+phones&store=tyy%2F4io&srno=s_38_912&otracker=search&fm=organic&iid=82b5a2f7-4dc7-43df-8538-b7fd29a867d6.MOBHNJ8FMV7RRDBA.SEARCH&ppt=None&ppn=None&ssid=22wlgs0acw0000001790850116780&qH=a5594894156db043&ov_redirect=true,2026-10-01
913,"realme Narzo 80 Lite 5G (Onyx Black, 128 GB)",realme,18999,29999,36% off,4.2,"2,110",137,4 GB RAM,128 GB ROM,6000 mAh Battery,,16.94 cm (6.67 inch) Display,32MP Rear Camera,,https://www.flipkart.com/realme-narzo-80-lite-5g-onyx-black-128-gb/p/itm47ab7fdec3924?pid=MOBHDEYWAVBYBAUZ&lid=LSTMOBHDEYWAVBYBAUZBBP6ER&marketplace=FLIPKART&q=smart+phones&store=tyy%2F4io&srno=s_39_913&otracker=search&fm=organic&iid=ddf678e2-ac2e-41e3-95b3-67f509a3da6a.MOBHDEYWAVBYBAUZ.SEARCH&ppt=None&ppn=None&ssid=gocwyw8wog0000001790850119470&qH=a5594894156db043&ov_redirect=true,2026-10-01
914,"realme Narzo 80 Lite 5G (Crystal Purple, 128 GB)",realme,19999,24999,20% off,4.2,"2,110",137,4 GB RAM,128 GB ROM,6000 mAh Battery,,16.94 cm (6.67 inch) Display,32MP Rear Camera,,https://www.flipkart.com/realme-narzo-80-lite-5g-crystal-purple-128-gb/p/itm47ab7fdec3924?pid=MOBHDEYWZGFS7FBT&lid=LSTMOBHDEYWZGFS7FBTZSVRHA&marketplace=FLIPKART&q=smart+phones&store=tyy%2F4io&srno=s_39_914&otracker=search&fm=organic&iid=ddf678e2-ac2e-41e3-95b3-67f509a3da6a.MOBHDEYWZGFS7FBT.SEARCH&ppt=None&ppn=None&ssid=gocwyw8wog0000001790850119470&qH=a5594894156db043&ov_redirect=true,2026-10-01
915,"realme P4 Lite 5G (Mosaic Blue, 128 GB)",realme,23999,36999,35% off,4.2,"2,443",198,6 GB RAM,128 GB ROM,7000 mAh lithium-ion polymer Battery,Dimensity 6300 Processor,17.27 cm (6.8 inches) HD+ Display,13MP Rear Camera | 5MP Front Camera,,https://www.flipkart.com/realme-p4-lite-5g-mosaic-blue-128-gb/p/itm90c243961f214?pid=MOBHN7A8AG9TYTW6&lid=LSTMOBHN7A8AG9TYTW6TPN67C&marketplace=FLIPKART&q=smart+phones&store=tyy%2F4io&srno=s_39_915&otracker=search&fm=organic&iid=ddf678e2-ac2e-41e3-95b3-67f509a3da6a.MOBHN7A8AG9TYTW6.SEARCH&ppt=None&ppn=None&ssid=gocwyw8wog0000001790850119470&qH=a5594894156db043&ov_redirect=true,2026-10-01
916,"IQOO Z11x 5G (Titan Black, 256 MB)",IQOO,33899,33999,,4.3,"1,590",121,8 GB RAM,256 MB ROM,7200 mAh Battery,MediaTek Dimensity 7400-Turbo Processor,17.17 cm (6.76 inch) Full HD+ Display,50MP + 50MP | 50MP + 32MP Dual Front Camera,,https://www.flipkart.com/iqoo-z11x-5g-titan-black-256-mb/p/itmed553fe5886cc?pid=MOBHHHGAR4YVX2TX&lid=LSTMOBHHHGAR4YVX2TXCH5DCA&marketplace=FLIPKART&q=smart+phones&store=tyy%2F4io&srno=s_39_916&otracker=search&fm=organic&iid=ddf678e2-ac2e-41e3-95b3-67f509a3da6a.MOBHHHGAR4YVX2TX.SEARCH&ppt=None&ppn=None&ssid=gocwyw8wog0000001790850119470&qH=a5594894156db043&ov_redirect=true,2026-10-01
917,"Tecno Spark Go 3 (Titanium Grey, 64 GB)",Tecno,12499,15999,21% off,4.1,221,15,4 GB RAM,64 GB ROM,5000 mAh Lithium Polymer Battery,T7250 Processor,17.12 cm (6.74 inch) HD+ Display,13MP Rear Camera | 8MP Front Camera,,https://www.flipkart.com/tecno-spark-go-3-titanium-grey-64-gb/p/itma9c8f128a61c6?pid=MOBHP2QY7GH4XWWS&lid=LSTMOBHP2QY7GH4XWWSUZBT2N&marketplace=FLIPKART&q=smart+phones&store=tyy%2F4io&srno=s_39_917&otracker=search&fm=organic&iid=en_XIC9A0fQ-TEkhLWcR78X6R-5oaUhmS31cOWQsOwLcQKX4Nk9e9hFTbD-gufB5nYnvdhgVIDAS43502YR2UC6WzzVjjVgBxhvbGO4C2Nu8sBMAd_boa0qgKX8H98lyohU&ppt=None&ppn=None&ssid=gocwyw8wog0000001790850119470&qH=a5594894156db043&ov_redirect=true,2026-10-01
918,"Tecno Spark Go 3 (Ink Black, 64 GB)",Tecno,12499,15999,21% off,4.1,221,15,4 GB RAM,64 GB ROM,5000 mAh Lithium Polymer Battery,T7250 Processor,17.12 cm (6.74 inch) HD+ Display,13MP Rear Camera | 8MP Front Camera,,https://www.flipkart.com/tecno-spark-go-3-ink-black-64-gb/p/itma9c8f128a61c6?pid=MOBHP2QYCXZZE3CM&lid=LSTMOBHP2QYCXZZE3CMWW64IB&marketplace=FLIPKART&q=smart+phones&store=tyy%2F4io&srno=s_39_918&otracker=search&fm=organic&iid=en_XIC9A0fQ-TEkhLWcR78X6R-5oaUhmS31cOWQsOwLcQJ3skJNt7rqxn7aGGDSkemdXSTZgtzvjftyjvmwmzsaRgiCj5dWzPgr1ZNpuYyjSmhMAd_boa0qgKX8H98lyohU&ppt=None&ppn=None&ssid=gocwyw8wog0000001790850119470&qH=a5594894156db043&ov_redirect=true,2026-10-01
919,"LAVA Bold N2 5G (REGAL GOLD, 64 GB)",LAVA,14479,15999,9% off,4.6,16,2,4 GB RAM,64 GB ROM,6000 mAh Battery,,17.14 cm (6.75 inch) Full HD+ Display,13MP Rear Camera,,https://www.flipkart.com/lava-bold-n2-5g-regal-gold-64-gb/p/itm484bc0abd4be9?pid=MOBHPSCQMYZADJ7Z&lid=LSTMOBHPSCQMYZADJ7ZFXXF2F&marketplace=FLIPKART&q=smart+phones&store=tyy%2F4io&srno=s_39_919&otracker=search&fm=organic&iid=ddf678e2-ac2e-41e3-95b3-67f509a3da6a.MOBHPSCQMYZADJ7Z.SEARCH&ppt=None&ppn=None&ssid=gocwyw8wog0000001790850119470&qH=a5594894156db043&ov_redirect=true,2026-10-01
920,"Infinix NOTE 60 Pro (Frost Silver, 128 GB)",Infinix,35999,49999,28% off,4.4,"1,746",281,8 GB RAM,128 GB ROM,6500 mAh Battery,Snapdragon 7s Gen 4 Processor,17.22 cm (6.78 inch) Full HD+ AMOLED Display,50MP + 8MP | 13MP Front Camera,,https://www.flipkart.com/infinix-note-60-pro-frost-silver-128-gb/p/itm7681d00923b3c?pid=MOBHZB2BNPNMSV2Z&lid=LSTMOBHZB2BNPNMSV2ZW64TFJ&marketplace=FLIPKART&q=smart+phones&store=tyy%2F4io&srno=s_39_920&otracker=search&fm=organic&iid=ddf678e2-ac2e-41e3-95b3-67f509a3da6a.MOBHZB2BNPNMSV2Z.SEARCH&ppt=None&ppn=None&ssid=gocwyw8wog0000001790850119470&qH=a5594894156db043&ov_redirect=true,2026-10-01
921,"Infinix NOTE 60 Pro (Mist Titanium, 256 GB)",Infinix,39999,54999,27% off,4.4,"1,746",281,8 GB RAM,256 GB ROM,6500 mAh Battery,Snapdragon 7s Gen 4 Processor,17.22 cm (6.78 inch) Full HD+ AMOLED Display,50MP + 8MP | 13MP Front Camera,,https://www.flipkart.com/infinix-note-60-pro-mist-titanium-256-gb/p/itm7681d00923b3c?pid=MOBHPFWHAYHYDX7F&lid=LSTMOBHPFWHAYHYDX7FVMDPUE&marketplace=FLIPKART&q=smart+phones&store=tyy%2F4io&srno=s_39_921&otracker=search&fm=organic&iid=ddf678e2-ac2e-41e3-95b3-67f509a3da6a.MOBHPFWHAYHYDX7F.SEARCH&ppt=None&ppn=None&ssid=gocwyw8wog0000001790850119470&qH=a5594894156db043&ov_redirect=true,2026-10-01
922,"Tecno Pova 8 5G (Terminal Green, 128 GB)",Tecno,31999,45999,30% off,3.9,46,5,8 GB RAM,128 GB ROM,8000 mAh Lithium Polymer Battery,Dimensity 7100 Processor,17.17 cm (6.76 inch) Full HD+ Display,50MP Rear Camera | 13MP Front Camera,,https://www.flipkart.com/tecno-pova-8-5g-terminal-green-128-gb/p/itm575d24d0ce5fc?pid=MOBHNR66SCFTHBGW&lid=LSTMOBHNR66SCFTHBGWI4GTMN&marketplace=FLIPKART&q=smart+phones&store=tyy%2F4io&srno=s_39_922&otracker=search&fm=organic&iid=ddf678e2-ac2e-41e3-95b3-67f509a3da6a.MOBHNR66SCFTHBGW.SEARCH&ppt=None&ppn=None&ssid=gocwyw8wog0000001790850119470&qH=a5594894156db043&ov_redirect=true,2026-10-01
923,"Infinix NOTE 60 Pro (Frost Silver, 256 GB)",Infinix,39999,54999,27% off,4.4,"1,746",281,8 GB RAM,256 GB ROM,6500 mAh Battery,Snapdragon 7s Gen 4 Processor,17.22 cm (6.78 inch) Full HD+ AMOLED Display,50MP + 8MP | 13MP Front Camera,,https://www.flipkart.com/infinix-note-60-pro-frost-silver-256-gb/p/itm7681d00923b3c?pid=MOBHZB2BZAHHRKAF&lid=LSTMOBHZB2BZAHHRKAFJOZA86&marketplace=FLIPKART&q=smart+phones&store=tyy%2F4io&srno=s_39_923&otracker=search&fm=organic&iid=ddf678e2-ac2e-41e3-95b3-67f509a3da6a.MOBHZB2BZAHHRKAF.SEARCH&ppt=None&ppn=None&ssid=gocwyw8wog0000001790850119470&qH=a5594894156db043&ov_redirect=true,2026-10-01
924,"POCO X8 Power 5G (Yellow, 128 GB)",POCO,35999,79999,55% off,4.3,268,69,8 GB RAM,128 GB ROM,10000 mAh Lithium-Ion Polymer Battery,6 Gen 5 Processor,17.35 cm (6.83 inch) Full HD+ AMOLED Display,50MP + 8MP | 32MP Front Camera,,https://www.flipkart.com/poco-x8-power-5g-yellow-128-gb/p/itm9a840fc0ecfbc?pid=MOBHQ6XZVH98SKHM&lid=LSTMOBHQ6XZVH98SKHMB0KPSW&marketplace=FLIPKART&q=smart+phones&store=tyy%2F4io&srno=s_39_924&otracker=search&fm=organic&iid=ddf678e2-ac2e-41e3-95b3-67f509a3da6a.MOBHQ6XZVH98SKHM.SEARCH&ppt=None&ppn=None&ssid=gocwyw8wog0000001790850119470&qH=a5594894156db043&ov_redirect=true,2026-10-01
925,"Samsung M36 5G (Light Green, 256 GB)",Samsung,29999,,,4.1,"1,908",172,8 GB RAM,256 GB ROM,5000 mAh Battery,,17.02 cm (6.7 inch) Display,50MP Rear Camera,,https://www.flipkart.com/samsung-m36-5g-light-green-256-gb/p/itm74130a5a313b6?pid=MOBHFFYH7TFPXSJD&lid=LSTMOBHFFYH7TFPXSJDO2V4HX&marketplace=FLIPKART&q=smart+phones&store=tyy%2F4io&srno=s_39_925&otracker=search&fm=organic&iid=ddf678e2-ac2e-41e3-95b3-67f509a3da6a.MOBHFFYH7TFPXSJD.SEARCH&ppt=None&ppn=None&ssid=gocwyw8wog0000001790850119470&qH=a5594894156db043&ov_redirect=true,2026-10-01
926,"vivo Y05 (Mystic Blue, 64 GB)",vivo,15999,34999,54% off,3.5,346,22,4 GB RAM,64 GB ROM,6500 mAh Li-ion Battery,T7225 Processor,17.12 cm (6.74 inch) HD+ Display,8MP Rear Camera | 5MP Front Camera,,https://www.flipkart.com/vivo-y05-mystic-blue-64-gb/p/itm7b1e1a65e7c1f?pid=MOBHZF4TRGDHEGGW&lid=LSTMOBHZF4TRGDHEGGWKP8MEX&marketplace=FLIPKART&q=smart+phones&store=tyy%2F4io&srno=s_39_926&otracker=search&fm=organic&iid=ddf678e2-ac2e-41e3-95b3-67f509a3da6a.MOBHZF4TRGDHEGGW.SEARCH&ppt=None&ppn=None&ssid=gocwyw8wog0000001790850119470&qH=a5594894156db043&ov_redirect=true,2026-10-01
927,"MOTOROLA Edge 70 Fusion Snapdragon (Pantone ORIENT BLUE, 256 GB)",MOTOROLA,34999,59999,41% off,4.3,"6,894",768,12 GB RAM,256 GB ROM,7000 mAh Battery,Snapdragon 7s Gen 4 Processor,17.27 cm (6.8 inch) Super HD Display,50MP + 13MP | 32MP Front Camera,,https://www.flipkart.com/motorola-edge-70-fusion-snapdragon-pantone-orient-blue-256-gb/p/itm0f75501cb27b3?pid=MOBHN973ZNVAMG7V&lid=LSTMOBHN973ZNVAMG7VUSDMRJ&marketplace=FLIPKART&q=smart+phones&store=tyy%2F4io&srno=s_39_927&otracker=search&fm=organic&iid=ddf678e2-ac2e-41e3-95b3-67f509a3da6a.MOBHN973ZNVAMG7V.SEARCH&ppt=None&ppn=None&ssid=gocwyw8wog0000001790850119470&qH=a5594894156db043&ov_redirect=true,2026-10-01
928,"Samsung Galaxy S24 5G Snapdragon (Onyx Black, 256 GB)",Samsung,55999,79999,30% off,4.6,"57,469","4,582",8 GB RAM,256 GB ROM,4000 mAh Battery,8 Gen 3 Processor,15.75 cm (6.2 inch) Full HD+ Display,50MP + 12MP | 12MP Front Camera,,https://www.flipkart.com/samsung-galaxy-s24-5g-snapdragon-onyx-black-256-gb/p/itm0eb31619428e4?pid=MOBHDVFKVGGGHBDX&lid=LSTMOBHDVFKVGGGHBDX8KNAAD&marketplace=FLIPKART&q=smart+phones&store=tyy%2F4io&srno=s_39_928&otracker=search&fm=organic&iid=ddf678e2-ac2e-41e3-95b3-67f509a3da6a.MOBHDVFKVGGGHBDX.SEARCH&ppt=None&ppn=None&ssid=gocwyw8wog0000001790850119470&qH=a5594894156db043&ov_redirect=true,2026-10-01
929,"Infinix NOTE 60 Pro (Torino Black, 256 GB)",Infinix,40999,44999,8% off,4.4,"1,746",281,8 GB RAM,256 GB ROM,6500 mAh Battery,Snapdragon 7s Gen 4 Processor,17.22 cm (6.78 inch) Full HD+ AMOLED Display,50MP + 8MP | 13MP Front Camera,,https://www.flipkart.com/infinix-note-60-pro-torino-black-256-gb/p/itm7681d00923b3c?pid=MOBHZF2YKF3NGZDZ&lid=LSTMOBHZF2YKF3NGZDZTRHFAM&marketplace=FLIPKART&q=smart+phones&store=tyy%2F4io&srno=s_39_929&otracker=search&fm=organic&iid=ddf678e2-ac2e-41e3-95b3-67f509a3da6a.MOBHZF2YKF3NGZDZ.SEARCH&ppt=None&ppn=None&ssid=gocwyw8wog0000001790850119470&qH=a5594894156db043&ov_redirect=true,2026-10-01
930,"MOTOROLA Edge 70 Fusion (Pantone COUNTRY AIR, 512 GB)",MOTOROLA,36999,64999,43% off,4.3,"6,894",768,12 GB RAM,512 GB ROM,7000 mAh Battery,Snapdragon 7s Gen 4 Processor,17.27 cm (6.8 inch) Super HD Display,50MP + 13MP | 32MP Front Camera,,https://www.flipkart.com/motorola-edge-70-fusion-pantone-country-air-512-gb/p/itmde5ddcbb7c261?pid=MOBHNSA6ZRCZPWZE&lid=LSTMOBHNSA6ZRCZPWZEYKHMDG&marketplace=FLIPKART&q=smart+phones&store=tyy%2F4io&srno=s_39_930&otracker=search&fm=organic&iid=ddf678e2-ac2e-41e3-95b3-67f509a3da6a.MOBHNSA6ZRCZPWZE.SEARCH&ppt=None&ppn=None&ssid=gocwyw8wog0000001790850119470&qH=a5594894156db043&ov_redirect=true,2026-10-01
931,"OnePlus 13s 5G (Pink Satin, 256 GB)",OnePlus,57999,,,4.6,"2,160",209,12 GB RAM,256 GB ROM,5850 mAh Battery,,16.05 cm (6.32 inch) Display,50MP Rear Camera,,https://www.flipkart.com/oneplus-13s-5g-pink-satin-256-gb/p/itmb6d10cf953b5d?pid=MOBHCY89MXCYXQ3B&lid=LSTMOBHCY89MXCYXQ3BTMISA4&marketplace=FLIPKART&q=smart+phones&store=tyy%2F4io&srno=s_39_931&otracker=search&fm=organic&iid=ddf678e2-ac2e-41e3-95b3-67f509a3da6a.MOBHCY89MXCYXQ3B.SEARCH&ppt=None&ppn=None&ssid=gocwyw8wog0000001790850119470&qH=a5594894156db043&ov_redirect=true,2026-10-01
932,"Ai+ Nova 2 Neo 5G (Blue, 128 GB)",Ai+,15999,18999,15% off,4.3,"2,357",205,4 GB RAM,128 GB ROM,6000 mAh Li-polymer Battery,Dimensity 6300 Processor,17.13 cm (6.745 inch) HD+ Display,48MP Rear Camera | 8MP Front Camera,,https://www.flipkart.com/ai-nova-2-neo-5g-blue-128-gb/p/itmdcaa61dad2064?pid=MOBHZ8ZMTFJZHQQ6&lid=LSTMOBHZ8ZMTFJZHQQ6X2VHUW&marketplace=FLIPKART&q=smart+phones&store=tyy%2F4io&srno=s_39_932&otracker=search&fm=organic&iid=ddf678e2-ac2e-41e3-95b3-67f509a3da6a.MOBHZ8ZMTFJZHQQ6.SEARCH&ppt=None&ppn=None&ssid=gocwyw8wog0000001790850119470&qH=a5594894156db043&ov_redirect=true,2026-10-01
933,"OPPO K14x 5G 6500mAh and 45W SUPERVOOC Charger & AI (Icy Blue, 128 GB)",OPPO,21999,35999,38% off,4.3,"8,283",939,4 GB RAM,128 GB ROM,6500 mAh Battery,Dimensity 6300 Processor,17.14 cm (6.75 inch) HD+ Display,,,https://www.flipkart.com/oppo-k14x-5g-6500mah-45w-supervooc-charger-ai-icy-blue-128-gb/p/itmdcac5ae642971?pid=MOBHPHSHEYGHCFN3&lid=LSTMOBHPHSHEYGHCFN3VJ5IMV&marketplace=FLIPKART&q=smart+phones&store=tyy%2F4io&srno=s_39_933&otracker=search&fm=organic&iid=ddf678e2-ac2e-41e3-95b3-67f509a3da6a.MOBHPHSHEYGHCFN3.SEARCH&ppt=None&ppn=None&ssid=gocwyw8wog0000001790850119470&qH=a5594894156db043&ov_redirect=true,2026-10-01
934,"vivo V70 (Lemon Yellow 2026, 256 GB)",vivo,64999,75999,14% off,4.4,389,47,12 GB RAM,256 GB ROM,6500 mAh Li-ion battery Battery,Snapdragon 7 Gen 4 Processor,16.74 cm (6.59 inches) Full HD+ AMOLED Display,50MP + 50MP + 8MP | 50MP Front Camera,,https://www.flipkart.com/vivo-v70-lemon-yellow-2026-256-gb/p/itmecfa7a31699de?pid=MOBHZFFHVDGZ9CVH&lid=LSTMOBHZFFHVDGZ9CVH0O6JFW&marketplace=FLIPKART&q=smart+phones&store=tyy%2F4io&srno=s_39_934&otracker=search&fm=organic&iid=ddf678e2-ac2e-41e3-95b3-67f509a3da6a.MOBHZFFHVDGZ9CVH.SEARCH&ppt=None&ppn=None&ssid=gocwyw8wog0000001790850119470&qH=a5594894156db043&ov_redirect=true,2026-10-01
935,"vivo X300 Pro (Elite Black, 512 GB)",vivo,119999,,,4.7,540,100,16 GB RAM,512 GB ROM,6510 mAh Battery,Dimensity 9500 Processor,43.74 cm (17.22 cm) Display,50MP + 50MP + 200MP | 50MP Front Camera,,https://www.flipkart.com/vivo-x300-pro-elite-black-512-gb/p/itmb73a83ccc00e3?pid=MOBHHZBCYBWTZ3F7&lid=LSTMOBHHZBCYBWTZ3F7H0EVGA&marketplace=FLIPKART&q=smart+phones&store=tyy%2F4io&srno=s_39_935&otracker=search&fm=organic&iid=ddf678e2-ac2e-41e3-95b3-67f509a3da6a.MOBHHZBCYBWTZ3F7.SEARCH&ppt=None&ppn=None&ssid=gocwyw8wog0000001790850119470&qH=a5594894156db043&ov_redirect=true,2026-10-01
936,"Ai+ Pulse 1 (Pink, 128 GB)",Ai+,9999,,,4,"10,275",755,6 GB RAM,128 GB ROM,5000 mAh Battery,T615 Processor,17.13 cm (6.745 inch) HD+ Display,50MP Rear Camera | 5MP Front Camera,,https://www.flipkart.com/ai-pulse-1-pink-128-gb/p/itm59fce108ef185?pid=MOBHDDQXGZ32NW82&lid=LSTMOBHDDQXGZ32NW82LMH4FV&marketplace=FLIPKART&q=smart+phones&store=tyy%2F4io&srno=s_39_936&otracker=search&fm=organic&iid=ddf678e2-ac2e-41e3-95b3-67f509a3da6a.MOBHDDQXGZ32NW82.SEARCH&ppt=None&ppn=None&ssid=gocwyw8wog0000001790850119470&qH=a5594894156db043&ov_redirect=true,2026-10-01
937,"Tecno Spark Go 3 (Titanium Grey, 64 GB)",Tecno,12499,15999,21% off,4.1,221,15,4 GB RAM,64 GB ROM,5000 mAh Lithium Polymer Battery,T7250 Processor,17.12 cm (6.74 inch) HD+ Display,13MP Rear Camera | 8MP Front Camera,,https://www.flipkart.com/tecno-spark-go-3-titanium-grey-64-gb/p/itma9c8f128a61c6?pid=MOBHP2QY7GH4XWWS&lid=LSTMOBHP2QY7GH4XWWSUZBT2N&marketplace=FLIPKART&q=smart+phones&store=tyy%2F4io&srno=s_40_937&otracker=search&fm=organic&iid=en_LuQLmd1xBp0wEbsfBOXuhfETeSr98ECy5gMmNeM6hzdvYYk3tfPBRHfBCW9C9oaFvdhgVIDAS43502YR2UC6WzzVjjVgBxhvbGO4C2Nu8sDxDyredDoBbLA-V6GDUGIg&ppt=None&ppn=None&ssid=n2c571rpa80000001790850122233&qH=a5594894156db043&ov_redirect=true,2026-10-01
938,"OnePlus 13s 5G (Pink Satin, 256 GB)",OnePlus,57999,,,4.6,"2,160",209,12 GB RAM,256 GB ROM,5850 mAh Battery,,16.05 cm (6.32 inch) Display,50MP Rear Camera,,https://www.flipkart.com/oneplus-13s-5g-pink-satin-256-gb/p/itmb6d10cf953b5d?pid=MOBHCY89MXCYXQ3B&lid=LSTMOBHCY89MXCYXQ3BTMISA4&marketplace=FLIPKART&q=smart+phones&store=tyy%2F4io&srno=s_40_938&otracker=search&fm=organic&iid=015a7f31-c6a6-4dab-9e2e-d3dfc04a6fb1.MOBHCY89MXCYXQ3B.SEARCH&ppt=None&ppn=None&ssid=n2c571rpa80000001790850122233&qH=a5594894156db043&ov_redirect=true,2026-10-01
939,"Ai+ Nova 2 Neo 5G (Blue, 128 GB)",Ai+,15999,18999,15% off,4.3,"2,357",205,4 GB RAM,128 GB ROM,6000 mAh Li-polymer Battery,Dimensity 6300 Processor,17.13 cm (6.745 inch) HD+ Display,48MP Rear Camera | 8MP Front Camera,,https://www.flipkart.com/ai-nova-2-neo-5g-blue-128-gb/p/itmdcaa61dad2064?pid=MOBHZ8ZMTFJZHQQ6&lid=LSTMOBHZ8ZMTFJZHQQ6X2VHUW&marketplace=FLIPKART&q=smart+phones&store=tyy%2F4io&srno=s_40_939&otracker=search&fm=organic&iid=015a7f31-c6a6-4dab-9e2e-d3dfc04a6fb1.MOBHZ8ZMTFJZHQQ6.SEARCH&ppt=None&ppn=None&ssid=n2c571rpa80000001790850122233&qH=a5594894156db043&ov_redirect=true,2026-10-01
940,"Infinix NOTE 60 Pro (Torino Black, 256 GB)",Infinix,40999,44999,8% off,4.4,"1,746",281,8 GB RAM,256 GB ROM,6500 mAh Battery,Snapdragon 7s Gen 4 Processor,17.22 cm (6.78 inch) Full HD+ AMOLED Display,50MP + 8MP | 13MP Front Camera,,https://www.flipkart.com/infinix-note-60-pro-torino-black-256-gb/p/itm7681d00923b3c?pid=MOBHZF2YKF3NGZDZ&lid=LSTMOBHZF2YKF3NGZDZTRHFAM&marketplace=FLIPKART&q=smart+phones&store=tyy%2F4io&srno=s_40_940&otracker=search&fm=organic&iid=015a7f31-c6a6-4dab-9e2e-d3dfc04a6fb1.MOBHZF2YKF3NGZDZ.SEARCH&ppt=None&ppn=None&ssid=n2c571rpa80000001790850122233&qH=a5594894156db043&ov_redirect=true,2026-10-01
941,"vivo X300 Pro (Elite Black, 512 GB)",vivo,119999,,,4.7,540,100,16 GB RAM,512 GB ROM,6510 mAh Battery,Dimensity 9500 Processor,43.74 cm (17.22 cm) Display,50MP + 50MP + 200MP | 50MP Front Camera,,https://www.flipkart.com/vivo-x300-pro-elite-black-512-gb/p/itmb73a83ccc00e3?pid=MOBHHZBCYBWTZ3F7&lid=LSTMOBHHZBCYBWTZ3F7H0EVGA&marketplace=FLIPKART&q=smart+phones&store=tyy%2F4io&srno=s_40_941&otracker=search&fm=organic&iid=015a7f31-c6a6-4dab-9e2e-d3dfc04a6fb1.MOBHHZBCYBWTZ3F7.SEARCH&ppt=None&ppn=None&ssid=n2c571rpa80000001790850122233&qH=a5594894156db043&ov_redirect=true,2026-10-01
942,"Ai+ Pulse 1 (Pink, 128 GB)",Ai+,9999,,,4,"10,275",755,6 GB RAM,128 GB ROM,5000 mAh Battery,T615 Processor,17.13 cm (6.745 inch) HD+ Display,50MP Rear Camera | 5MP Front Camera,,https://www.flipkart.com/ai-pulse-1-pink-128-gb/p/itm59fce108ef185?pid=MOBHDDQXGZ32NW82&lid=LSTMOBHDDQXGZ32NW82LMH4FV&marketplace=FLIPKART&q=smart+phones&store=tyy%2F4io&srno=s_40_942&otracker=search&fm=organic&iid=015a7f31-c6a6-4dab-9e2e-d3dfc04a6fb1.MOBHDDQXGZ32NW82.SEARCH&ppt=None&ppn=None&ssid=n2c571rpa80000001790850122233&qH=a5594894156db043&ov_redirect=true,2026-10-01
943,"vivo X300 Pro (Dune Gold, 512 GB)",vivo,119999,,,4.7,540,100,16 GB RAM,512 GB ROM,6510 mAh Battery,Dimensity 9500 Processor,43.74 cm (17.22 cm) Full HD+ Display,50MP + 50MP + 200MP | 50MP Front Camera,,https://www.flipkart.com/vivo-x300-pro-dune-gold-512-gb/p/itmb73a83ccc00e3?pid=MOBHHZBCNHJVGGCD&lid=LSTMOBHHZBCNHJVGGCDPWXQCF&marketplace=FLIPKART&q=smart+phones&store=tyy%2F4io&srno=s_40_943&otracker=search&fm=organic&iid=015a7f31-c6a6-4dab-9e2e-d3dfc04a6fb1.MOBHHZBCNHJVGGCD.SEARCH&ppt=None&ppn=None&ssid=n2c571rpa80000001790850122233&qH=a5594894156db043&ov_redirect=true,2026-10-01
944,"realme 15x 5G (Maroon Red, 128 GB)",realme,23999,28999,17% off,4.3,"3,672",297,6 GB RAM,128 GB ROM,7000 mAh Battery,Dimensity 6300 6nm Octa-core chipset Processor,17.27 cm (6.8 inch) Display,50MP Rear Camera | 50MP Front Camera,,https://www.flipkart.com/realme-15x-5g-maroon-red-128-gb/p/itmcf22f2a57724f?pid=MOBHHY7V3ZKDTFNU&lid=LSTMOBHHY7V3ZKDTFNUXGTIVT&marketplace=FLIPKART&q=smart+phones&store=tyy%2F4io&srno=s_40_944&otracker=search&fm=organic&iid=015a7f31-c6a6-4dab-9e2e-d3dfc04a6fb1.MOBHHY7V3ZKDTFNU.SEARCH&ppt=None&ppn=None&ssid=n2c571rpa80000001790850122233&qH=a5594894156db043&ov_redirect=true,2026-10-01
945,"Infinix NOTE 60 Pro (Solar Orange, 128 GB)",Infinix,35999,39999,10% off,4.4,"1,746",281,8 GB RAM,128 GB ROM,6500 mAh Battery,Snapdragon 7s Gen 4 Processor,17.22 cm (6.78 inch) Full HD+ AMOLED Display,50MP + 8MP | 13MP Front Camera,,https://www.flipkart.com/infinix-note-60-pro-solar-orange-128-gb/p/itm7681d00923b3c?pid=MOBHHVE2RRGGD6H5&lid=LSTMOBHHVE2RRGGD6H5IRVDIM&marketplace=FLIPKART&q=smart+phones&store=tyy%2F4io&srno=s_40_945&otracker=search&fm=organic&iid=015a7f31-c6a6-4dab-9e2e-d3dfc04a6fb1.MOBHHVE2RRGGD6H5.SEARCH&ppt=None&ppn=None&ssid=n2c571rpa80000001790850122233&qH=a5594894156db043&ov_redirect=true,2026-10-01
946,"Tecno Spark 50 5G (Mint Green, 128 GB)",Tecno,21499,31999,32% off,4,128,16,6 GB RAM,128 GB ROM,6500 mAh Lithium Polymer Battery,Dimensity 6400 Processor,17.22 cm (6.78 inch) Display,50MP Rear Camera | 8MP Front Camera,,https://www.flipkart.com/tecno-spark-50-5g-mint-green-128-gb/p/itmb3923bf4ff9a6?pid=MOBHHH5TPTZJJESV&lid=LSTMOBHHH5TPTZJJESVLBOIO3&marketplace=FLIPKART&q=smart+phones&store=tyy%2F4io&srno=s_40_946&otracker=search&fm=organic&iid=015a7f31-c6a6-4dab-9e2e-d3dfc04a6fb1.MOBHHH5TPTZJJESV.SEARCH&ppt=None&ppn=None&ssid=n2c571rpa80000001790850122233&qH=a5594894156db043&ov_redirect=true,2026-10-01
947,"Samsung Galaxy A37 5G (Awesome Graygreen, 128 GB)",Samsung,45999,,,4.4,436,98,8 GB RAM,128 GB ROM,5000 mAh Li-ion Battery,Exynos 1480 Processor,17.02 cm (6.7 inch) Full HD+ Super AMOLED Display,50MP + 8MP | 12MP Front Camera,,https://www.flipkart.com/samsung-galaxy-a37-5g-awesome-graygreen-128-gb/p/itm793d1b5fe9bc5?pid=MOBHHENSWEXBWPFT&lid=LSTMOBHHENSWEXBWPFTYQB1LN&marketplace=FLIPKART&q=smart+phones&store=tyy%2F4io&srno=s_40_947&otracker=search&fm=organic&iid=015a7f31-c6a6-4dab-9e2e-d3dfc04a6fb1.MOBHHENSWEXBWPFT.SEARCH&ppt=None&ppn=None&ssid=n2c571rpa80000001790850122233&qH=a5594894156db043&ov_redirect=true,2026-10-01
948,"Tecno Spark 50 5G (Mint Green, 128 GB)",Tecno,18249,27999,34% off,3.7,137,21,4 GB RAM,128 GB ROM,6500 mAh Lithium Polymer Battery,Dimensity 6400 Processor,17.22 cm (6.78 inch) Display,50MP Rear Camera | 8MP Front Camera,,https://www.flipkart.com/tecno-spark-50-5g-mint-green-128-gb/p/itmb3923bf4ff9a6?pid=MOBHHH5TZMHQCMSU&lid=LSTMOBHHH5TZMHQCMSUN8RIDD&marketplace=FLIPKART&q=smart+phones&store=tyy%2F4io&srno=s_40_948&otracker=search&fm=organic&iid=015a7f31-c6a6-4dab-9e2e-d3dfc04a6fb1.MOBHHH5TZMHQCMSU.SEARCH&ppt=None&ppn=None&ssid=n2c571rpa80000001790850122233&qH=a5594894156db043&ov_redirect=true,2026-10-01
949,"Infinix NOTE 60 Pro (Deep Ocean Blue, 128 GB)",Infinix,35999,39999,10% off,4.4,"1,746",281,8 GB RAM,128 GB ROM,6500 mAh Battery,Snapdragon 7s Gen 4 Processor,17.22 cm (6.78 inch) Full HD+ AMOLED Display,50MP + 8MP | 13MP Front Camera,,https://www.flipkart.com/infinix-note-60-pro-deep-ocean-blue-128-gb/p/itm7681d00923b3c?pid=MOBHHVE2FGFRZJFX&lid=LSTMOBHHVE2FGFRZJFXM4HDJ2&marketplace=FLIPKART&q=smart+phones&store=tyy%2F4io&srno=s_40_949&otracker=search&fm=organic&iid=015a7f31-c6a6-4dab-9e2e-d3dfc04a6fb1.MOBHHVE2FGFRZJFX.SEARCH&ppt=None&ppn=None&ssid=n2c571rpa80000001790850122233&qH=a5594894156db043&ov_redirect=true,2026-10-01
950,"Samsung Galaxy A37 5G (Awesome Graygreen, 256 GB)",Samsung,49999,,,4.4,436,98,8 GB RAM,256 GB ROM,5000 mAh Li-ion Battery,Exynos 1480 Processor,17.02 cm (6.7 inch) Full HD+ Super AMOLED Display,50MP + 8MP | 12MP Front Camera,,https://www.flipkart.com/samsung-galaxy-a37-5g-awesome-graygreen-256-gb/p/itm793d1b5fe9bc5?pid=MOBHHENSRG4KNRXW&lid=LSTMOBHHENSRG4KNRXWVTFP2T&marketplace=FLIPKART&q=smart+phones&store=tyy%2F4io&srno=s_40_950&otracker=search&fm=organic&iid=015a7f31-c6a6-4dab-9e2e-d3dfc04a6fb1.MOBHHENSRG4KNRXW.SEARCH&ppt=None&ppn=None&ssid=n2c571rpa80000001790850122233&qH=a5594894156db043&ov_redirect=true,2026-10-01
951,"Nothing Phone (4b) (Black, 256 GB)",Nothing,40999,59999,31% off,4.3,"1,833",178,8 GB RAM,256 GB ROM,6000 mAh Lithium ion Battery,6 Gen 4 Processor,17.2 cm (6.77 inch) Full HD+ AMOLED Display,50MP + 8MP | 16MP Front Camera,,https://www.flipkart.com/nothing-phone-4b-black-256-gb/p/itm939608b40adbb?pid=MOBHZMBDNBKCHZ7B&lid=LSTMOBHZMBDNBKCHZ7BHVWLPF&marketplace=FLIPKART&q=smart+phones&store=tyy%2F4io&srno=s_40_951&otracker=search&fm=organic&iid=015a7f31-c6a6-4dab-9e2e-d3dfc04a6fb1.MOBHZMBDNBKCHZ7B.SEARCH&ppt=None&ppn=None&ssid=n2c571rpa80000001790850122233&qH=a5594894156db043&ov_redirect=true,2026-10-01
952,"POCO M8x 5G (Black, 128 GB)",POCO,18999,44999,57% off,3.9,331,129,4 GB RAM,128 GB ROM,7900 mAh Lithium-Ion Polymer Battery,4 Gen 5 Processor,17.53 cm (6.9 inch) Full HD Display,50MP Rear Camera,,https://www.flipkart.com/poco-m8x-5g-black-128-gb/p/itm540b17a742ccc?pid=MOBHPCYNA4DTGKGS&lid=LSTMOBHPCYNA4DTGKGSGUPQAY&marketplace=FLIPKART&q=smart+phones&store=tyy%2F4io&srno=s_40_952&otracker=search&fm=organic&iid=015a7f31-c6a6-4dab-9e2e-d3dfc04a6fb1.MOBHPCYNA4DTGKGS.SEARCH&ppt=None&ppn=None&ssid=n2c571rpa80000001790850122233&qH=a5594894156db043&ov_redirect=true,2026-10-01
953,"Samsung Galaxy A57 5G (Awesome Lilac, 256 GB)",Samsung,58999,,,4.5,117,26,8 GB RAM,256 GB ROM,5000 mAh Li-ion Battery,Exynos 1680 Processor,17.02 cm (6.7 inch) Full HD+ Super AMOLED Display,50MP + 12MP | 12MP Front Camera,,https://www.flipkart.com/samsung-galaxy-a57-5g-awesome-lilac-256-gb/p/itm0a21d467664e9?pid=MOBHHENSDCKUNWCT&lid=LSTMOBHHENSDCKUNWCT9QNPOE&marketplace=FLIPKART&q=smart+phones&store=tyy%2F4io&srno=s_40_953&otracker=search&fm=organic&iid=015a7f31-c6a6-4dab-9e2e-d3dfc04a6fb1.MOBHHENSDCKUNWCT.SEARCH&ppt=None&ppn=None&ssid=n2c571rpa80000001790850122233&qH=a5594894156db043&ov_redirect=true,2026-10-01
954,"Samsung Galaxy A57 5G (Awesome Icyblue, 256 GB)",Samsung,58999,,,4.5,117,26,8 GB RAM,256 GB ROM,5000 mAh Li-ion Battery,Exynos 1680 Processor,17.02 cm (6.7 inch) Full HD+ Super AMOLED Display,50MP + 12MP | 12MP Front Camera,,https://www.flipkart.com/samsung-galaxy-a57-5g-awesome-icyblue-256-gb/p/itm0a21d467664e9?pid=MOBHHENSTHHGNJZN&lid=LSTMOBHHENSTHHGNJZNTF4A9R&marketplace=FLIPKART&q=smart+phones&store=tyy%2F4io&srno=s_40_954&otracker=search&fm=organic&iid=015a7f31-c6a6-4dab-9e2e-d3dfc04a6fb1.MOBHHENSTHHGNJZN.SEARCH&ppt=None&ppn=None&ssid=n2c571rpa80000001790850122233&qH=a5594894156db043&ov_redirect=true,2026-10-01
955,"Samsung Galaxy A57 5G (Awesome Navy, 256 GB)",Samsung,58999,,,4.5,117,26,8 GB RAM,256 GB ROM,5000 mAh Li-ion Battery,Exynos 1680 Processor,17.02 cm (6.7 inch) Full HD+ Super AMOLED Display,50MP + 12MP | 12MP Front Camera,,https://www.flipkart.com/samsung-galaxy-a57-5g-awesome-navy-256-gb/p/itm0a21d467664e9?pid=MOBHHENSQGDADRCW&lid=LSTMOBHHENSQGDADRCWZLM3WP&marketplace=FLIPKART&q=smart+phones&store=tyy%2F4io&srno=s_40_955&otracker=search&fm=organic&iid=015a7f31-c6a6-4dab-9e2e-d3dfc04a6fb1.MOBHHENSQGDADRCW.SEARCH&ppt=None&ppn=None&ssid=n2c571rpa80000001790850122233&qH=a5594894156db043&ov_redirect=true,2026-10-01
956,"Samsung Galaxy S25 Edge 5G (Titanium Jetblack, 256 GB)",Samsung,89999,109999,18% off,4.5,526,72,12 GB RAM,256 GB ROM,3900 mAh Battery,Qualcomm Snapdragon 8 Elite for Galaxy Processor,16.91 cm (6.657 inch) Quad HD+ Display,200MP + 12MP | 12MP Front Camera,,https://www.flipkart.com/samsung-galaxy-s25-edge-5g-titanium-jetblack-256-gb/p/itmc91f3f202a90f?pid=MOBHBXJHFGGJFW5C&lid=LSTMOBHBXJHFGGJFW5CPOXQNR&marketplace=FLIPKART&q=smart+phones&store=tyy%2F4io&srno=s_40_956&otracker=search&fm=organic&iid=015a7f31-c6a6-4dab-9e2e-d3dfc04a6fb1.MOBHBXJHFGGJFW5C.SEARCH&ppt=None&ppn=None&ssid=n2c571rpa80000001790850122233&qH=a5594894156db043&ov_redirect=true,2026-10-01
957,"realme P4 Lite (Beach Gold, 64 GB)",realme,16499,24999,34% off,3.9,"6,942",455,4 GB RAM,64 GB ROM,6300 mAh Battery,T7250 Processor,17.14 cm (6.75 inch) HD+ Display,13MP Rear Camera | 5MP Front Camera,,https://www.flipkart.com/realme-p4-lite-beach-gold-64-gb/p/itm029fbc88fdc91?pid=MOBHMX7KF4XYHTDM&lid=LSTMOBHMX7KF4XYHTDMBW6TWC&marketplace=FLIPKART&q=smart+phones&store=tyy%2F4io&srno=s_40_957&otracker=search&fm=organic&iid=015a7f31-c6a6-4dab-9e2e-d3dfc04a6fb1.MOBHMX7KF4XYHTDM.SEARCH&ppt=None&ppn=None&ssid=n2c571rpa80000001790850122233&qH=a5594894156db043&ov_redirect=true,2026-10-01
958,"REDMI 15A (Ace Black, 128 GB)",REDMI,20499,30999,33% off,4,205,21,6 GB RAM,128 GB ROM,6300 mAh Lithium-Ion Polymer Battery,T8300 Processor,17.53 cm (6.9 inch) Display,32MP Rear Camera | 8MP Front Camera,,https://www.flipkart.com/redmi-15a-ace-black-128-gb/p/itm1bc46e3024833?pid=MOBHPDZDRARZB4HH&lid=LSTMOBHPDZDRARZB4HHNQGDFK&marketplace=FLIPKART&q=smart+phones&store=tyy%2F4io&srno=s_40_958&otracker=search&fm=organic&iid=015a7f31-c6a6-4dab-9e2e-d3dfc04a6fb1.MOBHPDZDRARZB4HH.SEARCH&ppt=None&ppn=None&ssid=n2c571rpa80000001790850122233&qH=a5594894156db043&ov_redirect=true,2026-10-01
959,"Samsung Galaxy Z Fold5 (Phantom Black, 512 GB)",Samsung,119999,169999,29% off,4.5,522,34,12 GB RAM,512 GB ROM,4400 mAh Battery,Snapdragon 8 Gen 2 Processor,15.75 cm (6.2 inch) Display,,,https://www.flipkart.com/samsung-galaxy-z-fold5-phantom-black-512-gb/p/itm4d14abce6dc2f?pid=MOBGRS32ZV6ZDPKB&lid=LSTMOBGRS32ZV6ZDPKBIQDYYF&marketplace=FLIPKART&q=smart+phones&store=tyy%2F4io&srno=s_40_959&otracker=search&fm=organic&iid=015a7f31-c6a6-4dab-9e2e-d3dfc04a6fb1.MOBGRS32ZV6ZDPKB.SEARCH&ppt=None&ppn=None&ssid=n2c571rpa80000001790850122233&qH=a5594894156db043&ov_redirect=true,2026-10-01
960,"Samsung Galaxy A36 5G (Awesome Lavender, 128 GB)",Samsung,35999,39499,8% off,4.4,"5,359",877,8 GB RAM,128 GB ROM,5000 mAh Battery,Qualcomm Snapdragon 6 Gen 3 Processor,17.02 cm (6.7 inch) Full HD+ Display,50MP + 8MP | 12MP Front Camera,,https://www.flipkart.com/samsung-galaxy-a36-5g-awesome-lavender-128-gb/p/itm5a2d339a8cc5b?pid=MOBH9RNGFN76WMFF&lid=LSTMOBH9RNGFN76WMFFRDHQVS&marketplace=FLIPKART&q=smart+phones&store=tyy%2F4io&srno=s_40_960&otracker=search&fm=organic&iid=015a7f31-c6a6-4dab-9e2e-d3dfc04a6fb1.MOBH9RNGFN76WMFF.SEARCH&ppt=None&ppn=None&ssid=n2c571rpa80000001790850122233&qH=a5594894156db043&ov_redirect=true,2026-10-01
961,"Tecno Spark Go 3 (Titanium Grey, 64 GB)",Tecno,12499,15999,21% off,4.1,221,15,4 GB RAM,64 GB ROM,5000 mAh Lithium Polymer Battery,T7250 Processor,17.12 cm (6.74 inch) HD+ Display,13MP Rear Camera | 8MP Front Camera,,https://www.flipkart.com/tecno-spark-go-3-titanium-grey-64-gb/p/itma9c8f128a61c6?pid=MOBHP2QY7GH4XWWS&lid=LSTMOBHP2QY7GH4XWWSUZBT2N&marketplace=FLIPKART&q=smart+phones&store=tyy%2F4io&srno=s_41_961&otracker=search&fm=organic&iid=en_CM61jeXXgSIZIpVfMN4DQHo7nQPBAl-k4vsA1RrHQoezqyocsvFLNhg6qOdB63HgvdhgVIDAS43502YR2UC6WzzVjjVgBxhvbGO4C2Nu8sB3ZFkhd3fzJiYxdh-qORHX&ppt=None&ppn=None&ssid=t2j1pgpids0000001790850125129&qH=a5594894156db043&ov_redirect=true,2026-10-01
962,"Tecno Spark Go 3 (Ink Black, 64 GB)",Tecno,12499,15999,21% off,4.1,221,15,4 GB RAM,64 GB ROM,5000 mAh Lithium Polymer Battery,T7250 Processor,17.12 cm (6.74 inch) HD+ Display,13MP Rear Camera | 8MP Front Camera,,https://www.flipkart.com/tecno-spark-go-3-ink-black-64-gb/p/itma9c8f128a61c6?pid=MOBHP2QYCXZZE3CM&lid=LSTMOBHP2QYCXZZE3CMWW64IB&marketplace=FLIPKART&q=smart+phones&store=tyy%2F4io&srno=s_41_962&otracker=search&fm=organic&iid=en_CM61jeXXgSIZIpVfMN4DQHo7nQPBAl-k4vsA1RrHQodLlLMvHx0MEk52ULI6zvntXSTZgtzvjftyjvmwmzsaRgiCj5dWzPgr1ZNpuYyjSmh3ZFkhd3fzJiYxdh-qORHX&ppt=None&ppn=None&ssid=t2j1pgpids0000001790850125129&qH=a5594894156db043&ov_redirect=true,2026-10-01
963,"REDMI Turbo 5 5G (Turbo White, 256 GB)",REDMI,49999,57999,13% off,4.8,27,6,12 GB RAM,256 GB ROM,7540 mAh Battery,,16.74 cm (6.59 inch) Display,50MP Rear Camera,,https://www.flipkart.com/redmi-turbo-5-5g-turbo-white-256-gb/p/itmd8266664918ee?pid=MOBHZHQDFYJ2YYQU&lid=LSTMOBHZHQDFYJ2YYQUPNRTVQ&marketplace=FLIPKART&q=smart+phones&store=tyy%2F4io&srno=s_41_963&otracker=search&fm=organic&iid=4403068f-dacf-4f50-aeb4-d264071717de.MOBHZHQDFYJ2YYQU.SEARCH&ppt=None&ppn=None&ssid=t2j1pgpids0000001790850125129&qH=a5594894156db043&ov_redirect=true,2026-10-01
964,"OPPO F33 Pro 5G (Misty Forest, 256 GB)",OPPO,43999,58999,25% off,4.4,207,22,8 GB RAM,256 GB ROM,7000 mAh lithium-ion polymer Battery,Dimensity 6360 MAX Processor,16.69 cm (6.57 inch) Full HD+ AMOLED Display,50MP + 2MP | 50MP Front Camera,,https://www.flipkart.com/oppo-f33-pro-5g-misty-forest-256-gb/p/itme0e9af182d309?pid=MOBHM48FKDPACWCT&lid=LSTMOBHM48FKDPACWCTTODA2I&marketplace=FLIPKART&q=smart+phones&store=tyy%2F4io&srno=s_41_964&otracker=search&fm=organic&iid=4403068f-dacf-4f50-aeb4-d264071717de.MOBHM48FKDPACWCT.SEARCH&ppt=None&ppn=None&ssid=t2j1pgpids0000001790850125129&qH=a5594894156db043&ov_redirect=true,2026-10-01
965,"REDMI Turbo 5 5G (Nitro Blue, 256 GB)",REDMI,49999,57999,13% off,4.8,27,6,12 GB RAM,256 GB ROM,7540 mAh Battery,,16.74 cm (6.59 inch) Display,50MP Rear Camera,,https://www.flipkart.com/redmi-turbo-5-5g-nitro-blue-256-gb/p/itmd8266664918ee?pid=MOBHZHQBGVH7KZH3&lid=LSTMOBHZHQBGVH7KZH30CLIRY&marketplace=FLIPKART&q=smart+phones&store=tyy%2F4io&srno=s_41_965&otracker=search&fm=organic&iid=4403068f-dacf-4f50-aeb4-d264071717de.MOBHZHQBGVH7KZH3.SEARCH&ppt=None&ppn=None&ssid=t2j1pgpids0000001790850125129&qH=a5594894156db043&ov_redirect=true,2026-10-01
966,"OPPO F33 Pro 5G (Passion Red, 256 GB)",OPPO,43999,58999,25% off,4.4,207,22,8 GB RAM,256 GB ROM,7000 mAh lithium-ion polymer Battery,Dimensity 6360 MAX Processor,16.69 cm (6.57 inch) Full HD+ AMOLED Display,50MP + 2MP | 50MP Front Camera,,https://www.flipkart.com/oppo-f33-pro-5g-passion-red-256-gb/p/itme0e9af182d309?pid=MOBHM48FFFNFR8YD&lid=LSTMOBHM48FFFNFR8YDVAPFGT&marketplace=FLIPKART&q=smart+phones&store=tyy%2F4io&srno=s_41_966&otracker=search&fm=organic&iid=4403068f-dacf-4f50-aeb4-d264071717de.MOBHM48FFFNFR8YD.SEARCH&ppt=None&ppn=None&ssid=t2j1pgpids0000001790850125129&qH=a5594894156db043&ov_redirect=true,2026-10-01
967,"Infinix NOTE 60 Pro (Solar Orange, 256 GB)",Infinix,39999,44999,11% off,4.4,"1,746",281,8 GB RAM,256 GB ROM,6500 mAh Battery,Snapdragon 7s Gen 4 Processor,17.22 cm (6.78 inch) Full HD+ AMOLED Display,50MP + 8MP | 13MP Front Camera,,https://www.flipkart.com/infinix-note-60-pro-solar-orange-256-gb/p/itm7681d00923b3c?pid=MOBHHVE27GMHHRNA&lid=LSTMOBHHVE27GMHHRNAQXXJNV&marketplace=FLIPKART&q=smart+phones&store=tyy%2F4io&srno=s_41_967&otracker=search&fm=organic&iid=4403068f-dacf-4f50-aeb4-d264071717de.MOBHHVE27GMHHRNA.SEARCH&ppt=None&ppn=None&ssid=t2j1pgpids0000001790850125129&qH=a5594894156db043&ov_redirect=true,2026-10-01
968,"IQOO 15 5G (Apex, 256 GB)",IQOO,79999,92999,13% off,4.7,477,59,12 GB RAM,256 GB ROM,7000 mAh Battery,,17.4 cm (6.85 inch) Display,50MP Rear Camera,,https://www.flipkart.com/iqoo-15-5g-apex-256-gb/p/itm9db365d8009fa?pid=MOBHQWG2YREPJ26Q&lid=LSTMOBHQWG2YREPJ26QFWN2EG&marketplace=FLIPKART&q=smart+phones&store=tyy%2F4io&srno=s_41_968&otracker=search&fm=organic&iid=4403068f-dacf-4f50-aeb4-d264071717de.MOBHQWG2YREPJ26Q.SEARCH&ppt=None&ppn=None&ssid=t2j1pgpids0000001790850125129&qH=a5594894156db043&ov_redirect=true,2026-10-01
969,"realme P4x 5G (Lake Green, 128 GB)",realme,29999,43999,31% off,4.3,"8,636",717,8 GB RAM,128 GB ROM,7000 mAh Battery,Dimensity 7400 Ultra Processor,17.07 cm (6.72 inch) Full HD+ Display,50MP + 2MP | 8MP Front Camera,,https://www.flipkart.com/realme-p4x-5g-lake-green-128-gb/p/itm575b1540859e4?pid=MOBHN7A8P2KPBEVZ&lid=LSTMOBHN7A8P2KPBEVZF5GW6U&marketplace=FLIPKART&q=smart+phones&store=tyy%2F4io&srno=s_41_969&otracker=search&fm=organic&iid=4403068f-dacf-4f50-aeb4-d264071717de.MOBHN7A8P2KPBEVZ.SEARCH&ppt=None&ppn=None&ssid=t2j1pgpids0000001790850125129&qH=a5594894156db043&ov_redirect=true,2026-10-01
970,"Samsung Galaxy A57 5G (Awesome Navy, 256 GB)",Samsung,62999,,,4.4,102,13,12 GB RAM,256 GB ROM,5000 mAh Li-ion Battery,Exynos 1680 Processor,17.02 cm (6.7 inch) Full HD+ Super AMOLED Display,50MP + 12MP | 12MP Front Camera,,https://www.flipkart.com/samsung-galaxy-a57-5g-awesome-navy-256-gb/p/itm0a21d467664e9?pid=MOBHHENSYEYYVJ6N&lid=LSTMOBHHENSYEYYVJ6NCKIZDC&marketplace=FLIPKART&q=smart+phones&store=tyy%2F4io&srno=s_41_970&otracker=search&fm=organic&iid=4403068f-dacf-4f50-aeb4-d264071717de.MOBHHENSYEYYVJ6N.SEARCH&ppt=None&ppn=None&ssid=t2j1pgpids0000001790850125129&qH=a5594894156db043&ov_redirect=true,2026-10-01
971,"Samsung Galaxy A57 5G (Awesome Icyblue, 256 GB)",Samsung,62999,,,4.4,102,13,12 GB RAM,256 GB ROM,5000 mAh Li-ion Battery,Exynos 1680 Processor,17.02 cm (6.7 inch) Full HD+ Super AMOLED Display,50MP + 12MP | 12MP Front Camera,,https://www.flipkart.com/samsung-galaxy-a57-5g-awesome-icyblue-256-gb/p/itm0a21d467664e9?pid=MOBHHENSZ6FCYWX4&lid=LSTMOBHHENSZ6FCYWX4JQGLQP&marketplace=FLIPKART&q=smart+phones&store=tyy%2F4io&srno=s_41_971&otracker=search&fm=organic&iid=4403068f-dacf-4f50-aeb4-d264071717de.MOBHHENSZ6FCYWX4.SEARCH&ppt=None&ppn=None&ssid=t2j1pgpids0000001790850125129&qH=a5594894156db043&ov_redirect=true,2026-10-01
972,"Infinix SMART 20 (Sunlike Orange, 128 GB)",Infinix,14999,21999,31% off,3.9,295,34,4 GB RAM,128 GB ROM,5200 mAh Battery,Helio G81 Ultimate Processor,17.22 cm (6.78 inch) HD+ Display,8MP Rear Camera | 8MP Front Camera,,https://www.flipkart.com/infinix-smart-20-sunlike-orange-128-gb/p/itmf761cd49f9162?pid=MOBHNMEEFAWCYC5E&lid=LSTMOBHNMEEFAWCYC5EUPDPZ1&marketplace=FLIPKART&q=smart+phones&store=tyy%2F4io&srno=s_41_972&otracker=search&fm=organic&iid=4403068f-dacf-4f50-aeb4-d264071717de.MOBHNMEEFAWCYC5E.SEARCH&ppt=None&ppn=None&ssid=t2j1pgpids0000001790850125129&qH=a5594894156db043&ov_redirect=true,2026-10-01
973,"Apple iPhone 18 Pro (Black, 256 GB)",Apple,164900,,,4.7,220,29,,,,"A20 Pro chip, 6 Core Processor Processor",16.0 cm (6.3 inch) Super Retina XDR Display,48MP + 48MP + 48MP | 18MP Front Camera,,https://www.flipkart.com/apple-iphone-18-pro-black-256-gb/p/itm63a95e8ef1485?pid=MOBHQT5QXWHHWVEQ&lid=LSTMOBHQT5QXWHHWVEQUK1HRN&marketplace=FLIPKART&q=smart+phones&store=tyy%2F4io&srno=s_41_973&otracker=search&fm=organic&iid=4403068f-dacf-4f50-aeb4-d264071717de.MOBHQT5QXWHHWVEQ.SEARCH&ppt=None&ppn=None&ssid=t2j1pgpids0000001790850125129&qH=a5594894156db043&ov_redirect=true,2026-10-01
974,"Tecno Pova Curve 2 5G (Mystic Purple, 128 GB)",Tecno,31999,,,4.2,396,55,8 GB RAM,128 GB ROM,8000 mAh Lithium Polymer Battery,,17.22 cm (6.78 inch) Full HD+ AMOLED Display,50MP + 2MP | 13MP Front Camera,,https://www.flipkart.com/tecno-pova-curve-2-5g-mystic-purple-128-gb/p/itm1160d6853298d?pid=MOBHK67SYBZBUMKW&lid=LSTMOBHK67SYBZBUMKWSRFJQI&marketplace=FLIPKART&q=smart+phones&store=tyy%2F4io&srno=s_41_974&otracker=search&fm=organic&iid=4403068f-dacf-4f50-aeb4-d264071717de.MOBHK67SYBZBUMKW.SEARCH&ppt=None&ppn=None&ssid=t2j1pgpids0000001790850125129&qH=a5594894156db043&ov_redirect=true,2026-10-01
975,"Tecno Pova Curve 2 5G (Melting Silver, 128 GB)",Tecno,31999,,,4.2,396,55,8 GB RAM,128 GB ROM,8000 mAh Lithium Polymer Battery,,17.22 cm (6.78 inch) Full HD+ AMOLED Display,50MP + 2MP | 13MP Front Camera,,https://www.flipkart.com/tecno-pova-curve-2-5g-melting-silver-128-gb/p/itm1160d6853298d?pid=MOBHK67S4B7QR4ZG&lid=LSTMOBHK67S4B7QR4ZGEIKHUT&marketplace=FLIPKART&q=smart+phones&store=tyy%2F4io&srno=s_41_975&otracker=search&fm=organic&iid=4403068f-dacf-4f50-aeb4-d264071717de.MOBHK67S4B7QR4ZG.SEARCH&ppt=None&ppn=None&ssid=t2j1pgpids0000001790850125129&qH=a5594894156db043&ov_redirect=true,2026-10-01
976,"Tecno Pova Curve 2 5G (Storm Titanium, 128 GB)",Tecno,31999,,,4.2,396,55,8 GB RAM,128 GB ROM,8000 mAh Lithium Polymer Battery,,17.22 cm (6.78 inch) Full HD+ AMOLED Display,50MP + 2MP | 13MP Front Camera,,https://www.flipkart.com/tecno-pova-curve-2-5g-storm-titanium-128-gb/p/itm1160d6853298d?pid=MOBHK67SJBVWVG4R&lid=LSTMOBHK67SJBVWVG4RT9H7MK&marketplace=FLIPKART&q=smart+phones&store=tyy%2F4io&srno=s_41_976&otracker=search&fm=organic&iid=4403068f-dacf-4f50-aeb4-d264071717de.MOBHK67SJBVWVG4R.SEARCH&ppt=None&ppn=None&ssid=t2j1pgpids0000001790850125129&qH=a5594894156db043&ov_redirect=true,2026-10-01
977,"REDMI Turbo 5 5G (Asphalt Black, 256 GB)",REDMI,49990,57999,13% off,4.8,27,6,12 GB RAM,256 GB ROM,7540 mAh Battery,,16.74 cm (6.59 inch) Display,50MP Rear Camera,,https://www.flipkart.com/redmi-turbo-5-5g-asphalt-black-256-gb/p/itmd8266664918ee?pid=MOBHZHQ9UEQHTCSA&lid=LSTMOBHZHQ9UEQHTCSAQXFQ2U&marketplace=FLIPKART&q=smart+phones&store=tyy%2F4io&srno=s_41_977&otracker=search&fm=organic&iid=4403068f-dacf-4f50-aeb4-d264071717de.MOBHZHQ9UEQHTCSA.SEARCH&ppt=None&ppn=None&ssid=t2j1pgpids0000001790850125129&qH=a5594894156db043&ov_redirect=true,2026-10-01
978,"Alcatel V3 Ultra 5G (Champagne Gold, 128 GB)",Alcatel,21999,29999,26% off,3.7,226,49,8 GB RAM,128 GB ROM,5010 mAh Battery,Dimensity 6300 Processor,17.22 cm (6.78 inch) Full HD+ Display,108MP + 8MP + 2MP | 32MP Front Camera,,https://www.flipkart.com/alcatel-v3-ultra-5g-champagne-gold-128-gb/p/itm6b040ff5b5756?pid=MOBHBH2GZHD9SKJA&lid=LSTMOBHBH2GZHD9SKJAVIJUOM&marketplace=FLIPKART&q=smart+phones&store=tyy%2F4io&srno=s_41_978&otracker=search&fm=organic&iid=4403068f-dacf-4f50-aeb4-d264071717de.MOBHBH2GZHD9SKJA.SEARCH&ppt=None&ppn=None&ssid=t2j1pgpids0000001790850125129&qH=a5594894156db043&ov_redirect=true,2026-10-01
979,"vivo X300 FE (Urban Olive, 512 GB)",vivo,99999,129999,23% off,4.6,432,60,12 GB RAM,512 GB ROM,6500 mAh Battery,Snapdragon 8 Gen 5 Processor,16.03 cm (6.31 inch) Full HD+ AMOLED Display,50MP + 50MP + 8MP | 50MP Front Camera,,https://www.flipkart.com/vivo-x300-fe-urban-olive-512-gb/p/itm0c1929579cabb?pid=MOBHMKZ8HGPZDPZK&lid=LSTMOBHMKZ8HGPZDPZKYHJF3C&marketplace=FLIPKART&q=smart+phones&store=tyy%2F4io&srno=s_41_979&otracker=search&fm=organic&iid=4403068f-dacf-4f50-aeb4-d264071717de.MOBHMKZ8HGPZDPZK.SEARCH&ppt=None&ppn=None&ssid=t2j1pgpids0000001790850125129&qH=a5594894156db043&ov_redirect=true,2026-10-01
980,"vivo X300 FE (Lilac Purple, 512 GB)",vivo,99999,129999,23% off,4.6,432,60,12 GB RAM,512 GB ROM,6500 mAh Battery,Snapdragon 8 Gen 5 Processor,16.03 cm (6.31 inch) Full HD+ AMOLED Display,50MP + 50MP + 8MP | 50MP Front Camera,,https://www.flipkart.com/vivo-x300-fe-lilac-purple-512-gb/p/itm0c1929579cabb?pid=MOBHMKZ89GMYKBMG&lid=LSTMOBHMKZ89GMYKBMGNYB2IT&marketplace=FLIPKART&q=smart+phones&store=tyy%2F4io&srno=s_41_980&otracker=search&fm=organic&iid=4403068f-dacf-4f50-aeb4-d264071717de.MOBHMKZ89GMYKBMG.SEARCH&ppt=None&ppn=None&ssid=t2j1pgpids0000001790850125129&qH=a5594894156db043&ov_redirect=true,2026-10-01
981,"vivo X300 FE (Noir Black, 512 GB)",vivo,99999,129999,23% off,4.6,432,60,12 GB RAM,512 GB ROM,6500 mAh Battery,Snapdragon 8 Gen 5 Processor,16.03 cm (6.31 inch) Full HD+ AMOLED Display,50MP + 50MP + 8MP | 50MP Front Camera,,https://www.flipkart.com/vivo-x300-fe-noir-black-512-gb/p/itm0c1929579cabb?pid=MOBHMKZ8XZA9YY3C&lid=LSTMOBHMKZ8XZA9YY3CXROSPV&marketplace=FLIPKART&q=smart+phones&store=tyy%2F4io&srno=s_41_981&otracker=search&fm=organic&iid=4403068f-dacf-4f50-aeb4-d264071717de.MOBHMKZ8XZA9YY3C.SEARCH&ppt=None&ppn=None&ssid=t2j1pgpids0000001790850125129&qH=a5594894156db043&ov_redirect=true,2026-10-01
982,"Infinix HOT 70 Pro 5G (Thermo Orange, 128 GB)",Infinix,24999,32999,24% off,4.2,104,16,6 GB RAM,128 GB ROM,6000 mAh Battery,Dimensity 7100 Processor,17.17 cm (6.76 inch) Full HD+ Display,50MP Rear Camera | 8MP Front Camera,,https://www.flipkart.com/infinix-hot-70-pro-5g-thermo-orange-128-gb/p/itmc910721eaed88?pid=MOBHPSCUABKHNFWM&lid=LSTMOBHPSCUABKHNFWMHN11E3&marketplace=FLIPKART&q=smart+phones&store=tyy%2F4io&srno=s_41_982&otracker=search&fm=organic&iid=4403068f-dacf-4f50-aeb4-d264071717de.MOBHPSCUABKHNFWM.SEARCH&ppt=None&ppn=None&ssid=t2j1pgpids0000001790850125129&qH=a5594894156db043&ov_redirect=true,2026-10-01
983,"Alcatel V3 Ultra 5G (Champagne Gold, 128 GB)",Alcatel,18790,27999,32% off,3.7,462,61,6 GB RAM,128 GB ROM,5010 mAh Battery,Dimensity 6300 Processor,17.22 cm (6.78 inch) Full HD+ Display,108MP + 8MP + 2MP | 32MP Front Camera,,https://www.flipkart.com/alcatel-v3-ultra-5g-champagne-gold-128-gb/p/itm6b040ff5b5756?pid=MOBHBH2G2SG6PSFZ&lid=LSTMOBHBH2G2SG6PSFZQNCDDV&marketplace=FLIPKART&q=smart+phones&store=tyy%2F4io&srno=s_41_983&otracker=search&fm=organic&iid=4403068f-dacf-4f50-aeb4-d264071717de.MOBHBH2G2SG6PSFZ.SEARCH&ppt=None&ppn=None&ssid=t2j1pgpids0000001790850125129&qH=a5594894156db043&ov_redirect=true,2026-10-01
984,"vivo V70 FE (Monsoon Blue 2026, 128 GB)",vivo,44999,53999,16% off,4.4,947,97,8 GB RAM,128 GB ROM,7000 mAh Li-ion battery Battery,Dimensity 7360-Turbo Processor,17.35 cm (6.83 inch) Full HD+ AMOLED Display,200MP + 8MP | 50MP Front Camera,,https://www.flipkart.com/vivo-v70-fe-monsoon-blue-2026-128-gb/p/itmda852a903ef97?pid=MOBHZFFH8ZT8QZCR&lid=LSTMOBHZFFH8ZT8QZCRQUTPLD&marketplace=FLIPKART&q=smart+phones&store=tyy%2F4io&srno=s_41_984&otracker=search&fm=organic&iid=4403068f-dacf-4f50-aeb4-d264071717de.MOBHZFFH8ZT8QZCR.SEARCH&ppt=None&ppn=None&ssid=t2j1pgpids0000001790850125129&qH=a5594894156db043&ov_redirect=true,2026-10-01
