S.No,Product Name,Brand,Price,Original Price,Discount,Rating,Rating Count,Review Count,RAM,ROM,Battery,Processor,Display Size,Camera,Network Type,Product URL,Scraped Date
1,"Tecno Spark Go 3 (Ink Black, 64 GB)",Tecno,12499,15999,21% off,4.1,217,15,4 GB RAM,64 GB ROM,5000 mAh Lithium Polymer Battery,T7250 Processor,17.12 cm (6.74 inch) HD+ Display,13MP Rear Camera | 8MP Front Camera,,https://www.flipkart.com/tecno-spark-go-3-ink-black-64-gb/p/itma9c8f128a61c6?pid=MOBHP2QYCXZZE3CM&lid=LSTMOBHP2QYCXZZE3CMWW64IB&marketplace=FLIPKART&q=smart+phones&store=tyy%2F4io&srno=s_1_1&otracker=search&fm=organic&iid=en_QFcjIGLKaJivHJGJ9v-5UK0UlOrtNfh2loceVq4WhVsYfCtlBnXO_HoMUNKjfvtEu-p7FawYTmaPPeu5xWEE1ZLgCDLd29XPfHChd2SlxWvN0m3dmFEsBJdxoDdSO1cy&ppt=None&ppn=None&ssid=6qpjv6azi80000001790676172938&qH=a5594894156db043&ov_redirect=true,2026-09-29
2,"BOLTT EVO (Berry Red, 64 GB)",BOLTT,9999,17999,44% off,4.4,"1,018",566,4 GB RAM,64 GB ROM,6000 mAh Lithium ion Battery,T7250 Processor,6.79'' HD+ punch hole display,50MP + 2MP | 8MP Front Camera,,https://www.flipkart.com/boltt-evo-berry-red-64-gb/p/itmf046d663a1fd7?pid=MOBHPP598ENKRGBY&lid=LSTMOBHPP598ENKRGBYC3QECN&marketplace=FLIPKART&q=smart+phones&store=tyy%2F4io&srno=s_1_2&otracker=search&fm=organic&iid=1699a673-f26e-48bf-91b1-b6f0cf7c3a13.MOBHPP598ENKRGBY.SEARCH&ppt=None&ppn=None&ssid=6qpjv6azi80000001790676172938&qH=a5594894156db043&ov_redirect=true,2026-09-29
3,"Apple iPhone 16 (Ultramarine, 128 GB)",Apple,69900,,,4.6,"1,99,244","8,616",,,,"A18 Chip, 6 Core Processor Processor",15.49 cm (6.1 inch) Super Retina XDR Display,48MP + 12MP | 12MP Front Camera,,https://www.flipkart.com/apple-iphone-16-ultramarine-128-gb/p/itmcc210cae43fba?pid=MOBH4DQFYZT6EH2F&lid=LSTMOBH4DQFYZT6EH2FXM70WU&marketplace=FLIPKART&q=smart+phones&store=tyy%2F4io&srno=s_1_3&otracker=search&fm=organic&iid=1699a673-f26e-48bf-91b1-b6f0cf7c3a13.MOBH4DQFYZT6EH2F.SEARCH&ppt=None&ppn=None&ssid=6qpjv6azi80000001790676172938&qH=a5594894156db043&ov_redirect=true,2026-09-29
4,"Ai+ Pulse 2 (Purple, 64 GB)",Ai+,10999,,,4.1,"13,034",921,4 GB RAM,64 GB ROM,6000 mAh Battery,T7250 Processor,17.13 cm (6.745 inch) HD+ Display,50MP Rear Camera | 8MP Front Camera,,https://www.flipkart.com/ai-pulse-2-purple-64-gb/p/itmdc910ae2ff0c1?pid=MOBHKHPYQHGDVRTG&lid=LSTMOBHKHPYQHGDVRTGHKLHJJ&marketplace=FLIPKART&q=smart+phones&store=tyy%2F4io&srno=s_1_4&otracker=search&fm=organic&iid=1699a673-f26e-48bf-91b1-b6f0cf7c3a13.MOBHKHPYQHGDVRTG.SEARCH&ppt=None&ppn=None&ssid=6qpjv6azi80000001790676172938&qH=a5594894156db043&ov_redirect=true,2026-09-29
5,"Samsung Galaxy F06 5G (Lit Violet, 128 GB)",Samsung,13999,,,4.2,"48,074","3,570",4 GB RAM,128 GB ROM,5000 mAh Battery,Dimensity 6300 Processor,43.23 cm (17.018 cm) HD+ Display,50MP + 2MP | 8MP Front Camera,,https://www.flipkart.com/samsung-galaxy-f06-5g-lit-violet-128-gb/p/itm140da3412b73b?pid=MOBH9AS4FA5RUHSY&lid=LSTMOBH9AS4FA5RUHSYIYVIFO&marketplace=FLIPKART&q=smart+phones&store=tyy%2F4io&srno=s_1_5&otracker=search&fm=organic&iid=1699a673-f26e-48bf-91b1-b6f0cf7c3a13.MOBH9AS4FA5RUHSY.SEARCH&ppt=None&ppn=None&ssid=6qpjv6azi80000001790676172938&qH=a5594894156db043&ov_redirect=true,2026-09-29
6,"Ai+ Nova 2 Power 5G (Golden Blue Fusion, 128 GB)",Ai+,17999,29999,40% off,,,,8 GB RAM,128 GB ROM,7000 mAh Li-polymer Battery,Dimensity 7100 Processor,17.14 cm (6.75 inch) HD+ Display,48MP + 8MP | 13MP Front Camera,,https://www.flipkart.com/ai-nova-2-power-5g-golden-blue-fusion-128-gb/p/itmc937aff58a518?pid=MOBHQZVXPMTFEJZ9&lid=LSTMOBHQZVXPMTFEJZ9PWNJR5&marketplace=FLIPKART&q=smart+phones&store=tyy%2F4io&srno=s_1_6&otracker=search&fm=organic&iid=1699a673-f26e-48bf-91b1-b6f0cf7c3a13.MOBHQZVXPMTFEJZ9.SEARCH&ppt=None&ppn=None&ssid=6qpjv6azi80000001790676172938&qH=a5594894156db043&ov_redirect=true,2026-09-29
7,"OnePlus Nord CE6 Lite (Hyper Black, 128 GB)",OnePlus,29458,33999,13% off,4.3,"1,151",75,8 GB RAM,128 GB ROM,7000 mAh Battery,Mediatek Dimensity 7400 Processor,17.07 cm (6.72 inch) Full HD+ Display,50MP Rear Camera | 8MP Front Camera,,https://www.flipkart.com/oneplus-nord-ce6-lite-hyper-black-128-gb/p/itm894a5599b758b?pid=MOBHN8CA4A6Z3KMZ&lid=LSTMOBHN8CA4A6Z3KMZLOO9M0&marketplace=FLIPKART&q=smart+phones&store=tyy%2F4io&srno=s_1_7&otracker=search&fm=organic&iid=1699a673-f26e-48bf-91b1-b6f0cf7c3a13.MOBHN8CA4A6Z3KMZ.SEARCH&ppt=None&ppn=None&ssid=6qpjv6azi80000001790676172938&qH=a5594894156db043&ov_redirect=true,2026-09-29
8,"LAVA Bold N2 Lite (Kolar Gold, 64 GB)",LAVA,9299,11499,19% off,4,"1,087",69,3 GB RAM,64 GB ROM,5000 mAh Li-ion Battery,,17.14 cm (6.75 inch) HD+ Display,13MP Rear Camera | 5MP Front Camera,,https://www.flipkart.com/lava-bold-n2-lite-kolar-gold-64-gb/p/itm89829830bc4ff?pid=MOBHNSAGKCHVH7ST&lid=LSTMOBHNSAGKCHVH7ST0XSKKQ&marketplace=FLIPKART&q=smart+phones&store=tyy%2F4io&srno=s_1_8&otracker=search&fm=organic&iid=1699a673-f26e-48bf-91b1-b6f0cf7c3a13.MOBHNSAGKCHVH7ST.SEARCH&ppt=None&ppn=None&ssid=6qpjv6azi80000001790676172938&qH=a5594894156db043&ov_redirect=true,2026-09-29
9,"vivo T5 Lite 44W 5G (Wave Blue, 128 GB)",vivo,20499,33999,39% off,4.2,"1,504",108,4 GB RAM,128 GB ROM,6500 mAh Li-ion Battery,Dimensity 6300 5G Processor,17.12 cm (6.74 inch) HD+ Display,50MP + 0.08MP | 5MP Front Camera,5G,https://www.flipkart.com/vivo-t5-lite-44w-5g-wave-blue-128-gb/p/itm5420c578ec2df?pid=MOBHNDTD5AWH5FJT&lid=LSTMOBHNDTD5AWH5FJTRKD4WK&marketplace=FLIPKART&q=smart+phones&store=tyy%2F4io&srno=s_1_9&otracker=search&fm=organic&iid=1699a673-f26e-48bf-91b1-b6f0cf7c3a13.MOBHNDTD5AWH5FJT.SEARCH&ppt=None&ppn=None&ssid=6qpjv6azi80000001790676172938&qH=a5594894156db043&ov_redirect=true,2026-09-29
10,"POCO C85x 5G (Elite Black, 64 GB)",POCO,14999,20999,28% off,4.1,"5,750",787,4 GB RAM,64 GB ROM,6300 mAh Lithium-Ion Polymer Battery,T8300 Processor,17.53 cm (6.9 inch) HD+ Display,32MP Rear Camera,,https://www.flipkart.com/poco-c85x-5g-elite-black-64-gb/p/itmb6ec0fa7ab991?pid=MOBHMGG5SMZEFPTQ&lid=LSTMOBHMGG5SMZEFPTQ31I99O&marketplace=FLIPKART&q=smart+phones&store=tyy%2F4io&srno=s_1_10&otracker=search&fm=organic&iid=1699a673-f26e-48bf-91b1-b6f0cf7c3a13.MOBHMGG5SMZEFPTQ.SEARCH&ppt=None&ppn=None&ssid=6qpjv6azi80000001790676172938&qH=a5594894156db043&ov_redirect=true,2026-09-29
11,"BOLTT EVO (Sky Blue, 64 GB)",BOLTT,9999,17999,44% off,4.4,"1,018",566,4 GB RAM,64 GB ROM,6000 mAh Lithium ion Battery,T7250 Processor,6.79'' HD+ punch hole display,50MP + 2MP | 8MP Front Camera,,https://www.flipkart.com/boltt-evo-sky-blue-64-gb/p/itmf046d663a1fd7?pid=MOBHPP59WKSV4FYG&lid=LSTMOBHPP59WKSV4FYGYPMLV6&marketplace=FLIPKART&q=smart+phones&store=tyy%2F4io&srno=s_1_11&otracker=search&fm=organic&iid=1699a673-f26e-48bf-91b1-b6f0cf7c3a13.MOBHPP59WKSV4FYG.SEARCH&ppt=None&ppn=None&ssid=6qpjv6azi80000001790676172938&qH=a5594894156db043&ov_redirect=true,2026-09-29
12,"BOLTT EVO (Lavender Bloom, 64 GB)",BOLTT,9999,17999,44% off,4.4,"1,018",566,4 GB RAM,64 GB ROM,6000 mAh Lithium ion Battery,T7250 Processor,6.79'' HD+ punch hole display,50MP + 2MP | 8MP Front Camera,,https://www.flipkart.com/boltt-evo-lavender-bloom-64-gb/p/itmf046d663a1fd7?pid=MOBHPP59AEJZHCVZ&lid=LSTMOBHPP59AEJZHCVZQQSXMU&marketplace=FLIPKART&q=smart+phones&store=tyy%2F4io&srno=s_1_12&otracker=search&fm=organic&iid=1699a673-f26e-48bf-91b1-b6f0cf7c3a13.MOBHPP59AEJZHCVZ.SEARCH&ppt=None&ppn=None&ssid=6qpjv6azi80000001790676172938&qH=a5594894156db043&ov_redirect=true,2026-09-29
13,"BOLTT EVO (Midnight Black, 64 GB)",BOLTT,9999,17999,44% off,4.4,"1,018",566,4 GB RAM,64 GB ROM,6000 mAh Lithium ion Battery,T7250 Processor,6.79'' HD+ punch hole display,50MP + 2MP | 8MP Front Camera,,https://www.flipkart.com/boltt-evo-midnight-black-64-gb/p/itmf046d663a1fd7?pid=MOBHPP597GB8ZHTY&lid=LSTMOBHPP597GB8ZHTYGYX70A&marketplace=FLIPKART&q=smart+phones&store=tyy%2F4io&srno=s_1_13&otracker=search&fm=organic&iid=1699a673-f26e-48bf-91b1-b6f0cf7c3a13.MOBHPP597GB8ZHTY.SEARCH&ppt=None&ppn=None&ssid=6qpjv6azi80000001790676172938&qH=a5594894156db043&ov_redirect=true,2026-09-29
14,"Ai+ Nova 2 5G (Blue, 128 GB)",Ai+,14999,,,4,"5,900",460,6 GB RAM,128 GB ROM,6000 mAh Battery,T8200 Processor,17.13 cm (6.745 inch) HD+ Display,50MP Rear Camera | 8MP Front Camera,,https://www.flipkart.com/ai-nova-2-5g-blue-128-gb/p/itm149ae9e602599?pid=MOBHKHPYRKWUQAA2&lid=LSTMOBHKHPYRKWUQAA2VQX454&marketplace=FLIPKART&q=smart+phones&store=tyy%2F4io&spotlightTagId=default_BestsellerId_tyy%2F4io&srno=s_1_14&otracker=search&fm=organic&iid=1699a673-f26e-48bf-91b1-b6f0cf7c3a13.MOBHKHPYRKWUQAA2.SEARCH&ppt=None&ppn=None&ssid=6qpjv6azi80000001790676172938&qH=a5594894156db043&ov_redirect=true,2026-09-29
15,"Ai+ Pulse 2 (Blue, 64 GB)",Ai+,10999,,,4.1,"13,034",921,4 GB RAM,64 GB ROM,6000 mAh Battery,T7250 Processor,17.13 cm (6.745 inch) HD+ Display,50MP Rear Camera | 8MP Front Camera,,https://www.flipkart.com/ai-pulse-2-blue-64-gb/p/itm9168504534079?pid=MOBHKHPYZFF8KUPC&lid=LSTMOBHKHPYZFF8KUPCODDALK&marketplace=FLIPKART&q=smart+phones&store=tyy%2F4io&srno=s_1_15&otracker=search&fm=organic&iid=1699a673-f26e-48bf-91b1-b6f0cf7c3a13.MOBHKHPYZFF8KUPC.SEARCH&ppt=None&ppn=None&ssid=6qpjv6azi80000001790676172938&qH=a5594894156db043&ov_redirect=true,2026-09-29
16,"BOLTT EVO (Midnight Black, 128 GB)",BOLTT,11499,18999,39% off,3.9,"1,438",682,6 GB RAM,128 GB ROM,6000 mAh Lithium ion Battery,T7250 Processor,6.79'' HD+ punch hole display,50MP + 2MP | 8MP Front Camera,,https://www.flipkart.com/boltt-evo-midnight-black-128-gb/p/itmf046d663a1fd7?pid=MOBHPP59RWHM2PJH&lid=LSTMOBHPP59RWHM2PJHUUF4AF&marketplace=FLIPKART&q=smart+phones&store=tyy%2F4io&srno=s_1_16&otracker=search&fm=organic&iid=1699a673-f26e-48bf-91b1-b6f0cf7c3a13.MOBHPP59RWHM2PJH.SEARCH&ppt=None&ppn=None&ssid=6qpjv6azi80000001790676172938&qH=a5594894156db043&ov_redirect=true,2026-09-29
17,"Ai+ Pulse 2 (Blue, 128 GB)",Ai+,11499,15499,25% off,4.1,"13,034",921,4 GB RAM,128 GB ROM,6000 mAh Battery,T7250 Processor,17.13 cm (6.745 inch) HD+ Display,50MP Rear Camera | 8MP Front Camera,,https://www.flipkart.com/ai-pulse-2-blue-128-gb/p/itm982c299d0417e?pid=MOBHZPMCBYNXVYDB&lid=LSTMOBHZPMCBYNXVYDBFJKORE&marketplace=FLIPKART&q=smart+phones&store=tyy%2F4io&srno=s_1_17&otracker=search&fm=organic&iid=1699a673-f26e-48bf-91b1-b6f0cf7c3a13.MOBHZPMCBYNXVYDB.SEARCH&ppt=None&ppn=None&ssid=6qpjv6azi80000001790676172938&qH=a5594894156db043&ov_redirect=true,2026-09-29
18,"Ai+ Pulse 2 (Black, 64 GB)",Ai+,10999,,,4.1,"13,034",921,4 GB RAM,64 GB ROM,6000 mAh Battery,T7250 Processor,17.13 cm (6.745 inch) HD+ Display,50MP Rear Camera | 8MP Front Camera,,https://www.flipkart.com/ai-pulse-2-black-64-gb/p/itm7feca2e591fba?pid=MOBHKHPYGKYZ3YUN&lid=LSTMOBHKHPYGKYZ3YUNYJ4N4U&marketplace=FLIPKART&q=smart+phones&store=tyy%2F4io&srno=s_1_18&otracker=search&fm=organic&iid=1699a673-f26e-48bf-91b1-b6f0cf7c3a13.MOBHKHPYGKYZ3YUN.SEARCH&ppt=None&ppn=None&ssid=6qpjv6azi80000001790676172938&qH=a5594894156db043&ov_redirect=true,2026-09-29
19,"Ai+ Nova 2 5G (Purple, 64 GB)",Ai+,13999,,,4.2,"7,063",403,4 GB RAM,64 GB ROM,6000 mAh Battery,T8200 Processor,17.13 cm (6.745 inch) HD+ Display,50MP Rear Camera | 8MP Front Camera,,https://www.flipkart.com/ai-nova-2-5g-purple-64-gb/p/itm07c0f38f44c5c?pid=MOBHKHPYYEJCZCAA&lid=LSTMOBHKHPYYEJCZCAA8UE6IX&marketplace=FLIPKART&q=smart+phones&store=tyy%2F4io&srno=s_1_19&otracker=search&fm=organic&iid=1699a673-f26e-48bf-91b1-b6f0cf7c3a13.MOBHKHPYYEJCZCAA.SEARCH&ppt=None&ppn=None&ssid=6qpjv6azi80000001790676172938&qH=a5594894156db043&ov_redirect=true,2026-09-29
20,"BOLTT EVO (Arctic White, 128 GB)",BOLTT,11499,18999,39% off,3.9,"1,438",682,6 GB RAM,128 GB ROM,6000 mAh Lithium ion Battery,T7250 Processor,6.79'' HD+ punch hole display,50MP + 2MP | 8MP Front Camera,,https://www.flipkart.com/boltt-evo-arctic-white-128-gb/p/itmf046d663a1fd7?pid=MOBHPP59GKGTGZGA&lid=LSTMOBHPP59GKGTGZGAIEMNWG&marketplace=FLIPKART&q=smart+phones&store=tyy%2F4io&srno=s_1_20&otracker=search&fm=organic&iid=1699a673-f26e-48bf-91b1-b6f0cf7c3a13.MOBHPP59GKGTGZGA.SEARCH&ppt=None&ppn=None&ssid=6qpjv6azi80000001790676172938&qH=a5594894156db043&ov_redirect=true,2026-09-29
21,"OnePlus N6 5G (Fresh Mint, 128 GB)",OnePlus,23460,30999,24% off,4.1,841,85,4 GB RAM,128 GB ROM,8000 mAh Battery,,17.27 cm (6.8 inch) Display,50MP Rear Camera,,https://www.flipkart.com/oneplus-n6-5g-fresh-mint-128-gb/p/itm73a3c7e824695?pid=MOBHZVFJZJS8EE7G&lid=LSTMOBHZVFJZJS8EE7G0HGGAY&marketplace=FLIPKART&q=smart+phones&store=tyy%2F4io&srno=s_1_21&otracker=search&fm=organic&iid=1699a673-f26e-48bf-91b1-b6f0cf7c3a13.MOBHZVFJZJS8EE7G.SEARCH&ppt=None&ppn=None&ssid=6qpjv6azi80000001790676172938&qH=a5594894156db043&ov_redirect=true,2026-09-29
22,"Samsung M06 5G (Sage Green, 128 GB)",Samsung,15995,16999,5% off,4.1,"6,229",427,4 GB RAM,128 GB ROM,5000 mAh Battery,,17.02 cm (6.7 inch) Display,50MP Rear Camera,,https://www.flipkart.com/samsung-m06-5g-sage-green-128-gb/p/itmcafa42dadc15c?pid=MOBH9UYFYVNKR3HR&lid=LSTMOBH9UYFYVNKR3HRK4HDKJ&marketplace=FLIPKART&q=smart+phones&store=tyy%2F4io&srno=s_1_22&otracker=search&fm=organic&iid=1699a673-f26e-48bf-91b1-b6f0cf7c3a13.MOBH9UYFYVNKR3HR.SEARCH&ppt=None&ppn=None&ssid=6qpjv6azi80000001790676172938&qH=a5594894156db043&ov_redirect=true,2026-09-29
23,Vivo T4 Lite 5G (Prism Blue 2026) ( 4GB 128GB),Vivo,18999,28999,34% off,4.3,"44,472","2,033",4 GB RAM,128 GB ROM,6000 mAh Battery,Dimensity 6300 5G Processor,17.12 cm (6.74 inch) HD+ Display,50MP + 2MP | 5MP Front Camera,5G,https://www.flipkart.com/vivo-t4-lite-5g-prism-blue-2026-4gb-128gb/p/itm49fb53d099f3c?pid=MOBHNCRKRGZ4MJDK&lid=LSTMOBHNCRKRGZ4MJDKTRQ94M&marketplace=FLIPKART&q=smart+phones&store=tyy%2F4io&srno=s_1_23&otracker=search&fm=organic&iid=1699a673-f26e-48bf-91b1-b6f0cf7c3a13.MOBHNCRKRGZ4MJDK.SEARCH&ppt=None&ppn=None&ssid=6qpjv6azi80000001790676172938&qH=a5594894156db043&ov_redirect=true,2026-09-29
24,"Ai+ Nova 2 Ultra 5G (Blue, 128 GB)",Ai+,21999,31999,31% off,4.1,"2,137",302,8 GB RAM,128 GB ROM,6000 mAh Li-polymer Battery,Dimensity 7400 Processor,17.22 cm (6.78 inch) Full HD+ AMOLED Display,50MP + 8MP | 13MP Front Camera,,https://www.flipkart.com/ai-nova-2-ultra-5g-blue-128-gb/p/itm73b7abaef2553?pid=MOBHZHUVQRR46GQR&lid=LSTMOBHZHUVQRR46GQRUACQWG&marketplace=FLIPKART&q=smart+phones&store=tyy%2F4io&srno=s_1_24&otracker=search&fm=organic&iid=1699a673-f26e-48bf-91b1-b6f0cf7c3a13.MOBHZHUVQRR46GQR.SEARCH&ppt=None&ppn=None&ssid=6qpjv6azi80000001790676172938&qH=a5594894156db043&ov_redirect=true,2026-09-29
25,"Ai+ Pulse 2 (Green, 64 GB)",Ai+,10999,,,4.1,"13,034",921,4 GB RAM,64 GB ROM,6000 mAh Battery,T7250 Processor,17.13 cm (6.745 inch) HD+ Display,50MP Rear Camera | 8MP Front Camera,,https://www.flipkart.com/ai-pulse-2-green-64-gb/p/itm8475838cc2064?pid=MOBHKHPYZHDPMZSR&lid=LSTMOBHKHPYZHDPMZSRLBINVS&marketplace=FLIPKART&q=smart+phones&store=tyy%2F4io&srno=s_2_25&otracker=search&fm=organic&iid=4524ed4b-7ad5-493d-b5e1-5b2fdcdba947.MOBHKHPYZHDPMZSR.SEARCH&ppt=None&ppn=None&ssid=gsz3yjrzmo0000001790676175692&qH=a5594894156db043&ov_redirect=true,2026-09-29
26,Vivo T4 Lite 5G (Titanium Gold 2026) (4GB 64GB),Vivo,16999,27999,39% off,4.3,"44,472","2,033",4 GB RAM,64 GB ROM,6000 mAh Battery,Dimensity 6300 5G Processor,17.12 cm (6.74 inch) HD+ Display,50MP + 2MP | 5MP Front Camera,5G,https://www.flipkart.com/vivo-t4-lite-5g-titanium-gold-2026-4gb-64gb/p/itm49fb53d099f3c?pid=MOBHNCRK44PF7QEN&lid=LSTMOBHNCRK44PF7QENBDEBI7&marketplace=FLIPKART&q=smart+phones&store=tyy%2F4io&srno=s_2_26&otracker=search&fm=organic&iid=4524ed4b-7ad5-493d-b5e1-5b2fdcdba947.MOBHNCRK44PF7QEN.SEARCH&ppt=None&ppn=None&ssid=gsz3yjrzmo0000001790676175692&qH=a5594894156db043&ov_redirect=true,2026-09-29
27,"Tecno Spark Go 3 (Ink Black, 64 GB)",Tecno,12499,15999,21% off,4.1,217,15,4 GB RAM,64 GB ROM,5000 mAh Lithium Polymer Battery,T7250 Processor,17.12 cm (6.74 inch) HD+ Display,13MP Rear Camera | 8MP Front Camera,,https://www.flipkart.com/tecno-spark-go-3-ink-black-64-gb/p/itma9c8f128a61c6?pid=MOBHP2QYCXZZE3CM&lid=LSTMOBHP2QYCXZZE3CMWW64IB&marketplace=FLIPKART&q=smart+phones&store=tyy%2F4io&srno=s_2_27&otracker=search&fm=organic&iid=en_NfShCbmfdB7W7867l8FcovKtOU52pvGF7ydBLg0wUPiDKBzpE5vkkZJ-TfZLLo4nu-p7FawYTmaPPeu5xWEE1ZLgCDLd29XPfHChd2SlxWs5qFCUCys-GL2mHrQou0yc&ppt=None&ppn=None&ssid=gsz3yjrzmo0000001790676175692&qH=a5594894156db043&ov_redirect=true,2026-09-29
28,"vivo T5 Lite 44W 5G (Wave Blue, 256 GB)",vivo,26999,42499,36% off,4.3,"3,396",264,6 GB RAM,256 GB ROM,6500 mAh Li-ion Battery,Dimensity 6300 5G Processor,17.12 cm (6.74 inch) HD+ Display,50MP + 0.08MP | 5MP Front Camera,5G,https://www.flipkart.com/vivo-t5-lite-44w-5g-wave-blue-256-gb/p/itm5420c578ec2df?pid=MOBHNDTDZ9YZFPZA&lid=LSTMOBHNDTDZ9YZFPZA2NLC1Q&marketplace=FLIPKART&q=smart+phones&store=tyy%2F4io&srno=s_2_28&otracker=search&fm=organic&iid=4524ed4b-7ad5-493d-b5e1-5b2fdcdba947.MOBHNDTDZ9YZFPZA.SEARCH&ppt=None&ppn=None&ssid=gsz3yjrzmo0000001790676175692&qH=a5594894156db043&ov_redirect=true,2026-09-29
29,"BOLTT EVO (Arctic White, 64 GB)",BOLTT,9999,17999,44% off,4.4,"1,018",566,4 GB RAM,64 GB ROM,6000 mAh Lithium ion Battery,T7250 Processor,6.79'' HD+ punch hole display,50MP + 2MP | 8MP Front Camera,,https://www.flipkart.com/boltt-evo-arctic-white-64-gb/p/itmf046d663a1fd7?pid=MOBHPP59BYSJ98M8&lid=LSTMOBHPP59BYSJ98M8RWYHGQ&marketplace=FLIPKART&q=smart+phones&store=tyy%2F4io&srno=s_2_29&otracker=search&fm=organic&iid=4524ed4b-7ad5-493d-b5e1-5b2fdcdba947.MOBHPP59BYSJ98M8.SEARCH&ppt=None&ppn=None&ssid=gsz3yjrzmo0000001790676175692&qH=a5594894156db043&ov_redirect=true,2026-09-29
30,"Ai+ Pulse 2 (Green, 128 GB)",Ai+,11499,15499,25% off,4.1,"13,034",921,4 GB RAM,128 GB ROM,6000 mAh Battery,T7250 Processor,17.13 cm (6.745 inch) HD+ Display,50MP Rear Camera | 8MP Front Camera,,https://www.flipkart.com/ai-pulse-2-green-128-gb/p/itm982c299d0417e?pid=MOBHZPMCJ4DEWUYE&lid=LSTMOBHZPMCJ4DEWUYERAMSGX&marketplace=FLIPKART&q=smart+phones&store=tyy%2F4io&srno=s_2_30&otracker=search&fm=organic&iid=4524ed4b-7ad5-493d-b5e1-5b2fdcdba947.MOBHZPMCJ4DEWUYE.SEARCH&ppt=None&ppn=None&ssid=gsz3yjrzmo0000001790676175692&qH=a5594894156db043&ov_redirect=true,2026-09-29
31,"OnePlus N6 5G (Midnight Green, 128 GB)",OnePlus,23224,30999,25% off,4.1,855,86,4 GB RAM,128 GB ROM,8000 mAh Battery,,17.27 cm (6.8 inch) Display,50MP Rear Camera,,https://www.flipkart.com/oneplus-n6-5g-midnight-green-128-gb/p/itm73a3c7e824695?pid=MOBHZVFJR8TPUG2P&lid=LSTMOBHZVFJR8TPUG2PMKUVKZ&marketplace=FLIPKART&q=smart+phones&store=tyy%2F4io&srno=s_2_31&otracker=search&fm=organic&iid=4524ed4b-7ad5-493d-b5e1-5b2fdcdba947.MOBHZVFJR8TPUG2P.SEARCH&ppt=None&ppn=None&ssid=gsz3yjrzmo0000001790676175692&qH=a5594894156db043&ov_redirect=true,2026-09-29
32,"Ai+ Nova 2 5G (Purple, 128 GB)",Ai+,14999,,,4,"5,900",460,6 GB RAM,128 GB ROM,6000 mAh Battery,T8200 Processor,17.13 cm (6.745 inch) HD+ Display,50MP Rear Camera | 8MP Front Camera,,https://www.flipkart.com/ai-nova-2-5g-purple-128-gb/p/itm7c92b4bc5c2a3?pid=MOBHKHPYBCU4GZR3&lid=LSTMOBHKHPYBCU4GZR3MNY9GL&marketplace=FLIPKART&q=smart+phones&store=tyy%2F4io&srno=s_2_32&otracker=search&fm=organic&iid=4524ed4b-7ad5-493d-b5e1-5b2fdcdba947.MOBHKHPYBCU4GZR3.SEARCH&ppt=None&ppn=None&ssid=gsz3yjrzmo0000001790676175692&qH=a5594894156db043&ov_redirect=true,2026-09-29
33,"OPPO K14 Lite (Feather Purple, 64 GB)",OPPO,16999,37999,55% off,4,61,7,4 GB RAM,64 GB ROM,7000 mAh lithium-ion polymer Battery,T7250 Processor,17.14 cm (6.75 inch) HD+ Display,13MP Rear Camera | 5MP Front Camera,,https://www.flipkart.com/oppo-k14-lite-feather-purple-64-gb/p/itmb13fea9340374?pid=MOBHQZZ2GTANTBKC&lid=LSTMOBHQZZ2GTANTBKCCEHJHZ&marketplace=FLIPKART&q=smart+phones&store=tyy%2F4io&srno=s_2_33&otracker=search&fm=organic&iid=4524ed4b-7ad5-493d-b5e1-5b2fdcdba947.MOBHQZZ2GTANTBKC.SEARCH&ppt=None&ppn=None&ssid=gsz3yjrzmo0000001790676175692&qH=a5594894156db043&ov_redirect=true,2026-09-29
34,"vivo T5 Lite 44W 5G (Twilight Shadow, 128 GB)",vivo,22999,38499,40% off,4.3,"3,396",264,6 GB RAM,128 GB ROM,6500 mAh Li-ion Battery,Dimensity 6300 5G Processor,17.12 cm (6.74 inch) HD+ Display,50MP + 0.08MP | 5MP Front Camera,5G,https://www.flipkart.com/vivo-t5-lite-44w-5g-twilight-shadow-128-gb/p/itm5420c578ec2df?pid=MOBHNDTDY4HFGV2T&lid=LSTMOBHNDTDY4HFGV2TLKUCDQ&marketplace=FLIPKART&q=smart+phones&store=tyy%2F4io&srno=s_2_34&otracker=search&fm=organic&iid=4524ed4b-7ad5-493d-b5e1-5b2fdcdba947.MOBHNDTDY4HFGV2T.SEARCH&ppt=None&ppn=None&ssid=gsz3yjrzmo0000001790676175692&qH=a5594894156db043&ov_redirect=true,2026-09-29
35,"MOTOROLA g37 (PANTONE Nautical Blue, 64 GB)",MOTOROLA,17249,24999,31% off,4.3,"4,003",216,4 GB RAM,64 GB ROM,5200 mAh Battery,Dimensity 6400 Processor,16.92 cm (6.66 inch) HD+ Display,50MP Rear Camera | 8MP Front Camera,,https://www.flipkart.com/motorola-g37-pantone-nautical-blue-64-gb/p/itm5d235b295291f?pid=MOBHHWB6YAKNZGPB&lid=LSTMOBHHWB6YAKNZGPBGLLTUW&marketplace=FLIPKART&q=smart+phones&store=tyy%2F4io&srno=s_2_35&otracker=search&fm=organic&iid=4524ed4b-7ad5-493d-b5e1-5b2fdcdba947.MOBHHWB6YAKNZGPB.SEARCH&ppt=None&ppn=None&ssid=gsz3yjrzmo0000001790676175692&qH=a5594894156db043&ov_redirect=true,2026-09-29
36,"MOTOROLA g06 power (Pantone tapestry, 64 GB)",MOTOROLA,15249,19999,23% off,4.2,"24,101","1,675",4 GB RAM,64 GB ROM,7000 mAh Battery,Helio G81 Processor,17.48 cm (6.88 inch) HD+ Display,50MP Rear Camera | 8MP Front Camera,,https://www.flipkart.com/motorola-g06-power-pantone-tapestry-64-gb/p/itm29390fa68401d?pid=MOBHN973FFYHGUGG&lid=LSTMOBHN973FFYHGUGG27JKDQ&marketplace=FLIPKART&q=smart+phones&store=tyy%2F4io&srno=s_2_36&otracker=search&fm=organic&iid=4524ed4b-7ad5-493d-b5e1-5b2fdcdba947.MOBHN973FFYHGUGG.SEARCH&ppt=None&ppn=None&ssid=gsz3yjrzmo0000001790676175692&qH=a5594894156db043&ov_redirect=true,2026-09-29
37,"OnePlus Nord CE6 Lite (Vivid Mint, 128 GB)",OnePlus,28648,33999,15% off,4.3,"1,151",75,8 GB RAM,128 GB ROM,7000 mAh Battery,Mediatek Dimensity 7400 Processor,17.07 cm (6.72 inch) Full HD+ Display,8MP Rear Camera | 8MP Front Camera,,https://www.flipkart.com/oneplus-nord-ce6-lite-vivid-mint-128-gb/p/itm894a5599b758b?pid=MOBHN86VFKDWVHXF&lid=LSTMOBHN86VFKDWVHXF7YNCQG&marketplace=FLIPKART&q=smart+phones&store=tyy%2F4io&srno=s_2_37&otracker=search&fm=organic&iid=4524ed4b-7ad5-493d-b5e1-5b2fdcdba947.MOBHN86VFKDWVHXF.SEARCH&ppt=None&ppn=None&ssid=gsz3yjrzmo0000001790676175692&qH=a5594894156db043&ov_redirect=true,2026-09-29
38,"LAVA Virat V1 (Himalayan Silver, 64 GB)",LAVA,10499,12999,19% off,3.9,"1,097",118,4 GB RAM,64 GB ROM,5000 mAh Battery,,17.14 cm (6.75 inch) Display,13MP Rear Camera,,https://www.flipkart.com/lava-virat-v1-himalayan-silver-64-gb/p/itmed225fe6c3db4?pid=MOBHZ7KNHMYUSZBW&lid=LSTMOBHZ7KNHMYUSZBWGD1ZI4&marketplace=FLIPKART&q=smart+phones&store=tyy%2F4io&srno=s_2_38&otracker=search&fm=organic&iid=4524ed4b-7ad5-493d-b5e1-5b2fdcdba947.MOBHZ7KNHMYUSZBW.SEARCH&ppt=None&ppn=None&ssid=gsz3yjrzmo0000001790676175692&qH=a5594894156db043&ov_redirect=true,2026-09-29
39,"vivo T5 Lite 44W 5G (Wave Blue, 128 GB)",vivo,22999,38499,40% off,4.3,"3,396",264,6 GB RAM,128 GB ROM,6500 mAh Li-ion Battery,Dimensity 6300 5G Processor,17.12 cm (6.74 inch) HD+ Display,50MP + 0.08MP | 5MP Front Camera,5G,https://www.flipkart.com/vivo-t5-lite-44w-5g-wave-blue-128-gb/p/itm5420c578ec2df?pid=MOBHNDTD57UJUK9Q&lid=LSTMOBHNDTD57UJUK9QMGWRRW&marketplace=FLIPKART&q=smart+phones&store=tyy%2F4io&srno=s_2_39&otracker=search&fm=organic&iid=4524ed4b-7ad5-493d-b5e1-5b2fdcdba947.MOBHNDTD57UJUK9Q.SEARCH&ppt=None&ppn=None&ssid=gsz3yjrzmo0000001790676175692&qH=a5594894156db043&ov_redirect=true,2026-09-29
40,"OPPO K14 Lite (Stone Brown, 64 GB)",OPPO,16999,37999,55% off,4,61,7,4 GB RAM,64 GB ROM,7000 mAh lithium-ion polymer Battery,T7250 Processor,17.14 cm (6.75 inch) HD+ Display,13MP Rear Camera | 5MP Front Camera,,https://www.flipkart.com/oppo-k14-lite-stone-brown-64-gb/p/itmb13fea9340374?pid=MOBHQZZ2HVKFBAGP&lid=LSTMOBHQZZ2HVKFBAGP9HQ2J4&marketplace=FLIPKART&q=smart+phones&store=tyy%2F4io&srno=s_2_40&otracker=search&fm=organic&iid=4524ed4b-7ad5-493d-b5e1-5b2fdcdba947.MOBHQZZ2HVKFBAGP.SEARCH&ppt=None&ppn=None&ssid=gsz3yjrzmo0000001790676175692&qH=a5594894156db043&ov_redirect=true,2026-09-29
41,"BOLTT EVO (Berry Red, 128 GB)",BOLTT,11499,18999,39% off,3.9,"1,438",682,6 GB RAM,128 GB ROM,6000 mAh Lithium ion Battery,T7250 Processor,6.79'' HD+ punch hole display,50MP + 2MP | 8MP Front Camera,,https://www.flipkart.com/boltt-evo-berry-red-128-gb/p/itmf046d663a1fd7?pid=MOBHPP59TUYYPWP5&lid=LSTMOBHPP59TUYYPWP5U7J1VB&marketplace=FLIPKART&q=smart+phones&store=tyy%2F4io&srno=s_2_41&otracker=search&fm=organic&iid=4524ed4b-7ad5-493d-b5e1-5b2fdcdba947.MOBHPP59TUYYPWP5.SEARCH&ppt=None&ppn=None&ssid=gsz3yjrzmo0000001790676175692&qH=a5594894156db043&ov_redirect=true,2026-09-29
42,"vivo T5 Lite 44W 5G (Twilight Shadow, 128 GB)",vivo,20499,33999,39% off,4.2,"1,504",108,4 GB RAM,128 GB ROM,6500 mAh Li-ion Battery,Dimensity 6300 5G Processor,17.12 cm (6.74 inch) HD+ Display,50MP + 0.08MP | 5MP Front Camera,5G,https://www.flipkart.com/vivo-t5-lite-44w-5g-twilight-shadow-128-gb/p/itm5420c578ec2df?pid=MOBHNDTDQCGAFYXG&lid=LSTMOBHNDTDQCGAFYXGEXV19S&marketplace=FLIPKART&q=smart+phones&store=tyy%2F4io&srno=s_2_42&otracker=search&fm=organic&iid=4524ed4b-7ad5-493d-b5e1-5b2fdcdba947.MOBHNDTDQCGAFYXG.SEARCH&ppt=None&ppn=None&ssid=gsz3yjrzmo0000001790676175692&qH=a5594894156db043&ov_redirect=true,2026-09-29
43,"OnePlus N6 5G (Midnight Green, 128 GB)",OnePlus,26800,33999,21% off,4.2,813,75,6 GB RAM,128 GB ROM,8000 mAh Battery,,17.27 cm (6.8 inch) Display,50MP Rear Camera,,https://www.flipkart.com/oneplus-n6-5g-midnight-green-128-gb/p/itm73a3c7e824695?pid=MOBHZVFJXH4NR5V9&lid=LSTMOBHZVFJXH4NR5V9DI6QAD&marketplace=FLIPKART&q=smart+phones&store=tyy%2F4io&srno=s_2_43&otracker=search&fm=organic&iid=4524ed4b-7ad5-493d-b5e1-5b2fdcdba947.MOBHZVFJXH4NR5V9.SEARCH&ppt=None&ppn=None&ssid=gsz3yjrzmo0000001790676175692&qH=a5594894156db043&ov_redirect=true,2026-09-29
44,"REDMI 15 5G (Midnight Black, 128 GB)",REDMI,21899,32999,33% off,4.3,"3,258",246,6 GB RAM,128 GB ROM,7000 mAh Battery,,17.53 cm (6.9 inch) Display,50MP Rear Camera,,https://www.flipkart.com/redmi-15-5g-midnight-black-128-gb/p/itmd7bced8727891?pid=MOBHFH9544VVMQNN&lid=LSTMOBHFH9544VVMQNN6THCVV&marketplace=FLIPKART&q=smart+phones&store=tyy%2F4io&srno=s_2_44&otracker=search&fm=organic&iid=4524ed4b-7ad5-493d-b5e1-5b2fdcdba947.MOBHFH9544VVMQNN.SEARCH&ppt=None&ppn=None&ssid=gsz3yjrzmo0000001790676175692&qH=a5594894156db043&ov_redirect=true,2026-09-29
45,"Ai+ Nova 2 Pro 5G (Purple, 128 GB)",Ai+,17999,21999,18% off,4,"2,345",274,6 GB RAM,128 GB ROM,6000 mAh Li-polymer Battery,Dimensity 7100 Processor,17.53 cm (6.9 inch) Full HD+ Display,48MP Rear Camera | 13MP Front Camera,,https://www.flipkart.com/ai-nova-2-pro-5g-purple-128-gb/p/itm95899429b0b18?pid=MOBHZ8ZMGVPHRQWP&lid=LSTMOBHZ8ZMGVPHRQWPJBKI1W&marketplace=FLIPKART&q=smart+phones&store=tyy%2F4io&srno=s_2_45&otracker=search&fm=organic&iid=4524ed4b-7ad5-493d-b5e1-5b2fdcdba947.MOBHZ8ZMGVPHRQWP.SEARCH&ppt=None&ppn=None&ssid=gsz3yjrzmo0000001790676175692&qH=a5594894156db043&ov_redirect=true,2026-09-29
46,"OnePlus N6 5G (Fresh Mint, 128 GB)",OnePlus,26695,33999,21% off,4.2,813,75,6 GB RAM,128 GB ROM,8000 mAh Battery,,17.27 cm (6.8 inch) Display,50MP Rear Camera,,https://www.flipkart.com/oneplus-n6-5g-fresh-mint-128-gb/p/itm73a3c7e824695?pid=MOBHZVFJU3EDNSQE&lid=LSTMOBHZVFJU3EDNSQEBU7VNU&marketplace=FLIPKART&q=smart+phones&store=tyy%2F4io&srno=s_2_46&otracker=search&fm=organic&iid=4524ed4b-7ad5-493d-b5e1-5b2fdcdba947.MOBHZVFJU3EDNSQE.SEARCH&ppt=None&ppn=None&ssid=gsz3yjrzmo0000001790676175692&qH=a5594894156db043&ov_redirect=true,2026-09-29
47,"LAVA Virat V1 Pro 5G (Spiti Frost, 128 GB)",LAVA,15999,21999,27% off,4.1,724,196,6 GB RAM,128 GB ROM,6000 mAh Li-ion Battery,T8200 Processor,17.13 cm (6.745 inch) HD+ Display,50MP Rear Camera,,https://www.flipkart.com/lava-virat-v1-pro-5g-spiti-frost-128-gb/p/itm1a8312d187a80?pid=MOBHQDFAGHJJMSJG&lid=LSTMOBHQDFAGHJJMSJGL6JEBP&marketplace=FLIPKART&q=smart+phones&store=tyy%2F4io&srno=s_2_47&otracker=search&fm=organic&iid=4524ed4b-7ad5-493d-b5e1-5b2fdcdba947.MOBHQDFAGHJJMSJG.SEARCH&ppt=None&ppn=None&ssid=gsz3yjrzmo0000001790676175692&qH=a5594894156db043&ov_redirect=true,2026-09-29
48,"vivo T5e (Aero Blue, 64 GB)",vivo,13999,26999,48% off,3.8,136,7,4 GB RAM,64 GB ROM,5500 mAh Li-ion Battery,T7225 Processor,17.12 cm (6.74 inch) HD Display,8MP Rear Camera | 5MP Front Camera,,https://www.flipkart.com/vivo-t5e-aero-blue-64-gb/p/itm180ca0a991a2b?pid=MOBHPBM67EEYTAQD&lid=LSTMOBHPBM67EEYTAQD8VNTK9&marketplace=FLIPKART&q=smart+phones&store=tyy%2F4io&srno=s_2_48&otracker=search&fm=organic&iid=4524ed4b-7ad5-493d-b5e1-5b2fdcdba947.MOBHPBM67EEYTAQD.SEARCH&ppt=None&ppn=None&ssid=gsz3yjrzmo0000001790676175692&qH=a5594894156db043&ov_redirect=true,2026-09-29
49,"POCO C85 5G (Power Black, 128 GB)",POCO,16499,20999,21% off,3.8,"2,734",293,4 GB RAM,128 GB ROM,6000 mAh Lithium-Ion Polymer Battery,Dimensity 6300 Processor,17.53 cm (6.9 inch) HD+ Display,50MP Rear Camera | 8MP Front Camera,,https://www.flipkart.com/poco-c85-5g-power-black-128-gb/p/itm1f62dee4df0ad?pid=MOBHMGG5DNYPWU9Q&lid=LSTMOBHMGG5DNYPWU9Q5MNW6H&marketplace=FLIPKART&q=smart+phones&store=tyy%2F4io&srno=s_3_49&otracker=search&fm=organic&iid=21dcd8f9-b251-482f-9d90-4cfd8fed30f3.MOBHMGG5DNYPWU9Q.SEARCH&ppt=None&ppn=None&ssid=vl2y1ssd280000001790676178431&qH=a5594894156db043&ov_redirect=true,2026-09-29
50,"Ai+ Nova 2 Ultra 5G (Red, 128 GB)",Ai+,21999,26999,18% off,4.1,"2,137",302,8 GB RAM,128 GB ROM,6000 mAh Li-polymer Battery,Dimensity 7400 Processor,17.22 cm (6.78 inch) Full HD+ AMOLED Display,50MP + 8MP | 13MP Front Camera,,https://www.flipkart.com/ai-nova-2-ultra-5g-red-128-gb/p/itm498c4eb22f5c3?pid=MOBHHUFDVHXKMMAN&lid=LSTMOBHHUFDVHXKMMANCJUCD9&marketplace=FLIPKART&q=smart+phones&store=tyy%2F4io&srno=s_3_50&otracker=search&fm=organic&iid=21dcd8f9-b251-482f-9d90-4cfd8fed30f3.MOBHHUFDVHXKMMAN.SEARCH&ppt=None&ppn=None&ssid=vl2y1ssd280000001790676178431&qH=a5594894156db043&ov_redirect=true,2026-09-29
51,"Tecno Spark Go 3 (Ink Black, 64 GB)",Tecno,12499,15999,21% off,4.1,217,15,4 GB RAM,64 GB ROM,5000 mAh Lithium Polymer Battery,T7250 Processor,17.12 cm (6.74 inch) HD+ Display,13MP Rear Camera | 8MP Front Camera,,https://www.flipkart.com/tecno-spark-go-3-ink-black-64-gb/p/itma9c8f128a61c6?pid=MOBHP2QYCXZZE3CM&lid=LSTMOBHP2QYCXZZE3CMWW64IB&marketplace=FLIPKART&q=smart+phones&store=tyy%2F4io&srno=s_3_51&otracker=search&fm=organic&iid=en_yqSDg5rm_DTScpZdxk-lsNXnBlVWFDBYj7OKIDFnhKXnnCipXSMUkiUkuIehGALlu-p7FawYTmaPPeu5xWEE1ZLgCDLd29XPfHChd2SlxWvu2WhAA5-4AlAkSAz39Nez&ppt=None&ppn=None&ssid=vl2y1ssd280000001790676178431&qH=a5594894156db043&ov_redirect=true,2026-09-29
52,"Ai+ Nova 2 Ultra 5G (Purple, 128 GB)",Ai+,21999,26999,18% off,4.1,"2,137",302,8 GB RAM,128 GB ROM,6000 mAh Li-polymer Battery,Dimensity 7400 Processor,17.22 cm (6.78 inch) Full HD+ AMOLED Display,50MP + 8MP | 13MP Front Camera,,https://www.flipkart.com/ai-nova-2-ultra-5g-purple-128-gb/p/itmedb3f9cf73654?pid=MOBHHUFDYDCGTVEF&lid=LSTMOBHHUFDYDCGTVEF6XKD4O&marketplace=FLIPKART&q=smart+phones&store=tyy%2F4io&srno=s_3_52&otracker=search&fm=organic&iid=21dcd8f9-b251-482f-9d90-4cfd8fed30f3.MOBHHUFDYDCGTVEF.SEARCH&ppt=None&ppn=None&ssid=vl2y1ssd280000001790676178431&qH=a5594894156db043&ov_redirect=true,2026-09-29
53,"LAVA Bold N2 lite (KOLAR GOLD, 64 GB)",LAVA,9900,11499,13% off,4,"1,087",69,3 GB RAM,64 GB ROM,5000 mAh Battery,,17.14 cm (6.75 inch) Display,13MP Rear Camera,,https://www.flipkart.com/lava-bold-n2-lite-kolar-gold-64-gb/p/itm89829830bc4ff?pid=MOBHMQM6YUTXYVFA&lid=LSTMOBHMQM6YUTXYVFAVKU8SW&marketplace=FLIPKART&q=smart+phones&store=tyy%2F4io&srno=s_3_53&otracker=search&fm=organic&iid=21dcd8f9-b251-482f-9d90-4cfd8fed30f3.MOBHMQM6YUTXYVFA.SEARCH&ppt=None&ppn=None&ssid=vl2y1ssd280000001790676178431&qH=a5594894156db043&ov_redirect=true,2026-09-29
54,"IQOO Neo 10 (Alpine White, 256 GB)",IQOO,45990,45999,,4.5,"2,070",199,8 GB RAM,256 GB ROM,7000 mAh Battery,Qualcomm Snapdragon 8s Gen 4 Processor,17.22 cm (6.78 inch) Full HD+ Super AMOLED Display,50MP Rear Camera,,https://www.flipkart.com/iqoo-neo-10-alpine-white-256-gb/p/itmd7cf79f1b18e3?pid=MOBHN6VSWBUHVZGY&lid=LSTMOBHN6VSWBUHVZGYTWDJBN&marketplace=FLIPKART&q=smart+phones&store=tyy%2F4io&srno=s_3_54&otracker=search&fm=organic&iid=21dcd8f9-b251-482f-9d90-4cfd8fed30f3.MOBHN6VSWBUHVZGY.SEARCH&ppt=None&ppn=None&ssid=vl2y1ssd280000001790676178431&qH=a5594894156db043&ov_redirect=true,2026-09-29
55,"MOTOROLA g37 power (PANTONE Nautical Blue, 128 GB)",MOTOROLA,21999,30499,27% off,4.2,"9,411",844,4 GB RAM,128 GB ROM,7000 mAh Battery,Dimensity 6400 Processor,16.92 cm (6.66 inch) HD+ Display,50MP Rear Camera | 8MP Front Camera,,https://www.flipkart.com/motorola-g37-power-pantone-nautical-blue-128-gb/p/itmf752f4981d932?pid=MOBHHVFYGN57RYAH&lid=LSTMOBHHVFYGN57RYAHB2DF12&marketplace=FLIPKART&q=smart+phones&store=tyy%2F4io&srno=s_3_55&otracker=search&fm=organic&iid=21dcd8f9-b251-482f-9d90-4cfd8fed30f3.MOBHHVFYGN57RYAH.SEARCH&ppt=None&ppn=None&ssid=vl2y1ssd280000001790676178431&qH=a5594894156db043&ov_redirect=true,2026-09-29
56,"POCO C85x 5G (Emerald Green, 64 GB)",POCO,14999,20999,28% off,4.1,"5,750",787,4 GB RAM,64 GB ROM,6300 mAh Lithium-Ion Polymer Battery,T8300 Processor,17.53 cm (6.9 inch) HD+ Display,32MP Rear Camera,,https://www.flipkart.com/poco-c85x-5g-emerald-green-64-gb/p/itm626a170c915bd?pid=MOBHMGG5GHZKTSDZ&lid=LSTMOBHMGG5GHZKTSDZQAUGPC&marketplace=FLIPKART&q=smart+phones&store=tyy%2F4io&spotlightTagId=default_BestsellerId_tyy%2F4io&srno=s_3_56&otracker=search&fm=organic&iid=21dcd8f9-b251-482f-9d90-4cfd8fed30f3.MOBHMGG5GHZKTSDZ.SEARCH&ppt=None&ppn=None&ssid=vl2y1ssd280000001790676178431&qH=a5594894156db043&ov_redirect=true,2026-09-29
57,"vivo T5 5G (Silver Green, 128 GB)",vivo,34999,49999,30% off,4.5,524,69,6 GB RAM,128 GB ROM,7050 mAh Li-ion Battery,Dimensity 7500 Processor,17.35 cm (6.83 inch) Full HD+ AMOLED Display,50MP + 8MP | 32MP Front Camera,,https://www.flipkart.com/vivo-t5-5g-silver-green-128-gb/p/itm8fa150d1fa2d2?pid=MOBHQC8DQGZMMCB8&lid=LSTMOBHQC8DQGZMMCB8YZZYDV&marketplace=FLIPKART&q=smart+phones&store=tyy%2F4io&srno=s_3_57&otracker=search&fm=organic&iid=21dcd8f9-b251-482f-9d90-4cfd8fed30f3.MOBHQC8DQGZMMCB8.SEARCH&ppt=None&ppn=None&ssid=vl2y1ssd280000001790676178431&qH=a5594894156db043&ov_redirect=true,2026-09-29
58,Vivo T4 Lite 5G (Titanium Gold 2026) (4GB 128GB),Vivo,18999,28999,34% off,4.3,"44,472","2,033",4 GB RAM,128 GB ROM,6000 mAh Battery,Dimensity 6300 5G Processor,17.12 cm (6.74 inch) HD+ Display,50MP + 2MP | 5MP Front Camera,5G,https://www.flipkart.com/vivo-t4-lite-5g-titanium-gold-2026-4gb-128gb/p/itm49fb53d099f3c?pid=MOBHNCRKN8ZBGAJR&lid=LSTMOBHNCRKN8ZBGAJREUTFV0&marketplace=FLIPKART&q=smart+phones&store=tyy%2F4io&srno=s_3_58&otracker=search&fm=organic&iid=21dcd8f9-b251-482f-9d90-4cfd8fed30f3.MOBHNCRKN8ZBGAJR.SEARCH&ppt=None&ppn=None&ssid=vl2y1ssd280000001790676178431&qH=a5594894156db043&ov_redirect=true,2026-09-29
59,"realme 15 5G (Flowing Silver, 256 GB)",realme,31999,,,4.4,"11,370","1,221",8 GB RAM,256 GB ROM,7000 mAh Battery,Mediatek Dimensity 7300+ 5G Processor,17.27 cm (6.8 inch) Full HD+ AMOLED Display,50MP + 8MP | 50MP Front Camera,5G,https://www.flipkart.com/realme-15-5g-flowing-silver-256-gb/p/itme9581fbd0e97a?pid=MOBHDUKFVXWQKMPS&lid=LSTMOBHDUKFVXWQKMPS2WNAQE&marketplace=FLIPKART&q=smart+phones&store=tyy%2F4io&srno=s_3_59&otracker=search&fm=organic&iid=21dcd8f9-b251-482f-9d90-4cfd8fed30f3.MOBHDUKFVXWQKMPS.SEARCH&ppt=None&ppn=None&ssid=vl2y1ssd280000001790676178431&qH=a5594894156db043&ov_redirect=true,2026-09-29
60,"Samsung Galaxy F36 5G (Red, 128 GB)",Samsung,20999,22999,8% off,4.3,"12,790","1,137",6 GB RAM,128 GB ROM,5000 mAh Battery,Samsung Exynos 1380 Processor,17.02 cm (6.7 inch) Full HD+ Display,50MP + 8MP + 2MP | 13MP Front Camera,,https://www.flipkart.com/samsung-galaxy-f36-5g-red-128-gb/p/itmc11d84aa155ce?pid=MOBHDFVTHDKNNW8Z&lid=LSTMOBHDFVTHDKNNW8Z1DPOGI&marketplace=FLIPKART&q=smart+phones&store=tyy%2F4io&srno=s_3_60&otracker=search&fm=organic&iid=21dcd8f9-b251-482f-9d90-4cfd8fed30f3.MOBHDFVTHDKNNW8Z.SEARCH&ppt=None&ppn=None&ssid=vl2y1ssd280000001790676178431&qH=a5594894156db043&ov_redirect=true,2026-09-29
61,"vivo T5 5G (Silver Green, 128 GB)",vivo,39999,55999,28% off,4.5,236,28,8 GB RAM,128 GB ROM,7050 mAh Li-ion Battery,Dimensity 7500 Processor,17.35 cm (6.83 inch) Full HD+ AMOLED Display,50MP + 8MP | 32MP Front Camera,,https://www.flipkart.com/vivo-t5-5g-silver-green-128-gb/p/itm8fa150d1fa2d2?pid=MOBHQC8DR8GYASKC&lid=LSTMOBHQC8DR8GYASKCX6FHLE&marketplace=FLIPKART&q=smart+phones&store=tyy%2F4io&srno=s_3_61&otracker=search&fm=organic&iid=21dcd8f9-b251-482f-9d90-4cfd8fed30f3.MOBHQC8DR8GYASKC.SEARCH&ppt=None&ppn=None&ssid=vl2y1ssd280000001790676178431&qH=a5594894156db043&ov_redirect=true,2026-09-29
62,"realme P4 Pro 5G (Birch Wood, 256 GB)",realme,30999,,,4.4,"22,611","2,222",8 GB RAM,256 GB ROM,7000 mAh Battery,Snapdragon 7 Gen 4 Mobile Processor,17.27 cm (6.8 inch) Full HD+ Display,50MP + 8MP | 50MP Front Camera,,https://www.flipkart.com/realme-p4-pro-5g-birch-wood-256-gb/p/itme41a54752cc21?pid=MOBHERXKVQED7HGC&lid=LSTMOBHERXKVQED7HGC54DD1I&marketplace=FLIPKART&q=smart+phones&store=tyy%2F4io&srno=s_3_62&otracker=search&fm=organic&iid=21dcd8f9-b251-482f-9d90-4cfd8fed30f3.MOBHERXKVQED7HGC.SEARCH&ppt=None&ppn=None&ssid=vl2y1ssd280000001790676178431&qH=a5594894156db043&ov_redirect=true,2026-09-29
63,"POCO C85x 5G (Emerald Green, 128 GB)",POCO,15999,21999,27% off,4.1,"5,750",787,4 GB RAM,128 GB ROM,6300 mAh Lithium-Ion Polymer Battery,T8300 Processor,17.53 cm (6.9 inch) HD+ Display,32MP Rear Camera,,https://www.flipkart.com/poco-c85x-5g-emerald-green-128-gb/p/itm0b4cc4698aede?pid=MOBHMGG5JUYG9DCY&lid=LSTMOBHMGG5JUYG9DCYHB3OAA&marketplace=FLIPKART&q=smart+phones&store=tyy%2F4io&srno=s_3_63&otracker=search&fm=organic&iid=21dcd8f9-b251-482f-9d90-4cfd8fed30f3.MOBHMGG5JUYG9DCY.SEARCH&ppt=None&ppn=None&ssid=vl2y1ssd280000001790676178431&qH=a5594894156db043&ov_redirect=true,2026-09-29
64,"Ai+ Nova 2 Ultra 5G (Blue, 128 GB)",Ai+,20999,29999,30% off,4.2,"4,096",554,6 GB RAM,128 GB ROM,6000 mAh Li-polymer Battery,Dimensity 7400 Processor,17.22 cm (6.78 inch) Full HD+ AMOLED Display,50MP + 8MP | 13MP Front Camera,,https://www.flipkart.com/ai-nova-2-ultra-5g-blue-128-gb/p/itma055c78313c9e?pid=MOBHZHUVVDVJ9RBF&lid=LSTMOBHZHUVVDVJ9RBFTFC2MI&marketplace=FLIPKART&q=smart+phones&store=tyy%2F4io&srno=s_3_64&otracker=search&fm=organic&iid=21dcd8f9-b251-482f-9d90-4cfd8fed30f3.MOBHZHUVVDVJ9RBF.SEARCH&ppt=None&ppn=None&ssid=vl2y1ssd280000001790676178431&qH=a5594894156db043&ov_redirect=true,2026-09-29
65,"OnePlus Nord CE6 (Lunar Pearl, 128 GB)",OnePlus,36468,40999,11% off,4.5,"1,340",99,8 GB RAM,128 GB ROM,8000 mAh Battery,Qualcomm® Snapdragon™ 7s Gen 4 Processor,17.22 cm (6.78 inch) Full HD+ Display,50MP Rear Camera | 2MP Front Camera,,https://www.flipkart.com/oneplus-nord-ce6-lunar-pearl-128-gb/p/itmd7b224b18cb05?pid=MOBHN82GBZSGMDE4&lid=LSTMOBHN82GBZSGMDE4FZY7OD&marketplace=FLIPKART&q=smart+phones&store=tyy%2F4io&srno=s_3_65&otracker=search&fm=organic&iid=21dcd8f9-b251-482f-9d90-4cfd8fed30f3.MOBHN82GBZSGMDE4.SEARCH&ppt=None&ppn=None&ssid=vl2y1ssd280000001790676178431&qH=a5594894156db043&ov_redirect=true,2026-09-29
66,"Samsung M06 5G (Sage Green, 128 GB)",Samsung,18207,18999,4% off,4.1,"2,580",178,6 GB RAM,128 GB ROM,5000 mAh Battery,,17.02 cm (6.7 inch) Display,50MP Rear Camera,,https://www.flipkart.com/samsung-m06-5g-sage-green-128-gb/p/itmcafa42dadc15c?pid=MOBH9UYF3VCXJ279&lid=LSTMOBH9UYF3VCXJ279Z8M4SX&marketplace=FLIPKART&q=smart+phones&store=tyy%2F4io&srno=s_3_66&otracker=search&fm=organic&iid=21dcd8f9-b251-482f-9d90-4cfd8fed30f3.MOBH9UYF3VCXJ279.SEARCH&ppt=None&ppn=None&ssid=vl2y1ssd280000001790676178431&qH=a5594894156db043&ov_redirect=true,2026-09-29
67,"Samsung Galaxy F36 5G (Red, 128 GB)",Samsung,22999,24499,6% off,4.2,"7,217",636,8 GB RAM,128 GB ROM,5000 mAh Battery,Samsung Exynos 1380 Processor,17.02 cm (6.7 inch) Full HD+ Display,50MP + 8MP + 2MP | 13MP Front Camera,,https://www.flipkart.com/samsung-galaxy-f36-5g-red-128-gb/p/itma80a976542636?pid=MOBHDFVT5H5PYYZH&lid=LSTMOBHDFVT5H5PYYZHNCY8LX&marketplace=FLIPKART&q=smart+phones&store=tyy%2F4io&srno=s_3_67&otracker=search&fm=organic&iid=21dcd8f9-b251-482f-9d90-4cfd8fed30f3.MOBHDFVT5H5PYYZH.SEARCH&ppt=None&ppn=None&ssid=vl2y1ssd280000001790676178431&qH=a5594894156db043&ov_redirect=true,2026-09-29
68,"OnePlus Nord CE6 Lite (Hyper Black, 256 GB)",OnePlus,35480,36999,4% off,4.3,"1,151",75,8 GB RAM,256 GB ROM,7000 mAh Battery,MediaTek Dimensity 7400 Apex Processor,17.07 cm (6.72 inch) Full HD+ Display,50MP Rear Camera | 8MP Front Camera,,https://www.flipkart.com/oneplus-nord-ce6-lite-hyper-black-256-gb/p/itm894a5599b758b?pid=MOBHN8CPMYHDEBRA&lid=LSTMOBHN8CPMYHDEBRA05WIW3&marketplace=FLIPKART&q=smart+phones&store=tyy%2F4io&srno=s_3_68&otracker=search&fm=organic&iid=21dcd8f9-b251-482f-9d90-4cfd8fed30f3.MOBHN8CPMYHDEBRA.SEARCH&ppt=None&ppn=None&ssid=vl2y1ssd280000001790676178431&qH=a5594894156db043&ov_redirect=true,2026-09-29
69,"MOTOROLA Edge 70 Fusion Snapdragon (Pantone BLUE SURF, 256 GB)",MOTOROLA,34999,59999,41% off,4.3,"6,803",753,12 GB RAM,256 GB ROM,7000 mAh Battery,Snapdragon 7s Gen 4 Processor,17.27 cm (6.8 inch) Super HD Display,50MP + 13MP | 32MP Front Camera,,https://www.flipkart.com/motorola-edge-70-fusion-snapdragon-pantone-blue-surf-256-gb/p/itmab1b62c8461fa?pid=MOBHN9733F5QHAQC&lid=LSTMOBHN9733F5QHAQCLPXZGM&marketplace=FLIPKART&q=smart+phones&store=tyy%2F4io&srno=s_3_69&otracker=search&fm=organic&iid=21dcd8f9-b251-482f-9d90-4cfd8fed30f3.MOBHN9733F5QHAQC.SEARCH&ppt=None&ppn=None&ssid=vl2y1ssd280000001790676178431&qH=a5594894156db043&ov_redirect=true,2026-09-29
70,"vivo T5 Lite 44W 5G (Twilight Shadow, 256 GB)",vivo,26999,42499,36% off,4.3,"3,396",264,6 GB RAM,256 GB ROM,6500 mAh Li-ion Battery,Dimensity 6300 5G Processor,17.12 cm (6.74 inch) HD+ Display,50MP + 0.08MP | 5MP Front Camera,5G,https://www.flipkart.com/vivo-t5-lite-44w-5g-twilight-shadow-256-gb/p/itm5420c578ec2df?pid=MOBHNDTDSZNGYCVQ&lid=LSTMOBHNDTDSZNGYCVQCDI6UZ&marketplace=FLIPKART&q=smart+phones&store=tyy%2F4io&srno=s_3_70&otracker=search&fm=organic&iid=21dcd8f9-b251-482f-9d90-4cfd8fed30f3.MOBHNDTDSZNGYCVQ.SEARCH&ppt=None&ppn=None&ssid=vl2y1ssd280000001790676178431&qH=a5594894156db043&ov_redirect=true,2026-09-29
71,"OnePlus Nord CE6 Lite (Hyper Black, 128 GB)",OnePlus,28268,31999,11% off,4.3,"1,423",98,6 GB RAM,128 GB ROM,7000 mAh Battery,Mediatek Dimensity 7400 Processor,17.07 cm (6.72 inch) Full HD+ Display,50MP Rear Camera | 8MP Front Camera,,https://www.flipkart.com/oneplus-nord-ce6-lite-hyper-black-128-gb/p/itm894a5599b758b?pid=MOBHN8BDFU3PHHUR&lid=LSTMOBHN8BDFU3PHHURAEWY3J&marketplace=FLIPKART&q=smart+phones&store=tyy%2F4io&srno=s_3_71&otracker=search&fm=organic&iid=21dcd8f9-b251-482f-9d90-4cfd8fed30f3.MOBHN8BDFU3PHHUR.SEARCH&ppt=None&ppn=None&ssid=vl2y1ssd280000001790676178431&qH=a5594894156db043&ov_redirect=true,2026-09-29
72,"POCO X8 Power 5G (Black, 256 GB)",POCO,38999,84999,54% off,4.3,260,68,8 GB RAM,256 GB ROM,10000 mAh Lithium-Ion Polymer Battery,6 Gen 5 Processor,17.35 cm (6.83 inch) Full HD+ AMOLED Display,50MP + 8MP | 32MP Front Camera,,https://www.flipkart.com/poco-x8-power-5g-black-256-gb/p/itm3438e419f61cc?pid=MOBHQ6XZZQTFHDSX&lid=LSTMOBHQ6XZZQTFHDSXUIITQK&marketplace=FLIPKART&q=smart+phones&store=tyy%2F4io&srno=s_3_72&otracker=search&fm=organic&iid=21dcd8f9-b251-482f-9d90-4cfd8fed30f3.MOBHQ6XZZQTFHDSX.SEARCH&ppt=None&ppn=None&ssid=vl2y1ssd280000001790676178431&qH=a5594894156db043&ov_redirect=true,2026-09-29
73,"realme P3 Ultra 5G (Orion Red, 256 GB)",realme,31999,35999,11% off,4.4,"5,257",587,12 GB RAM,256 GB ROM,6000 mAh Battery,Dimensity 8350 Ultra Processor,17.35 cm (6.83 inch) Display,50MP + 8MP | 16MP Front Camera,,https://www.flipkart.com/realme-p3-ultra-5g-orion-red-256-gb/p/itm50171223b4a05?pid=MOBHAYKEK2YKSCTU&lid=LSTMOBHAYKEK2YKSCTUTPFDIS&marketplace=FLIPKART&q=smart+phones&store=tyy%2F4io&srno=s_4_73&otracker=search&fm=organic&iid=9345cc9c-c3f9-4f35-a669-c9eeb05aaf3f.MOBHAYKEK2YKSCTU.SEARCH&ppt=None&ppn=None&ssid=pqym4ge7ww0000001790676181230&qH=a5594894156db043&ov_redirect=true,2026-09-29
74,"realme P4 Pro 5G (Birch Wood, 256 GB)",realme,32999,,,4.4,"5,135",531,12 GB RAM,256 GB ROM,7000 mAh Battery,Snapdragon 7 Gen 4 Mobile Processor,17.27 cm (6.8 inch) Full HD+ Display,50MP + 8MP | 50MP Front Camera,,https://www.flipkart.com/realme-p4-pro-5g-birch-wood-256-gb/p/itme41a54752cc21?pid=MOBHERXKUV3RGG5F&lid=LSTMOBHERXKUV3RGG5FX55ENJ&marketplace=FLIPKART&q=smart+phones&store=tyy%2F4io&srno=s_4_74&otracker=search&fm=organic&iid=9345cc9c-c3f9-4f35-a669-c9eeb05aaf3f.MOBHERXKUV3RGG5F.SEARCH&ppt=None&ppn=None&ssid=pqym4ge7ww0000001790676181230&qH=a5594894156db043&ov_redirect=true,2026-09-29
75,"realme Gt 7 (Icesense Black, 512 GB)",realme,48999,52999,7% off,4.5,"1,537",198,12 GB RAM,512 GB ROM,7000 mAh Battery,Dimensity Processor,17.22 cm (6.78 inch) Full HD+ AMOLED Display,50MP + 50MP + 50MP + 8MP | 32MP + 32MP Dual Front Camera,,https://www.flipkart.com/realme-gt-7-icesense-black-512-gb/p/itm6cc8f84d92e2f?pid=MOBHCZYZJ756E2YU&lid=LSTMOBHCZYZJ756E2YUZRPIYC&marketplace=FLIPKART&q=smart+phones&store=tyy%2F4io&srno=s_4_75&otracker=search&fm=organic&iid=9345cc9c-c3f9-4f35-a669-c9eeb05aaf3f.MOBHCZYZJ756E2YU.SEARCH&ppt=None&ppn=None&ssid=pqym4ge7ww0000001790676181230&qH=a5594894156db043&ov_redirect=true,2026-09-29
76,Vivo T4 Lite 5G (Titanium Gold 2026) (6GB 128GB),Vivo,20999,29999,30% off,4.3,"49,913","2,382",6 GB RAM,128 GB ROM,6000 mAh Battery,Dimensity 6300 5G Processor,17.12 cm (6.74 inch) HD+ Display,50MP + 2MP | 5MP Front Camera,5G,https://www.flipkart.com/vivo-t4-lite-5g-titanium-gold-2026-6gb-128gb/p/itm49fb53d099f3c?pid=MOBHNCRKYQAYV5ZC&lid=LSTMOBHNCRKYQAYV5ZCT08IBQ&marketplace=FLIPKART&q=smart+phones&store=tyy%2F4io&srno=s_4_76&otracker=search&fm=organic&iid=9345cc9c-c3f9-4f35-a669-c9eeb05aaf3f.MOBHNCRKYQAYV5ZC.SEARCH&ppt=None&ppn=None&ssid=pqym4ge7ww0000001790676181230&qH=a5594894156db043&ov_redirect=true,2026-09-29
77,"Tecno Spark Go 3 (Titanium Grey, 64 GB)",Tecno,12499,15999,21% off,4.1,217,15,4 GB RAM,64 GB ROM,5000 mAh Lithium Polymer Battery,T7250 Processor,17.12 cm (6.74 inch) HD+ Display,13MP Rear Camera | 8MP Front Camera,,https://www.flipkart.com/tecno-spark-go-3-titanium-grey-64-gb/p/itma9c8f128a61c6?pid=MOBHP2QY7GH4XWWS&lid=LSTMOBHP2QY7GH4XWWSUZBT2N&marketplace=FLIPKART&q=smart+phones&store=tyy%2F4io&srno=s_4_77&otracker=search&fm=organic&iid=en_ns44WCr6fDkRYqttE5_WCUfjFiAY13maAta73boybl-eQnNSp9oNucRlfhUZExlCxuSl-jfu2FRRD3-px9HFb5LgCDLd29XPfHChd2SlxWuljTcbsGhkU2D6tTUtXcSs&ppt=None&ppn=None&ssid=pqym4ge7ww0000001790676181230&qH=a5594894156db043&ov_redirect=true,2026-09-29
78,"Tecno Spark Go 3 (Ink Black, 64 GB)",Tecno,12499,15999,21% off,4.1,217,15,4 GB RAM,64 GB ROM,5000 mAh Lithium Polymer Battery,T7250 Processor,17.12 cm (6.74 inch) HD+ Display,13MP Rear Camera | 8MP Front Camera,,https://www.flipkart.com/tecno-spark-go-3-ink-black-64-gb/p/itma9c8f128a61c6?pid=MOBHP2QYCXZZE3CM&lid=LSTMOBHP2QYCXZZE3CMWW64IB&marketplace=FLIPKART&q=smart+phones&store=tyy%2F4io&srno=s_4_78&otracker=search&fm=organic&iid=en_ns44WCr6fDkRYqttE5_WCUfjFiAY13maAta73boybl8vM7fYKJZqHARfV6J_VLLbwfAu6s5c53i2tmuGS82SuJLgCDLd29XPfHChd2SlxWuljTcbsGhkU2D6tTUtXcSs&ppt=None&ppn=None&ssid=pqym4ge7ww0000001790676181230&qH=a5594894156db043&ov_redirect=true,2026-09-29
79,"Samsung M06 5G (Blazing Black, 128 GB)",Samsung,18514,18999,2% off,4.1,"2,582",178,6 GB RAM,128 GB ROM,5000 mAh Battery,,17.02 cm (6.7 inch) Display,50MP Rear Camera,,https://www.flipkart.com/samsung-m06-5g-blazing-black-128-gb/p/itmcafa42dadc15c?pid=MOBH9UYFYNVDBNFF&lid=LSTMOBH9UYFYNVDBNFFRGNNON&marketplace=FLIPKART&q=smart+phones&store=tyy%2F4io&srno=s_4_79&otracker=search&fm=organic&iid=9345cc9c-c3f9-4f35-a669-c9eeb05aaf3f.MOBH9UYFYNVDBNFF.SEARCH&ppt=None&ppn=None&ssid=pqym4ge7ww0000001790676181230&qH=a5594894156db043&ov_redirect=true,2026-09-29
80,"POCO C81x (Ice Blue, 64 GB)",POCO,12499,18999,34% off,3.9,653,39,3 GB RAM,64 GB ROM,5200 mAh Lithium-Ion Polymer Battery,T7250 Processor,17.48 cm (6.88 inch) Display,13MP Rear Camera | 8MP Front Camera,,https://www.flipkart.com/poco-c81x-ice-blue-64-gb/p/itmf2e3aacd5257e?pid=MOBHMYWRWPE4S8G6&lid=LSTMOBHMYWRWPE4S8G66V7JQ5&marketplace=FLIPKART&q=smart+phones&store=tyy%2F4io&srno=s_4_80&otracker=search&fm=organic&iid=9345cc9c-c3f9-4f35-a669-c9eeb05aaf3f.MOBHMYWRWPE4S8G6.SEARCH&ppt=None&ppn=None&ssid=pqym4ge7ww0000001790676181230&qH=a5594894156db043&ov_redirect=true,2026-09-29
81,"MOTOROLA g37 (PANTONE Impenetrable, 64 GB)",MOTOROLA,17249,24999,31% off,4.3,"4,003",216,4 GB RAM,64 GB ROM,5200 mAh Battery,Dimensity 6400 Processor,16.92 cm (6.66 inch) HD+ Display,50MP Rear Camera | 8MP Front Camera,,https://www.flipkart.com/motorola-g37-pantone-impenetrable-64-gb/p/itm40c0c7bcb21fc?pid=MOBHHWB6GWE2CKHU&lid=LSTMOBHHWB6GWE2CKHUQEA6X8&marketplace=FLIPKART&q=smart+phones&store=tyy%2F4io&srno=s_4_81&otracker=search&fm=organic&iid=9345cc9c-c3f9-4f35-a669-c9eeb05aaf3f.MOBHHWB6GWE2CKHU.SEARCH&ppt=None&ppn=None&ssid=pqym4ge7ww0000001790676181230&qH=a5594894156db043&ov_redirect=true,2026-09-29
82,"Ai+ Nova 2 Pro 5G (Black, 128 GB)",Ai+,17999,21999,18% off,4,"2,345",274,6 GB RAM,128 GB ROM,6000 mAh Li-polymer Battery,Dimensity 7100 Processor,17.53 cm (6.9 inch) Full HD+ Display,48MP Rear Camera | 13MP Front Camera,,https://www.flipkart.com/ai-nova-2-pro-5g-black-128-gb/p/itmacb10a3dd51c6?pid=MOBHZ8ZM8BUGCJDQ&lid=LSTMOBHZ8ZM8BUGCJDQGHBPRS&marketplace=FLIPKART&q=smart+phones&store=tyy%2F4io&srno=s_4_82&otracker=search&fm=organic&iid=9345cc9c-c3f9-4f35-a669-c9eeb05aaf3f.MOBHZ8ZM8BUGCJDQ.SEARCH&ppt=None&ppn=None&ssid=pqym4ge7ww0000001790676181230&qH=a5594894156db043&ov_redirect=true,2026-09-29
83,"POCO X8 5G (Frost White, 256 GB)",POCO,35999,74999,52% off,4.3,45,11,8 GB RAM,256 GB ROM,9000 mAh Lithium-Ion Polymer Battery,6s Gen 4 Processor,17.35 cm (6.83 inch) Full HD+ AMOLED Display,50MP + 2MP | 16MP Front Camera,,https://www.flipkart.com/poco-x8-5g-frost-white-256-gb/p/itm0e8677ca357ef?pid=MOBHQ6XZHFHPPAJW&lid=LSTMOBHQ6XZHFHPPAJW6BRX1M&marketplace=FLIPKART&q=smart+phones&store=tyy%2F4io&srno=s_4_83&otracker=search&fm=organic&iid=9345cc9c-c3f9-4f35-a669-c9eeb05aaf3f.MOBHQ6XZHFHPPAJW.SEARCH&ppt=None&ppn=None&ssid=pqym4ge7ww0000001790676181230&qH=a5594894156db043&ov_redirect=true,2026-09-29
84,"POCO M8 Power 5G (Green, 128 GB)",POCO,24999,54999,54% off,4.7,"1,520",891,6 GB RAM,128 GB ROM,8000 mAh Lithium-Ion Polymer Battery,Snapdragon Gen 4 Processor,17.75 cm (6.99 inch) Full HD+ AMOLED Display,50MP Rear Camera | 8MP Front Camera,,https://www.flipkart.com/poco-m8-power-5g-green-128-gb/p/itmd5d508dcd6172?pid=MOBHPCYNBFXP5TG9&lid=LSTMOBHPCYNBFXP5TG9ASUJFA&marketplace=FLIPKART&q=smart+phones&store=tyy%2F4io&srno=s_4_84&otracker=search&fm=organic&iid=9345cc9c-c3f9-4f35-a669-c9eeb05aaf3f.MOBHPCYNBFXP5TG9.SEARCH&ppt=None&ppn=None&ssid=pqym4ge7ww0000001790676181230&qH=a5594894156db043&ov_redirect=true,2026-09-29
85,"realme P4 Lite (Beach Gold, 64 GB)",realme,16499,24999,34% off,3.9,"6,906",454,4 GB RAM,64 GB ROM,6300 mAh Battery,T7250 Processor,17.14 cm (6.75 inch) HD+ Display,13MP Rear Camera | 5MP Front Camera,,https://www.flipkart.com/realme-p4-lite-beach-gold-64-gb/p/itm029fbc88fdc91?pid=MOBHMX7KF4XYHTDM&lid=LSTMOBHMX7KF4XYHTDMBW6TWC&marketplace=FLIPKART&q=smart+phones&store=tyy%2F4io&srno=s_4_85&otracker=search&fm=organic&iid=9345cc9c-c3f9-4f35-a669-c9eeb05aaf3f.MOBHMX7KF4XYHTDM.SEARCH&ppt=None&ppn=None&ssid=pqym4ge7ww0000001790676181230&qH=a5594894156db043&ov_redirect=true,2026-09-29
86,"IQOO Neo 10 (Alpine White, 256 GB)",IQOO,45999,,,4.5,"2,070",199,8 GB RAM,256 GB ROM,7000 mAh Battery,Qualcomm Snapdragon 8s Gen 4 Processor,17.22 cm (6.78 inch) Full HD+ Super AMOLED Display,50MP Rear Camera,,https://www.flipkart.com/iqoo-neo-10-alpine-white-256-gb/p/itmd7cf79f1b18e3?pid=MOBHN6VSWBUHVZGY&lid=LSTMOBHN6VSWBUHVZGYZOTDNQ&marketplace=FLIPKART&q=smart+phones&store=tyy%2F4io&srno=s_4_86&otracker=search&fm=organic&iid=9345cc9c-c3f9-4f35-a669-c9eeb05aaf3f.MOBHN6VSWBUHVZGY.SEARCH&ppt=None&ppn=None&ssid=pqym4ge7ww0000001790676181230&qH=a5594894156db043&ov_redirect=true,2026-09-29
87,"REDMI 15C 5G (Moonlight Blue, 128 GB)",REDMI,21862,26999,19% off,4.3,482,44,8 GB RAM,128 GB ROM,6000 mAh Battery,,17.53 cm (6.9 inch) Display,50MP Rear Camera,,https://www.flipkart.com/redmi-15c-5g-moonlight-blue-128-gb/p/itmc1345bb45eef3?pid=MOBHGGZ2RRCJFAGZ&lid=LSTMOBHGGZ2RRCJFAGZ3MOYRX&marketplace=FLIPKART&q=smart+phones&store=tyy%2F4io&srno=s_4_87&otracker=search&fm=organic&iid=9345cc9c-c3f9-4f35-a669-c9eeb05aaf3f.MOBHGGZ2RRCJFAGZ.SEARCH&ppt=None&ppn=None&ssid=pqym4ge7ww0000001790676181230&qH=a5594894156db043&ov_redirect=true,2026-09-29
88,"POCO X8 Power 5G (Black, 256 GB)",POCO,38999,84999,54% off,4.3,260,68,8 GB RAM,256 GB ROM,10000 mAh Lithium-Ion Polymer Battery,6 Gen 5 Processor,17.35 cm (6.83 inch) Full HD+ AMOLED Display,50MP + 8MP | 32MP Front Camera,,https://www.flipkart.com/poco-x8-power-5g-black-256-gb/p/itm3438e419f61cc?pid=MOBHQ6XZZQTFHDSX&lid=LSTMOBHQ6XZZQTFHDSXUIITQK&marketplace=FLIPKART&q=smart+phones&store=tyy%2F4io&srno=s_4_88&otracker=search&fm=organic&iid=9345cc9c-c3f9-4f35-a669-c9eeb05aaf3f.MOBHQ6XZZQTFHDSX.SEARCH&ppt=None&ppn=None&ssid=pqym4ge7ww0000001790676181230&qH=a5594894156db043&ov_redirect=true,2026-09-29
89,"MOTOROLA g06 power (Pantone Laurel Oak, 64 GB)",MOTOROLA,15249,19999,23% off,4.2,"24,101","1,675",4 GB RAM,64 GB ROM,7000 mAh Battery,Helio G81 Processor,17.48 cm (6.88 inch) HD+ Display,50MP Rear Camera | 8MP Front Camera,,https://www.flipkart.com/motorola-g06-power-pantone-laurel-oak-64-gb/p/itm1010d22c11412?pid=MOBHN973VRPBQTKY&lid=LSTMOBHN973VRPBQTKYGYH2X6&marketplace=FLIPKART&q=smart+phones&store=tyy%2F4io&srno=s_4_89&otracker=search&fm=organic&iid=9345cc9c-c3f9-4f35-a669-c9eeb05aaf3f.MOBHN973VRPBQTKY.SEARCH&ppt=None&ppn=None&ssid=pqym4ge7ww0000001790676181230&qH=a5594894156db043&ov_redirect=true,2026-09-29
90,"REDMI 15C 5G (Midnight Black, 128 GB)",REDMI,21801,25999,16% off,4.3,482,44,8 GB RAM,128 GB ROM,6000 mAh Battery,,17.53 cm (6.9 inch) Display,50MP Rear Camera,,https://www.flipkart.com/redmi-15c-5g-midnight-black-128-gb/p/itmc1345bb45eef3?pid=MOBHGGZ228KHHPQC&lid=LSTMOBHGGZ228KHHPQCY9KX8V&marketplace=FLIPKART&q=smart+phones&store=tyy%2F4io&srno=s_4_90&otracker=search&fm=organic&iid=9345cc9c-c3f9-4f35-a669-c9eeb05aaf3f.MOBHGGZ228KHHPQC.SEARCH&ppt=None&ppn=None&ssid=pqym4ge7ww0000001790676181230&qH=a5594894156db043&ov_redirect=true,2026-09-29
91,"POCO F7 5G (Phantom Black, 256 GB)",POCO,35999,,,4.4,"23,512","2,928",12 GB RAM,256 GB ROM,"Battery 7550mAh, 90W charger, 22.5W reverse charging",8s Gen 4 Processor,Display -6.83 inch 1.5K pOLED with 120 Hz refresh rate,Front camera -20MP with Portrait Mode | | Front Video Recording | Night Mode,,https://www.flipkart.com/poco-f7-5g-phantom-black-256-gb/p/itm632bdcafce49a?pid=MOBHCY2UG9GJJGCM&lid=LSTMOBHCY2UG9GJJGCMSAJ7IM&marketplace=FLIPKART&q=smart+phones&store=tyy%2F4io&srno=s_4_91&otracker=search&fm=organic&iid=9345cc9c-c3f9-4f35-a669-c9eeb05aaf3f.MOBHCY2UG9GJJGCM.SEARCH&ppt=None&ppn=None&ssid=pqym4ge7ww0000001790676181230&qH=a5594894156db043&ov_redirect=true,2026-09-29
92,"MOTOROLA g37 (PANTONE Capri, 64 GB)",MOTOROLA,17249,24999,31% off,4.3,"4,003",216,4 GB RAM,64 GB ROM,5200 mAh Battery,Dimensity 6400 Processor,16.92 cm (6.66 inch) HD+ Display,50MP Rear Camera | 8MP Front Camera,,https://www.flipkart.com/motorola-g37-pantone-capri-64-gb/p/itm54f0e687c7b29?pid=MOBHHWB6U3Q3RYFD&lid=LSTMOBHHWB6U3Q3RYFDYGJVNO&marketplace=FLIPKART&q=smart+phones&store=tyy%2F4io&srno=s_4_92&otracker=search&fm=organic&iid=9345cc9c-c3f9-4f35-a669-c9eeb05aaf3f.MOBHHWB6U3Q3RYFD.SEARCH&ppt=None&ppn=None&ssid=pqym4ge7ww0000001790676181230&qH=a5594894156db043&ov_redirect=true,2026-09-29
93,"POCO M8 Power 5G (Blaze Orange, 128 GB)",POCO,27999,59999,53% off,4.6,376,272,8 GB RAM,128 GB ROM,8000 mAh Lithium-Ion Polymer Battery,Snapdragon Gen 4 Processor,17.75 cm (6.99 inch) Full HD+ AMOLED Display,50MP Rear Camera | 8MP Front Camera,,https://www.flipkart.com/poco-m8-power-5g-blaze-orange-128-gb/p/itme6ed250ab73df?pid=MOBHPCYNFWHRJD8C&lid=LSTMOBHPCYNFWHRJD8C5JT1AV&marketplace=FLIPKART&q=smart+phones&store=tyy%2F4io&srno=s_4_93&otracker=search&fm=organic&iid=9345cc9c-c3f9-4f35-a669-c9eeb05aaf3f.MOBHPCYNFWHRJD8C.SEARCH&ppt=None&ppn=None&ssid=pqym4ge7ww0000001790676181230&qH=a5594894156db043&ov_redirect=true,2026-09-29
94,"Infinix Note edge (Lunar Titanium, 256 GB)",Infinix,25999,34999,25% off,4.2,482,81,8 GB RAM,256 GB ROM,6500 mAh Battery,Dimensity 7100 Processor,17.22 cm (6.78 inch) Full HD+ AMOLED Display,50MP Rear Camera | 13MP Front Camera,,https://www.flipkart.com/infinix-note-edge-lunar-titanium-256-gb/p/itmab2876405a1ab?pid=MOBHKCV7A9HHF3GN&lid=LSTMOBHKCV7A9HHF3GN2K3H84&marketplace=FLIPKART&q=smart+phones&store=tyy%2F4io&srno=s_4_94&otracker=search&fm=organic&iid=9345cc9c-c3f9-4f35-a669-c9eeb05aaf3f.MOBHKCV7A9HHF3GN.SEARCH&ppt=None&ppn=None&ssid=pqym4ge7ww0000001790676181230&qH=a5594894156db043&ov_redirect=true,2026-09-29
95,"realme 15 5G (Flowing Silver, 128 GB)",realme,29999,,,4.4,"11,370","1,221",8 GB RAM,128 GB ROM,7000 mAh Battery,Mediatek Dimensity 7300+ 5G Processor,17.27 cm (6.8 inch) Full HD+ Display,50MP + 8MP | 50MP Front Camera,5G,https://www.flipkart.com/realme-15-5g-flowing-silver-128-gb/p/itme9581fbd0e97a?pid=MOBHDUKFNGK33R2M&lid=LSTMOBHDUKFNGK33R2M8YALEU&marketplace=FLIPKART&q=smart+phones&store=tyy%2F4io&srno=s_4_95&otracker=search&fm=organic&iid=9345cc9c-c3f9-4f35-a669-c9eeb05aaf3f.MOBHDUKFNGK33R2M.SEARCH&ppt=None&ppn=None&ssid=pqym4ge7ww0000001790676181230&qH=a5594894156db043&ov_redirect=true,2026-09-29
96,"REDMI 15C 5G (Dusk Purple, 128 GB)",REDMI,21853,33999,35% off,4.3,482,44,8 GB RAM,128 GB ROM,6000 mAh Battery,,17.53 cm (6.9 inch) Display,50MP Rear Camera,,https://www.flipkart.com/redmi-15c-5g-dusk-purple-128-gb/p/itmc1345bb45eef3?pid=MOBHGGZ2AASSW7RG&lid=LSTMOBHGGZ2AASSW7RGRKJPFC&marketplace=FLIPKART&q=smart+phones&store=tyy%2F4io&srno=s_4_96&otracker=search&fm=organic&iid=9345cc9c-c3f9-4f35-a669-c9eeb05aaf3f.MOBHGGZ2AASSW7RG.SEARCH&ppt=None&ppn=None&ssid=pqym4ge7ww0000001790676181230&qH=a5594894156db043&ov_redirect=true,2026-09-29
97,"Tecno Spark Go 3 (Ink Black, 64 GB)",Tecno,12499,15999,21% off,4.1,217,15,4 GB RAM,64 GB ROM,5000 mAh Lithium Polymer Battery,T7250 Processor,17.12 cm (6.74 inch) HD+ Display,13MP Rear Camera | 8MP Front Camera,,https://www.flipkart.com/tecno-spark-go-3-ink-black-64-gb/p/itma9c8f128a61c6?pid=MOBHP2QYCXZZE3CM&lid=LSTMOBHP2QYCXZZE3CMWW64IB&marketplace=FLIPKART&q=smart+phones&store=tyy%2F4io&srno=s_5_97&otracker=search&fm=organic&iid=en_4vgzFdAy_9Q4IQmIMOxje9nIh2GkkXBb6BCXUJs-cddHNMfA4F35G4tTrPGnM5fCu-p7FawYTmaPPeu5xWEE1ZLgCDLd29XPfHChd2SlxWsmB7YKy69wx05PpU9PZYEK&ppt=None&ppn=None&ssid=tew3fmd5c00000001790676183928&qH=a5594894156db043&ov_redirect=true,2026-09-29
98,"REDMI 15C 5G (Midnight Black, 128 GB)",REDMI,21801,25999,16% off,4.3,482,44,8 GB RAM,128 GB ROM,6000 mAh Battery,,17.53 cm (6.9 inch) Display,50MP Rear Camera,,https://www.flipkart.com/redmi-15c-5g-midnight-black-128-gb/p/itmc1345bb45eef3?pid=MOBHGGZ228KHHPQC&lid=LSTMOBHGGZ228KHHPQCY9KX8V&marketplace=FLIPKART&q=smart+phones&store=tyy%2F4io&srno=s_5_98&otracker=search&fm=organic&iid=50195b7f-1831-4a10-ba94-81f1c1c48e67.MOBHGGZ228KHHPQC.SEARCH&ppt=None&ppn=None&ssid=tew3fmd5c00000001790676183928&qH=a5594894156db043&ov_redirect=true,2026-09-29
99,"MOTOROLA g37 (PANTONE Capri, 64 GB)",MOTOROLA,17249,24999,31% off,4.3,"4,003",216,4 GB RAM,64 GB ROM,5200 mAh Battery,Dimensity 6400 Processor,16.92 cm (6.66 inch) HD+ Display,50MP Rear Camera | 8MP Front Camera,,https://www.flipkart.com/motorola-g37-pantone-capri-64-gb/p/itm54f0e687c7b29?pid=MOBHHWB6U3Q3RYFD&lid=LSTMOBHHWB6U3Q3RYFDYGJVNO&marketplace=FLIPKART&q=smart+phones&store=tyy%2F4io&srno=s_5_99&otracker=search&fm=organic&iid=50195b7f-1831-4a10-ba94-81f1c1c48e67.MOBHHWB6U3Q3RYFD.SEARCH&ppt=None&ppn=None&ssid=tew3fmd5c00000001790676183928&qH=a5594894156db043&ov_redirect=true,2026-09-29
100,"Infinix Note edge (Lunar Titanium, 256 GB)",Infinix,25999,34999,25% off,4.2,482,81,8 GB RAM,256 GB ROM,6500 mAh Battery,Dimensity 7100 Processor,17.22 cm (6.78 inch) Full HD+ AMOLED Display,50MP Rear Camera | 13MP Front Camera,,https://www.flipkart.com/infinix-note-edge-lunar-titanium-256-gb/p/itmab2876405a1ab?pid=MOBHKCV7A9HHF3GN&lid=LSTMOBHKCV7A9HHF3GN2K3H84&marketplace=FLIPKART&q=smart+phones&store=tyy%2F4io&srno=s_5_100&otracker=search&fm=organic&iid=50195b7f-1831-4a10-ba94-81f1c1c48e67.MOBHKCV7A9HHF3GN.SEARCH&ppt=None&ppn=None&ssid=tew3fmd5c00000001790676183928&qH=a5594894156db043&ov_redirect=true,2026-09-29
101,"POCO C85x 5G (Elite Black, 128 GB)",POCO,15999,21999,27% off,4.1,"5,750",787,4 GB RAM,128 GB ROM,6300 mAh Lithium-Ion Polymer Battery,T8300 Processor,17.53 cm (6.9 inch) HD+ Display,32MP Rear Camera,,https://www.flipkart.com/poco-c85x-5g-elite-black-128-gb/p/itm06a09efeeced7?pid=MOBHMGG5NGH9MQBY&lid=LSTMOBHMGG5NGH9MQBY3J4OBU&marketplace=FLIPKART&q=smart+phones&store=tyy%2F4io&srno=s_5_101&otracker=search&fm=organic&iid=50195b7f-1831-4a10-ba94-81f1c1c48e67.MOBHMGG5NGH9MQBY.SEARCH&ppt=None&ppn=None&ssid=tew3fmd5c00000001790676183928&qH=a5594894156db043&ov_redirect=true,2026-09-29
102,"POCO M8x 5G (Leather Green, 128 GB)",POCO,22999,49999,54% off,3.9,361,123,6 GB RAM,128 GB ROM,7900 mAh Lithium-Ion Polymer Battery,4 Gen 5 Processor,17.53 cm (6.9 inch) Full HD Display,50MP Rear Camera,,https://www.flipkart.com/poco-m8x-5g-leather-green-128-gb/p/itme6f5614abf6c5?pid=MOBHPCYNQBWVYH7P&lid=LSTMOBHPCYNQBWVYH7PCOEKXT&marketplace=FLIPKART&q=smart+phones&store=tyy%2F4io&srno=s_5_102&otracker=search&fm=organic&iid=50195b7f-1831-4a10-ba94-81f1c1c48e67.MOBHPCYNQBWVYH7P.SEARCH&ppt=None&ppn=None&ssid=tew3fmd5c00000001790676183928&qH=a5594894156db043&ov_redirect=true,2026-09-29
103,"realme 15 5G (Silk Pink, 128 GB)",realme,29999,,,4.4,"11,370","1,221",8 GB RAM,128 GB ROM,7000 mAh Battery,Mediatek Dimensity 7300+ 5G Processor,17.27 cm (6.8 inch) Full HD+ Display,50MP + 8MP | 50MP Front Camera,5G,https://www.flipkart.com/realme-15-5g-silk-pink-128-gb/p/itme9581fbd0e97a?pid=MOBHDUKFCAYHHEPN&lid=LSTMOBHDUKFCAYHHEPNV0U5CZ&marketplace=FLIPKART&q=smart+phones&store=tyy%2F4io&srno=s_5_103&otracker=search&fm=organic&iid=50195b7f-1831-4a10-ba94-81f1c1c48e67.MOBHDUKFCAYHHEPN.SEARCH&ppt=None&ppn=None&ssid=tew3fmd5c00000001790676183928&qH=a5594894156db043&ov_redirect=true,2026-09-29
104,"REDMI 15 5G (Midnight Black, 256 GB)",REDMI,25854,27499,5% off,4.3,"4,999",317,8 GB RAM,256 GB ROM,7000 mAh Battery,,17.53 cm (6.9 inch) Display,50MP Rear Camera,,https://www.flipkart.com/redmi-15-5g-midnight-black-256-gb/p/itm2b8ff5e4eccab?pid=MOBHFGBGBNY2ZSZX&lid=LSTMOBHFGBGBNY2ZSZXXMG54U&marketplace=FLIPKART&q=smart+phones&store=tyy%2F4io&srno=s_5_104&otracker=search&fm=organic&iid=50195b7f-1831-4a10-ba94-81f1c1c48e67.MOBHFGBGBNY2ZSZX.SEARCH&ppt=None&ppn=None&ssid=tew3fmd5c00000001790676183928&qH=a5594894156db043&ov_redirect=true,2026-09-29
105,"realme P4x 5G (Matte Silver, 128 GB)",realme,26999,38999,30% off,4.3,"15,813","1,362",6 GB RAM,128 GB ROM,7000 mAh Battery,Dimensity 7400 Ultra Processor,17.07 cm (6.72 inch) Full HD+ Display,50MP + 2MP | 8MP Front Camera,,https://www.flipkart.com/realme-p4x-5g-matte-silver-128-gb/p/itm575b1540859e4?pid=MOBHN7A8H9WAG4PD&lid=LSTMOBHN7A8H9WAG4PD4J7IQE&marketplace=FLIPKART&q=smart+phones&store=tyy%2F4io&srno=s_5_105&otracker=search&fm=organic&iid=50195b7f-1831-4a10-ba94-81f1c1c48e67.MOBHN7A8H9WAG4PD.SEARCH&ppt=None&ppn=None&ssid=tew3fmd5c00000001790676183928&qH=a5594894156db043&ov_redirect=true,2026-09-29
106,"realme 15 5G (Silk Pink, 256 GB)",realme,31999,,,4.4,"11,370","1,221",8 GB RAM,256 GB ROM,7000 mAh Battery,Mediatek Dimensity 7300+ 5G Processor,17.27 cm (6.8 inch) Full HD+ Display,50MP + 8MP | 50MP Front Camera,5G,https://www.flipkart.com/realme-15-5g-silk-pink-256-gb/p/itme9581fbd0e97a?pid=MOBHDUKFZF7UPZZZ&lid=LSTMOBHDUKFZF7UPZZZJPBCBN&marketplace=FLIPKART&q=smart+phones&store=tyy%2F4io&srno=s_5_106&otracker=search&fm=organic&iid=50195b7f-1831-4a10-ba94-81f1c1c48e67.MOBHDUKFZF7UPZZZ.SEARCH&ppt=None&ppn=None&ssid=tew3fmd5c00000001790676183928&qH=a5594894156db043&ov_redirect=true,2026-09-29
107,"POCO C85x 5G (Sunset Gold, 64 GB)",POCO,14999,20999,28% off,4.1,"5,750",787,4 GB RAM,64 GB ROM,6300 mAh Lithium-Ion Polymer Battery,T8300 Processor,17.53 cm (6.9 inch) HD+ Display,32MP Rear Camera,,https://www.flipkart.com/poco-c85x-5g-sunset-gold-64-gb/p/itm09453073b3b2e?pid=MOBHMGG5PYZRFMKU&lid=LSTMOBHMGG5PYZRFMKUWRLUZB&marketplace=FLIPKART&q=smart+phones&store=tyy%2F4io&spotlightTagId=default_BestsellerId_tyy%2F4io&srno=s_5_107&otracker=search&fm=organic&iid=50195b7f-1831-4a10-ba94-81f1c1c48e67.MOBHMGG5PYZRFMKU.SEARCH&ppt=None&ppn=None&ssid=tew3fmd5c00000001790676183928&qH=a5594894156db043&ov_redirect=true,2026-09-29
108,"POCO M8 (Frost Silver, 128 GB)",POCO,26999,27999,3% off,4.3,"2,301",210,8 GB RAM,128 GB ROM,5520 mAh Battery,,17.2 cm (6.77 inch) Full HD+ Display,50MP Rear Camera | 20MP Front Camera,,https://www.flipkart.com/poco-m8-frost-silver-128-gb/p/itm63246b4036f90?pid=MOBHMGG5ZFANS2WQ&lid=LSTMOBHMGG5ZFANS2WQVUHDCT&marketplace=FLIPKART&q=smart+phones&store=tyy%2F4io&srno=s_5_108&otracker=search&fm=organic&iid=50195b7f-1831-4a10-ba94-81f1c1c48e67.MOBHMGG5ZFANS2WQ.SEARCH&ppt=None&ppn=None&ssid=tew3fmd5c00000001790676183928&qH=a5594894156db043&ov_redirect=true,2026-09-29
109,"POCO M8 (Frost Silver, 256 GB)",POCO,28999,29999,3% off,4.3,"2,301",210,8 GB RAM,256 GB ROM,5520 mAh Battery,,17.2 cm (6.77 inch) Full HD+ Display,50MP Rear Camera | 20MP Front Camera,,https://www.flipkart.com/poco-m8-frost-silver-256-gb/p/itm8c312b91832a8?pid=MOBHMGG52VFGBGZE&lid=LSTMOBHMGG52VFGBGZEZEW7SR&marketplace=FLIPKART&q=smart+phones&store=tyy%2F4io&srno=s_5_109&otracker=search&fm=organic&iid=50195b7f-1831-4a10-ba94-81f1c1c48e67.MOBHMGG52VFGBGZE.SEARCH&ppt=None&ppn=None&ssid=tew3fmd5c00000001790676183928&qH=a5594894156db043&ov_redirect=true,2026-09-29
110,"POCO M8 (Glacial Blue, 128 GB)",POCO,26999,27999,3% off,4.3,"2,301",210,8 GB RAM,128 GB ROM,5520 mAh Battery,,17.2 cm (6.77 inch) Full HD+ Display,50MP Rear Camera | 20MP Front Camera,,https://www.flipkart.com/poco-m8-glacial-blue-128-gb/p/itm6b3b306f7eff7?pid=MOBHMGG5ZSHFKTDC&lid=LSTMOBHMGG5ZSHFKTDCASGIPD&marketplace=FLIPKART&q=smart+phones&store=tyy%2F4io&srno=s_5_110&otracker=search&fm=organic&iid=50195b7f-1831-4a10-ba94-81f1c1c48e67.MOBHMGG5ZSHFKTDC.SEARCH&ppt=None&ppn=None&ssid=tew3fmd5c00000001790676183928&qH=a5594894156db043&ov_redirect=true,2026-09-29
111,"Samsung Galaxy F06 5G (Bahama Blue, 64 GB)",Samsung,12499,,,4.2,"48,074","3,570",4 GB RAM,64 GB ROM,5000 mAh Battery,Dimensity 6300 Processor,43.23 cm (17.018 cm) HD+ Display,50MP + 2MP | 8MP Front Camera,,https://www.flipkart.com/samsung-galaxy-f06-5g-bahama-blue-64-gb/p/itma2920c68b7fc8?pid=MOBHBF5JDCSG2TVD&lid=LSTMOBHBF5JDCSG2TVDZWHXAM&marketplace=FLIPKART&q=smart+phones&store=tyy%2F4io&srno=s_5_111&otracker=search&fm=organic&iid=50195b7f-1831-4a10-ba94-81f1c1c48e67.MOBHBF5JDCSG2TVD.SEARCH&ppt=None&ppn=None&ssid=tew3fmd5c00000001790676183928&qH=a5594894156db043&ov_redirect=true,2026-09-29
112,"Samsung Galaxy F06 5G (Bahama Blue, 128 GB)",Samsung,13999,,,4.2,"48,074","3,570",4 GB RAM,128 GB ROM,5000 mAh Battery,Dimensity 6300 Processor,43.23 cm (17.018 cm) HD+ Display,50MP + 2MP | 8MP Front Camera,,https://www.flipkart.com/samsung-galaxy-f06-5g-bahama-blue-128-gb/p/itm58189fada62cb?pid=MOBH9AS47XHFRMJY&lid=LSTMOBH9AS47XHFRMJYWI8CRI&marketplace=FLIPKART&q=smart+phones&store=tyy%2F4io&srno=s_5_112&otracker=search&fm=organic&iid=50195b7f-1831-4a10-ba94-81f1c1c48e67.MOBH9AS47XHFRMJY.SEARCH&ppt=None&ppn=None&ssid=tew3fmd5c00000001790676183928&qH=a5594894156db043&ov_redirect=true,2026-09-29
113,"Ai+ Pulse 1 (Blue, 64 GB)",Ai+,7999,,,4.2,"42,945","3,630",4 GB RAM,64 GB ROM,5000 mAh Battery,T615 Processor,17.13 cm (6.745 inch) HD+ Display,50MP Rear Camera | 5MP Front Camera,,https://www.flipkart.com/ai-pulse-1-blue-64-gb/p/itm039eaa37b8fdb?pid=MOBHDDQXW4ZVQFFX&lid=LSTMOBHDDQXW4ZVQFFXZCFXAD&marketplace=FLIPKART&q=smart+phones&store=tyy%2F4io&srno=s_5_113&otracker=search&fm=organic&iid=50195b7f-1831-4a10-ba94-81f1c1c48e67.MOBHDDQXW4ZVQFFX.SEARCH&ppt=None&ppn=None&ssid=tew3fmd5c00000001790676183928&qH=a5594894156db043&ov_redirect=true,2026-09-29
114,"Samsung M05 (Mint Green, 64 GB)",Samsung,6748,9999,32% off,4.3,"4,198",192,4 GB RAM,64 GB ROM,5000 mAh Battery,,17.02 cm (6.7 inch) Display,50MP Rear Camera,,https://www.flipkart.com/samsung-m05-mint-green-64-gb/p/itm99fc37d43aff8?pid=MOBH4Z9VZNVRFV85&lid=LSTMOBH4Z9VZNVRFV85ETWHK7&marketplace=FLIPKART&q=smart+phones&store=tyy%2F4io&srno=s_5_114&otracker=search&fm=organic&iid=50195b7f-1831-4a10-ba94-81f1c1c48e67.MOBH4Z9VZNVRFV85.SEARCH&ppt=None&ppn=None&ssid=tew3fmd5c00000001790676183928&qH=a5594894156db043&ov_redirect=true,2026-09-29
115,"Ai+ Pulse 1 (Sparkle Red, 64 GB)",Ai+,7999,,,4.2,"42,945","3,630",4 GB RAM,64 GB ROM,5000 mAh Battery,T615 Processor,17.13 cm (6.745 inch) HD+ Display,50MP Rear Camera | 5MP Front Camera,,https://www.flipkart.com/ai-pulse-1-sparkle-red-64-gb/p/itm475b5391ff251?pid=MOBHFG2DP4QYFDMP&lid=LSTMOBHFG2DP4QYFDMPEBEVVS&marketplace=FLIPKART&q=smart+phones&store=tyy%2F4io&srno=s_5_115&otracker=search&fm=organic&iid=50195b7f-1831-4a10-ba94-81f1c1c48e67.MOBHFG2DP4QYFDMP.SEARCH&ppt=None&ppn=None&ssid=tew3fmd5c00000001790676183928&qH=a5594894156db043&ov_redirect=true,2026-09-29
116,"POCO C71  - Locked with Airtel Prepaid (Desert Gold, 64 GB)",POCO,8999,,,3.8,"61,855","3,318",4 GB RAM,64 GB ROM,5200 mAh Battery,Unisoc T7250,17.48 cm (6.88 inch) HD+ Display,32MP Rear Camera | 8MP Front Camera,,https://www.flipkart.com/poco-c71-locked-airtel-prepaid-desert-gold-64-gb/p/itmb0bb5af15d090?pid=MOBHAFVJ5QYQMBRV&lid=LSTMOBHAFVJ5QYQMBRVUWBY58&marketplace=FLIPKART&q=smart+phones&store=tyy%2F4io&srno=s_5_116&otracker=search&fm=organic&iid=50195b7f-1831-4a10-ba94-81f1c1c48e67.MOBHAFVJ5QYQMBRV.SEARCH&ppt=None&ppn=None&ssid=tew3fmd5c00000001790676183928&qH=a5594894156db043&ov_redirect=true,2026-09-29
117,"POCO C71  - Locked with Airtel Prepaid (Cool Blue, 64 GB)",POCO,8999,,,3.8,"61,855","3,318",4 GB RAM,64 GB ROM,5200 mAh Battery,Unisoc T7250,17.48 cm (6.88 inch) HD+ Display,32MP Rear Camera | 8MP Front Camera,,https://www.flipkart.com/poco-c71-locked-airtel-prepaid-cool-blue-64-gb/p/itmdec407554268b?pid=MOBHAFVJBSV3VH9N&lid=LSTMOBHAFVJBSV3VH9NO4MONS&marketplace=FLIPKART&q=smart+phones&store=tyy%2F4io&srno=s_5_117&otracker=search&fm=organic&iid=50195b7f-1831-4a10-ba94-81f1c1c48e67.MOBHAFVJBSV3VH9N.SEARCH&ppt=None&ppn=None&ssid=tew3fmd5c00000001790676183928&qH=a5594894156db043&ov_redirect=true,2026-09-29
118,"vivo T4 Lite 5G Charger in the Box (Titanium Gold, 128 GB)",vivo,14999,,,4.3,"49,913","2,382",6 GB RAM,128 GB ROM,6000 mAh Battery,Dimensity 6300 5G Processor,17.12 cm (6.74 inch) HD+ Display,50MP + 2MP | 5MP Front Camera,5G,https://www.flipkart.com/vivo-t4-lite-5g-charger-box-titanium-gold-128-gb/p/itm9886d6e522c4b?pid=MOBHDY9FWXVJYCFM&lid=LSTMOBHDY9FWXVJYCFMZULPBM&marketplace=FLIPKART&q=smart+phones&store=tyy%2F4io&srno=s_5_118&otracker=search&fm=organic&iid=50195b7f-1831-4a10-ba94-81f1c1c48e67.MOBHDY9FWXVJYCFM.SEARCH&ppt=None&ppn=None&ssid=tew3fmd5c00000001790676183928&qH=a5594894156db043&ov_redirect=true,2026-09-29
119,"POCO M7 Plus 5G (Chrome Silver, 128 GB)",POCO,17999,,,4.2,"6,614",530,8 GB RAM,128 GB ROM,7000 mAh Battery,Snapdragon 6s Gen 3 5G Processor,17.53 cm (6.9 inch) Display,50MP AI Dual Camera,5G,https://www.flipkart.com/poco-m7-plus-5g-chrome-silver-128-gb/p/itm7074a66234a6d?pid=MOBHETX6NDXNUJGF&lid=LSTMOBHETX6NDXNUJGFQPHFB6&marketplace=FLIPKART&q=smart+phones&store=tyy%2F4io&srno=s_5_119&otracker=search&fm=organic&iid=50195b7f-1831-4a10-ba94-81f1c1c48e67.MOBHETX6NDXNUJGF.SEARCH&ppt=None&ppn=None&ssid=tew3fmd5c00000001790676183928&qH=a5594894156db043&ov_redirect=true,2026-09-29
120,"Infinix Hot 60 5G+ (Tundra Green, 128 GB)",Infinix,17999,,,4.2,"3,690",313,6 GB RAM,128 GB ROM,5200 mAh Battery,Dimensity 7020 Processor,17.02 cm (6.7 inch) HD+ Display,50MP Rear Camera | 8MP Front Camera,,https://www.flipkart.com/infinix-hot-60-5g-tundra-green-128-gb/p/itm2154889174b3a?pid=MOBHDMJZRBVMRQGZ&lid=LSTMOBHDMJZRBVMRQGZJUNUMG&marketplace=FLIPKART&q=smart+phones&store=tyy%2F4io&srno=s_5_120&otracker=search&fm=organic&iid=50195b7f-1831-4a10-ba94-81f1c1c48e67.MOBHDMJZRBVMRQGZ.SEARCH&ppt=None&ppn=None&ssid=tew3fmd5c00000001790676183928&qH=a5594894156db043&ov_redirect=true,2026-09-29
121,"Tecno Spark Go 3 (Titanium Grey, 64 GB)",Tecno,12499,15999,21% off,4.1,217,15,4 GB RAM,64 GB ROM,5000 mAh Lithium Polymer Battery,T7250 Processor,17.12 cm (6.74 inch) HD+ Display,13MP Rear Camera | 8MP Front Camera,,https://www.flipkart.com/tecno-spark-go-3-titanium-grey-64-gb/p/itma9c8f128a61c6?pid=MOBHP2QY7GH4XWWS&lid=LSTMOBHP2QY7GH4XWWSUZBT2N&marketplace=FLIPKART&q=smart+phones&store=tyy%2F4io&srno=s_6_121&otracker=search&fm=organic&iid=en_DcMSWyO6YJnd1HJsRTWVmeUHm8qt_XQK_W-GURSW-IawoE-ZH74LR9pyEubl5QetxuSl-jfu2FRRD3-px9HFb5LgCDLd29XPfHChd2SlxWt40rcW8HskvBW8OAsrjKCg&ppt=None&ppn=None&ssid=rax630s69c0000001790676186836&qH=a5594894156db043&ov_redirect=true,2026-09-29
122,"Tecno Spark Go 3 (Ink Black, 64 GB)",Tecno,12499,15999,21% off,4.1,217,15,4 GB RAM,64 GB ROM,5000 mAh Lithium Polymer Battery,T7250 Processor,17.12 cm (6.74 inch) HD+ Display,13MP Rear Camera | 8MP Front Camera,,https://www.flipkart.com/tecno-spark-go-3-ink-black-64-gb/p/itma9c8f128a61c6?pid=MOBHP2QYCXZZE3CM&lid=LSTMOBHP2QYCXZZE3CMWW64IB&marketplace=FLIPKART&q=smart+phones&store=tyy%2F4io&srno=s_6_122&otracker=search&fm=organic&iid=en_DcMSWyO6YJnd1HJsRTWVmeUHm8qt_XQK_W-GURSW-IaX2VwhpQ_AaiHrKbaWJmp7wfAu6s5c53i2tmuGS82SuJLgCDLd29XPfHChd2SlxWt40rcW8HskvBW8OAsrjKCg&ppt=None&ppn=None&ssid=rax630s69c0000001790676186836&qH=a5594894156db043&ov_redirect=true,2026-09-29
123,"Samsung Galaxy M06 5G (Blazing Black, 64 GB)",Samsung,14840,14999,1% off,4.1,"1,859",137,4 GB RAM,64 GB ROM,5000 mAh Battery,,17.02 cm (6.7 inch) Display,50MP Rear Camera,,https://www.flipkart.com/samsung-galaxy-m06-5g-blazing-black-64-gb/p/itm0c7e356cd6ad6?pid=MOBHDEYCZHZJWCNH&lid=LSTMOBHDEYCZHZJWCNHWOUQDS&marketplace=FLIPKART&q=smart+phones&store=tyy%2F4io&srno=s_6_123&otracker=search&fm=organic&iid=fab8da30-234c-4e2d-b659-d8e008edf07b.MOBHDEYCZHZJWCNH.SEARCH&ppt=None&ppn=None&ssid=rax630s69c0000001790676186836&qH=a5594894156db043&ov_redirect=true,2026-09-29
124,"POCO X8 Pro (Green, 256 GB)",POCO,39999,50999,21% off,4.3,"4,012",699,8 GB RAM,256 GB ROM,6500 mAh Lithium-Ion Polymer With Silicon Carbon Technology Battery,Dimensity 8500-Ultra Processor,16.74 cm (6.59 inch) Full HD+ AMOLED Display,50MP + 8MP | 20MP Front Camera,,https://www.flipkart.com/poco-x8-pro-green-256-gb/p/itme72bf861a71d4?pid=MOBHMGG5ME9NGD5C&lid=LSTMOBHMGG5ME9NGD5CMLGYZL&marketplace=FLIPKART&q=smart+phones&store=tyy%2F4io&srno=s_6_124&otracker=search&fm=organic&iid=fab8da30-234c-4e2d-b659-d8e008edf07b.MOBHMGG5ME9NGD5C.SEARCH&ppt=None&ppn=None&ssid=rax630s69c0000001790676186836&qH=a5594894156db043&ov_redirect=true,2026-09-29
125,"Samsung M36 5G (Velvet Black / Black, 128 GB)",Samsung,24490,26999,9% off,4.1,"1,893",171,8 GB RAM,128 GB ROM,5000 mAh Battery,,17.02 cm (6.7 inch) Display,50MP Rear Camera,,https://www.flipkart.com/samsung-m36-5g-velvet-black-black-128-gb/p/itmf77ec4e8758a8?pid=MOBHEYY2PZTXHNZQ&lid=LSTMOBHEYY2PZTXHNZQTR4PRY&marketplace=FLIPKART&q=smart+phones&store=tyy%2F4io&srno=s_6_125&otracker=search&fm=organic&iid=fab8da30-234c-4e2d-b659-d8e008edf07b.MOBHEYY2PZTXHNZQ.SEARCH&ppt=None&ppn=None&ssid=rax630s69c0000001790676186836&qH=a5594894156db043&ov_redirect=true,2026-09-29
126,"Samsung Galaxy M17 5G (Sapphire Black, 128 GB)",Samsung,22190,29999,26% off,4.3,"2,043",134,6 GB RAM,128 GB ROM,5000 mAh Battery,,17.02 cm (6.7 inch) Display,50MP Rear Camera,,https://www.flipkart.com/samsung-galaxy-m17-5g-sapphire-black-128-gb/p/itmc3b8f7b511eca?pid=MOBHGU9DVYJBZGCN&lid=LSTMOBHGU9DVYJBZGCN6NRNPX&marketplace=FLIPKART&q=smart+phones&store=tyy%2F4io&srno=s_6_126&otracker=search&fm=organic&iid=fab8da30-234c-4e2d-b659-d8e008edf07b.MOBHGU9DVYJBZGCN.SEARCH&ppt=None&ppn=None&ssid=rax630s69c0000001790676186836&qH=a5594894156db043&ov_redirect=true,2026-09-29
127,"Samsung Galaxy M17 5G (Sapphire Black, 128 GB)",Samsung,18928,19999,5% off,4.1,"5,164",461,4 GB RAM,128 GB ROM,5000 mAh Battery,,17.02 cm (6.7 inch) Display,50MP Rear Camera,,https://www.flipkart.com/samsung-galaxy-m17-5g-sapphire-black-128-gb/p/itmc3b8f7b511eca?pid=MOBHGU9DRM2XDSU2&lid=LSTMOBHGU9DRM2XDSU2QTM7AR&marketplace=FLIPKART&q=smart+phones&store=tyy%2F4io&srno=s_6_127&otracker=search&fm=organic&iid=fab8da30-234c-4e2d-b659-d8e008edf07b.MOBHGU9DRM2XDSU2.SEARCH&ppt=None&ppn=None&ssid=rax630s69c0000001790676186836&qH=a5594894156db043&ov_redirect=true,2026-09-29
128,"Samsung Galaxy A17 5G (Blue, 128 GB)",Samsung,26990,34999,22% off,4.3,"2,234",211,8 GB RAM,128 GB ROM,5000 mAh Battery,Samsung Exynos 1330 Processor,17.02 cm (6.7 inch) Full HD+ Display,50MP + 5MP + 2MP | 13MP Front Camera,,https://www.flipkart.com/samsung-galaxy-a17-5g-blue-128-gb/p/itm9b0b7e6d52859?pid=MOBHGVECGVQWQVRH&lid=LSTMOBHGVECGVQWQVRHI7EI6Y&marketplace=FLIPKART&q=smart+phones&store=tyy%2F4io&srno=s_6_128&otracker=search&fm=organic&iid=fab8da30-234c-4e2d-b659-d8e008edf07b.MOBHGVECGVQWQVRH.SEARCH&ppt=None&ppn=None&ssid=rax630s69c0000001790676186836&qH=a5594894156db043&ov_redirect=true,2026-09-29
129,"OnePlus Nord CE6 (Lunar Pearl, 256 GB)",OnePlus,40600,43999,7% off,4.5,"1,340",99,8 GB RAM,256 GB ROM,8000 mAh Battery,Qualcomm® Snapdragon™ 7s Gen 4 Processor,17.22 cm (6.78 inch) Full HD+ Display,50MP Rear Camera | 2MP Front Camera,,https://www.flipkart.com/oneplus-nord-ce6-lunar-pearl-256-gb/p/itmd7b224b18cb05?pid=MOBHN8CDHYCYJFMQ&lid=LSTMOBHN8CDHYCYJFMQO9JBOS&marketplace=FLIPKART&q=smart+phones&store=tyy%2F4io&srno=s_6_129&otracker=search&fm=organic&iid=fab8da30-234c-4e2d-b659-d8e008edf07b.MOBHN8CDHYCYJFMQ.SEARCH&ppt=None&ppn=None&ssid=rax630s69c0000001790676186836&qH=a5594894156db043&ov_redirect=true,2026-09-29
130,"OnePlus Nord CE6 (Pitch Black, 256 GB)",OnePlus,40000,43999,9% off,4.5,"1,340",99,8 GB RAM,256 GB ROM,8000 mAh Battery,Qualcomm® Snapdragon™ 7s Gen 4 Processor,17.22 cm (6.78 inch) Full HD+ Display,50MP Rear Camera | 2MP Front Camera,,https://www.flipkart.com/oneplus-nord-ce6-pitch-black-256-gb/p/itmd7b224b18cb05?pid=MOBHN8FJGG2GYWA9&lid=LSTMOBHN8FJGG2GYWA9ABG8L1&marketplace=FLIPKART&q=smart+phones&store=tyy%2F4io&srno=s_6_130&otracker=search&fm=organic&iid=fab8da30-234c-4e2d-b659-d8e008edf07b.MOBHN8FJGG2GYWA9.SEARCH&ppt=None&ppn=None&ssid=rax630s69c0000001790676186836&qH=a5594894156db043&ov_redirect=true,2026-09-29
131,"Samsung Galaxy A17 5G (Black, 128 GB)",Samsung,26784,34999,23% off,4.3,"2,234",211,8 GB RAM,128 GB ROM,5000 mAh Battery,Samsung Exynos 1330 Processor,17.02 cm (6.7 inch) Full HD+ Display,50MP + 5MP + 2MP | 13MP Front Camera,,https://www.flipkart.com/samsung-galaxy-a17-5g-black-128-gb/p/itm9b0b7e6d52859?pid=MOBHGVECE3WTM76Y&lid=LSTMOBHGVECE3WTM76YOUJCMH&marketplace=FLIPKART&q=smart+phones&store=tyy%2F4io&srno=s_6_131&otracker=search&fm=organic&iid=fab8da30-234c-4e2d-b659-d8e008edf07b.MOBHGVECE3WTM76Y.SEARCH&ppt=None&ppn=None&ssid=rax630s69c0000001790676186836&qH=a5594894156db043&ov_redirect=true,2026-09-29
132,"Samsung Galaxy F36 5G (Red, 128 GB)",Samsung,20999,22999,8% off,4.3,"12,790","1,137",6 GB RAM,128 GB ROM,5000 mAh Battery,Samsung Exynos 1380 Processor,17.02 cm (6.7 inch) Full HD+ Display,50MP + 8MP + 2MP | 13MP Front Camera,,https://www.flipkart.com/samsung-galaxy-f36-5g-red-128-gb/p/itmc11d84aa155ce?pid=MOBHDFVTHDKNNW8Z&lid=LSTMOBHDFVTHDKNNW8Z1DPOGI&marketplace=FLIPKART&q=smart+phones&store=tyy%2F4io&srno=s_6_132&otracker=search&fm=organic&iid=fab8da30-234c-4e2d-b659-d8e008edf07b.MOBHDFVTHDKNNW8Z.SEARCH&ppt=None&ppn=None&ssid=rax630s69c0000001790676186836&qH=a5594894156db043&ov_redirect=true,2026-09-29
133,"realme Narzo 100 Lite 5G (Thunder Black, 128 GB)",realme,17984,27999,35% off,4.2,"1,487",73,4 GB RAM,128 GB ROM,7000 mAh Battery,,17.27 cm (6.8 inch) Display,13MP Rear Camera,,https://www.flipkart.com/realme-narzo-100-lite-5g-thunder-black-128-gb/p/itm659398bfe469c?pid=MOBHMZ3R29UXXKWF&lid=LSTMOBHMZ3R29UXXKWFRLIKSQ&marketplace=FLIPKART&q=smart+phones&store=tyy%2F4io&srno=s_6_133&otracker=search&fm=organic&iid=fab8da30-234c-4e2d-b659-d8e008edf07b.MOBHMZ3R29UXXKWF.SEARCH&ppt=None&ppn=None&ssid=rax630s69c0000001790676186836&qH=a5594894156db043&ov_redirect=true,2026-09-29
134,"realme Narzo 100 Lite 5G (Frost Silver, 128 GB)",realme,17980,27999,35% off,4.2,"1,487",73,4 GB RAM,128 GB ROM,7000 mAh Battery,,17.27 cm (6.8 inch) Display,13MP Rear Camera,,https://www.flipkart.com/realme-narzo-100-lite-5g-frost-silver-128-gb/p/itm659398bfe469c?pid=MOBHMZ3UF6EHPUSW&lid=LSTMOBHMZ3UF6EHPUSWO6JGQB&marketplace=FLIPKART&q=smart+phones&store=tyy%2F4io&srno=s_6_134&otracker=search&fm=organic&iid=fab8da30-234c-4e2d-b659-d8e008edf07b.MOBHMZ3UF6EHPUSW.SEARCH&ppt=None&ppn=None&ssid=rax630s69c0000001790676186836&qH=a5594894156db043&ov_redirect=true,2026-09-29
135,"Samsung Galaxy S26 5G (Sky Blue, 256 GB)",Samsung,87999,,,4.6,637,182,12 GB RAM,256 GB ROM,4300 mAh Li-ion Battery,2600 Processor,16.0 cm (6.3 inch) Full HD+ Display,50MP + 12MP | 12MP Front Camera,,https://www.flipkart.com/samsung-galaxy-s26-5g-sky-blue-256-gb/p/itm0ca5d0430e1c1?pid=MOBHKGAPDXGWGVMC&lid=LSTMOBHKGAPDXGWGVMCGU1FBQ&marketplace=FLIPKART&q=smart+phones&store=tyy%2F4io&srno=s_6_135&otracker=search&fm=organic&iid=fab8da30-234c-4e2d-b659-d8e008edf07b.MOBHKGAPDXGWGVMC.SEARCH&ppt=None&ppn=None&ssid=rax630s69c0000001790676186836&qH=a5594894156db043&ov_redirect=true,2026-09-29
136,"Google Pixel 11 (Pistachio, 256 GB)",Google,89999,,,4.5,381,70,12 GB RAM,256 GB ROM,4985 mAh Lithium Battery,Tensor G6 Processor,16.0 cm (6.3 inch) Actua Display,48MP + 13MP + 10.8MP | 10.5MP Front Camera,,https://www.flipkart.com/google-pixel-11-pistachio-256-gb/p/itmbe84c3bbcd190?pid=MOBHPHNVKY9PHBXD&lid=LSTMOBHPHNVKY9PHBXD7J5Y4X&marketplace=FLIPKART&q=smart+phones&store=tyy%2F4io&srno=s_6_136&otracker=search&fm=organic&iid=fab8da30-234c-4e2d-b659-d8e008edf07b.MOBHPHNVKY9PHBXD.SEARCH&ppt=None&ppn=None&ssid=rax630s69c0000001790676186836&qH=a5594894156db043&ov_redirect=true,2026-09-29
137,"Samsung Galaxy S26 5G (White, 256 GB)",Samsung,87999,,,4.6,637,182,12 GB RAM,256 GB ROM,4300 mAh Li-ion Battery,2600 Processor,16.0 cm (6.3 inch) Full HD+ Display,50MP + 12MP | 12MP Front Camera,,https://www.flipkart.com/samsung-galaxy-s26-5g-white-256-gb/p/itm0ca5d0430e1c1?pid=MOBHKGAPH5JGKK3E&lid=LSTMOBHKGAPH5JGKK3EW9MCPP&marketplace=FLIPKART&q=smart+phones&store=tyy%2F4io&srno=s_6_137&otracker=search&fm=organic&iid=fab8da30-234c-4e2d-b659-d8e008edf07b.MOBHKGAPH5JGKK3E.SEARCH&ppt=None&ppn=None&ssid=rax630s69c0000001790676186836&qH=a5594894156db043&ov_redirect=true,2026-09-29
138,"POCO C75 5G (Enchanted Green, 64 GB)",POCO,10999,,,4.2,"1,49,600","7,648",4 GB RAM,64 GB ROM,5160 mAh Battery,4s Gen 2 5G Processor,17.48 cm (6.88 inch) HD+ Display,50MP Rear Camera | 5MP Front Camera,5G,https://www.flipkart.com/poco-c75-5g-enchanted-green-64-gb/p/itmf8fdd88f80fcc?pid=MOBH7443VEGWXG4G&lid=LSTMOBH7443VEGWXG4GOW118G&marketplace=FLIPKART&q=smart+phones&store=tyy%2F4io&srno=s_6_138&otracker=search&fm=organic&iid=fab8da30-234c-4e2d-b659-d8e008edf07b.MOBH7443VEGWXG4G.SEARCH&ppt=None&ppn=None&ssid=rax630s69c0000001790676186836&qH=a5594894156db043&ov_redirect=true,2026-09-29
139,"Ai+ Nova 2 5G (Purple, 64 GB)",Ai+,13999,,,4.2,"7,063",403,4 GB RAM,64 GB ROM,6000 mAh Battery,T8200 Processor,17.13 cm (6.745 inch) HD+ Display,50MP Rear Camera | 8MP Front Camera,,https://www.flipkart.com/ai-nova-2-5g-purple-64-gb/p/itm07c0f38f44c5c?pid=MOBHKHPYYEJCZCAA&lid=LSTMOBHKHPYYEJCZCAA8UE6IX&marketplace=FLIPKART&q=smart+phones&store=tyy%2F4io&srno=s_6_139&otracker=search&fm=organic&iid=fab8da30-234c-4e2d-b659-d8e008edf07b.MOBHKHPYYEJCZCAA.SEARCH&ppt=None&ppn=None&ssid=rax630s69c0000001790676186836&qH=a5594894156db043&ov_redirect=true,2026-09-29
140,"Ai+ Nova 2 5G (Pink, 128 GB)",Ai+,14999,,,4,"5,900",460,6 GB RAM,128 GB ROM,6000 mAh Battery,T8200 Processor,17.13 cm (6.745 inch) HD+ Display,50MP Rear Camera | 8MP Front Camera,,https://www.flipkart.com/ai-nova-2-5g-pink-128-gb/p/itmbd28a3a7358d7?pid=MOBHKHPYZR8MAGHF&lid=LSTMOBHKHPYZR8MAGHFWJXJNF&marketplace=FLIPKART&q=smart+phones&store=tyy%2F4io&srno=s_6_140&otracker=search&fm=organic&iid=fab8da30-234c-4e2d-b659-d8e008edf07b.MOBHKHPYZR8MAGHF.SEARCH&ppt=None&ppn=None&ssid=rax630s69c0000001790676186836&qH=a5594894156db043&ov_redirect=true,2026-09-29
141,"Samsung Galaxy M17 5G (Moonlight Silver, 128 GB)",Samsung,21440,23999,10% off,4.3,"2,043",134,6 GB RAM,128 GB ROM,5000 mAh Battery,,17.02 cm (6.7 inch) Display,50MP Rear Camera,,https://www.flipkart.com/samsung-galaxy-m17-5g-moonlight-silver-128-gb/p/itmc3b8f7b511eca?pid=MOBHGU9DYEBQW6NW&lid=LSTMOBHGU9DYEBQW6NWJ81L21&marketplace=FLIPKART&q=smart+phones&store=tyy%2F4io&srno=s_6_141&otracker=search&fm=organic&iid=fab8da30-234c-4e2d-b659-d8e008edf07b.MOBHGU9DYEBQW6NW.SEARCH&ppt=None&ppn=None&ssid=rax630s69c0000001790676186836&qH=a5594894156db043&ov_redirect=true,2026-09-29
142,"Samsung Galaxy M17 5G (Moonlight Silver, 128 GB)",Samsung,18966,20999,9% off,4.1,"5,164",461,4 GB RAM,128 GB ROM,5000 mAh Battery,,17.02 cm (6.7 inch) Display,50MP Rear Camera,,https://www.flipkart.com/samsung-galaxy-m17-5g-moonlight-silver-128-gb/p/itmc3b8f7b511eca?pid=MOBHGU9DUNFWUJ8W&lid=LSTMOBHGU9DUNFWUJ8WJ0ZMRV&marketplace=FLIPKART&q=smart+phones&store=tyy%2F4io&srno=s_6_142&otracker=search&fm=organic&iid=fab8da30-234c-4e2d-b659-d8e008edf07b.MOBHGU9DUNFWUJ8W.SEARCH&ppt=None&ppn=None&ssid=rax630s69c0000001790676186836&qH=a5594894156db043&ov_redirect=true,2026-09-29
143,"realme P4 Pro 5G (Midnight Ivy, 256 GB)",realme,30999,,,4.4,"22,611","2,222",8 GB RAM,256 GB ROM,7000 mAh Battery,Snapdragon 7 Gen 4 Mobile Processor,17.27 cm (6.8 inch) Full HD+ Display,50MP + 8MP | 50MP Front Camera,,https://www.flipkart.com/realme-p4-pro-5g-midnight-ivy-256-gb/p/itme41a54752cc21?pid=MOBHERXK3YKZUWWZ&lid=LSTMOBHERXK3YKZUWWZM7IFIN&marketplace=FLIPKART&q=smart+phones&store=tyy%2F4io&srno=s_6_143&otracker=search&fm=organic&iid=fab8da30-234c-4e2d-b659-d8e008edf07b.MOBHERXK3YKZUWWZ.SEARCH&ppt=None&ppn=None&ssid=rax630s69c0000001790676186836&qH=a5594894156db043&ov_redirect=true,2026-09-29
144,"realme P4 Pro 5G (Birch Wood, 256 GB)",realme,30999,,,4.4,"22,611","2,222",8 GB RAM,256 GB ROM,7000 mAh Battery,Snapdragon 7 Gen 4 Mobile Processor,17.27 cm (6.8 inch) Full HD+ Display,50MP + 8MP | 50MP Front Camera,,https://www.flipkart.com/realme-p4-pro-5g-birch-wood-256-gb/p/itme41a54752cc21?pid=MOBHERXKVQED7HGC&lid=LSTMOBHERXKVQED7HGC54DD1I&marketplace=FLIPKART&q=smart+phones&store=tyy%2F4io&srno=s_6_144&otracker=search&fm=organic&iid=fab8da30-234c-4e2d-b659-d8e008edf07b.MOBHERXKVQED7HGC.SEARCH&ppt=None&ppn=None&ssid=rax630s69c0000001790676186836&qH=a5594894156db043&ov_redirect=true,2026-09-29
145,"Samsung Galaxy S26 5G (Black, 256 GB)",Samsung,87999,,,4.6,637,182,12 GB RAM,256 GB ROM,4300 mAh Li-ion Battery,2600 Processor,16.0 cm (6.3 inch) Full HD+ Display,50MP + 12MP | 12MP Front Camera,,https://www.flipkart.com/samsung-galaxy-s26-5g-black-256-gb/p/itm0ca5d0430e1c1?pid=MOBHKGAPMGQUBJTQ&lid=LSTMOBHKGAPMGQUBJTQRBPS1C&marketplace=FLIPKART&q=smart+phones&store=tyy%2F4io&srno=s_7_145&otracker=search&fm=organic&iid=0a11ecea-1387-4807-8298-2df62cf96d1a.MOBHKGAPMGQUBJTQ.SEARCH&ppt=None&ppn=None&ssid=z12kbawnzk0000001790676189644&qH=a5594894156db043&ov_redirect=true,2026-09-29
146,"Samsung Galaxy S26 5G (Black, 512 GB)",Samsung,107999,,,4.6,637,182,12 GB RAM,512 GB ROM,4300 mAh Li-ion Battery,2600 Processor,16.0 cm (6.3 inch) Full HD+ Display,50MP + 12MP | 12MP Front Camera,,https://www.flipkart.com/samsung-galaxy-s26-5g-black-512-gb/p/itm0ca5d0430e1c1?pid=MOBHKGAPUSBAHSUM&lid=LSTMOBHKGAPUSBAHSUMNZMCDH&marketplace=FLIPKART&q=smart+phones&store=tyy%2F4io&srno=s_7_146&otracker=search&fm=organic&iid=0a11ecea-1387-4807-8298-2df62cf96d1a.MOBHKGAPUSBAHSUM.SEARCH&ppt=None&ppn=None&ssid=z12kbawnzk0000001790676189644&qH=a5594894156db043&ov_redirect=true,2026-09-29
147,"Tecno Spark Go 3 (Titanium Grey, 64 GB)",Tecno,12499,15999,21% off,4.1,217,15,4 GB RAM,64 GB ROM,5000 mAh Lithium Polymer Battery,T7250 Processor,17.12 cm (6.74 inch) HD+ Display,13MP Rear Camera | 8MP Front Camera,,https://www.flipkart.com/tecno-spark-go-3-titanium-grey-64-gb/p/itma9c8f128a61c6?pid=MOBHP2QY7GH4XWWS&lid=LSTMOBHP2QY7GH4XWWSUZBT2N&marketplace=FLIPKART&q=smart+phones&store=tyy%2F4io&srno=s_7_147&otracker=search&fm=organic&iid=en_chGd4bfUILY935v8cBfBWTMBZZEfDDDSO4nxNdnwycWijJgqV0LZ06q69f846RGOxuSl-jfu2FRRD3-px9HFb5LgCDLd29XPfHChd2SlxWskUThRcnSwKe60N0WFbNeY&ppt=None&ppn=None&ssid=z12kbawnzk0000001790676189644&qH=a5594894156db043&ov_redirect=true,2026-09-29
148,"Tecno Spark Go 3 (Ink Black, 64 GB)",Tecno,12499,15999,21% off,4.1,217,15,4 GB RAM,64 GB ROM,5000 mAh Lithium Polymer Battery,T7250 Processor,17.12 cm (6.74 inch) HD+ Display,13MP Rear Camera | 8MP Front Camera,,https://www.flipkart.com/tecno-spark-go-3-ink-black-64-gb/p/itma9c8f128a61c6?pid=MOBHP2QYCXZZE3CM&lid=LSTMOBHP2QYCXZZE3CMWW64IB&marketplace=FLIPKART&q=smart+phones&store=tyy%2F4io&srno=s_7_148&otracker=search&fm=organic&iid=en_chGd4bfUILY935v8cBfBWTMBZZEfDDDSO4nxNdnwycXAKR2n7Q_aAFk1uaVzEu_pwfAu6s5c53i2tmuGS82SuJLgCDLd29XPfHChd2SlxWskUThRcnSwKe60N0WFbNeY&ppt=None&ppn=None&ssid=z12kbawnzk0000001790676189644&qH=a5594894156db043&ov_redirect=true,2026-09-29
149,"Samsung Galaxy Z Fold7 5G (Silver Shadow, 512 GB)",Samsung,186999,,,4.6,185,11,12 GB RAM,512 GB ROM,4400 mAh Battery,Snapdragon 8 Elite for Galaxy Processor,20.32 cm (8 inch) QXGA+ Display,200MP + 12MP + 10MP | 10MP Front Camera,,https://www.flipkart.com/samsung-galaxy-z-fold7-5g-silver-shadow-512-gb/p/itmf4133aca7ea59?pid=MOBHD92UNGNFMCFJ&lid=LSTMOBHD92UNGNFMCFJLSUOKS&marketplace=FLIPKART&q=smart+phones&store=tyy%2F4io&srno=s_7_149&otracker=search&fm=organic&iid=0a11ecea-1387-4807-8298-2df62cf96d1a.MOBHD92UNGNFMCFJ.SEARCH&ppt=None&ppn=None&ssid=z12kbawnzk0000001790676189644&qH=a5594894156db043&ov_redirect=true,2026-09-29
150,"Ai+ Nova 2 Pro 5G (Green, 128 GB)",Ai+,17999,21999,18% off,4,"2,345",274,6 GB RAM,128 GB ROM,6000 mAh Li-polymer Battery,Dimensity 7100 Processor,17.53 cm (6.9 inch) Full HD+ Display,48MP Rear Camera | 13MP Front Camera,,https://www.flipkart.com/ai-nova-2-pro-5g-green-128-gb/p/itma368934ad2791?pid=MOBHZ8ZMBGAXGJTE&lid=LSTMOBHZ8ZMBGAXGJTE4LQRH6&marketplace=FLIPKART&q=smart+phones&store=tyy%2F4io&srno=s_7_150&otracker=search&fm=organic&iid=0a11ecea-1387-4807-8298-2df62cf96d1a.MOBHZ8ZMBGAXGJTE.SEARCH&ppt=None&ppn=None&ssid=z12kbawnzk0000001790676189644&qH=a5594894156db043&ov_redirect=true,2026-09-29
151,"realme Narzo 100 Lite 5G (Thunder Black, 64 GB)",realme,17000,24999,31% off,4.2,"1,487",73,4 GB RAM,64 GB ROM,7000 mAh Battery,,17.27 cm (6.8 inch) Display,13MP Rear Camera,,https://www.flipkart.com/realme-narzo-100-lite-5g-thunder-black-64-gb/p/itm659398bfe469c?pid=MOBHMZ3QKKTHQW7M&lid=LSTMOBHMZ3QKKTHQW7MVO3LIN&marketplace=FLIPKART&q=smart+phones&store=tyy%2F4io&srno=s_7_151&otracker=search&fm=organic&iid=0a11ecea-1387-4807-8298-2df62cf96d1a.MOBHMZ3QKKTHQW7M.SEARCH&ppt=None&ppn=None&ssid=z12kbawnzk0000001790676189644&qH=a5594894156db043&ov_redirect=true,2026-09-29
152,"Ai+ Nova 2 Pro 5G (Purple, 128 GB)",Ai+,17999,21999,18% off,4,"2,345",274,6 GB RAM,128 GB ROM,6000 mAh Li-polymer Battery,Dimensity 7100 Processor,17.53 cm (6.9 inch) Full HD+ Display,48MP Rear Camera | 13MP Front Camera,,https://www.flipkart.com/ai-nova-2-pro-5g-purple-128-gb/p/itm95899429b0b18?pid=MOBHZ8ZMGVPHRQWP&lid=LSTMOBHZ8ZMGVPHRQWPJBKI1W&marketplace=FLIPKART&q=smart+phones&store=tyy%2F4io&srno=s_7_152&otracker=search&fm=organic&iid=0a11ecea-1387-4807-8298-2df62cf96d1a.MOBHZ8ZMGVPHRQWP.SEARCH&ppt=None&ppn=None&ssid=z12kbawnzk0000001790676189644&qH=a5594894156db043&ov_redirect=true,2026-09-29
153,"REDMI 15C 5G (Dusk Purple, 128 GB)",REDMI,19608,24690,20% off,4.2,699,48,6 GB RAM,128 GB ROM,6000 mAh Battery,,17.53 cm (6.9 inch) Display,50MP Rear Camera,,https://www.flipkart.com/redmi-15c-5g-dusk-purple-128-gb/p/itmc1345bb45eef3?pid=MOBHGGZ25C5SGQGE&lid=LSTMOBHGGZ25C5SGQGEHF0V8H&marketplace=FLIPKART&q=smart+phones&store=tyy%2F4io&srno=s_7_153&otracker=search&fm=organic&iid=0a11ecea-1387-4807-8298-2df62cf96d1a.MOBHGGZ25C5SGQGE.SEARCH&ppt=None&ppn=None&ssid=z12kbawnzk0000001790676189644&qH=a5594894156db043&ov_redirect=true,2026-09-29
154,"REDMI 15C 5G (Moonlight Blue, 128 GB)",REDMI,19555,25399,23% off,4.2,699,48,6 GB RAM,128 GB ROM,6000 mAh Battery,,17.53 cm (6.9 inch) Display,50MP Rear Camera,,https://www.flipkart.com/redmi-15c-5g-moonlight-blue-128-gb/p/itmc1345bb45eef3?pid=MOBHGGZ2YRHVYEGS&lid=LSTMOBHGGZ2YRHVYEGSL47MEQ&marketplace=FLIPKART&q=smart+phones&store=tyy%2F4io&srno=s_7_154&otracker=search&fm=organic&iid=0a11ecea-1387-4807-8298-2df62cf96d1a.MOBHGGZ2YRHVYEGS.SEARCH&ppt=None&ppn=None&ssid=z12kbawnzk0000001790676189644&qH=a5594894156db043&ov_redirect=true,2026-09-29
155,"POCO M7 5G (Ocean Blue, 128 GB)",POCO,13499,13999,3% off,4.3,"19,051","1,069",8 GB RAM,128 GB ROM,5160 mAh Battery,4 Gen 2 5G Processor,17.48 cm (6.88 inch) HD+ Display,50MP Rear Camera | 8MP Front Camera,5G,https://www.flipkart.com/poco-m7-5g-ocean-blue-128-gb/p/itm7c4a352930fde?pid=MOBH9HFJTH8SZWMZ&lid=LSTMOBH9HFJTH8SZWMZ6OVNR6&marketplace=FLIPKART&q=smart+phones&store=tyy%2F4io&srno=s_7_155&otracker=search&fm=organic&iid=0a11ecea-1387-4807-8298-2df62cf96d1a.MOBH9HFJTH8SZWMZ.SEARCH&ppt=None&ppn=None&ssid=z12kbawnzk0000001790676189644&qH=a5594894156db043&ov_redirect=true,2026-09-29
156,"REDMI 15C 5G (Midnight Black, 128 GB)",REDMI,21801,25999,16% off,4.3,482,44,8 GB RAM,128 GB ROM,6000 mAh Battery,,17.53 cm (6.9 inch) Display,50MP Rear Camera,,https://www.flipkart.com/redmi-15c-5g-midnight-black-128-gb/p/itmc1345bb45eef3?pid=MOBHGGZ228KHHPQC&lid=LSTMOBHGGZ228KHHPQCY9KX8V&marketplace=FLIPKART&q=smart+phones&store=tyy%2F4io&srno=s_7_156&otracker=search&fm=organic&iid=0a11ecea-1387-4807-8298-2df62cf96d1a.MOBHGGZ228KHHPQC.SEARCH&ppt=None&ppn=None&ssid=z12kbawnzk0000001790676189644&qH=a5594894156db043&ov_redirect=true,2026-09-29
157,"vivo T5 5G (Royal Bronze, 128 GB)",vivo,34999,49999,30% off,4.5,524,69,6 GB RAM,128 GB ROM,7050 mAh Li-ion Battery,Dimensity 7500 Processor,17.35 cm (6.83 inch) Full HD+ AMOLED Display,50MP + 8MP | 32MP Front Camera,,https://www.flipkart.com/vivo-t5-5g-royal-bronze-128-gb/p/itm8fa150d1fa2d2?pid=MOBHQC8DMYUHNY2A&lid=LSTMOBHQC8DMYUHNY2AXSLLSW&marketplace=FLIPKART&q=smart+phones&store=tyy%2F4io&srno=s_7_157&otracker=search&fm=organic&iid=0a11ecea-1387-4807-8298-2df62cf96d1a.MOBHQC8DMYUHNY2A.SEARCH&ppt=None&ppn=None&ssid=z12kbawnzk0000001790676189644&qH=a5594894156db043&ov_redirect=true,2026-09-29
158,"vivo T5 5G (Silver Green, 128 GB)",vivo,34999,49999,30% off,4.5,524,69,6 GB RAM,128 GB ROM,7050 mAh Li-ion Battery,Dimensity 7500 Processor,17.35 cm (6.83 inch) Full HD+ AMOLED Display,50MP + 8MP | 32MP Front Camera,,https://www.flipkart.com/vivo-t5-5g-silver-green-128-gb/p/itm8fa150d1fa2d2?pid=MOBHQC8DQGZMMCB8&lid=LSTMOBHQC8DQGZMMCB8YZZYDV&marketplace=FLIPKART&q=smart+phones&store=tyy%2F4io&srno=s_7_158&otracker=search&fm=organic&iid=0a11ecea-1387-4807-8298-2df62cf96d1a.MOBHQC8DQGZMMCB8.SEARCH&ppt=None&ppn=None&ssid=z12kbawnzk0000001790676189644&qH=a5594894156db043&ov_redirect=true,2026-09-29
159,"POCO X8 Pro (White, 256 GB)",POCO,39999,50999,21% off,4.3,"4,012",699,8 GB RAM,256 GB ROM,6500 mAh Lithium-Ion Polymer With Silicon Carbon Technology Battery,Dimensity 8500-Ultra Processor,16.74 cm (6.59 inch) Full HD+ AMOLED Display,50MP + 8MP | 20MP Front Camera,,https://www.flipkart.com/poco-x8-pro-white-256-gb/p/itmaa692ca8a3b36?pid=MOBHMGG5QFZXHVAH&lid=LSTMOBHMGG5QFZXHVAHACODSM&marketplace=FLIPKART&q=smart+phones&store=tyy%2F4io&srno=s_7_159&otracker=search&fm=organic&iid=0a11ecea-1387-4807-8298-2df62cf96d1a.MOBHMGG5QFZXHVAH.SEARCH&ppt=None&ppn=None&ssid=z12kbawnzk0000001790676189644&qH=a5594894156db043&ov_redirect=true,2026-09-29
160,"Samsung Galaxy S25 Ultra 5G (Titanium Silverblue, 256 GB)",Samsung,95821,129999,26% off,4.6,"4,212",450,12 GB RAM,256 GB ROM,5000 mAh Battery,8 Elite for Galaxy Processor,17.53 cm (6.9 inch) Quad HD+ Display,200MP + 50MP + 50MP + 10MP | 12MP Front Camera,,https://www.flipkart.com/samsung-galaxy-s25-ultra-5g-titanium-silverblue-256-gb/p/itm413a5c3f30151?pid=MOBH8K8U5FWQWD6G&lid=LSTMOBH8K8U5FWQWD6GAM9OTO&marketplace=FLIPKART&q=smart+phones&store=tyy%2F4io&srno=s_7_160&otracker=search&fm=organic&iid=0a11ecea-1387-4807-8298-2df62cf96d1a.MOBH8K8U5FWQWD6G.SEARCH&ppt=None&ppn=None&ssid=z12kbawnzk0000001790676189644&qH=a5594894156db043&ov_redirect=true,2026-09-29
161,"Samsung Galaxy A06 5G (Black, 64 GB)",Samsung,15000,15499,3% off,4.1,"4,980",375,4 GB RAM,64 GB ROM,5000 mAh Li-ion Battery,Dimensity 6300 Processor,17.02 cm (6.7 inch) HD+ Display,50MP + 2MP | 8MP Front Camera,,https://www.flipkart.com/samsung-galaxy-a06-5g-black-64-gb/p/itm68a03d686c7c4?pid=MOBH9GQKTSEJGNCA&lid=LSTMOBH9GQKTSEJGNCASQ4NK1&marketplace=FLIPKART&q=smart+phones&store=tyy%2F4io&srno=s_7_161&otracker=search&fm=organic&iid=0a11ecea-1387-4807-8298-2df62cf96d1a.MOBH9GQKTSEJGNCA.SEARCH&ppt=None&ppn=None&ssid=z12kbawnzk0000001790676189644&qH=a5594894156db043&ov_redirect=true,2026-09-29
162,"Ai+ Nova 2 Ultra 5G (Black, 128 GB)",Ai+,20999,29999,30% off,4.2,"4,096",554,6 GB RAM,128 GB ROM,6000 mAh Li-polymer Battery,Dimensity 7400 Processor,17.22 cm (6.78 inch) Full HD+ AMOLED Display,50MP + 8MP | 13MP Front Camera,,https://www.flipkart.com/ai-nova-2-ultra-5g-black-128-gb/p/itm106a94230b39e?pid=MOBHZHUVNTSWWGAN&lid=LSTMOBHZHUVNTSWWGAN1FL1FA&marketplace=FLIPKART&q=smart+phones&store=tyy%2F4io&srno=s_7_162&otracker=search&fm=organic&iid=0a11ecea-1387-4807-8298-2df62cf96d1a.MOBHZHUVNTSWWGAN.SEARCH&ppt=None&ppn=None&ssid=z12kbawnzk0000001790676189644&qH=a5594894156db043&ov_redirect=true,2026-09-29
163,"realme Narzo 100 Lite 5G (Thunder Black, 128 GB)",realme,21250,31999,33% off,4.2,172,14,6 GB RAM,128 GB ROM,7000 mAh Battery,,17.27 cm (6.8 inch) Display,13MP Rear Camera,,https://www.flipkart.com/realme-narzo-100-lite-5g-thunder-black-128-gb/p/itm659398bfe469c?pid=MOBHMZ3TERMJ7F2Z&lid=LSTMOBHMZ3TERMJ7F2ZZKJ05Z&marketplace=FLIPKART&q=smart+phones&store=tyy%2F4io&srno=s_7_163&otracker=search&fm=organic&iid=0a11ecea-1387-4807-8298-2df62cf96d1a.MOBHMZ3TERMJ7F2Z.SEARCH&ppt=None&ppn=None&ssid=z12kbawnzk0000001790676189644&qH=a5594894156db043&ov_redirect=true,2026-09-29
164,"realme GT 7T (Racing Yellow, 256 GB)",realme,34499,42999,19% off,4.4,"5,425",721,12 GB RAM,256 GB ROM,7000 mAh Li-ion Battery,Dimensity 8400-MAX Processor,17.27 cm (6.8 inch) Full HD+ AMOLED Display,50MP + 8MP | 32MP Front Camera,,https://www.flipkart.com/realme-gt-7t-racing-yellow-256-gb/p/itmda26d662ee28e?pid=MOBHFQ6DSMZZDYZG&lid=LSTMOBHFQ6DSMZZDYZGJFCU50&marketplace=FLIPKART&q=smart+phones&store=tyy%2F4io&srno=s_7_164&otracker=search&fm=organic&iid=0a11ecea-1387-4807-8298-2df62cf96d1a.MOBHFQ6DSMZZDYZG.SEARCH&ppt=None&ppn=None&ssid=z12kbawnzk0000001790676189644&qH=a5594894156db043&ov_redirect=true,2026-09-29
165,"realme P4 Power 5G Charger in the Box (TransOrange, 256 GB)",realme,34999,55999,37% off,4.4,"8,595",896,8 GB RAM,256 GB ROM,10001 mAh Battery,Dimensity 7400 Ultra Processor,17.27 cm (6.8 inch) Full HD+ AMOLED Display,,,https://www.flipkart.com/realme-p4-power-5g-charger-box-transorange-256-gb/p/itm756857550aae6?pid=MOBHN8YRKQMFAHAU&lid=LSTMOBHN8YRKQMFAHAUVWFHOR&marketplace=FLIPKART&q=smart+phones&store=tyy%2F4io&srno=s_7_165&otracker=search&fm=organic&iid=0a11ecea-1387-4807-8298-2df62cf96d1a.MOBHN8YRKQMFAHAU.SEARCH&ppt=None&ppn=None&ssid=z12kbawnzk0000001790676189644&qH=a5594894156db043&ov_redirect=true,2026-09-29
166,"realme Narzo 100 Lite 5G (Frost Silver, 64 GB)",realme,16733,24999,33% off,4.2,"1,487",73,4 GB RAM,64 GB ROM,7000 mAh Battery,Dimensity 6300 MT6835 Processor,17.27 cm (6.8 inch) HD+ Display,13MP Rear Camera | 5MP Front Camera,,https://www.flipkart.com/realme-narzo-100-lite-5g-frost-silver-64-gb/p/itm659398bfe469c?pid=MOBHMZ3SPJZGNYQR&lid=LSTMOBHMZ3SPJZGNYQRDSQP8Z&marketplace=FLIPKART&q=smart+phones&store=tyy%2F4io&srno=s_7_166&otracker=search&fm=organic&iid=0a11ecea-1387-4807-8298-2df62cf96d1a.MOBHMZ3SPJZGNYQR.SEARCH&ppt=None&ppn=None&ssid=z12kbawnzk0000001790676189644&qH=a5594894156db043&ov_redirect=true,2026-09-29
167,"Ai+ Nova 2 Neo 5G (Black, 128 GB)",Ai+,16999,19999,15% off,4.2,"1,063",99,6 GB RAM,128 GB ROM,6000 mAh Li-polymer Battery,Dimensity 6300 Processor,17.13 cm (6.745 inch) HD+ Display,48MP Rear Camera | 8MP Front Camera,,https://www.flipkart.com/ai-nova-2-neo-5g-black-128-gb/p/itmc790f4d613a76?pid=MOBHZ8ZMYWGY8VKA&lid=LSTMOBHZ8ZMYWGY8VKATOHHEC&marketplace=FLIPKART&q=smart+phones&store=tyy%2F4io&srno=s_7_167&otracker=search&fm=organic&iid=0a11ecea-1387-4807-8298-2df62cf96d1a.MOBHZ8ZMYWGY8VKA.SEARCH&ppt=None&ppn=None&ssid=z12kbawnzk0000001790676189644&qH=a5594894156db043&ov_redirect=true,2026-09-29
168,"realme Narzo 100 Lite 5G (Frost Silver, 128 GB)",realme,21499,31999,32% off,4.2,172,14,6 GB RAM,128 GB ROM,7000 mAh Battery,,17.27 cm (6.8 inch) Display,13MP Rear Camera,,https://www.flipkart.com/realme-narzo-100-lite-5g-frost-silver-128-gb/p/itm659398bfe469c?pid=MOBHMZ3QYVFHZCAH&lid=LSTMOBHMZ3QYVFHZCAHLNTJL3&marketplace=FLIPKART&q=smart+phones&store=tyy%2F4io&srno=s_7_168&otracker=search&fm=organic&iid=0a11ecea-1387-4807-8298-2df62cf96d1a.MOBHMZ3QYVFHZCAH.SEARCH&ppt=None&ppn=None&ssid=z12kbawnzk0000001790676189644&qH=a5594894156db043&ov_redirect=true,2026-09-29
169,"realme 15 5G (Flowing Silver, 256 GB)",realme,31999,,,4.4,"11,370","1,221",8 GB RAM,256 GB ROM,7000 mAh Battery,Mediatek Dimensity 7300+ 5G Processor,17.27 cm (6.8 inch) Full HD+ AMOLED Display,50MP + 8MP | 50MP Front Camera,5G,https://www.flipkart.com/realme-15-5g-flowing-silver-256-gb/p/itme9581fbd0e97a?pid=MOBHDUKFVXWQKMPS&lid=LSTMOBHDUKFVXWQKMPS2WNAQE&marketplace=FLIPKART&q=smart+phones&store=tyy%2F4io&srno=s_8_169&otracker=search&fm=organic&iid=3598a362-cd22-4868-8763-a8af2ec4a7f9.MOBHDUKFVXWQKMPS.SEARCH&ppt=None&ppn=None&ssid=0l54isqbo00000001790676192339&qH=a5594894156db043&ov_redirect=true,2026-09-29
170,"vivo T5 Lite 44W 5G (Twilight Shadow, 128 GB)",vivo,20499,33999,39% off,4.2,"1,504",108,4 GB RAM,128 GB ROM,6500 mAh Li-ion Battery,Dimensity 6300 5G Processor,17.12 cm (6.74 inch) HD+ Display,50MP + 0.08MP | 5MP Front Camera,5G,https://www.flipkart.com/vivo-t5-lite-44w-5g-twilight-shadow-128-gb/p/itm5420c578ec2df?pid=MOBHNDTDQCGAFYXG&lid=LSTMOBHNDTDQCGAFYXGEXV19S&marketplace=FLIPKART&q=smart+phones&store=tyy%2F4io&srno=s_8_170&otracker=search&fm=organic&iid=3598a362-cd22-4868-8763-a8af2ec4a7f9.MOBHNDTDQCGAFYXG.SEARCH&ppt=None&ppn=None&ssid=0l54isqbo00000001790676192339&qH=a5594894156db043&ov_redirect=true,2026-09-29
171,"Tecno Spark Go 3 (Titanium Grey, 64 GB)",Tecno,12499,15999,21% off,4.1,217,15,4 GB RAM,64 GB ROM,5000 mAh Lithium Polymer Battery,T7250 Processor,17.12 cm (6.74 inch) HD+ Display,13MP Rear Camera | 8MP Front Camera,,https://www.flipkart.com/tecno-spark-go-3-titanium-grey-64-gb/p/itma9c8f128a61c6?pid=MOBHP2QY7GH4XWWS&lid=LSTMOBHP2QY7GH4XWWSUZBT2N&marketplace=FLIPKART&q=smart+phones&store=tyy%2F4io&srno=s_8_171&otracker=search&fm=organic&iid=en_w3u-mXkPsqvGzAxC4er3kaV7ay0v-EwJhdVcXy2SXlWsFp8p7WdZWzDxzXZ7nTd4xuSl-jfu2FRRD3-px9HFb5LgCDLd29XPfHChd2SlxWvYTfW38iP-muwtoK6SG91j&ppt=None&ppn=None&ssid=0l54isqbo00000001790676192339&qH=a5594894156db043&ov_redirect=true,2026-09-29
172,"Tecno Spark Go 3 (Ink Black, 64 GB)",Tecno,12499,15999,21% off,4.1,217,15,4 GB RAM,64 GB ROM,5000 mAh Lithium Polymer Battery,T7250 Processor,17.12 cm (6.74 inch) HD+ Display,13MP Rear Camera | 8MP Front Camera,,https://www.flipkart.com/tecno-spark-go-3-ink-black-64-gb/p/itma9c8f128a61c6?pid=MOBHP2QYCXZZE3CM&lid=LSTMOBHP2QYCXZZE3CMWW64IB&marketplace=FLIPKART&q=smart+phones&store=tyy%2F4io&srno=s_8_172&otracker=search&fm=organic&iid=en_w3u-mXkPsqvGzAxC4er3kaV7ay0v-EwJhdVcXy2SXlVnsNat1mp9q1djtydHzqGowfAu6s5c53i2tmuGS82SuJLgCDLd29XPfHChd2SlxWvYTfW38iP-muwtoK6SG91j&ppt=None&ppn=None&ssid=0l54isqbo00000001790676192339&qH=a5594894156db043&ov_redirect=true,2026-09-29
173,"Ai+ Nova 2 5G (Purple, 128 GB)",Ai+,14499,17499,17% off,4.2,"7,063",403,4 GB RAM,128 GB ROM,6000 mAh Battery,T8200 Processor,17.13 cm (6.745 inch) HD+ Display,50MP Rear Camera | 8MP Front Camera,,https://www.flipkart.com/ai-nova-2-5g-purple-128-gb/p/itmc486f9ebd15e3?pid=MOBHZPMCKZ3VYHMZ&lid=LSTMOBHZPMCKZ3VYHMZBGP8IV&marketplace=FLIPKART&q=smart+phones&store=tyy%2F4io&srno=s_8_173&otracker=search&fm=organic&iid=3598a362-cd22-4868-8763-a8af2ec4a7f9.MOBHZPMCKZ3VYHMZ.SEARCH&ppt=None&ppn=None&ssid=0l54isqbo00000001790676192339&qH=a5594894156db043&ov_redirect=true,2026-09-29
174,"vivo T5 5G (Royal Bronze, 128 GB)",vivo,39999,55999,28% off,4.5,236,28,8 GB RAM,128 GB ROM,7050 mAh Li-ion Battery,Dimensity 7500 Processor,17.35 cm (6.83 inch) Full HD+ AMOLED Display,50MP + 8MP | 32MP Front Camera,,https://www.flipkart.com/vivo-t5-5g-royal-bronze-128-gb/p/itm8fa150d1fa2d2?pid=MOBHQC8D6EURCBKD&lid=LSTMOBHQC8D6EURCBKDVGX4VE&marketplace=FLIPKART&q=smart+phones&store=tyy%2F4io&srno=s_8_174&otracker=search&fm=organic&iid=3598a362-cd22-4868-8763-a8af2ec4a7f9.MOBHQC8D6EURCBKD.SEARCH&ppt=None&ppn=None&ssid=0l54isqbo00000001790676192339&qH=a5594894156db043&ov_redirect=true,2026-09-29
175,"vivo T5 5G (Silver Green, 256 GB)",vivo,44999,61999,27% off,4.5,236,28,8 GB RAM,256 GB ROM,7050 mAh Li-ion Battery,Dimensity 7500 Processor,17.35 cm (6.83 inch) Full HD+ AMOLED Display,50MP + 8MP | 32MP Front Camera,,https://www.flipkart.com/vivo-t5-5g-silver-green-256-gb/p/itm8fa150d1fa2d2?pid=MOBHQC8DDN9CU73W&lid=LSTMOBHQC8DDN9CU73WDIHEFX&marketplace=FLIPKART&q=smart+phones&store=tyy%2F4io&srno=s_8_175&otracker=search&fm=organic&iid=3598a362-cd22-4868-8763-a8af2ec4a7f9.MOBHQC8DDN9CU73W.SEARCH&ppt=None&ppn=None&ssid=0l54isqbo00000001790676192339&qH=a5594894156db043&ov_redirect=true,2026-09-29
176,"vivo T5 5G (Royal Bronze, 256 GB)",vivo,44999,61999,27% off,4.5,236,28,8 GB RAM,256 GB ROM,7050 mAh Li-ion Battery,Dimensity 7500 Processor,17.35 cm (6.83 inch) Full HD+ AMOLED Display,50MP + 8MP | 32MP Front Camera,,https://www.flipkart.com/vivo-t5-5g-royal-bronze-256-gb/p/itm8fa150d1fa2d2?pid=MOBHQC8DHZ54RRHA&lid=LSTMOBHQC8DHZ54RRHAQKVWSE&marketplace=FLIPKART&q=smart+phones&store=tyy%2F4io&srno=s_8_176&otracker=search&fm=organic&iid=3598a362-cd22-4868-8763-a8af2ec4a7f9.MOBHQC8DHZ54RRHA.SEARCH&ppt=None&ppn=None&ssid=0l54isqbo00000001790676192339&qH=a5594894156db043&ov_redirect=true,2026-09-29
177,"vivo T5 5G (Silver Green, 128 GB)",vivo,39999,55999,28% off,4.5,236,28,8 GB RAM,128 GB ROM,7050 mAh Li-ion Battery,Dimensity 7500 Processor,17.35 cm (6.83 inch) Full HD+ AMOLED Display,50MP + 8MP | 32MP Front Camera,,https://www.flipkart.com/vivo-t5-5g-silver-green-128-gb/p/itm8fa150d1fa2d2?pid=MOBHQC8DR8GYASKC&lid=LSTMOBHQC8DR8GYASKCX6FHLE&marketplace=FLIPKART&q=smart+phones&store=tyy%2F4io&srno=s_8_177&otracker=search&fm=organic&iid=3598a362-cd22-4868-8763-a8af2ec4a7f9.MOBHQC8DR8GYASKC.SEARCH&ppt=None&ppn=None&ssid=0l54isqbo00000001790676192339&qH=a5594894156db043&ov_redirect=true,2026-09-29
178,"realme P3 Ultra 5G (Neptune Blue, 256 GB)",realme,28999,33999,14% off,4.4,"22,128","2,558",8 GB RAM,256 GB ROM,6000 mAh Battery,Dimensity 8350 Ultra Processor,17.35 cm (6.83 inch) Full HD+ Display,50MP + 8MP | 16MP Front Camera,,https://www.flipkart.com/realme-p3-ultra-5g-neptune-blue-256-gb/p/itm50171223b4a05?pid=MOBHAYKEBGFUXNQV&lid=LSTMOBHAYKEBGFUXNQVLAWPKP&marketplace=FLIPKART&q=smart+phones&store=tyy%2F4io&srno=s_8_178&otracker=search&fm=organic&iid=3598a362-cd22-4868-8763-a8af2ec4a7f9.MOBHAYKEBGFUXNQV.SEARCH&ppt=None&ppn=None&ssid=0l54isqbo00000001790676192339&qH=a5594894156db043&ov_redirect=true,2026-09-29
179,"REDMI 15C 5G (Midnight Black, 128 GB)",REDMI,19987,31999,37% off,4.2,699,48,6 GB RAM,128 GB ROM,6000 mAh Battery,,17.53 cm (6.9 inch) Display,50MP Rear Camera,,https://www.flipkart.com/redmi-15c-5g-midnight-black-128-gb/p/itmc1345bb45eef3?pid=MOBHGGZ2DYFHQM6T&lid=LSTMOBHGGZ2DYFHQM6TXRC2FG&marketplace=FLIPKART&q=smart+phones&store=tyy%2F4io&srno=s_8_179&otracker=search&fm=organic&iid=3598a362-cd22-4868-8763-a8af2ec4a7f9.MOBHGGZ2DYFHQM6T.SEARCH&ppt=None&ppn=None&ssid=0l54isqbo00000001790676192339&qH=a5594894156db043&ov_redirect=true,2026-09-29
180,"REDMI 15C 5G (Moonlight Blue, 128 GB)",REDMI,21862,26999,19% off,4.3,482,44,8 GB RAM,128 GB ROM,6000 mAh Battery,,17.53 cm (6.9 inch) Display,50MP Rear Camera,,https://www.flipkart.com/redmi-15c-5g-moonlight-blue-128-gb/p/itmc1345bb45eef3?pid=MOBHGGZ2RRCJFAGZ&lid=LSTMOBHGGZ2RRCJFAGZ3MOYRX&marketplace=FLIPKART&q=smart+phones&store=tyy%2F4io&srno=s_8_180&otracker=search&fm=organic&iid=3598a362-cd22-4868-8763-a8af2ec4a7f9.MOBHGGZ2RRCJFAGZ.SEARCH&ppt=None&ppn=None&ssid=0l54isqbo00000001790676192339&qH=a5594894156db043&ov_redirect=true,2026-09-29
181,"realme P3 Ultra 5G (Glowing Lunar White, 128 GB)",realme,31999,,,4.4,"22,128","2,558",8 GB RAM,128 GB ROM,6000 mAh Battery,Dimensity 8350 Ultra Processor,17.35 cm (6.83 inch) Display,50MP + 8MP | 16MP Front Camera,,https://www.flipkart.com/realme-p3-ultra-5g-glowing-lunar-white-128-gb/p/itm50171223b4a05?pid=MOBHAYKEDGEJFGNF&lid=LSTMOBHAYKEDGEJFGNFTOWSN1&marketplace=FLIPKART&q=smart+phones&store=tyy%2F4io&srno=s_8_181&otracker=search&fm=organic&iid=3598a362-cd22-4868-8763-a8af2ec4a7f9.MOBHAYKEDGEJFGNF.SEARCH&ppt=None&ppn=None&ssid=0l54isqbo00000001790676192339&qH=a5594894156db043&ov_redirect=true,2026-09-29
182,"Samsung Galaxy A07 LTE (Black, 64 GB)",Samsung,12699,12999,2% off,4.2,"1,620",114,4 GB RAM,64 GB ROM,5000 mAh Battery,Helio G99 Processor,17.02 cm (6.7 inch) HD+ Display,,,https://www.flipkart.com/samsung-galaxy-a07-lte-black-64-gb/p/itm25dbddb462dcb?pid=MOBHG82ZXW3DEMHY&lid=LSTMOBHG82ZXW3DEMHY8HCWU4&marketplace=FLIPKART&q=smart+phones&store=tyy%2F4io&srno=s_8_182&otracker=search&fm=organic&iid=3598a362-cd22-4868-8763-a8af2ec4a7f9.MOBHG82ZXW3DEMHY.SEARCH&ppt=None&ppn=None&ssid=0l54isqbo00000001790676192339&qH=a5594894156db043&ov_redirect=true,2026-09-29
183,"REDMI 15C 5G (Dusk Purple, 128 GB)",REDMI,21853,33999,35% off,4.3,482,44,8 GB RAM,128 GB ROM,6000 mAh Battery,,17.53 cm (6.9 inch) Display,50MP Rear Camera,,https://www.flipkart.com/redmi-15c-5g-dusk-purple-128-gb/p/itmc1345bb45eef3?pid=MOBHGGZ2AASSW7RG&lid=LSTMOBHGGZ2AASSW7RGRKJPFC&marketplace=FLIPKART&q=smart+phones&store=tyy%2F4io&srno=s_8_183&otracker=search&fm=organic&iid=3598a362-cd22-4868-8763-a8af2ec4a7f9.MOBHGGZ2AASSW7RG.SEARCH&ppt=None&ppn=None&ssid=0l54isqbo00000001790676192339&qH=a5594894156db043&ov_redirect=true,2026-09-29
184,"OPPO K14 Lite (Feather Purple, 64 GB)",OPPO,16999,37999,55% off,4,61,7,4 GB RAM,64 GB ROM,7000 mAh lithium-ion polymer Battery,T7250 Processor,17.14 cm (6.75 inch) HD+ Display,13MP Rear Camera | 5MP Front Camera,,https://www.flipkart.com/oppo-k14-lite-feather-purple-64-gb/p/itmb13fea9340374?pid=MOBHQZZ2GTANTBKC&lid=LSTMOBHQZZ2GTANTBKCCEHJHZ&marketplace=FLIPKART&q=smart+phones&store=tyy%2F4io&srno=s_8_184&otracker=search&fm=organic&iid=3598a362-cd22-4868-8763-a8af2ec4a7f9.MOBHQZZ2GTANTBKC.SEARCH&ppt=None&ppn=None&ssid=0l54isqbo00000001790676192339&qH=a5594894156db043&ov_redirect=true,2026-09-29
185,"Apple iPhone 18 Pro (Silver, 256 GB)",Apple,164900,,,4.7,204,26,,,,"A20 Pro chip, 6 Core Processor Processor",16.0 cm (6.3 inch) Super Retina XDR Display,48MP + 48MP + 48MP | 18MP Front Camera,,https://www.flipkart.com/apple-iphone-18-pro-silver-256-gb/p/itm5ce813274f766?pid=MOBHR2GUZHXFZGRH&lid=LSTMOBHR2GUZHXFZGRHLAZBKB&marketplace=FLIPKART&q=smart+phones&store=tyy%2F4io&srno=s_8_185&otracker=search&fm=organic&iid=3598a362-cd22-4868-8763-a8af2ec4a7f9.MOBHR2GUZHXFZGRH.SEARCH&ppt=None&ppn=None&ssid=0l54isqbo00000001790676192339&qH=a5594894156db043&ov_redirect=true,2026-09-29
186,"realme 15 5G (Flowing Silver, 128 GB)",realme,29999,,,4.4,"11,370","1,221",8 GB RAM,128 GB ROM,7000 mAh Battery,Mediatek Dimensity 7300+ 5G Processor,17.27 cm (6.8 inch) Full HD+ Display,50MP + 8MP | 50MP Front Camera,5G,https://www.flipkart.com/realme-15-5g-flowing-silver-128-gb/p/itme9581fbd0e97a?pid=MOBHDUKFNGK33R2M&lid=LSTMOBHDUKFNGK33R2M8YALEU&marketplace=FLIPKART&q=smart+phones&store=tyy%2F4io&srno=s_8_186&otracker=search&fm=organic&iid=3598a362-cd22-4868-8763-a8af2ec4a7f9.MOBHDUKFNGK33R2M.SEARCH&ppt=None&ppn=None&ssid=0l54isqbo00000001790676192339&qH=a5594894156db043&ov_redirect=true,2026-09-29
187,"vivo T5 Lite 44W 5G (Twilight Shadow, 64 GB)",vivo,30999,,,4.2,"1,504",108,4 GB RAM,64 GB ROM,6500 mAh Li-ion Battery,Dimensity 6300 5G Processor,17.12 cm (6.74 inch) HD+ Display,50MP + 0.08MP | 5MP Front Camera,5G,https://www.flipkart.com/vivo-t5-lite-44w-5g-twilight-shadow-64-gb/p/itm5420c578ec2df?pid=MOBHQSFF6MZK4YNP&lid=LSTMOBHQSFF6MZK4YNPMLMOKI&marketplace=FLIPKART&q=smart+phones&store=tyy%2F4io&srno=s_8_187&otracker=search&fm=organic&iid=3598a362-cd22-4868-8763-a8af2ec4a7f9.MOBHQSFF6MZK4YNP.SEARCH&ppt=None&ppn=None&ssid=0l54isqbo00000001790676192339&qH=a5594894156db043&ov_redirect=true,2026-09-29
188,"vivo T5 Lite 44W 5G (Wave Blue, 64 GB)",vivo,30999,,,4.2,"1,504",108,4 GB RAM,64 GB ROM,6500 mAh Li-ion Battery,Dimensity 6300 5G Processor,17.12 cm (6.74 inch) HD+ Display,50MP + 0.08MP | 5MP Front Camera,5G,https://www.flipkart.com/vivo-t5-lite-44w-5g-wave-blue-64-gb/p/itm5420c578ec2df?pid=MOBHQSFFCMZN6GBC&lid=LSTMOBHQSFFCMZN6GBCPWZJQM&marketplace=FLIPKART&q=smart+phones&store=tyy%2F4io&srno=s_8_188&otracker=search&fm=organic&iid=3598a362-cd22-4868-8763-a8af2ec4a7f9.MOBHQSFFCMZN6GBC.SEARCH&ppt=None&ppn=None&ssid=0l54isqbo00000001790676192339&qH=a5594894156db043&ov_redirect=true,2026-09-29
189,"MOTOROLA g37 (PANTONE Capri, 64 GB)",MOTOROLA,17249,24999,31% off,4.3,"4,003",216,4 GB RAM,64 GB ROM,5200 mAh Battery,Dimensity 6400 Processor,16.92 cm (6.66 inch) HD+ Display,50MP Rear Camera | 8MP Front Camera,,https://www.flipkart.com/motorola-g37-pantone-capri-64-gb/p/itm54f0e687c7b29?pid=MOBHHWB6U3Q3RYFD&lid=LSTMOBHHWB6U3Q3RYFDYGJVNO&marketplace=FLIPKART&q=smart+phones&store=tyy%2F4io&srno=s_8_189&otracker=search&fm=organic&iid=3598a362-cd22-4868-8763-a8af2ec4a7f9.MOBHHWB6U3Q3RYFD.SEARCH&ppt=None&ppn=None&ssid=0l54isqbo00000001790676192339&qH=a5594894156db043&ov_redirect=true,2026-09-29
190,"realme P4 Pro 5G (Birch Wood, 256 GB)",realme,32999,,,4.4,"5,135",531,12 GB RAM,256 GB ROM,7000 mAh Battery,Snapdragon 7 Gen 4 Mobile Processor,17.27 cm (6.8 inch) Full HD+ Display,50MP + 8MP | 50MP Front Camera,,https://www.flipkart.com/realme-p4-pro-5g-birch-wood-256-gb/p/itme41a54752cc21?pid=MOBHERXKUV3RGG5F&lid=LSTMOBHERXKUV3RGG5FX55ENJ&marketplace=FLIPKART&q=smart+phones&store=tyy%2F4io&srno=s_8_190&otracker=search&fm=organic&iid=3598a362-cd22-4868-8763-a8af2ec4a7f9.MOBHERXKUV3RGG5F.SEARCH&ppt=None&ppn=None&ssid=0l54isqbo00000001790676192339&qH=a5594894156db043&ov_redirect=true,2026-09-29
191,"MOTOROLA Edge 70 Fusion Snapdragon (Pantone SILHOUETTE, 256 GB)",MOTOROLA,34999,59999,41% off,4.3,"6,803",753,12 GB RAM,256 GB ROM,7000 mAh Battery,Snapdragon 7s Gen 4 Processor,17.27 cm (6.8 inch) Super HD Display,50MP + 13MP | 32MP Front Camera,,https://www.flipkart.com/motorola-edge-70-fusion-snapdragon-pantone-silhouette-256-gb/p/itm21ba8e0a0386b?pid=MOBHN973AG5RFTRH&lid=LSTMOBHN973AG5RFTRHG3Y0SZ&marketplace=FLIPKART&q=smart+phones&store=tyy%2F4io&srno=s_8_191&otracker=search&fm=organic&iid=3598a362-cd22-4868-8763-a8af2ec4a7f9.MOBHN973AG5RFTRH.SEARCH&ppt=None&ppn=None&ssid=0l54isqbo00000001790676192339&qH=a5594894156db043&ov_redirect=true,2026-09-29
192,"Samsung M06 5G (Blazing Black, 128 GB)",Samsung,16990,16999,,4.1,"6,251",428,4 GB RAM,128 GB ROM,5000 mAh Battery,,17.02 cm (6.7 inch) Display,50MP Rear Camera,,https://www.flipkart.com/samsung-m06-5g-blazing-black-128-gb/p/itmcafa42dadc15c?pid=MOBH9UYF4GZXGWW6&lid=LSTMOBH9UYF4GZXGWW6MAZISQ&marketplace=FLIPKART&q=smart+phones&store=tyy%2F4io&srno=s_8_192&otracker=search&fm=organic&iid=3598a362-cd22-4868-8763-a8af2ec4a7f9.MOBH9UYF4GZXGWW6.SEARCH&ppt=None&ppn=None&ssid=0l54isqbo00000001790676192339&qH=a5594894156db043&ov_redirect=true,2026-09-29
193,"Samsung Galaxy M17e 5G (Blitz Blue, 128 GB)",Samsung,19597,24999,21% off,4,46,5,6 GB RAM,128 GB ROM,6000 mAh Battery,Dimensity 6300 Processor,17.02 cm (6.7 inch) HD+ Display,50MP Rear Camera | 8MP Front Camera,,https://www.flipkart.com/samsung-galaxy-m17e-5g-blitz-blue-128-gb/p/itm94d52438549d6?pid=MOBHHTAUAWURCBGQ&lid=LSTMOBHHTAUAWURCBGQGRDTSU&marketplace=FLIPKART&q=smart+phones&store=tyy%2F4io&srno=s_9_193&otracker=search&fm=organic&iid=faf43d23-9ca1-45e7-aa4a-909e973886a8.MOBHHTAUAWURCBGQ.SEARCH&ppt=None&ppn=None&ssid=qk4xw4t2nk0000001790676195104&qH=a5594894156db043&ov_redirect=true,2026-09-29
194,"POCO C85x 5G (Sunset Gold, 64 GB)",POCO,14999,20999,28% off,4.1,"5,750",787,4 GB RAM,64 GB ROM,6300 mAh Lithium-Ion Polymer Battery,T8300 Processor,17.53 cm (6.9 inch) HD+ Display,32MP Rear Camera,,https://www.flipkart.com/poco-c85x-5g-sunset-gold-64-gb/p/itm09453073b3b2e?pid=MOBHMGG5PYZRFMKU&lid=LSTMOBHMGG5PYZRFMKUWRLUZB&marketplace=FLIPKART&q=smart+phones&store=tyy%2F4io&srno=s_9_194&otracker=search&fm=organic&iid=faf43d23-9ca1-45e7-aa4a-909e973886a8.MOBHMGG5PYZRFMKU.SEARCH&ppt=None&ppn=None&ssid=qk4xw4t2nk0000001790676195104&qH=a5594894156db043&ov_redirect=true,2026-09-29
195,"Samsung M36 5G (Light Green, 128 GB)",Samsung,24990,26999,7% off,4.3,"5,774",448,6 GB RAM,128 GB ROM,5000 mAh Battery,,17.02 cm (6.7 inch) Display,50MP Rear Camera,,https://www.flipkart.com/samsung-m36-5g-light-green-128-gb/p/itm4cf1eae54334f?pid=MOBHEYY2YZXYBR66&lid=LSTMOBHEYY2YZXYBR66QIK7TW&marketplace=FLIPKART&q=smart+phones&store=tyy%2F4io&srno=s_9_195&otracker=search&fm=organic&iid=faf43d23-9ca1-45e7-aa4a-909e973886a8.MOBHEYY2YZXYBR66.SEARCH&ppt=None&ppn=None&ssid=qk4xw4t2nk0000001790676195104&qH=a5594894156db043&ov_redirect=true,2026-09-29
196,"vivo T5 5G (Silver Green, 256 GB)",vivo,49999,69999,28% off,4.4,35,3,12 GB RAM,256 GB ROM,7050 mAh Li-ion Battery,Dimensity 7500 Processor,17.35 cm (6.83 inch) Full HD+ AMOLED Display,50MP + 8MP | 32MP Front Camera,,https://www.flipkart.com/vivo-t5-5g-silver-green-256-gb/p/itm8fa150d1fa2d2?pid=MOBHQC8DVP7HMWV3&lid=LSTMOBHQC8DVP7HMWV388TX9H&marketplace=FLIPKART&q=smart+phones&store=tyy%2F4io&srno=s_9_196&otracker=search&fm=organic&iid=faf43d23-9ca1-45e7-aa4a-909e973886a8.MOBHQC8DVP7HMWV3.SEARCH&ppt=None&ppn=None&ssid=qk4xw4t2nk0000001790676195104&qH=a5594894156db043&ov_redirect=true,2026-09-29
197,"Tecno Spark Go 3 (Titanium Grey, 64 GB)",Tecno,12499,15999,21% off,4.1,217,15,4 GB RAM,64 GB ROM,5000 mAh Lithium Polymer Battery,T7250 Processor,17.12 cm (6.74 inch) HD+ Display,13MP Rear Camera | 8MP Front Camera,,https://www.flipkart.com/tecno-spark-go-3-titanium-grey-64-gb/p/itma9c8f128a61c6?pid=MOBHP2QY7GH4XWWS&lid=LSTMOBHP2QY7GH4XWWSUZBT2N&marketplace=FLIPKART&q=smart+phones&store=tyy%2F4io&srno=s_9_197&otracker=search&fm=organic&iid=en_JsO-OT3jCB1uuD_6rHSK9dso46L3g1SVAQBSe8meGaDpzwCZXZ52e_kDfqYLz54pxuSl-jfu2FRRD3-px9HFb5LgCDLd29XPfHChd2SlxWvfiLlbe6jXU_I8rTKu_1xw&ppt=None&ppn=None&ssid=qk4xw4t2nk0000001790676195104&qH=a5594894156db043&ov_redirect=true,2026-09-29
198,"Tecno Spark Go 3 (Ink Black, 64 GB)",Tecno,12499,15999,21% off,4.1,217,15,4 GB RAM,64 GB ROM,5000 mAh Lithium Polymer Battery,T7250 Processor,17.12 cm (6.74 inch) HD+ Display,13MP Rear Camera | 8MP Front Camera,,https://www.flipkart.com/tecno-spark-go-3-ink-black-64-gb/p/itma9c8f128a61c6?pid=MOBHP2QYCXZZE3CM&lid=LSTMOBHP2QYCXZZE3CMWW64IB&marketplace=FLIPKART&q=smart+phones&store=tyy%2F4io&srno=s_9_198&otracker=search&fm=organic&iid=en_JsO-OT3jCB1uuD_6rHSK9dso46L3g1SVAQBSe8meGaCpmy0Y1QoEKXr2cO4kVyU0wfAu6s5c53i2tmuGS82SuJLgCDLd29XPfHChd2SlxWvfiLlbe6jXU_I8rTKu_1xw&ppt=None&ppn=None&ssid=qk4xw4t2nk0000001790676195104&qH=a5594894156db043&ov_redirect=true,2026-09-29
199,"vivo T5 5G (Royal Bronze, 256 GB)",vivo,49999,69999,28% off,4.4,35,3,12 GB RAM,256 GB ROM,7050 mAh Li-ion Battery,Dimensity 7500 Processor,17.35 cm (6.83 inch) Full HD+ AMOLED Display,50MP + 8MP | 32MP Front Camera,,https://www.flipkart.com/vivo-t5-5g-royal-bronze-256-gb/p/itm8fa150d1fa2d2?pid=MOBHQC8DXH3M8M9G&lid=LSTMOBHQC8DXH3M8M9GQI7WKT&marketplace=FLIPKART&q=smart+phones&store=tyy%2F4io&srno=s_9_199&otracker=search&fm=organic&iid=faf43d23-9ca1-45e7-aa4a-909e973886a8.MOBHQC8DXH3M8M9G.SEARCH&ppt=None&ppn=None&ssid=qk4xw4t2nk0000001790676195104&qH=a5594894156db043&ov_redirect=true,2026-09-29
200,"realme P3 Ultra 5G (Glowing Lunar White, 256 GB)",realme,28999,33999,14% off,4.4,"22,128","2,558",8 GB RAM,256 GB ROM,6000 mAh Battery,Dimensity 8350 Ultra Processor,17.35 cm (6.83 inch) Full HD+ Display,50MP + 8MP | 16MP Front Camera,,https://www.flipkart.com/realme-p3-ultra-5g-glowing-lunar-white-256-gb/p/itm50171223b4a05?pid=MOBHAYKEYZQPMJM8&lid=LSTMOBHAYKEYZQPMJM8YKEI0U&marketplace=FLIPKART&q=smart+phones&store=tyy%2F4io&srno=s_9_200&otracker=search&fm=organic&iid=faf43d23-9ca1-45e7-aa4a-909e973886a8.MOBHAYKEYZQPMJM8.SEARCH&ppt=None&ppn=None&ssid=qk4xw4t2nk0000001790676195104&qH=a5594894156db043&ov_redirect=true,2026-09-29
201,"OPPO K14 Lite (Stone Brown, 64 GB)",OPPO,16999,37999,55% off,4,61,7,4 GB RAM,64 GB ROM,7000 mAh lithium-ion polymer Battery,T7250 Processor,17.14 cm (6.75 inch) HD+ Display,13MP Rear Camera | 5MP Front Camera,,https://www.flipkart.com/oppo-k14-lite-stone-brown-64-gb/p/itmb13fea9340374?pid=MOBHQZZ2HVKFBAGP&lid=LSTMOBHQZZ2HVKFBAGP9HQ2J4&marketplace=FLIPKART&q=smart+phones&store=tyy%2F4io&srno=s_9_201&otracker=search&fm=organic&iid=faf43d23-9ca1-45e7-aa4a-909e973886a8.MOBHQZZ2HVKFBAGP.SEARCH&ppt=None&ppn=None&ssid=qk4xw4t2nk0000001790676195104&qH=a5594894156db043&ov_redirect=true,2026-09-29
202,"LAVA Bold N1 5G (Champagne Gold, 64 GB)",LAVA,11999,14999,20% off,4,"1,223",107,4 GB RAM,64 GB ROM,5000 mAh Li-ion Battery,T765 Octa-core Processor Processor,17.14 cm (6.75 inch) HD+ Display,13MP Rear Camera | 5MP Front Camera,,https://www.flipkart.com/lava-bold-n1-5g-champagne-gold-64-gb/p/itmf3a647b98bd0f?pid=MOBHMP9R5QUMMPN9&lid=LSTMOBHMP9R5QUMMPN9NWRS4A&marketplace=FLIPKART&q=smart+phones&store=tyy%2F4io&srno=s_9_202&otracker=search&fm=organic&iid=faf43d23-9ca1-45e7-aa4a-909e973886a8.MOBHMP9R5QUMMPN9.SEARCH&ppt=None&ppn=None&ssid=qk4xw4t2nk0000001790676195104&qH=a5594894156db043&ov_redirect=true,2026-09-29
203,"Ai+ Nova 2 Ultra 5G (Black, 128 GB)",Ai+,22999,31999,28% off,4.1,"2,137",302,8 GB RAM,128 GB ROM,6000 mAh Li-polymer Battery,Dimensity 7400 Processor,17.22 cm (6.78 inch) Full HD+ AMOLED Display,50MP + 8MP | 13MP Front Camera,,https://www.flipkart.com/ai-nova-2-ultra-5g-black-128-gb/p/itmbac120469e74a?pid=MOBHZHUVYN4SGGQA&lid=LSTMOBHZHUVYN4SGGQATZDCVU&marketplace=FLIPKART&q=smart+phones&store=tyy%2F4io&srno=s_9_203&otracker=search&fm=organic&iid=faf43d23-9ca1-45e7-aa4a-909e973886a8.MOBHZHUVYN4SGGQA.SEARCH&ppt=None&ppn=None&ssid=qk4xw4t2nk0000001790676195104&qH=a5594894156db043&ov_redirect=true,2026-09-29
204,"Samsung Galaxy F06 5G (Bahama Blue, 128 GB)",Samsung,18999,,,4.2,"25,834","2,006",6 GB RAM,128 GB ROM,5000 mAh Battery,Dimensity 6300 Processor,17.02 cm (6.7 inch) HD+ Display,50MP + 2MP | 8MP Front Camera,,https://www.flipkart.com/samsung-galaxy-f06-5g-bahama-blue-128-gb/p/itmc1c2297bdfa31?pid=MOBHMGHHMFGB82H9&lid=LSTMOBHMGHHMFGB82H9LFGOI5&marketplace=FLIPKART&q=smart+phones&store=tyy%2F4io&srno=s_9_204&otracker=search&fm=organic&iid=faf43d23-9ca1-45e7-aa4a-909e973886a8.MOBHMGHHMFGB82H9.SEARCH&ppt=None&ppn=None&ssid=qk4xw4t2nk0000001790676195104&qH=a5594894156db043&ov_redirect=true,2026-09-29
205,"OnePlus Nord CE6 Lite (Vivid Mint, 128 GB)",OnePlus,27678,31999,13% off,4.3,"1,423",98,6 GB RAM,128 GB ROM,7000 mAh Battery,Mediatek Dimensity 7400 Processor,17.07 cm (6.72 inch) Full HD+ Display,50MP Rear Camera | 8MP Front Camera,,https://www.flipkart.com/oneplus-nord-ce6-lite-vivid-mint-128-gb/p/itm21e965b5b799d?pid=MOBHN8CVXZNTVTKZ&lid=LSTMOBHN8CVXZNTVTKZQCWPGR&marketplace=FLIPKART&q=smart+phones&store=tyy%2F4io&srno=s_9_205&otracker=search&fm=organic&iid=faf43d23-9ca1-45e7-aa4a-909e973886a8.MOBHN8CVXZNTVTKZ.SEARCH&ppt=None&ppn=None&ssid=qk4xw4t2nk0000001790676195104&qH=a5594894156db043&ov_redirect=true,2026-09-29
206,"Samsung Galaxy A17 5G (Gray, 256 GB)",Samsung,32445,41999,22% off,4.3,"2,234",211,8 GB RAM,256 GB ROM,5000 mAh Battery,Samsung Exynos 1330 Processor,17.02 cm (6.7 inch) Full HD+ Display,50MP + 5MP + 2MP | 13MP Front Camera,,https://www.flipkart.com/samsung-galaxy-a17-5g-gray-256-gb/p/itm9b0b7e6d52859?pid=MOBHGVECGMDU2DZV&lid=LSTMOBHGVECGMDU2DZVWO8GYI&marketplace=FLIPKART&q=smart+phones&store=tyy%2F4io&srno=s_9_206&otracker=search&fm=organic&iid=faf43d23-9ca1-45e7-aa4a-909e973886a8.MOBHGVECGMDU2DZV.SEARCH&ppt=None&ppn=None&ssid=qk4xw4t2nk0000001790676195104&qH=a5594894156db043&ov_redirect=true,2026-09-29
207,"Google Pixel 10 (Frost, 256 GB)",Google,79999,,,4.5,"3,700",353,12 GB RAM,256 GB ROM,4970 mAh Battery,Tensor G5 Processor,16.0 cm (6.3 inch) Quad HD+ Display,48MP + 13MP + 10.8MP | 10.5MP Front Camera,,https://www.flipkart.com/google-pixel-10-frost-256-gb/p/itm180af25bcc197?pid=MOBHEXHRXDGMF8XZ&lid=LSTMOBHEXHRXDGMF8XZ4R1W9O&marketplace=FLIPKART&q=smart+phones&store=tyy%2F4io&srno=s_9_207&otracker=search&fm=organic&iid=faf43d23-9ca1-45e7-aa4a-909e973886a8.MOBHEXHRXDGMF8XZ.SEARCH&ppt=None&ppn=None&ssid=qk4xw4t2nk0000001790676195104&qH=a5594894156db043&ov_redirect=true,2026-09-29
208,"POCO X8 Pro (White, 256 GB)",POCO,42999,52999,18% off,4.4,"1,228",206,12 GB RAM,256 GB ROM,6500 mAh Lithium-Ion Polymer With Silicon Carbon Technology Battery,Dimensity 8500-Ultra Processor,16.74 cm (6.59 inch) Full HD+ AMOLED Display,50MP + 8MP | 20MP Front Camera,,https://www.flipkart.com/poco-x8-pro-white-256-gb/p/itm1ec9163203374?pid=MOBHMGG5WDBZG8GM&lid=LSTMOBHMGG5WDBZG8GMASZ5EU&marketplace=FLIPKART&q=smart+phones&store=tyy%2F4io&srno=s_9_208&otracker=search&fm=organic&iid=faf43d23-9ca1-45e7-aa4a-909e973886a8.MOBHMGG5WDBZG8GM.SEARCH&ppt=None&ppn=None&ssid=qk4xw4t2nk0000001790676195104&qH=a5594894156db043&ov_redirect=true,2026-09-29
209,"REDMI 15 5G (Frosted White, 128 GB)",REDMI,21700,32999,34% off,4.3,"3,258",246,6 GB RAM,128 GB ROM,7000 mAh Battery,,17.53 cm (6.9 inch) Display,50MP Rear Camera,,https://www.flipkart.com/redmi-15-5g-frosted-white-128-gb/p/itmd7bced8727891?pid=MOBHFH95FKU234AN&lid=LSTMOBHFH95FKU234ANEYP5RS&marketplace=FLIPKART&q=smart+phones&store=tyy%2F4io&srno=s_9_209&otracker=search&fm=organic&iid=faf43d23-9ca1-45e7-aa4a-909e973886a8.MOBHFH95FKU234AN.SEARCH&ppt=None&ppn=None&ssid=qk4xw4t2nk0000001790676195104&qH=a5594894156db043&ov_redirect=true,2026-09-29
210,"REDMI 15 5G (Sandy Purple, 256 GB)",REDMI,27790,36999,24% off,4.3,"4,999",317,8 GB RAM,256 GB ROM,7000 mAh Battery,,17.53 cm (6.9 inch) Display,50MP Rear Camera,,https://www.flipkart.com/redmi-15-5g-sandy-purple-256-gb/p/itmd7bced8727891?pid=MOBHFH95JHYG8ZPN&lid=LSTMOBHFH95JHYG8ZPNFYP0WI&marketplace=FLIPKART&q=smart+phones&store=tyy%2F4io&srno=s_9_210&otracker=search&fm=organic&iid=faf43d23-9ca1-45e7-aa4a-909e973886a8.MOBHFH95JHYG8ZPN.SEARCH&ppt=None&ppn=None&ssid=qk4xw4t2nk0000001790676195104&qH=a5594894156db043&ov_redirect=true,2026-09-29
211,"REDMI 15 5G (Sandy Purple, 128 GB)",REDMI,22580,32999,31% off,4.3,"3,258",246,6 GB RAM,128 GB ROM,7000 mAh Battery,,17.53 cm (6.9 inch) Display,50MP Rear Camera,,https://www.flipkart.com/redmi-15-5g-sandy-purple-128-gb/p/itmd7bced8727891?pid=MOBHFH95KX2GA62H&lid=LSTMOBHFH95KX2GA62HSHHE4I&marketplace=FLIPKART&q=smart+phones&store=tyy%2F4io&srno=s_9_211&otracker=search&fm=organic&iid=faf43d23-9ca1-45e7-aa4a-909e973886a8.MOBHFH95KX2GA62H.SEARCH&ppt=None&ppn=None&ssid=qk4xw4t2nk0000001790676195104&qH=a5594894156db043&ov_redirect=true,2026-09-29
212,"REDMI 15 5G (Sandy Purple, 128 GB)",REDMI,23960,25999,7% off,4.3,"4,999",317,8 GB RAM,128 GB ROM,7000 mAh Battery,,17.53 cm (6.9 inch) Display,50MP Rear Camera,,https://www.flipkart.com/redmi-15-5g-sandy-purple-128-gb/p/itmd7bced8727891?pid=MOBHFTM6MZ8J3XDW&lid=LSTMOBHFTM6MZ8J3XDWXFCAYN&marketplace=FLIPKART&q=smart+phones&store=tyy%2F4io&srno=s_9_212&otracker=search&fm=organic&iid=faf43d23-9ca1-45e7-aa4a-909e973886a8.MOBHFTM6MZ8J3XDW.SEARCH&ppt=None&ppn=None&ssid=qk4xw4t2nk0000001790676195104&qH=a5594894156db043&ov_redirect=true,2026-09-29
213,"OnePlus Nord 6 (Pitch Black, 256 GB)",OnePlus,46378,52999,12% off,4.5,"2,552",306,8 GB RAM,256 GB ROM,9000 mAh Battery,4 octa-core processor Processor,17.22 cm (6.78 inch) Full HD+ Display,50MP Rear Camera,,https://www.flipkart.com/oneplus-nord-6-pitch-black-256-gb/p/itmc49f71cdc4080?pid=MOBHMBWGFH9RHHUH&lid=LSTMOBHMBWGFH9RHHUHVSWRIR&marketplace=FLIPKART&q=smart+phones&store=tyy%2F4io&srno=s_9_213&otracker=search&fm=organic&iid=faf43d23-9ca1-45e7-aa4a-909e973886a8.MOBHMBWGFH9RHHUH.SEARCH&ppt=None&ppn=None&ssid=qk4xw4t2nk0000001790676195104&qH=a5594894156db043&ov_redirect=true,2026-09-29
214,"OnePlus Nord 6 (Fresh Mint, 256 GB)",OnePlus,46300,52999,12% off,4.5,"2,552",306,8 GB RAM,256 GB ROM,9000 mAh Battery,4 octa-core processor Processor,17.22 cm (6.78 inch) Full HD+ Display,50MP Rear Camera,,https://www.flipkart.com/oneplus-nord-6-fresh-mint-256-gb/p/itmc49f71cdc4080?pid=MOBHMBW2KKBSFG9R&lid=LSTMOBHMBW2KKBSFG9R7TBQTG&marketplace=FLIPKART&q=smart+phones&store=tyy%2F4io&srno=s_9_214&otracker=search&fm=organic&iid=faf43d23-9ca1-45e7-aa4a-909e973886a8.MOBHMBW2KKBSFG9R.SEARCH&ppt=None&ppn=None&ssid=qk4xw4t2nk0000001790676195104&qH=a5594894156db043&ov_redirect=true,2026-09-29
215,"OnePlus Nord 6 (Quick Silver, 256 GB)",OnePlus,46780,52999,11% off,4.5,"2,552",306,8 GB RAM,256 GB ROM,9000 mAh Battery,4 octa-core processor Processor,17.22 cm (6.78 inch) Full HD+ Display,50MP Rear Camera,,https://www.flipkart.com/oneplus-nord-6-quick-silver-256-gb/p/itmc49f71cdc4080?pid=MOBHMBWSVHKWRPAS&lid=LSTMOBHMBWSVHKWRPASIME99R&marketplace=FLIPKART&q=smart+phones&store=tyy%2F4io&srno=s_9_215&otracker=search&fm=organic&iid=faf43d23-9ca1-45e7-aa4a-909e973886a8.MOBHMBWSVHKWRPAS.SEARCH&ppt=None&ppn=None&ssid=qk4xw4t2nk0000001790676195104&qH=a5594894156db043&ov_redirect=true,2026-09-29
216,"OnePlus Nord CE6 Lite (Vivid Mint, 256 GB)",OnePlus,35372,36999,4% off,4.3,"1,151",75,8 GB RAM,256 GB ROM,7000 mAh Battery,MediaTek Dimensity 7400 Apex Processor,17.07 cm (6.72 inch) Full HD+ Display,50MP Rear Camera | 8MP Front Camera,,https://www.flipkart.com/oneplus-nord-ce6-lite-vivid-mint-256-gb/p/itm21e965b5b799d?pid=MOBHN8AB2JFD45AG&lid=LSTMOBHN8AB2JFD45AGBJITJM&marketplace=FLIPKART&q=smart+phones&store=tyy%2F4io&srno=s_9_216&otracker=search&fm=organic&iid=faf43d23-9ca1-45e7-aa4a-909e973886a8.MOBHN8AB2JFD45AG.SEARCH&ppt=None&ppn=None&ssid=qk4xw4t2nk0000001790676195104&qH=a5594894156db043&ov_redirect=true,2026-09-29
217,"Tecno Spark Go 3 (Ink Black, 64 GB)",Tecno,12499,15999,21% off,4.1,217,15,4 GB RAM,64 GB ROM,5000 mAh Lithium Polymer Battery,T7250 Processor,17.12 cm (6.74 inch) HD+ Display,13MP Rear Camera | 8MP Front Camera,,https://www.flipkart.com/tecno-spark-go-3-ink-black-64-gb/p/itma9c8f128a61c6?pid=MOBHP2QYCXZZE3CM&lid=LSTMOBHP2QYCXZZE3CMWW64IB&marketplace=FLIPKART&q=smart+phones&store=tyy%2F4io&srno=s_10_217&otracker=search&fm=organic&iid=en_Zll1olTNcEE2IT58s_rCkpbvXS-BntnMFC9OGn_GpQwvseaiDTTeQrCPp-OHjhtQu-p7FawYTmaPPeu5xWEE1ZLgCDLd29XPfHChd2SlxWvcMmKOourMfGIXJ1EPb4jx&ppt=None&ppn=None&ssid=zartdh1a4w0000001790676197890&qH=a5594894156db043&ov_redirect=true,2026-09-29
218,"Apple iPhone 17 (White, 256 GB)",Apple,99900,,,4.6,"28,118","2,038",,,,"A19 Chip, 6 Core Processor Processor",16.0 cm (6.3 inch) Super Retina XDR Display,48MP + 48MP | 18MP Front Camera,,https://www.flipkart.com/apple-iphone-17-white-256-gb/p/itm68ad8410784c7?pid=MOBHQV9YAZYYWY8A&lid=LSTMOBHQV9YAZYYWY8A6D2THC&marketplace=FLIPKART&q=smart+phones&store=tyy%2F4io&srno=s_10_218&otracker=search&fm=organic&iid=220c1d8a-f2a0-43a1-96d4-ebf8fc5718aa.MOBHQV9YAZYYWY8A.SEARCH&ppt=None&ppn=None&ssid=zartdh1a4w0000001790676197890&qH=a5594894156db043&ov_redirect=true,2026-09-29
219,"REDMI 15 5G (Midnight Black, 128 GB)",REDMI,21899,32999,33% off,4.3,"3,258",246,6 GB RAM,128 GB ROM,7000 mAh Battery,,17.53 cm (6.9 inch) Display,50MP Rear Camera,,https://www.flipkart.com/redmi-15-5g-midnight-black-128-gb/p/itmd7bced8727891?pid=MOBHFH9544VVMQNN&lid=LSTMOBHFH9544VVMQNN6THCVV&marketplace=FLIPKART&q=smart+phones&store=tyy%2F4io&srno=s_10_219&otracker=search&fm=organic&iid=220c1d8a-f2a0-43a1-96d4-ebf8fc5718aa.MOBHFH9544VVMQNN.SEARCH&ppt=None&ppn=None&ssid=zartdh1a4w0000001790676197890&qH=a5594894156db043&ov_redirect=true,2026-09-29
220,"REDMI 15 5G (Frosted White, 128 GB)",REDMI,23986,34999,31% off,4.3,"4,999",317,8 GB RAM,128 GB ROM,7000 mAh Battery,,17.53 cm (6.9 inch) Display,50MP Rear Camera,,https://www.flipkart.com/redmi-15-5g-frosted-white-128-gb/p/itmd7bced8727891?pid=MOBHFTM3YSST7ZAZ&lid=LSTMOBHFTM3YSST7ZAZM0DYSM&marketplace=FLIPKART&q=smart+phones&store=tyy%2F4io&srno=s_10_220&otracker=search&fm=organic&iid=220c1d8a-f2a0-43a1-96d4-ebf8fc5718aa.MOBHFTM3YSST7ZAZ.SEARCH&ppt=None&ppn=None&ssid=zartdh1a4w0000001790676197890&qH=a5594894156db043&ov_redirect=true,2026-09-29
221,"Infinix GT 30 Pro 5G+ (Dark Flare, 256 GB)",Infinix,31999,,,4.4,"2,834",267,8 GB RAM,256 GB ROM,5500 mAh Battery,Dimensity 8350 Ultimate Processor,17.22 cm (6.78 inch) Full HD+ AMOLED Display,108MP + 8MP | 13MP Front Camera,,https://www.flipkart.com/infinix-gt-30-pro-5g-dark-flare-256-gb/p/itmd4bc1852572b9?pid=MOBHC645WDP8VHJX&lid=LSTMOBHC645WDP8VHJXT0HRMI&marketplace=FLIPKART&q=smart+phones&store=tyy%2F4io&srno=s_10_221&otracker=search&fm=organic&iid=220c1d8a-f2a0-43a1-96d4-ebf8fc5718aa.MOBHC645WDP8VHJX.SEARCH&ppt=None&ppn=None&ssid=zartdh1a4w0000001790676197890&qH=a5594894156db043&ov_redirect=true,2026-09-29
222,"Infinix GT 30 Pro 5G+ (Blade White, 256 GB)",Infinix,31999,,,4.4,"2,834",267,8 GB RAM,256 GB ROM,5500 mAh Battery,Dimensity 8350 Ultimate Processor,17.22 cm (6.78 inch) Display,108MP + 8MP | 13MP Front Camera,,https://www.flipkart.com/infinix-gt-30-pro-5g-blade-white-256-gb/p/itmd4bc1852572b9?pid=MOBHC645VTTPWXWM&lid=LSTMOBHC645VTTPWXWM43WEJA&marketplace=FLIPKART&q=smart+phones&store=tyy%2F4io&srno=s_10_222&otracker=search&fm=organic&iid=220c1d8a-f2a0-43a1-96d4-ebf8fc5718aa.MOBHC645VTTPWXWM.SEARCH&ppt=None&ppn=None&ssid=zartdh1a4w0000001790676197890&qH=a5594894156db043&ov_redirect=true,2026-09-29
223,"Infinix Note edge (Stellar Blue, 128 GB)",Infinix,23999,29999,20% off,4.2,482,81,8 GB RAM,128 GB ROM,6500 mAh Battery,Dimensity 7100 Processor,17.22 cm (6.78 inch) Full HD+ AMOLED Display,50MP Rear Camera | 13MP Front Camera,,https://www.flipkart.com/infinix-note-edge-stellar-blue-128-gb/p/itmab2876405a1ab?pid=MOBHKCV724SABNKE&lid=LSTMOBHKCV724SABNKEH7AYKB&marketplace=FLIPKART&q=smart+phones&store=tyy%2F4io&srno=s_10_223&otracker=search&fm=organic&iid=220c1d8a-f2a0-43a1-96d4-ebf8fc5718aa.MOBHKCV724SABNKE.SEARCH&ppt=None&ppn=None&ssid=zartdh1a4w0000001790676197890&qH=a5594894156db043&ov_redirect=true,2026-09-29
224,"Infinix Note edge (Lunar Titanium, 256 GB)",Infinix,25999,34999,25% off,4.2,482,81,8 GB RAM,256 GB ROM,6500 mAh Battery,Dimensity 7100 Processor,17.22 cm (6.78 inch) Full HD+ AMOLED Display,50MP Rear Camera | 13MP Front Camera,,https://www.flipkart.com/infinix-note-edge-lunar-titanium-256-gb/p/itmab2876405a1ab?pid=MOBHKCV7A9HHF3GN&lid=LSTMOBHKCV7A9HHF3GN2K3H84&marketplace=FLIPKART&q=smart+phones&store=tyy%2F4io&srno=s_10_224&otracker=search&fm=organic&iid=220c1d8a-f2a0-43a1-96d4-ebf8fc5718aa.MOBHKCV7A9HHF3GN.SEARCH&ppt=None&ppn=None&ssid=zartdh1a4w0000001790676197890&qH=a5594894156db043&ov_redirect=true,2026-09-29
225,"Samsung Galaxy A56 5G (Light Violet, 128 GB)",Samsung,36490,49999,27% off,4.4,"1,044",80,8 GB RAM,128 GB ROM,5000 mAh Battery,Samsng Exynos 1580 Processor,17.02 cm (6.7 inch) Full HD+ Display,50MP + 12MP + 5MP | 12MP Front Camera,,https://www.flipkart.com/samsung-galaxy-a56-5g-light-violet-128-gb/p/itmee04eb4586b5a?pid=MOBHQBDXXJUDBFVH&lid=LSTMOBHQBDXXJUDBFVHVGCBYP&marketplace=FLIPKART&q=smart+phones&store=tyy%2F4io&srno=s_10_225&otracker=search&fm=organic&iid=220c1d8a-f2a0-43a1-96d4-ebf8fc5718aa.MOBHQBDXXJUDBFVH.SEARCH&ppt=None&ppn=None&ssid=zartdh1a4w0000001790676197890&qH=a5594894156db043&ov_redirect=true,2026-09-29
226,"Samsung Galaxy A56 5G (Awesome Olive, 256 GB)",Samsung,39880,48999,18% off,4.4,"1,044",80,8 GB RAM,256 GB ROM,5000 mAh Battery,Samsung Exynos 1580 Processor,17.02 cm (6.7 inch) Full HD+ Display,50MP + 12MP + 5MP | 12MP Front Camera,,https://www.flipkart.com/samsung-galaxy-a56-5g-awesome-olive-256-gb/p/itm7e0f6a3b05352?pid=MOBH9RNGFAS4SU4U&lid=LSTMOBH9RNGFAS4SU4UZLJK4M&marketplace=FLIPKART&q=smart+phones&store=tyy%2F4io&srno=s_10_226&otracker=search&fm=organic&iid=220c1d8a-f2a0-43a1-96d4-ebf8fc5718aa.MOBH9RNGFAS4SU4U.SEARCH&ppt=None&ppn=None&ssid=zartdh1a4w0000001790676197890&qH=a5594894156db043&ov_redirect=true,2026-09-29
227,"OnePlus Nord 6 (Fresh Mint, 256 GB)",OnePlus,54990,56999,3% off,4.5,268,31,12 GB RAM,256 GB ROM,9000 mAh Battery,4 octa-core processor Processor,17.22 cm (6.78 inch) Full HD+ Display,50MP Rear Camera,,https://www.flipkart.com/oneplus-nord-6-fresh-mint-256-gb/p/itmc49f71cdc4080?pid=MOBHMBWWXW6KTQB8&lid=LSTMOBHMBWWXW6KTQB8LEBNDJ&marketplace=FLIPKART&q=smart+phones&store=tyy%2F4io&srno=s_10_227&otracker=search&fm=organic&iid=220c1d8a-f2a0-43a1-96d4-ebf8fc5718aa.MOBHMBWWXW6KTQB8.SEARCH&ppt=None&ppn=None&ssid=zartdh1a4w0000001790676197890&qH=a5594894156db043&ov_redirect=true,2026-09-29
228,"REDMI 15 5G (Midnight Black, 128 GB)",REDMI,23648,24999,5% off,4.3,"4,999",317,8 GB RAM,128 GB ROM,7000 mAh Battery,,17.53 cm (6.9 inch) Display,50MP Rear Camera,,https://www.flipkart.com/redmi-15-5g-midnight-black-128-gb/p/itmd7bced8727891?pid=MOBHFTM8SXZC3UGN&lid=LSTMOBHFTM8SXZC3UGNBQWK9D&marketplace=FLIPKART&q=smart+phones&store=tyy%2F4io&srno=s_10_228&otracker=search&fm=organic&iid=220c1d8a-f2a0-43a1-96d4-ebf8fc5718aa.MOBHFTM8SXZC3UGN.SEARCH&ppt=None&ppn=None&ssid=zartdh1a4w0000001790676197890&qH=a5594894156db043&ov_redirect=true,2026-09-29
229,"REDMI 15C 5G (Moonlight Blue, 128 GB)",REDMI,17643,23299,24% off,3.7,870,94,4 GB RAM,128 GB ROM,6000 mAh Battery,,17.53 cm (6.9 inch) Display,50MP Rear Camera,,https://www.flipkart.com/redmi-15c-5g-moonlight-blue-128-gb/p/itmc1345bb45eef3?pid=MOBHGGZ2BYJKEYEC&lid=LSTMOBHGGZ2BYJKEYECRCQBGP&marketplace=FLIPKART&q=smart+phones&store=tyy%2F4io&srno=s_10_229&otracker=search&fm=organic&iid=220c1d8a-f2a0-43a1-96d4-ebf8fc5718aa.MOBHGGZ2BYJKEYEC.SEARCH&ppt=None&ppn=None&ssid=zartdh1a4w0000001790676197890&qH=a5594894156db043&ov_redirect=true,2026-09-29
230,"Ai+ Nova 2 Pro 5G (Purple, 128 GB)",Ai+,18999,23999,20% off,4,"1,021",128,8 GB RAM,128 GB ROM,6000 mAh Li-polymer Battery,Dimensity 7100 Processor,17.53 cm (6.9 inch) Full HD+ Display,48MP Rear Camera | 13MP Front Camera,,https://www.flipkart.com/ai-nova-2-pro-5g-purple-128-gb/p/itm42975dc95c097?pid=MOBHZ8ZMQWE23Z8B&lid=LSTMOBHZ8ZMQWE23Z8BX88OJT&marketplace=FLIPKART&q=smart+phones&store=tyy%2F4io&srno=s_10_230&otracker=search&fm=organic&iid=220c1d8a-f2a0-43a1-96d4-ebf8fc5718aa.MOBHZ8ZMQWE23Z8B.SEARCH&ppt=None&ppn=None&ssid=zartdh1a4w0000001790676197890&qH=a5594894156db043&ov_redirect=true,2026-09-29
231,"Samsung S25 Ultra 5G (Titanium Gray, 256 GB)",Samsung,95499,129987,26% off,4.6,959,87,12 GB RAM,256 GB ROM,5000 mAh Battery,8 Elite for Galaxy Processor,17.53 cm (6.9 inch) Quad HD+ Display,200MP + 50MP + 50MP + 10MP | 12MP Front Camera,,https://www.flipkart.com/samsung-s25-ultra-5g-titanium-gray-256-gb/p/itm566994e00dfc0?pid=MOBH8K8U7F5FKSXA&lid=LSTMOBH8K8U7F5FKSXAGTRDTL&marketplace=FLIPKART&q=smart+phones&store=tyy%2F4io&srno=s_10_231&otracker=search&fm=organic&iid=220c1d8a-f2a0-43a1-96d4-ebf8fc5718aa.MOBH8K8U7F5FKSXA.SEARCH&ppt=None&ppn=None&ssid=zartdh1a4w0000001790676197890&qH=a5594894156db043&ov_redirect=true,2026-09-29
232,"realme P3 Ultra 5G (Neptune Blue, 256 GB)",realme,31999,35999,11% off,4.4,"5,257",587,12 GB RAM,256 GB ROM,6000 mAh Battery,Dimensity 8350 Ultra Processor,17.35 cm (6.83 inch) Display,50MP + 8MP | 16MP Front Camera,,https://www.flipkart.com/realme-p3-ultra-5g-neptune-blue-256-gb/p/itm50171223b4a05?pid=MOBHAYKEZZXWNMVV&lid=LSTMOBHAYKEZZXWNMVVX7N6LV&marketplace=FLIPKART&q=smart+phones&store=tyy%2F4io&srno=s_10_232&otracker=search&fm=organic&iid=220c1d8a-f2a0-43a1-96d4-ebf8fc5718aa.MOBHAYKEZZXWNMVV.SEARCH&ppt=None&ppn=None&ssid=zartdh1a4w0000001790676197890&qH=a5594894156db043&ov_redirect=true,2026-09-29
233,"realme P3 Ultra 5G (Orion Red, 256 GB)",realme,31999,35999,11% off,4.4,"5,257",587,12 GB RAM,256 GB ROM,6000 mAh Battery,Dimensity 8350 Ultra Processor,17.35 cm (6.83 inch) Display,50MP + 8MP | 16MP Front Camera,,https://www.flipkart.com/realme-p3-ultra-5g-orion-red-256-gb/p/itm50171223b4a05?pid=MOBHAYKEK2YKSCTU&lid=LSTMOBHAYKEK2YKSCTUTPFDIS&marketplace=FLIPKART&q=smart+phones&store=tyy%2F4io&srno=s_10_233&otracker=search&fm=organic&iid=220c1d8a-f2a0-43a1-96d4-ebf8fc5718aa.MOBHAYKEK2YKSCTU.SEARCH&ppt=None&ppn=None&ssid=zartdh1a4w0000001790676197890&qH=a5594894156db043&ov_redirect=true,2026-09-29
234,"Ai+ Nova 2 Pro 5G (Black, 128 GB)",Ai+,17999,21999,18% off,4,"2,345",274,6 GB RAM,128 GB ROM,6000 mAh Li-polymer Battery,Dimensity 7100 Processor,17.53 cm (6.9 inch) Full HD+ Display,48MP Rear Camera | 13MP Front Camera,,https://www.flipkart.com/ai-nova-2-pro-5g-black-128-gb/p/itmacb10a3dd51c6?pid=MOBHZ8ZM8BUGCJDQ&lid=LSTMOBHZ8ZM8BUGCJDQGHBPRS&marketplace=FLIPKART&q=smart+phones&store=tyy%2F4io&srno=s_10_234&otracker=search&fm=organic&iid=220c1d8a-f2a0-43a1-96d4-ebf8fc5718aa.MOBHZ8ZM8BUGCJDQ.SEARCH&ppt=None&ppn=None&ssid=zartdh1a4w0000001790676197890&qH=a5594894156db043&ov_redirect=true,2026-09-29
235,"realme 15 5G (Silk Pink, 256 GB)",realme,31999,,,4.4,"11,370","1,221",8 GB RAM,256 GB ROM,7000 mAh Battery,Mediatek Dimensity 7300+ 5G Processor,17.27 cm (6.8 inch) Full HD+ Display,50MP + 8MP | 50MP Front Camera,5G,https://www.flipkart.com/realme-15-5g-silk-pink-256-gb/p/itme9581fbd0e97a?pid=MOBHDUKFZF7UPZZZ&lid=LSTMOBHDUKFZF7UPZZZJPBCBN&marketplace=FLIPKART&q=smart+phones&store=tyy%2F4io&srno=s_10_235&otracker=search&fm=organic&iid=220c1d8a-f2a0-43a1-96d4-ebf8fc5718aa.MOBHDUKFZF7UPZZZ.SEARCH&ppt=None&ppn=None&ssid=zartdh1a4w0000001790676197890&qH=a5594894156db043&ov_redirect=true,2026-09-29
236,"realme Narzo 100x 5g (Flash Orange, 128 GB)",realme,22699,35999,36% off,4.2,335,41,6 GB RAM,128 GB ROM,8000 mAh Battery,MediaTek Dimensity 6300 Processor,17.3 cm (6.81 inch) HD+ Display,,,https://www.flipkart.com/realme-narzo-100x-5g-flash-orange-128-gb/p/itm66836fc8ecc5e?pid=MOBHPJHWTZCW2YVY&lid=LSTMOBHPJHWTZCW2YVYTWM1IL&marketplace=FLIPKART&q=smart+phones&store=tyy%2F4io&srno=s_10_236&otracker=search&fm=organic&iid=220c1d8a-f2a0-43a1-96d4-ebf8fc5718aa.MOBHPJHWTZCW2YVY.SEARCH&ppt=None&ppn=None&ssid=zartdh1a4w0000001790676197890&qH=a5594894156db043&ov_redirect=true,2026-09-29
237,"realme Narzo 100x 5g (Midnight Black, 128 GB)",realme,22219,35999,38% off,4.2,335,41,6 GB RAM,128 GB ROM,8000 mAh Battery,MediaTek Dimensity 6300 Processor,17.3 cm (6.81 inch) HD+ Display,,,https://www.flipkart.com/realme-narzo-100x-5g-midnight-black-128-gb/p/itm66836fc8ecc5e?pid=MOBHPJHZDNWKKPTA&lid=LSTMOBHPJHZDNWKKPTADVOPNL&marketplace=FLIPKART&q=smart+phones&store=tyy%2F4io&srno=s_10_237&otracker=search&fm=organic&iid=220c1d8a-f2a0-43a1-96d4-ebf8fc5718aa.MOBHPJHZDNWKKPTA.SEARCH&ppt=None&ppn=None&ssid=zartdh1a4w0000001790676197890&qH=a5594894156db043&ov_redirect=true,2026-09-29
238,"Samsung M47 5G (Rogue Red, 128 GB)",Samsung,33999,39999,15% off,4.5,21,0,8 GB RAM,128 GB ROM,6000 mAh Battery,,16.94 cm (6.67 inch) Display,50MP Rear Camera,,https://www.flipkart.com/samsung-m47-5g-rogue-red-128-gb/p/itm32685112fc1af?pid=MOBHZWA8UGGCTGRZ&lid=LSTMOBHZWA8UGGCTGRZXOCUVT&marketplace=FLIPKART&q=smart+phones&store=tyy%2F4io&srno=s_10_238&otracker=search&fm=organic&iid=220c1d8a-f2a0-43a1-96d4-ebf8fc5718aa.MOBHZWA8UGGCTGRZ.SEARCH&ppt=None&ppn=None&ssid=zartdh1a4w0000001790676197890&qH=a5594894156db043&ov_redirect=true,2026-09-29
239,"realme Narzo 90x 5G (Flash Blue, 128 GB)",realme,21235,33999,37% off,4.3,"3,725",305,6 GB RAM,128 GB ROM,7000 mAh Battery,,17.27 cm (6.8 inch) Display,50MP Rear Camera,,https://www.flipkart.com/realme-narzo-90x-5g-flash-blue-128-gb/p/itma63c5c5ce781a?pid=MOBHGUHGVRGNFFVZ&lid=LSTMOBHGUHGVRGNFFVZ7KLKV1&marketplace=FLIPKART&q=smart+phones&store=tyy%2F4io&srno=s_10_239&otracker=search&fm=organic&iid=220c1d8a-f2a0-43a1-96d4-ebf8fc5718aa.MOBHGUHGVRGNFFVZ.SEARCH&ppt=None&ppn=None&ssid=zartdh1a4w0000001790676197890&qH=a5594894156db043&ov_redirect=true,2026-09-29
240,"realme Narzo 90x 5G (Maroon Red, 128 GB)",realme,21957,25099,12% off,4.3,"3,725",305,6 GB RAM,128 GB ROM,7000 mAh Battery,Dimensity 6300 Processor,17.27 cm (6.8 inch) HD+ Display,50MP Rear Camera | 8MP Front Camera,,https://www.flipkart.com/realme-narzo-90x-5g-maroon-red-128-gb/p/itma63c5c5ce781a?pid=MOBHKZZY3EHDY8FN&lid=LSTMOBHKZZY3EHDY8FNJJICVE&marketplace=FLIPKART&q=smart+phones&store=tyy%2F4io&srno=s_10_240&otracker=search&fm=organic&iid=220c1d8a-f2a0-43a1-96d4-ebf8fc5718aa.MOBHKZZY3EHDY8FN.SEARCH&ppt=None&ppn=None&ssid=zartdh1a4w0000001790676197890&qH=a5594894156db043&ov_redirect=true,2026-09-29
241,"Tecno Spark Go 3 (Ink Black, 64 GB)",Tecno,12499,15999,21% off,4.1,217,15,4 GB RAM,64 GB ROM,5000 mAh Lithium Polymer Battery,T7250 Processor,17.12 cm (6.74 inch) HD+ Display,13MP Rear Camera | 8MP Front Camera,,https://www.flipkart.com/tecno-spark-go-3-ink-black-64-gb/p/itma9c8f128a61c6?pid=MOBHP2QYCXZZE3CM&lid=LSTMOBHP2QYCXZZE3CMWW64IB&marketplace=FLIPKART&q=smart+phones&store=tyy%2F4io&srno=s_11_241&otracker=search&fm=organic&iid=en_5vheuYe4XNdU9CyUcLfoTvDwPd8GL2ZMdavQ57qI3X1-bTkRh_kapRUD2_ValDk2u-p7FawYTmaPPeu5xWEE1ZLgCDLd29XPfHChd2SlxWuPckq1OpC94kYNougQYxlV&ppt=None&ppn=None&ssid=30qzlwp2mo0000001790676200627&qH=a5594894156db043&ov_redirect=true,2026-09-29
242,"Infinix Note edge (Stellar Blue, 256 GB)",Infinix,25999,34999,25% off,4.2,482,81,8 GB RAM,256 GB ROM,6500 mAh Battery,Dimensity 7100 Processor,17.22 cm (6.78 inch) Full HD+ AMOLED Display,50MP Rear Camera | 13MP Front Camera,,https://www.flipkart.com/infinix-note-edge-stellar-blue-256-gb/p/itmab2876405a1ab?pid=MOBHKCV76HNSDYJ5&lid=LSTMOBHKCV76HNSDYJ5MCBZLZ&marketplace=FLIPKART&q=smart+phones&store=tyy%2F4io&srno=s_11_242&otracker=search&fm=organic&iid=637b9ab6-8a77-41a6-b788-ad14a69fc6b4.MOBHKCV76HNSDYJ5.SEARCH&ppt=None&ppn=None&ssid=30qzlwp2mo0000001790676200627&qH=a5594894156db043&ov_redirect=true,2026-09-29
243,"Infinix Note edge (Silk Green, 256 GB)",Infinix,25999,34999,25% off,4.2,482,81,8 GB RAM,256 GB ROM,6500 mAh Battery,Dimensity 7100 Processor,17.22 cm (6.78 inch) Full HD+ AMOLED Display,50MP Rear Camera | 13MP Front Camera,,https://www.flipkart.com/infinix-note-edge-silk-green-256-gb/p/itmab2876405a1ab?pid=MOBHKCV7FF8GZWZ4&lid=LSTMOBHKCV7FF8GZWZ4LLG9IF&marketplace=FLIPKART&q=smart+phones&store=tyy%2F4io&srno=s_11_243&otracker=search&fm=organic&iid=637b9ab6-8a77-41a6-b788-ad14a69fc6b4.MOBHKCV7FF8GZWZ4.SEARCH&ppt=None&ppn=None&ssid=30qzlwp2mo0000001790676200627&qH=a5594894156db043&ov_redirect=true,2026-09-29
244,"Samsung Galaxy F17 5G (Neo Black, 128 GB)",Samsung,22894,30999,26% off,4.2,261,22,6 GB RAM,128 GB ROM,5000 mAh Battery,Exynos 1330 Processor,17.02 cm (6.7 inch) Full HD+ Display,50MP + 5MP | 13MP Front Camera,,https://www.flipkart.com/samsung-galaxy-f17-5g-neo-black-128-gb/p/itm64a193b8fd9f0?pid=MOBHF6KMBVEUAZXP&lid=LSTMOBHF6KMBVEUAZXPNDFV4F&marketplace=FLIPKART&q=smart+phones&store=tyy%2F4io&srno=s_11_244&otracker=search&fm=organic&iid=637b9ab6-8a77-41a6-b788-ad14a69fc6b4.MOBHF6KMBVEUAZXP.SEARCH&ppt=None&ppn=None&ssid=30qzlwp2mo0000001790676200627&qH=a5594894156db043&ov_redirect=true,2026-09-29
245,"realme Narzo 100x 5g (Flash Orange, 128 GB)",realme,19697,31999,38% off,4.1,91,10,4 GB RAM,128 GB ROM,8000 mAh Battery,MediaTek Dimensity 6300 Processor,17.3 cm (6.81 inch) HD+ Display,,,https://www.flipkart.com/realme-narzo-100x-5g-flash-orange-128-gb/p/itm66836fc8ecc5e?pid=MOBHPJHZHH5ZUAYS&lid=LSTMOBHPJHZHH5ZUAYSHGW8XQ&marketplace=FLIPKART&q=smart+phones&store=tyy%2F4io&srno=s_11_245&otracker=search&fm=organic&iid=637b9ab6-8a77-41a6-b788-ad14a69fc6b4.MOBHPJHZHH5ZUAYS.SEARCH&ppt=None&ppn=None&ssid=30qzlwp2mo0000001790676200627&qH=a5594894156db043&ov_redirect=true,2026-09-29
246,"OnePlus Nord 6 (Quick Silver, 256 GB)",OnePlus,54831,56999,3% off,4.5,268,31,12 GB RAM,256 GB ROM,9000 mAh Battery,4 octa-core processor Processor,17.22 cm (6.78 inch) Full HD+ Display,50MP Rear Camera,,https://www.flipkart.com/oneplus-nord-6-quick-silver-256-gb/p/itmc49f71cdc4080?pid=MOBHMBXCPZNQ3YNC&lid=LSTMOBHMBXCPZNQ3YNCFPN1HB&marketplace=FLIPKART&q=smart+phones&store=tyy%2F4io&srno=s_11_246&otracker=search&fm=organic&iid=637b9ab6-8a77-41a6-b788-ad14a69fc6b4.MOBHMBXCPZNQ3YNC.SEARCH&ppt=None&ppn=None&ssid=30qzlwp2mo0000001790676200627&qH=a5594894156db043&ov_redirect=true,2026-09-29
247,"Ai+ Nova 2 Neo 5G (Black, 128 GB)",Ai+,15999,18999,15% off,4.3,"2,327",201,4 GB RAM,128 GB ROM,6000 mAh Li-polymer Battery,Dimensity 6300 Processor,17.13 cm (6.745 inch) HD+ Display,48MP Rear Camera | 8MP Front Camera,,https://www.flipkart.com/ai-nova-2-neo-5g-black-128-gb/p/itm4cc8b3a16e28e?pid=MOBHZ8ZMMYU5N9GW&lid=LSTMOBHZ8ZMMYU5N9GWUVAM3I&marketplace=FLIPKART&q=smart+phones&store=tyy%2F4io&srno=s_11_247&otracker=search&fm=organic&iid=637b9ab6-8a77-41a6-b788-ad14a69fc6b4.MOBHZ8ZMMYU5N9GW.SEARCH&ppt=None&ppn=None&ssid=30qzlwp2mo0000001790676200627&qH=a5594894156db043&ov_redirect=true,2026-09-29
248,"OPPO F27 Pro+ (Midnight Navy, 128 GB)",OPPO,24999,32999,24% off,4.3,"13,632",748,8 GB RAM,128 GB ROM,5000 mAh Battery,Dimensity 7050 Processor,17.02 cm (6.7 inch) Full HD+ Display,64MP + 2MP | 8MP Front Camera,,https://www.flipkart.com/oppo-f27-pro-midnight-navy-128-gb/p/itm5235c3c836cc9?pid=MOBHF3DJM6Y8N4BA&lid=LSTMOBHF3DJM6Y8N4BADOQW8U&marketplace=FLIPKART&q=smart+phones&store=tyy%2F4io&srno=s_11_248&otracker=search&fm=organic&iid=637b9ab6-8a77-41a6-b788-ad14a69fc6b4.MOBHF3DJM6Y8N4BA.SEARCH&ppt=None&ppn=None&ssid=30qzlwp2mo0000001790676200627&qH=a5594894156db043&ov_redirect=true,2026-09-29
249,"realme Narzo 90x 5G (Nitro Blue, 128 GB)",realme,23840,23999,,4.3,"1,641",112,8 GB RAM,128 GB ROM,7000 mAh Battery,,17.27 cm (6.8 inch) Display,50MP Rear Camera,,https://www.flipkart.com/realme-narzo-90x-5g-nitro-blue-128-gb/p/itma63c5c5ce781a?pid=MOBHGUHGXGUJCGHN&lid=LSTMOBHGUHGXGUJCGHNMQDE37&marketplace=FLIPKART&q=smart+phones&store=tyy%2F4io&srno=s_11_249&otracker=search&fm=organic&iid=637b9ab6-8a77-41a6-b788-ad14a69fc6b4.MOBHGUHGXGUJCGHN.SEARCH&ppt=None&ppn=None&ssid=30qzlwp2mo0000001790676200627&qH=a5594894156db043&ov_redirect=true,2026-09-29
250,"REDMI Note-14 Pro+ 5G (Spectre Blue, 256 GB)",REDMI,29999,36999,18% off,4.4,876,67,8 GB RAM,256 GB ROM,6200 mAh Battery,7s Gen 3 Processor,16.94 cm (6.67 inch) Display,50MP + 50MP + 8MP | 20MP Front Camera,,https://www.flipkart.com/redmi-note-14-pro-5g-spectre-blue-256-gb/p/itmf69d377f9a8fb?pid=MOBH8BW3VWEPGQ7A&lid=LSTMOBH8BW3VWEPGQ7AELQ7VM&marketplace=FLIPKART&q=smart+phones&store=tyy%2F4io&srno=s_11_250&otracker=search&fm=organic&iid=637b9ab6-8a77-41a6-b788-ad14a69fc6b4.MOBH8BW3VWEPGQ7A.SEARCH&ppt=None&ppn=None&ssid=30qzlwp2mo0000001790676200627&qH=a5594894156db043&ov_redirect=true,2026-09-29
251,"realme P3 Ultra 5G (Orion Red, 128 GB)",realme,31999,,,4.4,"22,128","2,558",8 GB RAM,128 GB ROM,6000 mAh Battery,Dimensity 8350 Ultra Processor,17.35 cm (6.83 inch) Display,50MP + 8MP | 16MP Front Camera,,https://www.flipkart.com/realme-p3-ultra-5g-orion-red-128-gb/p/itm50171223b4a05?pid=MOBHAYKEZ94ZDEP4&lid=LSTMOBHAYKEZ94ZDEP4LHK4KR&marketplace=FLIPKART&q=smart+phones&store=tyy%2F4io&srno=s_11_251&otracker=search&fm=organic&iid=637b9ab6-8a77-41a6-b788-ad14a69fc6b4.MOBHAYKEZ94ZDEP4.SEARCH&ppt=None&ppn=None&ssid=30qzlwp2mo0000001790676200627&qH=a5594894156db043&ov_redirect=true,2026-09-29
252,"realme P3 Ultra 5G (Neptune Blue, 128 GB)",realme,31999,,,4.4,"22,128","2,558",8 GB RAM,128 GB ROM,6000 mAh Battery,Dimensity 8350 Ultra Processor,17.35 cm (6.83 inch) Display,50MP + 8MP | 16MP Front Camera,,https://www.flipkart.com/realme-p3-ultra-5g-neptune-blue-128-gb/p/itm50171223b4a05?pid=MOBHAYKEXWW5SW5B&lid=LSTMOBHAYKEXWW5SW5BD6JPGU&marketplace=FLIPKART&q=smart+phones&store=tyy%2F4io&srno=s_11_252&otracker=search&fm=organic&iid=637b9ab6-8a77-41a6-b788-ad14a69fc6b4.MOBHAYKEXWW5SW5B.SEARCH&ppt=None&ppn=None&ssid=30qzlwp2mo0000001790676200627&qH=a5594894156db043&ov_redirect=true,2026-09-29
253,Vivo T4 Lite 5G (Titanium Gold 2026) (4GB 64GB),Vivo,16999,27999,39% off,4.3,"44,472","2,033",4 GB RAM,64 GB ROM,6000 mAh Battery,Dimensity 6300 5G Processor,17.12 cm (6.74 inch) HD+ Display,50MP + 2MP | 5MP Front Camera,5G,https://www.flipkart.com/vivo-t4-lite-5g-titanium-gold-2026-4gb-64gb/p/itm49fb53d099f3c?pid=MOBHNCRK44PF7QEN&lid=LSTMOBHNCRK44PF7QENBDEBI7&marketplace=FLIPKART&q=smart+phones&store=tyy%2F4io&srno=s_11_253&otracker=search&fm=organic&iid=637b9ab6-8a77-41a6-b788-ad14a69fc6b4.MOBHNCRK44PF7QEN.SEARCH&ppt=None&ppn=None&ssid=30qzlwp2mo0000001790676200627&qH=a5594894156db043&ov_redirect=true,2026-09-29
254,"Samsung Galaxy A56 5G (Awesome Olive, 128 GB)",Samsung,36999,45990,19% off,4.4,"1,044",80,8 GB RAM,128 GB ROM,5000 mAh Battery,Samsng Exynos 1580 Processor,17.02 cm (6.7 inch) Full HD+ Display,50MP + 12MP + 5MP | 12MP Front Camera,,https://www.flipkart.com/samsung-galaxy-a56-5g-awesome-olive-128-gb/p/itm81265b7c9602c?pid=MOBH9RNG5SA9ADHS&lid=LSTMOBH9RNG5SA9ADHSZ0BHER&marketplace=FLIPKART&q=smart+phones&store=tyy%2F4io&srno=s_11_254&otracker=search&fm=organic&iid=637b9ab6-8a77-41a6-b788-ad14a69fc6b4.MOBH9RNG5SA9ADHS.SEARCH&ppt=None&ppn=None&ssid=30qzlwp2mo0000001790676200627&qH=a5594894156db043&ov_redirect=true,2026-09-29
255,"Samsung Galaxy A07 5G (Light Violet, 128 GB)",Samsung,20999,21499,2% off,4.3,86,7,6 GB RAM,128 GB ROM,6000 mAh Li-ion Battery,Dimensity 6300 Processor,43.51 cm (17.13 inch) HD+ Display,50MP + 2MP | 8MP Front Camera,,https://www.flipkart.com/samsung-galaxy-a07-5g-light-violet-128-gb/p/itm375542879d8d6?pid=MOBHJXB2ZGF23HHU&lid=LSTMOBHJXB2ZGF23HHUOMKTXA&marketplace=FLIPKART&q=smart+phones&store=tyy%2F4io&srno=s_11_255&otracker=search&fm=organic&iid=637b9ab6-8a77-41a6-b788-ad14a69fc6b4.MOBHJXB2ZGF23HHU.SEARCH&ppt=None&ppn=None&ssid=30qzlwp2mo0000001790676200627&qH=a5594894156db043&ov_redirect=true,2026-09-29
256,"OnePlus Nord CE6 Lite (Hyper Black, 256 GB)",OnePlus,35480,36999,4% off,4.3,"1,151",75,8 GB RAM,256 GB ROM,7000 mAh Battery,MediaTek Dimensity 7400 Apex Processor,17.07 cm (6.72 inch) Full HD+ Display,50MP Rear Camera | 8MP Front Camera,,https://www.flipkart.com/oneplus-nord-ce6-lite-hyper-black-256-gb/p/itm894a5599b758b?pid=MOBHN8CPMYHDEBRA&lid=LSTMOBHN8CPMYHDEBRA05WIW3&marketplace=FLIPKART&q=smart+phones&store=tyy%2F4io&srno=s_11_256&otracker=search&fm=organic&iid=637b9ab6-8a77-41a6-b788-ad14a69fc6b4.MOBHN8CPMYHDEBRA.SEARCH&ppt=None&ppn=None&ssid=30qzlwp2mo0000001790676200627&qH=a5594894156db043&ov_redirect=true,2026-09-29
257,"MOTOROLA g37 (PANTONE Nautical Blue, 64 GB)",MOTOROLA,17249,24999,31% off,4.3,"4,003",216,4 GB RAM,64 GB ROM,5200 mAh Battery,Dimensity 6400 Processor,16.92 cm (6.66 inch) HD+ Display,50MP Rear Camera | 8MP Front Camera,,https://www.flipkart.com/motorola-g37-pantone-nautical-blue-64-gb/p/itm5d235b295291f?pid=MOBHHWB6YAKNZGPB&lid=LSTMOBHHWB6YAKNZGPBGLLTUW&marketplace=FLIPKART&q=smart+phones&store=tyy%2F4io&srno=s_11_257&otracker=search&fm=organic&iid=637b9ab6-8a77-41a6-b788-ad14a69fc6b4.MOBHHWB6YAKNZGPB.SEARCH&ppt=None&ppn=None&ssid=30qzlwp2mo0000001790676200627&qH=a5594894156db043&ov_redirect=true,2026-09-29
258,"REDMI 15 5G (Frosted White, 256 GB)",REDMI,26163,29999,12% off,4.3,"4,999",317,8 GB RAM,256 GB ROM,7000 mAh Battery,,17.53 cm (6.9 inch) Display,50MP Rear Camera,,https://www.flipkart.com/redmi-15-5g-frosted-white-256-gb/p/itmd7bced8727891?pid=MOBHFH94XMPDASMJ&lid=LSTMOBHFH94XMPDASMJACPDSP&marketplace=FLIPKART&q=smart+phones&store=tyy%2F4io&srno=s_11_258&otracker=search&fm=organic&iid=637b9ab6-8a77-41a6-b788-ad14a69fc6b4.MOBHFH94XMPDASMJ.SEARCH&ppt=None&ppn=None&ssid=30qzlwp2mo0000001790676200627&qH=a5594894156db043&ov_redirect=true,2026-09-29
259,"IQOO Z11 lite 5G (Midnight Blue, 128 GB)",IQOO,20165,33999,40% off,4.1,36,1,4 GB RAM,128 GB ROM,6500 mAh Battery,MediaTek Dimensity 6300 Processor,17.12 cm (6.74 inch) Display,50MP Rear Camera,,https://www.flipkart.com/iqoo-z11-lite-5g-midnight-blue-128-gb/p/itmaa919fae95e49?pid=MOBHPMVFJYEQBWHP&lid=LSTMOBHPMVFJYEQBWHPGMQF3A&marketplace=FLIPKART&q=smart+phones&store=tyy%2F4io&srno=s_11_259&otracker=search&fm=organic&iid=637b9ab6-8a77-41a6-b788-ad14a69fc6b4.MOBHPMVFJYEQBWHP.SEARCH&ppt=None&ppn=None&ssid=30qzlwp2mo0000001790676200627&qH=a5594894156db043&ov_redirect=true,2026-09-29
260,"Samsung Galaxy F17 5G (Neo Black, 128 GB)",Samsung,19980,23999,16% off,4.1,362,34,4 GB RAM,128 GB ROM,5000 mAh Battery,Exynos 1330 Processor,17.02 cm (6.7 inch) Full HD+ Display,50MP + 5MP | 13MP Front Camera,,https://www.flipkart.com/samsung-galaxy-f17-5g-neo-black-128-gb/p/itm0bf5856f3c9d7?pid=MOBHF6KMEEWK7HPX&lid=LSTMOBHF6KMEEWK7HPXGBB1NA&marketplace=FLIPKART&q=smart+phones&store=tyy%2F4io&srno=s_11_260&otracker=search&fm=organic&iid=637b9ab6-8a77-41a6-b788-ad14a69fc6b4.MOBHF6KMEEWK7HPX.SEARCH&ppt=None&ppn=None&ssid=30qzlwp2mo0000001790676200627&qH=a5594894156db043&ov_redirect=true,2026-09-29
261,"realme Gt 7 (Icesense Blue, 256 GB)",realme,44999,48999,8% off,4.5,"1,537",198,12 GB RAM,256 GB ROM,7000 mAh Battery,Dimensity Processor,17.22 cm (6.78 inch) Full HD+ AMOLED Display,50MP + 50MP + 50MP + 8MP | 32MP + 32MP Dual Front Camera,,https://www.flipkart.com/realme-gt-7-icesense-blue-256-gb/p/itm6cc8f84d92e2f?pid=MOBHCHWNFTFYCQWQ&lid=LSTMOBHCHWNFTFYCQWQKYWZSI&marketplace=FLIPKART&q=smart+phones&store=tyy%2F4io&srno=s_11_261&otracker=search&fm=organic&iid=637b9ab6-8a77-41a6-b788-ad14a69fc6b4.MOBHCHWNFTFYCQWQ.SEARCH&ppt=None&ppn=None&ssid=30qzlwp2mo0000001790676200627&qH=a5594894156db043&ov_redirect=true,2026-09-29
262,"realme Gt 7 (Icesense Black, 512 GB)",realme,48999,52999,7% off,4.5,"1,537",198,12 GB RAM,512 GB ROM,7000 mAh Battery,Dimensity Processor,17.22 cm (6.78 inch) Full HD+ AMOLED Display,50MP + 50MP + 50MP + 8MP | 32MP + 32MP Dual Front Camera,,https://www.flipkart.com/realme-gt-7-icesense-black-512-gb/p/itm6cc8f84d92e2f?pid=MOBHCZYZJ756E2YU&lid=LSTMOBHCZYZJ756E2YUZRPIYC&marketplace=FLIPKART&q=smart+phones&store=tyy%2F4io&srno=s_11_262&otracker=search&fm=organic&iid=637b9ab6-8a77-41a6-b788-ad14a69fc6b4.MOBHCZYZJ756E2YU.SEARCH&ppt=None&ppn=None&ssid=30qzlwp2mo0000001790676200627&qH=a5594894156db043&ov_redirect=true,2026-09-29
263,"realme Narzo 90x 5G (Flash Blue, 128 GB)",realme,23999,37999,36% off,4.3,"1,641",112,8 GB RAM,128 GB ROM,7000 mAh Battery,,17.27 cm (6.8 inch) Display,50MP Rear Camera,,https://www.flipkart.com/realme-narzo-90x-5g-flash-blue-128-gb/p/itma63c5c5ce781a?pid=MOBHGUHGEGQQTHY2&lid=LSTMOBHGUHGEGQQTHY2L8L1JO&marketplace=FLIPKART&q=smart+phones&store=tyy%2F4io&srno=s_11_263&otracker=search&fm=organic&iid=637b9ab6-8a77-41a6-b788-ad14a69fc6b4.MOBHGUHGEGQQTHY2.SEARCH&ppt=None&ppn=None&ssid=30qzlwp2mo0000001790676200627&qH=a5594894156db043&ov_redirect=true,2026-09-29
264,Vivo T4 Lite 5G (Prism Blue 2026) ( 4GB 64GB),Vivo,16999,27999,39% off,4.3,"44,472","2,033",4 GB RAM,64 GB ROM,6000 mAh Battery,Dimensity 6300 5G Processor,17.12 cm (6.74 inch) HD+ Display,50MP + 2MP | 5MP Front Camera,5G,https://www.flipkart.com/vivo-t4-lite-5g-prism-blue-2026-4gb-64gb/p/itm49fb53d099f3c?pid=MOBHNCRKA4XQFSRM&lid=LSTMOBHNCRKA4XQFSRMKUYMUR&marketplace=FLIPKART&q=smart+phones&store=tyy%2F4io&srno=s_11_264&otracker=search&fm=organic&iid=637b9ab6-8a77-41a6-b788-ad14a69fc6b4.MOBHNCRKA4XQFSRM.SEARCH&ppt=None&ppn=None&ssid=30qzlwp2mo0000001790676200627&qH=a5594894156db043&ov_redirect=true,2026-09-29
265,"realme Narzo 90x 5G (Maroon Red, 128 GB)",realme,19190,29999,36% off,4,640,55,4 GB RAM,128 GB ROM,7000 mAh Battery,Dimensity 6300 Processor,17.27 cm (6.8 inch) HD+ Display,50MP Rear Camera | 8MP Front Camera,,https://www.flipkart.com/realme-narzo-90x-5g-maroon-red-128-gb/p/itma63c5c5ce781a?pid=MOBHH3RBPHU6YADK&lid=LSTMOBHH3RBPHU6YADKWE6GBT&marketplace=FLIPKART&q=smart+phones&store=tyy%2F4io&srno=s_12_265&otracker=search&fm=organic&iid=24672dd5-aab4-4402-9f58-dd15a3f8dbca.MOBHH3RBPHU6YADK.SEARCH&ppt=None&ppn=None&ssid=vhgfe31fr40000001790676203384&qH=a5594894156db043&ov_redirect=true,2026-09-29
266,"realme Narzo 90x 5G (Aqua Blue, 128 GB)",realme,20965,33999,38% off,4.3,"3,725",305,6 GB RAM,128 GB ROM,7000 mAh Battery,,17.27 cm (6.8 inch) Display,50MP Rear Camera,,https://www.flipkart.com/realme-narzo-90x-5g-aqua-blue-128-gb/p/itma63c5c5ce781a?pid=MOBHM5DFWEMV5HUH&lid=LSTMOBHM5DFWEMV5HUHYRE6WO&marketplace=FLIPKART&q=smart+phones&store=tyy%2F4io&srno=s_12_266&otracker=search&fm=organic&iid=24672dd5-aab4-4402-9f58-dd15a3f8dbca.MOBHM5DFWEMV5HUH.SEARCH&ppt=None&ppn=None&ssid=vhgfe31fr40000001790676203384&qH=a5594894156db043&ov_redirect=true,2026-09-29
267,"Tecno Spark Go 3 (Ink Black, 64 GB)",Tecno,12499,15999,21% off,4.1,217,15,4 GB RAM,64 GB ROM,5000 mAh Lithium Polymer Battery,T7250 Processor,17.12 cm (6.74 inch) HD+ Display,13MP Rear Camera | 8MP Front Camera,,https://www.flipkart.com/tecno-spark-go-3-ink-black-64-gb/p/itma9c8f128a61c6?pid=MOBHP2QYCXZZE3CM&lid=LSTMOBHP2QYCXZZE3CMWW64IB&marketplace=FLIPKART&q=smart+phones&store=tyy%2F4io&srno=s_12_267&otracker=search&fm=organic&iid=en_BXX8jq4wriZ1jwmLJbOdGyIfgiwJhYy2tTTNi3GmmaLOFbXSwOVoBOGY-pEJx5rsu-p7FawYTmaPPeu5xWEE1ZLgCDLd29XPfHChd2SlxWuGrpBDttiel0M7VMr9SXtg&ppt=None&ppn=None&ssid=vhgfe31fr40000001790676203384&qH=a5594894156db043&ov_redirect=true,2026-09-29
268,"REDMI Note-14 Pro+ 5G (Spectre Blue, 128 GB)",REDMI,27499,34999,21% off,4.4,876,67,8 GB RAM,128 GB ROM,6200 mAh Battery,7s Gen 3 Processor,16.94 cm (6.67 inch) Display,50MP + 50MP + 8MP | 20MP Front Camera,,https://www.flipkart.com/redmi-note-14-pro-5g-spectre-blue-128-gb/p/itmf69d377f9a8fb?pid=MOBH8BW3EGBFXZB6&lid=LSTMOBH8BW3EGBFXZB6CY0G4A&marketplace=FLIPKART&q=smart+phones&store=tyy%2F4io&srno=s_12_268&otracker=search&fm=organic&iid=24672dd5-aab4-4402-9f58-dd15a3f8dbca.MOBH8BW3EGBFXZB6.SEARCH&ppt=None&ppn=None&ssid=vhgfe31fr40000001790676203384&qH=a5594894156db043&ov_redirect=true,2026-09-29
269,"Samsung M36 5G (Velvet Black / Black, 128 GB)",Samsung,23975,26999,11% off,4.3,"5,774",448,6 GB RAM,128 GB ROM,5000 mAh Battery,,17.02 cm (6.7 inch) Display,50MP Rear Camera,,https://www.flipkart.com/samsung-m36-5g-velvet-black-black-128-gb/p/itm1e7be51802033?pid=MOBHEYY2FCCGHYEM&lid=LSTMOBHEYY2FCCGHYEMPK3RFG&marketplace=FLIPKART&q=smart+phones&store=tyy%2F4io&srno=s_12_269&otracker=search&fm=organic&iid=24672dd5-aab4-4402-9f58-dd15a3f8dbca.MOBHEYY2FCCGHYEM.SEARCH&ppt=None&ppn=None&ssid=vhgfe31fr40000001790676203384&qH=a5594894156db043&ov_redirect=true,2026-09-29
270,"realme Narzo 90x 5G (Aqua Blue, 128 GB)",realme,19062,24990,23% off,4,640,55,4 GB RAM,128 GB ROM,7000 mAh Battery,Dimensity 6300 Processor,17.27 cm (6.8 inch) HD+ Display,50MP Rear Camera | 8MP Front Camera,,https://www.flipkart.com/realme-narzo-90x-5g-aqua-blue-128-gb/p/itma63c5c5ce781a?pid=MOBHH3RBDV8NYP5U&lid=LSTMOBHH3RBDV8NYP5UK4L8RP&marketplace=FLIPKART&q=smart+phones&store=tyy%2F4io&srno=s_12_270&otracker=search&fm=organic&iid=24672dd5-aab4-4402-9f58-dd15a3f8dbca.MOBHH3RBDV8NYP5U.SEARCH&ppt=None&ppn=None&ssid=vhgfe31fr40000001790676203384&qH=a5594894156db043&ov_redirect=true,2026-09-29
271,"POCO C81x (Ice Blue, 64 GB)",POCO,12499,18999,34% off,3.9,653,39,3 GB RAM,64 GB ROM,5200 mAh Lithium-Ion Polymer Battery,T7250 Processor,17.48 cm (6.88 inch) Display,13MP Rear Camera | 8MP Front Camera,,https://www.flipkart.com/poco-c81x-ice-blue-64-gb/p/itmf2e3aacd5257e?pid=MOBHMYWRWPE4S8G6&lid=LSTMOBHMYWRWPE4S8G66V7JQ5&marketplace=FLIPKART&q=smart+phones&store=tyy%2F4io&srno=s_12_271&otracker=search&fm=organic&iid=24672dd5-aab4-4402-9f58-dd15a3f8dbca.MOBHMYWRWPE4S8G6.SEARCH&ppt=None&ppn=None&ssid=vhgfe31fr40000001790676203384&qH=a5594894156db043&ov_redirect=true,2026-09-29
272,"REDMI Note 15 SE 5G (Frosted White, 256 GB)",REDMI,29999,37999,21% off,4.3,"3,403",323,8 GB RAM,256 GB ROM,5800 mAh Lithium-Ion Polymer Battery,Snapdragon 6 Gen 3 Processor,17.2 cm (6.77 inch) Full HD+ AMOLED Display,50MP Rear Camera | 20MP Front Camera,,https://www.flipkart.com/redmi-note-15-se-5g-frosted-white-256-gb/p/itmebad38fb8969d?pid=MOBHN52FMT5ZSDSW&lid=LSTMOBHN52FMT5ZSDSWMBN2AM&marketplace=FLIPKART&q=smart+phones&store=tyy%2F4io&srno=s_12_272&otracker=search&fm=organic&iid=24672dd5-aab4-4402-9f58-dd15a3f8dbca.MOBHN52FMT5ZSDSW.SEARCH&ppt=None&ppn=None&ssid=vhgfe31fr40000001790676203384&qH=a5594894156db043&ov_redirect=true,2026-09-29
273,"Ai+ Nova 2 5G (Blue, 128 GB)",Ai+,14499,17499,17% off,4.2,"7,063",403,4 GB RAM,128 GB ROM,6000 mAh Battery,T8200 Processor,17.13 cm (6.745 inch) HD+ Display,50MP Rear Camera | 8MP Front Camera,,https://www.flipkart.com/ai-nova-2-5g-blue-128-gb/p/itmb8204f6c4e198?pid=MOBHZPMCMVUGFUCE&lid=LSTMOBHZPMCMVUGFUCE7GQTLP&marketplace=FLIPKART&q=smart+phones&store=tyy%2F4io&srno=s_12_273&otracker=search&fm=organic&iid=24672dd5-aab4-4402-9f58-dd15a3f8dbca.MOBHZPMCMVUGFUCE.SEARCH&ppt=None&ppn=None&ssid=vhgfe31fr40000001790676203384&qH=a5594894156db043&ov_redirect=true,2026-09-29
274,"Apple iPhone 16 Plus (Ultramarine, 128 GB)",Apple,79900,,,4.6,"4,339",294,,,,"A18 Chip, 6 Core Processor Processor",17.02 cm (6.7 inch) Super Retina XDR Display,48MP + 12MP | 12MP Front Camera,,https://www.flipkart.com/apple-iphone-16-plus-ultramarine-128-gb/p/itm3a32a91957d41?pid=MOBH4DQFKZDYZNWX&lid=LSTMOBH4DQFKZDYZNWXU5NVDP&marketplace=FLIPKART&q=smart+phones&store=tyy%2F4io&srno=s_12_274&otracker=search&fm=organic&iid=24672dd5-aab4-4402-9f58-dd15a3f8dbca.MOBH4DQFKZDYZNWX.SEARCH&ppt=None&ppn=None&ssid=vhgfe31fr40000001790676203384&qH=a5594894156db043&ov_redirect=true,2026-09-29
275,"Infinix Note edge (Solar Orange, 128 GB)",Infinix,28999,29999,3% off,4.2,482,81,8 GB RAM,128 GB ROM,6500 mAh Battery,Dimensity 7100 Processor,17.22 cm (6.78 inch) Full HD+ AMOLED Display,50MP Rear Camera | 13MP Front Camera,,https://www.flipkart.com/infinix-note-edge-solar-orange-128-gb/p/itmab2876405a1ab?pid=MOBHN3VZUWJSWKZU&lid=LSTMOBHN3VZUWJSWKZUZCB30A&marketplace=FLIPKART&q=smart+phones&store=tyy%2F4io&srno=s_12_275&otracker=search&fm=organic&iid=24672dd5-aab4-4402-9f58-dd15a3f8dbca.MOBHN3VZUWJSWKZU.SEARCH&ppt=None&ppn=None&ssid=vhgfe31fr40000001790676203384&qH=a5594894156db043&ov_redirect=true,2026-09-29
276,"Google Pixel 10 (Obsidian, 256 GB)",Google,79999,,,4.5,"3,700",353,12 GB RAM,256 GB ROM,4970 mAh Battery,Tensor G5 Processor,16.0 cm (6.3 inch) Quad HD+ Display,48MP + 13MP + 10.8MP | 10.5MP Front Camera,,https://www.flipkart.com/google-pixel-10-obsidian-256-gb/p/itm06bd3add90074?pid=MOBHEXHRCFEKF6DH&lid=LSTMOBHEXHRCFEKF6DHZ9XHID&marketplace=FLIPKART&q=smart+phones&store=tyy%2F4io&srno=s_12_276&otracker=search&fm=organic&iid=24672dd5-aab4-4402-9f58-dd15a3f8dbca.MOBHEXHRCFEKF6DH.SEARCH&ppt=None&ppn=None&ssid=vhgfe31fr40000001790676203384&qH=a5594894156db043&ov_redirect=true,2026-09-29
277,"POCO X8 Power 5G (Black, 256 GB)",POCO,38999,84999,54% off,4.3,260,68,8 GB RAM,256 GB ROM,10000 mAh Lithium-Ion Polymer Battery,6 Gen 5 Processor,17.35 cm (6.83 inch) Full HD+ AMOLED Display,50MP + 8MP | 32MP Front Camera,,https://www.flipkart.com/poco-x8-power-5g-black-256-gb/p/itm3438e419f61cc?pid=MOBHQ6XZZQTFHDSX&lid=LSTMOBHQ6XZZQTFHDSXUIITQK&marketplace=FLIPKART&q=smart+phones&store=tyy%2F4io&srno=s_12_277&otracker=search&fm=organic&iid=24672dd5-aab4-4402-9f58-dd15a3f8dbca.MOBHQ6XZZQTFHDSX.SEARCH&ppt=None&ppn=None&ssid=vhgfe31fr40000001790676203384&qH=a5594894156db043&ov_redirect=true,2026-09-29
278,Vivo T4 Lite 5G (Titanium Gold 2026) (4GB 128GB),Vivo,18999,28999,34% off,4.3,"44,472","2,033",4 GB RAM,128 GB ROM,6000 mAh Battery,Dimensity 6300 5G Processor,17.12 cm (6.74 inch) HD+ Display,50MP + 2MP | 5MP Front Camera,5G,https://www.flipkart.com/vivo-t4-lite-5g-titanium-gold-2026-4gb-128gb/p/itm49fb53d099f3c?pid=MOBHNCRKN8ZBGAJR&lid=LSTMOBHNCRKN8ZBGAJREUTFV0&marketplace=FLIPKART&q=smart+phones&store=tyy%2F4io&srno=s_12_278&otracker=search&fm=organic&iid=24672dd5-aab4-4402-9f58-dd15a3f8dbca.MOBHNCRKN8ZBGAJR.SEARCH&ppt=None&ppn=None&ssid=vhgfe31fr40000001790676203384&qH=a5594894156db043&ov_redirect=true,2026-09-29
279,"REDMI Note 15 SE 5G Snapdragon (Crimson Reserve, 128 GB)",REDMI,27999,35999,22% off,4.3,"3,403",323,8 GB RAM,128 GB ROM,5800 mAh Lithium-Ion Polymer Battery,Snapdragon 6 Gen 3 Processor,17.2 cm (6.77 inch) Full HD+ AMOLED Display,50MP Rear Camera | 20MP Front Camera,,https://www.flipkart.com/redmi-note-15-se-5g-snapdragon-crimson-reserve-128-gb/p/itm7627750aa9b54?pid=MOBHN52F84BRGFEG&lid=LSTMOBHN52F84BRGFEGSK3ATO&marketplace=FLIPKART&q=smart+phones&store=tyy%2F4io&srno=s_12_279&otracker=search&fm=organic&iid=24672dd5-aab4-4402-9f58-dd15a3f8dbca.MOBHN52F84BRGFEG.SEARCH&ppt=None&ppn=None&ssid=vhgfe31fr40000001790676203384&qH=a5594894156db043&ov_redirect=true,2026-09-29
280,"Ai+ Nova 2 Pro 5G (Blue, 128 GB)",Ai+,17999,21999,18% off,4,"2,345",274,6 GB RAM,128 GB ROM,6000 mAh Li-polymer Battery,Dimensity 7100 Processor,17.53 cm (6.9 inch) Full HD+ Display,48MP Rear Camera | 13MP Front Camera,,https://www.flipkart.com/ai-nova-2-pro-5g-blue-128-gb/p/itmfcb5acce99b5c?pid=MOBHZ8ZMMPVZHE89&lid=LSTMOBHZ8ZMMPVZHE89QJCATC&marketplace=FLIPKART&q=smart+phones&store=tyy%2F4io&srno=s_12_280&otracker=search&fm=organic&iid=24672dd5-aab4-4402-9f58-dd15a3f8dbca.MOBHZ8ZMMPVZHE89.SEARCH&ppt=None&ppn=None&ssid=vhgfe31fr40000001790676203384&qH=a5594894156db043&ov_redirect=true,2026-09-29
281,"realme P3 Ultra 5G (Glowing Lunar White, 256 GB)",realme,31999,35999,11% off,4.4,"5,257",587,12 GB RAM,256 GB ROM,6000 mAh Battery,Dimensity 8350 Ultra Processor,17.35 cm (6.83 inch) Full HD+ Display,50MP + 8MP | 16MP Front Camera,,https://www.flipkart.com/realme-p3-ultra-5g-glowing-lunar-white-256-gb/p/itm50171223b4a05?pid=MOBHAYKEGJYAUWC4&lid=LSTMOBHAYKEGJYAUWC4GFGIFN&marketplace=FLIPKART&q=smart+phones&store=tyy%2F4io&srno=s_12_281&otracker=search&fm=organic&iid=24672dd5-aab4-4402-9f58-dd15a3f8dbca.MOBHAYKEGJYAUWC4.SEARCH&ppt=None&ppn=None&ssid=vhgfe31fr40000001790676203384&qH=a5594894156db043&ov_redirect=true,2026-09-29
282,"realme Narzo 100x 5g (Flash Orange, 256 GB)",realme,27890,39999,30% off,4.2,335,41,6 GB RAM,256 GB ROM,8000 mAh Battery,MediaTek Dimensity 6300 Processor,17.3 cm (6.81 inch) HD+ Display,,,https://www.flipkart.com/realme-narzo-100x-5g-flash-orange-256-gb/p/itm66836fc8ecc5e?pid=MOBHPJG6RCZ8PKC8&lid=LSTMOBHPJG6RCZ8PKC810H757&marketplace=FLIPKART&q=smart+phones&store=tyy%2F4io&srno=s_12_282&otracker=search&fm=organic&iid=24672dd5-aab4-4402-9f58-dd15a3f8dbca.MOBHPJG6RCZ8PKC8.SEARCH&ppt=None&ppn=None&ssid=vhgfe31fr40000001790676203384&qH=a5594894156db043&ov_redirect=true,2026-09-29
283,"Google Pixel 11 Pro (Olive, 256 GB)",Google,119999,,,4.4,67,13,12 GB RAM,256 GB ROM,4850 mAh Lithium Battery,Tensor G6 Processor,16.0 cm (6.3 inch) Super Actua Display,50MP + 48MP + 48MP | 42MP Front Camera,,https://www.flipkart.com/google-pixel-11-pro-olive-256-gb/p/itm88f5dcba10068?pid=MOBHPHNVG3TGGBTR&lid=LSTMOBHPHNVG3TGGBTRMM5CTY&marketplace=FLIPKART&q=smart+phones&store=tyy%2F4io&srno=s_12_283&otracker=search&fm=organic&iid=24672dd5-aab4-4402-9f58-dd15a3f8dbca.MOBHPHNVG3TGGBTR.SEARCH&ppt=None&ppn=None&ssid=vhgfe31fr40000001790676203384&qH=a5594894156db043&ov_redirect=true,2026-09-29
284,"Samsung M47 5G (Blaze Blue, 128 GB)",Samsung,27972,46999,40% off,4.2,108,17,6 GB RAM,128 GB ROM,6000 mAh Battery,,16.94 cm (6.67 inch) Display,50MP Rear Camera,,https://www.flipkart.com/samsung-m47-5g-blaze-blue-128-gb/p/itmed5389226b408?pid=MOBHZWBVT3NUCCPP&lid=LSTMOBHZWBVT3NUCCPP2PUXLJ&marketplace=FLIPKART&q=smart+phones&store=tyy%2F4io&srno=s_12_284&otracker=search&fm=organic&iid=24672dd5-aab4-4402-9f58-dd15a3f8dbca.MOBHZWBVT3NUCCPP.SEARCH&ppt=None&ppn=None&ssid=vhgfe31fr40000001790676203384&qH=a5594894156db043&ov_redirect=true,2026-09-29
285,"IQOO Z11 lite 5G (Solar Flame, 128 GB)",IQOO,20084,33999,40% off,4.1,35,1,4 GB RAM,128 GB ROM,6500 mAh Battery,MediaTek Dimensity 6300 Processor,17.12 cm (6.74 inch) Display,50MP Rear Camera,,https://www.flipkart.com/iqoo-z11-lite-5g-solar-flame-128-gb/p/itmaa919fae95e49?pid=MOBHPMVMYDW6VGFV&lid=LSTMOBHPMVMYDW6VGFVMBRPKC&marketplace=FLIPKART&q=smart+phones&store=tyy%2F4io&srno=s_12_285&otracker=search&fm=organic&iid=24672dd5-aab4-4402-9f58-dd15a3f8dbca.MOBHPMVMYDW6VGFV.SEARCH&ppt=None&ppn=None&ssid=vhgfe31fr40000001790676203384&qH=a5594894156db043&ov_redirect=true,2026-09-29
286,"realme Narzo 100x 5g (Midnight Black, 128 GB)",realme,19790,31999,38% off,4.1,91,10,4 GB RAM,128 GB ROM,8000 mAh Battery,MediaTek Dimensity 6300 Processor,17.3 cm (6.81 inch) HD+ Display,,,https://www.flipkart.com/realme-narzo-100x-5g-midnight-black-128-gb/p/itm66836fc8ecc5e?pid=MOBHPJGFBGZUZBXG&lid=LSTMOBHPJGFBGZUZBXGRHYK0H&marketplace=FLIPKART&q=smart+phones&store=tyy%2F4io&srno=s_12_286&otracker=search&fm=organic&iid=24672dd5-aab4-4402-9f58-dd15a3f8dbca.MOBHPJGFBGZUZBXG.SEARCH&ppt=None&ppn=None&ssid=vhgfe31fr40000001790676203384&qH=a5594894156db043&ov_redirect=true,2026-09-29
287,"Ai+ Nova 2 Pro 5G (Red, 128 GB)",Ai+,17999,21999,18% off,4,"2,345",274,6 GB RAM,128 GB ROM,6000 mAh Li-polymer Battery,Dimensity 7100 Processor,17.53 cm (6.9 inch) Full HD+ Display,48MP Rear Camera | 13MP Front Camera,,https://www.flipkart.com/ai-nova-2-pro-5g-red-128-gb/p/itm6e110e80c5404?pid=MOBHZ8ZMEHPWH2ZY&lid=LSTMOBHZ8ZMEHPWH2ZYDNLAHF&marketplace=FLIPKART&q=smart+phones&store=tyy%2F4io&srno=s_12_287&otracker=search&fm=organic&iid=24672dd5-aab4-4402-9f58-dd15a3f8dbca.MOBHZ8ZMEHPWH2ZY.SEARCH&ppt=None&ppn=None&ssid=vhgfe31fr40000001790676203384&qH=a5594894156db043&ov_redirect=true,2026-09-29
288,"realme Narzo 90x 5G (Aqua Blue, 128 GB)",realme,24475,24499,,4.3,"1,641",112,8 GB RAM,128 GB ROM,7000 mAh Battery,,17.27 cm (6.8 inch) Display,50MP Rear Camera,,https://www.flipkart.com/realme-narzo-90x-5g-aqua-blue-128-gb/p/itma63c5c5ce781a?pid=MOBHM43KGPSRA2GY&lid=LSTMOBHM43KGPSRA2GYKRIBIU&marketplace=FLIPKART&q=smart+phones&store=tyy%2F4io&srno=s_12_288&otracker=search&fm=organic&iid=24672dd5-aab4-4402-9f58-dd15a3f8dbca.MOBHM43KGPSRA2GY.SEARCH&ppt=None&ppn=None&ssid=vhgfe31fr40000001790676203384&qH=a5594894156db043&ov_redirect=true,2026-09-29
289,"IQOO Z10 Lite 5G (Titanium Blue, 64 GB)",IQOO,17300,27999,38% off,4.1,"4,658",273,4 GB RAM,64 GB ROM,6000 mAh Battery,,17.12 cm (6.74 inch) Display,50MP Rear Camera,,https://www.flipkart.com/iqoo-z10-lite-5g-titanium-blue-64-gb/p/itmb57aad9fe876e?pid=MOBHJZJAT8ZUFYAG&lid=LSTMOBHJZJAT8ZUFYAGDYXLDJ&marketplace=FLIPKART&q=smart+phones&store=tyy%2F4io&srno=s_13_289&otracker=search&fm=organic&iid=53a37970-1188-4164-91cf-7fc3798ddc8a.MOBHJZJAT8ZUFYAG.SEARCH&ppt=None&ppn=None&ssid=d0cymnlh740000001790676206134&qH=a5594894156db043&ov_redirect=true,2026-09-29
290,"IQOO Z10 Lite 5G (Titanium Blue, 128 GB)",IQOO,19887,24999,20% off,4.1,"4,658",273,4 GB RAM,128 GB ROM,6000 mAh Battery,,17.12 cm (6.74 inch) Display,50MP Rear Camera,,https://www.flipkart.com/iqoo-z10-lite-5g-titanium-blue-128-gb/p/itmb57aad9fe876e?pid=MOBHDGDJNMMPPPMW&lid=LSTMOBHDGDJNMMPPPMWZNXVYW&marketplace=FLIPKART&q=smart+phones&store=tyy%2F4io&srno=s_13_290&otracker=search&fm=organic&iid=53a37970-1188-4164-91cf-7fc3798ddc8a.MOBHDGDJNMMPPPMW.SEARCH&ppt=None&ppn=None&ssid=d0cymnlh740000001790676206134&qH=a5594894156db043&ov_redirect=true,2026-09-29
291,"Tecno Spark Go 3 (Titanium Grey, 64 GB)",Tecno,12499,15999,21% off,4.1,217,15,4 GB RAM,64 GB ROM,5000 mAh Lithium Polymer Battery,T7250 Processor,17.12 cm (6.74 inch) HD+ Display,13MP Rear Camera | 8MP Front Camera,,https://www.flipkart.com/tecno-spark-go-3-titanium-grey-64-gb/p/itma9c8f128a61c6?pid=MOBHP2QY7GH4XWWS&lid=LSTMOBHP2QY7GH4XWWSUZBT2N&marketplace=FLIPKART&q=smart+phones&store=tyy%2F4io&srno=s_13_291&otracker=search&fm=organic&iid=en_bCQ8r4-4gXjK7zcFEVcvroG2qtrURcaFa_xPupfeXCa6dNdAv9XQUqOL7XzvgnADxuSl-jfu2FRRD3-px9HFb5LgCDLd29XPfHChd2SlxWtZQa0JPalVpZLBVcAxcVBC&ppt=None&ppn=None&ssid=d0cymnlh740000001790676206134&qH=a5594894156db043&ov_redirect=true,2026-09-29
292,"Tecno Spark Go 3 (Ink Black, 64 GB)",Tecno,12499,15999,21% off,4.1,217,15,4 GB RAM,64 GB ROM,5000 mAh Lithium Polymer Battery,T7250 Processor,17.12 cm (6.74 inch) HD+ Display,13MP Rear Camera | 8MP Front Camera,,https://www.flipkart.com/tecno-spark-go-3-ink-black-64-gb/p/itma9c8f128a61c6?pid=MOBHP2QYCXZZE3CM&lid=LSTMOBHP2QYCXZZE3CMWW64IB&marketplace=FLIPKART&q=smart+phones&store=tyy%2F4io&srno=s_13_292&otracker=search&fm=organic&iid=en_bCQ8r4-4gXjK7zcFEVcvroG2qtrURcaFa_xPupfeXCaCl78p3ao96uexfuIlxdcFwfAu6s5c53i2tmuGS82SuJLgCDLd29XPfHChd2SlxWtZQa0JPalVpZLBVcAxcVBC&ppt=None&ppn=None&ssid=d0cymnlh740000001790676206134&qH=a5594894156db043&ov_redirect=true,2026-09-29
293,"MOTOROLA Edge 70 Max (PANTONE Dark Shadow, 256 GB)",MOTOROLA,59999,94999,36% off,4.2,76,24,12 GB RAM,256 GB ROM,7100 mAh Silicon-Carbon Battery,Snapdragon 8 Gen 5 Processor,17.27 cm (6.8 inch) Quad HD+ Display,50MP + 8MP | 32MP Front Camera,,https://www.flipkart.com/motorola-edge-70-max-pantone-dark-shadow-256-gb/p/itma23e20d630c2e?pid=MOBHMJQAYAZXSN6K&lid=LSTMOBHMJQAYAZXSN6KEYAZIX&marketplace=FLIPKART&q=smart+phones&store=tyy%2F4io&srno=s_13_293&otracker=search&fm=organic&iid=53a37970-1188-4164-91cf-7fc3798ddc8a.MOBHMJQAYAZXSN6K.SEARCH&ppt=None&ppn=None&ssid=d0cymnlh740000001790676206134&qH=a5594894156db043&ov_redirect=true,2026-09-29
294,"Samsung Galaxy A07 5G (Light Green, 128 GB)",Samsung,20390,26999,24% off,4.3,86,7,6 GB RAM,128 GB ROM,6000 mAh Li-ion Battery,Dimensity 6300 Processor,43.51 cm (17.13 inch) HD+ Display,50MP + 2MP | 8MP Front Camera,,https://www.flipkart.com/samsung-galaxy-a07-5g-light-green-128-gb/p/itm375542879d8d6?pid=MOBHJXB2ZS4EAG64&lid=LSTMOBHJXB2ZS4EAG64QLZPQD&marketplace=FLIPKART&q=smart+phones&store=tyy%2F4io&srno=s_13_294&otracker=search&fm=organic&iid=53a37970-1188-4164-91cf-7fc3798ddc8a.MOBHJXB2ZS4EAG64.SEARCH&ppt=None&ppn=None&ssid=d0cymnlh740000001790676206134&qH=a5594894156db043&ov_redirect=true,2026-09-29
295,"REDMI Note 15 5G (Glacier Blue, 256 GB)",REDMI,36980,38999,5% off,4.4,"1,243",89,8 GB RAM,256 GB ROM,5520 mAh Battery,,17.2 cm (6.77 inch) Display,108MP Rear Camera,,https://www.flipkart.com/redmi-note-15-5g-glacier-blue-256-gb/p/itm7cb24e3c40189?pid=MOBHJHPU4PX3YPHG&lid=LSTMOBHJHPU4PX3YPHGU4MCLC&marketplace=FLIPKART&q=smart+phones&store=tyy%2F4io&srno=s_13_295&otracker=search&fm=organic&iid=53a37970-1188-4164-91cf-7fc3798ddc8a.MOBHJHPU4PX3YPHG.SEARCH&ppt=None&ppn=None&ssid=d0cymnlh740000001790676206134&qH=a5594894156db043&ov_redirect=true,2026-09-29
296,"realme P4 Lite 5G (Mosaic Green, 128 GB)",realme,20999,32999,36% off,4.2,"14,885",930,4 GB RAM,128 GB ROM,7000 mAh lithium-ion polymer Battery,Dimensity 6300 Processor,17.27 cm (6.8 inches) HD+ Display,13MP Rear Camera | 5MP Front Camera,,https://www.flipkart.com/realme-p4-lite-5g-mosaic-green-128-gb/p/itm90c243961f214?pid=MOBHN7A8PBUWNHG5&lid=LSTMOBHN7A8PBUWNHG5V5EICC&marketplace=FLIPKART&q=smart+phones&store=tyy%2F4io&srno=s_13_296&otracker=search&fm=organic&iid=53a37970-1188-4164-91cf-7fc3798ddc8a.MOBHN7A8PBUWNHG5.SEARCH&ppt=None&ppn=None&ssid=d0cymnlh740000001790676206134&qH=a5594894156db043&ov_redirect=true,2026-09-29
297,"realme P4 Lite 5G (Mosaic Blue, 128 GB)",realme,20999,32999,36% off,4.2,"14,885",930,4 GB RAM,128 GB ROM,7000 mAh lithium-ion polymer Battery,Dimensity 6300 Processor,17.27 cm (6.8 inches) HD+ Display,13MP Rear Camera | 5MP Front Camera,,https://www.flipkart.com/realme-p4-lite-5g-mosaic-blue-128-gb/p/itm90c243961f214?pid=MOBHN7A8MNWG6FFH&lid=LSTMOBHN7A8MNWG6FFHG3NDFE&marketplace=FLIPKART&q=smart+phones&store=tyy%2F4io&srno=s_13_297&otracker=search&fm=organic&iid=53a37970-1188-4164-91cf-7fc3798ddc8a.MOBHN7A8MNWG6FFH.SEARCH&ppt=None&ppn=None&ssid=d0cymnlh740000001790676206134&qH=a5594894156db043&ov_redirect=true,2026-09-29
298,"vivo T5e (Shadow Grey, 64 GB)",vivo,13999,26999,48% off,3.8,136,7,4 GB RAM,64 GB ROM,5500 mAh Li-ion Battery,T7225 Processor,17.12 cm (6.74 inch) HD Display,8MP Rear Camera | 5MP Front Camera,,https://www.flipkart.com/vivo-t5e-shadow-grey-64-gb/p/itm180ca0a991a2b?pid=MOBHPBM6FNMA7ZC7&lid=LSTMOBHPBM6FNMA7ZC7AQDM3K&marketplace=FLIPKART&q=smart+phones&store=tyy%2F4io&srno=s_13_298&otracker=search&fm=organic&iid=53a37970-1188-4164-91cf-7fc3798ddc8a.MOBHPBM6FNMA7ZC7.SEARCH&ppt=None&ppn=None&ssid=d0cymnlh740000001790676206134&qH=a5594894156db043&ov_redirect=true,2026-09-29
299,"realme 16 5G (Air White, 256 GB)",realme,42999,49999,14% off,4.3,247,28,12 GB RAM,256 GB ROM,7000 mAh Battery,Dimensity 6400 Turbo Processor,16.69 cm (6.57 inch) Full HD+ AMOLED Display,50MP + 2MP | 50MP Front Camera,,https://www.flipkart.com/realme-16-5g-air-white-256-gb/p/itm7b0c4cd95742b?pid=MOBHHM6T4GNPEFZJ&lid=LSTMOBHHM6T4GNPEFZJUEE3GU&marketplace=FLIPKART&q=smart+phones&store=tyy%2F4io&srno=s_13_299&otracker=search&fm=organic&iid=53a37970-1188-4164-91cf-7fc3798ddc8a.MOBHHM6T4GNPEFZJ.SEARCH&ppt=None&ppn=None&ssid=d0cymnlh740000001790676206134&qH=a5594894156db043&ov_redirect=true,2026-09-29
300,"realme 16 5G (Air Black, 256 GB)",realme,42999,49999,14% off,4.3,247,28,12 GB RAM,256 GB ROM,7000 mAh Battery,Dimensity 6400 Turbo Processor,16.69 cm (6.57 inch) Full HD+ AMOLED Display,50MP + 2MP | 50MP Front Camera,,https://www.flipkart.com/realme-16-5g-air-black-256-gb/p/itm7b0c4cd95742b?pid=MOBHHM6TCNZGFMY3&lid=LSTMOBHHM6TCNZGFMY36AK2OW&marketplace=FLIPKART&q=smart+phones&store=tyy%2F4io&srno=s_13_300&otracker=search&fm=organic&iid=53a37970-1188-4164-91cf-7fc3798ddc8a.MOBHHM6TCNZGFMY3.SEARCH&ppt=None&ppn=None&ssid=d0cymnlh740000001790676206134&qH=a5594894156db043&ov_redirect=true,2026-09-29
301,"vivo Y11 5G (Mystic Blue, 128 GB)",vivo,22499,44999,50% off,4,939,54,4 GB RAM,128 GB ROM,6500 mAh Li-ion Battery,Dimensity 6300 Processor,17.12 cm (6.74 inch) HD+ Display,13MP + 0.08MP | 5MP Front Camera,,https://www.flipkart.com/vivo-y11-5g-mystic-blue-128-gb/p/itm722b8f27be0b8?pid=MOBHZF4T4JRVTHY4&lid=LSTMOBHZF4T4JRVTHY4KR3BUH&marketplace=FLIPKART&q=smart+phones&store=tyy%2F4io&srno=s_13_301&otracker=search&fm=organic&iid=53a37970-1188-4164-91cf-7fc3798ddc8a.MOBHZF4T4JRVTHY4.SEARCH&ppt=None&ppn=None&ssid=d0cymnlh740000001790676206134&qH=a5594894156db043&ov_redirect=true,2026-09-29
302,"vivo Y11 5G (Cosmic Gold, 64 GB)",vivo,18999,39999,52% off,4,939,54,4 GB RAM,64 GB ROM,6500 mAh Li-ion Battery,Dimensity 6300 Processor,17.12 cm (6.74 inch) HD+ Display,13MP + 0.08MP | 5MP Front Camera,,https://www.flipkart.com/vivo-y11-5g-cosmic-gold-64-gb/p/itm722b8f27be0b8?pid=MOBHZF4TFXUNDF4Z&lid=LSTMOBHZF4TFXUNDF4ZZIFHP6&marketplace=FLIPKART&q=smart+phones&store=tyy%2F4io&srno=s_13_302&otracker=search&fm=organic&iid=53a37970-1188-4164-91cf-7fc3798ddc8a.MOBHZF4TFXUNDF4Z.SEARCH&ppt=None&ppn=None&ssid=d0cymnlh740000001790676206134&qH=a5594894156db043&ov_redirect=true,2026-09-29
303,"POCO C71  - Locked with Airtel Prepaid (Desert Gold, 64 GB)",POCO,8999,,,3.8,"61,855","3,318",4 GB RAM,64 GB ROM,5200 mAh Battery,Unisoc T7250,17.48 cm (6.88 inch) HD+ Display,32MP Rear Camera | 8MP Front Camera,,https://www.flipkart.com/poco-c71-locked-airtel-prepaid-desert-gold-64-gb/p/itmb0bb5af15d090?pid=MOBHAFVJ5QYQMBRV&lid=LSTMOBHAFVJ5QYQMBRVUWBY58&marketplace=FLIPKART&q=smart+phones&store=tyy%2F4io&srno=s_13_303&otracker=search&fm=organic&iid=53a37970-1188-4164-91cf-7fc3798ddc8a.MOBHAFVJ5QYQMBRV.SEARCH&ppt=None&ppn=None&ssid=d0cymnlh740000001790676206134&qH=a5594894156db043&ov_redirect=true,2026-09-29
304,"MOTOROLA g24 Power (Glacier Blue, 128 GB)",MOTOROLA,9999,11999,16% off,4.2,"15,336","1,132",4 GB RAM,128 GB ROM,6000 mAh Battery,Helio G85 Processor,16.76 cm (6.6 inch) HD+ Display,50MP + 2MP | 16MP Front Camera,,https://www.flipkart.com/motorola-g24-power-glacier-blue-128-gb/p/itm766650509967e?pid=MOBGUFK4FEVX2D5T&lid=LSTMOBGUFK4FEVX2D5TLQB9XK&marketplace=FLIPKART&q=smart+phones&store=tyy%2F4io&srno=s_13_304&otracker=search&fm=organic&iid=53a37970-1188-4164-91cf-7fc3798ddc8a.MOBGUFK4FEVX2D5T.SEARCH&ppt=None&ppn=None&ssid=d0cymnlh740000001790676206134&qH=a5594894156db043&ov_redirect=true,2026-09-29
305,"MOTOROLA g24 Power (Ink blue, 128 GB)",MOTOROLA,10999,12999,15% off,4.2,"12,928",895,8 GB RAM,128 GB ROM,6000 mAh Battery,Helio G85 Processor,16.76 cm (6.6 inch) HD+ Display,50MP + 2MP | 16MP Front Camera,,https://www.flipkart.com/motorola-g24-power-ink-blue-128-gb/p/itm38450b60d2af2?pid=MOBGUFK4RNVPCG3M&lid=LSTMOBGUFK4RNVPCG3M3BS00T&marketplace=FLIPKART&q=smart+phones&store=tyy%2F4io&srno=s_13_305&otracker=search&fm=organic&iid=53a37970-1188-4164-91cf-7fc3798ddc8a.MOBGUFK4RNVPCG3M.SEARCH&ppt=None&ppn=None&ssid=d0cymnlh740000001790676206134&qH=a5594894156db043&ov_redirect=true,2026-09-29
306,"MOTOROLA g24 Power (Ink blue, 128 GB)",MOTOROLA,9999,11999,16% off,4.2,"15,336","1,132",4 GB RAM,128 GB ROM,6000 mAh Battery,Helio G85 Processor,16.76 cm (6.6 inch) HD+ Display,50MP + 2MP | 16MP Front Camera,,https://www.flipkart.com/motorola-g24-power-ink-blue-128-gb/p/itmecab4a01b8aaf?pid=MOBGUFK4UBP7ZTXJ&lid=LSTMOBGUFK4UBP7ZTXJOASNFB&marketplace=FLIPKART&q=smart+phones&store=tyy%2F4io&srno=s_13_306&otracker=search&fm=organic&iid=53a37970-1188-4164-91cf-7fc3798ddc8a.MOBGUFK4UBP7ZTXJ.SEARCH&ppt=None&ppn=None&ssid=d0cymnlh740000001790676206134&qH=a5594894156db043&ov_redirect=true,2026-09-29
307,"MOTOROLA g35 5G (Leaf Green, 128 GB)",MOTOROLA,12499,,,4.2,"1,40,642","9,746",4 GB RAM,128 GB ROM,5000 mAh Battery,T760 Processor,17.07 cm (6.72 inch) Full HD+ Display,50MP + 8MP | 16MP Front Camera,5G,https://www.flipkart.com/motorola-g35-5g-leaf-green-128-gb/p/itma3ca32cc93927?pid=MOBH3YGPQHRSNQED&lid=LSTMOBH3YGPQHRSNQEDLDGOMQ&marketplace=FLIPKART&q=smart+phones&store=tyy%2F4io&srno=s_13_307&otracker=search&fm=organic&iid=53a37970-1188-4164-91cf-7fc3798ddc8a.MOBH3YGPQHRSNQED.SEARCH&ppt=None&ppn=None&ssid=d0cymnlh740000001790676206134&qH=a5594894156db043&ov_redirect=true,2026-09-29
308,"vivo T5x 5G (Satin Silver, 128 GB)",vivo,30999,50999,39% off,4.4,"25,590","1,913",8 GB RAM,128 GB ROM,7200 mAh Li-ion Battery,Dimensity 7400-Turbo Processor,17.17 cm (6.76 inch) Display,50MP + 2MP | 32MP Front Camera,,https://www.flipkart.com/vivo-t5x-5g-satin-silver-128-gb/p/itm7da8aa253e72b?pid=MOBHQC8ZAWDR2R4B&lid=LSTMOBHQC8ZAWDR2R4BK3KHDA&marketplace=FLIPKART&q=smart+phones&store=tyy%2F4io&srno=s_13_308&otracker=search&fm=organic&iid=53a37970-1188-4164-91cf-7fc3798ddc8a.MOBHQC8ZAWDR2R4B.SEARCH&ppt=None&ppn=None&ssid=d0cymnlh740000001790676206134&qH=a5594894156db043&ov_redirect=true,2026-09-29
309,"vivo T5x 5G (Cosmic Green, 128 GB)",vivo,30999,50999,39% off,4.4,"25,590","1,913",8 GB RAM,128 GB ROM,7200 mAh Li-ion Battery,Dimensity 7400-Turbo Processor,17.17 cm (6.76 inch) Display,50MP + 2MP | 32MP Front Camera,,https://www.flipkart.com/vivo-t5x-5g-cosmic-green-128-gb/p/itm7da8aa253e72b?pid=MOBHQC8ZFHNFPRMU&lid=LSTMOBHQC8ZFHNFPRMUVCYVMQ&marketplace=FLIPKART&q=smart+phones&store=tyy%2F4io&srno=s_13_309&otracker=search&fm=organic&iid=53a37970-1188-4164-91cf-7fc3798ddc8a.MOBHQC8ZFHNFPRMU.SEARCH&ppt=None&ppn=None&ssid=d0cymnlh740000001790676206134&qH=a5594894156db043&ov_redirect=true,2026-09-29
310,"POCO C71 (Desert Gold, 64 GB)",POCO,8999,,,3.8,"61,855","3,318",4 GB RAM,64 GB ROM,5200 mAh Battery,Unisoc T7250,17.48 cm (6.88 inch) HD+ Display,32MP Rear Camera | 8MP Front Camera,,https://www.flipkart.com/poco-c71-desert-gold-64-gb/p/itme3dc58af6a04b?pid=MOBHAFVJZ5CHWMH8&lid=LSTMOBHAFVJZ5CHWMH8MZ5M5D&marketplace=FLIPKART&q=smart+phones&store=tyy%2F4io&srno=s_13_310&otracker=search&fm=organic&iid=53a37970-1188-4164-91cf-7fc3798ddc8a.MOBHAFVJZ5CHWMH8.SEARCH&ppt=None&ppn=None&ssid=d0cymnlh740000001790676206134&qH=a5594894156db043&ov_redirect=true,2026-09-29
311,"vivo T5x 5G (Cosmic Green, 128 GB)",vivo,27999,45999,39% off,4.4,"22,117","1,510",6 GB RAM,128 GB ROM,7200 mAh Li-ion Battery,Dimensity 7400-Turbo Processor,17.17 cm (6.76 inch) Display,50MP + 2MP | 32MP Front Camera,,https://www.flipkart.com/vivo-t5x-5g-cosmic-green-128-gb/p/itm7da8aa253e72b?pid=MOBHQC8ZMRCP62TS&lid=LSTMOBHQC8ZMRCP62TSTXXKV0&marketplace=FLIPKART&q=smart+phones&store=tyy%2F4io&srno=s_13_311&otracker=search&fm=organic&iid=53a37970-1188-4164-91cf-7fc3798ddc8a.MOBHQC8ZMRCP62TS.SEARCH&ppt=None&ppn=None&ssid=d0cymnlh740000001790676206134&qH=a5594894156db043&ov_redirect=true,2026-09-29
312,"vivo T5x 5G (Satin Silver, 128 GB)",vivo,27999,45999,39% off,4.4,"22,117","1,510",6 GB RAM,128 GB ROM,7200 mAh Li-ion Battery,Dimensity 7400-Turbo Processor,17.17 cm (6.76 inch) Display,50MP + 2MP | 32MP Front Camera,,https://www.flipkart.com/vivo-t5x-5g-satin-silver-128-gb/p/itm7da8aa253e72b?pid=MOBHQC8ZUXZ4YM5F&lid=LSTMOBHQC8ZUXZ4YM5FJA0BYF&marketplace=FLIPKART&q=smart+phones&store=tyy%2F4io&srno=s_13_312&otracker=search&fm=organic&iid=53a37970-1188-4164-91cf-7fc3798ddc8a.MOBHQC8ZUXZ4YM5F.SEARCH&ppt=None&ppn=None&ssid=d0cymnlh740000001790676206134&qH=a5594894156db043&ov_redirect=true,2026-09-29
313,"POCO M8 (Frost Silver, 128 GB)",POCO,26999,27999,3% off,4.3,"2,301",210,8 GB RAM,128 GB ROM,5520 mAh Battery,,17.2 cm (6.77 inch) Full HD+ Display,50MP Rear Camera | 20MP Front Camera,,https://www.flipkart.com/poco-m8-frost-silver-128-gb/p/itm63246b4036f90?pid=MOBHMGG5ZFANS2WQ&lid=LSTMOBHMGG5ZFANS2WQVUHDCT&marketplace=FLIPKART&q=smart+phones&store=tyy%2F4io&srno=s_14_313&otracker=search&fm=organic&iid=76278ed3-6942-4570-9c79-f2060244ec2c.MOBHMGG5ZFANS2WQ.SEARCH&ppt=None&ppn=None&ssid=d2urpp333k0000001790676208777&qH=a5594894156db043&ov_redirect=true,2026-09-29
314,"POCO C85 5G (Power Black, 128 GB)",POCO,21999,24999,12% off,4.3,182,12,8 GB RAM,128 GB ROM,6000 mAh Lithium-Ion Polymer Battery,Dimensity 6300 Processor,17.53 cm (6.9 inch) HD+ Display,50MP Rear Camera | 8MP Front Camera,,https://www.flipkart.com/poco-c85-5g-power-black-128-gb/p/itm6d362ee1eec68?pid=MOBHMGG5ZE4MHZUB&lid=LSTMOBHMGG5ZE4MHZUBFS2GCJ&marketplace=FLIPKART&q=smart+phones&store=tyy%2F4io&srno=s_14_314&otracker=search&fm=organic&iid=76278ed3-6942-4570-9c79-f2060244ec2c.MOBHMGG5ZE4MHZUB.SEARCH&ppt=None&ppn=None&ssid=d2urpp333k0000001790676208777&qH=a5594894156db043&ov_redirect=true,2026-09-29
315,"POCO C85 5G (Power Black, 128 GB)",POCO,17999,22999,21% off,4.2,"2,560",175,6 GB RAM,128 GB ROM,6000 mAh Lithium-Ion Polymer Battery,Dimensity 6300 Processor,17.53 cm (6.9 inch) HD+ Display,50MP Rear Camera | 8MP Front Camera,,https://www.flipkart.com/poco-c85-5g-power-black-128-gb/p/itm2003fa46382ff?pid=MOBHMGG5HZK65TMX&lid=LSTMOBHMGG5HZK65TMXLFDDWP&marketplace=FLIPKART&q=smart+phones&store=tyy%2F4io&srno=s_14_315&otracker=search&fm=organic&iid=76278ed3-6942-4570-9c79-f2060244ec2c.MOBHMGG5HZK65TMX.SEARCH&ppt=None&ppn=None&ssid=d2urpp333k0000001790676208777&qH=a5594894156db043&ov_redirect=true,2026-09-29
316,"POCO C85 5G (Power Black, 128 GB)",POCO,16499,20999,21% off,3.8,"2,734",293,4 GB RAM,128 GB ROM,6000 mAh Lithium-Ion Polymer Battery,Dimensity 6300 Processor,17.53 cm (6.9 inch) HD+ Display,50MP Rear Camera | 8MP Front Camera,,https://www.flipkart.com/poco-c85-5g-power-black-128-gb/p/itm1f62dee4df0ad?pid=MOBHMGG5DNYPWU9Q&lid=LSTMOBHMGG5DNYPWU9Q5MNW6H&marketplace=FLIPKART&q=smart+phones&store=tyy%2F4io&srno=s_14_316&otracker=search&fm=organic&iid=76278ed3-6942-4570-9c79-f2060244ec2c.MOBHMGG5DNYPWU9Q.SEARCH&ppt=None&ppn=None&ssid=d2urpp333k0000001790676208777&qH=a5594894156db043&ov_redirect=true,2026-09-29
317,"Tecno Spark Go 3 (Titanium Grey, 64 GB)",Tecno,12499,15999,21% off,4.1,217,15,4 GB RAM,64 GB ROM,5000 mAh Lithium Polymer Battery,T7250 Processor,17.12 cm (6.74 inch) HD+ Display,13MP Rear Camera | 8MP Front Camera,,https://www.flipkart.com/tecno-spark-go-3-titanium-grey-64-gb/p/itma9c8f128a61c6?pid=MOBHP2QY7GH4XWWS&lid=LSTMOBHP2QY7GH4XWWSUZBT2N&marketplace=FLIPKART&q=smart+phones&store=tyy%2F4io&srno=s_14_317&otracker=search&fm=organic&iid=en_LvzFes5jVIBJE4B6JyDTQBUKy6_4ogm6ECieE8zErfq1lI7AhhVrVm29AFB4s85hxuSl-jfu2FRRD3-px9HFb5LgCDLd29XPfHChd2SlxWvhCnTaYn02U2-Di--kxWsK&ppt=None&ppn=None&ssid=d2urpp333k0000001790676208777&qH=a5594894156db043&ov_redirect=true,2026-09-29
318,"Tecno Spark Go 3 (Ink Black, 64 GB)",Tecno,12499,15999,21% off,4.1,217,15,4 GB RAM,64 GB ROM,5000 mAh Lithium Polymer Battery,T7250 Processor,17.12 cm (6.74 inch) HD+ Display,13MP Rear Camera | 8MP Front Camera,,https://www.flipkart.com/tecno-spark-go-3-ink-black-64-gb/p/itma9c8f128a61c6?pid=MOBHP2QYCXZZE3CM&lid=LSTMOBHP2QYCXZZE3CMWW64IB&marketplace=FLIPKART&q=smart+phones&store=tyy%2F4io&srno=s_14_318&otracker=search&fm=organic&iid=en_LvzFes5jVIBJE4B6JyDTQBUKy6_4ogm6ECieE8zErfovtKPEEa8GpPxNX4ZqAWSUwfAu6s5c53i2tmuGS82SuJLgCDLd29XPfHChd2SlxWvhCnTaYn02U2-Di--kxWsK&ppt=None&ppn=None&ssid=d2urpp333k0000001790676208777&qH=a5594894156db043&ov_redirect=true,2026-09-29
319,"POCO C85 5G (Spring Green, 128 GB)",POCO,16499,20999,21% off,3.8,"2,734",293,4 GB RAM,128 GB ROM,6000 mAh Lithium-Ion Polymer Battery,Dimensity 6300 Processor,17.53 cm (6.9 inch) HD+ Display,50MP Rear Camera | 8MP Front Camera,,https://www.flipkart.com/poco-c85-5g-spring-green-128-gb/p/itmc1e583dec018e?pid=MOBHMGG5GUM8R5GJ&lid=LSTMOBHMGG5GUM8R5GJPQ3KAI&marketplace=FLIPKART&q=smart+phones&store=tyy%2F4io&srno=s_14_319&otracker=search&fm=organic&iid=76278ed3-6942-4570-9c79-f2060244ec2c.MOBHMGG5GUM8R5GJ.SEARCH&ppt=None&ppn=None&ssid=d2urpp333k0000001790676208777&qH=a5594894156db043&ov_redirect=true,2026-09-29
320,"MOTOROLA g06 power (Pantone Laurel Oak, 64 GB)",MOTOROLA,15249,19999,23% off,4.2,"24,101","1,675",4 GB RAM,64 GB ROM,7000 mAh Battery,Helio G81 Processor,17.48 cm (6.88 inch) HD+ Display,50MP Rear Camera | 8MP Front Camera,,https://www.flipkart.com/motorola-g06-power-pantone-laurel-oak-64-gb/p/itm1010d22c11412?pid=MOBHN973VRPBQTKY&lid=LSTMOBHN973VRPBQTKYGYH2X6&marketplace=FLIPKART&q=smart+phones&store=tyy%2F4io&srno=s_14_320&otracker=search&fm=organic&iid=76278ed3-6942-4570-9c79-f2060244ec2c.MOBHN973VRPBQTKY.SEARCH&ppt=None&ppn=None&ssid=d2urpp333k0000001790676208777&qH=a5594894156db043&ov_redirect=true,2026-09-29
321,"POCO M8 (Glacial Blue, 128 GB)",POCO,24999,25999,3% off,4.3,"3,819",360,6 GB RAM,128 GB ROM,5520 mAh Battery,,17.2 cm (6.77 inch) Full HD+ Display,50MP Rear Camera | 20MP Front Camera,,https://www.flipkart.com/poco-m8-glacial-blue-128-gb/p/itme842f8232f12d?pid=MOBHMGG5XCXH4QYY&lid=LSTMOBHMGG5XCXH4QYY8WJBHR&marketplace=FLIPKART&q=smart+phones&store=tyy%2F4io&srno=s_14_321&otracker=search&fm=organic&iid=76278ed3-6942-4570-9c79-f2060244ec2c.MOBHMGG5XCXH4QYY.SEARCH&ppt=None&ppn=None&ssid=d2urpp333k0000001790676208777&qH=a5594894156db043&ov_redirect=true,2026-09-29
322,"vivo T5x 5G (Satin Silver, 256 GB)",vivo,34999,56999,38% off,4.4,"25,590","1,913",8 GB RAM,256 GB ROM,7200 mAh Li-ion Battery,Dimensity 7400-Turbo Processor,17.17 cm (6.76 inch) Display,50MP + 2MP | 32MP Front Camera,,https://www.flipkart.com/vivo-t5x-5g-satin-silver-256-gb/p/itm7da8aa253e72b?pid=MOBHQC8ZT4YBUJSK&lid=LSTMOBHQC8ZT4YBUJSKOBFFDS&marketplace=FLIPKART&q=smart+phones&store=tyy%2F4io&srno=s_14_322&otracker=search&fm=organic&iid=76278ed3-6942-4570-9c79-f2060244ec2c.MOBHQC8ZT4YBUJSK.SEARCH&ppt=None&ppn=None&ssid=d2urpp333k0000001790676208777&qH=a5594894156db043&ov_redirect=true,2026-09-29
323,"vivo T5x 5G (Cosmic Green, 256 GB)",vivo,34999,56999,38% off,4.4,"25,590","1,913",8 GB RAM,256 GB ROM,7200 mAh Li-ion Battery,Dimensity 7400-Turbo Processor,17.17 cm (6.76 inch) Display,50MP + 2MP | 32MP Front Camera,,https://www.flipkart.com/vivo-t5x-5g-cosmic-green-256-gb/p/itm7da8aa253e72b?pid=MOBHQC8ZYMX7HHC8&lid=LSTMOBHQC8ZYMX7HHC8QBSDO9&marketplace=FLIPKART&q=smart+phones&store=tyy%2F4io&srno=s_14_323&otracker=search&fm=organic&iid=76278ed3-6942-4570-9c79-f2060244ec2c.MOBHQC8ZYMX7HHC8.SEARCH&ppt=None&ppn=None&ssid=d2urpp333k0000001790676208777&qH=a5594894156db043&ov_redirect=true,2026-09-29
324,"POCO C71  - Locked with Airtel Prepaid (Cool Blue, 64 GB)",POCO,8999,,,3.8,"61,855","3,318",4 GB RAM,64 GB ROM,5200 mAh Battery,Unisoc T7250,17.48 cm (6.88 inch) HD+ Display,32MP Rear Camera | 8MP Front Camera,,https://www.flipkart.com/poco-c71-locked-airtel-prepaid-cool-blue-64-gb/p/itmdec407554268b?pid=MOBHAFVJBSV3VH9N&lid=LSTMOBHAFVJBSV3VH9NO4MONS&marketplace=FLIPKART&q=smart+phones&store=tyy%2F4io&srno=s_14_324&otracker=search&fm=organic&iid=76278ed3-6942-4570-9c79-f2060244ec2c.MOBHAFVJBSV3VH9N.SEARCH&ppt=None&ppn=None&ssid=d2urpp333k0000001790676208777&qH=a5594894156db043&ov_redirect=true,2026-09-29
325,"POCO C71  - Locked with Airtel Prepaid (Power Black, 64 GB)",POCO,8999,,,3.8,"61,855","3,318",4 GB RAM,64 GB ROM,5200 mAh Battery,Unisoc T7250,17.48 cm (6.88 inch) HD+ Display,32MP Rear Camera | 8MP Front Camera,,https://www.flipkart.com/poco-c71-locked-airtel-prepaid-power-black-64-gb/p/itm24887c72b7130?pid=MOBHAFVJMF328YYJ&lid=LSTMOBHAFVJMF328YYJQZ40NI&marketplace=FLIPKART&q=smart+phones&store=tyy%2F4io&srno=s_14_325&otracker=search&fm=organic&iid=76278ed3-6942-4570-9c79-f2060244ec2c.MOBHAFVJMF328YYJ.SEARCH&ppt=None&ppn=None&ssid=d2urpp333k0000001790676208777&qH=a5594894156db043&ov_redirect=true,2026-09-29
326,"POCO C75 5G (Aqua Bliss, 128 GB)",POCO,11499,,,4.2,"1,49,600","7,648",4 GB RAM,128 GB ROM,5160 mAh Battery,4s Gen 2 5G Processor,17.48 cm (6.88 inch) HD+ Display,50MP Rear Camera | 5MP Front Camera,5G,https://www.flipkart.com/poco-c75-5g-aqua-bliss-128-gb/p/itmc8ac71aacc115?pid=MOBHBC3WFGTCNDD7&lid=LSTMOBHBC3WFGTCNDD7MLABCF&marketplace=FLIPKART&q=smart+phones&store=tyy%2F4io&srno=s_14_326&otracker=search&fm=organic&iid=76278ed3-6942-4570-9c79-f2060244ec2c.MOBHBC3WFGTCNDD7.SEARCH&ppt=None&ppn=None&ssid=d2urpp333k0000001790676208777&qH=a5594894156db043&ov_redirect=true,2026-09-29
327,"POCO C61 (Ethereal Blue, 64 GB)",POCO,6980,8999,22% off,4.1,"1,10,987","4,670",4 GB RAM,64 GB ROM,5000 mAh Battery,Helio G36 Processor,17.04 cm (6.71 inch) HD+ Display,8MP Rear Camera | 5MP Front Camera,,https://www.flipkart.com/poco-c61-ethereal-blue-64-gb/p/itm1ad43e7c80ab8?pid=MOBH92ADWH3ZKKGA&lid=LSTMOBH92ADWH3ZKKGAPB4OBL&marketplace=FLIPKART&q=smart+phones&store=tyy%2F4io&srno=s_14_327&otracker=search&fm=organic&iid=76278ed3-6942-4570-9c79-f2060244ec2c.MOBH92ADWH3ZKKGA.SEARCH&ppt=None&ppn=None&ssid=d2urpp333k0000001790676208777&qH=a5594894156db043&ov_redirect=true,2026-09-29
328,"POCO M8 (Glacial Blue, 256 GB)",POCO,28999,29999,3% off,4.3,"2,301",210,8 GB RAM,256 GB ROM,5520 mAh Battery,,17.2 cm (6.77 inch) Full HD+ Display,50MP Rear Camera | 20MP Front Camera,,https://www.flipkart.com/poco-m8-glacial-blue-256-gb/p/itm99dfa9cac4d0e?pid=MOBHMGG5HRRKUHXX&lid=LSTMOBHMGG5HRRKUHXXW0KD1Z&marketplace=FLIPKART&q=smart+phones&store=tyy%2F4io&srno=s_14_328&otracker=search&fm=organic&iid=76278ed3-6942-4570-9c79-f2060244ec2c.MOBHMGG5HRRKUHXX.SEARCH&ppt=None&ppn=None&ssid=d2urpp333k0000001790676208777&qH=a5594894156db043&ov_redirect=true,2026-09-29
329,"POCO C75 5G (Enchanted Green, 128 GB)",POCO,11499,,,4.2,"1,49,600","7,648",4 GB RAM,128 GB ROM,5160 mAh Battery,4s Gen 2 5G Processor,17.48 cm (6.88 inch) HD+ Display,50MP Rear Camera | 5MP Front Camera,5G,https://www.flipkart.com/poco-c75-5g-enchanted-green-128-gb/p/itm39bf2169e7f3e?pid=MOBHBC3WQFWJX29G&lid=LSTMOBHBC3WQFWJX29GXEY98P&marketplace=FLIPKART&q=smart+phones&store=tyy%2F4io&srno=s_14_329&otracker=search&fm=organic&iid=76278ed3-6942-4570-9c79-f2060244ec2c.MOBHBC3WQFWJX29G.SEARCH&ppt=None&ppn=None&ssid=d2urpp333k0000001790676208777&qH=a5594894156db043&ov_redirect=true,2026-09-29
330,"POCO C85 5G (Spring Green, 128 GB)",POCO,17999,22999,21% off,4.2,"2,560",175,6 GB RAM,128 GB ROM,6000 mAh Lithium-Ion Polymer Battery,Dimensity 6300 Processor,17.53 cm (6.9 inch) HD+ Display,50MP Rear Camera | 8MP Front Camera,,https://www.flipkart.com/poco-c85-5g-spring-green-128-gb/p/itm9d5a621551d84?pid=MOBHMGG5UNCKYGPH&lid=LSTMOBHMGG5UNCKYGPHH3BH5B&marketplace=FLIPKART&q=smart+phones&store=tyy%2F4io&srno=s_14_330&otracker=search&fm=organic&iid=76278ed3-6942-4570-9c79-f2060244ec2c.MOBHMGG5UNCKYGPH.SEARCH&ppt=None&ppn=None&ssid=d2urpp333k0000001790676208777&qH=a5594894156db043&ov_redirect=true,2026-09-29
331,"POCO M8 (Frost Silver, 256 GB)",POCO,28999,29999,3% off,4.3,"2,301",210,8 GB RAM,256 GB ROM,5520 mAh Battery,,17.2 cm (6.77 inch) Full HD+ Display,50MP Rear Camera | 20MP Front Camera,,https://www.flipkart.com/poco-m8-frost-silver-256-gb/p/itm8c312b91832a8?pid=MOBHMGG52VFGBGZE&lid=LSTMOBHMGG52VFGBGZEZEW7SR&marketplace=FLIPKART&q=smart+phones&store=tyy%2F4io&srno=s_14_331&otracker=search&fm=organic&iid=76278ed3-6942-4570-9c79-f2060244ec2c.MOBHMGG52VFGBGZE.SEARCH&ppt=None&ppn=None&ssid=d2urpp333k0000001790676208777&qH=a5594894156db043&ov_redirect=true,2026-09-29
332,"POCO C85 5G (Mystic Purple, 128 GB)",POCO,17999,22999,21% off,4.2,"2,560",175,6 GB RAM,128 GB ROM,6000 mAh Lithium-Ion Polymer Battery,Dimensity 6300 Processor,17.53 cm (6.9 inch) HD+ Display,50MP Rear Camera | 8MP Front Camera,,https://www.flipkart.com/poco-c85-5g-mystic-purple-128-gb/p/itmbab3636ca0451?pid=MOBHMGG5ZM2KRGEG&lid=LSTMOBHMGG5ZM2KRGEG8Q0T7X&marketplace=FLIPKART&q=smart+phones&store=tyy%2F4io&srno=s_14_332&otracker=search&fm=organic&iid=76278ed3-6942-4570-9c79-f2060244ec2c.MOBHMGG5ZM2KRGEG.SEARCH&ppt=None&ppn=None&ssid=d2urpp333k0000001790676208777&qH=a5594894156db043&ov_redirect=true,2026-09-29
333,"Motorola G34 5G (Ocean Green, 128 GB)",Motorola,14999,,,4.2,"1,41,760","9,881",8 GB RAM,128 GB ROM,5000 mAh Battery,Snapdragon 695 5G Processor,16.51 cm (6.5 inch) HD+ Display,50MP + 2MP | 16MP Front Camera,5G,https://www.flipkart.com/motorola-g34-5g-ocean-green-128-gb/p/itm6b1a33b9d9191?pid=MOBGUFK4TZ2CJYHJ&lid=LSTMOBGUFK4TZ2CJYHJPBUF6M&marketplace=FLIPKART&q=smart+phones&store=tyy%2F4io&srno=s_14_333&otracker=search&fm=organic&iid=76278ed3-6942-4570-9c79-f2060244ec2c.MOBGUFK4TZ2CJYHJ.SEARCH&ppt=None&ppn=None&ssid=d2urpp333k0000001790676208777&qH=a5594894156db043&ov_redirect=true,2026-09-29
334,"POCO M7 5G - Locked with Airtel Prepaid (Ocean Blue, 128 GB)",POCO,12999,,,3.7,"10,561",614,6 GB RAM,128 GB ROM,5160 mAh Battery,4 Gen 2 5G Processor,17.48 cm (6.88 inch) HD+ Display,50MP Rear Camera | 8MP Front Camera,5G,https://www.flipkart.com/poco-m7-5g-locked-airtel-prepaid-ocean-blue-128-gb/p/itm3de6051861ec1?pid=MOBH9HFJ2VGSNSBP&lid=LSTMOBH9HFJ2VGSNSBPKDNA4R&marketplace=FLIPKART&q=smart+phones&store=tyy%2F4io&srno=s_14_334&otracker=search&fm=organic&iid=76278ed3-6942-4570-9c79-f2060244ec2c.MOBH9HFJ2VGSNSBP.SEARCH&ppt=None&ppn=None&ssid=d2urpp333k0000001790676208777&qH=a5594894156db043&ov_redirect=true,2026-09-29
335,Vivo T4 Lite 5G (Titanium Gold 2026) (6GB 128GB),Vivo,20999,29999,30% off,4.3,"49,913","2,382",6 GB RAM,128 GB ROM,6000 mAh Battery,Dimensity 6300 5G Processor,17.12 cm (6.74 inch) HD+ Display,50MP + 2MP | 5MP Front Camera,5G,https://www.flipkart.com/vivo-t4-lite-5g-titanium-gold-2026-6gb-128gb/p/itm49fb53d099f3c?pid=MOBHNCRKYQAYV5ZC&lid=LSTMOBHNCRKYQAYV5ZCT08IBQ&marketplace=FLIPKART&q=smart+phones&store=tyy%2F4io&srno=s_14_335&otracker=search&fm=organic&iid=76278ed3-6942-4570-9c79-f2060244ec2c.MOBHNCRKYQAYV5ZC.SEARCH&ppt=None&ppn=None&ssid=d2urpp333k0000001790676208777&qH=a5594894156db043&ov_redirect=true,2026-09-29
336,"POCO C85 5G (Mystic Purple, 128 GB)",POCO,21899,24999,12% off,4.3,182,12,8 GB RAM,128 GB ROM,6000 mAh Lithium-Ion Polymer Battery,Dimensity 6300 Processor,17.53 cm (6.9 inch) HD+ Display,50MP Rear Camera | 8MP Front Camera,,https://www.flipkart.com/poco-c85-5g-mystic-purple-128-gb/p/itm026527944b2bb?pid=MOBHMGG55EG8Y8R8&lid=LSTMOBHMGG55EG8Y8R85CVT3B&marketplace=FLIPKART&q=smart+phones&store=tyy%2F4io&srno=s_14_336&otracker=search&fm=organic&iid=76278ed3-6942-4570-9c79-f2060244ec2c.MOBHMGG55EG8Y8R8.SEARCH&ppt=None&ppn=None&ssid=d2urpp333k0000001790676208777&qH=a5594894156db043&ov_redirect=true,2026-09-29
337,"Tecno Spark Go 3 (Titanium Grey, 64 GB)",Tecno,12499,15999,21% off,4.1,217,15,4 GB RAM,64 GB ROM,5000 mAh Lithium Polymer Battery,T7250 Processor,17.12 cm (6.74 inch) HD+ Display,13MP Rear Camera | 8MP Front Camera,,https://www.flipkart.com/tecno-spark-go-3-titanium-grey-64-gb/p/itma9c8f128a61c6?pid=MOBHP2QY7GH4XWWS&lid=LSTMOBHP2QY7GH4XWWSUZBT2N&marketplace=FLIPKART&q=smart+phones&store=tyy%2F4io&srno=s_15_337&otracker=search&fm=organic&iid=en_T9qbt3fnrvoGFj67PYFKeNUcypiCqsq8LHAQRlx3X7t8pSVKSeDzuIpj7fDQUVvbxuSl-jfu2FRRD3-px9HFb5LgCDLd29XPfHChd2SlxWtqJ5YzYsnRTlDKciLCJaOZ&ppt=None&ppn=None&ssid=ojihqjrr8w0000001790676211560&qH=a5594894156db043&ov_redirect=true,2026-09-29
338,"Tecno Spark Go 3 (Ink Black, 64 GB)",Tecno,12499,15999,21% off,4.1,217,15,4 GB RAM,64 GB ROM,5000 mAh Lithium Polymer Battery,T7250 Processor,17.12 cm (6.74 inch) HD+ Display,13MP Rear Camera | 8MP Front Camera,,https://www.flipkart.com/tecno-spark-go-3-ink-black-64-gb/p/itma9c8f128a61c6?pid=MOBHP2QYCXZZE3CM&lid=LSTMOBHP2QYCXZZE3CMWW64IB&marketplace=FLIPKART&q=smart+phones&store=tyy%2F4io&srno=s_15_338&otracker=search&fm=organic&iid=en_T9qbt3fnrvoGFj67PYFKeNUcypiCqsq8LHAQRlx3X7vH3txSynaFz0ltv_qn--DrwfAu6s5c53i2tmuGS82SuJLgCDLd29XPfHChd2SlxWtqJ5YzYsnRTlDKciLCJaOZ&ppt=None&ppn=None&ssid=ojihqjrr8w0000001790676211560&qH=a5594894156db043&ov_redirect=true,2026-09-29
339,"POCO C71 (Desert Gold, 128 GB)",POCO,9999,,,4.1,"36,675","2,059",6 GB RAM,128 GB ROM,5200 mAh Battery,Unisoc T7250,17.48 cm (6.88 inch) HD+ Display,32MP Rear Camera | 8MP Front Camera,,https://www.flipkart.com/poco-c71-desert-gold-128-gb/p/itm2a2ad903f91f4?pid=MOBHAFVJ8WXHR5FT&lid=LSTMOBHAFVJ8WXHR5FTKIOCQ2&marketplace=FLIPKART&q=smart+phones&store=tyy%2F4io&srno=s_15_339&otracker=search&fm=organic&iid=74583092-152d-40a6-ae4a-47f890dd5670.MOBHAFVJ8WXHR5FT.SEARCH&ppt=None&ppn=None&ssid=ojihqjrr8w0000001790676211560&qH=a5594894156db043&ov_redirect=true,2026-09-29
340,"Nothing Phone (4b) (Blue, 128 GB)",Nothing,35999,49999,28% off,,,,6 GB RAM,128 GB ROM,6000 mAh Lithium ion Battery,6 Gen 4 Processor,17.2 cm (6.77 inch) Full HD+ AMOLED Display,50MP + 8MP | 16MP Front Camera,,https://www.flipkart.com/nothing-phone-4b-blue-128-gb/p/itm939608b40adbb?pid=MOBHQENA4YWRRHWE&lid=LSTMOBHQENA4YWRRHWE0IJQMJ&marketplace=FLIPKART&q=smart+phones&store=tyy%2F4io&srno=s_15_340&otracker=search&fm=organic&iid=74583092-152d-40a6-ae4a-47f890dd5670.MOBHQENA4YWRRHWE.SEARCH&ppt=None&ppn=None&ssid=ojihqjrr8w0000001790676211560&qH=a5594894156db043&ov_redirect=true,2026-09-29
341,"Nothing Phone (4b) (Black, 128 GB)",Nothing,35999,49999,28% off,,,,6 GB RAM,128 GB ROM,6000 mAh Lithium ion Battery,6 Gen 4 Processor,17.2 cm (6.77 inch) Full HD+ AMOLED Display,50MP + 8MP | 16MP Front Camera,,https://www.flipkart.com/nothing-phone-4b-black-128-gb/p/itm939608b40adbb?pid=MOBHQENAAVZ8F6YP&lid=LSTMOBHQENAAVZ8F6YPTSL9I2&marketplace=FLIPKART&q=smart+phones&store=tyy%2F4io&srno=s_15_341&otracker=search&fm=organic&iid=74583092-152d-40a6-ae4a-47f890dd5670.MOBHQENAAVZ8F6YP.SEARCH&ppt=None&ppn=None&ssid=ojihqjrr8w0000001790676211560&qH=a5594894156db043&ov_redirect=true,2026-09-29
342,"Samsung Galaxy F06 5G (Lit Violet, 128 GB)",Samsung,15999,18999,15% off,4.2,"25,834","2,006",6 GB RAM,128 GB ROM,5000 mAh Battery,Dimensity 6300 Processor,17.02 cm (6.7 inch) HD+ Display,50MP + 2MP | 8MP Front Camera,,https://www.flipkart.com/samsung-galaxy-f06-5g-lit-violet-128-gb/p/itm72c5daa133aa9?pid=MOBHMGHHQMGZKM5S&lid=LSTMOBHMGHHQMGZKM5ST2DEIJ&marketplace=FLIPKART&q=smart+phones&store=tyy%2F4io&srno=s_15_342&otracker=search&fm=organic&iid=74583092-152d-40a6-ae4a-47f890dd5670.MOBHMGHHQMGZKM5S.SEARCH&ppt=None&ppn=None&ssid=ojihqjrr8w0000001790676211560&qH=a5594894156db043&ov_redirect=true,2026-09-29
343,"MOTOROLA Signature (PANTONE Carbon, 512 GB)",MOTOROLA,64999,79999,18% off,4.5,"1,264",231,16 GB RAM,512 GB ROM,5200 mAh Battery,Snapdragon 8 Gen 5 Processor,17.27 cm (6.8 inch) Super HD Display,50MP + 50MP + 50MP | 50MP Front Camera,,https://www.flipkart.com/motorola-signature-pantone-carbon-512-gb/p/itm5cf2347de817a?pid=MOBHGVJYGVP6G2NY&lid=LSTMOBHGVJYGVP6G2NYNYYTRM&marketplace=FLIPKART&q=smart+phones&store=tyy%2F4io&srno=s_15_343&otracker=search&fm=organic&iid=74583092-152d-40a6-ae4a-47f890dd5670.MOBHGVJYGVP6G2NY.SEARCH&ppt=None&ppn=None&ssid=ojihqjrr8w0000001790676211560&qH=a5594894156db043&ov_redirect=true,2026-09-29
344,"Nothing Phone (4a) (Blue, 128 GB)",Nothing,44999,59999,25% off,4.5,"6,710",724,8 GB RAM,128 GB ROM,5400 mAh Lithium ion Battery,Snapdragon 7s Gen 4 Processor,17.22 cm (6.78 inch) Full HD+ AMOLED Display,50MP + 50MP + 8MP | 32MP Front Camera,,https://www.flipkart.com/nothing-phone-4a-blue-128-gb/p/itm4d8bff10483ce?pid=MOBHZAWYPQ3DQ6DS&lid=LSTMOBHZAWYPQ3DQ6DSHG2PF2&marketplace=FLIPKART&q=smart+phones&store=tyy%2F4io&srno=s_15_344&otracker=search&fm=organic&iid=74583092-152d-40a6-ae4a-47f890dd5670.MOBHZAWYPQ3DQ6DS.SEARCH&ppt=None&ppn=None&ssid=ojihqjrr8w0000001790676211560&qH=a5594894156db043&ov_redirect=true,2026-09-29
345,"Infinix NOTE 60 Pro (Tactical ED(Mocha Brown), 128 GB)",Infinix,35999,39999,10% off,4.4,"1,734",279,8 GB RAM,128 GB ROM,6500 mAh Battery,Snapdragon 7s Gen 4 Processor,17.22 cm (6.78 inch) Full HD+ AMOLED Display,50MP + 8MP | 13MP Front Camera,,https://www.flipkart.com/infinix-note-60-pro-tactical-ed-mocha-brown-128-gb/p/itm7681d00923b3c?pid=MOBHMZBG4ZCYBGTG&lid=LSTMOBHMZBG4ZCYBGTGSWNFYG&marketplace=FLIPKART&q=smart+phones&store=tyy%2F4io&srno=s_15_345&otracker=search&fm=organic&iid=74583092-152d-40a6-ae4a-47f890dd5670.MOBHMZBG4ZCYBGTG.SEARCH&ppt=None&ppn=None&ssid=ojihqjrr8w0000001790676211560&qH=a5594894156db043&ov_redirect=true,2026-09-29
346,Vivo T4 Lite 5G (Prism Blue 2026) ( 4GB 128GB),Vivo,18999,28999,34% off,4.3,"44,472","2,033",4 GB RAM,128 GB ROM,6000 mAh Battery,Dimensity 6300 5G Processor,17.12 cm (6.74 inch) HD+ Display,50MP + 2MP | 5MP Front Camera,5G,https://www.flipkart.com/vivo-t4-lite-5g-prism-blue-2026-4gb-128gb/p/itm49fb53d099f3c?pid=MOBHNCRKRGZ4MJDK&lid=LSTMOBHNCRKRGZ4MJDKTRQ94M&marketplace=FLIPKART&q=smart+phones&store=tyy%2F4io&srno=s_15_346&otracker=search&fm=organic&iid=74583092-152d-40a6-ae4a-47f890dd5670.MOBHNCRKRGZ4MJDK.SEARCH&ppt=None&ppn=None&ssid=ojihqjrr8w0000001790676211560&qH=a5594894156db043&ov_redirect=true,2026-09-29
347,"MOTOROLA g35 5G (Midnight Black, 128 GB)",MOTOROLA,12499,,,4.2,"1,40,642","9,746",4 GB RAM,128 GB ROM,5000 mAh Battery,T760 Processor,17.07 cm (6.72 inch) Full HD+ Display,50MP + 8MP | 16MP Front Camera,5G,https://www.flipkart.com/motorola-g35-5g-midnight-black-128-gb/p/itm015cbd184b0eb?pid=MOBH3YGPTSA4SZQF&lid=LSTMOBH3YGPTSA4SZQFL1PUJJ&marketplace=FLIPKART&q=smart+phones&store=tyy%2F4io&srno=s_15_347&otracker=search&fm=organic&iid=74583092-152d-40a6-ae4a-47f890dd5670.MOBH3YGPTSA4SZQF.SEARCH&ppt=None&ppn=None&ssid=ojihqjrr8w0000001790676211560&qH=a5594894156db043&ov_redirect=true,2026-09-29
348,Vivo T4 Lite 5G (Titanium Gold 2026) (4GB 64GB),Vivo,16999,27999,39% off,4.3,"44,472","2,033",4 GB RAM,64 GB ROM,6000 mAh Battery,Dimensity 6300 5G Processor,17.12 cm (6.74 inch) HD+ Display,50MP + 2MP | 5MP Front Camera,5G,https://www.flipkart.com/vivo-t4-lite-5g-titanium-gold-2026-4gb-64gb/p/itm49fb53d099f3c?pid=MOBHNCRK44PF7QEN&lid=LSTMOBHNCRK44PF7QENBDEBI7&marketplace=FLIPKART&q=smart+phones&store=tyy%2F4io&srno=s_15_348&otracker=search&fm=organic&iid=74583092-152d-40a6-ae4a-47f890dd5670.MOBHNCRK44PF7QEN.SEARCH&ppt=None&ppn=None&ssid=ojihqjrr8w0000001790676211560&qH=a5594894156db043&ov_redirect=true,2026-09-29
349,"POCO M6 5G (Galactic Black, 64 GB)",POCO,11899,11999,,4.1,"1,40,137","7,198",4 GB RAM,64 GB ROM,5000 mAh Battery,Mediatek Dimensity 6100+ Processor,17.12 cm (6.74 inch) HD+ Display,50MP Rear Camera | 5MP Front Camera,,https://www.flipkart.com/poco-m6-5g-galactic-black-64-gb/p/itmdfa2ca1e206ef?pid=MOBH92ADBRMY2UBK&lid=LSTMOBH92ADBRMY2UBK14AEWL&marketplace=FLIPKART&q=smart+phones&store=tyy%2F4io&srno=s_15_349&otracker=search&fm=organic&iid=74583092-152d-40a6-ae4a-47f890dd5670.MOBH92ADBRMY2UBK.SEARCH&ppt=None&ppn=None&ssid=ojihqjrr8w0000001790676211560&qH=a5594894156db043&ov_redirect=true,2026-09-29
350,"POCO X8 5G (Black, 128 GB)",POCO,32999,69999,52% off,4.3,45,11,8 GB RAM,128 GB ROM,9000 mAh Lithium-Ion Polymer Battery,6s Gen 4 Processor,17.35 cm (6.83 inch) Full HD+ AMOLED Display,50MP + 2MP | 16MP Front Camera,,https://www.flipkart.com/poco-x8-5g-black-128-gb/p/itmc92e382c0f324?pid=MOBHQ6XZ96VTDUBW&lid=LSTMOBHQ6XZ96VTDUBWS2CKDG&marketplace=FLIPKART&q=smart+phones&store=tyy%2F4io&srno=s_15_350&otracker=search&fm=organic&iid=74583092-152d-40a6-ae4a-47f890dd5670.MOBHQ6XZ96VTDUBW.SEARCH&ppt=None&ppn=None&ssid=ojihqjrr8w0000001790676211560&qH=a5594894156db043&ov_redirect=true,2026-09-29
351,"realme P4 5G (Steel Grey, 128 GB)",realme,30999,45999,32% off,4.4,"23,505","1,984",8 GB RAM,128 GB ROM,7000 mAh Battery,Mediatek Dimensity 7400 Processor,17.2 cm (6.77 inch) Display,50MP + 8MP | 16MP Front Camera,,https://www.flipkart.com/realme-p4-5g-steel-grey-128-gb/p/itmf836e6de035a5?pid=MOBHN7A8DG58A9HN&lid=LSTMOBHN7A8DG58A9HNQGXAXJ&marketplace=FLIPKART&q=smart+phones&store=tyy%2F4io&srno=s_15_351&otracker=search&fm=organic&iid=74583092-152d-40a6-ae4a-47f890dd5670.MOBHN7A8DG58A9HN.SEARCH&ppt=None&ppn=None&ssid=ojihqjrr8w0000001790676211560&qH=a5594894156db043&ov_redirect=true,2026-09-29
352,"MOTOROLA g max (PANTONE Stargazer, 128 GB)",MOTOROLA,27999,44999,37% off,4.3,22,2,6 GB RAM,128 GB ROM,7000 mAh Battery,Snapdragon 6s Gen 4 Processor,17.07 cm (6.72 inch) Full HD+ Display,50MP + 8MP | 32MP Front Camera,,https://www.flipkart.com/motorola-g-max-pantone-stargazer-128-gb/p/itm1f70183e81a81?pid=MOBHPR973RGUH7WW&lid=LSTMOBHPR973RGUH7WWEJNIWQ&marketplace=FLIPKART&q=smart+phones&store=tyy%2F4io&srno=s_15_352&otracker=search&fm=organic&iid=74583092-152d-40a6-ae4a-47f890dd5670.MOBHPR973RGUH7WW.SEARCH&ppt=None&ppn=None&ssid=ojihqjrr8w0000001790676211560&qH=a5594894156db043&ov_redirect=true,2026-09-29
353,"POCO M8 (Glacial Blue, 128 GB)",POCO,26999,27999,3% off,4.3,"2,301",210,8 GB RAM,128 GB ROM,5520 mAh Battery,,17.2 cm (6.77 inch) Full HD+ Display,50MP Rear Camera | 20MP Front Camera,,https://www.flipkart.com/poco-m8-glacial-blue-128-gb/p/itm6b3b306f7eff7?pid=MOBHMGG5ZSHFKTDC&lid=LSTMOBHMGG5ZSHFKTDCASGIPD&marketplace=FLIPKART&q=smart+phones&store=tyy%2F4io&srno=s_15_353&otracker=search&fm=organic&iid=74583092-152d-40a6-ae4a-47f890dd5670.MOBHMGG5ZSHFKTDC.SEARCH&ppt=None&ppn=None&ssid=ojihqjrr8w0000001790676211560&qH=a5594894156db043&ov_redirect=true,2026-09-29
354,"realme C100i (Skyline Silver, 64 GB)",realme,16499,25999,36% off,4.1,46,7,4 GB RAM,64 GB ROM,6500 mAh lithium-ion polymer Battery,T7250 Processor,17.14 cm (6.75 inch) HD+ Display,8MP Rear Camera | 5MP Front Camera,,https://www.flipkart.com/realme-c100i-skyline-silver-64-gb/p/itm906b09160c2d6?pid=MOBHQFDA6PMZRZZK&lid=LSTMOBHQFDA6PMZRZZKTFO6VF&marketplace=FLIPKART&q=smart+phones&store=tyy%2F4io&srno=s_15_354&otracker=search&fm=organic&iid=74583092-152d-40a6-ae4a-47f890dd5670.MOBHQFDA6PMZRZZK.SEARCH&ppt=None&ppn=None&ssid=ojihqjrr8w0000001790676211560&qH=a5594894156db043&ov_redirect=true,2026-09-29
355,"vivo T4 Lite 5G Charger in the Box (Titanium Gold, 128 GB)",vivo,14999,,,4.3,"49,913","2,382",6 GB RAM,128 GB ROM,6000 mAh Battery,Dimensity 6300 5G Processor,17.12 cm (6.74 inch) HD+ Display,50MP + 2MP | 5MP Front Camera,5G,https://www.flipkart.com/vivo-t4-lite-5g-charger-box-titanium-gold-128-gb/p/itm9886d6e522c4b?pid=MOBHDY9FWXVJYCFM&lid=LSTMOBHDY9FWXVJYCFMZULPBM&marketplace=FLIPKART&q=smart+phones&store=tyy%2F4io&srno=s_15_355&otracker=search&fm=organic&iid=74583092-152d-40a6-ae4a-47f890dd5670.MOBHDY9FWXVJYCFM.SEARCH&ppt=None&ppn=None&ssid=ojihqjrr8w0000001790676211560&qH=a5594894156db043&ov_redirect=true,2026-09-29
356,"Infinix SMART 20 (Cloudline Blue, 128 GB)",Infinix,14999,21999,31% off,3.9,287,33,4 GB RAM,128 GB ROM,5200 mAh Battery,Helio G81 Ultimate Processor,17.22 cm (6.78 inch) HD+ Display,8MP Rear Camera | 8MP Front Camera,,https://www.flipkart.com/infinix-smart-20-cloudline-blue-128-gb/p/itmf761cd49f9162?pid=MOBHNMEE6UVF6RXZ&lid=LSTMOBHNMEE6UVF6RXZ4ZO94U&marketplace=FLIPKART&q=smart+phones&store=tyy%2F4io&srno=s_15_356&otracker=search&fm=organic&iid=74583092-152d-40a6-ae4a-47f890dd5670.MOBHNMEE6UVF6RXZ.SEARCH&ppt=None&ppn=None&ssid=ojihqjrr8w0000001790676211560&qH=a5594894156db043&ov_redirect=true,2026-09-29
357,"MOTOROLA G04 (Satin Blue, 128 GB)",MOTOROLA,10999,,,4.1,"7,169",519,8 GB RAM,128 GB ROM,5000 mAh Battery,Unisoc T606 Processor,16.76 cm (6.6 inch) HD+ Display,16MP Rear Camera | 5MP Front Camera,,https://www.flipkart.com/motorola-g04-satin-blue-128-gb/p/itm723b134b6121c?pid=MOBGUFK4DNFX5BFV&lid=LSTMOBGUFK4DNFX5BFV2BOSUS&marketplace=FLIPKART&q=smart+phones&store=tyy%2F4io&srno=s_15_357&otracker=search&fm=organic&iid=74583092-152d-40a6-ae4a-47f890dd5670.MOBGUFK4DNFX5BFV.SEARCH&ppt=None&ppn=None&ssid=ojihqjrr8w0000001790676211560&qH=a5594894156db043&ov_redirect=true,2026-09-29
358,"realme P4 5G (Steel Grey, 128 GB)",realme,25999,40999,36% off,4.4,"23,480","1,972",6 GB RAM,128 GB ROM,7000 mAh Battery,Mediatek Dimensity 7400 Processor,17.2 cm (6.77 inch) Display,50MP + 8MP | 16MP Front Camera,,https://www.flipkart.com/realme-p4-5g-steel-grey-128-gb/p/itmf836e6de035a5?pid=MOBHN7A8YFZ34HCZ&lid=LSTMOBHN7A8YFZ34HCZZBPH2Q&marketplace=FLIPKART&q=smart+phones&store=tyy%2F4io&srno=s_15_358&otracker=search&fm=organic&iid=74583092-152d-40a6-ae4a-47f890dd5670.MOBHN7A8YFZ34HCZ.SEARCH&ppt=None&ppn=None&ssid=ojihqjrr8w0000001790676211560&qH=a5594894156db043&ov_redirect=true,2026-09-29
359,"MOTOROLA Signature (PANTONE Carbon, 1 TB)",MOTOROLA,69999,84999,17% off,4.5,"1,264",231,16 GB RAM,1 TB ROM,5200 mAh Battery,Snapdragon 8 Gen 5 Processor,17.27 cm (6.8 inch) Super HD Display,50MP + 50MP + 50MP | 50MP Front Camera,,https://www.flipkart.com/motorola-signature-pantone-carbon-1-tb/p/itmf01b143b8663d?pid=MOBHGVJYGJYGSV8X&lid=LSTMOBHGVJYGJYGSV8XC1KZDR&marketplace=FLIPKART&q=smart+phones&store=tyy%2F4io&srno=s_15_359&otracker=search&fm=organic&iid=74583092-152d-40a6-ae4a-47f890dd5670.MOBHGVJYGJYGSV8X.SEARCH&ppt=None&ppn=None&ssid=ojihqjrr8w0000001790676211560&qH=a5594894156db043&ov_redirect=true,2026-09-29
360,"Samsung Galaxy A14 5G (Light Green, 64 GB)",Samsung,18499,,,4.2,"46,239","2,243",4 GB RAM,64 GB ROM,5000 mAh Lithium Ion Battery,Exynos 1330 Processor,16.76 cm (6.6 inch) Full HD+ Display,50MP + 2MP + 2MP | 13MP Front Camera,,https://www.flipkart.com/samsung-galaxy-a14-5g-light-green-64-gb/p/itm69060fa751c00?pid=MOBGHT8UMJBMCAWN&lid=LSTMOBGHT8UMJBMCAWN5MYSZV&marketplace=FLIPKART&q=smart+phones&store=tyy%2F4io&srno=s_15_360&otracker=search&fm=organic&iid=74583092-152d-40a6-ae4a-47f890dd5670.MOBGHT8UMJBMCAWN.SEARCH&ppt=None&ppn=None&ssid=ojihqjrr8w0000001790676211560&qH=a5594894156db043&ov_redirect=true,2026-09-29
361,"Tecno Spark Go 3 (Ink Black, 64 GB)",Tecno,12499,15999,21% off,4.1,217,15,4 GB RAM,64 GB ROM,5000 mAh Lithium Polymer Battery,T7250 Processor,17.12 cm (6.74 inch) HD+ Display,13MP Rear Camera | 8MP Front Camera,,https://www.flipkart.com/tecno-spark-go-3-ink-black-64-gb/p/itma9c8f128a61c6?pid=MOBHP2QYCXZZE3CM&lid=LSTMOBHP2QYCXZZE3CMWW64IB&marketplace=FLIPKART&q=smart+phones&store=tyy%2F4io&srno=s_16_361&otracker=search&fm=organic&iid=en_1_IyWfqIph-XTbddF5Lpi46b35Lx_l1a_hh1_2g7Xb_EhZb_cf-3L33h2Ucxji-vu-p7FawYTmaPPeu5xWEE1ZLgCDLd29XPfHChd2SlxWuIbj0IeUrs_qEDa9pLT6p_&ppt=None&ppn=None&ssid=d0qticybm80000001790676214358&qH=a5594894156db043&ov_redirect=true,2026-09-29
362,"POCO M6 5G (Galactic Black, 64 GB)",POCO,11899,11999,,4.1,"1,40,137","7,198",4 GB RAM,64 GB ROM,5000 mAh Battery,Mediatek Dimensity 6100+ Processor,17.12 cm (6.74 inch) HD+ Display,50MP Rear Camera | 5MP Front Camera,,https://www.flipkart.com/poco-m6-5g-galactic-black-64-gb/p/itmdfa2ca1e206ef?pid=MOBH92ADBRMY2UBK&lid=LSTMOBH92ADBRMY2UBK14AEWL&marketplace=FLIPKART&q=smart+phones&store=tyy%2F4io&srno=s_16_362&otracker=search&fm=organic&iid=38bdb619-78a7-4a10-9ab8-576690ca0ee3.MOBH92ADBRMY2UBK.SEARCH&ppt=None&ppn=None&ssid=d0qticybm80000001790676214358&qH=a5594894156db043&ov_redirect=true,2026-09-29
363,"POCO C61 (Diamond Dust Black, 64 GB)",POCO,7299,8999,18% off,4.1,"1,10,987","4,670",4 GB RAM,64 GB ROM,5000 mAh Battery,Helio G36 Processor,17.04 cm (6.71 inch) HD+ Display,8MP Rear Camera | 5MP Front Camera,,https://www.flipkart.com/poco-c61-diamond-dust-black-64-gb/p/itmab81e9048e98c?pid=MOBH92ADUPZ8DRY6&lid=LSTMOBH92ADUPZ8DRY6Q9W4Q7&marketplace=FLIPKART&q=smart+phones&store=tyy%2F4io&srno=s_16_363&otracker=search&fm=organic&iid=38bdb619-78a7-4a10-9ab8-576690ca0ee3.MOBH92ADUPZ8DRY6.SEARCH&ppt=None&ppn=None&ssid=d0qticybm80000001790676214358&qH=a5594894156db043&ov_redirect=true,2026-09-29
364,"Samsung Galaxy A14 5G (Light Green, 64 GB)",Samsung,18499,,,4.2,"46,239","2,243",4 GB RAM,64 GB ROM,5000 mAh Lithium Ion Battery,Exynos 1330 Processor,16.76 cm (6.6 inch) Full HD+ Display,50MP + 2MP + 2MP | 13MP Front Camera,,https://www.flipkart.com/samsung-galaxy-a14-5g-light-green-64-gb/p/itm69060fa751c00?pid=MOBGHT8UMJBMCAWN&lid=LSTMOBGHT8UMJBMCAWN5MYSZV&marketplace=FLIPKART&q=smart+phones&store=tyy%2F4io&srno=s_16_364&otracker=search&fm=organic&iid=38bdb619-78a7-4a10-9ab8-576690ca0ee3.MOBGHT8UMJBMCAWN.SEARCH&ppt=None&ppn=None&ssid=d0qticybm80000001790676214358&qH=a5594894156db043&ov_redirect=true,2026-09-29
365,"POCO X8 5G (Black, 128 GB)",POCO,32999,69999,52% off,4.3,45,11,8 GB RAM,128 GB ROM,9000 mAh Lithium-Ion Polymer Battery,6s Gen 4 Processor,17.35 cm (6.83 inch) Full HD+ AMOLED Display,50MP + 2MP | 16MP Front Camera,,https://www.flipkart.com/poco-x8-5g-black-128-gb/p/itmc92e382c0f324?pid=MOBHQ6XZ96VTDUBW&lid=LSTMOBHQ6XZ96VTDUBWS2CKDG&marketplace=FLIPKART&q=smart+phones&store=tyy%2F4io&srno=s_16_365&otracker=search&fm=organic&iid=38bdb619-78a7-4a10-9ab8-576690ca0ee3.MOBHQ6XZ96VTDUBW.SEARCH&ppt=None&ppn=None&ssid=d0qticybm80000001790676214358&qH=a5594894156db043&ov_redirect=true,2026-09-29
366,"POCO M8x 5G (Blue, 128 GB)",POCO,20999,44999,53% off,3.9,326,127,4 GB RAM,128 GB ROM,7900 mAh Lithium-Ion Polymer Battery,4 Gen 5 Processor,17.53 cm (6.9 inch) Full HD Display,50MP Rear Camera,,https://www.flipkart.com/poco-m8x-5g-blue-128-gb/p/itm0e93ee1b1a898?pid=MOBHPCYNT7VGVKZS&lid=LSTMOBHPCYNT7VGVKZSIT3GWT&marketplace=FLIPKART&q=smart+phones&store=tyy%2F4io&srno=s_16_366&otracker=search&fm=organic&iid=38bdb619-78a7-4a10-9ab8-576690ca0ee3.MOBHPCYNT7VGVKZS.SEARCH&ppt=None&ppn=None&ssid=d0qticybm80000001790676214358&qH=a5594894156db043&ov_redirect=true,2026-09-29
367,"vivo T4 Lite 5G Charger in the Box (Titanium Gold, 128 GB)",vivo,14999,,,4.3,"49,913","2,382",6 GB RAM,128 GB ROM,6000 mAh Battery,Dimensity 6300 5G Processor,17.12 cm (6.74 inch) HD+ Display,50MP + 2MP | 5MP Front Camera,5G,https://www.flipkart.com/vivo-t4-lite-5g-charger-box-titanium-gold-128-gb/p/itm9886d6e522c4b?pid=MOBHDY9FWXVJYCFM&lid=LSTMOBHDY9FWXVJYCFMZULPBM&marketplace=FLIPKART&q=smart+phones&store=tyy%2F4io&srno=s_16_367&otracker=search&fm=organic&iid=38bdb619-78a7-4a10-9ab8-576690ca0ee3.MOBHDY9FWXVJYCFM.SEARCH&ppt=None&ppn=None&ssid=d0qticybm80000001790676214358&qH=a5594894156db043&ov_redirect=true,2026-09-29
368,"MOTOROLA Signature (PANTONE Carbon, 1 TB)",MOTOROLA,69999,84999,17% off,4.5,"1,264",231,16 GB RAM,1 TB ROM,5200 mAh Battery,Snapdragon 8 Gen 5 Processor,17.27 cm (6.8 inch) Super HD Display,50MP + 50MP + 50MP | 50MP Front Camera,,https://www.flipkart.com/motorola-signature-pantone-carbon-1-tb/p/itmf01b143b8663d?pid=MOBHGVJYGJYGSV8X&lid=LSTMOBHGVJYGJYGSV8XC1KZDR&marketplace=FLIPKART&q=smart+phones&store=tyy%2F4io&srno=s_16_368&otracker=search&fm=organic&iid=38bdb619-78a7-4a10-9ab8-576690ca0ee3.MOBHGVJYGJYGSV8X.SEARCH&ppt=None&ppn=None&ssid=d0qticybm80000001790676214358&qH=a5594894156db043&ov_redirect=true,2026-09-29
369,"realme P4 5G (Steel Grey, 128 GB)",realme,25999,40999,36% off,4.4,"23,480","1,972",6 GB RAM,128 GB ROM,7000 mAh Battery,Mediatek Dimensity 7400 Processor,17.2 cm (6.77 inch) Display,50MP + 8MP | 16MP Front Camera,,https://www.flipkart.com/realme-p4-5g-steel-grey-128-gb/p/itmf836e6de035a5?pid=MOBHN7A8YFZ34HCZ&lid=LSTMOBHN7A8YFZ34HCZZBPH2Q&marketplace=FLIPKART&q=smart+phones&store=tyy%2F4io&srno=s_16_369&otracker=search&fm=organic&iid=38bdb619-78a7-4a10-9ab8-576690ca0ee3.MOBHN7A8YFZ34HCZ.SEARCH&ppt=None&ppn=None&ssid=d0qticybm80000001790676214358&qH=a5594894156db043&ov_redirect=true,2026-09-29
370,"Infinix Smart 8 Plus (Timber Black, 128 GB)",Infinix,7799,9999,22% off,4.3,"12,988",788,4 GB RAM,128 GB ROM,6000 mAh Battery,Mediatek Helio G36 Processor,16.76 cm (6.6 inch) HD+ Display,50MP + AI Lens | 8MP Front Camera,,https://www.flipkart.com/infinix-smart-8-plus-timber-black-128-gb/p/itmb71da75c376e1?pid=MOBGYA22HRYX9BHC&lid=LSTMOBGYA22HRYX9BHCRBITVR&marketplace=FLIPKART&q=smart+phones&store=tyy%2F4io&srno=s_16_370&otracker=search&fm=organic&iid=38bdb619-78a7-4a10-9ab8-576690ca0ee3.MOBGYA22HRYX9BHC.SEARCH&ppt=None&ppn=None&ssid=d0qticybm80000001790676214358&qH=a5594894156db043&ov_redirect=true,2026-09-29
371,"Infinix SMART 20 (Cloudline Blue, 128 GB)",Infinix,14999,21999,31% off,3.9,287,33,4 GB RAM,128 GB ROM,5200 mAh Battery,Helio G81 Ultimate Processor,17.22 cm (6.78 inch) HD+ Display,8MP Rear Camera | 8MP Front Camera,,https://www.flipkart.com/infinix-smart-20-cloudline-blue-128-gb/p/itmf761cd49f9162?pid=MOBHNMEE6UVF6RXZ&lid=LSTMOBHNMEE6UVF6RXZ4ZO94U&marketplace=FLIPKART&q=smart+phones&store=tyy%2F4io&srno=s_16_371&otracker=search&fm=organic&iid=38bdb619-78a7-4a10-9ab8-576690ca0ee3.MOBHNMEE6UVF6RXZ.SEARCH&ppt=None&ppn=None&ssid=d0qticybm80000001790676214358&qH=a5594894156db043&ov_redirect=true,2026-09-29
372,"MOTOROLA G04 (Satin Blue, 128 GB)",MOTOROLA,10999,,,4.1,"7,169",519,8 GB RAM,128 GB ROM,5000 mAh Battery,Unisoc T606 Processor,16.76 cm (6.6 inch) HD+ Display,16MP Rear Camera | 5MP Front Camera,,https://www.flipkart.com/motorola-g04-satin-blue-128-gb/p/itm723b134b6121c?pid=MOBGUFK4DNFX5BFV&lid=LSTMOBGUFK4DNFX5BFV2BOSUS&marketplace=FLIPKART&q=smart+phones&store=tyy%2F4io&srno=s_16_372&otracker=search&fm=organic&iid=38bdb619-78a7-4a10-9ab8-576690ca0ee3.MOBGUFK4DNFX5BFV.SEARCH&ppt=None&ppn=None&ssid=d0qticybm80000001790676214358&qH=a5594894156db043&ov_redirect=true,2026-09-29
373,"POCO C81x (Crystal Black, 64 GB)",POCO,12499,18999,34% off,3.9,653,39,3 GB RAM,64 GB ROM,5200 mAh Lithium-Ion Polymer Battery,T7250 Processor,17.48 cm (6.88 inch) Display,13MP Rear Camera | 8MP Front Camera,,https://www.flipkart.com/poco-c81x-crystal-black-64-gb/p/itmcc7b133522987?pid=MOBHMYWRXCQBZ7D2&lid=LSTMOBHMYWRXCQBZ7D2WUWSH4&marketplace=FLIPKART&q=smart+phones&store=tyy%2F4io&srno=s_16_373&otracker=search&fm=organic&iid=38bdb619-78a7-4a10-9ab8-576690ca0ee3.MOBHMYWRXCQBZ7D2.SEARCH&ppt=None&ppn=None&ssid=d0qticybm80000001790676214358&qH=a5594894156db043&ov_redirect=true,2026-09-29
374,"MOTOROLA Signature (PANTONE Martini Olive, 512 GB)",MOTOROLA,64999,79999,18% off,4.5,"1,264",231,16 GB RAM,512 GB ROM,5200 mAh Battery,Snapdragon 8 Gen 5 Processor,17.27 cm (6.8 inch) Super HD Display,50MP + 50MP + 50MP | 50MP Front Camera,,https://www.flipkart.com/motorola-signature-pantone-martini-olive-512-gb/p/itm74c2055820110?pid=MOBHGVJY6SUYWYTK&lid=LSTMOBHGVJY6SUYWYTK1ML1KA&marketplace=FLIPKART&q=smart+phones&store=tyy%2F4io&srno=s_16_374&otracker=search&fm=organic&iid=38bdb619-78a7-4a10-9ab8-576690ca0ee3.MOBHGVJY6SUYWYTK.SEARCH&ppt=None&ppn=None&ssid=d0qticybm80000001790676214358&qH=a5594894156db043&ov_redirect=true,2026-09-29
375,"MOTOROLA g35 5G (Leaf Green, 128 GB)",MOTOROLA,13999,15499,9% off,4.2,"16,482","1,128",8 GB RAM,128 GB ROM,5000 mAh Battery,T760 Processor,17.07 cm (6.72 inch) Full HD+ Display,50MP + 8MP | 16MP Front Camera,5G,https://www.flipkart.com/motorola-g35-5g-leaf-green-128-gb/p/itmf1ec516a5574d?pid=MOBHFNAZBBBAJZAH&lid=LSTMOBHFNAZBBBAJZAHVMHBGN&marketplace=FLIPKART&q=smart+phones&store=tyy%2F4io&srno=s_16_375&otracker=search&fm=organic&iid=38bdb619-78a7-4a10-9ab8-576690ca0ee3.MOBHFNAZBBBAJZAH.SEARCH&ppt=None&ppn=None&ssid=d0qticybm80000001790676214358&qH=a5594894156db043&ov_redirect=true,2026-09-29
376,Vivo T4 Lite 5G (Prism Blue 2026) (6GB 128GB),Vivo,20999,29999,30% off,4.3,"49,913","2,382",6 GB RAM,128 GB ROM,6000 mAh Battery,Dimensity 6300 5G Processor,17.12 cm (6.74 inch) HD+ Display,50MP + 2MP | 5MP Front Camera,5G,https://www.flipkart.com/vivo-t4-lite-5g-prism-blue-2026-6gb-128gb/p/itm49fb53d099f3c?pid=MOBHNCRKMZZGFDGT&lid=LSTMOBHNCRKMZZGFDGTADJJQS&marketplace=FLIPKART&q=smart+phones&store=tyy%2F4io&srno=s_16_376&otracker=search&fm=organic&iid=38bdb619-78a7-4a10-9ab8-576690ca0ee3.MOBHNCRKMZZGFDGT.SEARCH&ppt=None&ppn=None&ssid=d0qticybm80000001790676214358&qH=a5594894156db043&ov_redirect=true,2026-09-29
377,"POCO C71 (Power Black, 64 GB)",POCO,8999,,,3.8,"61,855","3,318",4 GB RAM,64 GB ROM,5200 mAh Battery,Unisoc T7250,17.48 cm (6.88 inch) HD+ Display,32MP Rear Camera | 8MP Front Camera,,https://www.flipkart.com/poco-c71-power-black-64-gb/p/itmfb6380853ba44?pid=MOBHAFVJVYASFAXY&lid=LSTMOBHAFVJVYASFAXY1IP4BK&marketplace=FLIPKART&q=smart+phones&store=tyy%2F4io&srno=s_16_377&otracker=search&fm=organic&iid=38bdb619-78a7-4a10-9ab8-576690ca0ee3.MOBHAFVJVYASFAXY.SEARCH&ppt=None&ppn=None&ssid=d0qticybm80000001790676214358&qH=a5594894156db043&ov_redirect=true,2026-09-29
378,"POCO M8 (Carbon Black, 256 GB)",POCO,28999,29999,3% off,4.3,"2,301",210,8 GB RAM,256 GB ROM,5520 mAh Battery,,17.2 cm (6.77 inch) Full HD+ Display,50MP Rear Camera | 20MP Front Camera,,https://www.flipkart.com/poco-m8-carbon-black-256-gb/p/itm2602d0ce0319c?pid=MOBHMGG5QWHMV4Y2&lid=LSTMOBHMGG5QWHMV4Y2W3IPXD&marketplace=FLIPKART&q=smart+phones&store=tyy%2F4io&srno=s_16_378&otracker=search&fm=organic&iid=38bdb619-78a7-4a10-9ab8-576690ca0ee3.MOBHMGG5QWHMV4Y2.SEARCH&ppt=None&ppn=None&ssid=d0qticybm80000001790676214358&qH=a5594894156db043&ov_redirect=true,2026-09-29
379,"POCO M8x 5G (Black, 128 GB)",POCO,20999,44999,53% off,3.9,326,127,4 GB RAM,128 GB ROM,7900 mAh Lithium-Ion Polymer Battery,4 Gen 5 Processor,17.53 cm (6.9 inch) Full HD Display,50MP Rear Camera,,https://www.flipkart.com/poco-m8x-5g-black-128-gb/p/itm540b17a742ccc?pid=MOBHPCYNA4DTGKGS&lid=LSTMOBHPCYNA4DTGKGSGUPQAY&marketplace=FLIPKART&q=smart+phones&store=tyy%2F4io&srno=s_16_379&otracker=search&fm=organic&iid=38bdb619-78a7-4a10-9ab8-576690ca0ee3.MOBHPCYNA4DTGKGS.SEARCH&ppt=None&ppn=None&ssid=d0qticybm80000001790676214358&qH=a5594894156db043&ov_redirect=true,2026-09-29
380,"Infinix NOTE 60 Pro (Tactical ED(Mocha Brown), 256 GB)",Infinix,39999,44999,11% off,4.4,"1,734",279,8 GB RAM,256 GB ROM,6500 mAh Battery,Snapdragon 7s Gen 4 Processor,17.22 cm (6.78 inch) Full HD+ AMOLED Display,50MP + 8MP | 13MP Front Camera,,https://www.flipkart.com/infinix-note-60-pro-tactical-ed-mocha-brown-256-gb/p/itm7681d00923b3c?pid=MOBHHVE2CH29RGHF&lid=LSTMOBHHVE2CH29RGHF5LONS1&marketplace=FLIPKART&q=smart+phones&store=tyy%2F4io&srno=s_16_380&otracker=search&fm=organic&iid=38bdb619-78a7-4a10-9ab8-576690ca0ee3.MOBHHVE2CH29RGHF.SEARCH&ppt=None&ppn=None&ssid=d0qticybm80000001790676214358&qH=a5594894156db043&ov_redirect=true,2026-09-29
381,"POCO C81 (Elite Black, 64 GB)",POCO,13499,19999,32% off,3.7,520,44,4 GB RAM,64 GB ROM,6300 mAh Lithium-Ion Polymer Battery,T7250 Processor,17.53 cm (6.9 inch) Display,13MP Rear Camera | 8MP Front Camera,,https://www.flipkart.com/poco-c81-elite-black-64-gb/p/itm28c771318f328?pid=MOBHMYWR2GCKNVWK&lid=LSTMOBHMYWR2GCKNVWKDC3UIK&marketplace=FLIPKART&q=smart+phones&store=tyy%2F4io&srno=s_16_381&otracker=search&fm=organic&iid=38bdb619-78a7-4a10-9ab8-576690ca0ee3.MOBHMYWR2GCKNVWK.SEARCH&ppt=None&ppn=None&ssid=d0qticybm80000001790676214358&qH=a5594894156db043&ov_redirect=true,2026-09-29
382,"POCO M8 (Carbon Black, 128 GB)",POCO,26999,27999,3% off,4.3,"2,301",210,8 GB RAM,128 GB ROM,5520 mAh Battery,,17.2 cm (6.77 inch) Full HD+ Display,50MP Rear Camera | 20MP Front Camera,,https://www.flipkart.com/poco-m8-carbon-black-128-gb/p/itm4a387788f045c?pid=MOBHMGG5FFCEPT3V&lid=LSTMOBHMGG5FFCEPT3VDKQ9IO&marketplace=FLIPKART&q=smart+phones&store=tyy%2F4io&srno=s_16_382&otracker=search&fm=organic&iid=38bdb619-78a7-4a10-9ab8-576690ca0ee3.MOBHMGG5FFCEPT3V.SEARCH&ppt=None&ppn=None&ssid=d0qticybm80000001790676214358&qH=a5594894156db043&ov_redirect=true,2026-09-29
383,"Infinix SMART 20 (Polaris Titanium, 128 GB)",Infinix,14999,21999,31% off,3.9,287,33,4 GB RAM,128 GB ROM,5200 mAh Battery,Helio G81 Ultimate Processor,17.22 cm (6.78 inch) HD+ Display,8MP Rear Camera | 8MP Front Camera,,https://www.flipkart.com/infinix-smart-20-polaris-titanium-128-gb/p/itmf761cd49f9162?pid=MOBHNMEETXX5QDBC&lid=LSTMOBHNMEETXX5QDBCJXXED8&marketplace=FLIPKART&q=smart+phones&store=tyy%2F4io&srno=s_16_383&otracker=search&fm=organic&iid=38bdb619-78a7-4a10-9ab8-576690ca0ee3.MOBHNMEETXX5QDBC.SEARCH&ppt=None&ppn=None&ssid=d0qticybm80000001790676214358&qH=a5594894156db043&ov_redirect=true,2026-09-29
384,"POCO F6 5G (Titanium, 256 GB)",POCO,31999,35999,11% off,4.3,"9,151",910,12 GB RAM,256 GB ROM,5000 mAh Battery,8s Gen3 Processor,16.94 cm (6.67 inch) Display,50MP (OIS) + 8MP | 20MP Front Camera,,https://www.flipkart.com/poco-f6-5g-titanium-256-gb/p/itmb5451dec31503?pid=MOBHYUZGDMF7UJMG&lid=LSTMOBHYUZGDMF7UJMG8JGACN&marketplace=FLIPKART&q=smart+phones&store=tyy%2F4io&srno=s_16_384&otracker=search&fm=organic&iid=38bdb619-78a7-4a10-9ab8-576690ca0ee3.MOBHYUZGDMF7UJMG.SEARCH&ppt=None&ppn=None&ssid=d0qticybm80000001790676214358&qH=a5594894156db043&ov_redirect=true,2026-09-29
385,"Motorola G34 5G (Charcoal Black, 128 GB)",Motorola,11999,13999,14% off,4.2,"49,264","3,566",4 GB RAM,128 GB ROM,5000 mAh Battery,Snapdragon 695 5G Processor,16.51 cm (6.5 inch) HD+ Display,50MP + 2MP | 16MP Front Camera,5G,https://www.flipkart.com/motorola-g34-5g-charcoal-black-128-gb/p/itm357c0dba433c3?pid=MOBGUFK494PA7H5Z&lid=LSTMOBGUFK494PA7H5ZDQOTLA&marketplace=FLIPKART&q=smart+phones&store=tyy%2F4io&srno=s_17_385&otracker=search&fm=organic&iid=b56b32e0-a2f6-44cb-9565-f76006426dfc.MOBGUFK494PA7H5Z.SEARCH&ppt=None&ppn=None&ssid=3fxflqt5i80000001790676217132&qH=a5594894156db043&ov_redirect=true,2026-09-29
386,"POCO M7 Plus 5G (Aqua Blue, 128 GB)",POCO,16999,,,4.2,"12,904",985,6 GB RAM,128 GB ROM,7000 mAh Battery,Snapdragon 6s Gen 3 5G Processor,17.53 cm (6.9 inch) Full HD+ Display,50MP AI Dual Camera | 8MP Front Camera,5G,https://www.flipkart.com/poco-m7-plus-5g-aqua-blue-128-gb/p/itm9f4512134d782?pid=MOBHETX66JPY5TR9&lid=LSTMOBHETX66JPY5TR9T7DFF4&marketplace=FLIPKART&q=smart+phones&store=tyy%2F4io&srno=s_17_386&otracker=search&fm=organic&iid=b56b32e0-a2f6-44cb-9565-f76006426dfc.MOBHETX66JPY5TR9.SEARCH&ppt=None&ppn=None&ssid=3fxflqt5i80000001790676217132&qH=a5594894156db043&ov_redirect=true,2026-09-29
387,"Tecno Spark Go 3 (Titanium Grey, 64 GB)",Tecno,12499,15999,21% off,4.1,217,15,4 GB RAM,64 GB ROM,5000 mAh Lithium Polymer Battery,T7250 Processor,17.12 cm (6.74 inch) HD+ Display,13MP Rear Camera | 8MP Front Camera,,https://www.flipkart.com/tecno-spark-go-3-titanium-grey-64-gb/p/itma9c8f128a61c6?pid=MOBHP2QY7GH4XWWS&lid=LSTMOBHP2QY7GH4XWWSUZBT2N&marketplace=FLIPKART&q=smart+phones&store=tyy%2F4io&srno=s_17_387&otracker=search&fm=organic&iid=en_2xbLwta29cpjcVdYOAluO_KZN_7Q8sqvgUnkQIDjQHFB4aGb__xh4QcacUUNd_9axuSl-jfu2FRRD3-px9HFb5LgCDLd29XPfHChd2SlxWtWLL80X9G8e789SpNhQEe7&ppt=None&ppn=None&ssid=3fxflqt5i80000001790676217132&qH=a5594894156db043&ov_redirect=true,2026-09-29
388,"Tecno Spark Go 3 (Ink Black, 64 GB)",Tecno,12499,15999,21% off,4.1,217,15,4 GB RAM,64 GB ROM,5000 mAh Lithium Polymer Battery,T7250 Processor,17.12 cm (6.74 inch) HD+ Display,13MP Rear Camera | 8MP Front Camera,,https://www.flipkart.com/tecno-spark-go-3-ink-black-64-gb/p/itma9c8f128a61c6?pid=MOBHP2QYCXZZE3CM&lid=LSTMOBHP2QYCXZZE3CMWW64IB&marketplace=FLIPKART&q=smart+phones&store=tyy%2F4io&srno=s_17_388&otracker=search&fm=organic&iid=en_2xbLwta29cpjcVdYOAluO_KZN_7Q8sqvgUnkQIDjQHFetSXHu5PArAlU1f3qAjt7wfAu6s5c53i2tmuGS82SuJLgCDLd29XPfHChd2SlxWtWLL80X9G8e789SpNhQEe7&ppt=None&ppn=None&ssid=3fxflqt5i80000001790676217132&qH=a5594894156db043&ov_redirect=true,2026-09-29
389,"vivo T5 Pro 5G (Cosmic Black, 128 GB)",vivo,49999,,,,,,6 GB RAM,128 GB ROM,9020 mAh Battery,Snapdragon 7s Gen 4 Processor,17.35 cm (6.83 inch) Full HD+ AMOLED Display,50MP + 2MP | 32MP Front Camera,,https://www.flipkart.com/vivo-t5-pro-5g-cosmic-black-128-gb/p/itma21e2e09d4493?pid=MOBHR8KH4P6SDPTM&lid=LSTMOBHR8KH4P6SDPTMNQUFFH&marketplace=FLIPKART&q=smart+phones&store=tyy%2F4io&srno=s_17_389&otracker=search&fm=organic&iid=b56b32e0-a2f6-44cb-9565-f76006426dfc.MOBHR8KH4P6SDPTM.SEARCH&ppt=None&ppn=None&ssid=3fxflqt5i80000001790676217132&qH=a5594894156db043&ov_redirect=true,2026-09-29
390,"Motorola Edge 40 Neo (Black Beauty, 128 GB)",Motorola,27999,,,4.3,"57,634","6,027",8 GB RAM,128 GB ROM,5000 mAh Battery,Dimensity 7030 Processor,16.64 cm (6.55 inch) Full HD+ Display,50MP + 13MP | 32MP Front Camera,,https://www.flipkart.com/motorola-edge-40-neo-black-beauty-128-gb/p/itm01cc46d96a79f?pid=MOBGQFX6JGTWFSGD&lid=LSTMOBGQFX6JGTWFSGDTXTCZS&marketplace=FLIPKART&q=smart+phones&store=tyy%2F4io&srno=s_17_390&otracker=search&fm=organic&iid=b56b32e0-a2f6-44cb-9565-f76006426dfc.MOBGQFX6JGTWFSGD.SEARCH&ppt=None&ppn=None&ssid=3fxflqt5i80000001790676217132&qH=a5594894156db043&ov_redirect=true,2026-09-29
391,"vivo T5 Pro 5G (Glacier Blue, 128 GB)",vivo,41999,55999,25% off,4.5,"9,931",962,8 GB RAM,128 GB ROM,9020 mAh Battery,Snapdragon 7s Gen 4 Processor,17.35 cm (6.83 inch) Full HD+ AMOLED Display,50MP + 2MP | 32MP Front Camera,,https://www.flipkart.com/vivo-t5-pro-5g-glacier-blue-128-gb/p/itma21e2e09d4493?pid=MOBHM4FZVHBWFRHM&lid=LSTMOBHM4FZVHBWFRHMUM8WSE&marketplace=FLIPKART&q=smart+phones&store=tyy%2F4io&srno=s_17_391&otracker=search&fm=organic&iid=b56b32e0-a2f6-44cb-9565-f76006426dfc.MOBHM4FZVHBWFRHM.SEARCH&ppt=None&ppn=None&ssid=3fxflqt5i80000001790676217132&qH=a5594894156db043&ov_redirect=true,2026-09-29
392,"Infinix SMART 20 (Polaris Titanium, 64 GB)",Infinix,13499,19999,32% off,3.9,287,33,4 GB RAM,64 GB ROM,5200 mAh Battery,Helio G81 Ultimate Processor,17.22 cm (6.78 inch) HD+ Display,8MP Rear Camera | 8MP Front Camera,,https://www.flipkart.com/infinix-smart-20-polaris-titanium-64-gb/p/itmf761cd49f9162?pid=MOBHNMEETYFWZNHQ&lid=LSTMOBHNMEETYFWZNHQVTGCIP&marketplace=FLIPKART&q=smart+phones&store=tyy%2F4io&srno=s_17_392&otracker=search&fm=organic&iid=b56b32e0-a2f6-44cb-9565-f76006426dfc.MOBHNMEETYFWZNHQ.SEARCH&ppt=None&ppn=None&ssid=3fxflqt5i80000001790676217132&qH=a5594894156db043&ov_redirect=true,2026-09-29
393,"Motorola e13 (Aurora Green, 128 GB)",Motorola,,,,4.1,"35,482","1,990",8 GB RAM,128 GB ROM,5000 mAh Battery,Unisoc T606 Processor,16.51 cm (6.5 inch) HD+ Display,13MP Rear Camera | 5MP Front Camera,,https://www.flipkart.com/motorola-e13-aurora-green-128-gb/p/itm87151a7bb1a4f?pid=MOBGQFX6HYNXCYGX&q=smart+phones&store=tyy%2F4io&srno=s_17_393&otracker=search&fm=organic&iid=b56b32e0-a2f6-44cb-9565-f76006426dfc.MOBGQFX6HYNXCYGX.SEARCH&ppt=None&ppn=None&ssid=3fxflqt5i80000001790676217132&qH=a5594894156db043&ov_redirect=true,2026-09-29
394,"POCO M7 Plus 5G (Carbon Black, 128 GB)",POCO,17999,,,4.2,"6,614",530,8 GB RAM,128 GB ROM,7000 mAh Battery,Snapdragon 6s Gen 3 5G Processor,17.53 cm (6.9 inch) Full HD+ Display,50MP AI Dual Camera | 8MP Front Camera,5G,https://www.flipkart.com/poco-m7-plus-5g-carbon-black-128-gb/p/itm39c366869cc19?pid=MOBHETX6YMAG9NTF&lid=LSTMOBHETX6YMAG9NTF5IHJPA&marketplace=FLIPKART&q=smart+phones&store=tyy%2F4io&srno=s_17_394&otracker=search&fm=organic&iid=b56b32e0-a2f6-44cb-9565-f76006426dfc.MOBHETX6YMAG9NTF.SEARCH&ppt=None&ppn=None&ssid=3fxflqt5i80000001790676217132&qH=a5594894156db043&ov_redirect=true,2026-09-29
395,"Infinix SMART 8 HD (Timber Black, 64 GB)",Infinix,6999,8999,22% off,4.3,"1,624",64,4 GB RAM,64 GB ROM,5000 mAh Battery,T606 Processor,16.76 cm (6.6 inch) HD+ Display,13MP + AI Lens | 8MP Front Camera,,https://www.flipkart.com/infinix-smart-8-hd-timber-black-64-gb/p/itm709d885ba6ac1?pid=MOBHY9R9BAHDVRVP&lid=LSTMOBHY9R9BAHDVRVPZJMQH6&marketplace=FLIPKART&q=smart+phones&store=tyy%2F4io&srno=s_17_395&otracker=search&fm=organic&iid=b56b32e0-a2f6-44cb-9565-f76006426dfc.MOBHY9R9BAHDVRVP.SEARCH&ppt=None&ppn=None&ssid=3fxflqt5i80000001790676217132&qH=a5594894156db043&ov_redirect=true,2026-09-29
396,"OPPO K14x 5G 6500mAh and 45W SUPERVOOC Charger & AI (Prism Violet, 128 GB)",OPPO,24999,40999,39% off,4.4,"3,940",398,6 GB RAM,128 GB ROM,6500 mAh Battery,Dimensity 6300 Processor,17.14 cm (6.75 inch) HD+ Display,,,https://www.flipkart.com/oppo-k14x-5g-6500mah-45w-supervooc-charger-ai-prism-violet-128-gb/p/itmdcac5ae642971?pid=MOBHPHSHQF9SHK43&lid=LSTMOBHPHSHQF9SHK43VNTYD6&marketplace=FLIPKART&q=smart+phones&store=tyy%2F4io&srno=s_17_396&otracker=search&fm=organic&iid=b56b32e0-a2f6-44cb-9565-f76006426dfc.MOBHPHSHQF9SHK43.SEARCH&ppt=None&ppn=None&ssid=3fxflqt5i80000001790676217132&qH=a5594894156db043&ov_redirect=true,2026-09-29
397,"POCO M7 Plus 5G (Carbon Black, 128 GB)",POCO,16999,,,4.2,"12,904",985,6 GB RAM,128 GB ROM,7000 mAh Battery,Snapdragon 6s Gen 3 5G Processor,17.53 cm (6.9 inch) Full HD+ Display,50MP AI Dual Camera | 8MP Front Camera,5G,https://www.flipkart.com/poco-m7-plus-5g-carbon-black-128-gb/p/itmb4301b9afe80c?pid=MOBHETX6NVUH8VPG&lid=LSTMOBHETX6NVUH8VPGCRWB18&marketplace=FLIPKART&q=smart+phones&store=tyy%2F4io&srno=s_17_397&otracker=search&fm=organic&iid=b56b32e0-a2f6-44cb-9565-f76006426dfc.MOBHETX6NVUH8VPG.SEARCH&ppt=None&ppn=None&ssid=3fxflqt5i80000001790676217132&qH=a5594894156db043&ov_redirect=true,2026-09-29
398,"realme C85 5G (Peacock Green, 128.0 GB)",realme,21999,24999,12% off,4.3,226,17,4 GB RAM,128.0 GB ROM,7000 mAh Battery,Dimensity 6300 Processor,17.27 cm (6.8 inch) HD+ Display,50MP Rear Camera | 8MP Front Camera,,https://www.flipkart.com/realme-c85-5g-peacock-green-128-0-gb/p/itm460d45ea3b896?pid=MOBHHY7VCDAH336F&lid=LSTMOBHHY7VCDAH336F2EFDNT&marketplace=FLIPKART&q=smart+phones&store=tyy%2F4io&srno=s_17_398&otracker=search&fm=organic&iid=b56b32e0-a2f6-44cb-9565-f76006426dfc.MOBHHY7VCDAH336F.SEARCH&ppt=None&ppn=None&ssid=3fxflqt5i80000001790676217132&qH=a5594894156db043&ov_redirect=true,2026-09-29
399,"vivo T5x 5G (Flame Red, 128 GB)",vivo,30999,50999,39% off,4.4,"25,590","1,913",8 GB RAM,128 GB ROM,7200 mAh Li-ion Battery,Dimensity 7400-Turbo Processor,17.17 cm (6.76 inch) Display,50MP + 2MP | 32MP Front Camera,,https://www.flipkart.com/vivo-t5x-5g-flame-red-128-gb/p/itm7da8aa253e72b?pid=MOBHQC8ZUTJQHYZY&lid=LSTMOBHQC8ZUTJQHYZYFO0IO9&marketplace=FLIPKART&q=smart+phones&store=tyy%2F4io&srno=s_17_399&otracker=search&fm=organic&iid=b56b32e0-a2f6-44cb-9565-f76006426dfc.MOBHQC8ZUTJQHYZY.SEARCH&ppt=None&ppn=None&ssid=3fxflqt5i80000001790676217132&qH=a5594894156db043&ov_redirect=true,2026-09-29
400,"POCO M6 5G (Polaris Green, 64 GB)",POCO,11899,11999,,4.1,"1,40,137","7,198",4 GB RAM,64 GB ROM,5000 mAh Battery,Mediatek Dimensity 6100+ Processor,17.12 cm (6.74 inch) HD+ Display,50MP Rear Camera | 5MP Front Camera,,https://www.flipkart.com/poco-m6-5g-polaris-green-64-gb/p/itm59919781c6f8e?pid=MOBH92ADXHPMEMDK&lid=LSTMOBH92ADXHPMEMDKDA63SU&marketplace=FLIPKART&q=smart+phones&store=tyy%2F4io&srno=s_17_400&otracker=search&fm=organic&iid=b56b32e0-a2f6-44cb-9565-f76006426dfc.MOBH92ADXHPMEMDK.SEARCH&ppt=None&ppn=None&ssid=3fxflqt5i80000001790676217132&qH=a5594894156db043&ov_redirect=true,2026-09-29
401,Vivo T4 Lite 5G (Prism Blue 2026) (8GB 256GB),Vivo,23999,31999,25% off,4.3,"22,591","1,361",8 GB RAM,256 GB ROM,6000 mAh Battery,Dimensity 6300 5G Processor,17.12 cm (6.74 inch) HD+ Display,50MP + 2MP | 5MP Front Camera,5G,https://www.flipkart.com/vivo-t4-lite-5g-prism-blue-2026-8gb-256gb/p/itm49fb53d099f3c?pid=MOBHNCRKUF76UJJB&lid=LSTMOBHNCRKUF76UJJBMMXCLV&marketplace=FLIPKART&q=smart+phones&store=tyy%2F4io&srno=s_17_401&otracker=search&fm=organic&iid=b56b32e0-a2f6-44cb-9565-f76006426dfc.MOBHNCRKUF76UJJB.SEARCH&ppt=None&ppn=None&ssid=3fxflqt5i80000001790676217132&qH=a5594894156db043&ov_redirect=true,2026-09-29
402,"Infinix SMART 20 (Shadow Black, 64 GB)",Infinix,13499,19999,32% off,3.9,287,33,4 GB RAM,64 GB ROM,5200 mAh Battery,Helio G81 Ultimate Processor,17.22 cm (6.78 inch) HD+ Display,8MP Rear Camera | 8MP Front Camera,,https://www.flipkart.com/infinix-smart-20-shadow-black-64-gb/p/itmf761cd49f9162?pid=MOBHNMEEJVRS9GJG&lid=LSTMOBHNMEEJVRS9GJG6RX37Q&marketplace=FLIPKART&q=smart+phones&store=tyy%2F4io&srno=s_17_402&otracker=search&fm=organic&iid=b56b32e0-a2f6-44cb-9565-f76006426dfc.MOBHNMEEJVRS9GJG.SEARCH&ppt=None&ppn=None&ssid=3fxflqt5i80000001790676217132&qH=a5594894156db043&ov_redirect=true,2026-09-29
403,"Apple iPhone 15 (Green, 128 GB)",Apple,59900,,,4.6,"2,49,032","9,813",,,,"A16 Bionic Chip, 6 Core Processor Processor",15.49 cm (6.1 inch) Super Retina XDR Display,48MP + 12MP | 12MP Front Camera,,https://www.flipkart.com/apple-iphone-15-green-128-gb/p/itm235cd318bde73?pid=MOBGTAGPYYWZRUJX&lid=LSTMOBGTAGPYYWZRUJX8CTXDU&marketplace=FLIPKART&q=smart+phones&store=tyy%2F4io&srno=s_17_403&otracker=search&fm=organic&iid=b56b32e0-a2f6-44cb-9565-f76006426dfc.MOBGTAGPYYWZRUJX.SEARCH&ppt=None&ppn=None&ssid=3fxflqt5i80000001790676217132&qH=a5594894156db043&ov_redirect=true,2026-09-29
404,"realme C100x (Golden Coast, 64 GB)",realme,17999,29999,40% off,3.6,278,35,4 GB RAM,64 GB ROM,8000 mAh Battery,T7250 Processor,17.27 cm (6.8 inch) HD+ Display,50MP Rear Camera | 5MP Front Camera,,https://www.flipkart.com/realme-c100x-golden-coast-64-gb/p/itm488eb4026680c?pid=MOBHZMDTJ8MRNENF&lid=LSTMOBHZMDTJ8MRNENF0B9EB3&marketplace=FLIPKART&q=smart+phones&store=tyy%2F4io&srno=s_17_404&otracker=search&fm=organic&iid=b56b32e0-a2f6-44cb-9565-f76006426dfc.MOBHZMDTJ8MRNENF.SEARCH&ppt=None&ppn=None&ssid=3fxflqt5i80000001790676217132&qH=a5594894156db043&ov_redirect=true,2026-09-29
405,"Mivi One 5G (Pink, 128 GB)",Mivi,16499,25999,36% off,,,,8 GB RAM,128 GB ROM,6000 mAh Lithium Polymer Battery,Snapdragon 4 Gen 2 Processor,17.14 cm (6.75 inch) HD+ Display,50MP Rear Camera | 8MP Front Camera,,https://www.flipkart.com/mivi-one-5g-pink-128-gb/p/itm423c37f3b9dbc?pid=MOBHR3ZPV9NEHPY6&lid=LSTMOBHR3ZPV9NEHPY6KPF359&marketplace=FLIPKART&q=smart+phones&store=tyy%2F4io&srno=s_17_405&otracker=search&fm=organic&iid=b56b32e0-a2f6-44cb-9565-f76006426dfc.MOBHR3ZPV9NEHPY6.SEARCH&ppt=None&ppn=None&ssid=3fxflqt5i80000001790676217132&qH=a5594894156db043&ov_redirect=true,2026-09-29
406,"Samsung Galaxy F17 5G (Violet Pop, 128 GB)",Samsung,22923,30999,26% off,4.2,261,22,6 GB RAM,128 GB ROM,5000 mAh Battery,Exynos 1330 Processor,17.02 cm (6.7 inch) Full HD+ Display,50MP + 5MP | 13MP Front Camera,,https://www.flipkart.com/samsung-galaxy-f17-5g-violet-pop-128-gb/p/itmead495c48e859?pid=MOBHF6KMQQECNVHN&lid=LSTMOBHF6KMQQECNVHNSVFII7&marketplace=FLIPKART&q=smart+phones&store=tyy%2F4io&srno=s_17_406&otracker=search&fm=organic&iid=b56b32e0-a2f6-44cb-9565-f76006426dfc.MOBHF6KMQQECNVHN.SEARCH&ppt=None&ppn=None&ssid=3fxflqt5i80000001790676217132&qH=a5594894156db043&ov_redirect=true,2026-09-29
407,"vivo T5 Pro 5G (Cosmic Black, 128 GB)",vivo,41999,55999,25% off,4.5,"9,931",962,8 GB RAM,128 GB ROM,9020 mAh Battery,Snapdragon 7s Gen 4 Processor,17.35 cm (6.83 inch) Full HD+ AMOLED Display,50MP + 2MP | 32MP Front Camera,,https://www.flipkart.com/vivo-t5-pro-5g-cosmic-black-128-gb/p/itma21e2e09d4493?pid=MOBHM4FZPA8A7KVS&lid=LSTMOBHM4FZPA8A7KVSB3VDWD&marketplace=FLIPKART&q=smart+phones&store=tyy%2F4io&srno=s_17_407&otracker=search&fm=organic&iid=b56b32e0-a2f6-44cb-9565-f76006426dfc.MOBHM4FZPA8A7KVS.SEARCH&ppt=None&ppn=None&ssid=3fxflqt5i80000001790676217132&qH=a5594894156db043&ov_redirect=true,2026-09-29
408,"POCO M7 5G  - Locked with Airtel Prepaid (Satin Black, 128 GB)",POCO,12999,,,4.1,"77,567","4,384",6 GB RAM,128 GB ROM,5160 mAh Battery,4 Gen 2 5G Processor,17.48 cm (6.88 inch) HD+ Display,50MP Rear Camera | 8MP Front Camera,5G,https://www.flipkart.com/poco-m7-5g-locked-airtel-prepaid-satin-black-128-gb/p/itma98bb9c85c53b?pid=MOBH9HFJQWGBTEY3&lid=LSTMOBH9HFJQWGBTEY3V7HLRS&marketplace=FLIPKART&q=smart+phones&store=tyy%2F4io&srno=s_17_408&otracker=search&fm=organic&iid=b56b32e0-a2f6-44cb-9565-f76006426dfc.MOBH9HFJQWGBTEY3.SEARCH&ppt=None&ppn=None&ssid=3fxflqt5i80000001790676217132&qH=a5594894156db043&ov_redirect=true,2026-09-29
409,"POCO M7 5G  - Locked with Airtel Prepaid (Mint Green, 128 GB)",POCO,12999,,,4.1,"77,566","4,384",6 GB RAM,128 GB ROM,5160 mAh Battery,4 Gen 2 5G Processor,17.48 cm (6.88 inch) HD+ Display,50MP Rear Camera | 8MP Front Camera,5G,https://www.flipkart.com/poco-m7-5g-locked-airtel-prepaid-mint-green-128-gb/p/itm50b89018505cc?pid=MOBH9HFJSWHHG6ZS&lid=LSTMOBH9HFJSWHHG6ZSHSSWAP&marketplace=FLIPKART&q=smart+phones&store=tyy%2F4io&srno=s_18_409&otracker=search&fm=organic&iid=affd6821-b5ec-4303-adb7-a38bcd69cc33.MOBH9HFJSWHHG6ZS.SEARCH&ppt=None&ppn=None&ssid=iyxhq3ylts0000001790676219762&qH=a5594894156db043&ov_redirect=true,2026-09-29
410,"POCO M8 (Carbon Black, 128 GB)",POCO,24999,25999,3% off,4.3,"3,819",360,6 GB RAM,128 GB ROM,5520 mAh Battery,,17.2 cm (6.77 inch) Full HD+ Display,50MP Rear Camera | 20MP Front Camera,,https://www.flipkart.com/poco-m8-carbon-black-128-gb/p/itmfb341f67be0ed?pid=MOBHMGG55BR5SZCG&lid=LSTMOBHMGG55BR5SZCG3RRG5U&marketplace=FLIPKART&q=smart+phones&store=tyy%2F4io&srno=s_18_410&otracker=search&fm=organic&iid=affd6821-b5ec-4303-adb7-a38bcd69cc33.MOBHMGG55BR5SZCG.SEARCH&ppt=None&ppn=None&ssid=iyxhq3ylts0000001790676219762&qH=a5594894156db043&ov_redirect=true,2026-09-29
411,"Tecno Spark Go 3 (Ink Black, 64 GB)",Tecno,12499,15999,21% off,4.1,217,15,4 GB RAM,64 GB ROM,5000 mAh Lithium Polymer Battery,T7250 Processor,17.12 cm (6.74 inch) HD+ Display,13MP Rear Camera | 8MP Front Camera,,https://www.flipkart.com/tecno-spark-go-3-ink-black-64-gb/p/itma9c8f128a61c6?pid=MOBHP2QYCXZZE3CM&lid=LSTMOBHP2QYCXZZE3CMWW64IB&marketplace=FLIPKART&q=smart+phones&store=tyy%2F4io&srno=s_18_411&otracker=search&fm=organic&iid=en_jmopP61HMf2te4HSfIEKLuC8YH0qq740hkilgNWwGgc7Sak1t-ZNOb37NEUlSCqOu-p7FawYTmaPPeu5xWEE1ZLgCDLd29XPfHChd2SlxWtYZxPgZWfIPBxObfCNbZPu&ppt=None&ppn=None&ssid=iyxhq3ylts0000001790676219762&qH=a5594894156db043&ov_redirect=true,2026-09-29
412,"Motorola G34 5G (Ice Blue, 128 GB)",Motorola,11999,13999,14% off,4.2,"49,264","3,566",4 GB RAM,128 GB ROM,5000 mAh Battery,Snapdragon 695 5G Processor,16.51 cm (6.5 inch) HD+ Display,50MP + 2MP | 16MP Front Camera,5G,https://www.flipkart.com/motorola-g34-5g-ice-blue-128-gb/p/itm0f6b45af1c0f0?pid=MOBGUFK4ZX2ZHMTQ&lid=LSTMOBGUFK4ZX2ZHMTQUCFTOJ&marketplace=FLIPKART&q=smart+phones&store=tyy%2F4io&srno=s_18_412&otracker=search&fm=organic&iid=affd6821-b5ec-4303-adb7-a38bcd69cc33.MOBGUFK4ZX2ZHMTQ.SEARCH&ppt=None&ppn=None&ssid=iyxhq3ylts0000001790676219762&qH=a5594894156db043&ov_redirect=true,2026-09-29
413,"POCO M7 Plus 5G (Chrome Silver, 128 GB)",POCO,15999,,,3.7,"4,199",506,4 GB RAM,128 GB ROM,7000 mAh Battery,Snapdragon 6s Gen 3 5G Processor,17.53 cm (6.9 inch) Display,50MP Rear Camera,5G,https://www.flipkart.com/poco-m7-plus-5g-chrome-silver-128-gb/p/itmf5c94088d643c?pid=MOBHETX6MCAZJYY2&lid=LSTMOBHETX6MCAZJYY27IHGBX&marketplace=FLIPKART&q=smart+phones&store=tyy%2F4io&srno=s_18_413&otracker=search&fm=organic&iid=affd6821-b5ec-4303-adb7-a38bcd69cc33.MOBHETX6MCAZJYY2.SEARCH&ppt=None&ppn=None&ssid=iyxhq3ylts0000001790676219762&qH=a5594894156db043&ov_redirect=true,2026-09-29
414,"POCO C85 5G (Spring Green, 128 GB)",POCO,19499,24999,22% off,4.3,182,12,8 GB RAM,128 GB ROM,6000 mAh Lithium-Ion Polymer Battery,Dimensity 6300 Processor,17.53 cm (6.9 inch) HD+ Display,50MP Rear Camera | 8MP Front Camera,,https://www.flipkart.com/poco-c85-5g-spring-green-128-gb/p/itm8eb0c84963d83?pid=MOBHMGG5CR7GHJHN&lid=LSTMOBHMGG5CR7GHJHNTRROVD&marketplace=FLIPKART&q=smart+phones&store=tyy%2F4io&srno=s_18_414&otracker=search&fm=organic&iid=affd6821-b5ec-4303-adb7-a38bcd69cc33.MOBHMGG5CR7GHJHN.SEARCH&ppt=None&ppn=None&ssid=iyxhq3ylts0000001790676219762&qH=a5594894156db043&ov_redirect=true,2026-09-29
415,"POCO M7 Plus 5G (Chrome Silver, 128 GB)",POCO,17999,,,4.2,"6,614",530,8 GB RAM,128 GB ROM,7000 mAh Battery,Snapdragon 6s Gen 3 5G Processor,17.53 cm (6.9 inch) Display,50MP AI Dual Camera,5G,https://www.flipkart.com/poco-m7-plus-5g-chrome-silver-128-gb/p/itm7074a66234a6d?pid=MOBHETX6NDXNUJGF&lid=LSTMOBHETX6NDXNUJGFQPHFB6&marketplace=FLIPKART&q=smart+phones&store=tyy%2F4io&srno=s_18_415&otracker=search&fm=organic&iid=affd6821-b5ec-4303-adb7-a38bcd69cc33.MOBHETX6NDXNUJGF.SEARCH&ppt=None&ppn=None&ssid=iyxhq3ylts0000001790676219762&qH=a5594894156db043&ov_redirect=true,2026-09-29
416,"vivo T5 Pro 5G (Cosmic Black, 128 GB)",vivo,49999,,,,,,6 GB RAM,128 GB ROM,9020 mAh Battery,Snapdragon 7s Gen 4 Processor,17.35 cm (6.83 inch) Full HD+ AMOLED Display,50MP + 2MP | 32MP Front Camera,,https://www.flipkart.com/vivo-t5-pro-5g-cosmic-black-128-gb/p/itma21e2e09d4493?pid=MOBHR8KH4P6SDPTM&lid=LSTMOBHR8KH4P6SDPTMNQUFFH&marketplace=FLIPKART&q=smart+phones&store=tyy%2F4io&srno=s_18_416&otracker=search&fm=organic&iid=affd6821-b5ec-4303-adb7-a38bcd69cc33.MOBHR8KH4P6SDPTM.SEARCH&ppt=None&ppn=None&ssid=iyxhq3ylts0000001790676219762&qH=a5594894156db043&ov_redirect=true,2026-09-29
417,"Motorola G34 5G (Charcoal Black, 128 GB)",Motorola,11999,13999,14% off,4.2,"49,264","3,566",4 GB RAM,128 GB ROM,5000 mAh Battery,Snapdragon 695 5G Processor,16.51 cm (6.5 inch) HD+ Display,50MP + 2MP | 16MP Front Camera,5G,https://www.flipkart.com/motorola-g34-5g-charcoal-black-128-gb/p/itm357c0dba433c3?pid=MOBGUFK494PA7H5Z&lid=LSTMOBGUFK494PA7H5ZDQOTLA&marketplace=FLIPKART&q=smart+phones&store=tyy%2F4io&srno=s_18_417&otracker=search&fm=organic&iid=affd6821-b5ec-4303-adb7-a38bcd69cc33.MOBGUFK494PA7H5Z.SEARCH&ppt=None&ppn=None&ssid=iyxhq3ylts0000001790676219762&qH=a5594894156db043&ov_redirect=true,2026-09-29
418,"vivo T5 Pro 5G (Glacier Blue, 128 GB)",vivo,41999,55999,25% off,4.5,"9,931",962,8 GB RAM,128 GB ROM,9020 mAh Battery,Snapdragon 7s Gen 4 Processor,17.35 cm (6.83 inch) Full HD+ AMOLED Display,50MP + 2MP | 32MP Front Camera,,https://www.flipkart.com/vivo-t5-pro-5g-glacier-blue-128-gb/p/itma21e2e09d4493?pid=MOBHM4FZVHBWFRHM&lid=LSTMOBHM4FZVHBWFRHMUM8WSE&marketplace=FLIPKART&q=smart+phones&store=tyy%2F4io&srno=s_18_418&otracker=search&fm=organic&iid=affd6821-b5ec-4303-adb7-a38bcd69cc33.MOBHM4FZVHBWFRHM.SEARCH&ppt=None&ppn=None&ssid=iyxhq3ylts0000001790676219762&qH=a5594894156db043&ov_redirect=true,2026-09-29
419,"OPPO K14x 5G 6500mAh and 45W SUPERVOOC Charger & AI (Prism Violet, 128 GB)",OPPO,24999,40999,39% off,4.4,"3,940",398,6 GB RAM,128 GB ROM,6500 mAh Battery,Dimensity 6300 Processor,17.14 cm (6.75 inch) HD+ Display,,,https://www.flipkart.com/oppo-k14x-5g-6500mah-45w-supervooc-charger-ai-prism-violet-128-gb/p/itmdcac5ae642971?pid=MOBHPHSHQF9SHK43&lid=LSTMOBHPHSHQF9SHK43VNTYD6&marketplace=FLIPKART&q=smart+phones&store=tyy%2F4io&srno=s_18_419&otracker=search&fm=organic&iid=affd6821-b5ec-4303-adb7-a38bcd69cc33.MOBHPHSHQF9SHK43.SEARCH&ppt=None&ppn=None&ssid=iyxhq3ylts0000001790676219762&qH=a5594894156db043&ov_redirect=true,2026-09-29
420,"realme C85 5G (Peacock Green, 128.0 GB)",realme,21999,24999,12% off,4.3,226,17,4 GB RAM,128.0 GB ROM,7000 mAh Battery,Dimensity 6300 Processor,17.27 cm (6.8 inch) HD+ Display,50MP Rear Camera | 8MP Front Camera,,https://www.flipkart.com/realme-c85-5g-peacock-green-128-0-gb/p/itm460d45ea3b896?pid=MOBHHY7VCDAH336F&lid=LSTMOBHHY7VCDAH336F2EFDNT&marketplace=FLIPKART&q=smart+phones&store=tyy%2F4io&srno=s_18_420&otracker=search&fm=organic&iid=affd6821-b5ec-4303-adb7-a38bcd69cc33.MOBHHY7VCDAH336F.SEARCH&ppt=None&ppn=None&ssid=iyxhq3ylts0000001790676219762&qH=a5594894156db043&ov_redirect=true,2026-09-29
421,"POCO M7 Plus 5G (Aqua Blue, 128 GB)",POCO,16999,,,4.2,"12,904",985,6 GB RAM,128 GB ROM,7000 mAh Battery,Snapdragon 6s Gen 3 5G Processor,17.53 cm (6.9 inch) Full HD+ Display,50MP AI Dual Camera | 8MP Front Camera,5G,https://www.flipkart.com/poco-m7-plus-5g-aqua-blue-128-gb/p/itm9f4512134d782?pid=MOBHETX66JPY5TR9&lid=LSTMOBHETX66JPY5TR9T7DFF4&marketplace=FLIPKART&q=smart+phones&store=tyy%2F4io&srno=s_18_421&otracker=search&fm=organic&iid=affd6821-b5ec-4303-adb7-a38bcd69cc33.MOBHETX66JPY5TR9.SEARCH&ppt=None&ppn=None&ssid=iyxhq3ylts0000001790676219762&qH=a5594894156db043&ov_redirect=true,2026-09-29
422,"Infinix SMART 20 (Polaris Titanium, 64 GB)",Infinix,13499,19999,32% off,3.9,287,33,4 GB RAM,64 GB ROM,5200 mAh Battery,Helio G81 Ultimate Processor,17.22 cm (6.78 inch) HD+ Display,8MP Rear Camera | 8MP Front Camera,,https://www.flipkart.com/infinix-smart-20-polaris-titanium-64-gb/p/itmf761cd49f9162?pid=MOBHNMEETYFWZNHQ&lid=LSTMOBHNMEETYFWZNHQVTGCIP&marketplace=FLIPKART&q=smart+phones&store=tyy%2F4io&srno=s_18_422&otracker=search&fm=organic&iid=affd6821-b5ec-4303-adb7-a38bcd69cc33.MOBHNMEETYFWZNHQ.SEARCH&ppt=None&ppn=None&ssid=iyxhq3ylts0000001790676219762&qH=a5594894156db043&ov_redirect=true,2026-09-29
423,"Motorola Edge 40 Neo (Black Beauty, 128 GB)",Motorola,27999,,,4.3,"57,634","6,027",8 GB RAM,128 GB ROM,5000 mAh Battery,Dimensity 7030 Processor,16.64 cm (6.55 inch) Full HD+ Display,50MP + 13MP | 32MP Front Camera,,https://www.flipkart.com/motorola-edge-40-neo-black-beauty-128-gb/p/itm01cc46d96a79f?pid=MOBGQFX6JGTWFSGD&lid=LSTMOBGQFX6JGTWFSGDTXTCZS&marketplace=FLIPKART&q=smart+phones&store=tyy%2F4io&srno=s_18_423&otracker=search&fm=organic&iid=affd6821-b5ec-4303-adb7-a38bcd69cc33.MOBGQFX6JGTWFSGD.SEARCH&ppt=None&ppn=None&ssid=iyxhq3ylts0000001790676219762&qH=a5594894156db043&ov_redirect=true,2026-09-29
424,"POCO M7 Plus 5G (Carbon Black, 128 GB)",POCO,17999,,,4.2,"6,614",530,8 GB RAM,128 GB ROM,7000 mAh Battery,Snapdragon 6s Gen 3 5G Processor,17.53 cm (6.9 inch) Full HD+ Display,50MP AI Dual Camera | 8MP Front Camera,5G,https://www.flipkart.com/poco-m7-plus-5g-carbon-black-128-gb/p/itm39c366869cc19?pid=MOBHETX6YMAG9NTF&lid=LSTMOBHETX6YMAG9NTF5IHJPA&marketplace=FLIPKART&q=smart+phones&store=tyy%2F4io&srno=s_18_424&otracker=search&fm=organic&iid=affd6821-b5ec-4303-adb7-a38bcd69cc33.MOBHETX6YMAG9NTF.SEARCH&ppt=None&ppn=None&ssid=iyxhq3ylts0000001790676219762&qH=a5594894156db043&ov_redirect=true,2026-09-29
425,Vivo T4 Lite 5G (Prism Blue 2026) (8GB 256GB),Vivo,23999,31999,25% off,4.3,"22,591","1,361",8 GB RAM,256 GB ROM,6000 mAh Battery,Dimensity 6300 5G Processor,17.12 cm (6.74 inch) HD+ Display,50MP + 2MP | 5MP Front Camera,5G,https://www.flipkart.com/vivo-t4-lite-5g-prism-blue-2026-8gb-256gb/p/itm49fb53d099f3c?pid=MOBHNCRKUF76UJJB&lid=LSTMOBHNCRKUF76UJJBMMXCLV&marketplace=FLIPKART&q=smart+phones&store=tyy%2F4io&srno=s_18_425&otracker=search&fm=organic&iid=affd6821-b5ec-4303-adb7-a38bcd69cc33.MOBHNCRKUF76UJJB.SEARCH&ppt=None&ppn=None&ssid=iyxhq3ylts0000001790676219762&qH=a5594894156db043&ov_redirect=true,2026-09-29
426,"Motorola e13 (Aurora Green, 128 GB)",Motorola,,,,4.1,"35,482","1,990",8 GB RAM,128 GB ROM,5000 mAh Battery,Unisoc T606 Processor,16.51 cm (6.5 inch) HD+ Display,13MP Rear Camera | 5MP Front Camera,,https://www.flipkart.com/motorola-e13-aurora-green-128-gb/p/itm87151a7bb1a4f?pid=MOBGQFX6HYNXCYGX&q=smart+phones&store=tyy%2F4io&srno=s_18_426&otracker=search&fm=organic&iid=affd6821-b5ec-4303-adb7-a38bcd69cc33.MOBGQFX6HYNXCYGX.SEARCH&ppt=None&ppn=None&ssid=iyxhq3ylts0000001790676219762&qH=a5594894156db043&ov_redirect=true,2026-09-29
427,"realme C100x (Golden Coast, 64 GB)",realme,17999,29999,40% off,3.6,278,35,4 GB RAM,64 GB ROM,8000 mAh Battery,T7250 Processor,17.27 cm (6.8 inch) HD+ Display,50MP Rear Camera | 5MP Front Camera,,https://www.flipkart.com/realme-c100x-golden-coast-64-gb/p/itm488eb4026680c?pid=MOBHZMDTJ8MRNENF&lid=LSTMOBHZMDTJ8MRNENF0B9EB3&marketplace=FLIPKART&q=smart+phones&store=tyy%2F4io&srno=s_18_427&otracker=search&fm=organic&iid=affd6821-b5ec-4303-adb7-a38bcd69cc33.MOBHZMDTJ8MRNENF.SEARCH&ppt=None&ppn=None&ssid=iyxhq3ylts0000001790676219762&qH=a5594894156db043&ov_redirect=true,2026-09-29
428,"Infinix SMART 8 HD (Timber Black, 64 GB)",Infinix,6999,8999,22% off,4.3,"1,624",64,4 GB RAM,64 GB ROM,5000 mAh Battery,T606 Processor,16.76 cm (6.6 inch) HD+ Display,13MP + AI Lens | 8MP Front Camera,,https://www.flipkart.com/infinix-smart-8-hd-timber-black-64-gb/p/itm709d885ba6ac1?pid=MOBHY9R9BAHDVRVP&lid=LSTMOBHY9R9BAHDVRVPZJMQH6&marketplace=FLIPKART&q=smart+phones&store=tyy%2F4io&srno=s_18_428&otracker=search&fm=organic&iid=affd6821-b5ec-4303-adb7-a38bcd69cc33.MOBHY9R9BAHDVRVP.SEARCH&ppt=None&ppn=None&ssid=iyxhq3ylts0000001790676219762&qH=a5594894156db043&ov_redirect=true,2026-09-29
429,"Infinix SMART 20 (Shadow Black, 64 GB)",Infinix,13499,19999,32% off,3.9,287,33,4 GB RAM,64 GB ROM,5200 mAh Battery,Helio G81 Ultimate Processor,17.22 cm (6.78 inch) HD+ Display,8MP Rear Camera | 8MP Front Camera,,https://www.flipkart.com/infinix-smart-20-shadow-black-64-gb/p/itmf761cd49f9162?pid=MOBHNMEEJVRS9GJG&lid=LSTMOBHNMEEJVRS9GJG6RX37Q&marketplace=FLIPKART&q=smart+phones&store=tyy%2F4io&srno=s_18_429&otracker=search&fm=organic&iid=affd6821-b5ec-4303-adb7-a38bcd69cc33.MOBHNMEEJVRS9GJG.SEARCH&ppt=None&ppn=None&ssid=iyxhq3ylts0000001790676219762&qH=a5594894156db043&ov_redirect=true,2026-09-29
430,"Samsung Galaxy F17 5G (Violet Pop, 128 GB)",Samsung,22923,30999,26% off,4.2,261,22,6 GB RAM,128 GB ROM,5000 mAh Battery,Exynos 1330 Processor,17.02 cm (6.7 inch) Full HD+ Display,50MP + 5MP | 13MP Front Camera,,https://www.flipkart.com/samsung-galaxy-f17-5g-violet-pop-128-gb/p/itmead495c48e859?pid=MOBHF6KMQQECNVHN&lid=LSTMOBHF6KMQQECNVHNSVFII7&marketplace=FLIPKART&q=smart+phones&store=tyy%2F4io&srno=s_18_430&otracker=search&fm=organic&iid=affd6821-b5ec-4303-adb7-a38bcd69cc33.MOBHF6KMQQECNVHN.SEARCH&ppt=None&ppn=None&ssid=iyxhq3ylts0000001790676219762&qH=a5594894156db043&ov_redirect=true,2026-09-29
431,"vivo T5x 5G (Flame Red, 128 GB)",vivo,30999,50999,39% off,4.4,"25,590","1,913",8 GB RAM,128 GB ROM,7200 mAh Li-ion Battery,Dimensity 7400-Turbo Processor,17.17 cm (6.76 inch) Display,50MP + 2MP | 32MP Front Camera,,https://www.flipkart.com/vivo-t5x-5g-flame-red-128-gb/p/itm7da8aa253e72b?pid=MOBHQC8ZUTJQHYZY&lid=LSTMOBHQC8ZUTJQHYZYFO0IO9&marketplace=FLIPKART&q=smart+phones&store=tyy%2F4io&srno=s_18_431&otracker=search&fm=organic&iid=affd6821-b5ec-4303-adb7-a38bcd69cc33.MOBHQC8ZUTJQHYZY.SEARCH&ppt=None&ppn=None&ssid=iyxhq3ylts0000001790676219762&qH=a5594894156db043&ov_redirect=true,2026-09-29
432,"POCO M6 5G (Polaris Green, 64 GB)",POCO,11899,11999,,4.1,"1,40,137","7,198",4 GB RAM,64 GB ROM,5000 mAh Battery,Mediatek Dimensity 6100+ Processor,17.12 cm (6.74 inch) HD+ Display,50MP Rear Camera | 5MP Front Camera,,https://www.flipkart.com/poco-m6-5g-polaris-green-64-gb/p/itm59919781c6f8e?pid=MOBH92ADXHPMEMDK&lid=LSTMOBH92ADXHPMEMDKDA63SU&marketplace=FLIPKART&q=smart+phones&store=tyy%2F4io&srno=s_18_432&otracker=search&fm=organic&iid=affd6821-b5ec-4303-adb7-a38bcd69cc33.MOBH92ADXHPMEMDK.SEARCH&ppt=None&ppn=None&ssid=iyxhq3ylts0000001790676219762&qH=a5594894156db043&ov_redirect=true,2026-09-29
433,"MOTOROLA g37 power (PANTONE Impenetrable, 128 GB)",MOTOROLA,25999,37999,31% off,4.1,"2,601",207,8 GB RAM,128 GB ROM,7000 mAh Battery,Dimensity 6400 Processor,16.92 cm (6.66 inch) HD+ Display,50MP Rear Camera | 8MP Front Camera,,https://www.flipkart.com/motorola-g37-power-pantone-impenetrable-128-gb/p/itme156c3f7d6280?pid=MOBHMX5Y6G5HKRFS&lid=LSTMOBHMX5Y6G5HKRFSN2GAKT&marketplace=FLIPKART&q=smart+phones&store=tyy%2F4io&srno=s_19_433&otracker=search&fm=organic&iid=87b46bcf-4043-420d-ae7d-a99395ffab1b.MOBHMX5Y6G5HKRFS.SEARCH&ppt=None&ppn=None&ssid=n27zk5ty280000001790676222446&qH=a5594894156db043&ov_redirect=true,2026-09-29
434,"POCO M7 Plus 5G (Chrome Silver, 128 GB)",POCO,16999,,,4.2,"12,904",985,6 GB RAM,128 GB ROM,7000 mAh Battery,Snapdragon 6s Gen 3 5G Processor,17.53 cm (6.9 inch) Full HD+ Display,50MP AI Dual Camera | 8MP Front Camera,5G,https://www.flipkart.com/poco-m7-plus-5g-chrome-silver-128-gb/p/itm2fbc82f08965c?pid=MOBHETX6TDHCH3VV&lid=LSTMOBHETX6TDHCH3VVSGACMS&marketplace=FLIPKART&q=smart+phones&store=tyy%2F4io&srno=s_19_434&otracker=search&fm=organic&iid=87b46bcf-4043-420d-ae7d-a99395ffab1b.MOBHETX6TDHCH3VV.SEARCH&ppt=None&ppn=None&ssid=n27zk5ty280000001790676222446&qH=a5594894156db043&ov_redirect=true,2026-09-29
435,"MOTOROLA g max (PANTONE Malaga, 128 GB)",MOTOROLA,25999,42999,39% off,,,,4 GB RAM,128 GB ROM,7000 mAh Battery,Snapdragon 6s Gen 4 Processor,17.07 cm (6.72 inch) Full HD+ Display,50MP + 8MP | 32MP Front Camera,,https://www.flipkart.com/motorola-g-max-pantone-malaga-128-gb/p/itm977d240c919dd?pid=MOBHPR97RGZJSE7X&lid=LSTMOBHPR97RGZJSE7XA8XJIH&marketplace=FLIPKART&q=smart+phones&store=tyy%2F4io&srno=s_19_435&otracker=search&fm=organic&iid=87b46bcf-4043-420d-ae7d-a99395ffab1b.MOBHPR97RGZJSE7X.SEARCH&ppt=None&ppn=None&ssid=n27zk5ty280000001790676222446&qH=a5594894156db043&ov_redirect=true,2026-09-29
436,"realme C71 (Sea Blue, 64 GB)",realme,13899,13999,,4.2,"1,605",77,4 GB RAM,64 GB ROM,6300 mAh Battery,T7250 Processor,17.14 cm (6.75 inch) HD+ Display,13MP Rear Camera | 5MP Front Camera,,https://www.flipkart.com/realme-c71-sea-blue-64-gb/p/itm920c5c8761871?pid=MOBHHY7VEMZ9KGBM&lid=LSTMOBHHY7VEMZ9KGBMDJJELD&marketplace=FLIPKART&q=smart+phones&store=tyy%2F4io&srno=s_19_436&otracker=search&fm=organic&iid=87b46bcf-4043-420d-ae7d-a99395ffab1b.MOBHHY7VEMZ9KGBM.SEARCH&ppt=None&ppn=None&ssid=n27zk5ty280000001790676222446&qH=a5594894156db043&ov_redirect=true,2026-09-29
437,"Tecno Spark Go 3 (Titanium Grey, 64 GB)",Tecno,12499,15999,21% off,4.1,217,15,4 GB RAM,64 GB ROM,5000 mAh Lithium Polymer Battery,T7250 Processor,17.12 cm (6.74 inch) HD+ Display,13MP Rear Camera | 8MP Front Camera,,https://www.flipkart.com/tecno-spark-go-3-titanium-grey-64-gb/p/itma9c8f128a61c6?pid=MOBHP2QY7GH4XWWS&lid=LSTMOBHP2QY7GH4XWWSUZBT2N&marketplace=FLIPKART&q=smart+phones&store=tyy%2F4io&srno=s_19_437&otracker=search&fm=organic&iid=en_8idkCcLhhsySCGnHwWQGVMpFnQIILgkthXanAZ05AqSFyY4Kg6F_lFLKzWD1u5dYxuSl-jfu2FRRD3-px9HFb5LgCDLd29XPfHChd2SlxWup0oH_vSC0y0_-6E4pRoQn&ppt=None&ppn=None&ssid=n27zk5ty280000001790676222446&qH=a5594894156db043&ov_redirect=true,2026-09-29
438,"Tecno Spark Go 3 (Ink Black, 64 GB)",Tecno,12499,15999,21% off,4.1,217,15,4 GB RAM,64 GB ROM,5000 mAh Lithium Polymer Battery,T7250 Processor,17.12 cm (6.74 inch) HD+ Display,13MP Rear Camera | 8MP Front Camera,,https://www.flipkart.com/tecno-spark-go-3-ink-black-64-gb/p/itma9c8f128a61c6?pid=MOBHP2QYCXZZE3CM&lid=LSTMOBHP2QYCXZZE3CMWW64IB&marketplace=FLIPKART&q=smart+phones&store=tyy%2F4io&srno=s_19_438&otracker=search&fm=organic&iid=en_8idkCcLhhsySCGnHwWQGVMpFnQIILgkthXanAZ05AqRn-9aV5o9h-wVtn5TRl6t1wfAu6s5c53i2tmuGS82SuJLgCDLd29XPfHChd2SlxWup0oH_vSC0y0_-6E4pRoQn&ppt=None&ppn=None&ssid=n27zk5ty280000001790676222446&qH=a5594894156db043&ov_redirect=true,2026-09-29
439,"Mivi One 5G (Blue, 128 GB)",Mivi,12999,21999,40% off,,,,4 GB RAM,128 GB ROM,6000 mAh Lithium Polymer Battery,Snapdragon 4 Gen 2 Processor,17.14 cm (6.75 inch) HD+ Display,50MP Rear Camera | 8MP Front Camera,,https://www.flipkart.com/mivi-one-5g-blue-128-gb/p/itmde179056e0187?pid=MOBHR3ZP5ZJG8EXR&lid=LSTMOBHR3ZP5ZJG8EXR1KOC6G&marketplace=FLIPKART&q=smart+phones&store=tyy%2F4io&srno=s_19_439&otracker=search&fm=organic&iid=87b46bcf-4043-420d-ae7d-a99395ffab1b.MOBHR3ZP5ZJG8EXR.SEARCH&ppt=None&ppn=None&ssid=n27zk5ty280000001790676222446&qH=a5594894156db043&ov_redirect=true,2026-09-29
440,"realme P4 5G (Engine Blue, 128 GB)",realme,30999,45999,32% off,4.4,"23,505","1,984",8 GB RAM,128 GB ROM,7000 mAh Battery,Mediatek Dimensity 7400 Processor,17.2 cm (6.77 inch) Display,50MP + 8MP | 16MP Front Camera,,https://www.flipkart.com/realme-p4-5g-engine-blue-128-gb/p/itmf836e6de035a5?pid=MOBHN7A8QEJGGUXU&lid=LSTMOBHN7A8QEJGGUXUZ0BP22&marketplace=FLIPKART&q=smart+phones&store=tyy%2F4io&srno=s_19_440&otracker=search&fm=organic&iid=87b46bcf-4043-420d-ae7d-a99395ffab1b.MOBHN7A8QEJGGUXU.SEARCH&ppt=None&ppn=None&ssid=n27zk5ty280000001790676222446&qH=a5594894156db043&ov_redirect=true,2026-09-29
441,"Nothing Phone (4a) (Blue, 256 GB)",Nothing,50999,65999,22% off,4.5,"1,557",154,12 GB RAM,256 GB ROM,5400 mAh Lithium ion Battery,Snapdragon 7s Gen 4 Processor,17.22 cm (6.78 inch) Full HD+ AMOLED Display,50MP + 50MP + 8MP | 32MP Front Camera,,https://www.flipkart.com/nothing-phone-4a-blue-256-gb/p/itm4d8bff10483ce?pid=MOBHZAWYVBT49JSC&lid=LSTMOBHZAWYVBT49JSCVGV7BF&marketplace=FLIPKART&q=smart+phones&store=tyy%2F4io&srno=s_19_441&otracker=search&fm=organic&iid=87b46bcf-4043-420d-ae7d-a99395ffab1b.MOBHZAWYVBT49JSC.SEARCH&ppt=None&ppn=None&ssid=n27zk5ty280000001790676222446&qH=a5594894156db043&ov_redirect=true,2026-09-29
442,"MOTOROLA g max (PANTONE Alaskan Blue, 128 GB)",MOTOROLA,25999,42999,39% off,,,,4 GB RAM,128 GB ROM,7000 mAh Battery,Snapdragon 6s Gen 4 Processor,17.07 cm (6.72 inch) Full HD+ Display,50MP + 8MP | 32MP Front Camera,,https://www.flipkart.com/motorola-g-max-pantone-alaskan-blue-128-gb/p/itm8262d28cc372f?pid=MOBHPR97WZGCHK6F&lid=LSTMOBHPR97WZGCHK6FLR4TQC&marketplace=FLIPKART&q=smart+phones&store=tyy%2F4io&srno=s_19_442&otracker=search&fm=organic&iid=87b46bcf-4043-420d-ae7d-a99395ffab1b.MOBHPR97WZGCHK6F.SEARCH&ppt=None&ppn=None&ssid=n27zk5ty280000001790676222446&qH=a5594894156db043&ov_redirect=true,2026-09-29
443,"Samsung Galaxy F14 5G (GOAT Green, 128 GB)",Samsung,13999,18490,24% off,4.2,"1,21,374","9,068",6 GB RAM,128 GB ROM,6000 mAh Battery,"Exynos 1330, Octa Core Processor",16.76 cm (6.6 inch) Full HD+ Display,50MP + 2MP | 13MP Front Camera,,https://www.flipkart.com/samsung-galaxy-f14-5g-goat-green-128-gb/p/itm032d1a69999cc?pid=MOBGNBFNDPGNJ7HY&lid=LSTMOBGNBFNDPGNJ7HYRPBKKO&marketplace=FLIPKART&q=smart+phones&store=tyy%2F4io&srno=s_19_443&otracker=search&fm=organic&iid=87b46bcf-4043-420d-ae7d-a99395ffab1b.MOBGNBFNDPGNJ7HY.SEARCH&ppt=None&ppn=None&ssid=n27zk5ty280000001790676222446&qH=a5594894156db043&ov_redirect=true,2026-09-29
444,"MOTOROLA g37 power (PANTONE Impenetrable, 128 GB)",MOTOROLA,21999,30499,27% off,4.2,"9,411",844,4 GB RAM,128 GB ROM,7000 mAh Battery,Dimensity 6400 Processor,16.92 cm (6.66 inch) HD+ Display,50MP Rear Camera | 8MP Front Camera,,https://www.flipkart.com/motorola-g37-power-pantone-impenetrable-128-gb/p/itm566f6ada1190f?pid=MOBHHVFYC3QU3CAQ&lid=LSTMOBHHVFYC3QU3CAQGXXTZS&marketplace=FLIPKART&q=smart+phones&store=tyy%2F4io&srno=s_19_444&otracker=search&fm=organic&iid=87b46bcf-4043-420d-ae7d-a99395ffab1b.MOBHHVFYC3QU3CAQ.SEARCH&ppt=None&ppn=None&ssid=n27zk5ty280000001790676222446&qH=a5594894156db043&ov_redirect=true,2026-09-29
445,"POCO X8 Pro Max (Blue, 512 GB)",POCO,52999,61999,14% off,4.5,"2,049",417,12 GB RAM,512 GB ROM,9000 mAh Lithium-Ion Polymer With Silicon Carbon Technology Battery,Dimensity 9500s Processor,17.35 cm (6.83 inch) Full HD+ AMOLED Display,50MP + 8MP | 20MP Front Camera,,https://www.flipkart.com/poco-x8-pro-max-blue-512-gb/p/itmfc8cc712fe4a5?pid=MOBHMGG5SQZQXZF9&lid=LSTMOBHMGG5SQZQXZF9RRS7LL&marketplace=FLIPKART&q=smart+phones&store=tyy%2F4io&srno=s_19_445&otracker=search&fm=organic&iid=87b46bcf-4043-420d-ae7d-a99395ffab1b.MOBHMGG5SQZQXZF9.SEARCH&ppt=None&ppn=None&ssid=n27zk5ty280000001790676222446&qH=a5594894156db043&ov_redirect=true,2026-09-29
446,"vivo T4R 5G (Twilight Blue, 128 GB)",vivo,22999,23499,2% off,4.4,"55,247","3,853",8 GB RAM,128 GB ROM,5700 mAh Battery,Dimensity 7400 5G Processor,17.2 cm (6.77 inch) Full HD+ Display,50MP (OIS) + 2MP | 32MP Front Camera,5G,https://www.flipkart.com/vivo-t4r-5g-twilight-blue-128-gb/p/itm3a5653667cb9c?pid=MOBHE49GBV6UYFZ5&lid=LSTMOBHE49GBV6UYFZ5KZZ7IG&marketplace=FLIPKART&q=smart+phones&store=tyy%2F4io&srno=s_19_446&otracker=search&fm=organic&iid=87b46bcf-4043-420d-ae7d-a99395ffab1b.MOBHE49GBV6UYFZ5.SEARCH&ppt=None&ppn=None&ssid=n27zk5ty280000001790676222446&qH=a5594894156db043&ov_redirect=true,2026-09-29
447,"vivo T4 5G (Emerald Blaze, 128 GB)",vivo,24999,25999,3% off,4.4,"81,957","5,318",8 GB RAM,128 GB ROM,7300 mAh Battery,Snapdragon 7s Gen 3 5G Processor,17.2 cm (6.77 inch) Display,50MP (OIS) + 2MP | 32MP Front Camera,5G,https://www.flipkart.com/vivo-t4-5g-emerald-blaze-128-gb/p/itmc2634fd4daeb9?pid=MOBHATXZYSHYH6ZP&lid=LSTMOBHATXZYSHYH6ZPWYFGOB&marketplace=FLIPKART&q=smart+phones&store=tyy%2F4io&srno=s_19_447&otracker=search&fm=organic&iid=87b46bcf-4043-420d-ae7d-a99395ffab1b.MOBHATXZYSHYH6ZP.SEARCH&ppt=None&ppn=None&ssid=n27zk5ty280000001790676222446&qH=a5594894156db043&ov_redirect=true,2026-09-29
448,"Infinix SMART 20 (Sunlike Orange, 128 GB)",Infinix,14999,21999,31% off,3.9,287,33,4 GB RAM,128 GB ROM,5200 mAh Battery,Helio G81 Ultimate Processor,17.22 cm (6.78 inch) HD+ Display,8MP Rear Camera | 8MP Front Camera,,https://www.flipkart.com/infinix-smart-20-sunlike-orange-128-gb/p/itmf761cd49f9162?pid=MOBHNMEEFAWCYC5E&lid=LSTMOBHNMEEFAWCYC5EUPDPZ1&marketplace=FLIPKART&q=smart+phones&store=tyy%2F4io&srno=s_19_448&otracker=search&fm=organic&iid=87b46bcf-4043-420d-ae7d-a99395ffab1b.MOBHNMEEFAWCYC5E.SEARCH&ppt=None&ppn=None&ssid=n27zk5ty280000001790676222446&qH=a5594894156db043&ov_redirect=true,2026-09-29
449,"Samsung Galaxy F17 5G (Violet Pop, 128 GB)",Samsung,20141,28999,30% off,4.1,362,34,4 GB RAM,128 GB ROM,5000 mAh Battery,Exynos 1330 Processor,17.02 cm (6.7 inch) Full HD+ Display,50MP + 5MP | 13MP Front Camera,,https://www.flipkart.com/samsung-galaxy-f17-5g-violet-pop-128-gb/p/itmeba452a75d14c?pid=MOBHF6KMGBPWSUR9&lid=LSTMOBHF6KMGBPWSUR9ZHUUBY&marketplace=FLIPKART&q=smart+phones&store=tyy%2F4io&srno=s_19_449&otracker=search&fm=organic&iid=87b46bcf-4043-420d-ae7d-a99395ffab1b.MOBHF6KMGBPWSUR9.SEARCH&ppt=None&ppn=None&ssid=n27zk5ty280000001790676222446&qH=a5594894156db043&ov_redirect=true,2026-09-29
450,"Tecno Spark Go 3 (Titanium Grey, 64 GB)",Tecno,12499,15999,21% off,4.1,217,15,4 GB RAM,64 GB ROM,5000 mAh Lithium Polymer Battery,T7250 Processor,17.12 cm (6.74 inch) HD+ Display,13MP Rear Camera | 8MP Front Camera,,https://www.flipkart.com/tecno-spark-go-3-titanium-grey-64-gb/p/itma9c8f128a61c6?pid=MOBHP2QY7GH4XWWS&lid=LSTMOBHP2QY7GH4XWWSUZBT2N&marketplace=FLIPKART&q=smart+phones&store=tyy%2F4io&srno=s_19_450&otracker=search&fm=organic&iid=87b46bcf-4043-420d-ae7d-a99395ffab1b.MOBHP2QY7GH4XWWS.SEARCH&ppt=None&ppn=None&ssid=n27zk5ty280000001790676222446&qH=a5594894156db043&ov_redirect=true,2026-09-29
451,"realme 15 5G (Velvet Green, 128 GB)",realme,29999,,,4.4,"11,370","1,221",8 GB RAM,128 GB ROM,7000 mAh Battery,Mediatek Dimensity 7300+ 5G Processor,17.27 cm (6.8 inch) Full HD+ Display,50MP + 8MP | 50MP Front Camera,5G,https://www.flipkart.com/realme-15-5g-velvet-green-128-gb/p/itme9581fbd0e97a?pid=MOBHDUKFAKEGZWJK&lid=LSTMOBHDUKFAKEGZWJKJXGD9L&marketplace=FLIPKART&q=smart+phones&store=tyy%2F4io&srno=s_19_451&otracker=search&fm=organic&iid=87b46bcf-4043-420d-ae7d-a99395ffab1b.MOBHDUKFAKEGZWJK.SEARCH&ppt=None&ppn=None&ssid=n27zk5ty280000001790676222446&qH=a5594894156db043&ov_redirect=true,2026-09-29
452,"realme P4 5G (Forge Red, 128 GB)",realme,30999,45999,32% off,4.4,"23,505","1,984",8 GB RAM,128 GB ROM,7000 mAh Battery,Mediatek Dimensity 7400 Processor,17.2 cm (6.77 inch) Display,50MP + 8MP | 16MP Front Camera,,https://www.flipkart.com/realme-p4-5g-forge-red-128-gb/p/itmf836e6de035a5?pid=MOBHN7A83XGZRHUK&lid=LSTMOBHN7A83XGZRHUKZJSQ1X&marketplace=FLIPKART&q=smart+phones&store=tyy%2F4io&srno=s_19_452&otracker=search&fm=organic&iid=87b46bcf-4043-420d-ae7d-a99395ffab1b.MOBHN7A83XGZRHUK.SEARCH&ppt=None&ppn=None&ssid=n27zk5ty280000001790676222446&qH=a5594894156db043&ov_redirect=true,2026-09-29
453,"POCO X8 5G (Fiery Orange, 128 GB)",POCO,29999,64999,53% off,4.6,240,157,6 GB RAM,128 GB ROM,9000 mAh Lithium-Ion Polymer Battery,6s Gen 4 Processor,17.35 cm (6.83 inch) Full HD+ AMOLED Display,50MP + 2MP | 16MP Front Camera,,https://www.flipkart.com/poco-x8-5g-fiery-orange-128-gb/p/itm3c8ff16f2d0ba?pid=MOBHQ6XZZZAYHCZV&lid=LSTMOBHQ6XZZZAYHCZV4O3DHJ&marketplace=FLIPKART&q=smart+phones&store=tyy%2F4io&srno=s_19_453&otracker=search&fm=organic&iid=87b46bcf-4043-420d-ae7d-a99395ffab1b.MOBHQ6XZZZAYHCZV.SEARCH&ppt=None&ppn=None&ssid=n27zk5ty280000001790676222446&qH=a5594894156db043&ov_redirect=true,2026-09-29
454,"Motorola g54 5G (Mint Green, 128 GB)",Motorola,17999,,,4.2,"1,00,952","8,965",8 GB RAM,128 GB ROM,6000 mAh Battery,Dimensity 7020 Processor,16.51 cm (6.5 inch) Full HD+ Display,50MP (OIS) + 8MP | 16MP Front Camera,,https://www.flipkart.com/motorola-g54-5g-mint-green-128-gb/p/itmfc12683043bbc?pid=MOBGQFX8Z3ZCDZZ7&lid=LSTMOBGQFX8Z3ZCDZZ7FOOELB&marketplace=FLIPKART&q=smart+phones&store=tyy%2F4io&srno=s_19_454&otracker=search&fm=organic&iid=87b46bcf-4043-420d-ae7d-a99395ffab1b.MOBGQFX8Z3ZCDZZ7.SEARCH&ppt=None&ppn=None&ssid=n27zk5ty280000001790676222446&qH=a5594894156db043&ov_redirect=true,2026-09-29
455,"Infinix Hot 50 5G (Sleek Black, 128 GB)",Infinix,10999,14999,26% off,4.3,"17,398","1,326",8 GB RAM,128 GB ROM,5000 mAh Lithium-ion Polymer Battery,Dimensity 6300 Processor,17.02 cm (6.7 inch) HD+ Display,48MP + Depth Sensor | 8MP Front Camera,,https://www.flipkart.com/infinix-hot-50-5g-sleek-black-128-gb/p/itm61d8bc127842c?pid=MOBH45FZSETQ3KMG&lid=LSTMOBH45FZSETQ3KMGKEMMXU&marketplace=FLIPKART&q=smart+phones&store=tyy%2F4io&srno=s_19_455&otracker=search&fm=organic&iid=87b46bcf-4043-420d-ae7d-a99395ffab1b.MOBH45FZSETQ3KMG.SEARCH&ppt=None&ppn=None&ssid=n27zk5ty280000001790676222446&qH=a5594894156db043&ov_redirect=true,2026-09-29
456,"OPPO K14x 5G 6500mAh and 45W SUPERVOOC Charger & AI (Prism Violet, 128 GB)",OPPO,21999,35999,38% off,4.3,"8,212",915,4 GB RAM,128 GB ROM,6500 mAh Battery,Dimensity 6300 Processor,17.14 cm (6.75 inch) HD+ Display,,,https://www.flipkart.com/oppo-k14x-5g-6500mah-45w-supervooc-charger-ai-prism-violet-128-gb/p/itmdcac5ae642971?pid=MOBHPHSHZ7GRRXNA&lid=LSTMOBHPHSHZ7GRRXNA30X6M9&marketplace=FLIPKART&q=smart+phones&store=tyy%2F4io&srno=s_19_456&otracker=search&fm=organic&iid=87b46bcf-4043-420d-ae7d-a99395ffab1b.MOBHPHSHZ7GRRXNA.SEARCH&ppt=None&ppn=None&ssid=n27zk5ty280000001790676222446&qH=a5594894156db043&ov_redirect=true,2026-09-29
457,"Tecno Spark Go 3 (Galaxy Blue, 64 GB)",Tecno,12499,15999,21% off,4.1,217,15,4 GB RAM,64 GB ROM,5000 mAh Lithium Polymer Battery,T7250 Processor,17.12 cm (6.74 inch) HD+ Display,13MP Rear Camera | 8MP Front Camera,,https://www.flipkart.com/tecno-spark-go-3-galaxy-blue-64-gb/p/itma9c8f128a61c6?pid=MOBHP2QYFPVRGYKZ&lid=LSTMOBHP2QYFPVRGYKZGBFHIL&marketplace=FLIPKART&q=smart+phones&store=tyy%2F4io&srno=s_20_457&otracker=search&fm=organic&iid=018c280f-9da0-4d0b-b8b6-cf4552e60d72.MOBHP2QYFPVRGYKZ.SEARCH&ppt=None&ppn=None&ssid=p0fqmpl6s00000001790676225217&qH=a5594894156db043&ov_redirect=true,2026-09-29
458,"POCO M7 5G (Mint Green, 128 GB)",POCO,12499,12999,3% off,4.1,"77,566","4,384",6 GB RAM,128 GB ROM,5160 mAh Battery,4 Gen 2 5G Processor,17.48 cm (6.88 inch) HD+ Display,50MP Rear Camera | 8MP Front Camera,5G,https://www.flipkart.com/poco-m7-5g-mint-green-128-gb/p/itm55887907a1c02?pid=MOBH9HFJFR4FYHNJ&lid=LSTMOBH9HFJFR4FYHNJVOMMEX&marketplace=FLIPKART&q=smart+phones&store=tyy%2F4io&srno=s_20_458&otracker=search&fm=organic&iid=018c280f-9da0-4d0b-b8b6-cf4552e60d72.MOBH9HFJFR4FYHNJ.SEARCH&ppt=None&ppn=None&ssid=p0fqmpl6s00000001790676225217&qH=a5594894156db043&ov_redirect=true,2026-09-29
459,"Samsung Galaxy F17 5G (Violet Pop, 128 GB)",Samsung,18777,19499,3% off,3.7,9,2,8 GB RAM,128 GB ROM,5000 mAh Battery,Exynos 1330 Processor,17.02 cm (6.7 inch) Full HD+ Display,50MP + 5MP | 13MP Front Camera,,https://www.flipkart.com/samsung-galaxy-f17-5g-violet-pop-128-gb/p/itmead495c48e859?pid=MOBHKFZRYF4JXXM4&lid=LSTMOBHKFZRYF4JXXM4WUVJPO&marketplace=FLIPKART&q=smart+phones&store=tyy%2F4io&srno=s_20_459&otracker=search&fm=organic&iid=018c280f-9da0-4d0b-b8b6-cf4552e60d72.MOBHKFZRYF4JXXM4.SEARCH&ppt=None&ppn=None&ssid=p0fqmpl6s00000001790676225217&qH=a5594894156db043&ov_redirect=true,2026-09-29
460,"Motorola e13 (Aurora Green, 64 GB)",Motorola,10999,,,4.1,"1,05,740","7,726",4 GB RAM,64 GB ROM,5000 mAh Battery,Unisoc T606 Processor,16.51 cm (6.5 inch) HD+ Display,13MP Rear Camera | 5MP Front Camera,,https://www.flipkart.com/motorola-e13-aurora-green-64-gb/p/itmb52d8f826cd9a?pid=MOBGKHNBA55HDSZR&lid=LSTMOBGKHNBA55HDSZRHOAFME&marketplace=FLIPKART&q=smart+phones&store=tyy%2F4io&srno=s_20_460&otracker=search&fm=organic&iid=018c280f-9da0-4d0b-b8b6-cf4552e60d72.MOBGKHNBA55HDSZR.SEARCH&ppt=None&ppn=None&ssid=p0fqmpl6s00000001790676225217&qH=a5594894156db043&ov_redirect=true,2026-09-29
461,"Infinix SMART 8 HD (Galaxy White, 64 GB)",Infinix,6699,7999,16% off,4.3,"41,511","2,729",3 GB RAM,64 GB ROM,5000 mAh Battery,T606 Processor,16.76 cm (6.6 inch) HD+ Display,13MP + AI Lens | 8MP Front Camera,,https://www.flipkart.com/infinix-smart-8-hd-galaxy-white-64-gb/p/itm709d885ba6ac1?pid=MOBGVAPX2VJGYWZP&lid=LSTMOBGVAPX2VJGYWZP0HJ6TW&marketplace=FLIPKART&q=smart+phones&store=tyy%2F4io&srno=s_20_461&otracker=search&fm=organic&iid=018c280f-9da0-4d0b-b8b6-cf4552e60d72.MOBGVAPX2VJGYWZP.SEARCH&ppt=None&ppn=None&ssid=p0fqmpl6s00000001790676225217&qH=a5594894156db043&ov_redirect=true,2026-09-29
462,"POCO X7 5G (Cosmic Silver, 256 GB)",POCO,19999,27999,28% off,4.3,"29,052","2,686",8 GB RAM,256 GB ROM,5500 mAh Battery,Dimensity 7300 Ultra Processor,16.94 cm (6.67 inch) Full HD+ Display,50MP + 8MP + 2MP | 20MP Front Camera,,https://www.flipkart.com/poco-x7-5g-cosmic-silver-256-gb/p/itmdfee46549bede?pid=MOBH7YZ9DHHSMGHN&lid=LSTMOBH7YZ9DHHSMGHNLSVOU3&marketplace=FLIPKART&q=smart+phones&store=tyy%2F4io&srno=s_20_462&otracker=search&fm=organic&iid=018c280f-9da0-4d0b-b8b6-cf4552e60d72.MOBH7YZ9DHHSMGHN.SEARCH&ppt=None&ppn=None&ssid=p0fqmpl6s00000001790676225217&qH=a5594894156db043&ov_redirect=true,2026-09-29
463,"realme C61 (Marble Black, 128 GB)",realme,8199,10999,25% off,4.3,"17,961",749,6 GB RAM,128 GB ROM,5000 mAh Battery,T612 Processor,17.13 cm (6.745 inch) HD+ Display,32MP Rear Camera | 5MP Front Camera,,https://www.flipkart.com/realme-c61-marble-black-128-gb/p/itmd6ddbcefce040?pid=MOBHFRKRQMD36FZ5&lid=LSTMOBHFRKRQMD36FZ5ZLCIIC&marketplace=FLIPKART&q=smart+phones&store=tyy%2F4io&srno=s_20_463&otracker=search&fm=organic&iid=018c280f-9da0-4d0b-b8b6-cf4552e60d72.MOBHFRKRQMD36FZ5.SEARCH&ppt=None&ppn=None&ssid=p0fqmpl6s00000001790676225217&qH=a5594894156db043&ov_redirect=true,2026-09-29
464,"POCO X8 5G (Fiery Orange, 256 GB)",POCO,35999,74999,52% off,4.3,45,11,8 GB RAM,256 GB ROM,9000 mAh Lithium-Ion Polymer Battery,6s Gen 4 Processor,17.35 cm (6.83 inch) Full HD+ AMOLED Display,50MP + 2MP | 16MP Front Camera,,https://www.flipkart.com/poco-x8-5g-fiery-orange-256-gb/p/itme804d92a8b9b4?pid=MOBHQ6XZGNCJKYDN&lid=LSTMOBHQ6XZGNCJKYDN1ECRVL&marketplace=FLIPKART&q=smart+phones&store=tyy%2F4io&srno=s_20_464&otracker=search&fm=organic&iid=018c280f-9da0-4d0b-b8b6-cf4552e60d72.MOBHQ6XZGNCJKYDN.SEARCH&ppt=None&ppn=None&ssid=p0fqmpl6s00000001790676225217&qH=a5594894156db043&ov_redirect=true,2026-09-29
465,"realme C100i (Midnight Black, 64 GB)",realme,16499,25999,36% off,4.1,46,7,4 GB RAM,64 GB ROM,6500 mAh lithium-ion polymer Battery,T7250 Processor,17.14 cm (6.75 inch) HD+ Display,8MP Rear Camera | 5MP Front Camera,,https://www.flipkart.com/realme-c100i-midnight-black-64-gb/p/itm906b09160c2d6?pid=MOBHQFDAEZCFZUB8&lid=LSTMOBHQFDAEZCFZUB8TTHRO7&marketplace=FLIPKART&q=smart+phones&store=tyy%2F4io&srno=s_20_465&otracker=search&fm=organic&iid=018c280f-9da0-4d0b-b8b6-cf4552e60d72.MOBHQFDAEZCFZUB8.SEARCH&ppt=None&ppn=None&ssid=p0fqmpl6s00000001790676225217&qH=a5594894156db043&ov_redirect=true,2026-09-29
466,"POCO X8 Pro Max (White, 256 GB)",POCO,48999,57999,15% off,4.5,"2,049",417,12 GB RAM,256 GB ROM,9000 mAh Lithium-Ion Polymer With Silicon Carbon Technology Battery,Dimensity 9500s Processor,17.35 cm (6.83 inch) Full HD+ AMOLED Display,50MP + 8MP | 20MP Front Camera,,https://www.flipkart.com/poco-x8-pro-max-white-256-gb/p/itm38fa4fd504c3f?pid=MOBHMGG5YF569YNY&lid=LSTMOBHMGG5YF569YNYPQLFPD&marketplace=FLIPKART&q=smart+phones&store=tyy%2F4io&srno=s_20_466&otracker=search&fm=organic&iid=018c280f-9da0-4d0b-b8b6-cf4552e60d72.MOBHMGG5YF569YNY.SEARCH&ppt=None&ppn=None&ssid=p0fqmpl6s00000001790676225217&qH=a5594894156db043&ov_redirect=true,2026-09-29
467,"vivo T5x 5G (Flame Red, 256 GB)",vivo,34999,56999,38% off,4.4,"25,590","1,913",8 GB RAM,256 GB ROM,7200 mAh Li-ion Battery,Dimensity 7400-Turbo Processor,17.17 cm (6.76 inch) Display,50MP + 2MP | 32MP Front Camera,,https://www.flipkart.com/vivo-t5x-5g-flame-red-256-gb/p/itm7da8aa253e72b?pid=MOBHQC8ZHQG8FZ3A&lid=LSTMOBHQC8ZHQG8FZ3AIBPD7I&marketplace=FLIPKART&q=smart+phones&store=tyy%2F4io&srno=s_20_467&otracker=search&fm=organic&iid=018c280f-9da0-4d0b-b8b6-cf4552e60d72.MOBHQC8ZHQG8FZ3A.SEARCH&ppt=None&ppn=None&ssid=p0fqmpl6s00000001790676225217&qH=a5594894156db043&ov_redirect=true,2026-09-29
468,"CMF by Nothing Phone 2 Pro (Black, 128 GB)",CMF,18999,22999,17% off,4.4,"76,248","6,759",8 GB RAM,128 GB ROM,5000 mAh Battery,Dimensity 7300 Pro 5G Processor,17.2 cm (6.77 inch) Full HD+ Display,50MP + 50MP + 8MP | 16MP Front Camera,5G,https://www.flipkart.com/cmf-nothing-phone-2-pro-black-128-gb/p/itm46a119f176627?pid=MOBHAUHA5GRW9FS2&lid=LSTMOBHAUHA5GRW9FS2061ZQX&marketplace=FLIPKART&q=smart+phones&store=tyy%2F4io&srno=s_20_468&otracker=search&fm=organic&iid=018c280f-9da0-4d0b-b8b6-cf4552e60d72.MOBHAUHA5GRW9FS2.SEARCH&ppt=None&ppn=None&ssid=p0fqmpl6s00000001790676225217&qH=a5594894156db043&ov_redirect=true,2026-09-29
469,"realme P4 5G (Forge Red, 128 GB)",realme,25999,40999,36% off,4.4,"23,480","1,972",6 GB RAM,128 GB ROM,7000 mAh Battery,Mediatek Dimensity 7400 Processor,17.2 cm (6.77 inch) Display,50MP + 8MP | 16MP Front Camera,,https://www.flipkart.com/realme-p4-5g-forge-red-128-gb/p/itmf836e6de035a5?pid=MOBHN7A8JHSUZSGH&lid=LSTMOBHN7A8JHSUZSGH23UICQ&marketplace=FLIPKART&q=smart+phones&store=tyy%2F4io&srno=s_20_469&otracker=search&fm=organic&iid=018c280f-9da0-4d0b-b8b6-cf4552e60d72.MOBHN7A8JHSUZSGH.SEARCH&ppt=None&ppn=None&ssid=p0fqmpl6s00000001790676225217&qH=a5594894156db043&ov_redirect=true,2026-09-29
470,"POCO X8 Pro Max (Blue, 256 GB)",POCO,48999,57999,15% off,4.5,"2,049",417,12 GB RAM,256 GB ROM,9000 mAh Lithium-Ion Polymer With Silicon Carbon Technology Battery,Dimensity 9500s Processor,17.35 cm (6.83 inch) Full HD+ AMOLED Display,50MP + 8MP | 20MP Front Camera,,https://www.flipkart.com/poco-x8-pro-max-blue-256-gb/p/itm510ae4b674bbc?pid=MOBHMGG5K67QQ2RY&lid=LSTMOBHMGG5K67QQ2RY5MKC3P&marketplace=FLIPKART&q=smart+phones&store=tyy%2F4io&srno=s_20_470&otracker=search&fm=organic&iid=018c280f-9da0-4d0b-b8b6-cf4552e60d72.MOBHMGG5K67QQ2RY.SEARCH&ppt=None&ppn=None&ssid=p0fqmpl6s00000001790676225217&qH=a5594894156db043&ov_redirect=true,2026-09-29
471,"realme P4 5G (Engine Blue, 128 GB)",realme,25999,,,4.4,"23,480","1,972",6 GB RAM,128 GB ROM,7000 mAh Battery,Mediatek Dimensity 7400 Processor,17.2 cm (6.77 inch) Display,50MP + 8MP | 16MP Front Camera,,https://www.flipkart.com/realme-p4-5g-engine-blue-128-gb/p/itmf836e6de035a5?pid=MOBHHWGMQQDHGHHB&lid=LSTMOBHHWGMQQDHGHHBVATZXL&marketplace=FLIPKART&q=smart+phones&store=tyy%2F4io&srno=s_20_471&otracker=search&fm=organic&iid=018c280f-9da0-4d0b-b8b6-cf4552e60d72.MOBHHWGMQQDHGHHB.SEARCH&ppt=None&ppn=None&ssid=p0fqmpl6s00000001790676225217&qH=a5594894156db043&ov_redirect=true,2026-09-29
472,"Infinix SMART 8 HD (Shiny Gold, 64 GB)",Infinix,6699,7999,16% off,4.3,"41,511","2,729",3 GB RAM,64 GB ROM,5000 mAh Battery,T606 Processor,16.76 cm (6.6 inch) HD+ Display,13MP + AI Lens | 8MP Front Camera,,https://www.flipkart.com/infinix-smart-8-hd-shiny-gold-64-gb/p/itm709d885ba6ac1?pid=MOBGVAPXG4WHFR9M&lid=LSTMOBGVAPXG4WHFR9MJIYCWG&marketplace=FLIPKART&q=smart+phones&store=tyy%2F4io&srno=s_20_472&otracker=search&fm=organic&iid=018c280f-9da0-4d0b-b8b6-cf4552e60d72.MOBGVAPXG4WHFR9M.SEARCH&ppt=None&ppn=None&ssid=p0fqmpl6s00000001790676225217&qH=a5594894156db043&ov_redirect=true,2026-09-29
473,"MOTOROLA G04 (Sunrise Orange, 128 GB)",MOTOROLA,10999,,,4.1,"7,169",519,8 GB RAM,128 GB ROM,5000 mAh Battery,Unisoc T606 Processor,16.76 cm (6.6 inch) HD+ Display,16MP Rear Camera | 5MP Front Camera,,https://www.flipkart.com/motorola-g04-sunrise-orange-128-gb/p/itm4ea5277f581ad?pid=MOBGUFK4HYNKBQWY&lid=LSTMOBGUFK4HYNKBQWYYD0CJZ&marketplace=FLIPKART&q=smart+phones&store=tyy%2F4io&srno=s_20_473&otracker=search&fm=organic&iid=018c280f-9da0-4d0b-b8b6-cf4552e60d72.MOBGUFK4HYNKBQWY.SEARCH&ppt=None&ppn=None&ssid=p0fqmpl6s00000001790676225217&qH=a5594894156db043&ov_redirect=true,2026-09-29
474,"CMF by Nothing Phone 2 Pro (Light Green, 128 GB)",CMF,18999,22999,17% off,4.4,"76,248","6,759",8 GB RAM,128 GB ROM,5000 mAh Battery,Dimensity 7300 Pro 5G Processor,17.2 cm (6.77 inch) Display,50MP + 50MP + 8MP | 16MP Front Camera,5G,https://www.flipkart.com/cmf-nothing-phone-2-pro-light-green-128-gb/p/itm46a119f176627?pid=MOBHAUHADASAEX2G&lid=LSTMOBHAUHADASAEX2GBJ8ZQD&marketplace=FLIPKART&q=smart+phones&store=tyy%2F4io&srno=s_20_474&otracker=search&fm=organic&iid=018c280f-9da0-4d0b-b8b6-cf4552e60d72.MOBHAUHADASAEX2G.SEARCH&ppt=None&ppn=None&ssid=p0fqmpl6s00000001790676225217&qH=a5594894156db043&ov_redirect=true,2026-09-29
475,"Infinix SMART 20 (Sunlike Orange, 64 GB)",Infinix,13499,19999,32% off,3.9,287,33,4 GB RAM,64 GB ROM,5200 mAh Battery,Helio G81 Ultimate Processor,17.22 cm (6.78 inch) HD+ Display,8MP Rear Camera | 8MP Front Camera,,https://www.flipkart.com/infinix-smart-20-sunlike-orange-64-gb/p/itmf761cd49f9162?pid=MOBHNMEEHHA6JFGF&lid=LSTMOBHNMEEHHA6JFGFOAPBH0&marketplace=FLIPKART&q=smart+phones&store=tyy%2F4io&srno=s_20_475&otracker=search&fm=organic&iid=018c280f-9da0-4d0b-b8b6-cf4552e60d72.MOBHNMEEHHA6JFGF.SEARCH&ppt=None&ppn=None&ssid=p0fqmpl6s00000001790676225217&qH=a5594894156db043&ov_redirect=true,2026-09-29
476,"realme GT 8 Pro (Aston Martin Racing Green, 512 GB)",realme,79999,89999,11% off,4.6,111,23,16 GB RAM,512 GB ROM,7000 mAh Battery,8 Elite Gen 5 Processor,17.25 cm (6.79 inch) Quad HD+ Display,50MP + 50MP + 200MP | 32MP Front Camera,,https://www.flipkart.com/realme-gt-8-pro-aston-martin-racing-green-512-gb/p/itm78c31e0a1941f?pid=MOBHHEYXYCACJZPX&lid=LSTMOBHHEYXYCACJZPXHDYAML&marketplace=FLIPKART&q=smart+phones&store=tyy%2F4io&srno=s_20_476&otracker=search&fm=organic&iid=018c280f-9da0-4d0b-b8b6-cf4552e60d72.MOBHHEYXYCACJZPX.SEARCH&ppt=None&ppn=None&ssid=p0fqmpl6s00000001790676225217&qH=a5594894156db043&ov_redirect=true,2026-09-29
477,"OnePlus Nord CE 3 Lite 5G (Chromatic Gray, 128 GB)",OnePlus,15699,19999,21% off,4.4,"1,66,960","8,608",8 GB RAM,128 GB ROM,5000 mAh Battery,,17.07 cm (6.72 inch) Display,108MP Rear Camera,,https://www.flipkart.com/oneplus-nord-ce-3-lite-5g-chromatic-gray-128-gb/p/itm2cd5a4e659035?pid=MOBGZJ42KHUZZKMN&lid=LSTMOBGZJ42KHUZZKMNKFGHDQ&marketplace=FLIPKART&q=smart+phones&store=tyy%2F4io&srno=s_20_477&otracker=search&fm=organic&iid=018c280f-9da0-4d0b-b8b6-cf4552e60d72.MOBGZJ42KHUZZKMN.SEARCH&ppt=None&ppn=None&ssid=p0fqmpl6s00000001790676225217&qH=a5594894156db043&ov_redirect=true,2026-09-29
478,"Infinix SMART 8 HD (Timber Black, 64 GB)",Infinix,6699,7999,16% off,4.3,"41,511","2,729",3 GB RAM,64 GB ROM,5000 mAh Battery,T606 Processor,16.76 cm (6.6 inch) HD+ Display,13MP + AI Lens | 8MP Front Camera,,https://www.flipkart.com/infinix-smart-8-hd-timber-black-64-gb/p/itm709d885ba6ac1?pid=MOBGVAPX8EG26HZW&lid=LSTMOBGVAPX8EG26HZW7NAQCU&marketplace=FLIPKART&q=smart+phones&store=tyy%2F4io&srno=s_20_478&otracker=search&fm=organic&iid=018c280f-9da0-4d0b-b8b6-cf4552e60d72.MOBGVAPX8EG26HZW.SEARCH&ppt=None&ppn=None&ssid=p0fqmpl6s00000001790676225217&qH=a5594894156db043&ov_redirect=true,2026-09-29
479,"Google Pixel 10a (Lavender, 256 GB)",Google,47999,55999,14% off,4.5,"3,159",359,8 GB RAM,256 GB ROM,5100 mAh Lithium Battery,Tensor G4 Processor,16.0 cm (6.3 inch) Full HD+ AMOLED Display,48MP + 13MP | 13MP Front Camera,,https://www.flipkart.com/google-pixel-10a-lavender-256-gb/p/itmba3073a0f391e?pid=MOBHP6CE4EYBUEW9&lid=LSTMOBHP6CE4EYBUEW9IMTJGH&marketplace=FLIPKART&q=smart+phones&store=tyy%2F4io&srno=s_20_479&otracker=search&fm=organic&iid=018c280f-9da0-4d0b-b8b6-cf4552e60d72.MOBHP6CE4EYBUEW9.SEARCH&ppt=None&ppn=None&ssid=p0fqmpl6s00000001790676225217&qH=a5594894156db043&ov_redirect=true,2026-09-29
480,"Motorola e13 (Cosmic Black, 64 GB)",Motorola,6999,9999,30% off,4,"11,814",925,2 GB RAM,64 GB ROM,5000 mAh Battery,Unisoc T606 Processor,16.51 cm (6.5 inch) HD+ Display,13MP Rear Camera | 5MP Front Camera,,https://www.flipkart.com/motorola-e13-cosmic-black-64-gb/p/itmc10aa73e79d04?pid=MOBGKHNB6PCCHQHS&lid=LSTMOBGKHNB6PCCHQHSVL1XN3&marketplace=FLIPKART&q=smart+phones&store=tyy%2F4io&srno=s_20_480&otracker=search&fm=organic&iid=018c280f-9da0-4d0b-b8b6-cf4552e60d72.MOBGKHNB6PCCHQHS.SEARCH&ppt=None&ppn=None&ssid=p0fqmpl6s00000001790676225217&qH=a5594894156db043&ov_redirect=true,2026-09-29
481,"Tecno Spark Go 3 (Ink Black, 64 GB)",Tecno,12499,15999,21% off,4.1,217,15,4 GB RAM,64 GB ROM,5000 mAh Lithium Polymer Battery,T7250 Processor,17.12 cm (6.74 inch) HD+ Display,13MP Rear Camera | 8MP Front Camera,,https://www.flipkart.com/tecno-spark-go-3-ink-black-64-gb/p/itma9c8f128a61c6?pid=MOBHP2QYCXZZE3CM&lid=LSTMOBHP2QYCXZZE3CMWW64IB&marketplace=FLIPKART&q=smart+phones&store=tyy%2F4io&srno=s_21_481&otracker=search&fm=organic&iid=en_I940Sgr3tcGmoa77m7rJ-F732Um4wFJb0EWSE5xPwgrFllgTXaPsHl3jY1w7odPBu-p7FawYTmaPPeu5xWEE1ZLgCDLd29XPfHChd2SlxWsw3nIutgJtKlunAAy66C6o&ppt=None&ppn=None&ssid=e4vn4d23dc0000001790676228047&qH=a5594894156db043&ov_redirect=true,2026-09-29
482,"Samsung Galaxy F17 5G (Violet Pop, 128 GB)",Samsung,20141,28999,30% off,4.1,362,34,4 GB RAM,128 GB ROM,5000 mAh Battery,Exynos 1330 Processor,17.02 cm (6.7 inch) Full HD+ Display,50MP + 5MP | 13MP Front Camera,,https://www.flipkart.com/samsung-galaxy-f17-5g-violet-pop-128-gb/p/itmeba452a75d14c?pid=MOBHF6KMGBPWSUR9&lid=LSTMOBHF6KMGBPWSUR9ZHUUBY&marketplace=FLIPKART&q=smart+phones&store=tyy%2F4io&srno=s_21_482&otracker=search&fm=organic&iid=fd35606b-79e5-41e2-a26d-016deb33edac.MOBHF6KMGBPWSUR9.SEARCH&ppt=None&ppn=None&ssid=e4vn4d23dc0000001790676228047&qH=a5594894156db043&ov_redirect=true,2026-09-29
483,"MOTOROLA g37 power (PANTONE Impenetrable, 128 GB)",MOTOROLA,21999,30499,27% off,4.2,"9,411",844,4 GB RAM,128 GB ROM,7000 mAh Battery,Dimensity 6400 Processor,16.92 cm (6.66 inch) HD+ Display,50MP Rear Camera | 8MP Front Camera,,https://www.flipkart.com/motorola-g37-power-pantone-impenetrable-128-gb/p/itm566f6ada1190f?pid=MOBHHVFYC3QU3CAQ&lid=LSTMOBHHVFYC3QU3CAQGXXTZS&marketplace=FLIPKART&q=smart+phones&store=tyy%2F4io&srno=s_21_483&otracker=search&fm=organic&iid=fd35606b-79e5-41e2-a26d-016deb33edac.MOBHHVFYC3QU3CAQ.SEARCH&ppt=None&ppn=None&ssid=e4vn4d23dc0000001790676228047&qH=a5594894156db043&ov_redirect=true,2026-09-29
484,"Tecno Spark Go 3 (Titanium Grey, 64 GB)",Tecno,12499,15999,21% off,4.1,217,15,4 GB RAM,64 GB ROM,5000 mAh Lithium Polymer Battery,T7250 Processor,17.12 cm (6.74 inch) HD+ Display,13MP Rear Camera | 8MP Front Camera,,https://www.flipkart.com/tecno-spark-go-3-titanium-grey-64-gb/p/itma9c8f128a61c6?pid=MOBHP2QY7GH4XWWS&lid=LSTMOBHP2QY7GH4XWWSUZBT2N&marketplace=FLIPKART&q=smart+phones&store=tyy%2F4io&srno=s_21_484&otracker=search&fm=organic&iid=fd35606b-79e5-41e2-a26d-016deb33edac.MOBHP2QY7GH4XWWS.SEARCH&ppt=None&ppn=None&ssid=e4vn4d23dc0000001790676228047&qH=a5594894156db043&ov_redirect=true,2026-09-29
485,"Nothing Phone (4a) Pro (Silver, 128 GB)",Nothing,49999,,,4.5,"3,067",403,8 GB RAM,128 GB ROM,5400 mAh Lithium ion Battery,Snapdragon 7 Gen 4 Processor,17.35 cm (6.83 inch) Full HD+ AMOLED Display,50MP + 50MP + 8MP | 32MP Front Camera,,https://www.flipkart.com/nothing-phone-4a-pro-silver-128-gb/p/itm4d004931f8d69?pid=MOBHM2ZUZXSJAZT4&lid=LSTMOBHM2ZUZXSJAZT4XWCNY3&marketplace=FLIPKART&q=smart+phones&store=tyy%2F4io&srno=s_21_485&otracker=search&fm=organic&iid=fd35606b-79e5-41e2-a26d-016deb33edac.MOBHM2ZUZXSJAZT4.SEARCH&ppt=None&ppn=None&ssid=e4vn4d23dc0000001790676228047&qH=a5594894156db043&ov_redirect=true,2026-09-29
486,"Mivi One 5G (Green, 128 GB)",Mivi,16499,25999,36% off,,,,8 GB RAM,128 GB ROM,6000 mAh Lithium Polymer Battery,Snapdragon 4 Gen 2 Processor,17.14 cm (6.75 inch) HD+ Display,50MP Rear Camera | 8MP Front Camera,,https://www.flipkart.com/mivi-one-5g-green-128-gb/p/itm7c374475b93cf?pid=MOBHR3ZP7PRKEXUP&lid=LSTMOBHR3ZP7PRKEXUPKQQIR0&marketplace=FLIPKART&q=smart+phones&store=tyy%2F4io&srno=s_21_486&otracker=search&fm=organic&iid=fd35606b-79e5-41e2-a26d-016deb33edac.MOBHR3ZP7PRKEXUP.SEARCH&ppt=None&ppn=None&ssid=e4vn4d23dc0000001790676228047&qH=a5594894156db043&ov_redirect=true,2026-09-29
487,"Infinix SMART 20 (Sunlike Orange, 128 GB)",Infinix,14999,21999,31% off,3.9,287,33,4 GB RAM,128 GB ROM,5200 mAh Battery,Helio G81 Ultimate Processor,17.22 cm (6.78 inch) HD+ Display,8MP Rear Camera | 8MP Front Camera,,https://www.flipkart.com/infinix-smart-20-sunlike-orange-128-gb/p/itmf761cd49f9162?pid=MOBHNMEEFAWCYC5E&lid=LSTMOBHNMEEFAWCYC5EUPDPZ1&marketplace=FLIPKART&q=smart+phones&store=tyy%2F4io&srno=s_21_487&otracker=search&fm=organic&iid=fd35606b-79e5-41e2-a26d-016deb33edac.MOBHNMEEFAWCYC5E.SEARCH&ppt=None&ppn=None&ssid=e4vn4d23dc0000001790676228047&qH=a5594894156db043&ov_redirect=true,2026-09-29
488,"realme P4 5G (Forge Red, 128 GB)",realme,30999,45999,32% off,4.4,"23,505","1,984",8 GB RAM,128 GB ROM,7000 mAh Battery,Mediatek Dimensity 7400 Processor,17.2 cm (6.77 inch) Display,50MP + 8MP | 16MP Front Camera,,https://www.flipkart.com/realme-p4-5g-forge-red-128-gb/p/itmf836e6de035a5?pid=MOBHN7A83XGZRHUK&lid=LSTMOBHN7A83XGZRHUKZJSQ1X&marketplace=FLIPKART&q=smart+phones&store=tyy%2F4io&srno=s_21_488&otracker=search&fm=organic&iid=fd35606b-79e5-41e2-a26d-016deb33edac.MOBHN7A83XGZRHUK.SEARCH&ppt=None&ppn=None&ssid=e4vn4d23dc0000001790676228047&qH=a5594894156db043&ov_redirect=true,2026-09-29
489,"OPPO K14x 5G 6500mAh and 45W SUPERVOOC Charger & AI (Prism Violet, 128 GB)",OPPO,21999,35999,38% off,4.3,"8,212",915,4 GB RAM,128 GB ROM,6500 mAh Battery,Dimensity 6300 Processor,17.14 cm (6.75 inch) HD+ Display,,,https://www.flipkart.com/oppo-k14x-5g-6500mah-45w-supervooc-charger-ai-prism-violet-128-gb/p/itmdcac5ae642971?pid=MOBHPHSHZ7GRRXNA&lid=LSTMOBHPHSHZ7GRRXNA30X6M9&marketplace=FLIPKART&q=smart+phones&store=tyy%2F4io&srno=s_21_489&otracker=search&fm=organic&iid=fd35606b-79e5-41e2-a26d-016deb33edac.MOBHPHSHZ7GRRXNA.SEARCH&ppt=None&ppn=None&ssid=e4vn4d23dc0000001790676228047&qH=a5594894156db043&ov_redirect=true,2026-09-29
490,"realme 15x 5G (Marine Blue, 128 GB)",realme,25999,28999,10% off,4.3,"3,672",297,6 GB RAM,128 GB ROM,7000 mAh Battery,Dimensity 6300 6nm Octa-core chipset Processor,17.27 cm (6.8 inch) Display,50MP Rear Camera | 50MP Front Camera,,https://www.flipkart.com/realme-15x-5g-marine-blue-128-gb/p/itmcf22f2a57724f?pid=MOBHHY7V4F766E8Y&lid=LSTMOBHHY7V4F766E8YUSWLC5&marketplace=FLIPKART&q=smart+phones&store=tyy%2F4io&srno=s_21_490&otracker=search&fm=organic&iid=fd35606b-79e5-41e2-a26d-016deb33edac.MOBHHY7V4F766E8Y.SEARCH&ppt=None&ppn=None&ssid=e4vn4d23dc0000001790676228047&qH=a5594894156db043&ov_redirect=true,2026-09-29
491,"Mivi One 5G (Green, 128 GB)",Mivi,14999,23999,37% off,,,,6 GB RAM,128 GB ROM,6000 mAh Lithium Polymer Battery,Snapdragon 4 Gen 2 Processor,17.14 cm (6.75 inch) HD+ Display,50MP Rear Camera | 8MP Front Camera,,https://www.flipkart.com/mivi-one-5g-green-128-gb/p/itm7ea6be1c1d0bf?pid=MOBHR3ZPFRUFFEBF&lid=LSTMOBHR3ZPFRUFFEBFXXFJBJ&marketplace=FLIPKART&q=smart+phones&store=tyy%2F4io&srno=s_21_491&otracker=search&fm=organic&iid=fd35606b-79e5-41e2-a26d-016deb33edac.MOBHR3ZPFRUFFEBF.SEARCH&ppt=None&ppn=None&ssid=e4vn4d23dc0000001790676228047&qH=a5594894156db043&ov_redirect=true,2026-09-29
492,"Apple iPhone 16 (Ultramarine, 128 GB)",Apple,69900,,,4.6,"1,99,244","8,616",,,,"A18 Chip, 6 Core Processor Processor",15.49 cm (6.1 inch) Super Retina XDR Display,48MP + 12MP | 12MP Front Camera,,https://www.flipkart.com/apple-iphone-16-ultramarine-128-gb/p/itmcc210cae43fba?pid=MOBH4DQFYZT6EH2F&lid=LSTMOBH4DQFYZT6EH2FXM70WU&marketplace=FLIPKART&q=smart+phones&store=tyy%2F4io&srno=s_21_492&otracker=search&fm=organic&iid=fd35606b-79e5-41e2-a26d-016deb33edac.MOBH4DQFYZT6EH2F.SEARCH&ppt=None&ppn=None&ssid=e4vn4d23dc0000001790676228047&qH=a5594894156db043&ov_redirect=true,2026-09-29
493,"MOTOROLA g35 5G (Guava Red, 128 GB)",MOTOROLA,13999,15499,9% off,4.2,"16,482","1,128",8 GB RAM,128 GB ROM,5000 mAh Battery,T760 Processor,17.07 cm (6.72 inch) Full HD+ Display,50MP + 8MP | 16MP Front Camera,5G,https://www.flipkart.com/motorola-g35-5g-guava-red-128-gb/p/itm3cd0926197241?pid=MOBHFNAZEM2XQMWR&lid=LSTMOBHFNAZEM2XQMWRW8CFFX&marketplace=FLIPKART&q=smart+phones&store=tyy%2F4io&srno=s_21_493&otracker=search&fm=organic&iid=fd35606b-79e5-41e2-a26d-016deb33edac.MOBHFNAZEM2XQMWR.SEARCH&ppt=None&ppn=None&ssid=e4vn4d23dc0000001790676228047&qH=a5594894156db043&ov_redirect=true,2026-09-29
494,"realme P4x 5G (Matte Silver, 128 GB)",realme,26999,38999,30% off,4.3,"15,813","1,362",6 GB RAM,128 GB ROM,7000 mAh Battery,Dimensity 7400 Ultra Processor,17.07 cm (6.72 inch) Full HD+ Display,50MP + 2MP | 8MP Front Camera,,https://www.flipkart.com/realme-p4x-5g-matte-silver-128-gb/p/itm575b1540859e4?pid=MOBHN7A8H9WAG4PD&lid=LSTMOBHN7A8H9WAG4PD4J7IQE&marketplace=FLIPKART&q=smart+phones&store=tyy%2F4io&srno=s_21_494&otracker=search&fm=organic&iid=fd35606b-79e5-41e2-a26d-016deb33edac.MOBHN7A8H9WAG4PD.SEARCH&ppt=None&ppn=None&ssid=e4vn4d23dc0000001790676228047&qH=a5594894156db043&ov_redirect=true,2026-09-29
495,"Motorola g54 5G (Mint Green, 128 GB)",Motorola,17999,,,4.2,"1,00,952","8,965",8 GB RAM,128 GB ROM,6000 mAh Battery,Dimensity 7020 Processor,16.51 cm (6.5 inch) Full HD+ Display,50MP (OIS) + 8MP | 16MP Front Camera,,https://www.flipkart.com/motorola-g54-5g-mint-green-128-gb/p/itmfc12683043bbc?pid=MOBGQFX8Z3ZCDZZ7&lid=LSTMOBGQFX8Z3ZCDZZ7FOOELB&marketplace=FLIPKART&q=smart+phones&store=tyy%2F4io&srno=s_21_495&otracker=search&fm=organic&iid=fd35606b-79e5-41e2-a26d-016deb33edac.MOBGQFX8Z3ZCDZZ7.SEARCH&ppt=None&ppn=None&ssid=e4vn4d23dc0000001790676228047&qH=a5594894156db043&ov_redirect=true,2026-09-29
496,"realme 15x 5G (Aqua Blue, 128 GB)",realme,23999,28999,17% off,4.3,"3,672",297,6 GB RAM,128 GB ROM,7000 mAh Battery,Dimensity 6300 6nm Octa-core chipset Processor,17.27 cm (6.8 inch) Display,50MP Rear Camera | 50MP Front Camera,,https://www.flipkart.com/realme-15x-5g-aqua-blue-128-gb/p/itmcf22f2a57724f?pid=MOBHHY7VPSBMANX6&lid=LSTMOBHHY7VPSBMANX6FH77BG&marketplace=FLIPKART&q=smart+phones&store=tyy%2F4io&srno=s_21_496&otracker=search&fm=organic&iid=fd35606b-79e5-41e2-a26d-016deb33edac.MOBHHY7VPSBMANX6.SEARCH&ppt=None&ppn=None&ssid=e4vn4d23dc0000001790676228047&qH=a5594894156db043&ov_redirect=true,2026-09-29
497,"Tecno Spark Go 3 (Galaxy Blue, 64 GB)",Tecno,12499,15999,21% off,4.1,217,15,4 GB RAM,64 GB ROM,5000 mAh Lithium Polymer Battery,T7250 Processor,17.12 cm (6.74 inch) HD+ Display,13MP Rear Camera | 8MP Front Camera,,https://www.flipkart.com/tecno-spark-go-3-galaxy-blue-64-gb/p/itma9c8f128a61c6?pid=MOBHP2QYFPVRGYKZ&lid=LSTMOBHP2QYFPVRGYKZGBFHIL&marketplace=FLIPKART&q=smart+phones&store=tyy%2F4io&srno=s_21_497&otracker=search&fm=organic&iid=fd35606b-79e5-41e2-a26d-016deb33edac.MOBHP2QYFPVRGYKZ.SEARCH&ppt=None&ppn=None&ssid=e4vn4d23dc0000001790676228047&qH=a5594894156db043&ov_redirect=true,2026-09-29
498,"POCO C71 (Power Black, 128 GB)",POCO,9999,,,4.1,"36,675","2,059",6 GB RAM,128 GB ROM,5200 mAh Battery,Unisoc T7250,17.48 cm (6.88 inch) HD+ Display,32MP Rear Camera | 8MP Front Camera,,https://www.flipkart.com/poco-c71-power-black-128-gb/p/itm8096ee52d7013?pid=MOBHAFVJJM8BWNKC&lid=LSTMOBHAFVJJM8BWNKCJY0MRA&marketplace=FLIPKART&q=smart+phones&store=tyy%2F4io&srno=s_21_498&otracker=search&fm=organic&iid=fd35606b-79e5-41e2-a26d-016deb33edac.MOBHAFVJJM8BWNKC.SEARCH&ppt=None&ppn=None&ssid=e4vn4d23dc0000001790676228047&qH=a5594894156db043&ov_redirect=true,2026-09-29
499,"MOTOROLA G04 (Concord Black, 64 GB)",MOTOROLA,6999,9999,30% off,4.2,"16,143","1,019",4 GB RAM,64 GB ROM,5000 mAh Battery,Unisoc T606 Processor,16.76 cm (6.6 inch) HD+ Display,16MP Rear Camera | 5MP Front Camera,,https://www.flipkart.com/motorola-g04-concord-black-64-gb/p/itm1466484dd2cea?pid=MOBGUFK4HPBEUCFH&lid=LSTMOBGUFK4HPBEUCFHMZE4IT&marketplace=FLIPKART&q=smart+phones&store=tyy%2F4io&srno=s_21_499&otracker=search&fm=organic&iid=fd35606b-79e5-41e2-a26d-016deb33edac.MOBGUFK4HPBEUCFH.SEARCH&ppt=None&ppn=None&ssid=e4vn4d23dc0000001790676228047&qH=a5594894156db043&ov_redirect=true,2026-09-29
500,"POCO X7 5G (Cosmic Silver, 256 GB)",POCO,19999,27999,28% off,4.3,"29,052","2,686",8 GB RAM,256 GB ROM,5500 mAh Battery,Dimensity 7300 Ultra Processor,16.94 cm (6.67 inch) Full HD+ Display,50MP + 8MP + 2MP | 20MP Front Camera,,https://www.flipkart.com/poco-x7-5g-cosmic-silver-256-gb/p/itmdfee46549bede?pid=MOBH7YZ9DHHSMGHN&lid=LSTMOBH7YZ9DHHSMGHNLSVOU3&marketplace=FLIPKART&q=smart+phones&store=tyy%2F4io&srno=s_21_500&otracker=search&fm=organic&iid=fd35606b-79e5-41e2-a26d-016deb33edac.MOBH7YZ9DHHSMGHN.SEARCH&ppt=None&ppn=None&ssid=e4vn4d23dc0000001790676228047&qH=a5594894156db043&ov_redirect=true,2026-09-29
501,"POCO X8 5G (Fiery Orange, 128 GB)",POCO,29999,64999,53% off,4.6,240,157,6 GB RAM,128 GB ROM,9000 mAh Lithium-Ion Polymer Battery,6s Gen 4 Processor,17.35 cm (6.83 inch) Full HD+ AMOLED Display,50MP + 2MP | 16MP Front Camera,,https://www.flipkart.com/poco-x8-5g-fiery-orange-128-gb/p/itm3c8ff16f2d0ba?pid=MOBHQ6XZZZAYHCZV&lid=LSTMOBHQ6XZZZAYHCZV4O3DHJ&marketplace=FLIPKART&q=smart+phones&store=tyy%2F4io&srno=s_21_501&otracker=search&fm=organic&iid=fd35606b-79e5-41e2-a26d-016deb33edac.MOBHQ6XZZZAYHCZV.SEARCH&ppt=None&ppn=None&ssid=e4vn4d23dc0000001790676228047&qH=a5594894156db043&ov_redirect=true,2026-09-29
502,"realme C61 (Marble Black, 128 GB)",realme,8199,10999,25% off,4.3,"17,961",749,6 GB RAM,128 GB ROM,5000 mAh Battery,T612 Processor,17.13 cm (6.745 inch) HD+ Display,32MP Rear Camera | 5MP Front Camera,,https://www.flipkart.com/realme-c61-marble-black-128-gb/p/itmd6ddbcefce040?pid=MOBHFRKRQMD36FZ5&lid=LSTMOBHFRKRQMD36FZ5ZLCIIC&marketplace=FLIPKART&q=smart+phones&store=tyy%2F4io&srno=s_21_502&otracker=search&fm=organic&iid=fd35606b-79e5-41e2-a26d-016deb33edac.MOBHFRKRQMD36FZ5.SEARCH&ppt=None&ppn=None&ssid=e4vn4d23dc0000001790676228047&qH=a5594894156db043&ov_redirect=true,2026-09-29
503,"POCO C61 (Mystical Green, 64 GB)",POCO,8998,8999,,4.1,"1,10,987","4,670",4 GB RAM,64 GB ROM,5000 mAh Battery,Helio G36 Processor,17.04 cm (6.71 inch) HD+ Display,8MP Rear Camera | 5MP Front Camera,,https://www.flipkart.com/poco-c61-mystical-green-64-gb/p/itmc0470aa0f752b?pid=MOBH92ADADBHWED4&lid=LSTMOBH92ADADBHWED4NYNBG2&marketplace=FLIPKART&q=smart+phones&store=tyy%2F4io&srno=s_21_503&otracker=search&fm=organic&iid=fd35606b-79e5-41e2-a26d-016deb33edac.MOBH92ADADBHWED4.SEARCH&ppt=None&ppn=None&ssid=e4vn4d23dc0000001790676228047&qH=a5594894156db043&ov_redirect=true,2026-09-29
504,"Samsung Galaxy F17 5G (Violet Pop, 128 GB)",Samsung,18777,19499,3% off,3.7,9,2,8 GB RAM,128 GB ROM,5000 mAh Battery,Exynos 1330 Processor,17.02 cm (6.7 inch) Full HD+ Display,50MP + 5MP | 13MP Front Camera,,https://www.flipkart.com/samsung-galaxy-f17-5g-violet-pop-128-gb/p/itmead495c48e859?pid=MOBHKFZRYF4JXXM4&lid=LSTMOBHKFZRYF4JXXM4WUVJPO&marketplace=FLIPKART&q=smart+phones&store=tyy%2F4io&srno=s_21_504&otracker=search&fm=organic&iid=fd35606b-79e5-41e2-a26d-016deb33edac.MOBHKFZRYF4JXXM4.SEARCH&ppt=None&ppn=None&ssid=e4vn4d23dc0000001790676228047&qH=a5594894156db043&ov_redirect=true,2026-09-29
505,"Motorola e13 (Aurora Green, 64 GB)",Motorola,10999,,,4.1,"1,05,740","7,726",4 GB RAM,64 GB ROM,5000 mAh Battery,Unisoc T606 Processor,16.51 cm (6.5 inch) HD+ Display,13MP Rear Camera | 5MP Front Camera,,https://www.flipkart.com/motorola-e13-aurora-green-64-gb/p/itmb52d8f826cd9a?pid=MOBGKHNBA55HDSZR&lid=LSTMOBGKHNBA55HDSZRHOAFME&marketplace=FLIPKART&q=smart+phones&store=tyy%2F4io&srno=s_22_505&otracker=search&fm=organic&iid=5b372f90-7007-4622-829c-a14b97a8d2f8.MOBGKHNBA55HDSZR.SEARCH&ppt=None&ppn=None&ssid=zakcpjuapc0000001790676230769&qH=a5594894156db043&ov_redirect=true,2026-09-29
506,"Google Pixel 11 Pro (Fog, 512 GB)",Google,134999,,,4.6,30,4,16 GB RAM,512 GB ROM,4850 mAh Lithium Battery,Tensor G6 Processor,16.0 cm (6.3 inch) Super Actua Display,50MP + 48MP + 48MP | 42MP Front Camera,,https://www.flipkart.com/google-pixel-11-pro-fog-512-gb/p/itm00e0bf8e72ae4?pid=MOBHPHNVCUDN2HVK&lid=LSTMOBHPHNVCUDN2HVKYU3NPH&marketplace=FLIPKART&q=smart+phones&store=tyy%2F4io&srno=s_22_506&otracker=search&fm=organic&iid=5b372f90-7007-4622-829c-a14b97a8d2f8.MOBHPHNVCUDN2HVK.SEARCH&ppt=None&ppn=None&ssid=zakcpjuapc0000001790676230769&qH=a5594894156db043&ov_redirect=true,2026-09-29
507,"POCO X8 Pro Max (Blue, 256 GB)",POCO,48999,57999,15% off,4.5,"2,049",417,12 GB RAM,256 GB ROM,9000 mAh Lithium-Ion Polymer With Silicon Carbon Technology Battery,Dimensity 9500s Processor,17.35 cm (6.83 inch) Full HD+ AMOLED Display,50MP + 8MP | 20MP Front Camera,,https://www.flipkart.com/poco-x8-pro-max-blue-256-gb/p/itm510ae4b674bbc?pid=MOBHMGG5K67QQ2RY&lid=LSTMOBHMGG5K67QQ2RY5MKC3P&marketplace=FLIPKART&q=smart+phones&store=tyy%2F4io&srno=s_22_507&otracker=search&fm=organic&iid=5b372f90-7007-4622-829c-a14b97a8d2f8.MOBHMGG5K67QQ2RY.SEARCH&ppt=None&ppn=None&ssid=zakcpjuapc0000001790676230769&qH=a5594894156db043&ov_redirect=true,2026-09-29
508,"OnePlus Nord CE 3 Lite 5G (Chromatic Gray, 128 GB)",OnePlus,15699,19999,21% off,4.4,"1,66,960","8,608",8 GB RAM,128 GB ROM,5000 mAh Battery,,17.07 cm (6.72 inch) Display,108MP Rear Camera,,https://www.flipkart.com/oneplus-nord-ce-3-lite-5g-chromatic-gray-128-gb/p/itm2cd5a4e659035?pid=MOBGZJ42KHUZZKMN&lid=LSTMOBGZJ42KHUZZKMNKFGHDQ&marketplace=FLIPKART&q=smart+phones&store=tyy%2F4io&srno=s_22_508&otracker=search&fm=organic&iid=5b372f90-7007-4622-829c-a14b97a8d2f8.MOBGZJ42KHUZZKMN.SEARCH&ppt=None&ppn=None&ssid=zakcpjuapc0000001790676230769&qH=a5594894156db043&ov_redirect=true,2026-09-29
509,"POCO M7 5G (Mint Green, 128 GB)",POCO,12499,12999,3% off,4.1,"77,567","4,384",6 GB RAM,128 GB ROM,5160 mAh Battery,4 Gen 2 5G Processor,17.48 cm (6.88 inch) HD+ Display,50MP Rear Camera | 8MP Front Camera,5G,https://www.flipkart.com/poco-m7-5g-mint-green-128-gb/p/itm55887907a1c02?pid=MOBH9HFJFR4FYHNJ&lid=LSTMOBH9HFJFR4FYHNJVOMMEX&marketplace=FLIPKART&q=smart+phones&store=tyy%2F4io&srno=s_22_509&otracker=search&fm=organic&iid=5b372f90-7007-4622-829c-a14b97a8d2f8.MOBH9HFJFR4FYHNJ.SEARCH&ppt=None&ppn=None&ssid=zakcpjuapc0000001790676230769&qH=a5594894156db043&ov_redirect=true,2026-09-29
510,"Infinix Note edge (Lunar Titanium, 128 GB)",Infinix,23999,29999,20% off,4.2,482,81,8 GB RAM,128 GB ROM,6500 mAh Battery,Dimensity 7100 Processor,17.22 cm (6.78 inch) Full HD+ AMOLED Display,50MP Rear Camera | 13MP Front Camera,,https://www.flipkart.com/infinix-note-edge-lunar-titanium-128-gb/p/itmab2876405a1ab?pid=MOBHKCV7ZGHABQFG&lid=LSTMOBHKCV7ZGHABQFGXAZBJI&marketplace=FLIPKART&q=smart+phones&store=tyy%2F4io&srno=s_22_510&otracker=search&fm=organic&iid=5b372f90-7007-4622-829c-a14b97a8d2f8.MOBHKCV7ZGHABQFG.SEARCH&ppt=None&ppn=None&ssid=zakcpjuapc0000001790676230769&qH=a5594894156db043&ov_redirect=true,2026-09-29
511,"Infinix SMART 8 HD (Galaxy White, 64 GB)",Infinix,6699,7999,16% off,4.3,"41,511","2,729",3 GB RAM,64 GB ROM,5000 mAh Battery,T606 Processor,16.76 cm (6.6 inch) HD+ Display,13MP + AI Lens | 8MP Front Camera,,https://www.flipkart.com/infinix-smart-8-hd-galaxy-white-64-gb/p/itm709d885ba6ac1?pid=MOBGVAPX2VJGYWZP&lid=LSTMOBGVAPX2VJGYWZP0HJ6TW&marketplace=FLIPKART&q=smart+phones&store=tyy%2F4io&srno=s_22_511&otracker=search&fm=organic&iid=5b372f90-7007-4622-829c-a14b97a8d2f8.MOBGVAPX2VJGYWZP.SEARCH&ppt=None&ppn=None&ssid=zakcpjuapc0000001790676230769&qH=a5594894156db043&ov_redirect=true,2026-09-29
512,"realme C100i (Midnight Black, 64 GB)",realme,16499,25999,36% off,4.1,46,7,4 GB RAM,64 GB ROM,6500 mAh lithium-ion polymer Battery,T7250 Processor,17.14 cm (6.75 inch) HD+ Display,8MP Rear Camera | 5MP Front Camera,,https://www.flipkart.com/realme-c100i-midnight-black-64-gb/p/itm906b09160c2d6?pid=MOBHQFDAEZCFZUB8&lid=LSTMOBHQFDAEZCFZUB8TTHRO7&marketplace=FLIPKART&q=smart+phones&store=tyy%2F4io&srno=s_22_512&otracker=search&fm=organic&iid=5b372f90-7007-4622-829c-a14b97a8d2f8.MOBHQFDAEZCFZUB8.SEARCH&ppt=None&ppn=None&ssid=zakcpjuapc0000001790676230769&qH=a5594894156db043&ov_redirect=true,2026-09-29
513,"POCO X8 5G (Fiery Orange, 256 GB)",POCO,35999,74999,52% off,4.3,45,11,8 GB RAM,256 GB ROM,9000 mAh Lithium-Ion Polymer Battery,6s Gen 4 Processor,17.35 cm (6.83 inch) Full HD+ AMOLED Display,50MP + 2MP | 16MP Front Camera,,https://www.flipkart.com/poco-x8-5g-fiery-orange-256-gb/p/itme804d92a8b9b4?pid=MOBHQ6XZGNCJKYDN&lid=LSTMOBHQ6XZGNCJKYDN1ECRVL&marketplace=FLIPKART&q=smart+phones&store=tyy%2F4io&srno=s_22_513&otracker=search&fm=organic&iid=5b372f90-7007-4622-829c-a14b97a8d2f8.MOBHQ6XZGNCJKYDN.SEARCH&ppt=None&ppn=None&ssid=zakcpjuapc0000001790676230769&qH=a5594894156db043&ov_redirect=true,2026-09-29
514,"Infinix Note 40 Pro 5G (Titan Gold, 256 GB)",Infinix,21999,27999,21% off,4.2,"37,522","2,618",8 GB RAM,256 GB ROM,5000 mAh Battery,Mediatek Dimensity 7020 Processor,17.22 cm (6.78 inch) Full HD+ Display,108MP (OIS) + 2MP + 2MP | 32MP Front Camera,,https://www.flipkart.com/infinix-note-40-pro-5g-titan-gold-256-gb/p/itmabf2f4763835d?pid=MOBGZCBWJ36YUPPF&lid=LSTMOBGZCBWJ36YUPPF06LOZW&marketplace=FLIPKART&q=smart+phones&store=tyy%2F4io&srno=s_22_514&otracker=search&fm=organic&iid=5b372f90-7007-4622-829c-a14b97a8d2f8.MOBGZCBWJ36YUPPF.SEARCH&ppt=None&ppn=None&ssid=zakcpjuapc0000001790676230769&qH=a5594894156db043&ov_redirect=true,2026-09-29
515,"POCO X8 Pro Max (White, 256 GB)",POCO,48999,57999,15% off,4.5,"2,049",417,12 GB RAM,256 GB ROM,9000 mAh Lithium-Ion Polymer With Silicon Carbon Technology Battery,Dimensity 9500s Processor,17.35 cm (6.83 inch) Full HD+ AMOLED Display,50MP + 8MP | 20MP Front Camera,,https://www.flipkart.com/poco-x8-pro-max-white-256-gb/p/itm38fa4fd504c3f?pid=MOBHMGG5YF569YNY&lid=LSTMOBHMGG5YF569YNYPQLFPD&marketplace=FLIPKART&q=smart+phones&store=tyy%2F4io&srno=s_22_515&otracker=search&fm=organic&iid=5b372f90-7007-4622-829c-a14b97a8d2f8.MOBHMGG5YF569YNY.SEARCH&ppt=None&ppn=None&ssid=zakcpjuapc0000001790676230769&qH=a5594894156db043&ov_redirect=true,2026-09-29
516,"vivo T5x 5G (Flame Red, 256 GB)",vivo,34999,56999,38% off,4.4,"25,590","1,913",8 GB RAM,256 GB ROM,7200 mAh Li-ion Battery,Dimensity 7400-Turbo Processor,17.17 cm (6.76 inch) Display,50MP + 2MP | 32MP Front Camera,,https://www.flipkart.com/vivo-t5x-5g-flame-red-256-gb/p/itm7da8aa253e72b?pid=MOBHQC8ZHQG8FZ3A&lid=LSTMOBHQC8ZHQG8FZ3AIBPD7I&marketplace=FLIPKART&q=smart+phones&store=tyy%2F4io&srno=s_22_516&otracker=search&fm=organic&iid=5b372f90-7007-4622-829c-a14b97a8d2f8.MOBHQC8ZHQG8FZ3A.SEARCH&ppt=None&ppn=None&ssid=zakcpjuapc0000001790676230769&qH=a5594894156db043&ov_redirect=true,2026-09-29
517,"realme P4 5G (Forge Red, 128 GB)",realme,25999,40999,36% off,4.4,"23,480","1,972",6 GB RAM,128 GB ROM,7000 mAh Battery,Mediatek Dimensity 7400 Processor,17.2 cm (6.77 inch) Display,50MP + 8MP | 16MP Front Camera,,https://www.flipkart.com/realme-p4-5g-forge-red-128-gb/p/itmf836e6de035a5?pid=MOBHN7A8JHSUZSGH&lid=LSTMOBHN7A8JHSUZSGH23UICQ&marketplace=FLIPKART&q=smart+phones&store=tyy%2F4io&srno=s_22_517&otracker=search&fm=organic&iid=5b372f90-7007-4622-829c-a14b97a8d2f8.MOBHN7A8JHSUZSGH.SEARCH&ppt=None&ppn=None&ssid=zakcpjuapc0000001790676230769&qH=a5594894156db043&ov_redirect=true,2026-09-29
518,"realme P4 5G (Engine Blue, 128 GB)",realme,25999,,,4.4,"23,480","1,972",6 GB RAM,128 GB ROM,7000 mAh Battery,Mediatek Dimensity 7400 Processor,17.2 cm (6.77 inch) Display,50MP + 8MP | 16MP Front Camera,,https://www.flipkart.com/realme-p4-5g-engine-blue-128-gb/p/itmf836e6de035a5?pid=MOBHHWGMQQDHGHHB&lid=LSTMOBHHWGMQQDHGHHBVATZXL&marketplace=FLIPKART&q=smart+phones&store=tyy%2F4io&srno=s_22_518&otracker=search&fm=organic&iid=5b372f90-7007-4622-829c-a14b97a8d2f8.MOBHHWGMQQDHGHHB.SEARCH&ppt=None&ppn=None&ssid=zakcpjuapc0000001790676230769&qH=a5594894156db043&ov_redirect=true,2026-09-29
519,"Infinix SMART 8 HD (Shiny Gold, 64 GB)",Infinix,6699,7999,16% off,4.3,"41,511","2,729",3 GB RAM,64 GB ROM,5000 mAh Battery,T606 Processor,16.76 cm (6.6 inch) HD+ Display,13MP + AI Lens | 8MP Front Camera,,https://www.flipkart.com/infinix-smart-8-hd-shiny-gold-64-gb/p/itm709d885ba6ac1?pid=MOBGVAPXG4WHFR9M&lid=LSTMOBGVAPXG4WHFR9MJIYCWG&marketplace=FLIPKART&q=smart+phones&store=tyy%2F4io&srno=s_22_519&otracker=search&fm=organic&iid=5b372f90-7007-4622-829c-a14b97a8d2f8.MOBGVAPXG4WHFR9M.SEARCH&ppt=None&ppn=None&ssid=zakcpjuapc0000001790676230769&qH=a5594894156db043&ov_redirect=true,2026-09-29
520,"Infinix SMART 20 (Sunlike Orange, 64 GB)",Infinix,13499,19999,32% off,3.9,287,33,4 GB RAM,64 GB ROM,5200 mAh Battery,Helio G81 Ultimate Processor,17.22 cm (6.78 inch) HD+ Display,8MP Rear Camera | 8MP Front Camera,,https://www.flipkart.com/infinix-smart-20-sunlike-orange-64-gb/p/itmf761cd49f9162?pid=MOBHNMEEHHA6JFGF&lid=LSTMOBHNMEEHHA6JFGFOAPBH0&marketplace=FLIPKART&q=smart+phones&store=tyy%2F4io&srno=s_22_520&otracker=search&fm=organic&iid=5b372f90-7007-4622-829c-a14b97a8d2f8.MOBHNMEEHHA6JFGF.SEARCH&ppt=None&ppn=None&ssid=zakcpjuapc0000001790676230769&qH=a5594894156db043&ov_redirect=true,2026-09-29
521,"MOTOROLA G04 (Sunrise Orange, 128 GB)",MOTOROLA,10999,,,4.1,"7,169",519,8 GB RAM,128 GB ROM,5000 mAh Battery,Unisoc T606 Processor,16.76 cm (6.6 inch) HD+ Display,16MP Rear Camera | 5MP Front Camera,,https://www.flipkart.com/motorola-g04-sunrise-orange-128-gb/p/itm4ea5277f581ad?pid=MOBGUFK4HYNKBQWY&lid=LSTMOBGUFK4HYNKBQWYYD0CJZ&marketplace=FLIPKART&q=smart+phones&store=tyy%2F4io&srno=s_22_521&otracker=search&fm=organic&iid=5b372f90-7007-4622-829c-a14b97a8d2f8.MOBGUFK4HYNKBQWY.SEARCH&ppt=None&ppn=None&ssid=zakcpjuapc0000001790676230769&qH=a5594894156db043&ov_redirect=true,2026-09-29
522,"realme GT 8 Pro (Aston Martin Racing Green, 512 GB)",realme,79999,89999,11% off,4.6,111,23,16 GB RAM,512 GB ROM,7000 mAh Battery,8 Elite Gen 5 Processor,17.25 cm (6.79 inch) Quad HD+ Display,50MP + 50MP + 200MP | 32MP Front Camera,,https://www.flipkart.com/realme-gt-8-pro-aston-martin-racing-green-512-gb/p/itm78c31e0a1941f?pid=MOBHHEYXYCACJZPX&lid=LSTMOBHHEYXYCACJZPXHDYAML&marketplace=FLIPKART&q=smart+phones&store=tyy%2F4io&srno=s_22_522&otracker=search&fm=organic&iid=5b372f90-7007-4622-829c-a14b97a8d2f8.MOBHHEYXYCACJZPX.SEARCH&ppt=None&ppn=None&ssid=zakcpjuapc0000001790676230769&qH=a5594894156db043&ov_redirect=true,2026-09-29
523,"Samsung M05 (Mint Green, 64 GB)",Samsung,6748,9999,32% off,4.3,"4,198",192,4 GB RAM,64 GB ROM,5000 mAh Battery,,17.02 cm (6.7 inch) Display,50MP Rear Camera,,https://www.flipkart.com/samsung-m05-mint-green-64-gb/p/itm99fc37d43aff8?pid=MOBH4Z9VZNVRFV85&lid=LSTMOBH4Z9VZNVRFV85ETWHK7&marketplace=FLIPKART&q=smart+phones&store=tyy%2F4io&srno=s_22_523&otracker=search&fm=organic&iid=5b372f90-7007-4622-829c-a14b97a8d2f8.MOBH4Z9VZNVRFV85.SEARCH&ppt=None&ppn=None&ssid=zakcpjuapc0000001790676230769&qH=a5594894156db043&ov_redirect=true,2026-09-29
524,"MOTOROLA G04 (Sunrise Orange, 64 GB)",MOTOROLA,9999,,,4.2,"16,143","1,019",4 GB RAM,64 GB ROM,5000 mAh Battery,Unisoc T606 Processor,16.76 cm (6.6 inch) HD+ Display,16MP Rear Camera | 5MP Front Camera,,https://www.flipkart.com/motorola-g04-sunrise-orange-64-gb/p/itm4fb15fb244a2b?pid=MOBGUFK4NYZHCY9V&lid=LSTMOBGUFK4NYZHCY9VIJW7PA&marketplace=FLIPKART&q=smart+phones&store=tyy%2F4io&srno=s_22_524&otracker=search&fm=organic&iid=5b372f90-7007-4622-829c-a14b97a8d2f8.MOBGUFK4NYZHCY9V.SEARCH&ppt=None&ppn=None&ssid=zakcpjuapc0000001790676230769&qH=a5594894156db043&ov_redirect=true,2026-09-29
525,"Nothing Phone (4a) (Pink, 256 GB)",Nothing,46999,,,4.5,"1,557",154,12 GB RAM,256 GB ROM,5400 mAh Lithium ion Battery,Snapdragon 7s Gen 4 Processor,17.22 cm (6.78 inch) Full HD+ AMOLED Display,50MP + 50MP + 8MP | 32MP Front Camera,,https://www.flipkart.com/nothing-phone-4a-pink-256-gb/p/itm47712249513d4?pid=MOBHM2ZUZRZARU6Z&lid=LSTMOBHM2ZUZRZARU6Z0ACBE2&marketplace=FLIPKART&q=smart+phones&store=tyy%2F4io&srno=s_22_525&otracker=search&fm=organic&iid=5b372f90-7007-4622-829c-a14b97a8d2f8.MOBHM2ZUZRZARU6Z.SEARCH&ppt=None&ppn=None&ssid=zakcpjuapc0000001790676230769&qH=a5594894156db043&ov_redirect=true,2026-09-29
526,"Infinix SMART 8 HD (Timber Black, 64 GB)",Infinix,6699,7999,16% off,4.3,"41,511","2,729",3 GB RAM,64 GB ROM,5000 mAh Battery,T606 Processor,16.76 cm (6.6 inch) HD+ Display,13MP + AI Lens | 8MP Front Camera,,https://www.flipkart.com/infinix-smart-8-hd-timber-black-64-gb/p/itm709d885ba6ac1?pid=MOBGVAPX8EG26HZW&lid=LSTMOBGVAPX8EG26HZW7NAQCU&marketplace=FLIPKART&q=smart+phones&store=tyy%2F4io&srno=s_22_526&otracker=search&fm=organic&iid=5b372f90-7007-4622-829c-a14b97a8d2f8.MOBGVAPX8EG26HZW.SEARCH&ppt=None&ppn=None&ssid=zakcpjuapc0000001790676230769&qH=a5594894156db043&ov_redirect=true,2026-09-29
527,"Google Pixel 10a (Lavender, 256 GB)",Google,47999,55999,14% off,4.5,"3,159",359,8 GB RAM,256 GB ROM,5100 mAh Lithium Battery,Tensor G4 Processor,16.0 cm (6.3 inch) Full HD+ AMOLED Display,48MP + 13MP | 13MP Front Camera,,https://www.flipkart.com/google-pixel-10a-lavender-256-gb/p/itmba3073a0f391e?pid=MOBHP6CE4EYBUEW9&lid=LSTMOBHP6CE4EYBUEW9IMTJGH&marketplace=FLIPKART&q=smart+phones&store=tyy%2F4io&srno=s_22_527&otracker=search&fm=organic&iid=5b372f90-7007-4622-829c-a14b97a8d2f8.MOBHP6CE4EYBUEW9.SEARCH&ppt=None&ppn=None&ssid=zakcpjuapc0000001790676230769&qH=a5594894156db043&ov_redirect=true,2026-09-29
528,"Motorola e13 (Cosmic Black, 64 GB)",Motorola,6999,9999,30% off,4,"11,814",925,2 GB RAM,64 GB ROM,5000 mAh Battery,Unisoc T606 Processor,16.51 cm (6.5 inch) HD+ Display,13MP Rear Camera | 5MP Front Camera,,https://www.flipkart.com/motorola-e13-cosmic-black-64-gb/p/itmc10aa73e79d04?pid=MOBGKHNB6PCCHQHS&lid=LSTMOBGKHNB6PCCHQHSVL1XN3&marketplace=FLIPKART&q=smart+phones&store=tyy%2F4io&srno=s_22_528&otracker=search&fm=organic&iid=5b372f90-7007-4622-829c-a14b97a8d2f8.MOBGKHNB6PCCHQHS.SEARCH&ppt=None&ppn=None&ssid=zakcpjuapc0000001790676230769&qH=a5594894156db043&ov_redirect=true,2026-09-29
529,"vivo T5x 5G (Cyber Green, 128 GB)",vivo,30999,,,4.4,"25,590","1,913",8 GB RAM,128 GB ROM,7200 mAh Li-ion Battery,Dimensity 7400-Turbo Processor,17.17 cm (6.76 inch) Display,50MP + 2MP | 32MP Front Camera,,https://www.flipkart.com/vivo-t5x-5g-cyber-green-128-gb/p/itm7da8aa253e72b?pid=MOBHH69NM5ERRNFT&lid=LSTMOBHH69NM5ERRNFTQT5JNY&marketplace=FLIPKART&q=smart+phones&store=tyy%2F4io&srno=s_23_529&otracker=search&fm=organic&iid=c113fa55-72cd-4222-9d91-644a40ef4733.MOBHH69NM5ERRNFT.SEARCH&ppt=None&ppn=None&ssid=r6az5mmtv40000001790676233539&qH=a5594894156db043&ov_redirect=true,2026-09-29
530,"Motorola e13 (Cosmic Black, 64 GB)",Motorola,10999,,,4.1,"1,05,740","7,726",4 GB RAM,64 GB ROM,5000 mAh Battery,Unisoc T606 Processor,16.51 cm (6.5 inch) HD+ Display,13MP Rear Camera | 5MP Front Camera,,https://www.flipkart.com/motorola-e13-cosmic-black-64-gb/p/itm2cd6a5ea435eb?pid=MOBGKHNBBMSUE94W&lid=LSTMOBGKHNBBMSUE94WLKIEFB&marketplace=FLIPKART&q=smart+phones&store=tyy%2F4io&srno=s_23_530&otracker=search&fm=organic&iid=c113fa55-72cd-4222-9d91-644a40ef4733.MOBGKHNBBMSUE94W.SEARCH&ppt=None&ppn=None&ssid=r6az5mmtv40000001790676233539&qH=a5594894156db043&ov_redirect=true,2026-09-29
531,"Tecno Spark Go 3 (Ink Black, 64 GB)",Tecno,12499,15999,21% off,4.1,217,15,4 GB RAM,64 GB ROM,5000 mAh Lithium Polymer Battery,T7250 Processor,17.12 cm (6.74 inch) HD+ Display,13MP Rear Camera | 8MP Front Camera,,https://www.flipkart.com/tecno-spark-go-3-ink-black-64-gb/p/itma9c8f128a61c6?pid=MOBHP2QYCXZZE3CM&lid=LSTMOBHP2QYCXZZE3CMWW64IB&marketplace=FLIPKART&q=smart+phones&store=tyy%2F4io&srno=s_23_531&otracker=search&fm=organic&iid=en_vVnfXkDl66nKV6URyYxl6hTUIpWcsiov1M0-9-t93roNKnHmyCzzWh1yaDCp_O9ru-p7FawYTmaPPeu5xWEE1ZLgCDLd29XPfHChd2SlxWudGjhYXvnCdcr6-767bdph&ppt=None&ppn=None&ssid=r6az5mmtv40000001790676233539&qH=a5594894156db043&ov_redirect=true,2026-09-29
532,"vivo T4R 5G (Arctic White, 128 GB)",vivo,22999,23499,2% off,4.4,"55,247","3,853",8 GB RAM,128 GB ROM,5700 mAh Battery,Dimensity 7400 5G Processor,17.2 cm (6.77 inch) Full HD+ Display,50MP (OIS) + 2MP | 32MP Front Camera,5G,https://www.flipkart.com/vivo-t4r-5g-arctic-white-128-gb/p/itm3a5653667cb9c?pid=MOBHE49GDEHE3XZD&lid=LSTMOBHE49GDEHE3XZDXHWSUS&marketplace=FLIPKART&q=smart+phones&store=tyy%2F4io&srno=s_23_532&otracker=search&fm=organic&iid=c113fa55-72cd-4222-9d91-644a40ef4733.MOBHE49GDEHE3XZD.SEARCH&ppt=None&ppn=None&ssid=r6az5mmtv40000001790676233539&qH=a5594894156db043&ov_redirect=true,2026-09-29
533,"REDMI 13c 5G (Startrail Green, 128 GB)",REDMI,9654,13999,31% off,4.2,"36,394","1,521",4 GB RAM,128 GB ROM,5000 mAh Battery,,17.12 cm (6.74 inch) Display,50MP Rear Camera,,https://www.flipkart.com/redmi-13c-5g-startrail-green-128-gb/p/itm996fbc603ec3c?pid=MOBGW6S7FHYCJQPB&lid=LSTMOBGW6S7FHYCJQPB3P05BF&marketplace=FLIPKART&q=smart+phones&store=tyy%2F4io&srno=s_23_533&otracker=search&fm=organic&iid=c113fa55-72cd-4222-9d91-644a40ef4733.MOBGW6S7FHYCJQPB.SEARCH&ppt=None&ppn=None&ssid=r6az5mmtv40000001790676233539&qH=a5594894156db043&ov_redirect=true,2026-09-29
534,"POCO M8 Power 5G (Blaze Orange, 128 GB)",POCO,27999,59999,53% off,4.6,376,272,8 GB RAM,128 GB ROM,8000 mAh Lithium-Ion Polymer Battery,Snapdragon Gen 4 Processor,17.75 cm (6.99 inch) Full HD+ AMOLED Display,50MP Rear Camera | 8MP Front Camera,,https://www.flipkart.com/poco-m8-power-5g-blaze-orange-128-gb/p/itme6ed250ab73df?pid=MOBHPCYNFWHRJD8C&lid=LSTMOBHPCYNFWHRJD8C5JT1AV&marketplace=FLIPKART&q=smart+phones&store=tyy%2F4io&srno=s_23_534&otracker=search&fm=organic&iid=c113fa55-72cd-4222-9d91-644a40ef4733.MOBHPCYNFWHRJD8C.SEARCH&ppt=None&ppn=None&ssid=r6az5mmtv40000001790676233539&qH=a5594894156db043&ov_redirect=true,2026-09-29
535,"Samsung Galaxy A14 5G (Light Green, 128 GB)",Samsung,14990,20999,28% off,4.2,"81,762","4,001",6 GB RAM,128 GB ROM,5000 mAh Lithium Ion Battery,Exynos 1330 Processor,16.76 cm (6.6 inch) Full HD+ Display,50MP + 2MP + 2MP | 13MP Front Camera,,https://www.flipkart.com/samsung-galaxy-a14-5g-light-green-128-gb/p/itmabe91abe7ba0c?pid=MOBGHT8UU3STRKZS&lid=LSTMOBGHT8UU3STRKZSCODPKE&marketplace=FLIPKART&q=smart+phones&store=tyy%2F4io&srno=s_23_535&otracker=search&fm=organic&iid=c113fa55-72cd-4222-9d91-644a40ef4733.MOBGHT8UU3STRKZS.SEARCH&ppt=None&ppn=None&ssid=r6az5mmtv40000001790676233539&qH=a5594894156db043&ov_redirect=true,2026-09-29
536,"Samsung Galaxy F16 5G (Bling Black, 128 GB)",Samsung,15499,18999,18% off,4.2,"3,686",275,8 GB RAM,128 GB ROM,5000 mAh Battery,Dimensity 6300 Processor,16.91 cm (6.657 inch) Full HD+ Display,50MP + 5MP + 2MP | 13MP Front Camera,,https://www.flipkart.com/samsung-galaxy-f16-5g-bling-black-128-gb/p/itmc78bc1cee0259?pid=MOBH9ASGP3ZH2AF7&lid=LSTMOBH9ASGP3ZH2AF7G11WXL&marketplace=FLIPKART&q=smart+phones&store=tyy%2F4io&srno=s_23_536&otracker=search&fm=organic&iid=c113fa55-72cd-4222-9d91-644a40ef4733.MOBH9ASGP3ZH2AF7.SEARCH&ppt=None&ppn=None&ssid=r6az5mmtv40000001790676233539&qH=a5594894156db043&ov_redirect=true,2026-09-29
537,"POCO F6 5G (Black, 512 GB)",POCO,33999,37999,10% off,4.3,"9,151",910,12 GB RAM,512 GB ROM,5000 mAh Battery,8s Gen3 Processor,16.94 cm (6.67 inch) Display,50MP (OIS) + 8MP | 20MP Front Camera,,https://www.flipkart.com/poco-f6-5g-black-512-gb/p/itm4b341425e7e8a?pid=MOBHYUZGAYG8QJKP&lid=LSTMOBHYUZGAYG8QJKPKU8SGJ&marketplace=FLIPKART&q=smart+phones&store=tyy%2F4io&srno=s_23_537&otracker=search&fm=organic&iid=c113fa55-72cd-4222-9d91-644a40ef4733.MOBHYUZGAYG8QJKP.SEARCH&ppt=None&ppn=None&ssid=r6az5mmtv40000001790676233539&qH=a5594894156db043&ov_redirect=true,2026-09-29
538,"realme C61 (Marble Black, 64 GB)",realme,7249,8999,19% off,4.3,"37,550","1,668",4 GB RAM,64 GB ROM,5000 mAh Battery,T612 Processor,17.13 cm (6.745 inch) HD+ Display,32MP Rear Camera | 5MP Front Camera,,https://www.flipkart.com/realme-c61-marble-black-64-gb/p/itmd6ddbcefce040?pid=MOBHFRKRAHPWY9JA&lid=LSTMOBHFRKRAHPWY9JADLJL0N&marketplace=FLIPKART&q=smart+phones&store=tyy%2F4io&srno=s_23_538&otracker=search&fm=organic&iid=c113fa55-72cd-4222-9d91-644a40ef4733.MOBHFRKRAHPWY9JA.SEARCH&ppt=None&ppn=None&ssid=r6az5mmtv40000001790676233539&qH=a5594894156db043&ov_redirect=true,2026-09-29
539,"Google Pixel 11 Pro (Obsidian, 512 GB)",Google,134999,,,4.6,30,4,16 GB RAM,512 GB ROM,4850 mAh Lithium Battery,Tensor G6 Processor,16.0 cm (6.3 inch) Super Actua Display,50MP + 48MP + 48MP | 42MP Front Camera,,https://www.flipkart.com/google-pixel-11-pro-obsidian-512-gb/p/itm4e716e6db8cd0?pid=MOBHPHNVMEETZZUC&lid=LSTMOBHPHNVMEETZZUCPCSBCD&marketplace=FLIPKART&q=smart+phones&store=tyy%2F4io&srno=s_23_539&otracker=search&fm=organic&iid=c113fa55-72cd-4222-9d91-644a40ef4733.MOBHPHNVMEETZZUC.SEARCH&ppt=None&ppn=None&ssid=r6az5mmtv40000001790676233539&qH=a5594894156db043&ov_redirect=true,2026-09-29
540,"Ai+ Pulse 1 (Sparkle Red, 64 GB)",Ai+,7999,,,4.2,"42,945","3,630",4 GB RAM,64 GB ROM,5000 mAh Battery,T615 Processor,17.13 cm (6.745 inch) HD+ Display,50MP Rear Camera | 5MP Front Camera,,https://www.flipkart.com/ai-pulse-1-sparkle-red-64-gb/p/itm475b5391ff251?pid=MOBHFG2DP4QYFDMP&lid=LSTMOBHFG2DP4QYFDMPEBEVVS&marketplace=FLIPKART&q=smart+phones&store=tyy%2F4io&srno=s_23_540&otracker=search&fm=organic&iid=c113fa55-72cd-4222-9d91-644a40ef4733.MOBHFG2DP4QYFDMP.SEARCH&ppt=None&ppn=None&ssid=r6az5mmtv40000001790676233539&qH=a5594894156db043&ov_redirect=true,2026-09-29
541,"POCO X8 Pro (Black, 256 GB)",POCO,39999,50999,21% off,4.3,"4,012",699,8 GB RAM,256 GB ROM,6500 mAh Lithium-Ion Polymer With Silicon Carbon Technology Battery,Dimensity 8500-Ultra Processor,16.74 cm (6.59 inch) Full HD+ AMOLED Display,50MP + 8MP | 20MP Front Camera,,https://www.flipkart.com/poco-x8-pro-black-256-gb/p/itmfbd9f2b2c7db9?pid=MOBHMGG5WYZAECZY&lid=LSTMOBHMGG5WYZAECZYJDRRYU&marketplace=FLIPKART&q=smart+phones&store=tyy%2F4io&srno=s_23_541&otracker=search&fm=organic&iid=c113fa55-72cd-4222-9d91-644a40ef4733.MOBHMGG5WYZAECZY.SEARCH&ppt=None&ppn=None&ssid=r6az5mmtv40000001790676233539&qH=a5594894156db043&ov_redirect=true,2026-09-29
542,"REDMI 13c 5G (Startrail Silver, 128 GB)",REDMI,9369,14074,33% off,4.2,"36,394","1,521",4 GB RAM,128 GB ROM,5000 mAh Battery,,17.12 cm (6.74 inch) Display,50MP Rear Camera,,https://www.flipkart.com/redmi-13c-5g-startrail-silver-128-gb/p/itm996fbc603ec3c?pid=MOBGW6S73JBHWZQS&lid=LSTMOBGW6S73JBHWZQSZJ2XVJ&marketplace=FLIPKART&q=smart+phones&store=tyy%2F4io&srno=s_23_542&otracker=search&fm=organic&iid=c113fa55-72cd-4222-9d91-644a40ef4733.MOBGW6S73JBHWZQS.SEARCH&ppt=None&ppn=None&ssid=r6az5mmtv40000001790676233539&qH=a5594894156db043&ov_redirect=true,2026-09-29
543,"Samsung Galaxy S23 5G (Lavender, 128 GB)",Samsung,54999,89999,38% off,4.6,"78,804","5,679",8 GB RAM,128 GB ROM,3900 mAh Lithium Ion Battery,Qualcomm Snapdragon 8 Gen 2 Processor,15.49 cm (6.1 inch) Full HD+ Display,50MP + 10MP + 12MP | 12MP Front Camera,,https://www.flipkart.com/samsung-galaxy-s23-5g-lavender-128-gb/p/itmd3e8445fc75c9?pid=MOBGNPGZFWUKKJGR&lid=LSTMOBGNPGZFWUKKJGRJEZACI&marketplace=FLIPKART&q=smart+phones&store=tyy%2F4io&srno=s_23_543&otracker=search&fm=organic&iid=c113fa55-72cd-4222-9d91-644a40ef4733.MOBGNPGZFWUKKJGR.SEARCH&ppt=None&ppn=None&ssid=r6az5mmtv40000001790676233539&qH=a5594894156db043&ov_redirect=true,2026-09-29
544,"OPPO K14x 5G 6500mAh and 45W SUPERVOOC Charger & AI (Icy Blue, 128 GB)",OPPO,24999,40999,39% off,4.4,"3,940",398,6 GB RAM,128 GB ROM,6500 mAh Battery,Dimensity 6300 Processor,17.14 cm (6.75 inch) HD+ Display,,,https://www.flipkart.com/oppo-k14x-5g-6500mah-45w-supervooc-charger-ai-icy-blue-128-gb/p/itmdcac5ae642971?pid=MOBHPHSH6U5TGZPY&lid=LSTMOBHPHSH6U5TGZPYP2HIS6&marketplace=FLIPKART&q=smart+phones&store=tyy%2F4io&srno=s_23_544&otracker=search&fm=organic&iid=c113fa55-72cd-4222-9d91-644a40ef4733.MOBHPHSH6U5TGZPY.SEARCH&ppt=None&ppn=None&ssid=r6az5mmtv40000001790676233539&qH=a5594894156db043&ov_redirect=true,2026-09-29
545,"Apple iPhone 16 (Black, 128 GB)",Apple,69900,,,4.6,"1,99,244","8,616",,,,"A18 Chip, 6 Core Processor Processor",15.49 cm (6.1 inch) Super Retina XDR Display,48MP + 12MP | 12MP Front Camera,,https://www.flipkart.com/apple-iphone-16-black-128-gb/p/itmb07d67f995271?pid=MOBH4DQFG8NKFRDY&lid=LSTMOBH4DQFG8NKFRDYNBDOZI&marketplace=FLIPKART&q=smart+phones&store=tyy%2F4io&srno=s_23_545&otracker=search&fm=organic&iid=c113fa55-72cd-4222-9d91-644a40ef4733.MOBH4DQFG8NKFRDY.SEARCH&ppt=None&ppn=None&ssid=r6az5mmtv40000001790676233539&qH=a5594894156db043&ov_redirect=true,2026-09-29
546,"POCO F6 5G (Titanium, 256 GB)",POCO,29999,33999,11% off,4.3,"14,085","1,285",8 GB RAM,256 GB ROM,5000 mAh Battery,8s Gen3 Processor,16.94 cm (6.67 inch) Full HD+ AMOLED Display,50MP (OIS) + 8MP | 20MP Front Camera,,https://www.flipkart.com/poco-f6-5g-titanium-256-gb/p/itme731d9a334947?pid=MOBHYUZGBKPPKU5A&lid=LSTMOBHYUZGBKPPKU5AHQNZCY&marketplace=FLIPKART&q=smart+phones&store=tyy%2F4io&srno=s_23_546&otracker=search&fm=organic&iid=c113fa55-72cd-4222-9d91-644a40ef4733.MOBHYUZGBKPPKU5A.SEARCH&ppt=None&ppn=None&ssid=r6az5mmtv40000001790676233539&qH=a5594894156db043&ov_redirect=true,2026-09-29
547,"Samsung Galaxy F16 5G (Vibing Blue, 128 GB)",Samsung,13999,17499,20% off,4.2,"10,434",812,6 GB RAM,128 GB ROM,5000 mAh Battery,Dimensity 6300 Processor,16.91 cm (6.657 inch) Full HD+ Display,50MP + 5MP + 2MP | 13MP Front Camera,,https://www.flipkart.com/samsung-galaxy-f16-5g-vibing-blue-128-gb/p/itmc59882b14985a?pid=MOBH9ASG42S7QZ6P&lid=LSTMOBH9ASG42S7QZ6PM3IJJ8&marketplace=FLIPKART&q=smart+phones&store=tyy%2F4io&srno=s_23_547&otracker=search&fm=organic&iid=c113fa55-72cd-4222-9d91-644a40ef4733.MOBH9ASG42S7QZ6P.SEARCH&ppt=None&ppn=None&ssid=r6az5mmtv40000001790676233539&qH=a5594894156db043&ov_redirect=true,2026-09-29
548,"POCO M7 5G (Ocean Blue, 128 GB)",POCO,12499,12999,3% off,4.1,"77,567","4,384",6 GB RAM,128 GB ROM,5160 mAh Battery,4 Gen 2 5G Processor,17.48 cm (6.88 inch) HD+ Display,50MP Rear Camera | 8MP Front Camera,5G,https://www.flipkart.com/poco-m7-5g-ocean-blue-128-gb/p/itm9a7884b76b50f?pid=MOBH9HFJPK4N84VF&lid=LSTMOBH9HFJPK4N84VFWI8TWT&marketplace=FLIPKART&q=smart+phones&store=tyy%2F4io&srno=s_23_548&otracker=search&fm=organic&iid=c113fa55-72cd-4222-9d91-644a40ef4733.MOBH9HFJPK4N84VF.SEARCH&ppt=None&ppn=None&ssid=r6az5mmtv40000001790676233539&qH=a5594894156db043&ov_redirect=true,2026-09-29
549,"Samsung Galaxy A14 5G (Light Green, 128 GB)",Samsung,15499,,,4.2,"46,239","2,243",4 GB RAM,128 GB ROM,5000 mAh Lithium Ion Battery,Exynos 1330 Processor,16.76 cm (6.6 inch) Full HD+ Display,50MP + 2MP + 2MP | 13MP Front Camera,,https://www.flipkart.com/samsung-galaxy-a14-5g-light-green-128-gb/p/itm2568e5ed2bbbb?pid=MOBGX2Q7GTRGSGU9&lid=LSTMOBGX2Q7GTRGSGU9PYQBS1&marketplace=FLIPKART&q=smart+phones&store=tyy%2F4io&srno=s_23_549&otracker=search&fm=organic&iid=c113fa55-72cd-4222-9d91-644a40ef4733.MOBGX2Q7GTRGSGU9.SEARCH&ppt=None&ppn=None&ssid=r6az5mmtv40000001790676233539&qH=a5594894156db043&ov_redirect=true,2026-09-29
550,"Motorola g54 5G (Pearl Blue, 128 GB)",Motorola,17999,,,4.2,"1,00,952","8,965",8 GB RAM,128 GB ROM,6000 mAh Battery,Dimensity 7020 Processor,16.51 cm (6.5 inch) Full HD+ Display,50MP (OIS) + 8MP | 16MP Front Camera,,https://www.flipkart.com/motorola-g54-5g-pearl-blue-128-gb/p/itm8d5c2baa065c6?pid=MOBGQFX8TMM555GW&lid=LSTMOBGQFX8TMM555GWMGXPWV&marketplace=FLIPKART&q=smart+phones&store=tyy%2F4io&srno=s_23_550&otracker=search&fm=organic&iid=c113fa55-72cd-4222-9d91-644a40ef4733.MOBGQFX8TMM555GW.SEARCH&ppt=None&ppn=None&ssid=r6az5mmtv40000001790676233539&qH=a5594894156db043&ov_redirect=true,2026-09-29
551,"Samsung Galaxy F05 (Twilight Blue, 64 GB)",Samsung,6499,9999,35% off,4.2,"77,408","4,543",4 GB RAM,64 GB ROM,5000 mAh Battery,Helio G85 Processor,17.02 cm (6.7 inch) HD+ Display,50MP + 2MP | 8MP Front Camera,,https://www.flipkart.com/samsung-galaxy-f05-twilight-blue-64-gb/p/itm84a914081ab93?pid=MOBH4GTXZ9ZRQ3SU&lid=LSTMOBH4GTXZ9ZRQ3SUXCBGGE&marketplace=FLIPKART&q=smart+phones&store=tyy%2F4io&srno=s_23_551&otracker=search&fm=organic&iid=c113fa55-72cd-4222-9d91-644a40ef4733.MOBH4GTXZ9ZRQ3SU.SEARCH&ppt=None&ppn=None&ssid=r6az5mmtv40000001790676233539&qH=a5594894156db043&ov_redirect=true,2026-09-29
552,"POCO X8 Pro Max (Black, 256 GB)",POCO,48999,57999,15% off,4.5,"2,049",417,12 GB RAM,256 GB ROM,9000 mAh Lithium-Ion Polymer With Silicon Carbon Technology Battery,Dimensity 9500s Processor,17.35 cm (6.83 inch) Full HD+ AMOLED Display,50MP + 8MP | 20MP Front Camera,,https://www.flipkart.com/poco-x8-pro-max-black-256-gb/p/itm0dc50d67926fb?pid=MOBHMGG5AZ5UWQJM&lid=LSTMOBHMGG5AZ5UWQJMEPJMYX&marketplace=FLIPKART&q=smart+phones&store=tyy%2F4io&srno=s_23_552&otracker=search&fm=organic&iid=c113fa55-72cd-4222-9d91-644a40ef4733.MOBHMGG5AZ5UWQJM.SEARCH&ppt=None&ppn=None&ssid=r6az5mmtv40000001790676233539&qH=a5594894156db043&ov_redirect=true,2026-09-29
553,"Google Pixel 11 (Frost, 512 GB)",Google,104999,,,4.5,381,70,12 GB RAM,512 GB ROM,4985 mAh Lithium Battery,Tensor G6 Processor,16.0 cm (6.3 inch) Actua Display,48MP + 13MP + 10.8MP | 10.5MP Front Camera,,https://www.flipkart.com/google-pixel-11-frost-512-gb/p/itm901dc9a784aaf?pid=MOBHPHNVYZSFXPGY&lid=LSTMOBHPHNVYZSFXPGY3HDKOG&marketplace=FLIPKART&q=smart+phones&store=tyy%2F4io&srno=s_24_553&otracker=search&fm=organic&iid=8d2c0ce2-0f94-4f58-af6e-76a431566024.MOBHPHNVYZSFXPGY.SEARCH&ppt=None&ppn=None&ssid=rrtuja6ouo0000001790676236341&qH=a5594894156db043&ov_redirect=true,2026-09-29
554,"POCO X8 Pro Max (White, 512 GB)",POCO,52999,61999,14% off,4.5,"2,049",417,12 GB RAM,512 GB ROM,9000 mAh Lithium-Ion Polymer With Silicon Carbon Technology Battery,Dimensity 9500s Processor,17.35 cm (6.83 inch) Full HD+ AMOLED Display,50MP + 8MP | 20MP Front Camera,,https://www.flipkart.com/poco-x8-pro-max-white-512-gb/p/itm99efd552c2346?pid=MOBHMGG52GRMRFFN&lid=LSTMOBHMGG52GRMRFFNBEWRC3&marketplace=FLIPKART&q=smart+phones&store=tyy%2F4io&srno=s_24_554&otracker=search&fm=organic&iid=8d2c0ce2-0f94-4f58-af6e-76a431566024.MOBHMGG52GRMRFFN.SEARCH&ppt=None&ppn=None&ssid=rrtuja6ouo0000001790676236341&qH=a5594894156db043&ov_redirect=true,2026-09-29
555,"Motorola e13 (Cosmic Black, 128 GB)",Motorola,9299,11999,22% off,4.1,"35,482","1,990",8 GB RAM,128 GB ROM,5000 mAh Battery,Unisoc T606 Processor,16.51 cm (6.5 inch) HD+ Display,13MP Rear Camera | 5MP Front Camera,,https://www.flipkart.com/motorola-e13-cosmic-black-128-gb/p/itm04a41c3c76631?pid=MOBGQFX6SFZXR7PK&lid=LSTMOBGQFX6SFZXR7PKP7HQQS&marketplace=FLIPKART&q=smart+phones&store=tyy%2F4io&srno=s_24_555&otracker=search&fm=organic&iid=8d2c0ce2-0f94-4f58-af6e-76a431566024.MOBGQFX6SFZXR7PK.SEARCH&ppt=None&ppn=None&ssid=rrtuja6ouo0000001790676236341&qH=a5594894156db043&ov_redirect=true,2026-09-29
556,"MOTOROLA Edge 70 Fusion Snapdragon (Pantone BLUE SURF, 256 GB)",MOTOROLA,34999,59999,41% off,4.3,"6,803",753,12 GB RAM,256 GB ROM,7000 mAh Battery,Snapdragon 7s Gen 4 Processor,17.27 cm (6.8 inch) Super HD Display,50MP + 13MP | 32MP Front Camera,,https://www.flipkart.com/motorola-edge-70-fusion-snapdragon-pantone-blue-surf-256-gb/p/itmab1b62c8461fa?pid=MOBHN9733F5QHAQC&lid=LSTMOBHN9733F5QHAQCLPXZGM&marketplace=FLIPKART&q=smart+phones&store=tyy%2F4io&srno=s_24_556&otracker=search&fm=organic&iid=8d2c0ce2-0f94-4f58-af6e-76a431566024.MOBHN9733F5QHAQC.SEARCH&ppt=None&ppn=None&ssid=rrtuja6ouo0000001790676236341&qH=a5594894156db043&ov_redirect=true,2026-09-29
557,"Ai+ Pulse 1 (Sparkle Red, 128 GB)",Ai+,9999,,,4,"10,270",755,6 GB RAM,128 GB ROM,5000 mAh Battery,T615 Processor,17.13 cm (6.745 inch) HD+ Display,50MP Rear Camera | 5MP Front Camera,,https://www.flipkart.com/ai-pulse-1-sparkle-red-128-gb/p/itm07e17f4df962c?pid=MOBHFG2DZMBHECNY&lid=LSTMOBHFG2DZMBHECNYM58VHB&marketplace=FLIPKART&q=smart+phones&store=tyy%2F4io&srno=s_24_557&otracker=search&fm=organic&iid=8d2c0ce2-0f94-4f58-af6e-76a431566024.MOBHFG2DZMBHECNY.SEARCH&ppt=None&ppn=None&ssid=rrtuja6ouo0000001790676236341&qH=a5594894156db043&ov_redirect=true,2026-09-29
558,"MOTOROLA Edge 70 Fusion Snapdragon (Pantone COUNTRY AIR, 128 GB)",MOTOROLA,30999,49999,38% off,4.4,"18,488","2,031",8 GB RAM,128 GB ROM,7000 mAh Battery,Snapdragon 7s Gen 4 Processor,17.27 cm (6.8 inch) Super HD Display,50MP + 13MP | 32MP Front Camera,,https://www.flipkart.com/motorola-edge-70-fusion-snapdragon-pantone-country-air-128-gb/p/itm35e1629da7123?pid=MOBHN973BZYNQ9XZ&lid=LSTMOBHN973BZYNQ9XZIVDF72&marketplace=FLIPKART&q=smart+phones&store=tyy%2F4io&srno=s_24_558&otracker=search&fm=organic&iid=8d2c0ce2-0f94-4f58-af6e-76a431566024.MOBHN973BZYNQ9XZ.SEARCH&ppt=None&ppn=None&ssid=rrtuja6ouo0000001790676236341&qH=a5594894156db043&ov_redirect=true,2026-09-29
559,"CMF by Nothing Phone 2 Pro (Black, 256 GB)",CMF,20999,24999,16% off,4.4,"76,249","6,759",8 GB RAM,256 GB ROM,5000 mAh Battery,Dimensity 7300 Pro 5G Processor,17.2 cm (6.77 inch) Display,50MP + 50MP + 8MP | 16MP Front Camera,5G,https://www.flipkart.com/cmf-nothing-phone-2-pro-black-256-gb/p/itm46a119f176627?pid=MOBHAUHAY7BY7PT5&lid=LSTMOBHAUHAY7BY7PT52UMFU9&marketplace=FLIPKART&q=smart+phones&store=tyy%2F4io&srno=s_24_559&otracker=search&fm=organic&iid=8d2c0ce2-0f94-4f58-af6e-76a431566024.MOBHAUHAY7BY7PT5.SEARCH&ppt=None&ppn=None&ssid=rrtuja6ouo0000001790676236341&qH=a5594894156db043&ov_redirect=true,2026-09-29
560,"Motorola g54 5G (Pearl Blue, 256 GB)",Motorola,21999,,,4.2,"82,115","7,306",12 GB RAM,256 GB ROM,6000 mAh Battery,Dimensity 7020 Processor,16.51 cm (6.5 inch) Full HD+ Display,50MP (OIS) + 8MP | 16MP Front Camera,,https://www.flipkart.com/motorola-g54-5g-pearl-blue-256-gb/p/itmb97dc7f2e0a90?pid=MOBGQFX8EGYZCSGY&lid=LSTMOBGQFX8EGYZCSGYXG8CIY&marketplace=FLIPKART&q=smart+phones&store=tyy%2F4io&srno=s_24_560&otracker=search&fm=organic&iid=8d2c0ce2-0f94-4f58-af6e-76a431566024.MOBGQFX8EGYZCSGY.SEARCH&ppt=None&ppn=None&ssid=rrtuja6ouo0000001790676236341&qH=a5594894156db043&ov_redirect=true,2026-09-29
561,"Infinix NOTE 60 Pro (Mocha Brown, 128 GB)",Infinix,35999,39999,10% off,4.4,"1,734",279,8 GB RAM,128 GB ROM,6500 mAh Battery,Snapdragon 7s Gen 4 Processor,17.22 cm (6.78 inch) Full HD+ AMOLED Display,50MP + 8MP | 13MP Front Camera,,https://www.flipkart.com/infinix-note-60-pro-mocha-brown-128-gb/p/itm7681d00923b3c?pid=MOBHHVE2N3RFZZDT&lid=LSTMOBHHVE2N3RFZZDTRZKIDK&marketplace=FLIPKART&q=smart+phones&store=tyy%2F4io&srno=s_24_561&otracker=search&fm=organic&iid=8d2c0ce2-0f94-4f58-af6e-76a431566024.MOBHHVE2N3RFZZDT.SEARCH&ppt=None&ppn=None&ssid=rrtuja6ouo0000001790676236341&qH=a5594894156db043&ov_redirect=true,2026-09-29
562,"Samsung Galaxy A14 5G (Dark Red, 128 GB)",Samsung,15499,,,4.2,"46,239","2,243",4 GB RAM,128 GB ROM,5000 mAh Lithium Ion Battery,Exynos 1330 Processor,16.76 cm (6.6 inch) Full HD+ Display,50MP + 2MP + 2MP | 13MP Front Camera,,https://www.flipkart.com/samsung-galaxy-a14-5g-dark-red-128-gb/p/itma8898a288d63b?pid=MOBGX2Q7KG25VGKQ&lid=LSTMOBGX2Q7KG25VGKQN7MMPU&marketplace=FLIPKART&q=smart+phones&store=tyy%2F4io&srno=s_24_562&otracker=search&fm=organic&iid=8d2c0ce2-0f94-4f58-af6e-76a431566024.MOBGX2Q7KG25VGKQ.SEARCH&ppt=None&ppn=None&ssid=rrtuja6ouo0000001790676236341&qH=a5594894156db043&ov_redirect=true,2026-09-29
563,"Samsung Galaxy A06 5G (Light Green, 128 GB)",Samsung,17485,23999,27% off,4.1,"4,980",375,4 GB RAM,128 GB ROM,5000 mAh Battery,MEDIATEK Processor,17.02 cm (6.7 inch) HD+ Display,50MP + 50MP | 2MP + 2MP Dual Front Camera,,https://www.flipkart.com/samsung-galaxy-a06-5g-light-green-128-gb/p/itm20ea64b1504e4?pid=MOBH9YKUTGWPGPHD&lid=LSTMOBH9YKUTGWPGPHDABDP8P&marketplace=FLIPKART&q=smart+phones&store=tyy%2F4io&srno=s_24_563&otracker=search&fm=organic&iid=8d2c0ce2-0f94-4f58-af6e-76a431566024.MOBH9YKUTGWPGPHD.SEARCH&ppt=None&ppn=None&ssid=rrtuja6ouo0000001790676236341&qH=a5594894156db043&ov_redirect=true,2026-09-29
564,"realme P1 5G (Phoenix Red, 128 GB)",realme,14999,21999,31% off,4.3,"46,621","2,756",8 GB RAM,128 GB ROM,5000 mAh Battery,Dimensity 7050 Processor,16.94 cm (6.67 inch) Full HD+ Display,50MP + 2MP | 16MP Front Camera,,https://www.flipkart.com/realme-p1-5g-phoenix-red-128-gb/p/itmae4447062b5b5?pid=MOBGZSU4BBYYMSEV&lid=LSTMOBGZSU4BBYYMSEVEEHYG2&marketplace=FLIPKART&q=smart+phones&store=tyy%2F4io&srno=s_24_564&otracker=search&fm=organic&iid=8d2c0ce2-0f94-4f58-af6e-76a431566024.MOBGZSU4BBYYMSEV.SEARCH&ppt=None&ppn=None&ssid=rrtuja6ouo0000001790676236341&qH=a5594894156db043&ov_redirect=true,2026-09-29
565,"Samsung Galaxy S24 Exynos 5G (Onyx Black, 128 GB)",Samsung,49999,74999,33% off,4.5,"6,859",521,8 GB RAM,128 GB ROM,4000 mAh Battery,Exynos 2400 Processor,15.75 cm (6.2 inch) Full HD+ Display,50MP + 10MP + 12MP | 12MP Front Camera,,https://www.flipkart.com/samsung-galaxy-s24-exynos-5g-onyx-black-128-gb/p/itmf56b046170a5d?pid=MOBHYJ6QFUNQYFDH&lid=LSTMOBHYJ6QFUNQYFDHRN4OQP&marketplace=FLIPKART&q=smart+phones&store=tyy%2F4io&srno=s_24_565&otracker=search&fm=organic&iid=8d2c0ce2-0f94-4f58-af6e-76a431566024.MOBHYJ6QFUNQYFDH.SEARCH&ppt=None&ppn=None&ssid=rrtuja6ouo0000001790676236341&qH=a5594894156db043&ov_redirect=true,2026-09-29
566,"Motorola g54 5G (Mint Green, 256 GB)",Motorola,21999,,,4.2,"82,115","7,306",12 GB RAM,256 GB ROM,6000 mAh Battery,Dimensity 7020 Processor,16.51 cm (6.5 inch) Full HD+ Display,50MP (OIS) + 8MP | 16MP Front Camera,,https://www.flipkart.com/motorola-g54-5g-mint-green-256-gb/p/itm9f608c1154160?pid=MOBGQFX8XGUATGRT&lid=LSTMOBGQFX8XGUATGRTUMNQ7U&marketplace=FLIPKART&q=smart+phones&store=tyy%2F4io&srno=s_24_566&otracker=search&fm=organic&iid=8d2c0ce2-0f94-4f58-af6e-76a431566024.MOBGQFX8XGUATGRT.SEARCH&ppt=None&ppn=None&ssid=rrtuja6ouo0000001790676236341&qH=a5594894156db043&ov_redirect=true,2026-09-29
567,"Samsung Galaxy A14 5G (Light Green, 128 GB)",Samsung,16999,21999,22% off,4.1,"4,246",314,8 GB RAM,128 GB ROM,5000 mAh Lithium Ion Battery,Exynos 1330 Processor,16.76 cm (6.6 inch) Full HD+ Display,50MP + 2MP + 2MP | 13MP Front Camera,,https://www.flipkart.com/samsung-galaxy-a14-5g-light-green-128-gb/p/itma725b4aad1d7b?pid=MOBGHT8UFVE7F82Z&lid=LSTMOBGHT8UFVE7F82ZEJCSCV&marketplace=FLIPKART&q=smart+phones&store=tyy%2F4io&srno=s_24_567&otracker=search&fm=organic&iid=8d2c0ce2-0f94-4f58-af6e-76a431566024.MOBGHT8UFVE7F82Z.SEARCH&ppt=None&ppn=None&ssid=rrtuja6ouo0000001790676236341&qH=a5594894156db043&ov_redirect=true,2026-09-29
568,"realme P4s 5G (Titanium Gray, 256 GB)",realme,37999,54999,30% off,4.4,477,100,8 GB RAM,256 GB ROM,8000 mAh Battery,Dimensity 7400 Processor,17.22 cm (6.78 inch) Full HD+ AMOLED Display,50MP + 8MP | 16MP Front Camera,,https://www.flipkart.com/realme-p4s-5g-titanium-gray-256-gb/p/itmcb2e7e552a5ef?pid=MOBHPBHAGEJZ4KWF&lid=LSTMOBHPBHAGEJZ4KWF0IXU2O&marketplace=FLIPKART&q=smart+phones&store=tyy%2F4io&srno=s_24_568&otracker=search&fm=organic&iid=8d2c0ce2-0f94-4f58-af6e-76a431566024.MOBHPBHAGEJZ4KWF.SEARCH&ppt=None&ppn=None&ssid=rrtuja6ouo0000001790676236341&qH=a5594894156db043&ov_redirect=true,2026-09-29
569,"realme 15T 5G (Silk Blue, 128 GB)",realme,27999,31999,12% off,4.2,"6,632",583,8 GB RAM,128 GB ROM,7000 mAh Battery,MediaTek Dimensity 6400 MAX Processor,16.69 cm (6.57 inch) Full HD Display,50MP + 2MP | 50MP Front Camera,,https://www.flipkart.com/realme-15t-5g-silk-blue-128-gb/p/itm3f28d98da183c?pid=MOBHHY7VTGRUAYR5&lid=LSTMOBHHY7VTGRUAYR5H3KIXJ&marketplace=FLIPKART&q=smart+phones&store=tyy%2F4io&srno=s_24_569&otracker=search&fm=organic&iid=8d2c0ce2-0f94-4f58-af6e-76a431566024.MOBHHY7VTGRUAYR5.SEARCH&ppt=None&ppn=None&ssid=rrtuja6ouo0000001790676236341&qH=a5594894156db043&ov_redirect=true,2026-09-29
570,"Mivi One 5G (Dark Blue, 128 GB)",Mivi,16499,25999,36% off,,,,8 GB RAM,128 GB ROM,6000 mAh Lithium Polymer Battery,Snapdragon 4 Gen 2 Processor,17.14 cm (6.75 inch) HD+ Display,50MP Rear Camera | 8MP Front Camera,,https://www.flipkart.com/mivi-one-5g-dark-blue-128-gb/p/itmc4fe391b356ab?pid=MOBHR3ZPKTQ7SMZQ&lid=LSTMOBHR3ZPKTQ7SMZQ8S0OLE&marketplace=FLIPKART&q=smart+phones&store=tyy%2F4io&srno=s_24_570&otracker=search&fm=organic&iid=8d2c0ce2-0f94-4f58-af6e-76a431566024.MOBHR3ZPKTQ7SMZQ.SEARCH&ppt=None&ppn=None&ssid=rrtuja6ouo0000001790676236341&qH=a5594894156db043&ov_redirect=true,2026-09-29
571,"Infinix GT 30 5G+ Pulse Green 128 (Pulse Green, 128 GB)",Infinix,21999,24999,12% off,4.4,"1,734",156,8 GB RAM,128 GB ROM,5500 mAh Battery,Dimensity 7400 Processor,17.22 cm (6.78 inch) Full HD+ AMOLED Display,64MP + 8MP | 13MP Front Camera,,https://www.flipkart.com/infinix-gt-30-5g-pulse-green-128-pulse-green-gb/p/itm666aa01d8a89d?pid=MOBHDQFAY7XQDHNK&lid=LSTMOBHDQFAY7XQDHNKJVNAJR&marketplace=FLIPKART&q=smart+phones&store=tyy%2F4io&srno=s_24_571&otracker=search&fm=organic&iid=8d2c0ce2-0f94-4f58-af6e-76a431566024.MOBHDQFAY7XQDHNK.SEARCH&ppt=None&ppn=None&ssid=rrtuja6ouo0000001790676236341&qH=a5594894156db043&ov_redirect=true,2026-09-29
572,"realme C85 5G (Parrot Purple, 128.0 GB)",realme,21999,24999,12% off,4.3,226,17,4 GB RAM,128.0 GB ROM,7000 mAh Battery,Dimensity 6300 Processor,17.27 cm (6.8 inch) HD+ Display,50MP Rear Camera | 8MP Front Camera,,https://www.flipkart.com/realme-c85-5g-parrot-purple-128-0-gb/p/itm460d45ea3b896?pid=MOBHHY7V7UPW3YWV&lid=LSTMOBHHY7V7UPW3YWVGCMMBM&marketplace=FLIPKART&q=smart+phones&store=tyy%2F4io&srno=s_24_572&otracker=search&fm=organic&iid=8d2c0ce2-0f94-4f58-af6e-76a431566024.MOBHHY7V7UPW3YWV.SEARCH&ppt=None&ppn=None&ssid=rrtuja6ouo0000001790676236341&qH=a5594894156db043&ov_redirect=true,2026-09-29
573,"CMF by Nothing Phone 2 Pro (Light Green, 256 GB)",CMF,20999,24999,16% off,4.4,"76,249","6,759",8 GB RAM,256 GB ROM,5000 mAh Battery,Dimensity 7300 Pro 5G Processor,17.2 cm (6.77 inch) Full HD+ Display,50MP + 50MP + 8MP | 16MP Front Camera,5G,https://www.flipkart.com/cmf-nothing-phone-2-pro-light-green-256-gb/p/itm46a119f176627?pid=MOBHAUHA6X5YWPBP&lid=LSTMOBHAUHA6X5YWPBPVY1EW2&marketplace=FLIPKART&q=smart+phones&store=tyy%2F4io&srno=s_24_573&otracker=search&fm=organic&iid=8d2c0ce2-0f94-4f58-af6e-76a431566024.MOBHAUHA6X5YWPBP.SEARCH&ppt=None&ppn=None&ssid=rrtuja6ouo0000001790676236341&qH=a5594894156db043&ov_redirect=true,2026-09-29
574,"POCO X8 Pro (Black, 256 GB)",POCO,39999,50999,21% off,4.3,"4,012",699,8 GB RAM,256 GB ROM,6500 mAh Lithium-Ion Polymer With Silicon Carbon Technology Battery,Dimensity 8500-Ultra Processor,16.74 cm (6.59 inch) Full HD+ AMOLED Display,50MP + 8MP | 20MP Front Camera,,https://www.flipkart.com/poco-x8-pro-black-256-gb/p/itmfbd9f2b2c7db9?pid=MOBHMGG5WYZAECZY&lid=LSTMOBHMGG5WYZAECZYJDRRYU&marketplace=FLIPKART&q=smart+phones&store=tyy%2F4io&srno=s_24_574&otracker=search&fm=organic&iid=8d2c0ce2-0f94-4f58-af6e-76a431566024.MOBHMGG5WYZAECZY.SEARCH&ppt=None&ppn=None&ssid=rrtuja6ouo0000001790676236341&qH=a5594894156db043&ov_redirect=true,2026-09-29
575,"vivo T4 5G (Emerald Blaze, 256 GB)",vivo,26999,27999,3% off,4.4,"81,957","5,318",8 GB RAM,256 GB ROM,7300 mAh Battery,Snapdragon 7s Gen 3 5G Processor,17.2 cm (6.77 inch) Full HD+ Display,50MP (OIS) + 2MP | 32MP Front Camera,5G,https://www.flipkart.com/vivo-t4-5g-emerald-blaze-256-gb/p/itmc2634fd4daeb9?pid=MOBHATXZRTQ465X9&lid=LSTMOBHATXZRTQ465X9GYZRWI&marketplace=FLIPKART&q=smart+phones&store=tyy%2F4io&srno=s_24_575&otracker=search&fm=organic&iid=8d2c0ce2-0f94-4f58-af6e-76a431566024.MOBHATXZRTQ465X9.SEARCH&ppt=None&ppn=None&ssid=rrtuja6ouo0000001790676236341&qH=a5594894156db043&ov_redirect=true,2026-09-29
576,"OPPO Reno16c 5G (Stellar Purple, 128 GB)",OPPO,52999,74999,29% off,4.5,484,105,8 GB RAM,128 GB ROM,7000 mAh lithium-ion polymer Battery,Dimensity 7300 Processor,16.69 cm (6.57 inch) Full HD+ Display,50MP + 8MP + 50MP | 50MP Front Camera,,https://www.flipkart.com/oppo-reno16c-5g-stellar-purple-128-gb/p/itm11564d55ef044?pid=MOBHZMBRQFXPEWGR&lid=LSTMOBHZMBRQFXPEWGRIDOD6Q&marketplace=FLIPKART&q=smart+phones&store=tyy%2F4io&srno=s_24_576&otracker=search&fm=organic&iid=8d2c0ce2-0f94-4f58-af6e-76a431566024.MOBHZMBRQFXPEWGR.SEARCH&ppt=None&ppn=None&ssid=rrtuja6ouo0000001790676236341&qH=a5594894156db043&ov_redirect=true,2026-09-29
577,"Tecno Spark Go 3 (Ink Black, 64 GB)",Tecno,12499,15999,21% off,4.1,217,15,4 GB RAM,64 GB ROM,5000 mAh Lithium Polymer Battery,T7250 Processor,17.12 cm (6.74 inch) HD+ Display,13MP Rear Camera | 8MP Front Camera,,https://www.flipkart.com/tecno-spark-go-3-ink-black-64-gb/p/itma9c8f128a61c6?pid=MOBHP2QYCXZZE3CM&lid=LSTMOBHP2QYCXZZE3CMWW64IB&marketplace=FLIPKART&q=smart+phones&store=tyy%2F4io&srno=s_25_577&otracker=search&fm=organic&iid=en_H_YsoILXt9K6GNqA4W450bNlwPxuWys_Ji2wEPe5Osc_AsrpuY7TNqoNd_zSfxF1u-p7FawYTmaPPeu5xWEE1ZLgCDLd29XPfHChd2SlxWtxGwcXqycJVjNsgcWHgm49&ppt=None&ppn=None&ssid=qn3iz04dio0000001790676239135&qH=a5594894156db043&ov_redirect=true,2026-09-29
578,"MOTOROLA g37 power (PANTONE Nautical Blue, 128 GB)",MOTOROLA,25999,37999,31% off,4.1,"2,601",207,8 GB RAM,128 GB ROM,7000 mAh Battery,Dimensity 6400 Processor,16.92 cm (6.66 inch) HD+ Display,50MP Rear Camera | 8MP Front Camera,,https://www.flipkart.com/motorola-g37-power-pantone-nautical-blue-128-gb/p/itm48ade38c32669?pid=MOBHMX5YNNYGMVWH&lid=LSTMOBHMX5YNNYGMVWHYBPQ6L&marketplace=FLIPKART&q=smart+phones&store=tyy%2F4io&srno=s_25_578&otracker=search&fm=organic&iid=d5088b6d-eade-4c87-aa04-e2af4c4f0c60.MOBHMX5YNNYGMVWH.SEARCH&ppt=None&ppn=None&ssid=qn3iz04dio0000001790676239135&qH=a5594894156db043&ov_redirect=true,2026-09-29
579,"Google Pixel 10a (Obsidian, 256 GB)",Google,47999,55999,14% off,4.5,"3,159",359,8 GB RAM,256 GB ROM,5100 mAh Lithium Battery,Tensor G4 Processor,16.0 cm (6.3 inch) Full HD+ AMOLED Display,48MP + 13MP | 13MP Front Camera,,https://www.flipkart.com/google-pixel-10a-obsidian-256-gb/p/itm362a5eb9c09e6?pid=MOBHP6CEGN8H9WD6&lid=LSTMOBHP6CEGN8H9WD63LNSOM&marketplace=FLIPKART&q=smart+phones&store=tyy%2F4io&srno=s_25_579&otracker=search&fm=organic&iid=d5088b6d-eade-4c87-aa04-e2af4c4f0c60.MOBHP6CEGN8H9WD6.SEARCH&ppt=None&ppn=None&ssid=qn3iz04dio0000001790676239135&qH=a5594894156db043&ov_redirect=true,2026-09-29
580,"MOTOROLA Edge 70 Fusion Snapdragon (Pantone BLUE SURF, 128 GB)",MOTOROLA,30999,49999,38% off,4.4,"18,488","2,031",8 GB RAM,128 GB ROM,7000 mAh Battery,Snapdragon 7s Gen 4 Processor,17.27 cm (6.8 inch) Super HD Display,50MP + 13MP | 32MP Front Camera,,https://www.flipkart.com/motorola-edge-70-fusion-snapdragon-pantone-blue-surf-128-gb/p/itmde3fff77e262b?pid=MOBHN973UHXUTABD&lid=LSTMOBHN973UHXUTABDXA2BLL&marketplace=FLIPKART&q=smart+phones&store=tyy%2F4io&srno=s_25_580&otracker=search&fm=organic&iid=d5088b6d-eade-4c87-aa04-e2af4c4f0c60.MOBHN973UHXUTABD.SEARCH&ppt=None&ppn=None&ssid=qn3iz04dio0000001790676239135&qH=a5594894156db043&ov_redirect=true,2026-09-29
581,"realme P4x 5G (Elegant Pink, 128 GB)",realme,26999,38999,30% off,4.3,"15,813","1,362",6 GB RAM,128 GB ROM,7000 mAh Battery,Dimensity 7400 Ultra Processor,17.07 cm (6.72 inch) Full HD+ Display,50MP + 2MP | 8MP Front Camera,,https://www.flipkart.com/realme-p4x-5g-elegant-pink-128-gb/p/itm575b1540859e4?pid=MOBHN7A8GXPNGYW4&lid=LSTMOBHN7A8GXPNGYW46JFEQO&marketplace=FLIPKART&q=smart+phones&store=tyy%2F4io&srno=s_25_581&otracker=search&fm=organic&iid=d5088b6d-eade-4c87-aa04-e2af4c4f0c60.MOBHN7A8GXPNGYW4.SEARCH&ppt=None&ppn=None&ssid=qn3iz04dio0000001790676239135&qH=a5594894156db043&ov_redirect=true,2026-09-29
582,"Google Pixel 10 Pro (Obsidian, 256 GB)",Google,109999,,,4.6,466,56,16 GB RAM,256 GB ROM,4870 mAh Battery,Tensor G5 Processor,16.0 cm (6.3 inch) Quad HD+ Display,48MP + 48MP + 48MP | 42MP Front Camera,,https://www.flipkart.com/google-pixel-10-pro-obsidian-256-gb/p/itm112fb88d1f5a3?pid=MOBHEXHRWX8JYCZQ&lid=LSTMOBHEXHRWX8JYCZQ0GDYPU&marketplace=FLIPKART&q=smart+phones&store=tyy%2F4io&srno=s_25_582&otracker=search&fm=organic&iid=d5088b6d-eade-4c87-aa04-e2af4c4f0c60.MOBHEXHRWX8JYCZQ.SEARCH&ppt=None&ppn=None&ssid=qn3iz04dio0000001790676239135&qH=a5594894156db043&ov_redirect=true,2026-09-29
583,"POCO M7 Plus 5G (Aqua Blue, 128 GB)",POCO,15499,15999,3% off,3.7,"4,199",506,4 GB RAM,128 GB ROM,7000 mAh Battery,Snapdragon 6s Gen 3 5G Processor,17.53 cm (6.9 inch) Full HD+ Display,50MP Rear Camera,5G,https://www.flipkart.com/poco-m7-plus-5g-aqua-blue-128-gb/p/itm7f065aa27b056?pid=MOBHETX6HEEATBVE&lid=LSTMOBHETX6HEEATBVEPEF09D&marketplace=FLIPKART&q=smart+phones&store=tyy%2F4io&srno=s_25_583&otracker=search&fm=organic&iid=d5088b6d-eade-4c87-aa04-e2af4c4f0c60.MOBHETX6HEEATBVE.SEARCH&ppt=None&ppn=None&ssid=qn3iz04dio0000001790676239135&qH=a5594894156db043&ov_redirect=true,2026-09-29
584,"Ai+ Nova 2 Power 5G (Golden Blue Fusion, 128 GB)",Ai+,17999,29999,40% off,,,,8 GB RAM,128 GB ROM,7000 mAh Li-polymer Battery,Dimensity 7100 Processor,17.14 cm (6.75 inch) HD+ Display,48MP + 8MP | 13MP Front Camera,,https://www.flipkart.com/ai-nova-2-power-5g-golden-blue-fusion-128-gb/p/itmc937aff58a518?pid=MOBHQZVXPMTFEJZ9&lid=LSTMOBHQZVXPMTFEJZ9PWNJR5&marketplace=FLIPKART&q=smart+phones&store=tyy%2F4io&srno=s_25_584&otracker=search&fm=organic&iid=d5088b6d-eade-4c87-aa04-e2af4c4f0c60.MOBHQZVXPMTFEJZ9.SEARCH&ppt=None&ppn=None&ssid=qn3iz04dio0000001790676239135&qH=a5594894156db043&ov_redirect=true,2026-09-29
585,"POCO M8 Power 5G (Green, 128 GB)",POCO,24999,54999,54% off,4.7,"1,520",891,6 GB RAM,128 GB ROM,8000 mAh Lithium-Ion Polymer Battery,Snapdragon Gen 4 Processor,17.75 cm (6.99 inch) Full HD+ AMOLED Display,50MP Rear Camera | 8MP Front Camera,,https://www.flipkart.com/poco-m8-power-5g-green-128-gb/p/itmd5d508dcd6172?pid=MOBHPCYNBFXP5TG9&lid=LSTMOBHPCYNBFXP5TG9ASUJFA&marketplace=FLIPKART&q=smart+phones&store=tyy%2F4io&srno=s_25_585&otracker=search&fm=organic&iid=d5088b6d-eade-4c87-aa04-e2af4c4f0c60.MOBHPCYNBFXP5TG9.SEARCH&ppt=None&ppn=None&ssid=qn3iz04dio0000001790676239135&qH=a5594894156db043&ov_redirect=true,2026-09-29
586,"Samsung Galaxy F04 (Opal Green, 64 GB)",Samsung,11499,,,4.2,"1,07,982","6,205",4 GB RAM,64 GB ROM,5000 mAh Lithium-Ion Battery,Mediatek Helio P35 Processor,16.51 cm (6.5 inch) HD Display,13MP + 2MP | 5MP Front Camera,,https://www.flipkart.com/samsung-galaxy-f04-opal-green-64-gb/p/itmd0c05f8b03876?pid=MOBGKY2V7QZ2QVFS&lid=LSTMOBGKY2V7QZ2QVFSGOGYVU&marketplace=FLIPKART&q=smart+phones&store=tyy%2F4io&srno=s_25_586&otracker=search&fm=organic&iid=d5088b6d-eade-4c87-aa04-e2af4c4f0c60.MOBGKY2V7QZ2QVFS.SEARCH&ppt=None&ppn=None&ssid=qn3iz04dio0000001790676239135&qH=a5594894156db043&ov_redirect=true,2026-09-29
587,"POCO M8 Power 5G (Black, 128 GB)",POCO,27999,59999,53% off,4.6,375,271,8 GB RAM,128 GB ROM,8000 mAh Lithium-Ion Polymer Battery,Snapdragon Gen 4 Processor,17.75 cm (6.99 inch) Full HD+ AMOLED Display,50MP Rear Camera | 8MP Front Camera,,https://www.flipkart.com/poco-m8-power-5g-black-128-gb/p/itm822601a413dff?pid=MOBHPCYNSNYCGRDN&lid=LSTMOBHPCYNSNYCGRDNMJJBOM&marketplace=FLIPKART&q=smart+phones&store=tyy%2F4io&srno=s_25_587&otracker=search&fm=organic&iid=d5088b6d-eade-4c87-aa04-e2af4c4f0c60.MOBHPCYNSNYCGRDN.SEARCH&ppt=None&ppn=None&ssid=qn3iz04dio0000001790676239135&qH=a5594894156db043&ov_redirect=true,2026-09-29
588,"realme P1 5G (Phoenix Red, 128 GB)",realme,14999,21999,31% off,4.3,"46,621","2,756",8 GB RAM,128 GB ROM,5000 mAh Battery,Dimensity 7050 Processor,16.94 cm (6.67 inch) Full HD+ Display,50MP + 2MP | 16MP Front Camera,,https://www.flipkart.com/realme-p1-5g-phoenix-red-128-gb/p/itmae4447062b5b5?pid=MOBGZSU4BBYYMSEV&lid=LSTMOBGZSU4BBYYMSEVEEHYG2&marketplace=FLIPKART&q=smart+phones&store=tyy%2F4io&srno=s_25_588&otracker=search&fm=organic&iid=d5088b6d-eade-4c87-aa04-e2af4c4f0c60.MOBGZSU4BBYYMSEV.SEARCH&ppt=None&ppn=None&ssid=qn3iz04dio0000001790676239135&qH=a5594894156db043&ov_redirect=true,2026-09-29
589,"Mivi One 5G (Dark Blue, 128 GB)",Mivi,14999,23999,37% off,,,,6 GB RAM,128 GB ROM,6000 mAh Lithium Polymer Battery,Snapdragon 4 Gen 2 Processor,17.14 cm (6.75 inch) HD+ Display,50MP Rear Camera | 8MP Front Camera,,https://www.flipkart.com/mivi-one-5g-dark-blue-128-gb/p/itm85a0ca1efac46?pid=MOBHR3ZPAXMCR8BV&lid=LSTMOBHR3ZPAXMCR8BV4CU0QX&marketplace=FLIPKART&q=smart+phones&store=tyy%2F4io&srno=s_25_589&otracker=search&fm=organic&iid=d5088b6d-eade-4c87-aa04-e2af4c4f0c60.MOBHR3ZPAXMCR8BV.SEARCH&ppt=None&ppn=None&ssid=qn3iz04dio0000001790676239135&qH=a5594894156db043&ov_redirect=true,2026-09-29
590,"realme 15x 5G (Maroon Red, 128 GB)",realme,25999,28999,10% off,4.3,"3,672",297,6 GB RAM,128 GB ROM,7000 mAh Battery,Dimensity 6300 6nm Octa-core chipset Processor,17.27 cm (6.8 inch) Display,50MP Rear Camera | 50MP Front Camera,,https://www.flipkart.com/realme-15x-5g-maroon-red-128-gb/p/itmcf22f2a57724f?pid=MOBHHY7V3ZKDTFNU&lid=LSTMOBHHY7V3ZKDTFNULN6ERS&marketplace=FLIPKART&q=smart+phones&store=tyy%2F4io&srno=s_25_590&otracker=search&fm=organic&iid=d5088b6d-eade-4c87-aa04-e2af4c4f0c60.MOBHHY7V3ZKDTFNU.SEARCH&ppt=None&ppn=None&ssid=qn3iz04dio0000001790676239135&qH=a5594894156db043&ov_redirect=true,2026-09-29
591,"Infinix GT 30 5G+ Pulse Green 128 (Pulse Green, 128 GB)",Infinix,21999,24999,12% off,4.4,"1,734",156,8 GB RAM,128 GB ROM,5500 mAh Battery,Dimensity 7400 Processor,17.22 cm (6.78 inch) Full HD+ AMOLED Display,64MP + 8MP | 13MP Front Camera,,https://www.flipkart.com/infinix-gt-30-5g-pulse-green-128-pulse-green-gb/p/itm666aa01d8a89d?pid=MOBHDQFAY7XQDHNK&lid=LSTMOBHDQFAY7XQDHNKJVNAJR&marketplace=FLIPKART&q=smart+phones&store=tyy%2F4io&srno=s_25_591&otracker=search&fm=organic&iid=d5088b6d-eade-4c87-aa04-e2af4c4f0c60.MOBHDQFAY7XQDHNK.SEARCH&ppt=None&ppn=None&ssid=qn3iz04dio0000001790676239135&qH=a5594894156db043&ov_redirect=true,2026-09-29
592,"Ai+ Pulse 1 (Blue, 64 GB)",Ai+,7999,,,4.2,"42,945","3,630",4 GB RAM,64 GB ROM,5000 mAh Battery,T615 Processor,17.13 cm (6.745 inch) HD+ Display,50MP Rear Camera | 5MP Front Camera,,https://www.flipkart.com/ai-pulse-1-blue-64-gb/p/itm039eaa37b8fdb?pid=MOBHDDQXW4ZVQFFX&lid=LSTMOBHDDQXW4ZVQFFXZCFXAD&marketplace=FLIPKART&q=smart+phones&store=tyy%2F4io&srno=s_25_592&otracker=search&fm=organic&iid=d5088b6d-eade-4c87-aa04-e2af4c4f0c60.MOBHDDQXW4ZVQFFX.SEARCH&ppt=None&ppn=None&ssid=qn3iz04dio0000001790676239135&qH=a5594894156db043&ov_redirect=true,2026-09-29
593,"Samsung Galaxy F16 5G (Vibing Blue, 128 GB)",Samsung,15499,18999,18% off,4.2,"3,686",275,8 GB RAM,128 GB ROM,5000 mAh Battery,Dimensity 6300 Processor,16.91 cm (6.657 inch) Full HD+ Display,50MP + 5MP + 2MP | 13MP Front Camera,,https://www.flipkart.com/samsung-galaxy-f16-5g-vibing-blue-128-gb/p/itma31262afa7505?pid=MOBH9ASGCZNFQGDG&lid=LSTMOBH9ASGCZNFQGDGYXWIQD&marketplace=FLIPKART&q=smart+phones&store=tyy%2F4io&srno=s_25_593&otracker=search&fm=organic&iid=d5088b6d-eade-4c87-aa04-e2af4c4f0c60.MOBH9ASGCZNFQGDG.SEARCH&ppt=None&ppn=None&ssid=qn3iz04dio0000001790676239135&qH=a5594894156db043&ov_redirect=true,2026-09-29
594,"Google Pixel 11 (Frost, 512 GB)",Google,104999,,,4.5,381,70,12 GB RAM,512 GB ROM,4985 mAh Lithium Battery,Tensor G6 Processor,16.0 cm (6.3 inch) Actua Display,48MP + 13MP + 10.8MP | 10.5MP Front Camera,,https://www.flipkart.com/google-pixel-11-frost-512-gb/p/itm901dc9a784aaf?pid=MOBHPHNVYZSFXPGY&lid=LSTMOBHPHNVYZSFXPGY3HDKOG&marketplace=FLIPKART&q=smart+phones&store=tyy%2F4io&srno=s_25_594&otracker=search&fm=organic&iid=d5088b6d-eade-4c87-aa04-e2af4c4f0c60.MOBHPHNVYZSFXPGY.SEARCH&ppt=None&ppn=None&ssid=qn3iz04dio0000001790676239135&qH=a5594894156db043&ov_redirect=true,2026-09-29
595,"realme C85 5G (Parrot Purple, 128.0 GB)",realme,21999,24999,12% off,4.3,226,17,4 GB RAM,128.0 GB ROM,7000 mAh Battery,Dimensity 6300 Processor,17.27 cm (6.8 inch) HD+ Display,50MP Rear Camera | 8MP Front Camera,,https://www.flipkart.com/realme-c85-5g-parrot-purple-128-0-gb/p/itm460d45ea3b896?pid=MOBHHY7V7UPW3YWV&lid=LSTMOBHHY7V7UPW3YWVGCMMBM&marketplace=FLIPKART&q=smart+phones&store=tyy%2F4io&srno=s_25_595&otracker=search&fm=organic&iid=d5088b6d-eade-4c87-aa04-e2af4c4f0c60.MOBHHY7V7UPW3YWV.SEARCH&ppt=None&ppn=None&ssid=qn3iz04dio0000001790676239135&qH=a5594894156db043&ov_redirect=true,2026-09-29
596,"vivo T4 5G (Emerald Blaze, 256 GB)",vivo,26999,27999,3% off,4.4,"81,957","5,318",8 GB RAM,256 GB ROM,7300 mAh Battery,Snapdragon 7s Gen 3 5G Processor,17.2 cm (6.77 inch) Full HD+ Display,50MP (OIS) + 2MP | 32MP Front Camera,5G,https://www.flipkart.com/vivo-t4-5g-emerald-blaze-256-gb/p/itmc2634fd4daeb9?pid=MOBHATXZRTQ465X9&lid=LSTMOBHATXZRTQ465X9GYZRWI&marketplace=FLIPKART&q=smart+phones&store=tyy%2F4io&srno=s_25_596&otracker=search&fm=organic&iid=d5088b6d-eade-4c87-aa04-e2af4c4f0c60.MOBHATXZRTQ465X9.SEARCH&ppt=None&ppn=None&ssid=qn3iz04dio0000001790676239135&qH=a5594894156db043&ov_redirect=true,2026-09-29
597,"realme 15T 5G (Silk Blue, 128 GB)",realme,27999,31999,12% off,4.2,"6,632",583,8 GB RAM,128 GB ROM,7000 mAh Battery,MediaTek Dimensity 6400 MAX Processor,16.69 cm (6.57 inch) Full HD Display,50MP + 2MP | 50MP Front Camera,,https://www.flipkart.com/realme-15t-5g-silk-blue-128-gb/p/itm3f28d98da183c?pid=MOBHHY7VTGRUAYR5&lid=LSTMOBHHY7VTGRUAYR5H3KIXJ&marketplace=FLIPKART&q=smart+phones&store=tyy%2F4io&srno=s_25_597&otracker=search&fm=organic&iid=d5088b6d-eade-4c87-aa04-e2af4c4f0c60.MOBHHY7VTGRUAYR5.SEARCH&ppt=None&ppn=None&ssid=qn3iz04dio0000001790676239135&qH=a5594894156db043&ov_redirect=true,2026-09-29
598,"POCO X8 Pro Max (White, 512 GB)",POCO,52999,61999,14% off,4.5,"2,049",417,12 GB RAM,512 GB ROM,9000 mAh Lithium-Ion Polymer With Silicon Carbon Technology Battery,Dimensity 9500s Processor,17.35 cm (6.83 inch) Full HD+ AMOLED Display,50MP + 8MP | 20MP Front Camera,,https://www.flipkart.com/poco-x8-pro-max-white-512-gb/p/itm99efd552c2346?pid=MOBHMGG52GRMRFFN&lid=LSTMOBHMGG52GRMRFFNBEWRC3&marketplace=FLIPKART&q=smart+phones&store=tyy%2F4io&srno=s_25_598&otracker=search&fm=organic&iid=d5088b6d-eade-4c87-aa04-e2af4c4f0c60.MOBHMGG52GRMRFFN.SEARCH&ppt=None&ppn=None&ssid=qn3iz04dio0000001790676239135&qH=a5594894156db043&ov_redirect=true,2026-09-29
599,"Motorola e13 (Cosmic Black, 128 GB)",Motorola,9299,11999,22% off,4.1,"35,482","1,990",8 GB RAM,128 GB ROM,5000 mAh Battery,Unisoc T606 Processor,16.51 cm (6.5 inch) HD+ Display,13MP Rear Camera | 5MP Front Camera,,https://www.flipkart.com/motorola-e13-cosmic-black-128-gb/p/itm04a41c3c76631?pid=MOBGQFX6SFZXR7PK&lid=LSTMOBGQFX6SFZXR7PKP7HQQS&marketplace=FLIPKART&q=smart+phones&store=tyy%2F4io&srno=s_25_599&otracker=search&fm=organic&iid=d5088b6d-eade-4c87-aa04-e2af4c4f0c60.MOBGQFX6SFZXR7PK.SEARCH&ppt=None&ppn=None&ssid=qn3iz04dio0000001790676239135&qH=a5594894156db043&ov_redirect=true,2026-09-29
600,"Ai+ Pulse 1 (Sparkle Red, 128 GB)",Ai+,9999,,,4,"10,270",755,6 GB RAM,128 GB ROM,5000 mAh Battery,T615 Processor,17.13 cm (6.745 inch) HD+ Display,50MP Rear Camera | 5MP Front Camera,,https://www.flipkart.com/ai-pulse-1-sparkle-red-128-gb/p/itm07e17f4df962c?pid=MOBHFG2DZMBHECNY&lid=LSTMOBHFG2DZMBHECNYM58VHB&marketplace=FLIPKART&q=smart+phones&store=tyy%2F4io&srno=s_25_600&otracker=search&fm=organic&iid=d5088b6d-eade-4c87-aa04-e2af4c4f0c60.MOBHFG2DZMBHECNY.SEARCH&ppt=None&ppn=None&ssid=qn3iz04dio0000001790676239135&qH=a5594894156db043&ov_redirect=true,2026-09-29
601,"Tecno Spark Go 3 (Ink Black, 64 GB)",Tecno,12499,15999,21% off,4.1,217,15,4 GB RAM,64 GB ROM,5000 mAh Lithium Polymer Battery,T7250 Processor,17.12 cm (6.74 inch) HD+ Display,13MP Rear Camera | 8MP Front Camera,,https://www.flipkart.com/tecno-spark-go-3-ink-black-64-gb/p/itma9c8f128a61c6?pid=MOBHP2QYCXZZE3CM&lid=LSTMOBHP2QYCXZZE3CMWW64IB&marketplace=FLIPKART&q=smart+phones&store=tyy%2F4io&srno=s_26_601&otracker=search&fm=organic&iid=en_41kBs-SKPKSgy-3ZtVFEV5GG7a_we4Fj5XUkj2vpUke2JHBGNfQJHLM2SzLbicIWu-p7FawYTmaPPeu5xWEE1ZLgCDLd29XPfHChd2SlxWuusjAceamDL2_PeHQytXQG&ppt=None&ppn=None&ssid=2d6qyw92ps0000001790676242051&qH=a5594894156db043&ov_redirect=true,2026-09-29
602,"vivo T5x 5G (Star Silver, 128 GB)",vivo,30999,,,4.4,"25,590","1,913",8 GB RAM,128 GB ROM,7200 mAh Li-ion Battery,Dimensity 7400-Turbo Processor,17.17 cm (6.76 inch) Display,50MP + 2MP | 32MP Front Camera,,https://www.flipkart.com/vivo-t5x-5g-star-silver-128-gb/p/itm7da8aa253e72b?pid=MOBHH69N2XATECZZ&lid=LSTMOBHH69N2XATECZZPPRNX7&marketplace=FLIPKART&q=smart+phones&store=tyy%2F4io&srno=s_26_602&otracker=search&fm=organic&iid=cb910d26-d791-4933-9c75-d8d3a07e4ed1.MOBHH69N2XATECZZ.SEARCH&ppt=None&ppn=None&ssid=2d6qyw92ps0000001790676242051&qH=a5594894156db043&ov_redirect=true,2026-09-29
603,"MOTOROLA g37 power (PANTONE Capri, 128 GB)",MOTOROLA,25999,37999,31% off,4.1,"2,601",207,8 GB RAM,128 GB ROM,7000 mAh Battery,Dimensity 6400 Processor,16.92 cm (6.66 inch) HD+ Display,50MP Rear Camera | 8MP Front Camera,,https://www.flipkart.com/motorola-g37-power-pantone-capri-128-gb/p/itm5dc5774d4d5e9?pid=MOBHMX5YXCBREREH&lid=LSTMOBHMX5YXCBREREHUWKEDX&marketplace=FLIPKART&q=smart+phones&store=tyy%2F4io&srno=s_26_603&otracker=search&fm=organic&iid=cb910d26-d791-4933-9c75-d8d3a07e4ed1.MOBHMX5YXCBREREH.SEARCH&ppt=None&ppn=None&ssid=2d6qyw92ps0000001790676242051&qH=a5594894156db043&ov_redirect=true,2026-09-29
604,"MOTOROLA Edge 70 Fusion (Pantone ORIENT BLUE, 512 GB)",MOTOROLA,38999,64999,40% off,4.3,"6,803",753,12 GB RAM,512 GB ROM,7000 mAh Battery,Snapdragon 7s Gen 4 Processor,17.27 cm (6.8 inch) Super HD Display,50MP + 13MP | 32MP Front Camera,,https://www.flipkart.com/motorola-edge-70-fusion-pantone-orient-blue-512-gb/p/itm0baa5fae46b3f?pid=MOBHNSA6SDGWGDYH&lid=LSTMOBHNSA6SDGWGDYHAAXRXJ&marketplace=FLIPKART&q=smart+phones&store=tyy%2F4io&srno=s_26_604&otracker=search&fm=organic&iid=cb910d26-d791-4933-9c75-d8d3a07e4ed1.MOBHNSA6SDGWGDYH.SEARCH&ppt=None&ppn=None&ssid=2d6qyw92ps0000001790676242051&qH=a5594894156db043&ov_redirect=true,2026-09-29
605,"POCO C85 5G (Mystic Purple, 128 GB)",POCO,16999,20999,19% off,3.8,"2,734",293,4 GB RAM,128 GB ROM,6000 mAh Lithium-Ion Polymer Battery,Dimensity 6300 Processor,17.53 cm (6.9 inch) HD+ Display,50MP Rear Camera | 8MP Front Camera,,https://www.flipkart.com/poco-c85-5g-mystic-purple-128-gb/p/itm74e2143a5de24?pid=MOBHMGG5UZHEVJBK&lid=LSTMOBHMGG5UZHEVJBKNVZALW&marketplace=FLIPKART&q=smart+phones&store=tyy%2F4io&srno=s_26_605&otracker=search&fm=organic&iid=cb910d26-d791-4933-9c75-d8d3a07e4ed1.MOBHMGG5UZHEVJBK.SEARCH&ppt=None&ppn=None&ssid=2d6qyw92ps0000001790676242051&qH=a5594894156db043&ov_redirect=true,2026-09-29
606,"MOTOROLA Edge 70 Fusion (Pantone SILHOUETTE, 512 GB)",MOTOROLA,38999,64999,40% off,4.3,"6,803",753,12 GB RAM,512 GB ROM,7000 mAh Battery,Snapdragon 7s Gen 4 Processor,17.27 cm (6.8 inch) Super HD Display,50MP + 13MP | 32MP Front Camera,,https://www.flipkart.com/motorola-edge-70-fusion-pantone-silhouette-512-gb/p/itm296e356d06dfe?pid=MOBHNSA6EXSZXYUH&lid=LSTMOBHNSA6EXSZXYUHIGVMTN&marketplace=FLIPKART&q=smart+phones&store=tyy%2F4io&srno=s_26_606&otracker=search&fm=organic&iid=cb910d26-d791-4933-9c75-d8d3a07e4ed1.MOBHNSA6EXSZXYUH.SEARCH&ppt=None&ppn=None&ssid=2d6qyw92ps0000001790676242051&qH=a5594894156db043&ov_redirect=true,2026-09-29
607,"Tecno POP X 5G (Ripple Green, 128 GB)",Tecno,19390,31999,39% off,4.5,8,2,6 GB RAM,128 GB ROM,6500 mAh Battery,,17.22 cm (6.78 inch) Display,50MP Rear Camera,,https://www.flipkart.com/tecno-pop-x-5g-ripple-green-128-gb/p/itm57a45bbcdf450?pid=MOBHMSVB8FTX33F6&lid=LSTMOBHMSVB8FTX33F62TVOV1&marketplace=FLIPKART&q=smart+phones&store=tyy%2F4io&srno=s_26_607&otracker=search&fm=organic&iid=cb910d26-d791-4933-9c75-d8d3a07e4ed1.MOBHMSVB8FTX33F6.SEARCH&ppt=None&ppn=None&ssid=2d6qyw92ps0000001790676242051&qH=a5594894156db043&ov_redirect=true,2026-09-29
608,"REDMI 15C 5G (Dusk Purple, 128 GB)",REDMI,17975,29999,40% off,3.7,870,94,4 GB RAM,128 GB ROM,6000 mAh Battery,,17.53 cm (6.9 inch) Display,50MP Rear Camera,,https://www.flipkart.com/redmi-15c-5g-dusk-purple-128-gb/p/itmc1345bb45eef3?pid=MOBHGGZ2SC2RPWAZ&lid=LSTMOBHGGZ2SC2RPWAZ7W9BBG&marketplace=FLIPKART&q=smart+phones&store=tyy%2F4io&srno=s_26_608&otracker=search&fm=organic&iid=cb910d26-d791-4933-9c75-d8d3a07e4ed1.MOBHGGZ2SC2RPWAZ.SEARCH&ppt=None&ppn=None&ssid=2d6qyw92ps0000001790676242051&qH=a5594894156db043&ov_redirect=true,2026-09-29
609,"realme P4 Power 5G (TransSilver, 256 GB)",realme,37999,,,4.4,"1,868",256,12 GB RAM,256 GB ROM,10001 mAh Battery,Dimensity 7400 Ultra Processor,17.27 cm (6.8 inch) Full HD+ AMOLED Display,,,https://www.flipkart.com/realme-p4-power-5g-transsilver-256-gb/p/itm49784b322aad0?pid=MOBHJHSHGY5GKFFK&lid=LSTMOBHJHSHGY5GKFFKBCSLLN&marketplace=FLIPKART&q=smart+phones&store=tyy%2F4io&srno=s_26_609&otracker=search&fm=organic&iid=cb910d26-d791-4933-9c75-d8d3a07e4ed1.MOBHJHSHGY5GKFFK.SEARCH&ppt=None&ppn=None&ssid=2d6qyw92ps0000001790676242051&qH=a5594894156db043&ov_redirect=true,2026-09-29
610,"realme P4 Power 5G (TransSilver, 256 GB)",realme,34999,,,4.4,"8,595",896,8 GB RAM,256 GB ROM,10001 mAh Battery,Dimensity 7400 Ultra Processor,17.27 cm (6.8 inch) Full HD+ AMOLED Display,,,https://www.flipkart.com/realme-p4-power-5g-transsilver-256-gb/p/itm49784b322aad0?pid=MOBHJHSHPRM435M6&lid=LSTMOBHJHSHPRM435M69IRNJQ&marketplace=FLIPKART&q=smart+phones&store=tyy%2F4io&srno=s_26_610&otracker=search&fm=organic&iid=cb910d26-d791-4933-9c75-d8d3a07e4ed1.MOBHJHSHPRM435M6.SEARCH&ppt=None&ppn=None&ssid=2d6qyw92ps0000001790676242051&qH=a5594894156db043&ov_redirect=true,2026-09-29
611,"Ai+ Nova 2 Pro 5G (Green, 128 GB)",Ai+,18999,23999,20% off,4,"1,021",128,8 GB RAM,128 GB ROM,6000 mAh Li-polymer Battery,Dimensity 7100 Processor,17.53 cm (6.9 inch) Full HD+ Display,48MP Rear Camera | 13MP Front Camera,,https://www.flipkart.com/ai-nova-2-pro-5g-green-128-gb/p/itm0f17f22a021f7?pid=MOBHZ8ZMF5EZCTBR&lid=LSTMOBHZ8ZMF5EZCTBR0IZWIH&marketplace=FLIPKART&q=smart+phones&store=tyy%2F4io&srno=s_26_611&otracker=search&fm=organic&iid=cb910d26-d791-4933-9c75-d8d3a07e4ed1.MOBHZ8ZMF5EZCTBR.SEARCH&ppt=None&ppn=None&ssid=2d6qyw92ps0000001790676242051&qH=a5594894156db043&ov_redirect=true,2026-09-29
612,"IQOO Z11x 5G (Titan Black, 128 GB)",IQOO,29244,30999,5% off,4.3,"1,575",121,8 GB RAM,128 GB ROM,7200 mAh Battery,,17.02 cm (6.7 inch) Display,50MP Rear Camera,,https://www.flipkart.com/iqoo-z11x-5g-titan-black-128-gb/p/itm8157cfb5645d4?pid=MOBHHHBTR7NAWRZV&lid=LSTMOBHHHBTR7NAWRZV798URK&marketplace=FLIPKART&q=smart+phones&store=tyy%2F4io&srno=s_26_612&otracker=search&fm=organic&iid=cb910d26-d791-4933-9c75-d8d3a07e4ed1.MOBHHHBTR7NAWRZV.SEARCH&ppt=None&ppn=None&ssid=2d6qyw92ps0000001790676242051&qH=a5594894156db043&ov_redirect=true,2026-09-29
613,"REDMI Note 15 5G (Glacier Blue, 128 GB)",REDMI,26990,26999,,4.4,"1,243",89,8 GB RAM,128 GB ROM,5520 mAh Battery,,17.2 cm (6.77 inch) Display,108MP Rear Camera,,https://www.flipkart.com/redmi-note-15-5g-glacier-blue-128-gb/p/itm7cb24e3c40189?pid=MOBHJHPUACM2SDPW&lid=LSTMOBHJHPUACM2SDPWFAP6VK&marketplace=FLIPKART&q=smart+phones&store=tyy%2F4io&srno=s_26_613&otracker=search&fm=organic&iid=cb910d26-d791-4933-9c75-d8d3a07e4ed1.MOBHJHPUACM2SDPW.SEARCH&ppt=None&ppn=None&ssid=2d6qyw92ps0000001790676242051&qH=a5594894156db043&ov_redirect=true,2026-09-29
614,"Infinix Note edge (Solar Orange, 128 GB)",Infinix,26999,,,4.2,733,103,6 GB RAM,128 GB ROM,6500 mAh Battery,Dimensity 7100 Processor,17.22 cm (6.78 inch) Full HD+ AMOLED Display,50MP Rear Camera | 13MP Front Camera,,https://www.flipkart.com/infinix-note-edge-solar-orange-128-gb/p/itmab2876405a1ab?pid=MOBHN3VZCZ7FRKUN&lid=LSTMOBHN3VZCZ7FRKUN7LPUCY&marketplace=FLIPKART&q=smart+phones&store=tyy%2F4io&srno=s_26_614&otracker=search&fm=organic&iid=cb910d26-d791-4933-9c75-d8d3a07e4ed1.MOBHN3VZCZ7FRKUN.SEARCH&ppt=None&ppn=None&ssid=2d6qyw92ps0000001790676242051&qH=a5594894156db043&ov_redirect=true,2026-09-29
615,"vivo T5x 5G (Star Silver, 128 GB)",vivo,27999,28999,3% off,4.4,"22,117","1,510",6 GB RAM,128 GB ROM,7200 mAh Li-ion Battery,Dimensity 7400-Turbo Processor,17.17 cm (6.76 inch) Display,50MP + 2MP | 32MP Front Camera,,https://www.flipkart.com/vivo-t5x-5g-star-silver-128-gb/p/itm7da8aa253e72b?pid=MOBHH69NRE6PHFBH&lid=LSTMOBHH69NRE6PHFBHJHMXME&marketplace=FLIPKART&q=smart+phones&store=tyy%2F4io&srno=s_26_615&otracker=search&fm=organic&iid=cb910d26-d791-4933-9c75-d8d3a07e4ed1.MOBHH69NRE6PHFBH.SEARCH&ppt=None&ppn=None&ssid=2d6qyw92ps0000001790676242051&qH=a5594894156db043&ov_redirect=true,2026-09-29
616,"vivo T5x 5G (Cyber Green, 128 GB)",vivo,27999,28999,3% off,4.4,"22,117","1,510",6 GB RAM,128 GB ROM,7200 mAh Li-ion Battery,Dimensity 7400-Turbo Processor,17.17 cm (6.76 inch) Display,50MP + 2MP | 32MP Front Camera,,https://www.flipkart.com/vivo-t5x-5g-cyber-green-128-gb/p/itm7da8aa253e72b?pid=MOBHH69NGFZAYK6M&lid=LSTMOBHH69NGFZAYK6MYQKNQD&marketplace=FLIPKART&q=smart+phones&store=tyy%2F4io&srno=s_26_616&otracker=search&fm=organic&iid=cb910d26-d791-4933-9c75-d8d3a07e4ed1.MOBHH69NGFZAYK6M.SEARCH&ppt=None&ppn=None&ssid=2d6qyw92ps0000001790676242051&qH=a5594894156db043&ov_redirect=true,2026-09-29
617,"Infinix GT 30 Pro 5G+ (Prism White, 256 GB)",Infinix,31999,,,4.4,"2,834",267,8 GB RAM,256 GB ROM,5500 mAh Battery,Dimensity 8350 Ultimate Processor,17.22 cm (6.78 inch) Display,108MP + 8MP | 13MP Front Camera,,https://www.flipkart.com/infinix-gt-30-pro-5g-prism-white-256-gb/p/itmd4bc1852572b9?pid=MOBHGNHMQSV5DPNM&lid=LSTMOBHGNHMQSV5DPNMQXRUCN&marketplace=FLIPKART&q=smart+phones&store=tyy%2F4io&srno=s_26_617&otracker=search&fm=organic&iid=cb910d26-d791-4933-9c75-d8d3a07e4ed1.MOBHGNHMQSV5DPNM.SEARCH&ppt=None&ppn=None&ssid=2d6qyw92ps0000001790676242051&qH=a5594894156db043&ov_redirect=true,2026-09-29
618,"IQOO 15 5G (Legend, 256 GB)",IQOO,76767,92999,17% off,4.7,475,59,12 GB RAM,256 GB ROM,7000 mAh Battery,,17.4 cm (6.85 inch) Display,50MP Rear Camera,,https://www.flipkart.com/iqoo-15-5g-legend-256-gb/p/itm9db365d8009fa?pid=MOBHGFAZH8DZGNU4&lid=LSTMOBHGFAZH8DZGNU48D2QPV&marketplace=FLIPKART&q=smart+phones&store=tyy%2F4io&srno=s_26_618&otracker=search&fm=organic&iid=cb910d26-d791-4933-9c75-d8d3a07e4ed1.MOBHGFAZH8DZGNU4.SEARCH&ppt=None&ppn=None&ssid=2d6qyw92ps0000001790676242051&qH=a5594894156db043&ov_redirect=true,2026-09-29
619,"OnePlus Nord 6 (Pitch Black, 256 GB)",OnePlus,54290,56999,4% off,4.5,268,31,12 GB RAM,256 GB ROM,9000 mAh Battery,4 octa-core processor Processor,17.22 cm (6.78 inch) Full HD+ Display,50MP Rear Camera,,https://www.flipkart.com/oneplus-nord-6-pitch-black-256-gb/p/itmc49f71cdc4080?pid=MOBHMBXBMGCDHP55&lid=LSTMOBHMBXBMGCDHP55TOKRLX&marketplace=FLIPKART&q=smart+phones&store=tyy%2F4io&srno=s_26_619&otracker=search&fm=organic&iid=cb910d26-d791-4933-9c75-d8d3a07e4ed1.MOBHMBXBMGCDHP55.SEARCH&ppt=None&ppn=None&ssid=2d6qyw92ps0000001790676242051&qH=a5594894156db043&ov_redirect=true,2026-09-29
620,"Ai+ Nova 2 Neo 5G (Blue, 128 GB)",Ai+,16999,19999,15% off,4.2,"1,063",99,6 GB RAM,128 GB ROM,6000 mAh Li-polymer Battery,Dimensity 6300 Processor,17.13 cm (6.745 inch) HD+ Display,48MP Rear Camera | 8MP Front Camera,,https://www.flipkart.com/ai-nova-2-neo-5g-blue-128-gb/p/itmbe9c32c02c347?pid=MOBHZ8ZMMVSHPYKG&lid=LSTMOBHZ8ZMMVSHPYKGK2DZD5&marketplace=FLIPKART&q=smart+phones&store=tyy%2F4io&srno=s_26_620&otracker=search&fm=organic&iid=cb910d26-d791-4933-9c75-d8d3a07e4ed1.MOBHZ8ZMMVSHPYKG.SEARCH&ppt=None&ppn=None&ssid=2d6qyw92ps0000001790676242051&qH=a5594894156db043&ov_redirect=true,2026-09-29
621,"Samsung Galaxy S26 Ultra 5G (Black, 256 GB)",Samsung,139999,,,4.6,"1,359",354,12 GB RAM,256 GB ROM,5000 mAh Li-ion Battery,Snapdragon 8 Elite Gen 5 Processor,17.53 cm (6.9 inch) Quad HD+ Display,200MP + 50MP | 12MP Front Camera,,https://www.flipkart.com/samsung-galaxy-s26-ultra-5g-black-256-gb/p/itmf4799d3841c43?pid=MOBHKGAPRHSYRRH4&lid=LSTMOBHKGAPRHSYRRH4TJATRH&marketplace=FLIPKART&q=smart+phones&store=tyy%2F4io&srno=s_26_621&otracker=search&fm=organic&iid=cb910d26-d791-4933-9c75-d8d3a07e4ed1.MOBHKGAPRHSYRRH4.SEARCH&ppt=None&ppn=None&ssid=2d6qyw92ps0000001790676242051&qH=a5594894156db043&ov_redirect=true,2026-09-29
622,"Samsung Galaxy S26 Ultra 5G (White, 256 GB)",Samsung,139999,,,4.6,"1,359",354,12 GB RAM,256 GB ROM,5000 mAh Li-ion Battery,Snapdragon 8 Elite Gen 5 Processor,17.53 cm (6.9 inch) Quad HD+ Display,200MP + 50MP | 12MP Front Camera,,https://www.flipkart.com/samsung-galaxy-s26-ultra-5g-white-256-gb/p/itmf4799d3841c43?pid=MOBHKGAPAUFFEHR5&lid=LSTMOBHKGAPAUFFEHR5AGOERE&marketplace=FLIPKART&q=smart+phones&store=tyy%2F4io&srno=s_26_622&otracker=search&fm=organic&iid=cb910d26-d791-4933-9c75-d8d3a07e4ed1.MOBHKGAPAUFFEHR5.SEARCH&ppt=None&ppn=None&ssid=2d6qyw92ps0000001790676242051&qH=a5594894156db043&ov_redirect=true,2026-09-29
623,"REDMI 15A (Amaze Purple, 128 GB)",REDMI,18493,28999,36% off,3.8,797,70,4 GB RAM,128 GB ROM,6300 mAh Lithium-Ion Polymer Battery,T8300 Processor,17.53 cm (6.9 inch) Display,32MP Rear Camera | 8MP Front Camera,,https://www.flipkart.com/redmi-15a-amaze-purple-128-gb/p/itmd0294be755db1?pid=MOBHPDZD7YVWKAJD&lid=LSTMOBHPDZD7YVWKAJD7SASBO&marketplace=FLIPKART&q=smart+phones&store=tyy%2F4io&srno=s_26_623&otracker=search&fm=organic&iid=cb910d26-d791-4933-9c75-d8d3a07e4ed1.MOBHPDZD7YVWKAJD.SEARCH&ppt=None&ppn=None&ssid=2d6qyw92ps0000001790676242051&qH=a5594894156db043&ov_redirect=true,2026-09-29
624,"realme P4 Power 5G (TransBlue, 128 GB)",realme,32999,,,4.4,"8,595",896,8 GB RAM,128 GB ROM,10001 mAh Battery,Dimensity 7400 Ultra Processor,17.27 cm (6.8 inch) Full HD+ AMOLED Display,,,https://www.flipkart.com/realme-p4-power-5g-transblue-128-gb/p/itm49784b322aad0?pid=MOBHJHSH4HHMYHEG&lid=LSTMOBHJHSH4HHMYHEGIKAA7A&marketplace=FLIPKART&q=smart+phones&store=tyy%2F4io&srno=s_26_624&otracker=search&fm=organic&iid=cb910d26-d791-4933-9c75-d8d3a07e4ed1.MOBHJHSH4HHMYHEG.SEARCH&ppt=None&ppn=None&ssid=2d6qyw92ps0000001790676242051&qH=a5594894156db043&ov_redirect=true,2026-09-29
625,"Alcatel V3 Classic 5G (Cosmic Grey, 128 GB)",Alcatel,13490,17999,25% off,3.8,"1,821",306,4 GB RAM,128 GB ROM,5200 mAh Battery,Dimensity 6300 Processor,16.94 cm (6.67 inch) HD+ Display,50MP Dual Camera | 8MP Front Camera,,https://www.flipkart.com/alcatel-v3-classic-5g-cosmic-grey-128-gb/p/itmaf650adae59c3?pid=MOBHBH2GCPDCGKTQ&lid=LSTMOBHBH2GCPDCGKTQULDUO2&marketplace=FLIPKART&q=smart+phones&store=tyy%2F4io&srno=s_27_625&otracker=search&fm=organic&iid=e6aa3eff-2101-43bf-b625-332b0d5b7165.MOBHBH2GCPDCGKTQ.SEARCH&ppt=None&ppn=None&ssid=9t0k3s06gg0000001790676244795&qH=a5594894156db043&ov_redirect=true,2026-09-29
626,"REDMI Note-14 Pro+ 5G (Titan Black, 128 GB)",REDMI,27490,34999,21% off,4.4,876,67,8 GB RAM,128 GB ROM,6200 mAh Battery,7s Gen 3 Processor,16.94 cm (6.67 inch) Display,50MP + 50MP + 8MP | 20MP Front Camera,,https://www.flipkart.com/redmi-note-14-pro-5g-titan-black-128-gb/p/itmf69d377f9a8fb?pid=MOBH8BW3KUMZS2YA&lid=LSTMOBH8BW3KUMZS2YAXCDOBK&marketplace=FLIPKART&q=smart+phones&store=tyy%2F4io&srno=s_27_626&otracker=search&fm=organic&iid=e6aa3eff-2101-43bf-b625-332b0d5b7165.MOBH8BW3KUMZS2YA.SEARCH&ppt=None&ppn=None&ssid=9t0k3s06gg0000001790676244795&qH=a5594894156db043&ov_redirect=true,2026-09-29
627,"Tecno Spark Go 3 (Titanium Grey, 64 GB)",Tecno,12499,15999,21% off,4.1,217,15,4 GB RAM,64 GB ROM,5000 mAh Lithium Polymer Battery,T7250 Processor,17.12 cm (6.74 inch) HD+ Display,13MP Rear Camera | 8MP Front Camera,,https://www.flipkart.com/tecno-spark-go-3-titanium-grey-64-gb/p/itma9c8f128a61c6?pid=MOBHP2QY7GH4XWWS&lid=LSTMOBHP2QY7GH4XWWSUZBT2N&marketplace=FLIPKART&q=smart+phones&store=tyy%2F4io&srno=s_27_627&otracker=search&fm=organic&iid=en_fo2W5C7t3pYosVCbv_X7jXmKscoyZtaJzBlj7Z1GJLkJPLouVaeunEo82N3gkslLxuSl-jfu2FRRD3-px9HFb5LgCDLd29XPfHChd2SlxWvMfQvQMUVLxYuK6hq4C0gu&ppt=None&ppn=None&ssid=9t0k3s06gg0000001790676244795&qH=a5594894156db043&ov_redirect=true,2026-09-29
628,"Tecno Spark Go 3 (Ink Black, 64 GB)",Tecno,12499,15999,21% off,4.1,217,15,4 GB RAM,64 GB ROM,5000 mAh Lithium Polymer Battery,T7250 Processor,17.12 cm (6.74 inch) HD+ Display,13MP Rear Camera | 8MP Front Camera,,https://www.flipkart.com/tecno-spark-go-3-ink-black-64-gb/p/itma9c8f128a61c6?pid=MOBHP2QYCXZZE3CM&lid=LSTMOBHP2QYCXZZE3CMWW64IB&marketplace=FLIPKART&q=smart+phones&store=tyy%2F4io&srno=s_27_628&otracker=search&fm=organic&iid=en_fo2W5C7t3pYosVCbv_X7jXmKscoyZtaJzBlj7Z1GJLmZ1Omgnvc3va2CQStMTvTGwfAu6s5c53i2tmuGS82SuJLgCDLd29XPfHChd2SlxWvMfQvQMUVLxYuK6hq4C0gu&ppt=None&ppn=None&ssid=9t0k3s06gg0000001790676244795&qH=a5594894156db043&ov_redirect=true,2026-09-29
629,"realme P4s 5G (Electric Cyan, 256 GB)",realme,41999,60999,31% off,4.5,46,13,12 GB RAM,256 GB ROM,8000 mAh Battery,Dimensity 7400 Processor,17.22 cm (6.78 inch) Full HD+ AMOLED Display,50MP + 8MP | 16MP Front Camera,,https://www.flipkart.com/realme-p4s-5g-electric-cyan-256-gb/p/itmcb2e7e552a5ef?pid=MOBHPBHARTPRKMA8&lid=LSTMOBHPBHARTPRKMA8GVW3JV&marketplace=FLIPKART&q=smart+phones&store=tyy%2F4io&srno=s_27_629&otracker=search&fm=organic&iid=e6aa3eff-2101-43bf-b625-332b0d5b7165.MOBHPBHARTPRKMA8.SEARCH&ppt=None&ppn=None&ssid=9t0k3s06gg0000001790676244795&qH=a5594894156db043&ov_redirect=true,2026-09-29
630,"Ai+ Nova 2 Neo 5G (Orange, 64 GB)",Ai+,14999,17999,16% off,4.3,"2,327",201,4 GB RAM,64 GB ROM,6000 mAh Li-polymer Battery,Dimensity 6300 Processor,17.13 cm (6.745 inch) HD+ Display,48MP Rear Camera | 8MP Front Camera,,https://www.flipkart.com/ai-nova-2-neo-5g-orange-64-gb/p/itm2d0613154b2b6?pid=MOBHZ8ZM8AF5YFNB&lid=LSTMOBHZ8ZM8AF5YFNBYDNL7Y&marketplace=FLIPKART&q=smart+phones&store=tyy%2F4io&srno=s_27_630&otracker=search&fm=organic&iid=e6aa3eff-2101-43bf-b625-332b0d5b7165.MOBHZ8ZM8AF5YFNB.SEARCH&ppt=None&ppn=None&ssid=9t0k3s06gg0000001790676244795&qH=a5594894156db043&ov_redirect=true,2026-09-29
631,"OnePlus N6X (Burgundy Red, 128 GB)",OnePlus,22300,28999,23% off,4,128,8,4 GB RAM,128 GB ROM,7000 mAh Battery,MediaTek Dimensity 6360 Apex Processor,17.27 cm (6.8 inch) HD+ Display,13MP Rear Camera,,https://www.flipkart.com/oneplus-n6x-burgundy-red-128-gb/p/itm4be54d70a3bed?pid=MOBHPTHXHRAF8UHZ&lid=LSTMOBHPTHXHRAF8UHZLHCQQA&marketplace=FLIPKART&q=smart+phones&store=tyy%2F4io&srno=s_27_631&otracker=search&fm=organic&iid=e6aa3eff-2101-43bf-b625-332b0d5b7165.MOBHPTHXHRAF8UHZ.SEARCH&ppt=None&ppn=None&ssid=9t0k3s06gg0000001790676244795&qH=a5594894156db043&ov_redirect=true,2026-09-29
632,"Alcatel V3 Classic 5G (Halo White, 128 GB)",Alcatel,15999,19999,20% off,3.9,742,278,6 GB RAM,128 GB ROM,5200 mAh Battery,Dimensity 6300 Processor,16.94 cm (6.67 inch) HD+ Display,50MP Dual Camera | 8MP Front Camera,,https://www.flipkart.com/alcatel-v3-classic-5g-halo-white-128-gb/p/itmaf650adae59c3?pid=MOBHBH2GDA2ASW8J&lid=LSTMOBHBH2GDA2ASW8JVSRXJ6&marketplace=FLIPKART&q=smart+phones&store=tyy%2F4io&srno=s_27_632&otracker=search&fm=organic&iid=e6aa3eff-2101-43bf-b625-332b0d5b7165.MOBHBH2GDA2ASW8J.SEARCH&ppt=None&ppn=None&ssid=9t0k3s06gg0000001790676244795&qH=a5594894156db043&ov_redirect=true,2026-09-29
633,"Alcatel V3 Classic 5G (Cosmic Grey, 128 GB)",Alcatel,15890,19999,20% off,3.9,742,278,6 GB RAM,128 GB ROM,5200 mAh Battery,Dimensity 6300 Processor,16.94 cm (6.67 inch) HD+ Display,50MP Dual Camera | 8MP Front Camera,,https://www.flipkart.com/alcatel-v3-classic-5g-cosmic-grey-128-gb/p/itmaf650adae59c3?pid=MOBHBH2GP4ZNXCRJ&lid=LSTMOBHBH2GP4ZNXCRJETOT16&marketplace=FLIPKART&q=smart+phones&store=tyy%2F4io&srno=s_27_633&otracker=search&fm=organic&iid=e6aa3eff-2101-43bf-b625-332b0d5b7165.MOBHBH2GP4ZNXCRJ.SEARCH&ppt=None&ppn=None&ssid=9t0k3s06gg0000001790676244795&qH=a5594894156db043&ov_redirect=true,2026-09-29
634,"IQOO 15R 5G (Triumph Silver, 256 GB)",IQOO,56995,69999,18% off,4.7,407,51,8 GB RAM,256 GB ROM,7600 mAh Battery,,16.74 cm (6.59 inch) Display,50MP Rear Camera,,https://www.flipkart.com/iqoo-15r-5g-triumph-silver-256-gb/p/itm7bc8aee18f590?pid=MOBHHY4ADUVBCEEY&lid=LSTMOBHHY4ADUVBCEEYFPYVRR&marketplace=FLIPKART&q=smart+phones&store=tyy%2F4io&srno=s_27_634&otracker=search&fm=organic&iid=e6aa3eff-2101-43bf-b625-332b0d5b7165.MOBHHY4ADUVBCEEY.SEARCH&ppt=None&ppn=None&ssid=9t0k3s06gg0000001790676244795&qH=a5594894156db043&ov_redirect=true,2026-09-29
635,"Samsung Galaxy A06 5G (Light Green, 64 GB)",Samsung,15430,20999,26% off,4.1,"4,980",375,4 GB RAM,64 GB ROM,5000 mAh Li-ion Battery,Dimensity 6300 Processor,17.02 cm (6.7 inch) HD+ Display,50MP + 2MP | 8MP Front Camera,,https://www.flipkart.com/samsung-galaxy-a06-5g-light-green-64-gb/p/itm8ad99221e2f36?pid=MOBH9GQKNQBVH9U7&lid=LSTMOBH9GQKNQBVH9U77TCXJH&marketplace=FLIPKART&q=smart+phones&store=tyy%2F4io&srno=s_27_635&otracker=search&fm=organic&iid=e6aa3eff-2101-43bf-b625-332b0d5b7165.MOBH9GQKNQBVH9U7.SEARCH&ppt=None&ppn=None&ssid=9t0k3s06gg0000001790676244795&qH=a5594894156db043&ov_redirect=true,2026-09-29
636,"Samsung Galaxy A06 (Black, 64 GB)",Samsung,13999,16999,17% off,4,919,61,4 GB RAM,64 GB ROM,5000 mAh Battery,Mediatek Helio G85 Processor,17.02 cm (6.7 inch) HD+ Display,50MP + 2MP | 8MP Front Camera,,https://www.flipkart.com/samsung-galaxy-a06-black-64-gb/p/itmdba53c91272f1?pid=MOBH3W6HH7GZEMZA&lid=LSTMOBH3W6HH7GZEMZAQOZCDZ&marketplace=FLIPKART&q=smart+phones&store=tyy%2F4io&srno=s_27_636&otracker=search&fm=organic&iid=e6aa3eff-2101-43bf-b625-332b0d5b7165.MOBH3W6HH7GZEMZA.SEARCH&ppt=None&ppn=None&ssid=9t0k3s06gg0000001790676244795&qH=a5594894156db043&ov_redirect=true,2026-09-29
637,"OnePlus N6X (Ice Blue, 64 GB)",OnePlus,20140,26999,25% off,4,128,8,4 GB RAM,64 GB ROM,7000 mAh Battery,MediaTek Dimensity 6360 Apex Processor,17.27 cm (6.8 inch) HD+ Display,13MP Rear Camera,,https://www.flipkart.com/oneplus-n6x-ice-blue-64-gb/p/itm4be54d70a3bed?pid=MOBHPTHNMYMBZBGD&lid=LSTMOBHPTHNMYMBZBGDYKGFTH&marketplace=FLIPKART&q=smart+phones&store=tyy%2F4io&srno=s_27_637&otracker=search&fm=organic&iid=e6aa3eff-2101-43bf-b625-332b0d5b7165.MOBHPTHNMYMBZBGD.SEARCH&ppt=None&ppn=None&ssid=9t0k3s06gg0000001790676244795&qH=a5594894156db043&ov_redirect=true,2026-09-29
638,"IQOO 15R 5G (Triumph Silver, 256 GB)",IQOO,61500,64999,5% off,4.6,279,32,12 GB RAM,256 GB ROM,7600 mAh Battery,,16.74 cm (6.59 inch) Display,50MP Rear Camera,,https://www.flipkart.com/iqoo-15r-5g-triumph-silver-256-gb/p/itm7bc8aee18f590?pid=MOBHHY4AZGT5KEKU&lid=LSTMOBHHY4AZGT5KEKUYHNYBX&marketplace=FLIPKART&q=smart+phones&store=tyy%2F4io&srno=s_27_638&otracker=search&fm=organic&iid=e6aa3eff-2101-43bf-b625-332b0d5b7165.MOBHHY4AZGT5KEKU.SEARCH&ppt=None&ppn=None&ssid=9t0k3s06gg0000001790676244795&qH=a5594894156db043&ov_redirect=true,2026-09-29
639,"Samsung Galaxy A17 5G (Black, 256 GB)",Samsung,31499,34999,10% off,4.3,"2,234",211,8 GB RAM,256 GB ROM,5000 mAh Battery,Samsung Exynos 1330 Processor,17.02 cm (6.7 inch) Full HD+ Display,50MP + 5MP + 2MP | 13MP Front Camera,,https://www.flipkart.com/samsung-galaxy-a17-5g-black-256-gb/p/itm9b0b7e6d52859?pid=MOBHGVECDVCNA5JK&lid=LSTMOBHGVECDVCNA5JKW0FTHG&marketplace=FLIPKART&q=smart+phones&store=tyy%2F4io&srno=s_27_639&otracker=search&fm=organic&iid=e6aa3eff-2101-43bf-b625-332b0d5b7165.MOBHGVECDVCNA5JK.SEARCH&ppt=None&ppn=None&ssid=9t0k3s06gg0000001790676244795&qH=a5594894156db043&ov_redirect=true,2026-09-29
640,"Google Pixel 10 (Indigo, 256 GB)",Google,79999,,,4.5,"3,700",353,12 GB RAM,256 GB ROM,4970 mAh Battery,Tensor G5 Processor,16.0 cm (6.3 inch) Full HD+ Display,48MP + 13MP + 10.8MP | 10.5MP Front Camera,,https://www.flipkart.com/google-pixel-10-indigo-256-gb/p/itmb05d65622b9dd?pid=MOBHEXHRFEFHHU7Z&lid=LSTMOBHEXHRFEFHHU7ZZDUWDK&marketplace=FLIPKART&q=smart+phones&store=tyy%2F4io&srno=s_27_640&otracker=search&fm=organic&iid=e6aa3eff-2101-43bf-b625-332b0d5b7165.MOBHEXHRFEFHHU7Z.SEARCH&ppt=None&ppn=None&ssid=9t0k3s06gg0000001790676244795&qH=a5594894156db043&ov_redirect=true,2026-09-29
641,"OPPO A6 Pro 5G (Cappuccino Brown, 128 GB)",OPPO,32999,,,4.3,239,19,8 GB RAM,128 GB ROM,7000 mAh Battery,Dimensity 6300 Processor,17.14 cm (6.75 inches) HD+ Display,,,https://www.flipkart.com/oppo-a6-pro-5g-cappuccino-brown-128-gb/p/itm397626a14646c?pid=MOBHHHC3YHHS6VW2&lid=LSTMOBHHHC3YHHS6VW2FSSPAB&marketplace=FLIPKART&q=smart+phones&store=tyy%2F4io&srno=s_27_641&otracker=search&fm=organic&iid=e6aa3eff-2101-43bf-b625-332b0d5b7165.MOBHHHC3YHHS6VW2.SEARCH&ppt=None&ppn=None&ssid=9t0k3s06gg0000001790676244795&qH=a5594894156db043&ov_redirect=true,2026-09-29
642,"OPPO Reno15 5G (Glacier White, 256 GB)",OPPO,47999,49999,4% off,4.4,969,126,8 GB RAM,256 GB ROM,6500 mAh Battery,7 Gen 4 Processor,16.74 cm (6.59 inch) Full HD+ Display,,,https://www.flipkart.com/oppo-reno15-5g-glacier-white-256-gb/p/itm37cc91d1c2807?pid=MOBHGZZ9YK5DRXSW&lid=LSTMOBHGZZ9YK5DRXSWFNAPAE&marketplace=FLIPKART&q=smart+phones&store=tyy%2F4io&srno=s_27_642&otracker=search&fm=organic&iid=e6aa3eff-2101-43bf-b625-332b0d5b7165.MOBHGZZ9YK5DRXSW.SEARCH&ppt=None&ppn=None&ssid=9t0k3s06gg0000001790676244795&qH=a5594894156db043&ov_redirect=true,2026-09-29
643,"Apple iPhone 17 (Sage, 256 GB)",Apple,99900,,,4.6,"28,118","2,038",,,,"A19 Chip, 6 Core Processor Processor",16.0 cm (6.3 inch) Super Retina XDR Display,48MP + 48MP | 18MP Front Camera,,https://www.flipkart.com/apple-iphone-17-sage-256-gb/p/itm410e85a5f1745?pid=MOBHQV9YZPQXFFGM&lid=LSTMOBHQV9YZPQXFFGMNN24WH&marketplace=FLIPKART&q=smart+phones&store=tyy%2F4io&srno=s_27_643&otracker=search&fm=organic&iid=e6aa3eff-2101-43bf-b625-332b0d5b7165.MOBHQV9YZPQXFFGM.SEARCH&ppt=None&ppn=None&ssid=9t0k3s06gg0000001790676244795&qH=a5594894156db043&ov_redirect=true,2026-09-29
644,"OPPO K14 5G (Prism White, 128 GB)",OPPO,25999,,,4.4,"7,405",631,6 GB RAM,128 GB ROM,7000 mAh Battery,Dimensity 6300 Processor,17.14 cm (6.75 inch) HD+ Display,50MP Rear Camera | 8MP Front Camera,,https://www.flipkart.com/oppo-k14-5g-prism-white-128-gb/p/itm2a5cc1d23c2af?pid=MOBHKQYY9JJPHATW&lid=LSTMOBHKQYY9JJPHATWF0JOIP&marketplace=FLIPKART&q=smart+phones&store=tyy%2F4io&srno=s_27_644&otracker=search&fm=organic&iid=e6aa3eff-2101-43bf-b625-332b0d5b7165.MOBHKQYY9JJPHATW.SEARCH&ppt=None&ppn=None&ssid=9t0k3s06gg0000001790676244795&qH=a5594894156db043&ov_redirect=true,2026-09-29
645,"OPPO K14 5G (Icy Blue, 128 GB)",OPPO,25999,,,4.4,"7,405",631,6 GB RAM,128 GB ROM,7000 mAh Battery,Dimensity 6300 Processor,17.14 cm (6.75 inch) HD+ Display,50MP Rear Camera | 8MP Front Camera,,https://www.flipkart.com/oppo-k14-5g-icy-blue-128-gb/p/itm2a5cc1d23c2af?pid=MOBHKQYY9S6MVDHH&lid=LSTMOBHKQYY9S6MVDHHPEXJJR&marketplace=FLIPKART&q=smart+phones&store=tyy%2F4io&srno=s_27_645&otracker=search&fm=organic&iid=e6aa3eff-2101-43bf-b625-332b0d5b7165.MOBHKQYY9S6MVDHH.SEARCH&ppt=None&ppn=None&ssid=9t0k3s06gg0000001790676244795&qH=a5594894156db043&ov_redirect=true,2026-09-29
646,"IQOO 15R 5G (Dark Knight, 256 GB)",IQOO,54599,69999,22% off,4.7,407,51,8 GB RAM,256 GB ROM,7600 mAh Battery,,16.74 cm (6.59 inch) Display,50MP Rear Camera,,https://www.flipkart.com/iqoo-15r-5g-dark-knight-256-gb/p/itm7bc8aee18f590?pid=MOBHHY4GYEHGVW3X&lid=LSTMOBHHY4GYEHGVW3XSR8TLR&marketplace=FLIPKART&q=smart+phones&store=tyy%2F4io&srno=s_27_646&otracker=search&fm=organic&iid=e6aa3eff-2101-43bf-b625-332b0d5b7165.MOBHHY4GYEHGVW3X.SEARCH&ppt=None&ppn=None&ssid=9t0k3s06gg0000001790676244795&qH=a5594894156db043&ov_redirect=true,2026-09-29
647,"Samsung Galaxy A56 5G (Awesome Graphite, 256 GB)",Samsung,40995,45990,10% off,4.4,"1,044",80,8 GB RAM,256 GB ROM,5000 mAh Battery,Samsung Exynos 1580 Processor,17.02 cm (6.7 inch) Full HD+ Display,50MP + 12MP + 5MP | 12MP Front Camera,,https://www.flipkart.com/samsung-galaxy-a56-5g-awesome-graphite-256-gb/p/itmfc74a277c6fb4?pid=MOBH9RNGDAUAZUGG&lid=LSTMOBH9RNGDAUAZUGG3DUILM&marketplace=FLIPKART&q=smart+phones&store=tyy%2F4io&srno=s_27_647&otracker=search&fm=organic&iid=e6aa3eff-2101-43bf-b625-332b0d5b7165.MOBH9RNGDAUAZUGG.SEARCH&ppt=None&ppn=None&ssid=9t0k3s06gg0000001790676244795&qH=a5594894156db043&ov_redirect=true,2026-09-29
648,"Apple iPhone 18 Pro (Black, 256 GB)",Apple,164900,,,4.7,204,26,,,,"A20 Pro chip, 6 Core Processor Processor",16.0 cm (6.3 inch) Super Retina XDR Display,48MP + 48MP + 48MP | 18MP Front Camera,,https://www.flipkart.com/apple-iphone-18-pro-black-256-gb/p/itm63a95e8ef1485?pid=MOBHQT5QXWHHWVEQ&lid=LSTMOBHQT5QXWHHWVEQUK1HRN&marketplace=FLIPKART&q=smart+phones&store=tyy%2F4io&srno=s_27_648&otracker=search&fm=organic&iid=e6aa3eff-2101-43bf-b625-332b0d5b7165.MOBHQT5QXWHHWVEQ.SEARCH&ppt=None&ppn=None&ssid=9t0k3s06gg0000001790676244795&qH=a5594894156db043&ov_redirect=true,2026-09-29
649,"OPPO F27 Pro+ (Dusk Pink, 128 GB)",OPPO,33999,39999,15% off,4.3,"13,632",748,8 GB RAM,128 GB ROM,5000 mAh Battery,Dimensity 7050 Processor,17.02 cm (6.7 inch) Full HD+ Display,64MP + 2MP | 8MP Front Camera,,https://www.flipkart.com/oppo-f27-pro-dusk-pink-128-gb/p/itm5235c3c836cc9?pid=MOBHF3DJ3JGU7T7P&lid=LSTMOBHF3DJ3JGU7T7PA91AMA&marketplace=FLIPKART&q=smart+phones&store=tyy%2F4io&srno=s_28_649&otracker=search&fm=organic&iid=fb013685-b15f-400f-a7a8-97d11296d5d0.MOBHF3DJ3JGU7T7P.SEARCH&ppt=None&ppn=None&ssid=2ahkux4nwg0000001790676247591&qH=a5594894156db043&ov_redirect=true,2026-09-29
650,"Ai+ Nova 2 5G (Green, 64 GB)",Ai+,13999,,,4.2,"7,063",403,4 GB RAM,64 GB ROM,6000 mAh Battery,T8200 Processor,17.13 cm (6.745 inch) HD+ Display,50MP Rear Camera | 8MP Front Camera,,https://www.flipkart.com/ai-nova-2-5g-green-64-gb/p/itm93c2428cc4241?pid=MOBHKHPYFZQKKMDM&lid=LSTMOBHKHPYFZQKKMDMMQKLTA&marketplace=FLIPKART&q=smart+phones&store=tyy%2F4io&srno=s_28_650&otracker=search&fm=organic&iid=fb013685-b15f-400f-a7a8-97d11296d5d0.MOBHKHPYFZQKKMDM.SEARCH&ppt=None&ppn=None&ssid=2ahkux4nwg0000001790676247591&qH=a5594894156db043&ov_redirect=true,2026-09-29
651,"Tecno Spark Go 3 (Titanium Grey, 64 GB)",Tecno,12499,15999,21% off,4.1,217,15,4 GB RAM,64 GB ROM,5000 mAh Lithium Polymer Battery,T7250 Processor,17.12 cm (6.74 inch) HD+ Display,13MP Rear Camera | 8MP Front Camera,,https://www.flipkart.com/tecno-spark-go-3-titanium-grey-64-gb/p/itma9c8f128a61c6?pid=MOBHP2QY7GH4XWWS&lid=LSTMOBHP2QY7GH4XWWSUZBT2N&marketplace=FLIPKART&q=smart+phones&store=tyy%2F4io&srno=s_28_651&otracker=search&fm=organic&iid=en_7vf8m7KGSYzQuQB-kjzPKotGm4sfNmcumzfJnbUZNq7tTL5jAWJsipMqkpGMxmlZxuSl-jfu2FRRD3-px9HFb5LgCDLd29XPfHChd2SlxWsdoGnTbDnu0ivR7MftWqpU&ppt=None&ppn=None&ssid=2ahkux4nwg0000001790676247591&qH=a5594894156db043&ov_redirect=true,2026-09-29
652,"Tecno Spark Go 3 (Ink Black, 64 GB)",Tecno,12499,15999,21% off,4.1,217,15,4 GB RAM,64 GB ROM,5000 mAh Lithium Polymer Battery,T7250 Processor,17.12 cm (6.74 inch) HD+ Display,13MP Rear Camera | 8MP Front Camera,,https://www.flipkart.com/tecno-spark-go-3-ink-black-64-gb/p/itma9c8f128a61c6?pid=MOBHP2QYCXZZE3CM&lid=LSTMOBHP2QYCXZZE3CMWW64IB&marketplace=FLIPKART&q=smart+phones&store=tyy%2F4io&srno=s_28_652&otracker=search&fm=organic&iid=en_7vf8m7KGSYzQuQB-kjzPKotGm4sfNmcumzfJnbUZNq4Zat2XxPovo-NtQkVMGsXTwfAu6s5c53i2tmuGS82SuJLgCDLd29XPfHChd2SlxWsdoGnTbDnu0ivR7MftWqpU&ppt=None&ppn=None&ssid=2ahkux4nwg0000001790676247591&qH=a5594894156db043&ov_redirect=true,2026-09-29
653,"Apple iPhone 18 Pro max (Silver, 256 GB)",Apple,179900,,,4.8,77,15,,,,"A20 Pro chip, 6 Core Processor Processor",17.53 cm (6.9 inch) Super Retina XDR Display,48MP + 48MP + 48MP | 18MP Front Camera,,https://www.flipkart.com/apple-iphone-18-pro-max-silver-256-gb/p/itmead656790625b?pid=MOBHQT5JHJVUYBWN&lid=LSTMOBHQT5JHJVUYBWNHYHHKC&marketplace=FLIPKART&q=smart+phones&store=tyy%2F4io&srno=s_28_653&otracker=search&fm=organic&iid=fb013685-b15f-400f-a7a8-97d11296d5d0.MOBHQT5JHJVUYBWN.SEARCH&ppt=None&ppn=None&ssid=2ahkux4nwg0000001790676247591&qH=a5594894156db043&ov_redirect=true,2026-09-29
654,"Samsung Galaxy S25 Plus 5G (Navy, 256 GB)",Samsung,79999,99999,20% off,4.6,"1,480",181,12 GB RAM,256 GB ROM,4900 mAh Battery,8 Elite for Galaxy Processor,17.02 cm (6.7 inch) Quad HD+ Display,50MP + 10MP + 12MP | 12MP Front Camera,,https://www.flipkart.com/samsung-galaxy-s25-plus-5g-navy-256-gb/p/itm5d4bdb068f418?pid=MOBH8K8UFKWSTMHA&lid=LSTMOBH8K8UFKWSTMHA03MBZS&marketplace=FLIPKART&q=smart+phones&store=tyy%2F4io&srno=s_28_654&otracker=search&fm=organic&iid=fb013685-b15f-400f-a7a8-97d11296d5d0.MOBH8K8UFKWSTMHA.SEARCH&ppt=None&ppn=None&ssid=2ahkux4nwg0000001790676247591&qH=a5594894156db043&ov_redirect=true,2026-09-29
655,"MOTOROLA Edge 70 Pro+ (Satin-Luxe PANTONE Zinfandel (Maroon), 256 GB)",MOTOROLA,47999,84999,43% off,4.2,539,81,12 GB RAM,256 GB ROM,6500 mAh Silicon-Carbon Battery,Dimensity 8500 Extreme Processor,17.27 cm (6.8 inch) Full HD+ Super AMOLED Display,50MP + 50MP + 50MP | 50MP Front Camera,,https://www.flipkart.com/motorola-edge-70-pro-satin-luxe-pantone-zinfandel-maroon-256-gb/p/itm70caeee0ca941?pid=MOBHHXQRQJX8USUW&lid=LSTMOBHHXQRQJX8USUWCHBJHD&marketplace=FLIPKART&q=smart+phones&store=tyy%2F4io&srno=s_28_655&otracker=search&fm=organic&iid=fb013685-b15f-400f-a7a8-97d11296d5d0.MOBHHXQRQJX8USUW.SEARCH&ppt=None&ppn=None&ssid=2ahkux4nwg0000001790676247591&qH=a5594894156db043&ov_redirect=true,2026-09-29
656,"OPPO Reno15 5G (Twilight Blue, 512 GB)",OPPO,55999,59999,6% off,4.4,657,77,12 GB RAM,512 GB ROM,6500 mAh Battery,7 Gen 4 Processor,16.74 cm (6.59 inch) Full HD+ Display,,,https://www.flipkart.com/oppo-reno15-5g-twilight-blue-512-gb/p/itm37cc91d1c2807?pid=MOBHGZZ9EHEBH56A&lid=LSTMOBHGZZ9EHEBH56A5YQTRW&marketplace=FLIPKART&q=smart+phones&store=tyy%2F4io&srno=s_28_656&otracker=search&fm=organic&iid=fb013685-b15f-400f-a7a8-97d11296d5d0.MOBHGZZ9EHEBH56A.SEARCH&ppt=None&ppn=None&ssid=2ahkux4nwg0000001790676247591&qH=a5594894156db043&ov_redirect=true,2026-09-29
657,"OPPO Reno15 5G (Glacier White, 512 GB)",OPPO,55999,59999,6% off,4.4,657,77,12 GB RAM,512 GB ROM,6500 mAh Battery,7 Gen 4 Processor,16.74 cm (6.59 inch) Full HD+ Display,,,https://www.flipkart.com/oppo-reno15-5g-glacier-white-512-gb/p/itm37cc91d1c2807?pid=MOBHGZZ9FA39R3SK&lid=LSTMOBHGZZ9FA39R3SKYMOSP6&marketplace=FLIPKART&q=smart+phones&store=tyy%2F4io&srno=s_28_657&otracker=search&fm=organic&iid=fb013685-b15f-400f-a7a8-97d11296d5d0.MOBHGZZ9FA39R3SK.SEARCH&ppt=None&ppn=None&ssid=2ahkux4nwg0000001790676247591&qH=a5594894156db043&ov_redirect=true,2026-09-29
658,"OPPO Reno15 5G (Aurora Blue, 256 GB)",OPPO,50999,54999,7% off,4.4,657,77,12 GB RAM,256 GB ROM,6500 mAh Battery,7 Gen 4 Processor,16.74 cm (6.59 inch) Full HD+ Display,,,https://www.flipkart.com/oppo-reno15-5g-aurora-blue-256-gb/p/itm37cc91d1c2807?pid=MOBHGZZ9JXQN4T2X&lid=LSTMOBHGZZ9JXQN4T2XFJZ2SP&marketplace=FLIPKART&q=smart+phones&store=tyy%2F4io&srno=s_28_658&otracker=search&fm=organic&iid=fb013685-b15f-400f-a7a8-97d11296d5d0.MOBHGZZ9JXQN4T2X.SEARCH&ppt=None&ppn=None&ssid=2ahkux4nwg0000001790676247591&qH=a5594894156db043&ov_redirect=true,2026-09-29
659,"Apple iPhone 16e (Black, 128 GB)",Apple,59900,,,4.5,"1,446",109,,,,"A18 Chip, 6 Core Processor",15.49 cm (6.1 inch) Super Retina XDR Display,48MP Rear Camera | 12MP Front Camera,,https://www.flipkart.com/apple-iphone-16e-black-128-gb/p/itm730f9c68ad562?pid=MOBH9JVHHRBD4BZP&lid=LSTMOBH9JVHHRBD4BZPLVWLEE&marketplace=FLIPKART&q=smart+phones&store=tyy%2F4io&srno=s_28_659&otracker=search&fm=organic&iid=fb013685-b15f-400f-a7a8-97d11296d5d0.MOBH9JVHHRBD4BZP.SEARCH&ppt=None&ppn=None&ssid=2ahkux4nwg0000001790676247591&qH=a5594894156db043&ov_redirect=true,2026-09-29
660,"OnePlus N6X (Ice Blue, 128 GB)",OnePlus,22677,28999,21% off,4,128,8,4 GB RAM,128 GB ROM,7000 mAh Battery,MediaTek Dimensity 6360 Apex Processor,17.27 cm (6.8 inch) HD+ Display,13MP Rear Camera,,https://www.flipkart.com/oneplus-n6x-ice-blue-128-gb/p/itm4be54d70a3bed?pid=MOBHPTHRHMJ8UUYJ&lid=LSTMOBHPTHRHMJ8UUYJUKLB6B&marketplace=FLIPKART&q=smart+phones&store=tyy%2F4io&srno=s_28_660&otracker=search&fm=organic&iid=fb013685-b15f-400f-a7a8-97d11296d5d0.MOBHPTHRHMJ8UUYJ.SEARCH&ppt=None&ppn=None&ssid=2ahkux4nwg0000001790676247591&qH=a5594894156db043&ov_redirect=true,2026-09-29
661,"MOTOROLA edge 70 pro (Satin-Luxe PANTONE Tea (Green), 256 GB)",MOTOROLA,39999,69999,42% off,4.3,943,115,8 GB RAM,256 GB ROM,6500 mAh Silicon-Carbon Battery,Dimensity 8500 Extreme Processor,17.27 cm (6.8 inch) Full HD+ Super AMOLED Display,50MP + 50MP | 50MP Front Camera,,https://www.flipkart.com/motorola-edge-70-pro-satin-luxe-pantone-tea-green-256-gb/p/itmad36b25ee48bf?pid=MOBHN9734ZPCKBAC&lid=LSTMOBHN9734ZPCKBACJUQ4X8&marketplace=FLIPKART&q=smart+phones&store=tyy%2F4io&srno=s_28_661&otracker=search&fm=organic&iid=fb013685-b15f-400f-a7a8-97d11296d5d0.MOBHN9734ZPCKBAC.SEARCH&ppt=None&ppn=None&ssid=2ahkux4nwg0000001790676247591&qH=a5594894156db043&ov_redirect=true,2026-09-29
662,"realme 16 Pro 5G (Pebble Grey, 256 GB)",realme,49999,,,4.4,873,85,12 GB RAM,256 GB ROM,7000 mAh Battery,Dimensity 7300 Max Processor,17.22 cm (6.78 inch) Full HD+ Display,200MP + 8MP | 50MP Front Camera,,https://www.flipkart.com/realme-16-pro-5g-pebble-grey-256-gb/p/itm0f32797c10002?pid=MOBHM8GZHSAGJEVG&lid=LSTMOBHM8GZHSAGJEVGNOVZTO&marketplace=FLIPKART&q=smart+phones&store=tyy%2F4io&srno=s_28_662&otracker=search&fm=organic&iid=fb013685-b15f-400f-a7a8-97d11296d5d0.MOBHM8GZHSAGJEVG.SEARCH&ppt=None&ppn=None&ssid=2ahkux4nwg0000001790676247591&qH=a5594894156db043&ov_redirect=true,2026-09-29
663,"realme 16 Pro 5G (Master Gold, 256 GB)",realme,46999,,,4.3,"2,823",290,8 GB RAM,256 GB ROM,7000 mAh Battery,Dimensity 7300 Max Processor,17.22 cm (6.78 inch) Full HD+ Display,200MP + 8MP | 50MP Front Camera,,https://www.flipkart.com/realme-16-pro-5g-master-gold-256-gb/p/itm0f32797c10002?pid=MOBHM8GZWJHDBRFQ&lid=LSTMOBHM8GZWJHDBRFQDIN4E2&marketplace=FLIPKART&q=smart+phones&store=tyy%2F4io&srno=s_28_663&otracker=search&fm=organic&iid=fb013685-b15f-400f-a7a8-97d11296d5d0.MOBHM8GZWJHDBRFQ.SEARCH&ppt=None&ppn=None&ssid=2ahkux4nwg0000001790676247591&qH=a5594894156db043&ov_redirect=true,2026-09-29
664,"realme 16 Pro 5G (Pebble Grey, 256 GB)",realme,46999,,,4.3,"2,823",290,8 GB RAM,256 GB ROM,7000 mAh Battery,Dimensity 7300 Max Processor,17.22 cm (6.78 inch) Full HD+ Display,200MP + 8MP | 50MP Front Camera,,https://www.flipkart.com/realme-16-pro-5g-pebble-grey-256-gb/p/itm0f32797c10002?pid=MOBHM8GZTJAC9GUM&lid=LSTMOBHM8GZTJAC9GUMUL0QCU&marketplace=FLIPKART&q=smart+phones&store=tyy%2F4io&srno=s_28_664&otracker=search&fm=organic&iid=fb013685-b15f-400f-a7a8-97d11296d5d0.MOBHM8GZTJAC9GUM.SEARCH&ppt=None&ppn=None&ssid=2ahkux4nwg0000001790676247591&qH=a5594894156db043&ov_redirect=true,2026-09-29
665,"POCO X8 Power 5G (Black, 256 GB)",POCO,38999,84999,54% off,4.3,260,68,8 GB RAM,256 GB ROM,10000 mAh Lithium-Ion Polymer Battery,6 Gen 5 Processor,17.35 cm (6.83 inch) Full HD+ AMOLED Display,50MP + 8MP | 32MP Front Camera,,https://www.flipkart.com/poco-x8-power-5g-black-256-gb/p/itm3438e419f61cc?pid=MOBHQ6XZZQTFHDSX&lid=LSTMOBHQ6XZZQTFHDSXUIITQK&marketplace=FLIPKART&q=smart+phones&store=tyy%2F4io&srno=s_28_665&otracker=search&fm=organic&iid=fb013685-b15f-400f-a7a8-97d11296d5d0.MOBHQ6XZZQTFHDSX.SEARCH&ppt=None&ppn=None&ssid=2ahkux4nwg0000001790676247591&qH=a5594894156db043&ov_redirect=true,2026-09-29
666,"OnePlus 13s 5G (Black Velvet, 256 GB)",OnePlus,54990,57999,5% off,4.6,"2,156",208,12 GB RAM,256 GB ROM,5850 mAh Battery,,16.05 cm (6.32 inch) Display,50MP Rear Camera,,https://www.flipkart.com/oneplus-13s-5g-black-velvet-256-gb/p/itmb6d10cf953b5d?pid=MOBHCTQTGUGEJHMG&lid=LSTMOBHCTQTGUGEJHMGQN8OHI&marketplace=FLIPKART&q=smart+phones&store=tyy%2F4io&srno=s_28_666&otracker=search&fm=organic&iid=fb013685-b15f-400f-a7a8-97d11296d5d0.MOBHCTQTGUGEJHMG.SEARCH&ppt=None&ppn=None&ssid=2ahkux4nwg0000001790676247591&qH=a5594894156db043&ov_redirect=true,2026-09-29
667,"IQOO 15R 5G (Dark Knight, 512 GB)",IQOO,69990,87999,20% off,4.6,279,32,12 GB RAM,512 GB ROM,7600 mAh Battery,,16.74 cm (6.59 inch) Display,50MP Rear Camera,,https://www.flipkart.com/iqoo-15r-5g-dark-knight-512-gb/p/itm7bc8aee18f590?pid=MOBHHY4GUEVSHZS8&lid=LSTMOBHHY4GUEVSHZS8IHLLJS&marketplace=FLIPKART&q=smart+phones&store=tyy%2F4io&srno=s_28_667&otracker=search&fm=organic&iid=fb013685-b15f-400f-a7a8-97d11296d5d0.MOBHHY4GUEVSHZS8.SEARCH&ppt=None&ppn=None&ssid=2ahkux4nwg0000001790676247591&qH=a5594894156db043&ov_redirect=true,2026-09-29
668,"Apple iPhone 17 (Mist Blue, 256 GB)",Apple,99900,,,4.6,"28,118","2,038",,,,"A19 Chip, 6 Core Processor Processor",16.0 cm (6.3 inch) Super Retina XDR Display,48MP + 48MP | 18MP Front Camera,,https://www.flipkart.com/apple-iphone-17-mist-blue-256-gb/p/itmfd8c16e287599?pid=MOBHQV9YNVS7PXHH&lid=LSTMOBHQV9YNVS7PXHHYQWZJ4&marketplace=FLIPKART&q=smart+phones&store=tyy%2F4io&srno=s_28_668&otracker=search&fm=organic&iid=fb013685-b15f-400f-a7a8-97d11296d5d0.MOBHQV9YNVS7PXHH.SEARCH&ppt=None&ppn=None&ssid=2ahkux4nwg0000001790676247591&qH=a5594894156db043&ov_redirect=true,2026-09-29
669,"realme Narzo 100x 5g (Midnight Black, 256 GB)",realme,27890,39999,30% off,4.2,335,41,6 GB RAM,256 GB ROM,8000 mAh Battery,MediaTek Dimensity 6300 Processor,17.3 cm (6.81 inch) HD+ Display,,,https://www.flipkart.com/realme-narzo-100x-5g-midnight-black-256-gb/p/itm66836fc8ecc5e?pid=MOBHPJG4RXUMMSF8&lid=LSTMOBHPJG4RXUMMSF8SUK7SX&marketplace=FLIPKART&q=smart+phones&store=tyy%2F4io&srno=s_28_669&otracker=search&fm=organic&iid=fb013685-b15f-400f-a7a8-97d11296d5d0.MOBHPJG4RXUMMSF8.SEARCH&ppt=None&ppn=None&ssid=2ahkux4nwg0000001790676247591&qH=a5594894156db043&ov_redirect=true,2026-09-29
670,"Infinix Note edge (Solar Orange, 256 GB)",Infinix,30999,34999,11% off,4.2,482,81,8 GB RAM,256 GB ROM,6500 mAh Battery,Dimensity 7100 Processor,17.22 cm (6.78 inch) Full HD+ AMOLED Display,50MP Rear Camera | 13MP Front Camera,,https://www.flipkart.com/infinix-note-edge-solar-orange-256-gb/p/itm7720c4dde19f1?pid=MOBHN3VZBZY6RGGE&lid=LSTMOBHN3VZBZY6RGGEXAWGSY&marketplace=FLIPKART&q=smart+phones&store=tyy%2F4io&srno=s_28_670&otracker=search&fm=organic&iid=fb013685-b15f-400f-a7a8-97d11296d5d0.MOBHN3VZBZY6RGGE.SEARCH&ppt=None&ppn=None&ssid=2ahkux4nwg0000001790676247591&qH=a5594894156db043&ov_redirect=true,2026-09-29
671,"Samsung Galaxy F56 5G (Green, 128 GB)",Samsung,29999,30999,3% off,4.4,706,71,8 GB RAM,128 GB ROM,5000 mAh Battery,Exynos 1480 Processor,17.02 cm (6.7 inch) Full HD+ Display,50MP + 8MP + 2MP | 12MP Front Camera,,https://www.flipkart.com/samsung-galaxy-f56-5g-green-128-gb/p/itm618e969d3671e?pid=MOBHBWF3G5QRT5HY&lid=LSTMOBHBWF3G5QRT5HY1XGSF9&marketplace=FLIPKART&q=smart+phones&store=tyy%2F4io&srno=s_28_671&otracker=search&fm=organic&iid=fb013685-b15f-400f-a7a8-97d11296d5d0.MOBHBWF3G5QRT5HY.SEARCH&ppt=None&ppn=None&ssid=2ahkux4nwg0000001790676247591&qH=a5594894156db043&ov_redirect=true,2026-09-29
672,"Samsung Galaxy S24 5G Snapdragon (Onyx Black, 128 GB)",Samsung,49999,74999,33% off,4.6,"57,466","4,581",8 GB RAM,128 GB ROM,4000 mAh Battery,8 Gen 3 Processor,15.75 cm (6.2 inch) Full HD+ Display,50MP + 12MP | 12MP Front Camera,,https://www.flipkart.com/samsung-galaxy-s24-5g-snapdragon-onyx-black-128-gb/p/itm3469a7107606f?pid=MOBHDVFKSSHPUYHB&lid=LSTMOBHDVFKSSHPUYHBXUF3VR&marketplace=FLIPKART&q=smart+phones&store=tyy%2F4io&srno=s_28_672&otracker=search&fm=organic&iid=fb013685-b15f-400f-a7a8-97d11296d5d0.MOBHDVFKSSHPUYHB.SEARCH&ppt=None&ppn=None&ssid=2ahkux4nwg0000001790676247591&qH=a5594894156db043&ov_redirect=true,2026-09-29
673,"Ai+ Nova 2 5G (Black, 128 GB)",Ai+,14499,17499,17% off,4.2,"7,063",403,4 GB RAM,128 GB ROM,6000 mAh Battery,T8200 Processor,17.13 cm (6.745 inch) HD+ Display,50MP Rear Camera | 8MP Front Camera,,https://www.flipkart.com/ai-nova-2-5g-black-128-gb/p/itm8d7185004fb8a?pid=MOBHZPMCQYM4NVPC&lid=LSTMOBHZPMCQYM4NVPC2OYZJA&marketplace=FLIPKART&q=smart+phones&store=tyy%2F4io&srno=s_29_673&otracker=search&fm=organic&iid=99b7076f-15cb-435b-95e0-414253ad872e.MOBHZPMCQYM4NVPC.SEARCH&ppt=None&ppn=None&ssid=lktrfx9vs00000001790676250273&qH=a5594894156db043&ov_redirect=true,2026-09-29
674,"Samsung Galaxy S26 Ultra 5G (Cobalt Violet, 256 GB)",Samsung,124938,139999,10% off,4.6,"1,359",354,12 GB RAM,256 GB ROM,5000 mAh Li-ion Battery,Snapdragon 8 Elite Gen 5 Processor,17.53 cm (6.9 inch) Quad HD+ Display,200MP + 50MP | 12MP Front Camera,,https://www.flipkart.com/samsung-galaxy-s26-ultra-5g-cobalt-violet-256-gb/p/itmf4799d3841c43?pid=MOBHKGAPUXRHVXHZ&lid=LSTMOBHKGAPUXRHVXHZWUKACF&marketplace=FLIPKART&q=smart+phones&store=tyy%2F4io&srno=s_29_674&otracker=search&fm=organic&iid=99b7076f-15cb-435b-95e0-414253ad872e.MOBHKGAPUXRHVXHZ.SEARCH&ppt=None&ppn=None&ssid=lktrfx9vs00000001790676250273&qH=a5594894156db043&ov_redirect=true,2026-09-29
675,"realme P4 Lite 5G (Mosaic Green, 128 GB)",realme,20999,32999,36% off,4.2,"14,885",930,4 GB RAM,128 GB ROM,7000 mAh lithium-ion polymer Battery,Dimensity 6300 Processor,17.27 cm (6.8 inches) HD+ Display,13MP Rear Camera | 5MP Front Camera,,https://www.flipkart.com/realme-p4-lite-5g-mosaic-green-128-gb/p/itm90c243961f214?pid=MOBHN7A8PBUWNHG5&lid=LSTMOBHN7A8PBUWNHG5V5EICC&marketplace=FLIPKART&q=smart+phones&store=tyy%2F4io&srno=s_29_675&otracker=search&fm=organic&iid=99b7076f-15cb-435b-95e0-414253ad872e.MOBHN7A8PBUWNHG5.SEARCH&ppt=None&ppn=None&ssid=lktrfx9vs00000001790676250273&qH=a5594894156db043&ov_redirect=true,2026-09-29
676,"realme P4 Lite 5G (Mosaic Blue, 128 GB)",realme,20999,32999,36% off,4.2,"14,885",930,4 GB RAM,128 GB ROM,7000 mAh lithium-ion polymer Battery,Dimensity 6300 Processor,17.27 cm (6.8 inches) HD+ Display,13MP Rear Camera | 5MP Front Camera,,https://www.flipkart.com/realme-p4-lite-5g-mosaic-blue-128-gb/p/itm90c243961f214?pid=MOBHN7A8MNWG6FFH&lid=LSTMOBHN7A8MNWG6FFHG3NDFE&marketplace=FLIPKART&q=smart+phones&store=tyy%2F4io&srno=s_29_676&otracker=search&fm=organic&iid=99b7076f-15cb-435b-95e0-414253ad872e.MOBHN7A8MNWG6FFH.SEARCH&ppt=None&ppn=None&ssid=lktrfx9vs00000001790676250273&qH=a5594894156db043&ov_redirect=true,2026-09-29
677,"Tecno Spark Go 3 (Ink Black, 64 GB)",Tecno,12499,15999,21% off,4.1,217,15,4 GB RAM,64 GB ROM,5000 mAh Lithium Polymer Battery,T7250 Processor,17.12 cm (6.74 inch) HD+ Display,13MP Rear Camera | 8MP Front Camera,,https://www.flipkart.com/tecno-spark-go-3-ink-black-64-gb/p/itma9c8f128a61c6?pid=MOBHP2QYCXZZE3CM&lid=LSTMOBHP2QYCXZZE3CMWW64IB&marketplace=FLIPKART&q=smart+phones&store=tyy%2F4io&srno=s_29_677&otracker=search&fm=organic&iid=en_NgXqW2VDCJ2Ym8kACq2VwwFxmdobC9SBJkq1t1bSWa9yVlA8LpfvnexRLKHZO6U1u-p7FawYTmaPPeu5xWEE1ZLgCDLd29XPfHChd2SlxWta8RTNgtnkhLcnlY9e5mZF&ppt=None&ppn=None&ssid=lktrfx9vs00000001790676250273&qH=a5594894156db043&ov_redirect=true,2026-09-29
678,"realme 16 5G (Air Black, 256 GB)",realme,42999,49999,14% off,4.3,247,28,12 GB RAM,256 GB ROM,7000 mAh Battery,Dimensity 6400 Turbo Processor,16.69 cm (6.57 inch) Full HD+ AMOLED Display,50MP + 2MP | 50MP Front Camera,,https://www.flipkart.com/realme-16-5g-air-black-256-gb/p/itm7b0c4cd95742b?pid=MOBHHM6TCNZGFMY3&lid=LSTMOBHHM6TCNZGFMY36AK2OW&marketplace=FLIPKART&q=smart+phones&store=tyy%2F4io&srno=s_29_678&otracker=search&fm=organic&iid=99b7076f-15cb-435b-95e0-414253ad872e.MOBHHM6TCNZGFMY3.SEARCH&ppt=None&ppn=None&ssid=lktrfx9vs00000001790676250273&qH=a5594894156db043&ov_redirect=true,2026-09-29
679,"vivo Y11 5G (Mystic Blue, 128 GB)",vivo,22499,44999,50% off,4,939,54,4 GB RAM,128 GB ROM,6500 mAh Li-ion Battery,Dimensity 6300 Processor,17.12 cm (6.74 inch) HD+ Display,13MP + 0.08MP | 5MP Front Camera,,https://www.flipkart.com/vivo-y11-5g-mystic-blue-128-gb/p/itm722b8f27be0b8?pid=MOBHZF4T4JRVTHY4&lid=LSTMOBHZF4T4JRVTHY4KR3BUH&marketplace=FLIPKART&q=smart+phones&store=tyy%2F4io&srno=s_29_679&otracker=search&fm=organic&iid=99b7076f-15cb-435b-95e0-414253ad872e.MOBHZF4T4JRVTHY4.SEARCH&ppt=None&ppn=None&ssid=lktrfx9vs00000001790676250273&qH=a5594894156db043&ov_redirect=true,2026-09-29
680,"realme 16 5G (Air White, 256 GB)",realme,42999,49999,14% off,4.3,247,28,12 GB RAM,256 GB ROM,7000 mAh Battery,Dimensity 6400 Turbo Processor,16.69 cm (6.57 inch) Full HD+ AMOLED Display,50MP + 2MP | 50MP Front Camera,,https://www.flipkart.com/realme-16-5g-air-white-256-gb/p/itm7b0c4cd95742b?pid=MOBHHM6T4GNPEFZJ&lid=LSTMOBHHM6T4GNPEFZJUEE3GU&marketplace=FLIPKART&q=smart+phones&store=tyy%2F4io&srno=s_29_680&otracker=search&fm=organic&iid=99b7076f-15cb-435b-95e0-414253ad872e.MOBHHM6T4GNPEFZJ.SEARCH&ppt=None&ppn=None&ssid=lktrfx9vs00000001790676250273&qH=a5594894156db043&ov_redirect=true,2026-09-29
681,"vivo Y11 5G (Cosmic Gold, 64 GB)",vivo,18999,39999,52% off,4,939,54,4 GB RAM,64 GB ROM,6500 mAh Li-ion Battery,Dimensity 6300 Processor,17.12 cm (6.74 inch) HD+ Display,13MP + 0.08MP | 5MP Front Camera,,https://www.flipkart.com/vivo-y11-5g-cosmic-gold-64-gb/p/itm722b8f27be0b8?pid=MOBHZF4TFXUNDF4Z&lid=LSTMOBHZF4TFXUNDF4ZZIFHP6&marketplace=FLIPKART&q=smart+phones&store=tyy%2F4io&srno=s_29_681&otracker=search&fm=organic&iid=99b7076f-15cb-435b-95e0-414253ad872e.MOBHZF4TFXUNDF4Z.SEARCH&ppt=None&ppn=None&ssid=lktrfx9vs00000001790676250273&qH=a5594894156db043&ov_redirect=true,2026-09-29
682,"vivo Y11 5G (Mystic Blue, 64 GB)",vivo,18999,39999,52% off,4,939,54,4 GB RAM,64 GB ROM,6500 mAh Li-ion Battery,Dimensity 6300 Processor,17.12 cm (6.74 inch) HD+ Display,13MP + 0.08MP | 5MP Front Camera,,https://www.flipkart.com/vivo-y11-5g-mystic-blue-64-gb/p/itm722b8f27be0b8?pid=MOBHZF4TRQECK68N&lid=LSTMOBHZF4TRQECK68NZFXF4G&marketplace=FLIPKART&q=smart+phones&store=tyy%2F4io&srno=s_29_682&otracker=search&fm=organic&iid=99b7076f-15cb-435b-95e0-414253ad872e.MOBHZF4TRQECK68N.SEARCH&ppt=None&ppn=None&ssid=lktrfx9vs00000001790676250273&qH=a5594894156db043&ov_redirect=true,2026-09-29
683,"realme P4 Lite 5G (Mosaic Blue, 64 GB)",realme,18999,28999,34% off,4.2,"14,885",930,4 GB RAM,64 GB ROM,7000 mAh lithium-ion polymer Battery,Dimensity 6300 Processor,17.27 cm (6.8 inches) HD+ Display,13MP Rear Camera | 5MP Front Camera,,https://www.flipkart.com/realme-p4-lite-5g-mosaic-blue-64-gb/p/itm90c243961f214?pid=MOBHN7A8CMJGRACT&lid=LSTMOBHN7A8CMJGRACTDRIOJU&marketplace=FLIPKART&q=smart+phones&store=tyy%2F4io&srno=s_29_683&otracker=search&fm=organic&iid=99b7076f-15cb-435b-95e0-414253ad872e.MOBHN7A8CMJGRACT.SEARCH&ppt=None&ppn=None&ssid=lktrfx9vs00000001790676250273&qH=a5594894156db043&ov_redirect=true,2026-09-29
684,"realme P4 Lite 5G (Mosaic Green, 64 GB)",realme,18999,28999,34% off,4.2,"14,885",930,4 GB RAM,64 GB ROM,7000 mAh lithium-ion polymer Battery,Dimensity 6300 Processor,17.27 cm (6.8 inches) HD+ Display,13MP Rear Camera | 5MP Front Camera,,https://www.flipkart.com/realme-p4-lite-5g-mosaic-green-64-gb/p/itm90c243961f214?pid=MOBHN7A8SZ7F9C7T&lid=LSTMOBHN7A8SZ7F9C7TYM0TGX&marketplace=FLIPKART&q=smart+phones&store=tyy%2F4io&srno=s_29_684&otracker=search&fm=organic&iid=99b7076f-15cb-435b-95e0-414253ad872e.MOBHN7A8SZ7F9C7T.SEARCH&ppt=None&ppn=None&ssid=lktrfx9vs00000001790676250273&qH=a5594894156db043&ov_redirect=true,2026-09-29
685,"realme P4 Lite 5G (Mosaic Green, 128 GB)",realme,23999,36999,35% off,4.2,"2,429",198,6 GB RAM,128 GB ROM,7000 mAh lithium-ion polymer Battery,Dimensity 6300 Processor,17.27 cm (6.8 inches) HD+ Display,13MP Rear Camera | 5MP Front Camera,,https://www.flipkart.com/realme-p4-lite-5g-mosaic-green-128-gb/p/itm90c243961f214?pid=MOBHN7A8YFWPC9ZV&lid=LSTMOBHN7A8YFWPC9ZVEJ5AZE&marketplace=FLIPKART&q=smart+phones&store=tyy%2F4io&srno=s_29_685&otracker=search&fm=organic&iid=99b7076f-15cb-435b-95e0-414253ad872e.MOBHN7A8YFWPC9ZV.SEARCH&ppt=None&ppn=None&ssid=lktrfx9vs00000001790676250273&qH=a5594894156db043&ov_redirect=true,2026-09-29
686,"REDMI Note-14 Pro 5G (Ivy Green, 128 GB)",REDMI,25490,28999,12% off,4.3,"1,230",94,8 GB RAM,128 GB ROM,5500 mAh Battery,Dimensity 7300 Ultra Processor,16.94 cm (6.67 inch) Display,50MP + 8MP + 2MP | 20MP Front Camera,,https://www.flipkart.com/redmi-note-14-pro-5g-ivy-green-128-gb/p/itm124f940049e20?pid=MOBH8BW3VHHEVGTG&lid=LSTMOBH8BW3VHHEVGTGUHWR2E&marketplace=FLIPKART&q=smart+phones&store=tyy%2F4io&srno=s_29_686&otracker=search&fm=organic&iid=99b7076f-15cb-435b-95e0-414253ad872e.MOBH8BW3VHHEVGTG.SEARCH&ppt=None&ppn=None&ssid=lktrfx9vs00000001790676250273&qH=a5594894156db043&ov_redirect=true,2026-09-29
687,"realme 16 5G (Air White, 256 GB)",realme,39999,44999,11% off,4,"1,013",112,8 GB RAM,256 GB ROM,7000 mAh Battery,Dimensity 6400 Turbo Processor,16.69 cm (6.57 inch) Full HD+ AMOLED Display,50MP + 2MP | 50MP Front Camera,,https://www.flipkart.com/realme-16-5g-air-white-256-gb/p/itm7b0c4cd95742b?pid=MOBHHM6T5AD4VYH5&lid=LSTMOBHHM6T5AD4VYH55L6VM5&marketplace=FLIPKART&q=smart+phones&store=tyy%2F4io&srno=s_29_687&otracker=search&fm=organic&iid=99b7076f-15cb-435b-95e0-414253ad872e.MOBHHM6T5AD4VYH5.SEARCH&ppt=None&ppn=None&ssid=lktrfx9vs00000001790676250273&qH=a5594894156db043&ov_redirect=true,2026-09-29
688,"realme 16 5G (Air Black, 256 GB)",realme,39999,44999,11% off,4,"1,013",112,8 GB RAM,256 GB ROM,7000 mAh Battery,Dimensity 6400 Turbo Processor,16.69 cm (6.57 inch) Full HD+ AMOLED Display,50MP + 2MP | 50MP Front Camera,,https://www.flipkart.com/realme-16-5g-air-black-256-gb/p/itm7b0c4cd95742b?pid=MOBHHM6TZ6QRPMBY&lid=LSTMOBHHM6TZ6QRPMBYNLJMCR&marketplace=FLIPKART&q=smart+phones&store=tyy%2F4io&srno=s_29_688&otracker=search&fm=organic&iid=99b7076f-15cb-435b-95e0-414253ad872e.MOBHHM6TZ6QRPMBY.SEARCH&ppt=None&ppn=None&ssid=lktrfx9vs00000001790676250273&qH=a5594894156db043&ov_redirect=true,2026-09-29
689,"realme Narzo 100x 5g (Midnight Black, 256 GB)",realme,27890,39999,30% off,4.2,335,41,6 GB RAM,256 GB ROM,8000 mAh Battery,MediaTek Dimensity 6300 Processor,17.3 cm (6.81 inch) HD+ Display,,,https://www.flipkart.com/realme-narzo-100x-5g-midnight-black-256-gb/p/itm66836fc8ecc5e?pid=MOBHPJG4RXUMMSF8&lid=LSTMOBHPJG4RXUMMSF8SUK7SX&marketplace=FLIPKART&q=smart+phones&store=tyy%2F4io&srno=s_29_689&otracker=search&fm=organic&iid=99b7076f-15cb-435b-95e0-414253ad872e.MOBHPJG4RXUMMSF8.SEARCH&ppt=None&ppn=None&ssid=lktrfx9vs00000001790676250273&qH=a5594894156db043&ov_redirect=true,2026-09-29
690,"Apple iPhone 18 Pro max (Black, 256 GB)",Apple,179900,,,4.8,77,15,,,,"A20 Pro chip, 6 Core Processor Processor",17.53 cm (6.9 inch) Super Retina XDR Display,48MP + 48MP + 48MP | 18MP Front Camera,,https://www.flipkart.com/apple-iphone-18-pro-max-black-256-gb/p/itm34c250ba79166?pid=MOBHQT5JCGM6WJZA&lid=LSTMOBHQT5JCGM6WJZA5L2KCJ&marketplace=FLIPKART&q=smart+phones&store=tyy%2F4io&srno=s_29_690&otracker=search&fm=organic&iid=99b7076f-15cb-435b-95e0-414253ad872e.MOBHQT5JCGM6WJZA.SEARCH&ppt=None&ppn=None&ssid=lktrfx9vs00000001790676250273&qH=a5594894156db043&ov_redirect=true,2026-09-29
691,"REDMI 15A (Amaze Purple, 128 GB)",REDMI,20493,30999,33% off,4,204,21,6 GB RAM,128 GB ROM,6300 mAh Lithium-Ion Polymer Battery,T8300 Processor,17.53 cm (6.9 inch) Display,32MP Rear Camera | 8MP Front Camera,,https://www.flipkart.com/redmi-15a-amaze-purple-128-gb/p/itmb9638bb6db2c7?pid=MOBHPDZDEAGRHERU&lid=LSTMOBHPDZDEAGRHERU4NUMOU&marketplace=FLIPKART&q=smart+phones&store=tyy%2F4io&srno=s_29_691&otracker=search&fm=organic&iid=99b7076f-15cb-435b-95e0-414253ad872e.MOBHPDZDEAGRHERU.SEARCH&ppt=None&ppn=None&ssid=lktrfx9vs00000001790676250273&qH=a5594894156db043&ov_redirect=true,2026-09-29
692,"IQOO Z11 lite 5G (Solar Flame, 128 GB)",IQOO,22986,38499,40% off,3.9,77,8,6 GB RAM,128 GB ROM,6500 mAh Battery,MediaTek Dimensity 6300 Processor,17.12 cm (6.74 inch) Display,50MP Rear Camera,,https://www.flipkart.com/iqoo-z11-lite-5g-solar-flame-128-gb/p/itmaa919fae95e49?pid=MOBHPMVXCMKZH2QT&lid=LSTMOBHPMVXCMKZH2QTVH7H8C&marketplace=FLIPKART&q=smart+phones&store=tyy%2F4io&srno=s_29_692&otracker=search&fm=organic&iid=99b7076f-15cb-435b-95e0-414253ad872e.MOBHPMVXCMKZH2QT.SEARCH&ppt=None&ppn=None&ssid=lktrfx9vs00000001790676250273&qH=a5594894156db043&ov_redirect=true,2026-09-29
693,"MOTOROLA edge 70 pro (Tailored Fabric - PANTONE Titan (Blue), 256 GB)",MOTOROLA,42999,74999,42% off,4.3,643,84,12 GB RAM,256 GB ROM,6500 mAh Silicon-Carbon Battery,Dimensity 8500 Extreme Processor,17.27 cm (6.8 inch) Full HD+ Super AMOLED Display,50MP + 50MP | 50MP Front Camera,,https://www.flipkart.com/motorola-edge-70-pro-tailored-fabric-pantone-titan-blue-256-gb/p/itm2bb5f69d7af34?pid=MOBHN973JRZJXD9Y&lid=LSTMOBHN973JRZJXD9YATO2ML&marketplace=FLIPKART&q=smart+phones&store=tyy%2F4io&srno=s_29_693&otracker=search&fm=organic&iid=99b7076f-15cb-435b-95e0-414253ad872e.MOBHN973JRZJXD9Y.SEARCH&ppt=None&ppn=None&ssid=lktrfx9vs00000001790676250273&qH=a5594894156db043&ov_redirect=true,2026-09-29
694,"MOTOROLA Edge 70 Fusion Snapdragon (Pantone COUNTRY AIR, 128 GB)",MOTOROLA,30999,49999,38% off,4.4,"18,488","2,031",8 GB RAM,128 GB ROM,7000 mAh Battery,Snapdragon 7s Gen 4 Processor,17.27 cm (6.8 inch) Super HD Display,50MP + 13MP | 32MP Front Camera,,https://www.flipkart.com/motorola-edge-70-fusion-snapdragon-pantone-country-air-128-gb/p/itm35e1629da7123?pid=MOBHN973BZYNQ9XZ&lid=LSTMOBHN973BZYNQ9XZIVDF72&marketplace=FLIPKART&q=smart+phones&store=tyy%2F4io&srno=s_29_694&otracker=search&fm=organic&iid=99b7076f-15cb-435b-95e0-414253ad872e.MOBHN973BZYNQ9XZ.SEARCH&ppt=None&ppn=None&ssid=lktrfx9vs00000001790676250273&qH=a5594894156db043&ov_redirect=true,2026-09-29
695,"OPPO K14x 5G (Prism Violet, 64 GB)",OPPO,18999,19999,5% off,4.3,"8,212",915,4 GB RAM,64 GB ROM,6500 mAh Battery,Dimensity 6300 Processor,17.14 cm (6.75 inch) HD+ Display,,,https://www.flipkart.com/oppo-k14x-5g-prism-violet-64-gb/p/itm188c7a4b69292?pid=MOBHKZF3DGME8JHG&lid=LSTMOBHKZF3DGME8JHGGNMUIW&marketplace=FLIPKART&q=smart+phones&store=tyy%2F4io&srno=s_29_695&otracker=search&fm=organic&iid=99b7076f-15cb-435b-95e0-414253ad872e.MOBHKZF3DGME8JHG.SEARCH&ppt=None&ppn=None&ssid=lktrfx9vs00000001790676250273&qH=a5594894156db043&ov_redirect=true,2026-09-29
696,"OPPO K14x 5G (Icy Blue, 64 GB)",OPPO,18999,19999,5% off,4.3,"8,212",915,4 GB RAM,64 GB ROM,6500 mAh Battery,Dimensity 6300 Processor,17.14 cm (6.75 inch) HD+ Display,,,https://www.flipkart.com/oppo-k14x-5g-icy-blue-64-gb/p/itm188c7a4b69292?pid=MOBHKZF3YEJNPZHZ&lid=LSTMOBHKZF3YEJNPZHZKAKWY1&marketplace=FLIPKART&q=smart+phones&store=tyy%2F4io&srno=s_29_696&otracker=search&fm=organic&iid=99b7076f-15cb-435b-95e0-414253ad872e.MOBHKZF3YEJNPZHZ.SEARCH&ppt=None&ppn=None&ssid=lktrfx9vs00000001790676250273&qH=a5594894156db043&ov_redirect=true,2026-09-29
697,"Tecno Spark Go 3 (Titanium Grey, 64 GB)",Tecno,12499,15999,21% off,4.1,217,15,4 GB RAM,64 GB ROM,5000 mAh Lithium Polymer Battery,T7250 Processor,17.12 cm (6.74 inch) HD+ Display,13MP Rear Camera | 8MP Front Camera,,https://www.flipkart.com/tecno-spark-go-3-titanium-grey-64-gb/p/itma9c8f128a61c6?pid=MOBHP2QY7GH4XWWS&lid=LSTMOBHP2QY7GH4XWWSUZBT2N&marketplace=FLIPKART&q=smart+phones&store=tyy%2F4io&srno=s_30_697&otracker=search&fm=organic&iid=en_bA_2qMeYjv5krVmZZs2lXArkM1iIpk3k1hDbxm_eECyTm87n_cAmA6vbgEMNQdoExuSl-jfu2FRRD3-px9HFb5LgCDLd29XPfHChd2SlxWsLhFdCdXdZbikrpgM2c1v3&ppt=None&ppn=None&ssid=bjbt4wtd0g0000001790676252977&qH=a5594894156db043&ov_redirect=true,2026-09-29
698,"Tecno Spark Go 3 (Ink Black, 64 GB)",Tecno,12499,15999,21% off,4.1,217,15,4 GB RAM,64 GB ROM,5000 mAh Lithium Polymer Battery,T7250 Processor,17.12 cm (6.74 inch) HD+ Display,13MP Rear Camera | 8MP Front Camera,,https://www.flipkart.com/tecno-spark-go-3-ink-black-64-gb/p/itma9c8f128a61c6?pid=MOBHP2QYCXZZE3CM&lid=LSTMOBHP2QYCXZZE3CMWW64IB&marketplace=FLIPKART&q=smart+phones&store=tyy%2F4io&srno=s_30_698&otracker=search&fm=organic&iid=en_bA_2qMeYjv5krVmZZs2lXArkM1iIpk3k1hDbxm_eECyciOWxwfFkSInwaZQJ56zowfAu6s5c53i2tmuGS82SuJLgCDLd29XPfHChd2SlxWsLhFdCdXdZbikrpgM2c1v3&ppt=None&ppn=None&ssid=bjbt4wtd0g0000001790676252977&qH=a5594894156db043&ov_redirect=true,2026-09-29
699,"Samsung Galaxy A06 5G (Black, 128 GB)",Samsung,16999,23999,29% off,4.1,"4,980",375,4 GB RAM,128 GB ROM,5000 mAh Li-ion Battery,Dimensity 6300 Processor,17.02 cm (6.7 inch) HD+ Display,50MP + 2MP | 8MP Front Camera,,https://www.flipkart.com/samsung-galaxy-a06-5g-black-128-gb/p/itm2bf1cd87d2bf7?pid=MOBH9GQKCNWVNM2M&lid=LSTMOBH9GQKCNWVNM2MKZ8VTQ&marketplace=FLIPKART&q=smart+phones&store=tyy%2F4io&srno=s_30_699&otracker=search&fm=organic&iid=6b04b4d2-ca59-405c-b8e2-8670b13d6344.MOBH9GQKCNWVNM2M.SEARCH&ppt=None&ppn=None&ssid=bjbt4wtd0g0000001790676252977&qH=a5594894156db043&ov_redirect=true,2026-09-29
700,"realme 16 Pro+ 5G (Master Gold, 256 GB)",realme,58999,,,4.5,930,140,12 GB RAM,256 GB ROM,7000 mAh Battery,7 Gen 4 Processor,17.27 cm (6.8 inch) Full HD+ AMOLED Display,200MP + 50MP + 8MP | 50MP Front Camera,,https://www.flipkart.com/realme-16-pro-5g-master-gold-256-gb/p/itmf8e5c193facd1?pid=MOBHMSFHRUYT8MHQ&lid=LSTMOBHMSFHRUYT8MHQPABSYR&marketplace=FLIPKART&q=smart+phones&store=tyy%2F4io&srno=s_30_700&otracker=search&fm=organic&iid=6b04b4d2-ca59-405c-b8e2-8670b13d6344.MOBHMSFHRUYT8MHQ.SEARCH&ppt=None&ppn=None&ssid=bjbt4wtd0g0000001790676252977&qH=a5594894156db043&ov_redirect=true,2026-09-29
701,"MOTOROLA G77 Power (PANTONE Fuchsia Red, 128 GB)",MOTOROLA,27999,44999,37% off,4.1,129,18,8 GB RAM,128 GB ROM,7000 mAh Battery,Dimensity 6400 Processor,17.07 cm (6.72 inch) Full HD+ Display,50MP + 8MP | 32MP Front Camera,,https://www.flipkart.com/motorola-g77-power-pantone-fuchsia-red-128-gb/p/itm5da72dfa8f2fd?pid=MOBHNEZPKXSZXFY6&lid=LSTMOBHNEZPKXSZXFY65LXHAK&marketplace=FLIPKART&q=smart+phones&store=tyy%2F4io&srno=s_30_701&otracker=search&fm=organic&iid=6b04b4d2-ca59-405c-b8e2-8670b13d6344.MOBHNEZPKXSZXFY6.SEARCH&ppt=None&ppn=None&ssid=bjbt4wtd0g0000001790676252977&qH=a5594894156db043&ov_redirect=true,2026-09-29
702,"Samsung M36 5G (Light Green, 256 GB)",Samsung,29999,,,4.1,"1,893",171,8 GB RAM,256 GB ROM,5000 mAh Battery,,17.02 cm (6.7 inch) Display,50MP Rear Camera,,https://www.flipkart.com/samsung-m36-5g-light-green-256-gb/p/itm74130a5a313b6?pid=MOBHFFYH7TFPXSJD&lid=LSTMOBHFFYH7TFPXSJDO2V4HX&marketplace=FLIPKART&q=smart+phones&store=tyy%2F4io&srno=s_30_702&otracker=search&fm=organic&iid=6b04b4d2-ca59-405c-b8e2-8670b13d6344.MOBHFFYH7TFPXSJD.SEARCH&ppt=None&ppn=None&ssid=bjbt4wtd0g0000001790676252977&qH=a5594894156db043&ov_redirect=true,2026-09-29
703,"Samsung M36 5G (Orange Haze / Orange, 128 GB)",Samsung,25494,25999,1% off,4.3,"5,774",448,6 GB RAM,128 GB ROM,5000 mAh Battery,,17.02 cm (6.7 inch) Display,50MP Rear Camera,,https://www.flipkart.com/samsung-m36-5g-orange-haze-orange-128-gb/p/itm74130a5a313b6?pid=MOBHEYY2ZCYCQMRB&lid=LSTMOBHEYY2ZCYCQMRBGNQSAJ&marketplace=FLIPKART&q=smart+phones&store=tyy%2F4io&srno=s_30_703&otracker=search&fm=organic&iid=6b04b4d2-ca59-405c-b8e2-8670b13d6344.MOBHEYY2ZCYCQMRB.SEARCH&ppt=None&ppn=None&ssid=bjbt4wtd0g0000001790676252977&qH=a5594894156db043&ov_redirect=true,2026-09-29
704,"Ai+ Nova 2 Pro 5G (Blue, 128 GB)",Ai+,18999,23999,20% off,4,"1,021",128,8 GB RAM,128 GB ROM,6000 mAh Li-polymer Battery,Dimensity 7100 Processor,17.53 cm (6.9 inch) Full HD+ Display,48MP Rear Camera | 13MP Front Camera,,https://www.flipkart.com/ai-nova-2-pro-5g-blue-128-gb/p/itmd1ea84fa8f73a?pid=MOBHZ8ZMRKCCRXEU&lid=LSTMOBHZ8ZMRKCCRXEUQOKXSE&marketplace=FLIPKART&q=smart+phones&store=tyy%2F4io&srno=s_30_704&otracker=search&fm=organic&iid=6b04b4d2-ca59-405c-b8e2-8670b13d6344.MOBHZ8ZMRKCCRXEU.SEARCH&ppt=None&ppn=None&ssid=bjbt4wtd0g0000001790676252977&qH=a5594894156db043&ov_redirect=true,2026-09-29
705,"realme GT 8 Pro (Urban Blue, 256 GB)",realme,72999,79999,8% off,4.3,134,17,12 GB RAM,256 GB ROM,7000 mAh Battery,8 Elite Gen 5 Processor,17.25 cm (6.79 inch) Quad HD+ Display,50MP + 50MP + 200MP | 32MP Front Camera,,https://www.flipkart.com/realme-gt-8-pro-urban-blue-256-gb/p/itm78c31e0a1941f?pid=MOBHHEYXP2KTVXSW&lid=LSTMOBHHEYXP2KTVXSWOLU8BX&marketplace=FLIPKART&q=smart+phones&store=tyy%2F4io&srno=s_30_705&otracker=search&fm=organic&iid=6b04b4d2-ca59-405c-b8e2-8670b13d6344.MOBHHEYXP2KTVXSW.SEARCH&ppt=None&ppn=None&ssid=bjbt4wtd0g0000001790676252977&qH=a5594894156db043&ov_redirect=true,2026-09-29
706,"Tecno Spark Go 3 (Galaxy Blue, 128.0 GB)",Tecno,14999,18999,21% off,4.1,217,15,4 GB RAM,128.0 GB ROM,5000 mAh Lithium Polymer Battery,T7250 Processor,17.12 cm (6.74 inch) HD+ Display,13MP Rear Camera | 8MP Front Camera,,https://www.flipkart.com/tecno-spark-go-3-galaxy-blue-128-0-gb/p/itm2fa7fff320d5a?pid=MOBHQRWN3GYPNZCF&lid=LSTMOBHQRWN3GYPNZCF0ME7YN&marketplace=FLIPKART&q=smart+phones&store=tyy%2F4io&srno=s_30_706&otracker=search&fm=organic&iid=6b04b4d2-ca59-405c-b8e2-8670b13d6344.MOBHQRWN3GYPNZCF.SEARCH&ppt=None&ppn=None&ssid=bjbt4wtd0g0000001790676252977&qH=a5594894156db043&ov_redirect=true,2026-09-29
707,"Tecno Spark Go 3 (Ink Black, 128.0 GB)",Tecno,14999,18999,21% off,4.1,217,15,4 GB RAM,128.0 GB ROM,5000 mAh Lithium Polymer Battery,T7250 Processor,17.12 cm (6.74 inch) HD+ Display,13MP Rear Camera | 8MP Front Camera,,https://www.flipkart.com/tecno-spark-go-3-ink-black-128-0-gb/p/itm2fa7fff320d5a?pid=MOBHQRWNAEPTQP6S&lid=LSTMOBHQRWNAEPTQP6SASFCB2&marketplace=FLIPKART&q=smart+phones&store=tyy%2F4io&srno=s_30_707&otracker=search&fm=organic&iid=6b04b4d2-ca59-405c-b8e2-8670b13d6344.MOBHQRWNAEPTQP6S.SEARCH&ppt=None&ppn=None&ssid=bjbt4wtd0g0000001790676252977&qH=a5594894156db043&ov_redirect=true,2026-09-29
708,"Tecno Spark Go 3 (Titanium Grey, 128.0 GB)",Tecno,14999,18999,21% off,4.1,217,15,4 GB RAM,128.0 GB ROM,5000 mAh Lithium Polymer Battery,T7250 Processor,17.12 cm (6.74 inch) HD+ Display,13MP Rear Camera | 8MP Front Camera,,https://www.flipkart.com/tecno-spark-go-3-titanium-grey-128-0-gb/p/itm2fa7fff320d5a?pid=MOBHQRWNCYTZYQQT&lid=LSTMOBHQRWNCYTZYQQTNWZAG9&marketplace=FLIPKART&q=smart+phones&store=tyy%2F4io&srno=s_30_708&otracker=search&fm=organic&iid=6b04b4d2-ca59-405c-b8e2-8670b13d6344.MOBHQRWNCYTZYQQT.SEARCH&ppt=None&ppn=None&ssid=bjbt4wtd0g0000001790676252977&qH=a5594894156db043&ov_redirect=true,2026-09-29
709,"REDMI Note 15 Pro + 5G (Coffee Mocha, 256 GB)",REDMI,38999,39999,2% off,4.1,117,23,8 GB RAM,256 GB ROM,6500 mAh Battery,,17.35 cm (6.83 inch) Display,200MP Rear Camera,,https://www.flipkart.com/redmi-note-15-pro-5g-coffee-mocha-256-gb/p/itm90a2fdcf3d9a4?pid=MOBHK46MSUZVP7T5&lid=LSTMOBHK46MSUZVP7T5DHHVAY&marketplace=FLIPKART&q=smart+phones&store=tyy%2F4io&srno=s_30_709&otracker=search&fm=organic&iid=6b04b4d2-ca59-405c-b8e2-8670b13d6344.MOBHK46MSUZVP7T5.SEARCH&ppt=None&ppn=None&ssid=bjbt4wtd0g0000001790676252977&qH=a5594894156db043&ov_redirect=true,2026-09-29
710,"realme 16 Pro+ 5G (Camellia Pink, 256 GB)",realme,55999,,,4.5,"1,364",177,8 GB RAM,256 GB ROM,7000 mAh Battery,7 Gen 4 Processor,17.27 cm (6.8 inch) Full HD+ AMOLED Display,200MP + 50MP + 8MP | 50MP Front Camera,,https://www.flipkart.com/realme-16-pro-5g-camellia-pink-256-gb/p/itmf8e5c193facd1?pid=MOBHMSFHQXZDMBUV&lid=LSTMOBHMSFHQXZDMBUVU5SWBI&marketplace=FLIPKART&q=smart+phones&store=tyy%2F4io&srno=s_30_710&otracker=search&fm=organic&iid=6b04b4d2-ca59-405c-b8e2-8670b13d6344.MOBHMSFHQXZDMBUV.SEARCH&ppt=None&ppn=None&ssid=bjbt4wtd0g0000001790676252977&qH=a5594894156db043&ov_redirect=true,2026-09-29
711,"realme P4 Lite 5G (Mosaic Blue, 128 GB)",realme,23999,36999,35% off,4.2,"2,429",198,6 GB RAM,128 GB ROM,7000 mAh lithium-ion polymer Battery,Dimensity 6300 Processor,17.27 cm (6.8 inches) HD+ Display,13MP Rear Camera | 5MP Front Camera,,https://www.flipkart.com/realme-p4-lite-5g-mosaic-blue-128-gb/p/itm90c243961f214?pid=MOBHN7A8AG9TYTW6&lid=LSTMOBHN7A8AG9TYTW6TPN67C&marketplace=FLIPKART&q=smart+phones&store=tyy%2F4io&srno=s_30_711&otracker=search&fm=organic&iid=6b04b4d2-ca59-405c-b8e2-8670b13d6344.MOBHN7A8AG9TYTW6.SEARCH&ppt=None&ppn=None&ssid=bjbt4wtd0g0000001790676252977&qH=a5594894156db043&ov_redirect=true,2026-09-29
712,"realme 16 5G (Air White, 128 GB)",realme,36999,41999,11% off,4,"1,013",112,8 GB RAM,128 GB ROM,7000 mAh Battery,Dimensity 6400 Turbo Processor,16.69 cm (6.57 inch) Full HD+ AMOLED Display,50MP + 2MP | 50MP Front Camera,,https://www.flipkart.com/realme-16-5g-air-white-128-gb/p/itm7b0c4cd95742b?pid=MOBHHM6T2WKRGYRP&lid=LSTMOBHHM6T2WKRGYRPTSJFBP&marketplace=FLIPKART&q=smart+phones&store=tyy%2F4io&srno=s_30_712&otracker=search&fm=organic&iid=6b04b4d2-ca59-405c-b8e2-8670b13d6344.MOBHHM6T2WKRGYRP.SEARCH&ppt=None&ppn=None&ssid=bjbt4wtd0g0000001790676252977&qH=a5594894156db043&ov_redirect=true,2026-09-29
713,"Nothing Phone (4b) (White, 256 GB)",Nothing,40999,59999,31% off,4.3,"1,816",179,8 GB RAM,256 GB ROM,6000 mAh Lithium ion Battery,6 Gen 4 Processor,17.2 cm (6.77 inch) Full HD+ AMOLED Display,50MP + 8MP | 16MP Front Camera,,https://www.flipkart.com/nothing-phone-4b-white-256-gb/p/itm939608b40adbb?pid=MOBHZMBD5MZZDUYA&lid=LSTMOBHZMBD5MZZDUYAIWDKYR&marketplace=FLIPKART&q=smart+phones&store=tyy%2F4io&srno=s_30_713&otracker=search&fm=organic&iid=6b04b4d2-ca59-405c-b8e2-8670b13d6344.MOBHZMBD5MZZDUYA.SEARCH&ppt=None&ppn=None&ssid=bjbt4wtd0g0000001790676252977&qH=a5594894156db043&ov_redirect=true,2026-09-29
714,"realme GT 8 Pro (Diary White, 512 GB)",realme,78999,86999,9% off,4.6,111,23,16 GB RAM,512 GB ROM,7000 mAh Battery,8 Elite Gen 5 Processor,17.25 cm (6.79 inch) Quad HD+ Display,50MP + 50MP + 200MP | 32MP Front Camera,,https://www.flipkart.com/realme-gt-8-pro-diary-white-512-gb/p/itm78c31e0a1941f?pid=MOBHHEYXBRSSBAVS&lid=LSTMOBHHEYXBRSSBAVSG1WJ1X&marketplace=FLIPKART&q=smart+phones&store=tyy%2F4io&srno=s_30_714&otracker=search&fm=organic&iid=6b04b4d2-ca59-405c-b8e2-8670b13d6344.MOBHHEYXBRSSBAVS.SEARCH&ppt=None&ppn=None&ssid=bjbt4wtd0g0000001790676252977&qH=a5594894156db043&ov_redirect=true,2026-09-29
715,"Apple iPhone 17 (Black, 256 GB)",Apple,99900,,,4.6,"28,118","2,038",,,,"A19 Chip, 6 Core Processor Processor",16.0 cm (6.3 inch) Super Retina XDR Display,48MP + 48MP | 18MP Front Camera,,https://www.flipkart.com/apple-iphone-17-black-256-gb/p/itmc61b40459dd98?pid=MOBHQV9YCUG4ZQZK&lid=LSTMOBHQV9YCUG4ZQZKUTWGGY&marketplace=FLIPKART&q=smart+phones&store=tyy%2F4io&srno=s_30_715&otracker=search&fm=organic&iid=6b04b4d2-ca59-405c-b8e2-8670b13d6344.MOBHQV9YCUG4ZQZK.SEARCH&ppt=None&ppn=None&ssid=bjbt4wtd0g0000001790676252977&qH=a5594894156db043&ov_redirect=true,2026-09-29
716,"OPPO Reno15 5G (Aurora Blue, 256 GB)",OPPO,47999,49999,4% off,4.4,969,126,8 GB RAM,256 GB ROM,6500 mAh Battery,7 Gen 4 Processor,16.74 cm (6.59 inch) Full HD+ Display,,,https://www.flipkart.com/oppo-reno15-5g-aurora-blue-256-gb/p/itm37cc91d1c2807?pid=MOBHGZZ9TYSGJU8W&lid=LSTMOBHGZZ9TYSGJU8WLRVMQL&marketplace=FLIPKART&q=smart+phones&store=tyy%2F4io&srno=s_30_716&otracker=search&fm=organic&iid=6b04b4d2-ca59-405c-b8e2-8670b13d6344.MOBHGZZ9TYSGJU8W.SEARCH&ppt=None&ppn=None&ssid=bjbt4wtd0g0000001790676252977&qH=a5594894156db043&ov_redirect=true,2026-09-29
717,"Samsung Galaxy A56 5G (Dark Blue, 128 GB)",Samsung,36490,49999,27% off,4.4,"1,044",80,8 GB RAM,128 GB ROM,5000 mAh Battery,Samsng Exynos 1580 Processor,17.02 cm (6.7 inch) Full HD+ Display,50MP + 12MP + 5MP | 12MP Front Camera,,https://www.flipkart.com/samsung-galaxy-a56-5g-dark-blue-128-gb/p/itmee04eb4586b5a?pid=MOBHQBE6G85PXAYG&lid=LSTMOBHQBE6G85PXAYGB0K3E5&marketplace=FLIPKART&q=smart+phones&store=tyy%2F4io&srno=s_30_717&otracker=search&fm=organic&iid=6b04b4d2-ca59-405c-b8e2-8670b13d6344.MOBHQBE6G85PXAYG.SEARCH&ppt=None&ppn=None&ssid=bjbt4wtd0g0000001790676252977&qH=a5594894156db043&ov_redirect=true,2026-09-29
718,"Infinix NOTE 60 Pro (Deep Ocean Blue, 256 GB)",Infinix,39999,44999,11% off,4.4,"1,734",279,8 GB RAM,256 GB ROM,6500 mAh Battery,Snapdragon 7s Gen 4 Processor,17.22 cm (6.78 inch) Full HD+ AMOLED Display,50MP + 8MP | 13MP Front Camera,,https://www.flipkart.com/infinix-note-60-pro-deep-ocean-blue-256-gb/p/itm7681d00923b3c?pid=MOBHHVE2RZYGHRP5&lid=LSTMOBHHVE2RZYGHRP5ICD1PS&marketplace=FLIPKART&q=smart+phones&store=tyy%2F4io&srno=s_30_718&otracker=search&fm=organic&iid=6b04b4d2-ca59-405c-b8e2-8670b13d6344.MOBHHVE2RZYGHRP5.SEARCH&ppt=None&ppn=None&ssid=bjbt4wtd0g0000001790676252977&qH=a5594894156db043&ov_redirect=true,2026-09-29
719,"Samsung Galaxy F36 5G (Black, 128 GB)",Samsung,22999,24499,6% off,4.2,"7,217",636,8 GB RAM,128 GB ROM,5000 mAh Battery,Samsung Exynos 1380 Processor,17.02 cm (6.7 inch) Full HD+ Display,50MP + 8MP + 2MP | 13MP Front Camera,,https://www.flipkart.com/samsung-galaxy-f36-5g-black-128-gb/p/itmdb947dbfafb72?pid=MOBHDFVTMYJDJ8YS&lid=LSTMOBHDFVTMYJDJ8YSOKLDXC&marketplace=FLIPKART&q=smart+phones&store=tyy%2F4io&srno=s_30_719&otracker=search&fm=organic&iid=6b04b4d2-ca59-405c-b8e2-8670b13d6344.MOBHDFVTMYJDJ8YS.SEARCH&ppt=None&ppn=None&ssid=bjbt4wtd0g0000001790676252977&qH=a5594894156db043&ov_redirect=true,2026-09-29
720,"Nothing Phone (4b) (Blue, 128 GB)",Nothing,39999,54999,27% off,4.3,"1,816",179,8 GB RAM,128 GB ROM,6000 mAh Lithium ion Battery,6 Gen 4 Processor,17.2 cm (6.77 inch) Full HD+ AMOLED Display,50MP + 8MP | 16MP Front Camera,,https://www.flipkart.com/nothing-phone-4b-blue-128-gb/p/itm939608b40adbb?pid=MOBHZMBD9WNP9HHB&lid=LSTMOBHZMBD9WNP9HHBUJTCGV&marketplace=FLIPKART&q=smart+phones&store=tyy%2F4io&srno=s_30_720&otracker=search&fm=organic&iid=6b04b4d2-ca59-405c-b8e2-8670b13d6344.MOBHZMBD9WNP9HHB.SEARCH&ppt=None&ppn=None&ssid=bjbt4wtd0g0000001790676252977&qH=a5594894156db043&ov_redirect=true,2026-09-29
721,"Tecno Spark Go 3 (Ink Black, 64 GB)",Tecno,12499,15999,21% off,4.1,217,15,4 GB RAM,64 GB ROM,5000 mAh Lithium Polymer Battery,T7250 Processor,17.12 cm (6.74 inch) HD+ Display,13MP Rear Camera | 8MP Front Camera,,https://www.flipkart.com/tecno-spark-go-3-ink-black-64-gb/p/itma9c8f128a61c6?pid=MOBHP2QYCXZZE3CM&lid=LSTMOBHP2QYCXZZE3CMWW64IB&marketplace=FLIPKART&q=smart+phones&store=tyy%2F4io&srno=s_31_721&otracker=search&fm=organic&iid=en_a2byy-xOMtAKdIpziwXgxaahu8aAF8WdWiYRHHKgEQhilIr_VH9MN3HlNItPSEGBu-p7FawYTmaPPeu5xWEE1ZLgCDLd29XPfHChd2SlxWvojxSIrsIhHEU4D37H0qKK&ppt=None&ppn=None&ssid=9qjbgs7ln40000001790676255758&qH=a5594894156db043&ov_redirect=true,2026-09-29
722,"realme P4R 5G (Silver Glare, 128 GB)",realme,22999,34999,34% off,4.2,"2,654",230,4 GB RAM,128 GB ROM,8000 mAh Lithium-ion polymer Battery,Dimensity 6300 Processor,17.27 cm (6.8 inch) HD+ Display,50MP Rear Camera | 8MP Front Camera,,https://www.flipkart.com/realme-p4r-5g-silver-glare-128-gb/p/itmb42ae388c1ef6?pid=MOBHMYR3EJZ8J2ES&lid=LSTMOBHMYR3EJZ8J2ESNKDP7V&marketplace=FLIPKART&q=smart+phones&store=tyy%2F4io&srno=s_31_722&otracker=search&fm=organic&iid=1406a694-baec-4e9b-8de9-21d64346d588.MOBHMYR3EJZ8J2ES.SEARCH&ppt=None&ppn=None&ssid=9qjbgs7ln40000001790676255758&qH=a5594894156db043&ov_redirect=true,2026-09-29
723,"Ai+ Nova 2 Neo 5G (Green, 128 GB)",Ai+,15999,18999,15% off,4.3,"2,327",201,4 GB RAM,128 GB ROM,6000 mAh Li-polymer Battery,Dimensity 6300 Processor,17.13 cm (6.745 inch) HD+ Display,48MP Rear Camera | 8MP Front Camera,,https://www.flipkart.com/ai-nova-2-neo-5g-green-128-gb/p/itme652d08967489?pid=MOBHZ8ZMUBXHKYTE&lid=LSTMOBHZ8ZMUBXHKYTE7CJWOK&marketplace=FLIPKART&q=smart+phones&store=tyy%2F4io&srno=s_31_723&otracker=search&fm=organic&iid=1406a694-baec-4e9b-8de9-21d64346d588.MOBHZ8ZMUBXHKYTE.SEARCH&ppt=None&ppn=None&ssid=9qjbgs7ln40000001790676255758&qH=a5594894156db043&ov_redirect=true,2026-09-29
724,"REDMI 15A (Awesome Blue, 128 GB)",REDMI,20493,30999,33% off,4,204,21,6 GB RAM,128 GB ROM,6300 mAh Lithium-Ion Polymer Battery,T8300 Processor,17.53 cm (6.9 inch) Display,32MP Rear Camera | 8MP Front Camera,,https://www.flipkart.com/redmi-15a-awesome-blue-128-gb/p/itm282fe6e58265d?pid=MOBHPDZDVSUQZHRW&lid=LSTMOBHPDZDVSUQZHRWXTPMEW&marketplace=FLIPKART&q=smart+phones&store=tyy%2F4io&srno=s_31_724&otracker=search&fm=organic&iid=1406a694-baec-4e9b-8de9-21d64346d588.MOBHPDZDVSUQZHRW.SEARCH&ppt=None&ppn=None&ssid=9qjbgs7ln40000001790676255758&qH=a5594894156db043&ov_redirect=true,2026-09-29
725,"OnePlus N6X (Burgundy Red, 64 GB)",OnePlus,20300,26999,24% off,4,128,8,4 GB RAM,64 GB ROM,7000 mAh Battery,MediaTek Dimensity 6360 Apex Processor,17.27 cm (6.8 inch) HD+ Display,13MP Rear Camera,,https://www.flipkart.com/oneplus-n6x-burgundy-red-64-gb/p/itm4be54d70a3bed?pid=MOBHPTHQSDCZZVNH&lid=LSTMOBHPTHQSDCZZVNHTAFULP&marketplace=FLIPKART&q=smart+phones&store=tyy%2F4io&srno=s_31_725&otracker=search&fm=organic&iid=1406a694-baec-4e9b-8de9-21d64346d588.MOBHPTHQSDCZZVNH.SEARCH&ppt=None&ppn=None&ssid=9qjbgs7ln40000001790676255758&qH=a5594894156db043&ov_redirect=true,2026-09-29
726,"OnePlus N6X (Burgundy Red, 128 GB)",OnePlus,22300,28999,23% off,4,128,8,4 GB RAM,128 GB ROM,7000 mAh Battery,MediaTek Dimensity 6360 Apex Processor,17.27 cm (6.8 inch) HD+ Display,13MP Rear Camera,,https://www.flipkart.com/oneplus-n6x-burgundy-red-128-gb/p/itm4be54d70a3bed?pid=MOBHPTHXHRAF8UHZ&lid=LSTMOBHPTHXHRAF8UHZLHCQQA&marketplace=FLIPKART&q=smart+phones&store=tyy%2F4io&srno=s_31_726&otracker=search&fm=organic&iid=1406a694-baec-4e9b-8de9-21d64346d588.MOBHPTHXHRAF8UHZ.SEARCH&ppt=None&ppn=None&ssid=9qjbgs7ln40000001790676255758&qH=a5594894156db043&ov_redirect=true,2026-09-29
727,"Ai+ Nova 2 Neo 5G (Red, 128 GB)",Ai+,15999,18999,15% off,4.3,"2,327",201,4 GB RAM,128 GB ROM,6000 mAh Li-polymer Battery,Dimensity 6300 Processor,17.13 cm (6.745 inch) HD+ Display,48MP Rear Camera | 8MP Front Camera,,https://www.flipkart.com/ai-nova-2-neo-5g-red-128-gb/p/itm3e105950e9175?pid=MOBHZ8ZMZBX5H8F8&lid=LSTMOBHZ8ZMZBX5H8F80RI4FO&marketplace=FLIPKART&q=smart+phones&store=tyy%2F4io&srno=s_31_727&otracker=search&fm=organic&iid=1406a694-baec-4e9b-8de9-21d64346d588.MOBHZ8ZMZBX5H8F8.SEARCH&ppt=None&ppn=None&ssid=9qjbgs7ln40000001790676255758&qH=a5594894156db043&ov_redirect=true,2026-09-29
728,"vivo S2 (Sapphire Blue, 256 GB)",vivo,48999,70999,30% off,4.4,545,54,8 GB RAM,256 GB ROM,7050 mAh Lithium-ion Battery,Dimensity 7360-Turbo Processor,17.35 cm (6.83 inch) Full HD+ AMOLED Display,50MP + 2MP | 32MP Front Camera,,https://www.flipkart.com/vivo-s2-sapphire-blue-256-gb/p/itm019d134c8359d?pid=MOBHPGG98RMSG6K2&lid=LSTMOBHPGG98RMSG6K2KDH7VU&marketplace=FLIPKART&q=smart+phones&store=tyy%2F4io&srno=s_31_728&otracker=search&fm=organic&iid=1406a694-baec-4e9b-8de9-21d64346d588.MOBHPGG98RMSG6K2.SEARCH&ppt=None&ppn=None&ssid=9qjbgs7ln40000001790676255758&qH=a5594894156db043&ov_redirect=true,2026-09-29
729,"realme Narzo 90x 5G (Maroon Red, 128 GB)",realme,24490,25490,3% off,4.3,"1,641",112,8 GB RAM,128 GB ROM,7000 mAh Battery,,17.27 cm (6.8 inch) Display,50MP Rear Camera,,https://www.flipkart.com/realme-narzo-90x-5g-maroon-red-128-gb/p/itma63c5c5ce781a?pid=MOBHHYFPFWWBFHJA&lid=LSTMOBHHYFPFWWBFHJAIAWCID&marketplace=FLIPKART&q=smart+phones&store=tyy%2F4io&srno=s_31_729&otracker=search&fm=organic&iid=1406a694-baec-4e9b-8de9-21d64346d588.MOBHHYFPFWWBFHJA.SEARCH&ppt=None&ppn=None&ssid=9qjbgs7ln40000001790676255758&qH=a5594894156db043&ov_redirect=true,2026-09-29
730,"realme 16 Pro 5G (Orchid Purple, 256 GB)",realme,46999,,,4.3,"2,823",290,8 GB RAM,256 GB ROM,7000 mAh Battery,Dimensity 7300 Max Processor,17.22 cm (6.78 inch) Full HD+ Display,200MP + 8MP | 50MP Front Camera,,https://www.flipkart.com/realme-16-pro-5g-orchid-purple-256-gb/p/itm0f32797c10002?pid=MOBHM8GZAYJZ4T7F&lid=LSTMOBHM8GZAYJZ4T7FUU8G0K&marketplace=FLIPKART&q=smart+phones&store=tyy%2F4io&srno=s_31_730&otracker=search&fm=organic&iid=1406a694-baec-4e9b-8de9-21d64346d588.MOBHM8GZAYJZ4T7F.SEARCH&ppt=None&ppn=None&ssid=9qjbgs7ln40000001790676255758&qH=a5594894156db043&ov_redirect=true,2026-09-29
731,"Alcatel V3 Classic 5G (Cosmic Grey, 128 GB)",Alcatel,13490,17999,25% off,3.8,"1,821",306,4 GB RAM,128 GB ROM,5200 mAh Battery,Dimensity 6300 Processor,16.94 cm (6.67 inch) HD+ Display,50MP Dual Camera | 8MP Front Camera,,https://www.flipkart.com/alcatel-v3-classic-5g-cosmic-grey-128-gb/p/itmaf650adae59c3?pid=MOBHBH2GCPDCGKTQ&lid=LSTMOBHBH2GCPDCGKTQULDUO2&marketplace=FLIPKART&q=smart+phones&store=tyy%2F4io&srno=s_31_731&otracker=search&fm=organic&iid=1406a694-baec-4e9b-8de9-21d64346d588.MOBHBH2GCPDCGKTQ.SEARCH&ppt=None&ppn=None&ssid=9qjbgs7ln40000001790676255758&qH=a5594894156db043&ov_redirect=true,2026-09-29
732,"REDMI Note-14 Pro+ 5G (Titan Black, 128 GB)",REDMI,27490,34999,21% off,4.4,876,67,8 GB RAM,128 GB ROM,6200 mAh Battery,7s Gen 3 Processor,16.94 cm (6.67 inch) Display,50MP + 50MP + 8MP | 20MP Front Camera,,https://www.flipkart.com/redmi-note-14-pro-5g-titan-black-128-gb/p/itmf69d377f9a8fb?pid=MOBH8BW3KUMZS2YA&lid=LSTMOBH8BW3KUMZS2YAXCDOBK&marketplace=FLIPKART&q=smart+phones&store=tyy%2F4io&srno=s_31_732&otracker=search&fm=organic&iid=1406a694-baec-4e9b-8de9-21d64346d588.MOBH8BW3KUMZS2YA.SEARCH&ppt=None&ppn=None&ssid=9qjbgs7ln40000001790676255758&qH=a5594894156db043&ov_redirect=true,2026-09-29
733,"OPPO A78 5G (Glowing Blue, 128 GB)",OPPO,21999,,,4.3,"6,396",395,8 GB RAM,128 GB ROM,5000 mAh Battery,6833 Processor,16.66 cm (6.56 inch) HD+ Display,50MP + 2MP | 8MP Front Camera,,https://www.flipkart.com/oppo-a78-5g-glowing-blue-128-gb/p/itmf1eeaf323aaa5?pid=MOBGRFUGZJ8DHGKY&lid=LSTMOBGRFUGZJ8DHGKYMGWUD4&marketplace=FLIPKART&q=smart+phones&store=tyy%2F4io&srno=s_31_733&otracker=search&fm=organic&iid=1406a694-baec-4e9b-8de9-21d64346d588.MOBGRFUGZJ8DHGKY.SEARCH&ppt=None&ppn=None&ssid=9qjbgs7ln40000001790676255758&qH=a5594894156db043&ov_redirect=true,2026-09-29
734,"BOLTT ACE 5G (Midnight Black, 64 GB)",BOLTT,14999,24999,40% off,4.2,377,187,4 GB RAM,64 GB ROM,6000 mAh Lithium ion Battery,T8200 Processor,17.25 cm (6.79 inch) HD+ Display,64MP Rear Camera | 8MP Front Camera,,https://www.flipkart.com/boltt-ace-5g-midnight-black-64-gb/p/itm2eb0f483effdd?pid=MOBHPP596AHABWNP&lid=LSTMOBHPP596AHABWNP9FUVIF&marketplace=FLIPKART&q=smart+phones&store=tyy%2F4io&srno=s_31_734&otracker=search&fm=organic&iid=1406a694-baec-4e9b-8de9-21d64346d588.MOBHPP596AHABWNP.SEARCH&ppt=None&ppn=None&ssid=9qjbgs7ln40000001790676255758&qH=a5594894156db043&ov_redirect=true,2026-09-29
735,"Ai+ Nova 2 Neo 5G (Orange, 64 GB)",Ai+,14999,17999,16% off,4.3,"2,327",201,4 GB RAM,64 GB ROM,6000 mAh Li-polymer Battery,Dimensity 6300 Processor,17.13 cm (6.745 inch) HD+ Display,48MP Rear Camera | 8MP Front Camera,,https://www.flipkart.com/ai-nova-2-neo-5g-orange-64-gb/p/itm2d0613154b2b6?pid=MOBHZ8ZM8AF5YFNB&lid=LSTMOBHZ8ZM8AF5YFNBYDNL7Y&marketplace=FLIPKART&q=smart+phones&store=tyy%2F4io&srno=s_31_735&otracker=search&fm=organic&iid=1406a694-baec-4e9b-8de9-21d64346d588.MOBHZ8ZM8AF5YFNB.SEARCH&ppt=None&ppn=None&ssid=9qjbgs7ln40000001790676255758&qH=a5594894156db043&ov_redirect=true,2026-09-29
736,"Alcatel V3 Classic 5G (Halo White, 128 GB)",Alcatel,15999,19999,20% off,3.9,742,278,6 GB RAM,128 GB ROM,5200 mAh Battery,Dimensity 6300 Processor,16.94 cm (6.67 inch) HD+ Display,50MP Dual Camera | 8MP Front Camera,,https://www.flipkart.com/alcatel-v3-classic-5g-halo-white-128-gb/p/itmaf650adae59c3?pid=MOBHBH2GDA2ASW8J&lid=LSTMOBHBH2GDA2ASW8JVSRXJ6&marketplace=FLIPKART&q=smart+phones&store=tyy%2F4io&srno=s_31_736&otracker=search&fm=organic&iid=1406a694-baec-4e9b-8de9-21d64346d588.MOBHBH2GDA2ASW8J.SEARCH&ppt=None&ppn=None&ssid=9qjbgs7ln40000001790676255758&qH=a5594894156db043&ov_redirect=true,2026-09-29
737,"Alcatel V3 Classic 5G (Cosmic Grey, 128 GB)",Alcatel,15890,19999,20% off,3.9,742,278,6 GB RAM,128 GB ROM,5200 mAh Battery,Dimensity 6300 Processor,16.94 cm (6.67 inch) HD+ Display,50MP Dual Camera | 8MP Front Camera,,https://www.flipkart.com/alcatel-v3-classic-5g-cosmic-grey-128-gb/p/itmaf650adae59c3?pid=MOBHBH2GP4ZNXCRJ&lid=LSTMOBHBH2GP4ZNXCRJETOT16&marketplace=FLIPKART&q=smart+phones&store=tyy%2F4io&srno=s_31_737&otracker=search&fm=organic&iid=1406a694-baec-4e9b-8de9-21d64346d588.MOBHBH2GP4ZNXCRJ.SEARCH&ppt=None&ppn=None&ssid=9qjbgs7ln40000001790676255758&qH=a5594894156db043&ov_redirect=true,2026-09-29
738,"realme 16 Pro+ 5G (Camellia Pink, 256 GB)",realme,55999,,,4.5,"1,364",177,8 GB RAM,256 GB ROM,7000 mAh Battery,7 Gen 4 Processor,17.27 cm (6.8 inch) Full HD+ AMOLED Display,200MP + 50MP + 8MP | 50MP Front Camera,,https://www.flipkart.com/realme-16-pro-5g-camellia-pink-256-gb/p/itmf8e5c193facd1?pid=MOBHMSFHQXZDMBUV&lid=LSTMOBHMSFHQXZDMBUVU5SWBI&marketplace=FLIPKART&q=smart+phones&store=tyy%2F4io&srno=s_31_738&otracker=search&fm=organic&iid=1406a694-baec-4e9b-8de9-21d64346d588.MOBHMSFHQXZDMBUV.SEARCH&ppt=None&ppn=None&ssid=9qjbgs7ln40000001790676255758&qH=a5594894156db043&ov_redirect=true,2026-09-29
739,"realme 16 Pro+ 5G (Master Grey, 256 GB)",realme,58999,,,4.5,930,140,12 GB RAM,256 GB ROM,7000 mAh Battery,7 Gen 4 Processor,17.27 cm (6.8 inch) Full HD+ AMOLED Display,200MP + 50MP + 8MP | 50MP Front Camera,,https://www.flipkart.com/realme-16-pro-5g-master-grey-256-gb/p/itmf8e5c193facd1?pid=MOBHMSFHYFWGPU4Z&lid=LSTMOBHMSFHYFWGPU4ZNJK5DY&marketplace=FLIPKART&q=smart+phones&store=tyy%2F4io&srno=s_31_739&otracker=search&fm=organic&iid=1406a694-baec-4e9b-8de9-21d64346d588.MOBHMSFHYFWGPU4Z.SEARCH&ppt=None&ppn=None&ssid=9qjbgs7ln40000001790676255758&qH=a5594894156db043&ov_redirect=true,2026-09-29
740,"Ai+ Pulse 2 (Black, 128 GB)",Ai+,11499,15499,25% off,4.1,"13,034",921,4 GB RAM,128 GB ROM,6000 mAh Battery,T7250 Processor,17.13 cm (6.745 inch) HD+ Display,50MP Rear Camera | 8MP Front Camera,,https://www.flipkart.com/ai-pulse-2-black-128-gb/p/itm982c299d0417e?pid=MOBHZPMCTFX3H4NM&lid=LSTMOBHZPMCTFX3H4NM0QFL7Z&marketplace=FLIPKART&q=smart+phones&store=tyy%2F4io&srno=s_31_740&otracker=search&fm=organic&iid=1406a694-baec-4e9b-8de9-21d64346d588.MOBHZPMCTFX3H4NM.SEARCH&ppt=None&ppn=None&ssid=9qjbgs7ln40000001790676255758&qH=a5594894156db043&ov_redirect=true,2026-09-29
741,"OPPO K13 5G with 7000mAh and 80W SUPERVOOC Charger In-The-Box (Prism Black, 128 GB)",OPPO,21999,22999,4% off,4.4,"76,415","6,235",8 GB RAM,128 GB ROM,7000 mAh Battery,Snapdragon 6 Gen 4 Processor,16.94 cm (6.67 inch) Full HD+ Display,50MP + 2MP | 16MP Front Camera,,https://www.flipkart.com/oppo-k13-5g-7000mah-80w-supervooc-charger-in-the-box-prism-black-128-gb/p/itm6f2ebf6d205cf?pid=MOBHB392JAQKDGBF&lid=LSTMOBHB392JAQKDGBF1CMXCI&marketplace=FLIPKART&q=smart+phones&store=tyy%2F4io&srno=s_31_741&otracker=search&fm=organic&iid=1406a694-baec-4e9b-8de9-21d64346d588.MOBHB392JAQKDGBF.SEARCH&ppt=None&ppn=None&ssid=9qjbgs7ln40000001790676255758&qH=a5594894156db043&ov_redirect=true,2026-09-29
742,"OPPO K13 5G with 7000mAh and 80W SUPERVOOC Charger In-The-Box (Icy Purple, 128 GB)",OPPO,21999,22999,4% off,4.4,"76,415","6,235",8 GB RAM,128 GB ROM,7000 mAh Battery,Snapdragon 6 Gen 4 Processor,16.94 cm (6.67 inch) Full HD+ Display,50MP + 2MP | 16MP Front Camera,,https://www.flipkart.com/oppo-k13-5g-7000mah-80w-supervooc-charger-in-the-box-icy-purple-128-gb/p/itm6f2ebf6d205cf?pid=MOBHB392H7TZ4ZKJ&lid=LSTMOBHB392H7TZ4ZKJT3QIAI&marketplace=FLIPKART&q=smart+phones&store=tyy%2F4io&srno=s_31_742&otracker=search&fm=organic&iid=1406a694-baec-4e9b-8de9-21d64346d588.MOBHB392H7TZ4ZKJ.SEARCH&ppt=None&ppn=None&ssid=9qjbgs7ln40000001790676255758&qH=a5594894156db043&ov_redirect=true,2026-09-29
743,"Samsung Galaxy A06 (Black, 64 GB)",Samsung,13999,16999,17% off,4,919,61,4 GB RAM,64 GB ROM,5000 mAh Battery,Mediatek Helio G85 Processor,17.02 cm (6.7 inch) HD+ Display,50MP + 2MP | 8MP Front Camera,,https://www.flipkart.com/samsung-galaxy-a06-black-64-gb/p/itmdba53c91272f1?pid=MOBH3W6HH7GZEMZA&lid=LSTMOBH3W6HH7GZEMZAQOZCDZ&marketplace=FLIPKART&q=smart+phones&store=tyy%2F4io&srno=s_31_743&otracker=search&fm=organic&iid=1406a694-baec-4e9b-8de9-21d64346d588.MOBH3W6HH7GZEMZA.SEARCH&ppt=None&ppn=None&ssid=9qjbgs7ln40000001790676255758&qH=a5594894156db043&ov_redirect=true,2026-09-29
744,"IQOO 15R 5G (Triumph Silver, 256 GB)",IQOO,61500,64999,5% off,4.6,279,32,12 GB RAM,256 GB ROM,7600 mAh Battery,,16.74 cm (6.59 inch) Display,50MP Rear Camera,,https://www.flipkart.com/iqoo-15r-5g-triumph-silver-256-gb/p/itm7bc8aee18f590?pid=MOBHHY4AZGT5KEKU&lid=LSTMOBHHY4AZGT5KEKUYHNYBX&marketplace=FLIPKART&q=smart+phones&store=tyy%2F4io&srno=s_31_744&otracker=search&fm=organic&iid=1406a694-baec-4e9b-8de9-21d64346d588.MOBHHY4AZGT5KEKU.SEARCH&ppt=None&ppn=None&ssid=9qjbgs7ln40000001790676255758&qH=a5594894156db043&ov_redirect=true,2026-09-29
745,"Samsung Galaxy A06 (Black, 64 GB)",Samsung,13999,16999,17% off,4,919,61,4 GB RAM,64 GB ROM,5000 mAh Battery,Mediatek Helio G85 Processor,17.02 cm (6.7 inch) HD+ Display,50MP + 2MP | 8MP Front Camera,,https://www.flipkart.com/samsung-galaxy-a06-black-64-gb/p/itmdba53c91272f1?pid=MOBH3W6HH7GZEMZA&lid=LSTMOBH3W6HH7GZEMZAQOZCDZ&marketplace=FLIPKART&q=smart+phones&store=tyy%2F4io&srno=s_32_745&otracker=search&fm=organic&iid=e209d04a-e66e-4ba1-9a87-539d2e3a92d9.MOBH3W6HH7GZEMZA.SEARCH&ppt=None&ppn=None&ssid=q6vi93igfk0000001790676258508&qH=a5594894156db043&ov_redirect=true,2026-09-29
746,"IQOO 15R 5G (Triumph Silver, 256 GB)",IQOO,56995,69999,18% off,4.7,407,51,8 GB RAM,256 GB ROM,7600 mAh Battery,,16.74 cm (6.59 inch) Display,50MP Rear Camera,,https://www.flipkart.com/iqoo-15r-5g-triumph-silver-256-gb/p/itm7bc8aee18f590?pid=MOBHHY4ADUVBCEEY&lid=LSTMOBHHY4ADUVBCEEYFPYVRR&marketplace=FLIPKART&q=smart+phones&store=tyy%2F4io&srno=s_32_746&otracker=search&fm=organic&iid=e209d04a-e66e-4ba1-9a87-539d2e3a92d9.MOBHHY4ADUVBCEEY.SEARCH&ppt=None&ppn=None&ssid=q6vi93igfk0000001790676258508&qH=a5594894156db043&ov_redirect=true,2026-09-29
747,"Tecno Spark Go 3 (Titanium Grey, 64 GB)",Tecno,12499,15999,21% off,4.1,217,15,4 GB RAM,64 GB ROM,5000 mAh Lithium Polymer Battery,T7250 Processor,17.12 cm (6.74 inch) HD+ Display,13MP Rear Camera | 8MP Front Camera,,https://www.flipkart.com/tecno-spark-go-3-titanium-grey-64-gb/p/itma9c8f128a61c6?pid=MOBHP2QY7GH4XWWS&lid=LSTMOBHP2QY7GH4XWWSUZBT2N&marketplace=FLIPKART&q=smart+phones&store=tyy%2F4io&srno=s_32_747&otracker=search&fm=organic&iid=en_xHJCuxWZV0zAGL69TQi9PHa6aTxaJYBYcBVHVI_U9xhxgbqquejQ7gkQloGYsdYqxuSl-jfu2FRRD3-px9HFb5LgCDLd29XPfHChd2SlxWuSpXMfjIpD7uE4rljZ4WSL&ppt=None&ppn=None&ssid=q6vi93igfk0000001790676258508&qH=a5594894156db043&ov_redirect=true,2026-09-29
748,"Tecno Spark Go 3 (Ink Black, 64 GB)",Tecno,12499,15999,21% off,4.1,217,15,4 GB RAM,64 GB ROM,5000 mAh Lithium Polymer Battery,T7250 Processor,17.12 cm (6.74 inch) HD+ Display,13MP Rear Camera | 8MP Front Camera,,https://www.flipkart.com/tecno-spark-go-3-ink-black-64-gb/p/itma9c8f128a61c6?pid=MOBHP2QYCXZZE3CM&lid=LSTMOBHP2QYCXZZE3CMWW64IB&marketplace=FLIPKART&q=smart+phones&store=tyy%2F4io&srno=s_32_748&otracker=search&fm=organic&iid=en_xHJCuxWZV0zAGL69TQi9PHa6aTxaJYBYcBVHVI_U9xgvXmKf6AGonIJYFpbhiYnVwfAu6s5c53i2tmuGS82SuJLgCDLd29XPfHChd2SlxWuSpXMfjIpD7uE4rljZ4WSL&ppt=None&ppn=None&ssid=q6vi93igfk0000001790676258508&qH=a5594894156db043&ov_redirect=true,2026-09-29
749,"Samsung Galaxy A06 5G (Light Green, 64 GB)",Samsung,15430,20999,26% off,4.1,"4,980",375,4 GB RAM,64 GB ROM,5000 mAh Li-ion Battery,Dimensity 6300 Processor,17.02 cm (6.7 inch) HD+ Display,50MP + 2MP | 8MP Front Camera,,https://www.flipkart.com/samsung-galaxy-a06-5g-light-green-64-gb/p/itm8ad99221e2f36?pid=MOBH9GQKNQBVH9U7&lid=LSTMOBH9GQKNQBVH9U77TCXJH&marketplace=FLIPKART&q=smart+phones&store=tyy%2F4io&srno=s_32_749&otracker=search&fm=organic&iid=e209d04a-e66e-4ba1-9a87-539d2e3a92d9.MOBH9GQKNQBVH9U7.SEARCH&ppt=None&ppn=None&ssid=q6vi93igfk0000001790676258508&qH=a5594894156db043&ov_redirect=true,2026-09-29
750,"realme P4R 5G (Silver Glare, 128 GB)",realme,25999,39999,35% off,4.3,"5,219",424,6 GB RAM,128 GB ROM,8000 mAh Lithium-ion polymer Battery,Dimensity 6300 Processor,17.27 cm (6.8 inch) HD+ Display,50MP Rear Camera | 8MP Front Camera,,https://www.flipkart.com/realme-p4r-5g-silver-glare-128-gb/p/itmb42ae388c1ef6?pid=MOBHMYR3NMRPYBY4&lid=LSTMOBHMYR3NMRPYBY4B2EWSJ&marketplace=FLIPKART&q=smart+phones&store=tyy%2F4io&srno=s_32_750&otracker=search&fm=organic&iid=e209d04a-e66e-4ba1-9a87-539d2e3a92d9.MOBHMYR3NMRPYBY4.SEARCH&ppt=None&ppn=None&ssid=q6vi93igfk0000001790676258508&qH=a5594894156db043&ov_redirect=true,2026-09-29
751,"realme P4R 5G (Lavender Glare, 128 GB)",realme,25999,39999,35% off,4.3,"5,219",424,6 GB RAM,128 GB ROM,8000 mAh Lithium-ion polymer Battery,Dimensity 6300 Processor,17.27 cm (6.8 inch) HD+ Display,50MP Rear Camera | 8MP Front Camera,,https://www.flipkart.com/realme-p4r-5g-lavender-glare-128-gb/p/itmb42ae388c1ef6?pid=MOBHMYR3NPFHTFHE&lid=LSTMOBHMYR3NPFHTFHEQL7J8Y&marketplace=FLIPKART&q=smart+phones&store=tyy%2F4io&srno=s_32_751&otracker=search&fm=organic&iid=e209d04a-e66e-4ba1-9a87-539d2e3a92d9.MOBHMYR3NPFHTFHE.SEARCH&ppt=None&ppn=None&ssid=q6vi93igfk0000001790676258508&qH=a5594894156db043&ov_redirect=true,2026-09-29
752,"Samsung A36 5G (Dark Blue, 128 GB)",Samsung,36999,39499,6% off,4.3,662,85,8 GB RAM,128 GB ROM,5000 mAh Battery,Qualcomm Snapdragon 6 Gen 3 Processor,17.02 cm (6.7 inch) Full HD+ Display,50MP + 8MP | 12MP Front Camera,,https://www.flipkart.com/samsung-a36-5g-dark-blue-128-gb/p/itm2efbf47502056?pid=MOBHNJ8FRCKPXUAS&lid=LSTMOBHNJ8FRCKPXUASBKRTYR&marketplace=FLIPKART&q=smart+phones&store=tyy%2F4io&srno=s_32_752&otracker=search&fm=organic&iid=e209d04a-e66e-4ba1-9a87-539d2e3a92d9.MOBHNJ8FRCKPXUAS.SEARCH&ppt=None&ppn=None&ssid=q6vi93igfk0000001790676258508&qH=a5594894156db043&ov_redirect=true,2026-09-29
753,"Google Pixel 10 (Indigo, 256 GB)",Google,79999,,,4.5,"3,700",353,12 GB RAM,256 GB ROM,4970 mAh Battery,Tensor G5 Processor,16.0 cm (6.3 inch) Full HD+ Display,48MP + 13MP + 10.8MP | 10.5MP Front Camera,,https://www.flipkart.com/google-pixel-10-indigo-256-gb/p/itmb05d65622b9dd?pid=MOBHEXHRFEFHHU7Z&lid=LSTMOBHEXHRFEFHHU7ZZDUWDK&marketplace=FLIPKART&q=smart+phones&store=tyy%2F4io&srno=s_32_753&otracker=search&fm=organic&iid=e209d04a-e66e-4ba1-9a87-539d2e3a92d9.MOBHEXHRFEFHHU7Z.SEARCH&ppt=None&ppn=None&ssid=q6vi93igfk0000001790676258508&qH=a5594894156db043&ov_redirect=true,2026-09-29
754,"Samsung Galaxy A36 5G (Awesome Lavender, 256 GB)",Samsung,38999,,,4.4,"5,339",867,8 GB RAM,256 GB ROM,5000 mAh Battery,Qualcomm Snapdragon 6 Gen 3 Processor,17.02 cm (6.7 inch) Full HD+ Display,50MP + 8MP | 12MP Front Camera,,https://www.flipkart.com/samsung-galaxy-a36-5g-awesome-lavender-256-gb/p/itma5b5834a73d65?pid=MOBH9RNG3KTYVZKE&lid=LSTMOBH9RNG3KTYVZKEUXWBIT&marketplace=FLIPKART&q=smart+phones&store=tyy%2F4io&srno=s_32_754&otracker=search&fm=organic&iid=e209d04a-e66e-4ba1-9a87-539d2e3a92d9.MOBH9RNG3KTYVZKE.SEARCH&ppt=None&ppn=None&ssid=q6vi93igfk0000001790676258508&qH=a5594894156db043&ov_redirect=true,2026-09-29
755,"OPPO A6 Pro 5G (Cappuccino Brown, 128 GB)",OPPO,32999,,,4.3,239,19,8 GB RAM,128 GB ROM,7000 mAh Battery,Dimensity 6300 Processor,17.14 cm (6.75 inches) HD+ Display,,,https://www.flipkart.com/oppo-a6-pro-5g-cappuccino-brown-128-gb/p/itm397626a14646c?pid=MOBHHHC3YHHS6VW2&lid=LSTMOBHHHC3YHHS6VW2FSSPAB&marketplace=FLIPKART&q=smart+phones&store=tyy%2F4io&srno=s_32_755&otracker=search&fm=organic&iid=e209d04a-e66e-4ba1-9a87-539d2e3a92d9.MOBHHHC3YHHS6VW2.SEARCH&ppt=None&ppn=None&ssid=q6vi93igfk0000001790676258508&qH=a5594894156db043&ov_redirect=true,2026-09-29
756,"OPPO Reno15 5G (Glacier White, 256 GB)",OPPO,47999,49999,4% off,4.4,969,126,8 GB RAM,256 GB ROM,6500 mAh Battery,7 Gen 4 Processor,16.74 cm (6.59 inch) Full HD+ Display,,,https://www.flipkart.com/oppo-reno15-5g-glacier-white-256-gb/p/itm37cc91d1c2807?pid=MOBHGZZ9YK5DRXSW&lid=LSTMOBHGZZ9YK5DRXSWFNAPAE&marketplace=FLIPKART&q=smart+phones&store=tyy%2F4io&srno=s_32_756&otracker=search&fm=organic&iid=e209d04a-e66e-4ba1-9a87-539d2e3a92d9.MOBHGZZ9YK5DRXSW.SEARCH&ppt=None&ppn=None&ssid=q6vi93igfk0000001790676258508&qH=a5594894156db043&ov_redirect=true,2026-09-29
757,"realme GT 8 Pro (Urban Blue, 256 GB)",realme,72999,79999,8% off,4.3,134,17,12 GB RAM,256 GB ROM,7000 mAh Battery,8 Elite Gen 5 Processor,17.25 cm (6.79 inch) Quad HD+ Display,50MP + 50MP + 200MP | 32MP Front Camera,,https://www.flipkart.com/realme-gt-8-pro-urban-blue-256-gb/p/itm78c31e0a1941f?pid=MOBHHEYXP2KTVXSW&lid=LSTMOBHHEYXP2KTVXSWOLU8BX&marketplace=FLIPKART&q=smart+phones&store=tyy%2F4io&srno=s_32_757&otracker=search&fm=organic&iid=e209d04a-e66e-4ba1-9a87-539d2e3a92d9.MOBHHEYXP2KTVXSW.SEARCH&ppt=None&ppn=None&ssid=q6vi93igfk0000001790676258508&qH=a5594894156db043&ov_redirect=true,2026-09-29
758,"realme GT 8 Pro (Diary White, 256 GB)",realme,72999,79999,8% off,4.3,134,17,12 GB RAM,256 GB ROM,7000 mAh Battery,8 Elite Gen 5 Processor,17.25 cm (6.79 inch) Quad HD+ Display,50MP + 50MP + 200MP | 32MP Front Camera,,https://www.flipkart.com/realme-gt-8-pro-diary-white-256-gb/p/itm78c31e0a1941f?pid=MOBHHEYXZYZUHGXQ&lid=LSTMOBHHEYXZYZUHGXQTM2M0W&marketplace=FLIPKART&q=smart+phones&store=tyy%2F4io&srno=s_32_758&otracker=search&fm=organic&iid=e209d04a-e66e-4ba1-9a87-539d2e3a92d9.MOBHHEYXZYZUHGXQ.SEARCH&ppt=None&ppn=None&ssid=q6vi93igfk0000001790676258508&qH=a5594894156db043&ov_redirect=true,2026-09-29
759,"Apple iPhone 17 (Sage, 256 GB)",Apple,99900,,,4.6,"28,118","2,038",,,,"A19 Chip, 6 Core Processor Processor",16.0 cm (6.3 inch) Super Retina XDR Display,48MP + 48MP | 18MP Front Camera,,https://www.flipkart.com/apple-iphone-17-sage-256-gb/p/itm410e85a5f1745?pid=MOBHQV9YZPQXFFGM&lid=LSTMOBHQV9YZPQXFFGMNN24WH&marketplace=FLIPKART&q=smart+phones&store=tyy%2F4io&srno=s_32_759&otracker=search&fm=organic&iid=e209d04a-e66e-4ba1-9a87-539d2e3a92d9.MOBHQV9YZPQXFFGM.SEARCH&ppt=None&ppn=None&ssid=q6vi93igfk0000001790676258508&qH=a5594894156db043&ov_redirect=true,2026-09-29
760,"OPPO K14 5G (Prism White, 128 GB)",OPPO,25999,,,4.4,"7,405",631,6 GB RAM,128 GB ROM,7000 mAh Battery,Dimensity 6300 Processor,17.14 cm (6.75 inch) HD+ Display,50MP Rear Camera | 8MP Front Camera,,https://www.flipkart.com/oppo-k14-5g-prism-white-128-gb/p/itm2a5cc1d23c2af?pid=MOBHKQYY9JJPHATW&lid=LSTMOBHKQYY9JJPHATWF0JOIP&marketplace=FLIPKART&q=smart+phones&store=tyy%2F4io&srno=s_32_760&otracker=search&fm=organic&iid=e209d04a-e66e-4ba1-9a87-539d2e3a92d9.MOBHKQYY9JJPHATW.SEARCH&ppt=None&ppn=None&ssid=q6vi93igfk0000001790676258508&qH=a5594894156db043&ov_redirect=true,2026-09-29
761,"OPPO K14 5G (Icy Blue, 128 GB)",OPPO,25999,,,4.4,"7,405",631,6 GB RAM,128 GB ROM,7000 mAh Battery,Dimensity 6300 Processor,17.14 cm (6.75 inch) HD+ Display,50MP Rear Camera | 8MP Front Camera,,https://www.flipkart.com/oppo-k14-5g-icy-blue-128-gb/p/itm2a5cc1d23c2af?pid=MOBHKQYY9S6MVDHH&lid=LSTMOBHKQYY9S6MVDHHPEXJJR&marketplace=FLIPKART&q=smart+phones&store=tyy%2F4io&srno=s_32_761&otracker=search&fm=organic&iid=e209d04a-e66e-4ba1-9a87-539d2e3a92d9.MOBHKQYY9S6MVDHH.SEARCH&ppt=None&ppn=None&ssid=q6vi93igfk0000001790676258508&qH=a5594894156db043&ov_redirect=true,2026-09-29
762,"Samsung Galaxy S25 Edge 5G (Titanium Silver, 256 GB)",Samsung,69999,109999,36% off,4.5,524,72,12 GB RAM,256 GB ROM,3900 mAh Battery,Qualcomm Snapdragon 8 Elite for Galaxy Processor,16.91 cm (6.657 inch) Quad HD+ Display,200MP + 12MP | 12MP Front Camera,,https://www.flipkart.com/samsung-galaxy-s25-edge-5g-titanium-silver-256-gb/p/itm58d92f4e3af14?pid=MOBHBXJHADAZRFQJ&lid=LSTMOBHBXJHADAZRFQJCR2VWY&marketplace=FLIPKART&q=smart+phones&store=tyy%2F4io&srno=s_32_762&otracker=search&fm=organic&iid=e209d04a-e66e-4ba1-9a87-539d2e3a92d9.MOBHBXJHADAZRFQJ.SEARCH&ppt=None&ppn=None&ssid=q6vi93igfk0000001790676258508&qH=a5594894156db043&ov_redirect=true,2026-09-29
763,"Apple iPhone 18 Pro (Black, 256 GB)",Apple,164900,,,4.7,204,26,,,,"A20 Pro chip, 6 Core Processor Processor",16.0 cm (6.3 inch) Super Retina XDR Display,48MP + 48MP + 48MP | 18MP Front Camera,,https://www.flipkart.com/apple-iphone-18-pro-black-256-gb/p/itm63a95e8ef1485?pid=MOBHQT5QXWHHWVEQ&lid=LSTMOBHQT5QXWHHWVEQUK1HRN&marketplace=FLIPKART&q=smart+phones&store=tyy%2F4io&srno=s_32_763&otracker=search&fm=organic&iid=e209d04a-e66e-4ba1-9a87-539d2e3a92d9.MOBHQT5QXWHHWVEQ.SEARCH&ppt=None&ppn=None&ssid=q6vi93igfk0000001790676258508&qH=a5594894156db043&ov_redirect=true,2026-09-29
764,"IQOO 15R 5G (Dark Knight, 256 GB)",IQOO,54599,69999,22% off,4.7,407,51,8 GB RAM,256 GB ROM,7600 mAh Battery,,16.74 cm (6.59 inch) Display,50MP Rear Camera,,https://www.flipkart.com/iqoo-15r-5g-dark-knight-256-gb/p/itm7bc8aee18f590?pid=MOBHHY4GYEHGVW3X&lid=LSTMOBHHY4GYEHGVW3XSR8TLR&marketplace=FLIPKART&q=smart+phones&store=tyy%2F4io&srno=s_32_764&otracker=search&fm=organic&iid=e209d04a-e66e-4ba1-9a87-539d2e3a92d9.MOBHHY4GYEHGVW3X.SEARCH&ppt=None&ppn=None&ssid=q6vi93igfk0000001790676258508&qH=a5594894156db043&ov_redirect=true,2026-09-29
765,"Samsung Galaxy A56 5G (Awesome Graphite, 256 GB)",Samsung,40995,45990,10% off,4.4,"1,044",80,8 GB RAM,256 GB ROM,5000 mAh Battery,Samsung Exynos 1580 Processor,17.02 cm (6.7 inch) Full HD+ Display,50MP + 12MP + 5MP | 12MP Front Camera,,https://www.flipkart.com/samsung-galaxy-a56-5g-awesome-graphite-256-gb/p/itmfc74a277c6fb4?pid=MOBH9RNGDAUAZUGG&lid=LSTMOBH9RNGDAUAZUGG3DUILM&marketplace=FLIPKART&q=smart+phones&store=tyy%2F4io&srno=s_32_765&otracker=search&fm=organic&iid=e209d04a-e66e-4ba1-9a87-539d2e3a92d9.MOBH9RNGDAUAZUGG.SEARCH&ppt=None&ppn=None&ssid=q6vi93igfk0000001790676258508&qH=a5594894156db043&ov_redirect=true,2026-09-29
766,"OPPO F27 Pro+ (Dusk Pink, 128 GB)",OPPO,33999,39999,15% off,4.3,"13,632",748,8 GB RAM,128 GB ROM,5000 mAh Battery,Dimensity 7050 Processor,17.02 cm (6.7 inch) Full HD+ Display,64MP + 2MP | 8MP Front Camera,,https://www.flipkart.com/oppo-f27-pro-dusk-pink-128-gb/p/itm5235c3c836cc9?pid=MOBHF3DJ3JGU7T7P&lid=LSTMOBHF3DJ3JGU7T7PA91AMA&marketplace=FLIPKART&q=smart+phones&store=tyy%2F4io&srno=s_32_766&otracker=search&fm=organic&iid=e209d04a-e66e-4ba1-9a87-539d2e3a92d9.MOBHF3DJ3JGU7T7P.SEARCH&ppt=None&ppn=None&ssid=q6vi93igfk0000001790676258508&qH=a5594894156db043&ov_redirect=true,2026-09-29
767,"MOTOROLA Edge 70 Pro+ (Satin-Luxe PANTONE Zinfandel (Maroon), 256 GB)",MOTOROLA,47999,84999,43% off,4.2,539,81,12 GB RAM,256 GB ROM,6500 mAh Silicon-Carbon Battery,Dimensity 8500 Extreme Processor,17.27 cm (6.8 inch) Full HD+ Super AMOLED Display,50MP + 50MP + 50MP | 50MP Front Camera,,https://www.flipkart.com/motorola-edge-70-pro-satin-luxe-pantone-zinfandel-maroon-256-gb/p/itm70caeee0ca941?pid=MOBHHXQRQJX8USUW&lid=LSTMOBHHXQRQJX8USUWCHBJHD&marketplace=FLIPKART&q=smart+phones&store=tyy%2F4io&srno=s_32_767&otracker=search&fm=organic&iid=e209d04a-e66e-4ba1-9a87-539d2e3a92d9.MOBHHXQRQJX8USUW.SEARCH&ppt=None&ppn=None&ssid=q6vi93igfk0000001790676258508&qH=a5594894156db043&ov_redirect=true,2026-09-29
768,"Ai+ Nova 2 5G (Green, 64 GB)",Ai+,13999,,,4.2,"7,063",403,4 GB RAM,64 GB ROM,6000 mAh Battery,T8200 Processor,17.13 cm (6.745 inch) HD+ Display,50MP Rear Camera | 8MP Front Camera,,https://www.flipkart.com/ai-nova-2-5g-green-64-gb/p/itm93c2428cc4241?pid=MOBHKHPYFZQKKMDM&lid=LSTMOBHKHPYFZQKKMDMMQKLTA&marketplace=FLIPKART&q=smart+phones&store=tyy%2F4io&srno=s_32_768&otracker=search&fm=organic&iid=e209d04a-e66e-4ba1-9a87-539d2e3a92d9.MOBHKHPYFZQKKMDM.SEARCH&ppt=None&ppn=None&ssid=q6vi93igfk0000001790676258508&qH=a5594894156db043&ov_redirect=true,2026-09-29
769,"Apple iPhone 18 Pro max (Silver, 256 GB)",Apple,179900,,,4.8,77,15,,,,"A20 Pro chip, 6 Core Processor Processor",17.53 cm (6.9 inch) Super Retina XDR Display,48MP + 48MP + 48MP | 18MP Front Camera,,https://www.flipkart.com/apple-iphone-18-pro-max-silver-256-gb/p/itmead656790625b?pid=MOBHQT5JHJVUYBWN&lid=LSTMOBHQT5JHJVUYBWNHYHHKC&marketplace=FLIPKART&q=smart+phones&store=tyy%2F4io&srno=s_33_769&otracker=search&fm=organic&iid=8ffcbe7a-d3cb-432a-9b99-ca6773c19a34.MOBHQT5JHJVUYBWN.SEARCH&ppt=None&ppn=None&ssid=r76up5hbo00000001790676261220&qH=a5594894156db043&ov_redirect=true,2026-09-29
770,"Samsung Galaxy S25 Plus 5G (Navy, 256 GB)",Samsung,79999,99999,20% off,4.6,"1,480",181,12 GB RAM,256 GB ROM,4900 mAh Battery,8 Elite for Galaxy Processor,17.02 cm (6.7 inch) Quad HD+ Display,50MP + 10MP + 12MP | 12MP Front Camera,,https://www.flipkart.com/samsung-galaxy-s25-plus-5g-navy-256-gb/p/itm5d4bdb068f418?pid=MOBH8K8UFKWSTMHA&lid=LSTMOBH8K8UFKWSTMHA03MBZS&marketplace=FLIPKART&q=smart+phones&store=tyy%2F4io&srno=s_33_770&otracker=search&fm=organic&iid=8ffcbe7a-d3cb-432a-9b99-ca6773c19a34.MOBH8K8UFKWSTMHA.SEARCH&ppt=None&ppn=None&ssid=r76up5hbo00000001790676261220&qH=a5594894156db043&ov_redirect=true,2026-09-29
771,"Tecno Spark Go 3 (Ink Black, 64 GB)",Tecno,12499,15999,21% off,4.1,217,15,4 GB RAM,64 GB ROM,5000 mAh Lithium Polymer Battery,T7250 Processor,17.12 cm (6.74 inch) HD+ Display,13MP Rear Camera | 8MP Front Camera,,https://www.flipkart.com/tecno-spark-go-3-ink-black-64-gb/p/itma9c8f128a61c6?pid=MOBHP2QYCXZZE3CM&lid=LSTMOBHP2QYCXZZE3CMWW64IB&marketplace=FLIPKART&q=smart+phones&store=tyy%2F4io&srno=s_33_771&otracker=search&fm=organic&iid=en_F9gr1pjVjKho57SpmJkvCFh8wyHYP2JPYBkzXRLVqKCbjplJZBf_B4wA7P-4Zp2qu-p7FawYTmaPPeu5xWEE1ZLgCDLd29XPfHChd2SlxWvPZOWofJwXeqlXiNGxyrib&ppt=None&ppn=None&ssid=r76up5hbo00000001790676261220&qH=a5594894156db043&ov_redirect=true,2026-09-29
772,"Google Pixel 11 (Frost, 256 GB)",Google,89999,,,4.5,381,70,12 GB RAM,256 GB ROM,4985 mAh Lithium Battery,Tensor G6 Processor,16.0 cm (6.3 inch) Actua Display,48MP + 13MP + 10.8MP | 10.5MP Front Camera,,https://www.flipkart.com/google-pixel-11-frost-256-gb/p/itmc51935a8001b1?pid=MOBHPHNVEC2P4WV3&lid=LSTMOBHPHNVEC2P4WV3UCPNQ6&marketplace=FLIPKART&q=smart+phones&store=tyy%2F4io&srno=s_33_772&otracker=search&fm=organic&iid=8ffcbe7a-d3cb-432a-9b99-ca6773c19a34.MOBHPHNVEC2P4WV3.SEARCH&ppt=None&ppn=None&ssid=r76up5hbo00000001790676261220&qH=a5594894156db043&ov_redirect=true,2026-09-29
773,"Apple iPhone 18 Pro (Black, 256 GB)",Apple,164900,,,4.7,204,26,,,,"A20 Pro chip, 6 Core Processor Processor",16.0 cm (6.3 inch) Super Retina XDR Display,48MP + 48MP + 48MP | 18MP Front Camera,,https://www.flipkart.com/apple-iphone-18-pro-black-256-gb/p/itm63a95e8ef1485?pid=MOBHQT5QXWHHWVEQ&lid=LSTMOBHQT5QXWHHWVEQUK1HRN&marketplace=FLIPKART&q=smart+phones&store=tyy%2F4io&srno=s_33_773&otracker=search&fm=organic&iid=8ffcbe7a-d3cb-432a-9b99-ca6773c19a34.MOBHQT5QXWHHWVEQ.SEARCH&ppt=None&ppn=None&ssid=r76up5hbo00000001790676261220&qH=a5594894156db043&ov_redirect=true,2026-09-29
774,"realme Narzo Power 5G (Titan Silver, 128 GB)",realme,29389,35999,18% off,4.3,106,10,8 GB RAM,128 GB ROM,10001 mAh Battery,,17.27 cm (6.8 inch) Display,50MP Rear Camera,,https://www.flipkart.com/realme-narzo-power-5g-titan-silver-128-gb/p/itmb7d628c2b23a9?pid=MOBHHGXKUQVTMCYH&lid=LSTMOBHHGXKUQVTMCYHJRAKAD&marketplace=FLIPKART&q=smart+phones&store=tyy%2F4io&srno=s_33_774&otracker=search&fm=organic&iid=8ffcbe7a-d3cb-432a-9b99-ca6773c19a34.MOBHHGXKUQVTMCYH.SEARCH&ppt=None&ppn=None&ssid=r76up5hbo00000001790676261220&qH=a5594894156db043&ov_redirect=true,2026-09-29
775,"OPPO Reno15 5G (Twilight Blue, 512 GB)",OPPO,55999,59999,6% off,4.4,657,77,12 GB RAM,512 GB ROM,6500 mAh Battery,7 Gen 4 Processor,16.74 cm (6.59 inch) Full HD+ Display,,,https://www.flipkart.com/oppo-reno15-5g-twilight-blue-512-gb/p/itm37cc91d1c2807?pid=MOBHGZZ9EHEBH56A&lid=LSTMOBHGZZ9EHEBH56A5YQTRW&marketplace=FLIPKART&q=smart+phones&store=tyy%2F4io&srno=s_33_775&otracker=search&fm=organic&iid=8ffcbe7a-d3cb-432a-9b99-ca6773c19a34.MOBHGZZ9EHEBH56A.SEARCH&ppt=None&ppn=None&ssid=r76up5hbo00000001790676261220&qH=a5594894156db043&ov_redirect=true,2026-09-29
776,"OPPO Reno15 5G (Glacier White, 512 GB)",OPPO,55999,59999,6% off,4.4,657,77,12 GB RAM,512 GB ROM,6500 mAh Battery,7 Gen 4 Processor,16.74 cm (6.59 inch) Full HD+ Display,,,https://www.flipkart.com/oppo-reno15-5g-glacier-white-512-gb/p/itm37cc91d1c2807?pid=MOBHGZZ9FA39R3SK&lid=LSTMOBHGZZ9FA39R3SKYMOSP6&marketplace=FLIPKART&q=smart+phones&store=tyy%2F4io&srno=s_33_776&otracker=search&fm=organic&iid=8ffcbe7a-d3cb-432a-9b99-ca6773c19a34.MOBHGZZ9FA39R3SK.SEARCH&ppt=None&ppn=None&ssid=r76up5hbo00000001790676261220&qH=a5594894156db043&ov_redirect=true,2026-09-29
777,"OPPO Reno15 5G (Aurora Blue, 256 GB)",OPPO,50999,54999,7% off,4.4,657,77,12 GB RAM,256 GB ROM,6500 mAh Battery,7 Gen 4 Processor,16.74 cm (6.59 inch) Full HD+ Display,,,https://www.flipkart.com/oppo-reno15-5g-aurora-blue-256-gb/p/itm37cc91d1c2807?pid=MOBHGZZ9JXQN4T2X&lid=LSTMOBHGZZ9JXQN4T2XFJZ2SP&marketplace=FLIPKART&q=smart+phones&store=tyy%2F4io&srno=s_33_777&otracker=search&fm=organic&iid=8ffcbe7a-d3cb-432a-9b99-ca6773c19a34.MOBHGZZ9JXQN4T2X.SEARCH&ppt=None&ppn=None&ssid=r76up5hbo00000001790676261220&qH=a5594894156db043&ov_redirect=true,2026-09-29
778,"Google Pixel 11 Pro (Fog, 256 GB)",Google,119999,,,4.4,67,13,12 GB RAM,256 GB ROM,4850 mAh Lithium Battery,Tensor G6 Processor,16.0 cm (6.3 inch) Super Actua Display,50MP + 48MP + 48MP | 42MP Front Camera,,https://www.flipkart.com/google-pixel-11-pro-fog-256-gb/p/itm3a05c77195112?pid=MOBHPHNVAUEXFKR4&lid=LSTMOBHPHNVAUEXFKR4RQMMNE&marketplace=FLIPKART&q=smart+phones&store=tyy%2F4io&srno=s_33_778&otracker=search&fm=organic&iid=8ffcbe7a-d3cb-432a-9b99-ca6773c19a34.MOBHPHNVAUEXFKR4.SEARCH&ppt=None&ppn=None&ssid=r76up5hbo00000001790676261220&qH=a5594894156db043&ov_redirect=true,2026-09-29
779,"Apple iPhone 16e (Black, 128 GB)",Apple,59900,,,4.5,"1,446",109,,,,"A18 Chip, 6 Core Processor",15.49 cm (6.1 inch) Super Retina XDR Display,48MP Rear Camera | 12MP Front Camera,,https://www.flipkart.com/apple-iphone-16e-black-128-gb/p/itm730f9c68ad562?pid=MOBH9JVHHRBD4BZP&lid=LSTMOBH9JVHHRBD4BZPLVWLEE&marketplace=FLIPKART&q=smart+phones&store=tyy%2F4io&srno=s_33_779&otracker=search&fm=organic&iid=8ffcbe7a-d3cb-432a-9b99-ca6773c19a34.MOBH9JVHHRBD4BZP.SEARCH&ppt=None&ppn=None&ssid=r76up5hbo00000001790676261220&qH=a5594894156db043&ov_redirect=true,2026-09-29
780,"Apple iPhone 18 Pro max (Glacier, 512 GB)",Apple,204900,,,4.8,77,15,,,,"A20 Pro chip, 6 Core Processor Processor",17.53 cm (6.9 inch) Super Retina XDR Display,48MP + 48MP + 48MP | 18MP Front Camera,,https://www.flipkart.com/apple-iphone-18-pro-max-glacier-512-gb/p/itmae2f6937bfaea?pid=MOBHQT5JZGAXG2TQ&lid=LSTMOBHQT5JZGAXG2TQ9IAIID&marketplace=FLIPKART&q=smart+phones&store=tyy%2F4io&srno=s_33_780&otracker=search&fm=organic&iid=8ffcbe7a-d3cb-432a-9b99-ca6773c19a34.MOBHQT5JZGAXG2TQ.SEARCH&ppt=None&ppn=None&ssid=r76up5hbo00000001790676261220&qH=a5594894156db043&ov_redirect=true,2026-09-29
781,"OPPO F27 Pro+ (Dusk Pink, 128 GB)",OPPO,33999,39999,15% off,4.3,"13,631",747,8 GB RAM,128 GB ROM,5000 mAh Battery,Dimensity 7050 Processor,17.02 cm (6.7 inch) Full HD+ Display,64MP + 2MP | 8MP Front Camera,,https://www.flipkart.com/oppo-f27-pro-dusk-pink-128-gb/p/itm5235c3c836cc9?pid=MOBHF3DJ3JGU7T7P&lid=LSTMOBHF3DJ3JGU7T7PA91AMA&marketplace=FLIPKART&q=smart+phones&store=tyy%2F4io&srno=s_33_781&otracker=search&fm=organic&iid=8ffcbe7a-d3cb-432a-9b99-ca6773c19a34.MOBHF3DJ3JGU7T7P.SEARCH&ppt=None&ppn=None&ssid=r76up5hbo00000001790676261220&qH=a5594894156db043&ov_redirect=true,2026-09-29
782,"realme 16 Pro 5G (Pebble Grey, 256 GB)",realme,49999,,,4.4,873,85,12 GB RAM,256 GB ROM,7000 mAh Battery,Dimensity 7300 Max Processor,17.22 cm (6.78 inch) Full HD+ Display,200MP + 8MP | 50MP Front Camera,,https://www.flipkart.com/realme-16-pro-5g-pebble-grey-256-gb/p/itm0f32797c10002?pid=MOBHM8GZHSAGJEVG&lid=LSTMOBHM8GZHSAGJEVGNOVZTO&marketplace=FLIPKART&q=smart+phones&store=tyy%2F4io&srno=s_33_782&otracker=search&fm=organic&iid=8ffcbe7a-d3cb-432a-9b99-ca6773c19a34.MOBHM8GZHSAGJEVG.SEARCH&ppt=None&ppn=None&ssid=r76up5hbo00000001790676261220&qH=a5594894156db043&ov_redirect=true,2026-09-29
783,"realme 16 Pro 5G (Master Gold, 256 GB)",realme,46999,,,4.3,"2,823",290,8 GB RAM,256 GB ROM,7000 mAh Battery,Dimensity 7300 Max Processor,17.22 cm (6.78 inch) Full HD+ Display,200MP + 8MP | 50MP Front Camera,,https://www.flipkart.com/realme-16-pro-5g-master-gold-256-gb/p/itm0f32797c10002?pid=MOBHM8GZWJHDBRFQ&lid=LSTMOBHM8GZWJHDBRFQDIN4E2&marketplace=FLIPKART&q=smart+phones&store=tyy%2F4io&srno=s_33_783&otracker=search&fm=organic&iid=8ffcbe7a-d3cb-432a-9b99-ca6773c19a34.MOBHM8GZWJHDBRFQ.SEARCH&ppt=None&ppn=None&ssid=r76up5hbo00000001790676261220&qH=a5594894156db043&ov_redirect=true,2026-09-29
784,"realme 16 Pro 5G (Pebble Grey, 256 GB)",realme,46999,,,4.3,"2,823",290,8 GB RAM,256 GB ROM,7000 mAh Battery,Dimensity 7300 Max Processor,17.22 cm (6.78 inch) Full HD+ Display,200MP + 8MP | 50MP Front Camera,,https://www.flipkart.com/realme-16-pro-5g-pebble-grey-256-gb/p/itm0f32797c10002?pid=MOBHM8GZTJAC9GUM&lid=LSTMOBHM8GZTJAC9GUMUL0QCU&marketplace=FLIPKART&q=smart+phones&store=tyy%2F4io&srno=s_33_784&otracker=search&fm=organic&iid=8ffcbe7a-d3cb-432a-9b99-ca6773c19a34.MOBHM8GZTJAC9GUM.SEARCH&ppt=None&ppn=None&ssid=r76up5hbo00000001790676261220&qH=a5594894156db043&ov_redirect=true,2026-09-29
785,"Samsung Galaxy A36 5G (Awesome Lavender, 128 GB)",Samsung,35999,39499,8% off,4.4,"5,339",867,8 GB RAM,128 GB ROM,5000 mAh Battery,Qualcomm Snapdragon 6 Gen 3 Processor,17.02 cm (6.7 inch) Full HD+ Display,50MP + 8MP | 12MP Front Camera,,https://www.flipkart.com/samsung-galaxy-a36-5g-awesome-lavender-128-gb/p/itm5a2d339a8cc5b?pid=MOBH9RNGFN76WMFF&lid=LSTMOBH9RNGFN76WMFFRDHQVS&marketplace=FLIPKART&q=smart+phones&store=tyy%2F4io&srno=s_33_785&otracker=search&fm=organic&iid=8ffcbe7a-d3cb-432a-9b99-ca6773c19a34.MOBH9RNGFN76WMFF.SEARCH&ppt=None&ppn=None&ssid=r76up5hbo00000001790676261220&qH=a5594894156db043&ov_redirect=true,2026-09-29
786,"realme GT 8 Pro (Diary White, 512 GB)",realme,78999,86999,9% off,4.6,111,23,16 GB RAM,512 GB ROM,7000 mAh Battery,8 Elite Gen 5 Processor,17.25 cm (6.79 inch) Quad HD+ Display,50MP + 50MP + 200MP | 32MP Front Camera,,https://www.flipkart.com/realme-gt-8-pro-diary-white-512-gb/p/itm78c31e0a1941f?pid=MOBHHEYXBRSSBAVS&lid=LSTMOBHHEYXBRSSBAVSG1WJ1X&marketplace=FLIPKART&q=smart+phones&store=tyy%2F4io&srno=s_33_786&otracker=search&fm=organic&iid=8ffcbe7a-d3cb-432a-9b99-ca6773c19a34.MOBHHEYXBRSSBAVS.SEARCH&ppt=None&ppn=None&ssid=r76up5hbo00000001790676261220&qH=a5594894156db043&ov_redirect=true,2026-09-29
787,"OnePlus 13s 5G (Black Velvet, 256 GB)",OnePlus,54990,57999,5% off,4.6,"2,156",208,12 GB RAM,256 GB ROM,5850 mAh Battery,,16.05 cm (6.32 inch) Display,50MP Rear Camera,,https://www.flipkart.com/oneplus-13s-5g-black-velvet-256-gb/p/itmb6d10cf953b5d?pid=MOBHCTQTGUGEJHMG&lid=LSTMOBHCTQTGUGEJHMGQN8OHI&marketplace=FLIPKART&q=smart+phones&store=tyy%2F4io&srno=s_33_787&otracker=search&fm=organic&iid=8ffcbe7a-d3cb-432a-9b99-ca6773c19a34.MOBHCTQTGUGEJHMG.SEARCH&ppt=None&ppn=None&ssid=r76up5hbo00000001790676261220&qH=a5594894156db043&ov_redirect=true,2026-09-29
788,"OPPO K13 5G with 7000mAh and 80W SUPERVOOC Charger In-The-Box (Icy Purple, 256 GB)",OPPO,23999,24999,4% off,4.4,"76,415","6,235",8 GB RAM,256 GB ROM,7000 mAh Battery,Snapdragon 6 Gen 4 Processor,16.94 cm (6.67 inch) Full HD+ Display,50MP + 2MP | 16MP Front Camera,,https://www.flipkart.com/oppo-k13-5g-7000mah-80w-supervooc-charger-in-the-box-icy-purple-256-gb/p/itm6f2ebf6d205cf?pid=MOBHB392HWDHA8HH&lid=LSTMOBHB392HWDHA8HHQOBNQP&marketplace=FLIPKART&q=smart+phones&store=tyy%2F4io&srno=s_33_788&otracker=search&fm=organic&iid=8ffcbe7a-d3cb-432a-9b99-ca6773c19a34.MOBHB392HWDHA8HH.SEARCH&ppt=None&ppn=None&ssid=r76up5hbo00000001790676261220&qH=a5594894156db043&ov_redirect=true,2026-09-29
789,"Apple iPhone 17 (Mist Blue, 256 GB)",Apple,99900,,,4.6,"28,118","2,038",,,,"A19 Chip, 6 Core Processor Processor",16.0 cm (6.3 inch) Super Retina XDR Display,48MP + 48MP | 18MP Front Camera,,https://www.flipkart.com/apple-iphone-17-mist-blue-256-gb/p/itmfd8c16e287599?pid=MOBHQV9YNVS7PXHH&lid=LSTMOBHQV9YNVS7PXHHYQWZJ4&marketplace=FLIPKART&q=smart+phones&store=tyy%2F4io&srno=s_33_789&otracker=search&fm=organic&iid=8ffcbe7a-d3cb-432a-9b99-ca6773c19a34.MOBHQV9YNVS7PXHH.SEARCH&ppt=None&ppn=None&ssid=r76up5hbo00000001790676261220&qH=a5594894156db043&ov_redirect=true,2026-09-29
790,"realme P4R 5G (Titanium Glare, 64 GB)",realme,20999,32999,36% off,4.2,"2,654",230,4 GB RAM,64 GB ROM,8000 mAh Lithium-ion polymer Battery,Dimensity 6300 Processor,17.27 cm (6.8 inch) HD+ Display,50MP Rear Camera | 8MP Front Camera,,https://www.flipkart.com/realme-p4r-5g-titanium-glare-64-gb/p/itmb42ae388c1ef6?pid=MOBHP2V8BYYCWHPP&lid=LSTMOBHP2V8BYYCWHPPH3PCYG&marketplace=FLIPKART&q=smart+phones&store=tyy%2F4io&srno=s_33_790&otracker=search&fm=organic&iid=8ffcbe7a-d3cb-432a-9b99-ca6773c19a34.MOBHP2V8BYYCWHPP.SEARCH&ppt=None&ppn=None&ssid=r76up5hbo00000001790676261220&qH=a5594894156db043&ov_redirect=true,2026-09-29
791,"Apple iPhone 18 Pro max (Burgundy, 512 GB)",Apple,204900,,,4.8,77,15,,,,"A20 Pro chip, 6 Core Processor Processor",17.53 cm (6.9 inch) Super Retina XDR Display,48MP + 48MP + 48MP | 18MP Front Camera,,https://www.flipkart.com/apple-iphone-18-pro-max-burgundy-512-gb/p/itm455c3ebe49c49?pid=MOBHQT5JVH6G2VUS&lid=LSTMOBHQT5JVH6G2VUSOZB06O&marketplace=FLIPKART&q=smart+phones&store=tyy%2F4io&srno=s_33_791&otracker=search&fm=organic&iid=8ffcbe7a-d3cb-432a-9b99-ca6773c19a34.MOBHQT5JVH6G2VUS.SEARCH&ppt=None&ppn=None&ssid=r76up5hbo00000001790676261220&qH=a5594894156db043&ov_redirect=true,2026-09-29
792,"Infinix Note edge (Solar Orange, 256 GB)",Infinix,30999,34999,11% off,4.2,482,81,8 GB RAM,256 GB ROM,6500 mAh Battery,Dimensity 7100 Processor,17.22 cm (6.78 inch) Full HD+ AMOLED Display,50MP Rear Camera | 13MP Front Camera,,https://www.flipkart.com/infinix-note-edge-solar-orange-256-gb/p/itm7720c4dde19f1?pid=MOBHN3VZBZY6RGGE&lid=LSTMOBHN3VZBZY6RGGEXAWGSY&marketplace=FLIPKART&q=smart+phones&store=tyy%2F4io&srno=s_33_792&otracker=search&fm=organic&iid=8ffcbe7a-d3cb-432a-9b99-ca6773c19a34.MOBHN3VZBZY6RGGE.SEARCH&ppt=None&ppn=None&ssid=r76up5hbo00000001790676261220&qH=a5594894156db043&ov_redirect=true,2026-09-29
793,"OPPO Reno14 5G (Pearl White, 512 GB)",OPPO,47999,,,4.5,"4,028",474,12 GB RAM,512 GB ROM,6000 mAh Battery,Dimensity 8350 Processor,16.74 cm (6.59 inch) Full HD+ Display,50MP + 8MP + 50MP | 50MP Front Camera,,https://www.flipkart.com/oppo-reno14-5g-pearl-white-512-gb/p/itm4d9e853eee6cf?pid=MOBHDDQ9FRQHAGAB&lid=LSTMOBHDDQ9FRQHAGABPTTSBP&marketplace=FLIPKART&q=smart+phones&store=tyy%2F4io&srno=s_34_793&otracker=search&fm=organic&iid=a4de6b5e-aa0e-4cb2-8ca6-b16a7f2b9328.MOBHDDQ9FRQHAGAB.SEARCH&ppt=None&ppn=None&ssid=thb67n871s0000001790676264020&qH=a5594894156db043&ov_redirect=true,2026-09-29
794,"OPPO Reno14 5G (Forest Green, 256 GB)",OPPO,44999,,,4.5,"6,522",859,8 GB RAM,256 GB ROM,6000 mAh Battery,Dimensity 8350 Processor,16.74 cm (6.59 inch) Full HD+ Display,50MP + 8MP + 50MP | 50MP Front Camera,,https://www.flipkart.com/oppo-reno14-5g-forest-green-256-gb/p/itm4d9e853eee6cf?pid=MOBHDDQ95MNGEZSJ&lid=LSTMOBHDDQ95MNGEZSJGGWO5W&marketplace=FLIPKART&q=smart+phones&store=tyy%2F4io&srno=s_34_794&otracker=search&fm=organic&iid=a4de6b5e-aa0e-4cb2-8ca6-b16a7f2b9328.MOBHDDQ95MNGEZSJ.SEARCH&ppt=None&ppn=None&ssid=thb67n871s0000001790676264020&qH=a5594894156db043&ov_redirect=true,2026-09-29
795,"OPPO Reno14 5G (Pearl White, 256 GB)",OPPO,44999,,,4.5,"6,522",859,8 GB RAM,256 GB ROM,6000 mAh Battery,Dimensity 8350 Processor,16.74 cm (6.59 inch) Display,50MP + 8MP + 50MP | 50MP Front Camera,,https://www.flipkart.com/oppo-reno14-5g-pearl-white-256-gb/p/itm4d9e853eee6cf?pid=MOBHDDQ9VFGH23ZW&lid=LSTMOBHDDQ9VFGH23ZWIXFHWS&marketplace=FLIPKART&q=smart+phones&store=tyy%2F4io&srno=s_34_795&otracker=search&fm=organic&iid=a4de6b5e-aa0e-4cb2-8ca6-b16a7f2b9328.MOBHDDQ9VFGH23ZW.SEARCH&ppt=None&ppn=None&ssid=thb67n871s0000001790676264020&qH=a5594894156db043&ov_redirect=true,2026-09-29
796,"MOTOROLA edge 70 pro (Marble - PANTONE Lily white (white), 256 GB)",MOTOROLA,42999,74999,42% off,4.3,649,85,12 GB RAM,256 GB ROM,6500 mAh Silicon-Carbon Battery,Dimensity 8500 Extreme Processor,17.27 cm (6.8 inch) Full HD+ Super AMOLED Display,50MP + 50MP | 50MP Front Camera,,https://www.flipkart.com/motorola-edge-70-pro-marble-pantone-lily-white-white-256-gb/p/itmb8ecc42418420?pid=MOBHN9739XAPWTP3&lid=LSTMOBHN9739XAPWTP3GCQCKH&marketplace=FLIPKART&q=smart+phones&store=tyy%2F4io&srno=s_34_796&otracker=search&fm=organic&iid=a4de6b5e-aa0e-4cb2-8ca6-b16a7f2b9328.MOBHN9739XAPWTP3.SEARCH&ppt=None&ppn=None&ssid=thb67n871s0000001790676264020&qH=a5594894156db043&ov_redirect=true,2026-09-29
797,"Tecno Spark Go 3 (Ink Black, 64 GB)",Tecno,12499,15999,21% off,4.1,217,15,4 GB RAM,64 GB ROM,5000 mAh Lithium Polymer Battery,T7250 Processor,17.12 cm (6.74 inch) HD+ Display,13MP Rear Camera | 8MP Front Camera,,https://www.flipkart.com/tecno-spark-go-3-ink-black-64-gb/p/itma9c8f128a61c6?pid=MOBHP2QYCXZZE3CM&lid=LSTMOBHP2QYCXZZE3CMWW64IB&marketplace=FLIPKART&q=smart+phones&store=tyy%2F4io&srno=s_34_797&otracker=search&fm=organic&iid=en_7dEAA5OfjJqe_NaoGY7v3sig3waLn_Xghbua9ypnpPbzQ8x9c6SjT-2J5zJQX1ZSu-p7FawYTmaPPeu5xWEE1ZLgCDLd29XPfHChd2SlxWtKbbxDaLaJ0Wp00EfnZqrF&ppt=None&ppn=None&ssid=thb67n871s0000001790676264020&qH=a5594894156db043&ov_redirect=true,2026-09-29
798,"Nothing Phone (4a) (White, 256 GB)",Nothing,49999,62999,20% off,4.5,"6,710",724,8 GB RAM,256 GB ROM,5400 mAh Lithium ion Battery,Snapdragon 7s Gen 4 Processor,17.22 cm (6.78 inch) Full HD+ AMOLED Display,50MP + 50MP + 8MP | 32MP Front Camera,,https://www.flipkart.com/nothing-phone-4a-white-256-gb/p/itm4d8bff10483ce?pid=MOBHZAWYHRHFGS4X&lid=LSTMOBHZAWYHRHFGS4XV2LPUA&marketplace=FLIPKART&q=smart+phones&store=tyy%2F4io&srno=s_34_798&otracker=search&fm=organic&iid=a4de6b5e-aa0e-4cb2-8ca6-b16a7f2b9328.MOBHZAWYHRHFGS4X.SEARCH&ppt=None&ppn=None&ssid=thb67n871s0000001790676264020&qH=a5594894156db043&ov_redirect=true,2026-09-29
799,"realme 14 Pro+ 5G (Bikaner Purple, 128 GB)",realme,29999,33999,11% off,4.4,"21,991","2,770",8 GB RAM,128 GB ROM,6000 mAh Battery,7s Gen 3 Mobile Platform Processor,17.35 cm (6.83 inch) Full HD+ Display,50MP + 50MP + 8MP | 32MP Front Camera,,https://www.flipkart.com/realme-14-pro-5g-bikaner-purple-128-gb/p/itmb5105a70ea6a6?pid=MOBH84ZXAZYM8ZZP&lid=LSTMOBH84ZXAZYM8ZZPMSORPL&marketplace=FLIPKART&q=smart+phones&store=tyy%2F4io&srno=s_34_799&otracker=search&fm=organic&iid=a4de6b5e-aa0e-4cb2-8ca6-b16a7f2b9328.MOBH84ZXAZYM8ZZP.SEARCH&ppt=None&ppn=None&ssid=thb67n871s0000001790676264020&qH=a5594894156db043&ov_redirect=true,2026-09-29
800,"realme 14 Pro+ 5G (Suede Grey, 256 GB)",realme,25999,35999,27% off,4.4,"21,991","2,770",8 GB RAM,256 GB ROM,6000 mAh Battery,7s Gen 3 Mobile Platform Processor,17.35 cm (6.83 inch) Display,50MP + 50MP + 8MP | 32MP Front Camera,,https://www.flipkart.com/realme-14-pro-5g-suede-grey-256-gb/p/itmb5105a70ea6a6?pid=MOBH84ZXNK3ABYSA&lid=LSTMOBH84ZXNK3ABYSAA9XKAG&marketplace=FLIPKART&q=smart+phones&store=tyy%2F4io&srno=s_34_800&otracker=search&fm=organic&iid=a4de6b5e-aa0e-4cb2-8ca6-b16a7f2b9328.MOBH84ZXNK3ABYSA.SEARCH&ppt=None&ppn=None&ssid=thb67n871s0000001790676264020&qH=a5594894156db043&ov_redirect=true,2026-09-29
801,"Samsung Galaxy F56 5G (Green, 128 GB)",Samsung,29999,30999,3% off,4.4,706,71,8 GB RAM,128 GB ROM,5000 mAh Battery,Exynos 1480 Processor,17.02 cm (6.7 inch) Full HD+ Display,50MP + 8MP + 2MP | 12MP Front Camera,,https://www.flipkart.com/samsung-galaxy-f56-5g-green-128-gb/p/itm618e969d3671e?pid=MOBHBWF3G5QRT5HY&lid=LSTMOBHBWF3G5QRT5HY1XGSF9&marketplace=FLIPKART&q=smart+phones&store=tyy%2F4io&srno=s_34_801&otracker=search&fm=organic&iid=a4de6b5e-aa0e-4cb2-8ca6-b16a7f2b9328.MOBHBWF3G5QRT5HY.SEARCH&ppt=None&ppn=None&ssid=thb67n871s0000001790676264020&qH=a5594894156db043&ov_redirect=true,2026-09-29
802,"Samsung Galaxy S24 5G Snapdragon (Onyx Black, 128 GB)",Samsung,49999,74999,33% off,4.6,"57,466","4,581",8 GB RAM,128 GB ROM,4000 mAh Battery,8 Gen 3 Processor,15.75 cm (6.2 inch) Full HD+ Display,50MP + 12MP | 12MP Front Camera,,https://www.flipkart.com/samsung-galaxy-s24-5g-snapdragon-onyx-black-128-gb/p/itm3469a7107606f?pid=MOBHDVFKSSHPUYHB&lid=LSTMOBHDVFKSSHPUYHBXUF3VR&marketplace=FLIPKART&q=smart+phones&store=tyy%2F4io&srno=s_34_802&otracker=search&fm=organic&iid=a4de6b5e-aa0e-4cb2-8ca6-b16a7f2b9328.MOBHDVFKSSHPUYHB.SEARCH&ppt=None&ppn=None&ssid=thb67n871s0000001790676264020&qH=a5594894156db043&ov_redirect=true,2026-09-29
803,"OPPO K14 5G (Prism Violet, 128 GB)",OPPO,25999,,,4.4,"7,405",631,6 GB RAM,128 GB ROM,7000 mAh Battery,Dimensity 6300 Processor,17.14 cm (6.75 inch) HD+ Display,50MP Rear Camera | 8MP Front Camera,,https://www.flipkart.com/oppo-k14-5g-prism-violet-128-gb/p/itm2a5cc1d23c2af?pid=MOBHKQYYEP5PV9RH&lid=LSTMOBHKQYYEP5PV9RHZM2YMD&marketplace=FLIPKART&q=smart+phones&store=tyy%2F4io&srno=s_34_803&otracker=search&fm=organic&iid=a4de6b5e-aa0e-4cb2-8ca6-b16a7f2b9328.MOBHKQYYEP5PV9RH.SEARCH&ppt=None&ppn=None&ssid=thb67n871s0000001790676264020&qH=a5594894156db043&ov_redirect=true,2026-09-29
804,"Nothing Phone (4a) (Blue, 128 GB)",Nothing,44999,59999,25% off,4.5,"6,710",724,8 GB RAM,128 GB ROM,5400 mAh Lithium ion Battery,Snapdragon 7s Gen 4 Processor,17.22 cm (6.78 inch) Full HD+ AMOLED Display,50MP + 50MP + 8MP | 32MP Front Camera,,https://www.flipkart.com/nothing-phone-4a-blue-128-gb/p/itm4d8bff10483ce?pid=MOBHZAWYPQ3DQ6DS&lid=LSTMOBHZAWYPQ3DQ6DSHG2PF2&marketplace=FLIPKART&q=smart+phones&store=tyy%2F4io&srno=s_34_804&otracker=search&fm=organic&iid=a4de6b5e-aa0e-4cb2-8ca6-b16a7f2b9328.MOBHZAWYPQ3DQ6DS.SEARCH&ppt=None&ppn=None&ssid=thb67n871s0000001790676264020&qH=a5594894156db043&ov_redirect=true,2026-09-29
805,"REDMI Note 15 5G (Black, 256 GB)",REDMI,33999,38999,12% off,4.4,"1,243",89,8 GB RAM,256 GB ROM,5520 mAh Battery,,17.2 cm (6.77 inch) Display,108MP Rear Camera,,https://www.flipkart.com/redmi-note-15-5g-black-256-gb/p/itm7cb24e3c40189?pid=MOBHJHPUU27FF6DA&lid=LSTMOBHJHPUU27FF6DAW39HR5&marketplace=FLIPKART&q=smart+phones&store=tyy%2F4io&srno=s_34_805&otracker=search&fm=organic&iid=a4de6b5e-aa0e-4cb2-8ca6-b16a7f2b9328.MOBHJHPUU27FF6DA.SEARCH&ppt=None&ppn=None&ssid=thb67n871s0000001790676264020&qH=a5594894156db043&ov_redirect=true,2026-09-29
806,"Infinix GT 30 5G+ Blade White 128 (Blade White, 128 GB)",Infinix,21999,24999,12% off,4.4,500,34,8 GB RAM,128 GB ROM,5500 mAh Battery,Dimensity 7400 Processor,17.22 cm (6.78 inch) Full HD+ AMOLED Display,64MP + 8MP | 13MP Front Camera,,https://www.flipkart.com/infinix-gt-30-5g-blade-white-128-blade-white-gb/p/itmf23ef26ed150b?pid=MOBHDQFAYZHYFCQ4&lid=LSTMOBHDQFAYZHYFCQ4OMPJHQ&marketplace=FLIPKART&q=smart+phones&store=tyy%2F4io&srno=s_34_806&otracker=search&fm=organic&iid=a4de6b5e-aa0e-4cb2-8ca6-b16a7f2b9328.MOBHDQFAYZHYFCQ4.SEARCH&ppt=None&ppn=None&ssid=thb67n871s0000001790676264020&qH=a5594894156db043&ov_redirect=true,2026-09-29
807,"REDMI Note-14 Pro 5G (Ivy Green, 256 GB)",REDMI,27270,30999,12% off,4.3,"1,230",94,8 GB RAM,256 GB ROM,5500 mAh Battery,Dimensity 7300 Ultra Processor,16.94 cm (6.67 inch) Display,50MP + 8MP + 2MP | 20MP Front Camera,,https://www.flipkart.com/redmi-note-14-pro-5g-ivy-green-256-gb/p/itm124f940049e20?pid=MOBH8BW3XZ6CMJBW&lid=LSTMOBH8BW3XZ6CMJBWYTV1FU&marketplace=FLIPKART&q=smart+phones&store=tyy%2F4io&srno=s_34_807&otracker=search&fm=organic&iid=a4de6b5e-aa0e-4cb2-8ca6-b16a7f2b9328.MOBH8BW3XZ6CMJBW.SEARCH&ppt=None&ppn=None&ssid=thb67n871s0000001790676264020&qH=a5594894156db043&ov_redirect=true,2026-09-29
808,"POCO M8 Power 5G (Black, 128 GB)",POCO,24999,54999,54% off,4.7,"1,520",891,6 GB RAM,128 GB ROM,8000 mAh Lithium-Ion Polymer Battery,Snapdragon Gen 4 Processor,17.75 cm (6.99 inch) Full HD+ AMOLED Display,50MP Rear Camera | 8MP Front Camera,,https://www.flipkart.com/poco-m8-power-5g-black-128-gb/p/itm3a60b0817a5c5?pid=MOBHPCYN7CHENHFF&lid=LSTMOBHPCYN7CHENHFFR4XY1I&marketplace=FLIPKART&q=smart+phones&store=tyy%2F4io&srno=s_34_808&otracker=search&fm=organic&iid=a4de6b5e-aa0e-4cb2-8ca6-b16a7f2b9328.MOBHPCYN7CHENHFF.SEARCH&ppt=None&ppn=None&ssid=thb67n871s0000001790676264020&qH=a5594894156db043&ov_redirect=true,2026-09-29
809,"IQOO Z11 5G (Celestial Blue, 128 GB)",IQOO,39100,53999,27% off,4.9,11,2,8 GB RAM,128 GB ROM,7050 mAh Battery,,17.35 cm (6.83 inch) Display,50MP Rear Camera,,https://www.flipkart.com/iqoo-z11-5g-celestial-blue-128-gb/p/itmc512aff8fd1d7?pid=MOBHQHTVQTPHJGVF&lid=LSTMOBHQHTVQTPHJGVFXEYP38&marketplace=FLIPKART&q=smart+phones&store=tyy%2F4io&srno=s_34_809&otracker=search&fm=organic&iid=a4de6b5e-aa0e-4cb2-8ca6-b16a7f2b9328.MOBHQHTVQTPHJGVF.SEARCH&ppt=None&ppn=None&ssid=thb67n871s0000001790676264020&qH=a5594894156db043&ov_redirect=true,2026-09-29
810,"realme P4R 5G (Lavender Glare, 128 GB)",realme,22999,34999,34% off,4.2,"2,654",230,4 GB RAM,128 GB ROM,8000 mAh Lithium-ion polymer Battery,Dimensity 6300 Processor,17.27 cm (6.8 inch) HD+ Display,50MP Rear Camera | 8MP Front Camera,,https://www.flipkart.com/realme-p4r-5g-lavender-glare-128-gb/p/itmb42ae388c1ef6?pid=MOBHMYR337CQEU8E&lid=LSTMOBHMYR337CQEU8E1POA1J&marketplace=FLIPKART&q=smart+phones&store=tyy%2F4io&srno=s_34_810&otracker=search&fm=organic&iid=a4de6b5e-aa0e-4cb2-8ca6-b16a7f2b9328.MOBHMYR337CQEU8E.SEARCH&ppt=None&ppn=None&ssid=thb67n871s0000001790676264020&qH=a5594894156db043&ov_redirect=true,2026-09-29
811,"realme P4R 5G (Silver Glare, 256 GB)",realme,28999,44999,35% off,4.3,"5,219",424,6 GB RAM,256 GB ROM,8000 mAh Lithium-ion polymer Battery,Dimensity 6300 Processor,17.27 cm (6.8 inch) HD+ Display,50MP Rear Camera | 8MP Front Camera,,https://www.flipkart.com/realme-p4r-5g-silver-glare-256-gb/p/itmb42ae388c1ef6?pid=MOBHMYR3NGRA6CGK&lid=LSTMOBHMYR3NGRA6CGKJWYZVO&marketplace=FLIPKART&q=smart+phones&store=tyy%2F4io&srno=s_34_811&otracker=search&fm=organic&iid=a4de6b5e-aa0e-4cb2-8ca6-b16a7f2b9328.MOBHMYR3NGRA6CGK.SEARCH&ppt=None&ppn=None&ssid=thb67n871s0000001790676264020&qH=a5594894156db043&ov_redirect=true,2026-09-29
812,"MOTOROLA Edge 70 Fusion (Pantone BLUE SURF, 512 GB)",MOTOROLA,38999,64999,40% off,4.3,"6,803",753,12 GB RAM,512 GB ROM,7000 mAh Battery,Snapdragon 7s Gen 4 Processor,17.27 cm (6.8 inch) Super HD Display,50MP + 13MP | 32MP Front Camera,,https://www.flipkart.com/motorola-edge-70-fusion-pantone-blue-surf-512-gb/p/itm87b81fff91d44?pid=MOBHNSA6KGKFVSPF&lid=LSTMOBHNSA6KGKFVSPFPPKGGH&marketplace=FLIPKART&q=smart+phones&store=tyy%2F4io&srno=s_34_812&otracker=search&fm=organic&iid=a4de6b5e-aa0e-4cb2-8ca6-b16a7f2b9328.MOBHNSA6KGKFVSPF.SEARCH&ppt=None&ppn=None&ssid=thb67n871s0000001790676264020&qH=a5594894156db043&ov_redirect=true,2026-09-29
813,"Nothing Phone (4a) (Blue, 256 GB)",Nothing,50999,65999,22% off,4.5,"1,557",154,12 GB RAM,256 GB ROM,5400 mAh Lithium ion Battery,Snapdragon 7s Gen 4 Processor,17.22 cm (6.78 inch) Full HD+ AMOLED Display,50MP + 50MP + 8MP | 32MP Front Camera,,https://www.flipkart.com/nothing-phone-4a-blue-256-gb/p/itm4d8bff10483ce?pid=MOBHZAWYVBT49JSC&lid=LSTMOBHZAWYVBT49JSCVGV7BF&marketplace=FLIPKART&q=smart+phones&store=tyy%2F4io&srno=s_34_813&otracker=search&fm=organic&iid=a4de6b5e-aa0e-4cb2-8ca6-b16a7f2b9328.MOBHZAWYVBT49JSC.SEARCH&ppt=None&ppn=None&ssid=thb67n871s0000001790676264020&qH=a5594894156db043&ov_redirect=true,2026-09-29
814,"Nothing Phone (4b) (Blue, 256 GB)",Nothing,40999,59999,31% off,4.3,"1,816",179,8 GB RAM,256 GB ROM,6000 mAh Lithium ion Battery,6 Gen 4 Processor,17.2 cm (6.77 inch) Full HD+ AMOLED Display,50MP + 8MP | 16MP Front Camera,,https://www.flipkart.com/nothing-phone-4b-blue-256-gb/p/itm939608b40adbb?pid=MOBHZMBDHJGVM8N5&lid=LSTMOBHZMBDHJGVM8N5TDJER1&marketplace=FLIPKART&q=smart+phones&store=tyy%2F4io&srno=s_34_814&otracker=search&fm=organic&iid=a4de6b5e-aa0e-4cb2-8ca6-b16a7f2b9328.MOBHZMBDHJGVM8N5.SEARCH&ppt=None&ppn=None&ssid=thb67n871s0000001790676264020&qH=a5594894156db043&ov_redirect=true,2026-09-29
815,"OnePlus 13s 5G (Green Silk, 256 GB)",OnePlus,57950,57999,,4.6,"2,156",208,12 GB RAM,256 GB ROM,5850 mAh Battery,,16.05 cm (6.32 inch) Display,50MP Rear Camera,,https://www.flipkart.com/oneplus-13s-5g-green-silk-256-gb/p/itmb6d10cf953b5d?pid=MOBHCTQTDPZH7ZYT&lid=LSTMOBHCTQTDPZH7ZYTQGTOYB&marketplace=FLIPKART&q=smart+phones&store=tyy%2F4io&srno=s_34_815&otracker=search&fm=organic&iid=a4de6b5e-aa0e-4cb2-8ca6-b16a7f2b9328.MOBHCTQTDPZH7ZYT.SEARCH&ppt=None&ppn=None&ssid=thb67n871s0000001790676264020&qH=a5594894156db043&ov_redirect=true,2026-09-29
816,"OnePlus 13s 5G (Black Velvet, 512 GB)",OnePlus,62108,62999,1% off,4.6,"2,156",208,12 GB RAM,512 GB ROM,5850 mAh Battery,,16.05 cm (6.32 inch) Display,50MP Rear Camera,,https://www.flipkart.com/oneplus-13s-5g-black-velvet-512-gb/p/itmb6d10cf953b5d?pid=MOBHCTQTGYXAYZXH&lid=LSTMOBHCTQTGYXAYZXHJJLO4F&marketplace=FLIPKART&q=smart+phones&store=tyy%2F4io&srno=s_34_816&otracker=search&fm=organic&iid=a4de6b5e-aa0e-4cb2-8ca6-b16a7f2b9328.MOBHCTQTGYXAYZXH.SEARCH&ppt=None&ppn=None&ssid=thb67n871s0000001790676264020&qH=a5594894156db043&ov_redirect=true,2026-09-29
817,"Tecno Spark Go 3 (Titanium Grey, 64 GB)",Tecno,12499,15999,21% off,4.1,217,15,4 GB RAM,64 GB ROM,5000 mAh Lithium Polymer Battery,T7250 Processor,17.12 cm (6.74 inch) HD+ Display,13MP Rear Camera | 8MP Front Camera,,https://www.flipkart.com/tecno-spark-go-3-titanium-grey-64-gb/p/itma9c8f128a61c6?pid=MOBHP2QY7GH4XWWS&lid=LSTMOBHP2QY7GH4XWWSUZBT2N&marketplace=FLIPKART&q=smart+phones&store=tyy%2F4io&srno=s_35_817&otracker=search&fm=organic&iid=en_J9nbaQKPBOlqCuuqWKY0ZQlRXuYAqUEfRucN6GKAustzgYz_ovmoFau7mw9p3djZxuSl-jfu2FRRD3-px9HFb5LgCDLd29XPfHChd2SlxWt8t03VTAAmZJfKzeOOvk9Z&ppt=None&ppn=None&ssid=t6q8b5vyog0000001790676266837&qH=a5594894156db043&ov_redirect=true,2026-09-29
818,"Tecno Spark Go 3 (Ink Black, 64 GB)",Tecno,12499,15999,21% off,4.1,217,15,4 GB RAM,64 GB ROM,5000 mAh Lithium Polymer Battery,T7250 Processor,17.12 cm (6.74 inch) HD+ Display,13MP Rear Camera | 8MP Front Camera,,https://www.flipkart.com/tecno-spark-go-3-ink-black-64-gb/p/itma9c8f128a61c6?pid=MOBHP2QYCXZZE3CM&lid=LSTMOBHP2QYCXZZE3CMWW64IB&marketplace=FLIPKART&q=smart+phones&store=tyy%2F4io&srno=s_35_818&otracker=search&fm=organic&iid=en_J9nbaQKPBOlqCuuqWKY0ZQlRXuYAqUEfRucN6GKAusu3FrycSkijY67gcFhM6yRewfAu6s5c53i2tmuGS82SuJLgCDLd29XPfHChd2SlxWt8t03VTAAmZJfKzeOOvk9Z&ppt=None&ppn=None&ssid=t6q8b5vyog0000001790676266837&qH=a5594894156db043&ov_redirect=true,2026-09-29
819,"Nothing Phone (4a) (Black, 256 GB)",Nothing,49999,62999,20% off,4.5,"6,710",724,8 GB RAM,256 GB ROM,5400 mAh Lithium ion Battery,Snapdragon 7s Gen 4 Processor,17.22 cm (6.78 inch) Full HD+ AMOLED Display,50MP + 50MP + 8MP | 32MP Front Camera,,https://www.flipkart.com/nothing-phone-4a-black-256-gb/p/itm4d8bff10483ce?pid=MOBHZAWYGYRAH4PY&lid=LSTMOBHZAWYGYRAH4PYFAOOC9&marketplace=FLIPKART&q=smart+phones&store=tyy%2F4io&srno=s_35_819&otracker=search&fm=organic&iid=f6cc1d1b-06b9-4947-85ad-4dd42338e7b7.MOBHZAWYGYRAH4PY.SEARCH&ppt=None&ppn=None&ssid=t6q8b5vyog0000001790676266837&qH=a5594894156db043&ov_redirect=true,2026-09-29
820,"Nothing Phone (4b) (Black, 128 GB)",Nothing,39999,54999,27% off,4.3,"1,816",179,8 GB RAM,128 GB ROM,6000 mAh Lithium ion Battery,6 Gen 4 Processor,17.2 cm (6.77 inch) Full HD+ AMOLED Display,50MP + 8MP | 16MP Front Camera,,https://www.flipkart.com/nothing-phone-4b-black-128-gb/p/itm939608b40adbb?pid=MOBHZMBDHVTPQTWY&lid=LSTMOBHZMBDHVTPQTWYRX0DCB&marketplace=FLIPKART&q=smart+phones&store=tyy%2F4io&srno=s_35_820&otracker=search&fm=organic&iid=f6cc1d1b-06b9-4947-85ad-4dd42338e7b7.MOBHZMBDHVTPQTWY.SEARCH&ppt=None&ppn=None&ssid=t6q8b5vyog0000001790676266837&qH=a5594894156db043&ov_redirect=true,2026-09-29
821,"Nothing Phone (4b) (White, 128 GB)",Nothing,39999,54999,27% off,4.3,"1,816",179,8 GB RAM,128 GB ROM,6000 mAh Lithium ion Battery,6 Gen 4 Processor,17.2 cm (6.77 inch) Full HD+ AMOLED Display,50MP + 8MP | 16MP Front Camera,,https://www.flipkart.com/nothing-phone-4b-white-128-gb/p/itm939608b40adbb?pid=MOBHZMBDSF3JAFTF&lid=LSTMOBHZMBDSF3JAFTF4PZFBR&marketplace=FLIPKART&q=smart+phones&store=tyy%2F4io&srno=s_35_821&otracker=search&fm=organic&iid=f6cc1d1b-06b9-4947-85ad-4dd42338e7b7.MOBHZMBDSF3JAFTF.SEARCH&ppt=None&ppn=None&ssid=t6q8b5vyog0000001790676266837&qH=a5594894156db043&ov_redirect=true,2026-09-29
822,"Samsung Galaxy A56 5G (Light Violet, 256 GB)",Samsung,38980,54999,29% off,4.4,"1,044",80,8 GB RAM,256 GB ROM,5000 mAh Battery,Samsung Exynos 1580 Processor,17.02 cm (6.7 inch) Full HD+ Display,50MP + 12MP + 5MP | 12MP Front Camera,,https://www.flipkart.com/samsung-galaxy-a56-5g-light-violet-256-gb/p/itmee04eb4586b5a?pid=MOBHQBEMYH3JXSCX&lid=LSTMOBHQBEMYH3JXSCXRXMOAV&marketplace=FLIPKART&q=smart+phones&store=tyy%2F4io&srno=s_35_822&otracker=search&fm=organic&iid=f6cc1d1b-06b9-4947-85ad-4dd42338e7b7.MOBHQBEMYH3JXSCX.SEARCH&ppt=None&ppn=None&ssid=t6q8b5vyog0000001790676266837&qH=a5594894156db043&ov_redirect=true,2026-09-29
823,"realme 14 Pro+ 5G (Pearl White, 256 GB)",realme,34999,37999,7% off,4.4,"8,709","1,023",12 GB RAM,256 GB ROM,6000 mAh Battery,7s Gen 3 Mobile Platform Processor,17.35 cm (6.83 inch) Display,50MP + 50MP + 8MP | 32MP Front Camera,,https://www.flipkart.com/realme-14-pro-5g-pearl-white-256-gb/p/itmb5105a70ea6a6?pid=MOBH84ZX7NAXXFQQ&lid=LSTMOBH84ZX7NAXXFQQV10QBB&marketplace=FLIPKART&q=smart+phones&store=tyy%2F4io&srno=s_35_823&otracker=search&fm=organic&iid=f6cc1d1b-06b9-4947-85ad-4dd42338e7b7.MOBH84ZX7NAXXFQQ.SEARCH&ppt=None&ppn=None&ssid=t6q8b5vyog0000001790676266837&qH=a5594894156db043&ov_redirect=true,2026-09-29
824,"POCO X8 Pro (Black, 256 GB)",POCO,42999,52999,18% off,4.4,"1,228",206,12 GB RAM,256 GB ROM,6500 mAh Lithium-Ion Polymer With Silicon Carbon Technology Battery,Dimensity 8500-Ultra Processor,16.74 cm (6.59 inch) Full HD+ AMOLED Display,50MP + 8MP | 20MP Front Camera,,https://www.flipkart.com/poco-x8-pro-black-256-gb/p/itm782e626602a77?pid=MOBHMGG5SJRAADHF&lid=LSTMOBHMGG5SJRAADHFSAGNRE&marketplace=FLIPKART&q=smart+phones&store=tyy%2F4io&srno=s_35_824&otracker=search&fm=organic&iid=f6cc1d1b-06b9-4947-85ad-4dd42338e7b7.MOBHMGG5SJRAADHF.SEARCH&ppt=None&ppn=None&ssid=t6q8b5vyog0000001790676266837&qH=a5594894156db043&ov_redirect=true,2026-09-29
825,"BOLTT ACE 5G (Lavender Bloom, 64 GB)",BOLTT,14999,24999,40% off,4.2,377,187,4 GB RAM,64 GB ROM,6000 mAh Lithium ion Battery,T8200 Processor,17.25 cm (6.79 inch) HD+ Display,64MP Rear Camera | 8MP Front Camera,,https://www.flipkart.com/boltt-ace-5g-lavender-bloom-64-gb/p/itm2eb0f483effdd?pid=MOBHPP59CGDHZVJY&lid=LSTMOBHPP59CGDHZVJYFJP39X&marketplace=FLIPKART&q=smart+phones&store=tyy%2F4io&srno=s_35_825&otracker=search&fm=organic&iid=f6cc1d1b-06b9-4947-85ad-4dd42338e7b7.MOBHPP59CGDHZVJY.SEARCH&ppt=None&ppn=None&ssid=t6q8b5vyog0000001790676266837&qH=a5594894156db043&ov_redirect=true,2026-09-29
826,"BOLTT ACE 5G (Arctic White, 64 GB)",BOLTT,14999,24999,40% off,4.2,377,187,4 GB RAM,64 GB ROM,6000 mAh Lithium ion Battery,T8200 Processor,17.25 cm (6.79 inch) HD+ Display,64MP Rear Camera | 8MP Front Camera,,https://www.flipkart.com/boltt-ace-5g-arctic-white-64-gb/p/itm2eb0f483effdd?pid=MOBHPP59RGTBZVWY&lid=LSTMOBHPP59RGTBZVWY4M9HDA&marketplace=FLIPKART&q=smart+phones&store=tyy%2F4io&srno=s_35_826&otracker=search&fm=organic&iid=f6cc1d1b-06b9-4947-85ad-4dd42338e7b7.MOBHPP59RGTBZVWY.SEARCH&ppt=None&ppn=None&ssid=t6q8b5vyog0000001790676266837&qH=a5594894156db043&ov_redirect=true,2026-09-29
827,"realme P4R 5G (Lavender Glare, 256 GB)",realme,28999,44999,35% off,4.3,"5,219",424,6 GB RAM,256 GB ROM,8000 mAh Lithium-ion polymer Battery,Dimensity 6300 Processor,17.27 cm (6.8 inch) HD+ Display,50MP Rear Camera | 8MP Front Camera,,https://www.flipkart.com/realme-p4r-5g-lavender-glare-256-gb/p/itmb42ae388c1ef6?pid=MOBHMYR3M5QYWBGD&lid=LSTMOBHMYR3M5QYWBGD8UMFRW&marketplace=FLIPKART&q=smart+phones&store=tyy%2F4io&srno=s_35_827&otracker=search&fm=organic&iid=f6cc1d1b-06b9-4947-85ad-4dd42338e7b7.MOBHMYR3M5QYWBGD.SEARCH&ppt=None&ppn=None&ssid=t6q8b5vyog0000001790676266837&qH=a5594894156db043&ov_redirect=true,2026-09-29
828,"IQOO Neo 10 (Asphalt Black, 256 GB)",IQOO,45990,45999,,4.5,"2,070",199,8 GB RAM,256 GB ROM,7000 mAh Battery,Qualcomm Processor,17.22 cm (6.78 inch) Full HD+ E3 Super AMOLED Display,50MP + 50MP + 8MP | 32MP + 32MP Dual Front Camera,,https://www.flipkart.com/iqoo-neo-10-asphalt-black-256-gb/p/itm4faf25d0485ec?pid=MOBHN64JA8WE4QQC&lid=LSTMOBHN64JA8WE4QQCUTJ8V5&marketplace=FLIPKART&q=smart+phones&store=tyy%2F4io&srno=s_35_828&otracker=search&fm=organic&iid=f6cc1d1b-06b9-4947-85ad-4dd42338e7b7.MOBHN64JA8WE4QQC.SEARCH&ppt=None&ppn=None&ssid=t6q8b5vyog0000001790676266837&qH=a5594894156db043&ov_redirect=true,2026-09-29
829,"MOTOROLA G77 Power (PANTONE Fuchsia Red, 128 GB)",MOTOROLA,27999,44999,37% off,4.1,129,18,8 GB RAM,128 GB ROM,7000 mAh Battery,Dimensity 6400 Processor,17.07 cm (6.72 inch) Full HD+ Display,50MP + 8MP | 32MP Front Camera,,https://www.flipkart.com/motorola-g77-power-pantone-fuchsia-red-128-gb/p/itm5da72dfa8f2fd?pid=MOBHNEZPKXSZXFY6&lid=LSTMOBHNEZPKXSZXFY65LXHAK&marketplace=FLIPKART&q=smart+phones&store=tyy%2F4io&srno=s_35_829&otracker=search&fm=organic&iid=f6cc1d1b-06b9-4947-85ad-4dd42338e7b7.MOBHNEZPKXSZXFY6.SEARCH&ppt=None&ppn=None&ssid=t6q8b5vyog0000001790676266837&qH=a5594894156db043&ov_redirect=true,2026-09-29
830,"Samsung M36 5G (Light Green, 256 GB)",Samsung,29999,,,4.1,"1,893",171,8 GB RAM,256 GB ROM,5000 mAh Battery,,17.02 cm (6.7 inch) Display,50MP Rear Camera,,https://www.flipkart.com/samsung-m36-5g-light-green-256-gb/p/itm74130a5a313b6?pid=MOBHFFYH7TFPXSJD&lid=LSTMOBHFFYH7TFPXSJDO2V4HX&marketplace=FLIPKART&q=smart+phones&store=tyy%2F4io&srno=s_35_830&otracker=search&fm=organic&iid=f6cc1d1b-06b9-4947-85ad-4dd42338e7b7.MOBHFFYH7TFPXSJD.SEARCH&ppt=None&ppn=None&ssid=t6q8b5vyog0000001790676266837&qH=a5594894156db043&ov_redirect=true,2026-09-29
831,"Samsung M36 5G (Orange Haze / Orange, 128 GB)",Samsung,25494,25999,1% off,4.3,"5,774",448,6 GB RAM,128 GB ROM,5000 mAh Battery,,17.02 cm (6.7 inch) Display,50MP Rear Camera,,https://www.flipkart.com/samsung-m36-5g-orange-haze-orange-128-gb/p/itm74130a5a313b6?pid=MOBHEYY2ZCYCQMRB&lid=LSTMOBHEYY2ZCYCQMRBGNQSAJ&marketplace=FLIPKART&q=smart+phones&store=tyy%2F4io&srno=s_35_831&otracker=search&fm=organic&iid=f6cc1d1b-06b9-4947-85ad-4dd42338e7b7.MOBHEYY2ZCYCQMRB.SEARCH&ppt=None&ppn=None&ssid=t6q8b5vyog0000001790676266837&qH=a5594894156db043&ov_redirect=true,2026-09-29
832,"realme 15 Pro 5G (Flowing Silver, 128 GB)",realme,35996,35999,,4.3,"11,541","1,291",8 GB RAM,128 GB ROM,7000 mAh Battery,Snapdragon 7 Gen 4 Processor,17.27 cm (6.8 inch) Display,50MP + 50MP | 50MP Front Camera,,https://www.flipkart.com/realme-15-pro-5g-flowing-silver-128-gb/p/itm216cdbf4baea0?pid=MOBHDVK2NPXSMFZN&lid=LSTMOBHDVK2NPXSMFZNOCCVK5&marketplace=FLIPKART&q=smart+phones&store=tyy%2F4io&srno=s_35_832&otracker=search&fm=organic&iid=f6cc1d1b-06b9-4947-85ad-4dd42338e7b7.MOBHDVK2NPXSMFZN.SEARCH&ppt=None&ppn=None&ssid=t6q8b5vyog0000001790676266837&qH=a5594894156db043&ov_redirect=true,2026-09-29
833,"Tecno Pova 8 5G (Terminal Green, 128 GB)",Tecno,29999,39999,25% off,4.3,53,21,6 GB RAM,128 GB ROM,8000 mAh Lithium Polymer Battery,Dimensity 7100 Processor,17.17 cm (6.76 inch) Full HD+ Display,50MP Rear Camera | 13MP Front Camera,,https://www.flipkart.com/tecno-pova-8-5g-terminal-green-128-gb/p/itm575d24d0ce5fc?pid=MOBHNR66ADRYQVQR&lid=LSTMOBHNR66ADRYQVQROOOGDI&marketplace=FLIPKART&q=smart+phones&store=tyy%2F4io&srno=s_35_833&otracker=search&fm=organic&iid=f6cc1d1b-06b9-4947-85ad-4dd42338e7b7.MOBHNR66ADRYQVQR.SEARCH&ppt=None&ppn=None&ssid=t6q8b5vyog0000001790676266837&qH=a5594894156db043&ov_redirect=true,2026-09-29
834,"Ai+ Nova 2 Pro 5G (Blue, 128 GB)",Ai+,18999,23999,20% off,4,"1,021",128,8 GB RAM,128 GB ROM,6000 mAh Li-polymer Battery,Dimensity 7100 Processor,17.53 cm (6.9 inch) Full HD+ Display,48MP Rear Camera | 13MP Front Camera,,https://www.flipkart.com/ai-nova-2-pro-5g-blue-128-gb/p/itmd1ea84fa8f73a?pid=MOBHZ8ZMRKCCRXEU&lid=LSTMOBHZ8ZMRKCCRXEUQOKXSE&marketplace=FLIPKART&q=smart+phones&store=tyy%2F4io&srno=s_35_834&otracker=search&fm=organic&iid=f6cc1d1b-06b9-4947-85ad-4dd42338e7b7.MOBHZ8ZMRKCCRXEU.SEARCH&ppt=None&ppn=None&ssid=t6q8b5vyog0000001790676266837&qH=a5594894156db043&ov_redirect=true,2026-09-29
835,"IQOO Neo 10 (Titanium Chrome, 128 GB)",IQOO,46957,48990,4% off,4.5,"2,070",199,8 GB RAM,128 GB ROM,7000 mAh Battery,Qualcomm Processor,17.22 cm (6.78 inch) Full HD+ E3 Super AMOLED Display,50MP + 50MP + 8MP | 32MP + 32MP Dual Front Camera,,https://www.flipkart.com/iqoo-neo-10-titanium-chrome-128-gb/p/itm4faf25d0485ec?pid=MOBHCGTZXBK8HH5N&lid=LSTMOBHCGTZXBK8HH5NMTEWRL&marketplace=FLIPKART&q=smart+phones&store=tyy%2F4io&srno=s_35_835&otracker=search&fm=organic&iid=f6cc1d1b-06b9-4947-85ad-4dd42338e7b7.MOBHCGTZXBK8HH5N.SEARCH&ppt=None&ppn=None&ssid=t6q8b5vyog0000001790676266837&qH=a5594894156db043&ov_redirect=true,2026-09-29
836,"OPPO Reno14 5G (Forest Green, 256 GB)",OPPO,44999,,,4.5,"4,028",474,12 GB RAM,256 GB ROM,6000 mAh Battery,Dimensity 8350 Processor,16.74 cm (6.59 inch) Display,50MP + 8MP + 50MP | 50MP Front Camera,,https://www.flipkart.com/oppo-reno14-5g-forest-green-256-gb/p/itm4d9e853eee6cf?pid=MOBHDDQ9UMHXGZ8P&lid=LSTMOBHDDQ9UMHXGZ8PUTV6FC&marketplace=FLIPKART&q=smart+phones&store=tyy%2F4io&srno=s_35_836&otracker=search&fm=organic&iid=f6cc1d1b-06b9-4947-85ad-4dd42338e7b7.MOBHDDQ9UMHXGZ8P.SEARCH&ppt=None&ppn=None&ssid=t6q8b5vyog0000001790676266837&qH=a5594894156db043&ov_redirect=true,2026-09-29
837,"Tecno Spark Go 3 (Galaxy Blue, 128.0 GB)",Tecno,14999,18999,21% off,4.1,217,15,4 GB RAM,128.0 GB ROM,5000 mAh Lithium Polymer Battery,T7250 Processor,17.12 cm (6.74 inch) HD+ Display,13MP Rear Camera | 8MP Front Camera,,https://www.flipkart.com/tecno-spark-go-3-galaxy-blue-128-0-gb/p/itm2fa7fff320d5a?pid=MOBHQRWN3GYPNZCF&lid=LSTMOBHQRWN3GYPNZCF0ME7YN&marketplace=FLIPKART&q=smart+phones&store=tyy%2F4io&srno=s_35_837&otracker=search&fm=organic&iid=f6cc1d1b-06b9-4947-85ad-4dd42338e7b7.MOBHQRWN3GYPNZCF.SEARCH&ppt=None&ppn=None&ssid=t6q8b5vyog0000001790676266837&qH=a5594894156db043&ov_redirect=true,2026-09-29
838,"Tecno Spark Go 3 (Ink Black, 128.0 GB)",Tecno,14999,18999,21% off,4.1,217,15,4 GB RAM,128.0 GB ROM,5000 mAh Lithium Polymer Battery,T7250 Processor,17.12 cm (6.74 inch) HD+ Display,13MP Rear Camera | 8MP Front Camera,,https://www.flipkart.com/tecno-spark-go-3-ink-black-128-0-gb/p/itm2fa7fff320d5a?pid=MOBHQRWNAEPTQP6S&lid=LSTMOBHQRWNAEPTQP6SASFCB2&marketplace=FLIPKART&q=smart+phones&store=tyy%2F4io&srno=s_35_838&otracker=search&fm=organic&iid=f6cc1d1b-06b9-4947-85ad-4dd42338e7b7.MOBHQRWNAEPTQP6S.SEARCH&ppt=None&ppn=None&ssid=t6q8b5vyog0000001790676266837&qH=a5594894156db043&ov_redirect=true,2026-09-29
839,"Tecno Spark Go 3 (Titanium Grey, 128.0 GB)",Tecno,14999,18999,21% off,4.1,217,15,4 GB RAM,128.0 GB ROM,5000 mAh Lithium Polymer Battery,T7250 Processor,17.12 cm (6.74 inch) HD+ Display,13MP Rear Camera | 8MP Front Camera,,https://www.flipkart.com/tecno-spark-go-3-titanium-grey-128-0-gb/p/itm2fa7fff320d5a?pid=MOBHQRWNCYTZYQQT&lid=LSTMOBHQRWNCYTZYQQTNWZAG9&marketplace=FLIPKART&q=smart+phones&store=tyy%2F4io&srno=s_35_839&otracker=search&fm=organic&iid=f6cc1d1b-06b9-4947-85ad-4dd42338e7b7.MOBHQRWNCYTZYQQT.SEARCH&ppt=None&ppn=None&ssid=t6q8b5vyog0000001790676266837&qH=a5594894156db043&ov_redirect=true,2026-09-29
840,"REDMI Note 15 Pro + 5G (Coffee Mocha, 256 GB)",REDMI,38999,39999,2% off,4.1,117,23,8 GB RAM,256 GB ROM,6500 mAh Battery,,17.35 cm (6.83 inch) Display,200MP Rear Camera,,https://www.flipkart.com/redmi-note-15-pro-5g-coffee-mocha-256-gb/p/itm90a2fdcf3d9a4?pid=MOBHK46MSUZVP7T5&lid=LSTMOBHK46MSUZVP7T5DHHVAY&marketplace=FLIPKART&q=smart+phones&store=tyy%2F4io&srno=s_35_840&otracker=search&fm=organic&iid=f6cc1d1b-06b9-4947-85ad-4dd42338e7b7.MOBHK46MSUZVP7T5.SEARCH&ppt=None&ppn=None&ssid=t6q8b5vyog0000001790676266837&qH=a5594894156db043&ov_redirect=true,2026-09-29
841,"Tecno Spark Go 3 (Titanium Grey, 64 GB)",Tecno,12499,15999,21% off,4.1,217,15,4 GB RAM,64 GB ROM,5000 mAh Lithium Polymer Battery,T7250 Processor,17.12 cm (6.74 inch) HD+ Display,13MP Rear Camera | 8MP Front Camera,,https://www.flipkart.com/tecno-spark-go-3-titanium-grey-64-gb/p/itma9c8f128a61c6?pid=MOBHP2QY7GH4XWWS&lid=LSTMOBHP2QY7GH4XWWSUZBT2N&marketplace=FLIPKART&q=smart+phones&store=tyy%2F4io&srno=s_36_841&otracker=search&fm=organic&iid=en_Av9R_rRwAzheemCCiTsDEaQBz61FTDglEOSkQVSZMb-9l1fR3W19y0rE-3nqG7S6xuSl-jfu2FRRD3-px9HFb5LgCDLd29XPfHChd2SlxWs_LHBhZNSwi1JCcF8FDHVp&ppt=None&ppn=None&ssid=luuud59g340000001790676269739&qH=a5594894156db043&ov_redirect=true,2026-09-29
842,"Tecno Spark Go 3 (Ink Black, 64 GB)",Tecno,12499,15999,21% off,4.1,217,15,4 GB RAM,64 GB ROM,5000 mAh Lithium Polymer Battery,T7250 Processor,17.12 cm (6.74 inch) HD+ Display,13MP Rear Camera | 8MP Front Camera,,https://www.flipkart.com/tecno-spark-go-3-ink-black-64-gb/p/itma9c8f128a61c6?pid=MOBHP2QYCXZZE3CM&lid=LSTMOBHP2QYCXZZE3CMWW64IB&marketplace=FLIPKART&q=smart+phones&store=tyy%2F4io&srno=s_36_842&otracker=search&fm=organic&iid=en_Av9R_rRwAzheemCCiTsDEaQBz61FTDglEOSkQVSZMb_oGEpUUogwkKYR3ZFw2SdnwfAu6s5c53i2tmuGS82SuJLgCDLd29XPfHChd2SlxWs_LHBhZNSwi1JCcF8FDHVp&ppt=None&ppn=None&ssid=luuud59g340000001790676269739&qH=a5594894156db043&ov_redirect=true,2026-09-29
843,"OPPO Reno15 Pro Mini 5G (Cocoa Brown, 512 GB)",OPPO,64999,69999,7% off,4.6,894,117,12 GB RAM,512 GB ROM,6200 mAh Battery,Dimensity 8450 Processor,16.05 cm (6.32 inch) Full HD+ Display,,,https://www.flipkart.com/oppo-reno15-pro-mini-5g-cocoa-brown-512-gb/p/itmf83af4c98921b?pid=MOBHGZZ9HQKQSZGR&lid=LSTMOBHGZZ9HQKQSZGRAIMRPD&marketplace=FLIPKART&q=smart+phones&store=tyy%2F4io&srno=s_36_843&otracker=search&fm=organic&iid=944b22be-0ea3-47b7-a674-1a3b660e7173.MOBHGZZ9HQKQSZGR.SEARCH&ppt=None&ppn=None&ssid=luuud59g340000001790676269739&qH=a5594894156db043&ov_redirect=true,2026-09-29
844,"OPPO Reno15 Pro Mini 5G (Glacier White, 512 GB)",OPPO,64999,69999,7% off,4.6,894,117,12 GB RAM,512 GB ROM,6200 mAh Battery,Dimensity 8450 Processor,16.05 cm (6.32 inch) Full HD+ Display,,,https://www.flipkart.com/oppo-reno15-pro-mini-5g-glacier-white-512-gb/p/itmf83af4c98921b?pid=MOBHGZZ9VJBTTFPP&lid=LSTMOBHGZZ9VJBTTFPPPJRXCK&marketplace=FLIPKART&q=smart+phones&store=tyy%2F4io&srno=s_36_844&otracker=search&fm=organic&iid=944b22be-0ea3-47b7-a674-1a3b660e7173.MOBHGZZ9VJBTTFPP.SEARCH&ppt=None&ppn=None&ssid=luuud59g340000001790676269739&qH=a5594894156db043&ov_redirect=true,2026-09-29
845,"Samsung Galaxy A07 5G (Black, 128 GB)",Samsung,,,,3.9,121,14,4 GB RAM,128 GB ROM,6000 mAh Li-ion Battery,Dimensity 6300 Processor,43.51 cm (17.13 inch) HD+ Display,50MP + 2MP | 8MP Front Camera,,https://www.flipkart.com/samsung-galaxy-a07-5g-black-128-gb/p/itm375542879d8d6?pid=MOBHJXB275FJUHAG&q=smart+phones&store=tyy%2F4io&srno=s_36_845&otracker=search&fm=organic&iid=944b22be-0ea3-47b7-a674-1a3b660e7173.MOBHJXB275FJUHAG.SEARCH&ppt=None&ppn=None&ssid=luuud59g340000001790676269739&qH=a5594894156db043&ov_redirect=true,2026-09-29
846,"Samsung Galaxy F36 5G (Black, 128 GB)",Samsung,22999,24499,6% off,4.2,"7,217",636,8 GB RAM,128 GB ROM,5000 mAh Battery,Samsung Exynos 1380 Processor,17.02 cm (6.7 inch) Full HD+ Display,50MP + 8MP + 2MP | 13MP Front Camera,,https://www.flipkart.com/samsung-galaxy-f36-5g-black-128-gb/p/itmdb947dbfafb72?pid=MOBHDFVTMYJDJ8YS&lid=LSTMOBHDFVTMYJDJ8YSOKLDXC&marketplace=FLIPKART&q=smart+phones&store=tyy%2F4io&srno=s_36_846&otracker=search&fm=organic&iid=944b22be-0ea3-47b7-a674-1a3b660e7173.MOBHDFVTMYJDJ8YS.SEARCH&ppt=None&ppn=None&ssid=luuud59g340000001790676269739&qH=a5594894156db043&ov_redirect=true,2026-09-29
847,"realme P4 Lite 5G (Mosaic Blue, 128 GB)",realme,23999,36999,35% off,4.2,"2,429",198,6 GB RAM,128 GB ROM,7000 mAh lithium-ion polymer Battery,Dimensity 6300 Processor,17.27 cm (6.8 inches) HD+ Display,13MP Rear Camera | 5MP Front Camera,,https://www.flipkart.com/realme-p4-lite-5g-mosaic-blue-128-gb/p/itm90c243961f214?pid=MOBHN7A8AG9TYTW6&lid=LSTMOBHN7A8AG9TYTW6TPN67C&marketplace=FLIPKART&q=smart+phones&store=tyy%2F4io&srno=s_36_847&otracker=search&fm=organic&iid=944b22be-0ea3-47b7-a674-1a3b660e7173.MOBHN7A8AG9TYTW6.SEARCH&ppt=None&ppn=None&ssid=luuud59g340000001790676269739&qH=a5594894156db043&ov_redirect=true,2026-09-29
848,"Tecno Pova 8 5G (16 Bit White, 128 GB)",Tecno,29999,39999,25% off,4.3,53,21,6 GB RAM,128 GB ROM,8000 mAh Lithium Polymer Battery,Dimensity 7100 Processor,17.17 cm (6.76 inch) Full HD+ Display,50MP Rear Camera | 13MP Front Camera,,https://www.flipkart.com/tecno-pova-8-5g-16-bit-white-128-gb/p/itm575d24d0ce5fc?pid=MOBHNR66ZZRFCWSY&lid=LSTMOBHNR66ZZRFCWSY4NBPYA&marketplace=FLIPKART&q=smart+phones&store=tyy%2F4io&srno=s_36_848&otracker=search&fm=organic&iid=944b22be-0ea3-47b7-a674-1a3b660e7173.MOBHNR66ZZRFCWSY.SEARCH&ppt=None&ppn=None&ssid=luuud59g340000001790676269739&qH=a5594894156db043&ov_redirect=true,2026-09-29
849,"realme 16 5G (Air White, 128 GB)",realme,36999,41999,11% off,4,"1,013",112,8 GB RAM,128 GB ROM,7000 mAh Battery,Dimensity 6400 Turbo Processor,16.69 cm (6.57 inch) Full HD+ AMOLED Display,50MP + 2MP | 50MP Front Camera,,https://www.flipkart.com/realme-16-5g-air-white-128-gb/p/itm7b0c4cd95742b?pid=MOBHHM6T2WKRGYRP&lid=LSTMOBHHM6T2WKRGYRPTSJFBP&marketplace=FLIPKART&q=smart+phones&store=tyy%2F4io&srno=s_36_849&otracker=search&fm=organic&iid=944b22be-0ea3-47b7-a674-1a3b660e7173.MOBHHM6T2WKRGYRP.SEARCH&ppt=None&ppn=None&ssid=luuud59g340000001790676269739&qH=a5594894156db043&ov_redirect=true,2026-09-29
850,"Nothing Phone (4b) (White, 256 GB)",Nothing,40999,59999,31% off,4.3,"1,816",179,8 GB RAM,256 GB ROM,6000 mAh Lithium ion Battery,6 Gen 4 Processor,17.2 cm (6.77 inch) Full HD+ AMOLED Display,50MP + 8MP | 16MP Front Camera,,https://www.flipkart.com/nothing-phone-4b-white-256-gb/p/itm939608b40adbb?pid=MOBHZMBD5MZZDUYA&lid=LSTMOBHZMBD5MZZDUYAIWDKYR&marketplace=FLIPKART&q=smart+phones&store=tyy%2F4io&srno=s_36_850&otracker=search&fm=organic&iid=944b22be-0ea3-47b7-a674-1a3b660e7173.MOBHZMBD5MZZDUYA.SEARCH&ppt=None&ppn=None&ssid=luuud59g340000001790676269739&qH=a5594894156db043&ov_redirect=true,2026-09-29
851,"Nothing Phone (4a) (Pink, 256 GB)",Nothing,46999,,,4.5,"1,557",154,12 GB RAM,256 GB ROM,5400 mAh Lithium ion Battery,Snapdragon 7s Gen 4 Processor,17.22 cm (6.78 inch) Full HD+ AMOLED Display,50MP + 50MP + 8MP | 32MP Front Camera,,https://www.flipkart.com/nothing-phone-4a-pink-256-gb/p/itm47712249513d4?pid=MOBHM2ZUZRZARU6Z&lid=LSTMOBHM2ZUZRZARU6Z0ACBE2&marketplace=FLIPKART&q=smart+phones&store=tyy%2F4io&srno=s_36_851&otracker=search&fm=organic&iid=944b22be-0ea3-47b7-a674-1a3b660e7173.MOBHM2ZUZRZARU6Z.SEARCH&ppt=None&ppn=None&ssid=luuud59g340000001790676269739&qH=a5594894156db043&ov_redirect=true,2026-09-29
852,"Apple iPhone 17 (Black, 256 GB)",Apple,99900,,,4.6,"28,118","2,038",,,,"A19 Chip, 6 Core Processor Processor",16.0 cm (6.3 inch) Super Retina XDR Display,48MP + 48MP | 18MP Front Camera,,https://www.flipkart.com/apple-iphone-17-black-256-gb/p/itmc61b40459dd98?pid=MOBHQV9YCUG4ZQZK&lid=LSTMOBHQV9YCUG4ZQZKUTWGGY&marketplace=FLIPKART&q=smart+phones&store=tyy%2F4io&srno=s_36_852&otracker=search&fm=organic&iid=944b22be-0ea3-47b7-a674-1a3b660e7173.MOBHQV9YCUG4ZQZK.SEARCH&ppt=None&ppn=None&ssid=luuud59g340000001790676269739&qH=a5594894156db043&ov_redirect=true,2026-09-29
853,"OPPO Reno15 5G (Aurora Blue, 256 GB)",OPPO,47999,49999,4% off,4.4,969,126,8 GB RAM,256 GB ROM,6500 mAh Battery,7 Gen 4 Processor,16.74 cm (6.59 inch) Full HD+ Display,,,https://www.flipkart.com/oppo-reno15-5g-aurora-blue-256-gb/p/itm37cc91d1c2807?pid=MOBHGZZ9TYSGJU8W&lid=LSTMOBHGZZ9TYSGJU8WLRVMQL&marketplace=FLIPKART&q=smart+phones&store=tyy%2F4io&srno=s_36_853&otracker=search&fm=organic&iid=944b22be-0ea3-47b7-a674-1a3b660e7173.MOBHGZZ9TYSGJU8W.SEARCH&ppt=None&ppn=None&ssid=luuud59g340000001790676269739&qH=a5594894156db043&ov_redirect=true,2026-09-29
854,"Samsung Galaxy A56 5G (Dark Blue, 128 GB)",Samsung,36490,49999,27% off,4.4,"1,044",80,8 GB RAM,128 GB ROM,5000 mAh Battery,Samsng Exynos 1580 Processor,17.02 cm (6.7 inch) Full HD+ Display,50MP + 12MP + 5MP | 12MP Front Camera,,https://www.flipkart.com/samsung-galaxy-a56-5g-dark-blue-128-gb/p/itmee04eb4586b5a?pid=MOBHQBE6G85PXAYG&lid=LSTMOBHQBE6G85PXAYGB0K3E5&marketplace=FLIPKART&q=smart+phones&store=tyy%2F4io&srno=s_36_854&otracker=search&fm=organic&iid=944b22be-0ea3-47b7-a674-1a3b660e7173.MOBHQBE6G85PXAYG.SEARCH&ppt=None&ppn=None&ssid=luuud59g340000001790676269739&qH=a5594894156db043&ov_redirect=true,2026-09-29
855,"Ai+ Nova 2 Neo 5G (rogue red, 64 GB)",Ai+,14999,17999,16% off,4.3,"2,327",201,4 GB RAM,64 GB ROM,6000 mAh Li-polymer Battery,Dimensity 6300 Processor,17.13 cm (6.745 inch) HD+ Display,48MP Rear Camera | 8MP Front Camera,,https://www.flipkart.com/ai-nova-2-neo-5g-rogue-red-64-gb/p/itm37411a4016af8?pid=MOBHZGHF2FZ2NHMV&lid=LSTMOBHZGHF2FZ2NHMVFAZS5Z&marketplace=FLIPKART&q=smart+phones&store=tyy%2F4io&srno=s_36_855&otracker=search&fm=organic&iid=944b22be-0ea3-47b7-a674-1a3b660e7173.MOBHZGHF2FZ2NHMV.SEARCH&ppt=None&ppn=None&ssid=luuud59g340000001790676269739&qH=a5594894156db043&ov_redirect=true,2026-09-29
856,"Infinix NOTE 60 Pro (Deep Ocean Blue, 256 GB)",Infinix,39999,44999,11% off,4.4,"1,734",279,8 GB RAM,256 GB ROM,6500 mAh Battery,Snapdragon 7s Gen 4 Processor,17.22 cm (6.78 inch) Full HD+ AMOLED Display,50MP + 8MP | 13MP Front Camera,,https://www.flipkart.com/infinix-note-60-pro-deep-ocean-blue-256-gb/p/itm7681d00923b3c?pid=MOBHHVE2RZYGHRP5&lid=LSTMOBHHVE2RZYGHRP5ICD1PS&marketplace=FLIPKART&q=smart+phones&store=tyy%2F4io&srno=s_36_856&otracker=search&fm=organic&iid=944b22be-0ea3-47b7-a674-1a3b660e7173.MOBHHVE2RZYGHRP5.SEARCH&ppt=None&ppn=None&ssid=luuud59g340000001790676269739&qH=a5594894156db043&ov_redirect=true,2026-09-29
857,"POCO C81 (Sunset Gold, 64 GB)",POCO,13499,19999,32% off,3.7,520,44,4 GB RAM,64 GB ROM,6300 mAh Lithium-Ion Polymer Battery,T7250 Processor,17.53 cm (6.9 inch) Display,13MP Rear Camera | 8MP Front Camera,,https://www.flipkart.com/poco-c81-sunset-gold-64-gb/p/itmd046653de9427?pid=MOBHMYWRFE7GZVJF&lid=LSTMOBHMYWRFE7GZVJFDOOJZL&marketplace=FLIPKART&q=smart+phones&store=tyy%2F4io&srno=s_36_857&otracker=search&fm=organic&iid=944b22be-0ea3-47b7-a674-1a3b660e7173.MOBHMYWRFE7GZVJF.SEARCH&ppt=None&ppn=None&ssid=luuud59g340000001790676269739&qH=a5594894156db043&ov_redirect=true,2026-09-29
858,"IQOO 15R 5G (Triumph Silver, 512 GB)",IQOO,69990,87999,20% off,4.6,279,32,12 GB RAM,512 GB ROM,7600 mAh Battery,,16.74 cm (6.59 inch) Display,50MP Rear Camera,,https://www.flipkart.com/iqoo-15r-5g-triumph-silver-512-gb/p/itm7bc8aee18f590?pid=MOBHHY4HUDPZZPFT&lid=LSTMOBHHY4HUDPZZPFTN3SUEP&marketplace=FLIPKART&q=smart+phones&store=tyy%2F4io&srno=s_36_858&otracker=search&fm=organic&iid=944b22be-0ea3-47b7-a674-1a3b660e7173.MOBHHY4HUDPZZPFT.SEARCH&ppt=None&ppn=None&ssid=luuud59g340000001790676269739&qH=a5594894156db043&ov_redirect=true,2026-09-29
859,"Nothing Phone (4b) (Blue, 128 GB)",Nothing,39999,54999,27% off,4.3,"1,816",179,8 GB RAM,128 GB ROM,6000 mAh Lithium ion Battery,6 Gen 4 Processor,17.2 cm (6.77 inch) Full HD+ AMOLED Display,50MP + 8MP | 16MP Front Camera,,https://www.flipkart.com/nothing-phone-4b-blue-128-gb/p/itm939608b40adbb?pid=MOBHZMBD9WNP9HHB&lid=LSTMOBHZMBD9WNP9HHBUJTCGV&marketplace=FLIPKART&q=smart+phones&store=tyy%2F4io&srno=s_36_859&otracker=search&fm=organic&iid=944b22be-0ea3-47b7-a674-1a3b660e7173.MOBHZMBD9WNP9HHB.SEARCH&ppt=None&ppn=None&ssid=luuud59g340000001790676269739&qH=a5594894156db043&ov_redirect=true,2026-09-29
860,"OPPO F33 5G (Forest Green, 256 GB)",OPPO,39999,55999,28% off,4.3,175,22,8 GB RAM,256 GB ROM,7000 mAh lithium-ion polymer Battery,Dimensity 6360 MAX Processor,16.69 cm (6.57 inch) Full HD+ AMOLED Display,50MP + 2MP | 16MP Front Camera,,https://www.flipkart.com/oppo-f33-5g-forest-green-256-gb/p/itm8c5d4a65602fd?pid=MOBHM48FHHMNQPZG&lid=LSTMOBHM48FHHMNQPZGFSNDAF&marketplace=FLIPKART&q=smart+phones&store=tyy%2F4io&srno=s_36_860&otracker=search&fm=organic&iid=944b22be-0ea3-47b7-a674-1a3b660e7173.MOBHM48FHHMNQPZG.SEARCH&ppt=None&ppn=None&ssid=luuud59g340000001790676269739&qH=a5594894156db043&ov_redirect=true,2026-09-29
861,"OPPO F33 5G (Pearl White, 128 GB)",OPPO,36999,52999,30% off,4.3,175,22,8 GB RAM,128 GB ROM,7000 mAh lithium-ion polymer Battery,Dimensity 6360 MAX Processor,16.69 cm (6.57 inch) Full HD+ AMOLED Display,50MP + 2MP | 16MP Front Camera,,https://www.flipkart.com/oppo-f33-5g-pearl-white-128-gb/p/itm8c5d4a65602fd?pid=MOBHM48FPDYAV84F&lid=LSTMOBHM48FPDYAV84FRXBDVM&marketplace=FLIPKART&q=smart+phones&store=tyy%2F4io&srno=s_36_861&otracker=search&fm=organic&iid=944b22be-0ea3-47b7-a674-1a3b660e7173.MOBHM48FPDYAV84F.SEARCH&ppt=None&ppn=None&ssid=luuud59g340000001790676269739&qH=a5594894156db043&ov_redirect=true,2026-09-29
862,"Ai+ Nova 2 Neo 5G (Blue, 64 GB)",Ai+,14999,17999,16% off,4.3,"2,327",201,4 GB RAM,64 GB ROM,6000 mAh Li-polymer Battery,Dimensity 6300 Processor,17.13 cm (6.745 inch) HD+ Display,48MP Rear Camera | 8MP Front Camera,,https://www.flipkart.com/ai-nova-2-neo-5g-blue-64-gb/p/itm9cecebc4cb5bb?pid=MOBHZ8ZMUE2GBADZ&lid=LSTMOBHZ8ZMUE2GBADZGIDDQX&marketplace=FLIPKART&q=smart+phones&store=tyy%2F4io&srno=s_36_862&otracker=search&fm=organic&iid=944b22be-0ea3-47b7-a674-1a3b660e7173.MOBHZ8ZMUE2GBADZ.SEARCH&ppt=None&ppn=None&ssid=luuud59g340000001790676269739&qH=a5594894156db043&ov_redirect=true,2026-09-29
863,"REDMI Note 15 SE 5G (Carbon Black, 256 GB)",REDMI,29999,37999,21% off,4.3,"3,403",323,8 GB RAM,256 GB ROM,5800 mAh Lithium-Ion Polymer Battery,Snapdragon 6 Gen 3 Processor,17.2 cm (6.77 inch) Full HD+ AMOLED Display,50MP Rear Camera | 20MP Front Camera,,https://www.flipkart.com/redmi-note-15-se-5g-carbon-black-256-gb/p/itmebf9f68aea44e?pid=MOBHN52FYUMHG9WD&lid=LSTMOBHN52FYUMHG9WDOOEWBP&marketplace=FLIPKART&q=smart+phones&store=tyy%2F4io&srno=s_36_863&otracker=search&fm=organic&iid=944b22be-0ea3-47b7-a674-1a3b660e7173.MOBHN52FYUMHG9WD.SEARCH&ppt=None&ppn=None&ssid=luuud59g340000001790676269739&qH=a5594894156db043&ov_redirect=true,2026-09-29
864,"realme 14 Pro+ 5G (Suede Grey, 256 GB)",realme,34999,37999,7% off,4.4,"8,709","1,023",12 GB RAM,256 GB ROM,6000 mAh Battery,7s Gen 3 Mobile Platform Processor,17.35 cm (6.83 inch) Display,50MP + 50MP + 8MP | 32MP Front Camera,,https://www.flipkart.com/realme-14-pro-5g-suede-grey-256-gb/p/itmb5105a70ea6a6?pid=MOBH84ZXNJEVW9GZ&lid=LSTMOBH84ZXNJEVW9GZCAAB2L&marketplace=FLIPKART&q=smart+phones&store=tyy%2F4io&srno=s_36_864&otracker=search&fm=organic&iid=944b22be-0ea3-47b7-a674-1a3b660e7173.MOBH84ZXNJEVW9GZ.SEARCH&ppt=None&ppn=None&ssid=luuud59g340000001790676269739&qH=a5594894156db043&ov_redirect=true,2026-09-29
865,"realme P4R 5G (Silver Glare, 64 GB)",realme,20999,32999,36% off,4.2,"2,654",230,4 GB RAM,64 GB ROM,8000 mAh Lithium-ion polymer Battery,Dimensity 6300 Processor,17.27 cm (6.8 inch) HD+ Display,50MP Rear Camera | 8MP Front Camera,,https://www.flipkart.com/realme-p4r-5g-silver-glare-64-gb/p/itmb42ae388c1ef6?pid=MOBHP2V864KVEWSG&lid=LSTMOBHP2V864KVEWSG9LSWEC&marketplace=FLIPKART&q=smart+phones&store=tyy%2F4io&srno=s_37_865&otracker=search&fm=organic&iid=ed6ea261-1d23-490d-bb51-6c75311bff10.MOBHP2V864KVEWSG.SEARCH&ppt=None&ppn=None&ssid=q03zve2pu80000001790676272525&qH=a5594894156db043&ov_redirect=true,2026-09-29
866,"realme Narzo Power 5G (Titan Blue, 128 GB)",realme,29322,35999,18% off,4.3,106,10,8 GB RAM,128 GB ROM,10001 mAh Battery,,17.27 cm (6.8 inch) Display,50MP Rear Camera,,https://www.flipkart.com/realme-narzo-power-5g-titan-blue-128-gb/p/itmb7d628c2b23a9?pid=MOBHHGXKXMFAZHUQ&lid=LSTMOBHHGXKXMFAZHUQISY5XA&marketplace=FLIPKART&q=smart+phones&store=tyy%2F4io&srno=s_37_866&otracker=search&fm=organic&iid=ed6ea261-1d23-490d-bb51-6c75311bff10.MOBHHGXKXMFAZHUQ.SEARCH&ppt=None&ppn=None&ssid=q03zve2pu80000001790676272525&qH=a5594894156db043&ov_redirect=true,2026-09-29
867,"Tecno Spark Go 3 (Titanium Grey, 64 GB)",Tecno,12499,15999,21% off,4.1,217,15,4 GB RAM,64 GB ROM,5000 mAh Lithium Polymer Battery,T7250 Processor,17.12 cm (6.74 inch) HD+ Display,13MP Rear Camera | 8MP Front Camera,,https://www.flipkart.com/tecno-spark-go-3-titanium-grey-64-gb/p/itma9c8f128a61c6?pid=MOBHP2QY7GH4XWWS&lid=LSTMOBHP2QY7GH4XWWSUZBT2N&marketplace=FLIPKART&q=smart+phones&store=tyy%2F4io&srno=s_37_867&otracker=search&fm=organic&iid=en_irLI9UP-Q-zltZ8bgUIMf2XMFJgCJms2O6kzE3-5mr7dyBZMLRDimQt59sJ46EXixuSl-jfu2FRRD3-px9HFb5LgCDLd29XPfHChd2SlxWuLlKDefEwjSz2qxHSRhf8k&ppt=None&ppn=None&ssid=q03zve2pu80000001790676272525&qH=a5594894156db043&ov_redirect=true,2026-09-29
868,"Tecno Spark Go 3 (Ink Black, 64 GB)",Tecno,12499,15999,21% off,4.1,217,15,4 GB RAM,64 GB ROM,5000 mAh Lithium Polymer Battery,T7250 Processor,17.12 cm (6.74 inch) HD+ Display,13MP Rear Camera | 8MP Front Camera,,https://www.flipkart.com/tecno-spark-go-3-ink-black-64-gb/p/itma9c8f128a61c6?pid=MOBHP2QYCXZZE3CM&lid=LSTMOBHP2QYCXZZE3CMWW64IB&marketplace=FLIPKART&q=smart+phones&store=tyy%2F4io&srno=s_37_868&otracker=search&fm=organic&iid=en_irLI9UP-Q-zltZ8bgUIMf2XMFJgCJms2O6kzE3-5mr5O0hT04-uJcs-KL2NdA-oewfAu6s5c53i2tmuGS82SuJLgCDLd29XPfHChd2SlxWuLlKDefEwjSz2qxHSRhf8k&ppt=None&ppn=None&ssid=q03zve2pu80000001790676272525&qH=a5594894156db043&ov_redirect=true,2026-09-29
869,"REDMI Note 15 Pro+ 5G Special Edition Coffee Mocha 16GB RAM 512GB ROM (Coffee Mocha, 512 GB)",REDMI,49999,59999,16% off,4.8,5,1,16 GB RAM,512 GB ROM,6500 mAh Lithium-Ion Battery,7s Gen 4 Processor,17.35 cm (6.83 inch) Full HD+ AMOLED Display,200MP Rear Camera,,https://www.flipkart.com/redmi-note-15-pro-5g-special-coffee-mocha-16gb-ram-512gb-rom-coffee-mocha-512-gb/p/itm2a082fd4b24b2?pid=MOBHPHU7QHRVGRW2&lid=LSTMOBHPHU7QHRVGRW23L4DMS&marketplace=FLIPKART&q=smart+phones&store=tyy%2F4io&srno=s_37_869&otracker=search&fm=organic&iid=ed6ea261-1d23-490d-bb51-6c75311bff10.MOBHPHU7QHRVGRW2.SEARCH&ppt=None&ppn=None&ssid=q03zve2pu80000001790676272525&qH=a5594894156db043&ov_redirect=true,2026-09-29
870,"Samsung Galaxy S24 5G Snapdragon (Onyx Black, 256 GB)",Samsung,55999,79999,30% off,4.6,"57,466","4,581",8 GB RAM,256 GB ROM,4000 mAh Battery,8 Gen 3 Processor,15.75 cm (6.2 inch) Full HD+ Display,50MP + 12MP | 12MP Front Camera,,https://www.flipkart.com/samsung-galaxy-s24-5g-snapdragon-onyx-black-256-gb/p/itm0eb31619428e4?pid=MOBHDVFKVGGGHBDX&lid=LSTMOBHDVFKVGGGHBDX8KNAAD&marketplace=FLIPKART&q=smart+phones&store=tyy%2F4io&srno=s_37_870&otracker=search&fm=organic&iid=ed6ea261-1d23-490d-bb51-6c75311bff10.MOBHDVFKVGGGHBDX.SEARCH&ppt=None&ppn=None&ssid=q03zve2pu80000001790676272525&qH=a5594894156db043&ov_redirect=true,2026-09-29
871,"MOTOROLA Edge 70 Pro+ (Twill Inspired PANTONE Stormy sea (Green), 256 GB)",MOTOROLA,47999,84999,43% off,4.2,539,81,12 GB RAM,256 GB ROM,6500 mAh Silicon-Carbon Battery,Dimensity 8500 Extreme Processor,17.27 cm (6.8 inch) Full HD+ Super AMOLED Display,50MP + 50MP + 50MP | 50MP Front Camera,,https://www.flipkart.com/motorola-edge-70-pro-twill-inspired-pantone-stormy-sea-green-256-gb/p/itm79d34f83fb1e7?pid=MOBHHXQRYAYXMA86&lid=LSTMOBHHXQRYAYXMA86JVCHQB&marketplace=FLIPKART&q=smart+phones&store=tyy%2F4io&srno=s_37_871&otracker=search&fm=organic&iid=ed6ea261-1d23-490d-bb51-6c75311bff10.MOBHHXQRYAYXMA86.SEARCH&ppt=None&ppn=None&ssid=q03zve2pu80000001790676272525&qH=a5594894156db043&ov_redirect=true,2026-09-29
872,"Infinix NOTE 60 Pro (Frost Silver, 128 GB)",Infinix,35999,49999,28% off,4.4,"1,734",279,8 GB RAM,128 GB ROM,6500 mAh Battery,Snapdragon 7s Gen 4 Processor,17.22 cm (6.78 inch) Full HD+ AMOLED Display,50MP + 8MP | 13MP Front Camera,,https://www.flipkart.com/infinix-note-60-pro-frost-silver-128-gb/p/itm7681d00923b3c?pid=MOBHZB2BNPNMSV2Z&lid=LSTMOBHZB2BNPNMSV2ZW64TFJ&marketplace=FLIPKART&q=smart+phones&store=tyy%2F4io&srno=s_37_872&otracker=search&fm=organic&iid=ed6ea261-1d23-490d-bb51-6c75311bff10.MOBHZB2BNPNMSV2Z.SEARCH&ppt=None&ppn=None&ssid=q03zve2pu80000001790676272525&qH=a5594894156db043&ov_redirect=true,2026-09-29
873,"realme 15T 5G (Flowing Silver, 128 GB)",realme,27999,31999,12% off,4.2,"6,632",583,8 GB RAM,128 GB ROM,7000 mAh Battery,MediaTek Dimensity 6400 MAX Processor,16.69 cm (6.57 inch) Full HD Display,50MP + 2MP | 50MP Front Camera,,https://www.flipkart.com/realme-15t-5g-flowing-silver-128-gb/p/itm3f28d98da183c?pid=MOBHHY7VYVHQUFPA&lid=LSTMOBHHY7VYVHQUFPA5WHH28&marketplace=FLIPKART&q=smart+phones&store=tyy%2F4io&srno=s_37_873&otracker=search&fm=organic&iid=ed6ea261-1d23-490d-bb51-6c75311bff10.MOBHHY7VYVHQUFPA.SEARCH&ppt=None&ppn=None&ssid=q03zve2pu80000001790676272525&qH=a5594894156db043&ov_redirect=true,2026-09-29
874,"Infinix NOTE 60 Pro (Mist Titanium, 256 GB)",Infinix,39999,54999,27% off,4.4,"1,734",279,8 GB RAM,256 GB ROM,6500 mAh Battery,Snapdragon 7s Gen 4 Processor,17.22 cm (6.78 inch) Full HD+ AMOLED Display,50MP + 8MP | 13MP Front Camera,,https://www.flipkart.com/infinix-note-60-pro-mist-titanium-256-gb/p/itm7681d00923b3c?pid=MOBHPFWHAYHYDX7F&lid=LSTMOBHPFWHAYHYDX7FVMDPUE&marketplace=FLIPKART&q=smart+phones&store=tyy%2F4io&srno=s_37_874&otracker=search&fm=organic&iid=ed6ea261-1d23-490d-bb51-6c75311bff10.MOBHPFWHAYHYDX7F.SEARCH&ppt=None&ppn=None&ssid=q03zve2pu80000001790676272525&qH=a5594894156db043&ov_redirect=true,2026-09-29
875,"Infinix NOTE 60 Pro (Frost Silver, 256 GB)",Infinix,39999,54999,27% off,4.4,"1,734",279,8 GB RAM,256 GB ROM,6500 mAh Battery,Snapdragon 7s Gen 4 Processor,17.22 cm (6.78 inch) Full HD+ AMOLED Display,50MP + 8MP | 13MP Front Camera,,https://www.flipkart.com/infinix-note-60-pro-frost-silver-256-gb/p/itm7681d00923b3c?pid=MOBHZB2BZAHHRKAF&lid=LSTMOBHZB2BZAHHRKAFJOZA86&marketplace=FLIPKART&q=smart+phones&store=tyy%2F4io&srno=s_37_875&otracker=search&fm=organic&iid=ed6ea261-1d23-490d-bb51-6c75311bff10.MOBHZB2BZAHHRKAF.SEARCH&ppt=None&ppn=None&ssid=q03zve2pu80000001790676272525&qH=a5594894156db043&ov_redirect=true,2026-09-29
876,"Infinix HOT 60i 5G (Sleek Black, 128 GB)",Infinix,17499,24999,30% off,4.3,"1,582",148,4 GB RAM,128 GB ROM,6000 mAh Battery,Dimensity 6400 Processor,17.14 cm (6.75 inch) HD+ Display,50MP Rear Camera | 5MP Front Camera,,https://www.flipkart.com/infinix-hot-60i-5g-sleek-black-128-gb/p/itm1cb6bf875f6e0?pid=MOBHERZEA3AN4VMQ&lid=LSTMOBHERZEA3AN4VMQDNJOFQ&marketplace=FLIPKART&q=smart+phones&store=tyy%2F4io&srno=s_37_876&otracker=search&fm=organic&iid=ed6ea261-1d23-490d-bb51-6c75311bff10.MOBHERZEA3AN4VMQ.SEARCH&ppt=None&ppn=None&ssid=q03zve2pu80000001790676272525&qH=a5594894156db043&ov_redirect=true,2026-09-29
877,"Infinix HOT 60i 5G (Plum Red, 128 GB)",Infinix,17499,24999,30% off,4.3,"1,582",148,4 GB RAM,128 GB ROM,6000 mAh Battery,Dimensity 6400 Processor,17.14 cm (6.75 inch) HD+ Display,50MP Rear Camera | 5MP Front Camera,,https://www.flipkart.com/infinix-hot-60i-5g-plum-red-128-gb/p/itm1cb6bf875f6e0?pid=MOBHERZEBTBE6KDK&lid=LSTMOBHERZEBTBE6KDKNJ5RAI&marketplace=FLIPKART&q=smart+phones&store=tyy%2F4io&srno=s_37_877&otracker=search&fm=organic&iid=ed6ea261-1d23-490d-bb51-6c75311bff10.MOBHERZEBTBE6KDK.SEARCH&ppt=None&ppn=None&ssid=q03zve2pu80000001790676272525&qH=a5594894156db043&ov_redirect=true,2026-09-29
878,"Infinix HOT 60i 5G (Monsoon Green, 128 GB)",Infinix,17499,24999,30% off,4.3,"1,582",148,4 GB RAM,128 GB ROM,6000 mAh Battery,Dimensity 6400 Processor,17.14 cm (6.75 inch) HD+ Display,50MP Rear Camera | 5MP Front Camera,,https://www.flipkart.com/infinix-hot-60i-5g-monsoon-green-128-gb/p/itm1cb6bf875f6e0?pid=MOBHERZEN4ZUNYQV&lid=LSTMOBHERZEN4ZUNYQVV7FU5F&marketplace=FLIPKART&q=smart+phones&store=tyy%2F4io&srno=s_37_878&otracker=search&fm=organic&iid=ed6ea261-1d23-490d-bb51-6c75311bff10.MOBHERZEN4ZUNYQV.SEARCH&ppt=None&ppn=None&ssid=q03zve2pu80000001790676272525&qH=a5594894156db043&ov_redirect=true,2026-09-29
879,"Infinix HOT 60i 5G (Shadow Blue, 128 GB)",Infinix,17499,24999,30% off,4.3,"1,582",148,4 GB RAM,128 GB ROM,6000 mAh Battery,Dimensity 6400 Processor,17.14 cm (6.75 inch) HD+ Display,50MP Rear Camera | 5MP Front Camera,,https://www.flipkart.com/infinix-hot-60i-5g-shadow-blue-128-gb/p/itm1cb6bf875f6e0?pid=MOBHERZERAFFCH7M&lid=LSTMOBHERZERAFFCH7MDSZZDP&marketplace=FLIPKART&q=smart+phones&store=tyy%2F4io&srno=s_37_879&otracker=search&fm=organic&iid=ed6ea261-1d23-490d-bb51-6c75311bff10.MOBHERZERAFFCH7M.SEARCH&ppt=None&ppn=None&ssid=q03zve2pu80000001790676272525&qH=a5594894156db043&ov_redirect=true,2026-09-29
880,"vivo X300 FE (Lilac Purple, 512 GB)",vivo,99999,129999,23% off,4.6,430,60,12 GB RAM,512 GB ROM,6500 mAh Battery,Snapdragon 8 Gen 5 Processor,16.03 cm (6.31 inch) Full HD+ AMOLED Display,50MP + 50MP + 8MP | 50MP Front Camera,,https://www.flipkart.com/vivo-x300-fe-lilac-purple-512-gb/p/itm0c1929579cabb?pid=MOBHMKZ89GMYKBMG&lid=LSTMOBHMKZ89GMYKBMGNYB2IT&marketplace=FLIPKART&q=smart+phones&store=tyy%2F4io&srno=s_37_880&otracker=search&fm=organic&iid=ed6ea261-1d23-490d-bb51-6c75311bff10.MOBHMKZ89GMYKBMG.SEARCH&ppt=None&ppn=None&ssid=q03zve2pu80000001790676272525&qH=a5594894156db043&ov_redirect=true,2026-09-29
881,"MOTOROLA Edge 70 Fusion Snapdragon (Pantone ORIENT BLUE, 256 GB)",MOTOROLA,34999,59999,41% off,4.3,"6,803",753,12 GB RAM,256 GB ROM,7000 mAh Battery,Snapdragon 7s Gen 4 Processor,17.27 cm (6.8 inch) Super HD Display,50MP + 13MP | 32MP Front Camera,,https://www.flipkart.com/motorola-edge-70-fusion-snapdragon-pantone-orient-blue-256-gb/p/itm0f75501cb27b3?pid=MOBHN973ZNVAMG7V&lid=LSTMOBHN973ZNVAMG7V2L9WLM&marketplace=FLIPKART&q=smart+phones&store=tyy%2F4io&srno=s_37_881&otracker=search&fm=organic&iid=ed6ea261-1d23-490d-bb51-6c75311bff10.MOBHN973ZNVAMG7V.SEARCH&ppt=None&ppn=None&ssid=q03zve2pu80000001790676272525&qH=a5594894156db043&ov_redirect=true,2026-09-29
882,"Infinix NOTE 60 Pro (Torino Black, 256 GB)",Infinix,40999,44999,8% off,4.4,"1,734",279,8 GB RAM,256 GB ROM,6500 mAh Battery,Snapdragon 7s Gen 4 Processor,17.22 cm (6.78 inch) Full HD+ AMOLED Display,50MP + 8MP | 13MP Front Camera,,https://www.flipkart.com/infinix-note-60-pro-torino-black-256-gb/p/itm7681d00923b3c?pid=MOBHZF2YKF3NGZDZ&lid=LSTMOBHZF2YKF3NGZDZTRHFAM&marketplace=FLIPKART&q=smart+phones&store=tyy%2F4io&srno=s_37_882&otracker=search&fm=organic&iid=ed6ea261-1d23-490d-bb51-6c75311bff10.MOBHZF2YKF3NGZDZ.SEARCH&ppt=None&ppn=None&ssid=q03zve2pu80000001790676272525&qH=a5594894156db043&ov_redirect=true,2026-09-29
883,"OPPO F33 5G (Forest Green, 128 GB)",OPPO,36999,52999,30% off,4.3,175,22,8 GB RAM,128 GB ROM,7000 mAh lithium-ion polymer Battery,Dimensity 6360 MAX Processor,16.69 cm (6.57 inch) Full HD+ AMOLED Display,50MP + 2MP | 16MP Front Camera,,https://www.flipkart.com/oppo-f33-5g-forest-green-128-gb/p/itm8c5d4a65602fd?pid=MOBHM48FAG5NJ2VJ&lid=LSTMOBHM48FAG5NJ2VJ6EHHZM&marketplace=FLIPKART&q=smart+phones&store=tyy%2F4io&srno=s_37_883&otracker=search&fm=organic&iid=ed6ea261-1d23-490d-bb51-6c75311bff10.MOBHM48FAG5NJ2VJ.SEARCH&ppt=None&ppn=None&ssid=q03zve2pu80000001790676272525&qH=a5594894156db043&ov_redirect=true,2026-09-29
884,"OPPO F33 5G (Pearl White, 256 GB)",OPPO,39999,55999,28% off,4.3,175,22,8 GB RAM,256 GB ROM,7000 mAh lithium-ion polymer Battery,Dimensity 6360 MAX Processor,16.69 cm (6.57 inch) Full HD+ AMOLED Display,50MP + 2MP | 16MP Front Camera,,https://www.flipkart.com/oppo-f33-5g-pearl-white-256-gb/p/itm8c5d4a65602fd?pid=MOBHM48FD8UMWFHH&lid=LSTMOBHM48FD8UMWFHHZ9HCVH&marketplace=FLIPKART&q=smart+phones&store=tyy%2F4io&srno=s_37_884&otracker=search&fm=organic&iid=ed6ea261-1d23-490d-bb51-6c75311bff10.MOBHM48FD8UMWFHH.SEARCH&ppt=None&ppn=None&ssid=q03zve2pu80000001790676272525&qH=a5594894156db043&ov_redirect=true,2026-09-29
885,"realme P4R 5G (Titanium Glare, 128 GB)",realme,22999,34999,34% off,4.2,"2,654",230,4 GB RAM,128 GB ROM,8000 mAh Lithium-ion polymer Battery,Dimensity 6300 Processor,17.27 cm (6.8 inch) HD+ Display,50MP Rear Camera | 8MP Front Camera,,https://www.flipkart.com/realme-p4r-5g-titanium-glare-128-gb/p/itmb42ae388c1ef6?pid=MOBHMYR3WJZZMJCK&lid=LSTMOBHMYR3WJZZMJCKNRWMFS&marketplace=FLIPKART&q=smart+phones&store=tyy%2F4io&srno=s_37_885&otracker=search&fm=organic&iid=ed6ea261-1d23-490d-bb51-6c75311bff10.MOBHMYR3WJZZMJCK.SEARCH&ppt=None&ppn=None&ssid=q03zve2pu80000001790676272525&qH=a5594894156db043&ov_redirect=true,2026-09-29
886,"Tecno Spark 50 5G (Champagne Gold, 128 GB)",Tecno,21499,31999,32% off,4,128,15,6 GB RAM,128 GB ROM,6500 mAh Lithium Polymer Battery,Dimensity 6400 Processor,17.22 cm (6.78 inch) Display,50MP Rear Camera | 8MP Front Camera,,https://www.flipkart.com/tecno-spark-50-5g-champagne-gold-128-gb/p/itmb3923bf4ff9a6?pid=MOBHHH5T8CKZF98F&lid=LSTMOBHHH5T8CKZF98FNJ6ME0&marketplace=FLIPKART&q=smart+phones&store=tyy%2F4io&srno=s_37_886&otracker=search&fm=organic&iid=ed6ea261-1d23-490d-bb51-6c75311bff10.MOBHHH5T8CKZF98F.SEARCH&ppt=None&ppn=None&ssid=q03zve2pu80000001790676272525&qH=a5594894156db043&ov_redirect=true,2026-09-29
887,"Samsung Galaxy A55 5G (Awesome Iceblue, 256 GB)",Samsung,46999,48999,4% off,4.3,849,60,12 GB RAM,256 GB ROM,5000 mAh Battery,Exynos 1480 Processor,16.76 cm (6.6 inch) Full HD+ Display,50MP + 12MP + 5MP | 32MP Front Camera,,https://www.flipkart.com/samsung-galaxy-a55-5g-awesome-iceblue-256-gb/p/itm9d66e3d4ee04f?pid=MOBGYT2H76JPBMXB&lid=LSTMOBGYT2H76JPBMXBECDJDR&marketplace=FLIPKART&q=smart+phones&store=tyy%2F4io&srno=s_37_887&otracker=search&fm=organic&iid=ed6ea261-1d23-490d-bb51-6c75311bff10.MOBGYT2H76JPBMXB.SEARCH&ppt=None&ppn=None&ssid=q03zve2pu80000001790676272525&qH=a5594894156db043&ov_redirect=true,2026-09-29
888,"realme Narzo Power 5G (Titan Blue, 256 GB)",realme,36306,37999,4% off,4.3,106,10,8 GB RAM,256 GB ROM,10001 mAh Battery,,17.27 cm (6.8 inch) Display,50MP Rear Camera,,https://www.flipkart.com/realme-narzo-power-5g-titan-blue-256-gb/p/itmb7d628c2b23a9?pid=MOBHHGXKZP54RPQ6&lid=LSTMOBHHGXKZP54RPQ625XYI3&marketplace=FLIPKART&q=smart+phones&store=tyy%2F4io&srno=s_37_888&otracker=search&fm=organic&iid=ed6ea261-1d23-490d-bb51-6c75311bff10.MOBHHGXKZP54RPQ6.SEARCH&ppt=None&ppn=None&ssid=q03zve2pu80000001790676272525&qH=a5594894156db043&ov_redirect=true,2026-09-29
889,"Ai+ Nova 2 Neo 5G (Blue, 128 GB)",Ai+,15999,18999,15% off,4.3,"2,327",201,4 GB RAM,128 GB ROM,6000 mAh Li-polymer Battery,Dimensity 6300 Processor,17.13 cm (6.745 inch) HD+ Display,48MP Rear Camera | 8MP Front Camera,,https://www.flipkart.com/ai-nova-2-neo-5g-blue-128-gb/p/itmdcaa61dad2064?pid=MOBHZ8ZMTFJZHQQ6&lid=LSTMOBHZ8ZMTFJZHQQ6X2VHUW&marketplace=FLIPKART&q=smart+phones&store=tyy%2F4io&srno=s_38_889&otracker=search&fm=organic&iid=25677778-bc5a-4a3d-ab36-d41caa837090.MOBHZ8ZMTFJZHQQ6.SEARCH&ppt=None&ppn=None&ssid=5qnfpl95sg0000001790676275253&qH=a5594894156db043&ov_redirect=true,2026-09-29
890,"OPPO F33 5G (Pearl White, 128 GB)",OPPO,34999,48999,28% off,4.3,113,10,6 GB RAM,128 GB ROM,7000 mAh lithium-ion polymer Battery,Dimensity 6360 MAX Processor,16.69 cm (6.57 inch) Full HD+ AMOLED Display,50MP + 2MP | 16MP Front Camera,,https://www.flipkart.com/oppo-f33-5g-pearl-white-128-gb/p/itm8c5d4a65602fd?pid=MOBHM48FGAEZXJE8&lid=LSTMOBHM48FGAEZXJE8LBD6SH&marketplace=FLIPKART&q=smart+phones&store=tyy%2F4io&srno=s_38_890&otracker=search&fm=organic&iid=25677778-bc5a-4a3d-ab36-d41caa837090.MOBHM48FGAEZXJE8.SEARCH&ppt=None&ppn=None&ssid=5qnfpl95sg0000001790676275253&qH=a5594894156db043&ov_redirect=true,2026-09-29
891,"Tecno Spark Go 3 (Titanium Grey, 64 GB)",Tecno,12499,15999,21% off,4.1,217,15,4 GB RAM,64 GB ROM,5000 mAh Lithium Polymer Battery,T7250 Processor,17.12 cm (6.74 inch) HD+ Display,13MP Rear Camera | 8MP Front Camera,,https://www.flipkart.com/tecno-spark-go-3-titanium-grey-64-gb/p/itma9c8f128a61c6?pid=MOBHP2QY7GH4XWWS&lid=LSTMOBHP2QY7GH4XWWSUZBT2N&marketplace=FLIPKART&q=smart+phones&store=tyy%2F4io&srno=s_38_891&otracker=search&fm=organic&iid=en_8z2zI_kltEPaaTC_q1F0_A5geFY02pCx6pTVn0PTX7-UgI0YF7S0NAt1ZyaD5Y0yxuSl-jfu2FRRD3-px9HFb5LgCDLd29XPfHChd2SlxWtiDDy14Svyu_PADqI-Bkmd&ppt=None&ppn=None&ssid=5qnfpl95sg0000001790676275253&qH=a5594894156db043&ov_redirect=true,2026-09-29
892,"Tecno Spark Go 3 (Ink Black, 64 GB)",Tecno,12499,15999,21% off,4.1,217,15,4 GB RAM,64 GB ROM,5000 mAh Lithium Polymer Battery,T7250 Processor,17.12 cm (6.74 inch) HD+ Display,13MP Rear Camera | 8MP Front Camera,,https://www.flipkart.com/tecno-spark-go-3-ink-black-64-gb/p/itma9c8f128a61c6?pid=MOBHP2QYCXZZE3CM&lid=LSTMOBHP2QYCXZZE3CMWW64IB&marketplace=FLIPKART&q=smart+phones&store=tyy%2F4io&srno=s_38_892&otracker=search&fm=organic&iid=en_8z2zI_kltEPaaTC_q1F0_A5geFY02pCx6pTVn0PTX7_OI0onhM7oc42puDVcwD-ywfAu6s5c53i2tmuGS82SuJLgCDLd29XPfHChd2SlxWtiDDy14Svyu_PADqI-Bkmd&ppt=None&ppn=None&ssid=5qnfpl95sg0000001790676275253&qH=a5594894156db043&ov_redirect=true,2026-09-29
893,"POCO M8x 5G (Blue, 128 GB)",POCO,22999,49999,54% off,3.9,361,123,6 GB RAM,128 GB ROM,7900 mAh Lithium-Ion Polymer Battery,4 Gen 5 Processor,17.53 cm (6.9 inch) Full HD Display,50MP Rear Camera,,https://www.flipkart.com/poco-m8x-5g-blue-128-gb/p/itmcf3aabe19e732?pid=MOBHPCYNNBCYQMF3&lid=LSTMOBHPCYNNBCYQMF3KC2VZ0&marketplace=FLIPKART&q=smart+phones&store=tyy%2F4io&srno=s_38_893&otracker=search&fm=organic&iid=25677778-bc5a-4a3d-ab36-d41caa837090.MOBHPCYNNBCYQMF3.SEARCH&ppt=None&ppn=None&ssid=5qnfpl95sg0000001790676275253&qH=a5594894156db043&ov_redirect=true,2026-09-29
894,"realme 13+ 5G (Speed Green, 256 GB)",realme,27999,,,4.3,"3,731",321,8 GB RAM,256 GB ROM,5000 mAh Battery,Dimensity 7300 Energy Processor,16.94 cm (6.67 inch) Full HD+ Display,50MP + 2MP | 16MP Front Camera,,https://www.flipkart.com/realme-13-5g-speed-green-256-gb/p/itm74cfb14e838e2?pid=MOBH3QWHZUNY5AXT&lid=LSTMOBH3QWHZUNY5AXTZSOXB1&marketplace=FLIPKART&q=smart+phones&store=tyy%2F4io&srno=s_38_894&otracker=search&fm=organic&iid=25677778-bc5a-4a3d-ab36-d41caa837090.MOBH3QWHZUNY5AXT.SEARCH&ppt=None&ppn=None&ssid=5qnfpl95sg0000001790676275253&qH=a5594894156db043&ov_redirect=true,2026-09-29
895,"Infinix NOTE 60 Pro (Solar Orange, 128 GB)",Infinix,35999,39999,10% off,4.4,"1,734",279,8 GB RAM,128 GB ROM,6500 mAh Battery,Snapdragon 7s Gen 4 Processor,17.22 cm (6.78 inch) Full HD+ AMOLED Display,50MP + 8MP | 13MP Front Camera,,https://www.flipkart.com/infinix-note-60-pro-solar-orange-128-gb/p/itm7681d00923b3c?pid=MOBHHVE2RRGGD6H5&lid=LSTMOBHHVE2RRGGD6H5IRVDIM&marketplace=FLIPKART&q=smart+phones&store=tyy%2F4io&srno=s_38_895&otracker=search&fm=organic&iid=25677778-bc5a-4a3d-ab36-d41caa837090.MOBHHVE2RRGGD6H5.SEARCH&ppt=None&ppn=None&ssid=5qnfpl95sg0000001790676275253&qH=a5594894156db043&ov_redirect=true,2026-09-29
896,"REDMI Note-14 Pro 5G (Phantom Purple, 128 GB)",REDMI,27993,28999,3% off,4.3,"1,230",94,8 GB RAM,128 GB ROM,5500 mAh Battery,Dimensity 7300 Ultra Processor,16.94 cm (6.67 inch) Display,50MP + 8MP + 2MP | 20MP Front Camera,,https://www.flipkart.com/redmi-note-14-pro-5g-phantom-purple-128-gb/p/itm124f940049e20?pid=MOBH8BW3UYHZZEHZ&lid=LSTMOBH8BW3UYHZZEHZYPSGQR&marketplace=FLIPKART&q=smart+phones&store=tyy%2F4io&srno=s_38_896&otracker=search&fm=organic&iid=25677778-bc5a-4a3d-ab36-d41caa837090.MOBH8BW3UYHZZEHZ.SEARCH&ppt=None&ppn=None&ssid=5qnfpl95sg0000001790676275253&qH=a5594894156db043&ov_redirect=true,2026-09-29
897,"vivo X300 FE (Noir Black, 512 GB)",vivo,99999,129999,23% off,4.6,430,60,12 GB RAM,512 GB ROM,6500 mAh Battery,Snapdragon 8 Gen 5 Processor,16.03 cm (6.31 inch) Full HD+ AMOLED Display,50MP + 50MP + 8MP | 50MP Front Camera,,https://www.flipkart.com/vivo-x300-fe-noir-black-512-gb/p/itm0c1929579cabb?pid=MOBHMKZ8XZA9YY3C&lid=LSTMOBHMKZ8XZA9YY3CXROSPV&marketplace=FLIPKART&q=smart+phones&store=tyy%2F4io&srno=s_38_897&otracker=search&fm=organic&iid=25677778-bc5a-4a3d-ab36-d41caa837090.MOBHMKZ8XZA9YY3C.SEARCH&ppt=None&ppn=None&ssid=5qnfpl95sg0000001790676275253&qH=a5594894156db043&ov_redirect=true,2026-09-29
898,"vivo X300 FE (Urban Olive, 512 GB)",vivo,99999,129999,23% off,4.6,430,60,12 GB RAM,512 GB ROM,6500 mAh Battery,Snapdragon 8 Gen 5 Processor,16.03 cm (6.31 inch) Full HD+ AMOLED Display,50MP + 50MP + 8MP | 50MP Front Camera,,https://www.flipkart.com/vivo-x300-fe-urban-olive-512-gb/p/itm0c1929579cabb?pid=MOBHMKZ8HGPZDPZK&lid=LSTMOBHMKZ8HGPZDPZKYHJF3C&marketplace=FLIPKART&q=smart+phones&store=tyy%2F4io&srno=s_38_898&otracker=search&fm=organic&iid=25677778-bc5a-4a3d-ab36-d41caa837090.MOBHMKZ8HGPZDPZK.SEARCH&ppt=None&ppn=None&ssid=5qnfpl95sg0000001790676275253&qH=a5594894156db043&ov_redirect=true,2026-09-29
899,"POCO X8 Power 5G (Yellow, 128 GB)",POCO,35999,79999,55% off,4.3,260,68,8 GB RAM,128 GB ROM,10000 mAh Lithium-Ion Polymer Battery,6 Gen 5 Processor,17.35 cm (6.83 inch) Full HD+ AMOLED Display,50MP + 8MP | 32MP Front Camera,,https://www.flipkart.com/poco-x8-power-5g-yellow-128-gb/p/itm9a840fc0ecfbc?pid=MOBHQ6XZVH98SKHM&lid=LSTMOBHQ6XZVH98SKHMB0KPSW&marketplace=FLIPKART&q=smart+phones&store=tyy%2F4io&srno=s_38_899&otracker=search&fm=organic&iid=25677778-bc5a-4a3d-ab36-d41caa837090.MOBHQ6XZVH98SKHM.SEARCH&ppt=None&ppn=None&ssid=5qnfpl95sg0000001790676275253&qH=a5594894156db043&ov_redirect=true,2026-09-29
900,"MOTOROLA edge 70 pro (Tailored Fabric - PANTONE Titan (Blue), 256 GB)",MOTOROLA,39999,69999,42% off,4.3,943,115,8 GB RAM,256 GB ROM,6500 mAh Silicon-Carbon Battery,Dimensity 8500 Extreme Processor,17.27 cm (6.8 inch) Full HD+ Super AMOLED Display,50MP + 50MP | 50MP Front Camera,,https://www.flipkart.com/motorola-edge-70-pro-tailored-fabric-pantone-titan-blue-256-gb/p/itmabaee92c5d0da?pid=MOBHN973YGSQZH7U&lid=LSTMOBHN973YGSQZH7U8XEYJN&marketplace=FLIPKART&q=smart+phones&store=tyy%2F4io&srno=s_38_900&otracker=search&fm=organic&iid=25677778-bc5a-4a3d-ab36-d41caa837090.MOBHN973YGSQZH7U.SEARCH&ppt=None&ppn=None&ssid=5qnfpl95sg0000001790676275253&qH=a5594894156db043&ov_redirect=true,2026-09-29
901,"Samsung A36 5G (Dark Blue, 256 GB)",Samsung,40999,43999,6% off,4.3,662,85,8 GB RAM,256 GB ROM,5000 mAh Battery,Qualcomm Snapdragon 6 Gen 3 Processor,17.02 cm (6.7 inch) Full HD+ Display,50MP + 8MP | 12MP Front Camera,,https://www.flipkart.com/samsung-a36-5g-dark-blue-256-gb/p/itme993b087da33a?pid=MOBHNJ8FMV7RRDBA&lid=LSTMOBHNJ8FMV7RRDBADQLXG2&marketplace=FLIPKART&q=smart+phones&store=tyy%2F4io&srno=s_38_901&otracker=search&fm=organic&iid=25677778-bc5a-4a3d-ab36-d41caa837090.MOBHNJ8FMV7RRDBA.SEARCH&ppt=None&ppn=None&ssid=5qnfpl95sg0000001790676275253&qH=a5594894156db043&ov_redirect=true,2026-09-29
902,"vivo X300 FE (Urban Olive, 256 GB)",vivo,94999,119999,20% off,4.6,430,60,12 GB RAM,256 GB ROM,6500 mAh Battery,Snapdragon 8 Gen 5 Processor,16.03 cm (6.31 inch) Full HD+ AMOLED Display,50MP + 50MP + 8MP | 50MP Front Camera,,https://www.flipkart.com/vivo-x300-fe-urban-olive-256-gb/p/itm0c1929579cabb?pid=MOBHMKZ8KFFYHSZ5&lid=LSTMOBHMKZ8KFFYHSZ5T0TP2Y&marketplace=FLIPKART&q=smart+phones&store=tyy%2F4io&srno=s_38_902&otracker=search&fm=organic&iid=25677778-bc5a-4a3d-ab36-d41caa837090.MOBHMKZ8KFFYHSZ5.SEARCH&ppt=None&ppn=None&ssid=5qnfpl95sg0000001790676275253&qH=a5594894156db043&ov_redirect=true,2026-09-29
903,"vivo X300 FE (Lilac Purple, 256 GB)",vivo,94999,119999,20% off,4.6,430,60,12 GB RAM,256 GB ROM,6500 mAh Battery,Snapdragon 8 Gen 5 Processor,16.03 cm (6.31 inch) Full HD+ AMOLED Display,50MP + 50MP + 8MP | 50MP Front Camera,,https://www.flipkart.com/vivo-x300-fe-lilac-purple-256-gb/p/itm0c1929579cabb?pid=MOBHMKZ8CGVGTRBF&lid=LSTMOBHMKZ8CGVGTRBFGM9PKT&marketplace=FLIPKART&q=smart+phones&store=tyy%2F4io&srno=s_38_903&otracker=search&fm=organic&iid=25677778-bc5a-4a3d-ab36-d41caa837090.MOBHMKZ8CGVGTRBF.SEARCH&ppt=None&ppn=None&ssid=5qnfpl95sg0000001790676275253&qH=a5594894156db043&ov_redirect=true,2026-09-29
904,"vivo X300 FE (Noir Black, 256 GB)",vivo,94999,119999,20% off,4.6,430,60,12 GB RAM,256 GB ROM,6500 mAh Battery,Snapdragon 8 Gen 5 Processor,16.03 cm (6.31 inch) Full HD+ AMOLED Display,50MP + 50MP + 8MP | 50MP Front Camera,,https://www.flipkart.com/vivo-x300-fe-noir-black-256-gb/p/itm0c1929579cabb?pid=MOBHMKZ8QBZCHJHZ&lid=LSTMOBHMKZ8QBZCHJHZ1Z1QPL&marketplace=FLIPKART&q=smart+phones&store=tyy%2F4io&srno=s_38_904&otracker=search&fm=organic&iid=25677778-bc5a-4a3d-ab36-d41caa837090.MOBHMKZ8QBZCHJHZ.SEARCH&ppt=None&ppn=None&ssid=5qnfpl95sg0000001790676275253&qH=a5594894156db043&ov_redirect=true,2026-09-29
905,"Ai+ Pulse 1 (Pink, 128 GB)",Ai+,9999,,,4,"10,270",755,6 GB RAM,128 GB ROM,5000 mAh Battery,T615 Processor,17.13 cm (6.745 inch) HD+ Display,50MP Rear Camera | 5MP Front Camera,,https://www.flipkart.com/ai-pulse-1-pink-128-gb/p/itm59fce108ef185?pid=MOBHDDQXGZ32NW82&lid=LSTMOBHDDQXGZ32NW82LMH4FV&marketplace=FLIPKART&q=smart+phones&store=tyy%2F4io&srno=s_38_905&otracker=search&fm=organic&iid=25677778-bc5a-4a3d-ab36-d41caa837090.MOBHDDQXGZ32NW82.SEARCH&ppt=None&ppn=None&ssid=5qnfpl95sg0000001790676275253&qH=a5594894156db043&ov_redirect=true,2026-09-29
906,"Infinix NOTE 60 Pro (Solar Orange, 256 GB)",Infinix,39999,44999,11% off,4.4,"1,734",279,8 GB RAM,256 GB ROM,6500 mAh Battery,Snapdragon 7s Gen 4 Processor,17.22 cm (6.78 inch) Full HD+ AMOLED Display,50MP + 8MP | 13MP Front Camera,,https://www.flipkart.com/infinix-note-60-pro-solar-orange-256-gb/p/itm7681d00923b3c?pid=MOBHHVE27GMHHRNA&lid=LSTMOBHHVE27GMHHRNAQXXJNV&marketplace=FLIPKART&q=smart+phones&store=tyy%2F4io&srno=s_38_906&otracker=search&fm=organic&iid=25677778-bc5a-4a3d-ab36-d41caa837090.MOBHHVE27GMHHRNA.SEARCH&ppt=None&ppn=None&ssid=5qnfpl95sg0000001790676275253&qH=a5594894156db043&ov_redirect=true,2026-09-29
907,"Infinix NOTE 60 Pro (Deep Ocean Blue, 128 GB)",Infinix,35999,39999,10% off,4.4,"1,734",279,8 GB RAM,128 GB ROM,6500 mAh Battery,Snapdragon 7s Gen 4 Processor,17.22 cm (6.78 inch) Full HD+ AMOLED Display,50MP + 8MP | 13MP Front Camera,,https://www.flipkart.com/infinix-note-60-pro-deep-ocean-blue-128-gb/p/itm7681d00923b3c?pid=MOBHHVE2FGFRZJFX&lid=LSTMOBHHVE2FGFRZJFXM4HDJ2&marketplace=FLIPKART&q=smart+phones&store=tyy%2F4io&srno=s_38_907&otracker=search&fm=organic&iid=25677778-bc5a-4a3d-ab36-d41caa837090.MOBHHVE2FGFRZJFX.SEARCH&ppt=None&ppn=None&ssid=5qnfpl95sg0000001790676275253&qH=a5594894156db043&ov_redirect=true,2026-09-29
908,"LAVA Shark 5G (stellar gold /steller gold, 64 GB)",LAVA,14999,,,4.1,492,36,4 GB RAM,64 GB ROM,5000 mAh Battery,OCTA CORE UNISOC T765 Processor,17.02 cm (6.7 inch) HD+ Display,13MP + 13MP | 5MP + 5MP Dual Front Camera,,https://www.flipkart.com/lava-shark-5g-stellar-gold-steller-gold-64-gb/p/itm294763910cb51?pid=MOBHDYB7BGF4YTZN&lid=LSTMOBHDYB7BGF4YTZNBKTQKR&marketplace=FLIPKART&q=smart+phones&store=tyy%2F4io&srno=s_38_908&otracker=search&fm=organic&iid=25677778-bc5a-4a3d-ab36-d41caa837090.MOBHDYB7BGF4YTZN.SEARCH&ppt=None&ppn=None&ssid=5qnfpl95sg0000001790676275253&qH=a5594894156db043&ov_redirect=true,2026-09-29
909,"vivo Y05 (Mystic Blue, 64 GB)",vivo,15999,34999,54% off,3.5,341,23,4 GB RAM,64 GB ROM,6500 mAh Li-ion Battery,T7225 Processor,17.12 cm (6.74 inch) HD+ Display,8MP Rear Camera | 5MP Front Camera,,https://www.flipkart.com/vivo-y05-mystic-blue-64-gb/p/itm7b1e1a65e7c1f?pid=MOBHZF4TRGDHEGGW&lid=LSTMOBHZF4TRGDHEGGWKP8MEX&marketplace=FLIPKART&q=smart+phones&store=tyy%2F4io&srno=s_38_909&otracker=search&fm=organic&iid=25677778-bc5a-4a3d-ab36-d41caa837090.MOBHZF4TRGDHEGGW.SEARCH&ppt=None&ppn=None&ssid=5qnfpl95sg0000001790676275253&qH=a5594894156db043&ov_redirect=true,2026-09-29
910,"REDMI 15A (Awesome Blue, 128 GB)",REDMI,18493,28999,36% off,3.8,797,70,4 GB RAM,128 GB ROM,6300 mAh Lithium-Ion Polymer Battery,T8300 Processor,17.53 cm (6.9 inch) Display,32MP Rear Camera | 8MP Front Camera,,https://www.flipkart.com/redmi-15a-awesome-blue-128-gb/p/itm6837fd5033c34?pid=MOBHPDZDF7XKHRTF&lid=LSTMOBHPDZDF7XKHRTFLRRLEP&marketplace=FLIPKART&q=smart+phones&store=tyy%2F4io&srno=s_38_910&otracker=search&fm=organic&iid=25677778-bc5a-4a3d-ab36-d41caa837090.MOBHPDZDF7XKHRTF.SEARCH&ppt=None&ppn=None&ssid=5qnfpl95sg0000001790676275253&qH=a5594894156db043&ov_redirect=true,2026-09-29
911,"REDMI 13 5G (Hawaiian Blue, 128 GB)",REDMI,21990,24995,12% off,4.2,"15,812",893,8 GB RAM,128 GB ROM,5030 mAh Battery,,17.25 cm (6.79 inch) Display,108MP Rear Camera,,https://www.flipkart.com/redmi-13-5g-hawaiian-blue-128-gb/p/itmbf96c9b15ce5e?pid=MOBH2SUHMUYBZSHY&lid=LSTMOBH2SUHMUYBZSHYP2BOMM&marketplace=FLIPKART&q=smart+phones&store=tyy%2F4io&srno=s_38_911&otracker=search&fm=organic&iid=25677778-bc5a-4a3d-ab36-d41caa837090.MOBH2SUHMUYBZSHY.SEARCH&ppt=None&ppn=None&ssid=5qnfpl95sg0000001790676275253&qH=a5594894156db043&ov_redirect=true,2026-09-29
912,"Tecno Spark 50 5G (Ink Black, 128 GB)",Tecno,21499,31999,32% off,4,128,15,6 GB RAM,128 GB ROM,6500 mAh Lithium Polymer Battery,Dimensity 6400 Processor,17.22 cm (6.78 inch) Display,50MP Rear Camera | 8MP Front Camera,,https://www.flipkart.com/tecno-spark-50-5g-ink-black-128-gb/p/itmb3923bf4ff9a6?pid=MOBHHH5TTKP7QEEA&lid=LSTMOBHHH5TTKP7QEEAMQCYO2&marketplace=FLIPKART&q=smart+phones&store=tyy%2F4io&srno=s_38_912&otracker=search&fm=organic&iid=25677778-bc5a-4a3d-ab36-d41caa837090.MOBHHH5TTKP7QEEA.SEARCH&ppt=None&ppn=None&ssid=5qnfpl95sg0000001790676275253&qH=a5594894156db043&ov_redirect=true,2026-09-29
913,"vivo T5x 5G (Cosmic Green, 128 GB)",vivo,27999,45999,39% off,4.4,"22,117","1,510",6 GB RAM,128 GB ROM,7200 mAh Li-ion Battery,Dimensity 7400-Turbo Processor,17.17 cm (6.76 inch) Display,50MP + 2MP | 32MP Front Camera,,https://www.flipkart.com/vivo-t5x-5g-cosmic-green-128-gb/p/itm7da8aa253e72b?pid=MOBHQC8ZMRCP62TS&lid=LSTMOBHQC8ZMRCP62TSTXXKV0&marketplace=FLIPKART&q=smart+phones&store=tyy%2F4io&srno=s_39_913&otracker=search&fm=organic&iid=faa88f35-c775-45b3-8568-1896f0d946ca.MOBHQC8ZMRCP62TS.SEARCH&ppt=None&ppn=None&ssid=3luew276f40000001790676278033&qH=a5594894156db043&ov_redirect=true,2026-09-29
914,"vivo Y05 (Mystic Blue, 64 GB)",vivo,15999,34999,54% off,3.5,341,23,4 GB RAM,64 GB ROM,6500 mAh Li-ion Battery,T7225 Processor,17.12 cm (6.74 inch) HD+ Display,8MP Rear Camera | 5MP Front Camera,,https://www.flipkart.com/vivo-y05-mystic-blue-64-gb/p/itm7b1e1a65e7c1f?pid=MOBHZF4TRGDHEGGW&lid=LSTMOBHZF4TRGDHEGGWKP8MEX&marketplace=FLIPKART&q=smart+phones&store=tyy%2F4io&srno=s_39_914&otracker=search&fm=organic&iid=faa88f35-c775-45b3-8568-1896f0d946ca.MOBHZF4TRGDHEGGW.SEARCH&ppt=None&ppn=None&ssid=3luew276f40000001790676278033&qH=a5594894156db043&ov_redirect=true,2026-09-29
915,"LAVA Shark 5G (stellar gold /steller gold, 64 GB)",LAVA,14999,,,4.1,492,36,4 GB RAM,64 GB ROM,5000 mAh Battery,OCTA CORE UNISOC T765 Processor,17.02 cm (6.7 inch) HD+ Display,13MP + 13MP | 5MP + 5MP Dual Front Camera,,https://www.flipkart.com/lava-shark-5g-stellar-gold-steller-gold-64-gb/p/itm294763910cb51?pid=MOBHDYB7BGF4YTZN&lid=LSTMOBHDYB7BGF4YTZNBKTQKR&marketplace=FLIPKART&q=smart+phones&store=tyy%2F4io&srno=s_39_915&otracker=search&fm=organic&iid=faa88f35-c775-45b3-8568-1896f0d946ca.MOBHDYB7BGF4YTZN.SEARCH&ppt=None&ppn=None&ssid=3luew276f40000001790676278033&qH=a5594894156db043&ov_redirect=true,2026-09-29
916,"Tecno Spark 50 5G (Ink Black, 128 GB)",Tecno,21499,31999,32% off,4,128,15,6 GB RAM,128 GB ROM,6500 mAh Lithium Polymer Battery,Dimensity 6400 Processor,17.22 cm (6.78 inch) Display,50MP Rear Camera | 8MP Front Camera,,https://www.flipkart.com/tecno-spark-50-5g-ink-black-128-gb/p/itmb3923bf4ff9a6?pid=MOBHHH5TTKP7QEEA&lid=LSTMOBHHH5TTKP7QEEAMQCYO2&marketplace=FLIPKART&q=smart+phones&store=tyy%2F4io&srno=s_39_916&otracker=search&fm=organic&iid=faa88f35-c775-45b3-8568-1896f0d946ca.MOBHHH5TTKP7QEEA.SEARCH&ppt=None&ppn=None&ssid=3luew276f40000001790676278033&qH=a5594894156db043&ov_redirect=true,2026-09-29
917,"Tecno Spark Go 3 (Ink Black, 64 GB)",Tecno,12499,15999,21% off,4.1,217,15,4 GB RAM,64 GB ROM,5000 mAh Lithium Polymer Battery,T7250 Processor,17.12 cm (6.74 inch) HD+ Display,13MP Rear Camera | 8MP Front Camera,,https://www.flipkart.com/tecno-spark-go-3-ink-black-64-gb/p/itma9c8f128a61c6?pid=MOBHP2QYCXZZE3CM&lid=LSTMOBHP2QYCXZZE3CMWW64IB&marketplace=FLIPKART&q=smart+phones&store=tyy%2F4io&srno=s_39_917&otracker=search&fm=organic&iid=en_92nUINLhuG2DTKEvaZVP_Kzt38hWGArnXLXQg-2Z9nogrm575kpJX1DttqI4E1jNu-p7FawYTmaPPeu5xWEE1ZLgCDLd29XPfHChd2SlxWvApQl7aLGUbAb3-aBxPshp&ppt=None&ppn=None&ssid=3luew276f40000001790676278033&qH=a5594894156db043&ov_redirect=true,2026-09-29
918,"Tecno Spark 50 5G (Fantasy Purple, 128 GB)",Tecno,21499,31999,32% off,4,128,15,6 GB RAM,128 GB ROM,6500 mAh Lithium Polymer Battery,Dimensity 6400 Processor,17.22 cm (6.78 inch) Display,50MP Rear Camera | 8MP Front Camera,,https://www.flipkart.com/tecno-spark-50-5g-fantasy-purple-128-gb/p/itmb3923bf4ff9a6?pid=MOBHHH5TE3SB8AS3&lid=LSTMOBHHH5TE3SB8AS3RCE6BV&marketplace=FLIPKART&q=smart+phones&store=tyy%2F4io&srno=s_39_918&otracker=search&fm=organic&iid=faa88f35-c775-45b3-8568-1896f0d946ca.MOBHHH5TE3SB8AS3.SEARCH&ppt=None&ppn=None&ssid=3luew276f40000001790676278033&qH=a5594894156db043&ov_redirect=true,2026-09-29
919,"REDMI 15A (Awesome Blue, 128 GB)",REDMI,18493,28999,36% off,3.8,797,70,4 GB RAM,128 GB ROM,6300 mAh Lithium-Ion Polymer Battery,T8300 Processor,17.53 cm (6.9 inch) Display,32MP Rear Camera | 8MP Front Camera,,https://www.flipkart.com/redmi-15a-awesome-blue-128-gb/p/itm6837fd5033c34?pid=MOBHPDZDF7XKHRTF&lid=LSTMOBHPDZDF7XKHRTFLRRLEP&marketplace=FLIPKART&q=smart+phones&store=tyy%2F4io&srno=s_39_919&otracker=search&fm=organic&iid=faa88f35-c775-45b3-8568-1896f0d946ca.MOBHPDZDF7XKHRTF.SEARCH&ppt=None&ppn=None&ssid=3luew276f40000001790676278033&qH=a5594894156db043&ov_redirect=true,2026-09-29
920,"REDMI 13 5G (Hawaiian Blue, 128 GB)",REDMI,21990,24995,12% off,4.2,"15,812",893,8 GB RAM,128 GB ROM,5030 mAh Battery,,17.25 cm (6.79 inch) Display,108MP Rear Camera,,https://www.flipkart.com/redmi-13-5g-hawaiian-blue-128-gb/p/itmbf96c9b15ce5e?pid=MOBH2SUHMUYBZSHY&lid=LSTMOBH2SUHMUYBZSHYP2BOMM&marketplace=FLIPKART&q=smart+phones&store=tyy%2F4io&srno=s_39_920&otracker=search&fm=organic&iid=faa88f35-c775-45b3-8568-1896f0d946ca.MOBH2SUHMUYBZSHY.SEARCH&ppt=None&ppn=None&ssid=3luew276f40000001790676278033&qH=a5594894156db043&ov_redirect=true,2026-09-29
921,"vivo X300 FE (Lilac Purple, 256 GB)",vivo,89999,109999,18% off,4.4,24,1,8 GB RAM,256 GB ROM,6500 mAh Battery,Snapdragon 8 Gen 5 Processor,16.03 cm (6.31 inch) Full HD+ AMOLED Display,50MP + 50MP + 8MP | 50MP Front Camera,,https://www.flipkart.com/vivo-x300-fe-lilac-purple-256-gb/p/itm0c1929579cabb?pid=MOBHQYFNKHC7JFDZ&lid=LSTMOBHQYFNKHC7JFDZF2BIQR&marketplace=FLIPKART&q=smart+phones&store=tyy%2F4io&srno=s_39_921&otracker=search&fm=organic&iid=faa88f35-c775-45b3-8568-1896f0d946ca.MOBHQYFNKHC7JFDZ.SEARCH&ppt=None&ppn=None&ssid=3luew276f40000001790676278033&qH=a5594894156db043&ov_redirect=true,2026-09-29
922,"vivo X300 FE (Urban Olive, 256 GB)",vivo,89999,109999,18% off,4.4,24,1,8 GB RAM,256 GB ROM,6500 mAh Battery,Snapdragon 8 Gen 5 Processor,16.03 cm (6.31 inch) Full HD+ AMOLED Display,50MP + 50MP + 8MP | 50MP Front Camera,,https://www.flipkart.com/vivo-x300-fe-urban-olive-256-gb/p/itm0c1929579cabb?pid=MOBHQYFNGEVZV3VK&lid=LSTMOBHQYFNGEVZV3VKQZKP1O&marketplace=FLIPKART&q=smart+phones&store=tyy%2F4io&srno=s_39_922&otracker=search&fm=organic&iid=faa88f35-c775-45b3-8568-1896f0d946ca.MOBHQYFNGEVZV3VK.SEARCH&ppt=None&ppn=None&ssid=3luew276f40000001790676278033&qH=a5594894156db043&ov_redirect=true,2026-09-29
923,"BOLTT EVO (Sky Blue, 128 GB)",BOLTT,11499,18999,39% off,3.9,"1,438",682,6 GB RAM,128 GB ROM,6000 mAh Lithium ion Battery,T7250 Processor,6.79'' HD+ punch hole display,50MP + 2MP | 8MP Front Camera,,https://www.flipkart.com/boltt-evo-sky-blue-128-gb/p/itmf046d663a1fd7?pid=MOBHPP59ME6SPCZW&lid=LSTMOBHPP59ME6SPCZWUW9RP3&marketplace=FLIPKART&q=smart+phones&store=tyy%2F4io&srno=s_39_923&otracker=search&fm=organic&iid=faa88f35-c775-45b3-8568-1896f0d946ca.MOBHPP59ME6SPCZW.SEARCH&ppt=None&ppn=None&ssid=3luew276f40000001790676278033&qH=a5594894156db043&ov_redirect=true,2026-09-29
924,"REDMI Note 15 Pro + 5G (Mirage Blue, 256 GB)",REDMI,41999,51999,19% off,4.1,101,8,12 GB RAM,256 GB ROM,6500 mAh Battery,,17.35 cm (6.83 inch) Display,200MP Rear Camera,,https://www.flipkart.com/redmi-note-15-pro-5g-mirage-blue-256-gb/p/itm90a2fdcf3d9a4?pid=MOBHK46MXHBHJA5M&lid=LSTMOBHK46MXHBHJA5MWYT3EY&marketplace=FLIPKART&q=smart+phones&store=tyy%2F4io&srno=s_39_924&otracker=search&fm=organic&iid=faa88f35-c775-45b3-8568-1896f0d946ca.MOBHK46MXHBHJA5M.SEARCH&ppt=None&ppn=None&ssid=3luew276f40000001790676278033&qH=a5594894156db043&ov_redirect=true,2026-09-29
925,"realme 15x 5G (Maroon Red, 128 GB)",realme,25999,28999,10% off,4.3,"3,672",297,6 GB RAM,128 GB ROM,7000 mAh Battery,Dimensity 6300 6nm Octa-core chipset Processor,17.27 cm (6.8 inch) Display,50MP Rear Camera | 50MP Front Camera,,https://www.flipkart.com/realme-15x-5g-maroon-red-128-gb/p/itmcf22f2a57724f?pid=MOBHHY7V3ZKDTFNU&lid=LSTMOBHHY7V3ZKDTFNULN6ERS&marketplace=FLIPKART&q=smart+phones&store=tyy%2F4io&srno=s_39_925&otracker=search&fm=organic&iid=faa88f35-c775-45b3-8568-1896f0d946ca.MOBHHY7V3ZKDTFNU.SEARCH&ppt=None&ppn=None&ssid=3luew276f40000001790676278033&qH=a5594894156db043&ov_redirect=true,2026-09-29
926,"Tecno Pova Curve 2 5G (Storm Titanium, 128 GB)",Tecno,31999,,,4.1,395,55,8 GB RAM,128 GB ROM,8000 mAh Lithium Polymer Battery,,17.22 cm (6.78 inch) Full HD+ AMOLED Display,50MP + 2MP | 13MP Front Camera,,https://www.flipkart.com/tecno-pova-curve-2-5g-storm-titanium-128-gb/p/itm1160d6853298d?pid=MOBHK67SJBVWVG4R&lid=LSTMOBHK67SJBVWVG4RT9H7MK&marketplace=FLIPKART&q=smart+phones&store=tyy%2F4io&srno=s_39_926&otracker=search&fm=organic&iid=faa88f35-c775-45b3-8568-1896f0d946ca.MOBHK67SJBVWVG4R.SEARCH&ppt=None&ppn=None&ssid=3luew276f40000001790676278033&qH=a5594894156db043&ov_redirect=true,2026-09-29
927,"Tecno Pova Curve 2 5G (Melting Silver, 128 GB)",Tecno,31999,,,4.1,395,55,8 GB RAM,128 GB ROM,8000 mAh Lithium Polymer Battery,,17.22 cm (6.78 inch) Full HD+ AMOLED Display,50MP + 2MP | 13MP Front Camera,,https://www.flipkart.com/tecno-pova-curve-2-5g-melting-silver-128-gb/p/itm1160d6853298d?pid=MOBHK67S4B7QR4ZG&lid=LSTMOBHK67S4B7QR4ZGEIKHUT&marketplace=FLIPKART&q=smart+phones&store=tyy%2F4io&srno=s_39_927&otracker=search&fm=organic&iid=faa88f35-c775-45b3-8568-1896f0d946ca.MOBHK67S4B7QR4ZG.SEARCH&ppt=None&ppn=None&ssid=3luew276f40000001790676278033&qH=a5594894156db043&ov_redirect=true,2026-09-29
928,"Samsung Galaxy F36 5G (Black, 256 GB)",Samsung,26999,29999,10% off,4.2,"7,217",636,8 GB RAM,256 GB ROM,5000 mAh Battery,Samsung Exynos 1380 Processor,17.02 cm (6.7 inch) Full HD+ Display,50MP + 8MP + 2MP | 13MP Front Camera,,https://www.flipkart.com/samsung-galaxy-f36-5g-black-256-gb/p/itma2c19580a816d?pid=MOBHDFVTUZD7AKRA&lid=LSTMOBHDFVTUZD7AKRAHQEGM1&marketplace=FLIPKART&q=smart+phones&store=tyy%2F4io&srno=s_39_928&otracker=search&fm=organic&iid=faa88f35-c775-45b3-8568-1896f0d946ca.MOBHDFVTUZD7AKRA.SEARCH&ppt=None&ppn=None&ssid=3luew276f40000001790676278033&qH=a5594894156db043&ov_redirect=true,2026-09-29
929,"realme P4x 5G (Lake Green, 128 GB)",realme,29999,43999,31% off,4.3,"8,623",716,8 GB RAM,128 GB ROM,7000 mAh Battery,Dimensity 7400 Ultra Processor,17.07 cm (6.72 inch) Full HD+ Display,50MP + 2MP | 8MP Front Camera,,https://www.flipkart.com/realme-p4x-5g-lake-green-128-gb/p/itm575b1540859e4?pid=MOBHN7A8P2KPBEVZ&lid=LSTMOBHN7A8P2KPBEVZF5GW6U&marketplace=FLIPKART&q=smart+phones&store=tyy%2F4io&srno=s_39_929&otracker=search&fm=organic&iid=faa88f35-c775-45b3-8568-1896f0d946ca.MOBHN7A8P2KPBEVZ.SEARCH&ppt=None&ppn=None&ssid=3luew276f40000001790676278033&qH=a5594894156db043&ov_redirect=true,2026-09-29
930,"Tecno Pova 8 5G (Terminal Green, 128 GB)",Tecno,31999,45999,30% off,3.8,44,4,8 GB RAM,128 GB ROM,8000 mAh Lithium Polymer Battery,Dimensity 7100 Processor,17.17 cm (6.76 inch) Full HD+ Display,50MP Rear Camera | 13MP Front Camera,,https://www.flipkart.com/tecno-pova-8-5g-terminal-green-128-gb/p/itm575d24d0ce5fc?pid=MOBHNR66SCFTHBGW&lid=LSTMOBHNR66SCFTHBGWI4GTMN&marketplace=FLIPKART&q=smart+phones&store=tyy%2F4io&srno=s_39_930&otracker=search&fm=organic&iid=faa88f35-c775-45b3-8568-1896f0d946ca.MOBHNR66SCFTHBGW.SEARCH&ppt=None&ppn=None&ssid=3luew276f40000001790676278033&qH=a5594894156db043&ov_redirect=true,2026-09-29
931,"OnePlus 13s 5G (Pink Satin, 256 GB)",OnePlus,57999,,,4.6,"2,156",208,12 GB RAM,256 GB ROM,5850 mAh Battery,,16.05 cm (6.32 inch) Display,50MP Rear Camera,,https://www.flipkart.com/oneplus-13s-5g-pink-satin-256-gb/p/itmb6d10cf953b5d?pid=MOBHCY89MXCYXQ3B&lid=LSTMOBHCY89MXCYXQ3BTMISA4&marketplace=FLIPKART&q=smart+phones&store=tyy%2F4io&srno=s_39_931&otracker=search&fm=organic&iid=faa88f35-c775-45b3-8568-1896f0d946ca.MOBHCY89MXCYXQ3B.SEARCH&ppt=None&ppn=None&ssid=3luew276f40000001790676278033&qH=a5594894156db043&ov_redirect=true,2026-09-29
932,"IQOO Z11x 5G (Titan Black, 256 MB)",IQOO,33999,,,4.3,"1,575",121,8 GB RAM,256 MB ROM,7200 mAh Battery,MediaTek Dimensity 7400-Turbo Processor,17.17 cm (6.76 inch) Full HD+ Display,50MP + 50MP | 50MP + 32MP Dual Front Camera,,https://www.flipkart.com/iqoo-z11x-5g-titan-black-256-mb/p/itmed553fe5886cc?pid=MOBHHHGAR4YVX2TX&lid=LSTMOBHHHGAR4YVX2TXHJROA1&marketplace=FLIPKART&q=smart+phones&store=tyy%2F4io&srno=s_39_932&otracker=search&fm=organic&iid=faa88f35-c775-45b3-8568-1896f0d946ca.MOBHHHGAR4YVX2TX.SEARCH&ppt=None&ppn=None&ssid=3luew276f40000001790676278033&qH=a5594894156db043&ov_redirect=true,2026-09-29
933,"realme P4x 5G (Lake Green, 128 GB)",realme,26999,38999,30% off,4.3,"15,813","1,362",6 GB RAM,128 GB ROM,7000 mAh Battery,Dimensity 7400 Ultra Processor,17.07 cm (6.72 inch) Full HD+ Display,50MP + 2MP | 8MP Front Camera,,https://www.flipkart.com/realme-p4x-5g-lake-green-128-gb/p/itm575b1540859e4?pid=MOBHN7A8WK5SGBYN&lid=LSTMOBHN7A8WK5SGBYNA6NKVS&marketplace=FLIPKART&q=smart+phones&store=tyy%2F4io&srno=s_39_933&otracker=search&fm=organic&iid=faa88f35-c775-45b3-8568-1896f0d946ca.MOBHN7A8WK5SGBYN.SEARCH&ppt=None&ppn=None&ssid=3luew276f40000001790676278033&qH=a5594894156db043&ov_redirect=true,2026-09-29
934,"Samsung Galaxy S25 Edge 5G (Titanium Jetblack, 256 GB)",Samsung,69999,109999,36% off,4.5,523,72,12 GB RAM,256 GB ROM,3900 mAh Battery,Qualcomm Snapdragon 8 Elite for Galaxy Processor,16.91 cm (6.657 inch) Quad HD+ Display,200MP + 12MP | 12MP Front Camera,,https://www.flipkart.com/samsung-galaxy-s25-edge-5g-titanium-jetblack-256-gb/p/itmc91f3f202a90f?pid=MOBHBXJHFGGJFW5C&lid=LSTMOBHBXJHFGGJFW5CPOXQNR&marketplace=FLIPKART&q=smart+phones&store=tyy%2F4io&srno=s_39_934&otracker=search&fm=organic&iid=faa88f35-c775-45b3-8568-1896f0d946ca.MOBHBXJHFGGJFW5C.SEARCH&ppt=None&ppn=None&ssid=3luew276f40000001790676278033&qH=a5594894156db043&ov_redirect=true,2026-09-29
935,"LAVA Bold N2 5G (REGAL GOLD, 64 GB)",LAVA,14479,15999,9% off,4.6,16,2,4 GB RAM,64 GB ROM,6000 mAh Battery,,17.14 cm (6.75 inch) Full HD+ Display,13MP Rear Camera,,https://www.flipkart.com/lava-bold-n2-5g-regal-gold-64-gb/p/itm484bc0abd4be9?pid=MOBHPSCQMYZADJ7Z&lid=LSTMOBHPSCQMYZADJ7ZFXXF2F&marketplace=FLIPKART&q=smart+phones&store=tyy%2F4io&srno=s_39_935&otracker=search&fm=organic&iid=faa88f35-c775-45b3-8568-1896f0d946ca.MOBHPSCQMYZADJ7Z.SEARCH&ppt=None&ppn=None&ssid=3luew276f40000001790676278033&qH=a5594894156db043&ov_redirect=true,2026-09-29
936,"Samsung Galaxy A57 5G (Awesome Lilac, 256 GB)",Samsung,58999,,,4.5,117,26,8 GB RAM,256 GB ROM,5000 mAh Li-ion Battery,Exynos 1680 Processor,17.02 cm (6.7 inch) Full HD+ Super AMOLED Display,50MP + 12MP | 12MP Front Camera,,https://www.flipkart.com/samsung-galaxy-a57-5g-awesome-lilac-256-gb/p/itm0a21d467664e9?pid=MOBHHENSDCKUNWCT&lid=LSTMOBHHENSDCKUNWCT9QNPOE&marketplace=FLIPKART&q=smart+phones&store=tyy%2F4io&srno=s_39_936&otracker=search&fm=organic&iid=faa88f35-c775-45b3-8568-1896f0d946ca.MOBHHENSDCKUNWCT.SEARCH&ppt=None&ppn=None&ssid=3luew276f40000001790676278033&qH=a5594894156db043&ov_redirect=true,2026-09-29
937,"Tecno Spark Go 3 (Ink Black, 64 GB)",Tecno,12499,15999,21% off,4.1,217,15,4 GB RAM,64 GB ROM,5000 mAh Lithium Polymer Battery,T7250 Processor,17.12 cm (6.74 inch) HD+ Display,13MP Rear Camera | 8MP Front Camera,,https://www.flipkart.com/tecno-spark-go-3-ink-black-64-gb/p/itma9c8f128a61c6?pid=MOBHP2QYCXZZE3CM&lid=LSTMOBHP2QYCXZZE3CMWW64IB&marketplace=FLIPKART&q=smart+phones&store=tyy%2F4io&srno=s_40_937&otracker=search&fm=organic&iid=en_3PQgIQzSm8YbraHkbxZiyaWxkC2Tq9HrdqzW89dBfHZ9V5xwY1t-Z7k8E48w4MzNu-p7FawYTmaPPeu5xWEE1ZLgCDLd29XPfHChd2SlxWv-O-hWyJJ1wflZiuX4x2Bf&ppt=None&ppn=None&ssid=61c4twxmhs0000001790676280762&qH=a5594894156db043&ov_redirect=true,2026-09-29
938,"Samsung Galaxy A57 5G (Awesome Icyblue, 256 GB)",Samsung,58999,,,4.5,117,26,8 GB RAM,256 GB ROM,5000 mAh Li-ion Battery,Exynos 1680 Processor,17.02 cm (6.7 inch) Full HD+ Super AMOLED Display,50MP + 12MP | 12MP Front Camera,,https://www.flipkart.com/samsung-galaxy-a57-5g-awesome-icyblue-256-gb/p/itm0a21d467664e9?pid=MOBHHENSTHHGNJZN&lid=LSTMOBHHENSTHHGNJZNTF4A9R&marketplace=FLIPKART&q=smart+phones&store=tyy%2F4io&srno=s_40_938&otracker=search&fm=organic&iid=7b0c1ebf-f05b-4aae-bef0-e0731f13489a.MOBHHENSTHHGNJZN.SEARCH&ppt=None&ppn=None&ssid=61c4twxmhs0000001790676280762&qH=a5594894156db043&ov_redirect=true,2026-09-29
939,"realme P4 Lite (Beach Gold, 64 GB)",realme,16499,24999,34% off,3.9,"6,906",454,4 GB RAM,64 GB ROM,6300 mAh Battery,T7250 Processor,17.14 cm (6.75 inch) HD+ Display,13MP Rear Camera | 5MP Front Camera,,https://www.flipkart.com/realme-p4-lite-beach-gold-64-gb/p/itm029fbc88fdc91?pid=MOBHMX7KF4XYHTDM&lid=LSTMOBHMX7KF4XYHTDMBW6TWC&marketplace=FLIPKART&q=smart+phones&store=tyy%2F4io&srno=s_40_939&otracker=search&fm=organic&iid=7b0c1ebf-f05b-4aae-bef0-e0731f13489a.MOBHMX7KF4XYHTDM.SEARCH&ppt=None&ppn=None&ssid=61c4twxmhs0000001790676280762&qH=a5594894156db043&ov_redirect=true,2026-09-29
940,"Samsung Galaxy A37 5G (Awesome Graygreen, 256 GB)",Samsung,49999,,,4.4,430,94,8 GB RAM,256 GB ROM,5000 mAh Li-ion Battery,Exynos 1480 Processor,17.02 cm (6.7 inch) Full HD+ Super AMOLED Display,50MP + 8MP | 12MP Front Camera,,https://www.flipkart.com/samsung-galaxy-a37-5g-awesome-graygreen-256-gb/p/itm793d1b5fe9bc5?pid=MOBHHENSRG4KNRXW&lid=LSTMOBHHENSRG4KNRXWVTFP2T&marketplace=FLIPKART&q=smart+phones&store=tyy%2F4io&srno=s_40_940&otracker=search&fm=organic&iid=7b0c1ebf-f05b-4aae-bef0-e0731f13489a.MOBHHENSRG4KNRXW.SEARCH&ppt=None&ppn=None&ssid=61c4twxmhs0000001790676280762&qH=a5594894156db043&ov_redirect=true,2026-09-29
941,"Samsung Galaxy A37 5G (Awesome Graygreen, 128 GB)",Samsung,45999,,,4.4,430,94,8 GB RAM,128 GB ROM,5000 mAh Li-ion Battery,Exynos 1480 Processor,17.02 cm (6.7 inch) Full HD+ Super AMOLED Display,50MP + 8MP | 12MP Front Camera,,https://www.flipkart.com/samsung-galaxy-a37-5g-awesome-graygreen-128-gb/p/itm793d1b5fe9bc5?pid=MOBHHENSWEXBWPFT&lid=LSTMOBHHENSWEXBWPFTYQB1LN&marketplace=FLIPKART&q=smart+phones&store=tyy%2F4io&srno=s_40_941&otracker=search&fm=organic&iid=7b0c1ebf-f05b-4aae-bef0-e0731f13489a.MOBHHENSWEXBWPFT.SEARCH&ppt=None&ppn=None&ssid=61c4twxmhs0000001790676280762&qH=a5594894156db043&ov_redirect=true,2026-09-29
942,"Alcatel V3 Ultra 5G (Hyper Blue, 128 GB)",Alcatel,18990,27999,32% off,3.7,460,61,6 GB RAM,128 GB ROM,5010 mAh Battery,Dimensity 6300 Processor,17.22 cm (6.78 inch) Full HD+ Display,108MP + 8MP + 2MP | 32MP Front Camera,,https://www.flipkart.com/alcatel-v3-ultra-5g-hyper-blue-128-gb/p/itm6b040ff5b5756?pid=MOBHBH2GBTMFGMDG&lid=LSTMOBHBH2GBTMFGMDGULAI2B&marketplace=FLIPKART&q=smart+phones&store=tyy%2F4io&srno=s_40_942&otracker=search&fm=organic&iid=7b0c1ebf-f05b-4aae-bef0-e0731f13489a.MOBHBH2GBTMFGMDG.SEARCH&ppt=None&ppn=None&ssid=61c4twxmhs0000001790676280762&qH=a5594894156db043&ov_redirect=true,2026-09-29
943,"POCO X8 Pro Max (White, 512 GB)",POCO,52999,61999,14% off,4.5,"2,049",417,12 GB RAM,512 GB ROM,9000 mAh Lithium-Ion Polymer With Silicon Carbon Technology Battery,Dimensity 9500s Processor,17.35 cm (6.83 inch) Full HD+ AMOLED Display,50MP + 8MP | 20MP Front Camera,,https://www.flipkart.com/poco-x8-pro-max-white-512-gb/p/itm99efd552c2346?pid=MOBHMGG52GRMRFFN&lid=LSTMOBHMGG52GRMRFFNBEWRC3&marketplace=FLIPKART&q=smart+phones&store=tyy%2F4io&srno=s_40_943&otracker=search&fm=organic&iid=7b0c1ebf-f05b-4aae-bef0-e0731f13489a.MOBHMGG52GRMRFFN.SEARCH&ppt=None&ppn=None&ssid=61c4twxmhs0000001790676280762&qH=a5594894156db043&ov_redirect=true,2026-09-29
944,"Infinix HOT 70 Pro 5G (Silk Glow Purple, 128 GB)",Infinix,24999,32999,24% off,4.2,103,16,6 GB RAM,128 GB ROM,6000 mAh Battery,Dimensity 7100 Processor,17.17 cm (6.76 inch) Full HD+ Display,50MP Rear Camera | 8MP Front Camera,,https://www.flipkart.com/infinix-hot-70-pro-5g-silk-glow-purple-128-gb/p/itmc910721eaed88?pid=MOBHPSCUDGPNE32B&lid=LSTMOBHPSCUDGPNE32BDYUMSH&marketplace=FLIPKART&q=smart+phones&store=tyy%2F4io&srno=s_40_944&otracker=search&fm=organic&iid=7b0c1ebf-f05b-4aae-bef0-e0731f13489a.MOBHPSCUDGPNE32B.SEARCH&ppt=None&ppn=None&ssid=61c4twxmhs0000001790676280762&qH=a5594894156db043&ov_redirect=true,2026-09-29
945,"OPPO Reno16 5G (Starry White (BABYMONSTER Limited Gift Box), 256 GB)",OPPO,66999,89999,25% off,4.5,186,45,8 GB RAM,256 GB ROM,6700 mAh lithium-ion polymer Battery,7 Gen 4 Processor,16.05 cm (6.32 inch) Full HD+ Display,50MP + 50MP + 50MP | 50MP Front Camera,,https://www.flipkart.com/oppo-reno16-5g-starry-white-babymonster-limited-gift-box-256-gb/p/itmeedd96ac4e26f?pid=MOBHPHM8TMVQCEZB&lid=LSTMOBHPHM8TMVQCEZBBP7TFE&marketplace=FLIPKART&q=smart+phones&store=tyy%2F4io&srno=s_40_945&otracker=search&fm=organic&iid=7b0c1ebf-f05b-4aae-bef0-e0731f13489a.MOBHPHM8TMVQCEZB.SEARCH&ppt=None&ppn=None&ssid=61c4twxmhs0000001790676280762&qH=a5594894156db043&ov_redirect=true,2026-09-29
946,"Tecno Pova Curve 2 5G (Mystic Purple, 128 GB)",Tecno,31999,,,4.1,395,55,8 GB RAM,128 GB ROM,8000 mAh Lithium Polymer Battery,,17.22 cm (6.78 inch) Full HD+ AMOLED Display,50MP + 2MP | 13MP Front Camera,,https://www.flipkart.com/tecno-pova-curve-2-5g-mystic-purple-128-gb/p/itm1160d6853298d?pid=MOBHK67SYBZBUMKW&lid=LSTMOBHK67SYBZBUMKWSRFJQI&marketplace=FLIPKART&q=smart+phones&store=tyy%2F4io&srno=s_40_946&otracker=search&fm=organic&iid=7b0c1ebf-f05b-4aae-bef0-e0731f13489a.MOBHK67SYBZBUMKW.SEARCH&ppt=None&ppn=None&ssid=61c4twxmhs0000001790676280762&qH=a5594894156db043&ov_redirect=true,2026-09-29
947,"Samsung Galaxy S26 FE 5G (Pistachio, 256 GB)",Samsung,79999,109999,27% off,4.2,9,3,8 GB RAM,256 GB ROM,4900 mAh Li-ion Battery,Exynos 2500 Processor,17.02 cm (6.7 inch) Full HD+ AMOLED Display,50MP + 12MP | 12MP Front Camera,,https://www.flipkart.com/samsung-galaxy-s26-fe-5g-pistachio-256-gb/p/itm5fda03bc227aa?pid=MOBHQK9BTAPAY2ET&lid=LSTMOBHQK9BTAPAY2ET5OM6GO&marketplace=FLIPKART&q=smart+phones&store=tyy%2F4io&srno=s_40_947&otracker=search&fm=organic&iid=7b0c1ebf-f05b-4aae-bef0-e0731f13489a.MOBHQK9BTAPAY2ET.SEARCH&ppt=None&ppn=None&ssid=61c4twxmhs0000001790676280762&qH=a5594894156db043&ov_redirect=true,2026-09-29
948,"Samsung Galaxy A06 5G (Black, 128 GB)",Samsung,17381,23999,27% off,4.1,"4,980",375,4 GB RAM,128 GB ROM,5000 mAh Battery,MEDIATEK Processor,17.02 cm (6.7 inch) HD+ Display,50MP + 50MP | 2MP + 2MP Dual Front Camera,,https://www.flipkart.com/samsung-galaxy-a06-5g-black-128-gb/p/itmda80b02de3514?pid=MOBH9YKUMUZJHACE&lid=LSTMOBH9YKUMUZJHACEIY01QZ&marketplace=FLIPKART&q=smart+phones&store=tyy%2F4io&srno=s_40_948&otracker=search&fm=organic&iid=7b0c1ebf-f05b-4aae-bef0-e0731f13489a.MOBH9YKUMUZJHACE.SEARCH&ppt=None&ppn=None&ssid=61c4twxmhs0000001790676280762&qH=a5594894156db043&ov_redirect=true,2026-09-29
949,"OPPO Reno15 Pro Mini 5G (Crystal Pink, 256 GB)",OPPO,59999,64999,7% off,4.6,894,117,12 GB RAM,256 GB ROM,6200 mAh Battery,Dimensity 8450 Processor,16.05 cm (6.32 inch) Full HD+ Display,,,https://www.flipkart.com/oppo-reno15-pro-mini-5g-crystal-pink-256-gb/p/itmf83af4c98921b?pid=MOBHGZZ9H6UPWHGX&lid=LSTMOBHGZZ9H6UPWHGX5SR19A&marketplace=FLIPKART&q=smart+phones&store=tyy%2F4io&srno=s_40_949&otracker=search&fm=organic&iid=7b0c1ebf-f05b-4aae-bef0-e0731f13489a.MOBHGZZ9H6UPWHGX.SEARCH&ppt=None&ppn=None&ssid=61c4twxmhs0000001790676280762&qH=a5594894156db043&ov_redirect=true,2026-09-29
950,"OPPO Reno16 5G (Stellar Purple, 256 GB)",OPPO,66999,89999,25% off,4.5,186,45,8 GB RAM,256 GB ROM,6700 mAh lithium-ion polymer Battery,7 Gen 4 Processor,16.05 cm (6.32 inch) Full HD+ Display,50MP + 50MP + 50MP | 50MP Front Camera,,https://www.flipkart.com/oppo-reno16-5g-stellar-purple-256-gb/p/itmeedd96ac4e26f?pid=MOBHZMBRBETH2USJ&lid=LSTMOBHZMBRBETH2USJ49LXBG&marketplace=FLIPKART&q=smart+phones&store=tyy%2F4io&srno=s_40_950&otracker=search&fm=organic&iid=7b0c1ebf-f05b-4aae-bef0-e0731f13489a.MOBHZMBRBETH2USJ.SEARCH&ppt=None&ppn=None&ssid=61c4twxmhs0000001790676280762&qH=a5594894156db043&ov_redirect=true,2026-09-29
951,"OPPO Reno16 5G (Starry White, 256 GB)",OPPO,66999,89999,25% off,4.5,186,45,8 GB RAM,256 GB ROM,6700 mAh lithium-ion polymer Battery,7 Gen 4 Processor,16.05 cm (6.32 inch) Full HD+ Display,50MP + 50MP + 50MP | 50MP Front Camera,,https://www.flipkart.com/oppo-reno16-5g-starry-white-256-gb/p/itmeedd96ac4e26f?pid=MOBHZMBRFYYSGE2Y&lid=LSTMOBHZMBRFYYSGE2YFMFUAF&marketplace=FLIPKART&q=smart+phones&store=tyy%2F4io&srno=s_40_951&otracker=search&fm=organic&iid=7b0c1ebf-f05b-4aae-bef0-e0731f13489a.MOBHZMBRFYYSGE2Y.SEARCH&ppt=None&ppn=None&ssid=61c4twxmhs0000001790676280762&qH=a5594894156db043&ov_redirect=true,2026-09-29
952,"OPPO Reno16 5G (Twilight Violet, 256 GB)",OPPO,66999,89999,25% off,4.5,186,45,8 GB RAM,256 GB ROM,6700 mAh lithium-ion polymer Battery,7 Gen 4 Processor,16.05 cm (6.32 inch) Full HD+ Display,50MP + 50MP + 50MP | 50MP Front Camera,,https://www.flipkart.com/oppo-reno16-5g-twilight-violet-256-gb/p/itmeedd96ac4e26f?pid=MOBHZMBRUXGP4JEU&lid=LSTMOBHZMBRUXGP4JEUOKY8XA&marketplace=FLIPKART&q=smart+phones&store=tyy%2F4io&srno=s_40_952&otracker=search&fm=organic&iid=7b0c1ebf-f05b-4aae-bef0-e0731f13489a.MOBHZMBRUXGP4JEU.SEARCH&ppt=None&ppn=None&ssid=61c4twxmhs0000001790676280762&qH=a5594894156db043&ov_redirect=true,2026-09-29
953,"vivo V70 FE (Northern Lights Purple 2026, 256 GB)",vivo,49999,56999,12% off,4.4,944,97,8 GB RAM,256 GB ROM,7000 mAh Li-ion battery Battery,Dimensity 7360-Turbo Processor,17.35 cm (6.83 inch) Full HD+ AMOLED Display,200MP + 8MP | 50MP Front Camera,,https://www.flipkart.com/vivo-v70-fe-northern-lights-purple-2026-256-gb/p/itmda852a903ef97?pid=MOBHZFFHH3UZ2FZQ&lid=LSTMOBHZFFHH3UZ2FZQGSKMQX&marketplace=FLIPKART&q=smart+phones&store=tyy%2F4io&srno=s_40_953&otracker=search&fm=organic&iid=7b0c1ebf-f05b-4aae-bef0-e0731f13489a.MOBHZFFHH3UZ2FZQ.SEARCH&ppt=None&ppn=None&ssid=61c4twxmhs0000001790676280762&qH=a5594894156db043&ov_redirect=true,2026-09-29
954,"vivo V70 FE (Monsoon Blue 2026, 256 GB)",vivo,49999,56999,12% off,4.4,944,97,8 GB RAM,256 GB ROM,7000 mAh Li-ion battery Battery,Dimensity 7360-Turbo Processor,17.35 cm (6.83 inch) Full HD+ AMOLED Display,200MP + 8MP | 50MP Front Camera,,https://www.flipkart.com/vivo-v70-fe-monsoon-blue-2026-256-gb/p/itmda852a903ef97?pid=MOBHZFFHH5CXYZDB&lid=LSTMOBHZFFHH5CXYZDBGAP6FP&marketplace=FLIPKART&q=smart+phones&store=tyy%2F4io&srno=s_40_954&otracker=search&fm=organic&iid=7b0c1ebf-f05b-4aae-bef0-e0731f13489a.MOBHZFFHH5CXYZDB.SEARCH&ppt=None&ppn=None&ssid=61c4twxmhs0000001790676280762&qH=a5594894156db043&ov_redirect=true,2026-09-29
955,"OPPO A6 Pro 5G (Aurora Gold, 128 GB)",OPPO,32999,,,4.3,239,19,8 GB RAM,128 GB ROM,7000 mAh Battery,Dimensity 6300 Processor,17.14 cm (6.75 inches) HD+ Display,,,https://www.flipkart.com/oppo-a6-pro-5g-aurora-gold-128-gb/p/itm397626a14646c?pid=MOBHHHC3GQQNNWKN&lid=LSTMOBHHHC3GQQNNWKNQ655NO&marketplace=FLIPKART&q=smart+phones&store=tyy%2F4io&srno=s_40_955&otracker=search&fm=organic&iid=7b0c1ebf-f05b-4aae-bef0-e0731f13489a.MOBHHHC3GQQNNWKN.SEARCH&ppt=None&ppn=None&ssid=61c4twxmhs0000001790676280762&qH=a5594894156db043&ov_redirect=true,2026-09-29
956,"Ai+ Nova 2 Neo 5G (Green, 64 GB)",Ai+,14999,17999,16% off,4.3,"2,327",201,4 GB RAM,64 GB ROM,6000 mAh Li-polymer Battery,Dimensity 6300 Processor,17.13 cm (6.745 inch) HD+ Display,48MP Rear Camera | 8MP Front Camera,,https://www.flipkart.com/ai-nova-2-neo-5g-green-64-gb/p/itm20abd24609ecd?pid=MOBHZ8ZMVMJTY7EF&lid=LSTMOBHZ8ZMVMJTY7EFPHE5YT&marketplace=FLIPKART&q=smart+phones&store=tyy%2F4io&srno=s_40_956&otracker=search&fm=organic&iid=7b0c1ebf-f05b-4aae-bef0-e0731f13489a.MOBHZ8ZMVMJTY7EF.SEARCH&ppt=None&ppn=None&ssid=61c4twxmhs0000001790676280762&qH=a5594894156db043&ov_redirect=true,2026-09-29
957,"REDMI Note 15 Pro + 5G (Carbon Black, 256 GB)",REDMI,51990,51999,,4.1,101,8,12 GB RAM,256 GB ROM,6500 mAh Battery,,17.35 cm (6.83 inch) Display,200MP Rear Camera,,https://www.flipkart.com/redmi-note-15-pro-5g-carbon-black-256-gb/p/itm90a2fdcf3d9a4?pid=MOBHK46MHJU5GDAH&lid=LSTMOBHK46MHJU5GDAH9TGEV7&marketplace=FLIPKART&q=smart+phones&store=tyy%2F4io&srno=s_40_957&otracker=search&fm=organic&iid=7b0c1ebf-f05b-4aae-bef0-e0731f13489a.MOBHK46MHJU5GDAH.SEARCH&ppt=None&ppn=None&ssid=61c4twxmhs0000001790676280762&qH=a5594894156db043&ov_redirect=true,2026-09-29
958,"OPPO Reno16 5G (Starry White, 256 GB)",OPPO,72999,99999,27% off,4.5,71,11,12 GB RAM,256 GB ROM,6700 mAh lithium-ion polymer Battery,7 Gen 4 Processor,16.05 cm (6.32 inch) Full HD+ Display,50MP + 50MP + 50MP | 50MP Front Camera,,https://www.flipkart.com/oppo-reno16-5g-starry-white-256-gb/p/itmeedd96ac4e26f?pid=MOBHZMBRQ63HUMVQ&lid=LSTMOBHZMBRQ63HUMVQ2NXSZW&marketplace=FLIPKART&q=smart+phones&store=tyy%2F4io&srno=s_40_958&otracker=search&fm=organic&iid=7b0c1ebf-f05b-4aae-bef0-e0731f13489a.MOBHZMBRQ63HUMVQ.SEARCH&ppt=None&ppn=None&ssid=61c4twxmhs0000001790676280762&qH=a5594894156db043&ov_redirect=true,2026-09-29
959,"vivo V70 FE (Monsoon Blue 2026, 128 GB)",vivo,44999,53999,16% off,4.4,944,97,8 GB RAM,128 GB ROM,7000 mAh Li-ion battery Battery,Dimensity 7360-Turbo Processor,17.35 cm (6.83 inch) Full HD+ AMOLED Display,200MP + 8MP | 50MP Front Camera,,https://www.flipkart.com/vivo-v70-fe-monsoon-blue-2026-128-gb/p/itmda852a903ef97?pid=MOBHZFFH8ZT8QZCR&lid=LSTMOBHZFFH8ZT8QZCRQUTPLD&marketplace=FLIPKART&q=smart+phones&store=tyy%2F4io&srno=s_40_959&otracker=search&fm=organic&iid=7b0c1ebf-f05b-4aae-bef0-e0731f13489a.MOBHZFFH8ZT8QZCR.SEARCH&ppt=None&ppn=None&ssid=61c4twxmhs0000001790676280762&qH=a5594894156db043&ov_redirect=true,2026-09-29
960,"vivo V70 FE (Northern Lights Purple 2026, 128 GB)",vivo,44999,53999,16% off,4.4,944,97,8 GB RAM,128 GB ROM,7000 mAh Li-ion battery Battery,Dimensity 7360-Turbo Processor,17.35 cm (6.83 inch) Full HD+ AMOLED Display,200MP + 8MP | 50MP Front Camera,,https://www.flipkart.com/vivo-v70-fe-northern-lights-purple-2026-128-gb/p/itmda852a903ef97?pid=MOBHZFFHZ5ZXJZC3&lid=LSTMOBHZFFHZ5ZXJZC3PMVX3S&marketplace=FLIPKART&q=smart+phones&store=tyy%2F4io&srno=s_40_960&otracker=search&fm=organic&iid=7b0c1ebf-f05b-4aae-bef0-e0731f13489a.MOBHZFFHZ5ZXJZC3.SEARCH&ppt=None&ppn=None&ssid=61c4twxmhs0000001790676280762&qH=a5594894156db043&ov_redirect=true,2026-09-29
961,"Tecno Spark Go 3 (Ink Black, 64 GB)",Tecno,12499,15999,21% off,4.1,217,15,4 GB RAM,64 GB ROM,5000 mAh Lithium Polymer Battery,T7250 Processor,17.12 cm (6.74 inch) HD+ Display,13MP Rear Camera | 8MP Front Camera,,https://www.flipkart.com/tecno-spark-go-3-ink-black-64-gb/p/itma9c8f128a61c6?pid=MOBHP2QYCXZZE3CM&lid=LSTMOBHP2QYCXZZE3CMWW64IB&marketplace=FLIPKART&q=smart+phones&store=tyy%2F4io&srno=s_41_961&otracker=search&fm=organic&iid=en_0vgaLbz5C0jgBP2dM2DphGqObbS5kIlA0wrIgXa8DIcOto-WqIdkpp1AoKO3Ag6Pu-p7FawYTmaPPeu5xWEE1ZLgCDLd29XPfHChd2SlxWsYcy8erY1X5fQ9JdOyfh2K&ppt=None&ppn=None&ssid=7lol9lvncw0000001790676283605&qH=a5594894156db043&ov_redirect=true,2026-09-29
962,"Nothing Phone (4b) (Black, 256 GB)",Nothing,40999,59999,31% off,4.3,"1,816",179,8 GB RAM,256 GB ROM,6000 mAh Lithium ion Battery,6 Gen 4 Processor,17.2 cm (6.77 inch) Full HD+ AMOLED Display,50MP + 8MP | 16MP Front Camera,,https://www.flipkart.com/nothing-phone-4b-black-256-gb/p/itm939608b40adbb?pid=MOBHZMBDNBKCHZ7B&lid=LSTMOBHZMBDNBKCHZ7BHVWLPF&marketplace=FLIPKART&q=smart+phones&store=tyy%2F4io&srno=s_41_962&otracker=search&fm=organic&iid=7743a9e2-1a98-4f02-8606-805e2c892e98.MOBHZMBDNBKCHZ7B.SEARCH&ppt=None&ppn=None&ssid=7lol9lvncw0000001790676283605&qH=a5594894156db043&ov_redirect=true,2026-09-29
963,"vivo X300 Pro (Elite Black, 512 GB)",vivo,119999,,,4.7,540,100,16 GB RAM,512 GB ROM,6510 mAh Battery,Dimensity 9500 Processor,43.74 cm (17.22 cm) Display,50MP + 50MP + 200MP | 50MP Front Camera,,https://www.flipkart.com/vivo-x300-pro-elite-black-512-gb/p/itmb73a83ccc00e3?pid=MOBHHZBCYBWTZ3F7&lid=LSTMOBHHZBCYBWTZ3F7H0EVGA&marketplace=FLIPKART&q=smart+phones&store=tyy%2F4io&srno=s_41_963&otracker=search&fm=organic&iid=7743a9e2-1a98-4f02-8606-805e2c892e98.MOBHHZBCYBWTZ3F7.SEARCH&ppt=None&ppn=None&ssid=7lol9lvncw0000001790676283605&qH=a5594894156db043&ov_redirect=true,2026-09-29
964,"Samsung Galaxy F34 5G (Mystic Green, 128 GB)",Samsung,25999,,,4.2,"16,200","1,213",8 GB RAM,128 GB ROM,6000 mAh Battery,Exynos 1280 Processor,16.51 cm (6.5 inch) Full HD+ Display,50MP (OIS) + 8MP + 2MP | 13MP Front Camera,,https://www.flipkart.com/samsung-galaxy-f34-5g-mystic-green-128-gb/p/itm2ce3011602d7b?pid=MOBGRZMYHHCWCAXG&lid=LSTMOBGRZMYHHCWCAXGZPMGCO&marketplace=FLIPKART&q=smart+phones&store=tyy%2F4io&srno=s_41_964&otracker=search&fm=organic&iid=7743a9e2-1a98-4f02-8606-805e2c892e98.MOBGRZMYHHCWCAXG.SEARCH&ppt=None&ppn=None&ssid=7lol9lvncw0000001790676283605&qH=a5594894156db043&ov_redirect=true,2026-09-29
965,"Samsung Galaxy A37 5G (Awesome Lavender, 256 GB)",Samsung,53999,,,4.4,36,3,12 GB RAM,256 GB ROM,5000 mAh Li-ion Battery,Exynos 1480 Processor,17.02 cm (6.7 inch) Full HD+ Super AMOLED Display,50MP + 8MP | 12MP Front Camera,,https://www.flipkart.com/samsung-galaxy-a37-5g-awesome-lavender-256-gb/p/itm793d1b5fe9bc5?pid=MOBHHENSQVHCHGUG&lid=LSTMOBHHENSQVHCHGUGSXSGPS&marketplace=FLIPKART&q=smart+phones&store=tyy%2F4io&srno=s_41_965&otracker=search&fm=organic&iid=7743a9e2-1a98-4f02-8606-805e2c892e98.MOBHHENSQVHCHGUG.SEARCH&ppt=None&ppn=None&ssid=7lol9lvncw0000001790676283605&qH=a5594894156db043&ov_redirect=true,2026-09-29
966,"Samsung Galaxy A37 5G (Awesome Charcoal, 256 GB)",Samsung,53999,,,4.4,36,3,12 GB RAM,256 GB ROM,5000 mAh Li-ion Battery,Exynos 1480 Processor,17.02 cm (6.7 inch) Full HD+ Super AMOLED Display,50MP + 8MP | 12MP Front Camera,,https://www.flipkart.com/samsung-galaxy-a37-5g-awesome-charcoal-256-gb/p/itm793d1b5fe9bc5?pid=MOBHHENSQZFDSCDY&lid=LSTMOBHHENSQZFDSCDYLSQHBK&marketplace=FLIPKART&q=smart+phones&store=tyy%2F4io&srno=s_41_966&otracker=search&fm=organic&iid=7743a9e2-1a98-4f02-8606-805e2c892e98.MOBHHENSQZFDSCDY.SEARCH&ppt=None&ppn=None&ssid=7lol9lvncw0000001790676283605&qH=a5594894156db043&ov_redirect=true,2026-09-29
967,"Samsung Galaxy A57 5G (Awesome Navy, 256 GB)",Samsung,62999,,,4.4,99,12,12 GB RAM,256 GB ROM,5000 mAh Li-ion Battery,Exynos 1680 Processor,17.02 cm (6.7 inch) Full HD+ Super AMOLED Display,50MP + 12MP | 12MP Front Camera,,https://www.flipkart.com/samsung-galaxy-a57-5g-awesome-navy-256-gb/p/itm0a21d467664e9?pid=MOBHHENSYEYYVJ6N&lid=LSTMOBHHENSYEYYVJ6NCKIZDC&marketplace=FLIPKART&q=smart+phones&store=tyy%2F4io&srno=s_41_967&otracker=search&fm=organic&iid=7743a9e2-1a98-4f02-8606-805e2c892e98.MOBHHENSYEYYVJ6N.SEARCH&ppt=None&ppn=None&ssid=7lol9lvncw0000001790676283605&qH=a5594894156db043&ov_redirect=true,2026-09-29
968,"Samsung Galaxy A57 5G (Awesome Icyblue, 256 GB)",Samsung,62999,,,4.4,99,12,12 GB RAM,256 GB ROM,5000 mAh Li-ion Battery,Exynos 1680 Processor,17.02 cm (6.7 inch) Full HD+ Super AMOLED Display,50MP + 12MP | 12MP Front Camera,,https://www.flipkart.com/samsung-galaxy-a57-5g-awesome-icyblue-256-gb/p/itm0a21d467664e9?pid=MOBHHENSZ6FCYWX4&lid=LSTMOBHHENSZ6FCYWX4JQGLQP&marketplace=FLIPKART&q=smart+phones&store=tyy%2F4io&srno=s_41_968&otracker=search&fm=organic&iid=7743a9e2-1a98-4f02-8606-805e2c892e98.MOBHHENSZ6FCYWX4.SEARCH&ppt=None&ppn=None&ssid=7lol9lvncw0000001790676283605&qH=a5594894156db043&ov_redirect=true,2026-09-29
969,"Alcatel V3 Ultra 5G (Champagne Gold, 128 GB)",Alcatel,18790,27999,32% off,3.7,460,61,6 GB RAM,128 GB ROM,5010 mAh Battery,Dimensity 6300 Processor,17.22 cm (6.78 inch) Full HD+ Display,108MP + 8MP + 2MP | 32MP Front Camera,,https://www.flipkart.com/alcatel-v3-ultra-5g-champagne-gold-128-gb/p/itm6b040ff5b5756?pid=MOBHBH2G2SG6PSFZ&lid=LSTMOBHBH2G2SG6PSFZQNCDDV&marketplace=FLIPKART&q=smart+phones&store=tyy%2F4io&srno=s_41_969&otracker=search&fm=organic&iid=7743a9e2-1a98-4f02-8606-805e2c892e98.MOBHBH2G2SG6PSFZ.SEARCH&ppt=None&ppn=None&ssid=7lol9lvncw0000001790676283605&qH=a5594894156db043&ov_redirect=true,2026-09-29
970,"Infinix HOT 70 Pro 5G (Thermo Orange, 128 GB)",Infinix,24999,32999,24% off,4.2,103,16,6 GB RAM,128 GB ROM,6000 mAh Battery,Dimensity 7100 Processor,17.17 cm (6.76 inch) Full HD+ Display,50MP Rear Camera | 8MP Front Camera,,https://www.flipkart.com/infinix-hot-70-pro-5g-thermo-orange-128-gb/p/itmc910721eaed88?pid=MOBHPSCUABKHNFWM&lid=LSTMOBHPSCUABKHNFWMHN11E3&marketplace=FLIPKART&q=smart+phones&store=tyy%2F4io&srno=s_41_970&otracker=search&fm=organic&iid=7743a9e2-1a98-4f02-8606-805e2c892e98.MOBHPSCUABKHNFWM.SEARCH&ppt=None&ppn=None&ssid=7lol9lvncw0000001790676283605&qH=a5594894156db043&ov_redirect=true,2026-09-29
971,"Tecno Pova Curve 2 5G (Melting Silver, 256 GB)",Tecno,33999,34999,2% off,4.1,395,55,8 GB RAM,256 GB ROM,8000 mAh Lithium Polymer Battery,,17.22 cm (6.78 inch) Full HD+ AMOLED Display,50MP + 2MP | 13MP Front Camera,,https://www.flipkart.com/tecno-pova-curve-2-5g-melting-silver-256-gb/p/itm1160d6853298d?pid=MOBHK67S5ZTCRZY8&lid=LSTMOBHK67S5ZTCRZY86OPDRW&marketplace=FLIPKART&q=smart+phones&store=tyy%2F4io&srno=s_41_971&otracker=search&fm=organic&iid=7743a9e2-1a98-4f02-8606-805e2c892e98.MOBHK67S5ZTCRZY8.SEARCH&ppt=None&ppn=None&ssid=7lol9lvncw0000001790676283605&qH=a5594894156db043&ov_redirect=true,2026-09-29
972,"Tecno Pova Curve 2 5G (Storm Titanium, 256 GB)",Tecno,33999,34999,2% off,4.1,395,55,8 GB RAM,256 GB ROM,8000 mAh Lithium Polymer Battery,,17.22 cm (6.78 inch) Full HD+ AMOLED Display,50MP + 2MP | 13MP Front Camera,,https://www.flipkart.com/tecno-pova-curve-2-5g-storm-titanium-256-gb/p/itm1160d6853298d?pid=MOBHK67SZ8QXFEGC&lid=LSTMOBHK67SZ8QXFEGCAI9PHJ&marketplace=FLIPKART&q=smart+phones&store=tyy%2F4io&srno=s_41_972&otracker=search&fm=organic&iid=7743a9e2-1a98-4f02-8606-805e2c892e98.MOBHK67SZ8QXFEGC.SEARCH&ppt=None&ppn=None&ssid=7lol9lvncw0000001790676283605&qH=a5594894156db043&ov_redirect=true,2026-09-29
973,"Tecno Pova Curve 2 5G (Mystic Purple, 256 GB)",Tecno,33999,34999,2% off,4.1,395,55,8 GB RAM,256 GB ROM,8000 mAh Lithium Polymer Battery,,17.22 cm (6.78 inch) Full HD+ AMOLED Display,50MP + 2MP | 13MP Front Camera,,https://www.flipkart.com/tecno-pova-curve-2-5g-mystic-purple-256-gb/p/itm1160d6853298d?pid=MOBHK67S72HA9ZMW&lid=LSTMOBHK67S72HA9ZMWUBXUKH&marketplace=FLIPKART&q=smart+phones&store=tyy%2F4io&srno=s_41_973&otracker=search&fm=organic&iid=7743a9e2-1a98-4f02-8606-805e2c892e98.MOBHK67S72HA9ZMW.SEARCH&ppt=None&ppn=None&ssid=7lol9lvncw0000001790676283605&qH=a5594894156db043&ov_redirect=true,2026-09-29
974,"Tecno Spark 50 5G (Mint Green, 128 GB)",Tecno,21499,31999,32% off,4,128,15,6 GB RAM,128 GB ROM,6500 mAh Lithium Polymer Battery,Dimensity 6400 Processor,17.22 cm (6.78 inch) Display,50MP Rear Camera | 8MP Front Camera,,https://www.flipkart.com/tecno-spark-50-5g-mint-green-128-gb/p/itmb3923bf4ff9a6?pid=MOBHHH5TPTZJJESV&lid=LSTMOBHHH5TPTZJJESVLBOIO3&marketplace=FLIPKART&q=smart+phones&store=tyy%2F4io&srno=s_41_974&otracker=search&fm=organic&iid=7743a9e2-1a98-4f02-8606-805e2c892e98.MOBHHH5TPTZJJESV.SEARCH&ppt=None&ppn=None&ssid=7lol9lvncw0000001790676283605&qH=a5594894156db043&ov_redirect=true,2026-09-29
975,"Alcatel V3 Ultra 5G (Hyper Blue, 128 GB)",Alcatel,18990,29999,36% off,3.7,225,49,8 GB RAM,128 GB ROM,5010 mAh Battery,Dimensity 6300 Processor,17.22 cm (6.78 inch) Full HD+ Display,108MP + 8MP + 2MP | 32MP Front Camera,,https://www.flipkart.com/alcatel-v3-ultra-5g-hyper-blue-128-gb/p/itm6b040ff5b5756?pid=MOBHBH2GJ7VZ69HR&lid=LSTMOBHBH2GJ7VZ69HR5O0GRL&marketplace=FLIPKART&q=smart+phones&store=tyy%2F4io&srno=s_41_975&otracker=search&fm=organic&iid=7743a9e2-1a98-4f02-8606-805e2c892e98.MOBHBH2GJ7VZ69HR.SEARCH&ppt=None&ppn=None&ssid=7lol9lvncw0000001790676283605&qH=a5594894156db043&ov_redirect=true,2026-09-29
976,"Nothing Phone (4a) Pro (Black, 256 GB)",Nothing,52999,,,4.5,"3,067",403,8 GB RAM,256 GB ROM,5400 mAh Lithium ion Battery,Snapdragon 7 Gen 4 Processor,17.35 cm (6.83 inch) Full HD+ AMOLED Display,50MP + 50MP + 8MP | 32MP Front Camera,,https://www.flipkart.com/nothing-phone-4a-pro-black-256-gb/p/itm4d004931f8d69?pid=MOBHM2ZUVKHTBFWT&lid=LSTMOBHM2ZUVKHTBFWTYEHE2K&marketplace=FLIPKART&q=smart+phones&store=tyy%2F4io&srno=s_41_976&otracker=search&fm=organic&iid=7743a9e2-1a98-4f02-8606-805e2c892e98.MOBHM2ZUVKHTBFWT.SEARCH&ppt=None&ppn=None&ssid=7lol9lvncw0000001790676283605&qH=a5594894156db043&ov_redirect=true,2026-09-29
977,"REDMI Note 15 Pro + 5G (Carbon Black, 256 GB)",REDMI,38698,49999,22% off,4.1,117,23,8 GB RAM,256 GB ROM,6500 mAh Battery,,17.35 cm (6.83 inch) Display,200MP Rear Camera,,https://www.flipkart.com/redmi-note-15-pro-5g-carbon-black-256-gb/p/itm90a2fdcf3d9a4?pid=MOBHK46MAEXNGHZ5&lid=LSTMOBHK46MAEXNGHZ5MQZQY4&marketplace=FLIPKART&q=smart+phones&store=tyy%2F4io&srno=s_41_977&otracker=search&fm=organic&iid=7743a9e2-1a98-4f02-8606-805e2c892e98.MOBHK46MAEXNGHZ5.SEARCH&ppt=None&ppn=None&ssid=7lol9lvncw0000001790676283605&qH=a5594894156db043&ov_redirect=true,2026-09-29
978,"realme P4x 5G (Matte Silver, 128 GB)",realme,29999,43999,31% off,4.3,"8,623",716,8 GB RAM,128 GB ROM,7000 mAh Battery,Dimensity 7400 Ultra Processor,17.07 cm (6.72 inch) Full HD+ Display,50MP + 2MP | 8MP Front Camera,,https://www.flipkart.com/realme-p4x-5g-matte-silver-128-gb/p/itm575b1540859e4?pid=MOBHN7A8HYC9BPAU&lid=LSTMOBHN7A8HYC9BPAUEQNPRK&marketplace=FLIPKART&q=smart+phones&store=tyy%2F4io&srno=s_41_978&otracker=search&fm=organic&iid=7743a9e2-1a98-4f02-8606-805e2c892e98.MOBHN7A8HYC9BPAU.SEARCH&ppt=None&ppn=None&ssid=7lol9lvncw0000001790676283605&qH=a5594894156db043&ov_redirect=true,2026-09-29
979,"Tecno Spark 50 5G (Mint Green, 128 GB)",Tecno,18249,27999,34% off,3.7,137,21,4 GB RAM,128 GB ROM,6500 mAh Lithium Polymer Battery,Dimensity 6400 Processor,17.22 cm (6.78 inch) Display,50MP Rear Camera | 8MP Front Camera,,https://www.flipkart.com/tecno-spark-50-5g-mint-green-128-gb/p/itmb3923bf4ff9a6?pid=MOBHHH5TZMHQCMSU&lid=LSTMOBHHH5TZMHQCMSUN8RIDD&marketplace=FLIPKART&q=smart+phones&store=tyy%2F4io&srno=s_41_979&otracker=search&fm=organic&iid=7743a9e2-1a98-4f02-8606-805e2c892e98.MOBHHH5TZMHQCMSU.SEARCH&ppt=None&ppn=None&ssid=7lol9lvncw0000001790676283605&qH=a5594894156db043&ov_redirect=true,2026-09-29
980,"Samsung Galaxy S26 FE 5G (Blueberry, 256 GB)",Samsung,79999,109999,27% off,4.2,9,3,8 GB RAM,256 GB ROM,4900 mAh Li-ion Battery,Exynos 2500 Processor,17.02 cm (6.7 inch) Full HD+ AMOLED Display,50MP + 12MP | 12MP Front Camera,,https://www.flipkart.com/samsung-galaxy-s26-fe-5g-blueberry-256-gb/p/itm5fda03bc227aa?pid=MOBHQK9BTJ3FJTVE&lid=LSTMOBHQK9BTJ3FJTVEQJWYWU&marketplace=FLIPKART&q=smart+phones&store=tyy%2F4io&srno=s_41_980&otracker=search&fm=organic&iid=7743a9e2-1a98-4f02-8606-805e2c892e98.MOBHQK9BTJ3FJTVE.SEARCH&ppt=None&ppn=None&ssid=7lol9lvncw0000001790676283605&qH=a5594894156db043&ov_redirect=true,2026-09-29
981,"OPPO Reno15c 5G (Afterglow Pink, 256 GB)",OPPO,44999,46999,4% off,4.3,241,30,12 GB RAM,256 GB ROM,7000 mAh Battery,6 Gen 1 Processor,16.69 cm (6.57 inch) Full HD+ Display,,,https://www.flipkart.com/oppo-reno15c-5g-afterglow-pink-256-gb/p/itmc54a5df4d2236?pid=MOBHGZZ9K3UDGQTE&lid=LSTMOBHGZZ9K3UDGQTEFZEOIK&marketplace=FLIPKART&q=smart+phones&store=tyy%2F4io&srno=s_41_981&otracker=search&fm=organic&iid=7743a9e2-1a98-4f02-8606-805e2c892e98.MOBHGZZ9K3UDGQTE.SEARCH&ppt=None&ppn=None&ssid=7lol9lvncw0000001790676283605&qH=a5594894156db043&ov_redirect=true,2026-09-29
982,"OPPO Reno16 5G (Twilight Violet, 256 GB)",OPPO,72999,99999,27% off,4.5,71,11,12 GB RAM,256 GB ROM,6700 mAh lithium-ion polymer Battery,7 Gen 4 Processor,16.05 cm (6.32 inch) Full HD+ Display,50MP + 50MP + 50MP | 50MP Front Camera,,https://www.flipkart.com/oppo-reno16-5g-twilight-violet-256-gb/p/itmeedd96ac4e26f?pid=MOBHZMBRFJK9WQPR&lid=LSTMOBHZMBRFJK9WQPRQGW0RD&marketplace=FLIPKART&q=smart+phones&store=tyy%2F4io&srno=s_41_982&otracker=search&fm=organic&iid=7743a9e2-1a98-4f02-8606-805e2c892e98.MOBHZMBRFJK9WQPR.SEARCH&ppt=None&ppn=None&ssid=7lol9lvncw0000001790676283605&qH=a5594894156db043&ov_redirect=true,2026-09-29
983,"Infinix HOT 70 Pro 5G (Silk Glow Purple, 128 GB)",Infinix,27999,36999,24% off,4.3,22,1,8 GB RAM,128 GB ROM,6000 mAh Battery,Dimensity 7100 Processor,17.17 cm (6.76 inch) Full HD+ Display,50MP Rear Camera | 8MP Front Camera,,https://www.flipkart.com/infinix-hot-70-pro-5g-silk-glow-purple-128-gb/p/itmc910721eaed88?pid=MOBHPSCUHN4DUH6Y&lid=LSTMOBHPSCUHN4DUH6YF6LSJS&marketplace=FLIPKART&q=smart+phones&store=tyy%2F4io&srno=s_41_983&otracker=search&fm=organic&iid=7743a9e2-1a98-4f02-8606-805e2c892e98.MOBHPSCUHN4DUH6Y.SEARCH&ppt=None&ppn=None&ssid=7lol9lvncw0000001790676283605&qH=a5594894156db043&ov_redirect=true,2026-09-29
984,"realme P4x 5G (Elegant Pink, 128 GB)",realme,26999,38999,30% off,4.3,"15,813","1,362",6 GB RAM,128 GB ROM,7000 mAh Battery,Dimensity 7400 Ultra Processor,17.07 cm (6.72 inch) Full HD+ Display,50MP + 2MP | 8MP Front Camera,,https://www.flipkart.com/realme-p4x-5g-elegant-pink-128-gb/p/itm575b1540859e4?pid=MOBHN7A8GXPNGYW4&lid=LSTMOBHN7A8GXPNGYW46JFEQO&marketplace=FLIPKART&q=smart+phones&store=tyy%2F4io&srno=s_41_984&otracker=search&fm=organic&iid=7743a9e2-1a98-4f02-8606-805e2c892e98.MOBHN7A8GXPNGYW4.SEARCH&ppt=None&ppn=None&ssid=7lol9lvncw0000001790676283605&qH=a5594894156db043&ov_redirect=true,2026-09-29
