S.No,Product Name,Brand,Price,Original Price,Discount,Rating,Rating Count,Review Count,RAM,ROM,Battery,Processor,Display Size,Camera,Network Type,Product URL,Scraped Date
1,"POCO M8 Power 5G (Blaze Orange, 128 GB)",POCO,24999,54999,54% off,4.1,137,22,6 GB RAM,128 GB ROM,8000 mAh Lithium-Ion Polymer Battery,Snapdragon Gen 4 Processor,17.75 cm (6.99 inch) Full HD+ AMOLED Display,50MP Rear Camera | 8MP Front Camera,,https://www.flipkart.com/poco-m8-power-5g-blaze-orange-128-gb/p/itm0edc1dd6b4e42?pid=MOBHPCYNPNCJG2UV&lid=LSTMOBHPCYNPNCJG2UVUHFGWJ&marketplace=FLIPKART&q=smart+phones&store=tyy%2F4io&srno=s_1_1&otracker=search&fm=organic&iid=en_WS8_BOXRV8e1Gk-_KHF2r9znGRGoRFOFxEQf5zw6sBHUhSMnK9XcT8P9SnXLaINZEK7BPGhfiP-wXnlDI_-NLYaMW1YyD3IHNTgs5o1M5-zhzkQM9EXo6R0d6e9o17Oe&ppt=None&ppn=None&ssid=wcw0eqpfhs0000001786766459874&qH=a5594894156db043&ov_redirect=true,2026-08-15
2,"Tecno Spark Go 3 (Galaxy Blue, 64 GB)",Tecno,12499,15999,21% off,4,159,10,4 GB RAM,64 GB ROM,5000 mAh Lithium Polymer Battery,T7250 Processor,17.12 cm (6.74 inch) HD+ Display,13MP Rear Camera | 8MP Front Camera,,https://www.flipkart.com/tecno-spark-go-3-galaxy-blue-64-gb/p/itma9c8f128a61c6?pid=MOBHP2QYFPVRGYKZ&lid=LSTMOBHP2QYFPVRGYKZGBFHIL&marketplace=FLIPKART&q=smart+phones&store=tyy%2F4io&srno=s_1_2&otracker=search&fm=organic&iid=en_WS8_BOXRV8e1Gk-_KHF2r9znGRGoRFOFxEQf5zw6sBH8YB_Aa6_Yvh6ySQ2h1qk-DfcT5w9ScRYdVSBIUigfewx8rW6MZkpD852G02CKM5vhzkQM9EXo6R0d6e9o17Oe&ppt=None&ppn=None&ssid=wcw0eqpfhs0000001786766459874&qH=a5594894156db043&ov_redirect=true,2026-08-15
3,"Ai+ Pulse 2 (Purple, 64 GB)",Ai+,9199,10999,16% off,4.2,"8,395",538,4 GB RAM,64 GB ROM,6000 mAh Battery,T7250 Processor,17.13 cm (6.745 inch) HD+ Display,50MP Rear Camera | 8MP Front Camera,,https://www.flipkart.com/ai-pulse-2-purple-64-gb/p/itmdc910ae2ff0c1?pid=MOBHKHPYQHGDVRTG&lid=LSTMOBHKHPYQHGDVRTGJBHZI8&marketplace=FLIPKART&q=smart+phones&store=tyy%2F4io&srno=s_1_3&otracker=search&fm=organic&iid=dfcfd4ec-973f-451b-9259-ed3c3751fb6c.MOBHKHPYQHGDVRTG.SEARCH&ppt=None&ppn=None&ssid=wcw0eqpfhs0000001786766459874&qH=a5594894156db043&ov_redirect=true,2026-08-15
4,"MOTOROLA g37 power (PANTONE Capri, 64 GB)",MOTOROLA,14999,26499,43% off,4.2,"4,496",459,4 GB RAM,64 GB ROM,7000 mAh Battery,Dimensity 6400 Processor,16.92 cm (6.66 inch) HD+ Display,50MP Rear Camera | 8MP Front Camera,,https://www.flipkart.com/motorola-g37-power-pantone-capri-64-gb/p/itmde5e2403ff964?pid=MOBHMHG65H7QGMHS&lid=LSTMOBHMHG65H7QGMHS4CXIMU&marketplace=FLIPKART&q=smart+phones&store=tyy%2F4io&srno=s_1_4&otracker=search&fm=organic&iid=dfcfd4ec-973f-451b-9259-ed3c3751fb6c.MOBHMHG65H7QGMHS.SEARCH&ppt=None&ppn=None&ssid=wcw0eqpfhs0000001786766459874&qH=a5594894156db043&ov_redirect=true,2026-08-15
5,"Tecno Pova Curve 2 5G (Mystic Purple, 128 GB)",Tecno,31999,,,4.1,334,52,8 GB RAM,128 GB ROM,8000 mAh Lithium Polymer Battery,,17.22 cm (6.78 inch) Full HD+ AMOLED Display,50MP + 2MP | 13MP Front Camera,,https://www.flipkart.com/tecno-pova-curve-2-5g-mystic-purple-128-gb/p/itm1160d6853298d?pid=MOBHK67SYBZBUMKW&lid=LSTMOBHK67SYBZBUMKWSRFJQI&marketplace=FLIPKART&q=smart+phones&store=tyy%2F4io&srno=s_1_5&otracker=search&fm=organic&iid=en_WS8_BOXRV8e1Gk-_KHF2r9znGRGoRFOFxEQf5zw6sBGtBi7fSQs8ibPh8CpC_Wp7l_Eb_4B7Tn_VlP1H-O-LSsS188fQRKRpp4ilTDutpfgW_z-Bswb17KQGpZo1zJJI&ppt=None&ppn=None&ssid=wcw0eqpfhs0000001786766459874&qH=a5594894156db043&ov_redirect=true,2026-08-15
6,"POCO M8 Power 5G (Black, 128 GB)",POCO,24999,54999,54% off,4.1,137,22,6 GB RAM,128 GB ROM,8000 mAh Lithium-Ion Polymer Battery,Snapdragon Gen 4 Processor,17.75 cm (6.99 inch) Full HD+ AMOLED Display,50MP Rear Camera | 8MP Front Camera,,https://www.flipkart.com/poco-m8-power-5g-black-128-gb/p/itm3a60b0817a5c5?pid=MOBHPCYN7CHENHFF&lid=LSTMOBHPCYN7CHENHFFR4XY1I&marketplace=FLIPKART&q=smart+phones&store=tyy%2F4io&srno=s_1_6&otracker=search&fm=organic&iid=en_WS8_BOXRV8e1Gk-_KHF2r9znGRGoRFOFxEQf5zw6sBE_dVPkjxR7V5l3CfAwJ4UvWtt5YMffQrfun9M53XnHDOLR3I7BtmxkxKZ6neURW_UW_z-Bswb17KQGpZo1zJJI&ppt=None&ppn=None&ssid=wcw0eqpfhs0000001786766459874&qH=a5594894156db043&ov_redirect=true,2026-08-15
7,"MOTOROLA g37 power (PANTONE Impenetrable, 64 GB)",MOTOROLA,14999,26499,43% off,4.2,"4,496",459,4 GB RAM,64 GB ROM,7000 mAh Battery,Dimensity 6400 Processor,16.92 cm (6.66 inch) HD+ Display,50MP Rear Camera | 8MP Front Camera,,https://www.flipkart.com/motorola-g37-power-pantone-impenetrable-64-gb/p/itm81d7e4cd8df99?pid=MOBHMHG6CCNS5UWR&lid=LSTMOBHMHG6CCNS5UWRI3ZOW4&marketplace=FLIPKART&q=smart+phones&store=tyy%2F4io&srno=s_1_7&otracker=search&fm=organic&iid=dfcfd4ec-973f-451b-9259-ed3c3751fb6c.MOBHMHG6CCNS5UWR.SEARCH&ppt=None&ppn=None&ssid=wcw0eqpfhs0000001786766459874&qH=a5594894156db043&ov_redirect=true,2026-08-15
8,"MOTOROLA g37 power (PANTONE Impenetrable, 128 GB)",MOTOROLA,15999,30499,47% off,4.2,"4,496",459,4 GB RAM,128 GB ROM,7000 mAh Battery,Dimensity 6400 Processor,16.92 cm (6.66 inch) HD+ Display,50MP Rear Camera | 8MP Front Camera,,https://www.flipkart.com/motorola-g37-power-pantone-impenetrable-128-gb/p/itm566f6ada1190f?pid=MOBHHVFYC3QU3CAQ&lid=LSTMOBHHVFYC3QU3CAQGXXTZS&marketplace=FLIPKART&q=smart+phones&store=tyy%2F4io&spotlightTagId=default_BestsellerId_tyy%2F4io&srno=s_1_8&otracker=search&fm=organic&iid=dfcfd4ec-973f-451b-9259-ed3c3751fb6c.MOBHHVFYC3QU3CAQ.SEARCH&ppt=None&ppn=None&ssid=wcw0eqpfhs0000001786766459874&qH=a5594894156db043&ov_redirect=true,2026-08-15
9,"Ai+ Pulse 2 (Green, 64 GB)",Ai+,9199,10999,16% off,4.2,"8,395",538,4 GB RAM,64 GB ROM,6000 mAh Battery,T7250 Processor,17.13 cm (6.745 inch) HD+ Display,50MP Rear Camera | 8MP Front Camera,,https://www.flipkart.com/ai-pulse-2-green-64-gb/p/itm8475838cc2064?pid=MOBHKHPYZHDPMZSR&lid=LSTMOBHKHPYZHDPMZSRLBINVS&marketplace=FLIPKART&q=smart+phones&store=tyy%2F4io&srno=s_1_9&otracker=search&fm=organic&iid=dfcfd4ec-973f-451b-9259-ed3c3751fb6c.MOBHKHPYZHDPMZSR.SEARCH&ppt=None&ppn=None&ssid=wcw0eqpfhs0000001786766459874&qH=a5594894156db043&ov_redirect=true,2026-08-15
10,"MOTOROLA g37 power (PANTONE Capri, 128 GB)",MOTOROLA,15999,30499,47% off,4.2,"4,496",459,4 GB RAM,128 GB ROM,7000 mAh Battery,Dimensity 6400 Processor,16.92 cm (6.66 inch) HD+ Display,50MP Rear Camera | 8MP Front Camera,,https://www.flipkart.com/motorola-g37-power-pantone-capri-128-gb/p/itm30e95f8678f47?pid=MOBHHVFYHG7QUTDZ&lid=LSTMOBHHVFYHG7QUTDZUQRD2N&marketplace=FLIPKART&q=smart+phones&store=tyy%2F4io&srno=s_1_10&otracker=search&fm=organic&iid=dfcfd4ec-973f-451b-9259-ed3c3751fb6c.MOBHHVFYHG7QUTDZ.SEARCH&ppt=None&ppn=None&ssid=wcw0eqpfhs0000001786766459874&qH=a5594894156db043&ov_redirect=true,2026-08-15
11,"POCO M8 Power 5G (Black, 128 GB)",POCO,27999,59999,53% off,3.9,27,2,8 GB RAM,128 GB ROM,8000 mAh Lithium-Ion Polymer Battery,Snapdragon Gen 4 Processor,17.75 cm (6.99 inch) Full HD+ AMOLED Display,50MP Rear Camera | 8MP Front Camera,,https://www.flipkart.com/poco-m8-power-5g-black-128-gb/p/itm822601a413dff?pid=MOBHPCYNSNYCGRDN&lid=LSTMOBHPCYNSNYCGRDNMJJBOM&marketplace=FLIPKART&q=smart+phones&store=tyy%2F4io&srno=s_1_11&otracker=search&fm=organic&iid=en_WS8_BOXRV8e1Gk-_KHF2r9znGRGoRFOFxEQf5zw6sBGmkFj2RErZYciUp-7ewuXPi9Rh6IIvff75ikkqjJDEpveQzPw9l_HSBpbT1LG0PP0W_z-Bswb17KQGpZo1zJJI&ppt=None&ppn=None&ssid=wcw0eqpfhs0000001786766459874&qH=a5594894156db043&ov_redirect=true,2026-08-15
12,"POCO M8 Power 5G (Green, 128 GB)",POCO,24999,54999,54% off,4.1,137,22,6 GB RAM,128 GB ROM,8000 mAh Lithium-Ion Polymer Battery,Snapdragon Gen 4 Processor,17.75 cm (6.99 inch) Full HD+ AMOLED Display,50MP Rear Camera | 8MP Front Camera,,https://www.flipkart.com/poco-m8-power-5g-green-128-gb/p/itmd5d508dcd6172?pid=MOBHPCYNBFXP5TG9&lid=LSTMOBHPCYNBFXP5TG9ASUJFA&marketplace=FLIPKART&q=smart+phones&store=tyy%2F4io&srno=s_1_12&otracker=search&fm=organic&iid=en_WS8_BOXRV8e1Gk-_KHF2r9znGRGoRFOFxEQf5zw6sBFMYEofJiq2wHaDlZTenQJtL1lWlwDM6hbXYmWcc7M1C_ROmT91DlPsz9Wzi_BnTzkW_z-Bswb17KQGpZo1zJJI&ppt=None&ppn=None&ssid=wcw0eqpfhs0000001786766459874&qH=a5594894156db043&ov_redirect=true,2026-08-15
13,"vivo T5x 5G (Cyber Green, 128 GB)",vivo,24999,28999,13% off,4.4,"17,260","1,151",6 GB RAM,128 GB ROM,7200 mAh Li-ion Battery,Dimensity 7400-Turbo Processor,17.17 cm (6.76 inch) Display,50MP + 2MP | 32MP Front Camera,,https://www.flipkart.com/vivo-t5x-5g-cyber-green-128-gb/p/itm7da8aa253e72b?pid=MOBHH69NGFZAYK6M&lid=LSTMOBHH69NGFZAYK6MYQKNQD&marketplace=FLIPKART&q=smart+phones&store=tyy%2F4io&spotlightTagId=default_BestsellerId_tyy%2F4io&srno=s_1_13&otracker=search&fm=organic&iid=dfcfd4ec-973f-451b-9259-ed3c3751fb6c.MOBHH69NGFZAYK6M.SEARCH&ppt=None&ppn=None&ssid=wcw0eqpfhs0000001786766459874&qH=a5594894156db043&ov_redirect=true,2026-08-15
14,"HMD Vibe2 5G (Peach Pink, 128 GB)",HMD,16999,19999,15% off,4.5,"4,195",396,4 GB RAM,128 GB ROM,6000 mAh Li-Poly Battery,,17.02 cm (6.7 inch) HD+ Display,50MP Rear Camera | 8MP Front Camera,,https://www.flipkart.com/hmd-vibe2-5g-peach-pink-128-gb/p/itm71c3ae6df2a26?pid=MOBHN6XYSHFH3BNJ&lid=LSTMOBHN6XYSHFH3BNJAIKEZZ&marketplace=FLIPKART&q=smart+phones&store=tyy%2F4io&srno=s_1_14&otracker=search&fm=organic&iid=dfcfd4ec-973f-451b-9259-ed3c3751fb6c.MOBHN6XYSHFH3BNJ.SEARCH&ppt=None&ppn=None&ssid=wcw0eqpfhs0000001786766459874&qH=a5594894156db043&ov_redirect=true,2026-08-15
15,"Ai+ Nova 2 Pro 5G (Purple, 128 GB)",Ai+,15999,21999,27% off,4.1,"1,004",121,6 GB RAM,128 GB ROM,6000 mAh Li-polymer Battery,Dimensity 7100 Processor,17.53 cm (6.9 inch) Full HD+ Display,48MP Rear Camera | 13MP Front Camera,,https://www.flipkart.com/ai-nova-2-pro-5g-purple-128-gb/p/itm95899429b0b18?pid=MOBHZ8ZMGVPHRQWP&lid=LSTMOBHZ8ZMGVPHRQWPFTQBJE&marketplace=FLIPKART&q=smart+phones&store=tyy%2F4io&srno=s_1_15&otracker=search&fm=organic&iid=dfcfd4ec-973f-451b-9259-ed3c3751fb6c.MOBHZ8ZMGVPHRQWP.SEARCH&ppt=None&ppn=None&ssid=wcw0eqpfhs0000001786766459874&qH=a5594894156db043&ov_redirect=true,2026-08-15
16,"MOTOROLA Edge 70 Fusion Snapdragon (Pantone COUNTRY AIR, 128 GB)",MOTOROLA,28999,49999,42% off,4.4,"15,281","1,698",8 GB RAM,128 GB ROM,7000 mAh Battery,Snapdragon 7s Gen 4 Processor,17.27 cm (6.8 inch) Super HD Display,50MP + 13MP | 32MP Front Camera,,https://www.flipkart.com/motorola-edge-70-fusion-snapdragon-pantone-country-air-128-gb/p/itm35e1629da7123?pid=MOBHN973BZYNQ9XZ&lid=LSTMOBHN973BZYNQ9XZIVDF72&marketplace=FLIPKART&q=smart+phones&store=tyy%2F4io&srno=s_1_16&otracker=search&fm=organic&iid=dfcfd4ec-973f-451b-9259-ed3c3751fb6c.MOBHN973BZYNQ9XZ.SEARCH&ppt=None&ppn=None&ssid=wcw0eqpfhs0000001786766459874&qH=a5594894156db043&ov_redirect=true,2026-08-15
17,"POCO M8 Power 5G (Blaze Orange, 128 GB)",POCO,27999,59999,53% off,3.9,27,2,8 GB RAM,128 GB ROM,8000 mAh Lithium-Ion Polymer Battery,Snapdragon Gen 4 Processor,17.75 cm (6.99 inch) Full HD+ AMOLED Display,50MP Rear Camera | 8MP Front Camera,,https://www.flipkart.com/poco-m8-power-5g-blaze-orange-128-gb/p/itme6ed250ab73df?pid=MOBHPCYNFWHRJD8C&lid=LSTMOBHPCYNFWHRJD8C5JT1AV&marketplace=FLIPKART&q=smart+phones&store=tyy%2F4io&srno=s_1_17&otracker=search&fm=organic&iid=en_WS8_BOXRV8e1Gk-_KHF2r9znGRGoRFOFxEQf5zw6sBHcEWEY8iYFIGCj4xySqzixrc8dwWkxNCr3GaeBPrmwpHsCl6qKzl7kkF0oa90Hlc8W_z-Bswb17KQGpZo1zJJI&ppt=None&ppn=None&ssid=wcw0eqpfhs0000001786766459874&qH=a5594894156db043&ov_redirect=true,2026-08-15
18,"POCO M8 Power 5G (Green, 128 GB)",POCO,27999,59999,53% off,3.9,27,2,8 GB RAM,128 GB ROM,8000 mAh Lithium-Ion Polymer Battery,Snapdragon Gen 4 Processor,17.75 cm (6.99 inch) Full HD+ AMOLED Display,50MP Rear Camera | 8MP Front Camera,,https://www.flipkart.com/poco-m8-power-5g-green-128-gb/p/itmcb7a6d1f8e1fc?pid=MOBHPCYNPTEZQTHC&lid=LSTMOBHPCYNPTEZQTHCQZMRHO&marketplace=FLIPKART&q=smart+phones&store=tyy%2F4io&srno=s_1_18&otracker=search&fm=organic&iid=en_WS8_BOXRV8e1Gk-_KHF2r9znGRGoRFOFxEQf5zw6sBHVbyLw6JK_zH2079EHQ8y6XN_nh31zKq2OoX0wfXiZvxDE4v42wY4Af9Z19OfVkg8W_z-Bswb17KQGpZo1zJJI&ppt=None&ppn=None&ssid=wcw0eqpfhs0000001786766459874&qH=a5594894156db043&ov_redirect=true,2026-08-15
19,Vivo T4 Lite 5G (Titanium Gold 2026) (4GB 64GB),Vivo,16999,27999,39% off,4.3,"41,447","1,843",4 GB RAM,64 GB ROM,6000 mAh Battery,Dimensity 6300 5G Processor,17.12 cm (6.74 inch) HD+ Display,50MP + 2MP | 5MP Front Camera,5G,https://www.flipkart.com/vivo-t4-lite-5g-titanium-gold-2026-4gb-64gb/p/itm49fb53d099f3c?pid=MOBHNCRK44PF7QEN&lid=LSTMOBHNCRK44PF7QENBDEBI7&marketplace=FLIPKART&q=smart+phones&store=tyy%2F4io&srno=s_1_19&otracker=search&fm=organic&iid=dfcfd4ec-973f-451b-9259-ed3c3751fb6c.MOBHNCRK44PF7QEN.SEARCH&ppt=None&ppn=None&ssid=wcw0eqpfhs0000001786766459874&qH=a5594894156db043&ov_redirect=true,2026-08-15
20,"Ai+ Nova 2 5G (Blue, 64 GB)",Ai+,12999,13999,7% off,4.3,"5,035",244,4 GB RAM,64 GB ROM,6000 mAh Battery,T8200 Processor,17.13 cm (6.745 inch) HD+ Display,50MP Rear Camera | 8MP Front Camera,,https://www.flipkart.com/ai-nova-2-5g-blue-64-gb/p/itm20a7387042b2c?pid=MOBHKHPYHHSYZWHF&lid=LSTMOBHKHPYHHSYZWHFGIS9RH&marketplace=FLIPKART&q=smart+phones&store=tyy%2F4io&spotlightTagId=default_BestsellerId_tyy%2F4io&srno=s_1_20&otracker=search&fm=organic&iid=dfcfd4ec-973f-451b-9259-ed3c3751fb6c.MOBHKHPYHHSYZWHF.SEARCH&ppt=None&ppn=None&ssid=wcw0eqpfhs0000001786766459874&qH=a5594894156db043&ov_redirect=true,2026-08-15
21,"realme P4 Lite (Beach Gold, 64 GB)",realme,12999,24999,48% off,4,"5,318",329,4 GB RAM,64 GB ROM,6300 mAh Battery,T7250 Processor,17.14 cm (6.75 inch) HD+ Display,13MP Rear Camera | 5MP Front Camera,,https://www.flipkart.com/realme-p4-lite-beach-gold-64-gb/p/itm029fbc88fdc91?pid=MOBHMX7KF4XYHTDM&lid=LSTMOBHMX7KF4XYHTDMBW6TWC&marketplace=FLIPKART&q=smart+phones&store=tyy%2F4io&srno=s_1_21&otracker=search&fm=organic&iid=dfcfd4ec-973f-451b-9259-ed3c3751fb6c.MOBHMX7KF4XYHTDM.SEARCH&ppt=None&ppn=None&ssid=wcw0eqpfhs0000001786766459874&qH=a5594894156db043&ov_redirect=true,2026-08-15
22,"realme C100x (Golden Coast, 64 GB)",realme,14999,29999,50% off,4,86,13,4 GB RAM,64 GB ROM,8000 mAh Battery,T7250 Processor,17.27 cm (6.8 inch) HD+ Display,50MP Rear Camera | 5MP Front Camera,,https://www.flipkart.com/realme-c100x-golden-coast-64-gb/p/itm488eb4026680c?pid=MOBHZMDTJ8MRNENF&lid=LSTMOBHZMDTJ8MRNENF0B9EB3&marketplace=FLIPKART&q=smart+phones&store=tyy%2F4io&srno=s_1_22&otracker=search&fm=organic&iid=dfcfd4ec-973f-451b-9259-ed3c3751fb6c.MOBHZMDTJ8MRNENF.SEARCH&ppt=None&ppn=None&ssid=wcw0eqpfhs0000001786766459874&qH=a5594894156db043&ov_redirect=true,2026-08-15
23,"Ai+ Nova 2 Neo 5G (Blue, 128 GB)",Ai+,12999,18999,31% off,4.4,"1,040",109,4 GB RAM,128 GB ROM,6000 mAh Li-polymer Battery,Dimensity 6300 Processor,17.13 cm (6.745 inch) HD+ Display,48MP Rear Camera | 8MP Front Camera,,https://www.flipkart.com/ai-nova-2-neo-5g-blue-128-gb/p/itmdcaa61dad2064?pid=MOBHZ8ZMTFJZHQQ6&lid=LSTMOBHZ8ZMTFJZHQQ6X2VHUW&marketplace=FLIPKART&q=smart+phones&store=tyy%2F4io&srno=s_1_23&otracker=search&fm=organic&iid=dfcfd4ec-973f-451b-9259-ed3c3751fb6c.MOBHZ8ZMTFJZHQQ6.SEARCH&ppt=None&ppn=None&ssid=wcw0eqpfhs0000001786766459874&qH=a5594894156db043&ov_redirect=true,2026-08-15
24,"MOTOROLA g67 power 5G (Pantone CILANTRO, 256 GB)",MOTOROLA,26999,30999,12% off,4.2,777,62,12 GB RAM,256 GB ROM,7000 mAh Battery,7s Gen 2 Processor,17.02 cm (6.7 inch) Full HD+ Display,50MP + 8MP | 32MP Front Camera,,https://www.flipkart.com/motorola-g67-power-5g-pantone-cilantro-256-gb/p/itme91d2943b446d?pid=MOBHN3UXSVHPQ7MC&lid=LSTMOBHN3UXSVHPQ7MCN0OLIS&marketplace=FLIPKART&q=smart+phones&store=tyy%2F4io&srno=s_1_24&otracker=search&fm=organic&iid=dfcfd4ec-973f-451b-9259-ed3c3751fb6c.MOBHN3UXSVHPQ7MC.SEARCH&ppt=None&ppn=None&ssid=wcw0eqpfhs0000001786766459874&qH=a5594894156db043&ov_redirect=true,2026-08-15
25,"Ai+ Nova 2 5G (Purple, 128 GB)",Ai+,13999,17499,20% off,4.3,"5,035",244,4 GB RAM,128 GB ROM,6000 mAh Battery,T8200 Processor,17.13 cm (6.745 inch) HD+ Display,50MP Rear Camera | 8MP Front Camera,,https://www.flipkart.com/ai-nova-2-5g-purple-128-gb/p/itmc486f9ebd15e3?pid=MOBHZPMCKZ3VYHMZ&lid=LSTMOBHZPMCKZ3VYHMZBGP8IV&marketplace=FLIPKART&q=smart+phones&store=tyy%2F4io&srno=s_2_25&otracker=search&fm=organic&iid=eea12ebb-3371-4fca-b7e7-69465efcbb78.MOBHZPMCKZ3VYHMZ.SEARCH&ppt=None&ppn=None&ssid=74f3eosffk0000001786766463068&qH=a5594894156db043&ov_redirect=true,2026-08-15
26,"HMD VIBE2 5G (Nordic Blue, 128 GB)",HMD,18999,24999,24% off,4.3,368,20,6 GB RAM,128 GB ROM,6000 mAh Li-Poly Battery,,17.02 cm (6.7 inch) HD+ Display,50MP Rear Camera | 8MP Front Camera,,https://www.flipkart.com/hmd-vibe2-5g-nordic-blue-128-gb/p/itm71c3ae6df2a26?pid=MOBHNS6YYSAJPVHZ&lid=LSTMOBHNS6YYSAJPVHZHEOKCG&marketplace=FLIPKART&q=smart+phones&store=tyy%2F4io&srno=s_2_26&otracker=search&fm=organic&iid=eea12ebb-3371-4fca-b7e7-69465efcbb78.MOBHNS6YYSAJPVHZ.SEARCH&ppt=None&ppn=None&ssid=74f3eosffk0000001786766463068&qH=a5594894156db043&ov_redirect=true,2026-08-15
27,"POCO M8 Power 5G (Blaze Orange, 128 GB)",POCO,24999,54999,54% off,4.1,137,22,6 GB RAM,128 GB ROM,8000 mAh Lithium-Ion Polymer Battery,Snapdragon Gen 4 Processor,17.75 cm (6.99 inch) Full HD+ AMOLED Display,50MP Rear Camera | 8MP Front Camera,,https://www.flipkart.com/poco-m8-power-5g-blaze-orange-128-gb/p/itm0edc1dd6b4e42?pid=MOBHPCYNPNCJG2UV&lid=LSTMOBHPCYNPNCJG2UVUHFGWJ&marketplace=FLIPKART&q=smart+phones&store=tyy%2F4io&srno=s_2_27&otracker=search&fm=organic&iid=en_dmcg1A-4F-uVOJZWlFxnxscH26NrgdIImiDkwN14P-gsoF_RwOo_S-OSLlzsLYf0EK7BPGhfiP-wXnlDI_-NLYaMW1YyD3IHNTgs5o1M5-w3zEqTj5MkVwxjPDNCI5Nw&ppt=None&ppn=None&ssid=74f3eosffk0000001786766463068&qH=a5594894156db043&ov_redirect=true,2026-08-15
28,"Tecno Spark Go 3 (Galaxy Blue, 64 GB)",Tecno,12499,15999,21% off,4,159,10,4 GB RAM,64 GB ROM,5000 mAh Lithium Polymer Battery,T7250 Processor,17.12 cm (6.74 inch) HD+ Display,13MP Rear Camera | 8MP Front Camera,,https://www.flipkart.com/tecno-spark-go-3-galaxy-blue-64-gb/p/itma9c8f128a61c6?pid=MOBHP2QYFPVRGYKZ&lid=LSTMOBHP2QYFPVRGYKZGBFHIL&marketplace=FLIPKART&q=smart+phones&store=tyy%2F4io&srno=s_2_28&otracker=search&fm=organic&iid=en_dmcg1A-4F-uVOJZWlFxnxscH26NrgdIImiDkwN14P-gA1zCH0JxOEAJVpKkhB-5HDfcT5w9ScRYdVSBIUigfewx8rW6MZkpD852G02CKM5s3zEqTj5MkVwxjPDNCI5Nw&ppt=None&ppn=None&ssid=74f3eosffk0000001786766463068&qH=a5594894156db043&ov_redirect=true,2026-08-15
29,"realme P4R 5G (Silver Glare, 128 GB)",realme,19499,34999,44% off,4.2,"1,674",143,4 GB RAM,128 GB ROM,8000 mAh Lithium-ion polymer Battery,Dimensity 6300 Processor,17.27 cm (6.8 inch) HD+ Display,50MP Rear Camera | 8MP Front Camera,,https://www.flipkart.com/realme-p4r-5g-silver-glare-128-gb/p/itmb42ae388c1ef6?pid=MOBHMYR3EJZ8J2ES&lid=LSTMOBHMYR3EJZ8J2ESNKDP7V&marketplace=FLIPKART&q=smart+phones&store=tyy%2F4io&srno=s_2_29&otracker=search&fm=organic&iid=eea12ebb-3371-4fca-b7e7-69465efcbb78.MOBHMYR3EJZ8J2ES.SEARCH&ppt=None&ppn=None&ssid=74f3eosffk0000001786766463068&qH=a5594894156db043&ov_redirect=true,2026-08-15
30,"POCO C81x (Ice Blue, 64 GB)",POCO,11499,18999,39% off,4,436,26,3 GB RAM,64 GB ROM,5200 mAh Lithium-Ion Polymer Battery,T7250 Processor,17.48 cm (6.88 inch) Display,13MP Rear Camera | 8MP Front Camera,,https://www.flipkart.com/poco-c81x-ice-blue-64-gb/p/itmf2e3aacd5257e?pid=MOBHMYWRWPE4S8G6&lid=LSTMOBHMYWRWPE4S8G6INAADH&marketplace=FLIPKART&q=smart+phones&store=tyy%2F4io&srno=s_2_30&otracker=search&fm=organic&iid=eea12ebb-3371-4fca-b7e7-69465efcbb78.MOBHMYWRWPE4S8G6.SEARCH&ppt=None&ppn=None&ssid=74f3eosffk0000001786766463068&qH=a5594894156db043&ov_redirect=true,2026-08-15
31,"Tecno Pova Curve 2 5G (Mystic Purple, 128 GB)",Tecno,31999,,,4.1,334,52,8 GB RAM,128 GB ROM,8000 mAh Lithium Polymer Battery,,17.22 cm (6.78 inch) Full HD+ AMOLED Display,50MP + 2MP | 13MP Front Camera,,https://www.flipkart.com/tecno-pova-curve-2-5g-mystic-purple-128-gb/p/itm1160d6853298d?pid=MOBHK67SYBZBUMKW&lid=LSTMOBHK67SYBZBUMKWSRFJQI&marketplace=FLIPKART&q=smart+phones&store=tyy%2F4io&srno=s_2_31&otracker=search&fm=organic&iid=en_dmcg1A-4F-uVOJZWlFxnxscH26NrgdIImiDkwN14P-g16-MKwps2yWJzIHehgzTywJMYb3wWk9-zidBPhYOLiP2GJOfeiJVYIMFMZuP-eGs3zEqTj5MkVwxjPDNCI5Nw&ppt=None&ppn=None&ssid=74f3eosffk0000001786766463068&qH=a5594894156db043&ov_redirect=true,2026-08-15
32,"POCO M8 Power 5G (Black, 128 GB)",POCO,24999,54999,54% off,4.1,137,22,6 GB RAM,128 GB ROM,8000 mAh Lithium-Ion Polymer Battery,Snapdragon Gen 4 Processor,17.75 cm (6.99 inch) Full HD+ AMOLED Display,50MP Rear Camera | 8MP Front Camera,,https://www.flipkart.com/poco-m8-power-5g-black-128-gb/p/itm3a60b0817a5c5?pid=MOBHPCYN7CHENHFF&lid=LSTMOBHPCYN7CHENHFFR4XY1I&marketplace=FLIPKART&q=smart+phones&store=tyy%2F4io&srno=s_2_32&otracker=search&fm=organic&iid=en_dmcg1A-4F-uVOJZWlFxnxscH26NrgdIImiDkwN14P-iP8D0_XedrC3jzBjHp0CV8aT8kUHp5etuwVmO1o7M-wYaMW1YyD3IHNTgs5o1M5-w3zEqTj5MkVwxjPDNCI5Nw&ppt=None&ppn=None&ssid=74f3eosffk0000001786766463068&qH=a5594894156db043&ov_redirect=true,2026-08-15
33,"MOTOROLA g37 power (PANTONE Nautical Blue, 128 GB)",MOTOROLA,15999,30499,47% off,4.2,"4,496",459,4 GB RAM,128 GB ROM,7000 mAh Battery,Dimensity 6400 Processor,16.92 cm (6.66 inch) HD+ Display,50MP Rear Camera | 8MP Front Camera,,https://www.flipkart.com/motorola-g37-power-pantone-nautical-blue-128-gb/p/itmf752f4981d932?pid=MOBHHVFYGN57RYAH&lid=LSTMOBHHVFYGN57RYAH8U08EM&marketplace=FLIPKART&q=smart+phones&store=tyy%2F4io&srno=s_2_33&otracker=search&fm=organic&iid=eea12ebb-3371-4fca-b7e7-69465efcbb78.MOBHHVFYGN57RYAH.SEARCH&ppt=None&ppn=None&ssid=74f3eosffk0000001786766463068&qH=a5594894156db043&ov_redirect=true,2026-08-15
34,"MOTOROLA g06 power (Pantone tapestry, 64 GB)",MOTOROLA,13999,19999,30% off,4.2,"22,209","1,527",4 GB RAM,64 GB ROM,7000 mAh Battery,Helio G81 Processor,17.48 cm (6.88 inch) HD+ Display,50MP Rear Camera | 8MP Front Camera,,https://www.flipkart.com/motorola-g06-power-pantone-tapestry-64-gb/p/itm29390fa68401d?pid=MOBHN973FFYHGUGG&lid=LSTMOBHN973FFYHGUGG27JKDQ&marketplace=FLIPKART&q=smart+phones&store=tyy%2F4io&srno=s_2_34&otracker=search&fm=organic&iid=eea12ebb-3371-4fca-b7e7-69465efcbb78.MOBHN973FFYHGUGG.SEARCH&ppt=None&ppn=None&ssid=74f3eosffk0000001786766463068&qH=a5594894156db043&ov_redirect=true,2026-08-15
35,"vivo T5 Lite 44W 5G (Wave Blue, 128 GB)",vivo,21999,38499,42% off,4.3,"1,073",83,6 GB RAM,128 GB ROM,6500 mAh Li-ion Battery,Dimensity 6300 5G Processor,17.12 cm (6.74 inch) Full HD Display,50MP + 0.08MP | 5MP Front Camera,5G,https://www.flipkart.com/vivo-t5-lite-44w-5g-wave-blue-128-gb/p/itm5420c578ec2df?pid=MOBHNDTD57UJUK9Q&lid=LSTMOBHNDTD57UJUK9QMGWRRW&marketplace=FLIPKART&q=smart+phones&store=tyy%2F4io&srno=s_2_35&otracker=search&fm=organic&iid=eea12ebb-3371-4fca-b7e7-69465efcbb78.MOBHNDTD57UJUK9Q.SEARCH&ppt=None&ppn=None&ssid=74f3eosffk0000001786766463068&qH=a5594894156db043&ov_redirect=true,2026-08-15
36,"MOTOROLA Edge 60 Fusion 5G (PANTONE Zephyr, 256 GB)",MOTOROLA,27999,37999,26% off,4.4,"48,034","3,357",12 GB RAM,256 GB ROM,5500 mAh Battery,Dimensity 7400 Processor,16.94 cm (6.67 inch) Display,50MP + 13MP | 32MP Front Camera,,https://www.flipkart.com/motorola-edge-60-fusion-5g-pantone-zephyr-256-gb/p/itm64e3872f24188?pid=MOBHN974GP9AXZEC&lid=LSTMOBHN974GP9AXZEC6NHT6R&marketplace=FLIPKART&q=smart+phones&store=tyy%2F4io&srno=s_2_36&otracker=search&fm=organic&iid=eea12ebb-3371-4fca-b7e7-69465efcbb78.MOBHN974GP9AXZEC.SEARCH&ppt=None&ppn=None&ssid=74f3eosffk0000001786766463068&qH=a5594894156db043&ov_redirect=true,2026-08-15
37,"POCO M8 Power 5G (Black, 128 GB)",POCO,27999,59999,53% off,3.9,27,2,8 GB RAM,128 GB ROM,8000 mAh Lithium-Ion Polymer Battery,Snapdragon Gen 4 Processor,17.75 cm (6.99 inch) Full HD+ AMOLED Display,50MP Rear Camera | 8MP Front Camera,,https://www.flipkart.com/poco-m8-power-5g-black-128-gb/p/itm822601a413dff?pid=MOBHPCYNSNYCGRDN&lid=LSTMOBHPCYNSNYCGRDNMJJBOM&marketplace=FLIPKART&q=smart+phones&store=tyy%2F4io&srno=s_2_37&otracker=search&fm=organic&iid=en_dmcg1A-4F-uVOJZWlFxnxscH26NrgdIImiDkwN14P-jKIbeqjW3Vt6j6TPl7s6wsBDTRorC47PtbDHNuPaNY4oaMW1YyD3IHNTgs5o1M5-w3zEqTj5MkVwxjPDNCI5Nw&ppt=None&ppn=None&ssid=74f3eosffk0000001786766463068&qH=a5594894156db043&ov_redirect=true,2026-08-15
38,"POCO M8 Power 5G (Green, 128 GB)",POCO,24999,54999,54% off,4.1,137,22,6 GB RAM,128 GB ROM,8000 mAh Lithium-Ion Polymer Battery,Snapdragon Gen 4 Processor,17.75 cm (6.99 inch) Full HD+ AMOLED Display,50MP Rear Camera | 8MP Front Camera,,https://www.flipkart.com/poco-m8-power-5g-green-128-gb/p/itmd5d508dcd6172?pid=MOBHPCYNBFXP5TG9&lid=LSTMOBHPCYNBFXP5TG9ASUJFA&marketplace=FLIPKART&q=smart+phones&store=tyy%2F4io&srno=s_2_38&otracker=search&fm=organic&iid=en_dmcg1A-4F-uVOJZWlFxnxscH26NrgdIImiDkwN14P-g2m50M1jqowRsnAvBf2FkEU3tP_Pv07BCIeiNW4SS2yoaMW1YyD3IHNTgs5o1M5-w3zEqTj5MkVwxjPDNCI5Nw&ppt=None&ppn=None&ssid=74f3eosffk0000001786766463068&qH=a5594894156db043&ov_redirect=true,2026-08-15
39,Vivo T4 Lite 5G (Titanium Gold 2026) (4GB 128GB),Vivo,18749,28999,35% off,4.3,"41,447","1,843",4 GB RAM,128 GB ROM,6000 mAh Battery,Dimensity 6300 5G Processor,17.12 cm (6.74 inch) HD+ Display,50MP + 2MP | 5MP Front Camera,5G,https://www.flipkart.com/vivo-t4-lite-5g-titanium-gold-2026-4gb-128gb/p/itm49fb53d099f3c?pid=MOBHNCRKN8ZBGAJR&lid=LSTMOBHNCRKN8ZBGAJREUTFV0&marketplace=FLIPKART&q=smart+phones&store=tyy%2F4io&srno=s_2_39&otracker=search&fm=organic&iid=eea12ebb-3371-4fca-b7e7-69465efcbb78.MOBHNCRKN8ZBGAJR.SEARCH&ppt=None&ppn=None&ssid=74f3eosffk0000001786766463068&qH=a5594894156db043&ov_redirect=true,2026-08-15
40,"Samsung M06 5G (Sage Green, 128 GB)",Samsung,14743,15499,4% off,4.1,"5,110",344,4 GB RAM,128 GB ROM,5000 mAh Battery,,17.02 cm (6.7 inch) Display,50MP Rear Camera,,https://www.flipkart.com/samsung-m06-5g-sage-green-128-gb/p/itmcafa42dadc15c?pid=MOBH9UYFYVNKR3HR&lid=LSTMOBH9UYFYVNKR3HRIZOSGJ&marketplace=FLIPKART&q=smart+phones&store=tyy%2F4io&srno=s_2_40&otracker=search&fm=organic&iid=eea12ebb-3371-4fca-b7e7-69465efcbb78.MOBH9UYFYVNKR3HR.SEARCH&ppt=None&ppn=None&ssid=74f3eosffk0000001786766463068&qH=a5594894156db043&ov_redirect=true,2026-08-15
41,"POCO M8 Power 5G (Blaze Orange, 128 GB)",POCO,27999,59999,53% off,3.9,27,2,8 GB RAM,128 GB ROM,8000 mAh Lithium-Ion Polymer Battery,Snapdragon Gen 4 Processor,17.75 cm (6.99 inch) Full HD+ AMOLED Display,50MP Rear Camera | 8MP Front Camera,,https://www.flipkart.com/poco-m8-power-5g-blaze-orange-128-gb/p/itme6ed250ab73df?pid=MOBHPCYNFWHRJD8C&lid=LSTMOBHPCYNFWHRJD8C5JT1AV&marketplace=FLIPKART&q=smart+phones&store=tyy%2F4io&srno=s_2_41&otracker=search&fm=organic&iid=en_dmcg1A-4F-uVOJZWlFxnxscH26NrgdIImiDkwN14P-gPVI7fqhs4nRNrMo1JShJzltXHcpYWLJT1dyCM7ZmdX4aMW1YyD3IHNTgs5o1M5-w3zEqTj5MkVwxjPDNCI5Nw&ppt=None&ppn=None&ssid=74f3eosffk0000001786766463068&qH=a5594894156db043&ov_redirect=true,2026-08-15
42,"POCO M8 Power 5G (Green, 128 GB)",POCO,27999,59999,53% off,3.9,27,2,8 GB RAM,128 GB ROM,8000 mAh Lithium-Ion Polymer Battery,Snapdragon Gen 4 Processor,17.75 cm (6.99 inch) Full HD+ AMOLED Display,50MP Rear Camera | 8MP Front Camera,,https://www.flipkart.com/poco-m8-power-5g-green-128-gb/p/itmcb7a6d1f8e1fc?pid=MOBHPCYNPTEZQTHC&lid=LSTMOBHPCYNPTEZQTHCQZMRHO&marketplace=FLIPKART&q=smart+phones&store=tyy%2F4io&srno=s_2_42&otracker=search&fm=organic&iid=en_dmcg1A-4F-uVOJZWlFxnxscH26NrgdIImiDkwN14P-gkT3auVeXIGNa7zmBeVWymHmmQ0XidzSTnFCGkDRA6v4aMW1YyD3IHNTgs5o1M5-w3zEqTj5MkVwxjPDNCI5Nw&ppt=None&ppn=None&ssid=74f3eosffk0000001786766463068&qH=a5594894156db043&ov_redirect=true,2026-08-15
43,"Ai+ Pulse 2 (Blue, 128 GB)",Ai+,10499,15499,32% off,4.2,"8,395",538,4 GB RAM,128 GB ROM,6000 mAh Battery,T7250 Processor,17.13 cm (6.745 inch) HD+ Display,50MP Rear Camera | 8MP Front Camera,,https://www.flipkart.com/ai-pulse-2-blue-128-gb/p/itm982c299d0417e?pid=MOBHZPMCBYNXVYDB&lid=LSTMOBHZPMCBYNXVYDBFJKORE&marketplace=FLIPKART&q=smart+phones&store=tyy%2F4io&srno=s_2_43&otracker=search&fm=organic&iid=eea12ebb-3371-4fca-b7e7-69465efcbb78.MOBHZPMCBYNXVYDB.SEARCH&ppt=None&ppn=None&ssid=74f3eosffk0000001786766463068&qH=a5594894156db043&ov_redirect=true,2026-08-15
44,"MOTOROLA g37 power (PANTONE Capri, 128 GB)",MOTOROLA,19999,37999,47% off,4.1,"1,150",100,8 GB RAM,128 GB ROM,7000 mAh Battery,Dimensity 6400 Processor,16.92 cm (6.66 inch) HD+ Display,50MP Rear Camera | 8MP Front Camera,,https://www.flipkart.com/motorola-g37-power-pantone-capri-128-gb/p/itm5dc5774d4d5e9?pid=MOBHMX5YXCBREREH&lid=LSTMOBHMX5YXCBREREHUWKEDX&marketplace=FLIPKART&q=smart+phones&store=tyy%2F4io&srno=s_2_44&otracker=search&fm=organic&iid=eea12ebb-3371-4fca-b7e7-69465efcbb78.MOBHMX5YXCBREREH.SEARCH&ppt=None&ppn=None&ssid=74f3eosffk0000001786766463068&qH=a5594894156db043&ov_redirect=true,2026-08-15
45,"MOTOROLA g57 power 5G Snapdragon (Pantone Corsair, 128 GB)",MOTOROLA,21999,,,4.4,"53,368","3,812",8 GB RAM,128 GB ROM,7000 mAh Battery,6s Gen 4 Processor,17.07 cm (6.72 inch) Full HD+ Display,50MP + 8MP | 8MP Front Camera,,https://www.flipkart.com/motorola-g57-power-5g-snapdragon-pantone-corsair-128-gb/p/itm8332e9aa80c32?pid=MOBHN974GHFYSJNH&lid=LSTMOBHN974GHFYSJNH7KFUEZ&marketplace=FLIPKART&q=smart+phones&store=tyy%2F4io&srno=s_2_45&otracker=search&fm=organic&iid=eea12ebb-3371-4fca-b7e7-69465efcbb78.MOBHN974GHFYSJNH.SEARCH&ppt=None&ppn=None&ssid=74f3eosffk0000001786766463068&qH=a5594894156db043&ov_redirect=true,2026-08-15
46,Vivo T4 Lite 5G (Prism Blue 2026) ( 4GB 64GB),Vivo,16999,27999,39% off,4.3,"41,447","1,843",4 GB RAM,64 GB ROM,6000 mAh Battery,Dimensity 6300 5G Processor,17.12 cm (6.74 inch) HD+ Display,50MP + 2MP | 5MP Front Camera,5G,https://www.flipkart.com/vivo-t4-lite-5g-prism-blue-2026-4gb-64gb/p/itm49fb53d099f3c?pid=MOBHNCRKA4XQFSRM&lid=LSTMOBHNCRKA4XQFSRMKUYMUR&marketplace=FLIPKART&q=smart+phones&store=tyy%2F4io&srno=s_2_46&otracker=search&fm=organic&iid=eea12ebb-3371-4fca-b7e7-69465efcbb78.MOBHNCRKA4XQFSRM.SEARCH&ppt=None&ppn=None&ssid=74f3eosffk0000001786766463068&qH=a5594894156db043&ov_redirect=true,2026-08-15
47,"OnePlus N6 5G (Midnight Green, 128 GB)",OnePlus,25786,33999,24% off,4.1,181,20,6 GB RAM,128 GB ROM,8000 mAh Battery,,17.27 cm (6.8 inch) Display,50MP Rear Camera,,https://www.flipkart.com/oneplus-n6-5g-midnight-green-128-gb/p/itm73a3c7e824695?pid=MOBHZVFJXH4NR5V9&lid=LSTMOBHZVFJXH4NR5V9GLJ4GB&marketplace=FLIPKART&q=smart+phones&store=tyy%2F4io&srno=s_2_47&otracker=search&fm=organic&iid=eea12ebb-3371-4fca-b7e7-69465efcbb78.MOBHZVFJXH4NR5V9.SEARCH&ppt=None&ppn=None&ssid=74f3eosffk0000001786766463068&qH=a5594894156db043&ov_redirect=true,2026-08-15
48,"realme P4 Lite (Sea Blue, 64 GB)",realme,12999,24999,48% off,4,"5,318",329,4 GB RAM,64 GB ROM,6300 mAh Battery,T7250 Processor,17.14 cm (6.75 inch) HD+ Display,13MP Rear Camera | 5MP Front Camera,,https://www.flipkart.com/realme-p4-lite-sea-blue-64-gb/p/itm029fbc88fdc91?pid=MOBHMX7KEQPFYJ5U&lid=LSTMOBHMX7KEQPFYJ5UYOGZ28&marketplace=FLIPKART&q=smart+phones&store=tyy%2F4io&srno=s_2_48&otracker=search&fm=organic&iid=eea12ebb-3371-4fca-b7e7-69465efcbb78.MOBHMX7KEQPFYJ5U.SEARCH&ppt=None&ppn=None&ssid=74f3eosffk0000001786766463068&qH=a5594894156db043&ov_redirect=true,2026-08-15
49,"MOTOROLA g37 (PANTONE Capri, 64 GB)",MOTOROLA,14999,24999,40% off,4.3,"2,532",131,4 GB RAM,64 GB ROM,5200 mAh Battery,Dimensity 6400 Processor,16.92 cm (6.66 inch) HD+ Display,50MP Rear Camera | 8MP Front Camera,,https://www.flipkart.com/motorola-g37-pantone-capri-64-gb/p/itm54f0e687c7b29?pid=MOBHHWB6U3Q3RYFD&lid=LSTMOBHHWB6U3Q3RYFDYGJVNO&marketplace=FLIPKART&q=smart+phones&store=tyy%2F4io&srno=s_3_49&otracker=search&fm=organic&iid=399b53f5-08bf-4912-9200-223b1cfa7c9a.MOBHHWB6U3Q3RYFD.SEARCH&ppt=None&ppn=None&ssid=q6ya0yzpzk0000001786766466524&qH=a5594894156db043&ov_redirect=true,2026-08-15
50,"vivo T5x 5G (Cyber Green, 256 GB)",vivo,30999,33999,8% off,4.4,"20,898","1,561",8 GB RAM,256 GB ROM,7200 mAh Li-ion Battery,Dimensity 7400-Turbo Processor,17.17 cm (6.76 inch) Display,50MP + 2MP | 32MP Front Camera,,https://www.flipkart.com/vivo-t5x-5g-cyber-green-256-gb/p/itm7da8aa253e72b?pid=MOBHH69NQGVVYQSG&lid=LSTMOBHH69NQGVVYQSGAVFZV6&marketplace=FLIPKART&q=smart+phones&store=tyy%2F4io&srno=s_3_50&otracker=search&fm=organic&iid=399b53f5-08bf-4912-9200-223b1cfa7c9a.MOBHH69NQGVVYQSG.SEARCH&ppt=None&ppn=None&ssid=q6ya0yzpzk0000001786766466524&qH=a5594894156db043&ov_redirect=true,2026-08-15
51,"POCO M8 Power 5G (Blaze Orange, 128 GB)",POCO,24999,54999,54% off,4.1,137,22,6 GB RAM,128 GB ROM,8000 mAh Lithium-Ion Polymer Battery,Snapdragon Gen 4 Processor,17.75 cm (6.99 inch) Full HD+ AMOLED Display,50MP Rear Camera | 8MP Front Camera,,https://www.flipkart.com/poco-m8-power-5g-blaze-orange-128-gb/p/itm0edc1dd6b4e42?pid=MOBHPCYNPNCJG2UV&lid=LSTMOBHPCYNPNCJG2UVUHFGWJ&marketplace=FLIPKART&q=smart+phones&store=tyy%2F4io&srno=s_3_51&otracker=search&fm=organic&iid=en_UghIZ7F9AkYDclNE_gFwDx-MTVgCdBSmrhLj1WLjIpOrsqU-ZrjuDiZ9LwIVzoh2EK7BPGhfiP-wXnlDI_-NLYaMW1YyD3IHNTgs5o1M5-w64h0R1juGhNGs3Iqi_9xX&ppt=None&ppn=None&ssid=q6ya0yzpzk0000001786766466524&qH=a5594894156db043&ov_redirect=true,2026-08-15
52,"Tecno Spark Go 3 (Galaxy Blue, 64 GB)",Tecno,12499,15999,21% off,4,159,10,4 GB RAM,64 GB ROM,5000 mAh Lithium Polymer Battery,T7250 Processor,17.12 cm (6.74 inch) HD+ Display,13MP Rear Camera | 8MP Front Camera,,https://www.flipkart.com/tecno-spark-go-3-galaxy-blue-64-gb/p/itma9c8f128a61c6?pid=MOBHP2QYFPVRGYKZ&lid=LSTMOBHP2QYFPVRGYKZGBFHIL&marketplace=FLIPKART&q=smart+phones&store=tyy%2F4io&srno=s_3_52&otracker=search&fm=organic&iid=en_UghIZ7F9AkYDclNE_gFwDx-MTVgCdBSmrhLj1WLjIpOyU4MujcB29C7lUHezHDgKDfcT5w9ScRYdVSBIUigfewx8rW6MZkpD852G02CKM5s64h0R1juGhNGs3Iqi_9xX&ppt=None&ppn=None&ssid=q6ya0yzpzk0000001786766466524&qH=a5594894156db043&ov_redirect=true,2026-08-15
53,"Ai+ Nova 2 5G (Purple, 64 GB)",Ai+,12999,13999,7% off,4.3,"5,035",244,4 GB RAM,64 GB ROM,6000 mAh Battery,T8200 Processor,17.13 cm (6.745 inch) HD+ Display,50MP Rear Camera | 8MP Front Camera,,https://www.flipkart.com/ai-nova-2-5g-purple-64-gb/p/itm07c0f38f44c5c?pid=MOBHKHPYYEJCZCAA&lid=LSTMOBHKHPYYEJCZCAA8UE6IX&marketplace=FLIPKART&q=smart+phones&store=tyy%2F4io&srno=s_3_53&otracker=search&fm=organic&iid=399b53f5-08bf-4912-9200-223b1cfa7c9a.MOBHKHPYYEJCZCAA.SEARCH&ppt=None&ppn=None&ssid=q6ya0yzpzk0000001786766466524&qH=a5594894156db043&ov_redirect=true,2026-08-15
54,"Ai+ Nova 2 Ultra 5G (Black, 128 GB)",Ai+,19999,26999,25% off,4.1,"1,292",190,8 GB RAM,128 GB ROM,6000 mAh Li-polymer Battery,Dimensity 7400 Processor,17.22 cm (6.78 inch) Full HD+ AMOLED Display,50MP + 8MP | 13MP Front Camera,,https://www.flipkart.com/ai-nova-2-ultra-5g-black-128-gb/p/itmb9931e4571d70?pid=MOBHHUFDPSYQMHXU&lid=LSTMOBHHUFDPSYQMHXUZYHMZS&marketplace=FLIPKART&q=smart+phones&store=tyy%2F4io&srno=s_3_54&otracker=search&fm=organic&iid=399b53f5-08bf-4912-9200-223b1cfa7c9a.MOBHHUFDPSYQMHXU.SEARCH&ppt=None&ppn=None&ssid=q6ya0yzpzk0000001786766466524&qH=a5594894156db043&ov_redirect=true,2026-08-15
55,"MOTOROLA g37 power (PANTONE Nautical Blue, 64 GB)",MOTOROLA,14999,26499,43% off,4.2,"4,496",459,4 GB RAM,64 GB ROM,7000 mAh Battery,Dimensity 6400 Processor,16.92 cm (6.66 inch) HD+ Display,50MP Rear Camera | 8MP Front Camera,,https://www.flipkart.com/motorola-g37-power-pantone-nautical-blue-64-gb/p/itmd870c5c6fd857?pid=MOBHMHG6KZXMFNKF&lid=LSTMOBHMHG6KZXMFNKFGQD9G0&marketplace=FLIPKART&q=smart+phones&store=tyy%2F4io&srno=s_3_55&otracker=search&fm=organic&iid=399b53f5-08bf-4912-9200-223b1cfa7c9a.MOBHMHG6KZXMFNKF.SEARCH&ppt=None&ppn=None&ssid=q6ya0yzpzk0000001786766466524&qH=a5594894156db043&ov_redirect=true,2026-08-15
56,"MOTOROLA g37 power (PANTONE Nautical Blue, 128 GB)",MOTOROLA,19999,37999,47% off,4.1,"1,150",100,8 GB RAM,128 GB ROM,7000 mAh Battery,Dimensity 6400 Processor,16.92 cm (6.66 inch) HD+ Display,50MP Rear Camera | 8MP Front Camera,,https://www.flipkart.com/motorola-g37-power-pantone-nautical-blue-128-gb/p/itm48ade38c32669?pid=MOBHMX5YNNYGMVWH&lid=LSTMOBHMX5YNNYGMVWHYBPQ6L&marketplace=FLIPKART&q=smart+phones&store=tyy%2F4io&srno=s_3_56&otracker=search&fm=organic&iid=399b53f5-08bf-4912-9200-223b1cfa7c9a.MOBHMX5YNNYGMVWH.SEARCH&ppt=None&ppn=None&ssid=q6ya0yzpzk0000001786766466524&qH=a5594894156db043&ov_redirect=true,2026-08-15
57,"Tecno Pova Curve 2 5G (Mystic Purple, 128 GB)",Tecno,31999,,,4.1,334,52,8 GB RAM,128 GB ROM,8000 mAh Lithium Polymer Battery,,17.22 cm (6.78 inch) Full HD+ AMOLED Display,50MP + 2MP | 13MP Front Camera,,https://www.flipkart.com/tecno-pova-curve-2-5g-mystic-purple-128-gb/p/itm1160d6853298d?pid=MOBHK67SYBZBUMKW&lid=LSTMOBHK67SYBZBUMKWSRFJQI&marketplace=FLIPKART&q=smart+phones&store=tyy%2F4io&srno=s_3_57&otracker=search&fm=organic&iid=en_UghIZ7F9AkYDclNE_gFwDx-MTVgCdBSmrhLj1WLjIpMnOAcy9_itV8kqZhSf0FrwwJMYb3wWk9-zidBPhYOLiP2GJOfeiJVYIMFMZuP-eGs64h0R1juGhNGs3Iqi_9xX&ppt=None&ppn=None&ssid=q6ya0yzpzk0000001786766466524&qH=a5594894156db043&ov_redirect=true,2026-08-15
58,"POCO M8 Power 5G (Black, 128 GB)",POCO,24999,54999,54% off,4.1,137,22,6 GB RAM,128 GB ROM,8000 mAh Lithium-Ion Polymer Battery,Snapdragon Gen 4 Processor,17.75 cm (6.99 inch) Full HD+ AMOLED Display,50MP Rear Camera | 8MP Front Camera,,https://www.flipkart.com/poco-m8-power-5g-black-128-gb/p/itm3a60b0817a5c5?pid=MOBHPCYN7CHENHFF&lid=LSTMOBHPCYN7CHENHFFR4XY1I&marketplace=FLIPKART&q=smart+phones&store=tyy%2F4io&srno=s_3_58&otracker=search&fm=organic&iid=en_UghIZ7F9AkYDclNE_gFwDx-MTVgCdBSmrhLj1WLjIpNGzsVL3uzzsdMv_1aD8gRDaT8kUHp5etuwVmO1o7M-wYaMW1YyD3IHNTgs5o1M5-w64h0R1juGhNGs3Iqi_9xX&ppt=None&ppn=None&ssid=q6ya0yzpzk0000001786766466524&qH=a5594894156db043&ov_redirect=true,2026-08-15
59,"POCO M7 Plus 5G (Aqua Blue, 128 GB)",POCO,17999,,,4.2,"6,370",513,8 GB RAM,128 GB ROM,7000 mAh Battery,Snapdragon 6s Gen 3 5G Processor,17.53 cm (6.9 inch) Full HD+ Display,50MP AI Dual Camera | 8MP Front Camera,5G,https://www.flipkart.com/poco-m7-plus-5g-aqua-blue-128-gb/p/itmd9444b12bdb68?pid=MOBHETX6GZAJWQME&lid=LSTMOBHETX6GZAJWQMEDZLMD8&marketplace=FLIPKART&q=smart+phones&store=tyy%2F4io&srno=s_3_59&otracker=search&fm=organic&iid=399b53f5-08bf-4912-9200-223b1cfa7c9a.MOBHETX6GZAJWQME.SEARCH&ppt=None&ppn=None&ssid=q6ya0yzpzk0000001786766466524&qH=a5594894156db043&ov_redirect=true,2026-08-15
60,"POCO C85x (Sunset Gold, 128 GB)",POCO,14999,21999,31% off,4.2,"5,272",671,4 GB RAM,128 GB ROM,6300 mAh Lithium-Ion Polymer Battery,T8300 Processor,17.53 cm (6.9 inch) HD+ Display,32MP Rear Camera,,https://www.flipkart.com/poco-c85x-sunset-gold-128-gb/p/itm5e970a19e6ad3?pid=MOBHMGG5BR94DQRY&lid=LSTMOBHMGG5BR94DQRY8N6NYY&marketplace=FLIPKART&q=smart+phones&store=tyy%2F4io&srno=s_3_60&otracker=search&fm=organic&iid=399b53f5-08bf-4912-9200-223b1cfa7c9a.MOBHMGG5BR94DQRY.SEARCH&ppt=None&ppn=None&ssid=q6ya0yzpzk0000001786766466524&qH=a5594894156db043&ov_redirect=true,2026-08-15
61,"POCO M8 Power 5G (Black, 128 GB)",POCO,27999,59999,53% off,3.9,27,2,8 GB RAM,128 GB ROM,8000 mAh Lithium-Ion Polymer Battery,Snapdragon Gen 4 Processor,17.75 cm (6.99 inch) Full HD+ AMOLED Display,50MP Rear Camera | 8MP Front Camera,,https://www.flipkart.com/poco-m8-power-5g-black-128-gb/p/itm822601a413dff?pid=MOBHPCYNSNYCGRDN&lid=LSTMOBHPCYNSNYCGRDNMJJBOM&marketplace=FLIPKART&q=smart+phones&store=tyy%2F4io&srno=s_3_61&otracker=search&fm=organic&iid=en_UghIZ7F9AkYDclNE_gFwDx-MTVgCdBSmrhLj1WLjIpOyWd_2NTHZAVLpiExzjAOqBDTRorC47PtbDHNuPaNY4oaMW1YyD3IHNTgs5o1M5-w64h0R1juGhNGs3Iqi_9xX&ppt=None&ppn=None&ssid=q6ya0yzpzk0000001786766466524&qH=a5594894156db043&ov_redirect=true,2026-08-15
62,"POCO M8 Power 5G (Green, 128 GB)",POCO,24999,54999,54% off,4.1,137,22,6 GB RAM,128 GB ROM,8000 mAh Lithium-Ion Polymer Battery,Snapdragon Gen 4 Processor,17.75 cm (6.99 inch) Full HD+ AMOLED Display,50MP Rear Camera | 8MP Front Camera,,https://www.flipkart.com/poco-m8-power-5g-green-128-gb/p/itmd5d508dcd6172?pid=MOBHPCYNBFXP5TG9&lid=LSTMOBHPCYNBFXP5TG9ASUJFA&marketplace=FLIPKART&q=smart+phones&store=tyy%2F4io&srno=s_3_62&otracker=search&fm=organic&iid=en_UghIZ7F9AkYDclNE_gFwDx-MTVgCdBSmrhLj1WLjIpMuM4kCiLlB50fMwN8A0KDHU3tP_Pv07BCIeiNW4SS2yoaMW1YyD3IHNTgs5o1M5-w64h0R1juGhNGs3Iqi_9xX&ppt=None&ppn=None&ssid=q6ya0yzpzk0000001786766466524&qH=a5594894156db043&ov_redirect=true,2026-08-15
63,"vivo T5 Lite 44W 5G (Twilight Shadow, 128 GB)",vivo,21999,38499,42% off,4.3,"1,073",83,6 GB RAM,128 GB ROM,6500 mAh Li-ion Battery,Dimensity 6300 5G Processor,17.12 cm (6.74 inch) Full HD Display,50MP + 0.08MP | 5MP Front Camera,5G,https://www.flipkart.com/vivo-t5-lite-44w-5g-twilight-shadow-128-gb/p/itm5420c578ec2df?pid=MOBHNDTDY4HFGV2T&lid=LSTMOBHNDTDY4HFGV2TRKEJQX&marketplace=FLIPKART&q=smart+phones&store=tyy%2F4io&srno=s_3_63&otracker=search&fm=organic&iid=399b53f5-08bf-4912-9200-223b1cfa7c9a.MOBHNDTDY4HFGV2T.SEARCH&ppt=None&ppn=None&ssid=q6ya0yzpzk0000001786766466524&qH=a5594894156db043&ov_redirect=true,2026-08-15
64,"realme P4x 5G (Matte Silver, 128 GB)",realme,21999,38999,43% off,4.3,"14,256","1,212",6 GB RAM,128 GB ROM,7000 mAh Battery,Dimensity 7400 Ultra Processor,17.07 cm (6.72 inch) Full HD+ Display,50MP + 2MP | 8MP Front Camera,,https://www.flipkart.com/realme-p4x-5g-matte-silver-128-gb/p/itm575b1540859e4?pid=MOBHN7A8H9WAG4PD&lid=LSTMOBHN7A8H9WAG4PD4J7IQE&marketplace=FLIPKART&q=smart+phones&store=tyy%2F4io&srno=s_3_64&otracker=search&fm=organic&iid=399b53f5-08bf-4912-9200-223b1cfa7c9a.MOBHN7A8H9WAG4PD.SEARCH&ppt=None&ppn=None&ssid=q6ya0yzpzk0000001786766466524&qH=a5594894156db043&ov_redirect=true,2026-08-15
65,"Ai+ Nova 2 Pro 5G (Black, 128 GB)",Ai+,15999,21999,27% off,4.1,"1,004",121,6 GB RAM,128 GB ROM,6000 mAh Li-polymer Battery,Dimensity 7100 Processor,17.53 cm (6.9 inch) Full HD+ Display,48MP Rear Camera | 13MP Front Camera,,https://www.flipkart.com/ai-nova-2-pro-5g-black-128-gb/p/itmacb10a3dd51c6?pid=MOBHZ8ZM8BUGCJDQ&lid=LSTMOBHZ8ZM8BUGCJDQGHBPRS&marketplace=FLIPKART&q=smart+phones&store=tyy%2F4io&srno=s_3_65&otracker=search&fm=organic&iid=399b53f5-08bf-4912-9200-223b1cfa7c9a.MOBHZ8ZM8BUGCJDQ.SEARCH&ppt=None&ppn=None&ssid=q6ya0yzpzk0000001786766466524&qH=a5594894156db043&ov_redirect=true,2026-08-15
66,"REDMI A7 Pro 5G (Mist Blue, 64 GB)",REDMI,14289,26999,47% off,4,"2,425",193,4 GB RAM,64 GB ROM,6300 mAh Battery,UNISOC T8300 octa-core processor Processor,17.53 cm (6.9 inch) Full HD+ Display,32MP Rear Camera,,https://www.flipkart.com/redmi-a7-pro-5g-mist-blue-64-gb/p/itm88c66032a6b5e?pid=MOBHMJR8NHWYYJJD&lid=LSTMOBHMJR8NHWYYJJD0HZOUF&marketplace=FLIPKART&q=smart+phones&store=tyy%2F4io&srno=s_3_66&otracker=search&fm=organic&iid=399b53f5-08bf-4912-9200-223b1cfa7c9a.MOBHMJR8NHWYYJJD.SEARCH&ppt=None&ppn=None&ssid=q6ya0yzpzk0000001786766466524&qH=a5594894156db043&ov_redirect=true,2026-08-15
67,"POCO M8 Power 5G (Blaze Orange, 128 GB)",POCO,27999,59999,53% off,3.9,27,2,8 GB RAM,128 GB ROM,8000 mAh Lithium-Ion Polymer Battery,Snapdragon Gen 4 Processor,17.75 cm (6.99 inch) Full HD+ AMOLED Display,50MP Rear Camera | 8MP Front Camera,,https://www.flipkart.com/poco-m8-power-5g-blaze-orange-128-gb/p/itme6ed250ab73df?pid=MOBHPCYNFWHRJD8C&lid=LSTMOBHPCYNFWHRJD8C5JT1AV&marketplace=FLIPKART&q=smart+phones&store=tyy%2F4io&srno=s_3_67&otracker=search&fm=organic&iid=en_UghIZ7F9AkYDclNE_gFwDx-MTVgCdBSmrhLj1WLjIpP0mJxoOfnJ7osfS0EB2SjyltXHcpYWLJT1dyCM7ZmdX4aMW1YyD3IHNTgs5o1M5-w64h0R1juGhNGs3Iqi_9xX&ppt=None&ppn=None&ssid=q6ya0yzpzk0000001786766466524&qH=a5594894156db043&ov_redirect=true,2026-08-15
68,"POCO M8 Power 5G (Green, 128 GB)",POCO,27999,59999,53% off,3.9,27,2,8 GB RAM,128 GB ROM,8000 mAh Lithium-Ion Polymer Battery,Snapdragon Gen 4 Processor,17.75 cm (6.99 inch) Full HD+ AMOLED Display,50MP Rear Camera | 8MP Front Camera,,https://www.flipkart.com/poco-m8-power-5g-green-128-gb/p/itmcb7a6d1f8e1fc?pid=MOBHPCYNPTEZQTHC&lid=LSTMOBHPCYNPTEZQTHCQZMRHO&marketplace=FLIPKART&q=smart+phones&store=tyy%2F4io&srno=s_3_68&otracker=search&fm=organic&iid=en_UghIZ7F9AkYDclNE_gFwDx-MTVgCdBSmrhLj1WLjIpMwguzbtkFXMWvqL_tJm48MHmmQ0XidzSTnFCGkDRA6v4aMW1YyD3IHNTgs5o1M5-w64h0R1juGhNGs3Iqi_9xX&ppt=None&ppn=None&ssid=q6ya0yzpzk0000001786766466524&qH=a5594894156db043&ov_redirect=true,2026-08-15
69,"Ai+ Nova 2 5G (Pink, 128 GB)",Ai+,14999,,,4.2,"4,506",309,6 GB RAM,128 GB ROM,6000 mAh Battery,T8200 Processor,17.13 cm (6.745 inch) HD+ Display,50MP Rear Camera | 8MP Front Camera,,https://www.flipkart.com/ai-nova-2-5g-pink-128-gb/p/itmbd28a3a7358d7?pid=MOBHKHPYZR8MAGHF&lid=LSTMOBHKHPYZR8MAGHFWJXJNF&marketplace=FLIPKART&q=smart+phones&store=tyy%2F4io&srno=s_3_69&otracker=search&fm=organic&iid=399b53f5-08bf-4912-9200-223b1cfa7c9a.MOBHKHPYZR8MAGHF.SEARCH&ppt=None&ppn=None&ssid=q6ya0yzpzk0000001786766466524&qH=a5594894156db043&ov_redirect=true,2026-08-15
70,"Ai+ Pulse 2 (Black, 64 GB)",Ai+,9199,10999,16% off,4.2,"8,395",538,4 GB RAM,64 GB ROM,6000 mAh Battery,T7250 Processor,17.13 cm (6.745 inch) HD+ Display,50MP Rear Camera | 8MP Front Camera,,https://www.flipkart.com/ai-pulse-2-black-64-gb/p/itm7feca2e591fba?pid=MOBHKHPYGKYZ3YUN&lid=LSTMOBHKHPYGKYZ3YUNYJ4N4U&marketplace=FLIPKART&q=smart+phones&store=tyy%2F4io&srno=s_3_70&otracker=search&fm=organic&iid=399b53f5-08bf-4912-9200-223b1cfa7c9a.MOBHKHPYGKYZ3YUN.SEARCH&ppt=None&ppn=None&ssid=q6ya0yzpzk0000001786766466524&qH=a5594894156db043&ov_redirect=true,2026-08-15
71,"Samsung Galaxy F06 5G (Lit Violet, 64 GB)",Samsung,11999,12499,4% off,4.2,"47,588","3,539",4 GB RAM,64 GB ROM,5000 mAh Battery,Dimensity 6300 Processor,43.23 cm (17.018 cm) HD+ Display,50MP + 2MP | 8MP Front Camera,,https://www.flipkart.com/samsung-galaxy-f06-5g-lit-violet-64-gb/p/itm1390a80a68073?pid=MOBHBF5JG3BPANSG&lid=LSTMOBHBF5JG3BPANSGGH4X65&marketplace=FLIPKART&q=smart+phones&store=tyy%2F4io&srno=s_3_71&otracker=search&fm=organic&iid=399b53f5-08bf-4912-9200-223b1cfa7c9a.MOBHBF5JG3BPANSG.SEARCH&ppt=None&ppn=None&ssid=q6ya0yzpzk0000001786766466524&qH=a5594894156db043&ov_redirect=true,2026-08-15
72,"realme C100x (Deepblue Tides, 64 GB)",realme,14999,29999,50% off,4,86,13,4 GB RAM,64 GB ROM,8000 mAh Battery,T7250 Processor,17.27 cm (6.8 inch) HD+ Display,50MP Rear Camera | 5MP Front Camera,,https://www.flipkart.com/realme-c100x-deepblue-tides-64-gb/p/itm488eb4026680c?pid=MOBHZMDT7BJCESTA&lid=LSTMOBHZMDT7BJCESTAV7AYK5&marketplace=FLIPKART&q=smart+phones&store=tyy%2F4io&srno=s_3_72&otracker=search&fm=organic&iid=399b53f5-08bf-4912-9200-223b1cfa7c9a.MOBHZMDT7BJCESTA.SEARCH&ppt=None&ppn=None&ssid=q6ya0yzpzk0000001786766466524&qH=a5594894156db043&ov_redirect=true,2026-08-15
73,"Ai+ Nova 2 Ultra 5G (Red, 128 GB)",Ai+,17999,25999,30% off,4.1,"2,467",339,6 GB RAM,128 GB ROM,6000 mAh Li-polymer Battery,Dimensity 7400 Processor,17.22 cm (6.78 inch) Full HD+ AMOLED Display,50MP + 8MP | 13MP Front Camera,,https://www.flipkart.com/ai-nova-2-ultra-5g-red-128-gb/p/itm22cf1955010c8?pid=MOBHHUFDEJZSRYCA&lid=LSTMOBHHUFDEJZSRYCAWVDR30&marketplace=FLIPKART&q=smart+phones&store=tyy%2F4io&srno=s_4_73&otracker=search&fm=organic&iid=e9831866-e989-4216-9f41-af4921053d3d.MOBHHUFDEJZSRYCA.SEARCH&ppt=None&ppn=None&ssid=wr0bs22d740000001786766469738&qH=a5594894156db043&ov_redirect=true,2026-08-15
74,"realme P4 5G (Engine Blue, 128 GB)",realme,26999,45999,41% off,4.4,"21,926","1,870",8 GB RAM,128 GB ROM,7000 mAh Battery,Mediatek Dimensity 7400 Processor,17.2 cm (6.77 inch) Display,50MP + 8MP | 16MP Front Camera,,https://www.flipkart.com/realme-p4-5g-engine-blue-128-gb/p/itmf836e6de035a5?pid=MOBHN7A8QEJGGUXU&lid=LSTMOBHN7A8QEJGGUXUZ0BP22&marketplace=FLIPKART&q=smart+phones&store=tyy%2F4io&srno=s_4_74&otracker=search&fm=organic&iid=e9831866-e989-4216-9f41-af4921053d3d.MOBHN7A8QEJGGUXU.SEARCH&ppt=None&ppn=None&ssid=wr0bs22d740000001786766469738&qH=a5594894156db043&ov_redirect=true,2026-08-15
75,"realme P4 Lite 5G (Mosaic Blue, 64 GB)",realme,16499,28999,43% off,4.2,"12,022",761,4 GB RAM,64 GB ROM,7000 mAh lithium-ion polymer Battery,Dimensity 6300 Processor,17.27 cm (6.8 inches) HD+ Display,13MP Rear Camera | 5MP Front Camera,,https://www.flipkart.com/realme-p4-lite-5g-mosaic-blue-64-gb/p/itm90c243961f214?pid=MOBHN7A8CMJGRACT&lid=LSTMOBHN7A8CMJGRACTDRIOJU&marketplace=FLIPKART&q=smart+phones&store=tyy%2F4io&spotlightTagId=default_BestsellerId_tyy%2F4io&srno=s_4_75&otracker=search&fm=organic&iid=e9831866-e989-4216-9f41-af4921053d3d.MOBHN7A8CMJGRACT.SEARCH&ppt=None&ppn=None&ssid=wr0bs22d740000001786766469738&qH=a5594894156db043&ov_redirect=true,2026-08-15
76,"Ai+ Pulse 2 (Black, 64 GB)",Ai+,9199,10999,16% off,4.2,"8,395",538,4 GB RAM,64 GB ROM,6000 mAh Battery,T7250 Processor,17.13 cm (6.745 inch) HD+ Display,50MP Rear Camera | 8MP Front Camera,,https://www.flipkart.com/ai-pulse-2-black-64-gb/p/itm7feca2e591fba?pid=MOBHKHPYGKYZ3YUN&lid=LSTMOBHKHPYGKYZ3YUNYJ4N4U&marketplace=FLIPKART&q=smart+phones&store=tyy%2F4io&srno=s_4_76&otracker=search&fm=organic&iid=e9831866-e989-4216-9f41-af4921053d3d.MOBHKHPYGKYZ3YUN.SEARCH&ppt=None&ppn=None&ssid=wr0bs22d740000001786766469738&qH=a5594894156db043&ov_redirect=true,2026-08-15
77,"POCO M8 Power 5G (Blaze Orange, 128 GB)",POCO,24999,54999,54% off,4.1,137,22,6 GB RAM,128 GB ROM,8000 mAh Lithium-Ion Polymer Battery,Snapdragon Gen 4 Processor,17.75 cm (6.99 inch) Full HD+ AMOLED Display,50MP Rear Camera | 8MP Front Camera,,https://www.flipkart.com/poco-m8-power-5g-blaze-orange-128-gb/p/itm0edc1dd6b4e42?pid=MOBHPCYNPNCJG2UV&lid=LSTMOBHPCYNPNCJG2UVUHFGWJ&marketplace=FLIPKART&q=smart+phones&store=tyy%2F4io&srno=s_4_77&otracker=search&fm=organic&iid=en_TG1U9PAHI6oxMweTCrEnXb-Z41z7pSrDKlwDw0V4xzbdx2zO843tmxvATif6cpl2EK7BPGhfiP-wXnlDI_-NLYaMW1YyD3IHNTgs5o1M5-we_aOrkwsayt2ebE_qV6Nl&ppt=None&ppn=None&ssid=wr0bs22d740000001786766469738&qH=a5594894156db043&ov_redirect=true,2026-08-15
78,"Tecno Pova Curve 2 5G (Storm Titanium, 128 GB)",Tecno,31999,,,4.1,334,52,8 GB RAM,128 GB ROM,8000 mAh Lithium Polymer Battery,,17.22 cm (6.78 inch) Full HD+ AMOLED Display,50MP + 2MP | 13MP Front Camera,,https://www.flipkart.com/tecno-pova-curve-2-5g-storm-titanium-128-gb/p/itm1160d6853298d?pid=MOBHK67SJBVWVG4R&lid=LSTMOBHK67SJBVWVG4RT9H7MK&marketplace=FLIPKART&q=smart+phones&store=tyy%2F4io&srno=s_4_78&otracker=search&fm=organic&iid=en_TG1U9PAHI6oxMweTCrEnXb-Z41z7pSrDKlwDw0V4xza1zURmKBxTWGj5xqFxk9QnN6b-fGxwGhYVV6A-ByyGwf2GJOfeiJVYIMFMZuP-eGse_aOrkwsayt2ebE_qV6Nl&ppt=None&ppn=None&ssid=wr0bs22d740000001786766469738&qH=a5594894156db043&ov_redirect=true,2026-08-15
79,"Ai+ Nova 2 Ultra 5G (Green, 128 GB)",Ai+,17999,25999,30% off,4.1,"2,467",339,6 GB RAM,128 GB ROM,6000 mAh Li-polymer Battery,Dimensity 7400 Processor,17.22 cm (6.78 inch) Full HD+ AMOLED Display,50MP + 8MP | 13MP Front Camera,,https://www.flipkart.com/ai-nova-2-ultra-5g-green-128-gb/p/itm9db3f3ad8ba85?pid=MOBHHUFDZFG4CKDG&lid=LSTMOBHHUFDZFG4CKDGGCWUDQ&marketplace=FLIPKART&q=smart+phones&store=tyy%2F4io&srno=s_4_79&otracker=search&fm=organic&iid=e9831866-e989-4216-9f41-af4921053d3d.MOBHHUFDZFG4CKDG.SEARCH&ppt=None&ppn=None&ssid=wr0bs22d740000001786766469738&qH=a5594894156db043&ov_redirect=true,2026-08-15
80,"POCO C85x (Emerald Green, 64 GB)",POCO,13999,20999,33% off,4.2,"5,272",671,4 GB RAM,64 GB ROM,6300 mAh Lithium-Ion Polymer Battery,T8300 Processor,17.53 cm (6.9 inch) HD+ Display,32MP Rear Camera,,https://www.flipkart.com/poco-c85x-emerald-green-64-gb/p/itm96bce2b7909b7?pid=MOBHMGG5GHZKTSDZ&lid=LSTMOBHMGG5GHZKTSDZQAUGPC&marketplace=FLIPKART&q=smart+phones&store=tyy%2F4io&srno=s_4_80&otracker=search&fm=organic&iid=e9831866-e989-4216-9f41-af4921053d3d.MOBHMGG5GHZKTSDZ.SEARCH&ppt=None&ppn=None&ssid=wr0bs22d740000001786766469738&qH=a5594894156db043&ov_redirect=true,2026-08-15
81,"POCO M8 Power 5G (Black, 128 GB)",POCO,24999,54999,54% off,4.1,137,22,6 GB RAM,128 GB ROM,8000 mAh Lithium-Ion Polymer Battery,Snapdragon Gen 4 Processor,17.75 cm (6.99 inch) Full HD+ AMOLED Display,50MP Rear Camera | 8MP Front Camera,,https://www.flipkart.com/poco-m8-power-5g-black-128-gb/p/itm3a60b0817a5c5?pid=MOBHPCYN7CHENHFF&lid=LSTMOBHPCYN7CHENHFFR4XY1I&marketplace=FLIPKART&q=smart+phones&store=tyy%2F4io&srno=s_4_81&otracker=search&fm=organic&iid=en_TG1U9PAHI6oxMweTCrEnXb-Z41z7pSrDKlwDw0V4xzZD0o555ZK52pkLPaBx84Ck76aEaLkd-Db41x8NVayovIaMW1YyD3IHNTgs5o1M5-we_aOrkwsayt2ebE_qV6Nl&ppt=None&ppn=None&ssid=wr0bs22d740000001786766469738&qH=a5594894156db043&ov_redirect=true,2026-08-15
82,"POCO M8 Power 5G (Black, 128 GB)",POCO,27999,59999,53% off,3.9,27,2,8 GB RAM,128 GB ROM,8000 mAh Lithium-Ion Polymer Battery,Snapdragon Gen 4 Processor,17.75 cm (6.99 inch) Full HD+ AMOLED Display,50MP Rear Camera | 8MP Front Camera,,https://www.flipkart.com/poco-m8-power-5g-black-128-gb/p/itm822601a413dff?pid=MOBHPCYNSNYCGRDN&lid=LSTMOBHPCYNSNYCGRDNMJJBOM&marketplace=FLIPKART&q=smart+phones&store=tyy%2F4io&srno=s_4_82&otracker=search&fm=organic&iid=en_TG1U9PAHI6oxMweTCrEnXb-Z41z7pSrDKlwDw0V4xzbksoToIRT5pal_PsPIbH-F_k1OvlgE3DnuQ2Pir0TjxoaMW1YyD3IHNTgs5o1M5-we_aOrkwsayt2ebE_qV6Nl&ppt=None&ppn=None&ssid=wr0bs22d740000001786766469738&qH=a5594894156db043&ov_redirect=true,2026-08-15
83,"MOTOROLA Edge 60 Fusion 5G (PANTONE Mykonos Blue, 256 GB)",MOTOROLA,27999,37999,26% off,4.4,"48,034","3,357",12 GB RAM,256 GB ROM,5500 mAh Battery,Dimensity 7400 Processor,16.94 cm (6.67 inch) Display,50MP + 13MP | 32MP Front Camera,,https://www.flipkart.com/motorola-edge-60-fusion-5g-pantone-mykonos-blue-256-gb/p/itmd06045ba81a69?pid=MOBHN9736Y6GRJWA&lid=LSTMOBHN9736Y6GRJWAUOATHY&marketplace=FLIPKART&q=smart+phones&store=tyy%2F4io&srno=s_4_83&otracker=search&fm=organic&iid=e9831866-e989-4216-9f41-af4921053d3d.MOBHN9736Y6GRJWA.SEARCH&ppt=None&ppn=None&ssid=wr0bs22d740000001786766469738&qH=a5594894156db043&ov_redirect=true,2026-08-15
84,"MOTOROLA Edge 70 Fusion Snapdragon (Pantone SILHOUETTE, 256 GB)",MOTOROLA,32999,53999,38% off,4.4,"15,281","1,698",8 GB RAM,256 GB ROM,7000 mAh Battery,Snapdragon 7s Gen 4 Processor,17.27 cm (6.8 inch) Super HD Display,50MP + 13MP | 32MP Front Camera,,https://www.flipkart.com/motorola-edge-70-fusion-snapdragon-pantone-silhouette-256-gb/p/itmbd814ef1f8d95?pid=MOBHN973GQV5YXT3&lid=LSTMOBHN973GQV5YXT3ADXJYC&marketplace=FLIPKART&q=smart+phones&store=tyy%2F4io&srno=s_4_84&otracker=search&fm=organic&iid=e9831866-e989-4216-9f41-af4921053d3d.MOBHN973GQV5YXT3.SEARCH&ppt=None&ppn=None&ssid=wr0bs22d740000001786766469738&qH=a5594894156db043&ov_redirect=true,2026-08-15
85,"realme P4R 5G (Silver Glare, 128 GB)",realme,21999,39999,45% off,4.4,"3,344",266,6 GB RAM,128 GB ROM,8000 mAh Lithium-ion polymer Battery,Dimensity 6300 Processor,17.27 cm (6.8 inch) HD+ Display,50MP Rear Camera | 8MP Front Camera,,https://www.flipkart.com/realme-p4r-5g-silver-glare-128-gb/p/itmb42ae388c1ef6?pid=MOBHMYR3NMRPYBY4&lid=LSTMOBHMYR3NMRPYBY4B2EWSJ&marketplace=FLIPKART&q=smart+phones&store=tyy%2F4io&srno=s_4_85&otracker=search&fm=organic&iid=e9831866-e989-4216-9f41-af4921053d3d.MOBHMYR3NMRPYBY4.SEARCH&ppt=None&ppn=None&ssid=wr0bs22d740000001786766469738&qH=a5594894156db043&ov_redirect=true,2026-08-15
86,"Apple iPhone 16 (Black, 128 GB)",Apple,65900,69900,5% off,4.6,"1,96,141","8,445",,,,"A18 Chip, 6 Core Processor Processor",15.49 cm (6.1 inch) Super Retina XDR Display,48MP + 12MP | 12MP Front Camera,,https://www.flipkart.com/apple-iphone-16-black-128-gb/p/itmb07d67f995271?pid=MOBH4DQFG8NKFRDY&lid=LSTMOBH4DQFG8NKFRDYKOOGZ6&marketplace=FLIPKART&q=smart+phones&store=tyy%2F4io&srno=s_4_86&otracker=search&fm=organic&iid=e9831866-e989-4216-9f41-af4921053d3d.MOBH4DQFG8NKFRDY.SEARCH&ppt=None&ppn=None&ssid=wr0bs22d740000001786766469738&qH=a5594894156db043&ov_redirect=true,2026-08-15
87,"POCO M8 Power 5G (Green, 128 GB)",POCO,24999,54999,54% off,4.1,137,22,6 GB RAM,128 GB ROM,8000 mAh Lithium-Ion Polymer Battery,Snapdragon Gen 4 Processor,17.75 cm (6.99 inch) Full HD+ AMOLED Display,50MP Rear Camera | 8MP Front Camera,,https://www.flipkart.com/poco-m8-power-5g-green-128-gb/p/itmd5d508dcd6172?pid=MOBHPCYNBFXP5TG9&lid=LSTMOBHPCYNBFXP5TG9ASUJFA&marketplace=FLIPKART&q=smart+phones&store=tyy%2F4io&srno=s_4_87&otracker=search&fm=organic&iid=en_TG1U9PAHI6oxMweTCrEnXb-Z41z7pSrDKlwDw0V4xzbbOBwEyeXuoO_-p9mzZJdLMnGh3kppJG1ie8EglWqB0YaMW1YyD3IHNTgs5o1M5-we_aOrkwsayt2ebE_qV6Nl&ppt=None&ppn=None&ssid=wr0bs22d740000001786766469738&qH=a5594894156db043&ov_redirect=true,2026-08-15
88,"vivo X200T (Stellar Black, 256 GB)",vivo,59999,80000,25% off,4.6,"7,919","1,584",12 GB RAM,256 GB ROM,6200 mAh Battery,Dimensity 9400+ Processor,16.94 cm (6.67 inch) Full HD+ AMOLED Display,50MP + 50MP + 50MP | 32MP Front Camera,,https://www.flipkart.com/vivo-x200t-stellar-black-256-gb/p/itm1b8452d68859b?pid=MOBHJK5MBRDS3GUQ&lid=LSTMOBHJK5MBRDS3GUQWMQNUP&marketplace=FLIPKART&q=smart+phones&store=tyy%2F4io&srno=s_4_88&otracker=search&fm=organic&iid=en_TG1U9PAHI6oxMweTCrEnXb-Z41z7pSrDKlwDw0V4xzbsNbjIe1xPQKny6rASsezb9Ux9ONdtG7NTaHU8_CnFQCCN2ZFQfl-kzY_IBQ8aTKUe_aOrkwsayt2ebE_qV6Nl&ppt=None&ppn=None&ssid=wr0bs22d740000001786766469738&qH=a5594894156db043&ov_redirect=true,2026-08-15
89,"Ai+ Nova 2 Neo 5G (Black, 64 GB)",Ai+,11999,17999,33% off,4.4,"1,040",109,4 GB RAM,64 GB ROM,6000 mAh Li-polymer Battery,Dimensity 6300 Processor,17.13 cm (6.745 inch) HD+ Display,48MP Rear Camera | 8MP Front Camera,,https://www.flipkart.com/ai-nova-2-neo-5g-black-64-gb/p/itmcd9f38718a156?pid=MOBHZ8ZM7HKHGBZ8&lid=LSTMOBHZ8ZM7HKHGBZ8SKMNDP&marketplace=FLIPKART&q=smart+phones&store=tyy%2F4io&srno=s_4_89&otracker=search&fm=organic&iid=e9831866-e989-4216-9f41-af4921053d3d.MOBHZ8ZM7HKHGBZ8.SEARCH&ppt=None&ppn=None&ssid=wr0bs22d740000001786766469738&qH=a5594894156db043&ov_redirect=true,2026-08-15
90,"MOTOROLA Edge 70 Fusion (Pantone BLUE SURF, 512 GB)",MOTOROLA,36999,64999,43% off,4.3,"3,929",439,12 GB RAM,512 GB ROM,7000 mAh Battery,Snapdragon 7s Gen 4 Processor,17.27 cm (6.8 inch) Super HD Display,50MP + 13MP | 32MP Front Camera,,https://www.flipkart.com/motorola-edge-70-fusion-pantone-blue-surf-512-gb/p/itm87b81fff91d44?pid=MOBHNSA6KGKFVSPF&lid=LSTMOBHNSA6KGKFVSPFPPKGGH&marketplace=FLIPKART&q=smart+phones&store=tyy%2F4io&srno=s_4_90&otracker=search&fm=organic&iid=e9831866-e989-4216-9f41-af4921053d3d.MOBHNSA6KGKFVSPF.SEARCH&ppt=None&ppn=None&ssid=wr0bs22d740000001786766469738&qH=a5594894156db043&ov_redirect=true,2026-08-15
91,"POCO M8 Power 5G (Blaze Orange, 128 GB)",POCO,27999,59999,53% off,3.9,27,2,8 GB RAM,128 GB ROM,8000 mAh Lithium-Ion Polymer Battery,Snapdragon Gen 4 Processor,17.75 cm (6.99 inch) Full HD+ AMOLED Display,50MP Rear Camera | 8MP Front Camera,,https://www.flipkart.com/poco-m8-power-5g-blaze-orange-128-gb/p/itme6ed250ab73df?pid=MOBHPCYNFWHRJD8C&lid=LSTMOBHPCYNFWHRJD8C5JT1AV&marketplace=FLIPKART&q=smart+phones&store=tyy%2F4io&srno=s_4_91&otracker=search&fm=organic&iid=en_TG1U9PAHI6oxMweTCrEnXb-Z41z7pSrDKlwDw0V4xza4Kj7UCEBPYz44MWe7uE01ltXHcpYWLJT1dyCM7ZmdX4aMW1YyD3IHNTgs5o1M5-we_aOrkwsayt2ebE_qV6Nl&ppt=None&ppn=None&ssid=wr0bs22d740000001786766469738&qH=a5594894156db043&ov_redirect=true,2026-08-15
92,"POCO M8 Power 5G (Green, 128 GB)",POCO,27999,59999,53% off,3.9,27,2,8 GB RAM,128 GB ROM,8000 mAh Lithium-Ion Polymer Battery,Snapdragon Gen 4 Processor,17.75 cm (6.99 inch) Full HD+ AMOLED Display,50MP Rear Camera | 8MP Front Camera,,https://www.flipkart.com/poco-m8-power-5g-green-128-gb/p/itmcb7a6d1f8e1fc?pid=MOBHPCYNPTEZQTHC&lid=LSTMOBHPCYNPTEZQTHCQZMRHO&marketplace=FLIPKART&q=smart+phones&store=tyy%2F4io&srno=s_4_92&otracker=search&fm=organic&iid=en_TG1U9PAHI6oxMweTCrEnXb-Z41z7pSrDKlwDw0V4xzaPNtRLaLAhE399RZoXl7PwHmmQ0XidzSTnFCGkDRA6v4aMW1YyD3IHNTgs5o1M5-we_aOrkwsayt2ebE_qV6Nl&ppt=None&ppn=None&ssid=wr0bs22d740000001786766469738&qH=a5594894156db043&ov_redirect=true,2026-08-15
93,"realme P4x 5G (Matte Silver, 128 GB)",realme,21999,38999,43% off,4.3,"14,256","1,212",6 GB RAM,128 GB ROM,7000 mAh Battery,Dimensity 7400 Ultra Processor,17.07 cm (6.72 inch) Full HD+ Display,50MP + 2MP | 8MP Front Camera,,https://www.flipkart.com/realme-p4x-5g-matte-silver-128-gb/p/itm575b1540859e4?pid=MOBHN7A8H9WAG4PD&lid=LSTMOBHN7A8H9WAG4PD4J7IQE&marketplace=FLIPKART&q=smart+phones&store=tyy%2F4io&srno=s_4_93&otracker=search&fm=organic&iid=e9831866-e989-4216-9f41-af4921053d3d.MOBHN7A8H9WAG4PD.SEARCH&ppt=None&ppn=None&ssid=wr0bs22d740000001786766469738&qH=a5594894156db043&ov_redirect=true,2026-08-15
94,Vivo T4 Lite 5G (Prism Blue 2026) (6GB 128GB),Vivo,20999,29999,30% off,4.3,"49,670","2,374",6 GB RAM,128 GB ROM,6000 mAh Battery,Dimensity 6300 5G Processor,17.12 cm (6.74 inch) HD+ Display,50MP + 2MP | 5MP Front Camera,5G,https://www.flipkart.com/vivo-t4-lite-5g-prism-blue-2026-6gb-128gb/p/itm49fb53d099f3c?pid=MOBHNCRKMZZGFDGT&lid=LSTMOBHNCRKMZZGFDGTADJJQS&marketplace=FLIPKART&q=smart+phones&store=tyy%2F4io&srno=s_4_94&otracker=search&fm=organic&iid=e9831866-e989-4216-9f41-af4921053d3d.MOBHNCRKMZZGFDGT.SEARCH&ppt=None&ppn=None&ssid=wr0bs22d740000001786766469738&qH=a5594894156db043&ov_redirect=true,2026-08-15
95,"realme P4 Pro 5G (Birch Wood, 256 GB)",realme,32999,,,4.4,"4,542",463,12 GB RAM,256 GB ROM,7000 mAh Battery,Snapdragon 7 Gen 4 Mobile Processor,17.27 cm (6.8 inch) Full HD+ Display,50MP + 8MP | 50MP Front Camera,,https://www.flipkart.com/realme-p4-pro-5g-birch-wood-256-gb/p/itme41a54752cc21?pid=MOBHERXKUV3RGG5F&lid=LSTMOBHERXKUV3RGG5FX55ENJ&marketplace=FLIPKART&q=smart+phones&store=tyy%2F4io&srno=s_4_95&otracker=search&fm=organic&iid=e9831866-e989-4216-9f41-af4921053d3d.MOBHERXKUV3RGG5F.SEARCH&ppt=None&ppn=None&ssid=wr0bs22d740000001786766469738&qH=a5594894156db043&ov_redirect=true,2026-08-15
96,"Ai+ Nova 2 Ultra 5G (Black, 128 GB)",Ai+,17999,25999,30% off,4.1,"2,467",339,6 GB RAM,128 GB ROM,6000 mAh Li-polymer Battery,Dimensity 7400 Processor,17.22 cm (6.78 inch) Full HD+ AMOLED Display,50MP + 8MP | 13MP Front Camera,,https://www.flipkart.com/ai-nova-2-ultra-5g-black-128-gb/p/itm41a37f63787e9?pid=MOBHHUFDFHBPJJEG&lid=LSTMOBHHUFDFHBPJJEGLLWRKD&marketplace=FLIPKART&q=smart+phones&store=tyy%2F4io&srno=s_4_96&otracker=search&fm=organic&iid=e9831866-e989-4216-9f41-af4921053d3d.MOBHHUFDFHBPJJEG.SEARCH&ppt=None&ppn=None&ssid=wr0bs22d740000001786766469738&qH=a5594894156db043&ov_redirect=true,2026-08-15
97,"POCO M8 Power 5G (Blaze Orange, 128 GB)",POCO,24999,54999,54% off,4.1,137,22,6 GB RAM,128 GB ROM,8000 mAh Lithium-Ion Polymer Battery,Snapdragon Gen 4 Processor,17.75 cm (6.99 inch) Full HD+ AMOLED Display,50MP Rear Camera | 8MP Front Camera,,https://www.flipkart.com/poco-m8-power-5g-blaze-orange-128-gb/p/itm0edc1dd6b4e42?pid=MOBHPCYNPNCJG2UV&lid=LSTMOBHPCYNPNCJG2UVUHFGWJ&marketplace=FLIPKART&q=smart+phones&store=tyy%2F4io&srno=s_5_97&otracker=search&fm=organic&iid=en_28kBovXYnchnBb79HNo41M3hnchxym5aapw-GO46dgtKu9uC8Z29FG5_9TddRTDtEK7BPGhfiP-wXnlDI_-NLYaMW1YyD3IHNTgs5o1M5-z83RMvip7B7RK8j2osm7jD&ppt=None&ppn=None&ssid=uxz4yyqaog0000001786766473104&qH=a5594894156db043&ov_redirect=true,2026-08-15
98,"Tecno Pova Curve 2 5G (Storm Titanium, 128 GB)",Tecno,31999,,,4.1,334,52,8 GB RAM,128 GB ROM,8000 mAh Lithium Polymer Battery,,17.22 cm (6.78 inch) Full HD+ AMOLED Display,50MP + 2MP | 13MP Front Camera,,https://www.flipkart.com/tecno-pova-curve-2-5g-storm-titanium-128-gb/p/itm1160d6853298d?pid=MOBHK67SJBVWVG4R&lid=LSTMOBHK67SJBVWVG4RT9H7MK&marketplace=FLIPKART&q=smart+phones&store=tyy%2F4io&srno=s_5_98&otracker=search&fm=organic&iid=en_28kBovXYnchnBb79HNo41M3hnchxym5aapw-GO46dgunPgb_TROzBEK5nB1KXLBtN6b-fGxwGhYVV6A-ByyGwf2GJOfeiJVYIMFMZuP-eGv83RMvip7B7RK8j2osm7jD&ppt=None&ppn=None&ssid=uxz4yyqaog0000001786766473104&qH=a5594894156db043&ov_redirect=true,2026-08-15
99,"OnePlus Nord CE6 Lite (Hyper Black, 128 GB)",OnePlus,25573,31999,20% off,4.3,"1,074",81,6 GB RAM,128 GB ROM,7000 mAh Battery,Mediatek Dimensity 7400 Processor,17.07 cm (6.72 inch) Full HD+ Display,50MP Rear Camera | 8MP Front Camera,,https://www.flipkart.com/oneplus-nord-ce6-lite-hyper-black-128-gb/p/itm894a5599b758b?pid=MOBHN8BDFU3PHHUR&lid=LSTMOBHN8BDFU3PHHURAEWY3J&marketplace=FLIPKART&q=smart+phones&store=tyy%2F4io&srno=s_5_99&otracker=search&fm=organic&iid=ca11e5a9-9228-48b5-9f8f-2e601faffebd.MOBHN8BDFU3PHHUR.SEARCH&ppt=None&ppn=None&ssid=uxz4yyqaog0000001786766473104&qH=a5594894156db043&ov_redirect=true,2026-08-15
100,"Samsung Galaxy S25 FE 5G (Jetblack, 256 GB)",Samsung,65999,,,4.6,"2,787",356,8 GB RAM,256 GB ROM,4900 mAh Li-ion Battery,Exynos 2400 Processor,17.02 cm (6.7 inch) Full HD+ Display,50MP + 12MP + 8MP | 12MP Front Camera,,https://www.flipkart.com/samsung-galaxy-s25-fe-5g-jetblack-256-gb/p/itm686ea83612e85?pid=MOBHFHS5ZB3YJQZC&lid=LSTMOBHFHS5ZB3YJQZCWB4URR&marketplace=FLIPKART&q=smart+phones&store=tyy%2F4io&srno=s_5_100&otracker=search&fm=organic&iid=ca11e5a9-9228-48b5-9f8f-2e601faffebd.MOBHFHS5ZB3YJQZC.SEARCH&ppt=None&ppn=None&ssid=uxz4yyqaog0000001786766473104&qH=a5594894156db043&ov_redirect=true,2026-08-15
101,"POCO M8 Power 5G (Black, 128 GB)",POCO,24999,54999,54% off,4.1,137,22,6 GB RAM,128 GB ROM,8000 mAh Lithium-Ion Polymer Battery,Snapdragon Gen 4 Processor,17.75 cm (6.99 inch) Full HD+ AMOLED Display,50MP Rear Camera | 8MP Front Camera,,https://www.flipkart.com/poco-m8-power-5g-black-128-gb/p/itm3a60b0817a5c5?pid=MOBHPCYN7CHENHFF&lid=LSTMOBHPCYN7CHENHFFR4XY1I&marketplace=FLIPKART&q=smart+phones&store=tyy%2F4io&srno=s_5_101&otracker=search&fm=organic&iid=en_28kBovXYnchnBb79HNo41M3hnchxym5aapw-GO46dgtOj6OH6gspIX3Wv3NW6ir576aEaLkd-Db41x8NVayovIaMW1YyD3IHNTgs5o1M5-z83RMvip7B7RK8j2osm7jD&ppt=None&ppn=None&ssid=uxz4yyqaog0000001786766473104&qH=a5594894156db043&ov_redirect=true,2026-08-15
102,"POCO M8 Power 5G (Black, 128 GB)",POCO,27999,59999,53% off,3.9,27,2,8 GB RAM,128 GB ROM,8000 mAh Lithium-Ion Polymer Battery,Snapdragon Gen 4 Processor,17.75 cm (6.99 inch) Full HD+ AMOLED Display,50MP Rear Camera | 8MP Front Camera,,https://www.flipkart.com/poco-m8-power-5g-black-128-gb/p/itm822601a413dff?pid=MOBHPCYNSNYCGRDN&lid=LSTMOBHPCYNSNYCGRDNMJJBOM&marketplace=FLIPKART&q=smart+phones&store=tyy%2F4io&srno=s_5_102&otracker=search&fm=organic&iid=en_28kBovXYnchnBb79HNo41M3hnchxym5aapw-GO46dgssZ-hILLXdKXQnC5AIHupv_k1OvlgE3DnuQ2Pir0TjxoaMW1YyD3IHNTgs5o1M5-z83RMvip7B7RK8j2osm7jD&ppt=None&ppn=None&ssid=uxz4yyqaog0000001786766473104&qH=a5594894156db043&ov_redirect=true,2026-08-15
103,"Infinix SMART 10 (Iris Blue, 64 GB)",Infinix,11999,,,4.3,"1,282",94,4 GB RAM,64 GB ROM,5000 mAh Battery,UniSoc T7250 Processor,16.94 cm (6.67 inch) HD+ Display,8MP Rear Camera | 8MP Front Camera,,https://www.flipkart.com/infinix-smart-10-iris-blue-64-gb/p/itm0bde9cee1963a?pid=MOBHDVGS3NKSGFKH&lid=LSTMOBHDVGS3NKSGFKHESK1VA&marketplace=FLIPKART&q=smart+phones&store=tyy%2F4io&srno=s_5_103&otracker=search&fm=organic&iid=ca11e5a9-9228-48b5-9f8f-2e601faffebd.MOBHDVGS3NKSGFKH.SEARCH&ppt=None&ppn=None&ssid=uxz4yyqaog0000001786766473104&qH=a5594894156db043&ov_redirect=true,2026-08-15
104,"Samsung Galaxy A06 5G (Black, 128 GB)",Samsung,17944,25999,30% off,4.1,226,16,6 GB RAM,128 GB ROM,5000 mAh Li-ion Battery,Dimensity 6300 Processor,17.02 cm (6.7 inch) HD+ Display,50MP + 2MP | 8MP Front Camera,,https://www.flipkart.com/samsung-galaxy-a06-5g-black-128-gb/p/itm94e861540654d?pid=MOBH9GQKPBT5VJHZ&lid=LSTMOBH9GQKPBT5VJHZIJO67B&marketplace=FLIPKART&q=smart+phones&store=tyy%2F4io&srno=s_5_104&otracker=search&fm=organic&iid=ca11e5a9-9228-48b5-9f8f-2e601faffebd.MOBH9GQKPBT5VJHZ.SEARCH&ppt=None&ppn=None&ssid=uxz4yyqaog0000001786766473104&qH=a5594894156db043&ov_redirect=true,2026-08-15
105,"MOTOROLA g67 power 5G (Pantone BLUE CURACAO, 256 GB)",MOTOROLA,26999,30999,12% off,4.2,777,62,12 GB RAM,256 GB ROM,7000 mAh Battery,7s Gen 2 Processor,17.02 cm (6.7 inch) Full HD+ Display,50MP + 8MP | 32MP Front Camera,,https://www.flipkart.com/motorola-g67-power-5g-pantone-blue-curacao-256-gb/p/itm8fa5a62b63cf6?pid=MOBHN3UX7ZGHGEPD&lid=LSTMOBHN3UX7ZGHGEPDPV9H54&marketplace=FLIPKART&q=smart+phones&store=tyy%2F4io&srno=s_5_105&otracker=search&fm=organic&iid=ca11e5a9-9228-48b5-9f8f-2e601faffebd.MOBHN3UX7ZGHGEPD.SEARCH&ppt=None&ppn=None&ssid=uxz4yyqaog0000001786766473104&qH=a5594894156db043&ov_redirect=true,2026-08-15
106,"REDMI Note-14 Pro 5G (Titan Black, 256 GB)",REDMI,25399,30999,18% off,4.3,841,48,8 GB RAM,256 GB ROM,5500 mAh Battery,Dimensity 7300 Ultra Processor,16.94 cm (6.67 inch) Display,50MP + 8MP + 2MP | 20MP Front Camera,,https://www.flipkart.com/redmi-note-14-pro-5g-titan-black-256-gb/p/itm124f940049e20?pid=MOBH8BW3WGVWHPHF&lid=LSTMOBH8BW3WGVWHPHFAUYLM7&marketplace=FLIPKART&q=smart+phones&store=tyy%2F4io&srno=s_5_106&otracker=search&fm=organic&iid=ca11e5a9-9228-48b5-9f8f-2e601faffebd.MOBH8BW3WGVWHPHF.SEARCH&ppt=None&ppn=None&ssid=uxz4yyqaog0000001786766473104&qH=a5594894156db043&ov_redirect=true,2026-08-15
107,"POCO M8 Power 5G (Green, 128 GB)",POCO,24999,54999,54% off,4.1,137,22,6 GB RAM,128 GB ROM,8000 mAh Lithium-Ion Polymer Battery,Snapdragon Gen 4 Processor,17.75 cm (6.99 inch) Full HD+ AMOLED Display,50MP Rear Camera | 8MP Front Camera,,https://www.flipkart.com/poco-m8-power-5g-green-128-gb/p/itmd5d508dcd6172?pid=MOBHPCYNBFXP5TG9&lid=LSTMOBHPCYNBFXP5TG9ASUJFA&marketplace=FLIPKART&q=smart+phones&store=tyy%2F4io&srno=s_5_107&otracker=search&fm=organic&iid=en_28kBovXYnchnBb79HNo41M3hnchxym5aapw-GO46dgtjC1ROE8mr_efnNmzZhK4JMnGh3kppJG1ie8EglWqB0YaMW1YyD3IHNTgs5o1M5-z83RMvip7B7RK8j2osm7jD&ppt=None&ppn=None&ssid=uxz4yyqaog0000001786766473104&qH=a5594894156db043&ov_redirect=true,2026-08-15
108,"vivo X200T (Stellar Black, 256 GB)",vivo,59999,80000,25% off,4.6,"7,919","1,584",12 GB RAM,256 GB ROM,6200 mAh Battery,Dimensity 9400+ Processor,16.94 cm (6.67 inch) Full HD+ AMOLED Display,50MP + 50MP + 50MP | 32MP Front Camera,,https://www.flipkart.com/vivo-x200t-stellar-black-256-gb/p/itm1b8452d68859b?pid=MOBHJK5MBRDS3GUQ&lid=LSTMOBHJK5MBRDS3GUQWMQNUP&marketplace=FLIPKART&q=smart+phones&store=tyy%2F4io&srno=s_5_108&otracker=search&fm=organic&iid=en_28kBovXYnchnBb79HNo41M3hnchxym5aapw-GO46dgsAEzDyl6faK69Rc_V0Ssnx9Ux9ONdtG7NTaHU8_CnFQCCN2ZFQfl-kzY_IBQ8aTKX83RMvip7B7RK8j2osm7jD&ppt=None&ppn=None&ssid=uxz4yyqaog0000001786766473104&qH=a5594894156db043&ov_redirect=true,2026-08-15
109,"POCO X7 5G (Yellow, 256 GB)",POCO,19999,27999,28% off,4.3,"28,929","2,675",8 GB RAM,256 GB ROM,5500 mAh Battery,Dimensity 7300 Ultra Processor,16.94 cm (6.67 inch) Display,50MP + 8MP + 2MP | 20MP Front Camera,,https://www.flipkart.com/poco-x7-5g-yellow-256-gb/p/itm09a41b8f384f7?pid=MOBH7YZ9NSDFC3EK&lid=LSTMOBH7YZ9NSDFC3EK54Z4YF&marketplace=FLIPKART&q=smart+phones&store=tyy%2F4io&srno=s_5_109&otracker=search&fm=organic&iid=ca11e5a9-9228-48b5-9f8f-2e601faffebd.MOBH7YZ9NSDFC3EK.SEARCH&ppt=None&ppn=None&ssid=uxz4yyqaog0000001786766473104&qH=a5594894156db043&ov_redirect=true,2026-08-15
110,"POCO M8 Power 5G (Blaze Orange, 128 GB)",POCO,27999,59999,53% off,3.9,27,2,8 GB RAM,128 GB ROM,8000 mAh Lithium-Ion Polymer Battery,Snapdragon Gen 4 Processor,17.75 cm (6.99 inch) Full HD+ AMOLED Display,50MP Rear Camera | 8MP Front Camera,,https://www.flipkart.com/poco-m8-power-5g-blaze-orange-128-gb/p/itme6ed250ab73df?pid=MOBHPCYNFWHRJD8C&lid=LSTMOBHPCYNFWHRJD8C5JT1AV&marketplace=FLIPKART&q=smart+phones&store=tyy%2F4io&srno=s_5_110&otracker=search&fm=organic&iid=ca11e5a9-9228-48b5-9f8f-2e601faffebd.MOBHPCYNFWHRJD8C.SEARCH&ppt=None&ppn=None&ssid=uxz4yyqaog0000001786766473104&qH=a5594894156db043&ov_redirect=true,2026-08-15
111,"POCO M8 Power 5G (Blaze Orange, 128 GB)",POCO,27999,59999,53% off,3.9,27,2,8 GB RAM,128 GB ROM,8000 mAh Lithium-Ion Polymer Battery,Snapdragon Gen 4 Processor,17.75 cm (6.99 inch) Full HD+ AMOLED Display,50MP Rear Camera | 8MP Front Camera,,https://www.flipkart.com/poco-m8-power-5g-blaze-orange-128-gb/p/itme6ed250ab73df?pid=MOBHPCYNFWHRJD8C&lid=LSTMOBHPCYNFWHRJD8C5JT1AV&marketplace=FLIPKART&q=smart+phones&store=tyy%2F4io&srno=s_5_111&otracker=search&fm=organic&iid=en_28kBovXYnchnBb79HNo41M3hnchxym5aapw-GO46dgupOFRo5vDuRvZPB3LpFUq1ltXHcpYWLJT1dyCM7ZmdX4aMW1YyD3IHNTgs5o1M5-z83RMvip7B7RK8j2osm7jD&ppt=None&ppn=None&ssid=uxz4yyqaog0000001786766473104&qH=a5594894156db043&ov_redirect=true,2026-08-15
112,"POCO M8 Power 5G (Green, 128 GB)",POCO,27999,59999,53% off,3.9,27,2,8 GB RAM,128 GB ROM,8000 mAh Lithium-Ion Polymer Battery,Snapdragon Gen 4 Processor,17.75 cm (6.99 inch) Full HD+ AMOLED Display,50MP Rear Camera | 8MP Front Camera,,https://www.flipkart.com/poco-m8-power-5g-green-128-gb/p/itmcb7a6d1f8e1fc?pid=MOBHPCYNPTEZQTHC&lid=LSTMOBHPCYNPTEZQTHCQZMRHO&marketplace=FLIPKART&q=smart+phones&store=tyy%2F4io&srno=s_5_112&otracker=search&fm=organic&iid=en_28kBovXYnchnBb79HNo41M3hnchxym5aapw-GO46dgtoZhQy06WvEyJUEKmmCJ0tHmmQ0XidzSTnFCGkDRA6v4aMW1YyD3IHNTgs5o1M5-z83RMvip7B7RK8j2osm7jD&ppt=None&ppn=None&ssid=uxz4yyqaog0000001786766473104&qH=a5594894156db043&ov_redirect=true,2026-08-15
113,"MOTOROLA Edge 70 Fusion Snapdragon (Pantone COUNTRY AIR, 256 GB)",MOTOROLA,33999,59999,43% off,4.3,"3,929",439,12 GB RAM,256 GB ROM,7000 mAh Battery,Snapdragon 7s Gen 4 Processor,17.27 cm (6.8 inch) Super HD Display,50MP + 13MP | 32MP Front Camera,,https://www.flipkart.com/motorola-edge-70-fusion-snapdragon-pantone-country-air-256-gb/p/itmbc8e537e66567?pid=MOBHN973DFVJUURY&lid=LSTMOBHN973DFVJUURYU0XTEM&marketplace=FLIPKART&q=smart+phones&store=tyy%2F4io&srno=s_5_113&otracker=search&fm=organic&iid=ca11e5a9-9228-48b5-9f8f-2e601faffebd.MOBHN973DFVJUURY.SEARCH&ppt=None&ppn=None&ssid=uxz4yyqaog0000001786766473104&qH=a5594894156db043&ov_redirect=true,2026-08-15
114,"OPPO Reno16c 5G (Starry White, 128 GB)",OPPO,46999,74999,37% off,4.5,300,84,8 GB RAM,128 GB ROM,7000 mAh lithium-ion polymer Battery,Dimensity 7300 Processor,16.69 cm (6.57 inch) Full HD+ Display,50MP + 8MP + 50MP | 50MP Front Camera,,https://www.flipkart.com/oppo-reno16c-5g-starry-white-128-gb/p/itm11564d55ef044?pid=MOBHZMBRJENF5PYK&lid=LSTMOBHZMBRJENF5PYKWDHAJH&marketplace=FLIPKART&q=smart+phones&store=tyy%2F4io&srno=s_5_114&otracker=search&fm=organic&iid=ca11e5a9-9228-48b5-9f8f-2e601faffebd.MOBHZMBRJENF5PYK.SEARCH&ppt=None&ppn=None&ssid=uxz4yyqaog0000001786766473104&qH=a5594894156db043&ov_redirect=true,2026-08-15
115,"MOTOROLA Edge 60 Pro (Pantone Sparkling Grape, 256 GB)",MOTOROLA,33999,40999,17% off,4.3,"16,846","1,650",12 GB RAM,256 GB ROM,6000 mAh Battery,Dimensity 8350 Processor,17.02 cm (6.7 inch) Display,50MP + 50MP + 10MP | 50MP Front Camera,,https://www.flipkart.com/motorola-edge-60-pro-pantone-sparkling-grape-256-gb/p/itm26341e4d28553?pid=MOBH9C9JFZTVJP87&lid=LSTMOBH9C9JFZTVJP87KGUL1X&marketplace=FLIPKART&q=smart+phones&store=tyy%2F4io&srno=s_5_115&otracker=search&fm=organic&iid=ca11e5a9-9228-48b5-9f8f-2e601faffebd.MOBH9C9JFZTVJP87.SEARCH&ppt=None&ppn=None&ssid=uxz4yyqaog0000001786766473104&qH=a5594894156db043&ov_redirect=true,2026-08-15
116,"realme 15 5G (Silk Pink, 256 GB)",realme,31999,,,4.4,"10,952","1,178",8 GB RAM,256 GB ROM,7000 mAh Battery,Mediatek Dimensity 7300+ 5G Processor,17.27 cm (6.8 inch) Full HD+ Display,50MP + 8MP | 50MP Front Camera,5G,https://www.flipkart.com/realme-15-5g-silk-pink-256-gb/p/itme9581fbd0e97a?pid=MOBHDUKFZF7UPZZZ&lid=LSTMOBHDUKFZF7UPZZZO3KP85&marketplace=FLIPKART&q=smart+phones&store=tyy%2F4io&srno=s_5_116&otracker=search&fm=organic&iid=ca11e5a9-9228-48b5-9f8f-2e601faffebd.MOBHDUKFZF7UPZZZ.SEARCH&ppt=None&ppn=None&ssid=uxz4yyqaog0000001786766473104&qH=a5594894156db043&ov_redirect=true,2026-08-15
117,"MOTOROLA Edge 60 Fusion 5G (PANTONE Amazonite, 256 GB)",MOTOROLA,27999,37999,26% off,4.4,"48,034","3,357",12 GB RAM,256 GB ROM,5500 mAh Battery,Dimensity 7400 Processor,16.94 cm (6.67 inch) Display,50MP + 13MP | 32MP Front Camera,,https://www.flipkart.com/motorola-edge-60-fusion-5g-pantone-amazonite-256-gb/p/itm083aeeabd2b1d?pid=MOBHN974GZMDARQ9&lid=LSTMOBHN974GZMDARQ9LCGEZJ&marketplace=FLIPKART&q=smart+phones&store=tyy%2F4io&srno=s_5_117&otracker=search&fm=organic&iid=ca11e5a9-9228-48b5-9f8f-2e601faffebd.MOBHN974GZMDARQ9.SEARCH&ppt=None&ppn=None&ssid=uxz4yyqaog0000001786766473104&qH=a5594894156db043&ov_redirect=true,2026-08-15
118,"Samsung Galaxy A17 5G (Gray, 128 GB)",Samsung,22990,22999,,4.3,"2,217",197,6 GB RAM,128 GB ROM,5000 mAh Battery,Samsung Exynos 1330 Processor,17.02 cm (6.7 inch) Full HD+ Display,50MP + 5MP + 2MP | 13MP Front Camera,,https://www.flipkart.com/samsung-galaxy-a17-5g-gray-128-gb/p/itm9b0b7e6d52859?pid=MOBHGVECQ9QKK8DG&lid=LSTMOBHGVECQ9QKK8DGWQGM7X&marketplace=FLIPKART&q=smart+phones&store=tyy%2F4io&srno=s_5_118&otracker=search&fm=organic&iid=ca11e5a9-9228-48b5-9f8f-2e601faffebd.MOBHGVECQ9QKK8DG.SEARCH&ppt=None&ppn=None&ssid=uxz4yyqaog0000001786766473104&qH=a5594894156db043&ov_redirect=true,2026-08-15
119,"REDMI Turbo 5 5G (Asphalt Black, 256 GB)",REDMI,44999,54999,18% off,4.6,33,4,8 GB RAM,256 GB ROM,7540 mAh Battery,,16.74 cm (6.59 inch) Display,50MP Rear Camera,,https://www.flipkart.com/redmi-turbo-5-5g-asphalt-black-256-gb/p/itmd8266664918ee?pid=MOBHZHQB4TGN8VYC&lid=LSTMOBHZHQB4TGN8VYCJHVQKZ&marketplace=FLIPKART&q=smart+phones&store=tyy%2F4io&srno=s_5_119&otracker=search&fm=organic&iid=ca11e5a9-9228-48b5-9f8f-2e601faffebd.MOBHZHQB4TGN8VYC.SEARCH&ppt=None&ppn=None&ssid=uxz4yyqaog0000001786766473104&qH=a5594894156db043&ov_redirect=true,2026-08-15
120,"Infinix Hot 60 5G+ (Sleek Black, 128 GB)",Infinix,17999,,,4.3,"3,442",289,6 GB RAM,128 GB ROM,5200 mAh Battery,Dimensity 7020 Processor,17.02 cm (6.7 inch) HD+ Display,50MP Rear Camera | 8MP Front Camera,,https://www.flipkart.com/infinix-hot-60-5g-sleek-black-128-gb/p/itm2154889174b3a?pid=MOBHDMJZNEGZHUHR&lid=LSTMOBHDMJZNEGZHUHRGHQMV9&marketplace=FLIPKART&q=smart+phones&store=tyy%2F4io&srno=s_5_120&otracker=search&fm=organic&iid=ca11e5a9-9228-48b5-9f8f-2e601faffebd.MOBHDMJZNEGZHUHR.SEARCH&ppt=None&ppn=None&ssid=uxz4yyqaog0000001786766473104&qH=a5594894156db043&ov_redirect=true,2026-08-15
121,"POCO M8 Power 5G (Blaze Orange, 128 GB)",POCO,24999,54999,54% off,4.1,137,22,6 GB RAM,128 GB ROM,8000 mAh Lithium-Ion Polymer Battery,Snapdragon Gen 4 Processor,17.75 cm (6.99 inch) Full HD+ AMOLED Display,50MP Rear Camera | 8MP Front Camera,,https://www.flipkart.com/poco-m8-power-5g-blaze-orange-128-gb/p/itm0edc1dd6b4e42?pid=MOBHPCYNPNCJG2UV&lid=LSTMOBHPCYNPNCJG2UVUHFGWJ&marketplace=FLIPKART&q=smart+phones&store=tyy%2F4io&srno=s_6_121&otracker=search&fm=organic&iid=en_CBwSaXNapIC0jsUgC2WeNcDUPilk4Dw_TT5fEQI4hgCILLn4md8_YjEM2M2Uqo2mEK7BPGhfiP-wXnlDI_-NLYaMW1YyD3IHNTgs5o1M5-wjie7WIdrCkB00Oszj8H1Y&ppt=None&ppn=None&ssid=vqmjstevgg0000001786766476636&qH=a5594894156db043&ov_redirect=true,2026-08-15
122,"Tecno Pova Curve 2 5G (Storm Titanium, 128 GB)",Tecno,31999,,,4.1,334,52,8 GB RAM,128 GB ROM,8000 mAh Lithium Polymer Battery,,17.22 cm (6.78 inch) Full HD+ AMOLED Display,50MP + 2MP | 13MP Front Camera,,https://www.flipkart.com/tecno-pova-curve-2-5g-storm-titanium-128-gb/p/itm1160d6853298d?pid=MOBHK67SJBVWVG4R&lid=LSTMOBHK67SJBVWVG4RT9H7MK&marketplace=FLIPKART&q=smart+phones&store=tyy%2F4io&srno=s_6_122&otracker=search&fm=organic&iid=en_CBwSaXNapIC0jsUgC2WeNcDUPilk4Dw_TT5fEQI4hgAmrf06kkE3BWB8eKfe7eP6N6b-fGxwGhYVV6A-ByyGwf2GJOfeiJVYIMFMZuP-eGsjie7WIdrCkB00Oszj8H1Y&ppt=None&ppn=None&ssid=vqmjstevgg0000001786766476636&qH=a5594894156db043&ov_redirect=true,2026-08-15
123,"POCO X8 Pro (Green, 256 GB)",POCO,36999,50999,27% off,4.3,"3,141",578,8 GB RAM,256 GB ROM,6500 mAh Lithium-Ion Polymer With Silicon Carbon Technology Battery,Dimensity 8500-Ultra Processor,16.74 cm (6.59 inch) Full HD+ AMOLED Display,50MP + 8MP | 20MP Front Camera,,https://www.flipkart.com/poco-x8-pro-green-256-gb/p/itme72bf861a71d4?pid=MOBHMGG5ME9NGD5C&lid=LSTMOBHMGG5ME9NGD5COL3RN5&marketplace=FLIPKART&q=smart+phones&store=tyy%2F4io&srno=s_6_123&otracker=search&fm=organic&iid=94c23477-ce45-4821-9db8-0086af971d97.MOBHMGG5ME9NGD5C.SEARCH&ppt=None&ppn=None&ssid=vqmjstevgg0000001786766476636&qH=a5594894156db043&ov_redirect=true,2026-08-15
124,"MOTOROLA Edge 70 Fusion (Pantone SILHOUETTE, 512 GB)",MOTOROLA,36999,64999,43% off,4.3,"3,929",439,12 GB RAM,512 GB ROM,7000 mAh Battery,Snapdragon 7s Gen 4 Processor,17.27 cm (6.8 inch) Super HD Display,50MP + 13MP | 32MP Front Camera,,https://www.flipkart.com/motorola-edge-70-fusion-pantone-silhouette-512-gb/p/itm296e356d06dfe?pid=MOBHNSA6EXSZXYUH&lid=LSTMOBHNSA6EXSZXYUHIGVMTN&marketplace=FLIPKART&q=smart+phones&store=tyy%2F4io&srno=s_6_124&otracker=search&fm=organic&iid=94c23477-ce45-4821-9db8-0086af971d97.MOBHNSA6EXSZXYUH.SEARCH&ppt=None&ppn=None&ssid=vqmjstevgg0000001786766476636&qH=a5594894156db043&ov_redirect=true,2026-08-15
125,"Samsung Galaxy F70 Pro 5G (Alpha Black, 128 GB)",Samsung,29999,49999,40% off,4.3,117,63,8 GB RAM,128 GB ROM,6000 mAh Li-ion Battery,Snapdragon 6 Gen 3 Processor,17.02 cm (6.7 inch) Full HD+ Display,50MP + 5MP | 12MP Front Camera,,https://www.flipkart.com/samsung-galaxy-f70-pro-5g-alpha-black-128-gb/p/itm37bbb9ed78024?pid=MOBHZ8YSUXXHYGBR&lid=LSTMOBHZ8YSUXXHYGBRWANADK&marketplace=FLIPKART&q=smart+phones&store=tyy%2F4io&srno=s_6_125&otracker=search&fm=organic&iid=94c23477-ce45-4821-9db8-0086af971d97.MOBHZ8YSUXXHYGBR.SEARCH&ppt=None&ppn=None&ssid=vqmjstevgg0000001786766476636&qH=a5594894156db043&ov_redirect=true,2026-08-15
126,"Ai+ Nova 2 Ultra 5G (Purple, 128 GB)",Ai+,19999,26999,25% off,4.1,"1,292",190,8 GB RAM,128 GB ROM,6000 mAh Li-polymer Battery,Dimensity 7400 Processor,17.22 cm (6.78 inch) Full HD+ AMOLED Display,50MP + 8MP | 13MP Front Camera,,https://www.flipkart.com/ai-nova-2-ultra-5g-purple-128-gb/p/itmedb3f9cf73654?pid=MOBHHUFDYDCGTVEF&lid=LSTMOBHHUFDYDCGTVEF6XKD4O&marketplace=FLIPKART&q=smart+phones&store=tyy%2F4io&srno=s_6_126&otracker=search&fm=organic&iid=94c23477-ce45-4821-9db8-0086af971d97.MOBHHUFDYDCGTVEF.SEARCH&ppt=None&ppn=None&ssid=vqmjstevgg0000001786766476636&qH=a5594894156db043&ov_redirect=true,2026-08-15
127,"POCO M8 Power 5G (Black, 128 GB)",POCO,24999,54999,54% off,4.1,137,22,6 GB RAM,128 GB ROM,8000 mAh Lithium-Ion Polymer Battery,Snapdragon Gen 4 Processor,17.75 cm (6.99 inch) Full HD+ AMOLED Display,50MP Rear Camera | 8MP Front Camera,,https://www.flipkart.com/poco-m8-power-5g-black-128-gb/p/itm3a60b0817a5c5?pid=MOBHPCYN7CHENHFF&lid=LSTMOBHPCYN7CHENHFFR4XY1I&marketplace=FLIPKART&q=smart+phones&store=tyy%2F4io&srno=s_6_127&otracker=search&fm=organic&iid=en_CBwSaXNapIC0jsUgC2WeNcDUPilk4Dw_TT5fEQI4hgAuSVY_awIF9zGCqnoqLitP76aEaLkd-Db41x8NVayovIaMW1YyD3IHNTgs5o1M5-wjie7WIdrCkB00Oszj8H1Y&ppt=None&ppn=None&ssid=vqmjstevgg0000001786766476636&qH=a5594894156db043&ov_redirect=true,2026-08-15
128,"POCO M8 Power 5G (Black, 128 GB)",POCO,27999,59999,53% off,3.9,27,2,8 GB RAM,128 GB ROM,8000 mAh Lithium-Ion Polymer Battery,Snapdragon Gen 4 Processor,17.75 cm (6.99 inch) Full HD+ AMOLED Display,50MP Rear Camera | 8MP Front Camera,,https://www.flipkart.com/poco-m8-power-5g-black-128-gb/p/itm822601a413dff?pid=MOBHPCYNSNYCGRDN&lid=LSTMOBHPCYNSNYCGRDNMJJBOM&marketplace=FLIPKART&q=smart+phones&store=tyy%2F4io&srno=s_6_128&otracker=search&fm=organic&iid=en_CBwSaXNapIC0jsUgC2WeNcDUPilk4Dw_TT5fEQI4hgAl6wSbBviZ2dFeJbJKuPBq_k1OvlgE3DnuQ2Pir0TjxoaMW1YyD3IHNTgs5o1M5-wjie7WIdrCkB00Oszj8H1Y&ppt=None&ppn=None&ssid=vqmjstevgg0000001786766476636&qH=a5594894156db043&ov_redirect=true,2026-08-15
129,"Samsung Galaxy F70 Pro 5G (Aura Green, 128 GB)",Samsung,29999,49999,40% off,4.3,117,63,8 GB RAM,128 GB ROM,6000 mAh Li-ion Battery,Snapdragon 6 Gen 3 Processor,17.02 cm (6.7 inch) Full HD+ Display,50MP + 5MP | 12MP Front Camera,,https://www.flipkart.com/samsung-galaxy-f70-pro-5g-aura-green-128-gb/p/itm37bbb9ed78024?pid=MOBHZ8YSNQQDFHFT&lid=LSTMOBHZ8YSNQQDFHFTJAAFO8&marketplace=FLIPKART&q=smart+phones&store=tyy%2F4io&srno=s_6_129&otracker=search&fm=organic&iid=94c23477-ce45-4821-9db8-0086af971d97.MOBHZ8YSNQQDFHFT.SEARCH&ppt=None&ppn=None&ssid=vqmjstevgg0000001786766476636&qH=a5594894156db043&ov_redirect=true,2026-08-15
130,"LAVA Bold N2 lite (Nilgiri Blue, 64 GB)",LAVA,9399,11499,18% off,4,285,12,3 GB RAM,64 GB ROM,5000 mAh Battery,,17.14 cm (6.75 inch) Display,13MP Rear Camera,,https://www.flipkart.com/lava-bold-n2-lite-nilgiri-blue-64-gb/p/itm89829830bc4ff?pid=MOBHMQHYTSRBX8F4&lid=LSTMOBHMQHYTSRBX8F4NVMXGO&marketplace=FLIPKART&q=smart+phones&store=tyy%2F4io&srno=s_6_130&otracker=search&fm=organic&iid=94c23477-ce45-4821-9db8-0086af971d97.MOBHMQHYTSRBX8F4.SEARCH&ppt=None&ppn=None&ssid=vqmjstevgg0000001786766476636&qH=a5594894156db043&ov_redirect=true,2026-08-15
131,"POCO M8 Power 5G (Green, 128 GB)",POCO,24999,54999,54% off,4.1,137,22,6 GB RAM,128 GB ROM,8000 mAh Lithium-Ion Polymer Battery,Snapdragon Gen 4 Processor,17.75 cm (6.99 inch) Full HD+ AMOLED Display,50MP Rear Camera | 8MP Front Camera,,https://www.flipkart.com/poco-m8-power-5g-green-128-gb/p/itmd5d508dcd6172?pid=MOBHPCYNBFXP5TG9&lid=LSTMOBHPCYNBFXP5TG9ASUJFA&marketplace=FLIPKART&q=smart+phones&store=tyy%2F4io&srno=s_6_131&otracker=search&fm=organic&iid=en_CBwSaXNapIC0jsUgC2WeNcDUPilk4Dw_TT5fEQI4hgA1Py5mWaca8zC-7Dtn4pduMnGh3kppJG1ie8EglWqB0YaMW1YyD3IHNTgs5o1M5-wjie7WIdrCkB00Oszj8H1Y&ppt=None&ppn=None&ssid=vqmjstevgg0000001786766476636&qH=a5594894156db043&ov_redirect=true,2026-08-15
132,"vivo X200T (Stellar Black, 256 GB)",vivo,59999,80000,25% off,4.6,"7,919","1,584",12 GB RAM,256 GB ROM,6200 mAh Battery,Dimensity 9400+ Processor,16.94 cm (6.67 inch) Full HD+ AMOLED Display,50MP + 50MP + 50MP | 32MP Front Camera,,https://www.flipkart.com/vivo-x200t-stellar-black-256-gb/p/itm1b8452d68859b?pid=MOBHJK5MBRDS3GUQ&lid=LSTMOBHJK5MBRDS3GUQWMQNUP&marketplace=FLIPKART&q=smart+phones&store=tyy%2F4io&srno=s_6_132&otracker=search&fm=organic&iid=en_CBwSaXNapIC0jsUgC2WeNcDUPilk4Dw_TT5fEQI4hgDW3LCrQaPvM3kVT71UvKuS9Ux9ONdtG7NTaHU8_CnFQCCN2ZFQfl-kzY_IBQ8aTKUjie7WIdrCkB00Oszj8H1Y&ppt=None&ppn=None&ssid=vqmjstevgg0000001786766476636&qH=a5594894156db043&ov_redirect=true,2026-08-15
133,"REDMI A7 Pro 5G (Mist Blue, 128 GB)",REDMI,15407,16999,9% off,4,"2,425",193,4 GB RAM,128 GB ROM,6300 mAh Battery,UNISOC T8300 octa-core processor Processor,17.53 cm (6.9 inch) Full HD+ Display,32MP Rear Camera,,https://www.flipkart.com/redmi-a7-pro-5g-mist-blue-128-gb/p/itm88c66032a6b5e?pid=MOBHMJQXYZCNETZW&lid=LSTMOBHMJQXYZCNETZWMHJJA7&marketplace=FLIPKART&q=smart+phones&store=tyy%2F4io&srno=s_6_133&otracker=search&fm=organic&iid=94c23477-ce45-4821-9db8-0086af971d97.MOBHMJQXYZCNETZW.SEARCH&ppt=None&ppn=None&ssid=vqmjstevgg0000001786766476636&qH=a5594894156db043&ov_redirect=true,2026-08-15
134,"REDMI A7 Pro 5G (Sunset Orange, 128 GB)",REDMI,15399,27999,45% off,4,"2,425",193,4 GB RAM,128 GB ROM,6300 mAh Battery,UNISOC T8300 octa-core processor Processor,17.53 cm (6.9 inch) Full HD+ Display,32MP Rear Camera,,https://www.flipkart.com/redmi-a7-pro-5g-sunset-orange-128-gb/p/itm88c66032a6b5e?pid=MOBHMJR82XH6YCRU&lid=LSTMOBHMJR82XH6YCRUGJGYIG&marketplace=FLIPKART&q=smart+phones&store=tyy%2F4io&srno=s_6_134&otracker=search&fm=organic&iid=94c23477-ce45-4821-9db8-0086af971d97.MOBHMJR82XH6YCRU.SEARCH&ppt=None&ppn=None&ssid=vqmjstevgg0000001786766476636&qH=a5594894156db043&ov_redirect=true,2026-08-15
135,"Ai+ Nova 2 Neo 5G (Blue, 128 GB)",Ai+,12999,18999,31% off,4.4,"1,040",109,4 GB RAM,128 GB ROM,6000 mAh Li-polymer Battery,Dimensity 6300 Processor,17.13 cm (6.745 inch) HD+ Display,48MP Rear Camera | 8MP Front Camera,,https://www.flipkart.com/ai-nova-2-neo-5g-blue-128-gb/p/itmdcaa61dad2064?pid=MOBHZ8ZMTFJZHQQ6&lid=LSTMOBHZ8ZMTFJZHQQ6X2VHUW&marketplace=FLIPKART&q=smart+phones&store=tyy%2F4io&srno=s_6_135&otracker=search&fm=organic&iid=94c23477-ce45-4821-9db8-0086af971d97.MOBHZ8ZMTFJZHQQ6.SEARCH&ppt=None&ppn=None&ssid=vqmjstevgg0000001786766476636&qH=a5594894156db043&ov_redirect=true,2026-08-15
136,"LAVA Bold N2 lite (KOLAR GOLD, 64 GB)",LAVA,9399,11499,18% off,4,285,12,3 GB RAM,64 GB ROM,5000 mAh Battery,,17.14 cm (6.75 inch) Display,13MP Rear Camera,,https://www.flipkart.com/lava-bold-n2-lite-kolar-gold-64-gb/p/itm89829830bc4ff?pid=MOBHMQM6YUTXYVFA&lid=LSTMOBHMQM6YUTXYVFAPHUSCU&marketplace=FLIPKART&q=smart+phones&store=tyy%2F4io&srno=s_6_136&otracker=search&fm=organic&iid=94c23477-ce45-4821-9db8-0086af971d97.MOBHMQM6YUTXYVFA.SEARCH&ppt=None&ppn=None&ssid=vqmjstevgg0000001786766476636&qH=a5594894156db043&ov_redirect=true,2026-08-15
137,"POCO M8 Power 5G (Blaze Orange, 128 GB)",POCO,27999,59999,53% off,3.9,27,2,8 GB RAM,128 GB ROM,8000 mAh Lithium-Ion Polymer Battery,Snapdragon Gen 4 Processor,17.75 cm (6.99 inch) Full HD+ AMOLED Display,50MP Rear Camera | 8MP Front Camera,,https://www.flipkart.com/poco-m8-power-5g-blaze-orange-128-gb/p/itme6ed250ab73df?pid=MOBHPCYNFWHRJD8C&lid=LSTMOBHPCYNFWHRJD8C5JT1AV&marketplace=FLIPKART&q=smart+phones&store=tyy%2F4io&srno=s_6_137&otracker=search&fm=organic&iid=en_CBwSaXNapIC0jsUgC2WeNcDUPilk4Dw_TT5fEQI4hgDBMN1h6Xg0tj2wTE9kSyIPltXHcpYWLJT1dyCM7ZmdX4aMW1YyD3IHNTgs5o1M5-wjie7WIdrCkB00Oszj8H1Y&ppt=None&ppn=None&ssid=vqmjstevgg0000001786766476636&qH=a5594894156db043&ov_redirect=true,2026-08-15
138,"POCO M8 Power 5G (Green, 128 GB)",POCO,27999,59999,53% off,3.9,27,2,8 GB RAM,128 GB ROM,8000 mAh Lithium-Ion Polymer Battery,Snapdragon Gen 4 Processor,17.75 cm (6.99 inch) Full HD+ AMOLED Display,50MP Rear Camera | 8MP Front Camera,,https://www.flipkart.com/poco-m8-power-5g-green-128-gb/p/itmcb7a6d1f8e1fc?pid=MOBHPCYNPTEZQTHC&lid=LSTMOBHPCYNPTEZQTHCQZMRHO&marketplace=FLIPKART&q=smart+phones&store=tyy%2F4io&srno=s_6_138&otracker=search&fm=organic&iid=en_CBwSaXNapIC0jsUgC2WeNcDUPilk4Dw_TT5fEQI4hgAYnCpSAivWph3oQ6UUdYZRHmmQ0XidzSTnFCGkDRA6v4aMW1YyD3IHNTgs5o1M5-wjie7WIdrCkB00Oszj8H1Y&ppt=None&ppn=None&ssid=vqmjstevgg0000001786766476636&qH=a5594894156db043&ov_redirect=true,2026-08-15
139,"Ai+ Nova 2 5G (Black, 64 GB)",Ai+,12999,13999,7% off,4.3,"5,035",244,4 GB RAM,64 GB ROM,6000 mAh Battery,T8200 Processor,17.13 cm (6.745 inch) HD+ Display,50MP Rear Camera | 8MP Front Camera,,https://www.flipkart.com/ai-nova-2-5g-black-64-gb/p/itme6e69f9ec9956?pid=MOBHKHPYYA5KZSYP&lid=LSTMOBHKHPYYA5KZSYPYMPP3T&marketplace=FLIPKART&q=smart+phones&store=tyy%2F4io&srno=s_6_139&otracker=search&fm=organic&iid=94c23477-ce45-4821-9db8-0086af971d97.MOBHKHPYYA5KZSYP.SEARCH&ppt=None&ppn=None&ssid=vqmjstevgg0000001786766476636&qH=a5594894156db043&ov_redirect=true,2026-08-15
140,"Apple iPhone 17 Pro Max (Silver, 256 GB)",Apple,141900,149900,5% off,4.7,"2,059",196,,,,"A19 Chip, 6 Core Processor Processor",17.53 cm (6.9 inch) Super Retina XDR Display,48MP + 48MP + 48MP | 18MP Front Camera,,https://www.flipkart.com/apple-iphone-17-pro-max-silver-256-gb/p/itmd38e30731883a?pid=MOBHFN6YCXHMND9W&lid=LSTMOBHFN6YCXHMND9WWWSOXI&marketplace=FLIPKART&q=smart+phones&store=tyy%2F4io&srno=s_6_140&otracker=search&fm=organic&iid=94c23477-ce45-4821-9db8-0086af971d97.MOBHFN6YCXHMND9W.SEARCH&ppt=None&ppn=None&ssid=vqmjstevgg0000001786766476636&qH=a5594894156db043&ov_redirect=true,2026-08-15
141,"Apple iPhone 17 (Mist Blue, 256 GB)",Apple,81900,82900,1% off,4.6,"22,467","1,649",,,,"A19 Chip, 6 Core Processor Processor",16.0 cm (6.3 inch) Super Retina XDR Display,48MP + 48MP | 18MP Front Camera,,https://www.flipkart.com/apple-iphone-17-mist-blue-256-gb/p/itm1834df7ee2812?pid=MOBHFN6YWTXZD8SG&lid=LSTMOBHFN6YWTXZD8SGROTZTS&marketplace=FLIPKART&q=smart+phones&store=tyy%2F4io&srno=s_6_141&otracker=search&fm=organic&iid=94c23477-ce45-4821-9db8-0086af971d97.MOBHFN6YWTXZD8SG.SEARCH&ppt=None&ppn=None&ssid=vqmjstevgg0000001786766476636&qH=a5594894156db043&ov_redirect=true,2026-08-15
142,"vivo T5 Lite 44W 5G (Twilight Shadow, 128 GB)",vivo,19999,33999,41% off,4.3,473,54,4 GB RAM,128 GB ROM,6500 mAh Li-ion Battery,Dimensity 6300 5G Processor,17.12 cm (6.74 inch) Full HD Display,50MP + 0.08MP | 5MP Front Camera,5G,https://www.flipkart.com/vivo-t5-lite-44w-5g-twilight-shadow-128-gb/p/itm5420c578ec2df?pid=MOBHNDTDQCGAFYXG&lid=LSTMOBHNDTDQCGAFYXGNRLGGH&marketplace=FLIPKART&q=smart+phones&store=tyy%2F4io&srno=s_6_142&otracker=search&fm=organic&iid=94c23477-ce45-4821-9db8-0086af971d97.MOBHNDTDQCGAFYXG.SEARCH&ppt=None&ppn=None&ssid=vqmjstevgg0000001786766476636&qH=a5594894156db043&ov_redirect=true,2026-08-15
143,"Ai+ Nova 2 Pro 5G (Black, 128 GB)",Ai+,15999,21999,27% off,4.1,"1,004",121,6 GB RAM,128 GB ROM,6000 mAh Li-polymer Battery,Dimensity 7100 Processor,17.53 cm (6.9 inch) Full HD+ Display,48MP Rear Camera | 13MP Front Camera,,https://www.flipkart.com/ai-nova-2-pro-5g-black-128-gb/p/itmacb10a3dd51c6?pid=MOBHZ8ZM8BUGCJDQ&lid=LSTMOBHZ8ZM8BUGCJDQGHBPRS&marketplace=FLIPKART&q=smart+phones&store=tyy%2F4io&srno=s_6_143&otracker=search&fm=organic&iid=94c23477-ce45-4821-9db8-0086af971d97.MOBHZ8ZM8BUGCJDQ.SEARCH&ppt=None&ppn=None&ssid=vqmjstevgg0000001786766476636&qH=a5594894156db043&ov_redirect=true,2026-08-15
144,"REDMI A7 Pro 5G (Black, 128 GB)",REDMI,15490,27999,44% off,4,"2,425",193,4 GB RAM,128 GB ROM,6300 mAh Battery,UNISOC T8300 octa-core processor Processor,17.53 cm (6.9 inch) Full HD+ Display,32MP Rear Camera,,https://www.flipkart.com/redmi-a7-pro-5g-black-128-gb/p/itm88c66032a6b5e?pid=MOBHMJR4JHFNEVEA&lid=LSTMOBHMJR4JHFNEVEA6TGXA4&marketplace=FLIPKART&q=smart+phones&store=tyy%2F4io&srno=s_6_144&otracker=search&fm=organic&iid=94c23477-ce45-4821-9db8-0086af971d97.MOBHMJR4JHFNEVEA.SEARCH&ppt=None&ppn=None&ssid=vqmjstevgg0000001786766476636&qH=a5594894156db043&ov_redirect=true,2026-08-15
145,"OnePlus Nord CE6 Lite (Hyper Black, 128 GB)",OnePlus,25573,31999,20% off,4.3,"1,074",81,6 GB RAM,128 GB ROM,7000 mAh Battery,Mediatek Dimensity 7400 Processor,17.07 cm (6.72 inch) Full HD+ Display,50MP Rear Camera | 8MP Front Camera,,https://www.flipkart.com/oneplus-nord-ce6-lite-hyper-black-128-gb/p/itm894a5599b758b?pid=MOBHN8BDFU3PHHUR&lid=LSTMOBHN8BDFU3PHHURAEWY3J&marketplace=FLIPKART&q=smart+phones&store=tyy%2F4io&srno=s_7_145&otracker=search&fm=organic&iid=d9ced720-2de8-4218-bb4e-37959b96b538.MOBHN8BDFU3PHHUR.SEARCH&ppt=None&ppn=None&ssid=lpblrwc0n40000001786766479535&qH=a5594894156db043&ov_redirect=true,2026-08-15
146,"vivo X200T (Stellar Black, 512 GB)",vivo,69999,87999,20% off,4.6,"7,919","1,584",12 GB RAM,512 GB ROM,6200 mAh Battery,Dimensity 9400+ Processor,16.94 cm (6.67 inch) Full HD+ AMOLED Display,50MP + 50MP + 50MP | 32MP Front Camera,,https://www.flipkart.com/vivo-x200t-stellar-black-512-gb/p/itm1b8452d68859b?pid=MOBHJK5MWVU36Z9H&lid=LSTMOBHJK5MWVU36Z9HFYDGCP&marketplace=FLIPKART&q=smart+phones&store=tyy%2F4io&srno=s_7_146&otracker=search&fm=organic&iid=d9ced720-2de8-4218-bb4e-37959b96b538.MOBHJK5MWVU36Z9H.SEARCH&ppt=None&ppn=None&ssid=lpblrwc0n40000001786766479535&qH=a5594894156db043&ov_redirect=true,2026-08-15
147,"POCO M8 Power 5G (Blaze Orange, 128 GB)",POCO,24999,54999,54% off,4.1,137,22,6 GB RAM,128 GB ROM,8000 mAh Lithium-Ion Polymer Battery,Snapdragon Gen 4 Processor,17.75 cm (6.99 inch) Full HD+ AMOLED Display,50MP Rear Camera | 8MP Front Camera,,https://www.flipkart.com/poco-m8-power-5g-blaze-orange-128-gb/p/itm0edc1dd6b4e42?pid=MOBHPCYNPNCJG2UV&lid=LSTMOBHPCYNPNCJG2UVUHFGWJ&marketplace=FLIPKART&q=smart+phones&store=tyy%2F4io&srno=s_7_147&otracker=search&fm=organic&iid=en_MkUZjfQzk5qOEwBzz-XEP1WJJ2niyiSo1xiO2ENbACr7h6HzNfFZAYDFefxlQeuJEK7BPGhfiP-wXnlDI_-NLYaMW1YyD3IHNTgs5o1M5-xuuWbq0HssBRjCd5vIxOPk&ppt=None&ppn=None&ssid=lpblrwc0n40000001786766479535&qH=a5594894156db043&ov_redirect=true,2026-08-15
148,"Tecno Pova Curve 2 5G (Mystic Purple, 128 GB)",Tecno,31999,,,4.1,334,52,8 GB RAM,128 GB ROM,8000 mAh Lithium Polymer Battery,,17.22 cm (6.78 inch) Full HD+ AMOLED Display,50MP + 2MP | 13MP Front Camera,,https://www.flipkart.com/tecno-pova-curve-2-5g-mystic-purple-128-gb/p/itm1160d6853298d?pid=MOBHK67SYBZBUMKW&lid=LSTMOBHK67SYBZBUMKWSRFJQI&marketplace=FLIPKART&q=smart+phones&store=tyy%2F4io&srno=s_7_148&otracker=search&fm=organic&iid=en_MkUZjfQzk5qOEwBzz-XEP1WJJ2niyiSo1xiO2ENbACr_plPLijGoo95ZfEueSDyynUPTHj857kjWkpu3GaZIQf2GJOfeiJVYIMFMZuP-eGtuuWbq0HssBRjCd5vIxOPk&ppt=None&ppn=None&ssid=lpblrwc0n40000001786766479535&qH=a5594894156db043&ov_redirect=true,2026-08-15
149,"REDMI A7 Pro 5G (Sunset Orange, 64 GB)",REDMI,14249,15999,10% off,4,"2,425",193,4 GB RAM,64 GB ROM,6300 mAh Battery,UNISOC T8300 octa-core processor Processor,17.53 cm (6.9 inch) Full HD+ Display,32MP Rear Camera,,https://www.flipkart.com/redmi-a7-pro-5g-sunset-orange-64-gb/p/itm88c66032a6b5e?pid=MOBHMJZYNVJ7T2GB&lid=LSTMOBHMJZYNVJ7T2GBWVU4IQ&marketplace=FLIPKART&q=smart+phones&store=tyy%2F4io&srno=s_7_149&otracker=search&fm=organic&iid=d9ced720-2de8-4218-bb4e-37959b96b538.MOBHMJZYNVJ7T2GB.SEARCH&ppt=None&ppn=None&ssid=lpblrwc0n40000001786766479535&qH=a5594894156db043&ov_redirect=true,2026-08-15
150,"MOTOROLA Edge 60 Fusion 5G (PANTONE Amazonite, 256 GB)",MOTOROLA,27999,37999,26% off,4.4,"48,034","3,357",12 GB RAM,256 GB ROM,5500 mAh Battery,Dimensity 7400 Processor,16.94 cm (6.67 inch) Display,50MP + 13MP | 32MP Front Camera,,https://www.flipkart.com/motorola-edge-60-fusion-5g-pantone-amazonite-256-gb/p/itm083aeeabd2b1d?pid=MOBHN974GZMDARQ9&lid=LSTMOBHN974GZMDARQ9LCGEZJ&marketplace=FLIPKART&q=smart+phones&store=tyy%2F4io&srno=s_7_150&otracker=search&fm=organic&iid=d9ced720-2de8-4218-bb4e-37959b96b538.MOBHN974GZMDARQ9.SEARCH&ppt=None&ppn=None&ssid=lpblrwc0n40000001786766479535&qH=a5594894156db043&ov_redirect=true,2026-08-15
151,"POCO M8 Power 5G (Black, 128 GB)",POCO,24999,54999,54% off,4.1,137,22,6 GB RAM,128 GB ROM,8000 mAh Lithium-Ion Polymer Battery,Snapdragon Gen 4 Processor,17.75 cm (6.99 inch) Full HD+ AMOLED Display,50MP Rear Camera | 8MP Front Camera,,https://www.flipkart.com/poco-m8-power-5g-black-128-gb/p/itm3a60b0817a5c5?pid=MOBHPCYN7CHENHFF&lid=LSTMOBHPCYN7CHENHFFR4XY1I&marketplace=FLIPKART&q=smart+phones&store=tyy%2F4io&srno=s_7_151&otracker=search&fm=organic&iid=en_MkUZjfQzk5qOEwBzz-XEP1WJJ2niyiSo1xiO2ENbACqxTP_Hq4Vy0QXL0JtG5lm176aEaLkd-Db41x8NVayovIaMW1YyD3IHNTgs5o1M5-xuuWbq0HssBRjCd5vIxOPk&ppt=None&ppn=None&ssid=lpblrwc0n40000001786766479535&qH=a5594894156db043&ov_redirect=true,2026-08-15
152,"POCO M8 Power 5G (Black, 128 GB)",POCO,27999,59999,53% off,3.9,27,2,8 GB RAM,128 GB ROM,8000 mAh Lithium-Ion Polymer Battery,Snapdragon Gen 4 Processor,17.75 cm (6.99 inch) Full HD+ AMOLED Display,50MP Rear Camera | 8MP Front Camera,,https://www.flipkart.com/poco-m8-power-5g-black-128-gb/p/itm822601a413dff?pid=MOBHPCYNSNYCGRDN&lid=LSTMOBHPCYNSNYCGRDNMJJBOM&marketplace=FLIPKART&q=smart+phones&store=tyy%2F4io&srno=s_7_152&otracker=search&fm=organic&iid=en_MkUZjfQzk5qOEwBzz-XEP1WJJ2niyiSo1xiO2ENbACo9Tn0wqVcE0AigOxlPgxfA_k1OvlgE3DnuQ2Pir0TjxoaMW1YyD3IHNTgs5o1M5-xuuWbq0HssBRjCd5vIxOPk&ppt=None&ppn=None&ssid=lpblrwc0n40000001786766479535&qH=a5594894156db043&ov_redirect=true,2026-08-15
153,"OnePlus N6 5G (Fresh Mint, 128 GB)",OnePlus,25969,33999,23% off,4.1,181,20,6 GB RAM,128 GB ROM,8000 mAh Battery,,17.27 cm (6.8 inch) Display,50MP Rear Camera,,https://www.flipkart.com/oneplus-n6-5g-fresh-mint-128-gb/p/itm73a3c7e824695?pid=MOBHZVFJU3EDNSQE&lid=LSTMOBHZVFJU3EDNSQEOXPRSS&marketplace=FLIPKART&q=smart+phones&store=tyy%2F4io&srno=s_7_153&otracker=search&fm=organic&iid=d9ced720-2de8-4218-bb4e-37959b96b538.MOBHZVFJU3EDNSQE.SEARCH&ppt=None&ppn=None&ssid=lpblrwc0n40000001786766479535&qH=a5594894156db043&ov_redirect=true,2026-08-15
154,"MOTOROLA g67 power 5G (Pantone CILANTRO, 256 GB)",MOTOROLA,26999,30999,12% off,4.2,777,62,12 GB RAM,256 GB ROM,7000 mAh Battery,7s Gen 2 Processor,17.02 cm (6.7 inch) Full HD+ Display,50MP + 8MP | 32MP Front Camera,,https://www.flipkart.com/motorola-g67-power-5g-pantone-cilantro-256-gb/p/itme91d2943b446d?pid=MOBHN3UXSVHPQ7MC&lid=LSTMOBHN3UXSVHPQ7MCN0OLIS&marketplace=FLIPKART&q=smart+phones&store=tyy%2F4io&srno=s_7_154&otracker=search&fm=organic&iid=d9ced720-2de8-4218-bb4e-37959b96b538.MOBHN3UXSVHPQ7MC.SEARCH&ppt=None&ppn=None&ssid=lpblrwc0n40000001786766479535&qH=a5594894156db043&ov_redirect=true,2026-08-15
155,"Ai+ Nova 2 Pro 5G (Purple, 128 GB)",Ai+,15999,21999,27% off,4.1,"1,004",121,6 GB RAM,128 GB ROM,6000 mAh Li-polymer Battery,Dimensity 7100 Processor,17.53 cm (6.9 inch) Full HD+ Display,48MP Rear Camera | 13MP Front Camera,,https://www.flipkart.com/ai-nova-2-pro-5g-purple-128-gb/p/itm95899429b0b18?pid=MOBHZ8ZMGVPHRQWP&lid=LSTMOBHZ8ZMGVPHRQWPFTQBJE&marketplace=FLIPKART&q=smart+phones&store=tyy%2F4io&srno=s_7_155&otracker=search&fm=organic&iid=d9ced720-2de8-4218-bb4e-37959b96b538.MOBHZ8ZMGVPHRQWP.SEARCH&ppt=None&ppn=None&ssid=lpblrwc0n40000001786766479535&qH=a5594894156db043&ov_redirect=true,2026-08-15
156,"POCO X7 5G (Cosmic Silver, 256 GB)",POCO,19999,27999,28% off,4.3,"28,929","2,675",8 GB RAM,256 GB ROM,5500 mAh Battery,Dimensity 7300 Ultra Processor,16.94 cm (6.67 inch) Full HD+ Display,50MP + 8MP + 2MP | 20MP Front Camera,,https://www.flipkart.com/poco-x7-5g-cosmic-silver-256-gb/p/itmdfee46549bede?pid=MOBH7YZ9DHHSMGHN&lid=LSTMOBH7YZ9DHHSMGHNLSVOU3&marketplace=FLIPKART&q=smart+phones&store=tyy%2F4io&srno=s_7_156&otracker=search&fm=organic&iid=d9ced720-2de8-4218-bb4e-37959b96b538.MOBH7YZ9DHHSMGHN.SEARCH&ppt=None&ppn=None&ssid=lpblrwc0n40000001786766479535&qH=a5594894156db043&ov_redirect=true,2026-08-15
157,"POCO M8 Power 5G (Green, 128 GB)",POCO,24999,54999,54% off,4.1,137,22,6 GB RAM,128 GB ROM,8000 mAh Lithium-Ion Polymer Battery,Snapdragon Gen 4 Processor,17.75 cm (6.99 inch) Full HD+ AMOLED Display,50MP Rear Camera | 8MP Front Camera,,https://www.flipkart.com/poco-m8-power-5g-green-128-gb/p/itmd5d508dcd6172?pid=MOBHPCYNBFXP5TG9&lid=LSTMOBHPCYNBFXP5TG9ASUJFA&marketplace=FLIPKART&q=smart+phones&store=tyy%2F4io&srno=s_7_157&otracker=search&fm=organic&iid=en_MkUZjfQzk5qOEwBzz-XEP1WJJ2niyiSo1xiO2ENbACpnS91beUG2vkG4rsMnhxbiMnGh3kppJG1ie8EglWqB0YaMW1YyD3IHNTgs5o1M5-xuuWbq0HssBRjCd5vIxOPk&ppt=None&ppn=None&ssid=lpblrwc0n40000001786766479535&qH=a5594894156db043&ov_redirect=true,2026-08-15
158,"POCO M8 Power 5G (Blaze Orange, 128 GB)",POCO,27999,59999,53% off,3.9,27,2,8 GB RAM,128 GB ROM,8000 mAh Lithium-Ion Polymer Battery,Snapdragon Gen 4 Processor,17.75 cm (6.99 inch) Full HD+ AMOLED Display,50MP Rear Camera | 8MP Front Camera,,https://www.flipkart.com/poco-m8-power-5g-blaze-orange-128-gb/p/itme6ed250ab73df?pid=MOBHPCYNFWHRJD8C&lid=LSTMOBHPCYNFWHRJD8C5JT1AV&marketplace=FLIPKART&q=smart+phones&store=tyy%2F4io&srno=s_7_158&otracker=search&fm=organic&iid=en_MkUZjfQzk5qOEwBzz-XEP1WJJ2niyiSo1xiO2ENbACoZ4RPEkjacouThu9vJDCK1aOpuwoUX2M8_5zLnonDDSYaMW1YyD3IHNTgs5o1M5-xuuWbq0HssBRjCd5vIxOPk&ppt=None&ppn=None&ssid=lpblrwc0n40000001786766479535&qH=a5594894156db043&ov_redirect=true,2026-08-15
159,"REDMI Note 15 SE 5G (Carbon Black, 256 GB)",REDMI,27999,37999,26% off,4.4,"2,452",242,8 GB RAM,256 GB ROM,5800 mAh Lithium-Ion Polymer Battery,Snapdragon 6 Gen 3 Processor,17.2 cm (6.77 inch) Full HD+ AMOLED Display,50MP Rear Camera | 20MP Front Camera,,https://www.flipkart.com/redmi-note-15-se-5g-carbon-black-256-gb/p/itmebf9f68aea44e?pid=MOBHN52FYUMHG9WD&lid=LSTMOBHN52FYUMHG9WDOOEWBP&marketplace=FLIPKART&q=smart+phones&store=tyy%2F4io&srno=s_7_159&otracker=search&fm=organic&iid=d9ced720-2de8-4218-bb4e-37959b96b538.MOBHN52FYUMHG9WD.SEARCH&ppt=None&ppn=None&ssid=lpblrwc0n40000001786766479535&qH=a5594894156db043&ov_redirect=true,2026-08-15
160,"POCO C85 5G (Mystic Purple, 128 GB)",POCO,17999,22999,21% off,4.2,"1,826",126,6 GB RAM,128 GB ROM,6000 mAh Lithium-Ion Polymer Battery,Dimensity 6300 Processor,17.53 cm (6.9 inch) HD+ Display,50MP Rear Camera | 8MP Front Camera,,https://www.flipkart.com/poco-c85-5g-mystic-purple-128-gb/p/itmbab3636ca0451?pid=MOBHMGG5ZM2KRGEG&lid=LSTMOBHMGG5ZM2KRGEG8Q0T7X&marketplace=FLIPKART&q=smart+phones&store=tyy%2F4io&srno=s_7_160&otracker=search&fm=organic&iid=d9ced720-2de8-4218-bb4e-37959b96b538.MOBHMGG5ZM2KRGEG.SEARCH&ppt=None&ppn=None&ssid=lpblrwc0n40000001786766479535&qH=a5594894156db043&ov_redirect=true,2026-08-15
161,"POCO M8 Power 5G (Green, 128 GB)",POCO,27999,59999,53% off,3.9,27,2,8 GB RAM,128 GB ROM,8000 mAh Lithium-Ion Polymer Battery,Snapdragon Gen 4 Processor,17.75 cm (6.99 inch) Full HD+ AMOLED Display,50MP Rear Camera | 8MP Front Camera,,https://www.flipkart.com/poco-m8-power-5g-green-128-gb/p/itmcb7a6d1f8e1fc?pid=MOBHPCYNPTEZQTHC&lid=LSTMOBHPCYNPTEZQTHCQZMRHO&marketplace=FLIPKART&q=smart+phones&store=tyy%2F4io&srno=s_7_161&otracker=search&fm=organic&iid=en_MkUZjfQzk5qOEwBzz-XEP1WJJ2niyiSo1xiO2ENbACoQ10WYbKCsk7q0B9_CBXL7w_w0NlDe_AA1JCb7Ed4-LYaMW1YyD3IHNTgs5o1M5-xuuWbq0HssBRjCd5vIxOPk&ppt=None&ppn=None&ssid=lpblrwc0n40000001786766479535&qH=a5594894156db043&ov_redirect=true,2026-08-15
162,"Samsung Galaxy A07 LTE (Light Violet, 64 GB)",Samsung,11825,12999,9% off,4.2,"1,326",89,4 GB RAM,64 GB ROM,5000 mAh Battery,Helio G99 Processor,17.02 cm (6.7 inch) HD+ Display,,,https://www.flipkart.com/samsung-galaxy-a07-lte-light-violet-64-gb/p/itmf5c04712debfa?pid=MOBHG82ZTP4VBHYP&lid=LSTMOBHG82ZTP4VBHYPM3DEGE&marketplace=FLIPKART&q=smart+phones&store=tyy%2F4io&srno=s_7_162&otracker=search&fm=organic&iid=d9ced720-2de8-4218-bb4e-37959b96b538.MOBHG82ZTP4VBHYP.SEARCH&ppt=None&ppn=None&ssid=lpblrwc0n40000001786766479535&qH=a5594894156db043&ov_redirect=true,2026-08-15
163,"MOTOROLA g06 power (Pantone Tendril, 64 GB)",MOTOROLA,13999,19999,30% off,4.2,"22,209","1,527",4 GB RAM,64 GB ROM,7000 mAh Battery,Helio G81 Processor,17.48 cm (6.88 inch) HD+ Display,50MP Rear Camera | 8MP Front Camera,,https://www.flipkart.com/motorola-g06-power-pantone-tendril-64-gb/p/itm2f1ca967879c9?pid=MOBHN973UQNPMAAN&lid=LSTMOBHN973UQNPMAANZHPTVN&marketplace=FLIPKART&q=smart+phones&store=tyy%2F4io&srno=s_7_163&otracker=search&fm=organic&iid=d9ced720-2de8-4218-bb4e-37959b96b538.MOBHN973UQNPMAAN.SEARCH&ppt=None&ppn=None&ssid=lpblrwc0n40000001786766479535&qH=a5594894156db043&ov_redirect=true,2026-08-15
164,"Samsung M06 5G (Sage Green, 128 GB)",Samsung,14743,15499,4% off,4.1,"5,110",344,4 GB RAM,128 GB ROM,5000 mAh Battery,,17.02 cm (6.7 inch) Display,50MP Rear Camera,,https://www.flipkart.com/samsung-m06-5g-sage-green-128-gb/p/itmcafa42dadc15c?pid=MOBH9UYFYVNKR3HR&lid=LSTMOBH9UYFYVNKR3HRIZOSGJ&marketplace=FLIPKART&q=smart+phones&store=tyy%2F4io&srno=s_7_164&otracker=search&fm=organic&iid=d9ced720-2de8-4218-bb4e-37959b96b538.MOBH9UYFYVNKR3HR.SEARCH&ppt=None&ppn=None&ssid=lpblrwc0n40000001786766479535&qH=a5594894156db043&ov_redirect=true,2026-08-15
165,"MOTOROLA Signature (PANTONE Carbon, 512 GB)",MOTOROLA,62499,79999,21% off,4.5,978,185,16 GB RAM,512 GB ROM,5200 mAh Battery,Snapdragon 8 Gen 5 Processor,17.27 cm (6.8 inch) Super HD Display,50MP + 50MP + 50MP | 50MP Front Camera,,https://www.flipkart.com/motorola-signature-pantone-carbon-512-gb/p/itm5cf2347de817a?pid=MOBHGVJYGVP6G2NY&lid=LSTMOBHGVJYGVP6G2NYNYYTRM&marketplace=FLIPKART&q=smart+phones&store=tyy%2F4io&srno=s_7_165&otracker=search&fm=organic&iid=d9ced720-2de8-4218-bb4e-37959b96b538.MOBHGVJYGVP6G2NY.SEARCH&ppt=None&ppn=None&ssid=lpblrwc0n40000001786766479535&qH=a5594894156db043&ov_redirect=true,2026-08-15
166,"OnePlus Nord CE6 Lite (Vivid Mint, 128 GB)",OnePlus,26357,33999,22% off,4.3,585,35,8 GB RAM,128 GB ROM,7000 mAh Battery,Mediatek Dimensity 7400 Processor,17.07 cm (6.72 inch) Full HD+ Display,8MP Rear Camera | 8MP Front Camera,,https://www.flipkart.com/oneplus-nord-ce6-lite-vivid-mint-128-gb/p/itm894a5599b758b?pid=MOBHN86VFKDWVHXF&lid=LSTMOBHN86VFKDWVHXFVQZ61Y&marketplace=FLIPKART&q=smart+phones&store=tyy%2F4io&srno=s_7_166&otracker=search&fm=organic&iid=d9ced720-2de8-4218-bb4e-37959b96b538.MOBHN86VFKDWVHXF.SEARCH&ppt=None&ppn=None&ssid=lpblrwc0n40000001786766479535&qH=a5594894156db043&ov_redirect=true,2026-08-15
167,"Ai+ Nova 2 Neo 5G (Blue, 128 GB)",Ai+,13999,19999,30% off,4.2,538,51,6 GB RAM,128 GB ROM,6000 mAh Li-polymer Battery,Dimensity 6300 Processor,17.13 cm (6.745 inch) HD+ Display,48MP Rear Camera | 8MP Front Camera,,https://www.flipkart.com/ai-nova-2-neo-5g-blue-128-gb/p/itmbe9c32c02c347?pid=MOBHZ8ZMMVSHPYKG&lid=LSTMOBHZ8ZMMVSHPYKGK2DZD5&marketplace=FLIPKART&q=smart+phones&store=tyy%2F4io&srno=s_7_167&otracker=search&fm=organic&iid=d9ced720-2de8-4218-bb4e-37959b96b538.MOBHZ8ZMMVSHPYKG.SEARCH&ppt=None&ppn=None&ssid=lpblrwc0n40000001786766479535&qH=a5594894156db043&ov_redirect=true,2026-08-15
168,"realme P4 Lite 5G (Mosaic Blue, 128 GB)",realme,17999,32999,45% off,4.2,"12,022",761,4 GB RAM,128 GB ROM,7000 mAh lithium-ion polymer Battery,Dimensity 6300 Processor,17.27 cm (6.8 inches) HD+ Display,13MP Rear Camera | 5MP Front Camera,,https://www.flipkart.com/realme-p4-lite-5g-mosaic-blue-128-gb/p/itm90c243961f214?pid=MOBHN7A8MNWG6FFH&lid=LSTMOBHN7A8MNWG6FFHNRI9KK&marketplace=FLIPKART&q=smart+phones&store=tyy%2F4io&srno=s_7_168&otracker=search&fm=organic&iid=d9ced720-2de8-4218-bb4e-37959b96b538.MOBHN7A8MNWG6FFH.SEARCH&ppt=None&ppn=None&ssid=lpblrwc0n40000001786766479535&qH=a5594894156db043&ov_redirect=true,2026-08-15
169,"Samsung M06 5G (Sage Green, 128 GB)",Samsung,14743,15499,4% off,4.1,"5,110",344,4 GB RAM,128 GB ROM,5000 mAh Battery,,17.02 cm (6.7 inch) Display,50MP Rear Camera,,https://www.flipkart.com/samsung-m06-5g-sage-green-128-gb/p/itmcafa42dadc15c?pid=MOBH9UYFYVNKR3HR&lid=LSTMOBH9UYFYVNKR3HRIZOSGJ&marketplace=FLIPKART&q=smart+phones&store=tyy%2F4io&srno=s_8_169&otracker=search&fm=organic&iid=ddab83aa-17b4-48ce-a8e8-8051d9b68449.MOBH9UYFYVNKR3HR.SEARCH&ppt=None&ppn=None&ssid=nhig4xbdmo0000001786766483365&qH=a5594894156db043&ov_redirect=true,2026-08-15
170,"Ai+ Nova 2 Neo 5G (Blue, 128 GB)",Ai+,13999,19999,30% off,4.2,538,51,6 GB RAM,128 GB ROM,6000 mAh Li-polymer Battery,Dimensity 6300 Processor,17.13 cm (6.745 inch) HD+ Display,48MP Rear Camera | 8MP Front Camera,,https://www.flipkart.com/ai-nova-2-neo-5g-blue-128-gb/p/itmbe9c32c02c347?pid=MOBHZ8ZMMVSHPYKG&lid=LSTMOBHZ8ZMMVSHPYKGK2DZD5&marketplace=FLIPKART&q=smart+phones&store=tyy%2F4io&srno=s_8_170&otracker=search&fm=organic&iid=ddab83aa-17b4-48ce-a8e8-8051d9b68449.MOBHZ8ZMMVSHPYKG.SEARCH&ppt=None&ppn=None&ssid=nhig4xbdmo0000001786766483365&qH=a5594894156db043&ov_redirect=true,2026-08-15
171,"POCO M8 Power 5G (Blaze Orange, 128 GB)",POCO,24999,54999,54% off,4.1,137,22,6 GB RAM,128 GB ROM,8000 mAh Lithium-Ion Polymer Battery,Snapdragon Gen 4 Processor,17.75 cm (6.99 inch) Full HD+ AMOLED Display,50MP Rear Camera | 8MP Front Camera,,https://www.flipkart.com/poco-m8-power-5g-blaze-orange-128-gb/p/itm0edc1dd6b4e42?pid=MOBHPCYNPNCJG2UV&lid=LSTMOBHPCYNPNCJG2UVUHFGWJ&marketplace=FLIPKART&q=smart+phones&store=tyy%2F4io&srno=s_8_171&otracker=search&fm=organic&iid=en_qguWK0TG2tBUS0ErXXNRwVEsSEHP3nLLWqVA6RGLFNELxzPB2wgZ0bEWggWkCOpUEK7BPGhfiP-wXnlDI_-NLYaMW1YyD3IHNTgs5o1M5-xRBIPuiyh5QPPE7K7CI1UI&ppt=None&ppn=None&ssid=nhig4xbdmo0000001786766483365&qH=a5594894156db043&ov_redirect=true,2026-08-15
172,"Tecno Pova Curve 2 5G (Storm Titanium, 128 GB)",Tecno,31999,,,4.1,334,52,8 GB RAM,128 GB ROM,8000 mAh Lithium Polymer Battery,,17.22 cm (6.78 inch) Full HD+ AMOLED Display,50MP + 2MP | 13MP Front Camera,,https://www.flipkart.com/tecno-pova-curve-2-5g-storm-titanium-128-gb/p/itm1160d6853298d?pid=MOBHK67SJBVWVG4R&lid=LSTMOBHK67SJBVWVG4RT9H7MK&marketplace=FLIPKART&q=smart+phones&store=tyy%2F4io&srno=s_8_172&otracker=search&fm=organic&iid=en_qguWK0TG2tBUS0ErXXNRwVEsSEHP3nLLWqVA6RGLFNH4aRzrevU4y9ouqNHHm3IgN6b-fGxwGhYVV6A-ByyGwf2GJOfeiJVYIMFMZuP-eGtRBIPuiyh5QPPE7K7CI1UI&ppt=None&ppn=None&ssid=nhig4xbdmo0000001786766483365&qH=a5594894156db043&ov_redirect=true,2026-08-15
173,"Samsung Galaxy A07 LTE (Black, 64 GB)",Samsung,11685,12999,10% off,4.2,"1,326",89,4 GB RAM,64 GB ROM,5000 mAh Battery,Helio G99 Processor,17.02 cm (6.7 inch) HD+ Display,,,https://www.flipkart.com/samsung-galaxy-a07-lte-black-64-gb/p/itm25dbddb462dcb?pid=MOBHG82ZXW3DEMHY&lid=LSTMOBHG82ZXW3DEMHYXEGYVA&marketplace=FLIPKART&q=smart+phones&store=tyy%2F4io&srno=s_8_173&otracker=search&fm=organic&iid=ddab83aa-17b4-48ce-a8e8-8051d9b68449.MOBHG82ZXW3DEMHY.SEARCH&ppt=None&ppn=None&ssid=nhig4xbdmo0000001786766483365&qH=a5594894156db043&ov_redirect=true,2026-08-15
174,"Samsung Galaxy A36 5G (Awesome Lavender, 256 GB)",Samsung,30999,38999,20% off,4.3,"3,380",300,8 GB RAM,256 GB ROM,5000 mAh Battery,Qualcomm Snapdragon 6 Gen 3 Processor,17.02 cm (6.7 inch) Full HD+ Display,50MP + 8MP | 12MP Front Camera,,https://www.flipkart.com/samsung-galaxy-a36-5g-awesome-lavender-256-gb/p/itma5b5834a73d65?pid=MOBH9RNG3KTYVZKE&lid=LSTMOBH9RNG3KTYVZKERDB4KI&marketplace=FLIPKART&q=smart+phones&store=tyy%2F4io&srno=s_8_174&otracker=search&fm=organic&iid=ddab83aa-17b4-48ce-a8e8-8051d9b68449.MOBH9RNG3KTYVZKE.SEARCH&ppt=None&ppn=None&ssid=nhig4xbdmo0000001786766483365&qH=a5594894156db043&ov_redirect=true,2026-08-15
175,"realme P4 Lite 5G (Mosaic Blue, 128 GB)",realme,17999,32999,45% off,4.2,"12,022",761,4 GB RAM,128 GB ROM,7000 mAh lithium-ion polymer Battery,Dimensity 6300 Processor,17.27 cm (6.8 inches) HD+ Display,13MP Rear Camera | 5MP Front Camera,,https://www.flipkart.com/realme-p4-lite-5g-mosaic-blue-128-gb/p/itm90c243961f214?pid=MOBHN7A8MNWG6FFH&lid=LSTMOBHN7A8MNWG6FFHNRI9KK&marketplace=FLIPKART&q=smart+phones&store=tyy%2F4io&srno=s_8_175&otracker=search&fm=organic&iid=ddab83aa-17b4-48ce-a8e8-8051d9b68449.MOBHN7A8MNWG6FFH.SEARCH&ppt=None&ppn=None&ssid=nhig4xbdmo0000001786766483365&qH=a5594894156db043&ov_redirect=true,2026-08-15
176,"MOTOROLA g06 power (Pantone Tendril, 64 GB)",MOTOROLA,13999,19999,30% off,4.2,"22,209","1,527",4 GB RAM,64 GB ROM,7000 mAh Battery,Helio G81 Processor,17.48 cm (6.88 inch) HD+ Display,50MP Rear Camera | 8MP Front Camera,,https://www.flipkart.com/motorola-g06-power-pantone-tendril-64-gb/p/itm2f1ca967879c9?pid=MOBHN973UQNPMAAN&lid=LSTMOBHN973UQNPMAANZHPTVN&marketplace=FLIPKART&q=smart+phones&store=tyy%2F4io&srno=s_8_176&otracker=search&fm=organic&iid=ddab83aa-17b4-48ce-a8e8-8051d9b68449.MOBHN973UQNPMAAN.SEARCH&ppt=None&ppn=None&ssid=nhig4xbdmo0000001786766483365&qH=a5594894156db043&ov_redirect=true,2026-08-15
177,"POCO M8 Power 5G (Black, 128 GB)",POCO,24999,54999,54% off,4.1,137,22,6 GB RAM,128 GB ROM,8000 mAh Lithium-Ion Polymer Battery,Snapdragon Gen 4 Processor,17.75 cm (6.99 inch) Full HD+ AMOLED Display,50MP Rear Camera | 8MP Front Camera,,https://www.flipkart.com/poco-m8-power-5g-black-128-gb/p/itm3a60b0817a5c5?pid=MOBHPCYN7CHENHFF&lid=LSTMOBHPCYN7CHENHFFR4XY1I&marketplace=FLIPKART&q=smart+phones&store=tyy%2F4io&srno=s_8_177&otracker=search&fm=organic&iid=en_qguWK0TG2tBUS0ErXXNRwVEsSEHP3nLLWqVA6RGLFNHPygDHKN0wHQfuKzVDnklA76aEaLkd-Db41x8NVayovIaMW1YyD3IHNTgs5o1M5-xRBIPuiyh5QPPE7K7CI1UI&ppt=None&ppn=None&ssid=nhig4xbdmo0000001786766483365&qH=a5594894156db043&ov_redirect=true,2026-08-15
178,"POCO M8 Power 5G (Black, 128 GB)",POCO,27999,59999,53% off,3.9,27,2,8 GB RAM,128 GB ROM,8000 mAh Lithium-Ion Polymer Battery,Snapdragon Gen 4 Processor,17.75 cm (6.99 inch) Full HD+ AMOLED Display,50MP Rear Camera | 8MP Front Camera,,https://www.flipkart.com/poco-m8-power-5g-black-128-gb/p/itm822601a413dff?pid=MOBHPCYNSNYCGRDN&lid=LSTMOBHPCYNSNYCGRDNMJJBOM&marketplace=FLIPKART&q=smart+phones&store=tyy%2F4io&srno=s_8_178&otracker=search&fm=organic&iid=en_qguWK0TG2tBUS0ErXXNRwVEsSEHP3nLLWqVA6RGLFNFwXbItuquoNku2-LZG__xB_k1OvlgE3DnuQ2Pir0TjxoaMW1YyD3IHNTgs5o1M5-xRBIPuiyh5QPPE7K7CI1UI&ppt=None&ppn=None&ssid=nhig4xbdmo0000001786766483365&qH=a5594894156db043&ov_redirect=true,2026-08-15
179,"realme P4x 5G (Matte Silver, 128 GB)",realme,23499,43999,46% off,4.3,"7,622",644,8 GB RAM,128 GB ROM,7000 mAh Battery,Dimensity 7400 Ultra Processor,17.07 cm (6.72 inch) Full HD+ Display,50MP + 2MP | 8MP Front Camera,,https://www.flipkart.com/realme-p4x-5g-matte-silver-128-gb/p/itm575b1540859e4?pid=MOBHN7A8HYC9BPAU&lid=LSTMOBHN7A8HYC9BPAUEQNPRK&marketplace=FLIPKART&q=smart+phones&store=tyy%2F4io&srno=s_8_179&otracker=search&fm=organic&iid=ddab83aa-17b4-48ce-a8e8-8051d9b68449.MOBHN7A8HYC9BPAU.SEARCH&ppt=None&ppn=None&ssid=nhig4xbdmo0000001786766483365&qH=a5594894156db043&ov_redirect=true,2026-08-15
180,"realme P4x 5G (Lake Green, 128 GB)",realme,23499,43999,46% off,4.3,"7,622",644,8 GB RAM,128 GB ROM,7000 mAh Battery,Dimensity 7400 Ultra Processor,17.07 cm (6.72 inch) Full HD+ Display,50MP + 2MP | 8MP Front Camera,,https://www.flipkart.com/realme-p4x-5g-lake-green-128-gb/p/itm575b1540859e4?pid=MOBHN7A8P2KPBEVZ&lid=LSTMOBHN7A8P2KPBEVZF5GW6U&marketplace=FLIPKART&q=smart+phones&store=tyy%2F4io&srno=s_8_180&otracker=search&fm=organic&iid=ddab83aa-17b4-48ce-a8e8-8051d9b68449.MOBHN7A8P2KPBEVZ.SEARCH&ppt=None&ppn=None&ssid=nhig4xbdmo0000001786766483365&qH=a5594894156db043&ov_redirect=true,2026-08-15
181,"POCO M8 Power 5G (Green, 128 GB)",POCO,24999,54999,54% off,4.1,137,22,6 GB RAM,128 GB ROM,8000 mAh Lithium-Ion Polymer Battery,Snapdragon Gen 4 Processor,17.75 cm (6.99 inch) Full HD+ AMOLED Display,50MP Rear Camera | 8MP Front Camera,,https://www.flipkart.com/poco-m8-power-5g-green-128-gb/p/itmd5d508dcd6172?pid=MOBHPCYNBFXP5TG9&lid=LSTMOBHPCYNBFXP5TG9ASUJFA&marketplace=FLIPKART&q=smart+phones&store=tyy%2F4io&srno=s_8_181&otracker=search&fm=organic&iid=en_qguWK0TG2tBUS0ErXXNRwVEsSEHP3nLLWqVA6RGLFNHGFVuAuKhEBwZhcsTcYJgQMnGh3kppJG1ie8EglWqB0YaMW1YyD3IHNTgs5o1M5-xRBIPuiyh5QPPE7K7CI1UI&ppt=None&ppn=None&ssid=nhig4xbdmo0000001786766483365&qH=a5594894156db043&ov_redirect=true,2026-08-15
182,"vivo X200T (Stellar Black, 256 GB)",vivo,59999,80000,25% off,4.6,"7,919","1,584",12 GB RAM,256 GB ROM,6200 mAh Battery,Dimensity 9400+ Processor,16.94 cm (6.67 inch) Full HD+ AMOLED Display,50MP + 50MP + 50MP | 32MP Front Camera,,https://www.flipkart.com/vivo-x200t-stellar-black-256-gb/p/itm1b8452d68859b?pid=MOBHJK5MBRDS3GUQ&lid=LSTMOBHJK5MBRDS3GUQWMQNUP&marketplace=FLIPKART&q=smart+phones&store=tyy%2F4io&srno=s_8_182&otracker=search&fm=organic&iid=en_qguWK0TG2tBUS0ErXXNRwVEsSEHP3nLLWqVA6RGLFNGT7phk9x30T-nLpOyx4kAg9Ux9ONdtG7NTaHU8_CnFQCCN2ZFQfl-kzY_IBQ8aTKVRBIPuiyh5QPPE7K7CI1UI&ppt=None&ppn=None&ssid=nhig4xbdmo0000001786766483365&qH=a5594894156db043&ov_redirect=true,2026-08-15
183,"REDMI Note 15 SE 5G Snapdragon (Carbon Black, 128 GB)",REDMI,23999,34999,31% off,4.3,"5,249",471,6 GB RAM,128 GB ROM,5800 mAh Lithium-Ion Polymer Battery,Snapdragon 6 Gen 3 Processor,17.2 cm (6.77 inch) Full HD+ AMOLED Display,50MP Rear Camera | 20MP Front Camera,,https://www.flipkart.com/redmi-note-15-se-5g-snapdragon-carbon-black-128-gb/p/itm60b0ad3a0da9d?pid=MOBHN52FDHRHXYKD&lid=LSTMOBHN52FDHRHXYKDT6HEXV&marketplace=FLIPKART&q=smart+phones&store=tyy%2F4io&srno=s_8_183&otracker=search&fm=organic&iid=ddab83aa-17b4-48ce-a8e8-8051d9b68449.MOBHN52FDHRHXYKD.SEARCH&ppt=None&ppn=None&ssid=nhig4xbdmo0000001786766483365&qH=a5594894156db043&ov_redirect=true,2026-08-15
184,"REDMI Note 14 Pro 5G (Champagne Gold, 256 GB)",REDMI,25450,30999,17% off,4.3,"6,250",462,8 GB RAM,256 GB ROM,5500 mAh Battery,Dimensity 7300 Ultra Processor,16.94 cm (6.67 inch) Display,50MP + 8MP + 2MP | 20MP Front Camera,,https://www.flipkart.com/redmi-note-14-pro-5g-champagne-gold-256-gb/p/itmedd69c194a9dc?pid=MOBHDDQKFPCHQV9B&lid=LSTMOBHDDQKFPCHQV9BUYRAQI&marketplace=FLIPKART&q=smart+phones&store=tyy%2F4io&srno=s_8_184&otracker=search&fm=organic&iid=ddab83aa-17b4-48ce-a8e8-8051d9b68449.MOBHDDQKFPCHQV9B.SEARCH&ppt=None&ppn=None&ssid=nhig4xbdmo0000001786766483365&qH=a5594894156db043&ov_redirect=true,2026-08-15
185,"MOTOROLA Signature (PANTONE Carbon, 512 GB)",MOTOROLA,62499,79999,21% off,4.5,978,185,16 GB RAM,512 GB ROM,5200 mAh Battery,Snapdragon 8 Gen 5 Processor,17.27 cm (6.8 inch) Super HD Display,50MP + 50MP + 50MP | 50MP Front Camera,,https://www.flipkart.com/motorola-signature-pantone-carbon-512-gb/p/itm5cf2347de817a?pid=MOBHGVJYGVP6G2NY&lid=LSTMOBHGVJYGVP6G2NYNYYTRM&marketplace=FLIPKART&q=smart+phones&store=tyy%2F4io&srno=s_8_185&otracker=search&fm=organic&iid=ddab83aa-17b4-48ce-a8e8-8051d9b68449.MOBHGVJYGVP6G2NY.SEARCH&ppt=None&ppn=None&ssid=nhig4xbdmo0000001786766483365&qH=a5594894156db043&ov_redirect=true,2026-08-15
186,"realme P4x 5G (Lake Green, 128 GB)",realme,21999,38999,43% off,4.3,"14,256","1,212",6 GB RAM,128 GB ROM,7000 mAh Battery,Dimensity 7400 Ultra Processor,17.07 cm (6.72 inch) Full HD+ Display,50MP + 2MP | 8MP Front Camera,,https://www.flipkart.com/realme-p4x-5g-lake-green-128-gb/p/itm575b1540859e4?pid=MOBHN7A8WK5SGBYN&lid=LSTMOBHN7A8WK5SGBYNA6NKVS&marketplace=FLIPKART&q=smart+phones&store=tyy%2F4io&srno=s_8_186&otracker=search&fm=organic&iid=ddab83aa-17b4-48ce-a8e8-8051d9b68449.MOBHN7A8WK5SGBYN.SEARCH&ppt=None&ppn=None&ssid=nhig4xbdmo0000001786766483365&qH=a5594894156db043&ov_redirect=true,2026-08-15
187,"POCO M8 Power 5G (Blaze Orange, 128 GB)",POCO,27999,59999,53% off,3.9,27,2,8 GB RAM,128 GB ROM,8000 mAh Lithium-Ion Polymer Battery,Snapdragon Gen 4 Processor,17.75 cm (6.99 inch) Full HD+ AMOLED Display,50MP Rear Camera | 8MP Front Camera,,https://www.flipkart.com/poco-m8-power-5g-blaze-orange-128-gb/p/itme6ed250ab73df?pid=MOBHPCYNFWHRJD8C&lid=LSTMOBHPCYNFWHRJD8C5JT1AV&marketplace=FLIPKART&q=smart+phones&store=tyy%2F4io&srno=s_8_187&otracker=search&fm=organic&iid=en_qguWK0TG2tBUS0ErXXNRwVEsSEHP3nLLWqVA6RGLFNF4nUse_DOiMVdCI3rs_jSiltXHcpYWLJT1dyCM7ZmdX4aMW1YyD3IHNTgs5o1M5-xRBIPuiyh5QPPE7K7CI1UI&ppt=None&ppn=None&ssid=nhig4xbdmo0000001786766483365&qH=a5594894156db043&ov_redirect=true,2026-08-15
188,"POCO M8 Power 5G (Green, 128 GB)",POCO,27999,59999,53% off,3.9,27,2,8 GB RAM,128 GB ROM,8000 mAh Lithium-Ion Polymer Battery,Snapdragon Gen 4 Processor,17.75 cm (6.99 inch) Full HD+ AMOLED Display,50MP Rear Camera | 8MP Front Camera,,https://www.flipkart.com/poco-m8-power-5g-green-128-gb/p/itmcb7a6d1f8e1fc?pid=MOBHPCYNPTEZQTHC&lid=LSTMOBHPCYNPTEZQTHCQZMRHO&marketplace=FLIPKART&q=smart+phones&store=tyy%2F4io&srno=s_8_188&otracker=search&fm=organic&iid=en_qguWK0TG2tBUS0ErXXNRwVEsSEHP3nLLWqVA6RGLFNE5zoBHfVNHI5nww_M4hvogHmmQ0XidzSTnFCGkDRA6v4aMW1YyD3IHNTgs5o1M5-xRBIPuiyh5QPPE7K7CI1UI&ppt=None&ppn=None&ssid=nhig4xbdmo0000001786766483365&qH=a5594894156db043&ov_redirect=true,2026-08-15
189,"realme P4 Lite (Beach Gold, 128 GB)",realme,13999,27999,50% off,4,"5,318",329,4 GB RAM,128 GB ROM,6300 mAh Battery,T7250 Processor,17.14 cm (6.75 inch) HD+ Display,13MP Rear Camera | 5MP Front Camera,,https://www.flipkart.com/realme-p4-lite-beach-gold-128-gb/p/itm029fbc88fdc91?pid=MOBHMX7KHWGRBXZV&lid=LSTMOBHMX7KHWGRBXZVPJ1YVY&marketplace=FLIPKART&q=smart+phones&store=tyy%2F4io&srno=s_8_189&otracker=search&fm=organic&iid=ddab83aa-17b4-48ce-a8e8-8051d9b68449.MOBHMX7KHWGRBXZV.SEARCH&ppt=None&ppn=None&ssid=nhig4xbdmo0000001786766483365&qH=a5594894156db043&ov_redirect=true,2026-08-15
190,"REDMI Note 15 SE 5G Snapdragon (Frosted White, 128 GB)",REDMI,25999,35999,27% off,4.4,"2,452",242,8 GB RAM,128 GB ROM,5800 mAh Lithium-Ion Polymer Battery,Snapdragon 6 Gen 3 Processor,17.2 cm (6.77 inch) Full HD+ AMOLED Display,50MP Rear Camera | 20MP Front Camera,,https://www.flipkart.com/redmi-note-15-se-5g-snapdragon-frosted-white-128-gb/p/itm73244c88e9b6c?pid=MOBHN52FBUDPFNXC&lid=LSTMOBHN52FBUDPFNXCEDAEKC&marketplace=FLIPKART&q=smart+phones&store=tyy%2F4io&srno=s_8_190&otracker=search&fm=organic&iid=ddab83aa-17b4-48ce-a8e8-8051d9b68449.MOBHN52FBUDPFNXC.SEARCH&ppt=None&ppn=None&ssid=nhig4xbdmo0000001786766483365&qH=a5594894156db043&ov_redirect=true,2026-08-15
191,"Samsung M06 5G (Blazing Black, 128 GB)",Samsung,14932,16999,12% off,4.1,"5,110",344,4 GB RAM,128 GB ROM,5000 mAh Battery,,17.02 cm (6.7 inch) Display,50MP Rear Camera,,https://www.flipkart.com/samsung-m06-5g-blazing-black-128-gb/p/itmcafa42dadc15c?pid=MOBH9UYF4GZXGWW6&lid=LSTMOBH9UYF4GZXGWW6ZHNFQ2&marketplace=FLIPKART&q=smart+phones&store=tyy%2F4io&srno=s_8_191&otracker=search&fm=organic&iid=ddab83aa-17b4-48ce-a8e8-8051d9b68449.MOBH9UYF4GZXGWW6.SEARCH&ppt=None&ppn=None&ssid=nhig4xbdmo0000001786766483365&qH=a5594894156db043&ov_redirect=true,2026-08-15
192,"Samsung Galaxy M17e (Blitz Blue, 128 GB)",Samsung,15372,18999,19% off,4,668,57,4 GB RAM,128 GB ROM,6000 mAh Battery,MediaTek Dimensity Processor,17.02 cm (6.7 inch) Full HD+ Display,50MP Rear Camera | 2MP Front Camera,,https://www.flipkart.com/samsung-galaxy-m17e-blitz-blue-128-gb/p/itm1b5a0ea459581?pid=MOBHHQTGXCB3FHGY&lid=LSTMOBHHQTGXCB3FHGYU4GH2U&marketplace=FLIPKART&q=smart+phones&store=tyy%2F4io&srno=s_8_192&otracker=search&fm=organic&iid=ddab83aa-17b4-48ce-a8e8-8051d9b68449.MOBHHQTGXCB3FHGY.SEARCH&ppt=None&ppn=None&ssid=nhig4xbdmo0000001786766483365&qH=a5594894156db043&ov_redirect=true,2026-08-15
193,"realme P4 Power 5G Charger in the Box (TransOrange, 128 GB)",realme,29999,50999,41% off,4.4,"7,210",754,8 GB RAM,128 GB ROM,10001 mAh Battery,Dimensity 7400 Ultra Processor,17.27 cm (6.8 inch) Full HD+ AMOLED Display,,,https://www.flipkart.com/realme-p4-power-5g-charger-box-transorange-128-gb/p/itm756857550aae6?pid=MOBHN7A8QB7ZQBMQ&lid=LSTMOBHN7A8QB7ZQBMQMMT7QO&marketplace=FLIPKART&q=smart+phones&store=tyy%2F4io&srno=s_9_193&otracker=search&fm=organic&iid=862d5373-a9c8-4c09-bc3e-9382f4b5d7b3.MOBHN7A8QB7ZQBMQ.SEARCH&ppt=None&ppn=None&ssid=phfzk0a2w00000001786766486691&qH=a5594894156db043&ov_redirect=true,2026-08-15
194,"POCO C81x (Crystal Black, 64 GB)",POCO,11499,18999,39% off,4,436,26,3 GB RAM,64 GB ROM,5200 mAh Lithium-Ion Polymer Battery,T7250 Processor,17.48 cm (6.88 inch) Display,13MP Rear Camera | 8MP Front Camera,,https://www.flipkart.com/poco-c81x-crystal-black-64-gb/p/itmcc7b133522987?pid=MOBHMYWRXCQBZ7D2&lid=LSTMOBHMYWRXCQBZ7D2WUWSH4&marketplace=FLIPKART&q=smart+phones&store=tyy%2F4io&srno=s_9_194&otracker=search&fm=organic&iid=862d5373-a9c8-4c09-bc3e-9382f4b5d7b3.MOBHMYWRXCQBZ7D2.SEARCH&ppt=None&ppn=None&ssid=phfzk0a2w00000001786766486691&qH=a5594894156db043&ov_redirect=true,2026-08-15
195,"realme P4 Lite 5G (Mosaic Green, 128 GB)",realme,17999,32999,45% off,4.2,"12,022",761,4 GB RAM,128 GB ROM,7000 mAh lithium-ion polymer Battery,Dimensity 6300 Processor,17.27 cm (6.8 inches) HD+ Display,13MP Rear Camera | 5MP Front Camera,,https://www.flipkart.com/realme-p4-lite-5g-mosaic-green-128-gb/p/itm90c243961f214?pid=MOBHN7A8PBUWNHG5&lid=LSTMOBHN7A8PBUWNHG5V5EICC&marketplace=FLIPKART&q=smart+phones&store=tyy%2F4io&srno=s_9_195&otracker=search&fm=organic&iid=862d5373-a9c8-4c09-bc3e-9382f4b5d7b3.MOBHN7A8PBUWNHG5.SEARCH&ppt=None&ppn=None&ssid=phfzk0a2w00000001786766486691&qH=a5594894156db043&ov_redirect=true,2026-08-15
196,"Apple iPhone 17 Pro (Deep Blue, 256 GB)",Apple,126900,134900,5% off,4.7,"4,396",326,,,,"A19 Chip, 6 Core Processor Processor",16.0 cm (6.3 inch) Super Retina XDR Display,48MP + 48MP + 48MP | 18MP Front Camera,,https://www.flipkart.com/apple-iphone-17-pro-deep-blue-256-gb/p/itm239d0b996d7f0?pid=MOBHFN6YV7GYZHSM&lid=LSTMOBHFN6YV7GYZHSMOB0WBP&marketplace=FLIPKART&q=smart+phones&store=tyy%2F4io&srno=s_9_196&otracker=search&fm=organic&iid=862d5373-a9c8-4c09-bc3e-9382f4b5d7b3.MOBHFN6YV7GYZHSM.SEARCH&ppt=None&ppn=None&ssid=phfzk0a2w00000001786766486691&qH=a5594894156db043&ov_redirect=true,2026-08-15
197,"POCO M8 Power 5G (Blaze Orange, 128 GB)",POCO,24999,54999,54% off,4.1,137,22,6 GB RAM,128 GB ROM,8000 mAh Lithium-Ion Polymer Battery,Snapdragon Gen 4 Processor,17.75 cm (6.99 inch) Full HD+ AMOLED Display,50MP Rear Camera | 8MP Front Camera,,https://www.flipkart.com/poco-m8-power-5g-blaze-orange-128-gb/p/itm0edc1dd6b4e42?pid=MOBHPCYNPNCJG2UV&lid=LSTMOBHPCYNPNCJG2UVUHFGWJ&marketplace=FLIPKART&q=smart+phones&store=tyy%2F4io&srno=s_9_197&otracker=search&fm=organic&iid=en_C3v0jNN-NoliF7V3--Xescr-l9yhGfWkOLSJKGjWzkcLol48AypSvtHnZ1SGJw_9EK7BPGhfiP-wXnlDI_-NLYaMW1YyD3IHNTgs5o1M5-znIOsKsMw7Zx5TrEvtLJnT&ppt=None&ppn=None&ssid=phfzk0a2w00000001786766486691&qH=a5594894156db043&ov_redirect=true,2026-08-15
198,"Tecno Pova Curve 2 5G (Mystic Purple, 128 GB)",Tecno,31999,,,4.1,334,52,8 GB RAM,128 GB ROM,8000 mAh Lithium Polymer Battery,,17.22 cm (6.78 inch) Full HD+ AMOLED Display,50MP + 2MP | 13MP Front Camera,,https://www.flipkart.com/tecno-pova-curve-2-5g-mystic-purple-128-gb/p/itm1160d6853298d?pid=MOBHK67SYBZBUMKW&lid=LSTMOBHK67SYBZBUMKWSRFJQI&marketplace=FLIPKART&q=smart+phones&store=tyy%2F4io&srno=s_9_198&otracker=search&fm=organic&iid=en_C3v0jNN-NoliF7V3--Xescr-l9yhGfWkOLSJKGjWzkfRGwq8zAntr2rZhBQUFLEanUPTHj857kjWkpu3GaZIQf2GJOfeiJVYIMFMZuP-eGvnIOsKsMw7Zx5TrEvtLJnT&ppt=None&ppn=None&ssid=phfzk0a2w00000001786766486691&qH=a5594894156db043&ov_redirect=true,2026-08-15
199,"realme P4x 5G (Elegant Pink, 128 GB)",realme,21999,38999,43% off,4.3,"14,256","1,212",6 GB RAM,128 GB ROM,7000 mAh Battery,Dimensity 7400 Ultra Processor,17.07 cm (6.72 inch) Full HD+ Display,50MP + 2MP | 8MP Front Camera,,https://www.flipkart.com/realme-p4x-5g-elegant-pink-128-gb/p/itm575b1540859e4?pid=MOBHN7A8GXPNGYW4&lid=LSTMOBHN7A8GXPNGYW46JFEQO&marketplace=FLIPKART&q=smart+phones&store=tyy%2F4io&srno=s_9_199&otracker=search&fm=organic&iid=862d5373-a9c8-4c09-bc3e-9382f4b5d7b3.MOBHN7A8GXPNGYW4.SEARCH&ppt=None&ppn=None&ssid=phfzk0a2w00000001786766486691&qH=a5594894156db043&ov_redirect=true,2026-08-15
200,"realme P4 Lite 5G (Mosaic Green, 64 GB)",realme,16499,28999,43% off,4.2,"12,022",761,4 GB RAM,64 GB ROM,7000 mAh lithium-ion polymer Battery,Dimensity 6300 Processor,17.27 cm (6.8 inches) HD+ Display,13MP Rear Camera | 5MP Front Camera,,https://www.flipkart.com/realme-p4-lite-5g-mosaic-green-64-gb/p/itm90c243961f214?pid=MOBHN7A8SZ7F9C7T&lid=LSTMOBHN7A8SZ7F9C7TYM0TGX&marketplace=FLIPKART&q=smart+phones&store=tyy%2F4io&srno=s_9_200&otracker=search&fm=organic&iid=862d5373-a9c8-4c09-bc3e-9382f4b5d7b3.MOBHN7A8SZ7F9C7T.SEARCH&ppt=None&ppn=None&ssid=phfzk0a2w00000001786766486691&qH=a5594894156db043&ov_redirect=true,2026-08-15
201,"POCO M8 Power 5G (Black, 128 GB)",POCO,24999,54999,54% off,4.1,137,22,6 GB RAM,128 GB ROM,8000 mAh Lithium-Ion Polymer Battery,Snapdragon Gen 4 Processor,17.75 cm (6.99 inch) Full HD+ AMOLED Display,50MP Rear Camera | 8MP Front Camera,,https://www.flipkart.com/poco-m8-power-5g-black-128-gb/p/itm3a60b0817a5c5?pid=MOBHPCYN7CHENHFF&lid=LSTMOBHPCYN7CHENHFFR4XY1I&marketplace=FLIPKART&q=smart+phones&store=tyy%2F4io&srno=s_9_201&otracker=search&fm=organic&iid=en_C3v0jNN-NoliF7V3--Xescr-l9yhGfWkOLSJKGjWzkfOJRBz4BaheixSbBMVkNkF76aEaLkd-Db41x8NVayovIaMW1YyD3IHNTgs5o1M5-znIOsKsMw7Zx5TrEvtLJnT&ppt=None&ppn=None&ssid=phfzk0a2w00000001786766486691&qH=a5594894156db043&ov_redirect=true,2026-08-15
202,"POCO M8 Power 5G (Black, 128 GB)",POCO,27999,59999,53% off,3.9,27,2,8 GB RAM,128 GB ROM,8000 mAh Lithium-Ion Polymer Battery,Snapdragon Gen 4 Processor,17.75 cm (6.99 inch) Full HD+ AMOLED Display,50MP Rear Camera | 8MP Front Camera,,https://www.flipkart.com/poco-m8-power-5g-black-128-gb/p/itm822601a413dff?pid=MOBHPCYNSNYCGRDN&lid=LSTMOBHPCYNSNYCGRDNMJJBOM&marketplace=FLIPKART&q=smart+phones&store=tyy%2F4io&srno=s_9_202&otracker=search&fm=organic&iid=en_C3v0jNN-NoliF7V3--Xescr-l9yhGfWkOLSJKGjWzkd6hVwU3wO5SaHr5mskl0j3_k1OvlgE3DnuQ2Pir0TjxoaMW1YyD3IHNTgs5o1M5-znIOsKsMw7Zx5TrEvtLJnT&ppt=None&ppn=None&ssid=phfzk0a2w00000001786766486691&qH=a5594894156db043&ov_redirect=true,2026-08-15
203,"OnePlus Nord CE6 (Fresh Blue, 256 GB)",OnePlus,37690,43999,14% off,4.5,813,59,8 GB RAM,256 GB ROM,8000 mAh Battery,Qualcomm® Snapdragon™ 7s Gen 4 Processor,17.22 cm (6.78 inch) Full HD+ Display,50MP Rear Camera | 2MP Front Camera,,https://www.flipkart.com/oneplus-nord-ce6-fresh-blue-256-gb/p/itmd7b224b18cb05?pid=MOBHN84MXDPKEUBU&lid=LSTMOBHN84MXDPKEUBUUWOCTG&marketplace=FLIPKART&q=smart+phones&store=tyy%2F4io&srno=s_9_203&otracker=search&fm=organic&iid=862d5373-a9c8-4c09-bc3e-9382f4b5d7b3.MOBHN84MXDPKEUBU.SEARCH&ppt=None&ppn=None&ssid=phfzk0a2w00000001786766486691&qH=a5594894156db043&ov_redirect=true,2026-08-15
204,"Samsung Galaxy M17 5G (Moonlight Silver, 128 GB)",Samsung,18820,23999,21% off,4.4,"1,395",84,6 GB RAM,128 GB ROM,5000 mAh Battery,,17.02 cm (6.7 inch) Display,50MP Rear Camera,,https://www.flipkart.com/samsung-galaxy-m17-5g-moonlight-silver-128-gb/p/itmc3b8f7b511eca?pid=MOBHGU9DYEBQW6NW&lid=LSTMOBHGU9DYEBQW6NWJ81L21&marketplace=FLIPKART&q=smart+phones&store=tyy%2F4io&srno=s_9_204&otracker=search&fm=organic&iid=862d5373-a9c8-4c09-bc3e-9382f4b5d7b3.MOBHGU9DYEBQW6NW.SEARCH&ppt=None&ppn=None&ssid=phfzk0a2w00000001786766486691&qH=a5594894156db043&ov_redirect=true,2026-08-15
205,"POCO X8 Pro (White, 256 GB)",POCO,36999,50999,27% off,4.3,"3,141",578,8 GB RAM,256 GB ROM,6500 mAh Lithium-Ion Polymer With Silicon Carbon Technology Battery,Dimensity 8500-Ultra Processor,16.74 cm (6.59 inch) Full HD+ AMOLED Display,50MP + 8MP | 20MP Front Camera,,https://www.flipkart.com/poco-x8-pro-white-256-gb/p/itmaa692ca8a3b36?pid=MOBHMGG5QFZXHVAH&lid=LSTMOBHMGG5QFZXHVAHACODSM&marketplace=FLIPKART&q=smart+phones&store=tyy%2F4io&srno=s_9_205&otracker=search&fm=organic&iid=862d5373-a9c8-4c09-bc3e-9382f4b5d7b3.MOBHMGG5QFZXHVAH.SEARCH&ppt=None&ppn=None&ssid=phfzk0a2w00000001786766486691&qH=a5594894156db043&ov_redirect=true,2026-08-15
206,"POCO X7 5G (Yellow, 256 GB)",POCO,19999,27999,28% off,4.3,"28,929","2,675",8 GB RAM,256 GB ROM,5500 mAh Battery,Dimensity 7300 Ultra Processor,16.94 cm (6.67 inch) Display,50MP + 8MP + 2MP | 20MP Front Camera,,https://www.flipkart.com/poco-x7-5g-yellow-256-gb/p/itm09a41b8f384f7?pid=MOBH7YZ9NSDFC3EK&lid=LSTMOBH7YZ9NSDFC3EK54Z4YF&marketplace=FLIPKART&q=smart+phones&store=tyy%2F4io&srno=s_9_206&otracker=search&fm=organic&iid=862d5373-a9c8-4c09-bc3e-9382f4b5d7b3.MOBH7YZ9NSDFC3EK.SEARCH&ppt=None&ppn=None&ssid=phfzk0a2w00000001786766486691&qH=a5594894156db043&ov_redirect=true,2026-08-15
207,"POCO M8 Power 5G (Green, 128 GB)",POCO,24999,54999,54% off,4.1,137,22,6 GB RAM,128 GB ROM,8000 mAh Lithium-Ion Polymer Battery,Snapdragon Gen 4 Processor,17.75 cm (6.99 inch) Full HD+ AMOLED Display,50MP Rear Camera | 8MP Front Camera,,https://www.flipkart.com/poco-m8-power-5g-green-128-gb/p/itmd5d508dcd6172?pid=MOBHPCYNBFXP5TG9&lid=LSTMOBHPCYNBFXP5TG9ASUJFA&marketplace=FLIPKART&q=smart+phones&store=tyy%2F4io&srno=s_9_207&otracker=search&fm=organic&iid=en_C3v0jNN-NoliF7V3--Xescr-l9yhGfWkOLSJKGjWzkfkDuWrv8YJlzDvPMYeF-6DMnGh3kppJG1ie8EglWqB0YaMW1YyD3IHNTgs5o1M5-znIOsKsMw7Zx5TrEvtLJnT&ppt=None&ppn=None&ssid=phfzk0a2w00000001786766486691&qH=a5594894156db043&ov_redirect=true,2026-08-15
208,"POCO M8 Power 5G (Blaze Orange, 128 GB)",POCO,27999,59999,53% off,3.9,27,2,8 GB RAM,128 GB ROM,8000 mAh Lithium-Ion Polymer Battery,Snapdragon Gen 4 Processor,17.75 cm (6.99 inch) Full HD+ AMOLED Display,50MP Rear Camera | 8MP Front Camera,,https://www.flipkart.com/poco-m8-power-5g-blaze-orange-128-gb/p/itme6ed250ab73df?pid=MOBHPCYNFWHRJD8C&lid=LSTMOBHPCYNFWHRJD8C5JT1AV&marketplace=FLIPKART&q=smart+phones&store=tyy%2F4io&srno=s_9_208&otracker=search&fm=organic&iid=en_C3v0jNN-NoliF7V3--Xescr-l9yhGfWkOLSJKGjWzkdi6asl4IeLUJq7mGZND650aOpuwoUX2M8_5zLnonDDSYaMW1YyD3IHNTgs5o1M5-znIOsKsMw7Zx5TrEvtLJnT&ppt=None&ppn=None&ssid=phfzk0a2w00000001786766486691&qH=a5594894156db043&ov_redirect=true,2026-08-15
209,"OPPO K14x 5G (Prism Violet, 64 GB)",OPPO,17999,19999,10% off,4.3,"6,682",695,4 GB RAM,64 GB ROM,6500 mAh Battery,Dimensity 6300 Processor,17.14 cm (6.75 inch) HD+ Display,,,https://www.flipkart.com/oppo-k14x-5g-prism-violet-64-gb/p/itm188c7a4b69292?pid=MOBHKZF3DGME8JHG&lid=LSTMOBHKZF3DGME8JHGGNMUIW&marketplace=FLIPKART&q=smart+phones&store=tyy%2F4io&srno=s_9_209&otracker=search&fm=organic&iid=862d5373-a9c8-4c09-bc3e-9382f4b5d7b3.MOBHKZF3DGME8JHG.SEARCH&ppt=None&ppn=None&ssid=phfzk0a2w00000001786766486691&qH=a5594894156db043&ov_redirect=true,2026-08-15
210,"POCO C85x (Sunset Gold, 64 GB)",POCO,13999,20999,33% off,4.2,"5,272",671,4 GB RAM,64 GB ROM,6300 mAh Lithium-Ion Polymer Battery,T8300 Processor,17.53 cm (6.9 inch) HD+ Display,32MP Rear Camera,,https://www.flipkart.com/poco-c85x-sunset-gold-64-gb/p/itm6b8cdd362c306?pid=MOBHMGG5PYZRFMKU&lid=LSTMOBHMGG5PYZRFMKUWRLUZB&marketplace=FLIPKART&q=smart+phones&store=tyy%2F4io&srno=s_9_210&otracker=search&fm=organic&iid=862d5373-a9c8-4c09-bc3e-9382f4b5d7b3.MOBHMGG5PYZRFMKU.SEARCH&ppt=None&ppn=None&ssid=phfzk0a2w00000001786766486691&qH=a5594894156db043&ov_redirect=true,2026-08-15
211,"POCO M8 Power 5G (Green, 128 GB)",POCO,27999,59999,53% off,3.9,27,2,8 GB RAM,128 GB ROM,8000 mAh Lithium-Ion Polymer Battery,Snapdragon Gen 4 Processor,17.75 cm (6.99 inch) Full HD+ AMOLED Display,50MP Rear Camera | 8MP Front Camera,,https://www.flipkart.com/poco-m8-power-5g-green-128-gb/p/itmcb7a6d1f8e1fc?pid=MOBHPCYNPTEZQTHC&lid=LSTMOBHPCYNPTEZQTHCQZMRHO&marketplace=FLIPKART&q=smart+phones&store=tyy%2F4io&srno=s_9_211&otracker=search&fm=organic&iid=en_C3v0jNN-NoliF7V3--Xescr-l9yhGfWkOLSJKGjWzkdZF4I814blWDSiMXjsR0mlw_w0NlDe_AA1JCb7Ed4-LYaMW1YyD3IHNTgs5o1M5-znIOsKsMw7Zx5TrEvtLJnT&ppt=None&ppn=None&ssid=phfzk0a2w00000001786766486691&qH=a5594894156db043&ov_redirect=true,2026-08-15
212,"OnePlus Nord CE6 Lite (Vivid Mint, 256 GB)",OnePlus,31299,36999,15% off,4.3,585,35,8 GB RAM,256 GB ROM,7000 mAh Battery,MediaTek Dimensity 7400 Apex Processor,17.07 cm (6.72 inch) Full HD+ Display,50MP Rear Camera | 8MP Front Camera,,https://www.flipkart.com/oneplus-nord-ce6-lite-vivid-mint-256-gb/p/itm21e965b5b799d?pid=MOBHN8AB2JFD45AG&lid=LSTMOBHN8AB2JFD45AGMQNFKT&marketplace=FLIPKART&q=smart+phones&store=tyy%2F4io&srno=s_9_212&otracker=search&fm=organic&iid=862d5373-a9c8-4c09-bc3e-9382f4b5d7b3.MOBHN8AB2JFD45AG.SEARCH&ppt=None&ppn=None&ssid=phfzk0a2w00000001786766486691&qH=a5594894156db043&ov_redirect=true,2026-08-15
213,"POCO C85x (Elite Black, 128 GB)",POCO,14999,21999,31% off,4.2,"5,272",671,4 GB RAM,128 GB ROM,6300 mAh Lithium-Ion Polymer Battery,T8300 Processor,17.53 cm (6.9 inch) HD+ Display,32MP Rear Camera,,https://www.flipkart.com/poco-c85x-elite-black-128-gb/p/itm7e422d0bdc317?pid=MOBHMGG5NGH9MQBY&lid=LSTMOBHMGG5NGH9MQBY3J4OBU&marketplace=FLIPKART&q=smart+phones&store=tyy%2F4io&srno=s_9_213&otracker=search&fm=organic&iid=862d5373-a9c8-4c09-bc3e-9382f4b5d7b3.MOBHMGG5NGH9MQBY.SEARCH&ppt=None&ppn=None&ssid=phfzk0a2w00000001786766486691&qH=a5594894156db043&ov_redirect=true,2026-08-15
214,"realme P4R 5G (Titanium Glare, 128 GB)",realme,21999,39999,45% off,4.4,"3,344",266,6 GB RAM,128 GB ROM,8000 mAh Lithium-ion polymer Battery,Dimensity 6300 Processor,17.27 cm (6.8 inch) HD+ Display,50MP Rear Camera | 8MP Front Camera,,https://www.flipkart.com/realme-p4r-5g-titanium-glare-128-gb/p/itmb42ae388c1ef6?pid=MOBHMYR3MZ62YN7F&lid=LSTMOBHMYR3MZ62YN7FSERUEO&marketplace=FLIPKART&q=smart+phones&store=tyy%2F4io&srno=s_9_214&otracker=search&fm=organic&iid=862d5373-a9c8-4c09-bc3e-9382f4b5d7b3.MOBHMYR3MZ62YN7F.SEARCH&ppt=None&ppn=None&ssid=phfzk0a2w00000001786766486691&qH=a5594894156db043&ov_redirect=true,2026-08-15
215,"MOTOROLA Edge 70 Fusion Snapdragon (Pantone BLUE SURF, 128 GB)",MOTOROLA,28999,49999,42% off,4.4,"15,281","1,698",8 GB RAM,128 GB ROM,7000 mAh Battery,Snapdragon 7s Gen 4 Processor,17.27 cm (6.8 inch) Super HD Display,50MP + 13MP | 32MP Front Camera,,https://www.flipkart.com/motorola-edge-70-fusion-snapdragon-pantone-blue-surf-128-gb/p/itmde3fff77e262b?pid=MOBHN973UHXUTABD&lid=LSTMOBHN973UHXUTABDXA2BLL&marketplace=FLIPKART&q=smart+phones&store=tyy%2F4io&srno=s_9_215&otracker=search&fm=organic&iid=862d5373-a9c8-4c09-bc3e-9382f4b5d7b3.MOBHN973UHXUTABD.SEARCH&ppt=None&ppn=None&ssid=phfzk0a2w00000001786766486691&qH=a5594894156db043&ov_redirect=true,2026-08-15
216,"Ai+ Nova 2 Neo 5G (Black, 128 GB)",Ai+,12999,18999,31% off,4.4,"1,040",109,4 GB RAM,128 GB ROM,6000 mAh Li-polymer Battery,Dimensity 6300 Processor,17.13 cm (6.745 inch) HD+ Display,48MP Rear Camera | 8MP Front Camera,,https://www.flipkart.com/ai-nova-2-neo-5g-black-128-gb/p/itm4cc8b3a16e28e?pid=MOBHZ8ZMMYU5N9GW&lid=LSTMOBHZ8ZMMYU5N9GWUVAM3I&marketplace=FLIPKART&q=smart+phones&store=tyy%2F4io&srno=s_9_216&otracker=search&fm=organic&iid=862d5373-a9c8-4c09-bc3e-9382f4b5d7b3.MOBHZ8ZMMYU5N9GW.SEARCH&ppt=None&ppn=None&ssid=phfzk0a2w00000001786766486691&qH=a5594894156db043&ov_redirect=true,2026-08-15
217,"POCO M8 Power 5G (Blaze Orange, 128 GB)",POCO,24999,54999,54% off,4.1,137,22,6 GB RAM,128 GB ROM,8000 mAh Lithium-Ion Polymer Battery,Snapdragon Gen 4 Processor,17.75 cm (6.99 inch) Full HD+ AMOLED Display,50MP Rear Camera | 8MP Front Camera,,https://www.flipkart.com/poco-m8-power-5g-blaze-orange-128-gb/p/itm0edc1dd6b4e42?pid=MOBHPCYNPNCJG2UV&lid=LSTMOBHPCYNPNCJG2UVUHFGWJ&marketplace=FLIPKART&q=smart+phones&store=tyy%2F4io&srno=s_10_217&otracker=search&fm=organic&iid=en_jtHkLc6i2sLLodYyGZ5S-IVh0X_4W0i1WPON7nBNUZmF1bYfIgXv1b07d8qXVmPOEK7BPGhfiP-wXnlDI_-NLYaMW1YyD3IHNTgs5o1M5-yAXmMBaE_AhxupkzINfBgr&ppt=None&ppn=None&ssid=yz50bsjksg0000001786766489966&qH=a5594894156db043&ov_redirect=true,2026-08-15
218,"Tecno Spark Go 3 (Galaxy Blue, 64 GB)",Tecno,12499,15999,21% off,4,159,10,4 GB RAM,64 GB ROM,5000 mAh Lithium Polymer Battery,T7250 Processor,17.12 cm (6.74 inch) HD+ Display,13MP Rear Camera | 8MP Front Camera,,https://www.flipkart.com/tecno-spark-go-3-galaxy-blue-64-gb/p/itma9c8f128a61c6?pid=MOBHP2QYFPVRGYKZ&lid=LSTMOBHP2QYFPVRGYKZGBFHIL&marketplace=FLIPKART&q=smart+phones&store=tyy%2F4io&srno=s_10_218&otracker=search&fm=organic&iid=en_jtHkLc6i2sLLodYyGZ5S-IVh0X_4W0i1WPON7nBNUZmXeeTv0rc6nywgM-1M--b_DfcT5w9ScRYdVSBIUigfewx8rW6MZkpD852G02CKM5uAXmMBaE_AhxupkzINfBgr&ppt=None&ppn=None&ssid=yz50bsjksg0000001786766489966&qH=a5594894156db043&ov_redirect=true,2026-08-15
219,"Samsung Galaxy A35 5G (Awesome Navy, 128 GB)",Samsung,18999,33999,44% off,4.4,"77,436","5,950",8 GB RAM,128 GB ROM,5000 mAh Battery,Samsung Exynos 1380 Processor,16.76 cm (6.6 inch) Full HD+ Display,50MP + 8MP + 5MP | 13MP Front Camera,,https://www.flipkart.com/samsung-galaxy-a35-5g-awesome-navy-128-gb/p/itm12fccc5bfbaac?pid=MOBGYT2HGFKNMSZQ&lid=LSTMOBGYT2HGFKNMSZQZQCIPS&marketplace=FLIPKART&q=smart+phones&store=tyy%2F4io&srno=s_10_219&otracker=search&fm=organic&iid=0e53f9ec-02f1-4794-8a83-d704c8c4949d.MOBGYT2HGFKNMSZQ.SEARCH&ppt=None&ppn=None&ssid=yz50bsjksg0000001786766489966&qH=a5594894156db043&ov_redirect=true,2026-08-15
220,"OPPO K14x 5G (Icy Blue, 64 GB)",OPPO,17999,19999,10% off,4.3,"6,682",695,4 GB RAM,64 GB ROM,6500 mAh Battery,Dimensity 6300 Processor,17.14 cm (6.75 inch) HD+ Display,,,https://www.flipkart.com/oppo-k14x-5g-icy-blue-64-gb/p/itm188c7a4b69292?pid=MOBHKZF3YEJNPZHZ&lid=LSTMOBHKZF3YEJNPZHZKAKWY1&marketplace=FLIPKART&q=smart+phones&store=tyy%2F4io&srno=s_10_220&otracker=search&fm=organic&iid=0e53f9ec-02f1-4794-8a83-d704c8c4949d.MOBHKZF3YEJNPZHZ.SEARCH&ppt=None&ppn=None&ssid=yz50bsjksg0000001786766489966&qH=a5594894156db043&ov_redirect=true,2026-08-15
221,"Tecno Pova Curve 2 5G (Mystic Purple, 128 GB)",Tecno,31999,,,4.1,334,52,8 GB RAM,128 GB ROM,8000 mAh Lithium Polymer Battery,,17.22 cm (6.78 inch) Full HD+ AMOLED Display,50MP + 2MP | 13MP Front Camera,,https://www.flipkart.com/tecno-pova-curve-2-5g-mystic-purple-128-gb/p/itm1160d6853298d?pid=MOBHK67SYBZBUMKW&lid=LSTMOBHK67SYBZBUMKWSRFJQI&marketplace=FLIPKART&q=smart+phones&store=tyy%2F4io&srno=s_10_221&otracker=search&fm=organic&iid=en_jtHkLc6i2sLLodYyGZ5S-IVh0X_4W0i1WPON7nBNUZm68vU6NnObbMAcfX3BWRrhwJMYb3wWk9-zidBPhYOLiP2GJOfeiJVYIMFMZuP-eGuAXmMBaE_AhxupkzINfBgr&ppt=None&ppn=None&ssid=yz50bsjksg0000001786766489966&qH=a5594894156db043&ov_redirect=true,2026-08-15
222,"POCO M8 Power 5G (Black, 128 GB)",POCO,24999,54999,54% off,4.1,137,22,6 GB RAM,128 GB ROM,8000 mAh Lithium-Ion Polymer Battery,Snapdragon Gen 4 Processor,17.75 cm (6.99 inch) Full HD+ AMOLED Display,50MP Rear Camera | 8MP Front Camera,,https://www.flipkart.com/poco-m8-power-5g-black-128-gb/p/itm3a60b0817a5c5?pid=MOBHPCYN7CHENHFF&lid=LSTMOBHPCYN7CHENHFFR4XY1I&marketplace=FLIPKART&q=smart+phones&store=tyy%2F4io&srno=s_10_222&otracker=search&fm=organic&iid=en_jtHkLc6i2sLLodYyGZ5S-IVh0X_4W0i1WPON7nBNUZnsbjuS2E4y-QJ3DrXUaRP-aT8kUHp5etuwVmO1o7M-wYaMW1YyD3IHNTgs5o1M5-yAXmMBaE_AhxupkzINfBgr&ppt=None&ppn=None&ssid=yz50bsjksg0000001786766489966&qH=a5594894156db043&ov_redirect=true,2026-08-15
223,"realme P4 Power 5G Charger in the Box (TransOrange, 256 GB)",realme,31999,55999,42% off,4.4,"7,210",754,8 GB RAM,256 GB ROM,10001 mAh Battery,Dimensity 7400 Ultra Processor,17.27 cm (6.8 inch) Full HD+ AMOLED Display,,,https://www.flipkart.com/realme-p4-power-5g-charger-box-transorange-256-gb/p/itm756857550aae6?pid=MOBHN8YRKQMFAHAU&lid=LSTMOBHN8YRKQMFAHAUVWFHOR&marketplace=FLIPKART&q=smart+phones&store=tyy%2F4io&srno=s_10_223&otracker=search&fm=organic&iid=0e53f9ec-02f1-4794-8a83-d704c8c4949d.MOBHN8YRKQMFAHAU.SEARCH&ppt=None&ppn=None&ssid=yz50bsjksg0000001786766489966&qH=a5594894156db043&ov_redirect=true,2026-08-15
224,"Samsung S25 Ultra 5G (Titanium Gray, 256 GB)",Samsung,88400,129999,31% off,4.6,802,75,12 GB RAM,256 GB ROM,5000 mAh Battery,8 Elite for Galaxy Processor,17.53 cm (6.9 inch) Quad HD+ Display,200MP + 50MP + 50MP + 10MP | 12MP Front Camera,,https://www.flipkart.com/samsung-s25-ultra-5g-titanium-gray-256-gb/p/itm566994e00dfc0?pid=MOBH8K8U7F5FKSXA&lid=LSTMOBH8K8U7F5FKSXAUTMRKT&marketplace=FLIPKART&q=smart+phones&store=tyy%2F4io&srno=s_10_224&otracker=search&fm=organic&iid=0e53f9ec-02f1-4794-8a83-d704c8c4949d.MOBH8K8U7F5FKSXA.SEARCH&ppt=None&ppn=None&ssid=yz50bsjksg0000001786766489966&qH=a5594894156db043&ov_redirect=true,2026-08-15
225,"Samsung Galaxy S25 Plus 5G (Navy, 256 GB)",Samsung,69999,99999,30% off,4.6,"1,239",154,12 GB RAM,256 GB ROM,4900 mAh Battery,8 Elite for Galaxy Processor,17.02 cm (6.7 inch) Quad HD+ Display,50MP + 10MP + 12MP | 12MP Front Camera,,https://www.flipkart.com/samsung-galaxy-s25-plus-5g-navy-256-gb/p/itm5d4bdb068f418?pid=MOBH8K8UFKWSTMHA&lid=LSTMOBH8K8UFKWSTMHA03MBZS&marketplace=FLIPKART&q=smart+phones&store=tyy%2F4io&srno=s_10_225&otracker=search&fm=organic&iid=0e53f9ec-02f1-4794-8a83-d704c8c4949d.MOBH8K8UFKWSTMHA.SEARCH&ppt=None&ppn=None&ssid=yz50bsjksg0000001786766489966&qH=a5594894156db043&ov_redirect=true,2026-08-15
226,"OnePlus Nord CE6 (Lunar Pearl, 256 GB)",OnePlus,38500,43999,12% off,4.5,813,59,8 GB RAM,256 GB ROM,8000 mAh Battery,Qualcomm® Snapdragon™ 7s Gen 4 Processor,17.22 cm (6.78 inch) Full HD+ Display,50MP Rear Camera | 2MP Front Camera,,https://www.flipkart.com/oneplus-nord-ce6-lunar-pearl-256-gb/p/itmd7b224b18cb05?pid=MOBHN8CDHYCYJFMQ&lid=LSTMOBHN8CDHYCYJFMQSFOQLY&marketplace=FLIPKART&q=smart+phones&store=tyy%2F4io&srno=s_10_226&otracker=search&fm=organic&iid=0e53f9ec-02f1-4794-8a83-d704c8c4949d.MOBHN8CDHYCYJFMQ.SEARCH&ppt=None&ppn=None&ssid=yz50bsjksg0000001786766489966&qH=a5594894156db043&ov_redirect=true,2026-08-15
227,"POCO M8 Power 5G (Black, 128 GB)",POCO,27999,59999,53% off,3.9,27,2,8 GB RAM,128 GB ROM,8000 mAh Lithium-Ion Polymer Battery,Snapdragon Gen 4 Processor,17.75 cm (6.99 inch) Full HD+ AMOLED Display,50MP Rear Camera | 8MP Front Camera,,https://www.flipkart.com/poco-m8-power-5g-black-128-gb/p/itm822601a413dff?pid=MOBHPCYNSNYCGRDN&lid=LSTMOBHPCYNSNYCGRDNMJJBOM&marketplace=FLIPKART&q=smart+phones&store=tyy%2F4io&srno=s_10_227&otracker=search&fm=organic&iid=en_jtHkLc6i2sLLodYyGZ5S-IVh0X_4W0i1WPON7nBNUZk26VPnD9sG2kXWvKssz3FIBDTRorC47PtbDHNuPaNY4oaMW1YyD3IHNTgs5o1M5-yAXmMBaE_AhxupkzINfBgr&ppt=None&ppn=None&ssid=yz50bsjksg0000001786766489966&qH=a5594894156db043&ov_redirect=true,2026-08-15
228,"POCO M8 Power 5G (Green, 128 GB)",POCO,24999,54999,54% off,4.1,137,22,6 GB RAM,128 GB ROM,8000 mAh Lithium-Ion Polymer Battery,Snapdragon Gen 4 Processor,17.75 cm (6.99 inch) Full HD+ AMOLED Display,50MP Rear Camera | 8MP Front Camera,,https://www.flipkart.com/poco-m8-power-5g-green-128-gb/p/itmd5d508dcd6172?pid=MOBHPCYNBFXP5TG9&lid=LSTMOBHPCYNBFXP5TG9ASUJFA&marketplace=FLIPKART&q=smart+phones&store=tyy%2F4io&srno=s_10_228&otracker=search&fm=organic&iid=en_jtHkLc6i2sLLodYyGZ5S-IVh0X_4W0i1WPON7nBNUZkHKc7H4Uc2MZfbltydYCv3U3tP_Pv07BCIeiNW4SS2yoaMW1YyD3IHNTgs5o1M5-yAXmMBaE_AhxupkzINfBgr&ppt=None&ppn=None&ssid=yz50bsjksg0000001786766489966&qH=a5594894156db043&ov_redirect=true,2026-08-15
229,"REDMI A7 Pro 5G (Mist Blue, 64 GB)",REDMI,14289,26999,47% off,4,"2,425",193,4 GB RAM,64 GB ROM,6300 mAh Battery,UNISOC T8300 octa-core processor Processor,17.53 cm (6.9 inch) Full HD+ Display,32MP Rear Camera,,https://www.flipkart.com/redmi-a7-pro-5g-mist-blue-64-gb/p/itm88c66032a6b5e?pid=MOBHMJR8NHWYYJJD&lid=LSTMOBHMJR8NHWYYJJD0HZOUF&marketplace=FLIPKART&q=smart+phones&store=tyy%2F4io&srno=s_10_229&otracker=search&fm=organic&iid=0e53f9ec-02f1-4794-8a83-d704c8c4949d.MOBHMJR8NHWYYJJD.SEARCH&ppt=None&ppn=None&ssid=yz50bsjksg0000001786766489966&qH=a5594894156db043&ov_redirect=true,2026-08-15
230,"OPPO K14 5G (Icy Blue, 256 GB)",OPPO,25999,27999,7% off,4.5,"5,685",296,6 GB RAM,256 GB ROM,7000 mAh Battery,Dimensity 6300 Processor,17.14 cm (6.75 inch) HD+ Display,50MP Rear Camera | 8MP Front Camera,,https://www.flipkart.com/oppo-k14-5g-icy-blue-256-gb/p/itm2a5cc1d23c2af?pid=MOBHKQYYPFBYDP3Z&lid=LSTMOBHKQYYPFBYDP3ZSQTALI&marketplace=FLIPKART&q=smart+phones&store=tyy%2F4io&srno=s_10_230&otracker=search&fm=organic&iid=0e53f9ec-02f1-4794-8a83-d704c8c4949d.MOBHKQYYPFBYDP3Z.SEARCH&ppt=None&ppn=None&ssid=yz50bsjksg0000001786766489966&qH=a5594894156db043&ov_redirect=true,2026-08-15
231,"POCO M8 Power 5G (Blaze Orange, 128 GB)",POCO,27999,59999,53% off,3.9,27,2,8 GB RAM,128 GB ROM,8000 mAh Lithium-Ion Polymer Battery,Snapdragon Gen 4 Processor,17.75 cm (6.99 inch) Full HD+ AMOLED Display,50MP Rear Camera | 8MP Front Camera,,https://www.flipkart.com/poco-m8-power-5g-blaze-orange-128-gb/p/itme6ed250ab73df?pid=MOBHPCYNFWHRJD8C&lid=LSTMOBHPCYNFWHRJD8C5JT1AV&marketplace=FLIPKART&q=smart+phones&store=tyy%2F4io&srno=s_10_231&otracker=search&fm=organic&iid=en_jtHkLc6i2sLLodYyGZ5S-IVh0X_4W0i1WPON7nBNUZlMGfRXCrwY2abiaTKyTekIltXHcpYWLJT1dyCM7ZmdX4aMW1YyD3IHNTgs5o1M5-yAXmMBaE_AhxupkzINfBgr&ppt=None&ppn=None&ssid=yz50bsjksg0000001786766489966&qH=a5594894156db043&ov_redirect=true,2026-08-15
232,"POCO M8 Power 5G (Green, 128 GB)",POCO,27999,59999,53% off,3.9,27,2,8 GB RAM,128 GB ROM,8000 mAh Lithium-Ion Polymer Battery,Snapdragon Gen 4 Processor,17.75 cm (6.99 inch) Full HD+ AMOLED Display,50MP Rear Camera | 8MP Front Camera,,https://www.flipkart.com/poco-m8-power-5g-green-128-gb/p/itmcb7a6d1f8e1fc?pid=MOBHPCYNPTEZQTHC&lid=LSTMOBHPCYNPTEZQTHCQZMRHO&marketplace=FLIPKART&q=smart+phones&store=tyy%2F4io&srno=s_10_232&otracker=search&fm=organic&iid=en_jtHkLc6i2sLLodYyGZ5S-IVh0X_4W0i1WPON7nBNUZljhtad711yd0N5eVO-0uSNHmmQ0XidzSTnFCGkDRA6v4aMW1YyD3IHNTgs5o1M5-yAXmMBaE_AhxupkzINfBgr&ppt=None&ppn=None&ssid=yz50bsjksg0000001786766489966&qH=a5594894156db043&ov_redirect=true,2026-08-15
233,"OnePlus Nord CE6 (Lunar Pearl, 128 GB)",OnePlus,34078,40999,16% off,4.5,813,59,8 GB RAM,128 GB ROM,8000 mAh Battery,Qualcomm® Snapdragon™ 7s Gen 4 Processor,17.22 cm (6.78 inch) Full HD+ Display,50MP Rear Camera | 2MP Front Camera,,https://www.flipkart.com/oneplus-nord-ce6-lunar-pearl-128-gb/p/itmd7b224b18cb05?pid=MOBHN82GBZSGMDE4&lid=LSTMOBHN82GBZSGMDE4FZY7OD&marketplace=FLIPKART&q=smart+phones&store=tyy%2F4io&srno=s_10_233&otracker=search&fm=organic&iid=0e53f9ec-02f1-4794-8a83-d704c8c4949d.MOBHN82GBZSGMDE4.SEARCH&ppt=None&ppn=None&ssid=yz50bsjksg0000001786766489966&qH=a5594894156db043&ov_redirect=true,2026-08-15
234,"Alcatel V3 Pro 5G (Metallic Grey, 256 GB)",Alcatel,17999,25999,30% off,3.6,663,113,8 GB RAM,256 GB ROM,5200 mAh Battery,Dimensity 6300 Processor,16.94 cm (6.67 inch) HD+ Display,50MP + 5MP | 8MP Front Camera,,https://www.flipkart.com/alcatel-v3-pro-5g-metallic-grey-256-gb/p/itm5bbabc254f34c?pid=MOBHBH2GGYRGKQKS&lid=LSTMOBHBH2GGYRGKQKSCN7SOY&marketplace=FLIPKART&q=smart+phones&store=tyy%2F4io&srno=s_10_234&otracker=search&fm=organic&iid=0e53f9ec-02f1-4794-8a83-d704c8c4949d.MOBHBH2GGYRGKQKS.SEARCH&ppt=None&ppn=None&ssid=yz50bsjksg0000001786766489966&qH=a5594894156db043&ov_redirect=true,2026-08-15
235,"realme P4R 5G (Titanium Glare, 128 GB)",realme,19499,34999,44% off,4.2,"1,674",143,4 GB RAM,128 GB ROM,8000 mAh Lithium-ion polymer Battery,Dimensity 6300 Processor,17.27 cm (6.8 inch) HD+ Display,50MP Rear Camera | 8MP Front Camera,,https://www.flipkart.com/realme-p4r-5g-titanium-glare-128-gb/p/itmb42ae388c1ef6?pid=MOBHMYR3WJZZMJCK&lid=LSTMOBHMYR3WJZZMJCKWJWXFC&marketplace=FLIPKART&q=smart+phones&store=tyy%2F4io&srno=s_10_235&otracker=search&fm=organic&iid=0e53f9ec-02f1-4794-8a83-d704c8c4949d.MOBHMYR3WJZZMJCK.SEARCH&ppt=None&ppn=None&ssid=yz50bsjksg0000001786766489966&qH=a5594894156db043&ov_redirect=true,2026-08-15
236,"realme P4x 5G (Matte Silver, 128 GB)",realme,21999,38999,43% off,4.3,"14,256","1,212",6 GB RAM,128 GB ROM,7000 mAh Battery,Dimensity 7400 Ultra Processor,17.07 cm (6.72 inch) Full HD+ Display,50MP + 2MP | 8MP Front Camera,,https://www.flipkart.com/realme-p4x-5g-matte-silver-128-gb/p/itm575b1540859e4?pid=MOBHN7A8H9WAG4PD&lid=LSTMOBHN7A8H9WAG4PD4J7IQE&marketplace=FLIPKART&q=smart+phones&store=tyy%2F4io&srno=s_10_236&otracker=search&fm=organic&iid=0e53f9ec-02f1-4794-8a83-d704c8c4949d.MOBHN7A8H9WAG4PD.SEARCH&ppt=None&ppn=None&ssid=yz50bsjksg0000001786766489966&qH=a5594894156db043&ov_redirect=true,2026-08-15
237,"OPPO K14 5G (Prism White, 256 GB)",OPPO,28999,29999,3% off,4.4,"1,373",109,8 GB RAM,256 GB ROM,7000 mAh Battery,Dimensity 6300 Processor,17.14 cm (6.75 inch) HD+ Display,50MP Rear Camera | 8MP Front Camera,,https://www.flipkart.com/oppo-k14-5g-prism-white-256-gb/p/itm2a5cc1d23c2af?pid=MOBHKQYYS6KNAPHZ&lid=LSTMOBHKQYYS6KNAPHZ4DCHQR&marketplace=FLIPKART&q=smart+phones&store=tyy%2F4io&srno=s_10_237&otracker=search&fm=organic&iid=0e53f9ec-02f1-4794-8a83-d704c8c4949d.MOBHKQYYS6KNAPHZ.SEARCH&ppt=None&ppn=None&ssid=yz50bsjksg0000001786766489966&qH=a5594894156db043&ov_redirect=true,2026-08-15
238,"OnePlus Nord CE6 (Fresh Blue, 128 GB)",OnePlus,34158,40999,16% off,4.5,813,59,8 GB RAM,128 GB ROM,8000 mAh Battery,Qualcomm® Snapdragon™ 7s Gen 4 Processor,17.22 cm (6.78 inch) Full HD+ Display,50MP Rear Camera | 2MP Front Camera,,https://www.flipkart.com/oneplus-nord-ce6-fresh-blue-128-gb/p/itmd7b224b18cb05?pid=MOBHNBDGGHYAE6ZP&lid=LSTMOBHNBDGGHYAE6ZPK2LJUR&marketplace=FLIPKART&q=smart+phones&store=tyy%2F4io&srno=s_10_238&otracker=search&fm=organic&iid=0e53f9ec-02f1-4794-8a83-d704c8c4949d.MOBHNBDGGHYAE6ZP.SEARCH&ppt=None&ppn=None&ssid=yz50bsjksg0000001786766489966&qH=a5594894156db043&ov_redirect=true,2026-08-15
239,"Ai+ Nova 2 Neo 5G (Blue, 128 GB)",Ai+,12999,18999,31% off,4.4,"1,040",109,4 GB RAM,128 GB ROM,6000 mAh Li-polymer Battery,Dimensity 6300 Processor,17.13 cm (6.745 inch) HD+ Display,48MP Rear Camera | 8MP Front Camera,,https://www.flipkart.com/ai-nova-2-neo-5g-blue-128-gb/p/itmdcaa61dad2064?pid=MOBHZ8ZMTFJZHQQ6&lid=LSTMOBHZ8ZMTFJZHQQ6X2VHUW&marketplace=FLIPKART&q=smart+phones&store=tyy%2F4io&srno=s_10_239&otracker=search&fm=organic&iid=0e53f9ec-02f1-4794-8a83-d704c8c4949d.MOBHZ8ZMTFJZHQQ6.SEARCH&ppt=None&ppn=None&ssid=yz50bsjksg0000001786766489966&qH=a5594894156db043&ov_redirect=true,2026-08-15
240,"MOTOROLA Edge 70 Fusion Snapdragon (Pantone COUNTRY AIR, 128 GB)",MOTOROLA,28999,49999,42% off,4.4,"15,281","1,698",8 GB RAM,128 GB ROM,7000 mAh Battery,Snapdragon 7s Gen 4 Processor,17.27 cm (6.8 inch) Super HD Display,50MP + 13MP | 32MP Front Camera,,https://www.flipkart.com/motorola-edge-70-fusion-snapdragon-pantone-country-air-128-gb/p/itm35e1629da7123?pid=MOBHN973BZYNQ9XZ&lid=LSTMOBHN973BZYNQ9XZIVDF72&marketplace=FLIPKART&q=smart+phones&store=tyy%2F4io&srno=s_10_240&otracker=search&fm=organic&iid=0e53f9ec-02f1-4794-8a83-d704c8c4949d.MOBHN973BZYNQ9XZ.SEARCH&ppt=None&ppn=None&ssid=yz50bsjksg0000001786766489966&qH=a5594894156db043&ov_redirect=true,2026-08-15
241,"POCO M8 Power 5G (Blaze Orange, 128 GB)",POCO,24999,54999,54% off,4.1,137,22,6 GB RAM,128 GB ROM,8000 mAh Lithium-Ion Polymer Battery,Snapdragon Gen 4 Processor,17.75 cm (6.99 inch) Full HD+ AMOLED Display,50MP Rear Camera | 8MP Front Camera,,https://www.flipkart.com/poco-m8-power-5g-blaze-orange-128-gb/p/itm0edc1dd6b4e42?pid=MOBHPCYNPNCJG2UV&lid=LSTMOBHPCYNPNCJG2UVUHFGWJ&marketplace=FLIPKART&q=smart+phones&store=tyy%2F4io&srno=s_11_241&otracker=search&fm=organic&iid=en_u45nn8bpN2kIRmGQt2VxZjToIYYQcRTjNvqiTP_uHQlqT122YM_e3gRKuiAiGcGSEK7BPGhfiP-wXnlDI_-NLYaMW1YyD3IHNTgs5o1M5-xU-pmiV9HqxrjPjewSGUPd&ppt=None&ppn=None&ssid=27et518irk0000001786766493428&qH=a5594894156db043&ov_redirect=true,2026-08-15
242,"Tecno Spark Go 3 (Galaxy Blue, 64 GB)",Tecno,12499,15999,21% off,4,159,10,4 GB RAM,64 GB ROM,5000 mAh Lithium Polymer Battery,T7250 Processor,17.12 cm (6.74 inch) HD+ Display,13MP Rear Camera | 8MP Front Camera,,https://www.flipkart.com/tecno-spark-go-3-galaxy-blue-64-gb/p/itma9c8f128a61c6?pid=MOBHP2QYFPVRGYKZ&lid=LSTMOBHP2QYFPVRGYKZGBFHIL&marketplace=FLIPKART&q=smart+phones&store=tyy%2F4io&srno=s_11_242&otracker=search&fm=organic&iid=en_u45nn8bpN2kIRmGQt2VxZjToIYYQcRTjNvqiTP_uHQlDt_dQHPXhUXmNPTUrOzlMDfcT5w9ScRYdVSBIUigfewx8rW6MZkpD852G02CKM5tU-pmiV9HqxrjPjewSGUPd&ppt=None&ppn=None&ssid=27et518irk0000001786766493428&qH=a5594894156db043&ov_redirect=true,2026-08-15
243,"POCO C85x (Emerald Green, 64 GB)",POCO,13999,20999,33% off,4.2,"5,272",671,4 GB RAM,64 GB ROM,6300 mAh Lithium-Ion Polymer Battery,T8300 Processor,17.53 cm (6.9 inch) HD+ Display,32MP Rear Camera,,https://www.flipkart.com/poco-c85x-emerald-green-64-gb/p/itm96bce2b7909b7?pid=MOBHMGG5GHZKTSDZ&lid=LSTMOBHMGG5GHZKTSDZQAUGPC&marketplace=FLIPKART&q=smart+phones&store=tyy%2F4io&srno=s_11_243&otracker=search&fm=organic&iid=ecda0d10-1e7c-4255-a61a-99f2f032f3e3.MOBHMGG5GHZKTSDZ.SEARCH&ppt=None&ppn=None&ssid=27et518irk0000001786766493428&qH=a5594894156db043&ov_redirect=true,2026-08-15
244,"Apple iPhone 17 Pro (Cosmic Orange, 256 GB)",Apple,126900,134900,5% off,4.7,"4,396",326,,,,"A19 Chip, 6 Core Processor Processor",16.0 cm (6.3 inch) Super Retina XDR Display,48MP + 48MP + 48MP | 18MP Front Camera,,https://www.flipkart.com/apple-iphone-17-pro-cosmic-orange-256-gb/p/itm76fe37ca9ea8c?pid=MOBHFN6YR8HF5BQ9&lid=LSTMOBHFN6YR8HF5BQ9RBYDOE&marketplace=FLIPKART&q=smart+phones&store=tyy%2F4io&srno=s_11_244&otracker=search&fm=organic&iid=ecda0d10-1e7c-4255-a61a-99f2f032f3e3.MOBHFN6YR8HF5BQ9.SEARCH&ppt=None&ppn=None&ssid=27et518irk0000001786766493428&qH=a5594894156db043&ov_redirect=true,2026-08-15
245,"MOTOROLA Signature (PANTONE Martini Olive, 512 GB)",MOTOROLA,62499,79999,21% off,4.5,978,185,16 GB RAM,512 GB ROM,5200 mAh Battery,Snapdragon 8 Gen 5 Processor,17.27 cm (6.8 inch) Super HD Display,50MP + 50MP + 50MP | 50MP Front Camera,,https://www.flipkart.com/motorola-signature-pantone-martini-olive-512-gb/p/itm74c2055820110?pid=MOBHGVJY6SUYWYTK&lid=LSTMOBHGVJY6SUYWYTKDFVCYR&marketplace=FLIPKART&q=smart+phones&store=tyy%2F4io&srno=s_11_245&otracker=search&fm=organic&iid=ecda0d10-1e7c-4255-a61a-99f2f032f3e3.MOBHGVJY6SUYWYTK.SEARCH&ppt=None&ppn=None&ssid=27et518irk0000001786766493428&qH=a5594894156db043&ov_redirect=true,2026-08-15
246,"Samsung Galaxy A06 5G (Black, 128 GB)",Samsung,17944,25999,30% off,4.1,226,16,6 GB RAM,128 GB ROM,5000 mAh Li-ion Battery,Dimensity 6300 Processor,17.02 cm (6.7 inch) HD+ Display,50MP + 2MP | 8MP Front Camera,,https://www.flipkart.com/samsung-galaxy-a06-5g-black-128-gb/p/itm94e861540654d?pid=MOBH9GQKPBT5VJHZ&lid=LSTMOBH9GQKPBT5VJHZIJO67B&marketplace=FLIPKART&q=smart+phones&store=tyy%2F4io&srno=s_11_246&otracker=search&fm=organic&iid=ecda0d10-1e7c-4255-a61a-99f2f032f3e3.MOBH9GQKPBT5VJHZ.SEARCH&ppt=None&ppn=None&ssid=27et518irk0000001786766493428&qH=a5594894156db043&ov_redirect=true,2026-08-15
247,"Tecno Pova Curve 2 5G (Mystic Purple, 128 GB)",Tecno,31999,,,4.1,334,52,8 GB RAM,128 GB ROM,8000 mAh Lithium Polymer Battery,,17.22 cm (6.78 inch) Full HD+ AMOLED Display,50MP + 2MP | 13MP Front Camera,,https://www.flipkart.com/tecno-pova-curve-2-5g-mystic-purple-128-gb/p/itm1160d6853298d?pid=MOBHK67SYBZBUMKW&lid=LSTMOBHK67SYBZBUMKWSRFJQI&marketplace=FLIPKART&q=smart+phones&store=tyy%2F4io&srno=s_11_247&otracker=search&fm=organic&iid=en_u45nn8bpN2kIRmGQt2VxZjToIYYQcRTjNvqiTP_uHQnx8nx1adOxWEk3PthtbnEIwJMYb3wWk9-zidBPhYOLiP2GJOfeiJVYIMFMZuP-eGtU-pmiV9HqxrjPjewSGUPd&ppt=None&ppn=None&ssid=27et518irk0000001786766493428&qH=a5594894156db043&ov_redirect=true,2026-08-15
248,"POCO M8 Power 5G (Black, 128 GB)",POCO,24999,54999,54% off,4.1,137,22,6 GB RAM,128 GB ROM,8000 mAh Lithium-Ion Polymer Battery,Snapdragon Gen 4 Processor,17.75 cm (6.99 inch) Full HD+ AMOLED Display,50MP Rear Camera | 8MP Front Camera,,https://www.flipkart.com/poco-m8-power-5g-black-128-gb/p/itm3a60b0817a5c5?pid=MOBHPCYN7CHENHFF&lid=LSTMOBHPCYN7CHENHFFR4XY1I&marketplace=FLIPKART&q=smart+phones&store=tyy%2F4io&srno=s_11_248&otracker=search&fm=organic&iid=en_u45nn8bpN2kIRmGQt2VxZjToIYYQcRTjNvqiTP_uHQkTF4VdzP-qN9M9kBJxDlwGaT8kUHp5etuwVmO1o7M-wYaMW1YyD3IHNTgs5o1M5-xU-pmiV9HqxrjPjewSGUPd&ppt=None&ppn=None&ssid=27et518irk0000001786766493428&qH=a5594894156db043&ov_redirect=true,2026-08-15
249,"OnePlus Nord CE6 Lite (Hyper Black, 128 GB)",OnePlus,27146,33999,20% off,4.3,585,35,8 GB RAM,128 GB ROM,7000 mAh Battery,Mediatek Dimensity 7400 Processor,17.07 cm (6.72 inch) Full HD+ Display,50MP Rear Camera | 8MP Front Camera,,https://www.flipkart.com/oneplus-nord-ce6-lite-hyper-black-128-gb/p/itm894a5599b758b?pid=MOBHN8CA4A6Z3KMZ&lid=LSTMOBHN8CA4A6Z3KMZMIEWU4&marketplace=FLIPKART&q=smart+phones&store=tyy%2F4io&srno=s_11_249&otracker=search&fm=organic&iid=ecda0d10-1e7c-4255-a61a-99f2f032f3e3.MOBHN8CA4A6Z3KMZ.SEARCH&ppt=None&ppn=None&ssid=27et518irk0000001786766493428&qH=a5594894156db043&ov_redirect=true,2026-08-15
250,"realme 16 Pro 5G Charger in the Box (Master Gold, 256 GB)",realme,36999,,,4.4,"2,598",267,8 GB RAM,256 GB ROM,7000 mAh Battery,Dimensity 7300 Max Processor,17.22 cm (6.78 inch) Full HD+ Display,200MP + 8MP | 50MP Front Camera,,https://www.flipkart.com/realme-16-pro-5g-charger-box-master-gold-256-gb/p/itm1022a5a624268?pid=MOBHGT6NTAGFKUYT&lid=LSTMOBHGT6NTAGFKUYTAEFXFR&marketplace=FLIPKART&q=smart+phones&store=tyy%2F4io&srno=s_11_250&otracker=search&fm=organic&iid=ecda0d10-1e7c-4255-a61a-99f2f032f3e3.MOBHGT6NTAGFKUYT.SEARCH&ppt=None&ppn=None&ssid=27et518irk0000001786766493428&qH=a5594894156db043&ov_redirect=true,2026-08-15
251,"POCO M8 Power 5G (Black, 128 GB)",POCO,27999,59999,53% off,3.9,27,2,8 GB RAM,128 GB ROM,8000 mAh Lithium-Ion Polymer Battery,Snapdragon Gen 4 Processor,17.75 cm (6.99 inch) Full HD+ AMOLED Display,50MP Rear Camera | 8MP Front Camera,,https://www.flipkart.com/poco-m8-power-5g-black-128-gb/p/itm822601a413dff?pid=MOBHPCYNSNYCGRDN&lid=LSTMOBHPCYNSNYCGRDNMJJBOM&marketplace=FLIPKART&q=smart+phones&store=tyy%2F4io&srno=s_11_251&otracker=search&fm=organic&iid=en_u45nn8bpN2kIRmGQt2VxZjToIYYQcRTjNvqiTP_uHQnjrl_ll0J-2ym8QqD3vQoiBDTRorC47PtbDHNuPaNY4oaMW1YyD3IHNTgs5o1M5-xU-pmiV9HqxrjPjewSGUPd&ppt=None&ppn=None&ssid=27et518irk0000001786766493428&qH=a5594894156db043&ov_redirect=true,2026-08-15
252,"POCO M8 Power 5G (Green, 128 GB)",POCO,24999,54999,54% off,4.1,137,22,6 GB RAM,128 GB ROM,8000 mAh Lithium-Ion Polymer Battery,Snapdragon Gen 4 Processor,17.75 cm (6.99 inch) Full HD+ AMOLED Display,50MP Rear Camera | 8MP Front Camera,,https://www.flipkart.com/poco-m8-power-5g-green-128-gb/p/itmd5d508dcd6172?pid=MOBHPCYNBFXP5TG9&lid=LSTMOBHPCYNBFXP5TG9ASUJFA&marketplace=FLIPKART&q=smart+phones&store=tyy%2F4io&srno=s_11_252&otracker=search&fm=organic&iid=en_u45nn8bpN2kIRmGQt2VxZjToIYYQcRTjNvqiTP_uHQlcLhTRG52Ux4Rv9lt1pui2U3tP_Pv07BCIeiNW4SS2yoaMW1YyD3IHNTgs5o1M5-xU-pmiV9HqxrjPjewSGUPd&ppt=None&ppn=None&ssid=27et518irk0000001786766493428&qH=a5594894156db043&ov_redirect=true,2026-08-15
253,"realme P4x 5G (Elegant Pink, 128 GB)",realme,23499,,,4.3,"7,622",644,8 GB RAM,128 GB ROM,7000 mAh Battery,Dimensity 7400 Ultra Processor,17.07 cm (6.72 inch) Full HD+ Display,50MP + 2MP | 8MP Front Camera,,https://www.flipkart.com/realme-p4x-5g-elegant-pink-128-gb/p/itm575b1540859e4?pid=MOBHHWGMEFWZNZ4R&lid=LSTMOBHHWGMEFWZNZ4RWAOEHS&marketplace=FLIPKART&q=smart+phones&store=tyy%2F4io&srno=s_11_253&otracker=search&fm=organic&iid=ecda0d10-1e7c-4255-a61a-99f2f032f3e3.MOBHHWGMEFWZNZ4R.SEARCH&ppt=None&ppn=None&ssid=27et518irk0000001786766493428&qH=a5594894156db043&ov_redirect=true,2026-08-15
254,"Samsung Galaxy A36 5G (Awesome Lavender, 128 GB)",Samsung,26999,35999,25% off,4.3,"3,380",300,8 GB RAM,128 GB ROM,5000 mAh Battery,Qualcomm Snapdragon 6 Gen 3 Processor,17.02 cm (6.7 inch) Full HD+ Display,50MP + 8MP | 12MP Front Camera,,https://www.flipkart.com/samsung-galaxy-a36-5g-awesome-lavender-128-gb/p/itm5a2d339a8cc5b?pid=MOBH9RNGFN76WMFF&lid=LSTMOBH9RNGFN76WMFFRDHQVS&marketplace=FLIPKART&q=smart+phones&store=tyy%2F4io&srno=s_11_254&otracker=search&fm=organic&iid=ecda0d10-1e7c-4255-a61a-99f2f032f3e3.MOBH9RNGFN76WMFF.SEARCH&ppt=None&ppn=None&ssid=27et518irk0000001786766493428&qH=a5594894156db043&ov_redirect=true,2026-08-15
255,"OnePlus Nord CE6 Lite (Hyper Black, 256 GB)",OnePlus,31952,36999,13% off,4.3,585,35,8 GB RAM,256 GB ROM,7000 mAh Battery,MediaTek Dimensity 7400 Apex Processor,17.07 cm (6.72 inch) Full HD+ Display,50MP Rear Camera | 8MP Front Camera,,https://www.flipkart.com/oneplus-nord-ce6-lite-hyper-black-256-gb/p/itm894a5599b758b?pid=MOBHN8CPMYHDEBRA&lid=LSTMOBHN8CPMYHDEBRA9XROMM&marketplace=FLIPKART&q=smart+phones&store=tyy%2F4io&srno=s_11_255&otracker=search&fm=organic&iid=ecda0d10-1e7c-4255-a61a-99f2f032f3e3.MOBHN8CPMYHDEBRA.SEARCH&ppt=None&ppn=None&ssid=27et518irk0000001786766493428&qH=a5594894156db043&ov_redirect=true,2026-08-15
256,"OPPO K14 5G (Prism White, 256 GB)",OPPO,25999,27999,7% off,4.5,"5,685",296,6 GB RAM,256 GB ROM,7000 mAh Battery,Dimensity 6300 Processor,17.14 cm (6.75 inch) HD+ Display,50MP Rear Camera | 8MP Front Camera,,https://www.flipkart.com/oppo-k14-5g-prism-white-256-gb/p/itm2a5cc1d23c2af?pid=MOBHKQYYPHXEGF7W&lid=LSTMOBHKQYYPHXEGF7WJUSBDY&marketplace=FLIPKART&q=smart+phones&store=tyy%2F4io&srno=s_11_256&otracker=search&fm=organic&iid=ecda0d10-1e7c-4255-a61a-99f2f032f3e3.MOBHKQYYPHXEGF7W.SEARCH&ppt=None&ppn=None&ssid=27et518irk0000001786766493428&qH=a5594894156db043&ov_redirect=true,2026-08-15
257,"POCO M8 Power 5G (Blaze Orange, 128 GB)",POCO,27999,59999,53% off,3.9,27,2,8 GB RAM,128 GB ROM,8000 mAh Lithium-Ion Polymer Battery,Snapdragon Gen 4 Processor,17.75 cm (6.99 inch) Full HD+ AMOLED Display,50MP Rear Camera | 8MP Front Camera,,https://www.flipkart.com/poco-m8-power-5g-blaze-orange-128-gb/p/itme6ed250ab73df?pid=MOBHPCYNFWHRJD8C&lid=LSTMOBHPCYNFWHRJD8C5JT1AV&marketplace=FLIPKART&q=smart+phones&store=tyy%2F4io&srno=s_11_257&otracker=search&fm=organic&iid=en_u45nn8bpN2kIRmGQt2VxZjToIYYQcRTjNvqiTP_uHQmPQ8E73ZE33e2VP9Gy2fotltXHcpYWLJT1dyCM7ZmdX4aMW1YyD3IHNTgs5o1M5-xU-pmiV9HqxrjPjewSGUPd&ppt=None&ppn=None&ssid=27et518irk0000001786766493428&qH=a5594894156db043&ov_redirect=true,2026-08-15
258,"POCO M8 Power 5G (Green, 128 GB)",POCO,27999,59999,53% off,3.9,27,2,8 GB RAM,128 GB ROM,8000 mAh Lithium-Ion Polymer Battery,Snapdragon Gen 4 Processor,17.75 cm (6.99 inch) Full HD+ AMOLED Display,50MP Rear Camera | 8MP Front Camera,,https://www.flipkart.com/poco-m8-power-5g-green-128-gb/p/itmcb7a6d1f8e1fc?pid=MOBHPCYNPTEZQTHC&lid=LSTMOBHPCYNPTEZQTHCQZMRHO&marketplace=FLIPKART&q=smart+phones&store=tyy%2F4io&srno=s_11_258&otracker=search&fm=organic&iid=en_u45nn8bpN2kIRmGQt2VxZjToIYYQcRTjNvqiTP_uHQljOgqSnV0bho-h3l72rhKGHmmQ0XidzSTnFCGkDRA6v4aMW1YyD3IHNTgs5o1M5-xU-pmiV9HqxrjPjewSGUPd&ppt=None&ppn=None&ssid=27et518irk0000001786766493428&qH=a5594894156db043&ov_redirect=true,2026-08-15
259,"REDMI A7 Pro 5G (Black, 64 GB)",REDMI,14239,15999,11% off,4,"2,425",193,4 GB RAM,64 GB ROM,6300 mAh Battery,UNISOC T8300 octa-core processor Processor,17.53 cm (6.9 inch) Full HD+ Display,32MP Rear Camera,,https://www.flipkart.com/redmi-a7-pro-5g-black-64-gb/p/itm88c66032a6b5e?pid=MOBHMJQCVDFJWJCY&lid=LSTMOBHMJQCVDFJWJCYX9BZJR&marketplace=FLIPKART&q=smart+phones&store=tyy%2F4io&srno=s_11_259&otracker=search&fm=organic&iid=ecda0d10-1e7c-4255-a61a-99f2f032f3e3.MOBHMJQCVDFJWJCY.SEARCH&ppt=None&ppn=None&ssid=27et518irk0000001786766493428&qH=a5594894156db043&ov_redirect=true,2026-08-15
260,"Nothing Phone (4b) (White, 128 GB)",Nothing,34999,54999,36% off,4.4,906,79,8 GB RAM,128 GB ROM,6000 mAh Lithium ion Battery,6 Gen 4 Processor,17.2 cm (6.77 inch) Full HD+ AMOLED Display,50MP + 8MP | 16MP Front Camera,,https://www.flipkart.com/nothing-phone-4b-white-128-gb/p/itm939608b40adbb?pid=MOBHZMBDSF3JAFTF&lid=LSTMOBHZMBDSF3JAFTF4PZFBR&marketplace=FLIPKART&q=smart+phones&store=tyy%2F4io&srno=s_11_260&otracker=search&fm=organic&iid=ecda0d10-1e7c-4255-a61a-99f2f032f3e3.MOBHZMBDSF3JAFTF.SEARCH&ppt=None&ppn=None&ssid=27et518irk0000001786766493428&qH=a5594894156db043&ov_redirect=true,2026-08-15
261,"OnePlus Nord 6 (Quick Silver, 256 GB)",OnePlus,44889,52999,15% off,4.5,"2,005",253,8 GB RAM,256 GB ROM,9000 mAh Battery,4 octa-core processor Processor,17.22 cm (6.78 inch) Full HD+ Display,50MP Rear Camera,,https://www.flipkart.com/oneplus-nord-6-quick-silver-256-gb/p/itmc49f71cdc4080?pid=MOBHMBWSVHKWRPAS&lid=LSTMOBHMBWSVHKWRPASSSFXKP&marketplace=FLIPKART&q=smart+phones&store=tyy%2F4io&srno=s_11_261&otracker=search&fm=organic&iid=ecda0d10-1e7c-4255-a61a-99f2f032f3e3.MOBHMBWSVHKWRPAS.SEARCH&ppt=None&ppn=None&ssid=27et518irk0000001786766493428&qH=a5594894156db043&ov_redirect=true,2026-08-15
262,"Nothing Phone (4b) (White, 256 GB)",Nothing,38999,59999,35% off,4.4,906,79,8 GB RAM,256 GB ROM,6000 mAh Lithium ion Battery,6 Gen 4 Processor,17.2 cm (6.77 inch) Full HD+ AMOLED Display,50MP + 8MP | 16MP Front Camera,,https://www.flipkart.com/nothing-phone-4b-white-256-gb/p/itm939608b40adbb?pid=MOBHZMBD5MZZDUYA&lid=LSTMOBHZMBD5MZZDUYAIWDKYR&marketplace=FLIPKART&q=smart+phones&store=tyy%2F4io&srno=s_11_262&otracker=search&fm=organic&iid=ecda0d10-1e7c-4255-a61a-99f2f032f3e3.MOBHZMBD5MZZDUYA.SEARCH&ppt=None&ppn=None&ssid=27et518irk0000001786766493428&qH=a5594894156db043&ov_redirect=true,2026-08-15
263,"Nothing Phone (4b) (Black, 128 GB)",Nothing,34999,54999,36% off,4.4,906,79,8 GB RAM,128 GB ROM,6000 mAh Lithium ion Battery,6 Gen 4 Processor,17.2 cm (6.77 inch) Full HD+ AMOLED Display,50MP + 8MP | 16MP Front Camera,,https://www.flipkart.com/nothing-phone-4b-black-128-gb/p/itm939608b40adbb?pid=MOBHZMBDHVTPQTWY&lid=LSTMOBHZMBDHVTPQTWYRX0DCB&marketplace=FLIPKART&q=smart+phones&store=tyy%2F4io&srno=s_11_263&otracker=search&fm=organic&iid=ecda0d10-1e7c-4255-a61a-99f2f032f3e3.MOBHZMBDHVTPQTWY.SEARCH&ppt=None&ppn=None&ssid=27et518irk0000001786766493428&qH=a5594894156db043&ov_redirect=true,2026-08-15
264,"realme Gt 7 (Icesense Blue, 256 GB)",realme,42999,48999,12% off,4.5,"1,245",155,12 GB RAM,256 GB ROM,7000 mAh Battery,Dimensity Processor,17.22 cm (6.78 inch) Full HD+ AMOLED Display,50MP + 50MP + 50MP + 8MP | 32MP + 32MP Dual Front Camera,,https://www.flipkart.com/realme-gt-7-icesense-blue-256-gb/p/itm6cc8f84d92e2f?pid=MOBHCHWNFTFYCQWQ&lid=LSTMOBHCHWNFTFYCQWQKYWZSI&marketplace=FLIPKART&q=smart+phones&store=tyy%2F4io&srno=s_11_264&otracker=search&fm=organic&iid=ecda0d10-1e7c-4255-a61a-99f2f032f3e3.MOBHCHWNFTFYCQWQ.SEARCH&ppt=None&ppn=None&ssid=27et518irk0000001786766493428&qH=a5594894156db043&ov_redirect=true,2026-08-15
265,"realme P4R 5G (Silver Glare, 256 GB)",realme,24999,44999,44% off,4.4,"3,344",266,6 GB RAM,256 GB ROM,8000 mAh Lithium-ion polymer Battery,Dimensity 6300 Processor,17.27 cm (6.8 inch) HD+ Display,50MP Rear Camera | 8MP Front Camera,,https://www.flipkart.com/realme-p4r-5g-silver-glare-256-gb/p/itmb42ae388c1ef6?pid=MOBHMYR3NGRA6CGK&lid=LSTMOBHMYR3NGRA6CGKJWYZVO&marketplace=FLIPKART&q=smart+phones&store=tyy%2F4io&srno=s_12_265&otracker=search&fm=organic&iid=ae911017-42d9-4016-99d9-a12b3acf7555.MOBHMYR3NGRA6CGK.SEARCH&ppt=None&ppn=None&ssid=m7bwrg9t3k0000001786766496464&qH=a5594894156db043&ov_redirect=true,2026-08-15
266,"IQOO Neo 10 (Alpine White, 256 GB)",IQOO,45889,45999,,4.5,"1,981",189,8 GB RAM,256 GB ROM,7000 mAh Battery,Qualcomm Snapdragon 8s Gen 4 Processor,17.22 cm (6.78 inch) Full HD+ Super AMOLED Display,50MP Rear Camera,,https://www.flipkart.com/iqoo-neo-10-alpine-white-256-gb/p/itmd7cf79f1b18e3?pid=MOBHN6VSWBUHVZGY&lid=LSTMOBHN6VSWBUHVZGYTWDJBN&marketplace=FLIPKART&q=smart+phones&store=tyy%2F4io&srno=s_12_266&otracker=search&fm=organic&iid=ae911017-42d9-4016-99d9-a12b3acf7555.MOBHN6VSWBUHVZGY.SEARCH&ppt=None&ppn=None&ssid=m7bwrg9t3k0000001786766496464&qH=a5594894156db043&ov_redirect=true,2026-08-15
267,"POCO M8 Power 5G (Blaze Orange, 128 GB)",POCO,24999,54999,54% off,4.1,137,22,6 GB RAM,128 GB ROM,8000 mAh Lithium-Ion Polymer Battery,Snapdragon Gen 4 Processor,17.75 cm (6.99 inch) Full HD+ AMOLED Display,50MP Rear Camera | 8MP Front Camera,,https://www.flipkart.com/poco-m8-power-5g-blaze-orange-128-gb/p/itm0edc1dd6b4e42?pid=MOBHPCYNPNCJG2UV&lid=LSTMOBHPCYNPNCJG2UVUHFGWJ&marketplace=FLIPKART&q=smart+phones&store=tyy%2F4io&srno=s_12_267&otracker=search&fm=organic&iid=en_RD30S_dVGa_ytG3SIhfAI2cB2JPVP_6SlUwnO1Lk6xAhmyKKFIxJa2IvXYAWcbHNEK7BPGhfiP-wXnlDI_-NLYaMW1YyD3IHNTgs5o1M5-w-gPhd-UTfrnin7dS-FAH0&ppt=None&ppn=None&ssid=m7bwrg9t3k0000001786766496464&qH=a5594894156db043&ov_redirect=true,2026-08-15
268,"Tecno Pova Curve 2 5G (Mystic Purple, 128 GB)",Tecno,31999,,,4.1,334,52,8 GB RAM,128 GB ROM,8000 mAh Lithium Polymer Battery,,17.22 cm (6.78 inch) Full HD+ AMOLED Display,50MP + 2MP | 13MP Front Camera,,https://www.flipkart.com/tecno-pova-curve-2-5g-mystic-purple-128-gb/p/itm1160d6853298d?pid=MOBHK67SYBZBUMKW&lid=LSTMOBHK67SYBZBUMKWSRFJQI&marketplace=FLIPKART&q=smart+phones&store=tyy%2F4io&srno=s_12_268&otracker=search&fm=organic&iid=en_RD30S_dVGa_ytG3SIhfAI2cB2JPVP_6SlUwnO1Lk6xDaYu-TFjzm5ICHlchZXOs6nUPTHj857kjWkpu3GaZIQf2GJOfeiJVYIMFMZuP-eGs-gPhd-UTfrnin7dS-FAH0&ppt=None&ppn=None&ssid=m7bwrg9t3k0000001786766496464&qH=a5594894156db043&ov_redirect=true,2026-08-15
269,Vivo T4 Lite 5G (Titanium Gold 2026) (4GB 128GB),Vivo,18749,28999,35% off,4.3,"41,447","1,843",4 GB RAM,128 GB ROM,6000 mAh Battery,Dimensity 6300 5G Processor,17.12 cm (6.74 inch) HD+ Display,50MP + 2MP | 5MP Front Camera,5G,https://www.flipkart.com/vivo-t4-lite-5g-titanium-gold-2026-4gb-128gb/p/itm49fb53d099f3c?pid=MOBHNCRKN8ZBGAJR&lid=LSTMOBHNCRKN8ZBGAJREUTFV0&marketplace=FLIPKART&q=smart+phones&store=tyy%2F4io&srno=s_12_269&otracker=search&fm=organic&iid=ae911017-42d9-4016-99d9-a12b3acf7555.MOBHNCRKN8ZBGAJR.SEARCH&ppt=None&ppn=None&ssid=m7bwrg9t3k0000001786766496464&qH=a5594894156db043&ov_redirect=true,2026-08-15
270,"Ai+ Nova 2 Neo 5G (Black, 64 GB)",Ai+,11999,17999,33% off,4.4,"1,040",109,4 GB RAM,64 GB ROM,6000 mAh Li-polymer Battery,Dimensity 6300 Processor,17.13 cm (6.745 inch) HD+ Display,48MP Rear Camera | 8MP Front Camera,,https://www.flipkart.com/ai-nova-2-neo-5g-black-64-gb/p/itmcd9f38718a156?pid=MOBHZ8ZM7HKHGBZ8&lid=LSTMOBHZ8ZM7HKHGBZ8SKMNDP&marketplace=FLIPKART&q=smart+phones&store=tyy%2F4io&srno=s_12_270&otracker=search&fm=organic&iid=ae911017-42d9-4016-99d9-a12b3acf7555.MOBHZ8ZM7HKHGBZ8.SEARCH&ppt=None&ppn=None&ssid=m7bwrg9t3k0000001786766496464&qH=a5594894156db043&ov_redirect=true,2026-08-15
271,"Tecno Spark Go 3 (Galaxy Blue, 64 GB)",Tecno,12499,15999,21% off,4,159,10,4 GB RAM,64 GB ROM,5000 mAh Lithium Polymer Battery,T7250 Processor,17.12 cm (6.74 inch) HD+ Display,13MP Rear Camera | 8MP Front Camera,,https://www.flipkart.com/tecno-spark-go-3-galaxy-blue-64-gb/p/itma9c8f128a61c6?pid=MOBHP2QYFPVRGYKZ&lid=LSTMOBHP2QYFPVRGYKZGBFHIL&marketplace=FLIPKART&q=smart+phones&store=tyy%2F4io&srno=s_12_271&otracker=search&fm=organic&iid=en_RD30S_dVGa_ytG3SIhfAI2cB2JPVP_6SlUwnO1Lk6xCQ1zWv1n007fg_rXd0mCgYFpl-XThq4DgPqa3JUYWaDQx8rW6MZkpD852G02CKM5s-gPhd-UTfrnin7dS-FAH0&ppt=None&ppn=None&ssid=m7bwrg9t3k0000001786766496464&qH=a5594894156db043&ov_redirect=true,2026-08-15
272,"POCO M8 Power 5G (Black, 128 GB)",POCO,24999,54999,54% off,4.1,137,22,6 GB RAM,128 GB ROM,8000 mAh Lithium-Ion Polymer Battery,Snapdragon Gen 4 Processor,17.75 cm (6.99 inch) Full HD+ AMOLED Display,50MP Rear Camera | 8MP Front Camera,,https://www.flipkart.com/poco-m8-power-5g-black-128-gb/p/itm3a60b0817a5c5?pid=MOBHPCYN7CHENHFF&lid=LSTMOBHPCYN7CHENHFFR4XY1I&marketplace=FLIPKART&q=smart+phones&store=tyy%2F4io&srno=s_12_272&otracker=search&fm=organic&iid=en_RD30S_dVGa_ytG3SIhfAI2cB2JPVP_6SlUwnO1Lk6xBvDxx1Yta2ltuyRzN1XIyBaT8kUHp5etuwVmO1o7M-wYaMW1YyD3IHNTgs5o1M5-w-gPhd-UTfrnin7dS-FAH0&ppt=None&ppn=None&ssid=m7bwrg9t3k0000001786766496464&qH=a5594894156db043&ov_redirect=true,2026-08-15
273,"OPPO K14 5G (Icy Blue, 128 GB)",OPPO,23999,25999,7% off,4.5,"5,685",296,6 GB RAM,128 GB ROM,7000 mAh Battery,Dimensity 6300 Processor,17.14 cm (6.75 inch) HD+ Display,50MP Rear Camera | 8MP Front Camera,,https://www.flipkart.com/oppo-k14-5g-icy-blue-128-gb/p/itm2a5cc1d23c2af?pid=MOBHKQYY9S6MVDHH&lid=LSTMOBHKQYY9S6MVDHHPEXJJR&marketplace=FLIPKART&q=smart+phones&store=tyy%2F4io&srno=s_12_273&otracker=search&fm=organic&iid=ae911017-42d9-4016-99d9-a12b3acf7555.MOBHKQYY9S6MVDHH.SEARCH&ppt=None&ppn=None&ssid=m7bwrg9t3k0000001786766496464&qH=a5594894156db043&ov_redirect=true,2026-08-15
274,"POCO X8 Pro (Black, 256 GB)",POCO,39999,52999,24% off,4.4,965,156,12 GB RAM,256 GB ROM,6500 mAh Lithium-Ion Polymer With Silicon Carbon Technology Battery,Dimensity 8500-Ultra Processor,16.74 cm (6.59 inch) Full HD+ AMOLED Display,50MP + 8MP | 20MP Front Camera,,https://www.flipkart.com/poco-x8-pro-black-256-gb/p/itm782e626602a77?pid=MOBHMGG5SJRAADHF&lid=LSTMOBHMGG5SJRAADHFSAGNRE&marketplace=FLIPKART&q=smart+phones&store=tyy%2F4io&srno=s_12_274&otracker=search&fm=organic&iid=ae911017-42d9-4016-99d9-a12b3acf7555.MOBHMGG5SJRAADHF.SEARCH&ppt=None&ppn=None&ssid=m7bwrg9t3k0000001786766496464&qH=a5594894156db043&ov_redirect=true,2026-08-15
275,"OPPO K14 5G (Prism Violet, 256 GB)",OPPO,28999,29999,3% off,4.4,"1,373",109,8 GB RAM,256 GB ROM,7000 mAh Battery,Dimensity 6300 Processor,17.14 cm (6.75 inch) HD+ Display,50MP Rear Camera | 8MP Front Camera,,https://www.flipkart.com/oppo-k14-5g-prism-violet-256-gb/p/itm2a5cc1d23c2af?pid=MOBHKQYYTYEXAVMG&lid=LSTMOBHKQYYTYEXAVMGYFGEQV&marketplace=FLIPKART&q=smart+phones&store=tyy%2F4io&srno=s_12_275&otracker=search&fm=organic&iid=ae911017-42d9-4016-99d9-a12b3acf7555.MOBHKQYYTYEXAVMG.SEARCH&ppt=None&ppn=None&ssid=m7bwrg9t3k0000001786766496464&qH=a5594894156db043&ov_redirect=true,2026-08-15
276,"realme Narzo 100 Lite 5G (Thunder Black, 64 GB)",realme,15769,24999,36% off,4.2,"1,130",54,4 GB RAM,64 GB ROM,7000 mAh Battery,,17.27 cm (6.8 inch) Display,13MP Rear Camera,,https://www.flipkart.com/realme-narzo-100-lite-5g-thunder-black-64-gb/p/itm659398bfe469c?pid=MOBHMZ3QKKTHQW7M&lid=LSTMOBHMZ3QKKTHQW7MPZTQXW&marketplace=FLIPKART&q=smart+phones&store=tyy%2F4io&srno=s_12_276&otracker=search&fm=organic&iid=ae911017-42d9-4016-99d9-a12b3acf7555.MOBHMZ3QKKTHQW7M.SEARCH&ppt=None&ppn=None&ssid=m7bwrg9t3k0000001786766496464&qH=a5594894156db043&ov_redirect=true,2026-08-15
277,"POCO M8 Power 5G (Black, 128 GB)",POCO,27999,59999,53% off,3.9,27,2,8 GB RAM,128 GB ROM,8000 mAh Lithium-Ion Polymer Battery,Snapdragon Gen 4 Processor,17.75 cm (6.99 inch) Full HD+ AMOLED Display,50MP Rear Camera | 8MP Front Camera,,https://www.flipkart.com/poco-m8-power-5g-black-128-gb/p/itm822601a413dff?pid=MOBHPCYNSNYCGRDN&lid=LSTMOBHPCYNSNYCGRDNMJJBOM&marketplace=FLIPKART&q=smart+phones&store=tyy%2F4io&srno=s_12_277&otracker=search&fm=organic&iid=en_RD30S_dVGa_ytG3SIhfAI2cB2JPVP_6SlUwnO1Lk6xCxYMLJ-57KXJCXUXNQIsGLBDTRorC47PtbDHNuPaNY4oaMW1YyD3IHNTgs5o1M5-w-gPhd-UTfrnin7dS-FAH0&ppt=None&ppn=None&ssid=m7bwrg9t3k0000001786766496464&qH=a5594894156db043&ov_redirect=true,2026-08-15
278,"POCO M8 Power 5G (Green, 128 GB)",POCO,24999,54999,54% off,4.1,137,22,6 GB RAM,128 GB ROM,8000 mAh Lithium-Ion Polymer Battery,Snapdragon Gen 4 Processor,17.75 cm (6.99 inch) Full HD+ AMOLED Display,50MP Rear Camera | 8MP Front Camera,,https://www.flipkart.com/poco-m8-power-5g-green-128-gb/p/itmd5d508dcd6172?pid=MOBHPCYNBFXP5TG9&lid=LSTMOBHPCYNBFXP5TG9ASUJFA&marketplace=FLIPKART&q=smart+phones&store=tyy%2F4io&srno=s_12_278&otracker=search&fm=organic&iid=en_RD30S_dVGa_ytG3SIhfAI2cB2JPVP_6SlUwnO1Lk6xA_5XFsj-TaZGZi66PLpXVsU3tP_Pv07BCIeiNW4SS2yoaMW1YyD3IHNTgs5o1M5-w-gPhd-UTfrnin7dS-FAH0&ppt=None&ppn=None&ssid=m7bwrg9t3k0000001786766496464&qH=a5594894156db043&ov_redirect=true,2026-08-15
279,"realme Narzo 100 Lite 5G (Frost Silver, 64 GB)",realme,15780,24999,36% off,4.2,"1,130",54,4 GB RAM,64 GB ROM,7000 mAh Battery,Dimensity 6300 MT6835 Processor,17.27 cm (6.8 inch) HD+ Display,13MP Rear Camera | 5MP Front Camera,,https://www.flipkart.com/realme-narzo-100-lite-5g-frost-silver-64-gb/p/itm659398bfe469c?pid=MOBHMZ3SPJZGNYQR&lid=LSTMOBHMZ3SPJZGNYQRIAWZBZ&marketplace=FLIPKART&q=smart+phones&store=tyy%2F4io&srno=s_12_279&otracker=search&fm=organic&iid=ae911017-42d9-4016-99d9-a12b3acf7555.MOBHMZ3SPJZGNYQR.SEARCH&ppt=None&ppn=None&ssid=m7bwrg9t3k0000001786766496464&qH=a5594894156db043&ov_redirect=true,2026-08-15
280,"realme C100x (Golden Coast, 64 GB)",realme,14999,29999,50% off,4,86,13,4 GB RAM,64 GB ROM,8000 mAh Battery,T7250 Processor,17.27 cm (6.8 inch) HD+ Display,50MP Rear Camera | 5MP Front Camera,,https://www.flipkart.com/realme-c100x-golden-coast-64-gb/p/itm488eb4026680c?pid=MOBHZMDTJ8MRNENF&lid=LSTMOBHZMDTJ8MRNENF0B9EB3&marketplace=FLIPKART&q=smart+phones&store=tyy%2F4io&srno=s_12_280&otracker=search&fm=organic&iid=ae911017-42d9-4016-99d9-a12b3acf7555.MOBHZMDTJ8MRNENF.SEARCH&ppt=None&ppn=None&ssid=m7bwrg9t3k0000001786766496464&qH=a5594894156db043&ov_redirect=true,2026-08-15
281,"POCO M8 Power 5G (Blaze Orange, 128 GB)",POCO,27999,59999,53% off,3.9,27,2,8 GB RAM,128 GB ROM,8000 mAh Lithium-Ion Polymer Battery,Snapdragon Gen 4 Processor,17.75 cm (6.99 inch) Full HD+ AMOLED Display,50MP Rear Camera | 8MP Front Camera,,https://www.flipkart.com/poco-m8-power-5g-blaze-orange-128-gb/p/itme6ed250ab73df?pid=MOBHPCYNFWHRJD8C&lid=LSTMOBHPCYNFWHRJD8C5JT1AV&marketplace=FLIPKART&q=smart+phones&store=tyy%2F4io&srno=s_12_281&otracker=search&fm=organic&iid=en_RD30S_dVGa_ytG3SIhfAI2cB2JPVP_6SlUwnO1Lk6xArDEJgavIzKiEIe2ZyYuvultXHcpYWLJT1dyCM7ZmdX4aMW1YyD3IHNTgs5o1M5-w-gPhd-UTfrnin7dS-FAH0&ppt=None&ppn=None&ssid=m7bwrg9t3k0000001786766496464&qH=a5594894156db043&ov_redirect=true,2026-08-15
282,"POCO M8 Power 5G (Green, 128 GB)",POCO,27999,59999,53% off,3.9,27,2,8 GB RAM,128 GB ROM,8000 mAh Lithium-Ion Polymer Battery,Snapdragon Gen 4 Processor,17.75 cm (6.99 inch) Full HD+ AMOLED Display,50MP Rear Camera | 8MP Front Camera,,https://www.flipkart.com/poco-m8-power-5g-green-128-gb/p/itmcb7a6d1f8e1fc?pid=MOBHPCYNPTEZQTHC&lid=LSTMOBHPCYNPTEZQTHCQZMRHO&marketplace=FLIPKART&q=smart+phones&store=tyy%2F4io&srno=s_12_282&otracker=search&fm=organic&iid=en_RD30S_dVGa_ytG3SIhfAI2cB2JPVP_6SlUwnO1Lk6xDHlDxRKd49aIgWfcUlkeD8HmmQ0XidzSTnFCGkDRA6v4aMW1YyD3IHNTgs5o1M5-w-gPhd-UTfrnin7dS-FAH0&ppt=None&ppn=None&ssid=m7bwrg9t3k0000001786766496464&qH=a5594894156db043&ov_redirect=true,2026-08-15
283,"MOTOROLA Signature (PANTONE Martini Olive, 256 GB)",MOTOROLA,57499,74999,23% off,4.5,702,130,12 GB RAM,256 GB ROM,5200 mAh Battery,Snapdragon 8 Gen 5 Processor,17.27 cm (6.8 inch) Super HD Display,50MP + 50MP + 50MP | 50MP Front Camera,,https://www.flipkart.com/motorola-signature-pantone-martini-olive-256-gb/p/itm945fffeb4a94c?pid=MOBHGVJYTCM8BZQF&lid=LSTMOBHGVJYTCM8BZQFUX35PO&marketplace=FLIPKART&q=smart+phones&store=tyy%2F4io&srno=s_12_283&otracker=search&fm=organic&iid=ae911017-42d9-4016-99d9-a12b3acf7555.MOBHGVJYTCM8BZQF.SEARCH&ppt=None&ppn=None&ssid=m7bwrg9t3k0000001786766496464&qH=a5594894156db043&ov_redirect=true,2026-08-15
284,"Samsung Galaxy M17e (Vibe Violet, 128 GB)",Samsung,15475,16999,8% off,4,668,57,4 GB RAM,128 GB ROM,6000 mAh Battery,MediaTek Dimensity Processor,17.02 cm (6.7 inch) Full HD+ Display,50MP Rear Camera | 2MP Front Camera,,https://www.flipkart.com/samsung-galaxy-m17e-vibe-violet-128-gb/p/itm1b5a0ea459581?pid=MOBHHQUDATUWHVGA&lid=LSTMOBHHQUDATUWHVGACQZVF2&marketplace=FLIPKART&q=smart+phones&store=tyy%2F4io&srno=s_12_284&otracker=search&fm=organic&iid=ae911017-42d9-4016-99d9-a12b3acf7555.MOBHHQUDATUWHVGA.SEARCH&ppt=None&ppn=None&ssid=m7bwrg9t3k0000001786766496464&qH=a5594894156db043&ov_redirect=true,2026-08-15
285,"realme GT 7T (IceSense Black, 512 GB)",realme,37499,46999,20% off,4.4,"3,945",546,12 GB RAM,512 GB ROM,7000 mAh Li-ion Battery,Dimensity 8400-MAX Processor,17.27 cm (6.8 inch) Full HD+ AMOLED Display,50MP + 8MP | 32MP Front Camera,,https://www.flipkart.com/realme-gt-7t-icesense-black-512-gb/p/itmda26d662ee28e?pid=MOBHFQ6DKXGTFCUT&lid=LSTMOBHFQ6DKXGTFCUTUQHNLM&marketplace=FLIPKART&q=smart+phones&store=tyy%2F4io&srno=s_12_285&otracker=search&fm=organic&iid=ae911017-42d9-4016-99d9-a12b3acf7555.MOBHFQ6DKXGTFCUT.SEARCH&ppt=None&ppn=None&ssid=m7bwrg9t3k0000001786766496464&qH=a5594894156db043&ov_redirect=true,2026-08-15
286,"realme P4 Pro 5G (Midnight Ivy, 256 GB)",realme,30999,,,4.4,"20,248","1,955",8 GB RAM,256 GB ROM,7000 mAh Battery,Snapdragon 7 Gen 4 Mobile Processor,17.27 cm (6.8 inch) Full HD+ Display,50MP + 8MP | 50MP Front Camera,,https://www.flipkart.com/realme-p4-pro-5g-midnight-ivy-256-gb/p/itme41a54752cc21?pid=MOBHERXK3YKZUWWZ&lid=LSTMOBHERXK3YKZUWWZM7IFIN&marketplace=FLIPKART&q=smart+phones&store=tyy%2F4io&srno=s_12_286&otracker=search&fm=organic&iid=ae911017-42d9-4016-99d9-a12b3acf7555.MOBHERXK3YKZUWWZ.SEARCH&ppt=None&ppn=None&ssid=m7bwrg9t3k0000001786766496464&qH=a5594894156db043&ov_redirect=true,2026-08-15
287,"realme P4 Pro 5G (Birch Wood, 256 GB)",realme,30999,,,4.4,"20,248","1,955",8 GB RAM,256 GB ROM,7000 mAh Battery,Snapdragon 7 Gen 4 Mobile Processor,17.27 cm (6.8 inch) Full HD+ Display,50MP + 8MP | 50MP Front Camera,,https://www.flipkart.com/realme-p4-pro-5g-birch-wood-256-gb/p/itme41a54752cc21?pid=MOBHERXKVQED7HGC&lid=LSTMOBHERXKVQED7HGC54DD1I&marketplace=FLIPKART&q=smart+phones&store=tyy%2F4io&srno=s_12_287&otracker=search&fm=organic&iid=ae911017-42d9-4016-99d9-a12b3acf7555.MOBHERXKVQED7HGC.SEARCH&ppt=None&ppn=None&ssid=m7bwrg9t3k0000001786766496464&qH=a5594894156db043&ov_redirect=true,2026-08-15
288,"realme P4 Pro 5G (Birch Wood, 128 GB)",realme,28999,,,4.4,"20,248","1,955",8 GB RAM,128 GB ROM,7000 mAh Battery,Snapdragon 7 Gen 4 Mobile Processor,17.27 cm (6.8 inch) Display,50MP + 8MP | 50MP Front Camera,,https://www.flipkart.com/realme-p4-pro-5g-birch-wood-128-gb/p/itme41a54752cc21?pid=MOBHERXKZCGAA4QC&lid=LSTMOBHERXKZCGAA4QCHSS5IQ&marketplace=FLIPKART&q=smart+phones&store=tyy%2F4io&srno=s_12_288&otracker=search&fm=organic&iid=ae911017-42d9-4016-99d9-a12b3acf7555.MOBHERXKZCGAA4QC.SEARCH&ppt=None&ppn=None&ssid=m7bwrg9t3k0000001786766496464&qH=a5594894156db043&ov_redirect=true,2026-08-15
289,"realme 15 5G (Velvet Green, 256 GB)",realme,31999,,,4.4,"10,952","1,178",8 GB RAM,256 GB ROM,7000 mAh Battery,Mediatek Dimensity 7300+ 5G Processor,17.27 cm (6.8 inch) Display,50MP + 8MP | 50MP Front Camera,5G,https://www.flipkart.com/realme-15-5g-velvet-green-256-gb/p/itme9581fbd0e97a?pid=MOBHDUKFHZJFVZXG&lid=LSTMOBHDUKFHZJFVZXGYVEKNC&marketplace=FLIPKART&q=smart+phones&store=tyy%2F4io&srno=s_13_289&otracker=search&fm=organic&iid=3d7ea322-39db-407f-8e58-d613ab09150f.MOBHDUKFHZJFVZXG.SEARCH&ppt=None&ppn=None&ssid=dem4fxkgog0000001786766499445&qH=a5594894156db043&ov_redirect=true,2026-08-15
290,"realme 15 5G (Silk Pink, 256 GB)",realme,31999,,,4.4,"10,952","1,178",8 GB RAM,256 GB ROM,7000 mAh Battery,Mediatek Dimensity 7300+ 5G Processor,17.27 cm (6.8 inch) Full HD+ Display,50MP + 8MP | 50MP Front Camera,5G,https://www.flipkart.com/realme-15-5g-silk-pink-256-gb/p/itme9581fbd0e97a?pid=MOBHDUKFZF7UPZZZ&lid=LSTMOBHDUKFZF7UPZZZO3KP85&marketplace=FLIPKART&q=smart+phones&store=tyy%2F4io&srno=s_13_290&otracker=search&fm=organic&iid=3d7ea322-39db-407f-8e58-d613ab09150f.MOBHDUKFZF7UPZZZ.SEARCH&ppt=None&ppn=None&ssid=dem4fxkgog0000001786766499445&qH=a5594894156db043&ov_redirect=true,2026-08-15
291,"POCO M8 Power 5G (Blaze Orange, 128 GB)",POCO,24999,54999,54% off,4.1,137,22,6 GB RAM,128 GB ROM,8000 mAh Lithium-Ion Polymer Battery,Snapdragon Gen 4 Processor,17.75 cm (6.99 inch) Full HD+ AMOLED Display,50MP Rear Camera | 8MP Front Camera,,https://www.flipkart.com/poco-m8-power-5g-blaze-orange-128-gb/p/itm0edc1dd6b4e42?pid=MOBHPCYNPNCJG2UV&lid=LSTMOBHPCYNPNCJG2UVUHFGWJ&marketplace=FLIPKART&q=smart+phones&store=tyy%2F4io&srno=s_13_291&otracker=search&fm=organic&iid=en_IKDbc8CD8B5HbdVKgP81eJzug8WEUASqEmBnJLUtfv-DDgd_MSJAdL8VNDEfEu68EK7BPGhfiP-wXnlDI_-NLYaMW1YyD3IHNTgs5o1M5-wHBuJ9oRkxn5Su2cGhygsP&ppt=None&ppn=None&ssid=dem4fxkgog0000001786766499445&qH=a5594894156db043&ov_redirect=true,2026-08-15
292,"Tecno Pova Curve 2 5G (Mystic Purple, 128 GB)",Tecno,31999,,,4.1,334,52,8 GB RAM,128 GB ROM,8000 mAh Lithium Polymer Battery,,17.22 cm (6.78 inch) Full HD+ AMOLED Display,50MP + 2MP | 13MP Front Camera,,https://www.flipkart.com/tecno-pova-curve-2-5g-mystic-purple-128-gb/p/itm1160d6853298d?pid=MOBHK67SYBZBUMKW&lid=LSTMOBHK67SYBZBUMKWSRFJQI&marketplace=FLIPKART&q=smart+phones&store=tyy%2F4io&srno=s_13_292&otracker=search&fm=organic&iid=en_IKDbc8CD8B5HbdVKgP81eJzug8WEUASqEmBnJLUtfv914Q5_3pxQA-NHnaP2QbV_nUPTHj857kjWkpu3GaZIQf2GJOfeiJVYIMFMZuP-eGsHBuJ9oRkxn5Su2cGhygsP&ppt=None&ppn=None&ssid=dem4fxkgog0000001786766499445&qH=a5594894156db043&ov_redirect=true,2026-08-15
293,"realme 15 5G (Flowing Silver, 128 GB)",realme,29999,,,4.4,"10,952","1,178",8 GB RAM,128 GB ROM,7000 mAh Battery,Mediatek Dimensity 7300+ 5G Processor,17.27 cm (6.8 inch) Full HD+ Display,50MP + 8MP | 50MP Front Camera,5G,https://www.flipkart.com/realme-15-5g-flowing-silver-128-gb/p/itme9581fbd0e97a?pid=MOBHDUKFNGK33R2M&lid=LSTMOBHDUKFNGK33R2MQAHREZ&marketplace=FLIPKART&q=smart+phones&store=tyy%2F4io&srno=s_13_293&otracker=search&fm=organic&iid=3d7ea322-39db-407f-8e58-d613ab09150f.MOBHDUKFNGK33R2M.SEARCH&ppt=None&ppn=None&ssid=dem4fxkgog0000001786766499445&qH=a5594894156db043&ov_redirect=true,2026-08-15
294,"OPPO K14 5G (Prism Violet, 256 GB)",OPPO,25999,27999,7% off,4.5,"5,685",296,6 GB RAM,256 GB ROM,7000 mAh Battery,Dimensity 6300 Processor,17.14 cm (6.75 inch) HD+ Display,50MP Rear Camera | 8MP Front Camera,,https://www.flipkart.com/oppo-k14-5g-prism-violet-256-gb/p/itm2a5cc1d23c2af?pid=MOBHKQYYNFMURAYF&lid=LSTMOBHKQYYNFMURAYFFSX9KQ&marketplace=FLIPKART&q=smart+phones&store=tyy%2F4io&srno=s_13_294&otracker=search&fm=organic&iid=3d7ea322-39db-407f-8e58-d613ab09150f.MOBHKQYYNFMURAYF.SEARCH&ppt=None&ppn=None&ssid=dem4fxkgog0000001786766499445&qH=a5594894156db043&ov_redirect=true,2026-08-15
295,"Ai+ Nova 2 Neo 5G (Blue, 64 GB)",Ai+,11999,17999,33% off,4.4,"1,040",109,4 GB RAM,64 GB ROM,6000 mAh Li-polymer Battery,Dimensity 6300 Processor,17.13 cm (6.745 inch) HD+ Display,48MP Rear Camera | 8MP Front Camera,,https://www.flipkart.com/ai-nova-2-neo-5g-blue-64-gb/p/itm9cecebc4cb5bb?pid=MOBHZ8ZMUE2GBADZ&lid=LSTMOBHZ8ZMUE2GBADZGIDDQX&marketplace=FLIPKART&q=smart+phones&store=tyy%2F4io&srno=s_13_295&otracker=search&fm=organic&iid=3d7ea322-39db-407f-8e58-d613ab09150f.MOBHZ8ZMUE2GBADZ.SEARCH&ppt=None&ppn=None&ssid=dem4fxkgog0000001786766499445&qH=a5594894156db043&ov_redirect=true,2026-08-15
296,"Ai+ Nova 2 5G (Pink, 128 GB)",Ai+,14999,,,4.2,"4,506",309,6 GB RAM,128 GB ROM,6000 mAh Battery,T8200 Processor,17.13 cm (6.745 inch) HD+ Display,50MP Rear Camera | 8MP Front Camera,,https://www.flipkart.com/ai-nova-2-5g-pink-128-gb/p/itmbd28a3a7358d7?pid=MOBHKHPYZR8MAGHF&lid=LSTMOBHKHPYZR8MAGHFWJXJNF&marketplace=FLIPKART&q=smart+phones&store=tyy%2F4io&srno=s_13_296&otracker=search&fm=organic&iid=3d7ea322-39db-407f-8e58-d613ab09150f.MOBHKHPYZR8MAGHF.SEARCH&ppt=None&ppn=None&ssid=dem4fxkgog0000001786766499445&qH=a5594894156db043&ov_redirect=true,2026-08-15
297,"POCO M8 Power 5G (Black, 128 GB)",POCO,24999,54999,54% off,4.1,137,22,6 GB RAM,128 GB ROM,8000 mAh Lithium-Ion Polymer Battery,Snapdragon Gen 4 Processor,17.75 cm (6.99 inch) Full HD+ AMOLED Display,50MP Rear Camera | 8MP Front Camera,,https://www.flipkart.com/poco-m8-power-5g-black-128-gb/p/itm3a60b0817a5c5?pid=MOBHPCYN7CHENHFF&lid=LSTMOBHPCYN7CHENHFFR4XY1I&marketplace=FLIPKART&q=smart+phones&store=tyy%2F4io&srno=s_13_297&otracker=search&fm=organic&iid=en_IKDbc8CD8B5HbdVKgP81eJzug8WEUASqEmBnJLUtfv9bWv-hwV38W_6swxEsk5mc76aEaLkd-Db41x8NVayovIaMW1YyD3IHNTgs5o1M5-wHBuJ9oRkxn5Su2cGhygsP&ppt=None&ppn=None&ssid=dem4fxkgog0000001786766499445&qH=a5594894156db043&ov_redirect=true,2026-08-15
298,"POCO M8 Power 5G (Black, 128 GB)",POCO,27999,59999,53% off,3.9,27,2,8 GB RAM,128 GB ROM,8000 mAh Lithium-Ion Polymer Battery,Snapdragon Gen 4 Processor,17.75 cm (6.99 inch) Full HD+ AMOLED Display,50MP Rear Camera | 8MP Front Camera,,https://www.flipkart.com/poco-m8-power-5g-black-128-gb/p/itm822601a413dff?pid=MOBHPCYNSNYCGRDN&lid=LSTMOBHPCYNSNYCGRDNMJJBOM&marketplace=FLIPKART&q=smart+phones&store=tyy%2F4io&srno=s_13_298&otracker=search&fm=organic&iid=en_IKDbc8CD8B5HbdVKgP81eJzug8WEUASqEmBnJLUtfv8K5AqF6Jla5JeuM_4_DtL3_k1OvlgE3DnuQ2Pir0TjxoaMW1YyD3IHNTgs5o1M5-wHBuJ9oRkxn5Su2cGhygsP&ppt=None&ppn=None&ssid=dem4fxkgog0000001786766499445&qH=a5594894156db043&ov_redirect=true,2026-08-15
299,"POCO X8 Pro (Green, 256 GB)",POCO,39999,52999,24% off,4.4,965,156,12 GB RAM,256 GB ROM,6500 mAh Lithium-Ion Polymer With Silicon Carbon Technology Battery,Dimensity 8500-Ultra Processor,16.74 cm (6.59 inch) Full HD+ AMOLED Display,50MP + 8MP | 20MP Front Camera,,https://www.flipkart.com/poco-x8-pro-green-256-gb/p/itm33db73fe6b36a?pid=MOBHMGG5HDQYUQVX&lid=LSTMOBHMGG5HDQYUQVXLSPFFS&marketplace=FLIPKART&q=smart+phones&store=tyy%2F4io&srno=s_13_299&otracker=search&fm=organic&iid=3d7ea322-39db-407f-8e58-d613ab09150f.MOBHMGG5HDQYUQVX.SEARCH&ppt=None&ppn=None&ssid=dem4fxkgog0000001786766499445&qH=a5594894156db043&ov_redirect=true,2026-08-15
300,"Samsung Galaxy A17 5G (Gray, 128 GB)",Samsung,22990,22999,,4.3,"2,217",197,6 GB RAM,128 GB ROM,5000 mAh Battery,Samsung Exynos 1330 Processor,17.02 cm (6.7 inch) Full HD+ Display,50MP + 5MP + 2MP | 13MP Front Camera,,https://www.flipkart.com/samsung-galaxy-a17-5g-gray-128-gb/p/itm9b0b7e6d52859?pid=MOBHGVECQ9QKK8DG&lid=LSTMOBHGVECQ9QKK8DGWQGM7X&marketplace=FLIPKART&q=smart+phones&store=tyy%2F4io&srno=s_13_300&otracker=search&fm=organic&iid=3d7ea322-39db-407f-8e58-d613ab09150f.MOBHGVECQ9QKK8DG.SEARCH&ppt=None&ppn=None&ssid=dem4fxkgog0000001786766499445&qH=a5594894156db043&ov_redirect=true,2026-08-15
301,"POCO M8 Power 5G (Green, 128 GB)",POCO,24999,54999,54% off,4.1,137,22,6 GB RAM,128 GB ROM,8000 mAh Lithium-Ion Polymer Battery,Snapdragon Gen 4 Processor,17.75 cm (6.99 inch) Full HD+ AMOLED Display,50MP Rear Camera | 8MP Front Camera,,https://www.flipkart.com/poco-m8-power-5g-green-128-gb/p/itmd5d508dcd6172?pid=MOBHPCYNBFXP5TG9&lid=LSTMOBHPCYNBFXP5TG9ASUJFA&marketplace=FLIPKART&q=smart+phones&store=tyy%2F4io&srno=s_13_301&otracker=search&fm=organic&iid=en_IKDbc8CD8B5HbdVKgP81eJzug8WEUASqEmBnJLUtfv8YhdZSS8gGHuHBD3dkwgcTMnGh3kppJG1ie8EglWqB0YaMW1YyD3IHNTgs5o1M5-wHBuJ9oRkxn5Su2cGhygsP&ppt=None&ppn=None&ssid=dem4fxkgog0000001786766499445&qH=a5594894156db043&ov_redirect=true,2026-08-15
302,"POCO M8 Power 5G (Blaze Orange, 128 GB)",POCO,27999,59999,53% off,3.9,27,2,8 GB RAM,128 GB ROM,8000 mAh Lithium-Ion Polymer Battery,Snapdragon Gen 4 Processor,17.75 cm (6.99 inch) Full HD+ AMOLED Display,50MP Rear Camera | 8MP Front Camera,,https://www.flipkart.com/poco-m8-power-5g-blaze-orange-128-gb/p/itme6ed250ab73df?pid=MOBHPCYNFWHRJD8C&lid=LSTMOBHPCYNFWHRJD8C5JT1AV&marketplace=FLIPKART&q=smart+phones&store=tyy%2F4io&srno=s_13_302&otracker=search&fm=organic&iid=en_IKDbc8CD8B5HbdVKgP81eJzug8WEUASqEmBnJLUtfv-qM_zs_qeK6SbgZ4pv6SwVaOpuwoUX2M8_5zLnonDDSYaMW1YyD3IHNTgs5o1M5-wHBuJ9oRkxn5Su2cGhygsP&ppt=None&ppn=None&ssid=dem4fxkgog0000001786766499445&qH=a5594894156db043&ov_redirect=true,2026-08-15
303,"realme GT 7T (Racing Yellow, 256 GB)",realme,34499,42999,19% off,4.4,"3,945",546,12 GB RAM,256 GB ROM,7000 mAh Li-ion Battery,Dimensity 8400-MAX Processor,17.27 cm (6.8 inch) Full HD+ AMOLED Display,50MP + 8MP | 32MP Front Camera,,https://www.flipkart.com/realme-gt-7t-racing-yellow-256-gb/p/itmda26d662ee28e?pid=MOBHFQ6DSMZZDYZG&lid=LSTMOBHFQ6DSMZZDYZGJFCU50&marketplace=FLIPKART&q=smart+phones&store=tyy%2F4io&srno=s_13_303&otracker=search&fm=organic&iid=3d7ea322-39db-407f-8e58-d613ab09150f.MOBHFQ6DSMZZDYZG.SEARCH&ppt=None&ppn=None&ssid=dem4fxkgog0000001786766499445&qH=a5594894156db043&ov_redirect=true,2026-08-15
304,"Samsung Galaxy A17 5G (Black, 128 GB)",Samsung,22700,22999,1% off,4.3,"2,217",197,6 GB RAM,128 GB ROM,5000 mAh Battery,Samsung Exynos 1330 Processor,17.02 cm (6.7 inch) Full HD+ Display,50MP + 5MP + 2MP | 13MP Front Camera,,https://www.flipkart.com/samsung-galaxy-a17-5g-black-128-gb/p/itm9b0b7e6d52859?pid=MOBHGVECKP8QYMCD&lid=LSTMOBHGVECKP8QYMCDGTO00T&marketplace=FLIPKART&q=smart+phones&store=tyy%2F4io&srno=s_13_304&otracker=search&fm=organic&iid=3d7ea322-39db-407f-8e58-d613ab09150f.MOBHGVECKP8QYMCD.SEARCH&ppt=None&ppn=None&ssid=dem4fxkgog0000001786766499445&qH=a5594894156db043&ov_redirect=true,2026-08-15
305,"realme Narzo 100x 5g (Midnight Black, 128 GB)",realme,21656,35999,39% off,3.8,33,2,6 GB RAM,128 GB ROM,8000 mAh Battery,MediaTek Dimensity 6300 Processor,17.3 cm (6.81 inch) HD+ Display,,,https://www.flipkart.com/realme-narzo-100x-5g-midnight-black-128-gb/p/itm66836fc8ecc5e?pid=MOBHPJHZDNWKKPTA&lid=LSTMOBHPJHZDNWKKPTAEQ3XDH&marketplace=FLIPKART&q=smart+phones&store=tyy%2F4io&srno=s_13_305&otracker=search&fm=organic&iid=3d7ea322-39db-407f-8e58-d613ab09150f.MOBHPJHZDNWKKPTA.SEARCH&ppt=None&ppn=None&ssid=dem4fxkgog0000001786766499445&qH=a5594894156db043&ov_redirect=true,2026-08-15
306,"Ai+ Pulse 2 (Black, 128 GB)",Ai+,11499,11999,4% off,3.7,"7,507",714,6 GB RAM,128 GB ROM,6000 mAh Battery,T7250 Processor,17.13 cm (6.745 inch) HD+ Display,50MP Rear Camera | 8MP Front Camera,,https://www.flipkart.com/ai-pulse-2-black-128-gb/p/itm2bd64c011e879?pid=MOBHKHPYFVH2CKBW&lid=LSTMOBHKHPYFVH2CKBW74R6IA&marketplace=FLIPKART&q=smart+phones&store=tyy%2F4io&srno=s_13_306&otracker=search&fm=organic&iid=3d7ea322-39db-407f-8e58-d613ab09150f.MOBHKHPYFVH2CKBW.SEARCH&ppt=None&ppn=None&ssid=dem4fxkgog0000001786766499445&qH=a5594894156db043&ov_redirect=true,2026-08-15
307,"POCO M8 Power 5G (Green, 128 GB)",POCO,27999,59999,53% off,3.9,27,2,8 GB RAM,128 GB ROM,8000 mAh Lithium-Ion Polymer Battery,Snapdragon Gen 4 Processor,17.75 cm (6.99 inch) Full HD+ AMOLED Display,50MP Rear Camera | 8MP Front Camera,,https://www.flipkart.com/poco-m8-power-5g-green-128-gb/p/itmcb7a6d1f8e1fc?pid=MOBHPCYNPTEZQTHC&lid=LSTMOBHPCYNPTEZQTHCQZMRHO&marketplace=FLIPKART&q=smart+phones&store=tyy%2F4io&srno=s_13_307&otracker=search&fm=organic&iid=en_IKDbc8CD8B5HbdVKgP81eJzug8WEUASqEmBnJLUtfv_8kzK8E6rHW2pAdAzcoHDiw_w0NlDe_AA1JCb7Ed4-LYaMW1YyD3IHNTgs5o1M5-wHBuJ9oRkxn5Su2cGhygsP&ppt=None&ppn=None&ssid=dem4fxkgog0000001786766499445&qH=a5594894156db043&ov_redirect=true,2026-08-15
308,"POCO C71 (Cool Blue, 64 GB)",POCO,8999,,,3.8,"61,703","3,311",4 GB RAM,64 GB ROM,5200 mAh Battery,Unisoc T7250,17.48 cm (6.88 inch) HD+ Display,32MP Rear Camera | 8MP Front Camera,,https://www.flipkart.com/poco-c71-cool-blue-64-gb/p/itm7a3f787718dd8?pid=MOBHAFVJJ7YTUYV8&lid=LSTMOBHAFVJJ7YTUYV8NFU7XU&marketplace=FLIPKART&q=smart+phones&store=tyy%2F4io&srno=s_13_308&otracker=search&fm=organic&iid=3d7ea322-39db-407f-8e58-d613ab09150f.MOBHAFVJJ7YTUYV8.SEARCH&ppt=None&ppn=None&ssid=dem4fxkgog0000001786766499445&qH=a5594894156db043&ov_redirect=true,2026-08-15
309,"POCO C75 5G (Aqua Bliss, 128 GB)",POCO,11499,,,4.2,"1,49,619","7,652",4 GB RAM,128 GB ROM,5160 mAh Battery,4s Gen 2 5G Processor,17.48 cm (6.88 inch) HD+ Display,50MP Rear Camera | 5MP Front Camera,5G,https://www.flipkart.com/poco-c75-5g-aqua-bliss-128-gb/p/itmc8ac71aacc115?pid=MOBHBC3WFGTCNDD7&lid=LSTMOBHBC3WFGTCNDD7MLABCF&marketplace=FLIPKART&q=smart+phones&store=tyy%2F4io&srno=s_13_309&otracker=search&fm=organic&iid=3d7ea322-39db-407f-8e58-d613ab09150f.MOBHBC3WFGTCNDD7.SEARCH&ppt=None&ppn=None&ssid=dem4fxkgog0000001786766499445&qH=a5594894156db043&ov_redirect=true,2026-08-15
310,"POCO C61 (Ethereal Blue, 64 GB)",POCO,7499,8999,16% off,4.1,"1,11,054","4,674",4 GB RAM,64 GB ROM,5000 mAh Battery,Helio G36 Processor,17.04 cm (6.71 inch) HD+ Display,8MP Rear Camera | 5MP Front Camera,,https://www.flipkart.com/poco-c61-ethereal-blue-64-gb/p/itmdb8902b0c9344?pid=MOBGYQ6BXH69VAJY&lid=LSTMOBGYQ6BXH69VAJYWCT1R1&marketplace=FLIPKART&q=smart+phones&store=tyy%2F4io&srno=s_13_310&otracker=search&fm=organic&iid=3d7ea322-39db-407f-8e58-d613ab09150f.MOBGYQ6BXH69VAJY.SEARCH&ppt=None&ppn=None&ssid=dem4fxkgog0000001786766499445&qH=a5594894156db043&ov_redirect=true,2026-08-15
311,"POCO C71 (Desert Gold, 64 GB)",POCO,8999,,,3.8,"61,703","3,311",4 GB RAM,64 GB ROM,5200 mAh Battery,Unisoc T7250,17.48 cm (6.88 inch) HD+ Display,32MP Rear Camera | 8MP Front Camera,,https://www.flipkart.com/poco-c71-desert-gold-64-gb/p/itme3dc58af6a04b?pid=MOBHAFVJZ5CHWMH8&lid=LSTMOBHAFVJZ5CHWMH8MZ5M5D&marketplace=FLIPKART&q=smart+phones&store=tyy%2F4io&srno=s_13_311&otracker=search&fm=organic&iid=3d7ea322-39db-407f-8e58-d613ab09150f.MOBHAFVJZ5CHWMH8.SEARCH&ppt=None&ppn=None&ssid=dem4fxkgog0000001786766499445&qH=a5594894156db043&ov_redirect=true,2026-08-15
312,"POCO C71  - Locked with Airtel Prepaid (Desert Gold, 64 GB)",POCO,8999,,,3.8,"61,703","3,311",4 GB RAM,64 GB ROM,5200 mAh Battery,Unisoc T7250,17.48 cm (6.88 inch) HD+ Display,32MP Rear Camera | 8MP Front Camera,,https://www.flipkart.com/poco-c71-locked-airtel-prepaid-desert-gold-64-gb/p/itmb0bb5af15d090?pid=MOBHAFVJ5QYQMBRV&lid=LSTMOBHAFVJ5QYQMBRVX1X4P4&marketplace=FLIPKART&q=smart+phones&store=tyy%2F4io&srno=s_13_312&otracker=search&fm=organic&iid=3d7ea322-39db-407f-8e58-d613ab09150f.MOBHAFVJ5QYQMBRV.SEARCH&ppt=None&ppn=None&ssid=dem4fxkgog0000001786766499445&qH=a5594894156db043&ov_redirect=true,2026-08-15
313,"Motorola G34 5G (Ice Blue, 128 GB)",Motorola,14999,,,4.2,"1,41,906","9,889",8 GB RAM,128 GB ROM,5000 mAh Battery,Snapdragon 695 5G Processor,16.51 cm (6.5 inch) HD+ Display,50MP + 2MP | 16MP Front Camera,5G,https://www.flipkart.com/motorola-g34-5g-ice-blue-128-gb/p/itmc36bacc1f7bb0?pid=MOBGUFK4P2H9CY7Y&lid=LSTMOBGUFK4P2H9CY7Y4FYWMH&marketplace=FLIPKART&q=smart+phones&store=tyy%2F4io&srno=s_14_313&otracker=search&fm=organic&iid=2648d6a0-b785-47e0-837b-6a895ac87b4d.MOBGUFK4P2H9CY7Y.SEARCH&ppt=None&ppn=None&ssid=e1ahbpu5bk0000001786766502711&qH=a5594894156db043&ov_redirect=true,2026-08-15
314,"vivo T4x 5G (Marine Blue, 128 GB)",vivo,18999,19499,2% off,4.4,"1,40,192","8,589",8 GB RAM,128 GB ROM,6500 mAh Battery,Dimensity 7300 5G Processor,17.07 cm (6.72 inch) Display,50MP + 2MP | 8MP Front Camera,5G,https://www.flipkart.com/vivo-t4x-5g-marine-blue-128-gb/p/itm017656bdd097b?pid=MOBH9JUSZWZ5ZZAM&lid=LSTMOBH9JUSZWZ5ZZAMXLXFKW&marketplace=FLIPKART&q=smart+phones&store=tyy%2F4io&srno=s_14_314&otracker=search&fm=organic&iid=2648d6a0-b785-47e0-837b-6a895ac87b4d.MOBH9JUSZWZ5ZZAM.SEARCH&ppt=None&ppn=None&ssid=e1ahbpu5bk0000001786766502711&qH=a5594894156db043&ov_redirect=true,2026-08-15
315,"Apple iPhone 14 (Starlight, 128 GB)",Apple,54900,,,4.6,"2,81,460","11,463",,,,"A15 Bionic Chip, 6 Core Processor Processor",15.49 cm (6.1 inch) Super Retina XDR Display,12MP + 12MP | 12MP Front Camera,,https://www.flipkart.com/apple-iphone-14-starlight-128-gb/p/itm3485a56f6e676?pid=MOBGHWFHABH3G73H&lid=LSTMOBGHWFHABH3G73HHJP0CG&marketplace=FLIPKART&q=smart+phones&store=tyy%2F4io&srno=s_14_315&otracker=search&fm=organic&iid=2648d6a0-b785-47e0-837b-6a895ac87b4d.MOBGHWFHABH3G73H.SEARCH&ppt=None&ppn=None&ssid=e1ahbpu5bk0000001786766502711&qH=a5594894156db043&ov_redirect=true,2026-08-15
316,"MOTOROLA g24 Power (Glacier Blue, 128 GB)",MOTOROLA,9999,11999,16% off,4.2,"15,341","1,133",4 GB RAM,128 GB ROM,6000 mAh Battery,Helio G85 Processor,16.76 cm (6.6 inch) HD+ Display,50MP + 2MP | 16MP Front Camera,,https://www.flipkart.com/motorola-g24-power-glacier-blue-128-gb/p/itm766650509967e?pid=MOBGUFK4FEVX2D5T&lid=LSTMOBGUFK4FEVX2D5TLQB9XK&marketplace=FLIPKART&q=smart+phones&store=tyy%2F4io&srno=s_14_316&otracker=search&fm=organic&iid=2648d6a0-b785-47e0-837b-6a895ac87b4d.MOBGUFK4FEVX2D5T.SEARCH&ppt=None&ppn=None&ssid=e1ahbpu5bk0000001786766502711&qH=a5594894156db043&ov_redirect=true,2026-08-15
317,"POCO M8 Power 5G (Blaze Orange, 128 GB)",POCO,24999,54999,54% off,4.1,137,22,6 GB RAM,128 GB ROM,8000 mAh Lithium-Ion Polymer Battery,Snapdragon Gen 4 Processor,17.75 cm (6.99 inch) Full HD+ AMOLED Display,50MP Rear Camera | 8MP Front Camera,,https://www.flipkart.com/poco-m8-power-5g-blaze-orange-128-gb/p/itm0edc1dd6b4e42?pid=MOBHPCYNPNCJG2UV&lid=LSTMOBHPCYNPNCJG2UVUHFGWJ&marketplace=FLIPKART&q=smart+phones&store=tyy%2F4io&srno=s_14_317&otracker=search&fm=organic&iid=en_M3lxMrHdsPv0Dxf75AQcqlauLY8NehIy_U33qMd7zWq3iCSJVjWfaD4u8FtNr538EK7BPGhfiP-wXnlDI_-NLYaMW1YyD3IHNTgs5o1M5-yzzcV-mpt2iE8cbL1Yl3rD&ppt=None&ppn=None&ssid=e1ahbpu5bk0000001786766502711&qH=a5594894156db043&ov_redirect=true,2026-08-15
318,"Tecno Pova Curve 2 5G (Mystic Purple, 128 GB)",Tecno,31999,,,4.1,334,52,8 GB RAM,128 GB ROM,8000 mAh Lithium Polymer Battery,,17.22 cm (6.78 inch) Full HD+ AMOLED Display,50MP + 2MP | 13MP Front Camera,,https://www.flipkart.com/tecno-pova-curve-2-5g-mystic-purple-128-gb/p/itm1160d6853298d?pid=MOBHK67SYBZBUMKW&lid=LSTMOBHK67SYBZBUMKWSRFJQI&marketplace=FLIPKART&q=smart+phones&store=tyy%2F4io&srno=s_14_318&otracker=search&fm=organic&iid=en_M3lxMrHdsPv0Dxf75AQcqlauLY8NehIy_U33qMd7zWpDGovfhZSAZq5sROZJ-HtBnUPTHj857kjWkpu3GaZIQf2GJOfeiJVYIMFMZuP-eGuzzcV-mpt2iE8cbL1Yl3rD&ppt=None&ppn=None&ssid=e1ahbpu5bk0000001786766502711&qH=a5594894156db043&ov_redirect=true,2026-08-15
319,"POCO C75 5G (Enchanted Green, 128 GB)",POCO,11499,,,4.2,"1,49,619","7,652",4 GB RAM,128 GB ROM,5160 mAh Battery,4s Gen 2 5G Processor,17.48 cm (6.88 inch) HD+ Display,50MP Rear Camera | 5MP Front Camera,5G,https://www.flipkart.com/poco-c75-5g-enchanted-green-128-gb/p/itm39bf2169e7f3e?pid=MOBHBC3WQFWJX29G&lid=LSTMOBHBC3WQFWJX29GXEY98P&marketplace=FLIPKART&q=smart+phones&store=tyy%2F4io&srno=s_14_319&otracker=search&fm=organic&iid=2648d6a0-b785-47e0-837b-6a895ac87b4d.MOBHBC3WQFWJX29G.SEARCH&ppt=None&ppn=None&ssid=e1ahbpu5bk0000001786766502711&qH=a5594894156db043&ov_redirect=true,2026-08-15
320,"POCO M6 5G (Polaris Green, 64 GB)",POCO,8999,11999,25% off,4.1,"1,40,253","7,211",4 GB RAM,64 GB ROM,5000 mAh Battery,Mediatek Dimensity 6100+ Processor,17.12 cm (6.74 inch) HD+ Display,50MP Rear Camera | 5MP Front Camera,,https://www.flipkart.com/poco-m6-5g-polaris-green-64-gb/p/itm2414d823b78ca?pid=MOBH2MFGSGNCBZHB&lid=LSTMOBH2MFGSGNCBZHBM5MN4J&marketplace=FLIPKART&q=smart+phones&store=tyy%2F4io&srno=s_14_320&otracker=search&fm=organic&iid=2648d6a0-b785-47e0-837b-6a895ac87b4d.MOBH2MFGSGNCBZHB.SEARCH&ppt=None&ppn=None&ssid=e1ahbpu5bk0000001786766502711&qH=a5594894156db043&ov_redirect=true,2026-08-15
321,"Tecno Spark Go 3 (Galaxy Blue, 64 GB)",Tecno,12499,15999,21% off,4,159,10,4 GB RAM,64 GB ROM,5000 mAh Lithium Polymer Battery,T7250 Processor,17.12 cm (6.74 inch) HD+ Display,13MP Rear Camera | 8MP Front Camera,,https://www.flipkart.com/tecno-spark-go-3-galaxy-blue-64-gb/p/itma9c8f128a61c6?pid=MOBHP2QYFPVRGYKZ&lid=LSTMOBHP2QYFPVRGYKZGBFHIL&marketplace=FLIPKART&q=smart+phones&store=tyy%2F4io&srno=s_14_321&otracker=search&fm=organic&iid=en_M3lxMrHdsPv0Dxf75AQcqlauLY8NehIy_U33qMd7zWorc6id-MCYyHV58gSTaJs6Fpl-XThq4DgPqa3JUYWaDQx8rW6MZkpD852G02CKM5uzzcV-mpt2iE8cbL1Yl3rD&ppt=None&ppn=None&ssid=e1ahbpu5bk0000001786766502711&qH=a5594894156db043&ov_redirect=true,2026-08-15
322,"POCO M8 Power 5G (Black, 128 GB)",POCO,27999,59999,53% off,3.9,27,2,8 GB RAM,128 GB ROM,8000 mAh Lithium-Ion Polymer Battery,Snapdragon Gen 4 Processor,17.75 cm (6.99 inch) Full HD+ AMOLED Display,50MP Rear Camera | 8MP Front Camera,,https://www.flipkart.com/poco-m8-power-5g-black-128-gb/p/itm822601a413dff?pid=MOBHPCYNSNYCGRDN&lid=LSTMOBHPCYNSNYCGRDNMJJBOM&marketplace=FLIPKART&q=smart+phones&store=tyy%2F4io&srno=s_14_322&otracker=search&fm=organic&iid=en_M3lxMrHdsPv0Dxf75AQcqlauLY8NehIy_U33qMd7zWqMbyBAxXWnD-FUESj9MvUH_k1OvlgE3DnuQ2Pir0TjxoaMW1YyD3IHNTgs5o1M5-yzzcV-mpt2iE8cbL1Yl3rD&ppt=None&ppn=None&ssid=e1ahbpu5bk0000001786766502711&qH=a5594894156db043&ov_redirect=true,2026-08-15
323,"POCO C61 (Ethereal Blue, 64 GB)",POCO,6980,8999,22% off,4.1,"1,11,054","4,674",4 GB RAM,64 GB ROM,5000 mAh Battery,Helio G36 Processor,17.04 cm (6.71 inch) HD+ Display,8MP Rear Camera | 5MP Front Camera,,https://www.flipkart.com/poco-c61-ethereal-blue-64-gb/p/itm1ad43e7c80ab8?pid=MOBH92ADWH3ZKKGA&lid=LSTMOBH92ADWH3ZKKGAPB4OBL&marketplace=FLIPKART&q=smart+phones&store=tyy%2F4io&srno=s_14_323&otracker=search&fm=organic&iid=2648d6a0-b785-47e0-837b-6a895ac87b4d.MOBH92ADWH3ZKKGA.SEARCH&ppt=None&ppn=None&ssid=e1ahbpu5bk0000001786766502711&qH=a5594894156db043&ov_redirect=true,2026-08-15
324,"POCO C71  - Locked with Airtel Prepaid (Power Black, 64 GB)",POCO,8999,,,3.8,"61,703","3,311",4 GB RAM,64 GB ROM,5200 mAh Battery,Unisoc T7250,17.48 cm (6.88 inch) HD+ Display,32MP Rear Camera | 8MP Front Camera,,https://www.flipkart.com/poco-c71-locked-airtel-prepaid-power-black-64-gb/p/itm24887c72b7130?pid=MOBHAFVJMF328YYJ&lid=LSTMOBHAFVJMF328YYJBDTRPK&marketplace=FLIPKART&q=smart+phones&store=tyy%2F4io&srno=s_14_324&otracker=search&fm=organic&iid=2648d6a0-b785-47e0-837b-6a895ac87b4d.MOBHAFVJMF328YYJ.SEARCH&ppt=None&ppn=None&ssid=e1ahbpu5bk0000001786766502711&qH=a5594894156db043&ov_redirect=true,2026-08-15
325,"POCO M6 5G (Galactic Black, 64 GB)",POCO,8999,11999,25% off,4.1,"1,40,253","7,211",4 GB RAM,64 GB ROM,5000 mAh Battery,Mediatek Dimensity 6100+ Processor,17.12 cm (6.74 inch) HD+ Display,50MP Rear Camera | 5MP Front Camera,,https://www.flipkart.com/poco-m6-5g-galactic-black-64-gb/p/itm4c00882e0ad97?pid=MOBH2MFGXY7CCHFK&lid=LSTMOBH2MFGXY7CCHFKYFKGDP&marketplace=FLIPKART&q=smart+phones&store=tyy%2F4io&srno=s_14_325&otracker=search&fm=organic&iid=2648d6a0-b785-47e0-837b-6a895ac87b4d.MOBH2MFGXY7CCHFK.SEARCH&ppt=None&ppn=None&ssid=e1ahbpu5bk0000001786766502711&qH=a5594894156db043&ov_redirect=true,2026-08-15
326,"Infinix SMART 10 (Twilight Gold, 64 GB)",Infinix,11999,,,4.3,"1,282",94,4 GB RAM,64 GB ROM,5000 mAh Battery,UniSoc T7250 Processor,16.94 cm (6.67 inch) HD+ Display,8MP Rear Camera | 8MP Front Camera,,https://www.flipkart.com/infinix-smart-10-twilight-gold-64-gb/p/itm0bde9cee1963a?pid=MOBHDVGSYQ7Z3AYP&lid=LSTMOBHDVGSYQ7Z3AYPBBWMOI&marketplace=FLIPKART&q=smart+phones&store=tyy%2F4io&srno=s_14_326&otracker=search&fm=organic&iid=2648d6a0-b785-47e0-837b-6a895ac87b4d.MOBHDVGSYQ7Z3AYP.SEARCH&ppt=None&ppn=None&ssid=e1ahbpu5bk0000001786766502711&qH=a5594894156db043&ov_redirect=true,2026-08-15
327,"POCO M8 Power 5G (Black, 128 GB)",POCO,24999,54999,54% off,4.1,137,22,6 GB RAM,128 GB ROM,8000 mAh Lithium-Ion Polymer Battery,Snapdragon Gen 4 Processor,17.75 cm (6.99 inch) Full HD+ AMOLED Display,50MP Rear Camera | 8MP Front Camera,,https://www.flipkart.com/poco-m8-power-5g-black-128-gb/p/itm3a60b0817a5c5?pid=MOBHPCYN7CHENHFF&lid=LSTMOBHPCYN7CHENHFFR4XY1I&marketplace=FLIPKART&q=smart+phones&store=tyy%2F4io&srno=s_14_327&otracker=search&fm=organic&iid=en_M3lxMrHdsPv0Dxf75AQcqlauLY8NehIy_U33qMd7zWrjfGAHIxI_6n6jCVQyGrpq0hDu5eI1qQO-Jkn-adEUHoaMW1YyD3IHNTgs5o1M5-yzzcV-mpt2iE8cbL1Yl3rD&ppt=None&ppn=None&ssid=e1ahbpu5bk0000001786766502711&qH=a5594894156db043&ov_redirect=true,2026-08-15
328,"POCO M8 Power 5G (Blaze Orange, 128 GB)",POCO,27999,59999,53% off,3.9,27,2,8 GB RAM,128 GB ROM,8000 mAh Lithium-Ion Polymer Battery,Snapdragon Gen 4 Processor,17.75 cm (6.99 inch) Full HD+ AMOLED Display,50MP Rear Camera | 8MP Front Camera,,https://www.flipkart.com/poco-m8-power-5g-blaze-orange-128-gb/p/itme6ed250ab73df?pid=MOBHPCYNFWHRJD8C&lid=LSTMOBHPCYNFWHRJD8C5JT1AV&marketplace=FLIPKART&q=smart+phones&store=tyy%2F4io&srno=s_14_328&otracker=search&fm=organic&iid=en_M3lxMrHdsPv0Dxf75AQcqlauLY8NehIy_U33qMd7zWrSuoMA906JGfdJfW-Ue_33aOpuwoUX2M8_5zLnonDDSYaMW1YyD3IHNTgs5o1M5-yzzcV-mpt2iE8cbL1Yl3rD&ppt=None&ppn=None&ssid=e1ahbpu5bk0000001786766502711&qH=a5594894156db043&ov_redirect=true,2026-08-15
329,"POCO C61 (Ethereal Blue, 128 GB)",POCO,8499,9999,15% off,4.2,"8,686",318,6 GB RAM,128 GB ROM,5000 mAh Battery,Helio G36 Processor,17.04 cm (6.71 inch) HD+ Display,8MP Rear Camera | 5MP Front Camera,,https://www.flipkart.com/poco-c61-ethereal-blue-128-gb/p/itm57e6bcdef80d2?pid=MOBGZ8P7XJXTYD3P&lid=LSTMOBGZ8P7XJXTYD3PHQWIOQ&marketplace=FLIPKART&q=smart+phones&store=tyy%2F4io&srno=s_14_329&otracker=search&fm=organic&iid=2648d6a0-b785-47e0-837b-6a895ac87b4d.MOBGZ8P7XJXTYD3P.SEARCH&ppt=None&ppn=None&ssid=e1ahbpu5bk0000001786766502711&qH=a5594894156db043&ov_redirect=true,2026-08-15
330,"POCO C61  - Locked with Airtel Prepaid (Mystical Green, 64 GB)",POCO,7499,8999,16% off,4.1,"1,11,054","4,674",4 GB RAM,64 GB ROM,5000 mAh Battery,Helio G36 Processor,17.04 cm (6.71 inch) HD+ Display,8MP Rear Camera | 5MP Front Camera,,https://www.flipkart.com/poco-c61-locked-airtel-prepaid-mystical-green-64-gb/p/itmb573691797f80?pid=MOBH2N3FTMWGUJM8&lid=LSTMOBH2N3FTMWGUJM8WHMPCR&marketplace=FLIPKART&q=smart+phones&store=tyy%2F4io&srno=s_14_330&otracker=search&fm=organic&iid=2648d6a0-b785-47e0-837b-6a895ac87b4d.MOBH2N3FTMWGUJM8.SEARCH&ppt=None&ppn=None&ssid=e1ahbpu5bk0000001786766502711&qH=a5594894156db043&ov_redirect=true,2026-08-15
331,"POCO M8 Power 5G (Green, 128 GB)",POCO,24999,54999,54% off,4.1,137,22,6 GB RAM,128 GB ROM,8000 mAh Lithium-Ion Polymer Battery,Snapdragon Gen 4 Processor,17.75 cm (6.99 inch) Full HD+ AMOLED Display,50MP Rear Camera | 8MP Front Camera,,https://www.flipkart.com/poco-m8-power-5g-green-128-gb/p/itmd5d508dcd6172?pid=MOBHPCYNBFXP5TG9&lid=LSTMOBHPCYNBFXP5TG9ASUJFA&marketplace=FLIPKART&q=smart+phones&store=tyy%2F4io&srno=s_14_331&otracker=search&fm=organic&iid=en_M3lxMrHdsPv0Dxf75AQcqlauLY8NehIy_U33qMd7zWo8fFBBPv_YCaRxph2x1tjE_N4E3AsEKrNxNkYcmLb_TYaMW1YyD3IHNTgs5o1M5-yzzcV-mpt2iE8cbL1Yl3rD&ppt=None&ppn=None&ssid=e1ahbpu5bk0000001786766502711&qH=a5594894156db043&ov_redirect=true,2026-08-15
332,"POCO M8 Power 5G (Green, 128 GB)",POCO,27999,59999,53% off,3.9,27,2,8 GB RAM,128 GB ROM,8000 mAh Lithium-Ion Polymer Battery,Snapdragon Gen 4 Processor,17.75 cm (6.99 inch) Full HD+ AMOLED Display,50MP Rear Camera | 8MP Front Camera,,https://www.flipkart.com/poco-m8-power-5g-green-128-gb/p/itmcb7a6d1f8e1fc?pid=MOBHPCYNPTEZQTHC&lid=LSTMOBHPCYNPTEZQTHCQZMRHO&marketplace=FLIPKART&q=smart+phones&store=tyy%2F4io&srno=s_14_332&otracker=search&fm=organic&iid=en_M3lxMrHdsPv0Dxf75AQcqlauLY8NehIy_U33qMd7zWrLYPYKkLStASP9Vo5NPxpaHmmQ0XidzSTnFCGkDRA6v4aMW1YyD3IHNTgs5o1M5-yzzcV-mpt2iE8cbL1Yl3rD&ppt=None&ppn=None&ssid=e1ahbpu5bk0000001786766502711&qH=a5594894156db043&ov_redirect=true,2026-08-15
333,"vivo T4x 5G (Pronto Purple, 128 GB)",vivo,18999,19499,2% off,4.4,"1,40,192","8,589",8 GB RAM,128 GB ROM,6500 mAh Battery,Dimensity 7300 5G Processor,17.07 cm (6.72 inch) Full HD+ Display,50MP + 2MP | 8MP Front Camera,5G,https://www.flipkart.com/vivo-t4x-5g-pronto-purple-128-gb/p/itm017656bdd097b?pid=MOBH9JUSZHCX3JRG&lid=LSTMOBH9JUSZHCX3JRGEPZVNT&marketplace=FLIPKART&q=smart+phones&store=tyy%2F4io&srno=s_14_333&otracker=search&fm=organic&iid=2648d6a0-b785-47e0-837b-6a895ac87b4d.MOBH9JUSZHCX3JRG.SEARCH&ppt=None&ppn=None&ssid=e1ahbpu5bk0000001786766502711&qH=a5594894156db043&ov_redirect=true,2026-08-15
334,"Infinix SMART 10 (Sleek Black, 64 GB)",Infinix,11999,,,4.3,"1,282",94,4 GB RAM,64 GB ROM,5000 mAh Battery,UniSoc T7250 Processor,16.94 cm (6.67 inch) HD+ Display,8MP Rear Camera | 8MP Front Camera,,https://www.flipkart.com/infinix-smart-10-sleek-black-64-gb/p/itm0bde9cee1963a?pid=MOBHDVGSPFX6ZAEG&lid=LSTMOBHDVGSPFX6ZAEGQYLPDK&marketplace=FLIPKART&q=smart+phones&store=tyy%2F4io&srno=s_14_334&otracker=search&fm=organic&iid=2648d6a0-b785-47e0-837b-6a895ac87b4d.MOBHDVGSPFX6ZAEG.SEARCH&ppt=None&ppn=None&ssid=e1ahbpu5bk0000001786766502711&qH=a5594894156db043&ov_redirect=true,2026-08-15
335,"POCO C85x (Sunset Gold, 128 GB)",POCO,14999,21999,31% off,4.2,"5,272",671,4 GB RAM,128 GB ROM,6300 mAh Lithium-Ion Polymer Battery,T8300 Processor,17.53 cm (6.9 inch) HD+ Display,32MP Rear Camera,,https://www.flipkart.com/poco-c85x-sunset-gold-128-gb/p/itm5e970a19e6ad3?pid=MOBHMGG5BR94DQRY&lid=LSTMOBHMGG5BR94DQRY8N6NYY&marketplace=FLIPKART&q=smart+phones&store=tyy%2F4io&srno=s_14_335&otracker=search&fm=organic&iid=2648d6a0-b785-47e0-837b-6a895ac87b4d.MOBHMGG5BR94DQRY.SEARCH&ppt=None&ppn=None&ssid=e1ahbpu5bk0000001786766502711&qH=a5594894156db043&ov_redirect=true,2026-08-15
336,"POCO C71 (Power Black, 64 GB)",POCO,8999,,,3.8,"61,703","3,311",4 GB RAM,64 GB ROM,5200 mAh Battery,Unisoc T7250,17.48 cm (6.88 inch) HD+ Display,32MP Rear Camera | 8MP Front Camera,,https://www.flipkart.com/poco-c71-power-black-64-gb/p/itmfb6380853ba44?pid=MOBHAFVJVYASFAXY&lid=LSTMOBHAFVJVYASFAXYSGHCGH&marketplace=FLIPKART&q=smart+phones&store=tyy%2F4io&srno=s_14_336&otracker=search&fm=organic&iid=2648d6a0-b785-47e0-837b-6a895ac87b4d.MOBHAFVJVYASFAXY.SEARCH&ppt=None&ppn=None&ssid=e1ahbpu5bk0000001786766502711&qH=a5594894156db043&ov_redirect=true,2026-08-15
