S.No,Product Name,Brand,Price,Original Price,Discount,Rating,Rating Count,Review Count,RAM,ROM,Battery,Processor,Display Size,Camera,Network Type,Product URL,Scraped Date
1,"HMD VIBE2 5G (Nordic Blue, 128 GB)",HMD,18999,24999,24% off,4.4,279,14,6 GB RAM,128 GB ROM,6000 mAh Li-Poly Battery,,17.02 cm (6.7 inch) HD+ Display,50MP Rear Camera | 8MP Front Camera,,https://www.flipkart.com/hmd-vibe2-5g-nordic-blue-128-gb/p/itm71c3ae6df2a26?pid=MOBHNS6YYSAJPVHZ&lid=LSTMOBHNS6YYSAJPVHZHEOKCG&marketplace=FLIPKART&q=smart+phones&store=tyy%2F4io&srno=s_1_1&otracker=search&fm=organic&iid=1bc0831e-fdcf-4019-a6c7-a0a487fad446.MOBHNS6YYSAJPVHZ.SEARCH&ppt=None&ppn=None&ssid=dx62p211340000001785564802676&qH=a5594894156db043&ov_redirect=true,2026-08-01
2,"realme P4 Lite (Sea Blue, 64 GB)",realme,12999,24999,48% off,4,"4,651",287,4 GB RAM,64 GB ROM,6300 mAh Battery,T7250 Processor,17.14 cm (6.75 inch) HD+ Display,13MP Rear Camera | 5MP Front Camera,,https://www.flipkart.com/realme-p4-lite-sea-blue-64-gb/p/itm029fbc88fdc91?pid=MOBHMX7KEQPFYJ5U&lid=LSTMOBHMX7KEQPFYJ5UZUBNOT&marketplace=FLIPKART&q=smart+phones&store=tyy%2F4io&srno=s_1_2&otracker=search&fm=organic&iid=1bc0831e-fdcf-4019-a6c7-a0a487fad446.MOBHMX7KEQPFYJ5U.SEARCH&ppt=None&ppn=None&ssid=dx62p211340000001785564802676&qH=a5594894156db043&ov_redirect=true,2026-08-01
3,"Ai+ Pulse 2 (Purple, 64 GB)",Ai+,10999,,,4.2,"6,892",407,4 GB RAM,64 GB ROM,6000 mAh Battery,T7250 Processor,17.13 cm (6.745 inch) HD+ Display,50MP Rear Camera | 8MP Front Camera,,https://www.flipkart.com/ai-pulse-2-purple-64-gb/p/itmdc910ae2ff0c1?pid=MOBHKHPYQHGDVRTG&lid=LSTMOBHKHPYQHGDVRTGJBHZI8&marketplace=FLIPKART&q=smart+phones&store=tyy%2F4io&srno=s_1_3&otracker=search&fm=organic&iid=1bc0831e-fdcf-4019-a6c7-a0a487fad446.MOBHKHPYQHGDVRTG.SEARCH&ppt=None&ppn=None&ssid=dx62p211340000001785564802676&qH=a5594894156db043&ov_redirect=true,2026-08-01
4,"MOTOROLA g37 (PANTONE Impenetrable, 64 GB)",MOTOROLA,13999,24999,44% off,4.3,"1,861",100,4 GB RAM,64 GB ROM,5200 mAh Battery,Dimensity 6400 Processor,16.92 cm (6.66 inch) HD+ Display,50MP Rear Camera | 8MP Front Camera,,https://www.flipkart.com/motorola-g37-pantone-impenetrable-64-gb/p/itm40c0c7bcb21fc?pid=MOBHHWB6GWE2CKHU&lid=LSTMOBHHWB6GWE2CKHUQEA6X8&marketplace=FLIPKART&q=smart+phones&store=tyy%2F4io&srno=s_1_4&otracker=search&fm=organic&iid=1bc0831e-fdcf-4019-a6c7-a0a487fad446.MOBHHWB6GWE2CKHU.SEARCH&ppt=None&ppn=None&ssid=dx62p211340000001785564802676&qH=a5594894156db043&ov_redirect=true,2026-08-01
5,"Ai+ Nova 2 Neo 5G (Blue, 64 GB)",Ai+,13999,17999,22% off,4.4,564,86,4 GB RAM,64 GB ROM,6000 mAh Li-polymer Battery,Dimensity 6300 Processor,17.13 cm (6.745 inch) HD+ Display,48MP Rear Camera | 8MP Front Camera,,https://www.flipkart.com/ai-nova-2-neo-5g-blue-64-gb/p/itm9cecebc4cb5bb?pid=MOBHZ8ZMUE2GBADZ&lid=LSTMOBHZ8ZMUE2GBADZGIDDQX&marketplace=FLIPKART&q=smart+phones&store=tyy%2F4io&srno=s_1_5&otracker=search&fm=organic&iid=1bc0831e-fdcf-4019-a6c7-a0a487fad446.MOBHZ8ZMUE2GBADZ.SEARCH&ppt=None&ppn=None&ssid=dx62p211340000001785564802676&qH=a5594894156db043&ov_redirect=true,2026-08-01
6,"Ai+ Nova 2 Neo 5G (Blue, 128 GB)",Ai+,16999,19999,15% off,4.2,405,43,6 GB RAM,128 GB ROM,6000 mAh Li-polymer Battery,Dimensity 6300 Processor,17.13 cm (6.745 inch) HD+ Display,48MP Rear Camera | 8MP Front Camera,,https://www.flipkart.com/ai-nova-2-neo-5g-blue-128-gb/p/itmbe9c32c02c347?pid=MOBHZ8ZMMVSHPYKG&lid=LSTMOBHZ8ZMMVSHPYKGK2DZD5&marketplace=FLIPKART&q=smart+phones&store=tyy%2F4io&srno=s_1_6&otracker=search&fm=organic&iid=1bc0831e-fdcf-4019-a6c7-a0a487fad446.MOBHZ8ZMMVSHPYKG.SEARCH&ppt=None&ppn=None&ssid=dx62p211340000001785564802676&qH=a5594894156db043&ov_redirect=true,2026-08-01
7,"realme P4 Lite (Beach Gold, 128 GB)",realme,13999,,,4,"4,651",287,4 GB RAM,128 GB ROM,6300 mAh Battery,T7250 Processor,17.14 cm (6.75 inch) HD+ Display,13MP Rear Camera | 5MP Front Camera,,https://www.flipkart.com/realme-p4-lite-beach-gold-128-gb/p/itm534024e2339ef?pid=MOBHK685K37ZCSPU&lid=LSTMOBHK685K37ZCSPUTZ3SXB&marketplace=FLIPKART&q=smart+phones&store=tyy%2F4io&srno=s_1_7&otracker=search&fm=organic&iid=1bc0831e-fdcf-4019-a6c7-a0a487fad446.MOBHK685K37ZCSPU.SEARCH&ppt=None&ppn=None&ssid=dx62p211340000001785564802676&qH=a5594894156db043&ov_redirect=true,2026-08-01
8,"Ai+ Pulse 2 (Green, 64 GB)",Ai+,10999,,,4.2,"6,892",407,4 GB RAM,64 GB ROM,6000 mAh Battery,T7250 Processor,17.13 cm (6.745 inch) HD+ Display,50MP Rear Camera | 8MP Front Camera,,https://www.flipkart.com/ai-pulse-2-green-64-gb/p/itm8475838cc2064?pid=MOBHKHPYZHDPMZSR&lid=LSTMOBHKHPYZHDPMZSRLBINVS&marketplace=FLIPKART&q=smart+phones&store=tyy%2F4io&srno=s_1_8&otracker=search&fm=organic&iid=1bc0831e-fdcf-4019-a6c7-a0a487fad446.MOBHKHPYZHDPMZSR.SEARCH&ppt=None&ppn=None&ssid=dx62p211340000001785564802676&qH=a5594894156db043&ov_redirect=true,2026-08-01
9,"Ai+ Pulse 2 (Blue, 64 GB)",Ai+,10999,,,4.2,"6,892",407,4 GB RAM,64 GB ROM,6000 mAh Battery,T7250 Processor,17.13 cm (6.745 inch) HD+ Display,50MP Rear Camera | 8MP Front Camera,,https://www.flipkart.com/ai-pulse-2-blue-64-gb/p/itm9168504534079?pid=MOBHKHPYZFF8KUPC&lid=LSTMOBHKHPYZFF8KUPCXXI7UT&marketplace=FLIPKART&q=smart+phones&store=tyy%2F4io&srno=s_1_9&otracker=search&fm=organic&iid=1bc0831e-fdcf-4019-a6c7-a0a487fad446.MOBHKHPYZFF8KUPC.SEARCH&ppt=None&ppn=None&ssid=dx62p211340000001785564802676&qH=a5594894156db043&ov_redirect=true,2026-08-01
10,"MOTOROLA g37 power (PANTONE Capri, 64 GB)",MOTOROLA,14999,26499,43% off,4.2,"2,943",351,4 GB RAM,64 GB ROM,7000 mAh Battery,Dimensity 6400 Processor,16.92 cm (6.66 inch) HD+ Display,50MP Rear Camera | 8MP Front Camera,,https://www.flipkart.com/motorola-g37-power-pantone-capri-64-gb/p/itmde5e2403ff964?pid=MOBHMHG65H7QGMHS&lid=LSTMOBHMHG65H7QGMHS4CXIMU&marketplace=FLIPKART&q=smart+phones&store=tyy%2F4io&srno=s_1_10&otracker=search&fm=organic&iid=1bc0831e-fdcf-4019-a6c7-a0a487fad446.MOBHMHG65H7QGMHS.SEARCH&ppt=None&ppn=None&ssid=dx62p211340000001785564802676&qH=a5594894156db043&ov_redirect=true,2026-08-01
11,"MOTOROLA g06 power (Pantone tapestry, 64 GB)",MOTOROLA,13999,19999,30% off,4.2,"21,447","1,467",4 GB RAM,64 GB ROM,7000 mAh Battery,Helio G81 Processor,17.48 cm (6.88 inch) HD+ Display,50MP Rear Camera | 8MP Front Camera,,https://www.flipkart.com/motorola-g06-power-pantone-tapestry-64-gb/p/itm29390fa68401d?pid=MOBHN973FFYHGUGG&lid=LSTMOBHN973FFYHGUGG27JKDQ&marketplace=FLIPKART&q=smart+phones&store=tyy%2F4io&srno=s_1_11&otracker=search&fm=organic&iid=1bc0831e-fdcf-4019-a6c7-a0a487fad446.MOBHN973FFYHGUGG.SEARCH&ppt=None&ppn=None&ssid=dx62p211340000001785564802676&qH=a5594894156db043&ov_redirect=true,2026-08-01
12,"Ai+ Nova 2 Neo 5G (Black, 64 GB)",Ai+,13999,17999,22% off,4.4,564,86,4 GB RAM,64 GB ROM,6000 mAh Li-polymer Battery,Dimensity 6300 Processor,17.13 cm (6.745 inch) HD+ Display,48MP Rear Camera | 8MP Front Camera,,https://www.flipkart.com/ai-nova-2-neo-5g-black-64-gb/p/itmcd9f38718a156?pid=MOBHZ8ZM7HKHGBZ8&lid=LSTMOBHZ8ZM7HKHGBZ8SKMNDP&marketplace=FLIPKART&q=smart+phones&store=tyy%2F4io&srno=s_1_12&otracker=search&fm=organic&iid=1bc0831e-fdcf-4019-a6c7-a0a487fad446.MOBHZ8ZM7HKHGBZ8.SEARCH&ppt=None&ppn=None&ssid=dx62p211340000001785564802676&qH=a5594894156db043&ov_redirect=true,2026-08-01
13,"MOTOROLA g37 (PANTONE Capri, 64 GB)",MOTOROLA,13999,24999,44% off,4.3,"1,861",100,4 GB RAM,64 GB ROM,5200 mAh Battery,Dimensity 6400 Processor,16.92 cm (6.66 inch) HD+ Display,50MP Rear Camera | 8MP Front Camera,,https://www.flipkart.com/motorola-g37-pantone-capri-64-gb/p/itm54f0e687c7b29?pid=MOBHHWB6U3Q3RYFD&lid=LSTMOBHHWB6U3Q3RYFDYGJVNO&marketplace=FLIPKART&q=smart+phones&store=tyy%2F4io&srno=s_1_13&otracker=search&fm=organic&iid=1bc0831e-fdcf-4019-a6c7-a0a487fad446.MOBHHWB6U3Q3RYFD.SEARCH&ppt=None&ppn=None&ssid=dx62p211340000001785564802676&qH=a5594894156db043&ov_redirect=true,2026-08-01
14,"realme C100x (Golden Coast, 64 GB)",realme,14999,29999,50% off,4,43,8,4 GB RAM,64 GB ROM,8000 mAh Battery,T7250 Processor,17.27 cm (6.8 inch) HD+ Display,50MP Rear Camera | 5MP Front Camera,,https://www.flipkart.com/realme-c100x-golden-coast-64-gb/p/itm488eb4026680c?pid=MOBHZMDTJ8MRNENF&lid=LSTMOBHZMDTJ8MRNENF0B9EB3&marketplace=FLIPKART&q=smart+phones&store=tyy%2F4io&srno=s_1_14&otracker=search&fm=organic&iid=1bc0831e-fdcf-4019-a6c7-a0a487fad446.MOBHZMDTJ8MRNENF.SEARCH&ppt=None&ppn=None&ssid=dx62p211340000001785564802676&qH=a5594894156db043&ov_redirect=true,2026-08-01
15,"MOTOROLA g37 power (PANTONE Impenetrable, 128 GB)",MOTOROLA,15999,30499,47% off,4.2,"2,943",351,4 GB RAM,128 GB ROM,7000 mAh Battery,Dimensity 6400 Processor,16.92 cm (6.66 inch) HD+ Display,50MP Rear Camera | 8MP Front Camera,,https://www.flipkart.com/motorola-g37-power-pantone-impenetrable-128-gb/p/itm566f6ada1190f?pid=MOBHHVFYC3QU3CAQ&lid=LSTMOBHHVFYC3QU3CAQGXXTZS&marketplace=FLIPKART&q=smart+phones&store=tyy%2F4io&srno=s_1_15&otracker=search&fm=organic&iid=1bc0831e-fdcf-4019-a6c7-a0a487fad446.MOBHHVFYC3QU3CAQ.SEARCH&ppt=None&ppn=None&ssid=dx62p211340000001785564802676&qH=a5594894156db043&ov_redirect=true,2026-08-01
16,"Ai+ Pulse 2 (Purple, 128 GB)",Ai+,11999,,,3.7,"6,742",621,6 GB RAM,128 GB ROM,6000 mAh Battery,T7250 Processor,17.13 cm (6.745 inch) HD+ Display,50MP Rear Camera | 8MP Front Camera,,https://www.flipkart.com/ai-pulse-2-purple-128-gb/p/itme2f16e3250c0c?pid=MOBHKHPYU6PB9BJR&lid=LSTMOBHKHPYU6PB9BJRTZH163&marketplace=FLIPKART&q=smart+phones&store=tyy%2F4io&srno=s_1_16&otracker=search&fm=organic&iid=1bc0831e-fdcf-4019-a6c7-a0a487fad446.MOBHKHPYU6PB9BJR.SEARCH&ppt=None&ppn=None&ssid=dx62p211340000001785564802676&qH=a5594894156db043&ov_redirect=true,2026-08-01
17,"MOTOROLA g37 power (PANTONE Capri, 128 GB)",MOTOROLA,15999,30499,47% off,4.2,"2,943",351,4 GB RAM,128 GB ROM,7000 mAh Battery,Dimensity 6400 Processor,16.92 cm (6.66 inch) HD+ Display,50MP Rear Camera | 8MP Front Camera,,https://www.flipkart.com/motorola-g37-power-pantone-capri-128-gb/p/itm30e95f8678f47?pid=MOBHHVFYHG7QUTDZ&lid=LSTMOBHHVFYHG7QUTDZUQRD2N&marketplace=FLIPKART&q=smart+phones&store=tyy%2F4io&srno=s_1_17&otracker=search&fm=organic&iid=1bc0831e-fdcf-4019-a6c7-a0a487fad446.MOBHHVFYHG7QUTDZ.SEARCH&ppt=None&ppn=None&ssid=dx62p211340000001785564802676&qH=a5594894156db043&ov_redirect=true,2026-08-01
18,"MOTOROLA g37 power (PANTONE Impenetrable, 64 GB)",MOTOROLA,14999,26499,43% off,4.2,"2,943",351,4 GB RAM,64 GB ROM,7000 mAh Battery,Dimensity 6400 Processor,16.92 cm (6.66 inch) HD+ Display,50MP Rear Camera | 8MP Front Camera,,https://www.flipkart.com/motorola-g37-power-pantone-impenetrable-64-gb/p/itm81d7e4cd8df99?pid=MOBHMHG6CCNS5UWR&lid=LSTMOBHMHG6CCNS5UWRI3ZOW4&marketplace=FLIPKART&q=smart+phones&store=tyy%2F4io&srno=s_1_18&otracker=search&fm=organic&iid=1bc0831e-fdcf-4019-a6c7-a0a487fad446.MOBHMHG6CCNS5UWR.SEARCH&ppt=None&ppn=None&ssid=dx62p211340000001785564802676&qH=a5594894156db043&ov_redirect=true,2026-08-01
19,"MOTOROLA Edge 70 (PANTONE Lily Pad, 256 GB)",MOTOROLA,27999,34999,20% off,4.4,"7,120",848,8 GB RAM,256 GB ROM,5000 mAh Battery,Snapdragon® 7 Gen 4 Processor,17.02 cm (6.7 inch) Full HD+ AMOLED Display,50MP + 50MP | 50MP Front Camera,,https://www.flipkart.com/motorola-edge-70-pantone-lily-pad-256-gb/p/itm565ee9cacadf0?pid=MOBHHWX6M5AGUBZR&lid=LSTMOBHHWX6M5AGUBZRY4LLUZ&marketplace=FLIPKART&q=smart+phones&store=tyy%2F4io&srno=s_1_19&otracker=search&fm=organic&iid=1bc0831e-fdcf-4019-a6c7-a0a487fad446.MOBHHWX6M5AGUBZR.SEARCH&ppt=None&ppn=None&ssid=dx62p211340000001785564802676&qH=a5594894156db043&ov_redirect=true,2026-08-01
20,"realme P4 5G (Steel Grey, 256 GB)",realme,28999,50999,43% off,4.4,"21,339","1,793",8 GB RAM,256 GB ROM,7000 mAh Battery,Mediatek Dimensity 7400 Processor,17.2 cm (6.77 inch) Display,50MP + 8MP | 16MP Front Camera,,https://www.flipkart.com/realme-p4-5g-steel-grey-256-gb/p/itmf836e6de035a5?pid=MOBHN7A8DRHCGTSU&lid=LSTMOBHN7A8DRHCGTSUBSMBDL&marketplace=FLIPKART&q=smart+phones&store=tyy%2F4io&srno=s_1_20&otracker=search&fm=organic&iid=1bc0831e-fdcf-4019-a6c7-a0a487fad446.MOBHN7A8DRHCGTSU.SEARCH&ppt=None&ppn=None&ssid=dx62p211340000001785564802676&qH=a5594894156db043&ov_redirect=true,2026-08-01
21,"MOTOROLA Edge 60 Fusion 5G (PANTONE Zephyr, 256 GB)",MOTOROLA,27999,37999,26% off,4.4,"47,387","3,237",12 GB RAM,256 GB ROM,5500 mAh Battery,Dimensity 7400 Processor,16.94 cm (6.67 inch) Display,50MP + 13MP | 32MP Front Camera,,https://www.flipkart.com/motorola-edge-60-fusion-5g-pantone-zephyr-256-gb/p/itm64e3872f24188?pid=MOBHN974GP9AXZEC&lid=LSTMOBHN974GP9AXZEC6NHT6R&marketplace=FLIPKART&q=smart+phones&store=tyy%2F4io&srno=s_1_21&otracker=search&fm=organic&iid=1bc0831e-fdcf-4019-a6c7-a0a487fad446.MOBHN974GP9AXZEC.SEARCH&ppt=None&ppn=None&ssid=dx62p211340000001785564802676&qH=a5594894156db043&ov_redirect=true,2026-08-01
22,"MOTOROLA g37 power (PANTONE Impenetrable, 128 GB)",MOTOROLA,19999,37999,47% off,4.1,660,58,8 GB RAM,128 GB ROM,7000 mAh Battery,Dimensity 6400 Processor,16.92 cm (6.66 inch) HD+ Display,50MP Rear Camera | 8MP Front Camera,,https://www.flipkart.com/motorola-g37-power-pantone-impenetrable-128-gb/p/itme156c3f7d6280?pid=MOBHMX5Y6G5HKRFS&lid=LSTMOBHMX5Y6G5HKRFSN2GAKT&marketplace=FLIPKART&q=smart+phones&store=tyy%2F4io&srno=s_1_22&otracker=search&fm=organic&iid=1bc0831e-fdcf-4019-a6c7-a0a487fad446.MOBHMX5Y6G5HKRFS.SEARCH&ppt=None&ppn=None&ssid=dx62p211340000001785564802676&qH=a5594894156db043&ov_redirect=true,2026-08-01
23,"Ai+ Nova 2 Pro 5G (Purple, 128 GB)",Ai+,17999,21999,18% off,4.1,689,89,6 GB RAM,128 GB ROM,6000 mAh Li-polymer Battery,Dimensity 7100 Processor,17.53 cm (6.9 inch) Full HD+ Display,48MP Rear Camera | 13MP Front Camera,,https://www.flipkart.com/ai-nova-2-pro-5g-purple-128-gb/p/itm95899429b0b18?pid=MOBHZ8ZMGVPHRQWP&lid=LSTMOBHZ8ZMGVPHRQWPFTQBJE&marketplace=FLIPKART&q=smart+phones&store=tyy%2F4io&srno=s_1_23&otracker=search&fm=organic&iid=1bc0831e-fdcf-4019-a6c7-a0a487fad446.MOBHZ8ZMGVPHRQWP.SEARCH&ppt=None&ppn=None&ssid=dx62p211340000001785564802676&qH=a5594894156db043&ov_redirect=true,2026-08-01
24,"MOTOROLA g37 (PANTONE Nautical Blue, 64 GB)",MOTOROLA,13999,24999,44% off,4.3,"1,861",100,4 GB RAM,64 GB ROM,5200 mAh Battery,Dimensity 6400 Processor,16.92 cm (6.66 inch) HD+ Display,50MP Rear Camera | 8MP Front Camera,,https://www.flipkart.com/motorola-g37-pantone-nautical-blue-64-gb/p/itm5d235b295291f?pid=MOBHHWB6YAKNZGPB&lid=LSTMOBHHWB6YAKNZGPBGLLTUW&marketplace=FLIPKART&q=smart+phones&store=tyy%2F4io&spotlightTagId=default_BestsellerId_tyy%2F4io&srno=s_1_24&otracker=search&fm=organic&iid=1bc0831e-fdcf-4019-a6c7-a0a487fad446.MOBHHWB6YAKNZGPB.SEARCH&ppt=None&ppn=None&ssid=dx62p211340000001785564802676&qH=a5594894156db043&ov_redirect=true,2026-08-01
25,"POCO C85x (Sunset Gold, 64 GB)",POCO,13999,20999,33% off,4.1,"4,065",232,4 GB RAM,64 GB ROM,6300 mAh Lithium-Ion Polymer Battery,T8300 Processor,17.53 cm (6.9 inch) HD+ Display,32MP Rear Camera,,https://www.flipkart.com/poco-c85x-sunset-gold-64-gb/p/itm6b8cdd362c306?pid=MOBHMGG5PYZRFMKU&lid=LSTMOBHMGG5PYZRFMKUWRLUZB&marketplace=FLIPKART&q=smart+phones&store=tyy%2F4io&srno=s_2_25&otracker=search&fm=organic&iid=6d7140bf-d0b5-4215-94c7-1f7351c2a3d2.MOBHMGG5PYZRFMKU.SEARCH&ppt=None&ppn=None&ssid=lrqpbf7esw0000001785564805846&qH=a5594894156db043&ov_redirect=true,2026-08-01
26,"vivo T5 Lite 44W 5G (Wave Blue, 128 GB)",vivo,21999,38499,42% off,4.1,261,31,6 GB RAM,128 GB ROM,6500 mAh Li-ion Battery,Dimensity 6300 5G Processor,17.12 cm (6.74 inch) Full HD Display,50MP + 0.08MP | 5MP Front Camera,5G,https://www.flipkart.com/vivo-t5-lite-44w-5g-wave-blue-128-gb/p/itm5420c578ec2df?pid=MOBHNDTD57UJUK9Q&lid=LSTMOBHNDTD57UJUK9QMGWRRW&marketplace=FLIPKART&q=smart+phones&store=tyy%2F4io&srno=s_2_26&otracker=search&fm=organic&iid=6d7140bf-d0b5-4215-94c7-1f7351c2a3d2.MOBHNDTD57UJUK9Q.SEARCH&ppt=None&ppn=None&ssid=lrqpbf7esw0000001785564805846&qH=a5594894156db043&ov_redirect=true,2026-08-01
27,"MOTOROLA Edge 70 Fusion (Pantone BLUE SURF, 512 GB)",MOTOROLA,36999,64999,43% off,4.3,"3,336",363,12 GB RAM,512 GB ROM,7000 mAh Battery,Snapdragon 7s Gen 4 Processor,17.27 cm (6.8 inch) Super HD Display,50MP + 13MP | 32MP Front Camera,,https://www.flipkart.com/motorola-edge-70-fusion-pantone-blue-surf-512-gb/p/itm87b81fff91d44?pid=MOBHNSA6KGKFVSPF&lid=LSTMOBHNSA6KGKFVSPFPPKGGH&marketplace=FLIPKART&q=smart+phones&store=tyy%2F4io&srno=s_2_27&otracker=search&fm=organic&iid=6d7140bf-d0b5-4215-94c7-1f7351c2a3d2.MOBHNSA6KGKFVSPF.SEARCH&ppt=None&ppn=None&ssid=lrqpbf7esw0000001785564805846&qH=a5594894156db043&ov_redirect=true,2026-08-01
28,"Ai+ Nova 2 Neo 5G (Green, 64 GB)",Ai+,13999,17999,22% off,4.4,564,86,4 GB RAM,64 GB ROM,6000 mAh Li-polymer Battery,Dimensity 6300 Processor,17.13 cm (6.745 inch) HD+ Display,48MP Rear Camera | 8MP Front Camera,,https://www.flipkart.com/ai-nova-2-neo-5g-green-64-gb/p/itm20abd24609ecd?pid=MOBHZ8ZMVMJTY7EF&lid=LSTMOBHZ8ZMVMJTY7EFPHE5YT&marketplace=FLIPKART&q=smart+phones&store=tyy%2F4io&spotlightTagId=default_TrendingId_tyy%2F4io&srno=s_2_28&otracker=search&fm=organic&iid=6d7140bf-d0b5-4215-94c7-1f7351c2a3d2.MOBHZ8ZMVMJTY7EF.SEARCH&ppt=None&ppn=None&ssid=lrqpbf7esw0000001785564805846&qH=a5594894156db043&ov_redirect=true,2026-08-01
29,"POCO C85 5G (Mystic Purple, 128 GB)",POCO,16499,20999,21% off,3.8,"2,137",221,4 GB RAM,128 GB ROM,6000 mAh Lithium-Ion Polymer Battery,Dimensity 6300 Processor,17.53 cm (6.9 inch) HD+ Display,50MP Rear Camera | 8MP Front Camera,,https://www.flipkart.com/poco-c85-5g-mystic-purple-128-gb/p/itm74e2143a5de24?pid=MOBHMGG5UZHEVJBK&lid=LSTMOBHMGG5UZHEVJBKEMSDJS&marketplace=FLIPKART&q=smart+phones&store=tyy%2F4io&srno=s_2_29&otracker=search&fm=organic&iid=6d7140bf-d0b5-4215-94c7-1f7351c2a3d2.MOBHMGG5UZHEVJBK.SEARCH&ppt=None&ppn=None&ssid=lrqpbf7esw0000001785564805846&qH=a5594894156db043&ov_redirect=true,2026-08-01
30,"MOTOROLA g37 power (PANTONE Capri, 128 GB)",MOTOROLA,19999,37999,47% off,4.1,660,58,8 GB RAM,128 GB ROM,7000 mAh Battery,Dimensity 6400 Processor,16.92 cm (6.66 inch) HD+ Display,50MP Rear Camera | 8MP Front Camera,,https://www.flipkart.com/motorola-g37-power-pantone-capri-128-gb/p/itm5dc5774d4d5e9?pid=MOBHMX5YXCBREREH&lid=LSTMOBHMX5YXCBREREHUWKEDX&marketplace=FLIPKART&q=smart+phones&store=tyy%2F4io&srno=s_2_30&otracker=search&fm=organic&iid=6d7140bf-d0b5-4215-94c7-1f7351c2a3d2.MOBHMX5YXCBREREH.SEARCH&ppt=None&ppn=None&ssid=lrqpbf7esw0000001785564805846&qH=a5594894156db043&ov_redirect=true,2026-08-01
31,"Ai+ Pulse 2 (Black, 128 GB)",Ai+,11999,,,3.7,"6,742",621,6 GB RAM,128 GB ROM,6000 mAh Battery,T7250 Processor,17.13 cm (6.745 inch) HD+ Display,50MP Rear Camera | 8MP Front Camera,,https://www.flipkart.com/ai-pulse-2-black-128-gb/p/itm2bd64c011e879?pid=MOBHKHPYFVH2CKBW&lid=LSTMOBHKHPYFVH2CKBW74R6IA&marketplace=FLIPKART&q=smart+phones&store=tyy%2F4io&srno=s_2_31&otracker=search&fm=organic&iid=6d7140bf-d0b5-4215-94c7-1f7351c2a3d2.MOBHKHPYFVH2CKBW.SEARCH&ppt=None&ppn=None&ssid=lrqpbf7esw0000001785564805846&qH=a5594894156db043&ov_redirect=true,2026-08-01
32,"Apple iPhone 16 (Pink, 128 GB)",Apple,67900,69900,2% off,4.6,"1,95,271","8,194",,,,"A18 Chip, 6 Core Processor Processor",15.49 cm (6.1 inch) Super Retina XDR Display,48MP + 12MP | 12MP Front Camera,,https://www.flipkart.com/apple-iphone-16-pink-128-gb/p/itmc2e910b4d0b1c?pid=MOBH4DQFWJVDRSHM&lid=LSTMOBH4DQFWJVDRSHMQYAA7N&marketplace=FLIPKART&q=smart+phones&store=tyy%2F4io&srno=s_2_32&otracker=search&fm=organic&iid=6d7140bf-d0b5-4215-94c7-1f7351c2a3d2.MOBH4DQFWJVDRSHM.SEARCH&ppt=None&ppn=None&ssid=lrqpbf7esw0000001785564805846&qH=a5594894156db043&ov_redirect=true,2026-08-01
33,"MOTOROLA g57 power 5G Snapdragon (Pantone Fluidity, 128 GB)",MOTOROLA,21999,,,4.4,"52,097","3,693",8 GB RAM,128 GB ROM,7000 mAh Battery,6s Gen 4 Processor,17.07 cm (6.72 inch) Full HD+ Display,50MP + 8MP | 8MP Front Camera,,https://www.flipkart.com/motorola-g57-power-5g-snapdragon-pantone-fluidity-128-gb/p/itm91f63bac8cd0f?pid=MOBHN974M3HHQ7CT&lid=LSTMOBHN974M3HHQ7CTSKENUK&marketplace=FLIPKART&q=smart+phones&store=tyy%2F4io&srno=s_2_33&otracker=search&fm=organic&iid=6d7140bf-d0b5-4215-94c7-1f7351c2a3d2.MOBHN974M3HHQ7CT.SEARCH&ppt=None&ppn=None&ssid=lrqpbf7esw0000001785564805846&qH=a5594894156db043&ov_redirect=true,2026-08-01
34,"MOTOROLA Edge 70 (PANTONE Gadget Gray, 256 GB)",MOTOROLA,27999,34999,20% off,4.4,"7,120",848,8 GB RAM,256 GB ROM,5000 mAh Battery,Snapdragon® 7 Gen 4 Processor,17.02 cm (6.7 inch) Full HD+ AMOLED Display,50MP + 50MP | 50MP Front Camera,,https://www.flipkart.com/motorola-edge-70-pantone-gadget-gray-256-gb/p/itmbaf287a226a0f?pid=MOBHHWX6HMX4NZHR&lid=LSTMOBHHWX6HMX4NZHRGL8IWG&marketplace=FLIPKART&q=smart+phones&store=tyy%2F4io&srno=s_2_34&otracker=search&fm=organic&iid=6d7140bf-d0b5-4215-94c7-1f7351c2a3d2.MOBHHWX6HMX4NZHR.SEARCH&ppt=None&ppn=None&ssid=lrqpbf7esw0000001785564805846&qH=a5594894156db043&ov_redirect=true,2026-08-01
35,"MOTOROLA Signature (PANTONE Martini Olive, 512 GB)",MOTOROLA,62499,79999,21% off,4.5,866,156,16 GB RAM,512 GB ROM,5200 mAh Battery,Snapdragon 8 Gen 5 Processor,17.27 cm (6.8 inch) Super HD Display,50MP + 50MP + 50MP | 50MP Front Camera,,https://www.flipkart.com/motorola-signature-pantone-martini-olive-512-gb/p/itm74c2055820110?pid=MOBHGVJY6SUYWYTK&lid=LSTMOBHGVJY6SUYWYTKDFVCYR&marketplace=FLIPKART&q=smart+phones&store=tyy%2F4io&srno=s_2_35&otracker=search&fm=organic&iid=6d7140bf-d0b5-4215-94c7-1f7351c2a3d2.MOBHGVJY6SUYWYTK.SEARCH&ppt=None&ppn=None&ssid=lrqpbf7esw0000001785564805846&qH=a5594894156db043&ov_redirect=true,2026-08-01
36,"Samsung M06 5G (Sage Green, 128 GB)",Samsung,16868,18999,11% off,4.1,"2,246",156,6 GB RAM,128 GB ROM,5000 mAh Battery,,17.02 cm (6.7 inch) Display,50MP Rear Camera,,https://www.flipkart.com/samsung-m06-5g-sage-green-128-gb/p/itmcafa42dadc15c?pid=MOBH9UYF3VCXJ279&lid=LSTMOBH9UYF3VCXJ279J8OCEX&marketplace=FLIPKART&q=smart+phones&store=tyy%2F4io&srno=s_2_36&otracker=search&fm=organic&iid=6d7140bf-d0b5-4215-94c7-1f7351c2a3d2.MOBH9UYF3VCXJ279.SEARCH&ppt=None&ppn=None&ssid=lrqpbf7esw0000001785564805846&qH=a5594894156db043&ov_redirect=true,2026-08-01
37,"POCO C85x (Emerald Green, 64 GB)",POCO,13999,20999,33% off,4.1,"4,065",232,4 GB RAM,64 GB ROM,6300 mAh Lithium-Ion Polymer Battery,T8300 Processor,17.53 cm (6.9 inch) HD+ Display,32MP Rear Camera,,https://www.flipkart.com/poco-c85x-emerald-green-64-gb/p/itm96bce2b7909b7?pid=MOBHMGG5GHZKTSDZ&lid=LSTMOBHMGG5GHZKTSDZQAUGPC&marketplace=FLIPKART&q=smart+phones&store=tyy%2F4io&srno=s_2_37&otracker=search&fm=organic&iid=6d7140bf-d0b5-4215-94c7-1f7351c2a3d2.MOBHMGG5GHZKTSDZ.SEARCH&ppt=None&ppn=None&ssid=lrqpbf7esw0000001785564805846&qH=a5594894156db043&ov_redirect=true,2026-08-01
38,"Ai+ Pulse 2 (Pink, 64 GB)",Ai+,10999,,,4.2,"6,892",407,4 GB RAM,64 GB ROM,6000 mAh Battery,T7250 Processor,17.13 cm (6.745 inch) HD+ Display,50MP Rear Camera | 8MP Front Camera,,https://www.flipkart.com/ai-pulse-2-pink-64-gb/p/itmb3d9ab3459289?pid=MOBHKHPYGPUYAFQH&lid=LSTMOBHKHPYGPUYAFQHBVI3RO&marketplace=FLIPKART&q=smart+phones&store=tyy%2F4io&srno=s_2_38&otracker=search&fm=organic&iid=6d7140bf-d0b5-4215-94c7-1f7351c2a3d2.MOBHKHPYGPUYAFQH.SEARCH&ppt=None&ppn=None&ssid=lrqpbf7esw0000001785564805846&qH=a5594894156db043&ov_redirect=true,2026-08-01
39,"MOTOROLA Edge 60 Pro (Pantone Shadow, 256 GB)",MOTOROLA,33999,40999,17% off,4.3,"16,302","1,538",12 GB RAM,256 GB ROM,6000 mAh Battery,Dimensity 8350 Processor,17.02 cm (6.7 inch) Display,50MP + 50MP + 10MP | 50MP Front Camera,,https://www.flipkart.com/motorola-edge-60-pro-pantone-shadow-256-gb/p/itme4f8c6dd0e2db?pid=MOBH9C9JBE7X4H8H&lid=LSTMOBH9C9JBE7X4H8HWHFJKC&marketplace=FLIPKART&q=smart+phones&store=tyy%2F4io&srno=s_2_39&otracker=search&fm=organic&iid=6d7140bf-d0b5-4215-94c7-1f7351c2a3d2.MOBH9C9JBE7X4H8H.SEARCH&ppt=None&ppn=None&ssid=lrqpbf7esw0000001785564805846&qH=a5594894156db043&ov_redirect=true,2026-08-01
40,"Ai+ Nova 2 Ultra 5G (Green, 128 GB)",Ai+,20999,25999,19% off,4.1,"1,963",270,6 GB RAM,128 GB ROM,6000 mAh Li-polymer Battery,Dimensity 7400 Processor,17.22 cm (6.78 inch) Full HD+ AMOLED Display,50MP + 8MP | 13MP Front Camera,,https://www.flipkart.com/ai-nova-2-ultra-5g-green-128-gb/p/itm9db3f3ad8ba85?pid=MOBHHUFDZFG4CKDG&lid=LSTMOBHHUFDZFG4CKDGGCWUDQ&marketplace=FLIPKART&q=smart+phones&store=tyy%2F4io&srno=s_2_40&otracker=search&fm=organic&iid=6d7140bf-d0b5-4215-94c7-1f7351c2a3d2.MOBHHUFDZFG4CKDG.SEARCH&ppt=None&ppn=None&ssid=lrqpbf7esw0000001785564805846&qH=a5594894156db043&ov_redirect=true,2026-08-01
41,"Ai+ Nova 2 5G (Blue, 64 GB)",Ai+,12999,13999,7% off,4.4,"4,461",191,4 GB RAM,64 GB ROM,6000 mAh Battery,T8200 Processor,17.13 cm (6.745 inch) HD+ Display,50MP Rear Camera | 8MP Front Camera,,https://www.flipkart.com/ai-nova-2-5g-blue-64-gb/p/itm20a7387042b2c?pid=MOBHKHPYHHSYZWHF&lid=LSTMOBHKHPYHHSYZWHFGIS9RH&marketplace=FLIPKART&q=smart+phones&store=tyy%2F4io&spotlightTagId=default_BestsellerId_tyy%2F4io&srno=s_2_41&otracker=search&fm=organic&iid=6d7140bf-d0b5-4215-94c7-1f7351c2a3d2.MOBHKHPYHHSYZWHF.SEARCH&ppt=None&ppn=None&ssid=lrqpbf7esw0000001785564805846&qH=a5594894156db043&ov_redirect=true,2026-08-01
42,"MOTOROLA g57 power 5G Snapdragon (Pantone Regatta, 128 GB)",MOTOROLA,21999,,,4.4,"52,097","3,693",8 GB RAM,128 GB ROM,7000 mAh Battery,6s Gen 4 Processor,17.07 cm (6.72 inch) Full HD+ Display,50MP + 8MP | 8MP Front Camera,,https://www.flipkart.com/motorola-g57-power-5g-snapdragon-pantone-regatta-128-gb/p/itmdab5f9f1bf87b?pid=MOBHN974PMZMQ5HS&lid=LSTMOBHN974PMZMQ5HSK6FWL6&marketplace=FLIPKART&q=smart+phones&store=tyy%2F4io&srno=s_2_42&otracker=search&fm=organic&iid=6d7140bf-d0b5-4215-94c7-1f7351c2a3d2.MOBHN974PMZMQ5HS.SEARCH&ppt=None&ppn=None&ssid=lrqpbf7esw0000001785564805846&qH=a5594894156db043&ov_redirect=true,2026-08-01
43,"Infinix Hot 60 5G+ (Tundra Green, 128 GB)",Infinix,17999,,,4.3,"3,225",258,6 GB RAM,128 GB ROM,5200 mAh Battery,Dimensity 7020 Processor,17.02 cm (6.7 inch) HD+ Display,50MP Rear Camera | 8MP Front Camera,,https://www.flipkart.com/infinix-hot-60-5g-tundra-green-128-gb/p/itm2154889174b3a?pid=MOBHDMJZRBVMRQGZ&lid=LSTMOBHDMJZRBVMRQGZJUNUMG&marketplace=FLIPKART&q=smart+phones&store=tyy%2F4io&srno=s_2_43&otracker=search&fm=organic&iid=6d7140bf-d0b5-4215-94c7-1f7351c2a3d2.MOBHDMJZRBVMRQGZ.SEARCH&ppt=None&ppn=None&ssid=lrqpbf7esw0000001785564805846&qH=a5594894156db043&ov_redirect=true,2026-08-01
44,"Samsung Galaxy A17 5G (Gray, 128 GB)",Samsung,22599,22999,1% off,4.3,"2,031",178,6 GB RAM,128 GB ROM,5000 mAh Battery,Samsung Exynos 1330 Processor,17.02 cm (6.7 inch) Full HD+ Display,50MP + 5MP + 2MP | 13MP Front Camera,,https://www.flipkart.com/samsung-galaxy-a17-5g-gray-128-gb/p/itm9b0b7e6d52859?pid=MOBHGVECQ9QKK8DG&lid=LSTMOBHGVECQ9QKK8DGPHMD20&marketplace=FLIPKART&q=smart+phones&store=tyy%2F4io&srno=s_2_44&otracker=search&fm=organic&iid=6d7140bf-d0b5-4215-94c7-1f7351c2a3d2.MOBHGVECQ9QKK8DG.SEARCH&ppt=None&ppn=None&ssid=lrqpbf7esw0000001785564805846&qH=a5594894156db043&ov_redirect=true,2026-08-01
45,"realme P4 Pro 5G (Birch Wood, 128 GB)",realme,27999,28999,3% off,4.4,"19,656","1,861",8 GB RAM,128 GB ROM,7000 mAh Battery,Snapdragon 7 Gen 4 Mobile Processor,17.27 cm (6.8 inch) Display,50MP + 8MP | 50MP Front Camera,,https://www.flipkart.com/realme-p4-pro-5g-birch-wood-128-gb/p/itme41a54752cc21?pid=MOBHERXKZCGAA4QC&lid=LSTMOBHERXKZCGAA4QCHSS5IQ&marketplace=FLIPKART&q=smart+phones&store=tyy%2F4io&srno=s_2_45&otracker=search&fm=organic&iid=6d7140bf-d0b5-4215-94c7-1f7351c2a3d2.MOBHERXKZCGAA4QC.SEARCH&ppt=None&ppn=None&ssid=lrqpbf7esw0000001785564805846&qH=a5594894156db043&ov_redirect=true,2026-08-01
46,"Ai+ Nova 2 Ultra 5G (Black, 128 GB)",Ai+,20999,25999,19% off,4.1,"1,963",270,6 GB RAM,128 GB ROM,6000 mAh Li-polymer Battery,Dimensity 7400 Processor,17.22 cm (6.78 inch) Full HD+ AMOLED Display,50MP + 8MP | 13MP Front Camera,,https://www.flipkart.com/ai-nova-2-ultra-5g-black-128-gb/p/itm41a37f63787e9?pid=MOBHHUFDFHBPJJEG&lid=LSTMOBHHUFDFHBPJJEGLLWRKD&marketplace=FLIPKART&q=smart+phones&store=tyy%2F4io&srno=s_2_46&otracker=search&fm=organic&iid=6d7140bf-d0b5-4215-94c7-1f7351c2a3d2.MOBHHUFDFHBPJJEG.SEARCH&ppt=None&ppn=None&ssid=lrqpbf7esw0000001785564805846&qH=a5594894156db043&ov_redirect=true,2026-08-01
47,"Ai+ Pulse 2 (Blue, 128 GB)",Ai+,11999,,,3.7,"6,742",621,6 GB RAM,128 GB ROM,6000 mAh Battery,T7250 Processor,17.13 cm (6.745 inch) HD+ Display,50MP Rear Camera | 8MP Front Camera,,https://www.flipkart.com/ai-pulse-2-blue-128-gb/p/itmd59202944d081?pid=MOBHKHPYW49R78RA&lid=LSTMOBHKHPYW49R78RAW1E0DM&marketplace=FLIPKART&q=smart+phones&store=tyy%2F4io&srno=s_2_47&otracker=search&fm=organic&iid=6d7140bf-d0b5-4215-94c7-1f7351c2a3d2.MOBHKHPYW49R78RA.SEARCH&ppt=None&ppn=None&ssid=lrqpbf7esw0000001785564805846&qH=a5594894156db043&ov_redirect=true,2026-08-01
48,"POCO C85 5G (Spring Green, 128 GB)",POCO,17999,22999,21% off,4.2,"1,593",108,6 GB RAM,128 GB ROM,6000 mAh Lithium-Ion Polymer Battery,Dimensity 6300 Processor,17.53 cm (6.9 inch) HD+ Display,50MP Rear Camera | 8MP Front Camera,,https://www.flipkart.com/poco-c85-5g-spring-green-128-gb/p/itm9d5a621551d84?pid=MOBHMGG5UNCKYGPH&lid=LSTMOBHMGG5UNCKYGPHH3BH5B&marketplace=FLIPKART&q=smart+phones&store=tyy%2F4io&srno=s_2_48&otracker=search&fm=organic&iid=6d7140bf-d0b5-4215-94c7-1f7351c2a3d2.MOBHMGG5UNCKYGPH.SEARCH&ppt=None&ppn=None&ssid=lrqpbf7esw0000001785564805846&qH=a5594894156db043&ov_redirect=true,2026-08-01
49,"MOTOROLA g37 power (PANTONE Nautical Blue, 64 GB)",MOTOROLA,14999,26499,43% off,4.2,"2,943",351,4 GB RAM,64 GB ROM,7000 mAh Battery,Dimensity 6400 Processor,16.92 cm (6.66 inch) HD+ Display,50MP Rear Camera | 8MP Front Camera,,https://www.flipkart.com/motorola-g37-power-pantone-nautical-blue-64-gb/p/itmd870c5c6fd857?pid=MOBHMHG6KZXMFNKF&lid=LSTMOBHMHG6KZXMFNKFGQD9G0&marketplace=FLIPKART&q=smart+phones&store=tyy%2F4io&srno=s_3_49&otracker=search&fm=organic&iid=00c88028-d4f4-4c41-b25c-05b700704397.MOBHMHG6KZXMFNKF.SEARCH&ppt=None&ppn=None&ssid=kcuw5qoge80000001785564809258&qH=a5594894156db043&ov_redirect=true,2026-08-01
50,"Ai+ Nova 2 Neo 5G (Black, 128 GB)",Ai+,16999,19999,15% off,4.2,405,43,6 GB RAM,128 GB ROM,6000 mAh Li-polymer Battery,Dimensity 6300 Processor,17.13 cm (6.745 inch) HD+ Display,48MP Rear Camera | 8MP Front Camera,,https://www.flipkart.com/ai-nova-2-neo-5g-black-128-gb/p/itmc790f4d613a76?pid=MOBHZ8ZMYWGY8VKA&lid=LSTMOBHZ8ZMYWGY8VKAHZULV3&marketplace=FLIPKART&q=smart+phones&store=tyy%2F4io&srno=s_3_50&otracker=search&fm=organic&iid=00c88028-d4f4-4c41-b25c-05b700704397.MOBHZ8ZMYWGY8VKA.SEARCH&ppt=None&ppn=None&ssid=kcuw5qoge80000001785564809258&qH=a5594894156db043&ov_redirect=true,2026-08-01
51,"MOTOROLA Edge 60 Fusion 5G (PANTONE Slipstream, 256 GB)",MOTOROLA,27999,37999,26% off,4.4,"47,387","3,237",12 GB RAM,256 GB ROM,5500 mAh Battery,Dimensity 7400 Processor,16.94 cm (6.67 inch) Display,50MP + 13MP | 32MP Front Camera,,https://www.flipkart.com/motorola-edge-60-fusion-5g-pantone-slipstream-256-gb/p/itmd3151f89e7078?pid=MOBHN974NUGGH4FH&lid=LSTMOBHN974NUGGH4FH6IKZHQ&marketplace=FLIPKART&q=smart+phones&store=tyy%2F4io&srno=s_3_51&otracker=search&fm=organic&iid=00c88028-d4f4-4c41-b25c-05b700704397.MOBHN974NUGGH4FH.SEARCH&ppt=None&ppn=None&ssid=kcuw5qoge80000001785564809258&qH=a5594894156db043&ov_redirect=true,2026-08-01
52,"MOTOROLA g37 power (PANTONE Nautical Blue, 128 GB)",MOTOROLA,15999,30499,47% off,4.2,"2,943",351,4 GB RAM,128 GB ROM,7000 mAh Battery,Dimensity 6400 Processor,16.92 cm (6.66 inch) HD+ Display,50MP Rear Camera | 8MP Front Camera,,https://www.flipkart.com/motorola-g37-power-pantone-nautical-blue-128-gb/p/itmf752f4981d932?pid=MOBHHVFYGN57RYAH&lid=LSTMOBHHVFYGN57RYAH8U08EM&marketplace=FLIPKART&q=smart+phones&store=tyy%2F4io&srno=s_3_52&otracker=search&fm=organic&iid=00c88028-d4f4-4c41-b25c-05b700704397.MOBHHVFYGN57RYAH.SEARCH&ppt=None&ppn=None&ssid=kcuw5qoge80000001785564809258&qH=a5594894156db043&ov_redirect=true,2026-08-01
53,"Ai+ Pulse 2 (Black, 64 GB)",Ai+,10999,,,4.2,"6,892",407,4 GB RAM,64 GB ROM,6000 mAh Battery,T7250 Processor,17.13 cm (6.745 inch) HD+ Display,50MP Rear Camera | 8MP Front Camera,,https://www.flipkart.com/ai-pulse-2-black-64-gb/p/itm7feca2e591fba?pid=MOBHKHPYGKYZ3YUN&lid=LSTMOBHKHPYGKYZ3YUNYJ4N4U&marketplace=FLIPKART&q=smart+phones&store=tyy%2F4io&srno=s_3_53&otracker=search&fm=organic&iid=00c88028-d4f4-4c41-b25c-05b700704397.MOBHKHPYGKYZ3YUN.SEARCH&ppt=None&ppn=None&ssid=kcuw5qoge80000001785564809258&qH=a5594894156db043&ov_redirect=true,2026-08-01
54,"realme P3 Ultra 5G (Orion Red, 256 GB)",realme,28999,33999,14% off,4.4,"21,760","2,481",8 GB RAM,256 GB ROM,6000 mAh Battery,Dimensity 8350 Ultra Processor,17.35 cm (6.83 inch) Display,50MP + 8MP | 16MP Front Camera,,https://www.flipkart.com/realme-p3-ultra-5g-orion-red-256-gb/p/itm50171223b4a05?pid=MOBHAYKEEZW7DS2N&lid=LSTMOBHAYKEEZW7DS2NPIW53Y&marketplace=FLIPKART&q=smart+phones&store=tyy%2F4io&srno=s_3_54&otracker=search&fm=organic&iid=00c88028-d4f4-4c41-b25c-05b700704397.MOBHAYKEEZW7DS2N.SEARCH&ppt=None&ppn=None&ssid=kcuw5qoge80000001785564809258&qH=a5594894156db043&ov_redirect=true,2026-08-01
55,"Apple iPhone 16 (Black, 128 GB)",Apple,67900,69900,2% off,4.6,"1,95,271","8,194",,,,"A18 Chip, 6 Core Processor Processor",15.49 cm (6.1 inch) Super Retina XDR Display,48MP + 12MP | 12MP Front Camera,,https://www.flipkart.com/apple-iphone-16-black-128-gb/p/itmb07d67f995271?pid=MOBH4DQFG8NKFRDY&lid=LSTMOBH4DQFG8NKFRDYNBDOZI&marketplace=FLIPKART&q=smart+phones&store=tyy%2F4io&srno=s_3_55&otracker=search&fm=organic&iid=00c88028-d4f4-4c41-b25c-05b700704397.MOBH4DQFG8NKFRDY.SEARCH&ppt=None&ppn=None&ssid=kcuw5qoge80000001785564809258&qH=a5594894156db043&ov_redirect=true,2026-08-01
56,"OnePlus Nord CE6 Lite (Hyper Black, 128 GB)",OnePlus,26666,31999,16% off,4.3,899,69,6 GB RAM,128 GB ROM,7000 mAh Battery,Mediatek Dimensity 7400 Processor,17.07 cm (6.72 inch) Full HD+ Display,50MP Rear Camera | 8MP Front Camera,,https://www.flipkart.com/oneplus-nord-ce6-lite-hyper-black-128-gb/p/itm894a5599b758b?pid=MOBHN8BDFU3PHHUR&lid=LSTMOBHN8BDFU3PHHUR8XBD9J&marketplace=FLIPKART&q=smart+phones&store=tyy%2F4io&srno=s_3_56&otracker=search&fm=organic&iid=00c88028-d4f4-4c41-b25c-05b700704397.MOBHN8BDFU3PHHUR.SEARCH&ppt=None&ppn=None&ssid=kcuw5qoge80000001785564809258&qH=a5594894156db043&ov_redirect=true,2026-08-01
57,"OnePlus Nord 6 (Pitch Black, 256 GB)",OnePlus,51795,56999,9% off,4.6,164,16,12 GB RAM,256 GB ROM,9000 mAh Battery,4 octa-core processor Processor,17.22 cm (6.78 inch) Full HD+ Display,50MP Rear Camera,,https://www.flipkart.com/oneplus-nord-6-pitch-black-256-gb/p/itmc49f71cdc4080?pid=MOBHMBXBMGCDHP55&lid=LSTMOBHMBXBMGCDHP55ZRNDBG&marketplace=FLIPKART&q=smart+phones&store=tyy%2F4io&srno=s_3_57&otracker=search&fm=organic&iid=00c88028-d4f4-4c41-b25c-05b700704397.MOBHMBXBMGCDHP55.SEARCH&ppt=None&ppn=None&ssid=kcuw5qoge80000001785564809258&qH=a5594894156db043&ov_redirect=true,2026-08-01
58,"MOTOROLA Edge 60 Fusion 5G (PANTONE Amazonite, 256 GB)",MOTOROLA,24999,25999,3% off,4.4,"1,25,101","8,575",8 GB RAM,256 GB ROM,5500 mAh Battery,Dimensity 7400 Processor,16.94 cm (6.67 inch) Quad HD+ Display,50MP + 13MP | 32MP Front Camera,,https://www.flipkart.com/motorola-edge-60-fusion-5g-pantone-amazonite-256-gb/p/itm9218b12ff853f?pid=MOBH9ARFPVNU7QNU&lid=LSTMOBH9ARFPVNU7QNUHKJASC&marketplace=FLIPKART&q=smart+phones&store=tyy%2F4io&srno=s_3_58&otracker=search&fm=organic&iid=00c88028-d4f4-4c41-b25c-05b700704397.MOBH9ARFPVNU7QNU.SEARCH&ppt=None&ppn=None&ssid=kcuw5qoge80000001785564809258&qH=a5594894156db043&ov_redirect=true,2026-08-01
59,"Infinix GT 30 5G+ Cyber Blue 256 (Cyber Blue, 256 GB)",Infinix,23999,26999,11% off,4.4,729,82,8 GB RAM,256 GB ROM,5500 mAh Battery,Dimensity 7400 Processor,17.22 cm (6.78 inch) Display,64MP + 8MP | 13MP Front Camera,,https://www.flipkart.com/infinix-gt-30-5g-cyber-blue-256-cyber-blue-gb/p/itm6b6c624adbfc7?pid=MOBHDQFARFCHZX4Z&lid=LSTMOBHDQFARFCHZX4Z4IVXKA&marketplace=FLIPKART&q=smart+phones&store=tyy%2F4io&srno=s_3_59&otracker=search&fm=organic&iid=00c88028-d4f4-4c41-b25c-05b700704397.MOBHDQFARFCHZX4Z.SEARCH&ppt=None&ppn=None&ssid=kcuw5qoge80000001785564809258&qH=a5594894156db043&ov_redirect=true,2026-08-01
60,"Ai+ Nova 2 Ultra 5G (Green, 128 GB)",Ai+,22999,26999,14% off,4.1,"1,022",160,8 GB RAM,128 GB ROM,6000 mAh Li-polymer Battery,Dimensity 7400 Processor,17.22 cm (6.78 inch) Full HD+ AMOLED Display,50MP + 8MP | 13MP Front Camera,,https://www.flipkart.com/ai-nova-2-ultra-5g-green-128-gb/p/itma3a4638bdfc9e?pid=MOBHHUFDNZHDQYHD&lid=LSTMOBHHUFDNZHDQYHDTHNYK4&marketplace=FLIPKART&q=smart+phones&store=tyy%2F4io&srno=s_3_60&otracker=search&fm=organic&iid=00c88028-d4f4-4c41-b25c-05b700704397.MOBHHUFDNZHDQYHD.SEARCH&ppt=None&ppn=None&ssid=kcuw5qoge80000001785564809258&qH=a5594894156db043&ov_redirect=true,2026-08-01
61,"Infinix SMART 20 (Sunlike Orange, 64 GB)",Infinix,12499,19999,37% off,4,131,13,4 GB RAM,64 GB ROM,5200 mAh Battery,Helio G81 Ultimate Processor,17.22 cm (6.78 inch) HD+ Display,8MP Rear Camera | 8MP Front Camera,,https://www.flipkart.com/infinix-smart-20-sunlike-orange-64-gb/p/itmf761cd49f9162?pid=MOBHNMEEHHA6JFGF&lid=LSTMOBHNMEEHHA6JFGFOAPBH0&marketplace=FLIPKART&q=smart+phones&store=tyy%2F4io&srno=s_3_61&otracker=search&fm=organic&iid=00c88028-d4f4-4c41-b25c-05b700704397.MOBHNMEEHHA6JFGF.SEARCH&ppt=None&ppn=None&ssid=kcuw5qoge80000001785564809258&qH=a5594894156db043&ov_redirect=true,2026-08-01
62,"MOTOROLA Edge 70 Pro+ (Satin-Luxe PANTONE Zinfandel (Maroon), 256 GB)",MOTOROLA,47999,84999,43% off,4.2,222,37,12 GB RAM,256 GB ROM,6500 mAh Silicon-Carbon Battery,Dimensity 8500 Extreme Processor,17.27 cm (6.8 inch) Full HD+ Super AMOLED Display,50MP + 50MP + 50MP | 50MP Front Camera,,https://www.flipkart.com/motorola-edge-70-pro-satin-luxe-pantone-zinfandel-maroon-256-gb/p/itm70caeee0ca941?pid=MOBHHXQRQJX8USUW&lid=LSTMOBHHXQRQJX8USUW4JLMTA&marketplace=FLIPKART&q=smart+phones&store=tyy%2F4io&srno=s_3_62&otracker=search&fm=organic&iid=00c88028-d4f4-4c41-b25c-05b700704397.MOBHHXQRQJX8USUW.SEARCH&ppt=None&ppn=None&ssid=kcuw5qoge80000001785564809258&qH=a5594894156db043&ov_redirect=true,2026-08-01
63,"realme C71 (Obsidian Black, 64 GB)",realme,13990,13999,,4.2,"1,530",73,4 GB RAM,64 GB ROM,6300 mAh Battery,T7250 Processor,17.14 cm (6.75 inch) HD+ Display,13MP Rear Camera | 5MP Front Camera,,https://www.flipkart.com/realme-c71-obsidian-black-64-gb/p/itm920c5c8761871?pid=MOBHHY7V9TH4BFAZ&lid=LSTMOBHHY7V9TH4BFAZVDSVH8&marketplace=FLIPKART&q=smart+phones&store=tyy%2F4io&srno=s_3_63&otracker=search&fm=organic&iid=00c88028-d4f4-4c41-b25c-05b700704397.MOBHHY7V9TH4BFAZ.SEARCH&ppt=None&ppn=None&ssid=kcuw5qoge80000001785564809258&qH=a5594894156db043&ov_redirect=true,2026-08-01
64,"MOTOROLA Edge 70 Fusion (Pantone COUNTRY AIR, 512 GB)",MOTOROLA,36999,64999,43% off,4.3,"3,336",363,12 GB RAM,512 GB ROM,7000 mAh Battery,Snapdragon 7s Gen 4 Processor,17.27 cm (6.8 inch) Super HD Display,50MP + 13MP | 32MP Front Camera,,https://www.flipkart.com/motorola-edge-70-fusion-pantone-country-air-512-gb/p/itmde5ddcbb7c261?pid=MOBHNSA6ZRCZPWZE&lid=LSTMOBHNSA6ZRCZPWZEYKHMDG&marketplace=FLIPKART&q=smart+phones&store=tyy%2F4io&srno=s_3_64&otracker=search&fm=organic&iid=00c88028-d4f4-4c41-b25c-05b700704397.MOBHNSA6ZRCZPWZE.SEARCH&ppt=None&ppn=None&ssid=kcuw5qoge80000001785564809258&qH=a5594894156db043&ov_redirect=true,2026-08-01
65,"Apple iPhone 15 (Black, 128 GB)",Apple,58900,59900,1% off,4.6,"2,46,356","9,464",,,,"A16 Bionic Chip, 6 Core Processor Processor",15.49 cm (6.1 inch) Super Retina XDR Display,48MP + 12MP | 12MP Front Camera,,https://www.flipkart.com/apple-iphone-15-black-128-gb/p/itm6ac6485515ae4?pid=MOBGTAGPTB3VS24W&lid=LSTMOBGTAGPTB3VS24WKFODHL&marketplace=FLIPKART&q=smart+phones&store=tyy%2F4io&spotlightTagId=default_FkPickId_tyy%2F4io&srno=s_3_65&otracker=search&fm=organic&iid=00c88028-d4f4-4c41-b25c-05b700704397.MOBGTAGPTB3VS24W.SEARCH&ppt=None&ppn=None&ssid=kcuw5qoge80000001785564809258&qH=a5594894156db043&ov_redirect=true,2026-08-01
66,"OPPO K14x 5G (Icy Blue, 64 GB)",OPPO,16999,19999,15% off,4.3,"6,279",663,4 GB RAM,64 GB ROM,6500 mAh Battery,Dimensity 6300 Processor,17.14 cm (6.75 inch) HD+ Display,,,https://www.flipkart.com/oppo-k14x-5g-icy-blue-64-gb/p/itm188c7a4b69292?pid=MOBHKZF3YEJNPZHZ&lid=LSTMOBHKZF3YEJNPZHZKAKWY1&marketplace=FLIPKART&q=smart+phones&store=tyy%2F4io&srno=s_3_66&otracker=search&fm=organic&iid=00c88028-d4f4-4c41-b25c-05b700704397.MOBHKZF3YEJNPZHZ.SEARCH&ppt=None&ppn=None&ssid=kcuw5qoge80000001785564809258&qH=a5594894156db043&ov_redirect=true,2026-08-01
67,"REDMI 15 5G (Sandy Purple, 256 GB)",REDMI,27488,27999,1% off,4.3,"4,696",289,8 GB RAM,256 GB ROM,7000 mAh Battery,,17.53 cm (6.9 inch) Display,50MP Rear Camera,,https://www.flipkart.com/redmi-15-5g-sandy-purple-256-gb/p/itmd7bced8727891?pid=MOBHFH95JHYG8ZPN&lid=LSTMOBHFH95JHYG8ZPN6YH8IS&marketplace=FLIPKART&q=smart+phones&store=tyy%2F4io&srno=s_3_67&otracker=search&fm=organic&iid=00c88028-d4f4-4c41-b25c-05b700704397.MOBHFH95JHYG8ZPN.SEARCH&ppt=None&ppn=None&ssid=kcuw5qoge80000001785564809258&qH=a5594894156db043&ov_redirect=true,2026-08-01
68,"realme P4x 5G (Lake Green, 128 GB)",realme,22999,38999,41% off,4.3,"13,742","1,168",6 GB RAM,128 GB ROM,7000 mAh Battery,Dimensity 7400 Ultra Processor,17.07 cm (6.72 inch) Full HD+ Display,50MP + 2MP | 8MP Front Camera,,https://www.flipkart.com/realme-p4x-5g-lake-green-128-gb/p/itm575b1540859e4?pid=MOBHN7A8WK5SGBYN&lid=LSTMOBHN7A8WK5SGBYNA6NKVS&marketplace=FLIPKART&q=smart+phones&store=tyy%2F4io&srno=s_3_68&otracker=search&fm=organic&iid=00c88028-d4f4-4c41-b25c-05b700704397.MOBHN7A8WK5SGBYN.SEARCH&ppt=None&ppn=None&ssid=kcuw5qoge80000001785564809258&qH=a5594894156db043&ov_redirect=true,2026-08-01
69,"Ai+ Nova 2 Ultra 5G (Black, 128 GB)",Ai+,22999,26999,14% off,4.1,"1,022",160,8 GB RAM,128 GB ROM,6000 mAh Li-polymer Battery,Dimensity 7400 Processor,17.22 cm (6.78 inch) Full HD+ AMOLED Display,50MP + 8MP | 13MP Front Camera,,https://www.flipkart.com/ai-nova-2-ultra-5g-black-128-gb/p/itmb9931e4571d70?pid=MOBHHUFDPSYQMHXU&lid=LSTMOBHHUFDPSYQMHXUZYHMZS&marketplace=FLIPKART&q=smart+phones&store=tyy%2F4io&srno=s_3_69&otracker=search&fm=organic&iid=00c88028-d4f4-4c41-b25c-05b700704397.MOBHHUFDPSYQMHXU.SEARCH&ppt=None&ppn=None&ssid=kcuw5qoge80000001785564809258&qH=a5594894156db043&ov_redirect=true,2026-08-01
70,"OnePlus Nord CE6 (Fresh Blue, 128 GB)",OnePlus,34949,40999,14% off,4.5,639,46,8 GB RAM,128 GB ROM,8000 mAh Battery,Qualcomm® Snapdragon™ 7s Gen 4 Processor,17.22 cm (6.78 inch) Full HD+ Display,50MP Rear Camera | 2MP Front Camera,,https://www.flipkart.com/oneplus-nord-ce6-fresh-blue-128-gb/p/itmd7b224b18cb05?pid=MOBHNBDGGHYAE6ZP&lid=LSTMOBHNBDGGHYAE6ZP7ZLEIM&marketplace=FLIPKART&q=smart+phones&store=tyy%2F4io&srno=s_3_70&otracker=search&fm=organic&iid=00c88028-d4f4-4c41-b25c-05b700704397.MOBHNBDGGHYAE6ZP.SEARCH&ppt=None&ppn=None&ssid=kcuw5qoge80000001785564809258&qH=a5594894156db043&ov_redirect=true,2026-08-01
71,"MOTOROLA Signature (PANTONE Carbon, 1 TB)",MOTOROLA,67499,84999,20% off,4.5,866,156,16 GB RAM,1 TB ROM,5200 mAh Battery,Snapdragon 8 Gen 5 Processor,17.27 cm (6.8 inch) Super HD Display,50MP + 50MP + 50MP | 50MP Front Camera,,https://www.flipkart.com/motorola-signature-pantone-carbon-1-tb/p/itmf01b143b8663d?pid=MOBHGVJYGJYGSV8X&lid=LSTMOBHGVJYGJYGSV8XC1KZDR&marketplace=FLIPKART&q=smart+phones&store=tyy%2F4io&srno=s_3_71&otracker=search&fm=organic&iid=00c88028-d4f4-4c41-b25c-05b700704397.MOBHGVJYGJYGSV8X.SEARCH&ppt=None&ppn=None&ssid=kcuw5qoge80000001785564809258&qH=a5594894156db043&ov_redirect=true,2026-08-01
72,"POCO X8 Pro (Green, 256 GB)",POCO,36999,43999,15% off,4.3,"2,889",545,8 GB RAM,256 GB ROM,6500 mAh Lithium-Ion Polymer With Silicon Carbon Technology Battery,Dimensity 8500-Ultra Processor,16.74 cm (6.59 inch) Full HD+ AMOLED Display,50MP + 8MP | 20MP Front Camera,,https://www.flipkart.com/poco-x8-pro-green-256-gb/p/itme72bf861a71d4?pid=MOBHH2KYPWNUUFEQ&lid=LSTMOBHH2KYPWNUUFEQQ1Y5Z5&marketplace=FLIPKART&q=smart+phones&store=tyy%2F4io&srno=s_3_72&otracker=search&fm=organic&iid=00c88028-d4f4-4c41-b25c-05b700704397.MOBHH2KYPWNUUFEQ.SEARCH&ppt=None&ppn=None&ssid=kcuw5qoge80000001785564809258&qH=a5594894156db043&ov_redirect=true,2026-08-01
73,"MOTOROLA Signature (PANTONE Carbon, 512 GB)",MOTOROLA,62499,79999,21% off,4.5,866,156,16 GB RAM,512 GB ROM,5200 mAh Battery,Snapdragon 8 Gen 5 Processor,17.27 cm (6.8 inch) Super HD Display,50MP + 50MP + 50MP | 50MP Front Camera,,https://www.flipkart.com/motorola-signature-pantone-carbon-512-gb/p/itm5cf2347de817a?pid=MOBHGVJYGVP6G2NY&lid=LSTMOBHGVJYGVP6G2NYNYYTRM&marketplace=FLIPKART&q=smart+phones&store=tyy%2F4io&srno=s_4_73&otracker=search&fm=organic&iid=5ec2f792-9688-4837-bf28-999db04d7395.MOBHGVJYGVP6G2NY.SEARCH&ppt=None&ppn=None&ssid=vsbv74xe680000001785564812545&qH=a5594894156db043&ov_redirect=true,2026-08-01
74,"Ai+ Nova 2 Ultra 5G (Red, 128 GB)",Ai+,20999,25999,19% off,4.1,"1,963",270,6 GB RAM,128 GB ROM,6000 mAh Li-polymer Battery,Dimensity 7400 Processor,17.22 cm (6.78 inch) Full HD+ AMOLED Display,50MP + 8MP | 13MP Front Camera,,https://www.flipkart.com/ai-nova-2-ultra-5g-red-128-gb/p/itm22cf1955010c8?pid=MOBHHUFDEJZSRYCA&lid=LSTMOBHHUFDEJZSRYCAWVDR30&marketplace=FLIPKART&q=smart+phones&store=tyy%2F4io&srno=s_4_74&otracker=search&fm=organic&iid=5ec2f792-9688-4837-bf28-999db04d7395.MOBHHUFDEJZSRYCA.SEARCH&ppt=None&ppn=None&ssid=vsbv74xe680000001785564812545&qH=a5594894156db043&ov_redirect=true,2026-08-01
75,"Ai+ Nova 2 Ultra 5G (Purple, 128 GB)",Ai+,22999,26999,14% off,4.1,"1,022",160,8 GB RAM,128 GB ROM,6000 mAh Li-polymer Battery,Dimensity 7400 Processor,17.22 cm (6.78 inch) Full HD+ AMOLED Display,50MP + 8MP | 13MP Front Camera,,https://www.flipkart.com/ai-nova-2-ultra-5g-purple-128-gb/p/itmedb3f9cf73654?pid=MOBHHUFDYDCGTVEF&lid=LSTMOBHHUFDYDCGTVEF6XKD4O&marketplace=FLIPKART&q=smart+phones&store=tyy%2F4io&srno=s_4_75&otracker=search&fm=organic&iid=5ec2f792-9688-4837-bf28-999db04d7395.MOBHHUFDYDCGTVEF.SEARCH&ppt=None&ppn=None&ssid=vsbv74xe680000001785564812545&qH=a5594894156db043&ov_redirect=true,2026-08-01
76,"realme Gt 7 (Icesense Black, 256 GB)",realme,42999,48999,12% off,4.5,"1,139",134,12 GB RAM,256 GB ROM,7000 mAh Battery,Dimensity Processor,17.22 cm (6.78 inch) Full HD+ AMOLED Display,50MP + 50MP + 50MP + 8MP | 32MP + 32MP Dual Front Camera,,https://www.flipkart.com/realme-gt-7-icesense-black-256-gb/p/itm6cc8f84d92e2f?pid=MOBHCZYZJZ9VYSQ2&lid=LSTMOBHCZYZJZ9VYSQ2C23L9G&marketplace=FLIPKART&q=smart+phones&store=tyy%2F4io&srno=s_4_76&otracker=search&fm=organic&iid=5ec2f792-9688-4837-bf28-999db04d7395.MOBHCZYZJZ9VYSQ2.SEARCH&ppt=None&ppn=None&ssid=vsbv74xe680000001785564812545&qH=a5594894156db043&ov_redirect=true,2026-08-01
77,"MOTOROLA Edge 60 Pro (Pantone Walnut, 256 GB)",MOTOROLA,33999,40999,17% off,4.3,"16,302","1,538",12 GB RAM,256 GB ROM,6000 mAh Battery,Dimensity 8350 Processor,17.02 cm (6.7 inch) Full HD+ Display,50MP + 50MP + 10MP | 50MP Front Camera,,https://www.flipkart.com/motorola-edge-60-pro-pantone-walnut-256-gb/p/itm77d7138c41207?pid=MOBHC7EWYHZHH8TV&lid=LSTMOBHC7EWYHZHH8TVVWW392&marketplace=FLIPKART&q=smart+phones&store=tyy%2F4io&srno=s_4_77&otracker=search&fm=organic&iid=5ec2f792-9688-4837-bf28-999db04d7395.MOBHC7EWYHZHH8TV.SEARCH&ppt=None&ppn=None&ssid=vsbv74xe680000001785564812545&qH=a5594894156db043&ov_redirect=true,2026-08-01
78,"OPPO K14 5G (Icy Blue, 256 GB)",OPPO,24999,27999,10% off,4.5,"5,101",263,6 GB RAM,256 GB ROM,7000 mAh Battery,Dimensity 6300 Processor,17.14 cm (6.75 inch) HD+ Display,50MP Rear Camera | 8MP Front Camera,,https://www.flipkart.com/oppo-k14-5g-icy-blue-256-gb/p/itm2a5cc1d23c2af?pid=MOBHKQYYPFBYDP3Z&lid=LSTMOBHKQYYPFBYDP3ZSQTALI&marketplace=FLIPKART&q=smart+phones&store=tyy%2F4io&srno=s_4_78&otracker=search&fm=organic&iid=5ec2f792-9688-4837-bf28-999db04d7395.MOBHKQYYPFBYDP3Z.SEARCH&ppt=None&ppn=None&ssid=vsbv74xe680000001785564812545&qH=a5594894156db043&ov_redirect=true,2026-08-01
79,"OnePlus Nord CE6 Lite (Vivid Mint, 128 GB)",OnePlus,26853,31999,16% off,4.3,899,69,6 GB RAM,128 GB ROM,7000 mAh Battery,Mediatek Dimensity 7400 Processor,17.07 cm (6.72 inch) Full HD+ Display,50MP Rear Camera | 8MP Front Camera,,https://www.flipkart.com/oneplus-nord-ce6-lite-vivid-mint-128-gb/p/itm21e965b5b799d?pid=MOBHN8CVXZNTVTKZ&lid=LSTMOBHN8CVXZNTVTKZHENRSI&marketplace=FLIPKART&q=smart+phones&store=tyy%2F4io&srno=s_4_79&otracker=search&fm=organic&iid=5ec2f792-9688-4837-bf28-999db04d7395.MOBHN8CVXZNTVTKZ.SEARCH&ppt=None&ppn=None&ssid=vsbv74xe680000001785564812545&qH=a5594894156db043&ov_redirect=true,2026-08-01
80,"REDMI Turbo 5 5G (Asphalt Black, 256 GB)",REDMI,37965,54999,30% off,4.2,10,2,8 GB RAM,256 GB ROM,7540 mAh Battery,,16.74 cm (6.59 inch) Display,50MP Rear Camera,,https://www.flipkart.com/redmi-turbo-5-5g-asphalt-black-256-gb/p/itmd8266664918ee?pid=MOBHZHQB4TGN8VYC&lid=LSTMOBHZHQB4TGN8VYCGVFR21&marketplace=FLIPKART&q=smart+phones&store=tyy%2F4io&srno=s_4_80&otracker=search&fm=organic&iid=5ec2f792-9688-4837-bf28-999db04d7395.MOBHZHQB4TGN8VYC.SEARCH&ppt=None&ppn=None&ssid=vsbv74xe680000001785564812545&qH=a5594894156db043&ov_redirect=true,2026-08-01
81,"REDMI Note-14 Pro 5G (Ivy Green, 256 GB)",REDMI,25249,30999,18% off,4.3,789,45,8 GB RAM,256 GB ROM,5500 mAh Battery,Dimensity 7300 Ultra Processor,16.94 cm (6.67 inch) Display,50MP + 8MP + 2MP | 20MP Front Camera,,https://www.flipkart.com/redmi-note-14-pro-5g-ivy-green-256-gb/p/itm124f940049e20?pid=MOBH8BW3XZ6CMJBW&lid=LSTMOBH8BW3XZ6CMJBWQS7OFE&marketplace=FLIPKART&q=smart+phones&store=tyy%2F4io&srno=s_4_81&otracker=search&fm=organic&iid=5ec2f792-9688-4837-bf28-999db04d7395.MOBH8BW3XZ6CMJBW.SEARCH&ppt=None&ppn=None&ssid=vsbv74xe680000001785564812545&qH=a5594894156db043&ov_redirect=true,2026-08-01
82,"MOTOROLA Edge 60 Pro (Pantone Dazzling Blue, 256 GB)",MOTOROLA,29999,36999,18% off,4.3,"55,414","4,847",8 GB RAM,256 GB ROM,6000 mAh Battery,Dimensity 8350 Processor,17.02 cm (6.7 inch) Display,50MP + 50MP + 10MP | 50MP Front Camera,,https://www.flipkart.com/motorola-edge-60-pro-pantone-dazzling-blue-256-gb/p/itmbe844b03e063b?pid=MOBH9C9JNBGHUVS7&lid=LSTMOBH9C9JNBGHUVS7TY1JW2&marketplace=FLIPKART&q=smart+phones&store=tyy%2F4io&srno=s_4_82&otracker=search&fm=organic&iid=5ec2f792-9688-4837-bf28-999db04d7395.MOBH9C9JNBGHUVS7.SEARCH&ppt=None&ppn=None&ssid=vsbv74xe680000001785564812545&qH=a5594894156db043&ov_redirect=true,2026-08-01
83,"MOTOROLA Edge 60 Pro (Pantone Dazzling Blue, 512 GB)",MOTOROLA,37999,42999,11% off,4.4,"3,698",370,16 GB RAM,512 GB ROM,6000 mAh Battery,Dimensity 8350 Processor,17.02 cm (6.7 inch) Full HD+ Display,50MP + 50MP + 10MP | 50MP Front Camera,,https://www.flipkart.com/motorola-edge-60-pro-pantone-dazzling-blue-512-gb/p/itmdc36ec357d827?pid=MOBHC7EWSW79FZHG&lid=LSTMOBHC7EWSW79FZHGPQMKU0&marketplace=FLIPKART&q=smart+phones&store=tyy%2F4io&srno=s_4_83&otracker=search&fm=organic&iid=5ec2f792-9688-4837-bf28-999db04d7395.MOBHC7EWSW79FZHG.SEARCH&ppt=None&ppn=None&ssid=vsbv74xe680000001785564812545&qH=a5594894156db043&ov_redirect=true,2026-08-01
84,"vivo T4 5G (Emerald Blaze, 128 GB)",vivo,24999,25999,3% off,4.4,"81,473","5,190",8 GB RAM,128 GB ROM,7300 mAh Battery,Snapdragon 7s Gen 3 5G Processor,17.2 cm (6.77 inch) Display,50MP (OIS) + 2MP | 32MP Front Camera,5G,https://www.flipkart.com/vivo-t4-5g-emerald-blaze-128-gb/p/itmc2634fd4daeb9?pid=MOBHATXZYSHYH6ZP&lid=LSTMOBHATXZYSHYH6ZPRDXNR0&marketplace=FLIPKART&q=smart+phones&store=tyy%2F4io&srno=s_4_84&otracker=search&fm=organic&iid=5ec2f792-9688-4837-bf28-999db04d7395.MOBHATXZYSHYH6ZP.SEARCH&ppt=None&ppn=None&ssid=vsbv74xe680000001785564812545&qH=a5594894156db043&ov_redirect=true,2026-08-01
85,"realme 15 5G (Velvet Green, 256 GB)",realme,31999,,,4.4,"10,886","1,108",8 GB RAM,256 GB ROM,7000 mAh Battery,Mediatek Dimensity 7300+ 5G Processor,17.27 cm (6.8 inch) Display,50MP + 8MP | 50MP Front Camera,5G,https://www.flipkart.com/realme-15-5g-velvet-green-256-gb/p/itme9581fbd0e97a?pid=MOBHDUKFHZJFVZXG&lid=LSTMOBHDUKFHZJFVZXGYVEKNC&marketplace=FLIPKART&q=smart+phones&store=tyy%2F4io&srno=s_4_85&otracker=search&fm=organic&iid=5ec2f792-9688-4837-bf28-999db04d7395.MOBHDUKFHZJFVZXG.SEARCH&ppt=None&ppn=None&ssid=vsbv74xe680000001785564812545&qH=a5594894156db043&ov_redirect=true,2026-08-01
86,"Apple iPhone 16 (Teal, 128 GB)",Apple,67900,69900,2% off,4.6,"1,95,271","8,194",,,,"A18 Chip, 6 Core Processor Processor",15.49 cm (6.1 inch) Super Retina XDR Display,48MP + 12MP | 12MP Front Camera,,https://www.flipkart.com/apple-iphone-16-teal-128-gb/p/itmce4bb3f55cc2f?pid=MOBH4DQFSY9ETDUU&lid=LSTMOBH4DQFSY9ETDUUI6AN3O&marketplace=FLIPKART&q=smart+phones&store=tyy%2F4io&srno=s_4_86&otracker=search&fm=organic&iid=5ec2f792-9688-4837-bf28-999db04d7395.MOBH4DQFSY9ETDUU.SEARCH&ppt=None&ppn=None&ssid=vsbv74xe680000001785564812545&qH=a5594894156db043&ov_redirect=true,2026-08-01
87,"realme 15 Pro 5G (Flowing Silver, 256 GB)",realme,35999,37999,5% off,4.3,"10,915","1,201",8 GB RAM,256 GB ROM,7000 mAh Battery,Snapdragon 7 Gen 4 Processor,17.27 cm (6.8 inch) Display,50MP + 50MP | 50MP Front Camera,,https://www.flipkart.com/realme-15-pro-5g-flowing-silver-256-gb/p/itm216cdbf4baea0?pid=MOBHDVK2GZAGZTG2&lid=LSTMOBHDVK2GZAGZTG2YYPWDM&marketplace=FLIPKART&q=smart+phones&store=tyy%2F4io&srno=s_4_87&otracker=search&fm=organic&iid=5ec2f792-9688-4837-bf28-999db04d7395.MOBHDVK2GZAGZTG2.SEARCH&ppt=None&ppn=None&ssid=vsbv74xe680000001785564812545&qH=a5594894156db043&ov_redirect=true,2026-08-01
88,"IQOO 15 5G (Alpha, 256 GB)",IQOO,71999,76999,6% off,4.7,365,43,12 GB RAM,256 GB ROM,7000 mAh Battery,,17.4 cm (6.85 inch) Display,50MP Rear Camera,,https://www.flipkart.com/iqoo-15-5g-alpha-256-gb/p/itm9db365d8009fa?pid=MOBHGFAZYYCNBHUV&lid=LSTMOBHGFAZYYCNBHUVOIMC1V&marketplace=FLIPKART&q=smart+phones&store=tyy%2F4io&srno=s_4_88&otracker=search&fm=organic&iid=5ec2f792-9688-4837-bf28-999db04d7395.MOBHGFAZYYCNBHUV.SEARCH&ppt=None&ppn=None&ssid=vsbv74xe680000001785564812545&qH=a5594894156db043&ov_redirect=true,2026-08-01
89,"Apple iPhone 16 (Ultramarine, 128 GB)",Apple,67900,69900,2% off,4.6,"1,95,271","8,194",,,,"A18 Chip, 6 Core Processor Processor",15.49 cm (6.1 inch) Super Retina XDR Display,48MP + 12MP | 12MP Front Camera,,https://www.flipkart.com/apple-iphone-16-ultramarine-128-gb/p/itmcc210cae43fba?pid=MOBH4DQFYZT6EH2F&lid=LSTMOBH4DQFYZT6EH2FXM70WU&marketplace=FLIPKART&q=smart+phones&store=tyy%2F4io&srno=s_4_89&otracker=search&fm=organic&iid=5ec2f792-9688-4837-bf28-999db04d7395.MOBH4DQFYZT6EH2F.SEARCH&ppt=None&ppn=None&ssid=vsbv74xe680000001785564812545&qH=a5594894156db043&ov_redirect=true,2026-08-01
90,"Samsung Galaxy F17 5G (Violet Pop, 128 GB)",Samsung,18898,22999,17% off,4.1,278,26,4 GB RAM,128 GB ROM,5000 mAh Battery,Exynos 1330 Processor,17.02 cm (6.7 inch) Full HD+ Display,50MP + 5MP | 13MP Front Camera,,https://www.flipkart.com/samsung-galaxy-f17-5g-violet-pop-128-gb/p/itmeba452a75d14c?pid=MOBHF6KMGBPWSUR9&lid=LSTMOBHF6KMGBPWSUR9ZDAGWI&marketplace=FLIPKART&q=smart+phones&store=tyy%2F4io&srno=s_4_90&otracker=search&fm=organic&iid=5ec2f792-9688-4837-bf28-999db04d7395.MOBHF6KMGBPWSUR9.SEARCH&ppt=None&ppn=None&ssid=vsbv74xe680000001785564812545&qH=a5594894156db043&ov_redirect=true,2026-08-01
91,"MOTOROLA Signature (PANTONE Martini Olive, 1 TB)",MOTOROLA,67499,84999,20% off,4.5,866,156,16 GB RAM,1 TB ROM,5200 mAh Battery,Snapdragon 8 Gen 5 Processor,17.27 cm (6.8 inch) Super HD Display,50MP + 50MP + 50MP | 50MP Front Camera,,https://www.flipkart.com/motorola-signature-pantone-martini-olive-1-tb/p/itm4806fc933fff8?pid=MOBHGVJYRCA9AUCG&lid=LSTMOBHGVJYRCA9AUCGY92BDO&marketplace=FLIPKART&q=smart+phones&store=tyy%2F4io&srno=s_4_91&otracker=search&fm=organic&iid=5ec2f792-9688-4837-bf28-999db04d7395.MOBHGVJYRCA9AUCG.SEARCH&ppt=None&ppn=None&ssid=vsbv74xe680000001785564812545&qH=a5594894156db043&ov_redirect=true,2026-08-01
92,"Infinix Note edge (Lunar Titanium, 256 GB)",Infinix,28999,34999,17% off,4.2,289,52,8 GB RAM,256 GB ROM,6500 mAh Battery,Dimensity 7100 Processor,17.22 cm (6.78 inch) Full HD+ AMOLED Display,50MP Rear Camera | 13MP Front Camera,,https://www.flipkart.com/infinix-note-edge-lunar-titanium-256-gb/p/itmab2876405a1ab?pid=MOBHKCV7A9HHF3GN&lid=LSTMOBHKCV7A9HHF3GN2K3H84&marketplace=FLIPKART&q=smart+phones&store=tyy%2F4io&srno=s_4_92&otracker=search&fm=organic&iid=5ec2f792-9688-4837-bf28-999db04d7395.MOBHKCV7A9HHF3GN.SEARCH&ppt=None&ppn=None&ssid=vsbv74xe680000001785564812545&qH=a5594894156db043&ov_redirect=true,2026-08-01
93,"Samsung Galaxy S25 5G (Navy, 256 GB)",Samsung,79999,80999,1% off,4.6,"5,240",642,12 GB RAM,256 GB ROM,4000 mAh Battery,8 Elite for Galaxy Processor,15.75 cm (6.2 inch) Full HD+ Display,50MP + 10MP + 12MP | 12MP Front Camera,,https://www.flipkart.com/samsung-galaxy-s25-5g-navy-256-gb/p/itm277a7d1824e44?pid=MOBH8K8U4ZPHSNKK&lid=LSTMOBH8K8U4ZPHSNKKGKHZNG&marketplace=FLIPKART&q=smart+phones&store=tyy%2F4io&srno=s_4_93&otracker=search&fm=organic&iid=5ec2f792-9688-4837-bf28-999db04d7395.MOBH8K8U4ZPHSNKK.SEARCH&ppt=None&ppn=None&ssid=vsbv74xe680000001785564812545&qH=a5594894156db043&ov_redirect=true,2026-08-01
94,"Samsung Galaxy F17 5G (Neo Black, 128 GB)",Samsung,17999,,,4.1,278,26,4 GB RAM,128 GB ROM,5000 mAh Battery,Exynos 1330 Processor,17.02 cm (6.7 inch) Full HD+ Display,50MP + 5MP | 13MP Front Camera,,https://www.flipkart.com/samsung-galaxy-f17-5g-neo-black-128-gb/p/itm0bf5856f3c9d7?pid=MOBHF6KMEEWK7HPX&lid=LSTMOBHF6KMEEWK7HPXQ6SNNX&marketplace=FLIPKART&q=smart+phones&store=tyy%2F4io&srno=s_4_94&otracker=search&fm=organic&iid=5ec2f792-9688-4837-bf28-999db04d7395.MOBHF6KMEEWK7HPX.SEARCH&ppt=None&ppn=None&ssid=vsbv74xe680000001785564812545&qH=a5594894156db043&ov_redirect=true,2026-08-01
95,"MOTOROLA edge 70 pro (Tailored Fabric - PANTONE Titan (Blue), 256 GB)",MOTOROLA,42999,74999,42% off,4.3,357,50,12 GB RAM,256 GB ROM,6500 mAh Silicon-Carbon Battery,Dimensity 8500 Extreme Processor,17.27 cm (6.8 inch) Full HD+ Super AMOLED Display,50MP + 50MP | 50MP Front Camera,,https://www.flipkart.com/motorola-edge-70-pro-tailored-fabric-pantone-titan-blue-256-gb/p/itm2bb5f69d7af34?pid=MOBHN973JRZJXD9Y&lid=LSTMOBHN973JRZJXD9YATO2ML&marketplace=FLIPKART&q=smart+phones&store=tyy%2F4io&srno=s_4_95&otracker=search&fm=organic&iid=5ec2f792-9688-4837-bf28-999db04d7395.MOBHN973JRZJXD9Y.SEARCH&ppt=None&ppn=None&ssid=vsbv74xe680000001785564812545&qH=a5594894156db043&ov_redirect=true,2026-08-01
96,"MOTOROLA edge 70 pro (Satin-Luxe PANTONE Tea (Green), 256 GB)",MOTOROLA,39999,69999,42% off,4.4,395,54,8 GB RAM,256 GB ROM,6500 mAh Silicon-Carbon Battery,Dimensity 8500 Extreme Processor,17.27 cm (6.8 inch) Full HD+ Super AMOLED Display,50MP + 50MP | 50MP Front Camera,,https://www.flipkart.com/motorola-edge-70-pro-satin-luxe-pantone-tea-green-256-gb/p/itmad36b25ee48bf?pid=MOBHN9734ZPCKBAC&lid=LSTMOBHN9734ZPCKBACJUQ4X8&marketplace=FLIPKART&q=smart+phones&store=tyy%2F4io&srno=s_4_96&otracker=search&fm=organic&iid=5ec2f792-9688-4837-bf28-999db04d7395.MOBHN9734ZPCKBAC.SEARCH&ppt=None&ppn=None&ssid=vsbv74xe680000001785564812545&qH=a5594894156db043&ov_redirect=true,2026-08-01
97,"vivo T5 Pro 5G (Glacier Blue, 128 GB)",vivo,35999,55999,35% off,4.5,"7,564",750,8 GB RAM,128 GB ROM,9020 mAh Battery,Snapdragon 7s Gen 4 Processor,17.35 cm (6.83 inch) Full HD+ AMOLED Display,50MP + 2MP | 32MP Front Camera,,https://www.flipkart.com/vivo-t5-pro-5g-glacier-blue-128-gb/p/itma21e2e09d4493?pid=MOBHM4FZVHBWFRHM&lid=LSTMOBHM4FZVHBWFRHMUM8WSE&marketplace=FLIPKART&q=smart+phones&store=tyy%2F4io&srno=s_5_97&otracker=search&fm=organic&iid=a978be90-eb73-42b8-805d-3b79cd9d9379.MOBHM4FZVHBWFRHM.SEARCH&ppt=None&ppn=None&ssid=3gq0yomdm80000001785564815952&qH=a5594894156db043&ov_redirect=true,2026-08-01
98,"MOTOROLA Edge 60 Pro (Pantone Dazzling Blue, 256 GB)",MOTOROLA,33999,40999,17% off,4.3,"16,302","1,538",12 GB RAM,256 GB ROM,6000 mAh Battery,Dimensity 8350 Processor,17.02 cm (6.7 inch) Full HD+ Display,50MP + 50MP + 10MP | 50MP Front Camera,,https://www.flipkart.com/motorola-edge-60-pro-pantone-dazzling-blue-256-gb/p/itm8b5ec986e4399?pid=MOBH9C9JBBC8GDG3&lid=LSTMOBH9C9JBBC8GDG3WOGGHR&marketplace=FLIPKART&q=smart+phones&store=tyy%2F4io&srno=s_5_98&otracker=search&fm=organic&iid=a978be90-eb73-42b8-805d-3b79cd9d9379.MOBH9C9JBBC8GDG3.SEARCH&ppt=None&ppn=None&ssid=3gq0yomdm80000001785564815952&qH=a5594894156db043&ov_redirect=true,2026-08-01
99,"Ai+ Nova 2 5G (Green, 128 GB)",Ai+,14999,,,4.2,"4,110",268,6 GB RAM,128 GB ROM,6000 mAh Battery,T8200 Processor,17.13 cm (6.745 inch) HD+ Display,50MP Rear Camera | 8MP Front Camera,,https://www.flipkart.com/ai-nova-2-5g-green-128-gb/p/itma2d4c7aa835c6?pid=MOBHKHPYZD3YHFTW&lid=LSTMOBHKHPYZD3YHFTWUC7RUJ&marketplace=FLIPKART&q=smart+phones&store=tyy%2F4io&srno=s_5_99&otracker=search&fm=organic&iid=a978be90-eb73-42b8-805d-3b79cd9d9379.MOBHKHPYZD3YHFTW.SEARCH&ppt=None&ppn=None&ssid=3gq0yomdm80000001785564815952&qH=a5594894156db043&ov_redirect=true,2026-08-01
100,"MOTOROLA Edge 70 Max (PANTONE Ice Melt, 256 GB)",MOTOROLA,59999,94999,36% off,4.3,8,1,12 GB RAM,256 GB ROM,7100 mAh Silicon-Carbon Battery,Snapdragon 8 Gen 5 Processor,17.27 cm (6.8 inch) Quad HD+ Display,50MP + 8MP | 32MP Front Camera,,https://www.flipkart.com/motorola-edge-70-max-pantone-ice-melt-256-gb/p/itmdbd2e4567c186?pid=MOBHMJQAYGYPFMWX&lid=LSTMOBHMJQAYGYPFMWXLOELMB&marketplace=FLIPKART&q=smart+phones&store=tyy%2F4io&srno=s_5_100&otracker=search&fm=organic&iid=a978be90-eb73-42b8-805d-3b79cd9d9379.MOBHMJQAYGYPFMWX.SEARCH&ppt=None&ppn=None&ssid=3gq0yomdm80000001785564815952&qH=a5594894156db043&ov_redirect=true,2026-08-01
101,"Nothing Phone (4a) (Blue, 128 GB)",Nothing,42999,59999,28% off,4.5,"5,783",638,8 GB RAM,128 GB ROM,5400 mAh Lithium ion Battery,Snapdragon 7s Gen 4 Processor,17.22 cm (6.78 inch) Full HD+ AMOLED Display,50MP + 50MP + 8MP | 32MP Front Camera,,https://www.flipkart.com/nothing-phone-4a-blue-128-gb/p/itm4d8bff10483ce?pid=MOBHZAWYPQ3DQ6DS&lid=LSTMOBHZAWYPQ3DQ6DSHG2PF2&marketplace=FLIPKART&q=smart+phones&store=tyy%2F4io&srno=s_5_101&otracker=search&fm=organic&iid=a978be90-eb73-42b8-805d-3b79cd9d9379.MOBHZAWYPQ3DQ6DS.SEARCH&ppt=None&ppn=None&ssid=3gq0yomdm80000001785564815952&qH=a5594894156db043&ov_redirect=true,2026-08-01
102,"vivo T5x 5G (Fusion Red, 128 GB)",vivo,27999,30999,9% off,4.4,"19,154","1,418",8 GB RAM,128 GB ROM,7200 mAh Li-ion Battery,Dimensity 7400-Turbo Processor,17.17 cm (6.76 inch) Display,50MP + 2MP | 32MP Front Camera,,https://www.flipkart.com/vivo-t5x-5g-fusion-red-128-gb/p/itm7da8aa253e72b?pid=MOBHPGHCZVCYZUP7&lid=LSTMOBHPGHCZVCYZUP7VAIWGY&marketplace=FLIPKART&q=smart+phones&store=tyy%2F4io&spotlightTagId=default_TrendingId_tyy%2F4io&srno=s_5_102&otracker=search&fm=organic&iid=a978be90-eb73-42b8-805d-3b79cd9d9379.MOBHPGHCZVCYZUP7.SEARCH&ppt=None&ppn=None&ssid=3gq0yomdm80000001785564815952&qH=a5594894156db043&ov_redirect=true,2026-08-01
103,"Samsung Galaxy F70e 5G (Spotlight Blue, 128 GB)",Samsung,18499,20999,11% off,4.2,"5,906",648,6 GB RAM,128 GB ROM,6000 mAh Li-ion Battery,Dimensity 6300 Processor,17.12 cm (6.74 inch) HD+ Display,50MP + 2MP | 8MP Front Camera,,https://www.flipkart.com/samsung-galaxy-f70e-5g-spotlight-blue-128-gb/p/itm639bb81aa42d9?pid=MOBHMGHQF8KKB99Q&lid=LSTMOBHMGHQF8KKB99QTPHLVT&marketplace=FLIPKART&q=smart+phones&store=tyy%2F4io&srno=s_5_103&otracker=search&fm=organic&iid=a978be90-eb73-42b8-805d-3b79cd9d9379.MOBHMGHQF8KKB99Q.SEARCH&ppt=None&ppn=None&ssid=3gq0yomdm80000001785564815952&qH=a5594894156db043&ov_redirect=true,2026-08-01
104,"OnePlus N6 5G (Fresh Mint, 128 GB)",OnePlus,25666,33999,24% off,4.2,75,10,6 GB RAM,128 GB ROM,8000 mAh Battery,,17.27 cm (6.8 inch) Display,50MP Rear Camera,,https://www.flipkart.com/oneplus-n6-5g-fresh-mint-128-gb/p/itm73a3c7e824695?pid=MOBHZVFJU3EDNSQE&lid=LSTMOBHZVFJU3EDNSQEIOAXTR&marketplace=FLIPKART&q=smart+phones&store=tyy%2F4io&srno=s_5_104&otracker=search&fm=organic&iid=a978be90-eb73-42b8-805d-3b79cd9d9379.MOBHZVFJU3EDNSQE.SEARCH&ppt=None&ppn=None&ssid=3gq0yomdm80000001785564815952&qH=a5594894156db043&ov_redirect=true,2026-08-01
105,"Ai+ Nova 2 Neo 5G (Orange, 128 GB)",Ai+,15999,18999,15% off,4.4,564,86,4 GB RAM,128 GB ROM,6000 mAh Li-polymer Battery,Dimensity 6300 Processor,17.13 cm (6.745 inch) HD+ Display,48MP Rear Camera | 8MP Front Camera,,https://www.flipkart.com/ai-nova-2-neo-5g-orange-128-gb/p/itm18a0594b2692d?pid=MOBHZ8ZMHPWQ96CE&lid=LSTMOBHZ8ZMHPWQ96CEBTZKSD&marketplace=FLIPKART&q=smart+phones&store=tyy%2F4io&srno=s_5_105&otracker=search&fm=organic&iid=a978be90-eb73-42b8-805d-3b79cd9d9379.MOBHZ8ZMHPWQ96CE.SEARCH&ppt=None&ppn=None&ssid=3gq0yomdm80000001785564815952&qH=a5594894156db043&ov_redirect=true,2026-08-01
106,"realme P4 Power 5G (TransOrange, 256 GB)",realme,30999,34999,11% off,4.4,"6,752",720,8 GB RAM,256 GB ROM,10001 mAh Battery,Dimensity 7400 Ultra Processor,17.27 cm (6.8 inch) Full HD+ AMOLED Display,,,https://www.flipkart.com/realme-p4-power-5g-transorange-256-gb/p/itm49784b322aad0?pid=MOBHJHSH2THUTPUU&lid=LSTMOBHJHSH2THUTPUUNWKMJD&marketplace=FLIPKART&q=smart+phones&store=tyy%2F4io&srno=s_5_106&otracker=search&fm=organic&iid=a978be90-eb73-42b8-805d-3b79cd9d9379.MOBHJHSH2THUTPUU.SEARCH&ppt=None&ppn=None&ssid=3gq0yomdm80000001785564815952&qH=a5594894156db043&ov_redirect=true,2026-08-01
107,"Ai+ Nova 2 Neo 5G (Blue, 128 GB)",Ai+,15999,18999,15% off,4.4,564,86,4 GB RAM,128 GB ROM,6000 mAh Li-polymer Battery,Dimensity 6300 Processor,17.13 cm (6.745 inch) HD+ Display,48MP Rear Camera | 8MP Front Camera,,https://www.flipkart.com/ai-nova-2-neo-5g-blue-128-gb/p/itmdcaa61dad2064?pid=MOBHZ8ZMTFJZHQQ6&lid=LSTMOBHZ8ZMTFJZHQQ6X2VHUW&marketplace=FLIPKART&q=smart+phones&store=tyy%2F4io&srno=s_5_107&otracker=search&fm=organic&iid=a978be90-eb73-42b8-805d-3b79cd9d9379.MOBHZ8ZMTFJZHQQ6.SEARCH&ppt=None&ppn=None&ssid=3gq0yomdm80000001785564815952&qH=a5594894156db043&ov_redirect=true,2026-08-01
108,"Ai+ Pulse 1 (Black, 128 GB)",Ai+,9999,,,4,"10,006",728,6 GB RAM,128 GB ROM,5000 mAh Battery,T615 Processor,17.13 cm (6.745 inch) HD+ Display,50MP Rear Camera | 5MP Front Camera,,https://www.flipkart.com/ai-pulse-1-black-128-gb/p/itm28c2a982dd856?pid=MOBHDDQXGD5AGM7F&lid=LSTMOBHDDQXGD5AGM7FDRKBFK&marketplace=FLIPKART&q=smart+phones&store=tyy%2F4io&srno=s_5_108&otracker=search&fm=organic&iid=a978be90-eb73-42b8-805d-3b79cd9d9379.MOBHDDQXGD5AGM7F.SEARCH&ppt=None&ppn=None&ssid=3gq0yomdm80000001785564815952&qH=a5594894156db043&ov_redirect=true,2026-08-01
109,"Ai+ Nova 2 Pro 5G (Blue, 128 GB)",Ai+,19999,22999,13% off,4,406,47,8 GB RAM,128 GB ROM,6000 mAh Li-polymer Battery,Dimensity 7100 Processor,17.53 cm (6.9 inch) Full HD+ Display,48MP Rear Camera | 13MP Front Camera,,https://www.flipkart.com/ai-nova-2-pro-5g-blue-128-gb/p/itmd1ea84fa8f73a?pid=MOBHZ8ZMRKCCRXEU&lid=LSTMOBHZ8ZMRKCCRXEUQOKXSE&marketplace=FLIPKART&q=smart+phones&store=tyy%2F4io&srno=s_5_109&otracker=search&fm=organic&iid=a978be90-eb73-42b8-805d-3b79cd9d9379.MOBHZ8ZMRKCCRXEU.SEARCH&ppt=None&ppn=None&ssid=3gq0yomdm80000001785564815952&qH=a5594894156db043&ov_redirect=true,2026-08-01
110,"realme Narzo 90x 5G (Nitro Blue, 128 GB)",realme,21999,,,4.3,"3,190",256,6 GB RAM,128 GB ROM,7000 mAh Battery,,17.27 cm (6.8 inch) Display,50MP Rear Camera,,https://www.flipkart.com/realme-narzo-90x-5g-nitro-blue-128-gb/p/itma63c5c5ce781a?pid=MOBHGUHGPTVEMGQ7&lid=LSTMOBHGUHGPTVEMGQ7ZOMHGX&marketplace=FLIPKART&q=smart+phones&store=tyy%2F4io&srno=s_5_110&otracker=search&fm=organic&iid=a978be90-eb73-42b8-805d-3b79cd9d9379.MOBHGUHGPTVEMGQ7.SEARCH&ppt=None&ppn=None&ssid=3gq0yomdm80000001785564815952&qH=a5594894156db043&ov_redirect=true,2026-08-01
111,"MOTOROLA g67 power 5G (Pantone CILANTRO, 256 GB)",MOTOROLA,27999,30999,9% off,4.2,691,55,12 GB RAM,256 GB ROM,7000 mAh Battery,7s Gen 2 Processor,17.02 cm (6.7 inch) Full HD+ Display,50MP + 8MP | 32MP Front Camera,,https://www.flipkart.com/motorola-g67-power-5g-pantone-cilantro-256-gb/p/itme91d2943b446d?pid=MOBHN3UXSVHPQ7MC&lid=LSTMOBHN3UXSVHPQ7MCN0OLIS&marketplace=FLIPKART&q=smart+phones&store=tyy%2F4io&srno=s_5_111&otracker=search&fm=organic&iid=a978be90-eb73-42b8-805d-3b79cd9d9379.MOBHN3UXSVHPQ7MC.SEARCH&ppt=None&ppn=None&ssid=3gq0yomdm80000001785564815952&qH=a5594894156db043&ov_redirect=true,2026-08-01
112,"Ai+ Nova 2 Pro 5G (Blue, 128 GB)",Ai+,17999,21999,18% off,4.1,689,89,6 GB RAM,128 GB ROM,6000 mAh Li-polymer Battery,Dimensity 7100 Processor,17.53 cm (6.9 inch) Full HD+ Display,48MP Rear Camera | 13MP Front Camera,,https://www.flipkart.com/ai-nova-2-pro-5g-blue-128-gb/p/itmfcb5acce99b5c?pid=MOBHZ8ZMMPVZHE89&lid=LSTMOBHZ8ZMMPVZHE89QJCATC&marketplace=FLIPKART&q=smart+phones&store=tyy%2F4io&srno=s_5_112&otracker=search&fm=organic&iid=a978be90-eb73-42b8-805d-3b79cd9d9379.MOBHZ8ZMMPVZHE89.SEARCH&ppt=None&ppn=None&ssid=3gq0yomdm80000001785564815952&qH=a5594894156db043&ov_redirect=true,2026-08-01
113,"Ai+ Nova 2 Pro 5G (Red, 128 GB)",Ai+,17999,21999,18% off,4.1,689,89,6 GB RAM,128 GB ROM,6000 mAh Li-polymer Battery,Dimensity 7100 Processor,17.53 cm (6.9 inch) Full HD+ Display,48MP Rear Camera | 13MP Front Camera,,https://www.flipkart.com/ai-nova-2-pro-5g-red-128-gb/p/itm6e110e80c5404?pid=MOBHZ8ZMEHPWH2ZY&lid=LSTMOBHZ8ZMEHPWH2ZYOXXTT2&marketplace=FLIPKART&q=smart+phones&store=tyy%2F4io&srno=s_5_113&otracker=search&fm=organic&iid=a978be90-eb73-42b8-805d-3b79cd9d9379.MOBHZ8ZMEHPWH2ZY.SEARCH&ppt=None&ppn=None&ssid=3gq0yomdm80000001785564815952&qH=a5594894156db043&ov_redirect=true,2026-08-01
114,"Samsung Galaxy A06 5G (Light Gray, 64 GB)",Samsung,13998,13999,,4.1,"4,343",314,4 GB RAM,64 GB ROM,5000 mAh Battery,mediatek Processor,17.02 cm (6.7 inch) HD+ Display,50MP + 50MP | 8MP + 2MP Dual Front Camera,,https://www.flipkart.com/samsung-galaxy-a06-5g-light-gray-64-gb/p/itmf71de68343c6b?pid=MOBH9YKVEHBDSPCF&lid=LSTMOBH9YKVEHBDSPCFXBLXSC&marketplace=FLIPKART&q=smart+phones&store=tyy%2F4io&srno=s_5_114&otracker=search&fm=organic&iid=a978be90-eb73-42b8-805d-3b79cd9d9379.MOBH9YKVEHBDSPCF.SEARCH&ppt=None&ppn=None&ssid=3gq0yomdm80000001785564815952&qH=a5594894156db043&ov_redirect=true,2026-08-01
115,"Ai+ Nova 2 Pro 5G (Green, 128 GB)",Ai+,19999,22999,13% off,4,406,47,8 GB RAM,128 GB ROM,6000 mAh Li-polymer Battery,Dimensity 7100 Processor,17.53 cm (6.9 inch) Full HD+ Display,48MP Rear Camera | 13MP Front Camera,,https://www.flipkart.com/ai-nova-2-pro-5g-green-128-gb/p/itm0f17f22a021f7?pid=MOBHZ8ZMF5EZCTBR&lid=LSTMOBHZ8ZMF5EZCTBR0IZWIH&marketplace=FLIPKART&q=smart+phones&store=tyy%2F4io&srno=s_5_115&otracker=search&fm=organic&iid=a978be90-eb73-42b8-805d-3b79cd9d9379.MOBHZ8ZMF5EZCTBR.SEARCH&ppt=None&ppn=None&ssid=3gq0yomdm80000001785564815952&qH=a5594894156db043&ov_redirect=true,2026-08-01
116,"Alcatel V3 Pro 5G (Metallic Grey, 256 GB)",Alcatel,17999,25999,30% off,3.6,587,106,8 GB RAM,256 GB ROM,5200 mAh Battery,Dimensity 6300 Processor,16.94 cm (6.67 inch) HD+ Display,50MP + 5MP | 8MP Front Camera,,https://www.flipkart.com/alcatel-v3-pro-5g-metallic-grey-256-gb/p/itm5bbabc254f34c?pid=MOBHBH2GGYRGKQKS&lid=LSTMOBHBH2GGYRGKQKSCN7SOY&marketplace=FLIPKART&q=smart+phones&store=tyy%2F4io&srno=s_5_116&otracker=search&fm=organic&iid=a978be90-eb73-42b8-805d-3b79cd9d9379.MOBHBH2GGYRGKQKS.SEARCH&ppt=None&ppn=None&ssid=3gq0yomdm80000001785564815952&qH=a5594894156db043&ov_redirect=true,2026-08-01
117,"Samsung Galaxy S25 5G (Navy, 128 GB)",Samsung,69999,74999,6% off,4.6,"5,240",642,12 GB RAM,128 GB ROM,4000 mAh Battery,8 Elite for Galaxy Processor,15.75 cm (6.2 inch) Full HD+ Display,50MP + 10MP + 12MP | 12MP Front Camera,,https://www.flipkart.com/samsung-galaxy-s25-5g-navy-128-gb/p/itm7005add910e59?pid=MOBHB4H6DBJZMNAH&lid=LSTMOBHB4H6DBJZMNAHQRMAAE&marketplace=FLIPKART&q=smart+phones&store=tyy%2F4io&srno=s_5_117&otracker=search&fm=organic&iid=a978be90-eb73-42b8-805d-3b79cd9d9379.MOBHB4H6DBJZMNAH.SEARCH&ppt=None&ppn=None&ssid=3gq0yomdm80000001785564815952&qH=a5594894156db043&ov_redirect=true,2026-08-01
118,"realme Narzo 100 Lite 5G (Thunder Black, 128 GB)",realme,19786,31999,38% off,4.2,89,5,6 GB RAM,128 GB ROM,7000 mAh Battery,,17.27 cm (6.8 inch) Display,13MP Rear Camera,,https://www.flipkart.com/realme-narzo-100-lite-5g-thunder-black-128-gb/p/itm659398bfe469c?pid=MOBHMZ3TERMJ7F2Z&lid=LSTMOBHMZ3TERMJ7F2ZOYFZXC&marketplace=FLIPKART&q=smart+phones&store=tyy%2F4io&srno=s_5_118&otracker=search&fm=organic&iid=a978be90-eb73-42b8-805d-3b79cd9d9379.MOBHMZ3TERMJ7F2Z.SEARCH&ppt=None&ppn=None&ssid=3gq0yomdm80000001785564815952&qH=a5594894156db043&ov_redirect=true,2026-08-01
119,"Alcatel V3 Classic 5G (Cosmic Grey, 128 GB)",Alcatel,13990,19999,30% off,4,597,251,6 GB RAM,128 GB ROM,5200 mAh Battery,Dimensity 6300 Processor,16.94 cm (6.67 inch) HD+ Display,50MP Dual Camera | 8MP Front Camera,,https://www.flipkart.com/alcatel-v3-classic-5g-cosmic-grey-128-gb/p/itmaf650adae59c3?pid=MOBHBH2GP4ZNXCRJ&lid=LSTMOBHBH2GP4ZNXCRJN7ILN3&marketplace=FLIPKART&q=smart+phones&store=tyy%2F4io&srno=s_5_119&otracker=search&fm=organic&iid=a978be90-eb73-42b8-805d-3b79cd9d9379.MOBHBH2GP4ZNXCRJ.SEARCH&ppt=None&ppn=None&ssid=3gq0yomdm80000001785564815952&qH=a5594894156db043&ov_redirect=true,2026-08-01
120,"Samsung Galaxy S25 5G (Silver Shadow, 256 GB)",Samsung,79999,80999,1% off,4.6,"5,240",642,12 GB RAM,256 GB ROM,4000 mAh Battery,8 Elite Processor,15.75 cm (6.2 inch) Full HD+ Display,50MP + 10MP + 12MP | 12MP Front Camera,,https://www.flipkart.com/samsung-galaxy-s25-5g-silver-shadow-256-gb/p/itm70d1f331ebbac?pid=MOBH8K8UH9XHPVGQ&lid=LSTMOBH8K8UH9XHPVGQEUE4JY&marketplace=FLIPKART&q=smart+phones&store=tyy%2F4io&srno=s_5_120&otracker=search&fm=organic&iid=a978be90-eb73-42b8-805d-3b79cd9d9379.MOBH8K8UH9XHPVGQ.SEARCH&ppt=None&ppn=None&ssid=3gq0yomdm80000001785564815952&qH=a5594894156db043&ov_redirect=true,2026-08-01
121,"MOTOROLA g06 power (Pantone tapestry, 64 GB)",MOTOROLA,13999,19999,30% off,4.2,"21,447","1,467",4 GB RAM,64 GB ROM,7000 mAh Battery,Helio G81 Processor,17.48 cm (6.88 inch) HD+ Display,50MP Rear Camera | 8MP Front Camera,,https://www.flipkart.com/motorola-g06-power-pantone-tapestry-64-gb/p/itm29390fa68401d?pid=MOBHN973FFYHGUGG&lid=LSTMOBHN973FFYHGUGG27JKDQ&marketplace=FLIPKART&q=smart+phones&store=tyy%2F4io&srno=s_6_121&otracker=search&fm=organic&iid=cad6c707-bbc9-47e7-8c12-26de4e369ddc.MOBHN973FFYHGUGG.SEARCH&ppt=None&ppn=None&ssid=3awd85o1hs0000001785564819239&qH=a5594894156db043&ov_redirect=true,2026-08-01
122,"Apple iPhone 17 Pro (Cosmic Orange, 256 GB)",Apple,132900,134900,1% off,4.7,"3,848",275,,,,"A19 Chip, 6 Core Processor Processor",16.0 cm (6.3 inch) Super Retina XDR Display,48MP + 48MP + 48MP | 18MP Front Camera,,https://www.flipkart.com/apple-iphone-17-pro-cosmic-orange-256-gb/p/itm76fe37ca9ea8c?pid=MOBHFN6YR8HF5BQ9&lid=LSTMOBHFN6YR8HF5BQ9RBYDOE&marketplace=FLIPKART&q=smart+phones&store=tyy%2F4io&srno=s_6_122&otracker=search&fm=organic&iid=cad6c707-bbc9-47e7-8c12-26de4e369ddc.MOBHFN6YR8HF5BQ9.SEARCH&ppt=None&ppn=None&ssid=3awd85o1hs0000001785564819239&qH=a5594894156db043&ov_redirect=true,2026-08-01
123,"realme P4 Lite 5G (Mosaic Blue, 128 GB)",realme,19999,36999,45% off,4.3,"1,790",146,6 GB RAM,128 GB ROM,7000 mAh lithium-ion polymer Battery,Dimensity 6300 Processor,17.27 cm (6.8 inches) HD+ Display,13MP Rear Camera | 5MP Front Camera,,https://www.flipkart.com/realme-p4-lite-5g-mosaic-blue-128-gb/p/itm90c243961f214?pid=MOBHN7A8AG9TYTW6&lid=LSTMOBHN7A8AG9TYTW6XV24FV&marketplace=FLIPKART&q=smart+phones&store=tyy%2F4io&srno=s_6_123&otracker=search&fm=organic&iid=cad6c707-bbc9-47e7-8c12-26de4e369ddc.MOBHN7A8AG9TYTW6.SEARCH&ppt=None&ppn=None&ssid=3awd85o1hs0000001785564819239&qH=a5594894156db043&ov_redirect=true,2026-08-01
124,"realme P4 Lite 5G (Mosaic Green, 64 GB)",realme,15499,28999,46% off,4.2,"10,930",688,4 GB RAM,64 GB ROM,7000 mAh lithium-ion polymer Battery,Dimensity 6300 Processor,17.27 cm (6.8 inches) HD+ Display,13MP Rear Camera | 5MP Front Camera,,https://www.flipkart.com/realme-p4-lite-5g-mosaic-green-64-gb/p/itm90c243961f214?pid=MOBHN7A8SZ7F9C7T&lid=LSTMOBHN7A8SZ7F9C7TYM0TGX&marketplace=FLIPKART&q=smart+phones&store=tyy%2F4io&srno=s_6_124&otracker=search&fm=organic&iid=cad6c707-bbc9-47e7-8c12-26de4e369ddc.MOBHN7A8SZ7F9C7T.SEARCH&ppt=None&ppn=None&ssid=3awd85o1hs0000001785564819239&qH=a5594894156db043&ov_redirect=true,2026-08-01
125,"HMD VIBE2 5G (Peach Pink, 128 GB)",HMD,18999,24999,24% off,4.4,279,14,6 GB RAM,128 GB ROM,6000 mAh Li-Poly Battery,,17.02 cm (6.7 inch) HD+ Display,50MP Rear Camera | 8MP Front Camera,,https://www.flipkart.com/hmd-vibe2-5g-peach-pink-128-gb/p/itm71c3ae6df2a26?pid=MOBHNS6YPG7RWGUK&lid=LSTMOBHNS6YPG7RWGUK4TRWV6&marketplace=FLIPKART&q=smart+phones&store=tyy%2F4io&srno=s_6_125&otracker=search&fm=organic&iid=cad6c707-bbc9-47e7-8c12-26de4e369ddc.MOBHNS6YPG7RWGUK.SEARCH&ppt=None&ppn=None&ssid=3awd85o1hs0000001785564819239&qH=a5594894156db043&ov_redirect=true,2026-08-01
126,"HMD VIBE2 5G (Nordic Blue, 128 GB)",HMD,18999,24999,24% off,4.4,279,14,6 GB RAM,128 GB ROM,6000 mAh Li-Poly Battery,,17.02 cm (6.7 inch) HD+ Display,50MP Rear Camera | 8MP Front Camera,,https://www.flipkart.com/hmd-vibe2-5g-nordic-blue-128-gb/p/itm71c3ae6df2a26?pid=MOBHNS6YYSAJPVHZ&lid=LSTMOBHNS6YYSAJPVHZHEOKCG&marketplace=FLIPKART&q=smart+phones&store=tyy%2F4io&srno=s_6_126&otracker=search&fm=organic&iid=cad6c707-bbc9-47e7-8c12-26de4e369ddc.MOBHNS6YYSAJPVHZ.SEARCH&ppt=None&ppn=None&ssid=3awd85o1hs0000001785564819239&qH=a5594894156db043&ov_redirect=true,2026-08-01
127,"POCO C85 5G (Mystic Purple, 128 GB)",POCO,17999,22999,21% off,4.2,"1,593",108,6 GB RAM,128 GB ROM,6000 mAh Lithium-Ion Polymer Battery,Dimensity 6300 Processor,17.53 cm (6.9 inch) HD+ Display,50MP Rear Camera | 8MP Front Camera,,https://www.flipkart.com/poco-c85-5g-mystic-purple-128-gb/p/itmbab3636ca0451?pid=MOBHMGG5ZM2KRGEG&lid=LSTMOBHMGG5ZM2KRGEG8Q0T7X&marketplace=FLIPKART&q=smart+phones&store=tyy%2F4io&srno=s_6_127&otracker=search&fm=organic&iid=cad6c707-bbc9-47e7-8c12-26de4e369ddc.MOBHMGG5ZM2KRGEG.SEARCH&ppt=None&ppn=None&ssid=3awd85o1hs0000001785564819239&qH=a5594894156db043&ov_redirect=true,2026-08-01
128,"realme P4 Lite 5G (Mosaic Blue, 64 GB)",realme,15499,28999,46% off,4.2,"10,930",688,4 GB RAM,64 GB ROM,7000 mAh lithium-ion polymer Battery,Dimensity 6300 Processor,17.27 cm (6.8 inches) HD+ Display,13MP Rear Camera | 5MP Front Camera,,https://www.flipkart.com/realme-p4-lite-5g-mosaic-blue-64-gb/p/itm90c243961f214?pid=MOBHN7A8CMJGRACT&lid=LSTMOBHN7A8CMJGRACTDRIOJU&marketplace=FLIPKART&q=smart+phones&store=tyy%2F4io&srno=s_6_128&otracker=search&fm=organic&iid=cad6c707-bbc9-47e7-8c12-26de4e369ddc.MOBHN7A8CMJGRACT.SEARCH&ppt=None&ppn=None&ssid=3awd85o1hs0000001785564819239&qH=a5594894156db043&ov_redirect=true,2026-08-01
129,"MOTOROLA g37 power (PANTONE Nautical Blue, 128 GB)",MOTOROLA,15999,30499,47% off,4.2,"2,943",351,4 GB RAM,128 GB ROM,7000 mAh Battery,Dimensity 6400 Processor,16.92 cm (6.66 inch) HD+ Display,50MP Rear Camera | 8MP Front Camera,,https://www.flipkart.com/motorola-g37-power-pantone-nautical-blue-128-gb/p/itmf752f4981d932?pid=MOBHHVFYGN57RYAH&lid=LSTMOBHHVFYGN57RYAH8U08EM&marketplace=FLIPKART&q=smart+phones&store=tyy%2F4io&srno=s_6_129&otracker=search&fm=organic&iid=cad6c707-bbc9-47e7-8c12-26de4e369ddc.MOBHHVFYGN57RYAH.SEARCH&ppt=None&ppn=None&ssid=3awd85o1hs0000001785564819239&qH=a5594894156db043&ov_redirect=true,2026-08-01
130,"MOTOROLA g06 power (Pantone Tendril, 64 GB)",MOTOROLA,13999,19999,30% off,4.2,"21,447","1,467",4 GB RAM,64 GB ROM,7000 mAh Battery,Helio G81 Processor,17.48 cm (6.88 inch) HD+ Display,50MP Rear Camera | 8MP Front Camera,,https://www.flipkart.com/motorola-g06-power-pantone-tendril-64-gb/p/itm2f1ca967879c9?pid=MOBHN973UQNPMAAN&lid=LSTMOBHN973UQNPMAANZHPTVN&marketplace=FLIPKART&q=smart+phones&store=tyy%2F4io&srno=s_6_130&otracker=search&fm=organic&iid=cad6c707-bbc9-47e7-8c12-26de4e369ddc.MOBHN973UQNPMAAN.SEARCH&ppt=None&ppn=None&ssid=3awd85o1hs0000001785564819239&qH=a5594894156db043&ov_redirect=true,2026-08-01
131,"Ai+ Nova 2 Pro 5G (Blue, 128 GB)",Ai+,17999,21999,18% off,4.1,689,89,6 GB RAM,128 GB ROM,6000 mAh Li-polymer Battery,Dimensity 7100 Processor,17.53 cm (6.9 inch) Full HD+ Display,48MP Rear Camera | 13MP Front Camera,,https://www.flipkart.com/ai-nova-2-pro-5g-blue-128-gb/p/itmfcb5acce99b5c?pid=MOBHZ8ZMMPVZHE89&lid=LSTMOBHZ8ZMMPVZHE89QJCATC&marketplace=FLIPKART&q=smart+phones&store=tyy%2F4io&srno=s_6_131&otracker=search&fm=organic&iid=cad6c707-bbc9-47e7-8c12-26de4e369ddc.MOBHZ8ZMMPVZHE89.SEARCH&ppt=None&ppn=None&ssid=3awd85o1hs0000001785564819239&qH=a5594894156db043&ov_redirect=true,2026-08-01
132,"Ai+ Nova 2 Ultra 5G (Purple, 128 GB)",Ai+,20999,25999,19% off,4.1,"1,963",270,6 GB RAM,128 GB ROM,6000 mAh Li-polymer Battery,Dimensity 7400 Processor,17.22 cm (6.78 inch) Full HD+ AMOLED Display,50MP + 8MP | 13MP Front Camera,,https://www.flipkart.com/ai-nova-2-ultra-5g-purple-128-gb/p/itm5d98d015d0ae5?pid=MOBHHUFDR8MBYXHV&lid=LSTMOBHHUFDR8MBYXHVNFWMXI&marketplace=FLIPKART&q=smart+phones&store=tyy%2F4io&srno=s_6_132&otracker=search&fm=organic&iid=cad6c707-bbc9-47e7-8c12-26de4e369ddc.MOBHHUFDR8MBYXHV.SEARCH&ppt=None&ppn=None&ssid=3awd85o1hs0000001785564819239&qH=a5594894156db043&ov_redirect=true,2026-08-01
133,"POCO C85x (Sunset Gold, 128 GB)",POCO,14999,21999,31% off,4.1,"4,065",232,4 GB RAM,128 GB ROM,6300 mAh Lithium-Ion Polymer Battery,T8300 Processor,17.53 cm (6.9 inch) HD+ Display,32MP Rear Camera,,https://www.flipkart.com/poco-c85x-sunset-gold-128-gb/p/itm5e970a19e6ad3?pid=MOBHMGG5BR94DQRY&lid=LSTMOBHMGG5BR94DQRY8N6NYY&marketplace=FLIPKART&q=smart+phones&store=tyy%2F4io&srno=s_6_133&otracker=search&fm=organic&iid=cad6c707-bbc9-47e7-8c12-26de4e369ddc.MOBHMGG5BR94DQRY.SEARCH&ppt=None&ppn=None&ssid=3awd85o1hs0000001785564819239&qH=a5594894156db043&ov_redirect=true,2026-08-01
134,"Samsung Galaxy S25 Ultra 5G (Titanium Silverblue, 256 GB)",Samsung,91521,129999,29% off,4.6,"3,422",371,12 GB RAM,256 GB ROM,5000 mAh Battery,8 Elite for Galaxy Processor,17.53 cm (6.9 inch) Quad HD+ Display,200MP + 50MP + 50MP + 10MP | 12MP Front Camera,,https://www.flipkart.com/samsung-galaxy-s25-ultra-5g-titanium-silverblue-256-gb/p/itm413a5c3f30151?pid=MOBH8K8U5FWQWD6G&lid=LSTMOBH8K8U5FWQWD6G2VMUV0&marketplace=FLIPKART&q=smart+phones&store=tyy%2F4io&srno=s_6_134&otracker=search&fm=organic&iid=cad6c707-bbc9-47e7-8c12-26de4e369ddc.MOBH8K8U5FWQWD6G.SEARCH&ppt=None&ppn=None&ssid=3awd85o1hs0000001785564819239&qH=a5594894156db043&ov_redirect=true,2026-08-01
135,"Ai+ Nova 2 Pro 5G (Red, 128 GB)",Ai+,17999,21999,18% off,4.1,689,89,6 GB RAM,128 GB ROM,6000 mAh Li-polymer Battery,Dimensity 7100 Processor,17.53 cm (6.9 inch) Full HD+ Display,48MP Rear Camera | 13MP Front Camera,,https://www.flipkart.com/ai-nova-2-pro-5g-red-128-gb/p/itm6e110e80c5404?pid=MOBHZ8ZMEHPWH2ZY&lid=LSTMOBHZ8ZMEHPWH2ZYOXXTT2&marketplace=FLIPKART&q=smart+phones&store=tyy%2F4io&srno=s_6_135&otracker=search&fm=organic&iid=cad6c707-bbc9-47e7-8c12-26de4e369ddc.MOBHZ8ZMEHPWH2ZY.SEARCH&ppt=None&ppn=None&ssid=3awd85o1hs0000001785564819239&qH=a5594894156db043&ov_redirect=true,2026-08-01
136,"Samsung Galaxy M06 5G (Sage Green, 64 GB)",Samsung,13355,14999,10% off,4.1,"1,333",100,4 GB RAM,64 GB ROM,5000 mAh Battery,,17.02 cm (6.7 inch) Display,50MP Rear Camera,,https://www.flipkart.com/samsung-galaxy-m06-5g-sage-green-64-gb/p/itm0c7e356cd6ad6?pid=MOBHCTXH9NNZEUVH&lid=LSTMOBHCTXH9NNZEUVHX9QVY8&marketplace=FLIPKART&q=smart+phones&store=tyy%2F4io&srno=s_6_136&otracker=search&fm=organic&iid=cad6c707-bbc9-47e7-8c12-26de4e369ddc.MOBHCTXH9NNZEUVH.SEARCH&ppt=None&ppn=None&ssid=3awd85o1hs0000001785564819239&qH=a5594894156db043&ov_redirect=true,2026-08-01
137,"realme P4 Lite (Sea Blue, 128 GB)",realme,13999,27999,50% off,4,"4,651",287,4 GB RAM,128 GB ROM,6300 mAh Battery,T7250 Processor,17.14 cm (6.75 inch) HD+ Display,13MP Rear Camera | 5MP Front Camera,,https://www.flipkart.com/realme-p4-lite-sea-blue-128-gb/p/itm029fbc88fdc91?pid=MOBHMX7KSWHYYNZ9&lid=LSTMOBHMX7KSWHYYNZ9VHNEVV&marketplace=FLIPKART&q=smart+phones&store=tyy%2F4io&srno=s_6_137&otracker=search&fm=organic&iid=cad6c707-bbc9-47e7-8c12-26de4e369ddc.MOBHMX7KSWHYYNZ9.SEARCH&ppt=None&ppn=None&ssid=3awd85o1hs0000001785564819239&qH=a5594894156db043&ov_redirect=true,2026-08-01
138,"OnePlus N6 5G (Fresh Mint, 128 GB)",OnePlus,25666,33999,24% off,4.2,75,10,6 GB RAM,128 GB ROM,8000 mAh Battery,,17.27 cm (6.8 inch) Display,50MP Rear Camera,,https://www.flipkart.com/oneplus-n6-5g-fresh-mint-128-gb/p/itm73a3c7e824695?pid=MOBHZVFJU3EDNSQE&lid=LSTMOBHZVFJU3EDNSQEIOAXTR&marketplace=FLIPKART&q=smart+phones&store=tyy%2F4io&srno=s_6_138&otracker=search&fm=organic&iid=cad6c707-bbc9-47e7-8c12-26de4e369ddc.MOBHZVFJU3EDNSQE.SEARCH&ppt=None&ppn=None&ssid=3awd85o1hs0000001785564819239&qH=a5594894156db043&ov_redirect=true,2026-08-01
139,"POCO C85x (Elite Black, 128 GB)",POCO,14999,21999,31% off,4.1,"4,065",232,4 GB RAM,128 GB ROM,6300 mAh Lithium-Ion Polymer Battery,T8300 Processor,17.53 cm (6.9 inch) HD+ Display,32MP Rear Camera,,https://www.flipkart.com/poco-c85x-elite-black-128-gb/p/itm7e422d0bdc317?pid=MOBHMGG5NGH9MQBY&lid=LSTMOBHMGG5NGH9MQBYWJQIAO&marketplace=FLIPKART&q=smart+phones&store=tyy%2F4io&srno=s_6_139&otracker=search&fm=organic&iid=cad6c707-bbc9-47e7-8c12-26de4e369ddc.MOBHMGG5NGH9MQBY.SEARCH&ppt=None&ppn=None&ssid=3awd85o1hs0000001785564819239&qH=a5594894156db043&ov_redirect=true,2026-08-01
140,"Ai+ Nova 2 Pro 5G (Purple, 128 GB)",Ai+,17999,21999,18% off,4.1,689,89,6 GB RAM,128 GB ROM,6000 mAh Li-polymer Battery,Dimensity 7100 Processor,17.53 cm (6.9 inch) Full HD+ Display,48MP Rear Camera | 13MP Front Camera,,https://www.flipkart.com/ai-nova-2-pro-5g-purple-128-gb/p/itm95899429b0b18?pid=MOBHZ8ZMGVPHRQWP&lid=LSTMOBHZ8ZMGVPHRQWPFTQBJE&marketplace=FLIPKART&q=smart+phones&store=tyy%2F4io&srno=s_6_140&otracker=search&fm=organic&iid=cad6c707-bbc9-47e7-8c12-26de4e369ddc.MOBHZ8ZMGVPHRQWP.SEARCH&ppt=None&ppn=None&ssid=3awd85o1hs0000001785564819239&qH=a5594894156db043&ov_redirect=true,2026-08-01
141,"vivo X200T (Stellar Black, 256 GB)",vivo,59999,80000,25% off,4.6,"7,294","1,463",12 GB RAM,256 GB ROM,6200 mAh Battery,Dimensity 9400+ Processor,16.94 cm (6.67 inch) Full HD+ AMOLED Display,50MP + 50MP + 50MP | 32MP Front Camera,,https://www.flipkart.com/vivo-x200t-stellar-black-256-gb/p/itm1b8452d68859b?pid=MOBHJK5MBRDS3GUQ&lid=LSTMOBHJK5MBRDS3GUQWMQNUP&marketplace=FLIPKART&q=smart+phones&store=tyy%2F4io&srno=s_6_141&otracker=search&fm=organic&iid=cad6c707-bbc9-47e7-8c12-26de4e369ddc.MOBHJK5MBRDS3GUQ.SEARCH&ppt=None&ppn=None&ssid=3awd85o1hs0000001785564819239&qH=a5594894156db043&ov_redirect=true,2026-08-01
142,"Samsung Galaxy A07 LTE (Black, 64 GB)",Samsung,11099,12999,14% off,4.2,"1,211",78,4 GB RAM,64 GB ROM,5000 mAh Battery,Helio G99 Processor,17.02 cm (6.7 inch) HD+ Display,,,https://www.flipkart.com/samsung-galaxy-a07-lte-black-64-gb/p/itm25dbddb462dcb?pid=MOBHG82ZXW3DEMHY&lid=LSTMOBHG82ZXW3DEMHYXEGYVA&marketplace=FLIPKART&q=smart+phones&store=tyy%2F4io&srno=s_6_142&otracker=search&fm=organic&iid=cad6c707-bbc9-47e7-8c12-26de4e369ddc.MOBHG82ZXW3DEMHY.SEARCH&ppt=None&ppn=None&ssid=3awd85o1hs0000001785564819239&qH=a5594894156db043&ov_redirect=true,2026-08-01
143,"Samsung Galaxy A07 LTE (Green, 64 GB)",Samsung,10999,17999,38% off,4.2,"1,211",78,4 GB RAM,64 GB ROM,5000 mAh Battery,Helio G99 Processor,17.02 cm (6.7 inch) HD+ Display,,,https://www.flipkart.com/samsung-galaxy-a07-lte-green-64-gb/p/itmf5c04712debfa?pid=MOBHG82Z2HGBWNCP&lid=LSTMOBHG82Z2HGBWNCPDN1UUJ&marketplace=FLIPKART&q=smart+phones&store=tyy%2F4io&srno=s_6_143&otracker=search&fm=organic&iid=cad6c707-bbc9-47e7-8c12-26de4e369ddc.MOBHG82Z2HGBWNCP.SEARCH&ppt=None&ppn=None&ssid=3awd85o1hs0000001785564819239&qH=a5594894156db043&ov_redirect=true,2026-08-01
144,"REDMI A7 Pro 5G (Black, 128 GB)",REDMI,14999,16999,11% off,4.1,"1,962",152,4 GB RAM,128 GB ROM,6300 mAh Battery,UNISOC T8300 octa-core processor Processor,17.53 cm (6.9 inch) Full HD+ Display,32MP Rear Camera,,https://www.flipkart.com/redmi-a7-pro-5g-black-128-gb/p/itm88c66032a6b5e?pid=MOBHMJR4JHFNEVEA&lid=LSTMOBHMJR4JHFNEVEAKGYDTH&marketplace=FLIPKART&q=smart+phones&store=tyy%2F4io&srno=s_6_144&otracker=search&fm=organic&iid=cad6c707-bbc9-47e7-8c12-26de4e369ddc.MOBHMJR4JHFNEVEA.SEARCH&ppt=None&ppn=None&ssid=3awd85o1hs0000001785564819239&qH=a5594894156db043&ov_redirect=true,2026-08-01
145,"realme P4 Lite (Sea Blue, 64 GB)",realme,12999,24999,48% off,4,"4,651",287,4 GB RAM,64 GB ROM,6300 mAh Battery,T7250 Processor,17.14 cm (6.75 inch) HD+ Display,13MP Rear Camera | 5MP Front Camera,,https://www.flipkart.com/realme-p4-lite-sea-blue-64-gb/p/itm029fbc88fdc91?pid=MOBHMX7KEQPFYJ5U&lid=LSTMOBHMX7KEQPFYJ5UZUBNOT&marketplace=FLIPKART&q=smart+phones&store=tyy%2F4io&srno=s_7_145&otracker=search&fm=organic&iid=90f86f7b-abde-4558-87dc-9b3758d58d17.MOBHMX7KEQPFYJ5U.SEARCH&ppt=None&ppn=None&ssid=7i1tg9uvxc0000001785564822384&qH=a5594894156db043&ov_redirect=true,2026-08-01
146,"realme P4 Lite (Beach Gold, 64 GB)",realme,12999,24999,48% off,4,"4,651",287,4 GB RAM,64 GB ROM,6300 mAh Battery,T7250 Processor,17.14 cm (6.75 inch) HD+ Display,13MP Rear Camera | 5MP Front Camera,,https://www.flipkart.com/realme-p4-lite-beach-gold-64-gb/p/itm029fbc88fdc91?pid=MOBHMX7KF4XYHTDM&lid=LSTMOBHMX7KF4XYHTDMOP4DJY&marketplace=FLIPKART&q=smart+phones&store=tyy%2F4io&srno=s_7_146&otracker=search&fm=organic&iid=90f86f7b-abde-4558-87dc-9b3758d58d17.MOBHMX7KF4XYHTDM.SEARCH&ppt=None&ppn=None&ssid=7i1tg9uvxc0000001785564822384&qH=a5594894156db043&ov_redirect=true,2026-08-01
147,"Samsung Galaxy M06 5G (Blazing Black, 64 GB)",Samsung,13368,14999,10% off,4.1,"1,333",100,4 GB RAM,64 GB ROM,5000 mAh Battery,,17.02 cm (6.7 inch) Display,50MP Rear Camera,,https://www.flipkart.com/samsung-galaxy-m06-5g-blazing-black-64-gb/p/itm0c7e356cd6ad6?pid=MOBHDEYCZHZJWCNH&lid=LSTMOBHDEYCZHZJWCNHKI7FLD&marketplace=FLIPKART&q=smart+phones&store=tyy%2F4io&srno=s_7_147&otracker=search&fm=organic&iid=90f86f7b-abde-4558-87dc-9b3758d58d17.MOBHDEYCZHZJWCNH.SEARCH&ppt=None&ppn=None&ssid=7i1tg9uvxc0000001785564822384&qH=a5594894156db043&ov_redirect=true,2026-08-01
148,"realme P4 Lite 5G (Mosaic Green, 128 GB)",realme,17499,32999,46% off,4.2,"10,930",688,4 GB RAM,128 GB ROM,7000 mAh lithium-ion polymer Battery,Dimensity 6300 Processor,17.27 cm (6.8 inches) HD+ Display,13MP Rear Camera | 5MP Front Camera,,https://www.flipkart.com/realme-p4-lite-5g-mosaic-green-128-gb/p/itm90c243961f214?pid=MOBHN7A8PBUWNHG5&lid=LSTMOBHN7A8PBUWNHG5V5EICC&marketplace=FLIPKART&q=smart+phones&store=tyy%2F4io&srno=s_7_148&otracker=search&fm=organic&iid=90f86f7b-abde-4558-87dc-9b3758d58d17.MOBHN7A8PBUWNHG5.SEARCH&ppt=None&ppn=None&ssid=7i1tg9uvxc0000001785564822384&qH=a5594894156db043&ov_redirect=true,2026-08-01
149,"Samsung Galaxy M17e (Blitz Blue, 128 GB)",Samsung,14677,16999,13% off,4,535,54,4 GB RAM,128 GB ROM,6000 mAh Battery,MediaTek Dimensity Processor,17.02 cm (6.7 inch) Full HD+ Display,50MP Rear Camera | 2MP Front Camera,,https://www.flipkart.com/samsung-galaxy-m17e-blitz-blue-128-gb/p/itm1b5a0ea459581?pid=MOBHHQTGXCB3FHGY&lid=LSTMOBHHQTGXCB3FHGYQ7CUKH&marketplace=FLIPKART&q=smart+phones&store=tyy%2F4io&srno=s_7_149&otracker=search&fm=organic&iid=90f86f7b-abde-4558-87dc-9b3758d58d17.MOBHHQTGXCB3FHGY.SEARCH&ppt=None&ppn=None&ssid=7i1tg9uvxc0000001785564822384&qH=a5594894156db043&ov_redirect=true,2026-08-01
150,"Samsung Galaxy A36 5G (Awesome Lavender, 256 GB)",Samsung,32999,38999,15% off,4.3,"3,053",283,8 GB RAM,256 GB ROM,5000 mAh Battery,Qualcomm Snapdragon 6 Gen 3 Processor,17.02 cm (6.7 inch) Full HD+ Display,50MP + 8MP | 12MP Front Camera,,https://www.flipkart.com/samsung-galaxy-a36-5g-awesome-lavender-256-gb/p/itma5b5834a73d65?pid=MOBH9RNG3KTYVZKE&lid=LSTMOBH9RNG3KTYVZKERDB4KI&marketplace=FLIPKART&q=smart+phones&store=tyy%2F4io&srno=s_7_150&otracker=search&fm=organic&iid=90f86f7b-abde-4558-87dc-9b3758d58d17.MOBH9RNG3KTYVZKE.SEARCH&ppt=None&ppn=None&ssid=7i1tg9uvxc0000001785564822384&qH=a5594894156db043&ov_redirect=true,2026-08-01
151,"Ai+ Nova 2 Neo 5G (Green, 128 GB)",Ai+,15999,18999,15% off,4.4,564,86,4 GB RAM,128 GB ROM,6000 mAh Li-polymer Battery,Dimensity 6300 Processor,17.13 cm (6.745 inch) HD+ Display,48MP Rear Camera | 8MP Front Camera,,https://www.flipkart.com/ai-nova-2-neo-5g-green-128-gb/p/itme652d08967489?pid=MOBHZ8ZMUBXHKYTE&lid=LSTMOBHZ8ZMUBXHKYTER7WOLW&marketplace=FLIPKART&q=smart+phones&store=tyy%2F4io&srno=s_7_151&otracker=search&fm=organic&iid=90f86f7b-abde-4558-87dc-9b3758d58d17.MOBHZ8ZMUBXHKYTE.SEARCH&ppt=None&ppn=None&ssid=7i1tg9uvxc0000001785564822384&qH=a5594894156db043&ov_redirect=true,2026-08-01
152,"vivo X200T (Stellar Black, 512 GB)",vivo,69999,87999,20% off,4.6,"7,294","1,463",12 GB RAM,512 GB ROM,6200 mAh Battery,Dimensity 9400+ Processor,16.94 cm (6.67 inch) Full HD+ AMOLED Display,50MP + 50MP + 50MP | 32MP Front Camera,,https://www.flipkart.com/vivo-x200t-stellar-black-512-gb/p/itm1b8452d68859b?pid=MOBHJK5MWVU36Z9H&lid=LSTMOBHJK5MWVU36Z9HFYDGCP&marketplace=FLIPKART&q=smart+phones&store=tyy%2F4io&srno=s_7_152&otracker=search&fm=organic&iid=90f86f7b-abde-4558-87dc-9b3758d58d17.MOBHJK5MWVU36Z9H.SEARCH&ppt=None&ppn=None&ssid=7i1tg9uvxc0000001785564822384&qH=a5594894156db043&ov_redirect=true,2026-08-01
153,"vivo X200T (Seaside Lilac, 512 GB)",vivo,69999,87999,20% off,4.6,"7,294","1,463",12 GB RAM,512 GB ROM,6200 mAh Battery,Dimensity 9400+ Processor,16.94 cm (6.67 inch) Full HD+ AMOLED Display,50MP + 50MP + 50MP | 32MP Front Camera,,https://www.flipkart.com/vivo-x200t-seaside-lilac-512-gb/p/itm1b8452d68859b?pid=MOBHJK5MSMEHG5XS&lid=LSTMOBHJK5MSMEHG5XSU1PYIA&marketplace=FLIPKART&q=smart+phones&store=tyy%2F4io&srno=s_7_153&otracker=search&fm=organic&iid=90f86f7b-abde-4558-87dc-9b3758d58d17.MOBHJK5MSMEHG5XS.SEARCH&ppt=None&ppn=None&ssid=7i1tg9uvxc0000001785564822384&qH=a5594894156db043&ov_redirect=true,2026-08-01
154,"REDMI A7 Pro 5G (Mist Blue, 64 GB)",REDMI,14389,15999,10% off,4.1,"1,962",152,4 GB RAM,64 GB ROM,6300 mAh Battery,UNISOC T8300 octa-core processor Processor,17.53 cm (6.9 inch) Full HD+ Display,32MP Rear Camera,,https://www.flipkart.com/redmi-a7-pro-5g-mist-blue-64-gb/p/itm88c66032a6b5e?pid=MOBHMJR8NHWYYJJD&lid=LSTMOBHMJR8NHWYYJJDMKV7VE&marketplace=FLIPKART&q=smart+phones&store=tyy%2F4io&srno=s_7_154&otracker=search&fm=organic&iid=90f86f7b-abde-4558-87dc-9b3758d58d17.MOBHMJR8NHWYYJJD.SEARCH&ppt=None&ppn=None&ssid=7i1tg9uvxc0000001785564822384&qH=a5594894156db043&ov_redirect=true,2026-08-01
155,"REDMI A7 Pro 5G (Sunset Orange, 128 GB)",REDMI,15440,16999,9% off,4.1,"1,962",152,4 GB RAM,128 GB ROM,6300 mAh Battery,UNISOC T8300 octa-core processor Processor,17.53 cm (6.9 inch) Full HD+ Display,32MP Rear Camera,,https://www.flipkart.com/redmi-a7-pro-5g-sunset-orange-128-gb/p/itm88c66032a6b5e?pid=MOBHMJR82XH6YCRU&lid=LSTMOBHMJR82XH6YCRUVSYW1Y&marketplace=FLIPKART&q=smart+phones&store=tyy%2F4io&srno=s_7_155&otracker=search&fm=organic&iid=90f86f7b-abde-4558-87dc-9b3758d58d17.MOBHMJR82XH6YCRU.SEARCH&ppt=None&ppn=None&ssid=7i1tg9uvxc0000001785564822384&qH=a5594894156db043&ov_redirect=true,2026-08-01
156,"realme P4R 5G (Titanium Glare, 128 GB)",realme,22999,39999,42% off,4.4,"2,713",216,6 GB RAM,128 GB ROM,8000 mAh Lithium-ion polymer Battery,Dimensity 6300 Processor,17.27 cm (6.8 inch) HD+ Display,50MP Rear Camera | 8MP Front Camera,,https://www.flipkart.com/realme-p4r-5g-titanium-glare-128-gb/p/itmb42ae388c1ef6?pid=MOBHMYR3MZ62YN7F&lid=LSTMOBHMYR3MZ62YN7FSERUEO&marketplace=FLIPKART&q=smart+phones&store=tyy%2F4io&srno=s_7_156&otracker=search&fm=organic&iid=90f86f7b-abde-4558-87dc-9b3758d58d17.MOBHMYR3MZ62YN7F.SEARCH&ppt=None&ppn=None&ssid=7i1tg9uvxc0000001785564822384&qH=a5594894156db043&ov_redirect=true,2026-08-01
157,"realme P4R 5G (Lavender Glare, 128 GB)",realme,22999,39999,42% off,4.4,"2,713",216,6 GB RAM,128 GB ROM,8000 mAh Lithium-ion polymer Battery,Dimensity 6300 Processor,17.27 cm (6.8 inch) HD+ Display,50MP Rear Camera | 8MP Front Camera,,https://www.flipkart.com/realme-p4r-5g-lavender-glare-128-gb/p/itmb42ae388c1ef6?pid=MOBHMYR3NPFHTFHE&lid=LSTMOBHMYR3NPFHTFHEQL7J8Y&marketplace=FLIPKART&q=smart+phones&store=tyy%2F4io&srno=s_7_157&otracker=search&fm=organic&iid=90f86f7b-abde-4558-87dc-9b3758d58d17.MOBHMYR3NPFHTFHE.SEARCH&ppt=None&ppn=None&ssid=7i1tg9uvxc0000001785564822384&qH=a5594894156db043&ov_redirect=true,2026-08-01
158,"OnePlus Nord CE6 Lite (Vivid Mint, 128 GB)",OnePlus,26853,31999,16% off,4.3,899,69,6 GB RAM,128 GB ROM,7000 mAh Battery,Mediatek Dimensity 7400 Processor,17.07 cm (6.72 inch) Full HD+ Display,50MP Rear Camera | 8MP Front Camera,,https://www.flipkart.com/oneplus-nord-ce6-lite-vivid-mint-128-gb/p/itm21e965b5b799d?pid=MOBHN8CVXZNTVTKZ&lid=LSTMOBHN8CVXZNTVTKZHENRSI&marketplace=FLIPKART&q=smart+phones&store=tyy%2F4io&srno=s_7_158&otracker=search&fm=organic&iid=90f86f7b-abde-4558-87dc-9b3758d58d17.MOBHN8CVXZNTVTKZ.SEARCH&ppt=None&ppn=None&ssid=7i1tg9uvxc0000001785564822384&qH=a5594894156db043&ov_redirect=true,2026-08-01
159,"Apple iPhone 17 Pro Max (Deep Blue, 256 GB)",Apple,147900,149900,1% off,4.7,"1,863",178,,,,"A19 Chip, 6 Core Processor Processor",17.53 cm (6.9 inch) Super Retina XDR Display,48MP + 48MP + 48MP | 18MP Front Camera,,https://www.flipkart.com/apple-iphone-17-pro-max-deep-blue-256-gb/p/itmf29b1195d8621?pid=MOBHFN6YCFTMD5HZ&lid=LSTMOBHFN6YCFTMD5HZOCC3TH&marketplace=FLIPKART&q=smart+phones&store=tyy%2F4io&srno=s_7_159&otracker=search&fm=organic&iid=90f86f7b-abde-4558-87dc-9b3758d58d17.MOBHFN6YCFTMD5HZ.SEARCH&ppt=None&ppn=None&ssid=7i1tg9uvxc0000001785564822384&qH=a5594894156db043&ov_redirect=true,2026-08-01
160,"OnePlus Nord CE6 Lite (Hyper Black, 128 GB)",OnePlus,26666,31999,16% off,4.3,899,69,6 GB RAM,128 GB ROM,7000 mAh Battery,Mediatek Dimensity 7400 Processor,17.07 cm (6.72 inch) Full HD+ Display,50MP Rear Camera | 8MP Front Camera,,https://www.flipkart.com/oneplus-nord-ce6-lite-hyper-black-128-gb/p/itm894a5599b758b?pid=MOBHN8BDFU3PHHUR&lid=LSTMOBHN8BDFU3PHHUR8XBD9J&marketplace=FLIPKART&q=smart+phones&store=tyy%2F4io&srno=s_7_160&otracker=search&fm=organic&iid=90f86f7b-abde-4558-87dc-9b3758d58d17.MOBHN8BDFU3PHHUR.SEARCH&ppt=None&ppn=None&ssid=7i1tg9uvxc0000001785564822384&qH=a5594894156db043&ov_redirect=true,2026-08-01
161,"Alcatel V3 Pro 5G (Metallic Grey, 256 GB)",Alcatel,17999,25999,30% off,3.6,587,106,8 GB RAM,256 GB ROM,5200 mAh Battery,Dimensity 6300 Processor,16.94 cm (6.67 inch) HD+ Display,50MP + 5MP | 8MP Front Camera,,https://www.flipkart.com/alcatel-v3-pro-5g-metallic-grey-256-gb/p/itm5bbabc254f34c?pid=MOBHBH2GGYRGKQKS&lid=LSTMOBHBH2GGYRGKQKSCN7SOY&marketplace=FLIPKART&q=smart+phones&store=tyy%2F4io&srno=s_7_161&otracker=search&fm=organic&iid=90f86f7b-abde-4558-87dc-9b3758d58d17.MOBHBH2GGYRGKQKS.SEARCH&ppt=None&ppn=None&ssid=7i1tg9uvxc0000001785564822384&qH=a5594894156db043&ov_redirect=true,2026-08-01
162,"OnePlus N6 5G (Midnight Green, 128 GB)",OnePlus,26159,33999,23% off,4.2,75,10,6 GB RAM,128 GB ROM,8000 mAh Battery,,17.27 cm (6.8 inch) Display,50MP Rear Camera,,https://www.flipkart.com/oneplus-n6-5g-midnight-green-128-gb/p/itm73a3c7e824695?pid=MOBHZVFJXH4NR5V9&lid=LSTMOBHZVFJXH4NR5V9SPXBUZ&marketplace=FLIPKART&q=smart+phones&store=tyy%2F4io&srno=s_7_162&otracker=search&fm=organic&iid=90f86f7b-abde-4558-87dc-9b3758d58d17.MOBHZVFJXH4NR5V9.SEARCH&ppt=None&ppn=None&ssid=7i1tg9uvxc0000001785564822384&qH=a5594894156db043&ov_redirect=true,2026-08-01
163,"OnePlus Nord CE6 Lite (Vivid Mint, 256 GB)",OnePlus,32990,36999,10% off,4.3,461,26,8 GB RAM,256 GB ROM,7000 mAh Battery,MediaTek Dimensity 7400 Apex Processor,17.07 cm (6.72 inch) Full HD+ Display,50MP Rear Camera | 8MP Front Camera,,https://www.flipkart.com/oneplus-nord-ce6-lite-vivid-mint-256-gb/p/itm21e965b5b799d?pid=MOBHN8AB2JFD45AG&lid=LSTMOBHN8AB2JFD45AGBJITJM&marketplace=FLIPKART&q=smart+phones&store=tyy%2F4io&srno=s_7_163&otracker=search&fm=organic&iid=90f86f7b-abde-4558-87dc-9b3758d58d17.MOBHN8AB2JFD45AG.SEARCH&ppt=None&ppn=None&ssid=7i1tg9uvxc0000001785564822384&qH=a5594894156db043&ov_redirect=true,2026-08-01
164,"MOTOROLA Edge 70 Fusion (Pantone COUNTRY AIR, 512 GB)",MOTOROLA,36999,64999,43% off,4.3,"3,336",363,12 GB RAM,512 GB ROM,7000 mAh Battery,Snapdragon 7s Gen 4 Processor,17.27 cm (6.8 inch) Super HD Display,50MP + 13MP | 32MP Front Camera,,https://www.flipkart.com/motorola-edge-70-fusion-pantone-country-air-512-gb/p/itmde5ddcbb7c261?pid=MOBHNSA6ZRCZPWZE&lid=LSTMOBHNSA6ZRCZPWZEYKHMDG&marketplace=FLIPKART&q=smart+phones&store=tyy%2F4io&srno=s_7_164&otracker=search&fm=organic&iid=90f86f7b-abde-4558-87dc-9b3758d58d17.MOBHNSA6ZRCZPWZE.SEARCH&ppt=None&ppn=None&ssid=7i1tg9uvxc0000001785564822384&qH=a5594894156db043&ov_redirect=true,2026-08-01
165,"Samsung M06 5G (Sage Green, 128 GB)",Samsung,13885,13999,,4.1,"4,683",309,4 GB RAM,128 GB ROM,5000 mAh Battery,,17.02 cm (6.7 inch) Display,50MP Rear Camera,,https://www.flipkart.com/samsung-m06-5g-sage-green-128-gb/p/itmcafa42dadc15c?pid=MOBH9UYFYVNKR3HR&lid=LSTMOBH9UYFYVNKR3HRDDSGWB&marketplace=FLIPKART&q=smart+phones&store=tyy%2F4io&srno=s_7_165&otracker=search&fm=organic&iid=90f86f7b-abde-4558-87dc-9b3758d58d17.MOBH9UYFYVNKR3HR.SEARCH&ppt=None&ppn=None&ssid=7i1tg9uvxc0000001785564822384&qH=a5594894156db043&ov_redirect=true,2026-08-01
166,"HMD VIBE2 5G (Cosmic Lavender, 128 GB)",HMD,18999,24999,24% off,4.4,279,14,6 GB RAM,128 GB ROM,6000 mAh Li-Poly Battery,,17.02 cm (6.7 inch) HD+ Display,50MP Rear Camera | 8MP Front Camera,,https://www.flipkart.com/hmd-vibe2-5g-cosmic-lavender-128-gb/p/itm71c3ae6df2a26?pid=MOBHNS6YEGVY7BH6&lid=LSTMOBHNS6YEGVY7BH6AORVCM&marketplace=FLIPKART&q=smart+phones&store=tyy%2F4io&srno=s_7_166&otracker=search&fm=organic&iid=90f86f7b-abde-4558-87dc-9b3758d58d17.MOBHNS6YEGVY7BH6.SEARCH&ppt=None&ppn=None&ssid=7i1tg9uvxc0000001785564822384&qH=a5594894156db043&ov_redirect=true,2026-08-01
167,"Samsung Galaxy S25 5G (Icyblue, 256 GB)",Samsung,79999,80999,1% off,4.6,"5,240",642,12 GB RAM,256 GB ROM,4000 mAh Battery,8 Elite for Galaxy Processor,15.75 cm (6.2 inch) Full HD+ Display,50MP + 10MP + 12MP | 12MP Front Camera,,https://www.flipkart.com/samsung-galaxy-s25-5g-icyblue-256-gb/p/itm3c1e495903acc?pid=MOBH8K8UA9ZHYYXG&lid=LSTMOBH8K8UA9ZHYYXGV6QC3G&marketplace=FLIPKART&q=smart+phones&store=tyy%2F4io&srno=s_7_167&otracker=search&fm=organic&iid=90f86f7b-abde-4558-87dc-9b3758d58d17.MOBH8K8UA9ZHYYXG.SEARCH&ppt=None&ppn=None&ssid=7i1tg9uvxc0000001785564822384&qH=a5594894156db043&ov_redirect=true,2026-08-01
168,"realme P4R 5G (Lavender Glare, 128 GB)",realme,20999,34999,40% off,4.2,"1,349",116,4 GB RAM,128 GB ROM,8000 mAh Lithium-ion polymer Battery,Dimensity 6300 Processor,17.27 cm (6.8 inch) HD+ Display,50MP Rear Camera | 8MP Front Camera,,https://www.flipkart.com/realme-p4r-5g-lavender-glare-128-gb/p/itmb42ae388c1ef6?pid=MOBHMYR337CQEU8E&lid=LSTMOBHMYR337CQEU8EI6OH9T&marketplace=FLIPKART&q=smart+phones&store=tyy%2F4io&srno=s_7_168&otracker=search&fm=organic&iid=90f86f7b-abde-4558-87dc-9b3758d58d17.MOBHMYR337CQEU8E.SEARCH&ppt=None&ppn=None&ssid=7i1tg9uvxc0000001785564822384&qH=a5594894156db043&ov_redirect=true,2026-08-01
169,"Samsung Galaxy A35 5G (Awesome Navy, 128 GB)",Samsung,18999,33999,44% off,4.4,"77,509","5,818",8 GB RAM,128 GB ROM,5000 mAh Battery,Samsung Exynos 1380 Processor,16.76 cm (6.6 inch) Full HD+ Display,50MP + 8MP + 5MP | 13MP Front Camera,,https://www.flipkart.com/samsung-galaxy-a35-5g-awesome-navy-128-gb/p/itm12fccc5bfbaac?pid=MOBGYT2HGFKNMSZQ&lid=LSTMOBGYT2HGFKNMSZQZQCIPS&marketplace=FLIPKART&q=smart+phones&store=tyy%2F4io&srno=s_8_169&otracker=search&fm=organic&iid=e1949739-e36a-42f9-a219-cdbfe95f3f04.MOBGYT2HGFKNMSZQ.SEARCH&ppt=None&ppn=None&ssid=5o3gjxjl9s0000001785564825353&qH=a5594894156db043&ov_redirect=true,2026-08-01
170,"OPPO A78 5G (Glowing Blue, 128 GB)",OPPO,21999,,,4.3,"6,371",391,8 GB RAM,128 GB ROM,5000 mAh Battery,6833 Processor,16.66 cm (6.56 inch) HD+ Display,50MP + 2MP | 8MP Front Camera,,https://www.flipkart.com/oppo-a78-5g-glowing-blue-128-gb/p/itmf1eeaf323aaa5?pid=MOBGRFUGZJ8DHGKY&lid=LSTMOBGRFUGZJ8DHGKYMGWUD4&marketplace=FLIPKART&q=smart+phones&store=tyy%2F4io&srno=s_8_170&otracker=search&fm=organic&iid=e1949739-e36a-42f9-a219-cdbfe95f3f04.MOBGRFUGZJ8DHGKY.SEARCH&ppt=None&ppn=None&ssid=5o3gjxjl9s0000001785564825353&qH=a5594894156db043&ov_redirect=true,2026-08-01
171,"Apple iPhone 17e (White, 256 GB)",Apple,64900,,,4.6,356,43,,,,,15.49 cm (6.1 inch) Super Retina XDR Display,"48MP Rear Camera | A19 chip, 6 Core",,https://www.flipkart.com/apple-iphone-17e-white-256-gb/p/itmb0086ea331d77?pid=MOBHH2SHZTCY93VF&lid=LSTMOBHH2SHZTCY93VFVMMWSH&marketplace=FLIPKART&q=smart+phones&store=tyy%2F4io&srno=s_8_171&otracker=search&fm=organic&iid=e1949739-e36a-42f9-a219-cdbfe95f3f04.MOBHH2SHZTCY93VF.SEARCH&ppt=None&ppn=None&ssid=5o3gjxjl9s0000001785564825353&qH=a5594894156db043&ov_redirect=true,2026-08-01
172,"Samsung Galaxy A17 5G (Black, 128 GB)",Samsung,22499,,,4.3,"1,824",171,8 GB RAM,128 GB ROM,5000 mAh Battery,Samsung Exynos 1330 Processor,17.02 cm (6.7 inch) Full HD+ Display,50MP + 5MP + 2MP | 13MP Front Camera,,https://www.flipkart.com/samsung-galaxy-a17-5g-black-128-gb/p/itm9b0b7e6d52859?pid=MOBHGVECE3WTM76Y&lid=LSTMOBHGVECE3WTM76YNHKHUR&marketplace=FLIPKART&q=smart+phones&store=tyy%2F4io&srno=s_8_172&otracker=search&fm=organic&iid=e1949739-e36a-42f9-a219-cdbfe95f3f04.MOBHGVECE3WTM76Y.SEARCH&ppt=None&ppn=None&ssid=5o3gjxjl9s0000001785564825353&qH=a5594894156db043&ov_redirect=true,2026-08-01
173,"OnePlus N6 5G (Midnight Green, 128 GB)",OnePlus,23000,30999,25% off,4.2,78,7,4 GB RAM,128 GB ROM,8000 mAh Battery,,17.27 cm (6.8 inch) Display,50MP Rear Camera,,https://www.flipkart.com/oneplus-n6-5g-midnight-green-128-gb/p/itm73a3c7e824695?pid=MOBHZVFJR8TPUG2P&lid=LSTMOBHZVFJR8TPUG2PUTRP8B&marketplace=FLIPKART&q=smart+phones&store=tyy%2F4io&srno=s_8_173&otracker=search&fm=organic&iid=e1949739-e36a-42f9-a219-cdbfe95f3f04.MOBHZVFJR8TPUG2P.SEARCH&ppt=None&ppn=None&ssid=5o3gjxjl9s0000001785564825353&qH=a5594894156db043&ov_redirect=true,2026-08-01
174,"realme P4 Lite 5G (Mosaic Green, 128 GB)",realme,19999,36999,45% off,4.3,"1,790",146,6 GB RAM,128 GB ROM,7000 mAh lithium-ion polymer Battery,Dimensity 6300 Processor,17.27 cm (6.8 inches) HD+ Display,13MP Rear Camera | 5MP Front Camera,,https://www.flipkart.com/realme-p4-lite-5g-mosaic-green-128-gb/p/itm90c243961f214?pid=MOBHN7A8YFWPC9ZV&lid=LSTMOBHN7A8YFWPC9ZVUK6MKC&marketplace=FLIPKART&q=smart+phones&store=tyy%2F4io&srno=s_8_174&otracker=search&fm=organic&iid=e1949739-e36a-42f9-a219-cdbfe95f3f04.MOBHN7A8YFWPC9ZV.SEARCH&ppt=None&ppn=None&ssid=5o3gjxjl9s0000001785564825353&qH=a5594894156db043&ov_redirect=true,2026-08-01
175,Vivo T4 Lite 5G (Titanium Gold 2026) (8GB 256GB),Vivo,23999,31999,25% off,4.3,"22,439","1,315",8 GB RAM,256 GB ROM,6000 mAh Battery,Dimensity 6300 5G Processor,17.12 cm (6.74 inch) HD+ Display,50MP + 2MP | 5MP Front Camera,5G,https://www.flipkart.com/vivo-t4-lite-5g-titanium-gold-2026-8gb-256gb/p/itm49fb53d099f3c?pid=MOBHNCRKFX4ZKXFF&lid=LSTMOBHNCRKFX4ZKXFFQJBUI2&marketplace=FLIPKART&q=smart+phones&store=tyy%2F4io&srno=s_8_175&otracker=search&fm=organic&iid=e1949739-e36a-42f9-a219-cdbfe95f3f04.MOBHNCRKFX4ZKXFF.SEARCH&ppt=None&ppn=None&ssid=5o3gjxjl9s0000001785564825353&qH=a5594894156db043&ov_redirect=true,2026-08-01
176,"OPPO K14 5G (Prism Violet, 128 GB)",OPPO,21999,25999,15% off,4.5,"5,101",263,6 GB RAM,128 GB ROM,7000 mAh Battery,Dimensity 6300 Processor,17.14 cm (6.75 inch) HD+ Display,50MP Rear Camera | 8MP Front Camera,,https://www.flipkart.com/oppo-k14-5g-prism-violet-128-gb/p/itm2a5cc1d23c2af?pid=MOBHKQYYEP5PV9RH&lid=LSTMOBHKQYYEP5PV9RHMPIERZ&marketplace=FLIPKART&q=smart+phones&store=tyy%2F4io&srno=s_8_176&otracker=search&fm=organic&iid=e1949739-e36a-42f9-a219-cdbfe95f3f04.MOBHKQYYEP5PV9RH.SEARCH&ppt=None&ppn=None&ssid=5o3gjxjl9s0000001785564825353&qH=a5594894156db043&ov_redirect=true,2026-08-01
177,"OPPO K14 5G (Prism White, 128 GB)",OPPO,21999,25999,15% off,4.5,"5,101",263,6 GB RAM,128 GB ROM,7000 mAh Battery,Dimensity 6300 Processor,17.14 cm (6.75 inch) HD+ Display,50MP Rear Camera | 8MP Front Camera,,https://www.flipkart.com/oppo-k14-5g-prism-white-128-gb/p/itm2a5cc1d23c2af?pid=MOBHKQYY9JJPHATW&lid=LSTMOBHKQYY9JJPHATWF0JOIP&marketplace=FLIPKART&q=smart+phones&store=tyy%2F4io&srno=s_8_177&otracker=search&fm=organic&iid=e1949739-e36a-42f9-a219-cdbfe95f3f04.MOBHKQYY9JJPHATW.SEARCH&ppt=None&ppn=None&ssid=5o3gjxjl9s0000001785564825353&qH=a5594894156db043&ov_redirect=true,2026-08-01
178,"OPPO K14 5G (Prism White, 256 GB)",OPPO,27999,29999,6% off,4.4,"1,279",102,8 GB RAM,256 GB ROM,7000 mAh Battery,Dimensity 6300 Processor,17.14 cm (6.75 inch) HD+ Display,50MP Rear Camera | 8MP Front Camera,,https://www.flipkart.com/oppo-k14-5g-prism-white-256-gb/p/itm2a5cc1d23c2af?pid=MOBHKQYYS6KNAPHZ&lid=LSTMOBHKQYYS6KNAPHZ4DCHQR&marketplace=FLIPKART&q=smart+phones&store=tyy%2F4io&srno=s_8_178&otracker=search&fm=organic&iid=e1949739-e36a-42f9-a219-cdbfe95f3f04.MOBHKQYYS6KNAPHZ.SEARCH&ppt=None&ppn=None&ssid=5o3gjxjl9s0000001785564825353&qH=a5594894156db043&ov_redirect=true,2026-08-01
179,"OPPO K14 5G (Prism White, 256 GB)",OPPO,24999,27999,10% off,4.5,"5,101",263,6 GB RAM,256 GB ROM,7000 mAh Battery,Dimensity 6300 Processor,17.14 cm (6.75 inch) HD+ Display,50MP Rear Camera | 8MP Front Camera,,https://www.flipkart.com/oppo-k14-5g-prism-white-256-gb/p/itm2a5cc1d23c2af?pid=MOBHKQYYPHXEGF7W&lid=LSTMOBHKQYYPHXEGF7WJUSBDY&marketplace=FLIPKART&q=smart+phones&store=tyy%2F4io&srno=s_8_179&otracker=search&fm=organic&iid=e1949739-e36a-42f9-a219-cdbfe95f3f04.MOBHKQYYPHXEGF7W.SEARCH&ppt=None&ppn=None&ssid=5o3gjxjl9s0000001785564825353&qH=a5594894156db043&ov_redirect=true,2026-08-01
180,"Infinix GT 30 5G+ Cyber Blue 256 (Cyber Blue, 256 GB)",Infinix,23999,26999,11% off,4.4,729,82,8 GB RAM,256 GB ROM,5500 mAh Battery,Dimensity 7400 Processor,17.22 cm (6.78 inch) Display,64MP + 8MP | 13MP Front Camera,,https://www.flipkart.com/infinix-gt-30-5g-cyber-blue-256-cyber-blue-gb/p/itm6b6c624adbfc7?pid=MOBHDQFARFCHZX4Z&lid=LSTMOBHDQFARFCHZX4Z4IVXKA&marketplace=FLIPKART&q=smart+phones&store=tyy%2F4io&srno=s_8_180&otracker=search&fm=organic&iid=e1949739-e36a-42f9-a219-cdbfe95f3f04.MOBHDQFARFCHZX4Z.SEARCH&ppt=None&ppn=None&ssid=5o3gjxjl9s0000001785564825353&qH=a5594894156db043&ov_redirect=true,2026-08-01
181,"OnePlus Nord CE6 (Pitch Black, 128 GB)",OnePlus,34980,40999,14% off,4.5,639,46,8 GB RAM,128 GB ROM,8000 mAh Battery,Qualcomm® Snapdragon™ 7s Gen 4 Processor,17.22 cm (6.78 inch) Full HD+ Display,50MP Rear Camera | 2MP Front Camera,,https://www.flipkart.com/oneplus-nord-ce6-pitch-black-128-gb/p/itmd7b224b18cb05?pid=MOBHN886XZV5BC22&lid=LSTMOBHN886XZV5BC2208MBAR&marketplace=FLIPKART&q=smart+phones&store=tyy%2F4io&srno=s_8_181&otracker=search&fm=organic&iid=e1949739-e36a-42f9-a219-cdbfe95f3f04.MOBHN886XZV5BC22.SEARCH&ppt=None&ppn=None&ssid=5o3gjxjl9s0000001785564825353&qH=a5594894156db043&ov_redirect=true,2026-08-01
182,"Samsung M06 5G (Sage Green, 128 GB)",Samsung,13884,15499,10% off,4.1,"4,683",309,4 GB RAM,128 GB ROM,5000 mAh Battery,,17.02 cm (6.7 inch) Display,50MP Rear Camera,,https://www.flipkart.com/samsung-m06-5g-sage-green-128-gb/p/itmcafa42dadc15c?pid=MOBH9UYFYVNKR3HR&lid=LSTMOBH9UYFYVNKR3HRGJXU90&marketplace=FLIPKART&q=smart+phones&store=tyy%2F4io&srno=s_8_182&otracker=search&fm=organic&iid=e1949739-e36a-42f9-a219-cdbfe95f3f04.MOBH9UYFYVNKR3HR.SEARCH&ppt=None&ppn=None&ssid=5o3gjxjl9s0000001785564825353&qH=a5594894156db043&ov_redirect=true,2026-08-01
183,"realme P4R 5G (Titanium Glare, 128 GB)",realme,20999,34999,40% off,4.2,"1,349",116,4 GB RAM,128 GB ROM,8000 mAh Lithium-ion polymer Battery,Dimensity 6300 Processor,17.27 cm (6.8 inch) HD+ Display,50MP Rear Camera | 8MP Front Camera,,https://www.flipkart.com/realme-p4r-5g-titanium-glare-128-gb/p/itmb42ae388c1ef6?pid=MOBHMYR3WJZZMJCK&lid=LSTMOBHMYR3WJZZMJCKWJWXFC&marketplace=FLIPKART&q=smart+phones&store=tyy%2F4io&srno=s_8_183&otracker=search&fm=organic&iid=e1949739-e36a-42f9-a219-cdbfe95f3f04.MOBHMYR3WJZZMJCK.SEARCH&ppt=None&ppn=None&ssid=5o3gjxjl9s0000001785564825353&qH=a5594894156db043&ov_redirect=true,2026-08-01
184,"Samsung Galaxy M56 5G (Black, 128 GB)",Samsung,27267,33999,19% off,4.4,"2,856",252,8 GB RAM,128 GB ROM,5000 mAh Battery,OCTACORE Processor,17.02 cm (6.7 inch) Full HD+ E3 Super AMOLED Display,50MP + 50MP + 8MP | 12MP + 2MP Dual Front Camera,,https://www.flipkart.com/samsung-galaxy-m56-5g-black-128-gb/p/itm64935225a672e?pid=MOBHBH85EGF9PCG3&lid=LSTMOBHBH85EGF9PCG3VMXL2R&marketplace=FLIPKART&q=smart+phones&store=tyy%2F4io&srno=s_8_184&otracker=search&fm=organic&iid=e1949739-e36a-42f9-a219-cdbfe95f3f04.MOBHBH85EGF9PCG3.SEARCH&ppt=None&ppn=None&ssid=5o3gjxjl9s0000001785564825353&qH=a5594894156db043&ov_redirect=true,2026-08-01
185,"Ai+ Nova 2 Ultra 5G (Red, 128 GB)",Ai+,22999,26999,14% off,4.1,"1,022",160,8 GB RAM,128 GB ROM,6000 mAh Li-polymer Battery,Dimensity 7400 Processor,17.22 cm (6.78 inch) Full HD+ AMOLED Display,50MP + 8MP | 13MP Front Camera,,https://www.flipkart.com/ai-nova-2-ultra-5g-red-128-gb/p/itm498c4eb22f5c3?pid=MOBHHUFDVHXKMMAN&lid=LSTMOBHHUFDVHXKMMANCJUCD9&marketplace=FLIPKART&q=smart+phones&store=tyy%2F4io&srno=s_8_185&otracker=search&fm=organic&iid=e1949739-e36a-42f9-a219-cdbfe95f3f04.MOBHHUFDVHXKMMAN.SEARCH&ppt=None&ppn=None&ssid=5o3gjxjl9s0000001785564825353&qH=a5594894156db043&ov_redirect=true,2026-08-01
186,"Samsung Galaxy A06 5G (Black, 128 GB)",Samsung,18499,,,4.1,218,15,6 GB RAM,128 GB ROM,5000 mAh Li-ion Battery,Dimensity 6300 Processor,17.02 cm (6.7 inch) HD+ Display,50MP + 2MP | 8MP Front Camera,,https://www.flipkart.com/samsung-galaxy-a06-5g-black-128-gb/p/itm94e861540654d?pid=MOBH9GQKPBT5VJHZ&lid=LSTMOBH9GQKPBT5VJHZBJCWRG&marketplace=FLIPKART&q=smart+phones&store=tyy%2F4io&srno=s_8_186&otracker=search&fm=organic&iid=e1949739-e36a-42f9-a219-cdbfe95f3f04.MOBH9GQKPBT5VJHZ.SEARCH&ppt=None&ppn=None&ssid=5o3gjxjl9s0000001785564825353&qH=a5594894156db043&ov_redirect=true,2026-08-01
187,"REDMI Note 14 Pro 5G (Champagne Gold, 256 GB)",REDMI,25790,30999,16% off,4.4,"6,149",446,8 GB RAM,256 GB ROM,5500 mAh Battery,Dimensity 7300 Ultra Processor,16.94 cm (6.67 inch) Display,50MP + 8MP + 2MP | 20MP Front Camera,,https://www.flipkart.com/redmi-note-14-pro-5g-champagne-gold-256-gb/p/itmedd69c194a9dc?pid=MOBHDDQKFPCHQV9B&lid=LSTMOBHDDQKFPCHQV9BOV27K1&marketplace=FLIPKART&q=smart+phones&store=tyy%2F4io&srno=s_8_187&otracker=search&fm=organic&iid=e1949739-e36a-42f9-a219-cdbfe95f3f04.MOBHDDQKFPCHQV9B.SEARCH&ppt=None&ppn=None&ssid=5o3gjxjl9s0000001785564825353&qH=a5594894156db043&ov_redirect=true,2026-08-01
188,"OnePlus Nord CE6 (Fresh Blue, 256 GB)",OnePlus,38000,43999,13% off,4.5,639,46,8 GB RAM,256 GB ROM,8000 mAh Battery,Qualcomm® Snapdragon™ 7s Gen 4 Processor,17.22 cm (6.78 inch) Full HD+ Display,50MP Rear Camera | 2MP Front Camera,,https://www.flipkart.com/oneplus-nord-ce6-fresh-blue-256-gb/p/itmd7b224b18cb05?pid=MOBHN84MXDPKEUBU&lid=LSTMOBHN84MXDPKEUBUUWOCTG&marketplace=FLIPKART&q=smart+phones&store=tyy%2F4io&srno=s_8_188&otracker=search&fm=organic&iid=e1949739-e36a-42f9-a219-cdbfe95f3f04.MOBHN84MXDPKEUBU.SEARCH&ppt=None&ppn=None&ssid=5o3gjxjl9s0000001785564825353&qH=a5594894156db043&ov_redirect=true,2026-08-01
189,"Ai+ Nova 2 Neo 5G (Red, 128 GB)",Ai+,15999,18999,15% off,4.4,564,86,4 GB RAM,128 GB ROM,6000 mAh Li-polymer Battery,Dimensity 6300 Processor,17.13 cm (6.745 inch) HD+ Display,48MP Rear Camera | 8MP Front Camera,,https://www.flipkart.com/ai-nova-2-neo-5g-red-128-gb/p/itm3e105950e9175?pid=MOBHZ8ZMZBX5H8F8&lid=LSTMOBHZ8ZMZBX5H8F80RI4FO&marketplace=FLIPKART&q=smart+phones&store=tyy%2F4io&srno=s_8_189&otracker=search&fm=organic&iid=e1949739-e36a-42f9-a219-cdbfe95f3f04.MOBHZ8ZMZBX5H8F8.SEARCH&ppt=None&ppn=None&ssid=5o3gjxjl9s0000001785564825353&qH=a5594894156db043&ov_redirect=true,2026-08-01
190,LAVA A2 Smart,LAVA,1286,1549,16% off,4,"1,774",134,4 MB RAM,24 MB ROM,1200 mAh Battery,Mtk Processor,6.1 cm (2.4 inch) HVGA Display,1.3MP + 0MP | 0MP Front Camera,,https://www.flipkart.com/lava-a2-smart/p/itm46b99bae8203d?pid=MOBHHCUEUPJSEHMF&lid=LSTMOBHHCUEUPJSEHMFEGKUVN&marketplace=FLIPKART&q=smart+phones&store=tyy%2F4io&srno=s_8_190&otracker=search&fm=organic&iid=e1949739-e36a-42f9-a219-cdbfe95f3f04.MOBHHCUEUPJSEHMF.SEARCH&ppt=None&ppn=None&ssid=5o3gjxjl9s0000001785564825353&qH=a5594894156db043&ov_redirect=true,2026-08-01
191,"REDMI A7 (Sky Blue, 64 GB)",REDMI,12499,25999,51% off,4.1,118,4,3 GB RAM,64 GB ROM,5200 mAh Lithium-Ion Battery,T7250 Processor,17.48 cm (6.88 $inch) HD+ Display,13MP Rear Camera | 8MP Front Camera,,https://www.flipkart.com/redmi-a7-sky-blue-64-gb/p/itme748dd94e76d7?pid=MOBHN3M5ZNWMM7Q8&lid=LSTMOBHN3M5ZNWMM7Q8MXW5MY&marketplace=FLIPKART&q=smart+phones&store=tyy%2F4io&srno=s_8_191&otracker=search&fm=organic&iid=e1949739-e36a-42f9-a219-cdbfe95f3f04.MOBHN3M5ZNWMM7Q8.SEARCH&ppt=None&ppn=None&ssid=5o3gjxjl9s0000001785564825353&qH=a5594894156db043&ov_redirect=true,2026-08-01
192,"Ai+ Nova 2 Ultra 5G (Purple, 128 GB)",Ai+,22999,26999,14% off,4.1,"1,022",160,8 GB RAM,128 GB ROM,6000 mAh Li-polymer Battery,Dimensity 7400 Processor,17.22 cm (6.78 inch) Full HD+ AMOLED Display,50MP + 8MP | 13MP Front Camera,,https://www.flipkart.com/ai-nova-2-ultra-5g-purple-128-gb/p/itmedb3f9cf73654?pid=MOBHHUFDYDCGTVEF&lid=LSTMOBHHUFDYDCGTVEF6XKD4O&marketplace=FLIPKART&q=smart+phones&store=tyy%2F4io&srno=s_8_192&otracker=search&fm=organic&iid=e1949739-e36a-42f9-a219-cdbfe95f3f04.MOBHHUFDYDCGTVEF.SEARCH&ppt=None&ppn=None&ssid=5o3gjxjl9s0000001785564825353&qH=a5594894156db043&ov_redirect=true,2026-08-01
193,"MOTOROLA Edge 60 Fusion 5G (PANTONE Mykonos Blue, 256 GB)",MOTOROLA,27999,37999,26% off,4.4,"47,387","3,237",12 GB RAM,256 GB ROM,5500 mAh Battery,Dimensity 7400 Processor,16.94 cm (6.67 inch) Display,50MP + 13MP | 32MP Front Camera,,https://www.flipkart.com/motorola-edge-60-fusion-5g-pantone-mykonos-blue-256-gb/p/itmd06045ba81a69?pid=MOBHN9736Y6GRJWA&lid=LSTMOBHN9736Y6GRJWAUOATHY&marketplace=FLIPKART&q=smart+phones&store=tyy%2F4io&srno=s_9_193&otracker=search&fm=organic&iid=6dc6b293-463e-4c09-85b0-536868980b37.MOBHN9736Y6GRJWA.SEARCH&ppt=None&ppn=None&ssid=0epgmeuf3k0000001785564829455&qH=a5594894156db043&ov_redirect=true,2026-08-01
194,"MOTOROLA Edge 70 Fusion (Pantone ORIENT BLUE, 512 GB)",MOTOROLA,36999,64999,43% off,4.3,"3,336",363,12 GB RAM,512 GB ROM,7000 mAh Battery,Snapdragon 7s Gen 4 Processor,17.27 cm (6.8 inch) Super HD Display,50MP + 13MP | 32MP Front Camera,,https://www.flipkart.com/motorola-edge-70-fusion-pantone-orient-blue-512-gb/p/itm0baa5fae46b3f?pid=MOBHNSA6SDGWGDYH&lid=LSTMOBHNSA6SDGWGDYHAAXRXJ&marketplace=FLIPKART&q=smart+phones&store=tyy%2F4io&srno=s_9_194&otracker=search&fm=organic&iid=6dc6b293-463e-4c09-85b0-536868980b37.MOBHNSA6SDGWGDYH.SEARCH&ppt=None&ppn=None&ssid=0epgmeuf3k0000001785564829455&qH=a5594894156db043&ov_redirect=true,2026-08-01
195,"OPPO K14 5G (Prism Violet, 256 GB)",OPPO,24999,27999,10% off,4.5,"5,101",263,6 GB RAM,256 GB ROM,7000 mAh Battery,Dimensity 6300 Processor,17.14 cm (6.75 inch) HD+ Display,50MP Rear Camera | 8MP Front Camera,,https://www.flipkart.com/oppo-k14-5g-prism-violet-256-gb/p/itm2a5cc1d23c2af?pid=MOBHKQYYNFMURAYF&lid=LSTMOBHKQYYNFMURAYFFSX9KQ&marketplace=FLIPKART&q=smart+phones&store=tyy%2F4io&srno=s_9_195&otracker=search&fm=organic&iid=6dc6b293-463e-4c09-85b0-536868980b37.MOBHKQYYNFMURAYF.SEARCH&ppt=None&ppn=None&ssid=0epgmeuf3k0000001785564829455&qH=a5594894156db043&ov_redirect=true,2026-08-01
196,"OPPO K13 Turbo 5G (White Knight, 256 GB)",OPPO,27999,35999,22% off,4.4,"9,279","1,208",8 GB RAM,256 GB ROM,7000 mAh Battery,Dimensity 8450 Processor,17.27 cm (6.8 inch) Full HD+ Display,50MP + 2MP | 16MP Front Camera,,https://www.flipkart.com/oppo-k13-turbo-5g-white-knight-256-gb/p/itm3692362cd3df3?pid=MOBHEP9WBHDTWP4M&lid=LSTMOBHEP9WBHDTWP4MJOFLZ9&marketplace=FLIPKART&q=smart+phones&store=tyy%2F4io&srno=s_9_196&otracker=search&fm=organic&iid=6dc6b293-463e-4c09-85b0-536868980b37.MOBHEP9WBHDTWP4M.SEARCH&ppt=None&ppn=None&ssid=0epgmeuf3k0000001785564829455&qH=a5594894156db043&ov_redirect=true,2026-08-01
197,"Samsung Galaxy M17e (Vibe Violet, 128 GB)",Samsung,14620,16999,13% off,4,535,54,4 GB RAM,128 GB ROM,6000 mAh Battery,MediaTek Dimensity Processor,17.02 cm (6.7 inch) Full HD+ Display,50MP Rear Camera | 2MP Front Camera,,https://www.flipkart.com/samsung-galaxy-m17e-vibe-violet-128-gb/p/itm1b5a0ea459581?pid=MOBHHQUDATUWHVGA&lid=LSTMOBHHQUDATUWHVGAUVX055&marketplace=FLIPKART&q=smart+phones&store=tyy%2F4io&srno=s_9_197&otracker=search&fm=organic&iid=6dc6b293-463e-4c09-85b0-536868980b37.MOBHHQUDATUWHVGA.SEARCH&ppt=None&ppn=None&ssid=0epgmeuf3k0000001785564829455&qH=a5594894156db043&ov_redirect=true,2026-08-01
198,"realme Narzo 80 Lite (Obsidian Black, 64 GB)",realme,12783,16999,24% off,4.3,"2,927",147,4 GB RAM,64 GB ROM,6300 mAh Battery,,17.12 cm (6.74 inch) HD+ Display,32MP Rear Camera,,https://www.flipkart.com/realme-narzo-80-lite-obsidian-black-64-gb/p/itmda40eecbc001f?pid=MOBHEGXGERZQUSYS&lid=LSTMOBHEGXGERZQUSYS9AM354&marketplace=FLIPKART&q=smart+phones&store=tyy%2F4io&srno=s_9_198&otracker=search&fm=organic&iid=6dc6b293-463e-4c09-85b0-536868980b37.MOBHEGXGERZQUSYS.SEARCH&ppt=None&ppn=None&ssid=0epgmeuf3k0000001785564829455&qH=a5594894156db043&ov_redirect=true,2026-08-01
199,"realme Narzo 80 Lite (Beach Gold, 64 GB)",realme,12702,16999,25% off,4.3,"2,927",147,4 GB RAM,64 GB ROM,6300 mAh Battery,,17.12 cm (6.74 inch) HD+ Display,32MP Rear Camera,,https://www.flipkart.com/realme-narzo-80-lite-beach-gold-64-gb/p/itmda40eecbc001f?pid=MOBHEGXGZDHGFH2P&lid=LSTMOBHEGXGZDHGFH2PETCLNQ&marketplace=FLIPKART&q=smart+phones&store=tyy%2F4io&srno=s_9_199&otracker=search&fm=organic&iid=6dc6b293-463e-4c09-85b0-536868980b37.MOBHEGXGZDHGFH2P.SEARCH&ppt=None&ppn=None&ssid=0epgmeuf3k0000001785564829455&qH=a5594894156db043&ov_redirect=true,2026-08-01
200,"MOTOROLA Edge 60 Pro (Pantone Dazzling Blue, 256 GB)",MOTOROLA,29999,36999,18% off,4.3,"55,414","4,847",8 GB RAM,256 GB ROM,6000 mAh Battery,Dimensity 8350 Processor,17.02 cm (6.7 inch) Display,50MP + 50MP + 10MP | 50MP Front Camera,,https://www.flipkart.com/motorola-edge-60-pro-pantone-dazzling-blue-256-gb/p/itmbe844b03e063b?pid=MOBH9C9JNBGHUVS7&lid=LSTMOBH9C9JNBGHUVS7TY1JW2&marketplace=FLIPKART&q=smart+phones&store=tyy%2F4io&srno=s_9_200&otracker=search&fm=organic&iid=6dc6b293-463e-4c09-85b0-536868980b37.MOBH9C9JNBGHUVS7.SEARCH&ppt=None&ppn=None&ssid=0epgmeuf3k0000001785564829455&qH=a5594894156db043&ov_redirect=true,2026-08-01
201,"POCO F7 5G (Phantom Black, 256 GB)",POCO,35999,39000,7% off,4.4,"23,231","2,813",12 GB RAM,256 GB ROM,"Battery 7550mAh, 90W charger, 22.5W reverse charging",8s Gen 4 Processor,Display -6.83 inch 1.5K pOLED with 120 Hz refresh rate,Front camera -20MP with Portrait Mode | | Front Video Recording | Night Mode,,https://www.flipkart.com/poco-f7-5g-phantom-black-256-gb/p/itm632bdcafce49a?pid=MOBHCY2UG9GJJGCM&lid=LSTMOBHCY2UG9GJJGCMA8FJ7V&marketplace=FLIPKART&q=smart+phones&store=tyy%2F4io&srno=s_9_201&otracker=search&fm=organic&iid=6dc6b293-463e-4c09-85b0-536868980b37.MOBHCY2UG9GJJGCM.SEARCH&ppt=None&ppn=None&ssid=0epgmeuf3k0000001785564829455&qH=a5594894156db043&ov_redirect=true,2026-08-01
202,"OnePlus Nord CE6 Lite (Vivid Mint, 128 GB)",OnePlus,27298,33999,19% off,4.3,461,26,8 GB RAM,128 GB ROM,7000 mAh Battery,Mediatek Dimensity 7400 Processor,17.07 cm (6.72 inch) Full HD+ Display,8MP Rear Camera | 8MP Front Camera,,https://www.flipkart.com/oneplus-nord-ce6-lite-vivid-mint-128-gb/p/itm894a5599b758b?pid=MOBHN86VFKDWVHXF&lid=LSTMOBHN86VFKDWVHXFLVWXHZ&marketplace=FLIPKART&q=smart+phones&store=tyy%2F4io&srno=s_9_202&otracker=search&fm=organic&iid=6dc6b293-463e-4c09-85b0-536868980b37.MOBHN86VFKDWVHXF.SEARCH&ppt=None&ppn=None&ssid=0epgmeuf3k0000001785564829455&qH=a5594894156db043&ov_redirect=true,2026-08-01
203,"realme C100x (Golden Coast, 64 GB)",realme,14999,29999,50% off,4,43,8,4 GB RAM,64 GB ROM,8000 mAh Battery,T7250 Processor,17.27 cm (6.8 inch) HD+ Display,50MP Rear Camera | 5MP Front Camera,,https://www.flipkart.com/realme-c100x-golden-coast-64-gb/p/itm488eb4026680c?pid=MOBHZMDTJ8MRNENF&lid=LSTMOBHZMDTJ8MRNENF0B9EB3&marketplace=FLIPKART&q=smart+phones&store=tyy%2F4io&srno=s_9_203&otracker=search&fm=organic&iid=6dc6b293-463e-4c09-85b0-536868980b37.MOBHZMDTJ8MRNENF.SEARCH&ppt=None&ppn=None&ssid=0epgmeuf3k0000001785564829455&qH=a5594894156db043&ov_redirect=true,2026-08-01
204,"MOTOROLA Signature (PANTONE Carbon, 256 GB)",MOTOROLA,57499,74999,23% off,4.5,620,111,12 GB RAM,256 GB ROM,5200 mAh Battery,Snapdragon 8 Gen 5 Processor,17.27 cm (6.8 inch) Super HD Display,50MP + 50MP + 50MP | 50MP Front Camera,,https://www.flipkart.com/motorola-signature-pantone-carbon-256-gb/p/itm773dcf1c9b5dc?pid=MOBHGVJY37KPCFHB&lid=LSTMOBHGVJY37KPCFHBXLORLG&marketplace=FLIPKART&q=smart+phones&store=tyy%2F4io&srno=s_9_204&otracker=search&fm=organic&iid=6dc6b293-463e-4c09-85b0-536868980b37.MOBHGVJY37KPCFHB.SEARCH&ppt=None&ppn=None&ssid=0epgmeuf3k0000001785564829455&qH=a5594894156db043&ov_redirect=true,2026-08-01
205,"Samsung Galaxy A17 5G (Blue, 256 GB)",Samsung,27935,30999,9% off,4.3,"1,824",171,8 GB RAM,256 GB ROM,5000 mAh Battery,Samsung Exynos 1330 Processor,17.02 cm (6.7 inch) Full HD+ Display,50MP + 5MP + 2MP | 13MP Front Camera,,https://www.flipkart.com/samsung-galaxy-a17-5g-blue-256-gb/p/itm9b0b7e6d52859?pid=MOBHGVECC8VGMGFB&lid=LSTMOBHGVECC8VGMGFBMICMMW&marketplace=FLIPKART&q=smart+phones&store=tyy%2F4io&srno=s_9_205&otracker=search&fm=organic&iid=6dc6b293-463e-4c09-85b0-536868980b37.MOBHGVECC8VGMGFB.SEARCH&ppt=None&ppn=None&ssid=0epgmeuf3k0000001785564829455&qH=a5594894156db043&ov_redirect=true,2026-08-01
206,"realme P4R 5G (Silver Glare, 256 GB)",realme,24999,44999,44% off,4.4,"2,713",216,6 GB RAM,256 GB ROM,8000 mAh Lithium-ion polymer Battery,Dimensity 6300 Processor,17.27 cm (6.8 inch) HD+ Display,50MP Rear Camera | 8MP Front Camera,,https://www.flipkart.com/realme-p4r-5g-silver-glare-256-gb/p/itmb42ae388c1ef6?pid=MOBHMYR3NGRA6CGK&lid=LSTMOBHMYR3NGRA6CGKJWYZVO&marketplace=FLIPKART&q=smart+phones&store=tyy%2F4io&srno=s_9_206&otracker=search&fm=organic&iid=6dc6b293-463e-4c09-85b0-536868980b37.MOBHMYR3NGRA6CGK.SEARCH&ppt=None&ppn=None&ssid=0epgmeuf3k0000001785564829455&qH=a5594894156db043&ov_redirect=true,2026-08-01
207,"realme P4 Power 5G (TransSilver, 128 GB)",realme,28999,32999,12% off,4.4,"6,752",720,8 GB RAM,128 GB ROM,10001 mAh Battery,Dimensity 7400 Ultra Processor,17.27 cm (6.8 inch) Full HD+ AMOLED Display,,,https://www.flipkart.com/realme-p4-power-5g-transsilver-128-gb/p/itm49784b322aad0?pid=MOBHJHSHMQDGQSAD&lid=LSTMOBHJHSHMQDGQSADWJVD3C&marketplace=FLIPKART&q=smart+phones&store=tyy%2F4io&srno=s_9_207&otracker=search&fm=organic&iid=6dc6b293-463e-4c09-85b0-536868980b37.MOBHJHSHMQDGQSAD.SEARCH&ppt=None&ppn=None&ssid=0epgmeuf3k0000001785564829455&qH=a5594894156db043&ov_redirect=true,2026-08-01
208,"MOTOROLA Edge 70 Max (PANTONE Ice Melt, 256 GB)",MOTOROLA,59999,94999,36% off,4.3,8,1,12 GB RAM,256 GB ROM,7100 mAh Silicon-Carbon Battery,Snapdragon 8 Gen 5 Processor,17.27 cm (6.8 inch) Quad HD+ Display,50MP + 8MP | 32MP Front Camera,,https://www.flipkart.com/motorola-edge-70-max-pantone-ice-melt-256-gb/p/itmdbd2e4567c186?pid=MOBHMJQAYGYPFMWX&lid=LSTMOBHMJQAYGYPFMWXLOELMB&marketplace=FLIPKART&q=smart+phones&store=tyy%2F4io&srno=s_9_208&otracker=search&fm=organic&iid=6dc6b293-463e-4c09-85b0-536868980b37.MOBHMJQAYGYPFMWX.SEARCH&ppt=None&ppn=None&ssid=0epgmeuf3k0000001785564829455&qH=a5594894156db043&ov_redirect=true,2026-08-01
209,"Samsung Galaxy A17 5G (Black, 128 GB)",Samsung,21490,21999,2% off,4.3,"2,031",178,6 GB RAM,128 GB ROM,5000 mAh Battery,Samsung Exynos 1330 Processor,17.02 cm (6.7 inch) Full HD+ Display,50MP + 5MP + 2MP | 13MP Front Camera,,https://www.flipkart.com/samsung-galaxy-a17-5g-black-128-gb/p/itm9b0b7e6d52859?pid=MOBHGVECKP8QYMCD&lid=LSTMOBHGVECKP8QYMCDXQNSBS&marketplace=FLIPKART&q=smart+phones&store=tyy%2F4io&srno=s_9_209&otracker=search&fm=organic&iid=6dc6b293-463e-4c09-85b0-536868980b37.MOBHGVECKP8QYMCD.SEARCH&ppt=None&ppn=None&ssid=0epgmeuf3k0000001785564829455&qH=a5594894156db043&ov_redirect=true,2026-08-01
210,"realme P4R 5G (Silver Glare, 128 GB)",realme,20999,34999,40% off,4.2,"1,349",116,4 GB RAM,128 GB ROM,8000 mAh Lithium-ion polymer Battery,Dimensity 6300 Processor,17.27 cm (6.8 inch) HD+ Display,50MP Rear Camera | 8MP Front Camera,,https://www.flipkart.com/realme-p4r-5g-silver-glare-128-gb/p/itmb42ae388c1ef6?pid=MOBHMYR3EJZ8J2ES&lid=LSTMOBHMYR3EJZ8J2ESNKDP7V&marketplace=FLIPKART&q=smart+phones&store=tyy%2F4io&srno=s_9_210&otracker=search&fm=organic&iid=6dc6b293-463e-4c09-85b0-536868980b37.MOBHMYR3EJZ8J2ES.SEARCH&ppt=None&ppn=None&ssid=0epgmeuf3k0000001785564829455&qH=a5594894156db043&ov_redirect=true,2026-08-01
211,"MOTOROLA Edge 60 Fusion 5G (PANTONE Zephyr, 256 GB)",MOTOROLA,27999,37999,26% off,4.4,"47,387","3,237",12 GB RAM,256 GB ROM,5500 mAh Battery,Dimensity 7400 Processor,16.94 cm (6.67 inch) Display,50MP + 13MP | 32MP Front Camera,,https://www.flipkart.com/motorola-edge-60-fusion-5g-pantone-zephyr-256-gb/p/itm64e3872f24188?pid=MOBHN974GP9AXZEC&lid=LSTMOBHN974GP9AXZEC6NHT6R&marketplace=FLIPKART&q=smart+phones&store=tyy%2F4io&srno=s_9_211&otracker=search&fm=organic&iid=6dc6b293-463e-4c09-85b0-536868980b37.MOBHN974GP9AXZEC.SEARCH&ppt=None&ppn=None&ssid=0epgmeuf3k0000001785564829455&qH=a5594894156db043&ov_redirect=true,2026-08-01
212,"OPPO K14 5G (Prism Violet, 256 GB)",OPPO,27999,29999,6% off,4.4,"1,279",102,8 GB RAM,256 GB ROM,7000 mAh Battery,Dimensity 6300 Processor,17.14 cm (6.75 inch) HD+ Display,50MP Rear Camera | 8MP Front Camera,,https://www.flipkart.com/oppo-k14-5g-prism-violet-256-gb/p/itm2a5cc1d23c2af?pid=MOBHKQYYTYEXAVMG&lid=LSTMOBHKQYYTYEXAVMGYFGEQV&marketplace=FLIPKART&q=smart+phones&store=tyy%2F4io&srno=s_9_212&otracker=search&fm=organic&iid=6dc6b293-463e-4c09-85b0-536868980b37.MOBHKQYYTYEXAVMG.SEARCH&ppt=None&ppn=None&ssid=0epgmeuf3k0000001785564829455&qH=a5594894156db043&ov_redirect=true,2026-08-01
213,"POCO C81x (Ice Blue, 64 GB)",POCO,11499,18999,39% off,4,365,22,3 GB RAM,64 GB ROM,5200 mAh Lithium-Ion Polymer Battery,T7250 Processor,17.48 cm (6.88 inch) Display,13MP Rear Camera | 8MP Front Camera,,https://www.flipkart.com/poco-c81x-ice-blue-64-gb/p/itmf2e3aacd5257e?pid=MOBHMYWRWPE4S8G6&lid=LSTMOBHMYWRWPE4S8G6INAADH&marketplace=FLIPKART&q=smart+phones&store=tyy%2F4io&srno=s_9_213&otracker=search&fm=organic&iid=6dc6b293-463e-4c09-85b0-536868980b37.MOBHMYWRWPE4S8G6.SEARCH&ppt=None&ppn=None&ssid=0epgmeuf3k0000001785564829455&qH=a5594894156db043&ov_redirect=true,2026-08-01
214,"OnePlus Nord CE6 (Fresh Blue, 128 GB)",OnePlus,34949,40999,14% off,4.5,639,46,8 GB RAM,128 GB ROM,8000 mAh Battery,Qualcomm® Snapdragon™ 7s Gen 4 Processor,17.22 cm (6.78 inch) Full HD+ Display,50MP Rear Camera | 2MP Front Camera,,https://www.flipkart.com/oneplus-nord-ce6-fresh-blue-128-gb/p/itmd7b224b18cb05?pid=MOBHNBDGGHYAE6ZP&lid=LSTMOBHNBDGGHYAE6ZP7ZLEIM&marketplace=FLIPKART&q=smart+phones&store=tyy%2F4io&srno=s_9_214&otracker=search&fm=organic&iid=6dc6b293-463e-4c09-85b0-536868980b37.MOBHNBDGGHYAE6ZP.SEARCH&ppt=None&ppn=None&ssid=0epgmeuf3k0000001785564829455&qH=a5594894156db043&ov_redirect=true,2026-08-01
215,"OnePlus Nord CE6 (Lunar Pearl, 128 GB)",OnePlus,35355,40999,13% off,4.5,639,46,8 GB RAM,128 GB ROM,8000 mAh Battery,Qualcomm® Snapdragon™ 7s Gen 4 Processor,17.22 cm (6.78 inch) Full HD+ Display,50MP Rear Camera | 2MP Front Camera,,https://www.flipkart.com/oneplus-nord-ce6-lunar-pearl-128-gb/p/itmd7b224b18cb05?pid=MOBHN82GBZSGMDE4&lid=LSTMOBHN82GBZSGMDE4U2EEEL&marketplace=FLIPKART&q=smart+phones&store=tyy%2F4io&srno=s_9_215&otracker=search&fm=organic&iid=6dc6b293-463e-4c09-85b0-536868980b37.MOBHN82GBZSGMDE4.SEARCH&ppt=None&ppn=None&ssid=0epgmeuf3k0000001785564829455&qH=a5594894156db043&ov_redirect=true,2026-08-01
216,"Samsung Galaxy A17 5G (Gray, 128 GB)",Samsung,22599,22999,1% off,4.3,"2,031",178,6 GB RAM,128 GB ROM,5000 mAh Battery,Samsung Exynos 1330 Processor,17.02 cm (6.7 inch) Full HD+ Display,50MP + 5MP + 2MP | 13MP Front Camera,,https://www.flipkart.com/samsung-galaxy-a17-5g-gray-128-gb/p/itm9b0b7e6d52859?pid=MOBHGVECQ9QKK8DG&lid=LSTMOBHGVECQ9QKK8DGPHMD20&marketplace=FLIPKART&q=smart+phones&store=tyy%2F4io&srno=s_9_216&otracker=search&fm=organic&iid=6dc6b293-463e-4c09-85b0-536868980b37.MOBHGVECQ9QKK8DG.SEARCH&ppt=None&ppn=None&ssid=0epgmeuf3k0000001785564829455&qH=a5594894156db043&ov_redirect=true,2026-08-01
217,"OnePlus Nord 6 (Fresh Mint, 256 GB)",OnePlus,43881,52999,17% off,4.5,"1,835",229,8 GB RAM,256 GB ROM,9000 mAh Battery,4 octa-core processor Processor,17.22 cm (6.78 inch) Full HD+ Display,50MP Rear Camera,,https://www.flipkart.com/oneplus-nord-6-fresh-mint-256-gb/p/itmc49f71cdc4080?pid=MOBHMBW2KKBSFG9R&lid=LSTMOBHMBW2KKBSFG9R5UZL6E&marketplace=FLIPKART&q=smart+phones&store=tyy%2F4io&srno=s_10_217&otracker=search&fm=organic&iid=96688c5f-7583-43f2-8164-f89bc057eff1.MOBHMBW2KKBSFG9R.SEARCH&ppt=None&ppn=None&ssid=j7p70qopj40000001785564832980&qH=a5594894156db043&ov_redirect=true,2026-08-01
218,"OnePlus Nord 6 (Quick Silver, 256 GB)",OnePlus,44500,52999,16% off,4.5,"1,835",229,8 GB RAM,256 GB ROM,9000 mAh Battery,4 octa-core processor Processor,17.22 cm (6.78 inch) Full HD+ Display,50MP Rear Camera,,https://www.flipkart.com/oneplus-nord-6-quick-silver-256-gb/p/itmc49f71cdc4080?pid=MOBHMBWSVHKWRPAS&lid=LSTMOBHMBWSVHKWRPASNGUCDO&marketplace=FLIPKART&q=smart+phones&store=tyy%2F4io&srno=s_10_218&otracker=search&fm=organic&iid=96688c5f-7583-43f2-8164-f89bc057eff1.MOBHMBWSVHKWRPAS.SEARCH&ppt=None&ppn=None&ssid=j7p70qopj40000001785564832980&qH=a5594894156db043&ov_redirect=true,2026-08-01
219,"Nothing Phone (4a) (White, 256 GB)",Nothing,40999,,,4.5,"1,213",128,12 GB RAM,256 GB ROM,5400 mAh Lithium ion Battery,Snapdragon 7s Gen 4 Processor,17.22 cm (6.78 inch) Full HD+ AMOLED Display,50MP + 50MP + 8MP | 32MP Front Camera,,https://www.flipkart.com/nothing-phone-4a-white-256-gb/p/itm47712249513d4?pid=MOBHK7DDHCHHGVJK&lid=LSTMOBHK7DDHCHHGVJKBFVP2O&marketplace=FLIPKART&q=smart+phones&store=tyy%2F4io&srno=s_10_219&otracker=search&fm=organic&iid=96688c5f-7583-43f2-8164-f89bc057eff1.MOBHK7DDHCHHGVJK.SEARCH&ppt=None&ppn=None&ssid=j7p70qopj40000001785564832980&qH=a5594894156db043&ov_redirect=true,2026-08-01
220,"vivo T5 Pro 5G (Cosmic Black, 256 GB)",vivo,39999,61999,35% off,4.5,"7,564",750,8 GB RAM,256 GB ROM,9020 mAh Battery,Snapdragon 7s Gen 4 Processor,17.35 cm (6.83 inch) Full HD+ AMOLED Display,50MP + 2MP | 32MP Front Camera,,https://www.flipkart.com/vivo-t5-pro-5g-cosmic-black-256-gb/p/itma21e2e09d4493?pid=MOBHM4FZRMHBQHP5&lid=LSTMOBHM4FZRMHBQHP59ZOVA8&marketplace=FLIPKART&q=smart+phones&store=tyy%2F4io&srno=s_10_220&otracker=search&fm=organic&iid=96688c5f-7583-43f2-8164-f89bc057eff1.MOBHM4FZRMHBQHP5.SEARCH&ppt=None&ppn=None&ssid=j7p70qopj40000001785564832980&qH=a5594894156db043&ov_redirect=true,2026-08-01
221,"MOTOROLA Signature (PANTONE Carbon, 1 TB)",MOTOROLA,67499,84999,20% off,4.5,866,156,16 GB RAM,1 TB ROM,5200 mAh Battery,Snapdragon 8 Gen 5 Processor,17.27 cm (6.8 inch) Super HD Display,50MP + 50MP + 50MP | 50MP Front Camera,,https://www.flipkart.com/motorola-signature-pantone-carbon-1-tb/p/itmf01b143b8663d?pid=MOBHGVJYGJYGSV8X&lid=LSTMOBHGVJYGJYGSV8XC1KZDR&marketplace=FLIPKART&q=smart+phones&store=tyy%2F4io&srno=s_10_221&otracker=search&fm=organic&iid=96688c5f-7583-43f2-8164-f89bc057eff1.MOBHGVJYGJYGSV8X.SEARCH&ppt=None&ppn=None&ssid=j7p70qopj40000001785564832980&qH=a5594894156db043&ov_redirect=true,2026-08-01
222,"realme GT 7T (Racing Yellow, 256 GB)",realme,39999,,,4.3,"2,390",301,8 GB RAM,256 GB ROM,7000 mAh Li-ion Battery,Dimensity 8400-MAX Processor,17.27 cm (6.8 inch) Full HD+ AMOLED Display,50MP + 8MP | 32MP Front Camera,,https://www.flipkart.com/realme-gt-7t-racing-yellow-256-gb/p/itmda26d662ee28e?pid=MOBHFQ6DKHFCRZDX&lid=LSTMOBHFQ6DKHFCRZDXOOEMRS&marketplace=FLIPKART&q=smart+phones&store=tyy%2F4io&srno=s_10_222&otracker=search&fm=organic&iid=96688c5f-7583-43f2-8164-f89bc057eff1.MOBHFQ6DKHFCRZDX.SEARCH&ppt=None&ppn=None&ssid=j7p70qopj40000001785564832980&qH=a5594894156db043&ov_redirect=true,2026-08-01
223,"realme 15 Pro 5G (Silk Purple, 256 GB)",realme,35999,37999,5% off,4.3,"10,915","1,201",8 GB RAM,256 GB ROM,7000 mAh Battery,Snapdragon 7 Gen 4 Processor,17.27 cm (6.8 inch) Display,50MP + 50MP | 50MP Front Camera,,https://www.flipkart.com/realme-15-pro-5g-silk-purple-256-gb/p/itm216cdbf4baea0?pid=MOBHDVK2HHT3JHXA&lid=LSTMOBHDVK2HHT3JHXAWKMSUF&marketplace=FLIPKART&q=smart+phones&store=tyy%2F4io&srno=s_10_223&otracker=search&fm=organic&iid=96688c5f-7583-43f2-8164-f89bc057eff1.MOBHDVK2HHT3JHXA.SEARCH&ppt=None&ppn=None&ssid=j7p70qopj40000001785564832980&qH=a5594894156db043&ov_redirect=true,2026-08-01
224,"realme Gt 7 (Icesense Blue, 256 GB)",realme,42999,48999,12% off,4.5,"1,139",134,12 GB RAM,256 GB ROM,7000 mAh Battery,Dimensity Processor,17.22 cm (6.78 inch) Full HD+ AMOLED Display,50MP + 50MP + 50MP + 8MP | 32MP + 32MP Dual Front Camera,,https://www.flipkart.com/realme-gt-7-icesense-blue-256-gb/p/itm6cc8f84d92e2f?pid=MOBHCHWNFTFYCQWQ&lid=LSTMOBHCHWNFTFYCQWQKYWZSI&marketplace=FLIPKART&q=smart+phones&store=tyy%2F4io&srno=s_10_224&otracker=search&fm=organic&iid=96688c5f-7583-43f2-8164-f89bc057eff1.MOBHCHWNFTFYCQWQ.SEARCH&ppt=None&ppn=None&ssid=j7p70qopj40000001785564832980&qH=a5594894156db043&ov_redirect=true,2026-08-01
225,"realme Gt 7 (Icesense Blue, 512 GB)",realme,46999,52999,11% off,4.5,"1,139",134,12 GB RAM,512 GB ROM,7000 mAh Battery,Dimensity Processor,17.22 cm (6.78 inch) Full HD+ AMOLED Display,50MP + 50MP + 50MP + 8MP | 32MP + 32MP Dual Front Camera,,https://www.flipkart.com/realme-gt-7-icesense-blue-512-gb/p/itm6cc8f84d92e2f?pid=MOBHCM4EZEQ7UHHP&lid=LSTMOBHCM4EZEQ7UHHP0QXCGY&marketplace=FLIPKART&q=smart+phones&store=tyy%2F4io&srno=s_10_225&otracker=search&fm=organic&iid=96688c5f-7583-43f2-8164-f89bc057eff1.MOBHCM4EZEQ7UHHP.SEARCH&ppt=None&ppn=None&ssid=j7p70qopj40000001785564832980&qH=a5594894156db043&ov_redirect=true,2026-08-01
226,"Nothing Phone (4a) (Pink, 256 GB)",Nothing,46999,,,4.5,"1,213",128,12 GB RAM,256 GB ROM,5400 mAh Lithium ion Battery,Snapdragon 7s Gen 4 Processor,17.22 cm (6.78 inch) Full HD+ AMOLED Display,50MP + 50MP + 8MP | 32MP Front Camera,,https://www.flipkart.com/nothing-phone-4a-pink-256-gb/p/itm47712249513d4?pid=MOBHM2ZUZRZARU6Z&lid=LSTMOBHM2ZUZRZARU6Z0ACBE2&marketplace=FLIPKART&q=smart+phones&store=tyy%2F4io&srno=s_10_226&otracker=search&fm=organic&iid=96688c5f-7583-43f2-8164-f89bc057eff1.MOBHM2ZUZRZARU6Z.SEARCH&ppt=None&ppn=None&ssid=j7p70qopj40000001785564832980&qH=a5594894156db043&ov_redirect=true,2026-08-01
227,"MOTOROLA g67 power 5G (Pantone CILANTRO, 256 GB)",MOTOROLA,27999,30999,9% off,4.2,691,55,12 GB RAM,256 GB ROM,7000 mAh Battery,7s Gen 2 Processor,17.02 cm (6.7 inch) Full HD+ Display,50MP + 8MP | 32MP Front Camera,,https://www.flipkart.com/motorola-g67-power-5g-pantone-cilantro-256-gb/p/itme91d2943b446d?pid=MOBHN3UXSVHPQ7MC&lid=LSTMOBHN3UXSVHPQ7MCN0OLIS&marketplace=FLIPKART&q=smart+phones&store=tyy%2F4io&srno=s_10_227&otracker=search&fm=organic&iid=96688c5f-7583-43f2-8164-f89bc057eff1.MOBHN3UXSVHPQ7MC.SEARCH&ppt=None&ppn=None&ssid=j7p70qopj40000001785564832980&qH=a5594894156db043&ov_redirect=true,2026-08-01
228,"OnePlus Nord CE6 (Lunar Pearl, 256 GB)",OnePlus,38000,43999,13% off,4.5,639,46,8 GB RAM,256 GB ROM,8000 mAh Battery,Qualcomm® Snapdragon™ 7s Gen 4 Processor,17.22 cm (6.78 inch) Full HD+ Display,50MP Rear Camera | 2MP Front Camera,,https://www.flipkart.com/oneplus-nord-ce6-lunar-pearl-256-gb/p/itmd7b224b18cb05?pid=MOBHN8CDHYCYJFMQ&lid=LSTMOBHN8CDHYCYJFMQSFOQLY&marketplace=FLIPKART&q=smart+phones&store=tyy%2F4io&srno=s_10_228&otracker=search&fm=organic&iid=96688c5f-7583-43f2-8164-f89bc057eff1.MOBHN8CDHYCYJFMQ.SEARCH&ppt=None&ppn=None&ssid=j7p70qopj40000001785564832980&qH=a5594894156db043&ov_redirect=true,2026-08-01
229,"POCO M7 Plus 5G (Aqua Blue, 128 GB)",POCO,17999,,,4.2,"6,201",495,8 GB RAM,128 GB ROM,7000 mAh Battery,Snapdragon 6s Gen 3 5G Processor,17.53 cm (6.9 inch) Full HD+ Display,50MP AI Dual Camera | 8MP Front Camera,5G,https://www.flipkart.com/poco-m7-plus-5g-aqua-blue-128-gb/p/itmd9444b12bdb68?pid=MOBHETX6GZAJWQME&lid=LSTMOBHETX6GZAJWQMEDZLMD8&marketplace=FLIPKART&q=smart+phones&store=tyy%2F4io&srno=s_10_229&otracker=search&fm=organic&iid=96688c5f-7583-43f2-8164-f89bc057eff1.MOBHETX6GZAJWQME.SEARCH&ppt=None&ppn=None&ssid=j7p70qopj40000001785564832980&qH=a5594894156db043&ov_redirect=true,2026-08-01
230,"POCO C85 5G (Spring Green, 128 GB)",POCO,17999,22999,21% off,4.2,"1,593",108,6 GB RAM,128 GB ROM,6000 mAh Lithium-Ion Polymer Battery,Dimensity 6300 Processor,17.53 cm (6.9 inch) HD+ Display,50MP Rear Camera | 8MP Front Camera,,https://www.flipkart.com/poco-c85-5g-spring-green-128-gb/p/itm9d5a621551d84?pid=MOBHMGG5UNCKYGPH&lid=LSTMOBHMGG5UNCKYGPHH3BH5B&marketplace=FLIPKART&q=smart+phones&store=tyy%2F4io&srno=s_10_230&otracker=search&fm=organic&iid=96688c5f-7583-43f2-8164-f89bc057eff1.MOBHMGG5UNCKYGPH.SEARCH&ppt=None&ppn=None&ssid=j7p70qopj40000001785564832980&qH=a5594894156db043&ov_redirect=true,2026-08-01
231,"OnePlus Nord CE6 (Pitch Black, 256 GB)",OnePlus,37980,43999,13% off,4.5,639,46,8 GB RAM,256 GB ROM,8000 mAh Battery,Qualcomm® Snapdragon™ 7s Gen 4 Processor,17.22 cm (6.78 inch) Full HD+ Display,50MP Rear Camera | 2MP Front Camera,,https://www.flipkart.com/oneplus-nord-ce6-pitch-black-256-gb/p/itmd7b224b18cb05?pid=MOBHN8FJGG2GYWA9&lid=LSTMOBHN8FJGG2GYWA9NIHNXC&marketplace=FLIPKART&q=smart+phones&store=tyy%2F4io&srno=s_10_231&otracker=search&fm=organic&iid=96688c5f-7583-43f2-8164-f89bc057eff1.MOBHN8FJGG2GYWA9.SEARCH&ppt=None&ppn=None&ssid=j7p70qopj40000001785564832980&qH=a5594894156db043&ov_redirect=true,2026-08-01
232,"OPPO K14x 5G (Prism Violet, 64 GB)",OPPO,16999,19999,15% off,4.3,"6,279",663,4 GB RAM,64 GB ROM,6500 mAh Battery,Dimensity 6300 Processor,17.14 cm (6.75 inch) HD+ Display,,,https://www.flipkart.com/oppo-k14x-5g-prism-violet-64-gb/p/itm188c7a4b69292?pid=MOBHKZF3DGME8JHG&lid=LSTMOBHKZF3DGME8JHGGNMUIW&marketplace=FLIPKART&q=smart+phones&store=tyy%2F4io&srno=s_10_232&otracker=search&fm=organic&iid=96688c5f-7583-43f2-8164-f89bc057eff1.MOBHKZF3DGME8JHG.SEARCH&ppt=None&ppn=None&ssid=j7p70qopj40000001785564832980&qH=a5594894156db043&ov_redirect=true,2026-08-01
233,"realme Narzo 100 Lite 5G (Thunder Black, 128 GB)",realme,16500,27999,41% off,4.2,"1,011",49,4 GB RAM,128 GB ROM,7000 mAh Battery,,17.27 cm (6.8 inch) Display,13MP Rear Camera,,https://www.flipkart.com/realme-narzo-100-lite-5g-thunder-black-128-gb/p/itm659398bfe469c?pid=MOBHMZ3R29UXXKWF&lid=LSTMOBHMZ3R29UXXKWFBK349C&marketplace=FLIPKART&q=smart+phones&store=tyy%2F4io&srno=s_10_233&otracker=search&fm=organic&iid=96688c5f-7583-43f2-8164-f89bc057eff1.MOBHMZ3R29UXXKWF.SEARCH&ppt=None&ppn=None&ssid=j7p70qopj40000001785564832980&qH=a5594894156db043&ov_redirect=true,2026-08-01
234,"vivo T5 Pro 5G (Cosmic Black, 128 GB)",vivo,35999,55999,35% off,4.5,"7,564",750,8 GB RAM,128 GB ROM,9020 mAh Battery,Snapdragon 7s Gen 4 Processor,17.35 cm (6.83 inch) Full HD+ AMOLED Display,50MP + 2MP | 32MP Front Camera,,https://www.flipkart.com/vivo-t5-pro-5g-cosmic-black-128-gb/p/itma21e2e09d4493?pid=MOBHM4FZPA8A7KVS&lid=LSTMOBHM4FZPA8A7KVSB3VDWD&marketplace=FLIPKART&q=smart+phones&store=tyy%2F4io&srno=s_10_234&otracker=search&fm=organic&iid=96688c5f-7583-43f2-8164-f89bc057eff1.MOBHM4FZPA8A7KVS.SEARCH&ppt=None&ppn=None&ssid=j7p70qopj40000001785564832980&qH=a5594894156db043&ov_redirect=true,2026-08-01
235,"realme GT 7T (IceSense Black, 256 GB)",realme,42999,,,4.4,"3,335",453,12 GB RAM,256 GB ROM,7000 mAh Li-ion Battery,Dimensity 8400-MAX Processor,17.27 cm (6.8 inch) Full HD+ AMOLED Display,50MP + 8MP | 32MP Front Camera,,https://www.flipkart.com/realme-gt-7t-icesense-black-256-gb/p/itmda26d662ee28e?pid=MOBHFQ6D6GKYMQPU&lid=LSTMOBHFQ6D6GKYMQPUTEU03O&marketplace=FLIPKART&q=smart+phones&store=tyy%2F4io&srno=s_10_235&otracker=search&fm=organic&iid=96688c5f-7583-43f2-8164-f89bc057eff1.MOBHFQ6D6GKYMQPU.SEARCH&ppt=None&ppn=None&ssid=j7p70qopj40000001785564832980&qH=a5594894156db043&ov_redirect=true,2026-08-01
236,"realme GT 7T (IceSense Blue, 256 GB)",realme,42999,,,4.4,"3,335",453,12 GB RAM,256 GB ROM,7000 mAh Li-ion Battery,Dimensity 8400-MAX Processor,17.27 cm (6.8 inch) Full HD+ AMOLED Display,50MP + 8MP | 32MP Front Camera,,https://www.flipkart.com/realme-gt-7t-icesense-blue-256-gb/p/itmda26d662ee28e?pid=MOBHFQ6D4U7MZHFR&lid=LSTMOBHFQ6D4U7MZHFR2COVJJ&marketplace=FLIPKART&q=smart+phones&store=tyy%2F4io&srno=s_10_236&otracker=search&fm=organic&iid=96688c5f-7583-43f2-8164-f89bc057eff1.MOBHFQ6D4U7MZHFR.SEARCH&ppt=None&ppn=None&ssid=j7p70qopj40000001785564832980&qH=a5594894156db043&ov_redirect=true,2026-08-01
237,"realme 15 Pro 5G (Flowing Silver, 256 GB)",realme,37999,39999,5% off,4.4,"6,836",677,12 GB RAM,256 GB ROM,7000 mAh Battery,Snapdragon 7 Gen 4 Processor,17.27 cm (6.8 inch) Display,50MP + 50MP | 50MP Front Camera,,https://www.flipkart.com/realme-15-pro-5g-flowing-silver-256-gb/p/itm216cdbf4baea0?pid=MOBHDVK2ZHM5H8NP&lid=LSTMOBHDVK2ZHM5H8NPQ6QGN1&marketplace=FLIPKART&q=smart+phones&store=tyy%2F4io&srno=s_10_237&otracker=search&fm=organic&iid=96688c5f-7583-43f2-8164-f89bc057eff1.MOBHDVK2ZHM5H8NP.SEARCH&ppt=None&ppn=None&ssid=j7p70qopj40000001785564832980&qH=a5594894156db043&ov_redirect=true,2026-08-01
238,"MOTOROLA Edge 60 Pro (Pantone Dazzling Blue, 512 GB)",MOTOROLA,37999,42999,11% off,4.4,"3,698",370,16 GB RAM,512 GB ROM,6000 mAh Battery,Dimensity 8350 Processor,17.02 cm (6.7 inch) Full HD+ Display,50MP + 50MP + 10MP | 50MP Front Camera,,https://www.flipkart.com/motorola-edge-60-pro-pantone-dazzling-blue-512-gb/p/itmdc36ec357d827?pid=MOBHC7EWSW79FZHG&lid=LSTMOBHC7EWSW79FZHGPQMKU0&marketplace=FLIPKART&q=smart+phones&store=tyy%2F4io&srno=s_10_238&otracker=search&fm=organic&iid=96688c5f-7583-43f2-8164-f89bc057eff1.MOBHC7EWSW79FZHG.SEARCH&ppt=None&ppn=None&ssid=j7p70qopj40000001785564832980&qH=a5594894156db043&ov_redirect=true,2026-08-01
239,"realme P4 Power 5G (TransBlue, 256 GB)",realme,30999,34999,11% off,4.4,"6,752",720,8 GB RAM,256 GB ROM,10001 mAh Battery,Dimensity 7400 Ultra Processor,17.27 cm (6.8 inch) Full HD+ AMOLED Display,,,https://www.flipkart.com/realme-p4-power-5g-transblue-256-gb/p/itm49784b322aad0?pid=MOBHJHSHGVSSMYW9&lid=LSTMOBHJHSHGVSSMYW9A1YAZD&marketplace=FLIPKART&q=smart+phones&store=tyy%2F4io&srno=s_10_239&otracker=search&fm=organic&iid=96688c5f-7583-43f2-8164-f89bc057eff1.MOBHJHSHGVSSMYW9.SEARCH&ppt=None&ppn=None&ssid=j7p70qopj40000001785564832980&qH=a5594894156db043&ov_redirect=true,2026-08-01
240,"realme P4 Power 5G (TransBlue, 128 GB)",realme,28999,32999,12% off,4.4,"6,752",720,8 GB RAM,128 GB ROM,10001 mAh Battery,Dimensity 7400 Ultra Processor,17.27 cm (6.8 inch) Full HD+ AMOLED Display,,,https://www.flipkart.com/realme-p4-power-5g-transblue-128-gb/p/itm49784b322aad0?pid=MOBHJHSH4HHMYHEG&lid=LSTMOBHJHSH4HHMYHEGIKAA7A&marketplace=FLIPKART&q=smart+phones&store=tyy%2F4io&srno=s_10_240&otracker=search&fm=organic&iid=96688c5f-7583-43f2-8164-f89bc057eff1.MOBHJHSH4HHMYHEG.SEARCH&ppt=None&ppn=None&ssid=j7p70qopj40000001785564832980&qH=a5594894156db043&ov_redirect=true,2026-08-01
241,"realme P4 Power 5G (TransSilver, 256 GB)",realme,33999,37999,10% off,4.4,"1,578",223,12 GB RAM,256 GB ROM,10001 mAh Battery,Dimensity 7400 Ultra Processor,17.27 cm (6.8 inch) Full HD+ AMOLED Display,,,https://www.flipkart.com/realme-p4-power-5g-transsilver-256-gb/p/itm49784b322aad0?pid=MOBHJHSHGY5GKFFK&lid=LSTMOBHJHSHGY5GKFFKPF5KMF&marketplace=FLIPKART&q=smart+phones&store=tyy%2F4io&srno=s_11_241&otracker=search&fm=organic&iid=92db6cc8-7711-4fee-847e-40357a3b24a8.MOBHJHSHGY5GKFFK.SEARCH&ppt=None&ppn=None&ssid=ahddyksn4w0000001785564836506&qH=a5594894156db043&ov_redirect=true,2026-08-01
242,"realme P4 Power 5G (TransOrange, 256 GB)",realme,30999,34999,11% off,4.4,"6,752",720,8 GB RAM,256 GB ROM,10001 mAh Battery,Dimensity 7400 Ultra Processor,17.27 cm (6.8 inch) Full HD+ AMOLED Display,,,https://www.flipkart.com/realme-p4-power-5g-transorange-256-gb/p/itm49784b322aad0?pid=MOBHJHSH2THUTPUU&lid=LSTMOBHJHSH2THUTPUUNWKMJD&marketplace=FLIPKART&q=smart+phones&store=tyy%2F4io&srno=s_11_242&otracker=search&fm=organic&iid=92db6cc8-7711-4fee-847e-40357a3b24a8.MOBHJHSH2THUTPUU.SEARCH&ppt=None&ppn=None&ssid=ahddyksn4w0000001785564836506&qH=a5594894156db043&ov_redirect=true,2026-08-01
243,"realme P4R 5G (Lavender Glare, 256 GB)",realme,24999,44999,44% off,4.4,"2,713",216,6 GB RAM,256 GB ROM,8000 mAh Lithium-ion polymer Battery,Dimensity 6300 Processor,17.27 cm (6.8 inch) HD+ Display,50MP Rear Camera | 8MP Front Camera,,https://www.flipkart.com/realme-p4r-5g-lavender-glare-256-gb/p/itmb42ae388c1ef6?pid=MOBHMYR3M5QYWBGD&lid=LSTMOBHMYR3M5QYWBGD8UMFRW&marketplace=FLIPKART&q=smart+phones&store=tyy%2F4io&srno=s_11_243&otracker=search&fm=organic&iid=92db6cc8-7711-4fee-847e-40357a3b24a8.MOBHMYR3M5QYWBGD.SEARCH&ppt=None&ppn=None&ssid=ahddyksn4w0000001785564836506&qH=a5594894156db043&ov_redirect=true,2026-08-01
244,"MOTOROLA Edge 70 Fusion Snapdragon (Pantone SILHOUETTE, 128 GB)",MOTOROLA,28999,49999,42% off,4.4,"14,185","1,576",8 GB RAM,128 GB ROM,7000 mAh Battery,Snapdragon 7s Gen 4 Processor,17.27 cm (6.8 inch) Super HD Display,50MP + 13MP | 32MP Front Camera,,https://www.flipkart.com/motorola-edge-70-fusion-snapdragon-pantone-silhouette-128-gb/p/itm2beea336a1e2f?pid=MOBHN973CQSNTNGF&lid=LSTMOBHN973CQSNTNGFEQEDF2&marketplace=FLIPKART&q=smart+phones&store=tyy%2F4io&srno=s_11_244&otracker=search&fm=organic&iid=92db6cc8-7711-4fee-847e-40357a3b24a8.MOBHN973CQSNTNGF.SEARCH&ppt=None&ppn=None&ssid=ahddyksn4w0000001785564836506&qH=a5594894156db043&ov_redirect=true,2026-08-01
245,"MOTOROLA Edge 60 Pro (Pantone Dazzling Blue, 512 GB)",MOTOROLA,37999,42999,11% off,4.4,"3,698",370,16 GB RAM,512 GB ROM,6000 mAh Battery,Dimensity 8350 Processor,17.02 cm (6.7 inch) Full HD+ Display,50MP + 50MP + 10MP | 50MP Front Camera,,https://www.flipkart.com/motorola-edge-60-pro-pantone-dazzling-blue-512-gb/p/itmdc36ec357d827?pid=MOBHC7EWSW79FZHG&lid=LSTMOBHC7EWSW79FZHGPQMKU0&marketplace=FLIPKART&q=smart+phones&store=tyy%2F4io&srno=s_11_245&otracker=search&fm=organic&iid=92db6cc8-7711-4fee-847e-40357a3b24a8.MOBHC7EWSW79FZHG.SEARCH&ppt=None&ppn=None&ssid=ahddyksn4w0000001785564836506&qH=a5594894156db043&ov_redirect=true,2026-08-01
246,"Apple iPhone 17 Pro (Deep Blue, 256 GB)",Apple,132900,134900,1% off,4.7,"3,848",275,,,,"A19 Chip, 6 Core Processor Processor",16.0 cm (6.3 inch) Super Retina XDR Display,48MP + 48MP + 48MP | 18MP Front Camera,,https://www.flipkart.com/apple-iphone-17-pro-deep-blue-256-gb/p/itm239d0b996d7f0?pid=MOBHFN6YV7GYZHSM&lid=LSTMOBHFN6YV7GYZHSMOB0WBP&marketplace=FLIPKART&q=smart+phones&store=tyy%2F4io&srno=s_11_246&otracker=search&fm=organic&iid=92db6cc8-7711-4fee-847e-40357a3b24a8.MOBHFN6YV7GYZHSM.SEARCH&ppt=None&ppn=None&ssid=ahddyksn4w0000001785564836506&qH=a5594894156db043&ov_redirect=true,2026-08-01
247,"MOTOROLA edge 70 pro (Tailored Fabric - PANTONE Titan (Blue), 256 GB)",MOTOROLA,39999,69999,42% off,4.4,395,54,8 GB RAM,256 GB ROM,6500 mAh Silicon-Carbon Battery,Dimensity 8500 Extreme Processor,17.27 cm (6.8 inch) Full HD+ Super AMOLED Display,50MP + 50MP | 50MP Front Camera,,https://www.flipkart.com/motorola-edge-70-pro-tailored-fabric-pantone-titan-blue-256-gb/p/itmabaee92c5d0da?pid=MOBHN973YGSQZH7U&lid=LSTMOBHN973YGSQZH7U8XEYJN&marketplace=FLIPKART&q=smart+phones&store=tyy%2F4io&srno=s_11_247&otracker=search&fm=organic&iid=92db6cc8-7711-4fee-847e-40357a3b24a8.MOBHN973YGSQZH7U.SEARCH&ppt=None&ppn=None&ssid=ahddyksn4w0000001785564836506&qH=a5594894156db043&ov_redirect=true,2026-08-01
248,"MOTOROLA Edge 60 Fusion 5G (PANTONE Slipstream, 256 GB)",MOTOROLA,27999,37999,26% off,4.4,"47,387","3,237",12 GB RAM,256 GB ROM,5500 mAh Battery,Dimensity 7400 Processor,16.94 cm (6.67 inch) Display,50MP + 13MP | 32MP Front Camera,,https://www.flipkart.com/motorola-edge-60-fusion-5g-pantone-slipstream-256-gb/p/itmd3151f89e7078?pid=MOBHN974NUGGH4FH&lid=LSTMOBHN974NUGGH4FH6IKZHQ&marketplace=FLIPKART&q=smart+phones&store=tyy%2F4io&srno=s_11_248&otracker=search&fm=organic&iid=92db6cc8-7711-4fee-847e-40357a3b24a8.MOBHN974NUGGH4FH.SEARCH&ppt=None&ppn=None&ssid=ahddyksn4w0000001785564836506&qH=a5594894156db043&ov_redirect=true,2026-08-01
249,"realme P4R 5G (Silver Glare, 128 GB)",realme,22999,39999,42% off,4.4,"2,713",216,6 GB RAM,128 GB ROM,8000 mAh Lithium-ion polymer Battery,Dimensity 6300 Processor,17.27 cm (6.8 inch) HD+ Display,50MP Rear Camera | 8MP Front Camera,,https://www.flipkart.com/realme-p4r-5g-silver-glare-128-gb/p/itmb42ae388c1ef6?pid=MOBHMYR3NMRPYBY4&lid=LSTMOBHMYR3NMRPYBY4VMMEPX&marketplace=FLIPKART&q=smart+phones&store=tyy%2F4io&srno=s_11_249&otracker=search&fm=organic&iid=92db6cc8-7711-4fee-847e-40357a3b24a8.MOBHMYR3NMRPYBY4.SEARCH&ppt=None&ppn=None&ssid=ahddyksn4w0000001785564836506&qH=a5594894156db043&ov_redirect=true,2026-08-01
250,"Samsung A36 5G (Dark Blue, 256 GB)",Samsung,32999,43999,25% off,4.3,125,17,8 GB RAM,256 GB ROM,5000 mAh Battery,Qualcomm Snapdragon 6 Gen 3 Processor,17.02 cm (6.7 inch) Full HD+ Display,50MP + 8MP | 12MP Front Camera,,https://www.flipkart.com/samsung-a36-5g-dark-blue-256-gb/p/itme993b087da33a?pid=MOBHNJ8FMV7RRDBA&lid=LSTMOBHNJ8FMV7RRDBADQLXG2&marketplace=FLIPKART&q=smart+phones&store=tyy%2F4io&srno=s_11_250&otracker=search&fm=organic&iid=92db6cc8-7711-4fee-847e-40357a3b24a8.MOBHNJ8FMV7RRDBA.SEARCH&ppt=None&ppn=None&ssid=ahddyksn4w0000001785564836506&qH=a5594894156db043&ov_redirect=true,2026-08-01
251,"MOTOROLA Edge 70 Fusion (Pantone BLUE SURF, 512 GB)",MOTOROLA,36999,64999,43% off,4.3,"3,336",363,12 GB RAM,512 GB ROM,7000 mAh Battery,Snapdragon 7s Gen 4 Processor,17.27 cm (6.8 inch) Super HD Display,50MP + 13MP | 32MP Front Camera,,https://www.flipkart.com/motorola-edge-70-fusion-pantone-blue-surf-512-gb/p/itm87b81fff91d44?pid=MOBHNSA6KGKFVSPF&lid=LSTMOBHNSA6KGKFVSPFPPKGGH&marketplace=FLIPKART&q=smart+phones&store=tyy%2F4io&srno=s_11_251&otracker=search&fm=organic&iid=92db6cc8-7711-4fee-847e-40357a3b24a8.MOBHNSA6KGKFVSPF.SEARCH&ppt=None&ppn=None&ssid=ahddyksn4w0000001785564836506&qH=a5594894156db043&ov_redirect=true,2026-08-01
252,"OnePlus Nord 6 (Fresh Mint, 256 GB)",OnePlus,50500,56999,11% off,4.6,164,16,12 GB RAM,256 GB ROM,9000 mAh Battery,4 octa-core processor Processor,17.22 cm (6.78 inch) Full HD+ Display,50MP Rear Camera,,https://www.flipkart.com/oneplus-nord-6-fresh-mint-256-gb/p/itmc49f71cdc4080?pid=MOBHMBWWXW6KTQB8&lid=LSTMOBHMBWWXW6KTQB8TQANPF&marketplace=FLIPKART&q=smart+phones&store=tyy%2F4io&srno=s_11_252&otracker=search&fm=organic&iid=92db6cc8-7711-4fee-847e-40357a3b24a8.MOBHMBWWXW6KTQB8.SEARCH&ppt=None&ppn=None&ssid=ahddyksn4w0000001785564836506&qH=a5594894156db043&ov_redirect=true,2026-08-01
253,"MOTOROLA Signature (PANTONE Martini Olive, 1 TB)",MOTOROLA,67499,84999,20% off,4.5,866,156,16 GB RAM,1 TB ROM,5200 mAh Battery,Snapdragon 8 Gen 5 Processor,17.27 cm (6.8 inch) Super HD Display,50MP + 50MP + 50MP | 50MP Front Camera,,https://www.flipkart.com/motorola-signature-pantone-martini-olive-1-tb/p/itm4806fc933fff8?pid=MOBHGVJYRCA9AUCG&lid=LSTMOBHGVJYRCA9AUCGY92BDO&marketplace=FLIPKART&q=smart+phones&store=tyy%2F4io&srno=s_11_253&otracker=search&fm=organic&iid=92db6cc8-7711-4fee-847e-40357a3b24a8.MOBHGVJYRCA9AUCG.SEARCH&ppt=None&ppn=None&ssid=ahddyksn4w0000001785564836506&qH=a5594894156db043&ov_redirect=true,2026-08-01
254,"vivo T5 Pro 5G (Glacier Blue, 128 GB)",vivo,35999,55999,35% off,4.5,"7,564",750,8 GB RAM,128 GB ROM,9020 mAh Battery,Snapdragon 7s Gen 4 Processor,17.35 cm (6.83 inch) Full HD+ AMOLED Display,50MP + 2MP | 32MP Front Camera,,https://www.flipkart.com/vivo-t5-pro-5g-glacier-blue-128-gb/p/itma21e2e09d4493?pid=MOBHM4FZVHBWFRHM&lid=LSTMOBHM4FZVHBWFRHMUM8WSE&marketplace=FLIPKART&q=smart+phones&store=tyy%2F4io&srno=s_11_254&otracker=search&fm=organic&iid=92db6cc8-7711-4fee-847e-40357a3b24a8.MOBHM4FZVHBWFRHM.SEARCH&ppt=None&ppn=None&ssid=ahddyksn4w0000001785564836506&qH=a5594894156db043&ov_redirect=true,2026-08-01
255,"realme GT 7T (IceSense Black, 512 GB)",realme,45999,46999,2% off,4.4,"3,335",453,12 GB RAM,512 GB ROM,7000 mAh Li-ion Battery,Dimensity 8400-MAX Processor,17.27 cm (6.8 inch) Full HD+ AMOLED Display,50MP + 8MP | 32MP Front Camera,,https://www.flipkart.com/realme-gt-7t-icesense-black-512-gb/p/itmda26d662ee28e?pid=MOBHFQ6DKXGTFCUT&lid=LSTMOBHFQ6DKXGTFCUTUQHNLM&marketplace=FLIPKART&q=smart+phones&store=tyy%2F4io&srno=s_11_255&otracker=search&fm=organic&iid=92db6cc8-7711-4fee-847e-40357a3b24a8.MOBHFQ6DKXGTFCUT.SEARCH&ppt=None&ppn=None&ssid=ahddyksn4w0000001785564836506&qH=a5594894156db043&ov_redirect=true,2026-08-01
256,"realme GT 7T (IceSense Blue, 512 GB)",realme,45999,46999,2% off,4.4,"3,335",453,12 GB RAM,512 GB ROM,7000 mAh Li-ion Battery,Dimensity 8400-MAX Processor,17.27 cm (6.8 inch) Full HD+ AMOLED Display,50MP + 8MP | 32MP Front Camera,,https://www.flipkart.com/realme-gt-7t-icesense-blue-512-gb/p/itmda26d662ee28e?pid=MOBHFQ6DYGHDAPPP&lid=LSTMOBHFQ6DYGHDAPPPUWWZWG&marketplace=FLIPKART&q=smart+phones&store=tyy%2F4io&srno=s_11_256&otracker=search&fm=organic&iid=92db6cc8-7711-4fee-847e-40357a3b24a8.MOBHFQ6DYGHDAPPP.SEARCH&ppt=None&ppn=None&ssid=ahddyksn4w0000001785564836506&qH=a5594894156db043&ov_redirect=true,2026-08-01
257,"OPPO K14x 5G (Icy Blue, 64 GB)",OPPO,16999,19999,15% off,4.3,"6,279",663,4 GB RAM,64 GB ROM,6500 mAh Battery,Dimensity 6300 Processor,17.14 cm (6.75 inch) HD+ Display,,,https://www.flipkart.com/oppo-k14x-5g-icy-blue-64-gb/p/itm188c7a4b69292?pid=MOBHKZF3YEJNPZHZ&lid=LSTMOBHKZF3YEJNPZHZKAKWY1&marketplace=FLIPKART&q=smart+phones&store=tyy%2F4io&srno=s_11_257&otracker=search&fm=organic&iid=92db6cc8-7711-4fee-847e-40357a3b24a8.MOBHKZF3YEJNPZHZ.SEARCH&ppt=None&ppn=None&ssid=ahddyksn4w0000001785564836506&qH=a5594894156db043&ov_redirect=true,2026-08-01
258,"Apple iPhone 17 Pro Max (Silver, 512 GB)",Apple,167900,169900,1% off,4.7,"1,863",178,,,,"A19 Chip, 6 Core Processor Processor",17.53 cm (6.9 inch) Super Retina XDR Display,48MP + 48MP + 48MP | 18MP Front Camera,,https://www.flipkart.com/apple-iphone-17-pro-max-silver-512-gb/p/itma57b8663dea65?pid=MOBHFN6YKEJCARGW&lid=LSTMOBHFN6YKEJCARGWMENWRU&marketplace=FLIPKART&q=smart+phones&store=tyy%2F4io&srno=s_11_258&otracker=search&fm=organic&iid=92db6cc8-7711-4fee-847e-40357a3b24a8.MOBHFN6YKEJCARGW.SEARCH&ppt=None&ppn=None&ssid=ahddyksn4w0000001785564836506&qH=a5594894156db043&ov_redirect=true,2026-08-01
259,UiSmart Ui-06,UiSmart,1832,1999,8% off,4,"3,787",333,512 MB RAM,256 MB ROM,1050 mAh Battery,Feature Phone Processor,4.5 cm (1.77 inch) QVGA Display,2MP + 0MP | 0MP Front Camera,,https://www.flipkart.com/uismart-ui-06/p/itm04ebdbb597d46?pid=MOBFY2YJEVZT4W98&lid=LSTMOBFY2YJEVZT4W98ZX1J5P&marketplace=FLIPKART&q=smart+phones&store=tyy%2F4io&srno=s_11_259&otracker=search&fm=organic&iid=92db6cc8-7711-4fee-847e-40357a3b24a8.MOBFY2YJEVZT4W98.SEARCH&ppt=None&ppn=None&ssid=ahddyksn4w0000001785564836506&qH=a5594894156db043&ov_redirect=true,2026-08-01
260,"OnePlus Nord 6 (Pitch Black, 256 GB)",OnePlus,44299,52999,16% off,4.5,"1,835",229,8 GB RAM,256 GB ROM,9000 mAh Battery,4 octa-core processor Processor,17.22 cm (6.78 inch) Full HD+ Display,50MP Rear Camera,,https://www.flipkart.com/oneplus-nord-6-pitch-black-256-gb/p/itmc49f71cdc4080?pid=MOBHMBWGFH9RHHUH&lid=LSTMOBHMBWGFH9RHHUHEML0RV&marketplace=FLIPKART&q=smart+phones&store=tyy%2F4io&srno=s_11_260&otracker=search&fm=organic&iid=92db6cc8-7711-4fee-847e-40357a3b24a8.MOBHMBWGFH9RHHUH.SEARCH&ppt=None&ppn=None&ssid=ahddyksn4w0000001785564836506&qH=a5594894156db043&ov_redirect=true,2026-08-01
261,"Samsung Galaxy A17 5G (Blue, 128 GB)",Samsung,22499,,,4.3,"1,824",171,8 GB RAM,128 GB ROM,5000 mAh Battery,Samsung Exynos 1330 Processor,17.02 cm (6.7 inch) Full HD+ Display,50MP + 5MP + 2MP | 13MP Front Camera,,https://www.flipkart.com/samsung-galaxy-a17-5g-blue-128-gb/p/itm9b0b7e6d52859?pid=MOBHGVECGVQWQVRH&lid=LSTMOBHGVECGVQWQVRHDI2YHZ&marketplace=FLIPKART&q=smart+phones&store=tyy%2F4io&srno=s_11_261&otracker=search&fm=organic&iid=92db6cc8-7711-4fee-847e-40357a3b24a8.MOBHGVECGVQWQVRH.SEARCH&ppt=None&ppn=None&ssid=ahddyksn4w0000001785564836506&qH=a5594894156db043&ov_redirect=true,2026-08-01
262,"Samsung Galaxy A17 5G (Blue, 128 GB)",Samsung,20999,,,4.3,"2,031",178,6 GB RAM,128 GB ROM,5000 mAh Battery,Samsung Exynos 1330 Processor,17.02 cm (6.7 inch) Full HD+ Display,50MP + 5MP + 2MP | 13MP Front Camera,,https://www.flipkart.com/samsung-galaxy-a17-5g-blue-128-gb/p/itm9b0b7e6d52859?pid=MOBHGVECMPZEVNMJ&lid=LSTMOBHGVECMPZEVNMJUFF10U&marketplace=FLIPKART&q=smart+phones&store=tyy%2F4io&srno=s_11_262&otracker=search&fm=organic&iid=92db6cc8-7711-4fee-847e-40357a3b24a8.MOBHGVECMPZEVNMJ.SEARCH&ppt=None&ppn=None&ssid=ahddyksn4w0000001785564836506&qH=a5594894156db043&ov_redirect=true,2026-08-01
263,"realme P4 Lite (Beach Gold, 128 GB)",realme,13999,,,4,"4,651",287,4 GB RAM,128 GB ROM,6300 mAh Battery,T7250 Processor,17.14 cm (6.75 inch) HD+ Display,13MP Rear Camera | 5MP Front Camera,,https://www.flipkart.com/realme-p4-lite-beach-gold-128-gb/p/itm534024e2339ef?pid=MOBHK685K37ZCSPU&lid=LSTMOBHK685K37ZCSPUMX2U0S&marketplace=FLIPKART&q=smart+phones&store=tyy%2F4io&srno=s_11_263&otracker=search&fm=organic&iid=92db6cc8-7711-4fee-847e-40357a3b24a8.MOBHK685K37ZCSPU.SEARCH&ppt=None&ppn=None&ssid=ahddyksn4w0000001785564836506&qH=a5594894156db043&ov_redirect=true,2026-08-01
264,"Samsung Galaxy A17 5G (Gray, 128 GB)",Samsung,22499,,,4.3,"1,824",171,8 GB RAM,128 GB ROM,5000 mAh Battery,Samsung Exynos 1330 Processor,17.02 cm (6.7 inch) Full HD+ Display,50MP + 5MP + 2MP | 13MP Front Camera,,https://www.flipkart.com/samsung-galaxy-a17-5g-gray-128-gb/p/itm9b0b7e6d52859?pid=MOBHGVECFYBX65X6&lid=LSTMOBHGVECFYBX65X6LS8HA4&marketplace=FLIPKART&q=smart+phones&store=tyy%2F4io&srno=s_11_264&otracker=search&fm=organic&iid=92db6cc8-7711-4fee-847e-40357a3b24a8.MOBHGVECFYBX65X6.SEARCH&ppt=None&ppn=None&ssid=ahddyksn4w0000001785564836506&qH=a5594894156db043&ov_redirect=true,2026-08-01
265,"realme C100x (Deepblue Tides, 64 GB)",realme,14999,29999,50% off,4,43,8,4 GB RAM,64 GB ROM,8000 mAh Battery,T7250 Processor,17.27 cm (6.8 inch) HD+ Display,50MP Rear Camera | 5MP Front Camera,,https://www.flipkart.com/realme-c100x-deepblue-tides-64-gb/p/itm488eb4026680c?pid=MOBHZMDT7BJCESTA&lid=LSTMOBHZMDT7BJCESTAV7AYK5&marketplace=FLIPKART&q=smart+phones&store=tyy%2F4io&srno=s_12_265&otracker=search&fm=organic&iid=ffc2127a-19a6-4523-bf30-9363679488dd.MOBHZMDT7BJCESTA.SEARCH&ppt=None&ppn=None&ssid=fkmzsljsxs0000001785564839775&qH=a5594894156db043&ov_redirect=true,2026-08-01
266,"POCO C85x (Elite Black, 64 GB)",POCO,13999,20999,33% off,4.1,"4,065",232,4 GB RAM,64 GB ROM,6300 mAh Lithium-Ion Polymer Battery,T8300 Processor,17.53 cm (6.9 inch) HD+ Display,32MP Rear Camera,,https://www.flipkart.com/poco-c85x-elite-black-64-gb/p/itm0f0a9684d1e33?pid=MOBHMGG5SMZEFPTQ&lid=LSTMOBHMGG5SMZEFPTQWBI5L3&marketplace=FLIPKART&q=smart+phones&store=tyy%2F4io&srno=s_12_266&otracker=search&fm=organic&iid=ffc2127a-19a6-4523-bf30-9363679488dd.MOBHMGG5SMZEFPTQ.SEARCH&ppt=None&ppn=None&ssid=fkmzsljsxs0000001785564839775&qH=a5594894156db043&ov_redirect=true,2026-08-01
267,"Ai+ Nova 2 Pro 5G (Blue, 128 GB)",Ai+,19999,22999,13% off,4,406,47,8 GB RAM,128 GB ROM,6000 mAh Li-polymer Battery,Dimensity 7100 Processor,17.53 cm (6.9 inch) Full HD+ Display,48MP Rear Camera | 13MP Front Camera,,https://www.flipkart.com/ai-nova-2-pro-5g-blue-128-gb/p/itmd1ea84fa8f73a?pid=MOBHZ8ZMRKCCRXEU&lid=LSTMOBHZ8ZMRKCCRXEUQOKXSE&marketplace=FLIPKART&q=smart+phones&store=tyy%2F4io&srno=s_12_267&otracker=search&fm=organic&iid=ffc2127a-19a6-4523-bf30-9363679488dd.MOBHZ8ZMRKCCRXEU.SEARCH&ppt=None&ppn=None&ssid=fkmzsljsxs0000001785564839775&qH=a5594894156db043&ov_redirect=true,2026-08-01
268,"realme Narzo 100 Lite 5G (Thunder Black, 64 GB)",realme,15644,24999,37% off,4.2,"1,011",49,4 GB RAM,64 GB ROM,7000 mAh Battery,,17.27 cm (6.8 inch) Display,13MP Rear Camera,,https://www.flipkart.com/realme-narzo-100-lite-5g-thunder-black-64-gb/p/itm659398bfe469c?pid=MOBHMZ3QKKTHQW7M&lid=LSTMOBHMZ3QKKTHQW7MULO60V&marketplace=FLIPKART&q=smart+phones&store=tyy%2F4io&srno=s_12_268&otracker=search&fm=organic&iid=ffc2127a-19a6-4523-bf30-9363679488dd.MOBHMZ3QKKTHQW7M.SEARCH&ppt=None&ppn=None&ssid=fkmzsljsxs0000001785564839775&qH=a5594894156db043&ov_redirect=true,2026-08-01
269,"realme GT 7T (Racing Yellow, 256 GB)",realme,42999,,,4.4,"3,335",453,12 GB RAM,256 GB ROM,7000 mAh Li-ion Battery,Dimensity 8400-MAX Processor,17.27 cm (6.8 inch) Full HD+ AMOLED Display,50MP + 8MP | 32MP Front Camera,,https://www.flipkart.com/realme-gt-7t-racing-yellow-256-gb/p/itmda26d662ee28e?pid=MOBHFQ6DSMZZDYZG&lid=LSTMOBHFQ6DSMZZDYZGJFCU50&marketplace=FLIPKART&q=smart+phones&store=tyy%2F4io&srno=s_12_269&otracker=search&fm=organic&iid=ffc2127a-19a6-4523-bf30-9363679488dd.MOBHFQ6DSMZZDYZG.SEARCH&ppt=None&ppn=None&ssid=fkmzsljsxs0000001785564839775&qH=a5594894156db043&ov_redirect=true,2026-08-01
270,"Samsung Galaxy M06 5G (Sage Green, 64 GB)",Samsung,13312,14999,11% off,4.1,"1,333",100,4 GB RAM,64 GB ROM,5000 mAh Battery,,17.02 cm (6.7 inch) Display,50MP Rear Camera,,https://www.flipkart.com/samsung-galaxy-m06-5g-sage-green-64-gb/p/itm0c7e356cd6ad6?pid=MOBHCTXH9NNZEUVH&lid=LSTMOBHCTXH9NNZEUVHLVTPM1&marketplace=FLIPKART&q=smart+phones&store=tyy%2F4io&srno=s_12_270&otracker=search&fm=organic&iid=ffc2127a-19a6-4523-bf30-9363679488dd.MOBHCTXH9NNZEUVH.SEARCH&ppt=None&ppn=None&ssid=fkmzsljsxs0000001785564839775&qH=a5594894156db043&ov_redirect=true,2026-08-01
271,"OnePlus Nord 6 (Quick Silver, 256 GB)",OnePlus,51939,56999,8% off,4.6,164,16,12 GB RAM,256 GB ROM,9000 mAh Battery,4 octa-core processor Processor,17.22 cm (6.78 inch) Full HD+ Display,50MP Rear Camera,,https://www.flipkart.com/oneplus-nord-6-quick-silver-256-gb/p/itmc49f71cdc4080?pid=MOBHMBXCPZNQ3YNC&lid=LSTMOBHMBXCPZNQ3YNC3GL3GJ&marketplace=FLIPKART&q=smart+phones&store=tyy%2F4io&srno=s_12_271&otracker=search&fm=organic&iid=ffc2127a-19a6-4523-bf30-9363679488dd.MOBHMBXCPZNQ3YNC.SEARCH&ppt=None&ppn=None&ssid=fkmzsljsxs0000001785564839775&qH=a5594894156db043&ov_redirect=true,2026-08-01
272,"Samsung Galaxy A36 5G (Awesome Black, 128 GB)",Samsung,28999,35999,19% off,4.3,"3,053",283,8 GB RAM,128 GB ROM,5000 mAh Battery,Qualcomm Snapdragon 6 Gen 3 Processor,17.02 cm (6.7 inch) Full HD+ Display,50MP + 8MP | 12MP Front Camera,,https://www.flipkart.com/samsung-galaxy-a36-5g-awesome-black-128-gb/p/itmcf7765e46c231?pid=MOBH9RNG8NGYKDEQ&lid=LSTMOBH9RNG8NGYKDEQWHIGJE&marketplace=FLIPKART&q=smart+phones&store=tyy%2F4io&srno=s_12_272&otracker=search&fm=organic&iid=ffc2127a-19a6-4523-bf30-9363679488dd.MOBH9RNG8NGYKDEQ.SEARCH&ppt=None&ppn=None&ssid=fkmzsljsxs0000001785564839775&qH=a5594894156db043&ov_redirect=true,2026-08-01
273,"MOTOROLA g37 power (PANTONE Nautical Blue, 128 GB)",MOTOROLA,19999,37999,47% off,4.1,660,58,8 GB RAM,128 GB ROM,7000 mAh Battery,Dimensity 6400 Processor,16.92 cm (6.66 inch) HD+ Display,50MP Rear Camera | 8MP Front Camera,,https://www.flipkart.com/motorola-g37-power-pantone-nautical-blue-128-gb/p/itm48ade38c32669?pid=MOBHMX5YNNYGMVWH&lid=LSTMOBHMX5YNNYGMVWHYBPQ6L&marketplace=FLIPKART&q=smart+phones&store=tyy%2F4io&srno=s_12_273&otracker=search&fm=organic&iid=ffc2127a-19a6-4523-bf30-9363679488dd.MOBHMX5YNNYGMVWH.SEARCH&ppt=None&ppn=None&ssid=fkmzsljsxs0000001785564839775&qH=a5594894156db043&ov_redirect=true,2026-08-01
274,"Ai+ Nova 2 Ultra 5G (Black, 128 GB)",Ai+,20999,25999,19% off,4.1,"1,963",270,6 GB RAM,128 GB ROM,6000 mAh Li-polymer Battery,Dimensity 7400 Processor,17.22 cm (6.78 inch) Full HD+ AMOLED Display,50MP + 8MP | 13MP Front Camera,,https://www.flipkart.com/ai-nova-2-ultra-5g-black-128-gb/p/itm41a37f63787e9?pid=MOBHHUFDFHBPJJEG&lid=LSTMOBHHUFDFHBPJJEGLLWRKD&marketplace=FLIPKART&q=smart+phones&store=tyy%2F4io&srno=s_12_274&otracker=search&fm=organic&iid=ffc2127a-19a6-4523-bf30-9363679488dd.MOBHHUFDFHBPJJEG.SEARCH&ppt=None&ppn=None&ssid=fkmzsljsxs0000001785564839775&qH=a5594894156db043&ov_redirect=true,2026-08-01
275,"Ai+ Nova 2 Ultra 5G (Black, 128 GB)",Ai+,22999,26999,14% off,4.1,"1,022",160,8 GB RAM,128 GB ROM,6000 mAh Li-polymer Battery,Dimensity 7400 Processor,17.22 cm (6.78 inch) Full HD+ AMOLED Display,50MP + 8MP | 13MP Front Camera,,https://www.flipkart.com/ai-nova-2-ultra-5g-black-128-gb/p/itmb9931e4571d70?pid=MOBHHUFDPSYQMHXU&lid=LSTMOBHHUFDPSYQMHXUZYHMZS&marketplace=FLIPKART&q=smart+phones&store=tyy%2F4io&srno=s_12_275&otracker=search&fm=organic&iid=ffc2127a-19a6-4523-bf30-9363679488dd.MOBHHUFDPSYQMHXU.SEARCH&ppt=None&ppn=None&ssid=fkmzsljsxs0000001785564839775&qH=a5594894156db043&ov_redirect=true,2026-08-01
276,"OnePlus Nord 6 (Pitch Black, 256 GB)",OnePlus,51795,56999,9% off,4.6,164,16,12 GB RAM,256 GB ROM,9000 mAh Battery,4 octa-core processor Processor,17.22 cm (6.78 inch) Full HD+ Display,50MP Rear Camera,,https://www.flipkart.com/oneplus-nord-6-pitch-black-256-gb/p/itmc49f71cdc4080?pid=MOBHMBXBMGCDHP55&lid=LSTMOBHMBXBMGCDHP55ZRNDBG&marketplace=FLIPKART&q=smart+phones&store=tyy%2F4io&srno=s_12_276&otracker=search&fm=organic&iid=ffc2127a-19a6-4523-bf30-9363679488dd.MOBHMBXBMGCDHP55.SEARCH&ppt=None&ppn=None&ssid=fkmzsljsxs0000001785564839775&qH=a5594894156db043&ov_redirect=true,2026-08-01
277,"Ai+ Nova 2 5G (Green, 128 GB)",Ai+,14999,,,4.2,"4,110",268,6 GB RAM,128 GB ROM,6000 mAh Battery,T8200 Processor,17.13 cm (6.745 inch) HD+ Display,50MP Rear Camera | 8MP Front Camera,,https://www.flipkart.com/ai-nova-2-5g-green-128-gb/p/itma2d4c7aa835c6?pid=MOBHKHPYZD3YHFTW&lid=LSTMOBHKHPYZD3YHFTWUC7RUJ&marketplace=FLIPKART&q=smart+phones&store=tyy%2F4io&srno=s_12_277&otracker=search&fm=organic&iid=ffc2127a-19a6-4523-bf30-9363679488dd.MOBHKHPYZD3YHFTW.SEARCH&ppt=None&ppn=None&ssid=fkmzsljsxs0000001785564839775&qH=a5594894156db043&ov_redirect=true,2026-08-01
278,"realme Gt 7 (Icesense Black, 512 GB)",realme,46999,52999,11% off,4.5,"1,139",134,12 GB RAM,512 GB ROM,7000 mAh Battery,Dimensity Processor,17.22 cm (6.78 inch) Full HD+ AMOLED Display,50MP + 50MP + 50MP + 8MP | 32MP + 32MP Dual Front Camera,,https://www.flipkart.com/realme-gt-7-icesense-black-512-gb/p/itm6cc8f84d92e2f?pid=MOBHCZYZJ756E2YU&lid=LSTMOBHCZYZJ756E2YUZRPIYC&marketplace=FLIPKART&q=smart+phones&store=tyy%2F4io&srno=s_12_278&otracker=search&fm=organic&iid=ffc2127a-19a6-4523-bf30-9363679488dd.MOBHCZYZJ756E2YU.SEARCH&ppt=None&ppn=None&ssid=fkmzsljsxs0000001785564839775&qH=a5594894156db043&ov_redirect=true,2026-08-01
279,"realme GT 7T (IceSense Black, 256 GB)",realme,34999,39999,12% off,4.3,"2,390",301,8 GB RAM,256 GB ROM,7000 mAh Li-ion Battery,Dimensity 8400-MAX Processor,17.27 cm (6.8 inch) Full HD+ AMOLED Display,50MP + 8MP | 32MP Front Camera,,https://www.flipkart.com/realme-gt-7t-icesense-black-256-gb/p/itmda26d662ee28e?pid=MOBHFQ6DBXMKFMHG&lid=LSTMOBHFQ6DBXMKFMHGQY8PMS&marketplace=FLIPKART&q=smart+phones&store=tyy%2F4io&srno=s_12_279&otracker=search&fm=organic&iid=ffc2127a-19a6-4523-bf30-9363679488dd.MOBHFQ6DBXMKFMHG.SEARCH&ppt=None&ppn=None&ssid=fkmzsljsxs0000001785564839775&qH=a5594894156db043&ov_redirect=true,2026-08-01
280,"vivo T5x 5G (Fusion Red, 128 GB)",vivo,27999,30999,9% off,4.4,"19,154","1,418",8 GB RAM,128 GB ROM,7200 mAh Li-ion Battery,Dimensity 7400-Turbo Processor,17.17 cm (6.76 inch) Display,50MP + 2MP | 32MP Front Camera,,https://www.flipkart.com/vivo-t5x-5g-fusion-red-128-gb/p/itm7da8aa253e72b?pid=MOBHPGHCZVCYZUP7&lid=LSTMOBHPGHCZVCYZUP7VAIWGY&marketplace=FLIPKART&q=smart+phones&store=tyy%2F4io&srno=s_12_280&otracker=search&fm=organic&iid=ffc2127a-19a6-4523-bf30-9363679488dd.MOBHPGHCZVCYZUP7.SEARCH&ppt=None&ppn=None&ssid=fkmzsljsxs0000001785564839775&qH=a5594894156db043&ov_redirect=true,2026-08-01
281,"vivo T5x 5G (Fusion Red, 128 GB)",vivo,24999,28999,13% off,4.4,"15,891","1,043",6 GB RAM,128 GB ROM,7200 mAh Li-ion Battery,Dimensity 7400-Turbo Processor,17.17 cm (6.76 inch) Display,50MP + 2MP | 32MP Front Camera,,https://www.flipkart.com/vivo-t5x-5g-fusion-red-128-gb/p/itm7da8aa253e72b?pid=MOBHPGHCZ9HCTCHK&lid=LSTMOBHPGHCZ9HCTCHKPPZYM6&marketplace=FLIPKART&q=smart+phones&store=tyy%2F4io&srno=s_12_281&otracker=search&fm=organic&iid=ffc2127a-19a6-4523-bf30-9363679488dd.MOBHPGHCZ9HCTCHK.SEARCH&ppt=None&ppn=None&ssid=fkmzsljsxs0000001785564839775&qH=a5594894156db043&ov_redirect=true,2026-08-01
282,"vivo T5x 5G (Fusion Red, 256 GB)",vivo,30999,33999,8% off,4.4,"19,154","1,418",8 GB RAM,256 GB ROM,7200 mAh Li-ion Battery,Dimensity 7400-Turbo Processor,17.17 cm (6.76 inch) Display,50MP + 2MP | 32MP Front Camera,,https://www.flipkart.com/vivo-t5x-5g-fusion-red-256-gb/p/itm7da8aa253e72b?pid=MOBHPJHC9CYXWCGF&lid=LSTMOBHPJHC9CYXWCGFMYXJJA&marketplace=FLIPKART&q=smart+phones&store=tyy%2F4io&srno=s_12_282&otracker=search&fm=organic&iid=ffc2127a-19a6-4523-bf30-9363679488dd.MOBHPJHC9CYXWCGF.SEARCH&ppt=None&ppn=None&ssid=fkmzsljsxs0000001785564839775&qH=a5594894156db043&ov_redirect=true,2026-08-01
283,"OnePlus Nord CE6 Lite (Hyper Black, 256 GB)",OnePlus,33496,36999,9% off,4.3,461,26,8 GB RAM,256 GB ROM,7000 mAh Battery,MediaTek Dimensity 7400 Apex Processor,17.07 cm (6.72 inch) Full HD+ Display,50MP Rear Camera | 8MP Front Camera,,https://www.flipkart.com/oneplus-nord-ce6-lite-hyper-black-256-gb/p/itm894a5599b758b?pid=MOBHN8CPMYHDEBRA&lid=LSTMOBHN8CPMYHDEBRA9XROMM&marketplace=FLIPKART&q=smart+phones&store=tyy%2F4io&srno=s_12_283&otracker=search&fm=organic&iid=ffc2127a-19a6-4523-bf30-9363679488dd.MOBHN8CPMYHDEBRA.SEARCH&ppt=None&ppn=None&ssid=fkmzsljsxs0000001785564839775&qH=a5594894156db043&ov_redirect=true,2026-08-01
284,"Nothing Phone (4b) (Blue, 128 GB)",Nothing,34999,54999,36% off,4.4,498,47,8 GB RAM,128 GB ROM,6000 mAh Lithium ion Battery,6 Gen 4 Processor,17.2 cm (6.77 inch) Full HD+ AMOLED Display,50MP + 8MP | 16MP Front Camera,,https://www.flipkart.com/nothing-phone-4b-blue-128-gb/p/itm939608b40adbb?pid=MOBHZMBD9WNP9HHB&lid=LSTMOBHZMBD9WNP9HHBUJTCGV&marketplace=FLIPKART&q=smart+phones&store=tyy%2F4io&srno=s_12_284&otracker=search&fm=organic&iid=ffc2127a-19a6-4523-bf30-9363679488dd.MOBHZMBD9WNP9HHB.SEARCH&ppt=None&ppn=None&ssid=fkmzsljsxs0000001785564839775&qH=a5594894156db043&ov_redirect=true,2026-08-01
285,"realme Gt 7 (Icesense Black, 256 GB)",realme,42999,48999,12% off,4.5,"1,139",134,12 GB RAM,256 GB ROM,7000 mAh Battery,Dimensity Processor,17.22 cm (6.78 inch) Full HD+ AMOLED Display,50MP + 50MP + 50MP + 8MP | 32MP + 32MP Dual Front Camera,,https://www.flipkart.com/realme-gt-7-icesense-black-256-gb/p/itm6cc8f84d92e2f?pid=MOBHCZYZJZ9VYSQ2&lid=LSTMOBHCZYZJZ9VYSQ2C23L9G&marketplace=FLIPKART&q=smart+phones&store=tyy%2F4io&srno=s_12_285&otracker=search&fm=organic&iid=ffc2127a-19a6-4523-bf30-9363679488dd.MOBHCZYZJZ9VYSQ2.SEARCH&ppt=None&ppn=None&ssid=fkmzsljsxs0000001785564839775&qH=a5594894156db043&ov_redirect=true,2026-08-01
286,"MOTOROLA Signature (PANTONE Martini Olive, 256 GB)",MOTOROLA,57499,74999,23% off,4.5,620,111,12 GB RAM,256 GB ROM,5200 mAh Battery,Snapdragon 8 Gen 5 Processor,17.27 cm (6.8 inch) Super HD Display,50MP + 50MP + 50MP | 50MP Front Camera,,https://www.flipkart.com/motorola-signature-pantone-martini-olive-256-gb/p/itm945fffeb4a94c?pid=MOBHGVJYTCM8BZQF&lid=LSTMOBHGVJYTCM8BZQFUX35PO&marketplace=FLIPKART&q=smart+phones&store=tyy%2F4io&srno=s_12_286&otracker=search&fm=organic&iid=ffc2127a-19a6-4523-bf30-9363679488dd.MOBHGVJYTCM8BZQF.SEARCH&ppt=None&ppn=None&ssid=fkmzsljsxs0000001785564839775&qH=a5594894156db043&ov_redirect=true,2026-08-01
287,"REDMI 15C 5G (Dusk Purple, 128 GB)",REDMI,19549,21999,11% off,4.2,449,25,6 GB RAM,128 GB ROM,6000 mAh Battery,,17.53 cm (6.9 inch) Display,50MP Rear Camera,,https://www.flipkart.com/redmi-15c-5g-dusk-purple-128-gb/p/itmc1345bb45eef3?pid=MOBHGGZ25C5SGQGE&lid=LSTMOBHGGZ25C5SGQGEEJNLDS&marketplace=FLIPKART&q=smart+phones&store=tyy%2F4io&srno=s_12_287&otracker=search&fm=organic&iid=ffc2127a-19a6-4523-bf30-9363679488dd.MOBHGGZ25C5SGQGE.SEARCH&ppt=None&ppn=None&ssid=fkmzsljsxs0000001785564839775&qH=a5594894156db043&ov_redirect=true,2026-08-01
288,"Samsung Galaxy S25 Ultra 5G (Titanium Silverblue, 512 GB)",Samsung,139999,141999,1% off,4.6,"3,422",371,12 GB RAM,512 GB ROM,5000 mAh Battery,8 Elite for Galaxy Processor,17.53 cm (6.9 inch) Quad HD+ Display,200MP + 50MP + 50MP + 10MP | 12MP Front Camera,,https://www.flipkart.com/samsung-galaxy-s25-ultra-5g-titanium-silverblue-512-gb/p/itm2ce28bbf75993?pid=MOBH8K8UVQCSQE3Z&lid=LSTMOBH8K8UVQCSQE3Z5XVS59&marketplace=FLIPKART&q=smart+phones&store=tyy%2F4io&srno=s_12_288&otracker=search&fm=organic&iid=ffc2127a-19a6-4523-bf30-9363679488dd.MOBH8K8UVQCSQE3Z.SEARCH&ppt=None&ppn=None&ssid=fkmzsljsxs0000001785564839775&qH=a5594894156db043&ov_redirect=true,2026-08-01
289,"Apple iPhone 16 Plus (White, 128 GB)",Apple,79900,,,4.6,"4,203",284,,,,"A18 Chip, 6 Core Processor Processor",17.02 cm (6.7 inch) Super Retina XDR Display,48MP + 12MP | 12MP Front Camera,,https://www.flipkart.com/apple-iphone-16-plus-white-128-gb/p/itm0635ebbf8c665?pid=MOBH4DQF3AJNKARR&lid=LSTMOBH4DQF3AJNKARRT235WT&marketplace=FLIPKART&q=smart+phones&store=tyy%2F4io&srno=s_13_289&otracker=search&fm=organic&iid=94ffdb6a-2d54-4f41-b4bb-4a15a769ee8d.MOBH4DQF3AJNKARR.SEARCH&ppt=None&ppn=None&ssid=rfvpmtb7xc0000001785564842875&qH=a5594894156db043&ov_redirect=true,2026-08-01
290,"realme Gt 7 (Icesense Black, 256 GB)",realme,39999,45999,13% off,4.4,"1,127",177,8 GB RAM,256 GB ROM,7000 mAh Battery,Dimensity Processor,17.22 cm (6.78 inch) Full HD+ AMOLED Display,50MP + 50MP + 50MP + 8MP | 32MP + 32MP Dual Front Camera,,https://www.flipkart.com/realme-gt-7-icesense-black-256-gb/p/itm6cc8f84d92e2f?pid=MOBHCZYNY6PCGGHS&lid=LSTMOBHCZYNY6PCGGHSWDWFFS&marketplace=FLIPKART&q=smart+phones&store=tyy%2F4io&srno=s_13_290&otracker=search&fm=organic&iid=94ffdb6a-2d54-4f41-b4bb-4a15a769ee8d.MOBHCZYNY6PCGGHS.SEARCH&ppt=None&ppn=None&ssid=rfvpmtb7xc0000001785564842875&qH=a5594894156db043&ov_redirect=true,2026-08-01
291,"Samsung Galaxy A06 5G (Black, 64 GB)",Samsung,14499,15999,9% off,4.1,"4,343",314,4 GB RAM,64 GB ROM,5000 mAh Li-ion Battery,Dimensity 6300 Processor,17.02 cm (6.7 inch) HD+ Display,50MP + 2MP | 8MP Front Camera,,https://www.flipkart.com/samsung-galaxy-a06-5g-black-64-gb/p/itm68a03d686c7c4?pid=MOBH9GQKTSEJGNCA&lid=LSTMOBH9GQKTSEJGNCA736JZE&marketplace=FLIPKART&q=smart+phones&store=tyy%2F4io&srno=s_13_291&otracker=search&fm=organic&iid=94ffdb6a-2d54-4f41-b4bb-4a15a769ee8d.MOBH9GQKTSEJGNCA.SEARCH&ppt=None&ppn=None&ssid=rfvpmtb7xc0000001785564842875&qH=a5594894156db043&ov_redirect=true,2026-08-01
292,"MOTOROLA edge 70 pro (Satin-Luxe PANTONE Tea (Green), 256 GB)",MOTOROLA,39999,69999,42% off,4.4,395,54,8 GB RAM,256 GB ROM,6500 mAh Silicon-Carbon Battery,Dimensity 8500 Extreme Processor,17.27 cm (6.8 inch) Full HD+ Super AMOLED Display,50MP + 50MP | 50MP Front Camera,,https://www.flipkart.com/motorola-edge-70-pro-satin-luxe-pantone-tea-green-256-gb/p/itmad36b25ee48bf?pid=MOBHN9734ZPCKBAC&lid=LSTMOBHN9734ZPCKBACJUQ4X8&marketplace=FLIPKART&q=smart+phones&store=tyy%2F4io&srno=s_13_292&otracker=search&fm=organic&iid=94ffdb6a-2d54-4f41-b4bb-4a15a769ee8d.MOBHN9734ZPCKBAC.SEARCH&ppt=None&ppn=None&ssid=rfvpmtb7xc0000001785564842875&qH=a5594894156db043&ov_redirect=true,2026-08-01
293,"Nothing Phone (4b) (Blue, 256 GB)",Nothing,38999,59999,35% off,4.4,498,47,8 GB RAM,256 GB ROM,6000 mAh Lithium ion Battery,6 Gen 4 Processor,17.2 cm (6.77 inch) Full HD+ AMOLED Display,50MP + 8MP | 16MP Front Camera,,https://www.flipkart.com/nothing-phone-4b-blue-256-gb/p/itm939608b40adbb?pid=MOBHZMBDHJGVM8N5&lid=LSTMOBHZMBDHJGVM8N5TDJER1&marketplace=FLIPKART&q=smart+phones&store=tyy%2F4io&srno=s_13_293&otracker=search&fm=organic&iid=94ffdb6a-2d54-4f41-b4bb-4a15a769ee8d.MOBHZMBDHJGVM8N5.SEARCH&ppt=None&ppn=None&ssid=rfvpmtb7xc0000001785564842875&qH=a5594894156db043&ov_redirect=true,2026-08-01
294,"Nothing Phone (4b) (Black, 128 GB)",Nothing,34999,54999,36% off,4.4,498,47,8 GB RAM,128 GB ROM,6000 mAh Lithium ion Battery,6 Gen 4 Processor,17.2 cm (6.77 inch) Full HD+ AMOLED Display,50MP + 8MP | 16MP Front Camera,,https://www.flipkart.com/nothing-phone-4b-black-128-gb/p/itm939608b40adbb?pid=MOBHZMBDHVTPQTWY&lid=LSTMOBHZMBDHVTPQTWYRX0DCB&marketplace=FLIPKART&q=smart+phones&store=tyy%2F4io&srno=s_13_294&otracker=search&fm=organic&iid=94ffdb6a-2d54-4f41-b4bb-4a15a769ee8d.MOBHZMBDHVTPQTWY.SEARCH&ppt=None&ppn=None&ssid=rfvpmtb7xc0000001785564842875&qH=a5594894156db043&ov_redirect=true,2026-08-01
295,"Nothing Phone (4a) (White, 128 GB)",Nothing,42999,59999,28% off,4.5,"5,783",638,8 GB RAM,128 GB ROM,5400 mAh Lithium ion Battery,Snapdragon 7s Gen 4 Processor,17.22 cm (6.78 inch) Full HD+ AMOLED Display,50MP + 50MP + 8MP | 32MP Front Camera,,https://www.flipkart.com/nothing-phone-4a-white-128-gb/p/itm4d8bff10483ce?pid=MOBHZAWYUQDFFTRB&lid=LSTMOBHZAWYUQDFFTRBUQTFBY&marketplace=FLIPKART&q=smart+phones&store=tyy%2F4io&srno=s_13_295&otracker=search&fm=organic&iid=94ffdb6a-2d54-4f41-b4bb-4a15a769ee8d.MOBHZAWYUQDFFTRB.SEARCH&ppt=None&ppn=None&ssid=rfvpmtb7xc0000001785564842875&qH=a5594894156db043&ov_redirect=true,2026-08-01
296,"Nothing Phone (4b) (White, 256 GB)",Nothing,38999,59999,35% off,4.4,498,47,8 GB RAM,256 GB ROM,6000 mAh Lithium ion Battery,6 Gen 4 Processor,17.2 cm (6.77 inch) Full HD+ AMOLED Display,50MP + 8MP | 16MP Front Camera,,https://www.flipkart.com/nothing-phone-4b-white-256-gb/p/itm939608b40adbb?pid=MOBHZMBD5MZZDUYA&lid=LSTMOBHZMBD5MZZDUYAIWDKYR&marketplace=FLIPKART&q=smart+phones&store=tyy%2F4io&srno=s_13_296&otracker=search&fm=organic&iid=94ffdb6a-2d54-4f41-b4bb-4a15a769ee8d.MOBHZMBD5MZZDUYA.SEARCH&ppt=None&ppn=None&ssid=rfvpmtb7xc0000001785564842875&qH=a5594894156db043&ov_redirect=true,2026-08-01
297,"Nothing Phone (4b) (Black, 256 GB)",Nothing,38999,59999,35% off,4.4,498,47,8 GB RAM,256 GB ROM,6000 mAh Lithium ion Battery,6 Gen 4 Processor,17.2 cm (6.77 inch) Full HD+ AMOLED Display,50MP + 8MP | 16MP Front Camera,,https://www.flipkart.com/nothing-phone-4b-black-256-gb/p/itm939608b40adbb?pid=MOBHZMBDNBKCHZ7B&lid=LSTMOBHZMBDNBKCHZ7BHVWLPF&marketplace=FLIPKART&q=smart+phones&store=tyy%2F4io&srno=s_13_297&otracker=search&fm=organic&iid=94ffdb6a-2d54-4f41-b4bb-4a15a769ee8d.MOBHZMBDNBKCHZ7B.SEARCH&ppt=None&ppn=None&ssid=rfvpmtb7xc0000001785564842875&qH=a5594894156db043&ov_redirect=true,2026-08-01
298,"vivo T4 5G (Emerald Blaze, 128 GB)",vivo,24999,25999,3% off,4.4,"81,473","5,190",8 GB RAM,128 GB ROM,7300 mAh Battery,Snapdragon 7s Gen 3 5G Processor,17.2 cm (6.77 inch) Display,50MP (OIS) + 2MP | 32MP Front Camera,5G,https://www.flipkart.com/vivo-t4-5g-emerald-blaze-128-gb/p/itmc2634fd4daeb9?pid=MOBHATXZYSHYH6ZP&lid=LSTMOBHATXZYSHYH6ZPRDXNR0&marketplace=FLIPKART&q=smart+phones&store=tyy%2F4io&srno=s_13_298&otracker=search&fm=organic&iid=94ffdb6a-2d54-4f41-b4bb-4a15a769ee8d.MOBHATXZYSHYH6ZP.SEARCH&ppt=None&ppn=None&ssid=rfvpmtb7xc0000001785564842875&qH=a5594894156db043&ov_redirect=true,2026-08-01
299,"REDMI 15C 5G (Moonlight Blue, 128 GB)",REDMI,20400,24999,18% off,4.3,374,35,8 GB RAM,128 GB ROM,6000 mAh Battery,,17.53 cm (6.9 inch) Display,50MP Rear Camera,,https://www.flipkart.com/redmi-15c-5g-moonlight-blue-128-gb/p/itmc1345bb45eef3?pid=MOBHGGZ2RRCJFAGZ&lid=LSTMOBHGGZ2RRCJFAGZFXPANW&marketplace=FLIPKART&q=smart+phones&store=tyy%2F4io&srno=s_13_299&otracker=search&fm=organic&iid=94ffdb6a-2d54-4f41-b4bb-4a15a769ee8d.MOBHGGZ2RRCJFAGZ.SEARCH&ppt=None&ppn=None&ssid=rfvpmtb7xc0000001785564842875&qH=a5594894156db043&ov_redirect=true,2026-08-01
300,"REDMI 15C 5G (Moonlight Blue, 128 GB)",REDMI,19000,21999,13% off,4.2,449,25,6 GB RAM,128 GB ROM,6000 mAh Battery,,17.53 cm (6.9 inch) Display,50MP Rear Camera,,https://www.flipkart.com/redmi-15c-5g-moonlight-blue-128-gb/p/itmc1345bb45eef3?pid=MOBHGGZ2YRHVYEGS&lid=LSTMOBHGGZ2YRHVYEGSYHSRJB&marketplace=FLIPKART&q=smart+phones&store=tyy%2F4io&srno=s_13_300&otracker=search&fm=organic&iid=94ffdb6a-2d54-4f41-b4bb-4a15a769ee8d.MOBHGGZ2YRHVYEGS.SEARCH&ppt=None&ppn=None&ssid=rfvpmtb7xc0000001785564842875&qH=a5594894156db043&ov_redirect=true,2026-08-01
301,"REDMI 15C 5G (Midnight Black, 128 GB)",REDMI,18518,31999,42% off,4.2,449,25,6 GB RAM,128 GB ROM,6000 mAh Battery,,17.53 cm (6.9 inch) Display,50MP Rear Camera,,https://www.flipkart.com/redmi-15c-5g-midnight-black-128-gb/p/itmc1345bb45eef3?pid=MOBHGGZ2DYFHQM6T&lid=LSTMOBHGGZ2DYFHQM6TXRC2FG&marketplace=FLIPKART&q=smart+phones&store=tyy%2F4io&srno=s_13_301&otracker=search&fm=organic&iid=94ffdb6a-2d54-4f41-b4bb-4a15a769ee8d.MOBHGGZ2DYFHQM6T.SEARCH&ppt=None&ppn=None&ssid=rfvpmtb7xc0000001785564842875&qH=a5594894156db043&ov_redirect=true,2026-08-01
302,"REDMI 15C 5G (Midnight Black, 128 GB)",REDMI,20988,33999,38% off,4.3,374,35,8 GB RAM,128 GB ROM,6000 mAh Battery,,17.53 cm (6.9 inch) Display,50MP Rear Camera,,https://www.flipkart.com/redmi-15c-5g-midnight-black-128-gb/p/itmc1345bb45eef3?pid=MOBHGGZ228KHHPQC&lid=LSTMOBHGGZ228KHHPQCVTLY14&marketplace=FLIPKART&q=smart+phones&store=tyy%2F4io&srno=s_13_302&otracker=search&fm=organic&iid=94ffdb6a-2d54-4f41-b4bb-4a15a769ee8d.MOBHGGZ228KHHPQC.SEARCH&ppt=None&ppn=None&ssid=rfvpmtb7xc0000001785564842875&qH=a5594894156db043&ov_redirect=true,2026-08-01
303,"realme Narzo 100 Lite 5G (Thunder Black, 128 GB)",realme,19786,31999,38% off,4.2,89,5,6 GB RAM,128 GB ROM,7000 mAh Battery,,17.27 cm (6.8 inch) Display,13MP Rear Camera,,https://www.flipkart.com/realme-narzo-100-lite-5g-thunder-black-128-gb/p/itm659398bfe469c?pid=MOBHMZ3TERMJ7F2Z&lid=LSTMOBHMZ3TERMJ7F2ZOYFZXC&marketplace=FLIPKART&q=smart+phones&store=tyy%2F4io&srno=s_13_303&otracker=search&fm=organic&iid=94ffdb6a-2d54-4f41-b4bb-4a15a769ee8d.MOBHMZ3TERMJ7F2Z.SEARCH&ppt=None&ppn=None&ssid=rfvpmtb7xc0000001785564842875&qH=a5594894156db043&ov_redirect=true,2026-08-01
304,"Nothing Phone (4b) (White, 128 GB)",Nothing,34999,54999,36% off,4.4,498,47,8 GB RAM,128 GB ROM,6000 mAh Lithium ion Battery,6 Gen 4 Processor,17.2 cm (6.77 inch) Full HD+ AMOLED Display,50MP + 8MP | 16MP Front Camera,,https://www.flipkart.com/nothing-phone-4b-white-128-gb/p/itm939608b40adbb?pid=MOBHZMBDSF3JAFTF&lid=LSTMOBHZMBDSF3JAFTF4PZFBR&marketplace=FLIPKART&q=smart+phones&store=tyy%2F4io&srno=s_13_304&otracker=search&fm=organic&iid=94ffdb6a-2d54-4f41-b4bb-4a15a769ee8d.MOBHZMBDSF3JAFTF.SEARCH&ppt=None&ppn=None&ssid=rfvpmtb7xc0000001785564842875&qH=a5594894156db043&ov_redirect=true,2026-08-01
305,"Apple iPhone 16 Plus (Black, 256 GB)",Apple,89900,,,4.6,"4,203",284,,,,"A18 Chip, 6 Core Processor Processor",17.02 cm (6.7 inch) Super Retina XDR Display,48MP + 12MP | 12MP Front Camera,,https://www.flipkart.com/apple-iphone-16-plus-black-256-gb/p/itma302a45837ec4?pid=MOBH4DQF7JGHH7QZ&lid=LSTMOBH4DQF7JGHH7QZXSCWPV&marketplace=FLIPKART&q=smart+phones&store=tyy%2F4io&srno=s_13_305&otracker=search&fm=organic&iid=94ffdb6a-2d54-4f41-b4bb-4a15a769ee8d.MOBH4DQF7JGHH7QZ.SEARCH&ppt=None&ppn=None&ssid=rfvpmtb7xc0000001785564842875&qH=a5594894156db043&ov_redirect=true,2026-08-01
306,"Ai+ Nova 2 Pro 5G (Green, 128 GB)",Ai+,19999,22999,13% off,4,406,47,8 GB RAM,128 GB ROM,6000 mAh Li-polymer Battery,Dimensity 7100 Processor,17.53 cm (6.9 inch) Full HD+ Display,48MP Rear Camera | 13MP Front Camera,,https://www.flipkart.com/ai-nova-2-pro-5g-green-128-gb/p/itm0f17f22a021f7?pid=MOBHZ8ZMF5EZCTBR&lid=LSTMOBHZ8ZMF5EZCTBR0IZWIH&marketplace=FLIPKART&q=smart+phones&store=tyy%2F4io&srno=s_13_306&otracker=search&fm=organic&iid=94ffdb6a-2d54-4f41-b4bb-4a15a769ee8d.MOBHZ8ZMF5EZCTBR.SEARCH&ppt=None&ppn=None&ssid=rfvpmtb7xc0000001785564842875&qH=a5594894156db043&ov_redirect=true,2026-08-01
307,"POCO M7 5G (Satin Black, 128 GB)",POCO,12499,12999,3% off,4.1,"77,510","4,314",6 GB RAM,128 GB ROM,5160 mAh Battery,4 Gen 2 5G Processor,17.48 cm (6.88 inch) HD+ Display,50MP Rear Camera | 8MP Front Camera,5G,https://www.flipkart.com/poco-m7-5g-satin-black-128-gb/p/itmf030852464eef?pid=MOBH9HFJYHYGC9DB&lid=LSTMOBH9HFJYHYGC9DBQY6QGG&marketplace=FLIPKART&q=smart+phones&store=tyy%2F4io&srno=s_13_307&otracker=search&fm=organic&iid=94ffdb6a-2d54-4f41-b4bb-4a15a769ee8d.MOBH9HFJYHYGC9DB.SEARCH&ppt=None&ppn=None&ssid=rfvpmtb7xc0000001785564842875&qH=a5594894156db043&ov_redirect=true,2026-08-01
308,"Ai+ Pulse 2 (Blue, 128 GB)",Ai+,11999,,,3.7,"6,742",621,6 GB RAM,128 GB ROM,6000 mAh Battery,T7250 Processor,17.13 cm (6.745 inch) HD+ Display,50MP Rear Camera | 8MP Front Camera,,https://www.flipkart.com/ai-pulse-2-blue-128-gb/p/itmd59202944d081?pid=MOBHKHPYW49R78RA&lid=LSTMOBHKHPYW49R78RAW1E0DM&marketplace=FLIPKART&q=smart+phones&store=tyy%2F4io&srno=s_13_308&otracker=search&fm=organic&iid=94ffdb6a-2d54-4f41-b4bb-4a15a769ee8d.MOBHKHPYW49R78RA.SEARCH&ppt=None&ppn=None&ssid=rfvpmtb7xc0000001785564842875&qH=a5594894156db043&ov_redirect=true,2026-08-01
309,"realme P4 Pro 5G (Midnight Ivy, 256 GB)",realme,29999,30999,3% off,4.4,"19,656","1,861",8 GB RAM,256 GB ROM,7000 mAh Battery,Snapdragon 7 Gen 4 Mobile Processor,17.27 cm (6.8 inch) Full HD+ Display,50MP + 8MP | 50MP Front Camera,,https://www.flipkart.com/realme-p4-pro-5g-midnight-ivy-256-gb/p/itme41a54752cc21?pid=MOBHERXK3YKZUWWZ&lid=LSTMOBHERXK3YKZUWWZM7IFIN&marketplace=FLIPKART&q=smart+phones&store=tyy%2F4io&srno=s_13_309&otracker=search&fm=organic&iid=94ffdb6a-2d54-4f41-b4bb-4a15a769ee8d.MOBHERXK3YKZUWWZ.SEARCH&ppt=None&ppn=None&ssid=rfvpmtb7xc0000001785564842875&qH=a5594894156db043&ov_redirect=true,2026-08-01
310,LAVA A2 Smart,LAVA,1284,1549,17% off,4,"1,774",134,4 MB RAM,24 MB ROM,1200 mAh Battery,Mtk Processor,6.1 cm (2.4 inch) HVGA Display,1.3MP + 0MP | 0MP Front Camera,,https://www.flipkart.com/lava-a2-smart/p/itmf7c33c49d45df?pid=MOBHFHPNXCCYZXGG&lid=LSTMOBHFHPNXCCYZXGG6EVX3O&marketplace=FLIPKART&q=smart+phones&store=tyy%2F4io&srno=s_13_310&otracker=search&fm=organic&iid=94ffdb6a-2d54-4f41-b4bb-4a15a769ee8d.MOBHFHPNXCCYZXGG.SEARCH&ppt=None&ppn=None&ssid=rfvpmtb7xc0000001785564842875&qH=a5594894156db043&ov_redirect=true,2026-08-01
311,"realme P4 Pro 5G (Birch Wood, 128 GB)",realme,27999,28999,3% off,4.4,"19,656","1,861",8 GB RAM,128 GB ROM,7000 mAh Battery,Snapdragon 7 Gen 4 Mobile Processor,17.27 cm (6.8 inch) Display,50MP + 8MP | 50MP Front Camera,,https://www.flipkart.com/realme-p4-pro-5g-birch-wood-128-gb/p/itme41a54752cc21?pid=MOBHERXKZCGAA4QC&lid=LSTMOBHERXKZCGAA4QCHSS5IQ&marketplace=FLIPKART&q=smart+phones&store=tyy%2F4io&srno=s_13_311&otracker=search&fm=organic&iid=94ffdb6a-2d54-4f41-b4bb-4a15a769ee8d.MOBHERXKZCGAA4QC.SEARCH&ppt=None&ppn=None&ssid=rfvpmtb7xc0000001785564842875&qH=a5594894156db043&ov_redirect=true,2026-08-01
312,"realme P4 Pro 5G (Birch Wood, 256 GB)",realme,29999,30999,3% off,4.4,"19,656","1,861",8 GB RAM,256 GB ROM,7000 mAh Battery,Snapdragon 7 Gen 4 Mobile Processor,17.27 cm (6.8 inch) Full HD+ Display,50MP + 8MP | 50MP Front Camera,,https://www.flipkart.com/realme-p4-pro-5g-birch-wood-256-gb/p/itme41a54752cc21?pid=MOBHERXKVQED7HGC&lid=LSTMOBHERXKVQED7HGC54DD1I&marketplace=FLIPKART&q=smart+phones&store=tyy%2F4io&srno=s_13_312&otracker=search&fm=organic&iid=94ffdb6a-2d54-4f41-b4bb-4a15a769ee8d.MOBHERXKVQED7HGC.SEARCH&ppt=None&ppn=None&ssid=rfvpmtb7xc0000001785564842875&qH=a5594894156db043&ov_redirect=true,2026-08-01
