S.No,Product Name,Brand,Price,Original Price,Discount,Rating,Rating Count,Review Count,RAM,ROM,Battery,Processor,Display Size,Camera,Network Type,Product URL,Scraped Date
1,"Nothing Phone (4b) (White, 128 GB)",Nothing,29999,49999,40% off,,,,6 GB RAM,128 GB ROM,6000 mAh Lithium ion Battery,6 Gen 4 Processor,17.2 cm (6.77 inch) Full HD+ AMOLED Display,50MP + 8MP | 16MP Front Camera,,https://www.flipkart.com/nothing-phone-4b-white-128-gb/p/itm939608b40adbb?pid=MOBHQENATV85KYCZ&lid=LSTMOBHQENATV85KYCZ0HUCMA&marketplace=FLIPKART&q=smart+phones&store=tyy%2F4io&srno=s_1_1&otracker=search&fm=organic&iid=en_vb-2A7GiUEr5JpXvy2afNgFW-axpXr6GHemyHiXeknjWRd6ohy9aXJCGFQGnYjEUJRWmJqRScuDEhLBoCJQ_-5UlPQPQzJSTEr3l1QXCjcRSFoOnXQHfCeqrJylBa-fB&ppt=None&ppn=None&ssid=es2aeppxgw0000001791542801755&qH=a5594894156db043&ov_redirect=true,2026-10-09
2,"BOLTT EVO (Midnight Black, 64 GB)",BOLTT,8999,17999,50% off,4.3,"2,048",987,4 GB RAM,64 GB ROM,6000 mAh Lithium ion Battery,T7250 Processor,6.79'' HD+ punch hole display,50MP + 2MP | 8MP Front Camera,,https://www.flipkart.com/boltt-evo-midnight-black-64-gb/p/itmf046d663a1fd7?pid=MOBHPP597GB8ZHTY&lid=LSTMOBHPP597GB8ZHTYGYX70A&marketplace=FLIPKART&q=smart+phones&store=tyy%2F4io&srno=s_1_2&otracker=search&fm=organic&iid=en_vb-2A7GiUEr5JpXvy2afNgFW-axpXr6GHemyHiXeknjDxWIXFvaNelF7vdITPXtXmufLsD40cfOytTrT-2ACNua5TWroCsUGf9Sk9SeiHKNSFoOnXQHfCeqrJylBa-fB&ppt=None&ppn=None&ssid=es2aeppxgw0000001791542801755&qH=a5594894156db043&ov_redirect=true,2026-10-09
3,"Google Pixel 10a (Obsidian, 256 GB)",Google,47999,55999,14% off,4.5,"3,244",362,8 GB RAM,256 GB ROM,5100 mAh Lithium Battery,Tensor G4 Processor,16.0 cm (6.3 inch) Full HD+ AMOLED Display,48MP + 13MP | 13MP Front Camera,,https://www.flipkart.com/google-pixel-10a-obsidian-256-gb/p/itm362a5eb9c09e6?pid=MOBHP6CEGN8H9WD6&lid=LSTMOBHP6CEGN8H9WD63LNSOM&marketplace=FLIPKART&q=smart+phones&store=tyy%2F4io&srno=s_1_3&otracker=search&fm=organic&iid=74d1d19e-2d7b-4d72-a5ff-55b6494d5419.MOBHP6CEGN8H9WD6.SEARCH&ppt=None&ppn=None&ssid=es2aeppxgw0000001791542801755&qH=a5594894156db043&ov_redirect=true,2026-10-09
4,"Mivi One 5G (Green, 128 GB)",Mivi,14999,25999,42% off,,,,8 GB RAM,128 GB ROM,6000 mAh Lithium Polymer Battery,Snapdragon 4 Gen 2 Processor,17.14 cm (6.75 inch) HD+ Display,50MP Rear Camera | 8MP Front Camera,,https://www.flipkart.com/mivi-one-5g-green-128-gb/p/itm7c374475b93cf?pid=MOBHR3ZP7PRKEXUP&lid=LSTMOBHR3ZP7PRKEXUPKQQIR0&marketplace=FLIPKART&q=smart+phones&store=tyy%2F4io&srno=s_1_4&otracker=search&fm=organic&iid=74d1d19e-2d7b-4d72-a5ff-55b6494d5419.MOBHR3ZP7PRKEXUP.SEARCH&ppt=None&ppn=None&ssid=es2aeppxgw0000001791542801755&qH=a5594894156db043&ov_redirect=true,2026-10-09
5,"Mivi One 5G (Green, 128 GB)",Mivi,13999,23999,41% off,,,,6 GB RAM,128 GB ROM,6000 mAh Lithium Polymer Battery,Snapdragon 4 Gen 2 Processor,17.14 cm (6.75 inch) HD+ Display,50MP Rear Camera | 8MP Front Camera,,https://www.flipkart.com/mivi-one-5g-green-128-gb/p/itm7ea6be1c1d0bf?pid=MOBHR3ZPFRUFFEBF&lid=LSTMOBHR3ZPFRUFFEBFXXFJBJ&marketplace=FLIPKART&q=smart+phones&store=tyy%2F4io&srno=s_1_5&otracker=search&fm=organic&iid=en_vb-2A7GiUEr5JpXvy2afNgFW-axpXr6GHemyHiXekniBKl8vzRkY76yrTxlDzqq17xAt88tftWOy4Vp_iBSxqeyVDSh7Hv3GafksoQVNk5ZFi3drr1Zginr_CNMHgM1X&ppt=None&ppn=None&ssid=es2aeppxgw0000001791542801755&qH=a5594894156db043&ov_redirect=true,2026-10-09
6,"BOLTT EVO (Arctic White, 64 GB)",BOLTT,8999,17999,50% off,4.3,"2,048",987,4 GB RAM,64 GB ROM,6000 mAh Lithium ion Battery,T7250 Processor,6.79'' HD+ punch hole display,50MP + 2MP | 8MP Front Camera,,https://www.flipkart.com/boltt-evo-arctic-white-64-gb/p/itmf046d663a1fd7?pid=MOBHPP59BYSJ98M8&lid=LSTMOBHPP59BYSJ98M8RWYHGQ&marketplace=FLIPKART&q=smart+phones&store=tyy%2F4io&srno=s_1_6&otracker=search&fm=organic&iid=en_vb-2A7GiUEr5JpXvy2afNgFW-axpXr6GHemyHiXekniBhCSR4a9JL4TPYPTSbPcYMnJ-2TvgFYhqRRDIzjmeD659r0okxKKx7PFNRsWtqxRBqk_xLpLPwcvznu3kD8jp9QWMJPI4egdmz5nn89L_DQ%3D%3D&ppt=None&ppn=None&ssid=es2aeppxgw0000001791542801755&qH=a5594894156db043&ov_redirect=true,2026-10-09
7,"OPPO K14 Plus 5G (Solar Orange, 128 GB)",OPPO,29999,61999,51% off,4.7,166,90,6 GB RAM,128 GB ROM,8000 mAh Battery,Dimensity 7360 MAX Processor,17.22 cm (6.78 inch) Full HD+ AMOLED Display,50MP + 2MP | 16MP Front Camera,,https://www.flipkart.com/oppo-k14-plus-5g-solar-orange-128-gb/p/itm6b2b1016fd57a?pid=MOBHR3ZYZXYQ2GYK&lid=LSTMOBHR3ZYZXYQ2GYKUXH85B&marketplace=FLIPKART&q=smart+phones&store=tyy%2F4io&srno=s_1_7&otracker=search&fm=organic&iid=74d1d19e-2d7b-4d72-a5ff-55b6494d5419.MOBHR3ZYZXYQ2GYK.SEARCH&ppt=None&ppn=None&ssid=es2aeppxgw0000001791542801755&qH=a5594894156db043&ov_redirect=true,2026-10-09
8,"HMD Vibe2Pro 5G with Sarvam AI (Silver Mist, 128 GB)",HMD,17999,34999,48% off,,,,8 GB RAM,128 GB ROM,6000 mAh Li-Poly Battery,Dimensity 6300 Processor,17.22 cm (6.78 inch) Full HD+ Display,64MP Rear Camera | 13MP Front Camera,,https://www.flipkart.com/hmd-vibe2pro-5g-sarvam-ai-silver-mist-128-gb/p/itm85678a74e21b6?pid=MOBHQZZ8VYRYQTQZ&lid=LSTMOBHQZZ8VYRYQTQZOUPIHD&marketplace=FLIPKART&q=smart+phones&store=tyy%2F4io&srno=s_1_8&otracker=search&fm=organic&iid=74d1d19e-2d7b-4d72-a5ff-55b6494d5419.MOBHQZZ8VYRYQTQZ.SEARCH&ppt=None&ppn=None&ssid=es2aeppxgw0000001791542801755&qH=a5594894156db043&ov_redirect=true,2026-10-09
9,"vivo T5 Lite 44W 5G (Wave Blue, 128 GB)",vivo,22749,38499,40% off,4.3,"3,729",291,6 GB RAM,128 GB ROM,6500 mAh Li-ion Battery,Dimensity 6300 5G Processor,17.12 cm (6.74 inch) HD+ Display,50MP + 0.08MP | 5MP Front Camera,5G,https://www.flipkart.com/vivo-t5-lite-44w-5g-wave-blue-128-gb/p/itm5420c578ec2df?pid=MOBHNDTD57UJUK9Q&lid=LSTMOBHNDTD57UJUK9QMGWRRW&marketplace=FLIPKART&q=smart+phones&store=tyy%2F4io&srno=s_1_9&otracker=search&fm=organic&iid=74d1d19e-2d7b-4d72-a5ff-55b6494d5419.MOBHNDTD57UJUK9Q.SEARCH&ppt=None&ppn=None&ssid=es2aeppxgw0000001791542801755&qH=a5594894156db043&ov_redirect=true,2026-10-09
10,"vivo T5 Pro 5G (Glacier Blue, 128 GB)",vivo,36999,49999,26% off,,,,6 GB RAM,128 GB ROM,9020 mAh Battery,Snapdragon 7s Gen 4 Processor,17.35 cm (6.83 inch) Full HD+ AMOLED Display,50MP + 2MP | 32MP Front Camera,,https://www.flipkart.com/vivo-t5-pro-5g-glacier-blue-128-gb/p/itma21e2e09d4493?pid=MOBHR8KHZE5GBZYN&lid=LSTMOBHR8KHZE5GBZYNEYE1XX&marketplace=FLIPKART&q=smart+phones&store=tyy%2F4io&srno=s_1_10&otracker=search&fm=organic&iid=74d1d19e-2d7b-4d72-a5ff-55b6494d5419.MOBHR8KHZE5GBZYN.SEARCH&ppt=None&ppn=None&ssid=es2aeppxgw0000001791542801755&qH=a5594894156db043&ov_redirect=true,2026-10-09
11,"BOLTT ACE 5G (Midnight Black, 128 GB)",BOLTT,13499,26999,50% off,4.8,69,59,6 GB RAM,128 GB ROM,6000 mAh Lithium ion Battery,T8200 Processor,17.25 cm (6.79 inch) HD+ Display,64MP Rear Camera | 8MP Front Camera,,https://www.flipkart.com/boltt-ace-5g-midnight-black-128-gb/p/itmc7395bddbb3a4?pid=MOBHPP59KHGRQGZK&lid=LSTMOBHPP59KHGRQGZKG8NGAJ&marketplace=FLIPKART&q=smart+phones&store=tyy%2F4io&srno=s_1_11&otracker=search&fm=organic&iid=en_vb-2A7GiUEr5JpXvy2afNgFW-axpXr6GHemyHiXeknjIUx67CQtVWnfTXJNFTFRfMrvhoCHfU49ZBhd7Ntoc0_fvTEkJRdd8dGpCDYmc_Cagr09QUxDTYF1dI8-GIAM0&ppt=None&ppn=None&ssid=es2aeppxgw0000001791542801755&qH=a5594894156db043&ov_redirect=true,2026-10-09
12,"BOLTT EVO (Arctic White, 128 GB)",BOLTT,10499,18999,44% off,4,"2,616","1,184",6 GB RAM,128 GB ROM,6000 mAh Lithium ion Battery,T7250 Processor,6.79'' HD+ punch hole display,50MP + 2MP | 8MP Front Camera,,https://www.flipkart.com/boltt-evo-arctic-white-128-gb/p/itmf046d663a1fd7?pid=MOBHPP59GKGTGZGA&lid=LSTMOBHPP59GKGTGZGAIEMNWG&marketplace=FLIPKART&q=smart+phones&store=tyy%2F4io&srno=s_1_12&otracker=search&fm=organic&iid=en_vb-2A7GiUEr5JpXvy2afNgFW-axpXr6GHemyHiXeknhlG65PAOIJSUcUZItBRCiPhv6bWZv9MBSZNLzXCXO-RGoRnkhB-W9ASUFejcPPCKxBqk_xLpLPwcvznu3kD8jp9QWMJPI4egdmz5nn89L_DQ%3D%3D&ppt=None&ppn=None&ssid=es2aeppxgw0000001791542801755&qH=a5594894156db043&ov_redirect=true,2026-10-09
13,"Ai+ Pulse 2 (Purple, 64 GB)",Ai+,8999,10999,18% off,4.1,"13,552",946,4 GB RAM,64 GB ROM,6000 mAh Battery,T7250 Processor,17.13 cm (6.745 inch) HD+ Display,50MP Rear Camera | 8MP Front Camera,,https://www.flipkart.com/ai-pulse-2-purple-64-gb/p/itmdc910ae2ff0c1?pid=MOBHKHPYQHGDVRTG&lid=LSTMOBHKHPYQHGDVRTGJBHZI8&marketplace=FLIPKART&q=smart+phones&store=tyy%2F4io&srno=s_1_13&otracker=search&fm=organic&iid=74d1d19e-2d7b-4d72-a5ff-55b6494d5419.MOBHKHPYQHGDVRTG.SEARCH&ppt=None&ppn=None&ssid=es2aeppxgw0000001791542801755&qH=a5594894156db043&ov_redirect=true,2026-10-09
14,"Samsung Galaxy S25 FE 5G (Navy, 256 GB)",Samsung,50999,99999,49% off,4.6,"3,740",600,8 GB RAM,256 GB ROM,4900 mAh Li-ion Battery,Exynos 2400 Processor,17.02 cm (6.7 inch) Full HD+ Display,50MP + 12MP + 8MP | 12MP Front Camera,,https://www.flipkart.com/samsung-galaxy-s25-fe-5g-navy-256-gb/p/itm503112c94163d?pid=MOBHQCH6K8GSUZT2&lid=LSTMOBHQCH6K8GSUZT2LHOQ0Y&marketplace=FLIPKART&q=smart+phones&store=tyy%2F4io&srno=s_1_14&otracker=search&fm=organic&iid=74d1d19e-2d7b-4d72-a5ff-55b6494d5419.MOBHQCH6K8GSUZT2.SEARCH&ppt=None&ppn=None&ssid=es2aeppxgw0000001791542801755&qH=a5594894156db043&ov_redirect=true,2026-10-09
15,"POCO C85x 5G (Elite Black, 64 GB)",POCO,13999,20999,33% off,4.1,"6,075",812,4 GB RAM,64 GB ROM,6300 mAh Lithium-Ion Polymer Battery,T8300 Processor,17.53 cm (6.9 inch) HD+ Display,32MP Rear Camera,,https://www.flipkart.com/poco-c85x-5g-elite-black-64-gb/p/itmb6ec0fa7ab991?pid=MOBHMGG5SMZEFPTQ&lid=LSTMOBHMGG5SMZEFPTQ31I99O&marketplace=FLIPKART&q=smart+phones&store=tyy%2F4io&srno=s_1_15&otracker=search&fm=organic&iid=74d1d19e-2d7b-4d72-a5ff-55b6494d5419.MOBHMGG5SMZEFPTQ.SEARCH&ppt=None&ppn=None&ssid=es2aeppxgw0000001791542801755&qH=a5594894156db043&ov_redirect=true,2026-10-09
16,"MOTOROLA g57 power 5G Snapdragon (Pantone Corsair, 128 GB)",MOTOROLA,21999,,,4.4,"57,889","4,164",8 GB RAM,128 GB ROM,7000 mAh Battery,6s Gen 4 Processor,17.07 cm (6.72 inch) Full HD+ Display,50MP + 8MP | 8MP Front Camera,,https://www.flipkart.com/motorola-g57-power-5g-snapdragon-pantone-corsair-128-gb/p/itm8332e9aa80c32?pid=MOBHN974GHFYSJNH&lid=LSTMOBHN974GHFYSJNH7KFUEZ&marketplace=FLIPKART&q=smart+phones&store=tyy%2F4io&srno=s_1_16&otracker=search&fm=organic&iid=74d1d19e-2d7b-4d72-a5ff-55b6494d5419.MOBHN974GHFYSJNH.SEARCH&ppt=None&ppn=None&ssid=es2aeppxgw0000001791542801755&qH=a5594894156db043&ov_redirect=true,2026-10-09
17,"Mivi One 5G (Burgundy, 128 GB)",Mivi,14999,25999,42% off,,,,8 GB RAM,128 GB ROM,6000 mAh Lithium Polymer Battery,Snapdragon 4 Gen 2 Processor,17.14 cm (6.75 inch) HD+ Display,50MP Rear Camera | 8MP Front Camera,,https://www.flipkart.com/mivi-one-5g-burgundy-128-gb/p/itm3fb0c94957b9f?pid=MOBHR3ZP74GDCQQC&lid=LSTMOBHR3ZP74GDCQQC3F0WAL&marketplace=FLIPKART&q=smart+phones&store=tyy%2F4io&srno=s_1_17&otracker=search&fm=organic&iid=en_vb-2A7GiUEr5JpXvy2afNgFW-axpXr6GHemyHiXeknhKxpiwdSwIQTBVoQ9YrJ-ZxHZ8BPq9yTZ3U4_TKgkLGQ6DXeRnY3cyoqX6cX1mu-1Fi3drr1Zginr_CNMHgM1X&ppt=None&ppn=None&ssid=es2aeppxgw0000001791542801755&qH=a5594894156db043&ov_redirect=true,2026-10-09
18,"BOLTT EVO (Berry Red, 128 GB)",BOLTT,10499,18999,44% off,4,"2,616","1,184",6 GB RAM,128 GB ROM,6000 mAh Lithium ion Battery,T7250 Processor,6.79'' HD+ punch hole display,50MP + 2MP | 8MP Front Camera,,https://www.flipkart.com/boltt-evo-berry-red-128-gb/p/itmf046d663a1fd7?pid=MOBHPP59TUYYPWP5&lid=LSTMOBHPP59TUYYPWP5U7J1VB&marketplace=FLIPKART&q=smart+phones&store=tyy%2F4io&srno=s_1_18&otracker=search&fm=organic&iid=en_vb-2A7GiUEr5JpXvy2afNgFW-axpXr6GHemyHiXekngt80QCNqkwL7RHEJRgx-APPbomcIwLyr3KIiO3rmPWRVmN5ucNDEnPdBCce_6HpkNBqk_xLpLPwcvznu3kD8jp9QWMJPI4egdmz5nn89L_DQ%3D%3D&ppt=None&ppn=None&ssid=es2aeppxgw0000001791542801755&qH=a5594894156db043&ov_redirect=true,2026-10-09
19,"REDMI A7 Pro 5G (Mist Blue, 64 GB)",REDMI,14440,26999,46% off,3.9,"4,902",450,4 GB RAM,64 GB ROM,6300 mAh Battery,UNISOC T8300 octa-core processor Processor,17.53 cm (6.9 inch) Full HD+ Display,32MP Rear Camera,,https://www.flipkart.com/redmi-a7-pro-5g-mist-blue-64-gb/p/itm88c66032a6b5e?pid=MOBHMJR8NHWYYJJD&lid=LSTMOBHMJR8NHWYYJJDTMIWS6&marketplace=FLIPKART&q=smart+phones&store=tyy%2F4io&srno=s_1_19&otracker=search&fm=organic&iid=74d1d19e-2d7b-4d72-a5ff-55b6494d5419.MOBHMJR8NHWYYJJD.SEARCH&ppt=None&ppn=None&ssid=es2aeppxgw0000001791542801755&qH=a5594894156db043&ov_redirect=true,2026-10-09
20,"realme P4 Lite 5G (Mosaic Blue, 64 GB)",realme,15999,28999,44% off,4.2,"15,151",939,4 GB RAM,64 GB ROM,7000 mAh lithium-ion polymer Battery,Dimensity 6300 Processor,17.27 cm (6.8 inches) HD+ Display,13MP Rear Camera | 5MP Front Camera,,https://www.flipkart.com/realme-p4-lite-5g-mosaic-blue-64-gb/p/itm90c243961f214?pid=MOBHN7A8CMJGRACT&lid=LSTMOBHN7A8CMJGRACTDRIOJU&marketplace=FLIPKART&q=smart+phones&store=tyy%2F4io&srno=s_1_20&otracker=search&fm=organic&iid=74d1d19e-2d7b-4d72-a5ff-55b6494d5419.MOBHN7A8CMJGRACT.SEARCH&ppt=None&ppn=None&ssid=es2aeppxgw0000001791542801755&qH=a5594894156db043&ov_redirect=true,2026-10-09
21,"BOLTT ACE 5G (Arctic White, 128 GB)",BOLTT,13499,26999,50% off,4.8,69,59,6 GB RAM,128 GB ROM,6000 mAh Lithium ion Battery,T8200 Processor,17.25 cm (6.79 inch) HD+ Display,64MP Rear Camera | 8MP Front Camera,,https://www.flipkart.com/boltt-ace-5g-arctic-white-128-gb/p/itm2eb0f483effdd?pid=MOBHPP599JHZUZBV&lid=LSTMOBHPP599JHZUZBVN1I3RX&marketplace=FLIPKART&q=smart+phones&store=tyy%2F4io&srno=s_1_21&otracker=search&fm=organic&iid=en_vb-2A7GiUEr5JpXvy2afNgFW-axpXr6GHemyHiXeknhoBWG7CwprXlXDDwe1PCi5qWMRb7XZ9LlJlXwsX-MeSqCluJcGMPMZ2DwdLRcHq7mgr09QUxDTYF1dI8-GIAM0&ppt=None&ppn=None&ssid=es2aeppxgw0000001791542801755&qH=a5594894156db043&ov_redirect=true,2026-10-09
22,"BOLTT EVO (Sky Blue, 64 GB)",BOLTT,8999,17999,50% off,4.3,"2,048",987,4 GB RAM,64 GB ROM,6000 mAh Lithium ion Battery,T7250 Processor,6.79'' HD+ punch hole display,50MP + 2MP | 8MP Front Camera,,https://www.flipkart.com/boltt-evo-sky-blue-64-gb/p/itmf046d663a1fd7?pid=MOBHPP59WKSV4FYG&lid=LSTMOBHPP59WKSV4FYGYPMLV6&marketplace=FLIPKART&q=smart+phones&store=tyy%2F4io&srno=s_1_22&otracker=search&fm=organic&iid=en_vb-2A7GiUEr5JpXvy2afNgFW-axpXr6GHemyHiXeknilRvMJLw1U7leMTnoXdOLbPN-wa3N07U_MG9C3wb-_N54inendYrF5FpseNa08nO9Bqk_xLpLPwcvznu3kD8jp9QWMJPI4egdmz5nn89L_DQ%3D%3D&ppt=None&ppn=None&ssid=es2aeppxgw0000001791542801755&qH=a5594894156db043&ov_redirect=true,2026-10-09
23,"OnePlus Nord CE6 Lite (Hyper Black, 256 GB)",OnePlus,33860,36999,8% off,4.3,"1,233",84,8 GB RAM,256 GB ROM,7000 mAh Battery,MediaTek Dimensity 7400 Apex Processor,17.07 cm (6.72 inch) Full HD+ Display,50MP Rear Camera | 8MP Front Camera,,https://www.flipkart.com/oneplus-nord-ce6-lite-hyper-black-256-gb/p/itm894a5599b758b?pid=MOBHN8CPMYHDEBRA&lid=LSTMOBHN8CPMYHDEBRA7F6FDF&marketplace=FLIPKART&q=smart+phones&store=tyy%2F4io&srno=s_1_23&otracker=search&fm=organic&iid=74d1d19e-2d7b-4d72-a5ff-55b6494d5419.MOBHN8CPMYHDEBRA.SEARCH&ppt=None&ppn=None&ssid=es2aeppxgw0000001791542801755&qH=a5594894156db043&ov_redirect=true,2026-10-09
24,"Nothing Phone (4a) (White, 128 GB)",Nothing,44999,59999,25% off,4.5,"6,764",727,8 GB RAM,128 GB ROM,5400 mAh Lithium ion Battery,Snapdragon 7s Gen 4 Processor,17.22 cm (6.78 inch) Full HD+ AMOLED Display,50MP + 50MP + 8MP | 32MP Front Camera,,https://www.flipkart.com/nothing-phone-4a-white-128-gb/p/itm4d8bff10483ce?pid=MOBHZAWYUQDFFTRB&lid=LSTMOBHZAWYUQDFFTRBUQTFBY&marketplace=FLIPKART&q=smart+phones&store=tyy%2F4io&srno=s_1_24&otracker=search&fm=organic&iid=74d1d19e-2d7b-4d72-a5ff-55b6494d5419.MOBHZAWYUQDFFTRB.SEARCH&ppt=None&ppn=None&ssid=es2aeppxgw0000001791542801755&qH=a5594894156db043&ov_redirect=true,2026-10-09
25,"OPPO K14 Plus 5G (Star White, 128 GB)",OPPO,29999,61999,51% off,4.7,166,90,6 GB RAM,128 GB ROM,8000 mAh Battery,Dimensity 7360 MAX Processor,17.22 cm (6.78 inch) Full HD+ AMOLED Display,50MP + 2MP | 16MP Front Camera,,https://www.flipkart.com/oppo-k14-plus-5g-star-white-128-gb/p/itm6b2b1016fd57a?pid=MOBHR3ZYWM7R57PW&lid=LSTMOBHR3ZYWM7R57PWKRABGU&marketplace=FLIPKART&q=smart+phones&store=tyy%2F4io&srno=s_2_25&otracker=search&fm=organic&iid=ba697b5b-2391-4d23-895a-1c138b75e2cc.MOBHR3ZYWM7R57PW.SEARCH&ppt=None&ppn=None&ssid=tstxcpuhtc0000001791542804610&qH=a5594894156db043&ov_redirect=true,2026-10-09
26,"Samsung M06 5G (Sage Green, 128 GB)",Samsung,16399,16999,3% off,4.1,"6,422",441,4 GB RAM,128 GB ROM,5000 mAh Battery,,17.02 cm (6.7 inch) Display,50MP Rear Camera,,https://www.flipkart.com/samsung-m06-5g-sage-green-128-gb/p/itmcafa42dadc15c?pid=MOBH9UYFYVNKR3HR&lid=LSTMOBH9UYFYVNKR3HRK4HDKJ&marketplace=FLIPKART&q=smart+phones&store=tyy%2F4io&srno=s_2_26&otracker=search&fm=organic&iid=ba697b5b-2391-4d23-895a-1c138b75e2cc.MOBH9UYFYVNKR3HR.SEARCH&ppt=None&ppn=None&ssid=tstxcpuhtc0000001791542804610&qH=a5594894156db043&ov_redirect=true,2026-10-09
27,"BOLTT EVO (Midnight Black, 64 GB)",BOLTT,8999,17999,50% off,4.3,"2,048",987,4 GB RAM,64 GB ROM,6000 mAh Lithium ion Battery,T7250 Processor,6.79'' HD+ punch hole display,50MP + 2MP | 8MP Front Camera,,https://www.flipkart.com/boltt-evo-midnight-black-64-gb/p/itmf046d663a1fd7?pid=MOBHPP597GB8ZHTY&lid=LSTMOBHPP597GB8ZHTYGYX70A&marketplace=FLIPKART&q=smart+phones&store=tyy%2F4io&srno=s_2_27&otracker=search&fm=organic&iid=en_t4AEj_vL1cJXSVlYn-92yYEpXVP9Vx7d0f0jDB1F3XNWXV6aksN0bal0EeyKbO4_mufLsD40cfOytTrT-2ACNol0zbRIx7nkRM2sm5Z_wdMv-xLpHsowqsTTkUnwCqyZ&ppt=None&ppn=None&ssid=tstxcpuhtc0000001791542804610&qH=a5594894156db043&ov_redirect=true,2026-10-09
28,"Mivi One 5G (Green, 128 GB)",Mivi,13999,23999,41% off,,,,6 GB RAM,128 GB ROM,6000 mAh Lithium Polymer Battery,Snapdragon 4 Gen 2 Processor,17.14 cm (6.75 inch) HD+ Display,50MP Rear Camera | 8MP Front Camera,,https://www.flipkart.com/mivi-one-5g-green-128-gb/p/itm7ea6be1c1d0bf?pid=MOBHR3ZPFRUFFEBF&lid=LSTMOBHR3ZPFRUFFEBFXXFJBJ&marketplace=FLIPKART&q=smart+phones&store=tyy%2F4io&srno=s_2_28&otracker=search&fm=organic&iid=en_t4AEj_vL1cJXSVlYn-92yYEpXVP9Vx7d0f0jDB1F3XO6RJxScm8dqO7yT3AAa0dazBcC0adnJVDAF994s5Z8VY9HwORmVN_5IcANi6THsWqqV9OIMNfyRnbm2Zy7p3N5&ppt=None&ppn=None&ssid=tstxcpuhtc0000001791542804610&qH=a5594894156db043&ov_redirect=true,2026-10-09
29,"Mivi One 5G (Blue, 128 GB)",Mivi,12999,21999,40% off,,,,4 GB RAM,128 GB ROM,6000 mAh Lithium Polymer Battery,Snapdragon 4 Gen 2 Processor,17.14 cm (6.75 inch) HD+ Display,50MP Rear Camera | 8MP Front Camera,,https://www.flipkart.com/mivi-one-5g-blue-128-gb/p/itmde179056e0187?pid=MOBHR3ZP5ZJG8EXR&lid=LSTMOBHR3ZP5ZJG8EXR1KOC6G&marketplace=FLIPKART&q=smart+phones&store=tyy%2F4io&srno=s_2_29&otracker=search&fm=organic&iid=ba697b5b-2391-4d23-895a-1c138b75e2cc.MOBHR3ZP5ZJG8EXR.SEARCH&ppt=None&ppn=None&ssid=tstxcpuhtc0000001791542804610&qH=a5594894156db043&ov_redirect=true,2026-10-09
30,"Ai+ Pulse 2 (Black, 64 GB)",Ai+,8999,10999,18% off,4.1,"13,552",946,4 GB RAM,64 GB ROM,6000 mAh Battery,T7250 Processor,17.13 cm (6.745 inch) HD+ Display,50MP Rear Camera | 8MP Front Camera,,https://www.flipkart.com/ai-pulse-2-black-64-gb/p/itm7feca2e591fba?pid=MOBHKHPYGKYZ3YUN&lid=LSTMOBHKHPYGKYZ3YUNFT1CNO&marketplace=FLIPKART&q=smart+phones&store=tyy%2F4io&spotlightTagId=default_BestsellerId_tyy%2F4io&srno=s_2_30&otracker=search&fm=organic&iid=ba697b5b-2391-4d23-895a-1c138b75e2cc.MOBHKHPYGKYZ3YUN.SEARCH&ppt=None&ppn=None&ssid=tstxcpuhtc0000001791542804610&qH=a5594894156db043&ov_redirect=true,2026-10-09
31,"BOLTT ACE 5G (Lavender Bloom, 64 GB)",BOLTT,11999,24999,52% off,4.2,477,226,4 GB RAM,64 GB ROM,6000 mAh Lithium ion Battery,T8200 Processor,17.25 cm (6.79 inch) HD+ Display,64MP Rear Camera | 8MP Front Camera,,https://www.flipkart.com/boltt-ace-5g-lavender-bloom-64-gb/p/itm2eb0f483effdd?pid=MOBHPP59CGDHZVJY&lid=LSTMOBHPP59CGDHZVJYFJP39X&marketplace=FLIPKART&q=smart+phones&store=tyy%2F4io&srno=s_2_31&otracker=search&fm=organic&iid=en_t4AEj_vL1cJXSVlYn-92yYEpXVP9Vx7d0f0jDB1F3XMFeVsUaXSkcpLLTDz3lGcN6EjlcJGcWKVIdsXhsZKqldil8PSYMCIeoorv_0-dz5OqV9OIMNfyRnbm2Zy7p3N5&ppt=None&ppn=None&ssid=tstxcpuhtc0000001791542804610&qH=a5594894156db043&ov_redirect=true,2026-10-09
32,"BOLTT EVO (Arctic White, 64 GB)",BOLTT,8999,17999,50% off,4.3,"2,048",987,4 GB RAM,64 GB ROM,6000 mAh Lithium ion Battery,T7250 Processor,6.79'' HD+ punch hole display,50MP + 2MP | 8MP Front Camera,,https://www.flipkart.com/boltt-evo-arctic-white-64-gb/p/itmf046d663a1fd7?pid=MOBHPP59BYSJ98M8&lid=LSTMOBHPP59BYSJ98M8RWYHGQ&marketplace=FLIPKART&q=smart+phones&store=tyy%2F4io&srno=s_2_32&otracker=search&fm=organic&iid=en_t4AEj_vL1cJXSVlYn-92yYEpXVP9Vx7d0f0jDB1F3XNNEIa46ilok8cW4CUwwSyVMw_YrC6cGEjKq2WZ8-8z4kJqULiYX7S4erGGIr8dEegv-xLpHsowqsTTkUnwCqyZ&ppt=None&ppn=None&ssid=tstxcpuhtc0000001791542804610&qH=a5594894156db043&ov_redirect=true,2026-10-09
33,"Nothing Phone (4b) (White, 128 GB)",Nothing,29999,49999,40% off,,,,6 GB RAM,128 GB ROM,6000 mAh Lithium ion Battery,6 Gen 4 Processor,17.2 cm (6.77 inch) Full HD+ AMOLED Display,50MP + 8MP | 16MP Front Camera,,https://www.flipkart.com/nothing-phone-4b-white-128-gb/p/itm939608b40adbb?pid=MOBHQENATV85KYCZ&lid=LSTMOBHQENATV85KYCZ0HUCMA&marketplace=FLIPKART&q=smart+phones&store=tyy%2F4io&srno=s_2_33&otracker=search&fm=organic&iid=ba697b5b-2391-4d23-895a-1c138b75e2cc.MOBHQENATV85KYCZ.SEARCH&ppt=None&ppn=None&ssid=tstxcpuhtc0000001791542804610&qH=a5594894156db043&ov_redirect=true,2026-10-09
34,"Ai+ Nova 2 Power 5G (Golden Blue Fusion, 128 GB)",Ai+,17999,29999,40% off,4.1,123,16,8 GB RAM,128 GB ROM,7000 mAh Li-polymer Battery,Dimensity 7100 Processor,17.14 cm (6.75 inch) HD+ Display,48MP + 8MP | 13MP Front Camera,,https://www.flipkart.com/ai-nova-2-power-5g-golden-blue-fusion-128-gb/p/itmc937aff58a518?pid=MOBHQZVXPMTFEJZ9&lid=LSTMOBHQZVXPMTFEJZ9PWNJR5&marketplace=FLIPKART&q=smart+phones&store=tyy%2F4io&srno=s_2_34&otracker=search&fm=organic&iid=ba697b5b-2391-4d23-895a-1c138b75e2cc.MOBHQZVXPMTFEJZ9.SEARCH&ppt=None&ppn=None&ssid=tstxcpuhtc0000001791542804610&qH=a5594894156db043&ov_redirect=true,2026-10-09
35,"vivo T5 Lite 44W 5G (Wave Blue, 128 GB)",vivo,20249,33999,40% off,4.2,"1,593",122,4 GB RAM,128 GB ROM,6500 mAh Li-ion Battery,Dimensity 6300 5G Processor,17.12 cm (6.74 inch) HD+ Display,50MP + 0.08MP | 5MP Front Camera,5G,https://www.flipkart.com/vivo-t5-lite-44w-5g-wave-blue-128-gb/p/itm5420c578ec2df?pid=MOBHNDTD5AWH5FJT&lid=LSTMOBHNDTD5AWH5FJTFKS6IQ&marketplace=FLIPKART&q=smart+phones&store=tyy%2F4io&srno=s_2_35&otracker=search&fm=organic&iid=ba697b5b-2391-4d23-895a-1c138b75e2cc.MOBHNDTD5AWH5FJT.SEARCH&ppt=None&ppn=None&ssid=tstxcpuhtc0000001791542804610&qH=a5594894156db043&ov_redirect=true,2026-10-09
36,Vivo T4 Lite 5G (Titanium Gold 2026) (4GB 64GB),Vivo,16999,27999,39% off,4.3,"45,006","2,077",4 GB RAM,64 GB ROM,6000 mAh Battery,Dimensity 6300 5G Processor,17.12 cm (6.74 inch) HD+ Display,50MP + 2MP | 5MP Front Camera,5G,https://www.flipkart.com/vivo-t4-lite-5g-titanium-gold-2026-4gb-64gb/p/itm49fb53d099f3c?pid=MOBHNCRK44PF7QEN&lid=LSTMOBHNCRK44PF7QENBDEBI7&marketplace=FLIPKART&q=smart+phones&store=tyy%2F4io&srno=s_2_36&otracker=search&fm=organic&iid=ba697b5b-2391-4d23-895a-1c138b75e2cc.MOBHNCRK44PF7QEN.SEARCH&ppt=None&ppn=None&ssid=tstxcpuhtc0000001791542804610&qH=a5594894156db043&ov_redirect=true,2026-10-09
37,"Nothing Phone (4b) (White, 128 GB)",Nothing,29999,49999,40% off,,,,6 GB RAM,128 GB ROM,6000 mAh Lithium ion Battery,6 Gen 4 Processor,17.2 cm (6.77 inch) Full HD+ AMOLED Display,50MP + 8MP | 16MP Front Camera,,https://www.flipkart.com/nothing-phone-4b-white-128-gb/p/itm939608b40adbb?pid=MOBHQENATV85KYCZ&lid=LSTMOBHQENATV85KYCZ0HUCMA&marketplace=FLIPKART&q=smart+phones&store=tyy%2F4io&srno=s_2_37&otracker=search&fm=organic&iid=en_t4AEj_vL1cJXSVlYn-92yYEpXVP9Vx7d0f0jDB1F3XPp9OSMIGoK-LRIoqwvL9vqJRWmJqRScuDEhLBoCJQ_-zmhNhj8Rec88cH_U33TMLUv-xLpHsowqsTTkUnwCqyZ&ppt=None&ppn=None&ssid=tstxcpuhtc0000001791542804610&qH=a5594894156db043&ov_redirect=true,2026-10-09
38,"BOLTT ACE 5G (Midnight Black, 128 GB)",BOLTT,13499,26999,50% off,4.8,69,59,6 GB RAM,128 GB ROM,6000 mAh Lithium ion Battery,T8200 Processor,17.25 cm (6.79 inch) HD+ Display,64MP Rear Camera | 8MP Front Camera,,https://www.flipkart.com/boltt-ace-5g-midnight-black-128-gb/p/itmc7395bddbb3a4?pid=MOBHPP59KHGRQGZK&lid=LSTMOBHPP59KHGRQGZKG8NGAJ&marketplace=FLIPKART&q=smart+phones&store=tyy%2F4io&srno=s_2_38&otracker=search&fm=organic&iid=en_t4AEj_vL1cJXSVlYn-92yYEpXVP9Vx7d0f0jDB1F3XNUUCHGWmqfBE80cjxGU-97ceO83KH40hAfyKb6-RK5emI2n1F29CDxktZayioP0zqqV9OIMNfyRnbm2Zy7p3N5&ppt=None&ppn=None&ssid=tstxcpuhtc0000001791542804610&qH=a5594894156db043&ov_redirect=true,2026-10-09
39,"OPPO K14x 5G 6500mAh and 45W SUPERVOOC Charger & AI (Prism Violet, 128 GB)",OPPO,21999,35999,38% off,4.3,"8,442","1,001",4 GB RAM,128 GB ROM,6500 mAh Battery,Dimensity 6300 Processor,17.14 cm (6.75 inch) HD+ Display,,,https://www.flipkart.com/oppo-k14x-5g-6500mah-45w-supervooc-charger-ai-prism-violet-128-gb/p/itmdcac5ae642971?pid=MOBHPHSHZ7GRRXNA&lid=LSTMOBHPHSHZ7GRRXNA30X6M9&marketplace=FLIPKART&q=smart+phones&store=tyy%2F4io&srno=s_2_39&otracker=search&fm=organic&iid=ba697b5b-2391-4d23-895a-1c138b75e2cc.MOBHPHSHZ7GRRXNA.SEARCH&ppt=None&ppn=None&ssid=tstxcpuhtc0000001791542804610&qH=a5594894156db043&ov_redirect=true,2026-10-09
40,"Ai+ Nova 2 Power 5G (Deep Purple, 128 GB)",Ai+,17999,29999,40% off,4.1,123,16,8 GB RAM,128 GB ROM,7000 mAh Li-polymer Battery,Dimensity 7100 Processor,17.14 cm (6.75 inch) HD+ Display,48MP + 8MP | 13MP Front Camera,,https://www.flipkart.com/ai-nova-2-power-5g-deep-purple-128-gb/p/itmb7aedf4e0e42b?pid=MOBHQZVXP4CQQ38H&lid=LSTMOBHQZVXP4CQQ38HTFJKMM&marketplace=FLIPKART&q=smart+phones&store=tyy%2F4io&srno=s_2_40&otracker=search&fm=organic&iid=ba697b5b-2391-4d23-895a-1c138b75e2cc.MOBHQZVXP4CQQ38H.SEARCH&ppt=None&ppn=None&ssid=tstxcpuhtc0000001791542804610&qH=a5594894156db043&ov_redirect=true,2026-10-09
41,"Mivi One 5G (Burgundy, 128 GB)",Mivi,14999,25999,42% off,,,,8 GB RAM,128 GB ROM,6000 mAh Lithium Polymer Battery,Snapdragon 4 Gen 2 Processor,17.14 cm (6.75 inch) HD+ Display,50MP Rear Camera | 8MP Front Camera,,https://www.flipkart.com/mivi-one-5g-burgundy-128-gb/p/itm3fb0c94957b9f?pid=MOBHR3ZP74GDCQQC&lid=LSTMOBHR3ZP74GDCQQC3F0WAL&marketplace=FLIPKART&q=smart+phones&store=tyy%2F4io&srno=s_2_41&otracker=search&fm=organic&iid=en_t4AEj_vL1cJXSVlYn-92yYEpXVP9Vx7d0f0jDB1F3XPtvUCbDLro9ncj7__3KUyzlhTq3TNR9LJbyvkcUs0E5oTWGhiTZD2C7natyNwoQ7SqV9OIMNfyRnbm2Zy7p3N5&ppt=None&ppn=None&ssid=tstxcpuhtc0000001791542804610&qH=a5594894156db043&ov_redirect=true,2026-10-09
42,"BOLTT EVO (Arctic White, 128 GB)",BOLTT,10499,18999,44% off,4,"2,616","1,184",6 GB RAM,128 GB ROM,6000 mAh Lithium ion Battery,T7250 Processor,6.79'' HD+ punch hole display,50MP + 2MP | 8MP Front Camera,,https://www.flipkart.com/boltt-evo-arctic-white-128-gb/p/itmf046d663a1fd7?pid=MOBHPP59GKGTGZGA&lid=LSTMOBHPP59GKGTGZGAIEMNWG&marketplace=FLIPKART&q=smart+phones&store=tyy%2F4io&srno=s_2_42&otracker=search&fm=organic&iid=en_t4AEj_vL1cJXSVlYn-92yYEpXVP9Vx7d0f0jDB1F3XMU5-kxZFn-0UuxcsgJRfUp2d7HEcpMQaj_c2xS4y4sBKEqpq_SamebGhjf1ii5atAv-xLpHsowqsTTkUnwCqyZ&ppt=None&ppn=None&ssid=tstxcpuhtc0000001791542804610&qH=a5594894156db043&ov_redirect=true,2026-10-09
43,"Ai+ Nova 2 Neo 5G (Blue, 128 GB)",Ai+,14999,19999,25% off,4.2,"1,123",105,6 GB RAM,128 GB ROM,6000 mAh Li-polymer Battery,Dimensity 6300 Processor,17.13 cm (6.745 inch) HD+ Display,48MP Rear Camera | 8MP Front Camera,,https://www.flipkart.com/ai-nova-2-neo-5g-blue-128-gb/p/itmbe9c32c02c347?pid=MOBHZ8ZMMVSHPYKG&lid=LSTMOBHZ8ZMMVSHPYKGK2DZD5&marketplace=FLIPKART&q=smart+phones&store=tyy%2F4io&srno=s_2_43&otracker=search&fm=organic&iid=ba697b5b-2391-4d23-895a-1c138b75e2cc.MOBHZ8ZMMVSHPYKG.SEARCH&ppt=None&ppn=None&ssid=tstxcpuhtc0000001791542804610&qH=a5594894156db043&ov_redirect=true,2026-10-09
44,"Google Pixel 10a (Berry, 256 GB)",Google,47999,55999,14% off,4.5,"3,244",362,8 GB RAM,256 GB ROM,5100 mAh Lithium Battery,Tensor G4 Processor,16.0 cm (6.3 inch) Full HD+ AMOLED Display,48MP + 13MP | 13MP Front Camera,,https://www.flipkart.com/google-pixel-10a-berry-256-gb/p/itm6cef0b0df57f9?pid=MOBHP6CEEXQH7AMC&lid=LSTMOBHP6CEEXQH7AMCJJBNIQ&marketplace=FLIPKART&q=smart+phones&store=tyy%2F4io&srno=s_2_44&otracker=search&fm=organic&iid=ba697b5b-2391-4d23-895a-1c138b75e2cc.MOBHP6CEEXQH7AMC.SEARCH&ppt=None&ppn=None&ssid=tstxcpuhtc0000001791542804610&qH=a5594894156db043&ov_redirect=true,2026-10-09
45,"OPPO K14x 5G 6500mAh and 45W SUPERVOOC Charger & AI (Icy Blue, 128 GB)",OPPO,24999,40999,39% off,4.4,"4,117",474,6 GB RAM,128 GB ROM,6500 mAh Battery,Dimensity 6300 Processor,17.14 cm (6.75 inch) HD+ Display,,,https://www.flipkart.com/oppo-k14x-5g-6500mah-45w-supervooc-charger-ai-icy-blue-128-gb/p/itmdcac5ae642971?pid=MOBHPHSH6U5TGZPY&lid=LSTMOBHPHSH6U5TGZPYP2HIS6&marketplace=FLIPKART&q=smart+phones&store=tyy%2F4io&srno=s_2_45&otracker=search&fm=organic&iid=ba697b5b-2391-4d23-895a-1c138b75e2cc.MOBHPHSH6U5TGZPY.SEARCH&ppt=None&ppn=None&ssid=tstxcpuhtc0000001791542804610&qH=a5594894156db043&ov_redirect=true,2026-10-09
46,"Ai+ Pulse 2 (Blue, 64 GB)",Ai+,8999,10999,18% off,4.1,"13,552",946,4 GB RAM,64 GB ROM,6000 mAh Battery,T7250 Processor,17.13 cm (6.745 inch) HD+ Display,50MP Rear Camera | 8MP Front Camera,,https://www.flipkart.com/ai-pulse-2-blue-64-gb/p/itm9168504534079?pid=MOBHKHPYZFF8KUPC&lid=LSTMOBHKHPYZFF8KUPCODDALK&marketplace=FLIPKART&q=smart+phones&store=tyy%2F4io&srno=s_2_46&otracker=search&fm=organic&iid=ba697b5b-2391-4d23-895a-1c138b75e2cc.MOBHKHPYZFF8KUPC.SEARCH&ppt=None&ppn=None&ssid=tstxcpuhtc0000001791542804610&qH=a5594894156db043&ov_redirect=true,2026-10-09
47,"BOLTT EVO (Sky Blue, 64 GB)",BOLTT,8999,17999,50% off,4.3,"2,048",987,4 GB RAM,64 GB ROM,6000 mAh Lithium ion Battery,T7250 Processor,6.79'' HD+ punch hole display,50MP + 2MP | 8MP Front Camera,,https://www.flipkart.com/boltt-evo-sky-blue-64-gb/p/itmf046d663a1fd7?pid=MOBHPP59WKSV4FYG&lid=LSTMOBHPP59WKSV4FYGYPMLV6&marketplace=FLIPKART&q=smart+phones&store=tyy%2F4io&srno=s_2_47&otracker=search&fm=organic&iid=en_t4AEj_vL1cJXSVlYn-92yYEpXVP9Vx7d0f0jDB1F3XMVsa0zrDhAl5iHMAcAOpjNiWdFa328hJ5Tl7uRbip-ZFs0LAPqMrP3q_6IRdvsZf8v-xLpHsowqsTTkUnwCqyZ&ppt=None&ppn=None&ssid=tstxcpuhtc0000001791542804610&qH=a5594894156db043&ov_redirect=true,2026-10-09
48,"BOLTT ACE 5G (Arctic White, 128 GB)",BOLTT,13499,26999,50% off,4.8,69,59,6 GB RAM,128 GB ROM,6000 mAh Lithium ion Battery,T8200 Processor,17.25 cm (6.79 inch) HD+ Display,64MP Rear Camera | 8MP Front Camera,,https://www.flipkart.com/boltt-ace-5g-arctic-white-128-gb/p/itm2eb0f483effdd?pid=MOBHPP599JHZUZBV&lid=LSTMOBHPP599JHZUZBVN1I3RX&marketplace=FLIPKART&q=smart+phones&store=tyy%2F4io&srno=s_2_48&otracker=search&fm=organic&iid=en_t4AEj_vL1cJXSVlYn-92yYEpXVP9Vx7d0f0jDB1F3XNhQBwjuVgXw_oJRxE61XIMqWMRb7XZ9LlJlXwsX-MeSpRRJF9TV-hbUYxhg9GdHDYvL5Qm6QSGetKYG2IG_OgI&ppt=None&ppn=None&ssid=tstxcpuhtc0000001791542804610&qH=a5594894156db043&ov_redirect=true,2026-10-09
49,"MOTOROLA g37 (PANTONE Impenetrable, 64 GB)",MOTOROLA,16249,24999,35% off,4.3,"4,151",226,4 GB RAM,64 GB ROM,5200 mAh Battery,Dimensity 6400 Processor,16.92 cm (6.66 inch) HD+ Display,50MP Rear Camera | 8MP Front Camera,,https://www.flipkart.com/motorola-g37-pantone-impenetrable-64-gb/p/itm40c0c7bcb21fc?pid=MOBHHWB6GWE2CKHU&lid=LSTMOBHHWB6GWE2CKHUQEA6X8&marketplace=FLIPKART&q=smart+phones&store=tyy%2F4io&srno=s_3_49&otracker=search&fm=organic&iid=2c51af89-4761-457e-8ce8-df0193ad2a6c.MOBHHWB6GWE2CKHU.SEARCH&ppt=None&ppn=None&ssid=bv2yaks8ow0000001791542807525&qH=a5594894156db043&ov_redirect=true,2026-10-09
50,"OPPO K14x 5G 6500mAh and 45W SUPERVOOC Charger & AI (Icy Blue, 128 GB)",OPPO,21999,35999,38% off,4.3,"8,442","1,001",4 GB RAM,128 GB ROM,6500 mAh Battery,Dimensity 6300 Processor,17.14 cm (6.75 inch) HD+ Display,,,https://www.flipkart.com/oppo-k14x-5g-6500mah-45w-supervooc-charger-ai-icy-blue-128-gb/p/itmdcac5ae642971?pid=MOBHPHSHEYGHCFN3&lid=LSTMOBHPHSHEYGHCFN3VJ5IMV&marketplace=FLIPKART&q=smart+phones&store=tyy%2F4io&srno=s_3_50&otracker=search&fm=organic&iid=2c51af89-4761-457e-8ce8-df0193ad2a6c.MOBHPHSHEYGHCFN3.SEARCH&ppt=None&ppn=None&ssid=bv2yaks8ow0000001791542807525&qH=a5594894156db043&ov_redirect=true,2026-10-09
51,"Mivi One 5G (Green, 128 GB)",Mivi,13999,23999,41% off,,,,6 GB RAM,128 GB ROM,6000 mAh Lithium Polymer Battery,Snapdragon 4 Gen 2 Processor,17.14 cm (6.75 inch) HD+ Display,50MP Rear Camera | 8MP Front Camera,,https://www.flipkart.com/mivi-one-5g-green-128-gb/p/itm7ea6be1c1d0bf?pid=MOBHR3ZPFRUFFEBF&lid=LSTMOBHR3ZPFRUFFEBFXXFJBJ&marketplace=FLIPKART&q=smart+phones&store=tyy%2F4io&srno=s_3_51&otracker=search&fm=organic&iid=en_0HlbVHeCBdHeI5pFyjE4rf3sZPZB_3CxUQmx1VL9MiGlE_cQCDPpVmWPbFKlBxExzBcC0adnJVDAF994s5Z8VdXXcDpR_S7wBKL_ui3585ONagpfT6iYFjWFmMEccF8H&ppt=None&ppn=None&ssid=bv2yaks8ow0000001791542807525&qH=a5594894156db043&ov_redirect=true,2026-10-09
52,"BOLTT ACE 5G (Lavender Bloom, 64 GB)",BOLTT,11999,24999,52% off,4.2,477,226,4 GB RAM,64 GB ROM,6000 mAh Lithium ion Battery,T8200 Processor,17.25 cm (6.79 inch) HD+ Display,64MP Rear Camera | 8MP Front Camera,,https://www.flipkart.com/boltt-ace-5g-lavender-bloom-64-gb/p/itm2eb0f483effdd?pid=MOBHPP59CGDHZVJY&lid=LSTMOBHPP59CGDHZVJYFJP39X&marketplace=FLIPKART&q=smart+phones&store=tyy%2F4io&srno=s_3_52&otracker=search&fm=organic&iid=en_0HlbVHeCBdHeI5pFyjE4rf3sZPZB_3CxUQmx1VL9MiGk38a9MG1tFBwU1nr0-H7D6EjlcJGcWKVIdsXhsZKqlc-Hfce6zHM39GsmaCxEcE2NagpfT6iYFjWFmMEccF8H&ppt=None&ppn=None&ssid=bv2yaks8ow0000001791542807525&qH=a5594894156db043&ov_redirect=true,2026-10-09
53,"POCO M8x 5G (Leather Green, 128 GB)",POCO,18999,44999,57% off,3.9,354,132,4 GB RAM,128 GB ROM,7900 mAh Lithium-Ion Polymer Battery,4 Gen 5 Processor,17.53 cm (6.9 inch) Full HD Display,50MP Rear Camera,,https://www.flipkart.com/poco-m8x-5g-leather-green-128-gb/p/itm8b4c9e3c393f3?pid=MOBHPCYNKZKMMGKU&lid=LSTMOBHPCYNKZKMMGKUVDB89C&marketplace=FLIPKART&q=smart+phones&store=tyy%2F4io&srno=s_3_53&otracker=search&fm=organic&iid=2c51af89-4761-457e-8ce8-df0193ad2a6c.MOBHPCYNKZKMMGKU.SEARCH&ppt=None&ppn=None&ssid=bv2yaks8ow0000001791542807525&qH=a5594894156db043&ov_redirect=true,2026-10-09
54,"MOTOROLA g37 power (PANTONE Nautical Blue, 128 GB)",MOTOROLA,19499,30499,36% off,4.2,"9,755",866,4 GB RAM,128 GB ROM,7000 mAh Battery,Dimensity 6400 Processor,16.92 cm (6.66 inch) HD+ Display,50MP Rear Camera | 8MP Front Camera,,https://www.flipkart.com/motorola-g37-power-pantone-nautical-blue-128-gb/p/itmf752f4981d932?pid=MOBHHVFYGN57RYAH&lid=LSTMOBHHVFYGN57RYAH8U08EM&marketplace=FLIPKART&q=smart+phones&store=tyy%2F4io&srno=s_3_54&otracker=search&fm=organic&iid=2c51af89-4761-457e-8ce8-df0193ad2a6c.MOBHHVFYGN57RYAH.SEARCH&ppt=None&ppn=None&ssid=bv2yaks8ow0000001791542807525&qH=a5594894156db043&ov_redirect=true,2026-10-09
55,"Ai+ Nova 2 Neo 5G (Blue, 64 GB)",Ai+,12499,17999,30% off,4.3,"2,452",212,4 GB RAM,64 GB ROM,6000 mAh Li-polymer Battery,Dimensity 6300 Processor,17.13 cm (6.745 inch) HD+ Display,48MP Rear Camera | 8MP Front Camera,,https://www.flipkart.com/ai-nova-2-neo-5g-blue-64-gb/p/itm9cecebc4cb5bb?pid=MOBHZ8ZMUE2GBADZ&lid=LSTMOBHZ8ZMUE2GBADZGIDDQX&marketplace=FLIPKART&q=smart+phones&store=tyy%2F4io&srno=s_3_55&otracker=search&fm=organic&iid=2c51af89-4761-457e-8ce8-df0193ad2a6c.MOBHZ8ZMUE2GBADZ.SEARCH&ppt=None&ppn=None&ssid=bv2yaks8ow0000001791542807525&qH=a5594894156db043&ov_redirect=true,2026-10-09
56,"BOLTT EVO (Berry Red, 128 GB)",BOLTT,10499,18999,44% off,4,"2,616","1,184",6 GB RAM,128 GB ROM,6000 mAh Lithium ion Battery,T7250 Processor,6.79'' HD+ punch hole display,50MP + 2MP | 8MP Front Camera,,https://www.flipkart.com/boltt-evo-berry-red-128-gb/p/itmf046d663a1fd7?pid=MOBHPP59TUYYPWP5&lid=LSTMOBHPP59TUYYPWP5U7J1VB&marketplace=FLIPKART&q=smart+phones&store=tyy%2F4io&srno=s_3_56&otracker=search&fm=organic&iid=2c51af89-4761-457e-8ce8-df0193ad2a6c.MOBHPP59TUYYPWP5.SEARCH&ppt=None&ppn=None&ssid=bv2yaks8ow0000001791542807525&qH=a5594894156db043&ov_redirect=true,2026-10-09
57,"BOLTT EVO (Midnight Black, 64 GB)",BOLTT,8999,17999,50% off,4.3,"2,048",987,4 GB RAM,64 GB ROM,6000 mAh Lithium ion Battery,T7250 Processor,6.79'' HD+ punch hole display,50MP + 2MP | 8MP Front Camera,,https://www.flipkart.com/boltt-evo-midnight-black-64-gb/p/itmf046d663a1fd7?pid=MOBHPP597GB8ZHTY&lid=LSTMOBHPP597GB8ZHTYGYX70A&marketplace=FLIPKART&q=smart+phones&store=tyy%2F4io&srno=s_3_57&otracker=search&fm=organic&iid=en_0HlbVHeCBdHeI5pFyjE4rf3sZPZB_3CxUQmx1VL9MiH8wtdmR1yX0uAAhcB5CYIvmufLsD40cfOytTrT-2ACNqoJtuV9R_JTLQ6A0_d1zMTuAJgenw9s2XXmvfgDn8wM&ppt=None&ppn=None&ssid=bv2yaks8ow0000001791542807525&qH=a5594894156db043&ov_redirect=true,2026-10-09
58,"BOLTT EVO (Arctic White, 64 GB)",BOLTT,8999,17999,50% off,4.3,"2,048",987,4 GB RAM,64 GB ROM,6000 mAh Lithium ion Battery,T7250 Processor,6.79'' HD+ punch hole display,50MP + 2MP | 8MP Front Camera,,https://www.flipkart.com/boltt-evo-arctic-white-64-gb/p/itmf046d663a1fd7?pid=MOBHPP59BYSJ98M8&lid=LSTMOBHPP59BYSJ98M8RWYHGQ&marketplace=FLIPKART&q=smart+phones&store=tyy%2F4io&srno=s_3_58&otracker=search&fm=organic&iid=en_0HlbVHeCBdHeI5pFyjE4rf3sZPZB_3CxUQmx1VL9MiGa316oEmyTb8S7Dgy6hqKnMw_YrC6cGEjKq2WZ8-8z4kJqULiYX7S4erGGIr8dEejuAJgenw9s2XXmvfgDn8wM&ppt=None&ppn=None&ssid=bv2yaks8ow0000001791542807525&qH=a5594894156db043&ov_redirect=true,2026-10-09
59,"Nothing Phone (4b) (Black, 128 GB)",Nothing,29999,49999,40% off,,,,6 GB RAM,128 GB ROM,6000 mAh Lithium ion Battery,6 Gen 4 Processor,17.2 cm (6.77 inch) Full HD+ AMOLED Display,50MP + 8MP | 16MP Front Camera,,https://www.flipkart.com/nothing-phone-4b-black-128-gb/p/itm939608b40adbb?pid=MOBHQENAAVZ8F6YP&lid=LSTMOBHQENAAVZ8F6YPTSL9I2&marketplace=FLIPKART&q=smart+phones&store=tyy%2F4io&srno=s_3_59&otracker=search&fm=organic&iid=2c51af89-4761-457e-8ce8-df0193ad2a6c.MOBHQENAAVZ8F6YP.SEARCH&ppt=None&ppn=None&ssid=bv2yaks8ow0000001791542807525&qH=a5594894156db043&ov_redirect=true,2026-10-09
60,"OPPO K14x 5G 6500mAh and 45W SUPERVOOC Charger & AI (Prism Violet, 128 GB)",OPPO,21999,35999,38% off,4.3,"8,442","1,001",4 GB RAM,128 GB ROM,6500 mAh Battery,Dimensity 6300 Processor,17.14 cm (6.75 inch) HD+ Display,,,https://www.flipkart.com/oppo-k14x-5g-6500mah-45w-supervooc-charger-ai-prism-violet-128-gb/p/itmdcac5ae642971?pid=MOBHPHSHZ7GRRXNA&lid=LSTMOBHPHSHZ7GRRXNA30X6M9&marketplace=FLIPKART&q=smart+phones&store=tyy%2F4io&srno=s_3_60&otracker=search&fm=organic&iid=2c51af89-4761-457e-8ce8-df0193ad2a6c.MOBHPHSHZ7GRRXNA.SEARCH&ppt=None&ppn=None&ssid=bv2yaks8ow0000001791542807525&qH=a5594894156db043&ov_redirect=true,2026-10-09
61,"Nothing Phone (4b) (White, 128 GB)",Nothing,29999,49999,40% off,,,,6 GB RAM,128 GB ROM,6000 mAh Lithium ion Battery,6 Gen 4 Processor,17.2 cm (6.77 inch) Full HD+ AMOLED Display,50MP + 8MP | 16MP Front Camera,,https://www.flipkart.com/nothing-phone-4b-white-128-gb/p/itm939608b40adbb?pid=MOBHQENATV85KYCZ&lid=LSTMOBHQENATV85KYCZ0HUCMA&marketplace=FLIPKART&q=smart+phones&store=tyy%2F4io&srno=s_3_61&otracker=search&fm=organic&iid=en_0HlbVHeCBdHeI5pFyjE4rf3sZPZB_3CxUQmx1VL9MiHI348cF0jOxVJRRvtvL3x5JRWmJqRScuDEhLBoCJQ_-zmhNhj8Rec88cH_U33TMLXuAJgenw9s2XXmvfgDn8wM&ppt=None&ppn=None&ssid=bv2yaks8ow0000001791542807525&qH=a5594894156db043&ov_redirect=true,2026-10-09
62,"BOLTT ACE 5G (Midnight Black, 128 GB)",BOLTT,13499,26999,50% off,4.8,69,59,6 GB RAM,128 GB ROM,6000 mAh Lithium ion Battery,T8200 Processor,17.25 cm (6.79 inch) HD+ Display,64MP Rear Camera | 8MP Front Camera,,https://www.flipkart.com/boltt-ace-5g-midnight-black-128-gb/p/itmc7395bddbb3a4?pid=MOBHPP59KHGRQGZK&lid=LSTMOBHPP59KHGRQGZKG8NGAJ&marketplace=FLIPKART&q=smart+phones&store=tyy%2F4io&srno=s_3_62&otracker=search&fm=organic&iid=en_0HlbVHeCBdHeI5pFyjE4rf3sZPZB_3CxUQmx1VL9MiGObaXxO_4q9JSl0vLWisTHceO83KH40hAfyKb6-RK5emI2n1F29CDxktZayioP0zqNagpfT6iYFjWFmMEccF8H&ppt=None&ppn=None&ssid=bv2yaks8ow0000001791542807525&qH=a5594894156db043&ov_redirect=true,2026-10-09
63,"Ai+ Nova 2 Power 5G (Deep Purple, 128 GB)",Ai+,17999,29999,40% off,4.1,123,16,8 GB RAM,128 GB ROM,7000 mAh Li-polymer Battery,Dimensity 7100 Processor,17.14 cm (6.75 inch) HD+ Display,48MP + 8MP | 13MP Front Camera,,https://www.flipkart.com/ai-nova-2-power-5g-deep-purple-128-gb/p/itmb7aedf4e0e42b?pid=MOBHQZVXP4CQQ38H&lid=LSTMOBHQZVXP4CQQ38HTFJKMM&marketplace=FLIPKART&q=smart+phones&store=tyy%2F4io&srno=s_3_63&otracker=search&fm=organic&iid=2c51af89-4761-457e-8ce8-df0193ad2a6c.MOBHQZVXP4CQQ38H.SEARCH&ppt=None&ppn=None&ssid=bv2yaks8ow0000001791542807525&qH=a5594894156db043&ov_redirect=true,2026-10-09
64,"POCO C85x 5G (Sunset Gold, 128 GB)",POCO,14999,21999,31% off,4.1,"6,075",812,4 GB RAM,128 GB ROM,6300 mAh Lithium-Ion Polymer Battery,T8300 Processor,17.53 cm (6.9 inch) HD+ Display,32MP Rear Camera,,https://www.flipkart.com/poco-c85x-5g-sunset-gold-128-gb/p/itm20c91efa7906e?pid=MOBHMGG5BR94DQRY&lid=LSTMOBHMGG5BR94DQRY8N6NYY&marketplace=FLIPKART&q=smart+phones&store=tyy%2F4io&srno=s_3_64&otracker=search&fm=organic&iid=2c51af89-4761-457e-8ce8-df0193ad2a6c.MOBHMGG5BR94DQRY.SEARCH&ppt=None&ppn=None&ssid=bv2yaks8ow0000001791542807525&qH=a5594894156db043&ov_redirect=true,2026-10-09
65,"Samsung Galaxy S25 5G Snapdragon (Navy, 256 GB)",Samsung,60299,114999,47% off,4.6,"6,830",972,12 GB RAM,256 GB ROM,4000 mAh Battery,8 Elite for Galaxy Processor,15.75 cm (6.2 inch) Full HD+ Display,50MP + 10MP + 12MP | 12MP Front Camera,,https://www.flipkart.com/samsung-galaxy-s25-5g-snapdragon-navy-256-gb/p/itm21a6fef66d537?pid=MOBHQCH6WUTZHHBH&lid=LSTMOBHQCH6WUTZHHBHIJDIBU&marketplace=FLIPKART&q=smart+phones&store=tyy%2F4io&srno=s_3_65&otracker=search&fm=organic&iid=2c51af89-4761-457e-8ce8-df0193ad2a6c.MOBHQCH6WUTZHHBH.SEARCH&ppt=None&ppn=None&ssid=bv2yaks8ow0000001791542807525&qH=a5594894156db043&ov_redirect=true,2026-10-09
66,"MOTOROLA edge 70 pro (Satin-Luxe PANTONE Tea (Green), 256 GB)",MOTOROLA,39999,69999,42% off,4.3,991,117,8 GB RAM,256 GB ROM,6500 mAh Silicon-Carbon Battery,Dimensity 8500 Extreme Processor,17.27 cm (6.8 inch) Full HD+ Super AMOLED Display,50MP + 50MP | 50MP Front Camera,,https://www.flipkart.com/motorola-edge-70-pro-satin-luxe-pantone-tea-green-256-gb/p/itmad36b25ee48bf?pid=MOBHN9734ZPCKBAC&lid=LSTMOBHN9734ZPCKBACJUQ4X8&marketplace=FLIPKART&q=smart+phones&store=tyy%2F4io&srno=s_3_66&otracker=search&fm=organic&iid=2c51af89-4761-457e-8ce8-df0193ad2a6c.MOBHN9734ZPCKBAC.SEARCH&ppt=None&ppn=None&ssid=bv2yaks8ow0000001791542807525&qH=a5594894156db043&ov_redirect=true,2026-10-09
67,"BOLTT EVO (Arctic White, 128 GB)",BOLTT,10499,18999,44% off,4,"2,616","1,184",6 GB RAM,128 GB ROM,6000 mAh Lithium ion Battery,T7250 Processor,6.79'' HD+ punch hole display,50MP + 2MP | 8MP Front Camera,,https://www.flipkart.com/boltt-evo-arctic-white-128-gb/p/itmf046d663a1fd7?pid=MOBHPP59GKGTGZGA&lid=LSTMOBHPP59GKGTGZGAIEMNWG&marketplace=FLIPKART&q=smart+phones&store=tyy%2F4io&srno=s_3_67&otracker=search&fm=organic&iid=en_0HlbVHeCBdHeI5pFyjE4rf3sZPZB_3CxUQmx1VL9MiHRcAx01Y3QjKw7_rzmaR_K2d7HEcpMQaj_c2xS4y4sBI6iFcCMcne0NcY1l-GNU4zuAJgenw9s2XXmvfgDn8wM&ppt=None&ppn=None&ssid=bv2yaks8ow0000001791542807525&qH=a5594894156db043&ov_redirect=true,2026-10-09
68,"Mivi One 5G (Burgundy, 128 GB)",Mivi,14999,25999,42% off,,,,8 GB RAM,128 GB ROM,6000 mAh Lithium Polymer Battery,Snapdragon 4 Gen 2 Processor,17.14 cm (6.75 inch) HD+ Display,50MP Rear Camera | 8MP Front Camera,,https://www.flipkart.com/mivi-one-5g-burgundy-128-gb/p/itm3fb0c94957b9f?pid=MOBHR3ZP74GDCQQC&lid=LSTMOBHR3ZP74GDCQQC3F0WAL&marketplace=FLIPKART&q=smart+phones&store=tyy%2F4io&srno=s_3_68&otracker=search&fm=organic&iid=en_0HlbVHeCBdHeI5pFyjE4rf3sZPZB_3CxUQmx1VL9MiHM1Ba5itGoCV5YOUm8B2XElhTq3TNR9LJbyvkcUs0E5h5lnB_B3YgA2Ah0gCCIDM6NagpfT6iYFjWFmMEccF8H&ppt=None&ppn=None&ssid=bv2yaks8ow0000001791542807525&qH=a5594894156db043&ov_redirect=true,2026-10-09
69,"realme P4x 5G (Elegant Pink, 128 GB)",realme,22999,38999,41% off,4.3,"15,964","1,373",6 GB RAM,128 GB ROM,7000 mAh Battery,Dimensity 7400 Ultra Processor,17.07 cm (6.72 inch) Full HD+ Display,50MP + 2MP | 8MP Front Camera,,https://www.flipkart.com/realme-p4x-5g-elegant-pink-128-gb/p/itm575b1540859e4?pid=MOBHN7A8GXPNGYW4&lid=LSTMOBHN7A8GXPNGYW46JFEQO&marketplace=FLIPKART&q=smart+phones&store=tyy%2F4io&srno=s_3_69&otracker=search&fm=organic&iid=2c51af89-4761-457e-8ce8-df0193ad2a6c.MOBHN7A8GXPNGYW4.SEARCH&ppt=None&ppn=None&ssid=bv2yaks8ow0000001791542807525&qH=a5594894156db043&ov_redirect=true,2026-10-09
70,"OPPO K14 Plus 5G (Star White, 128 GB)",OPPO,32999,64999,49% off,4.3,55,19,8 GB RAM,128 GB ROM,8000 mAh Battery,Dimensity 7360 MAX Processor,17.22 cm (6.78 inch) Full HD+ AMOLED Display,50MP + 2MP | 16MP Front Camera,,https://www.flipkart.com/oppo-k14-plus-5g-star-white-128-gb/p/itm6b2b1016fd57a?pid=MOBHR3ZYYA883ZPH&lid=LSTMOBHR3ZYYA883ZPHYQ6CBJ&marketplace=FLIPKART&q=smart+phones&store=tyy%2F4io&srno=s_3_70&otracker=search&fm=organic&iid=2c51af89-4761-457e-8ce8-df0193ad2a6c.MOBHR3ZYYA883ZPH.SEARCH&ppt=None&ppn=None&ssid=bv2yaks8ow0000001791542807525&qH=a5594894156db043&ov_redirect=true,2026-10-09
71,"BOLTT EVO (Sky Blue, 64 GB)",BOLTT,8999,17999,50% off,4.3,"2,048",987,4 GB RAM,64 GB ROM,6000 mAh Lithium ion Battery,T7250 Processor,6.79'' HD+ punch hole display,50MP + 2MP | 8MP Front Camera,,https://www.flipkart.com/boltt-evo-sky-blue-64-gb/p/itmf046d663a1fd7?pid=MOBHPP59WKSV4FYG&lid=LSTMOBHPP59WKSV4FYGYPMLV6&marketplace=FLIPKART&q=smart+phones&store=tyy%2F4io&srno=s_3_71&otracker=search&fm=organic&iid=en_0HlbVHeCBdHeI5pFyjE4rf3sZPZB_3CxUQmx1VL9MiHRwCLi2WwP0Ck1dema9S_XiWdFa328hJ5Tl7uRbip-ZFs0LAPqMrP3q_6IRdvsZf_uAJgenw9s2XXmvfgDn8wM&ppt=None&ppn=None&ssid=bv2yaks8ow0000001791542807525&qH=a5594894156db043&ov_redirect=true,2026-10-09
72,"BOLTT ACE 5G (Arctic White, 128 GB)",BOLTT,13499,26999,50% off,4.8,69,59,6 GB RAM,128 GB ROM,6000 mAh Lithium ion Battery,T8200 Processor,17.25 cm (6.79 inch) HD+ Display,64MP Rear Camera | 8MP Front Camera,,https://www.flipkart.com/boltt-ace-5g-arctic-white-128-gb/p/itm2eb0f483effdd?pid=MOBHPP599JHZUZBV&lid=LSTMOBHPP599JHZUZBVN1I3RX&marketplace=FLIPKART&q=smart+phones&store=tyy%2F4io&srno=s_3_72&otracker=search&fm=organic&iid=en_0HlbVHeCBdHeI5pFyjE4rf3sZPZB_3CxUQmx1VL9MiFWfNw6tEqA8Gofwb8VtanoqWMRb7XZ9LlJlXwsX-MeSpRRJF9TV-hbUYxhg9GdHDYKujUPSJw8GUSwyWDTLFms&ppt=None&ppn=None&ssid=bv2yaks8ow0000001791542807525&qH=a5594894156db043&ov_redirect=true,2026-10-09
73,"Samsung Galaxy S23 5G (Green, 256 GB)",Samsung,26499,95999,72% off,4.6,"78,802","5,681",8 GB RAM,256 GB ROM,3900 mAh Lithium Ion Battery,Qualcomm Snapdragon 8 Gen 2 Processor,15.49 cm (6.1 inch) Full HD+ Display,50MP + 10MP + 12MP | 12MP Front Camera,,https://www.flipkart.com/samsung-galaxy-s23-5g-green-256-gb/p/itm6840743bfd1ef?pid=MOBGMFFXB7RGPNET&lid=LSTMOBGMFFXB7RGPNETJZGNDL&marketplace=FLIPKART&q=smart+phones&store=tyy%2F4io&srno=s_4_73&otracker=search&fm=organic&iid=30fb422c-ed2c-4e1e-b9de-ad8baaa6025a.MOBGMFFXB7RGPNET.SEARCH&ppt=None&ppn=None&ssid=9mywql38qo0000001791542810419&qH=a5594894156db043,2026-10-09
74,"vivo T5 5G (Royal Bronze, 128 GB)",vivo,34999,49999,30% off,4.5,689,90,6 GB RAM,128 GB ROM,7050 mAh Li-ion Battery,Dimensity 7500 Processor,17.35 cm (6.83 inch) Full HD+ AMOLED Display,50MP + 8MP | 32MP Front Camera,,https://www.flipkart.com/vivo-t5-5g-royal-bronze-128-gb/p/itm8fa150d1fa2d2?pid=MOBHQC8DMYUHNY2A&lid=LSTMOBHQC8DMYUHNY2AXSLLSW&marketplace=FLIPKART&q=smart+phones&store=tyy%2F4io&srno=s_4_74&otracker=search&fm=organic&iid=30fb422c-ed2c-4e1e-b9de-ad8baaa6025a.MOBHQC8DMYUHNY2A.SEARCH&ppt=None&ppn=None&ssid=9mywql38qo0000001791542810419&qH=a5594894156db043,2026-10-09
75,"vivo T5 5G (Silver Green, 128 GB)",vivo,34999,49999,30% off,4.5,689,90,6 GB RAM,128 GB ROM,7050 mAh Li-ion Battery,Dimensity 7500 Processor,17.35 cm (6.83 inch) Full HD+ AMOLED Display,50MP + 8MP | 32MP Front Camera,,https://www.flipkart.com/vivo-t5-5g-silver-green-128-gb/p/itm8fa150d1fa2d2?pid=MOBHQC8DQGZMMCB8&lid=LSTMOBHQC8DQGZMMCB8YZZYDV&marketplace=FLIPKART&q=smart+phones&store=tyy%2F4io&srno=s_4_75&otracker=search&fm=organic&iid=30fb422c-ed2c-4e1e-b9de-ad8baaa6025a.MOBHQC8DQGZMMCB8.SEARCH&ppt=None&ppn=None&ssid=9mywql38qo0000001791542810419&qH=a5594894156db043,2026-10-09
76,"realme P4 Lite 5G (Mosaic Green, 128 GB)",realme,21999,36999,40% off,4.2,"2,478",199,6 GB RAM,128 GB ROM,7000 mAh lithium-ion polymer Battery,Dimensity 6300 Processor,17.27 cm (6.8 inches) HD+ Display,13MP Rear Camera | 5MP Front Camera,,https://www.flipkart.com/realme-p4-lite-5g-mosaic-green-128-gb/p/itm90c243961f214?pid=MOBHN7A8YFWPC9ZV&lid=LSTMOBHN7A8YFWPC9ZVEJ5AZE&marketplace=FLIPKART&q=smart+phones&store=tyy%2F4io&srno=s_4_76&otracker=search&fm=organic&iid=30fb422c-ed2c-4e1e-b9de-ad8baaa6025a.MOBHN7A8YFWPC9ZV.SEARCH&ppt=None&ppn=None&ssid=9mywql38qo0000001791542810419&qH=a5594894156db043,2026-10-09
77,"Mivi One 5G (Green, 128 GB)",Mivi,13999,23999,41% off,,,,6 GB RAM,128 GB ROM,6000 mAh Lithium Polymer Battery,Snapdragon 4 Gen 2 Processor,17.14 cm (6.75 inch) HD+ Display,50MP Rear Camera | 8MP Front Camera,,https://www.flipkart.com/mivi-one-5g-green-128-gb/p/itm7ea6be1c1d0bf?pid=MOBHR3ZPFRUFFEBF&lid=LSTMOBHR3ZPFRUFFEBFXXFJBJ&marketplace=FLIPKART&q=smart+phones&store=tyy%2F4io&srno=s_4_77&otracker=search&fm=organic&iid=en_RWdwJMwXPxSWaGQAWsN_Q6qh_XNEucAdWtv1hfvkxUO9o-ltGqk7sapnu2Z9mDH5zBcC0adnJVDAF994s5Z8VdXXcDpR_S7wBKL_ui3585M4OdhtUcE4AqUm50dwG5IT&ppt=None&ppn=None&ssid=9mywql38qo0000001791542810419&qH=a5594894156db043,2026-10-09
78,"BOLTT ACE 5G (Lavender Bloom, 64 GB)",BOLTT,11999,24999,52% off,4.2,477,226,4 GB RAM,64 GB ROM,6000 mAh Lithium ion Battery,T8200 Processor,17.25 cm (6.79 inch) HD+ Display,64MP Rear Camera | 8MP Front Camera,,https://www.flipkart.com/boltt-ace-5g-lavender-bloom-64-gb/p/itm2eb0f483effdd?pid=MOBHPP59CGDHZVJY&lid=LSTMOBHPP59CGDHZVJYFJP39X&marketplace=FLIPKART&q=smart+phones&store=tyy%2F4io&srno=s_4_78&otracker=search&fm=organic&iid=en_RWdwJMwXPxSWaGQAWsN_Q6qh_XNEucAdWtv1hfvkxUPMzF2IU-w5xGNCJjSsUqCR6EjlcJGcWKVIdsXhsZKqlc-Hfce6zHM39GsmaCxEcE04OdhtUcE4AqUm50dwG5IT&ppt=None&ppn=None&ssid=9mywql38qo0000001791542810419&qH=a5594894156db043,2026-10-09
79,"Samsung Galaxy S25 FE 5G (Jetblack, 128 GB)",Samsung,44999,89999,50% off,4.6,"3,740",600,8 GB RAM,128 GB ROM,4900 mAh Li-ion Battery,Exynos 2400 Processor,17.02 cm (6.7 inch) Full HD+ Display,50MP + 12MP + 8MP | 12MP Front Camera,,https://www.flipkart.com/samsung-galaxy-s25-fe-5g-jetblack-128-gb/p/itm90e887b150eea?pid=MOBHQCH6FPTX5FZ2&lid=LSTMOBHQCH6FPTX5FZ26HBEZT&marketplace=FLIPKART&q=smart+phones&store=tyy%2F4io&srno=s_4_79&otracker=search&fm=organic&iid=30fb422c-ed2c-4e1e-b9de-ad8baaa6025a.MOBHQCH6FPTX5FZ2.SEARCH&ppt=None&ppn=None&ssid=9mywql38qo0000001791542810419&qH=a5594894156db043,2026-10-09
80,"POCO C81x (Ice Blue, 64 GB)",POCO,11999,18999,36% off,3.9,667,40,3 GB RAM,64 GB ROM,5200 mAh Lithium-Ion Polymer Battery,T7250 Processor,17.48 cm (6.88 inch) Display,13MP Rear Camera | 8MP Front Camera,,https://www.flipkart.com/poco-c81x-ice-blue-64-gb/p/itmf2e3aacd5257e?pid=MOBHMYWRWPE4S8G6&lid=LSTMOBHMYWRWPE4S8G6INAADH&marketplace=FLIPKART&q=smart+phones&store=tyy%2F4io&srno=s_4_80&otracker=search&fm=organic&iid=30fb422c-ed2c-4e1e-b9de-ad8baaa6025a.MOBHMYWRWPE4S8G6.SEARCH&ppt=None&ppn=None&ssid=9mywql38qo0000001791542810419&qH=a5594894156db043,2026-10-09
81,"BOLTT EVO (Midnight Black, 64 GB)",BOLTT,8999,17999,50% off,4.3,"2,048",987,4 GB RAM,64 GB ROM,6000 mAh Lithium ion Battery,T7250 Processor,6.79'' HD+ punch hole display,50MP + 2MP | 8MP Front Camera,,https://www.flipkart.com/boltt-evo-midnight-black-64-gb/p/itmf046d663a1fd7?pid=MOBHPP597GB8ZHTY&lid=LSTMOBHPP597GB8ZHTYGYX70A&marketplace=FLIPKART&q=smart+phones&store=tyy%2F4io&srno=s_4_81&otracker=search&fm=organic&iid=en_RWdwJMwXPxSWaGQAWsN_Q6qh_XNEucAdWtv1hfvkxUO3P4PqXBG1I5zr6Uw1kBmImufLsD40cfOytTrT-2ACNqoJtuV9R_JTLQ6A0_d1zMQtyMaKUHDKJfkFlbqLrg5f&ppt=None&ppn=None&ssid=9mywql38qo0000001791542810419&qH=a5594894156db043,2026-10-09
82,"BOLTT EVO (Arctic White, 64 GB)",BOLTT,8999,17999,50% off,4.3,"2,048",987,4 GB RAM,64 GB ROM,6000 mAh Lithium ion Battery,T7250 Processor,6.79'' HD+ punch hole display,50MP + 2MP | 8MP Front Camera,,https://www.flipkart.com/boltt-evo-arctic-white-64-gb/p/itmf046d663a1fd7?pid=MOBHPP59BYSJ98M8&lid=LSTMOBHPP59BYSJ98M8RWYHGQ&marketplace=FLIPKART&q=smart+phones&store=tyy%2F4io&srno=s_4_82&otracker=search&fm=organic&iid=en_RWdwJMwXPxSWaGQAWsN_Q6qh_XNEucAdWtv1hfvkxUPUOXg1nSTVxVruuVfYUDFXMw_YrC6cGEjKq2WZ8-8z4kJqULiYX7S4erGGIr8dEegtyMaKUHDKJfkFlbqLrg5f&ppt=None&ppn=None&ssid=9mywql38qo0000001791542810419&qH=a5594894156db043,2026-10-09
83,"Samsung Galaxy S25 5G Snapdragon (Navy, 256 GB)",Samsung,60299,114999,47% off,4.6,"6,830",972,12 GB RAM,256 GB ROM,4000 mAh Battery,8 Elite for Galaxy Processor,15.75 cm (6.2 inch) Full HD+ Display,50MP + 10MP + 12MP | 12MP Front Camera,,https://www.flipkart.com/samsung-galaxy-s25-5g-snapdragon-navy-256-gb/p/itm21a6fef66d537?pid=MOBHQCH6WUTZHHBH&lid=LSTMOBHQCH6WUTZHHBHIJDIBU&marketplace=FLIPKART&q=smart+phones&store=tyy%2F4io&srno=s_4_83&otracker=search&fm=organic&iid=30fb422c-ed2c-4e1e-b9de-ad8baaa6025a.MOBHQCH6WUTZHHBH.SEARCH&ppt=None&ppn=None&ssid=9mywql38qo0000001791542810419&qH=a5594894156db043,2026-10-09
84,"MOTOROLA Edge 70 Fusion Snapdragon (Pantone COUNTRY AIR, 128 GB)",MOTOROLA,30999,49999,38% off,4.4,"18,856","2,057",8 GB RAM,128 GB ROM,7000 mAh Battery,Snapdragon 7s Gen 4 Processor,17.27 cm (6.8 inch) Super HD Display,50MP + 13MP | 32MP Front Camera,,https://www.flipkart.com/motorola-edge-70-fusion-snapdragon-pantone-country-air-128-gb/p/itm35e1629da7123?pid=MOBHN973BZYNQ9XZ&lid=LSTMOBHN973BZYNQ9XZFCZALU&marketplace=FLIPKART&q=smart+phones&store=tyy%2F4io&srno=s_4_84&otracker=search&fm=organic&iid=30fb422c-ed2c-4e1e-b9de-ad8baaa6025a.MOBHN973BZYNQ9XZ.SEARCH&ppt=None&ppn=None&ssid=9mywql38qo0000001791542810419&qH=a5594894156db043,2026-10-09
85,"realme P4 Lite 5G (Mosaic Green, 64 GB)",realme,15999,28999,44% off,4.2,"15,151",939,4 GB RAM,64 GB ROM,7000 mAh lithium-ion polymer Battery,Dimensity 6300 Processor,17.27 cm (6.8 inches) HD+ Display,13MP Rear Camera | 5MP Front Camera,,https://www.flipkart.com/realme-p4-lite-5g-mosaic-green-64-gb/p/itm90c243961f214?pid=MOBHN7A8SZ7F9C7T&lid=LSTMOBHN7A8SZ7F9C7TYM0TGX&marketplace=FLIPKART&q=smart+phones&store=tyy%2F4io&srno=s_4_85&otracker=search&fm=organic&iid=30fb422c-ed2c-4e1e-b9de-ad8baaa6025a.MOBHN7A8SZ7F9C7T.SEARCH&ppt=None&ppn=None&ssid=9mywql38qo0000001791542810419&qH=a5594894156db043,2026-10-09
86,"MOTOROLA edge 70 pro (Satin-Luxe PANTONE Tea (Green), 256 GB)",MOTOROLA,39999,69999,42% off,4.3,991,117,8 GB RAM,256 GB ROM,6500 mAh Silicon-Carbon Battery,Dimensity 8500 Extreme Processor,17.27 cm (6.8 inch) Full HD+ Super AMOLED Display,50MP + 50MP | 50MP Front Camera,,https://www.flipkart.com/motorola-edge-70-pro-satin-luxe-pantone-tea-green-256-gb/p/itmad36b25ee48bf?pid=MOBHN9734ZPCKBAC&lid=LSTMOBHN9734ZPCKBACJUQ4X8&marketplace=FLIPKART&q=smart+phones&store=tyy%2F4io&srno=s_4_86&otracker=search&fm=organic&iid=30fb422c-ed2c-4e1e-b9de-ad8baaa6025a.MOBHN9734ZPCKBAC.SEARCH&ppt=None&ppn=None&ssid=9mywql38qo0000001791542810419&qH=a5594894156db043,2026-10-09
87,"Nothing Phone (4b) (White, 128 GB)",Nothing,29999,49999,40% off,,,,6 GB RAM,128 GB ROM,6000 mAh Lithium ion Battery,6 Gen 4 Processor,17.2 cm (6.77 inch) Full HD+ AMOLED Display,50MP + 8MP | 16MP Front Camera,,https://www.flipkart.com/nothing-phone-4b-white-128-gb/p/itm939608b40adbb?pid=MOBHQENATV85KYCZ&lid=LSTMOBHQENATV85KYCZ0HUCMA&marketplace=FLIPKART&q=smart+phones&store=tyy%2F4io&srno=s_4_87&otracker=search&fm=organic&iid=en_RWdwJMwXPxSWaGQAWsN_Q6qh_XNEucAdWtv1hfvkxUMLH87pRDtyaHLT8vEmq_LZJRWmJqRScuDEhLBoCJQ_-zmhNhj8Rec88cH_U33TMLUtyMaKUHDKJfkFlbqLrg5f&ppt=None&ppn=None&ssid=9mywql38qo0000001791542810419&qH=a5594894156db043,2026-10-09
88,"BOLTT ACE 5G (Midnight Black, 128 GB)",BOLTT,13499,26999,50% off,4.8,69,59,6 GB RAM,128 GB ROM,6000 mAh Lithium ion Battery,T8200 Processor,17.25 cm (6.79 inch) HD+ Display,64MP Rear Camera | 8MP Front Camera,,https://www.flipkart.com/boltt-ace-5g-midnight-black-128-gb/p/itmc7395bddbb3a4?pid=MOBHPP59KHGRQGZK&lid=LSTMOBHPP59KHGRQGZKG8NGAJ&marketplace=FLIPKART&q=smart+phones&store=tyy%2F4io&srno=s_4_88&otracker=search&fm=organic&iid=en_RWdwJMwXPxSWaGQAWsN_Q6qh_XNEucAdWtv1hfvkxUNcvKVH6E64CrSsTpInI-mJceO83KH40hAfyKb6-RK5emI2n1F29CDxktZayioP0zo4OdhtUcE4AqUm50dwG5IT&ppt=None&ppn=None&ssid=9mywql38qo0000001791542810419&qH=a5594894156db043,2026-10-09
89,"realme P4R 5G (Lavender Glare, 128 GB)",realme,24499,39999,38% off,4.3,"5,371",438,6 GB RAM,128 GB ROM,8000 mAh Lithium-ion polymer Battery,Dimensity 6300 Processor,17.27 cm (6.8 inch) HD+ Display,50MP Rear Camera | 8MP Front Camera,,https://www.flipkart.com/realme-p4r-5g-lavender-glare-128-gb/p/itmb42ae388c1ef6?pid=MOBHMYR3NPFHTFHE&lid=LSTMOBHMYR3NPFHTFHEJ6O6NJ&marketplace=FLIPKART&q=smart+phones&store=tyy%2F4io&srno=s_4_89&otracker=search&fm=organic&iid=30fb422c-ed2c-4e1e-b9de-ad8baaa6025a.MOBHMYR3NPFHTFHE.SEARCH&ppt=None&ppn=None&ssid=9mywql38qo0000001791542810419&qH=a5594894156db043,2026-10-09
90,"Samsung Galaxy S25 FE 5G (Jetblack, 256 GB)",Samsung,50999,99999,49% off,4.6,"3,740",600,8 GB RAM,256 GB ROM,4900 mAh Li-ion Battery,Exynos 2400 Processor,17.02 cm (6.7 inch) Full HD+ Display,50MP + 12MP + 8MP | 12MP Front Camera,,https://www.flipkart.com/samsung-galaxy-s25-fe-5g-jetblack-256-gb/p/itm6d0c55b671613?pid=MOBHQCH6Y8PWYUNX&lid=LSTMOBHQCH6Y8PWYUNX5ZOFWY&marketplace=FLIPKART&q=smart+phones&store=tyy%2F4io&srno=s_4_90&otracker=search&fm=organic&iid=30fb422c-ed2c-4e1e-b9de-ad8baaa6025a.MOBHQCH6Y8PWYUNX.SEARCH&ppt=None&ppn=None&ssid=9mywql38qo0000001791542810419&qH=a5594894156db043,2026-10-09
91,"BOLTT EVO (Arctic White, 128 GB)",BOLTT,10499,18999,44% off,4,"2,616","1,184",6 GB RAM,128 GB ROM,6000 mAh Lithium ion Battery,T7250 Processor,6.79'' HD+ punch hole display,50MP + 2MP | 8MP Front Camera,,https://www.flipkart.com/boltt-evo-arctic-white-128-gb/p/itmf046d663a1fd7?pid=MOBHPP59GKGTGZGA&lid=LSTMOBHPP59GKGTGZGAIEMNWG&marketplace=FLIPKART&q=smart+phones&store=tyy%2F4io&srno=s_4_91&otracker=search&fm=organic&iid=en_RWdwJMwXPxSWaGQAWsN_Q6qh_XNEucAdWtv1hfvkxUNHi59uQMN-dA6qkqKpG0al2d7HEcpMQaj_c2xS4y4sBI6iFcCMcne0NcY1l-GNU4wtyMaKUHDKJfkFlbqLrg5f&ppt=None&ppn=None&ssid=9mywql38qo0000001791542810419&qH=a5594894156db043,2026-10-09
92,"Mivi One 5G (Burgundy, 128 GB)",Mivi,14999,25999,42% off,,,,8 GB RAM,128 GB ROM,6000 mAh Lithium Polymer Battery,Snapdragon 4 Gen 2 Processor,17.14 cm (6.75 inch) HD+ Display,50MP Rear Camera | 8MP Front Camera,,https://www.flipkart.com/mivi-one-5g-burgundy-128-gb/p/itm3fb0c94957b9f?pid=MOBHR3ZP74GDCQQC&lid=LSTMOBHR3ZP74GDCQQC3F0WAL&marketplace=FLIPKART&q=smart+phones&store=tyy%2F4io&srno=s_4_92&otracker=search&fm=organic&iid=en_RWdwJMwXPxSWaGQAWsN_Q6qh_XNEucAdWtv1hfvkxUNyKV5S1KQUV9GA8b3OpbAElhTq3TNR9LJbyvkcUs0E5h5lnB_B3YgA2Ah0gCCIDM44OdhtUcE4AqUm50dwG5IT&ppt=None&ppn=None&ssid=9mywql38qo0000001791542810419&qH=a5594894156db043,2026-10-09
93,"MOTOROLA g35 5G (Leaf Green, 128 GB)",MOTOROLA,13999,15499,9% off,4.2,"16,492","1,129",8 GB RAM,128 GB ROM,5000 mAh Battery,T760 Processor,17.07 cm (6.72 inch) Full HD+ Display,50MP + 8MP | 16MP Front Camera,5G,https://www.flipkart.com/motorola-g35-5g-leaf-green-128-gb/p/itmf1ec516a5574d?pid=MOBHFNAZBBBAJZAH&lid=LSTMOBHFNAZBBBAJZAHVMHBGN&marketplace=FLIPKART&q=smart+phones&store=tyy%2F4io&srno=s_4_93&otracker=search&fm=organic&iid=30fb422c-ed2c-4e1e-b9de-ad8baaa6025a.MOBHFNAZBBBAJZAH.SEARCH&ppt=None&ppn=None&ssid=9mywql38qo0000001791542810419&qH=a5594894156db043,2026-10-09
94,"Samsung Galaxy A06 5G (Black, 128 GB)",Samsung,16845,18999,11% off,4.1,"5,073",380,4 GB RAM,128 GB ROM,5000 mAh Li-ion Battery,Dimensity 6300 Processor,17.02 cm (6.7 inch) HD+ Display,50MP + 2MP | 8MP Front Camera,,https://www.flipkart.com/samsung-galaxy-a06-5g-black-128-gb/p/itm2bf1cd87d2bf7?pid=MOBH9GQKCNWVNM2M&lid=LSTMOBH9GQKCNWVNM2MZQJEC2&marketplace=FLIPKART&q=smart+phones&store=tyy%2F4io&srno=s_4_94&otracker=search&fm=organic&iid=30fb422c-ed2c-4e1e-b9de-ad8baaa6025a.MOBH9GQKCNWVNM2M.SEARCH&ppt=None&ppn=None&ssid=9mywql38qo0000001791542810419&qH=a5594894156db043,2026-10-09
95,"POCO M8x 5G (Leather Green, 128 GB)",POCO,20999,49999,58% off,3.8,398,128,6 GB RAM,128 GB ROM,7900 mAh Lithium-Ion Polymer Battery,4 Gen 5 Processor,17.53 cm (6.9 inch) Full HD Display,50MP Rear Camera,,https://www.flipkart.com/poco-m8x-5g-leather-green-128-gb/p/itme6f5614abf6c5?pid=MOBHPCYNQBWVYH7P&lid=LSTMOBHPCYNQBWVYH7PCOEKXT&marketplace=FLIPKART&q=smart+phones&store=tyy%2F4io&srno=s_4_95&otracker=search&fm=organic&iid=30fb422c-ed2c-4e1e-b9de-ad8baaa6025a.MOBHPCYNQBWVYH7P.SEARCH&ppt=None&ppn=None&ssid=9mywql38qo0000001791542810419&qH=a5594894156db043,2026-10-09
96,"MOTOROLA Edge 70 Fusion Snapdragon (Pantone SILHOUETTE, 128 GB)",MOTOROLA,30999,49999,38% off,4.4,"18,856","2,057",8 GB RAM,128 GB ROM,7000 mAh Battery,Snapdragon 7s Gen 4 Processor,17.27 cm (6.8 inch) Super HD Display,50MP + 13MP | 32MP Front Camera,,https://www.flipkart.com/motorola-edge-70-fusion-snapdragon-pantone-silhouette-128-gb/p/itm2beea336a1e2f?pid=MOBHN973CQSNTNGF&lid=LSTMOBHN973CQSNTNGFEQEDF2&marketplace=FLIPKART&q=smart+phones&store=tyy%2F4io&srno=s_4_96&otracker=search&fm=organic&iid=30fb422c-ed2c-4e1e-b9de-ad8baaa6025a.MOBHN973CQSNTNGF.SEARCH&ppt=None&ppn=None&ssid=9mywql38qo0000001791542810419&qH=a5594894156db043,2026-10-09
97,"Mivi One 5G (Green, 128 GB)",Mivi,13999,23999,41% off,,,,6 GB RAM,128 GB ROM,6000 mAh Lithium Polymer Battery,Snapdragon 4 Gen 2 Processor,17.14 cm (6.75 inch) HD+ Display,50MP Rear Camera | 8MP Front Camera,,https://www.flipkart.com/mivi-one-5g-green-128-gb/p/itm7ea6be1c1d0bf?pid=MOBHR3ZPFRUFFEBF&lid=LSTMOBHR3ZPFRUFFEBFXXFJBJ&marketplace=FLIPKART&q=smart+phones&store=tyy%2F4io&srno=s_5_97&otracker=search&fm=organic&iid=en_8nGOVQxqKqJS1CKATbCJ7zq1oN8TUQi8grLKpxGpVKjAUk-7UwQDK7Em20MJnm6qzBcC0adnJVDAF994s5Z8VdXXcDpR_S7wBKL_ui3585MvHvF_qy3EIMXBf04PlsMP&ppt=None&ppn=None&ssid=1rvl5z2ou80000001791542813392&qH=a5594894156db043&ov_redirect=true,2026-10-09
98,"BOLTT ACE 5G (Lavender Bloom, 64 GB)",BOLTT,11999,24999,52% off,4.2,477,226,4 GB RAM,64 GB ROM,6000 mAh Lithium ion Battery,T8200 Processor,17.25 cm (6.79 inch) HD+ Display,64MP Rear Camera | 8MP Front Camera,,https://www.flipkart.com/boltt-ace-5g-lavender-bloom-64-gb/p/itm2eb0f483effdd?pid=MOBHPP59CGDHZVJY&lid=LSTMOBHPP59CGDHZVJYFJP39X&marketplace=FLIPKART&q=smart+phones&store=tyy%2F4io&srno=s_5_98&otracker=search&fm=organic&iid=en_8nGOVQxqKqJS1CKATbCJ7zq1oN8TUQi8grLKpxGpVKiVwNXrEqh2PlVlhmuA20Wc6EjlcJGcWKVIdsXhsZKqlc-Hfce6zHM39GsmaCxEcE0vHvF_qy3EIMXBf04PlsMP&ppt=None&ppn=None&ssid=1rvl5z2ou80000001791542813392&qH=a5594894156db043&ov_redirect=true,2026-10-09
99,"realme P4s 5G (Titanium Gray, 128 GB)",realme,34999,48999,28% off,4.4,618,114,8 GB RAM,128 GB ROM,8000 mAh Battery,Dimensity 7400 Processor,17.22 cm (6.78 inch) Full HD+ AMOLED Display,50MP + 8MP | 16MP Front Camera,,https://www.flipkart.com/realme-p4s-5g-titanium-gray-128-gb/p/itmcb2e7e552a5ef?pid=MOBHPBHATYTBGZXN&lid=LSTMOBHPBHATYTBGZXNW48J46&marketplace=FLIPKART&q=smart+phones&store=tyy%2F4io&srno=s_5_99&otracker=search&fm=organic&iid=bd76bad9-357a-43be-8522-4a7b026e5002.MOBHPBHATYTBGZXN.SEARCH&ppt=None&ppn=None&ssid=1rvl5z2ou80000001791542813392&qH=a5594894156db043&ov_redirect=true,2026-10-09
100,"MOTOROLA edge 70 pro (Tailored Fabric - PANTONE Titan (Blue), 256 GB)",MOTOROLA,39999,69999,42% off,4.3,991,117,8 GB RAM,256 GB ROM,6500 mAh Silicon-Carbon Battery,Dimensity 8500 Extreme Processor,17.27 cm (6.8 inch) Full HD+ Super AMOLED Display,50MP + 50MP | 50MP Front Camera,,https://www.flipkart.com/motorola-edge-70-pro-tailored-fabric-pantone-titan-blue-256-gb/p/itmabaee92c5d0da?pid=MOBHN973YGSQZH7U&lid=LSTMOBHN973YGSQZH7U8XEYJN&marketplace=FLIPKART&q=smart+phones&store=tyy%2F4io&srno=s_5_100&otracker=search&fm=organic&iid=bd76bad9-357a-43be-8522-4a7b026e5002.MOBHN973YGSQZH7U.SEARCH&ppt=None&ppn=None&ssid=1rvl5z2ou80000001791542813392&qH=a5594894156db043&ov_redirect=true,2026-10-09
101,"BOLTT EVO (Midnight Black, 64 GB)",BOLTT,8999,17999,50% off,4.3,"2,048",987,4 GB RAM,64 GB ROM,6000 mAh Lithium ion Battery,T7250 Processor,6.79'' HD+ punch hole display,50MP + 2MP | 8MP Front Camera,,https://www.flipkart.com/boltt-evo-midnight-black-64-gb/p/itmf046d663a1fd7?pid=MOBHPP597GB8ZHTY&lid=LSTMOBHPP597GB8ZHTYGYX70A&marketplace=FLIPKART&q=smart+phones&store=tyy%2F4io&srno=s_5_101&otracker=search&fm=organic&iid=en_8nGOVQxqKqJS1CKATbCJ7zq1oN8TUQi8grLKpxGpVKgF7PMDebjiYWWHSSbhVjPAmufLsD40cfOytTrT-2ACNqoJtuV9R_JTLQ6A0_d1zMQdH7N21DC60YT8pqUpU3Oz&ppt=None&ppn=None&ssid=1rvl5z2ou80000001791542813392&qH=a5594894156db043&ov_redirect=true,2026-10-09
102,"BOLTT EVO (Arctic White, 64 GB)",BOLTT,8999,17999,50% off,4.3,"2,048",987,4 GB RAM,64 GB ROM,6000 mAh Lithium ion Battery,T7250 Processor,6.79'' HD+ punch hole display,50MP + 2MP | 8MP Front Camera,,https://www.flipkart.com/boltt-evo-arctic-white-64-gb/p/itmf046d663a1fd7?pid=MOBHPP59BYSJ98M8&lid=LSTMOBHPP59BYSJ98M8RWYHGQ&marketplace=FLIPKART&q=smart+phones&store=tyy%2F4io&srno=s_5_102&otracker=search&fm=organic&iid=en_8nGOVQxqKqJS1CKATbCJ7zq1oN8TUQi8grLKpxGpVKij4uAI5hWt7gWRfqHy3YoWMw_YrC6cGEjKq2WZ8-8z4kJqULiYX7S4erGGIr8dEegdH7N21DC60YT8pqUpU3Oz&ppt=None&ppn=None&ssid=1rvl5z2ou80000001791542813392&qH=a5594894156db043&ov_redirect=true,2026-10-09
103,"Google Pixel 11 (Frost, 256 GB)",Google,89999,,,4.5,403,75,12 GB RAM,256 GB ROM,4985 mAh Lithium Battery,Tensor G6 Processor,16.0 cm (6.3 inch) Actua Display,48MP + 13MP + 10.8MP | 10.5MP Front Camera,,https://www.flipkart.com/google-pixel-11-frost-256-gb/p/itmc51935a8001b1?pid=MOBHPHNVEC2P4WV3&lid=LSTMOBHPHNVEC2P4WV3UCPNQ6&marketplace=FLIPKART&q=smart+phones&store=tyy%2F4io&srno=s_5_103&otracker=search&fm=organic&iid=bd76bad9-357a-43be-8522-4a7b026e5002.MOBHPHNVEC2P4WV3.SEARCH&ppt=None&ppn=None&ssid=1rvl5z2ou80000001791542813392&qH=a5594894156db043&ov_redirect=true,2026-10-09
104,"realme P4R 5G (Titanium Glare, 128 GB)",realme,24499,39999,38% off,4.3,"5,371",438,6 GB RAM,128 GB ROM,8000 mAh Lithium-ion polymer Battery,Dimensity 6300 Processor,17.27 cm (6.8 inch) HD+ Display,50MP Rear Camera | 8MP Front Camera,,https://www.flipkart.com/realme-p4r-5g-titanium-glare-128-gb/p/itmb42ae388c1ef6?pid=MOBHMYR3MZ62YN7F&lid=LSTMOBHMYR3MZ62YN7FSERUEO&marketplace=FLIPKART&q=smart+phones&store=tyy%2F4io&srno=s_5_104&otracker=search&fm=organic&iid=bd76bad9-357a-43be-8522-4a7b026e5002.MOBHMYR3MZ62YN7F.SEARCH&ppt=None&ppn=None&ssid=1rvl5z2ou80000001791542813392&qH=a5594894156db043&ov_redirect=true,2026-10-09
105,"Ai+ Nova 2 Ultra 5G (Blue, 128 GB)",Ai+,21999,31999,31% off,4.1,"2,330",325,8 GB RAM,128 GB ROM,6000 mAh Li-polymer Battery,Dimensity 7400 Processor,17.22 cm (6.78 inch) Full HD+ AMOLED Display,50MP + 8MP | 13MP Front Camera,,https://www.flipkart.com/ai-nova-2-ultra-5g-blue-128-gb/p/itm73b7abaef2553?pid=MOBHZHUVQRR46GQR&lid=LSTMOBHZHUVQRR46GQRUACQWG&marketplace=FLIPKART&q=smart+phones&store=tyy%2F4io&srno=s_5_105&otracker=search&fm=organic&iid=bd76bad9-357a-43be-8522-4a7b026e5002.MOBHZHUVQRR46GQR.SEARCH&ppt=None&ppn=None&ssid=1rvl5z2ou80000001791542813392&qH=a5594894156db043&ov_redirect=true,2026-10-09
106,"OPPO K14x 5G (Icy Blue, 256 GB)",OPPO,27999,45999,39% off,4.4,"4,117",474,6 GB RAM,256 GB ROM,6500 mAh Battery,Dimensity 6300 Processor,17.14 cm (6.75 inch) HD+ Display,,,https://www.flipkart.com/oppo-k14x-5g-icy-blue-256-gb/p/itm188c7a4b69292?pid=MOBHJQQ4DN3DRZGY&lid=LSTMOBHJQQ4DN3DRZGYLZWNIY&marketplace=FLIPKART&q=smart+phones&store=tyy%2F4io&srno=s_5_106&otracker=search&fm=organic&iid=bd76bad9-357a-43be-8522-4a7b026e5002.MOBHJQQ4DN3DRZGY.SEARCH&ppt=None&ppn=None&ssid=1rvl5z2ou80000001791542813392&qH=a5594894156db043&ov_redirect=true,2026-10-09
107,"Nothing Phone (4b) (White, 128 GB)",Nothing,29999,49999,40% off,,,,6 GB RAM,128 GB ROM,6000 mAh Lithium ion Battery,6 Gen 4 Processor,17.2 cm (6.77 inch) Full HD+ AMOLED Display,50MP + 8MP | 16MP Front Camera,,https://www.flipkart.com/nothing-phone-4b-white-128-gb/p/itm939608b40adbb?pid=MOBHQENATV85KYCZ&lid=LSTMOBHQENATV85KYCZ0HUCMA&marketplace=FLIPKART&q=smart+phones&store=tyy%2F4io&srno=s_5_107&otracker=search&fm=organic&iid=en_8nGOVQxqKqJS1CKATbCJ7zq1oN8TUQi8grLKpxGpVKhOZ7Ylu1T7zQ8XnVqi12OdJRWmJqRScuDEhLBoCJQ_-zmhNhj8Rec88cH_U33TMLUdH7N21DC60YT8pqUpU3Oz&ppt=None&ppn=None&ssid=1rvl5z2ou80000001791542813392&qH=a5594894156db043&ov_redirect=true,2026-10-09
108,"BOLTT ACE 5G (Midnight Black, 128 GB)",BOLTT,13499,26999,50% off,4.8,69,59,6 GB RAM,128 GB ROM,6000 mAh Lithium ion Battery,T8200 Processor,17.25 cm (6.79 inch) HD+ Display,64MP Rear Camera | 8MP Front Camera,,https://www.flipkart.com/boltt-ace-5g-midnight-black-128-gb/p/itmc7395bddbb3a4?pid=MOBHPP59KHGRQGZK&lid=LSTMOBHPP59KHGRQGZKG8NGAJ&marketplace=FLIPKART&q=smart+phones&store=tyy%2F4io&srno=s_5_108&otracker=search&fm=organic&iid=en_8nGOVQxqKqJS1CKATbCJ7zq1oN8TUQi8grLKpxGpVKi9Cismb4llI7qJvzIYx2k1ceO83KH40hAfyKb6-RK5emI2n1F29CDxktZayioP0zovHvF_qy3EIMXBf04PlsMP&ppt=None&ppn=None&ssid=1rvl5z2ou80000001791542813392&qH=a5594894156db043&ov_redirect=true,2026-10-09
109,"POCO C85 5G (Mystic Purple, 128 GB)",POCO,16499,20999,21% off,3.8,"2,813",296,4 GB RAM,128 GB ROM,6000 mAh Lithium-Ion Polymer Battery,Dimensity 6300 Processor,17.53 cm (6.9 inch) HD+ Display,50MP Rear Camera | 8MP Front Camera,,https://www.flipkart.com/poco-c85-5g-mystic-purple-128-gb/p/itm74e2143a5de24?pid=MOBHMGG5UZHEVJBK&lid=LSTMOBHMGG5UZHEVJBKGQRQDY&marketplace=FLIPKART&q=smart+phones&store=tyy%2F4io&srno=s_5_109&otracker=search&fm=organic&iid=bd76bad9-357a-43be-8522-4a7b026e5002.MOBHMGG5UZHEVJBK.SEARCH&ppt=None&ppn=None&ssid=1rvl5z2ou80000001791542813392&qH=a5594894156db043&ov_redirect=true,2026-10-09
110,"POCO X8 5G (Black, 128 GB)",POCO,26999,64999,58% off,4.6,251,159,6 GB RAM,128 GB ROM,9000 mAh Lithium-Ion Polymer Battery,6s Gen 4 Processor,17.35 cm (6.83 inch) Full HD+ AMOLED Display,50MP + 2MP | 16MP Front Camera,,https://www.flipkart.com/poco-x8-5g-black-128-gb/p/itme5971a702d6f4?pid=MOBHQ6XZJAUN46UF&lid=LSTMOBHQ6XZJAUN46UFYE0XHT&marketplace=FLIPKART&q=smart+phones&store=tyy%2F4io&srno=s_5_110&otracker=search&fm=organic&iid=bd76bad9-357a-43be-8522-4a7b026e5002.MOBHQ6XZJAUN46UF.SEARCH&ppt=None&ppn=None&ssid=1rvl5z2ou80000001791542813392&qH=a5594894156db043&ov_redirect=true,2026-10-09
111,"BOLTT EVO (Arctic White, 128 GB)",BOLTT,10499,18999,44% off,4,"2,616","1,184",6 GB RAM,128 GB ROM,6000 mAh Lithium ion Battery,T7250 Processor,6.79'' HD+ punch hole display,50MP + 2MP | 8MP Front Camera,,https://www.flipkart.com/boltt-evo-arctic-white-128-gb/p/itmf046d663a1fd7?pid=MOBHPP59GKGTGZGA&lid=LSTMOBHPP59GKGTGZGAIEMNWG&marketplace=FLIPKART&q=smart+phones&store=tyy%2F4io&srno=s_5_111&otracker=search&fm=organic&iid=en_8nGOVQxqKqJS1CKATbCJ7zq1oN8TUQi8grLKpxGpVKgGkNPNxdqciQgi7jqpkLlZ2d7HEcpMQaj_c2xS4y4sBI6iFcCMcne0NcY1l-GNU4wdH7N21DC60YT8pqUpU3Oz&ppt=None&ppn=None&ssid=1rvl5z2ou80000001791542813392&qH=a5594894156db043&ov_redirect=true,2026-10-09
112,"Mivi One 5G (Burgundy, 128 GB)",Mivi,14999,25999,42% off,,,,8 GB RAM,128 GB ROM,6000 mAh Lithium Polymer Battery,Snapdragon 4 Gen 2 Processor,17.14 cm (6.75 inch) HD+ Display,50MP Rear Camera | 8MP Front Camera,,https://www.flipkart.com/mivi-one-5g-burgundy-128-gb/p/itm3fb0c94957b9f?pid=MOBHR3ZP74GDCQQC&lid=LSTMOBHR3ZP74GDCQQC3F0WAL&marketplace=FLIPKART&q=smart+phones&store=tyy%2F4io&srno=s_5_112&otracker=search&fm=organic&iid=en_8nGOVQxqKqJS1CKATbCJ7zq1oN8TUQi8grLKpxGpVKhMvNUltLHNmOem-nO6rnPvlhTq3TNR9LJbyvkcUs0E5h5lnB_B3YgA2Ah0gCCIDM4vHvF_qy3EIMXBf04PlsMP&ppt=None&ppn=None&ssid=1rvl5z2ou80000001791542813392&qH=a5594894156db043&ov_redirect=true,2026-10-09
113,"realme P4x 5G (Matte Silver, 128 GB)",realme,25999,43999,40% off,4.3,"8,708",720,8 GB RAM,128 GB ROM,7000 mAh Battery,Dimensity 7400 Ultra Processor,17.07 cm (6.72 inch) Full HD+ Display,50MP + 2MP | 8MP Front Camera,,https://www.flipkart.com/realme-p4x-5g-matte-silver-128-gb/p/itm575b1540859e4?pid=MOBHN7A8HYC9BPAU&lid=LSTMOBHN7A8HYC9BPAUEQNPRK&marketplace=FLIPKART&q=smart+phones&store=tyy%2F4io&srno=s_5_113&otracker=search&fm=organic&iid=bd76bad9-357a-43be-8522-4a7b026e5002.MOBHN7A8HYC9BPAU.SEARCH&ppt=None&ppn=None&ssid=1rvl5z2ou80000001791542813392&qH=a5594894156db043&ov_redirect=true,2026-10-09
114,"Google Pixel 11 (Obsidian, 256 GB)",Google,89999,,,4.5,403,75,12 GB RAM,256 GB ROM,4985 mAh Lithium Battery,Tensor G6 Processor,16.0 cm (6.3 inch) Actua Display,48MP + 13MP + 10.8MP | 10.5MP Front Camera,,https://www.flipkart.com/google-pixel-11-obsidian-256-gb/p/itma0200211f30ae?pid=MOBHPHNV4FA6ZKGF&lid=LSTMOBHPHNV4FA6ZKGFNVP4HH&marketplace=FLIPKART&q=smart+phones&store=tyy%2F4io&srno=s_5_114&otracker=search&fm=organic&iid=bd76bad9-357a-43be-8522-4a7b026e5002.MOBHPHNV4FA6ZKGF.SEARCH&ppt=None&ppn=None&ssid=1rvl5z2ou80000001791542813392&qH=a5594894156db043&ov_redirect=true,2026-10-09
115,"realme P4s 5G (Electric Cyan, 256 GB)",realme,37999,54999,30% off,4.4,618,114,8 GB RAM,256 GB ROM,8000 mAh Battery,Dimensity 7400 Processor,17.22 cm (6.78 inch) Full HD+ AMOLED Display,50MP + 8MP | 16MP Front Camera,,https://www.flipkart.com/realme-p4s-5g-electric-cyan-256-gb/p/itmcb2e7e552a5ef?pid=MOBHPBHAPFJPCA4E&lid=LSTMOBHPBHAPFJPCA4E9AUYZ0&marketplace=FLIPKART&q=smart+phones&store=tyy%2F4io&srno=s_5_115&otracker=search&fm=organic&iid=bd76bad9-357a-43be-8522-4a7b026e5002.MOBHPBHAPFJPCA4E.SEARCH&ppt=None&ppn=None&ssid=1rvl5z2ou80000001791542813392&qH=a5594894156db043&ov_redirect=true,2026-10-09
116,"POCO X8 Pro (White, 256 GB)",POCO,36999,50999,27% off,4.3,"4,099",701,8 GB RAM,256 GB ROM,6500 mAh Lithium-Ion Polymer With Silicon Carbon Technology Battery,Dimensity 8500-Ultra Processor,16.74 cm (6.59 inch) Full HD+ AMOLED Display,50MP + 8MP | 20MP Front Camera,,https://www.flipkart.com/poco-x8-pro-white-256-gb/p/itmaa692ca8a3b36?pid=MOBHMGG5QFZXHVAH&lid=LSTMOBHMGG5QFZXHVAHACODSM&marketplace=FLIPKART&q=smart+phones&store=tyy%2F4io&srno=s_5_116&otracker=search&fm=organic&iid=bd76bad9-357a-43be-8522-4a7b026e5002.MOBHMGG5QFZXHVAH.SEARCH&ppt=None&ppn=None&ssid=1rvl5z2ou80000001791542813392&qH=a5594894156db043&ov_redirect=true,2026-10-09
117,"BOLTT EVO (Sky Blue, 64 GB)",BOLTT,8999,17999,50% off,4.3,"2,048",987,4 GB RAM,64 GB ROM,6000 mAh Lithium ion Battery,T7250 Processor,6.79'' HD+ punch hole display,50MP + 2MP | 8MP Front Camera,,https://www.flipkart.com/boltt-evo-sky-blue-64-gb/p/itmf046d663a1fd7?pid=MOBHPP59WKSV4FYG&lid=LSTMOBHPP59WKSV4FYGYPMLV6&marketplace=FLIPKART&q=smart+phones&store=tyy%2F4io&srno=s_5_117&otracker=search&fm=organic&iid=en_8nGOVQxqKqJS1CKATbCJ7zq1oN8TUQi8grLKpxGpVKh4ehsAUiFFQjSnygWu2jeKiWdFa328hJ5Tl7uRbip-ZFs0LAPqMrP3q_6IRdvsZf8dH7N21DC60YT8pqUpU3Oz&ppt=None&ppn=None&ssid=1rvl5z2ou80000001791542813392&qH=a5594894156db043&ov_redirect=true,2026-10-09
118,"BOLTT ACE 5G (Arctic White, 128 GB)",BOLTT,13499,26999,50% off,4.8,69,59,6 GB RAM,128 GB ROM,6000 mAh Lithium ion Battery,T8200 Processor,17.25 cm (6.79 inch) HD+ Display,64MP Rear Camera | 8MP Front Camera,,https://www.flipkart.com/boltt-ace-5g-arctic-white-128-gb/p/itm2eb0f483effdd?pid=MOBHPP599JHZUZBV&lid=LSTMOBHPP599JHZUZBVN1I3RX&marketplace=FLIPKART&q=smart+phones&store=tyy%2F4io&srno=s_5_118&otracker=search&fm=organic&iid=en_8nGOVQxqKqJS1CKATbCJ7zq1oN8TUQi8grLKpxGpVKiKquV83zT_574Lu93O2zoBqWMRb7XZ9LlJlXwsX-MeSpRRJF9TV-hbUYxhg9GdHDbTeRmCBgES3-pDsfTg9dBq&ppt=None&ppn=None&ssid=1rvl5z2ou80000001791542813392&qH=a5594894156db043&ov_redirect=true,2026-10-09
119,"POCO X8 Power 5G (Yellow, 256 GB)",POCO,33999,84999,60% off,4.3,314,74,8 GB RAM,256 GB ROM,10000 mAh Lithium-Ion Polymer Battery,6 Gen 5 Processor,17.35 cm (6.83 inch) Full HD+ AMOLED Display,50MP + 8MP | 32MP Front Camera,,https://www.flipkart.com/poco-x8-power-5g-yellow-256-gb/p/itm3566b3e7b8329?pid=MOBHQ6XZBJWKEJGJ&lid=LSTMOBHQ6XZBJWKEJGJDF6XIP&marketplace=FLIPKART&q=smart+phones&store=tyy%2F4io&srno=s_5_119&otracker=search&fm=organic&iid=bd76bad9-357a-43be-8522-4a7b026e5002.MOBHQ6XZBJWKEJGJ.SEARCH&ppt=None&ppn=None&ssid=1rvl5z2ou80000001791542813392&qH=a5594894156db043&ov_redirect=true,2026-10-09
120,"realme P4R 5G (Silver Glare, 128 GB)",realme,24499,39999,38% off,4.3,"5,371",438,6 GB RAM,128 GB ROM,8000 mAh Lithium-ion polymer Battery,Dimensity 6300 Processor,17.27 cm (6.8 inch) HD+ Display,50MP Rear Camera | 8MP Front Camera,,https://www.flipkart.com/realme-p4r-5g-silver-glare-128-gb/p/itmb42ae388c1ef6?pid=MOBHMYR3NMRPYBY4&lid=LSTMOBHMYR3NMRPYBY4B6GOUH&marketplace=FLIPKART&q=smart+phones&store=tyy%2F4io&srno=s_5_120&otracker=search&fm=organic&iid=bd76bad9-357a-43be-8522-4a7b026e5002.MOBHMYR3NMRPYBY4.SEARCH&ppt=None&ppn=None&ssid=1rvl5z2ou80000001791542813392&qH=a5594894156db043&ov_redirect=true,2026-10-09
121,"BOLTT EVO (Midnight Black, 64 GB)",BOLTT,8999,17999,50% off,4.3,"2,048",987,4 GB RAM,64 GB ROM,6000 mAh Lithium ion Battery,T7250 Processor,6.79'' HD+ punch hole display,50MP + 2MP | 8MP Front Camera,,https://www.flipkart.com/boltt-evo-midnight-black-64-gb/p/itmf046d663a1fd7?pid=MOBHPP597GB8ZHTY&lid=LSTMOBHPP597GB8ZHTYGYX70A&marketplace=FLIPKART&q=smart+phones&store=tyy%2F4io&srno=s_6_121&otracker=search&fm=organic&iid=en_JJ9zWXg9geLQBylybgOqSSAoiu6fYuHpetcjcaNc3wb490KDxKsaIb5tBXT7_aG3mufLsD40cfOytTrT-2ACNol0zbRIx7nkRM2sm5Z_wdN8b_rSwCNXTn0tpx2pL9eI&ppt=None&ppn=None&ssid=2lqqtwkc1s0000001791542816291&qH=a5594894156db043&ov_redirect=true,2026-10-09
122,"Mivi One 5G (Green, 128 GB)",Mivi,13999,23999,41% off,,,,6 GB RAM,128 GB ROM,6000 mAh Lithium Polymer Battery,Snapdragon 4 Gen 2 Processor,17.14 cm (6.75 inch) HD+ Display,50MP Rear Camera | 8MP Front Camera,,https://www.flipkart.com/mivi-one-5g-green-128-gb/p/itm7ea6be1c1d0bf?pid=MOBHR3ZPFRUFFEBF&lid=LSTMOBHR3ZPFRUFFEBFXXFJBJ&marketplace=FLIPKART&q=smart+phones&store=tyy%2F4io&srno=s_6_122&otracker=search&fm=organic&iid=en_JJ9zWXg9geLQBylybgOqSSAoiu6fYuHpetcjcaNc3wYK9k5bRrbaORVOMMe0ottVzBcC0adnJVDAF994s5Z8VY9HwORmVN_5IcANi6THsWq_Q_LsA107_T2Vawh1j7z-&ppt=None&ppn=None&ssid=2lqqtwkc1s0000001791542816291&qH=a5594894156db043&ov_redirect=true,2026-10-09
123,"Apple iPhone 17 Pro (Deep Blue, 256 GB)",Apple,134900,,,4.7,"5,581",397,,,,"A19 Chip, 6 Core Processor Processor",16.0 cm (6.3 inch) Super Retina XDR Display,48MP + 48MP + 48MP | 18MP Front Camera,,https://www.flipkart.com/apple-iphone-17-pro-deep-blue-256-gb/p/itm239d0b996d7f0?pid=MOBHFN6YV7GYZHSM&lid=LSTMOBHFN6YV7GYZHSMVE0QHO&marketplace=FLIPKART&q=smart+phones&store=tyy%2F4io&srno=s_6_123&otracker=search&fm=organic&iid=53a0a92c-db0b-4400-b478-020c3b7d5804.MOBHFN6YV7GYZHSM.SEARCH&ppt=None&ppn=None&ssid=2lqqtwkc1s0000001791542816291&qH=a5594894156db043&ov_redirect=true,2026-10-09
124,"Nothing Phone (4b) (White, 128 GB)",Nothing,39999,54999,27% off,4.3,"1,882",183,8 GB RAM,128 GB ROM,6000 mAh Lithium ion Battery,6 Gen 4 Processor,17.2 cm (6.77 inch) Full HD+ AMOLED Display,50MP + 8MP | 16MP Front Camera,,https://www.flipkart.com/nothing-phone-4b-white-128-gb/p/itm939608b40adbb?pid=MOBHZMBDSF3JAFTF&lid=LSTMOBHZMBDSF3JAFTF4PZFBR&marketplace=FLIPKART&q=smart+phones&store=tyy%2F4io&srno=s_6_124&otracker=search&fm=organic&iid=53a0a92c-db0b-4400-b478-020c3b7d5804.MOBHZMBDSF3JAFTF.SEARCH&ppt=None&ppn=None&ssid=2lqqtwkc1s0000001791542816291&qH=a5594894156db043&ov_redirect=true,2026-10-09
125,"vivo T5 5G (Silver Green, 256 GB)",vivo,44999,61999,27% off,4.5,282,33,8 GB RAM,256 GB ROM,7050 mAh Li-ion Battery,Dimensity 7500 Processor,17.35 cm (6.83 inch) Full HD+ AMOLED Display,50MP + 8MP | 32MP Front Camera,,https://www.flipkart.com/vivo-t5-5g-silver-green-256-gb/p/itm8fa150d1fa2d2?pid=MOBHQC8DDN9CU73W&lid=LSTMOBHQC8DDN9CU73WDIHEFX&marketplace=FLIPKART&q=smart+phones&store=tyy%2F4io&srno=s_6_125&otracker=search&fm=organic&iid=53a0a92c-db0b-4400-b478-020c3b7d5804.MOBHQC8DDN9CU73W.SEARCH&ppt=None&ppn=None&ssid=2lqqtwkc1s0000001791542816291&qH=a5594894156db043&ov_redirect=true,2026-10-09
126,"vivo T5 5G (Royal Bronze, 256 GB)",vivo,44999,61999,27% off,4.5,282,33,8 GB RAM,256 GB ROM,7050 mAh Li-ion Battery,Dimensity 7500 Processor,17.35 cm (6.83 inch) Full HD+ AMOLED Display,50MP + 8MP | 32MP Front Camera,,https://www.flipkart.com/vivo-t5-5g-royal-bronze-256-gb/p/itm8fa150d1fa2d2?pid=MOBHQC8DHZ54RRHA&lid=LSTMOBHQC8DHZ54RRHAQKVWSE&marketplace=FLIPKART&q=smart+phones&store=tyy%2F4io&srno=s_6_126&otracker=search&fm=organic&iid=53a0a92c-db0b-4400-b478-020c3b7d5804.MOBHQC8DHZ54RRHA.SEARCH&ppt=None&ppn=None&ssid=2lqqtwkc1s0000001791542816291&qH=a5594894156db043&ov_redirect=true,2026-10-09
127,"BOLTT EVO (Arctic White, 64 GB)",BOLTT,8999,17999,50% off,4.3,"2,048",987,4 GB RAM,64 GB ROM,6000 mAh Lithium ion Battery,T7250 Processor,6.79'' HD+ punch hole display,50MP + 2MP | 8MP Front Camera,,https://www.flipkart.com/boltt-evo-arctic-white-64-gb/p/itmf046d663a1fd7?pid=MOBHPP59BYSJ98M8&lid=LSTMOBHPP59BYSJ98M8RWYHGQ&marketplace=FLIPKART&q=smart+phones&store=tyy%2F4io&srno=s_6_127&otracker=search&fm=organic&iid=en_JJ9zWXg9geLQBylybgOqSSAoiu6fYuHpetcjcaNc3waHEB05Wh3EWOig8HE4-3Z7Mw_YrC6cGEjKq2WZ8-8z4qoJtuV9R_JTLQ6A0_d1zMR8b_rSwCNXTn0tpx2pL9eI&ppt=None&ppn=None&ssid=2lqqtwkc1s0000001791542816291&qH=a5594894156db043&ov_redirect=true,2026-10-09
128,"Nothing Phone (4b) (White, 128 GB)",Nothing,29999,49999,40% off,,,,6 GB RAM,128 GB ROM,6000 mAh Lithium ion Battery,6 Gen 4 Processor,17.2 cm (6.77 inch) Full HD+ AMOLED Display,50MP + 8MP | 16MP Front Camera,,https://www.flipkart.com/nothing-phone-4b-white-128-gb/p/itm939608b40adbb?pid=MOBHQENATV85KYCZ&lid=LSTMOBHQENATV85KYCZ0HUCMA&marketplace=FLIPKART&q=smart+phones&store=tyy%2F4io&srno=s_6_128&otracker=search&fm=organic&iid=en_JJ9zWXg9geLQBylybgOqSSAoiu6fYuHpetcjcaNc3wYmRnOR54sbsf820T6bdOhvJRWmJqRScuDEhLBoCJQ_-3Mu8S9Tpd5mWOJNld4khGl8b_rSwCNXTn0tpx2pL9eI&ppt=None&ppn=None&ssid=2lqqtwkc1s0000001791542816291&qH=a5594894156db043&ov_redirect=true,2026-10-09
129,"Samsung Galaxy A17 5G (Gray, 128 GB)",Samsung,27654,29999,7% off,4.3,"2,257",212,8 GB RAM,128 GB ROM,5000 mAh Battery,Samsung Exynos 1330 Processor,17.02 cm (6.7 inch) Full HD+ Display,50MP + 5MP + 2MP | 13MP Front Camera,,https://www.flipkart.com/samsung-galaxy-a17-5g-gray-128-gb/p/itm14e4e5394d6c7?pid=MOBHGVECFYBX65X6&lid=LSTMOBHGVECFYBX65X62BMEYA&marketplace=FLIPKART&q=smart+phones&store=tyy%2F4io&srno=s_6_129&otracker=search&fm=organic&iid=53a0a92c-db0b-4400-b478-020c3b7d5804.MOBHGVECFYBX65X6.SEARCH&ppt=None&ppn=None&ssid=2lqqtwkc1s0000001791542816291&qH=a5594894156db043&ov_redirect=true,2026-10-09
130,"MOTOROLA Edge 70 Fusion Snapdragon (Pantone ORIENT BLUE, 256 GB)",MOTOROLA,34999,59999,41% off,4.3,"7,047",783,12 GB RAM,256 GB ROM,7000 mAh Battery,Snapdragon 7s Gen 4 Processor,17.27 cm (6.8 inch) Super HD Display,50MP + 13MP | 32MP Front Camera,,https://www.flipkart.com/motorola-edge-70-fusion-snapdragon-pantone-orient-blue-256-gb/p/itm0f75501cb27b3?pid=MOBHN973ZNVAMG7V&lid=LSTMOBHN973ZNVAMG7V2L9WLM&marketplace=FLIPKART&q=smart+phones&store=tyy%2F4io&srno=s_6_130&otracker=search&fm=organic&iid=53a0a92c-db0b-4400-b478-020c3b7d5804.MOBHN973ZNVAMG7V.SEARCH&ppt=None&ppn=None&ssid=2lqqtwkc1s0000001791542816291&qH=a5594894156db043&ov_redirect=true,2026-10-09
131,"BOLTT ACE 5G (Midnight Black, 128 GB)",BOLTT,13499,26999,50% off,4.8,69,59,6 GB RAM,128 GB ROM,6000 mAh Lithium ion Battery,T8200 Processor,17.25 cm (6.79 inch) HD+ Display,64MP Rear Camera | 8MP Front Camera,,https://www.flipkart.com/boltt-ace-5g-midnight-black-128-gb/p/itmc7395bddbb3a4?pid=MOBHPP59KHGRQGZK&lid=LSTMOBHPP59KHGRQGZKG8NGAJ&marketplace=FLIPKART&q=smart+phones&store=tyy%2F4io&srno=s_6_131&otracker=search&fm=organic&iid=en_JJ9zWXg9geLQBylybgOqSSAoiu6fYuHpetcjcaNc3wb19Sm3OG24HxERHadc3vDjceO83KH40hAfyKb6-RK5epGaJ2uKZhH5MvHJRiMkFJ2_Q_LsA107_T2Vawh1j7z-&ppt=None&ppn=None&ssid=2lqqtwkc1s0000001791542816291&qH=a5594894156db043&ov_redirect=true,2026-10-09
132,"BOLTT EVO (Arctic White, 128 GB)",BOLTT,10499,18999,44% off,4,"2,616","1,184",6 GB RAM,128 GB ROM,6000 mAh Lithium ion Battery,T7250 Processor,6.79'' HD+ punch hole display,50MP + 2MP | 8MP Front Camera,,https://www.flipkart.com/boltt-evo-arctic-white-128-gb/p/itmf046d663a1fd7?pid=MOBHPP59GKGTGZGA&lid=LSTMOBHPP59GKGTGZGAIEMNWG&marketplace=FLIPKART&q=smart+phones&store=tyy%2F4io&srno=s_6_132&otracker=search&fm=organic&iid=en_JJ9zWXg9geLQBylybgOqSSAoiu6fYuHpetcjcaNc3wYen-0UwOqD5iF-zB9UOc-v2d7HEcpMQaj_c2xS4y4sBNhWhcs2422M6EHooulnPAp8b_rSwCNXTn0tpx2pL9eI&ppt=None&ppn=None&ssid=2lqqtwkc1s0000001791542816291&qH=a5594894156db043&ov_redirect=true,2026-10-09
133,"Ai+ Nova 2 Neo 5G (Blue, 128 GB)",Ai+,12999,18999,31% off,4.3,"2,452",212,4 GB RAM,128 GB ROM,6000 mAh Li-polymer Battery,Dimensity 6300 Processor,17.13 cm (6.745 inch) HD+ Display,48MP Rear Camera | 8MP Front Camera,,https://www.flipkart.com/ai-nova-2-neo-5g-blue-128-gb/p/itmdcaa61dad2064?pid=MOBHZ8ZMTFJZHQQ6&lid=LSTMOBHZ8ZMTFJZHQQ6S9CSKM&marketplace=FLIPKART&q=smart+phones&store=tyy%2F4io&srno=s_6_133&otracker=search&fm=organic&iid=53a0a92c-db0b-4400-b478-020c3b7d5804.MOBHZ8ZMTFJZHQQ6.SEARCH&ppt=None&ppn=None&ssid=2lqqtwkc1s0000001791542816291&qH=a5594894156db043&ov_redirect=true,2026-10-09
134,"Nothing Phone (4a) (Blue, 128 GB)",Nothing,44999,59999,25% off,4.5,"6,764",727,8 GB RAM,128 GB ROM,5400 mAh Lithium ion Battery,Snapdragon 7s Gen 4 Processor,17.22 cm (6.78 inch) Full HD+ AMOLED Display,50MP + 50MP + 8MP | 32MP Front Camera,,https://www.flipkart.com/nothing-phone-4a-blue-128-gb/p/itm4d8bff10483ce?pid=MOBHZAWYPQ3DQ6DS&lid=LSTMOBHZAWYPQ3DQ6DSHG2PF2&marketplace=FLIPKART&q=smart+phones&store=tyy%2F4io&srno=s_6_134&otracker=search&fm=organic&iid=53a0a92c-db0b-4400-b478-020c3b7d5804.MOBHZAWYPQ3DQ6DS.SEARCH&ppt=None&ppn=None&ssid=2lqqtwkc1s0000001791542816291&qH=a5594894156db043&ov_redirect=true,2026-10-09
135,"Samsung Galaxy S25 Plus 5G (Silver Shadow, 256 GB)",Samsung,75519,99999,24% off,4.6,"1,509",186,12 GB RAM,256 GB ROM,4900 mAh Battery,8 Elite for Galxy Processor,17.02 cm (6.7 inch) Quad HD+ Display,50MP + 10MP + 12MP | 12MP Front Camera,,https://www.flipkart.com/samsung-galaxy-s25-plus-5g-silver-shadow-256-gb/p/itm8d76a9b476932?pid=MOBH8K8UJTZZN7WZ&lid=LSTMOBH8K8UJTZZN7WZTHXXFT&marketplace=FLIPKART&q=smart+phones&store=tyy%2F4io&srno=s_6_135&otracker=search&fm=organic&iid=53a0a92c-db0b-4400-b478-020c3b7d5804.MOBH8K8UJTZZN7WZ.SEARCH&ppt=None&ppn=None&ssid=2lqqtwkc1s0000001791542816291&qH=a5594894156db043&ov_redirect=true,2026-10-09
136,"vivo T5 5G (Silver Green, 128 GB)",vivo,39999,55999,28% off,4.5,282,33,8 GB RAM,128 GB ROM,7050 mAh Li-ion Battery,Dimensity 7500 Processor,17.35 cm (6.83 inch) Full HD+ AMOLED Display,50MP + 8MP | 32MP Front Camera,,https://www.flipkart.com/vivo-t5-5g-silver-green-128-gb/p/itm8fa150d1fa2d2?pid=MOBHQC8DR8GYASKC&lid=LSTMOBHQC8DR8GYASKCX6FHLE&marketplace=FLIPKART&q=smart+phones&store=tyy%2F4io&srno=s_6_136&otracker=search&fm=organic&iid=53a0a92c-db0b-4400-b478-020c3b7d5804.MOBHQC8DR8GYASKC.SEARCH&ppt=None&ppn=None&ssid=2lqqtwkc1s0000001791542816291&qH=a5594894156db043&ov_redirect=true,2026-10-09
137,"BOLTT EVO (Berry Red, 128 GB)",BOLTT,10499,18999,44% off,4,"2,616","1,184",6 GB RAM,128 GB ROM,6000 mAh Lithium ion Battery,T7250 Processor,6.79'' HD+ punch hole display,50MP + 2MP | 8MP Front Camera,,https://www.flipkart.com/boltt-evo-berry-red-128-gb/p/itmf046d663a1fd7?pid=MOBHPP59TUYYPWP5&lid=LSTMOBHPP59TUYYPWP5U7J1VB&marketplace=FLIPKART&q=smart+phones&store=tyy%2F4io&srno=s_6_137&otracker=search&fm=organic&iid=en_JJ9zWXg9geLQBylybgOqSSAoiu6fYuHpetcjcaNc3wYtT5rE5LSoti_EFLzH5jL3C9-fTZ1EKHfU5X6OsLzF2Y6iFcCMcne0NcY1l-GNU4x8b_rSwCNXTn0tpx2pL9eI&ppt=None&ppn=None&ssid=2lqqtwkc1s0000001791542816291&qH=a5594894156db043&ov_redirect=true,2026-10-09
138,"Mivi One 5G (Burgundy, 128 GB)",Mivi,14999,25999,42% off,,,,8 GB RAM,128 GB ROM,6000 mAh Lithium Polymer Battery,Snapdragon 4 Gen 2 Processor,17.14 cm (6.75 inch) HD+ Display,50MP Rear Camera | 8MP Front Camera,,https://www.flipkart.com/mivi-one-5g-burgundy-128-gb/p/itm3fb0c94957b9f?pid=MOBHR3ZP74GDCQQC&lid=LSTMOBHR3ZP74GDCQQC3F0WAL&marketplace=FLIPKART&q=smart+phones&store=tyy%2F4io&srno=s_6_138&otracker=search&fm=organic&iid=en_JJ9zWXg9geLQBylybgOqSSAoiu6fYuHpetcjcaNc3wbpXuwp01kVX3xCjpo4zreWlhTq3TNR9LJbyvkcUs0E5h5lnB_B3YgA2Ah0gCCIDM6_Q_LsA107_T2Vawh1j7z-&ppt=None&ppn=None&ssid=2lqqtwkc1s0000001791542816291&qH=a5594894156db043&ov_redirect=true,2026-10-09
139,"Samsung Galaxy A17 5G (Blue, 128 GB)",Samsung,22680,23999,5% off,4.3,"2,761",244,6 GB RAM,128 GB ROM,5000 mAh Battery,Samsung Exynos 1330 Processor,17.02 cm (6.7 inch) Full HD+ Display,50MP + 5MP + 2MP | 13MP Front Camera,,https://www.flipkart.com/samsung-galaxy-a17-5g-blue-128-gb/p/itm14e4e5394d6c7?pid=MOBHGVECMPZEVNMJ&lid=LSTMOBHGVECMPZEVNMJZKZYBF&marketplace=FLIPKART&q=smart+phones&store=tyy%2F4io&srno=s_6_139&otracker=search&fm=organic&iid=53a0a92c-db0b-4400-b478-020c3b7d5804.MOBHGVECMPZEVNMJ.SEARCH&ppt=None&ppn=None&ssid=2lqqtwkc1s0000001791542816291&qH=a5594894156db043&ov_redirect=true,2026-10-09
140,"Nothing Phone (4a) Pro (Black, 256 GB)",Nothing,59999,75999,21% off,4.6,"1,365",168,12 GB RAM,256 GB ROM,5400 mAh Lithium ion Battery,Snapdragon 7 Gen 4 Processor,17.35 cm (6.83 inch) Full HD+ AMOLED Display,50MP + 50MP + 8MP | 32MP Front Camera,,https://www.flipkart.com/nothing-phone-4a-pro-black-256-gb/p/itmc51ebf4db432e?pid=MOBHZAWY5KHPCS4U&lid=LSTMOBHZAWY5KHPCS4UBVUZRI&marketplace=FLIPKART&q=smart+phones&store=tyy%2F4io&srno=s_6_140&otracker=search&fm=organic&iid=53a0a92c-db0b-4400-b478-020c3b7d5804.MOBHZAWY5KHPCS4U.SEARCH&ppt=None&ppn=None&ssid=2lqqtwkc1s0000001791542816291&qH=a5594894156db043&ov_redirect=true,2026-10-09
141,"BOLTT ACE 5G (Arctic White, 128 GB)",BOLTT,13499,26999,50% off,4.8,69,59,6 GB RAM,128 GB ROM,6000 mAh Lithium ion Battery,T8200 Processor,17.25 cm (6.79 inch) HD+ Display,64MP Rear Camera | 8MP Front Camera,,https://www.flipkart.com/boltt-ace-5g-arctic-white-128-gb/p/itm2eb0f483effdd?pid=MOBHPP599JHZUZBV&lid=LSTMOBHPP599JHZUZBVN1I3RX&marketplace=FLIPKART&q=smart+phones&store=tyy%2F4io&srno=s_6_141&otracker=search&fm=organic&iid=en_JJ9zWXg9geLQBylybgOqSSAoiu6fYuHpetcjcaNc3wacrklXqEMu94lKyECmxmBc8ETKDZwOYTzjik_-dC--F-Dxk3IDjpjCPWZkqPSz-Xy_Q_LsA107_T2Vawh1j7z-&ppt=None&ppn=None&ssid=2lqqtwkc1s0000001791542816291&qH=a5594894156db043&ov_redirect=true,2026-10-09
142,"BOLTT EVO (Sky Blue, 64 GB)",BOLTT,8999,17999,50% off,4.3,"2,048",987,4 GB RAM,64 GB ROM,6000 mAh Lithium ion Battery,T7250 Processor,6.79'' HD+ punch hole display,50MP + 2MP | 8MP Front Camera,,https://www.flipkart.com/boltt-evo-sky-blue-64-gb/p/itmf046d663a1fd7?pid=MOBHPP59WKSV4FYG&lid=LSTMOBHPP59WKSV4FYGYPMLV6&marketplace=FLIPKART&q=smart+phones&store=tyy%2F4io&srno=s_6_142&otracker=search&fm=organic&iid=en_JJ9zWXg9geLQBylybgOqSSAoiu6fYuHpetcjcaNc3wbD5lq3ZpUNFd43BLk_TIwoPN-wa3N07U_MG9C3wb-_N1QseCaDYY_J3qfymqYLKRpzEpm1Cp8PNLlF2FQe2sh39QWMJPI4egdmz5nn89L_DQ%3D%3D&ppt=None&ppn=None&ssid=2lqqtwkc1s0000001791542816291&qH=a5594894156db043&ov_redirect=true,2026-10-09
143,"Ai+ Nova 2 Neo 5G (Orange, 64 GB)",Ai+,12499,17999,30% off,4.3,"2,452",212,4 GB RAM,64 GB ROM,6000 mAh Li-polymer Battery,Dimensity 6300 Processor,17.13 cm (6.745 inch) HD+ Display,48MP Rear Camera | 8MP Front Camera,,https://www.flipkart.com/ai-nova-2-neo-5g-orange-64-gb/p/itm2d0613154b2b6?pid=MOBHZ8ZM8AF5YFNB&lid=LSTMOBHZ8ZM8AF5YFNBYDNL7Y&marketplace=FLIPKART&q=smart+phones&store=tyy%2F4io&srno=s_6_143&otracker=search&fm=organic&iid=53a0a92c-db0b-4400-b478-020c3b7d5804.MOBHZ8ZM8AF5YFNB.SEARCH&ppt=None&ppn=None&ssid=2lqqtwkc1s0000001791542816291&qH=a5594894156db043&ov_redirect=true,2026-10-09
144,"vivo T5 5G (Royal Bronze, 128 GB)",vivo,39999,55999,28% off,4.5,282,33,8 GB RAM,128 GB ROM,7050 mAh Li-ion Battery,Dimensity 7500 Processor,17.35 cm (6.83 inch) Full HD+ AMOLED Display,50MP + 8MP | 32MP Front Camera,,https://www.flipkart.com/vivo-t5-5g-royal-bronze-128-gb/p/itm8fa150d1fa2d2?pid=MOBHQC8D6EURCBKD&lid=LSTMOBHQC8D6EURCBKDVGX4VE&marketplace=FLIPKART&q=smart+phones&store=tyy%2F4io&srno=s_6_144&otracker=search&fm=organic&iid=53a0a92c-db0b-4400-b478-020c3b7d5804.MOBHQC8D6EURCBKD.SEARCH&ppt=None&ppn=None&ssid=2lqqtwkc1s0000001791542816291&qH=a5594894156db043&ov_redirect=true,2026-10-09
145,"realme P4x 5G (Matte Silver, 128 GB)",realme,25999,43999,40% off,4.3,"8,708",720,8 GB RAM,128 GB ROM,7000 mAh Battery,Dimensity 7400 Ultra Processor,17.07 cm (6.72 inch) Full HD+ Display,50MP + 2MP | 8MP Front Camera,,https://www.flipkart.com/realme-p4x-5g-matte-silver-128-gb/p/itm575b1540859e4?pid=MOBHN7A8HYC9BPAU&lid=LSTMOBHN7A8HYC9BPAUEQNPRK&marketplace=FLIPKART&q=smart+phones&store=tyy%2F4io&srno=s_7_145&otracker=search&fm=organic&iid=d613ad22-b5c0-4cf1-a564-e6409580e64c.MOBHN7A8HYC9BPAU.SEARCH&ppt=None&ppn=None&ssid=cypfnamtog0000001791542819223&qH=a5594894156db043&ov_redirect=true,2026-10-09
146,Vivo T4 Lite 5G (Prism Blue 2026) ( 4GB 128GB),Vivo,18999,28999,34% off,4.3,"45,006","2,077",4 GB RAM,128 GB ROM,6000 mAh Battery,Dimensity 6300 5G Processor,17.12 cm (6.74 inch) HD+ Display,50MP + 2MP | 5MP Front Camera,5G,https://www.flipkart.com/vivo-t4-lite-5g-prism-blue-2026-4gb-128gb/p/itm49fb53d099f3c?pid=MOBHNCRKRGZ4MJDK&lid=LSTMOBHNCRKRGZ4MJDKTRQ94M&marketplace=FLIPKART&q=smart+phones&store=tyy%2F4io&srno=s_7_146&otracker=search&fm=organic&iid=d613ad22-b5c0-4cf1-a564-e6409580e64c.MOBHNCRKRGZ4MJDK.SEARCH&ppt=None&ppn=None&ssid=cypfnamtog0000001791542819223&qH=a5594894156db043&ov_redirect=true,2026-10-09
147,"Mivi One 5G (Green, 128 GB)",Mivi,13999,23999,41% off,,,,6 GB RAM,128 GB ROM,6000 mAh Lithium Polymer Battery,Snapdragon 4 Gen 2 Processor,17.14 cm (6.75 inch) HD+ Display,50MP Rear Camera | 8MP Front Camera,,https://www.flipkart.com/mivi-one-5g-green-128-gb/p/itm7ea6be1c1d0bf?pid=MOBHR3ZPFRUFFEBF&lid=LSTMOBHR3ZPFRUFFEBFXXFJBJ&marketplace=FLIPKART&q=smart+phones&store=tyy%2F4io&srno=s_7_147&otracker=search&fm=organic&iid=en_C-q_-hBg5IaCpQOWpNwAZgLcfKTMdYR0ZiV1NhdbTl-v5YOoApzUjTDvbtAjEoVLzBcC0adnJVDAF994s5Z8VdXXcDpR_S7wBKL_ui3585OSiXZTfJXnwDuQBvl1z5mC&ppt=None&ppn=None&ssid=cypfnamtog0000001791542819223&qH=a5594894156db043&ov_redirect=true,2026-10-09
148,"BOLTT ACE 5G (Lavender Bloom, 64 GB)",BOLTT,11999,24999,52% off,4.2,477,226,4 GB RAM,64 GB ROM,6000 mAh Lithium ion Battery,T8200 Processor,17.25 cm (6.79 inch) HD+ Display,64MP Rear Camera | 8MP Front Camera,,https://www.flipkart.com/boltt-ace-5g-lavender-bloom-64-gb/p/itm2eb0f483effdd?pid=MOBHPP59CGDHZVJY&lid=LSTMOBHPP59CGDHZVJYFJP39X&marketplace=FLIPKART&q=smart+phones&store=tyy%2F4io&srno=s_7_148&otracker=search&fm=organic&iid=en_C-q_-hBg5IaCpQOWpNwAZgLcfKTMdYR0ZiV1NhdbTl93FhYuP4jMI9WxEwdUlBQL6EjlcJGcWKVIdsXhsZKqlc-Hfce6zHM39GsmaCxEcE2SiXZTfJXnwDuQBvl1z5mC&ppt=None&ppn=None&ssid=cypfnamtog0000001791542819223&qH=a5594894156db043&ov_redirect=true,2026-10-09
149,"Ai+ Nova 2 Neo 5G (Green, 64 GB)",Ai+,12499,17999,30% off,4.3,"2,452",212,4 GB RAM,64 GB ROM,6000 mAh Li-polymer Battery,Dimensity 6300 Processor,17.13 cm (6.745 inch) HD+ Display,48MP Rear Camera | 8MP Front Camera,,https://www.flipkart.com/ai-nova-2-neo-5g-green-64-gb/p/itm20abd24609ecd?pid=MOBHZ8ZMVMJTY7EF&lid=LSTMOBHZ8ZMVMJTY7EFPHE5YT&marketplace=FLIPKART&q=smart+phones&store=tyy%2F4io&srno=s_7_149&otracker=search&fm=organic&iid=d613ad22-b5c0-4cf1-a564-e6409580e64c.MOBHZ8ZMVMJTY7EF.SEARCH&ppt=None&ppn=None&ssid=cypfnamtog0000001791542819223&qH=a5594894156db043&ov_redirect=true,2026-10-09
150,"Google Pixel 11 (Obsidian, 512 GB)",Google,99999,104999,4% off,4.5,403,75,12 GB RAM,512 GB ROM,4985 mAh Lithium Battery,Tensor G6 Processor,16.0 cm (6.3 inch) Actua Display,48MP + 13MP + 10.8MP | 10.5MP Front Camera,,https://www.flipkart.com/google-pixel-11-obsidian-512-gb/p/itmb8cf8e195b54c?pid=MOBHPHNVZHMGDVFH&lid=LSTMOBHPHNVZHMGDVFHDJHGZT&marketplace=FLIPKART&q=smart+phones&store=tyy%2F4io&srno=s_7_150&otracker=search&fm=organic&iid=d613ad22-b5c0-4cf1-a564-e6409580e64c.MOBHPHNVZHMGDVFH.SEARCH&ppt=None&ppn=None&ssid=cypfnamtog0000001791542819223&qH=a5594894156db043&ov_redirect=true,2026-10-09
151,"BOLTT EVO (Midnight Black, 64 GB)",BOLTT,8999,17999,50% off,4.3,"2,048",987,4 GB RAM,64 GB ROM,6000 mAh Lithium ion Battery,T7250 Processor,6.79'' HD+ punch hole display,50MP + 2MP | 8MP Front Camera,,https://www.flipkart.com/boltt-evo-midnight-black-64-gb/p/itmf046d663a1fd7?pid=MOBHPP597GB8ZHTY&lid=LSTMOBHPP597GB8ZHTYGYX70A&marketplace=FLIPKART&q=smart+phones&store=tyy%2F4io&srno=s_7_151&otracker=search&fm=organic&iid=en_C-q_-hBg5IaCpQOWpNwAZgLcfKTMdYR0ZiV1NhdbTl-atdpeDJpXVPnm2K_B0fC8mufLsD40cfOytTrT-2ACNqoJtuV9R_JTLQ6A0_d1zMRjrO03NscTc9A0UMffrw_2&ppt=None&ppn=None&ssid=cypfnamtog0000001791542819223&qH=a5594894156db043&ov_redirect=true,2026-10-09
152,"BOLTT EVO (Arctic White, 64 GB)",BOLTT,8999,17999,50% off,4.3,"2,048",987,4 GB RAM,64 GB ROM,6000 mAh Lithium ion Battery,T7250 Processor,6.79'' HD+ punch hole display,50MP + 2MP | 8MP Front Camera,,https://www.flipkart.com/boltt-evo-arctic-white-64-gb/p/itmf046d663a1fd7?pid=MOBHPP59BYSJ98M8&lid=LSTMOBHPP59BYSJ98M8RWYHGQ&marketplace=FLIPKART&q=smart+phones&store=tyy%2F4io&srno=s_7_152&otracker=search&fm=organic&iid=en_C-q_-hBg5IaCpQOWpNwAZgLcfKTMdYR0ZiV1NhdbTl-RvzZJ94l9TdMvv8eEhi4LMw_YrC6cGEjKq2WZ8-8z4kJqULiYX7S4erGGIr8dEehjrO03NscTc9A0UMffrw_2&ppt=None&ppn=None&ssid=cypfnamtog0000001791542819223&qH=a5594894156db043&ov_redirect=true,2026-10-09
153,"Ai+ Nova 2 Ultra 5G (Purple, 128 GB)",Ai+,20999,29999,30% off,4.2,"4,266",576,6 GB RAM,128 GB ROM,6000 mAh Li-polymer Battery,Dimensity 7400 Processor,17.22 cm (6.78 inch) Full HD+ AMOLED Display,50MP + 8MP | 13MP Front Camera,,https://www.flipkart.com/ai-nova-2-ultra-5g-purple-128-gb/p/itmbaa57e143fa03?pid=MOBHZHUVGPVFCNXH&lid=LSTMOBHZHUVGPVFCNXHJRX5J5&marketplace=FLIPKART&q=smart+phones&store=tyy%2F4io&srno=s_7_153&otracker=search&fm=organic&iid=d613ad22-b5c0-4cf1-a564-e6409580e64c.MOBHZHUVGPVFCNXH.SEARCH&ppt=None&ppn=None&ssid=cypfnamtog0000001791542819223&qH=a5594894156db043&ov_redirect=true,2026-10-09
154,"OnePlus Nord CE6 Lite (Hyper Black, 256 GB)",OnePlus,33860,36999,8% off,4.3,"1,233",84,8 GB RAM,256 GB ROM,7000 mAh Battery,MediaTek Dimensity 7400 Apex Processor,17.07 cm (6.72 inch) Full HD+ Display,50MP Rear Camera | 8MP Front Camera,,https://www.flipkart.com/oneplus-nord-ce6-lite-hyper-black-256-gb/p/itm894a5599b758b?pid=MOBHN8CPMYHDEBRA&lid=LSTMOBHN8CPMYHDEBRA7F6FDF&marketplace=FLIPKART&q=smart+phones&store=tyy%2F4io&srno=s_7_154&otracker=search&fm=organic&iid=d613ad22-b5c0-4cf1-a564-e6409580e64c.MOBHN8CPMYHDEBRA.SEARCH&ppt=None&ppn=None&ssid=cypfnamtog0000001791542819223&qH=a5594894156db043&ov_redirect=true,2026-10-09
155,"POCO X8 5G (Fiery Orange, 256 GB)",POCO,32999,74999,56% off,4.2,52,12,8 GB RAM,256 GB ROM,9000 mAh Lithium-Ion Polymer Battery,6s Gen 4 Processor,17.35 cm (6.83 inch) Full HD+ AMOLED Display,50MP + 2MP | 16MP Front Camera,,https://www.flipkart.com/poco-x8-5g-fiery-orange-256-gb/p/itme804d92a8b9b4?pid=MOBHQ6XZGNCJKYDN&lid=LSTMOBHQ6XZGNCJKYDN1ECRVL&marketplace=FLIPKART&q=smart+phones&store=tyy%2F4io&srno=s_7_155&otracker=search&fm=organic&iid=d613ad22-b5c0-4cf1-a564-e6409580e64c.MOBHQ6XZGNCJKYDN.SEARCH&ppt=None&ppn=None&ssid=cypfnamtog0000001791542819223&qH=a5594894156db043&ov_redirect=true,2026-10-09
156,"Apple iPhone 18 Pro max (Burgundy, 256 GB)",Apple,179900,,,4.8,140,22,,,,"A20 Pro chip, 6 Core Processor Processor",17.53 cm (6.9 inch) Super Retina XDR Display,48MP + 48MP + 48MP | 18MP Front Camera,,https://www.flipkart.com/apple-iphone-18-pro-max-burgundy-256-gb/p/itm1d3fdd8d79809?pid=MOBHQT5JNQS7CKWR&lid=LSTMOBHQT5JNQS7CKWRQMKBVK&marketplace=FLIPKART&q=smart+phones&store=tyy%2F4io&srno=s_7_156&otracker=search&fm=organic&iid=d613ad22-b5c0-4cf1-a564-e6409580e64c.MOBHQT5JNQS7CKWR.SEARCH&ppt=None&ppn=None&ssid=cypfnamtog0000001791542819223&qH=a5594894156db043&ov_redirect=true,2026-10-09
157,"Nothing Phone (4b) (White, 128 GB)",Nothing,29999,49999,40% off,,,,6 GB RAM,128 GB ROM,6000 mAh Lithium ion Battery,6 Gen 4 Processor,17.2 cm (6.77 inch) Full HD+ AMOLED Display,50MP + 8MP | 16MP Front Camera,,https://www.flipkart.com/nothing-phone-4b-white-128-gb/p/itm939608b40adbb?pid=MOBHQENATV85KYCZ&lid=LSTMOBHQENATV85KYCZ0HUCMA&marketplace=FLIPKART&q=smart+phones&store=tyy%2F4io&srno=s_7_157&otracker=search&fm=organic&iid=en_C-q_-hBg5IaCpQOWpNwAZgLcfKTMdYR0ZiV1NhdbTl-d1x6D7PXrvdNPaXMZtyPbJRWmJqRScuDEhLBoCJQ_-zmhNhj8Rec88cH_U33TMLVjrO03NscTc9A0UMffrw_2&ppt=None&ppn=None&ssid=cypfnamtog0000001791542819223&qH=a5594894156db043&ov_redirect=true,2026-10-09
158,"BOLTT ACE 5G (Midnight Black, 128 GB)",BOLTT,13499,26999,50% off,4.8,69,59,6 GB RAM,128 GB ROM,6000 mAh Lithium ion Battery,T8200 Processor,17.25 cm (6.79 inch) HD+ Display,64MP Rear Camera | 8MP Front Camera,,https://www.flipkart.com/boltt-ace-5g-midnight-black-128-gb/p/itmc7395bddbb3a4?pid=MOBHPP59KHGRQGZK&lid=LSTMOBHPP59KHGRQGZKG8NGAJ&marketplace=FLIPKART&q=smart+phones&store=tyy%2F4io&srno=s_7_158&otracker=search&fm=organic&iid=en_C-q_-hBg5IaCpQOWpNwAZgLcfKTMdYR0ZiV1NhdbTl-GY4aunGCKNepTGFREzXpDceO83KH40hAfyKb6-RK5emI2n1F29CDxktZayioP0zqSiXZTfJXnwDuQBvl1z5mC&ppt=None&ppn=None&ssid=cypfnamtog0000001791542819223&qH=a5594894156db043&ov_redirect=true,2026-10-09
159,"realme P4x 5G (Matte Silver, 128 GB)",realme,22999,38999,41% off,4.3,"15,964","1,373",6 GB RAM,128 GB ROM,7000 mAh Battery,Dimensity 7400 Ultra Processor,17.07 cm (6.72 inch) Full HD+ Display,50MP + 2MP | 8MP Front Camera,,https://www.flipkart.com/realme-p4x-5g-matte-silver-128-gb/p/itm575b1540859e4?pid=MOBHN7A8H9WAG4PD&lid=LSTMOBHN7A8H9WAG4PDDT5UHL&marketplace=FLIPKART&q=smart+phones&store=tyy%2F4io&srno=s_7_159&otracker=search&fm=organic&iid=d613ad22-b5c0-4cf1-a564-e6409580e64c.MOBHN7A8H9WAG4PD.SEARCH&ppt=None&ppn=None&ssid=cypfnamtog0000001791542819223&qH=a5594894156db043&ov_redirect=true,2026-10-09
160,"realme Narzo 80 Lite (Obsidian Black, 64 GB)",realme,13429,16999,21% off,4.2,"3,617",197,4 GB RAM,64 GB ROM,6300 mAh Battery,,17.12 cm (6.74 inch) HD+ Display,32MP Rear Camera,,https://www.flipkart.com/realme-narzo-80-lite-obsidian-black-64-gb/p/itmda40eecbc001f?pid=MOBHEGXGERZQUSYS&lid=LSTMOBHEGXGERZQUSYSOCI8KU&marketplace=FLIPKART&q=smart+phones&store=tyy%2F4io&srno=s_7_160&otracker=search&fm=organic&iid=d613ad22-b5c0-4cf1-a564-e6409580e64c.MOBHEGXGERZQUSYS.SEARCH&ppt=None&ppn=None&ssid=cypfnamtog0000001791542819223&qH=a5594894156db043&ov_redirect=true,2026-10-09
161,"BOLTT EVO (Arctic White, 128 GB)",BOLTT,10499,18999,44% off,4,"2,616","1,184",6 GB RAM,128 GB ROM,6000 mAh Lithium ion Battery,T7250 Processor,6.79'' HD+ punch hole display,50MP + 2MP | 8MP Front Camera,,https://www.flipkart.com/boltt-evo-arctic-white-128-gb/p/itmf046d663a1fd7?pid=MOBHPP59GKGTGZGA&lid=LSTMOBHPP59GKGTGZGAIEMNWG&marketplace=FLIPKART&q=smart+phones&store=tyy%2F4io&srno=s_7_161&otracker=search&fm=organic&iid=en_C-q_-hBg5IaCpQOWpNwAZgLcfKTMdYR0ZiV1NhdbTl9kiB7KXwfYoOg6EeaJbp762d7HEcpMQaj_c2xS4y4sBI6iFcCMcne0NcY1l-GNU4xjrO03NscTc9A0UMffrw_2&ppt=None&ppn=None&ssid=cypfnamtog0000001791542819223&qH=a5594894156db043&ov_redirect=true,2026-10-09
162,"Mivi One 5G (Burgundy, 128 GB)",Mivi,14999,25999,42% off,,,,8 GB RAM,128 GB ROM,6000 mAh Lithium Polymer Battery,Snapdragon 4 Gen 2 Processor,17.14 cm (6.75 inch) HD+ Display,50MP Rear Camera | 8MP Front Camera,,https://www.flipkart.com/mivi-one-5g-burgundy-128-gb/p/itm3fb0c94957b9f?pid=MOBHR3ZP74GDCQQC&lid=LSTMOBHR3ZP74GDCQQC3F0WAL&marketplace=FLIPKART&q=smart+phones&store=tyy%2F4io&srno=s_7_162&otracker=search&fm=organic&iid=en_C-q_-hBg5IaCpQOWpNwAZgLcfKTMdYR0ZiV1NhdbTl8inS6Or2N4fUCXoUxtMeE8lhTq3TNR9LJbyvkcUs0E5h5lnB_B3YgA2Ah0gCCIDM6SiXZTfJXnwDuQBvl1z5mC&ppt=None&ppn=None&ssid=cypfnamtog0000001791542819223&qH=a5594894156db043&ov_redirect=true,2026-10-09
163,"Nothing Phone (4a) (Black, 128 GB)",Nothing,44999,59999,25% off,4.5,"6,764",727,8 GB RAM,128 GB ROM,5400 mAh Lithium ion Battery,Snapdragon 7s Gen 4 Processor,17.22 cm (6.78 inch) Full HD+ AMOLED Display,50MP + 50MP + 8MP | 32MP Front Camera,,https://www.flipkart.com/nothing-phone-4a-black-128-gb/p/itm4d8bff10483ce?pid=MOBHZAWYHMRFGNFF&lid=LSTMOBHZAWYHMRFGNFFEN8HH5&marketplace=FLIPKART&q=smart+phones&store=tyy%2F4io&srno=s_7_163&otracker=search&fm=organic&iid=d613ad22-b5c0-4cf1-a564-e6409580e64c.MOBHZAWYHMRFGNFF.SEARCH&ppt=None&ppn=None&ssid=cypfnamtog0000001791542819223&qH=a5594894156db043&ov_redirect=true,2026-10-09
164,"Samsung M06 5G (Sage Green, 128 GB)",Samsung,16399,16999,3% off,4.1,"6,422",441,4 GB RAM,128 GB ROM,5000 mAh Battery,,17.02 cm (6.7 inch) Display,50MP Rear Camera,,https://www.flipkart.com/samsung-m06-5g-sage-green-128-gb/p/itmcafa42dadc15c?pid=MOBH9UYFYVNKR3HR&lid=LSTMOBH9UYFYVNKR3HRK4HDKJ&marketplace=FLIPKART&q=smart+phones&store=tyy%2F4io&srno=s_7_164&otracker=search&fm=organic&iid=d613ad22-b5c0-4cf1-a564-e6409580e64c.MOBH9UYFYVNKR3HR.SEARCH&ppt=None&ppn=None&ssid=cypfnamtog0000001791542819223&qH=a5594894156db043&ov_redirect=true,2026-10-09
165,"realme P4 Lite 5G (Mosaic Blue, 128 GB)",realme,17499,32999,46% off,4.2,"15,151",939,4 GB RAM,128 GB ROM,7000 mAh lithium-ion polymer Battery,Dimensity 6300 Processor,17.27 cm (6.8 inches) HD+ Display,13MP Rear Camera | 5MP Front Camera,,https://www.flipkart.com/realme-p4-lite-5g-mosaic-blue-128-gb/p/itm90c243961f214?pid=MOBHN7A8MNWG6FFH&lid=LSTMOBHN7A8MNWG6FFHBWLRUJ&marketplace=FLIPKART&q=smart+phones&store=tyy%2F4io&srno=s_7_165&otracker=search&fm=organic&iid=d613ad22-b5c0-4cf1-a564-e6409580e64c.MOBHN7A8MNWG6FFH.SEARCH&ppt=None&ppn=None&ssid=cypfnamtog0000001791542819223&qH=a5594894156db043&ov_redirect=true,2026-10-09
166,"realme P4 Lite 5G (Mosaic Green, 128 GB)",realme,17499,32999,46% off,4.2,"15,151",939,4 GB RAM,128 GB ROM,7000 mAh lithium-ion polymer Battery,Dimensity 6300 Processor,17.27 cm (6.8 inches) HD+ Display,13MP Rear Camera | 5MP Front Camera,,https://www.flipkart.com/realme-p4-lite-5g-mosaic-green-128-gb/p/itm90c243961f214?pid=MOBHN7A8PBUWNHG5&lid=LSTMOBHN7A8PBUWNHG5V5EICC&marketplace=FLIPKART&q=smart+phones&store=tyy%2F4io&srno=s_7_166&otracker=search&fm=organic&iid=d613ad22-b5c0-4cf1-a564-e6409580e64c.MOBHN7A8PBUWNHG5.SEARCH&ppt=None&ppn=None&ssid=cypfnamtog0000001791542819223&qH=a5594894156db043&ov_redirect=true,2026-10-09
167,"BOLTT EVO (Sky Blue, 64 GB)",BOLTT,8999,17999,50% off,4.3,"2,048",987,4 GB RAM,64 GB ROM,6000 mAh Lithium ion Battery,T7250 Processor,6.79'' HD+ punch hole display,50MP + 2MP | 8MP Front Camera,,https://www.flipkart.com/boltt-evo-sky-blue-64-gb/p/itmf046d663a1fd7?pid=MOBHPP59WKSV4FYG&lid=LSTMOBHPP59WKSV4FYGYPMLV6&marketplace=FLIPKART&q=smart+phones&store=tyy%2F4io&srno=s_7_167&otracker=search&fm=organic&iid=en_C-q_-hBg5IaCpQOWpNwAZgLcfKTMdYR0ZiV1NhdbTl_Ru4MKtxNqsrlwsfG3CosRiWdFa328hJ5Tl7uRbip-ZFs0LAPqMrP3q_6IRdvsZf9jrO03NscTc9A0UMffrw_2&ppt=None&ppn=None&ssid=cypfnamtog0000001791542819223&qH=a5594894156db043&ov_redirect=true,2026-10-09
168,"BOLTT ACE 5G (Arctic White, 128 GB)",BOLTT,13499,26999,50% off,4.8,69,59,6 GB RAM,128 GB ROM,6000 mAh Lithium ion Battery,T8200 Processor,17.25 cm (6.79 inch) HD+ Display,64MP Rear Camera | 8MP Front Camera,,https://www.flipkart.com/boltt-ace-5g-arctic-white-128-gb/p/itm2eb0f483effdd?pid=MOBHPP599JHZUZBV&lid=LSTMOBHPP599JHZUZBVN1I3RX&marketplace=FLIPKART&q=smart+phones&store=tyy%2F4io&srno=s_7_168&otracker=search&fm=organic&iid=en_C-q_-hBg5IaCpQOWpNwAZgLcfKTMdYR0ZiV1NhdbTl_rubjMH0v68-muoOKAqd7KqWMRb7XZ9LlJlXwsX-MeSpRRJF9TV-hbUYxhg9GdHDYTiLwcKiGfzRlWbiEs8NzO&ppt=None&ppn=None&ssid=cypfnamtog0000001791542819223&qH=a5594894156db043&ov_redirect=true,2026-10-09
169,"Google Pixel 11 (Frost, 512 GB)",Google,99999,104999,4% off,4.5,403,75,12 GB RAM,512 GB ROM,4985 mAh Lithium Battery,Tensor G6 Processor,16.0 cm (6.3 inch) Actua Display,48MP + 13MP + 10.8MP | 10.5MP Front Camera,,https://www.flipkart.com/google-pixel-11-frost-512-gb/p/itm901dc9a784aaf?pid=MOBHPHNVYZSFXPGY&lid=LSTMOBHPHNVYZSFXPGY3HDKOG&marketplace=FLIPKART&q=smart+phones&store=tyy%2F4io&srno=s_8_169&otracker=search&fm=organic&iid=e14ae8c1-7e18-421a-8888-aad37cee3b30.MOBHPHNVYZSFXPGY.SEARCH&ppt=None&ppn=None&ssid=dqwx8n2hrk0000001791542822135&qH=a5594894156db043&ov_redirect=true,2026-10-09
170,"Samsung Galaxy F70 Pro 5G (Alpha Black, 128 GB)",Samsung,26999,46999,42% off,4.3,"2,449",828,6 GB RAM,128 GB ROM,6000 mAh Li-ion Battery,Snapdragon 6 Gen 3 Processor,17.02 cm (6.7 inch) Full HD+ Display,50MP + 5MP | 12MP Front Camera,,https://www.flipkart.com/samsung-galaxy-f70-pro-5g-alpha-black-128-gb/p/itm37bbb9ed78024?pid=MOBHZ8YSB7NVXSGY&lid=LSTMOBHZ8YSB7NVXSGYFA9Q6S&marketplace=FLIPKART&q=smart+phones&store=tyy%2F4io&srno=s_8_170&otracker=search&fm=organic&iid=e14ae8c1-7e18-421a-8888-aad37cee3b30.MOBHZ8YSB7NVXSGY.SEARCH&ppt=None&ppn=None&ssid=dqwx8n2hrk0000001791542822135&qH=a5594894156db043&ov_redirect=true,2026-10-09
171,"BOLTT EVO (Midnight Black, 64 GB)",BOLTT,8999,17999,50% off,4.3,"2,048",987,4 GB RAM,64 GB ROM,6000 mAh Lithium ion Battery,T7250 Processor,6.79'' HD+ punch hole display,50MP + 2MP | 8MP Front Camera,,https://www.flipkart.com/boltt-evo-midnight-black-64-gb/p/itmf046d663a1fd7?pid=MOBHPP597GB8ZHTY&lid=LSTMOBHPP597GB8ZHTYGYX70A&marketplace=FLIPKART&q=smart+phones&store=tyy%2F4io&srno=s_8_171&otracker=search&fm=organic&iid=en_3IjascbKiuZf4xHZ-JczluFo7vC0PIr5kjOrCRaqSNSA34glZ8bmj3j1u-fWpzL0mufLsD40cfOytTrT-2ACNol0zbRIx7nkRM2sm5Z_wdMS4BwS5aXu-VnvOn0WD7WE&ppt=None&ppn=None&ssid=dqwx8n2hrk0000001791542822135&qH=a5594894156db043&ov_redirect=true,2026-10-09
172,"Mivi One 5G (Green, 128 GB)",Mivi,13999,23999,41% off,,,,6 GB RAM,128 GB ROM,6000 mAh Lithium Polymer Battery,Snapdragon 4 Gen 2 Processor,17.14 cm (6.75 inch) HD+ Display,50MP Rear Camera | 8MP Front Camera,,https://www.flipkart.com/mivi-one-5g-green-128-gb/p/itm7ea6be1c1d0bf?pid=MOBHR3ZPFRUFFEBF&lid=LSTMOBHR3ZPFRUFFEBFXXFJBJ&marketplace=FLIPKART&q=smart+phones&store=tyy%2F4io&srno=s_8_172&otracker=search&fm=organic&iid=en_3IjascbKiuZf4xHZ-JczluFo7vC0PIr5kjOrCRaqSNSArBpfumluWc-77JPlUTdNzBcC0adnJVDAF994s5Z8VY9HwORmVN_5IcANi6THsWoi6L0jR5PlG1lrggCx9JsG&ppt=None&ppn=None&ssid=dqwx8n2hrk0000001791542822135&qH=a5594894156db043&ov_redirect=true,2026-10-09
173,"Samsung Galaxy F70 Pro 5G (Aura Green, 128 GB)",Samsung,26999,46999,42% off,4.3,"2,449",828,6 GB RAM,128 GB ROM,6000 mAh Li-ion Battery,Snapdragon 6 Gen 3 Processor,17.02 cm (6.7 inch) Full HD+ Display,50MP + 5MP | 12MP Front Camera,,https://www.flipkart.com/samsung-galaxy-f70-pro-5g-aura-green-128-gb/p/itm37bbb9ed78024?pid=MOBHZ8YSHHX6C4KX&lid=LSTMOBHZ8YSHHX6C4KXUVS4HC&marketplace=FLIPKART&q=smart+phones&store=tyy%2F4io&srno=s_8_173&otracker=search&fm=organic&iid=e14ae8c1-7e18-421a-8888-aad37cee3b30.MOBHZ8YSHHX6C4KX.SEARCH&ppt=None&ppn=None&ssid=dqwx8n2hrk0000001791542822135&qH=a5594894156db043&ov_redirect=true,2026-10-09
174,"Ai+ Nova 2 Neo 5G (Red, 64 GB)",Ai+,12499,17999,30% off,4.3,"2,452",212,4 GB RAM,64 GB ROM,6000 mAh Li-polymer Battery,Dimensity 6300 Processor,17.13 cm (6.745 inch) HD+ Display,48MP Rear Camera | 8MP Front Camera,,https://www.flipkart.com/ai-nova-2-neo-5g-red-64-gb/p/itme06ad72c62724?pid=MOBHZ8ZMRBPMY8PF&lid=LSTMOBHZ8ZMRBPMY8PFWQL9IW&marketplace=FLIPKART&q=smart+phones&store=tyy%2F4io&srno=s_8_174&otracker=search&fm=organic&iid=e14ae8c1-7e18-421a-8888-aad37cee3b30.MOBHZ8ZMRBPMY8PF.SEARCH&ppt=None&ppn=None&ssid=dqwx8n2hrk0000001791542822135&qH=a5594894156db043&ov_redirect=true,2026-10-09
175,"POCO X8 Pro (Black, 256 GB)",POCO,39999,52999,24% off,4.4,"1,251",208,12 GB RAM,256 GB ROM,6500 mAh Lithium-Ion Polymer With Silicon Carbon Technology Battery,Dimensity 8500-Ultra Processor,16.74 cm (6.59 inch) Full HD+ AMOLED Display,50MP + 8MP | 20MP Front Camera,,https://www.flipkart.com/poco-x8-pro-black-256-gb/p/itm782e626602a77?pid=MOBHMGG5SJRAADHF&lid=LSTMOBHMGG5SJRAADHFSAGNRE&marketplace=FLIPKART&q=smart+phones&store=tyy%2F4io&srno=s_8_175&otracker=search&fm=organic&iid=e14ae8c1-7e18-421a-8888-aad37cee3b30.MOBHMGG5SJRAADHF.SEARCH&ppt=None&ppn=None&ssid=dqwx8n2hrk0000001791542822135&qH=a5594894156db043&ov_redirect=true,2026-10-09
176,"realme P4 Lite 5G (Mosaic Green, 64 GB)",realme,15999,28999,44% off,4.2,"15,151",939,4 GB RAM,64 GB ROM,7000 mAh lithium-ion polymer Battery,Dimensity 6300 Processor,17.27 cm (6.8 inches) HD+ Display,13MP Rear Camera | 5MP Front Camera,,https://www.flipkart.com/realme-p4-lite-5g-mosaic-green-64-gb/p/itm90c243961f214?pid=MOBHN7A8SZ7F9C7T&lid=LSTMOBHN7A8SZ7F9C7TYM0TGX&marketplace=FLIPKART&q=smart+phones&store=tyy%2F4io&srno=s_8_176&otracker=search&fm=organic&iid=e14ae8c1-7e18-421a-8888-aad37cee3b30.MOBHN7A8SZ7F9C7T.SEARCH&ppt=None&ppn=None&ssid=dqwx8n2hrk0000001791542822135&qH=a5594894156db043&ov_redirect=true,2026-10-09
177,"BOLTT ACE 5G (Lavender Bloom, 64 GB)",BOLTT,11999,24999,52% off,4.2,477,226,4 GB RAM,64 GB ROM,6000 mAh Lithium ion Battery,T8200 Processor,17.25 cm (6.79 inch) HD+ Display,64MP Rear Camera | 8MP Front Camera,,https://www.flipkart.com/boltt-ace-5g-lavender-bloom-64-gb/p/itm2eb0f483effdd?pid=MOBHPP59CGDHZVJY&lid=LSTMOBHPP59CGDHZVJYFJP39X&marketplace=FLIPKART&q=smart+phones&store=tyy%2F4io&srno=s_8_177&otracker=search&fm=organic&iid=en_3IjascbKiuZf4xHZ-JczluFo7vC0PIr5kjOrCRaqSNSB2PUG6290DMDkhaUXc_x76EjlcJGcWKVIdsXhsZKqldil8PSYMCIeoorv_0-dz5Mi6L0jR5PlG1lrggCx9JsG&ppt=None&ppn=None&ssid=dqwx8n2hrk0000001791542822135&qH=a5594894156db043&ov_redirect=true,2026-10-09
178,"BOLTT EVO (Arctic White, 64 GB)",BOLTT,8999,17999,50% off,4.3,"2,048",987,4 GB RAM,64 GB ROM,6000 mAh Lithium ion Battery,T7250 Processor,6.79'' HD+ punch hole display,50MP + 2MP | 8MP Front Camera,,https://www.flipkart.com/boltt-evo-arctic-white-64-gb/p/itmf046d663a1fd7?pid=MOBHPP59BYSJ98M8&lid=LSTMOBHPP59BYSJ98M8RWYHGQ&marketplace=FLIPKART&q=smart+phones&store=tyy%2F4io&srno=s_8_178&otracker=search&fm=organic&iid=en_3IjascbKiuZf4xHZ-JczluFo7vC0PIr5kjOrCRaqSNTkTImkgRoGKUXxbYTE6W4-Mw_YrC6cGEjKq2WZ8-8z4kJqULiYX7S4erGGIr8dEegS4BwS5aXu-VnvOn0WD7WE&ppt=None&ppn=None&ssid=dqwx8n2hrk0000001791542822135&qH=a5594894156db043&ov_redirect=true,2026-10-09
179,"Samsung Galaxy S25 FE 5G (Jetblack, 128 GB)",Samsung,44999,89999,50% off,4.6,"3,740",600,8 GB RAM,128 GB ROM,4900 mAh Li-ion Battery,Exynos 2400 Processor,17.02 cm (6.7 inch) Full HD+ Display,50MP + 12MP + 8MP | 12MP Front Camera,,https://www.flipkart.com/samsung-galaxy-s25-fe-5g-jetblack-128-gb/p/itm90e887b150eea?pid=MOBHQCH6FPTX5FZ2&lid=LSTMOBHQCH6FPTX5FZ26HBEZT&marketplace=FLIPKART&q=smart+phones&store=tyy%2F4io&srno=s_8_179&otracker=search&fm=organic&iid=e14ae8c1-7e18-421a-8888-aad37cee3b30.MOBHQCH6FPTX5FZ2.SEARCH&ppt=None&ppn=None&ssid=dqwx8n2hrk0000001791542822135&qH=a5594894156db043&ov_redirect=true,2026-10-09
180,"Ai+ Nova 2 5G (Blue, 128 GB)",Ai+,13999,14999,6% off,4,"6,279",502,6 GB RAM,128 GB ROM,6000 mAh Battery,T8200 Processor,17.13 cm (6.745 inch) HD+ Display,50MP Rear Camera | 8MP Front Camera,,https://www.flipkart.com/ai-nova-2-5g-blue-128-gb/p/itm149ae9e602599?pid=MOBHKHPYRKWUQAA2&lid=LSTMOBHKHPYRKWUQAA2VQX454&marketplace=FLIPKART&q=smart+phones&store=tyy%2F4io&srno=s_8_180&otracker=search&fm=organic&iid=e14ae8c1-7e18-421a-8888-aad37cee3b30.MOBHKHPYRKWUQAA2.SEARCH&ppt=None&ppn=None&ssid=dqwx8n2hrk0000001791542822135&qH=a5594894156db043&ov_redirect=true,2026-10-09
181,"Nothing Phone (4b) (White, 128 GB)",Nothing,29999,49999,40% off,,,,6 GB RAM,128 GB ROM,6000 mAh Lithium ion Battery,6 Gen 4 Processor,17.2 cm (6.77 inch) Full HD+ AMOLED Display,50MP + 8MP | 16MP Front Camera,,https://www.flipkart.com/nothing-phone-4b-white-128-gb/p/itm939608b40adbb?pid=MOBHQENATV85KYCZ&lid=LSTMOBHQENATV85KYCZ0HUCMA&marketplace=FLIPKART&q=smart+phones&store=tyy%2F4io&srno=s_8_181&otracker=search&fm=organic&iid=en_3IjascbKiuZf4xHZ-JczluFo7vC0PIr5kjOrCRaqSNTQS7-KRVqQFZPpj54HGxy0JRWmJqRScuDEhLBoCJQ_-zmhNhj8Rec88cH_U33TMLUS4BwS5aXu-VnvOn0WD7WE&ppt=None&ppn=None&ssid=dqwx8n2hrk0000001791542822135&qH=a5594894156db043&ov_redirect=true,2026-10-09
182,"BOLTT ACE 5G (Midnight Black, 128 GB)",BOLTT,13499,26999,50% off,4.8,69,59,6 GB RAM,128 GB ROM,6000 mAh Lithium ion Battery,T8200 Processor,17.25 cm (6.79 inch) HD+ Display,64MP Rear Camera | 8MP Front Camera,,https://www.flipkart.com/boltt-ace-5g-midnight-black-128-gb/p/itmc7395bddbb3a4?pid=MOBHPP59KHGRQGZK&lid=LSTMOBHPP59KHGRQGZKG8NGAJ&marketplace=FLIPKART&q=smart+phones&store=tyy%2F4io&srno=s_8_182&otracker=search&fm=organic&iid=en_3IjascbKiuZf4xHZ-JczluFo7vC0PIr5kjOrCRaqSNRRwNrtONkTMhUqANUkIq9OceO83KH40hAfyKb6-RK5emI2n1F29CDxktZayioP0zoi6L0jR5PlG1lrggCx9JsG&ppt=None&ppn=None&ssid=dqwx8n2hrk0000001791542822135&qH=a5594894156db043&ov_redirect=true,2026-10-09
183,"vivo X200T (Seaside Lilac, 256 GB)",vivo,59999,79999,25% off,4.6,"9,915","1,876",12 GB RAM,256 GB ROM,6200 mAh Battery,Dimensity 9400+ Processor,16.94 cm (6.67 inch) Full HD+ AMOLED Display,50MP + 50MP + 50MP | 32MP Front Camera,,https://www.flipkart.com/vivo-x200t-seaside-lilac-256-gb/p/itm1b8452d68859b?pid=MOBHJK5M62ZH9FAM&lid=LSTMOBHJK5M62ZH9FAM6X3HVK&marketplace=FLIPKART&q=smart+phones&store=tyy%2F4io&srno=s_8_183&otracker=search&fm=organic&iid=e14ae8c1-7e18-421a-8888-aad37cee3b30.MOBHJK5M62ZH9FAM.SEARCH&ppt=None&ppn=None&ssid=dqwx8n2hrk0000001791542822135&qH=a5594894156db043&ov_redirect=true,2026-10-09
184,"Nothing Phone (4b) (Blue, 256 GB)",Nothing,40999,59999,31% off,4.3,"1,882",183,8 GB RAM,256 GB ROM,6000 mAh Lithium ion Battery,6 Gen 4 Processor,17.2 cm (6.77 inch) Full HD+ AMOLED Display,50MP + 8MP | 16MP Front Camera,,https://www.flipkart.com/nothing-phone-4b-blue-256-gb/p/itm939608b40adbb?pid=MOBHZMBDHJGVM8N5&lid=LSTMOBHZMBDHJGVM8N5TDJER1&marketplace=FLIPKART&q=smart+phones&store=tyy%2F4io&srno=s_8_184&otracker=search&fm=organic&iid=e14ae8c1-7e18-421a-8888-aad37cee3b30.MOBHZMBDHJGVM8N5.SEARCH&ppt=None&ppn=None&ssid=dqwx8n2hrk0000001791542822135&qH=a5594894156db043&ov_redirect=true,2026-10-09
185,"OPPO A78 5G (Glowing Blue, 128 GB)",OPPO,21999,,,4.3,"6,408",398,8 GB RAM,128 GB ROM,5000 mAh Battery,6833 Processor,16.66 cm (6.56 inch) HD+ Display,50MP + 2MP | 8MP Front Camera,,https://www.flipkart.com/oppo-a78-5g-glowing-blue-128-gb/p/itmf1eeaf323aaa5?pid=MOBGRFUGZJ8DHGKY&lid=LSTMOBGRFUGZJ8DHGKYMGWUD4&marketplace=FLIPKART&q=smart+phones&store=tyy%2F4io&srno=s_8_185&otracker=search&fm=organic&iid=e14ae8c1-7e18-421a-8888-aad37cee3b30.MOBGRFUGZJ8DHGKY.SEARCH&ppt=None&ppn=None&ssid=dqwx8n2hrk0000001791542822135&qH=a5594894156db043&ov_redirect=true,2026-10-09
186,"REDMI Note 15 SE 5G Snapdragon (Frosted White, 128 GB)",REDMI,27999,35999,22% off,4.3,"3,500",334,8 GB RAM,128 GB ROM,5800 mAh Lithium-Ion Polymer Battery,Snapdragon 6 Gen 3 Processor,17.2 cm (6.77 inch) Full HD+ AMOLED Display,50MP Rear Camera | 20MP Front Camera,,https://www.flipkart.com/redmi-note-15-se-5g-snapdragon-frosted-white-128-gb/p/itm73244c88e9b6c?pid=MOBHN52FBUDPFNXC&lid=LSTMOBHN52FBUDPFNXCEDAEKC&marketplace=FLIPKART&q=smart+phones&store=tyy%2F4io&srno=s_8_186&otracker=search&fm=organic&iid=e14ae8c1-7e18-421a-8888-aad37cee3b30.MOBHN52FBUDPFNXC.SEARCH&ppt=None&ppn=None&ssid=dqwx8n2hrk0000001791542822135&qH=a5594894156db043&ov_redirect=true,2026-10-09
187,"BOLTT EVO (Arctic White, 128 GB)",BOLTT,10499,18999,44% off,4,"2,616","1,184",6 GB RAM,128 GB ROM,6000 mAh Lithium ion Battery,T7250 Processor,6.79'' HD+ punch hole display,50MP + 2MP | 8MP Front Camera,,https://www.flipkart.com/boltt-evo-arctic-white-128-gb/p/itmf046d663a1fd7?pid=MOBHPP59GKGTGZGA&lid=LSTMOBHPP59GKGTGZGAIEMNWG&marketplace=FLIPKART&q=smart+phones&store=tyy%2F4io&srno=s_8_187&otracker=search&fm=organic&iid=en_3IjascbKiuZf4xHZ-JczluFo7vC0PIr5kjOrCRaqSNTvpHwLBUd3l1sSC3FAs5rd2d7HEcpMQaj_c2xS4y4sBI6iFcCMcne0NcY1l-GNU4wS4BwS5aXu-VnvOn0WD7WE&ppt=None&ppn=None&ssid=dqwx8n2hrk0000001791542822135&qH=a5594894156db043&ov_redirect=true,2026-10-09
188,"Mivi One 5G (Burgundy, 128 GB)",Mivi,14999,25999,42% off,,,,8 GB RAM,128 GB ROM,6000 mAh Lithium Polymer Battery,Snapdragon 4 Gen 2 Processor,17.14 cm (6.75 inch) HD+ Display,50MP Rear Camera | 8MP Front Camera,,https://www.flipkart.com/mivi-one-5g-burgundy-128-gb/p/itm3fb0c94957b9f?pid=MOBHR3ZP74GDCQQC&lid=LSTMOBHR3ZP74GDCQQC3F0WAL&marketplace=FLIPKART&q=smart+phones&store=tyy%2F4io&srno=s_8_188&otracker=search&fm=organic&iid=en_3IjascbKiuZf4xHZ-JczluFo7vC0PIr5kjOrCRaqSNSwG8jmvl9Dd-L8dbxMAAoplhTq3TNR9LJbyvkcUs0E5h5lnB_B3YgA2Ah0gCCIDM4i6L0jR5PlG1lrggCx9JsG&ppt=None&ppn=None&ssid=dqwx8n2hrk0000001791542822135&qH=a5594894156db043&ov_redirect=true,2026-10-09
189,"OPPO K14x 5G 6500mAh and 45W SUPERVOOC Charger & AI (Prism Violet, 128 GB)",OPPO,24999,40999,39% off,4.4,"4,117",474,6 GB RAM,128 GB ROM,6500 mAh Battery,Dimensity 6300 Processor,17.14 cm (6.75 inch) HD+ Display,,,https://www.flipkart.com/oppo-k14x-5g-6500mah-45w-supervooc-charger-ai-prism-violet-128-gb/p/itmdcac5ae642971?pid=MOBHPHSHQF9SHK43&lid=LSTMOBHPHSHQF9SHK43VNTYD6&marketplace=FLIPKART&q=smart+phones&store=tyy%2F4io&srno=s_8_189&otracker=search&fm=organic&iid=e14ae8c1-7e18-421a-8888-aad37cee3b30.MOBHPHSHQF9SHK43.SEARCH&ppt=None&ppn=None&ssid=dqwx8n2hrk0000001791542822135&qH=a5594894156db043&ov_redirect=true,2026-10-09
190,"MOTOROLA g37 (PANTONE Capri, 64 GB)",MOTOROLA,16249,24999,35% off,4.3,"4,151",226,4 GB RAM,64 GB ROM,5200 mAh Battery,Dimensity 6400 Processor,16.92 cm (6.66 inch) HD+ Display,50MP Rear Camera | 8MP Front Camera,,https://www.flipkart.com/motorola-g37-pantone-capri-64-gb/p/itm54f0e687c7b29?pid=MOBHHWB6U3Q3RYFD&lid=LSTMOBHHWB6U3Q3RYFDYGJVNO&marketplace=FLIPKART&q=smart+phones&store=tyy%2F4io&srno=s_8_190&otracker=search&fm=organic&iid=e14ae8c1-7e18-421a-8888-aad37cee3b30.MOBHHWB6U3Q3RYFD.SEARCH&ppt=None&ppn=None&ssid=dqwx8n2hrk0000001791542822135&qH=a5594894156db043&ov_redirect=true,2026-10-09
191,"BOLTT EVO (Sky Blue, 64 GB)",BOLTT,8999,17999,50% off,4.3,"2,048",987,4 GB RAM,64 GB ROM,6000 mAh Lithium ion Battery,T7250 Processor,6.79'' HD+ punch hole display,50MP + 2MP | 8MP Front Camera,,https://www.flipkart.com/boltt-evo-sky-blue-64-gb/p/itmf046d663a1fd7?pid=MOBHPP59WKSV4FYG&lid=LSTMOBHPP59WKSV4FYGYPMLV6&marketplace=FLIPKART&q=smart+phones&store=tyy%2F4io&srno=s_8_191&otracker=search&fm=organic&iid=en_3IjascbKiuZf4xHZ-JczluFo7vC0PIr5kjOrCRaqSNQ5AEU6UX_3M7Z0uWeWa2IEiWdFa328hJ5Tl7uRbip-ZFs0LAPqMrP3q_6IRdvsZf8S4BwS5aXu-VnvOn0WD7WE&ppt=None&ppn=None&ssid=dqwx8n2hrk0000001791542822135&qH=a5594894156db043&ov_redirect=true,2026-10-09
192,"BOLTT ACE 5G (Arctic White, 128 GB)",BOLTT,13499,26999,50% off,4.8,69,59,6 GB RAM,128 GB ROM,6000 mAh Lithium ion Battery,T8200 Processor,17.25 cm (6.79 inch) HD+ Display,64MP Rear Camera | 8MP Front Camera,,https://www.flipkart.com/boltt-ace-5g-arctic-white-128-gb/p/itm2eb0f483effdd?pid=MOBHPP599JHZUZBV&lid=LSTMOBHPP599JHZUZBVN1I3RX&marketplace=FLIPKART&q=smart+phones&store=tyy%2F4io&srno=s_8_192&otracker=search&fm=organic&iid=en_3IjascbKiuZf4xHZ-JczluFo7vC0PIr5kjOrCRaqSNSpN0TScBI3i9CRLNWGbuIYqWMRb7XZ9LlJlXwsX-MeSpRRJF9TV-hbUYxhg9GdHDY9BFRaTxNU8rni9wkU0v-S&ppt=None&ppn=None&ssid=dqwx8n2hrk0000001791542822135&qH=a5594894156db043&ov_redirect=true,2026-10-09
193,"realme Narzo 100x 5g (Midnight Black, 128 GB)",realme,22499,35999,37% off,4.2,383,46,6 GB RAM,128 GB ROM,8000 mAh Battery,MediaTek Dimensity 6300 Processor,17.3 cm (6.81 inch) HD+ Display,,,https://www.flipkart.com/realme-narzo-100x-5g-midnight-black-128-gb/p/itm66836fc8ecc5e?pid=MOBHPJHZDNWKKPTA&lid=LSTMOBHPJHZDNWKKPTAPMEVAQ&marketplace=FLIPKART&q=smart+phones&store=tyy%2F4io&srno=s_9_193&otracker=search&fm=organic&iid=c59a7a36-07ce-4753-bf48-7090fe19ba90.MOBHPJHZDNWKKPTA.SEARCH&ppt=None&ppn=None&ssid=2imapsk4sw0000001791542824983&qH=a5594894156db043&ov_redirect=true,2026-10-09
194,"Apple iPhone 15 (Blue, 128 GB)",Apple,67999,74900,9% off,4.6,"2,49,256","9,828",,,,"A16 Bionic Chip, 6 Core Processor Processor",15.49 cm (6.1 inch) Super Retina XDR Display,48MP + 12MP | 12MP Front Camera,,https://www.flipkart.com/apple-iphone-15-blue-128-gb/p/itm387c20f1f5347?pid=MOBHQV9YZGYG64U7&lid=LSTMOBHQV9YZGYG64U7WLKZD8&marketplace=FLIPKART&q=smart+phones&store=tyy%2F4io&srno=s_9_194&otracker=search&fm=organic&iid=c59a7a36-07ce-4753-bf48-7090fe19ba90.MOBHQV9YZGYG64U7.SEARCH&ppt=None&ppn=None&ssid=2imapsk4sw0000001791542824983&qH=a5594894156db043&ov_redirect=true,2026-10-09
195,"Ai+ Nova 2 Ultra 5G (Red, 128 GB)",Ai+,21999,26999,18% off,4.1,"2,330",325,8 GB RAM,128 GB ROM,6000 mAh Li-polymer Battery,Dimensity 7400 Processor,17.22 cm (6.78 inch) Full HD+ AMOLED Display,50MP + 8MP | 13MP Front Camera,,https://www.flipkart.com/ai-nova-2-ultra-5g-red-128-gb/p/itm498c4eb22f5c3?pid=MOBHHUFDVHXKMMAN&lid=LSTMOBHHUFDVHXKMMANCJUCD9&marketplace=FLIPKART&q=smart+phones&store=tyy%2F4io&srno=s_9_195&otracker=search&fm=organic&iid=c59a7a36-07ce-4753-bf48-7090fe19ba90.MOBHHUFDVHXKMMAN.SEARCH&ppt=None&ppn=None&ssid=2imapsk4sw0000001791542824983&qH=a5594894156db043&ov_redirect=true,2026-10-09
196,"realme P4R 5G (Titanium Glare, 128 GB)",realme,24499,39999,38% off,4.3,"5,371",438,6 GB RAM,128 GB ROM,8000 mAh Lithium-ion polymer Battery,Dimensity 6300 Processor,17.27 cm (6.8 inch) HD+ Display,50MP Rear Camera | 8MP Front Camera,,https://www.flipkart.com/realme-p4r-5g-titanium-glare-128-gb/p/itmb42ae388c1ef6?pid=MOBHMYR3MZ62YN7F&lid=LSTMOBHMYR3MZ62YN7FSERUEO&marketplace=FLIPKART&q=smart+phones&store=tyy%2F4io&srno=s_9_196&otracker=search&fm=organic&iid=c59a7a36-07ce-4753-bf48-7090fe19ba90.MOBHMYR3MZ62YN7F.SEARCH&ppt=None&ppn=None&ssid=2imapsk4sw0000001791542824983&qH=a5594894156db043&ov_redirect=true,2026-10-09
197,"Mivi One 5G (Green, 128 GB)",Mivi,13999,23999,41% off,,,,6 GB RAM,128 GB ROM,6000 mAh Lithium Polymer Battery,Snapdragon 4 Gen 2 Processor,17.14 cm (6.75 inch) HD+ Display,50MP Rear Camera | 8MP Front Camera,,https://www.flipkart.com/mivi-one-5g-green-128-gb/p/itm7ea6be1c1d0bf?pid=MOBHR3ZPFRUFFEBF&lid=LSTMOBHR3ZPFRUFFEBFXXFJBJ&marketplace=FLIPKART&q=smart+phones&store=tyy%2F4io&srno=s_9_197&otracker=search&fm=organic&iid=en_wDqPCsvOJC2VIX-2IQlK5BHGc9vSm74N1q0gBf48auhIEWeH-tWmBAh07dElWfr6zBcC0adnJVDAF994s5Z8VdXXcDpR_S7wBKL_ui3585PoIbaB9W5K-5Q8mSZJ_-Cs&ppt=None&ppn=None&ssid=2imapsk4sw0000001791542824983&qH=a5594894156db043&ov_redirect=true,2026-10-09
198,"BOLTT ACE 5G (Lavender Bloom, 64 GB)",BOLTT,11999,24999,52% off,4.2,477,226,4 GB RAM,64 GB ROM,6000 mAh Lithium ion Battery,T8200 Processor,17.25 cm (6.79 inch) HD+ Display,64MP Rear Camera | 8MP Front Camera,,https://www.flipkart.com/boltt-ace-5g-lavender-bloom-64-gb/p/itm2eb0f483effdd?pid=MOBHPP59CGDHZVJY&lid=LSTMOBHPP59CGDHZVJYFJP39X&marketplace=FLIPKART&q=smart+phones&store=tyy%2F4io&srno=s_9_198&otracker=search&fm=organic&iid=en_wDqPCsvOJC2VIX-2IQlK5BHGc9vSm74N1q0gBf48aujhxa5wRgyGIPFF-Q102P5V6EjlcJGcWKVIdsXhsZKqlc-Hfce6zHM39GsmaCxEcE3oIbaB9W5K-5Q8mSZJ_-Cs&ppt=None&ppn=None&ssid=2imapsk4sw0000001791542824983&qH=a5594894156db043&ov_redirect=true,2026-10-09
199,"realme P4R 5G (Silver Glare, 128 GB)",realme,24499,39999,38% off,4.3,"5,371",438,6 GB RAM,128 GB ROM,8000 mAh Lithium-ion polymer Battery,Dimensity 6300 Processor,17.27 cm (6.8 inch) HD+ Display,50MP Rear Camera | 8MP Front Camera,,https://www.flipkart.com/realme-p4r-5g-silver-glare-128-gb/p/itmb42ae388c1ef6?pid=MOBHMYR3NMRPYBY4&lid=LSTMOBHMYR3NMRPYBY4B6GOUH&marketplace=FLIPKART&q=smart+phones&store=tyy%2F4io&srno=s_9_199&otracker=search&fm=organic&iid=c59a7a36-07ce-4753-bf48-7090fe19ba90.MOBHMYR3NMRPYBY4.SEARCH&ppt=None&ppn=None&ssid=2imapsk4sw0000001791542824983&qH=a5594894156db043&ov_redirect=true,2026-10-09
200,"REDMI Note 15 SE 5G (Carbon Black, 256 GB)",REDMI,29999,37999,21% off,4.3,"3,500",334,8 GB RAM,256 GB ROM,5800 mAh Lithium-Ion Polymer Battery,Snapdragon 6 Gen 3 Processor,17.2 cm (6.77 inch) Full HD+ AMOLED Display,50MP Rear Camera | 20MP Front Camera,,https://www.flipkart.com/redmi-note-15-se-5g-carbon-black-256-gb/p/itmebf9f68aea44e?pid=MOBHN52FYUMHG9WD&lid=LSTMOBHN52FYUMHG9WDOOEWBP&marketplace=FLIPKART&q=smart+phones&store=tyy%2F4io&srno=s_9_200&otracker=search&fm=organic&iid=c59a7a36-07ce-4753-bf48-7090fe19ba90.MOBHN52FYUMHG9WD.SEARCH&ppt=None&ppn=None&ssid=2imapsk4sw0000001791542824983&qH=a5594894156db043&ov_redirect=true,2026-10-09
201,"BOLTT EVO (Midnight Black, 64 GB)",BOLTT,8999,17999,50% off,4.3,"2,048",987,4 GB RAM,64 GB ROM,6000 mAh Lithium ion Battery,T7250 Processor,6.79'' HD+ punch hole display,50MP + 2MP | 8MP Front Camera,,https://www.flipkart.com/boltt-evo-midnight-black-64-gb/p/itmf046d663a1fd7?pid=MOBHPP597GB8ZHTY&lid=LSTMOBHPP597GB8ZHTYGYX70A&marketplace=FLIPKART&q=smart+phones&store=tyy%2F4io&srno=s_9_201&otracker=search&fm=organic&iid=en_wDqPCsvOJC2VIX-2IQlK5BHGc9vSm74N1q0gBf48auj1314oJEbi-OBfKCsYlXjgmufLsD40cfOytTrT-2ACNqoJtuV9R_JTLQ6A0_d1zMQZlUiMRjZjBtX3U02kxTow&ppt=None&ppn=None&ssid=2imapsk4sw0000001791542824983&qH=a5594894156db043&ov_redirect=true,2026-10-09
202,"BOLTT EVO (Arctic White, 64 GB)",BOLTT,8999,17999,50% off,4.3,"2,048",987,4 GB RAM,64 GB ROM,6000 mAh Lithium ion Battery,T7250 Processor,6.79'' HD+ punch hole display,50MP + 2MP | 8MP Front Camera,,https://www.flipkart.com/boltt-evo-arctic-white-64-gb/p/itmf046d663a1fd7?pid=MOBHPP59BYSJ98M8&lid=LSTMOBHPP59BYSJ98M8RWYHGQ&marketplace=FLIPKART&q=smart+phones&store=tyy%2F4io&srno=s_9_202&otracker=search&fm=organic&iid=en_wDqPCsvOJC2VIX-2IQlK5BHGc9vSm74N1q0gBf48augIlzmgQsSdPARjgQ0nIIiXMw_YrC6cGEjKq2WZ8-8z4kJqULiYX7S4erGGIr8dEegZlUiMRjZjBtX3U02kxTow&ppt=None&ppn=None&ssid=2imapsk4sw0000001791542824983&qH=a5594894156db043&ov_redirect=true,2026-10-09
203,"MOTOROLA g37 power (PANTONE Impenetrable, 128 GB)",MOTOROLA,24249,37999,36% off,4.2,"2,670",209,8 GB RAM,128 GB ROM,7000 mAh Battery,Dimensity 6400 Processor,16.92 cm (6.66 inch) HD+ Display,50MP Rear Camera | 8MP Front Camera,,https://www.flipkart.com/motorola-g37-power-pantone-impenetrable-128-gb/p/itme156c3f7d6280?pid=MOBHMX5Y6G5HKRFS&lid=LSTMOBHMX5Y6G5HKRFSN2GAKT&marketplace=FLIPKART&q=smart+phones&store=tyy%2F4io&srno=s_9_203&otracker=search&fm=organic&iid=c59a7a36-07ce-4753-bf48-7090fe19ba90.MOBHMX5Y6G5HKRFS.SEARCH&ppt=None&ppn=None&ssid=2imapsk4sw0000001791542824983&qH=a5594894156db043&ov_redirect=true,2026-10-09
204,"Samsung Galaxy M17e (Blitz Blue, 128 GB)",Samsung,19418,24999,22% off,4.1,"1,182",94,6 GB RAM,128 GB ROM,6000 mAh Battery,MediaTek Dimensity Processor,17.02 cm (6.7 inch) Full HD+ Display,50MP Rear Camera | 2MP Front Camera,,https://www.flipkart.com/samsung-galaxy-m17e-blitz-blue-128-gb/p/itm673a019f689ae?pid=MOBHHQW4UQZBUSRP&lid=LSTMOBHHQW4UQZBUSRP1KVGWD&marketplace=FLIPKART&q=smart+phones&store=tyy%2F4io&srno=s_9_204&otracker=search&fm=organic&iid=c59a7a36-07ce-4753-bf48-7090fe19ba90.MOBHHQW4UQZBUSRP.SEARCH&ppt=None&ppn=None&ssid=2imapsk4sw0000001791542824983&qH=a5594894156db043&ov_redirect=true,2026-10-09
205,"MOTOROLA Signature (PANTONE Carbon, 512 GB)",MOTOROLA,64999,79999,18% off,4.5,"1,287",228,16 GB RAM,512 GB ROM,5200 mAh Battery,Snapdragon 8 Gen 5 Processor,17.27 cm (6.8 inch) Super HD Display,50MP + 50MP + 50MP | 50MP Front Camera,,https://www.flipkart.com/motorola-signature-pantone-carbon-512-gb/p/itm5cf2347de817a?pid=MOBHGVJYGVP6G2NY&lid=LSTMOBHGVJYGVP6G2NYNYYTRM&marketplace=FLIPKART&q=smart+phones&store=tyy%2F4io&srno=s_9_205&otracker=search&fm=organic&iid=c59a7a36-07ce-4753-bf48-7090fe19ba90.MOBHGVJYGVP6G2NY.SEARCH&ppt=None&ppn=None&ssid=2imapsk4sw0000001791542824983&qH=a5594894156db043&ov_redirect=true,2026-10-09
206,"Nothing Phone (4a) (White, 256 GB)",Nothing,49999,62999,20% off,4.5,"6,764",727,8 GB RAM,256 GB ROM,5400 mAh Lithium ion Battery,Snapdragon 7s Gen 4 Processor,17.22 cm (6.78 inch) Full HD+ AMOLED Display,50MP + 50MP + 8MP | 32MP Front Camera,,https://www.flipkart.com/nothing-phone-4a-white-256-gb/p/itm4d8bff10483ce?pid=MOBHZAWYHRHFGS4X&lid=LSTMOBHZAWYHRHFGS4XV2LPUA&marketplace=FLIPKART&q=smart+phones&store=tyy%2F4io&srno=s_9_206&otracker=search&fm=organic&iid=c59a7a36-07ce-4753-bf48-7090fe19ba90.MOBHZAWYHRHFGS4X.SEARCH&ppt=None&ppn=None&ssid=2imapsk4sw0000001791542824983&qH=a5594894156db043&ov_redirect=true,2026-10-09
207,"Nothing Phone (4b) (White, 128 GB)",Nothing,29999,49999,40% off,,,,6 GB RAM,128 GB ROM,6000 mAh Lithium ion Battery,6 Gen 4 Processor,17.2 cm (6.77 inch) Full HD+ AMOLED Display,50MP + 8MP | 16MP Front Camera,,https://www.flipkart.com/nothing-phone-4b-white-128-gb/p/itm939608b40adbb?pid=MOBHQENATV85KYCZ&lid=LSTMOBHQENATV85KYCZ0HUCMA&marketplace=FLIPKART&q=smart+phones&store=tyy%2F4io&srno=s_9_207&otracker=search&fm=organic&iid=en_wDqPCsvOJC2VIX-2IQlK5BHGc9vSm74N1q0gBf48augKA0kDpc7zJPgQY504VwChJRWmJqRScuDEhLBoCJQ_-zmhNhj8Rec88cH_U33TMLUZlUiMRjZjBtX3U02kxTow&ppt=None&ppn=None&ssid=2imapsk4sw0000001791542824983&qH=a5594894156db043&ov_redirect=true,2026-10-09
208,"BOLTT ACE 5G (Midnight Black, 128 GB)",BOLTT,13499,26999,50% off,4.8,69,59,6 GB RAM,128 GB ROM,6000 mAh Lithium ion Battery,T8200 Processor,17.25 cm (6.79 inch) HD+ Display,64MP Rear Camera | 8MP Front Camera,,https://www.flipkart.com/boltt-ace-5g-midnight-black-128-gb/p/itmc7395bddbb3a4?pid=MOBHPP59KHGRQGZK&lid=LSTMOBHPP59KHGRQGZKG8NGAJ&marketplace=FLIPKART&q=smart+phones&store=tyy%2F4io&srno=s_9_208&otracker=search&fm=organic&iid=en_wDqPCsvOJC2VIX-2IQlK5BHGc9vSm74N1q0gBf48aug_q9z9TZs7n0LCppTu0yXGceO83KH40hAfyKb6-RK5emI2n1F29CDxktZayioP0zroIbaB9W5K-5Q8mSZJ_-Cs&ppt=None&ppn=None&ssid=2imapsk4sw0000001791542824983&qH=a5594894156db043&ov_redirect=true,2026-10-09
209,"Nothing Phone (4a) (Blue, 256 GB)",Nothing,49999,62999,20% off,4.5,"6,764",727,8 GB RAM,256 GB ROM,5400 mAh Lithium ion Battery,Snapdragon 7s Gen 4 Processor,17.22 cm (6.78 inch) Full HD+ AMOLED Display,50MP + 50MP + 8MP | 32MP Front Camera,,https://www.flipkart.com/nothing-phone-4a-blue-256-gb/p/itm4d8bff10483ce?pid=MOBHZAWYWRAW9YGT&lid=LSTMOBHZAWYWRAW9YGTF7GFDT&marketplace=FLIPKART&q=smart+phones&store=tyy%2F4io&srno=s_9_209&otracker=search&fm=organic&iid=c59a7a36-07ce-4753-bf48-7090fe19ba90.MOBHZAWYWRAW9YGT.SEARCH&ppt=None&ppn=None&ssid=2imapsk4sw0000001791542824983&qH=a5594894156db043&ov_redirect=true,2026-10-09
210,"REDMI Note-14 Pro+ 5G (Spectre Blue, 256 GB)",REDMI,29999,36999,18% off,4.4,938,75,8 GB RAM,256 GB ROM,6200 mAh Battery,7s Gen 3 Processor,16.94 cm (6.67 inch) Display,50MP + 50MP + 8MP | 20MP Front Camera,,https://www.flipkart.com/redmi-note-14-pro-5g-spectre-blue-256-gb/p/itmf69d377f9a8fb?pid=MOBH8BW3VWEPGQ7A&lid=LSTMOBH8BW3VWEPGQ7AELQ7VM&marketplace=FLIPKART&q=smart+phones&store=tyy%2F4io&srno=s_9_210&otracker=search&fm=organic&iid=c59a7a36-07ce-4753-bf48-7090fe19ba90.MOBH8BW3VWEPGQ7A.SEARCH&ppt=None&ppn=None&ssid=2imapsk4sw0000001791542824983&qH=a5594894156db043&ov_redirect=true,2026-10-09
211,"BOLTT EVO (Arctic White, 128 GB)",BOLTT,10499,18999,44% off,4,"2,616","1,184",6 GB RAM,128 GB ROM,6000 mAh Lithium ion Battery,T7250 Processor,6.79'' HD+ punch hole display,50MP + 2MP | 8MP Front Camera,,https://www.flipkart.com/boltt-evo-arctic-white-128-gb/p/itmf046d663a1fd7?pid=MOBHPP59GKGTGZGA&lid=LSTMOBHPP59GKGTGZGAIEMNWG&marketplace=FLIPKART&q=smart+phones&store=tyy%2F4io&srno=s_9_211&otracker=search&fm=organic&iid=en_wDqPCsvOJC2VIX-2IQlK5BHGc9vSm74N1q0gBf48auiVQbv3eGd0TY7hf3icC4VX2d7HEcpMQaj_c2xS4y4sBI6iFcCMcne0NcY1l-GNU4wZlUiMRjZjBtX3U02kxTow&ppt=None&ppn=None&ssid=2imapsk4sw0000001791542824983&qH=a5594894156db043&ov_redirect=true,2026-10-09
212,"Mivi One 5G (Burgundy, 128 GB)",Mivi,14999,25999,42% off,,,,8 GB RAM,128 GB ROM,6000 mAh Lithium Polymer Battery,Snapdragon 4 Gen 2 Processor,17.14 cm (6.75 inch) HD+ Display,50MP Rear Camera | 8MP Front Camera,,https://www.flipkart.com/mivi-one-5g-burgundy-128-gb/p/itm3fb0c94957b9f?pid=MOBHR3ZP74GDCQQC&lid=LSTMOBHR3ZP74GDCQQC3F0WAL&marketplace=FLIPKART&q=smart+phones&store=tyy%2F4io&srno=s_9_212&otracker=search&fm=organic&iid=en_wDqPCsvOJC2VIX-2IQlK5BHGc9vSm74N1q0gBf48auisBuElwoEf_z54m9CBBlIxlhTq3TNR9LJbyvkcUs0E5h5lnB_B3YgA2Ah0gCCIDM7oIbaB9W5K-5Q8mSZJ_-Cs&ppt=None&ppn=None&ssid=2imapsk4sw0000001791542824983&qH=a5594894156db043&ov_redirect=true,2026-10-09
213,"Apple iPhone 17 Pro (Silver, 256 GB)",Apple,134900,,,4.7,"5,581",397,,,,"A19 Chip, 6 Core Processor Processor",16.0 cm (6.3 inch) Super Retina XDR Display,48MP + 48MP + 48MP | 18MP Front Camera,,https://www.flipkart.com/apple-iphone-17-pro-silver-256-gb/p/itm106f475c264c7?pid=MOBHFN6YPFSDYRTY&lid=LSTMOBHFN6YPFSDYRTYSCL89I&marketplace=FLIPKART&q=smart+phones&store=tyy%2F4io&srno=s_9_213&otracker=search&fm=organic&iid=c59a7a36-07ce-4753-bf48-7090fe19ba90.MOBHFN6YPFSDYRTY.SEARCH&ppt=None&ppn=None&ssid=2imapsk4sw0000001791542824983&qH=a5594894156db043&ov_redirect=true,2026-10-09
214,"Samsung Galaxy A06 5G (Black, 128 GB)",Samsung,16845,18999,11% off,4.1,"5,073",380,4 GB RAM,128 GB ROM,5000 mAh Li-ion Battery,Dimensity 6300 Processor,17.02 cm (6.7 inch) HD+ Display,50MP + 2MP | 8MP Front Camera,,https://www.flipkart.com/samsung-galaxy-a06-5g-black-128-gb/p/itm2bf1cd87d2bf7?pid=MOBH9GQKCNWVNM2M&lid=LSTMOBH9GQKCNWVNM2MZQJEC2&marketplace=FLIPKART&q=smart+phones&store=tyy%2F4io&srno=s_9_214&otracker=search&fm=organic&iid=c59a7a36-07ce-4753-bf48-7090fe19ba90.MOBH9GQKCNWVNM2M.SEARCH&ppt=None&ppn=None&ssid=2imapsk4sw0000001791542824983&qH=a5594894156db043&ov_redirect=true,2026-10-09
215,"MOTOROLA g37 (PANTONE Impenetrable, 64 GB)",MOTOROLA,16249,24999,35% off,4.3,"4,151",226,4 GB RAM,64 GB ROM,5200 mAh Battery,Dimensity 6400 Processor,16.92 cm (6.66 inch) HD+ Display,50MP Rear Camera | 8MP Front Camera,,https://www.flipkart.com/motorola-g37-pantone-impenetrable-64-gb/p/itm40c0c7bcb21fc?pid=MOBHHWB6GWE2CKHU&lid=LSTMOBHHWB6GWE2CKHUQEA6X8&marketplace=FLIPKART&q=smart+phones&store=tyy%2F4io&srno=s_9_215&otracker=search&fm=organic&iid=c59a7a36-07ce-4753-bf48-7090fe19ba90.MOBHHWB6GWE2CKHU.SEARCH&ppt=None&ppn=None&ssid=2imapsk4sw0000001791542824983&qH=a5594894156db043&ov_redirect=true,2026-10-09
216,"OnePlus Nord CE6 Lite (Vivid Mint, 128 GB)",OnePlus,27855,31999,12% off,4.3,"1,462",101,6 GB RAM,128 GB ROM,7000 mAh Battery,Mediatek Dimensity 7400 Processor,17.07 cm (6.72 inch) Full HD+ Display,50MP Rear Camera | 8MP Front Camera,,https://www.flipkart.com/oneplus-nord-ce6-lite-vivid-mint-128-gb/p/itm58b0468d235f0?pid=MOBHN8CVXZNTVTKZ&lid=LSTMOBHN8CVXZNTVTKZVKNGEI&marketplace=FLIPKART&q=smart+phones&store=tyy%2F4io&srno=s_9_216&otracker=search&fm=organic&iid=c59a7a36-07ce-4753-bf48-7090fe19ba90.MOBHN8CVXZNTVTKZ.SEARCH&ppt=None&ppn=None&ssid=2imapsk4sw0000001791542824983&qH=a5594894156db043&ov_redirect=true,2026-10-09
217,"Mivi One 5G (Green, 128 GB)",Mivi,13999,23999,41% off,,,,6 GB RAM,128 GB ROM,6000 mAh Lithium Polymer Battery,Snapdragon 4 Gen 2 Processor,17.14 cm (6.75 inch) HD+ Display,50MP Rear Camera | 8MP Front Camera,,https://www.flipkart.com/mivi-one-5g-green-128-gb/p/itm7ea6be1c1d0bf?pid=MOBHR3ZPFRUFFEBF&lid=LSTMOBHR3ZPFRUFFEBFXXFJBJ&marketplace=FLIPKART&q=smart+phones&store=tyy%2F4io&srno=s_10_217&otracker=search&fm=organic&iid=en_rD7jtgE7RGUOskf8Gna91TUx6PP9ysQ11eAGzzZvAM7jdzmBp0ramsmMwxMMKPWmzBcC0adnJVDAF994s5Z8VdXXcDpR_S7wBKL_ui3585NlelYj84E9A5ukJ5Uv1jzV&ppt=None&ppn=None&ssid=4hkp467als0000001791542827884&qH=a5594894156db043&ov_redirect=true,2026-10-09
218,"BOLTT ACE 5G (Lavender Bloom, 64 GB)",BOLTT,11999,24999,52% off,4.2,477,226,4 GB RAM,64 GB ROM,6000 mAh Lithium ion Battery,T8200 Processor,17.25 cm (6.79 inch) HD+ Display,64MP Rear Camera | 8MP Front Camera,,https://www.flipkart.com/boltt-ace-5g-lavender-bloom-64-gb/p/itm2eb0f483effdd?pid=MOBHPP59CGDHZVJY&lid=LSTMOBHPP59CGDHZVJYFJP39X&marketplace=FLIPKART&q=smart+phones&store=tyy%2F4io&srno=s_10_218&otracker=search&fm=organic&iid=en_rD7jtgE7RGUOskf8Gna91TUx6PP9ysQ11eAGzzZvAM6qBnBKnqouQi4rp7r4z2FU6EjlcJGcWKVIdsXhsZKqlc-Hfce6zHM39GsmaCxEcE1lelYj84E9A5ukJ5Uv1jzV&ppt=None&ppn=None&ssid=4hkp467als0000001791542827884&qH=a5594894156db043&ov_redirect=true,2026-10-09
219,"realme P4s 5G (Titanium Gray, 256 GB)",realme,41999,60999,31% off,4.5,64,16,12 GB RAM,256 GB ROM,8000 mAh Battery,Dimensity 7400 Processor,17.22 cm (6.78 inch) Full HD+ AMOLED Display,50MP + 8MP | 16MP Front Camera,,https://www.flipkart.com/realme-p4s-5g-titanium-gray-256-gb/p/itmcb2e7e552a5ef?pid=MOBHPBHAEHZXGFCV&lid=LSTMOBHPBHAEHZXGFCVUCKEEO&marketplace=FLIPKART&q=smart+phones&store=tyy%2F4io&srno=s_10_219&otracker=search&fm=organic&iid=9f3dd06c-d484-47c3-8d7f-87c30b9739d7.MOBHPBHAEHZXGFCV.SEARCH&ppt=None&ppn=None&ssid=4hkp467als0000001791542827884&qH=a5594894156db043&ov_redirect=true,2026-10-09
220,"realme Narzo 100x 5g (Midnight Black, 256 GB)",realme,27882,39999,30% off,4.2,383,46,6 GB RAM,256 GB ROM,8000 mAh Battery,MediaTek Dimensity 6300 Processor,17.3 cm (6.81 inch) HD+ Display,,,https://www.flipkart.com/realme-narzo-100x-5g-midnight-black-256-gb/p/itm66836fc8ecc5e?pid=MOBHPJG4RXUMMSF8&lid=LSTMOBHPJG4RXUMMSF8SUK7SX&marketplace=FLIPKART&q=smart+phones&store=tyy%2F4io&srno=s_10_220&otracker=search&fm=organic&iid=9f3dd06c-d484-47c3-8d7f-87c30b9739d7.MOBHPJG4RXUMMSF8.SEARCH&ppt=None&ppn=None&ssid=4hkp467als0000001791542827884&qH=a5594894156db043&ov_redirect=true,2026-10-09
221,"BOLTT EVO (Midnight Black, 64 GB)",BOLTT,8999,17999,50% off,4.3,"2,048",987,4 GB RAM,64 GB ROM,6000 mAh Lithium ion Battery,T7250 Processor,6.79'' HD+ punch hole display,50MP + 2MP | 8MP Front Camera,,https://www.flipkart.com/boltt-evo-midnight-black-64-gb/p/itmf046d663a1fd7?pid=MOBHPP597GB8ZHTY&lid=LSTMOBHPP597GB8ZHTYGYX70A&marketplace=FLIPKART&q=smart+phones&store=tyy%2F4io&srno=s_10_221&otracker=search&fm=organic&iid=en_rD7jtgE7RGUOskf8Gna91TUx6PP9ysQ11eAGzzZvAM5RjvfOBTO1WPyqtut9PXANmufLsD40cfOytTrT-2ACNqoJtuV9R_JTLQ6A0_d1zMTPxGI3DNVMmkWtcvTk4gj3&ppt=None&ppn=None&ssid=4hkp467als0000001791542827884&qH=a5594894156db043&ov_redirect=true,2026-10-09
222,"BOLTT EVO (Arctic White, 64 GB)",BOLTT,8999,17999,50% off,4.3,"2,048",987,4 GB RAM,64 GB ROM,6000 mAh Lithium ion Battery,T7250 Processor,6.79'' HD+ punch hole display,50MP + 2MP | 8MP Front Camera,,https://www.flipkart.com/boltt-evo-arctic-white-64-gb/p/itmf046d663a1fd7?pid=MOBHPP59BYSJ98M8&lid=LSTMOBHPP59BYSJ98M8RWYHGQ&marketplace=FLIPKART&q=smart+phones&store=tyy%2F4io&srno=s_10_222&otracker=search&fm=organic&iid=en_rD7jtgE7RGUOskf8Gna91TUx6PP9ysQ11eAGzzZvAM6ekNyrFZOyDnw1QEz2eW0UMw_YrC6cGEjKq2WZ8-8z4kJqULiYX7S4erGGIr8dEejPxGI3DNVMmkWtcvTk4gj3&ppt=None&ppn=None&ssid=4hkp467als0000001791542827884&qH=a5594894156db043&ov_redirect=true,2026-10-09
223,"realme Narzo 100x 5g (Flash Orange, 256 GB)",realme,27899,39999,30% off,4.2,383,46,6 GB RAM,256 GB ROM,8000 mAh Battery,MediaTek Dimensity 6300 Processor,17.3 cm (6.81 inch) HD+ Display,,,https://www.flipkart.com/realme-narzo-100x-5g-flash-orange-256-gb/p/itm66836fc8ecc5e?pid=MOBHPJG6RCZ8PKC8&lid=LSTMOBHPJG6RCZ8PKC8NVNOPD&marketplace=FLIPKART&q=smart+phones&store=tyy%2F4io&srno=s_10_223&otracker=search&fm=organic&iid=9f3dd06c-d484-47c3-8d7f-87c30b9739d7.MOBHPJG6RCZ8PKC8.SEARCH&ppt=None&ppn=None&ssid=4hkp467als0000001791542827884&qH=a5594894156db043&ov_redirect=true,2026-10-09
224,"realme P4 Power 5G Charger in the Box (TransOrange, 256 GB)",realme,32999,55999,41% off,4.4,"8,747",910,8 GB RAM,256 GB ROM,10001 mAh Battery,Dimensity 7400 Ultra Processor,17.27 cm (6.8 inch) Full HD+ AMOLED Display,,,https://www.flipkart.com/realme-p4-power-5g-charger-box-transorange-256-gb/p/itm756857550aae6?pid=MOBHN8YRKQMFAHAU&lid=LSTMOBHN8YRKQMFAHAUVWFHOR&marketplace=FLIPKART&q=smart+phones&store=tyy%2F4io&srno=s_10_224&otracker=search&fm=organic&iid=9f3dd06c-d484-47c3-8d7f-87c30b9739d7.MOBHN8YRKQMFAHAU.SEARCH&ppt=None&ppn=None&ssid=4hkp467als0000001791542827884&qH=a5594894156db043&ov_redirect=true,2026-10-09
225,"Samsung Galaxy F70 Pro 5G (Aura Green, 128 GB)",Samsung,30999,49999,38% off,4.4,605,287,8 GB RAM,128 GB ROM,6000 mAh Li-ion Battery,Snapdragon 6 Gen 3 Processor,17.02 cm (6.7 inch) Full HD+ Display,50MP + 5MP | 12MP Front Camera,,https://www.flipkart.com/samsung-galaxy-f70-pro-5g-aura-green-128-gb/p/itm37bbb9ed78024?pid=MOBHZ8YSNQQDFHFT&lid=LSTMOBHZ8YSNQQDFHFTJAAFO8&marketplace=FLIPKART&q=smart+phones&store=tyy%2F4io&srno=s_10_225&otracker=search&fm=organic&iid=9f3dd06c-d484-47c3-8d7f-87c30b9739d7.MOBHZ8YSNQQDFHFT.SEARCH&ppt=None&ppn=None&ssid=4hkp467als0000001791542827884&qH=a5594894156db043&ov_redirect=true,2026-10-09
226,"Samsung Galaxy F70 Pro 5G (Alpha Black, 128 GB)",Samsung,30999,49999,38% off,4.4,605,287,8 GB RAM,128 GB ROM,6000 mAh Li-ion Battery,Snapdragon 6 Gen 3 Processor,17.02 cm (6.7 inch) Full HD+ Display,50MP + 5MP | 12MP Front Camera,,https://www.flipkart.com/samsung-galaxy-f70-pro-5g-alpha-black-128-gb/p/itm37bbb9ed78024?pid=MOBHZ8YSUXXHYGBR&lid=LSTMOBHZ8YSUXXHYGBRWANADK&marketplace=FLIPKART&q=smart+phones&store=tyy%2F4io&srno=s_10_226&otracker=search&fm=organic&iid=9f3dd06c-d484-47c3-8d7f-87c30b9739d7.MOBHZ8YSUXXHYGBR.SEARCH&ppt=None&ppn=None&ssid=4hkp467als0000001791542827884&qH=a5594894156db043&ov_redirect=true,2026-10-09
227,"Nothing Phone (4b) (White, 128 GB)",Nothing,29999,49999,40% off,,,,6 GB RAM,128 GB ROM,6000 mAh Lithium ion Battery,6 Gen 4 Processor,17.2 cm (6.77 inch) Full HD+ AMOLED Display,50MP + 8MP | 16MP Front Camera,,https://www.flipkart.com/nothing-phone-4b-white-128-gb/p/itm939608b40adbb?pid=MOBHQENATV85KYCZ&lid=LSTMOBHQENATV85KYCZ0HUCMA&marketplace=FLIPKART&q=smart+phones&store=tyy%2F4io&srno=s_10_227&otracker=search&fm=organic&iid=en_rD7jtgE7RGUOskf8Gna91TUx6PP9ysQ11eAGzzZvAM5cerweruXOZxK5P8eSkkHeJRWmJqRScuDEhLBoCJQ_-zmhNhj8Rec88cH_U33TMLXPxGI3DNVMmkWtcvTk4gj3&ppt=None&ppn=None&ssid=4hkp467als0000001791542827884&qH=a5594894156db043&ov_redirect=true,2026-10-09
228,"BOLTT ACE 5G (Midnight Black, 128 GB)",BOLTT,13499,26999,50% off,4.8,69,59,6 GB RAM,128 GB ROM,6000 mAh Lithium ion Battery,T8200 Processor,17.25 cm (6.79 inch) HD+ Display,64MP Rear Camera | 8MP Front Camera,,https://www.flipkart.com/boltt-ace-5g-midnight-black-128-gb/p/itmc7395bddbb3a4?pid=MOBHPP59KHGRQGZK&lid=LSTMOBHPP59KHGRQGZKG8NGAJ&marketplace=FLIPKART&q=smart+phones&store=tyy%2F4io&srno=s_10_228&otracker=search&fm=organic&iid=en_rD7jtgE7RGUOskf8Gna91TUx6PP9ysQ11eAGzzZvAM53OtFh3-sbEdkOBapKcq50ceO83KH40hAfyKb6-RK5emI2n1F29CDxktZayioP0zplelYj84E9A5ukJ5Uv1jzV&ppt=None&ppn=None&ssid=4hkp467als0000001791542827884&qH=a5594894156db043&ov_redirect=true,2026-10-09
229,"HMD Vibe2 5G (Peach Pink, 128 GB)",HMD,12999,19999,35% off,4.5,"5,725",785,4 GB RAM,128 GB ROM,6000 mAh Li-Poly Battery,,17.02 cm (6.7 inch) HD+ Display,50MP Rear Camera | 8MP Front Camera,,https://www.flipkart.com/hmd-vibe2-5g-peach-pink-128-gb/p/itm71c3ae6df2a26?pid=MOBHN6XYSHFH3BNJ&lid=LSTMOBHN6XYSHFH3BNJAIKEZZ&marketplace=FLIPKART&q=smart+phones&store=tyy%2F4io&srno=s_10_229&otracker=search&fm=organic&iid=9f3dd06c-d484-47c3-8d7f-87c30b9739d7.MOBHN6XYSHFH3BNJ.SEARCH&ppt=None&ppn=None&ssid=4hkp467als0000001791542827884&qH=a5594894156db043&ov_redirect=true,2026-10-09
230,"OPPO K14 5G (Prism White, 128 GB)",OPPO,25999,,,4.4,"7,809",829,6 GB RAM,128 GB ROM,7000 mAh Battery,Dimensity 6300 Processor,17.14 cm (6.75 inch) HD+ Display,50MP Rear Camera | 8MP Front Camera,,https://www.flipkart.com/oppo-k14-5g-prism-white-128-gb/p/itm2a5cc1d23c2af?pid=MOBHKQYY9JJPHATW&lid=LSTMOBHKQYY9JJPHATWBRAC1Z&marketplace=FLIPKART&q=smart+phones&store=tyy%2F4io&srno=s_10_230&otracker=search&fm=organic&iid=9f3dd06c-d484-47c3-8d7f-87c30b9739d7.MOBHKQYY9JJPHATW.SEARCH&ppt=None&ppn=None&ssid=4hkp467als0000001791542827884&qH=a5594894156db043&ov_redirect=true,2026-10-09
231,"BOLTT EVO (Arctic White, 128 GB)",BOLTT,10499,18999,44% off,4,"2,616","1,184",6 GB RAM,128 GB ROM,6000 mAh Lithium ion Battery,T7250 Processor,6.79'' HD+ punch hole display,50MP + 2MP | 8MP Front Camera,,https://www.flipkart.com/boltt-evo-arctic-white-128-gb/p/itmf046d663a1fd7?pid=MOBHPP59GKGTGZGA&lid=LSTMOBHPP59GKGTGZGAIEMNWG&marketplace=FLIPKART&q=smart+phones&store=tyy%2F4io&srno=s_10_231&otracker=search&fm=organic&iid=en_rD7jtgE7RGUOskf8Gna91TUx6PP9ysQ11eAGzzZvAM6h2SVwyFxPc12-oK6kkhCJ2d7HEcpMQaj_c2xS4y4sBI6iFcCMcne0NcY1l-GNU4zPxGI3DNVMmkWtcvTk4gj3&ppt=None&ppn=None&ssid=4hkp467als0000001791542827884&qH=a5594894156db043&ov_redirect=true,2026-10-09
232,"Mivi One 5G (Burgundy, 128 GB)",Mivi,14999,25999,42% off,,,,8 GB RAM,128 GB ROM,6000 mAh Lithium Polymer Battery,Snapdragon 4 Gen 2 Processor,17.14 cm (6.75 inch) HD+ Display,50MP Rear Camera | 8MP Front Camera,,https://www.flipkart.com/mivi-one-5g-burgundy-128-gb/p/itm3fb0c94957b9f?pid=MOBHR3ZP74GDCQQC&lid=LSTMOBHR3ZP74GDCQQC3F0WAL&marketplace=FLIPKART&q=smart+phones&store=tyy%2F4io&srno=s_10_232&otracker=search&fm=organic&iid=en_rD7jtgE7RGUOskf8Gna91TUx6PP9ysQ11eAGzzZvAM5_SykXBKkp33NUiaX5VhcAlhTq3TNR9LJbyvkcUs0E5h5lnB_B3YgA2Ah0gCCIDM5lelYj84E9A5ukJ5Uv1jzV&ppt=None&ppn=None&ssid=4hkp467als0000001791542827884&qH=a5594894156db043&ov_redirect=true,2026-10-09
233,"OPPO K14 5G (Icy Blue, 128 GB)",OPPO,25999,,,4.4,"7,809",829,6 GB RAM,128 GB ROM,7000 mAh Battery,Dimensity 6300 Processor,17.14 cm (6.75 inch) HD+ Display,50MP Rear Camera | 8MP Front Camera,,https://www.flipkart.com/oppo-k14-5g-icy-blue-128-gb/p/itm2a5cc1d23c2af?pid=MOBHKQYY9S6MVDHH&lid=LSTMOBHKQYY9S6MVDHHEE7WKJ&marketplace=FLIPKART&q=smart+phones&store=tyy%2F4io&srno=s_10_233&otracker=search&fm=organic&iid=9f3dd06c-d484-47c3-8d7f-87c30b9739d7.MOBHKQYY9S6MVDHH.SEARCH&ppt=None&ppn=None&ssid=4hkp467als0000001791542827884&qH=a5594894156db043&ov_redirect=true,2026-10-09
234,"realme Narzo 100 Lite 5G (Frost Silver, 128 GB)",realme,17813,27999,36% off,4.2,"1,539",74,4 GB RAM,128 GB ROM,7000 mAh Battery,,17.27 cm (6.8 inch) Display,13MP Rear Camera,,https://www.flipkart.com/realme-narzo-100-lite-5g-frost-silver-128-gb/p/itm659398bfe469c?pid=MOBHMZ3UF6EHPUSW&lid=LSTMOBHMZ3UF6EHPUSWNAURFF&marketplace=FLIPKART&q=smart+phones&store=tyy%2F4io&srno=s_10_234&otracker=search&fm=organic&iid=9f3dd06c-d484-47c3-8d7f-87c30b9739d7.MOBHMZ3UF6EHPUSW.SEARCH&ppt=None&ppn=None&ssid=4hkp467als0000001791542827884&qH=a5594894156db043&ov_redirect=true,2026-10-09
235,"Samsung Galaxy S25 5G Snapdragon (Navy, 128 GB)",Samsung,55299,104999,47% off,4.6,"6,830",972,12 GB RAM,128 GB ROM,4000 mAh Battery,8 Elite for Galaxy Processor,15.75 cm (6.2 inch) Full HD+ Display,50MP + 10MP + 12MP | 12MP Front Camera,,https://www.flipkart.com/samsung-galaxy-s25-5g-snapdragon-navy-128-gb/p/itm957543a944c80?pid=MOBHQDMKCCDK2VT7&lid=LSTMOBHQDMKCCDK2VT7FQCGRZ&marketplace=FLIPKART&q=smart+phones&store=tyy%2F4io&srno=s_10_235&otracker=search&fm=organic&iid=9f3dd06c-d484-47c3-8d7f-87c30b9739d7.MOBHQDMKCCDK2VT7.SEARCH&ppt=None&ppn=None&ssid=4hkp467als0000001791542827884&qH=a5594894156db043&ov_redirect=true,2026-10-09
236,"OPPO K14x 5G 6500mAh and 45W SUPERVOOC Charger & AI (Prism Violet, 128 GB)",OPPO,21999,35999,38% off,4.3,"8,442","1,001",4 GB RAM,128 GB ROM,6500 mAh Battery,Dimensity 6300 Processor,17.14 cm (6.75 inch) HD+ Display,,,https://www.flipkart.com/oppo-k14x-5g-6500mah-45w-supervooc-charger-ai-prism-violet-128-gb/p/itmdcac5ae642971?pid=MOBHPHSHZ7GRRXNA&lid=LSTMOBHPHSHZ7GRRXNA30X6M9&marketplace=FLIPKART&q=smart+phones&store=tyy%2F4io&srno=s_10_236&otracker=search&fm=organic&iid=9f3dd06c-d484-47c3-8d7f-87c30b9739d7.MOBHPHSHZ7GRRXNA.SEARCH&ppt=None&ppn=None&ssid=4hkp467als0000001791542827884&qH=a5594894156db043&ov_redirect=true,2026-10-09
237,"BOLTT EVO (Sky Blue, 64 GB)",BOLTT,8999,17999,50% off,4.3,"2,048",987,4 GB RAM,64 GB ROM,6000 mAh Lithium ion Battery,T7250 Processor,6.79'' HD+ punch hole display,50MP + 2MP | 8MP Front Camera,,https://www.flipkart.com/boltt-evo-sky-blue-64-gb/p/itmf046d663a1fd7?pid=MOBHPP59WKSV4FYG&lid=LSTMOBHPP59WKSV4FYGYPMLV6&marketplace=FLIPKART&q=smart+phones&store=tyy%2F4io&srno=s_10_237&otracker=search&fm=organic&iid=en_rD7jtgE7RGUOskf8Gna91TUx6PP9ysQ11eAGzzZvAM7vm8g5CaKvbVpRnRh6nwrhiWdFa328hJ5Tl7uRbip-ZFs0LAPqMrP3q_6IRdvsZf_PxGI3DNVMmkWtcvTk4gj3&ppt=None&ppn=None&ssid=4hkp467als0000001791542827884&qH=a5594894156db043&ov_redirect=true,2026-10-09
238,"BOLTT ACE 5G (Arctic White, 128 GB)",BOLTT,13499,26999,50% off,4.8,69,59,6 GB RAM,128 GB ROM,6000 mAh Lithium ion Battery,T8200 Processor,17.25 cm (6.79 inch) HD+ Display,64MP Rear Camera | 8MP Front Camera,,https://www.flipkart.com/boltt-ace-5g-arctic-white-128-gb/p/itm2eb0f483effdd?pid=MOBHPP599JHZUZBV&lid=LSTMOBHPP599JHZUZBVN1I3RX&marketplace=FLIPKART&q=smart+phones&store=tyy%2F4io&srno=s_10_238&otracker=search&fm=organic&iid=en_rD7jtgE7RGUOskf8Gna91TUx6PP9ysQ11eAGzzZvAM4hoDJp1-prqRrWmkugaoIVqWMRb7XZ9LlJlXwsX-MeSpRRJF9TV-hbUYxhg9GdHDbpQfSewQYr9FcQNOnYlj4j&ppt=None&ppn=None&ssid=4hkp467als0000001791542827884&qH=a5594894156db043&ov_redirect=true,2026-10-09
239,"MOTOROLA Edge 60 Fusion 5G (PANTONE Amazonite, 256 GB)",MOTOROLA,37999,,,4.4,"50,394","3,577",12 GB RAM,256 GB ROM,5500 mAh Battery,Dimensity 7400 Processor,16.94 cm (6.67 inch) Display,50MP + 13MP | 32MP Front Camera,,https://www.flipkart.com/motorola-edge-60-fusion-5g-pantone-amazonite-256-gb/p/itm083aeeabd2b1d?pid=MOBHN974GZMDARQ9&lid=LSTMOBHN974GZMDARQ9LCGEZJ&marketplace=FLIPKART&q=smart+phones&store=tyy%2F4io&srno=s_10_239&otracker=search&fm=organic&iid=9f3dd06c-d484-47c3-8d7f-87c30b9739d7.MOBHN974GZMDARQ9.SEARCH&ppt=None&ppn=None&ssid=4hkp467als0000001791542827884&qH=a5594894156db043&ov_redirect=true,2026-10-09
240,"Samsung Galaxy S26 Ultra 5G (Sky Blue, 256 GB)",Samsung,124999,139999,10% off,4.6,"1,389",356,12 GB RAM,256 GB ROM,5000 mAh Li-ion Battery,Snapdragon 8 Elite Gen 5 Processor,17.53 cm (6.9 inch) Quad HD+ Display,200MP + 50MP | 12MP Front Camera,,https://www.flipkart.com/samsung-galaxy-s26-ultra-5g-sky-blue-256-gb/p/itmf4799d3841c43?pid=MOBHKGAPUGH5KGWK&lid=LSTMOBHKGAPUGH5KGWKJZLWLZ&marketplace=FLIPKART&q=smart+phones&store=tyy%2F4io&srno=s_10_240&otracker=search&fm=organic&iid=9f3dd06c-d484-47c3-8d7f-87c30b9739d7.MOBHKGAPUGH5KGWK.SEARCH&ppt=None&ppn=None&ssid=4hkp467als0000001791542827884&qH=a5594894156db043&ov_redirect=true,2026-10-09
241,"BOLTT EVO (Midnight Black, 64 GB)",BOLTT,8999,17999,50% off,4.3,"2,048",987,4 GB RAM,64 GB ROM,6000 mAh Lithium ion Battery,T7250 Processor,6.79'' HD+ punch hole display,50MP + 2MP | 8MP Front Camera,,https://www.flipkart.com/boltt-evo-midnight-black-64-gb/p/itmf046d663a1fd7?pid=MOBHPP597GB8ZHTY&lid=LSTMOBHPP597GB8ZHTYGYX70A&marketplace=FLIPKART&q=smart+phones&store=tyy%2F4io&srno=s_11_241&otracker=search&fm=organic&iid=en_p0VaeqAi2Zwrpxjgl6r4n3HdvMh8DzaBDzbhNahQjTe6EJUk2wypP9W70Y8IPTFAmufLsD40cfOytTrT-2ACNol0zbRIx7nkRM2sm5Z_wdP3_hsQqgb0UeXmAXcgHZ1n&ppt=None&ppn=None&ssid=p7f54lf8uo0000001791542830812&qH=a5594894156db043&ov_redirect=true,2026-10-09
242,"Mivi One 5G (Green, 128 GB)",Mivi,13999,23999,41% off,,,,6 GB RAM,128 GB ROM,6000 mAh Lithium Polymer Battery,Snapdragon 4 Gen 2 Processor,17.14 cm (6.75 inch) HD+ Display,50MP Rear Camera | 8MP Front Camera,,https://www.flipkart.com/mivi-one-5g-green-128-gb/p/itm7ea6be1c1d0bf?pid=MOBHR3ZPFRUFFEBF&lid=LSTMOBHR3ZPFRUFFEBFXXFJBJ&marketplace=FLIPKART&q=smart+phones&store=tyy%2F4io&srno=s_11_242&otracker=search&fm=organic&iid=en_p0VaeqAi2Zwrpxjgl6r4n3HdvMh8DzaBDzbhNahQjTfVTD9NUdlDhQzH9uP9_828zBcC0adnJVDAF994s5Z8VY9HwORmVN_5IcANi6THsWoxXI3du7UFKsenhiL4riO_&ppt=None&ppn=None&ssid=p7f54lf8uo0000001791542830812&qH=a5594894156db043&ov_redirect=true,2026-10-09
243,"vivo T5x 5G (Flame Red, 128 GB)",vivo,30499,50999,40% off,4.4,"25,988","1,942",8 GB RAM,128 GB ROM,7200 mAh Li-ion Battery,Dimensity 7400-Turbo Processor,17.17 cm (6.76 inch) Display,50MP + 2MP | 32MP Front Camera,,https://www.flipkart.com/vivo-t5x-5g-flame-red-128-gb/p/itm7da8aa253e72b?pid=MOBHQC8ZUTJQHYZY&lid=LSTMOBHQC8ZUTJQHYZYFO0IO9&marketplace=FLIPKART&q=smart+phones&store=tyy%2F4io&srno=s_11_243&otracker=search&fm=organic&iid=e8859694-d708-4852-84a6-117f4e85d123.MOBHQC8ZUTJQHYZY.SEARCH&ppt=None&ppn=None&ssid=p7f54lf8uo0000001791542830812&qH=a5594894156db043&ov_redirect=true,2026-10-09
244,"Nothing Phone (4a) (Black, 256 GB)",Nothing,49999,62999,20% off,4.5,"6,764",727,8 GB RAM,256 GB ROM,5400 mAh Lithium ion Battery,Snapdragon 7s Gen 4 Processor,17.22 cm (6.78 inch) Full HD+ AMOLED Display,50MP + 50MP + 8MP | 32MP Front Camera,,https://www.flipkart.com/nothing-phone-4a-black-256-gb/p/itm4d8bff10483ce?pid=MOBHZAWYGYRAH4PY&lid=LSTMOBHZAWYGYRAH4PYFAOOC9&marketplace=FLIPKART&q=smart+phones&store=tyy%2F4io&srno=s_11_244&otracker=search&fm=organic&iid=e8859694-d708-4852-84a6-117f4e85d123.MOBHZAWYGYRAH4PY.SEARCH&ppt=None&ppn=None&ssid=p7f54lf8uo0000001791542830812&qH=a5594894156db043&ov_redirect=true,2026-10-09
245,"realme Narzo 100x 5g (Midnight Black, 128 GB)",realme,20031,31999,37% off,4.1,106,11,4 GB RAM,128 GB ROM,8000 mAh Battery,MediaTek Dimensity 6300 Processor,17.3 cm (6.81 inch) HD+ Display,,,https://www.flipkart.com/realme-narzo-100x-5g-midnight-black-128-gb/p/itm66836fc8ecc5e?pid=MOBHPJGFBGZUZBXG&lid=LSTMOBHPJGFBGZUZBXGWQIKZF&marketplace=FLIPKART&q=smart+phones&store=tyy%2F4io&srno=s_11_245&otracker=search&fm=organic&iid=e8859694-d708-4852-84a6-117f4e85d123.MOBHPJGFBGZUZBXG.SEARCH&ppt=None&ppn=None&ssid=p7f54lf8uo0000001791542830812&qH=a5594894156db043&ov_redirect=true,2026-10-09
246,"POCO M8 Power 5G (Blaze Orange, 128 GB)",POCO,25999,59999,56% off,4.6,382,271,8 GB RAM,128 GB ROM,8000 mAh Lithium-Ion Polymer Battery,Snapdragon Gen 4 Processor,17.75 cm (6.99 inch) Full HD+ AMOLED Display,50MP Rear Camera | 8MP Front Camera,,https://www.flipkart.com/poco-m8-power-5g-blaze-orange-128-gb/p/itme6ed250ab73df?pid=MOBHPCYNFWHRJD8C&lid=LSTMOBHPCYNFWHRJD8C5JT1AV&marketplace=FLIPKART&q=smart+phones&store=tyy%2F4io&srno=s_11_246&otracker=search&fm=organic&iid=e8859694-d708-4852-84a6-117f4e85d123.MOBHPCYNFWHRJD8C.SEARCH&ppt=None&ppn=None&ssid=p7f54lf8uo0000001791542830812&qH=a5594894156db043&ov_redirect=true,2026-10-09
247,"BOLTT EVO (Arctic White, 64 GB)",BOLTT,8999,17999,50% off,4.3,"2,048",987,4 GB RAM,64 GB ROM,6000 mAh Lithium ion Battery,T7250 Processor,6.79'' HD+ punch hole display,50MP + 2MP | 8MP Front Camera,,https://www.flipkart.com/boltt-evo-arctic-white-64-gb/p/itmf046d663a1fd7?pid=MOBHPP59BYSJ98M8&lid=LSTMOBHPP59BYSJ98M8RWYHGQ&marketplace=FLIPKART&q=smart+phones&store=tyy%2F4io&srno=s_11_247&otracker=search&fm=organic&iid=en_p0VaeqAi2Zwrpxjgl6r4n3HdvMh8DzaBDzbhNahQjTc7gT_NAig6VG30ZRWRwlSYMw_YrC6cGEjKq2WZ8-8z4qoJtuV9R_JTLQ6A0_d1zMT3_hsQqgb0UeXmAXcgHZ1n&ppt=None&ppn=None&ssid=p7f54lf8uo0000001791542830812&qH=a5594894156db043&ov_redirect=true,2026-10-09
248,"Nothing Phone (4b) (White, 128 GB)",Nothing,29999,49999,40% off,,,,6 GB RAM,128 GB ROM,6000 mAh Lithium ion Battery,6 Gen 4 Processor,17.2 cm (6.77 inch) Full HD+ AMOLED Display,50MP + 8MP | 16MP Front Camera,,https://www.flipkart.com/nothing-phone-4b-white-128-gb/p/itm939608b40adbb?pid=MOBHQENATV85KYCZ&lid=LSTMOBHQENATV85KYCZ0HUCMA&marketplace=FLIPKART&q=smart+phones&store=tyy%2F4io&srno=s_11_248&otracker=search&fm=organic&iid=en_p0VaeqAi2Zwrpxjgl6r4n3HdvMh8DzaBDzbhNahQjTeo6MHYbgru6tOHyuWLvK9mJRWmJqRScuDEhLBoCJQ_-3Mu8S9Tpd5mWOJNld4khGn3_hsQqgb0UeXmAXcgHZ1n&ppt=None&ppn=None&ssid=p7f54lf8uo0000001791542830812&qH=a5594894156db043&ov_redirect=true,2026-10-09
249,"REDMI 15 5G (Frosted White, 128 GB)",REDMI,24975,32999,24% off,4.3,"3,309",245,6 GB RAM,128 GB ROM,7000 mAh Battery,,17.53 cm (6.9 inch) Display,50MP Rear Camera,,https://www.flipkart.com/redmi-15-5g-frosted-white-128-gb/p/itmd7bced8727891?pid=MOBHFH95FKU234AN&lid=LSTMOBHFH95FKU234AN7NH8KC&marketplace=FLIPKART&q=smart+phones&store=tyy%2F4io&srno=s_11_249&otracker=search&fm=organic&iid=e8859694-d708-4852-84a6-117f4e85d123.MOBHFH95FKU234AN.SEARCH&ppt=None&ppn=None&ssid=p7f54lf8uo0000001791542830812&qH=a5594894156db043&ov_redirect=true,2026-10-09
250,"Infinix Note edge (Stellar Blue, 128 GB)",Infinix,22999,29999,23% off,4.2,581,102,8 GB RAM,128 GB ROM,6500 mAh Battery,Dimensity 7100 Processor,17.22 cm (6.78 inch) Full HD+ AMOLED Display,50MP Rear Camera | 13MP Front Camera,,https://www.flipkart.com/infinix-note-edge-stellar-blue-128-gb/p/itmab2876405a1ab?pid=MOBHKCV724SABNKE&lid=LSTMOBHKCV724SABNKEH7AYKB&marketplace=FLIPKART&q=smart+phones&store=tyy%2F4io&srno=s_11_250&otracker=search&fm=organic&iid=e8859694-d708-4852-84a6-117f4e85d123.MOBHKCV724SABNKE.SEARCH&ppt=None&ppn=None&ssid=p7f54lf8uo0000001791542830812&qH=a5594894156db043&ov_redirect=true,2026-10-09
251,"BOLTT ACE 5G (Midnight Black, 128 GB)",BOLTT,13499,26999,50% off,4.8,69,59,6 GB RAM,128 GB ROM,6000 mAh Lithium ion Battery,T8200 Processor,17.25 cm (6.79 inch) HD+ Display,64MP Rear Camera | 8MP Front Camera,,https://www.flipkart.com/boltt-ace-5g-midnight-black-128-gb/p/itmc7395bddbb3a4?pid=MOBHPP59KHGRQGZK&lid=LSTMOBHPP59KHGRQGZKG8NGAJ&marketplace=FLIPKART&q=smart+phones&store=tyy%2F4io&srno=s_11_251&otracker=search&fm=organic&iid=en_p0VaeqAi2Zwrpxjgl6r4n3HdvMh8DzaBDzbhNahQjTeLG0a_8fDMYr8isdeZfVjIceO83KH40hAfyKb6-RK5epGaJ2uKZhH5MvHJRiMkFJ0xXI3du7UFKsenhiL4riO_&ppt=None&ppn=None&ssid=p7f54lf8uo0000001791542830812&qH=a5594894156db043&ov_redirect=true,2026-10-09
252,"BOLTT EVO (Arctic White, 128 GB)",BOLTT,10499,18999,44% off,4,"2,616","1,184",6 GB RAM,128 GB ROM,6000 mAh Lithium ion Battery,T7250 Processor,6.79'' HD+ punch hole display,50MP + 2MP | 8MP Front Camera,,https://www.flipkart.com/boltt-evo-arctic-white-128-gb/p/itmf046d663a1fd7?pid=MOBHPP59GKGTGZGA&lid=LSTMOBHPP59GKGTGZGAIEMNWG&marketplace=FLIPKART&q=smart+phones&store=tyy%2F4io&srno=s_11_252&otracker=search&fm=organic&iid=en_p0VaeqAi2Zwrpxjgl6r4n3HdvMh8DzaBDzbhNahQjTfu18RjcTrR2XyUnXPB8Lg-2d7HEcpMQaj_c2xS4y4sBNhWhcs2422M6EHooulnPAr3_hsQqgb0UeXmAXcgHZ1n&ppt=None&ppn=None&ssid=p7f54lf8uo0000001791542830812&qH=a5594894156db043&ov_redirect=true,2026-10-09
253,"Infinix Note edge (Silk Green, 128 GB)",Infinix,22999,29999,23% off,4.2,581,102,8 GB RAM,128 GB ROM,6500 mAh Battery,Dimensity 7100 Processor,17.22 cm (6.78 inch) Full HD+ AMOLED Display,50MP Rear Camera | 13MP Front Camera,,https://www.flipkart.com/infinix-note-edge-silk-green-128-gb/p/itmab2876405a1ab?pid=MOBHKCV7GJAJAXZG&lid=LSTMOBHKCV7GJAJAXZGHZCQDO&marketplace=FLIPKART&q=smart+phones&store=tyy%2F4io&srno=s_11_253&otracker=search&fm=organic&iid=e8859694-d708-4852-84a6-117f4e85d123.MOBHKCV7GJAJAXZG.SEARCH&ppt=None&ppn=None&ssid=p7f54lf8uo0000001791542830812&qH=a5594894156db043&ov_redirect=true,2026-10-09
254,"POCO C85x 5G (Emerald Green, 128 GB)",POCO,14999,21999,31% off,4.1,"6,075",812,4 GB RAM,128 GB ROM,6300 mAh Lithium-Ion Polymer Battery,T8300 Processor,17.53 cm (6.9 inch) HD+ Display,32MP Rear Camera,,https://www.flipkart.com/poco-c85x-5g-emerald-green-128-gb/p/itm0b4cc4698aede?pid=MOBHMGG5JUYG9DCY&lid=LSTMOBHMGG5JUYG9DCYHB3OAA&marketplace=FLIPKART&q=smart+phones&store=tyy%2F4io&srno=s_11_254&otracker=search&fm=organic&iid=e8859694-d708-4852-84a6-117f4e85d123.MOBHMGG5JUYG9DCY.SEARCH&ppt=None&ppn=None&ssid=p7f54lf8uo0000001791542830812&qH=a5594894156db043&ov_redirect=true,2026-10-09
255,"OnePlus Nord 6 (Quick Silver, 256 GB)",OnePlus,47400,52999,10% off,4.5,"2,624",308,8 GB RAM,256 GB ROM,9000 mAh Battery,4 octa-core processor Processor,17.22 cm (6.78 inch) Full HD+ Display,50MP Rear Camera,,https://www.flipkart.com/oneplus-nord-6-quick-silver-256-gb/p/itmc49f71cdc4080?pid=MOBHMBWSVHKWRPAS&lid=LSTMOBHMBWSVHKWRPASWQORJF&marketplace=FLIPKART&q=smart+phones&store=tyy%2F4io&srno=s_11_255&otracker=search&fm=organic&iid=e8859694-d708-4852-84a6-117f4e85d123.MOBHMBWSVHKWRPAS.SEARCH&ppt=None&ppn=None&ssid=p7f54lf8uo0000001791542830812&qH=a5594894156db043&ov_redirect=true,2026-10-09
256,"Ai+ Nova 2 Neo 5G (Red, 64 GB)",Ai+,12499,17999,30% off,4.3,"2,452",212,4 GB RAM,64 GB ROM,6000 mAh Li-polymer Battery,Dimensity 6300 Processor,17.13 cm (6.745 inch) HD+ Display,48MP Rear Camera | 8MP Front Camera,,https://www.flipkart.com/ai-nova-2-neo-5g-red-64-gb/p/itme06ad72c62724?pid=MOBHZ8ZMRBPMY8PF&lid=LSTMOBHZ8ZMRBPMY8PFWQL9IW&marketplace=FLIPKART&q=smart+phones&store=tyy%2F4io&srno=s_11_256&otracker=search&fm=organic&iid=e8859694-d708-4852-84a6-117f4e85d123.MOBHZ8ZMRBPMY8PF.SEARCH&ppt=None&ppn=None&ssid=p7f54lf8uo0000001791542830812&qH=a5594894156db043&ov_redirect=true,2026-10-09
257,"BOLTT EVO (Berry Red, 128 GB)",BOLTT,10499,18999,44% off,4,"2,616","1,184",6 GB RAM,128 GB ROM,6000 mAh Lithium ion Battery,T7250 Processor,6.79'' HD+ punch hole display,50MP + 2MP | 8MP Front Camera,,https://www.flipkart.com/boltt-evo-berry-red-128-gb/p/itmf046d663a1fd7?pid=MOBHPP59TUYYPWP5&lid=LSTMOBHPP59TUYYPWP5U7J1VB&marketplace=FLIPKART&q=smart+phones&store=tyy%2F4io&srno=s_11_257&otracker=search&fm=organic&iid=en_p0VaeqAi2Zwrpxjgl6r4n3HdvMh8DzaBDzbhNahQjTdD0sneXvRyGNb4PFMGRCYIC9-fTZ1EKHfU5X6OsLzF2Y6iFcCMcne0NcY1l-GNU4z3_hsQqgb0UeXmAXcgHZ1n&ppt=None&ppn=None&ssid=p7f54lf8uo0000001791542830812&qH=a5594894156db043&ov_redirect=true,2026-10-09
258,"Mivi One 5G (Burgundy, 128 GB)",Mivi,14999,25999,42% off,,,,8 GB RAM,128 GB ROM,6000 mAh Lithium Polymer Battery,Snapdragon 4 Gen 2 Processor,17.14 cm (6.75 inch) HD+ Display,50MP Rear Camera | 8MP Front Camera,,https://www.flipkart.com/mivi-one-5g-burgundy-128-gb/p/itm3fb0c94957b9f?pid=MOBHR3ZP74GDCQQC&lid=LSTMOBHR3ZP74GDCQQC3F0WAL&marketplace=FLIPKART&q=smart+phones&store=tyy%2F4io&srno=s_11_258&otracker=search&fm=organic&iid=en_p0VaeqAi2Zwrpxjgl6r4n3HdvMh8DzaBDzbhNahQjTcWw6vJFhbFF773zoiqO1zIlhTq3TNR9LJbyvkcUs0E5h5lnB_B3YgA2Ah0gCCIDM4xXI3du7UFKsenhiL4riO_&ppt=None&ppn=None&ssid=p7f54lf8uo0000001791542830812&qH=a5594894156db043&ov_redirect=true,2026-10-09
259,"OPPO Reno15 5G (Glacier White, 256 GB)",OPPO,47999,49999,4% off,4.5,979,128,8 GB RAM,256 GB ROM,6500 mAh Battery,7 Gen 4 Processor,16.74 cm (6.59 inch) Full HD+ Display,,,https://www.flipkart.com/oppo-reno15-5g-glacier-white-256-gb/p/itm37cc91d1c2807?pid=MOBHGZZ9YK5DRXSW&lid=LSTMOBHGZZ9YK5DRXSWFNAPAE&marketplace=FLIPKART&q=smart+phones&store=tyy%2F4io&srno=s_11_259&otracker=search&fm=organic&iid=e8859694-d708-4852-84a6-117f4e85d123.MOBHGZZ9YK5DRXSW.SEARCH&ppt=None&ppn=None&ssid=p7f54lf8uo0000001791542830812&qH=a5594894156db043&ov_redirect=true,2026-10-09
260,"Ai+ Pulse 2 (Purple, 64 GB)",Ai+,8999,10999,18% off,4.1,"13,552",946,4 GB RAM,64 GB ROM,6000 mAh Battery,T7250 Processor,17.13 cm (6.745 inch) HD+ Display,50MP Rear Camera | 8MP Front Camera,,https://www.flipkart.com/ai-pulse-2-purple-64-gb/p/itmdc910ae2ff0c1?pid=MOBHKHPYQHGDVRTG&lid=LSTMOBHKHPYQHGDVRTGJBHZI8&marketplace=FLIPKART&q=smart+phones&store=tyy%2F4io&srno=s_11_260&otracker=search&fm=organic&iid=e8859694-d708-4852-84a6-117f4e85d123.MOBHKHPYQHGDVRTG.SEARCH&ppt=None&ppn=None&ssid=p7f54lf8uo0000001791542830812&qH=a5594894156db043&ov_redirect=true,2026-10-09
261,"BOLTT ACE 5G (Arctic White, 128 GB)",BOLTT,13499,26999,50% off,4.8,69,59,6 GB RAM,128 GB ROM,6000 mAh Lithium ion Battery,T8200 Processor,17.25 cm (6.79 inch) HD+ Display,64MP Rear Camera | 8MP Front Camera,,https://www.flipkart.com/boltt-ace-5g-arctic-white-128-gb/p/itm2eb0f483effdd?pid=MOBHPP599JHZUZBV&lid=LSTMOBHPP599JHZUZBVN1I3RX&marketplace=FLIPKART&q=smart+phones&store=tyy%2F4io&srno=s_11_261&otracker=search&fm=organic&iid=en_p0VaeqAi2Zwrpxjgl6r4n3HdvMh8DzaBDzbhNahQjTeDrNQ6NnaMyJaemYC54CgG8ETKDZwOYTzjik_-dC--F-Dxk3IDjpjCPWZkqPSz-XwxXI3du7UFKsenhiL4riO_&ppt=None&ppn=None&ssid=p7f54lf8uo0000001791542830812&qH=a5594894156db043&ov_redirect=true,2026-10-09
262,"BOLTT EVO (Sky Blue, 64 GB)",BOLTT,8999,17999,50% off,4.3,"2,048",987,4 GB RAM,64 GB ROM,6000 mAh Lithium ion Battery,T7250 Processor,6.79'' HD+ punch hole display,50MP + 2MP | 8MP Front Camera,,https://www.flipkart.com/boltt-evo-sky-blue-64-gb/p/itmf046d663a1fd7?pid=MOBHPP59WKSV4FYG&lid=LSTMOBHPP59WKSV4FYGYPMLV6&marketplace=FLIPKART&q=smart+phones&store=tyy%2F4io&srno=s_11_262&otracker=search&fm=organic&iid=en_p0VaeqAi2Zwrpxjgl6r4n3HdvMh8DzaBDzbhNahQjTfSPQur5yxH1evW1oylD5-UPN-wa3N07U_MG9C3wb-_N1QseCaDYY_J3qfymqYLKRq1yjGfrieSb4xrkKba2YEE9QWMJPI4egdmz5nn89L_DQ%3D%3D&ppt=None&ppn=None&ssid=p7f54lf8uo0000001791542830812&qH=a5594894156db043&ov_redirect=true,2026-10-09
263,"Google Pixel 10a (Lavender, 256 GB)",Google,47999,55999,14% off,4.5,"3,244",362,8 GB RAM,256 GB ROM,5100 mAh Lithium Battery,Tensor G4 Processor,16.0 cm (6.3 inch) Full HD+ AMOLED Display,48MP + 13MP | 13MP Front Camera,,https://www.flipkart.com/google-pixel-10a-lavender-256-gb/p/itmba3073a0f391e?pid=MOBHP6CE4EYBUEW9&lid=LSTMOBHP6CE4EYBUEW9IMTJGH&marketplace=FLIPKART&q=smart+phones&store=tyy%2F4io&srno=s_11_263&otracker=search&fm=organic&iid=e8859694-d708-4852-84a6-117f4e85d123.MOBHP6CE4EYBUEW9.SEARCH&ppt=None&ppn=None&ssid=p7f54lf8uo0000001791542830812&qH=a5594894156db043&ov_redirect=true,2026-10-09
264,"Samsung M36 5G (Velvet Black / Black, 128 GB)",Samsung,25999,26999,3% off,4.1,"1,946",175,8 GB RAM,128 GB ROM,5000 mAh Battery,,17.02 cm (6.7 inch) Display,50MP Rear Camera,,https://www.flipkart.com/samsung-m36-5g-velvet-black-black-128-gb/p/itmf77ec4e8758a8?pid=MOBHEYY2PZTXHNZQ&lid=LSTMOBHEYY2PZTXHNZQYYJ7TK&marketplace=FLIPKART&q=smart+phones&store=tyy%2F4io&srno=s_11_264&otracker=search&fm=organic&iid=e8859694-d708-4852-84a6-117f4e85d123.MOBHEYY2PZTXHNZQ.SEARCH&ppt=None&ppn=None&ssid=p7f54lf8uo0000001791542830812&qH=a5594894156db043&ov_redirect=true,2026-10-09
265,"Samsung Galaxy F70e 5G (Spotlight Blue, 128 GB)",Samsung,19999,24999,20% off,4.2,"8,773",920,6 GB RAM,128 GB ROM,6000 mAh Li-ion Battery,Dimensity 6300 Processor,17.12 cm (6.74 inch) HD+ Display,50MP + 2MP | 8MP Front Camera,,https://www.flipkart.com/samsung-galaxy-f70e-5g-spotlight-blue-128-gb/p/itmfe8b93b7695f6?pid=MOBHQGZQFZP2NAAR&lid=LSTMOBHQGZQFZP2NAARXKRIME&marketplace=FLIPKART&q=smart+phones&store=tyy%2F4io&srno=s_12_265&otracker=search&fm=organic&iid=25d2bc6c-5fae-4a54-967f-68a0297e4147.MOBHQGZQFZP2NAAR.SEARCH&ppt=None&ppn=None&ssid=nmc9isq4sg0000001791542833729&qH=a5594894156db043&ov_redirect=true,2026-10-09
266,"POCO X8 5G (Fiery Orange, 128 GB)",POCO,29999,69999,57% off,4.2,52,12,8 GB RAM,128 GB ROM,9000 mAh Lithium-Ion Polymer Battery,6s Gen 4 Processor,17.35 cm (6.83 inch) Full HD+ AMOLED Display,50MP + 2MP | 16MP Front Camera,,https://www.flipkart.com/poco-x8-5g-fiery-orange-128-gb/p/itm5ca9e2cbad488?pid=MOBHQ6XZXGNKHXHN&lid=LSTMOBHQ6XZXGNKHXHNFSNWGR&marketplace=FLIPKART&q=smart+phones&store=tyy%2F4io&srno=s_12_266&otracker=search&fm=organic&iid=25d2bc6c-5fae-4a54-967f-68a0297e4147.MOBHQ6XZXGNKHXHN.SEARCH&ppt=None&ppn=None&ssid=nmc9isq4sg0000001791542833729&qH=a5594894156db043&ov_redirect=true,2026-10-09
267,"Mivi One 5G (Green, 128 GB)",Mivi,13999,23999,41% off,,,,6 GB RAM,128 GB ROM,6000 mAh Lithium Polymer Battery,Snapdragon 4 Gen 2 Processor,17.14 cm (6.75 inch) HD+ Display,50MP Rear Camera | 8MP Front Camera,,https://www.flipkart.com/mivi-one-5g-green-128-gb/p/itm7ea6be1c1d0bf?pid=MOBHR3ZPFRUFFEBF&lid=LSTMOBHR3ZPFRUFFEBFXXFJBJ&marketplace=FLIPKART&q=smart+phones&store=tyy%2F4io&srno=s_12_267&otracker=search&fm=organic&iid=en_l0VCbIE9O9rd0YdC5C0Rly6BZ7EtuoP7ajE0u9xRphZ6qc5kewtFWyyi006J1lHDzBcC0adnJVDAF994s5Z8VdXXcDpR_S7wBKL_ui3585P1Iu5az7dQGMArNpV_Lhl-&ppt=None&ppn=None&ssid=nmc9isq4sg0000001791542833729&qH=a5594894156db043&ov_redirect=true,2026-10-09
268,"BOLTT ACE 5G (Lavender Bloom, 64 GB)",BOLTT,11999,24999,52% off,4.2,477,226,4 GB RAM,64 GB ROM,6000 mAh Lithium ion Battery,T8200 Processor,17.25 cm (6.79 inch) HD+ Display,64MP Rear Camera | 8MP Front Camera,,https://www.flipkart.com/boltt-ace-5g-lavender-bloom-64-gb/p/itm2eb0f483effdd?pid=MOBHPP59CGDHZVJY&lid=LSTMOBHPP59CGDHZVJYFJP39X&marketplace=FLIPKART&q=smart+phones&store=tyy%2F4io&srno=s_12_268&otracker=search&fm=organic&iid=en_l0VCbIE9O9rd0YdC5C0Rly6BZ7EtuoP7ajE0u9xRphbtLVCORiNvjXpAel6wWyO66EjlcJGcWKVIdsXhsZKqlc-Hfce6zHM39GsmaCxEcE31Iu5az7dQGMArNpV_Lhl-&ppt=None&ppn=None&ssid=nmc9isq4sg0000001791542833729&qH=a5594894156db043&ov_redirect=true,2026-10-09
269,"realme Narzo 100 Lite 5G (Thunder Black, 128 GB)",realme,21845,31999,31% off,4.2,191,17,6 GB RAM,128 GB ROM,7000 mAh Battery,,17.27 cm (6.8 inch) Display,13MP Rear Camera,,https://www.flipkart.com/realme-narzo-100-lite-5g-thunder-black-128-gb/p/itm659398bfe469c?pid=MOBHMZ3TERMJ7F2Z&lid=LSTMOBHMZ3TERMJ7F2ZMWL6PE&marketplace=FLIPKART&q=smart+phones&store=tyy%2F4io&srno=s_12_269&otracker=search&fm=organic&iid=25d2bc6c-5fae-4a54-967f-68a0297e4147.MOBHMZ3TERMJ7F2Z.SEARCH&ppt=None&ppn=None&ssid=nmc9isq4sg0000001791542833729&qH=a5594894156db043&ov_redirect=true,2026-10-09
270,"realme Narzo 100 Lite 5G (Frost Silver, 128 GB)",realme,20899,31999,34% off,4.2,191,17,6 GB RAM,128 GB ROM,7000 mAh Battery,,17.27 cm (6.8 inch) Display,13MP Rear Camera,,https://www.flipkart.com/realme-narzo-100-lite-5g-frost-silver-128-gb/p/itm659398bfe469c?pid=MOBHMZ3QYVFHZCAH&lid=LSTMOBHMZ3QYVFHZCAHEH5NUN&marketplace=FLIPKART&q=smart+phones&store=tyy%2F4io&srno=s_12_270&otracker=search&fm=organic&iid=25d2bc6c-5fae-4a54-967f-68a0297e4147.MOBHMZ3QYVFHZCAH.SEARCH&ppt=None&ppn=None&ssid=nmc9isq4sg0000001791542833729&qH=a5594894156db043&ov_redirect=true,2026-10-09
271,"BOLTT EVO (Midnight Black, 64 GB)",BOLTT,8999,17999,50% off,4.3,"2,048",987,4 GB RAM,64 GB ROM,6000 mAh Lithium ion Battery,T7250 Processor,6.79'' HD+ punch hole display,50MP + 2MP | 8MP Front Camera,,https://www.flipkart.com/boltt-evo-midnight-black-64-gb/p/itmf046d663a1fd7?pid=MOBHPP597GB8ZHTY&lid=LSTMOBHPP597GB8ZHTYGYX70A&marketplace=FLIPKART&q=smart+phones&store=tyy%2F4io&srno=s_12_271&otracker=search&fm=organic&iid=en_l0VCbIE9O9rd0YdC5C0Rly6BZ7EtuoP7ajE0u9xRphZTjtlQPKbfaX0Bgqulc3-VmufLsD40cfOytTrT-2ACNqoJtuV9R_JTLQ6A0_d1zMTQr8RTC0dXhGHbLHYYhyX8&ppt=None&ppn=None&ssid=nmc9isq4sg0000001791542833729&qH=a5594894156db043&ov_redirect=true,2026-10-09
272,"BOLTT EVO (Arctic White, 64 GB)",BOLTT,8999,17999,50% off,4.3,"2,048",987,4 GB RAM,64 GB ROM,6000 mAh Lithium ion Battery,T7250 Processor,6.79'' HD+ punch hole display,50MP + 2MP | 8MP Front Camera,,https://www.flipkart.com/boltt-evo-arctic-white-64-gb/p/itmf046d663a1fd7?pid=MOBHPP59BYSJ98M8&lid=LSTMOBHPP59BYSJ98M8RWYHGQ&marketplace=FLIPKART&q=smart+phones&store=tyy%2F4io&srno=s_12_272&otracker=search&fm=organic&iid=en_l0VCbIE9O9rd0YdC5C0Rly6BZ7EtuoP7ajE0u9xRphYh9lqrTzaopHt2SEn3GkQOMw_YrC6cGEjKq2WZ8-8z4kJqULiYX7S4erGGIr8dEejQr8RTC0dXhGHbLHYYhyX8&ppt=None&ppn=None&ssid=nmc9isq4sg0000001791542833729&qH=a5594894156db043&ov_redirect=true,2026-10-09
273,"OPPO Reno15 5G (Glacier White, 256 GB)",OPPO,47999,49999,4% off,4.5,979,128,8 GB RAM,256 GB ROM,6500 mAh Battery,7 Gen 4 Processor,16.74 cm (6.59 inch) Full HD+ Display,,,https://www.flipkart.com/oppo-reno15-5g-glacier-white-256-gb/p/itm37cc91d1c2807?pid=MOBHGZZ9YK5DRXSW&lid=LSTMOBHGZZ9YK5DRXSWFNAPAE&marketplace=FLIPKART&q=smart+phones&store=tyy%2F4io&srno=s_12_273&otracker=search&fm=organic&iid=25d2bc6c-5fae-4a54-967f-68a0297e4147.MOBHGZZ9YK5DRXSW.SEARCH&ppt=None&ppn=None&ssid=nmc9isq4sg0000001791542833729&qH=a5594894156db043&ov_redirect=true,2026-10-09
274,"REDMI Note 15 SE 5G Snapdragon (Crimson Reserve, 128 GB)",REDMI,27999,35999,22% off,4.3,"3,500",334,8 GB RAM,128 GB ROM,5800 mAh Lithium-Ion Polymer Battery,Snapdragon 6 Gen 3 Processor,17.2 cm (6.77 inch) Full HD+ AMOLED Display,50MP Rear Camera | 20MP Front Camera,,https://www.flipkart.com/redmi-note-15-se-5g-snapdragon-crimson-reserve-128-gb/p/itm7627750aa9b54?pid=MOBHN52F84BRGFEG&lid=LSTMOBHN52F84BRGFEGPNKDKP&marketplace=FLIPKART&q=smart+phones&store=tyy%2F4io&srno=s_12_274&otracker=search&fm=organic&iid=25d2bc6c-5fae-4a54-967f-68a0297e4147.MOBHN52F84BRGFEG.SEARCH&ppt=None&ppn=None&ssid=nmc9isq4sg0000001791542833729&qH=a5594894156db043&ov_redirect=true,2026-10-09
275,"realme P4R 5G (Lavender Glare, 64 GB)",realme,20999,32999,36% off,4.2,"2,767",234,4 GB RAM,64 GB ROM,8000 mAh Lithium-ion polymer Battery,Dimensity 6300 Processor,17.27 cm (6.8 inch) HD+ Display,50MP Rear Camera | 8MP Front Camera,,https://www.flipkart.com/realme-p4r-5g-lavender-glare-64-gb/p/itmb42ae388c1ef6?pid=MOBHP2V8SRWKXMSF&lid=LSTMOBHP2V8SRWKXMSF17TTPK&marketplace=FLIPKART&q=smart+phones&store=tyy%2F4io&srno=s_12_275&otracker=search&fm=organic&iid=25d2bc6c-5fae-4a54-967f-68a0297e4147.MOBHP2V8SRWKXMSF.SEARCH&ppt=None&ppn=None&ssid=nmc9isq4sg0000001791542833729&qH=a5594894156db043&ov_redirect=true,2026-10-09
276,"OPPO K14 5G (Prism Violet, 128 GB)",OPPO,25999,,,4.4,"7,809",829,6 GB RAM,128 GB ROM,7000 mAh Battery,Dimensity 6300 Processor,17.14 cm (6.75 inch) HD+ Display,50MP Rear Camera | 8MP Front Camera,,https://www.flipkart.com/oppo-k14-5g-prism-violet-128-gb/p/itm2a5cc1d23c2af?pid=MOBHKQYYEP5PV9RH&lid=LSTMOBHKQYYEP5PV9RHZM2YMD&marketplace=FLIPKART&q=smart+phones&store=tyy%2F4io&srno=s_12_276&otracker=search&fm=organic&iid=25d2bc6c-5fae-4a54-967f-68a0297e4147.MOBHKQYYEP5PV9RH.SEARCH&ppt=None&ppn=None&ssid=nmc9isq4sg0000001791542833729&qH=a5594894156db043&ov_redirect=true,2026-10-09
277,"Nothing Phone (4b) (White, 128 GB)",Nothing,29999,49999,40% off,,,,6 GB RAM,128 GB ROM,6000 mAh Lithium ion Battery,6 Gen 4 Processor,17.2 cm (6.77 inch) Full HD+ AMOLED Display,50MP + 8MP | 16MP Front Camera,,https://www.flipkart.com/nothing-phone-4b-white-128-gb/p/itm939608b40adbb?pid=MOBHQENATV85KYCZ&lid=LSTMOBHQENATV85KYCZ0HUCMA&marketplace=FLIPKART&q=smart+phones&store=tyy%2F4io&srno=s_12_277&otracker=search&fm=organic&iid=en_l0VCbIE9O9rd0YdC5C0Rly6BZ7EtuoP7ajE0u9xRphbCASdKxq4JlNf1mUtExP-3JRWmJqRScuDEhLBoCJQ_-zmhNhj8Rec88cH_U33TMLXQr8RTC0dXhGHbLHYYhyX8&ppt=None&ppn=None&ssid=nmc9isq4sg0000001791542833729&qH=a5594894156db043&ov_redirect=true,2026-10-09
278,"BOLTT ACE 5G (Midnight Black, 128 GB)",BOLTT,13499,26999,50% off,4.8,69,59,6 GB RAM,128 GB ROM,6000 mAh Lithium ion Battery,T8200 Processor,17.25 cm (6.79 inch) HD+ Display,64MP Rear Camera | 8MP Front Camera,,https://www.flipkart.com/boltt-ace-5g-midnight-black-128-gb/p/itmc7395bddbb3a4?pid=MOBHPP59KHGRQGZK&lid=LSTMOBHPP59KHGRQGZKG8NGAJ&marketplace=FLIPKART&q=smart+phones&store=tyy%2F4io&srno=s_12_278&otracker=search&fm=organic&iid=en_l0VCbIE9O9rd0YdC5C0Rly6BZ7EtuoP7ajE0u9xRphbepVSEBwGPAHs17saeQTBjceO83KH40hAfyKb6-RK5emI2n1F29CDxktZayioP0zr1Iu5az7dQGMArNpV_Lhl-&ppt=None&ppn=None&ssid=nmc9isq4sg0000001791542833729&qH=a5594894156db043&ov_redirect=true,2026-10-09
279,"realme Narzo 100 Lite 5G (Thunder Black, 64 GB)",realme,16673,24999,33% off,4.2,"1,539",74,4 GB RAM,64 GB ROM,7000 mAh Battery,,17.27 cm (6.8 inch) Display,13MP Rear Camera,,https://www.flipkart.com/realme-narzo-100-lite-5g-thunder-black-64-gb/p/itm659398bfe469c?pid=MOBHMZ3QKKTHQW7M&lid=LSTMOBHMZ3QKKTHQW7MUEBPZD&marketplace=FLIPKART&q=smart+phones&store=tyy%2F4io&srno=s_12_279&otracker=search&fm=organic&iid=25d2bc6c-5fae-4a54-967f-68a0297e4147.MOBHMZ3QKKTHQW7M.SEARCH&ppt=None&ppn=None&ssid=nmc9isq4sg0000001791542833729&qH=a5594894156db043&ov_redirect=true,2026-10-09
280,"Ai+ Nova 2 Neo 5G (Red, 128 GB)",Ai+,12999,18999,31% off,4.3,"2,452",212,4 GB RAM,128 GB ROM,6000 mAh Li-polymer Battery,Dimensity 6300 Processor,17.13 cm (6.745 inch) HD+ Display,48MP Rear Camera | 8MP Front Camera,,https://www.flipkart.com/ai-nova-2-neo-5g-red-128-gb/p/itm3e105950e9175?pid=MOBHZ8ZMZBX5H8F8&lid=LSTMOBHZ8ZMZBX5H8F8DKTY5A&marketplace=FLIPKART&q=smart+phones&store=tyy%2F4io&srno=s_12_280&otracker=search&fm=organic&iid=25d2bc6c-5fae-4a54-967f-68a0297e4147.MOBHZ8ZMZBX5H8F8.SEARCH&ppt=None&ppn=None&ssid=nmc9isq4sg0000001791542833729&qH=a5594894156db043&ov_redirect=true,2026-10-09
281,"BOLTT EVO (Arctic White, 128 GB)",BOLTT,10499,18999,44% off,4,"2,616","1,184",6 GB RAM,128 GB ROM,6000 mAh Lithium ion Battery,T7250 Processor,6.79'' HD+ punch hole display,50MP + 2MP | 8MP Front Camera,,https://www.flipkart.com/boltt-evo-arctic-white-128-gb/p/itmf046d663a1fd7?pid=MOBHPP59GKGTGZGA&lid=LSTMOBHPP59GKGTGZGAIEMNWG&marketplace=FLIPKART&q=smart+phones&store=tyy%2F4io&srno=s_12_281&otracker=search&fm=organic&iid=en_l0VCbIE9O9rd0YdC5C0Rly6BZ7EtuoP7ajE0u9xRphaFnE80QyqjIKFEtee7fp9E2d7HEcpMQaj_c2xS4y4sBI6iFcCMcne0NcY1l-GNU4zQr8RTC0dXhGHbLHYYhyX8&ppt=None&ppn=None&ssid=nmc9isq4sg0000001791542833729&qH=a5594894156db043&ov_redirect=true,2026-10-09
282,"Mivi One 5G (Burgundy, 128 GB)",Mivi,14999,25999,42% off,,,,8 GB RAM,128 GB ROM,6000 mAh Lithium Polymer Battery,Snapdragon 4 Gen 2 Processor,17.14 cm (6.75 inch) HD+ Display,50MP Rear Camera | 8MP Front Camera,,https://www.flipkart.com/mivi-one-5g-burgundy-128-gb/p/itm3fb0c94957b9f?pid=MOBHR3ZP74GDCQQC&lid=LSTMOBHR3ZP74GDCQQC3F0WAL&marketplace=FLIPKART&q=smart+phones&store=tyy%2F4io&srno=s_12_282&otracker=search&fm=organic&iid=en_l0VCbIE9O9rd0YdC5C0Rly6BZ7EtuoP7ajE0u9xRphZkUijVMqKJToALs0y66p8vlhTq3TNR9LJbyvkcUs0E5h5lnB_B3YgA2Ah0gCCIDM71Iu5az7dQGMArNpV_Lhl-&ppt=None&ppn=None&ssid=nmc9isq4sg0000001791542833729&qH=a5594894156db043&ov_redirect=true,2026-10-09
283,"Samsung Galaxy F70e 5G (Spotlight Blue, 128 GB)",Samsung,16999,22999,26% off,4.1,"11,525","1,353",4 GB RAM,128 GB ROM,6000 mAh Li-ion Battery,Dimensity 6300 Processor,17.12 cm (6.74 inch) HD+ Display,50MP + 2MP | 8MP Front Camera,,https://www.flipkart.com/samsung-galaxy-f70e-5g-spotlight-blue-128-gb/p/itmfe8b93b7695f6?pid=MOBHQGZQYHNBZHNW&lid=LSTMOBHQGZQYHNBZHNWQVISZG&marketplace=FLIPKART&q=smart+phones&store=tyy%2F4io&srno=s_12_283&otracker=search&fm=organic&iid=25d2bc6c-5fae-4a54-967f-68a0297e4147.MOBHQGZQYHNBZHNW.SEARCH&ppt=None&ppn=None&ssid=nmc9isq4sg0000001791542833729&qH=a5594894156db043&ov_redirect=true,2026-10-09
284,"Samsung Galaxy A07 LTE (Black, 64 GB)",Samsung,12960,17999,27% off,4.2,"1,658",116,4 GB RAM,64 GB ROM,5000 mAh Battery,Helio G99 Processor,17.02 cm (6.7 inch) HD+ Display,,,https://www.flipkart.com/samsung-galaxy-a07-lte-black-64-gb/p/itm25dbddb462dcb?pid=MOBHG82ZXW3DEMHY&lid=LSTMOBHG82ZXW3DEMHYHJGOJI&marketplace=FLIPKART&q=smart+phones&store=tyy%2F4io&srno=s_12_284&otracker=search&fm=organic&iid=25d2bc6c-5fae-4a54-967f-68a0297e4147.MOBHG82ZXW3DEMHY.SEARCH&ppt=None&ppn=None&ssid=nmc9isq4sg0000001791542833729&qH=a5594894156db043&ov_redirect=true,2026-10-09
285,"OPPO Reno15 Pro 5G (Sunset Gold, 256 GB)",OPPO,57343,74999,23% off,4.5,179,25,12 GB RAM,256 GB ROM,6500 mAh Battery,Dimensity 8450 Processor,43.74 cm (17.22 cm) Full HD+ Display,,,https://www.flipkart.com/oppo-reno15-pro-5g-sunset-gold-256-gb/p/itm157c5e40707f0?pid=MOBHGZZ9AGANPQBF&lid=LSTMOBHGZZ9AGANPQBFD0FNEC&marketplace=FLIPKART&q=smart+phones&store=tyy%2F4io&srno=s_12_285&otracker=search&fm=organic&iid=25d2bc6c-5fae-4a54-967f-68a0297e4147.MOBHGZZ9AGANPQBF.SEARCH&ppt=None&ppn=None&ssid=nmc9isq4sg0000001791542833729&qH=a5594894156db043&ov_redirect=true,2026-10-09
286,"OnePlus Nord 6 (Fresh Mint, 256 GB)",OnePlus,46158,52999,12% off,4.5,"2,624",308,8 GB RAM,256 GB ROM,9000 mAh Battery,4 octa-core processor Processor,17.22 cm (6.78 inch) Full HD+ Display,50MP Rear Camera,,https://www.flipkart.com/oneplus-nord-6-fresh-mint-256-gb/p/itmc49f71cdc4080?pid=MOBHMBW2KKBSFG9R&lid=LSTMOBHMBW2KKBSFG9REO43AY&marketplace=FLIPKART&q=smart+phones&store=tyy%2F4io&srno=s_12_286&otracker=search&fm=organic&iid=25d2bc6c-5fae-4a54-967f-68a0297e4147.MOBHMBW2KKBSFG9R.SEARCH&ppt=None&ppn=None&ssid=nmc9isq4sg0000001791542833729&qH=a5594894156db043&ov_redirect=true,2026-10-09
287,"BOLTT EVO (Sky Blue, 64 GB)",BOLTT,8999,17999,50% off,4.3,"2,048",987,4 GB RAM,64 GB ROM,6000 mAh Lithium ion Battery,T7250 Processor,6.79'' HD+ punch hole display,50MP + 2MP | 8MP Front Camera,,https://www.flipkart.com/boltt-evo-sky-blue-64-gb/p/itmf046d663a1fd7?pid=MOBHPP59WKSV4FYG&lid=LSTMOBHPP59WKSV4FYGYPMLV6&marketplace=FLIPKART&q=smart+phones&store=tyy%2F4io&srno=s_12_287&otracker=search&fm=organic&iid=en_l0VCbIE9O9rd0YdC5C0Rly6BZ7EtuoP7ajE0u9xRphZJzwH1Lj9AWsCiNiDaKmaniWdFa328hJ5Tl7uRbip-ZFs0LAPqMrP3q_6IRdvsZf_Qr8RTC0dXhGHbLHYYhyX8&ppt=None&ppn=None&ssid=nmc9isq4sg0000001791542833729&qH=a5594894156db043&ov_redirect=true,2026-10-09
288,"BOLTT ACE 5G (Arctic White, 128 GB)",BOLTT,13499,26999,50% off,4.8,69,59,6 GB RAM,128 GB ROM,6000 mAh Lithium ion Battery,T8200 Processor,17.25 cm (6.79 inch) HD+ Display,64MP Rear Camera | 8MP Front Camera,,https://www.flipkart.com/boltt-ace-5g-arctic-white-128-gb/p/itm2eb0f483effdd?pid=MOBHPP599JHZUZBV&lid=LSTMOBHPP599JHZUZBVN1I3RX&marketplace=FLIPKART&q=smart+phones&store=tyy%2F4io&srno=s_12_288&otracker=search&fm=organic&iid=en_l0VCbIE9O9rd0YdC5C0Rly6BZ7EtuoP7ajE0u9xRphYZ8ocFsAASm1treZCy-8bMqWMRb7XZ9LlJlXwsX-MeSpRRJF9TV-hbUYxhg9GdHDZOSVhBqhrzI2roywUnnrLK&ppt=None&ppn=None&ssid=nmc9isq4sg0000001791542833729&qH=a5594894156db043&ov_redirect=true,2026-10-09
289,Vivo T4 Lite 5G (Titanium Gold 2026) (4GB 64GB),Vivo,16999,27999,39% off,4.3,"45,006","2,077",4 GB RAM,64 GB ROM,6000 mAh Battery,Dimensity 6300 5G Processor,17.12 cm (6.74 inch) HD+ Display,50MP + 2MP | 5MP Front Camera,5G,https://www.flipkart.com/vivo-t4-lite-5g-titanium-gold-2026-4gb-64gb/p/itm49fb53d099f3c?pid=MOBHNCRK44PF7QEN&lid=LSTMOBHNCRK44PF7QENBDEBI7&marketplace=FLIPKART&q=smart+phones&store=tyy%2F4io&srno=s_13_289&otracker=search&fm=organic&iid=5c5dfc79-fb56-436e-a599-0940127bf944.MOBHNCRK44PF7QEN.SEARCH&ppt=None&ppn=None&ssid=klmqp9a4z40000001791542836659&qH=a5594894156db043&ov_redirect=true,2026-10-09
290,Vivo T4 Lite 5G (Prism Blue 2026) ( 4GB 64GB),Vivo,16999,27999,39% off,4.3,"45,006","2,077",4 GB RAM,64 GB ROM,6000 mAh Battery,Dimensity 6300 5G Processor,17.12 cm (6.74 inch) HD+ Display,50MP + 2MP | 5MP Front Camera,5G,https://www.flipkart.com/vivo-t4-lite-5g-prism-blue-2026-4gb-64gb/p/itm49fb53d099f3c?pid=MOBHNCRKA4XQFSRM&lid=LSTMOBHNCRKA4XQFSRMKUYMUR&marketplace=FLIPKART&q=smart+phones&store=tyy%2F4io&srno=s_13_290&otracker=search&fm=organic&iid=5c5dfc79-fb56-436e-a599-0940127bf944.MOBHNCRKA4XQFSRM.SEARCH&ppt=None&ppn=None&ssid=klmqp9a4z40000001791542836659&qH=a5594894156db043&ov_redirect=true,2026-10-09
291,"BOLTT EVO (Midnight Black, 64 GB)",BOLTT,8999,17999,50% off,4.3,"2,048",987,4 GB RAM,64 GB ROM,6000 mAh Lithium ion Battery,T7250 Processor,6.79'' HD+ punch hole display,50MP + 2MP | 8MP Front Camera,,https://www.flipkart.com/boltt-evo-midnight-black-64-gb/p/itmf046d663a1fd7?pid=MOBHPP597GB8ZHTY&lid=LSTMOBHPP597GB8ZHTYGYX70A&marketplace=FLIPKART&q=smart+phones&store=tyy%2F4io&srno=s_13_291&otracker=search&fm=organic&iid=en_ZxKhUA17VVg2b0WPw9JwCojXCknA85om7xCpXdw_Mc85fkLiJqP5ule1MC75dbwkmufLsD40cfOytTrT-2ACNol0zbRIx7nkRM2sm5Z_wdPTnC8vt_sp4UuqJSl1N2r3&ppt=None&ppn=None&ssid=klmqp9a4z40000001791542836659&qH=a5594894156db043&ov_redirect=true,2026-10-09
292,"Mivi One 5G (Green, 128 GB)",Mivi,13999,23999,41% off,,,,6 GB RAM,128 GB ROM,6000 mAh Lithium Polymer Battery,Snapdragon 4 Gen 2 Processor,17.14 cm (6.75 inch) HD+ Display,50MP Rear Camera | 8MP Front Camera,,https://www.flipkart.com/mivi-one-5g-green-128-gb/p/itm7ea6be1c1d0bf?pid=MOBHR3ZPFRUFFEBF&lid=LSTMOBHR3ZPFRUFFEBFXXFJBJ&marketplace=FLIPKART&q=smart+phones&store=tyy%2F4io&srno=s_13_292&otracker=search&fm=organic&iid=en_ZxKhUA17VVg2b0WPw9JwCojXCknA85om7xCpXdw_Mc9_Jt2_uNYmOYpHHeZ1UR3_zBcC0adnJVDAF994s5Z8VY9HwORmVN_5IcANi6THsWpdxwXuLl23pN19ZYw67gyk&ppt=None&ppn=None&ssid=klmqp9a4z40000001791542836659&qH=a5594894156db043&ov_redirect=true,2026-10-09
293,"vivo X300 Pro (Dune Gold, 512 GB)",vivo,119999,,,4.8,544,100,16 GB RAM,512 GB ROM,6510 mAh Battery,Dimensity 9500 Processor,43.74 cm (17.22 cm) Full HD+ Display,50MP + 50MP + 200MP | 50MP Front Camera,,https://www.flipkart.com/vivo-x300-pro-dune-gold-512-gb/p/itmb73a83ccc00e3?pid=MOBHHZBCNHJVGGCD&lid=LSTMOBHHZBCNHJVGGCDPWXQCF&marketplace=FLIPKART&q=smart+phones&store=tyy%2F4io&srno=s_13_293&otracker=search&fm=organic&iid=5c5dfc79-fb56-436e-a599-0940127bf944.MOBHHZBCNHJVGGCD.SEARCH&ppt=None&ppn=None&ssid=klmqp9a4z40000001791542836659&qH=a5594894156db043&ov_redirect=true,2026-10-09
294,"vivo X300 Pro (Elite Black, 512 GB)",vivo,119999,,,4.8,544,100,16 GB RAM,512 GB ROM,6510 mAh Battery,Dimensity 9500 Processor,43.74 cm (17.22 cm) Display,50MP + 50MP + 200MP | 50MP Front Camera,,https://www.flipkart.com/vivo-x300-pro-elite-black-512-gb/p/itmb73a83ccc00e3?pid=MOBHHZBCYBWTZ3F7&lid=LSTMOBHHZBCYBWTZ3F7H0EVGA&marketplace=FLIPKART&q=smart+phones&store=tyy%2F4io&srno=s_13_294&otracker=search&fm=organic&iid=5c5dfc79-fb56-436e-a599-0940127bf944.MOBHHZBCYBWTZ3F7.SEARCH&ppt=None&ppn=None&ssid=klmqp9a4z40000001791542836659&qH=a5594894156db043&ov_redirect=true,2026-10-09
295,"Samsung Galaxy S25 Ultra 5G (Titanium Whitesilver, 256 GB)",Samsung,94977,129999,26% off,4.6,"4,272",454,12 GB RAM,256 GB ROM,5000 mAh Battery,8 Elite for Galaxy Processor,17.53 cm (6.9 inch) Quad HD+ Display,200MP + 50MP + 50MP + 10MP | 12MP Front Camera,,https://www.flipkart.com/samsung-galaxy-s25-ultra-5g-titanium-whitesilver-256-gb/p/itm9beb2f2beaa5e?pid=MOBH8K8U56WRFZFR&lid=LSTMOBH8K8U56WRFZFRRWLTXL&marketplace=FLIPKART&q=smart+phones&store=tyy%2F4io&srno=s_13_295&otracker=search&fm=organic&iid=5c5dfc79-fb56-436e-a599-0940127bf944.MOBH8K8U56WRFZFR.SEARCH&ppt=None&ppn=None&ssid=klmqp9a4z40000001791542836659&qH=a5594894156db043&ov_redirect=true,2026-10-09
296,"REDMI 15C 5G (Moonlight Blue, 128 GB)",REDMI,17239,24990,31% off,3.7,902,102,4 GB RAM,128 GB ROM,6000 mAh Battery,,17.53 cm (6.9 inch) Display,50MP Rear Camera,,https://www.flipkart.com/redmi-15c-5g-moonlight-blue-128-gb/p/itmc1345bb45eef3?pid=MOBHGGZ2BYJKEYEC&lid=LSTMOBHGGZ2BYJKEYECNU9IR5&marketplace=FLIPKART&q=smart+phones&store=tyy%2F4io&srno=s_13_296&otracker=search&fm=organic&iid=5c5dfc79-fb56-436e-a599-0940127bf944.MOBHGGZ2BYJKEYEC.SEARCH&ppt=None&ppn=None&ssid=klmqp9a4z40000001791542836659&qH=a5594894156db043&ov_redirect=true,2026-10-09
297,"BOLTT EVO (Arctic White, 64 GB)",BOLTT,8999,17999,50% off,4.3,"2,048",987,4 GB RAM,64 GB ROM,6000 mAh Lithium ion Battery,T7250 Processor,6.79'' HD+ punch hole display,50MP + 2MP | 8MP Front Camera,,https://www.flipkart.com/boltt-evo-arctic-white-64-gb/p/itmf046d663a1fd7?pid=MOBHPP59BYSJ98M8&lid=LSTMOBHPP59BYSJ98M8RWYHGQ&marketplace=FLIPKART&q=smart+phones&store=tyy%2F4io&srno=s_13_297&otracker=search&fm=organic&iid=en_ZxKhUA17VVg2b0WPw9JwCojXCknA85om7xCpXdw_Mc_ySUlRYkVJAycoGOuiDkByMw_YrC6cGEjKq2WZ8-8z4qoJtuV9R_JTLQ6A0_d1zMTTnC8vt_sp4UuqJSl1N2r3&ppt=None&ppn=None&ssid=klmqp9a4z40000001791542836659&qH=a5594894156db043&ov_redirect=true,2026-10-09
298,"Nothing Phone (4b) (White, 128 GB)",Nothing,29999,49999,40% off,,,,6 GB RAM,128 GB ROM,6000 mAh Lithium ion Battery,6 Gen 4 Processor,17.2 cm (6.77 inch) Full HD+ AMOLED Display,50MP + 8MP | 16MP Front Camera,,https://www.flipkart.com/nothing-phone-4b-white-128-gb/p/itm939608b40adbb?pid=MOBHQENATV85KYCZ&lid=LSTMOBHQENATV85KYCZ0HUCMA&marketplace=FLIPKART&q=smart+phones&store=tyy%2F4io&srno=s_13_298&otracker=search&fm=organic&iid=en_ZxKhUA17VVg2b0WPw9JwCojXCknA85om7xCpXdw_Mc8gJu4nVCq_JdA-bb7RfBmkJRWmJqRScuDEhLBoCJQ_-3Mu8S9Tpd5mWOJNld4khGnTnC8vt_sp4UuqJSl1N2r3&ppt=None&ppn=None&ssid=klmqp9a4z40000001791542836659&qH=a5594894156db043&ov_redirect=true,2026-10-09
299,"REDMI Note 15 SE 5G Snapdragon (Carbon Black, 128 GB)",REDMI,25999,34999,25% off,4.3,"6,821",602,6 GB RAM,128 GB ROM,5800 mAh Lithium-Ion Polymer Battery,Snapdragon 6 Gen 3 Processor,17.2 cm (6.77 inch) Full HD+ AMOLED Display,50MP Rear Camera | 20MP Front Camera,,https://www.flipkart.com/redmi-note-15-se-5g-snapdragon-carbon-black-128-gb/p/itm60b0ad3a0da9d?pid=MOBHN52FDHRHXYKD&lid=LSTMOBHN52FDHRHXYKD98NUT2&marketplace=FLIPKART&q=smart+phones&store=tyy%2F4io&srno=s_13_299&otracker=search&fm=organic&iid=5c5dfc79-fb56-436e-a599-0940127bf944.MOBHN52FDHRHXYKD.SEARCH&ppt=None&ppn=None&ssid=klmqp9a4z40000001791542836659&qH=a5594894156db043&ov_redirect=true,2026-10-09
300,"Apple iPhone 17 Pro (Cosmic Orange, 256 GB)",Apple,134900,,,4.7,"5,581",397,,,,"A19 Chip, 6 Core Processor Processor",16.0 cm (6.3 inch) Super Retina XDR Display,48MP + 48MP + 48MP | 18MP Front Camera,,https://www.flipkart.com/apple-iphone-17-pro-cosmic-orange-256-gb/p/itm76fe37ca9ea8c?pid=MOBHFN6YR8HF5BQ9&lid=LSTMOBHFN6YR8HF5BQ9UHXK6P&marketplace=FLIPKART&q=smart+phones&store=tyy%2F4io&srno=s_13_300&otracker=search&fm=organic&iid=5c5dfc79-fb56-436e-a599-0940127bf944.MOBHFN6YR8HF5BQ9.SEARCH&ppt=None&ppn=None&ssid=klmqp9a4z40000001791542836659&qH=a5594894156db043&ov_redirect=true,2026-10-09
301,"BOLTT ACE 5G (Midnight Black, 128 GB)",BOLTT,13499,26999,50% off,4.8,69,59,6 GB RAM,128 GB ROM,6000 mAh Lithium ion Battery,T8200 Processor,17.25 cm (6.79 inch) HD+ Display,64MP Rear Camera | 8MP Front Camera,,https://www.flipkart.com/boltt-ace-5g-midnight-black-128-gb/p/itmc7395bddbb3a4?pid=MOBHPP59KHGRQGZK&lid=LSTMOBHPP59KHGRQGZKG8NGAJ&marketplace=FLIPKART&q=smart+phones&store=tyy%2F4io&srno=s_13_301&otracker=search&fm=organic&iid=en_ZxKhUA17VVg2b0WPw9JwCojXCknA85om7xCpXdw_Mc8gzdsNedSlMpNwY1IGZSj6ceO83KH40hAfyKb6-RK5epGaJ2uKZhH5MvHJRiMkFJ1dxwXuLl23pN19ZYw67gyk&ppt=None&ppn=None&ssid=klmqp9a4z40000001791542836659&qH=a5594894156db043&ov_redirect=true,2026-10-09
302,"BOLTT EVO (Arctic White, 128 GB)",BOLTT,10499,18999,44% off,4,"2,616","1,184",6 GB RAM,128 GB ROM,6000 mAh Lithium ion Battery,T7250 Processor,6.79'' HD+ punch hole display,50MP + 2MP | 8MP Front Camera,,https://www.flipkart.com/boltt-evo-arctic-white-128-gb/p/itmf046d663a1fd7?pid=MOBHPP59GKGTGZGA&lid=LSTMOBHPP59GKGTGZGAIEMNWG&marketplace=FLIPKART&q=smart+phones&store=tyy%2F4io&srno=s_13_302&otracker=search&fm=organic&iid=en_ZxKhUA17VVg2b0WPw9JwCojXCknA85om7xCpXdw_Mc_RsPARmDZ8dhDO6qyf8IFq2d7HEcpMQaj_c2xS4y4sBNhWhcs2422M6EHooulnPArTnC8vt_sp4UuqJSl1N2r3&ppt=None&ppn=None&ssid=klmqp9a4z40000001791542836659&qH=a5594894156db043&ov_redirect=true,2026-10-09
303,"Samsung Galaxy A06 5G (Light Green, 128 GB)",Samsung,16849,23999,29% off,4.1,"5,073",380,4 GB RAM,128 GB ROM,5000 mAh Li-ion Battery,Dimensity 6300 Processor,17.02 cm (6.7 inch) HD+ Display,50MP + 2MP | 8MP Front Camera,,https://www.flipkart.com/samsung-galaxy-a06-5g-light-green-128-gb/p/itm7ec0a3866eba9?pid=MOBH9GQKZF6ZFVGB&lid=LSTMOBH9GQKZF6ZFVGB1TUFUL&marketplace=FLIPKART&q=smart+phones&store=tyy%2F4io&srno=s_13_303&otracker=search&fm=organic&iid=5c5dfc79-fb56-436e-a599-0940127bf944.MOBH9GQKZF6ZFVGB.SEARCH&ppt=None&ppn=None&ssid=klmqp9a4z40000001791542836659&qH=a5594894156db043&ov_redirect=true,2026-10-09
304,"MOTOROLA Edge 70 Fusion (Pantone SILHOUETTE, 512 GB)",MOTOROLA,36999,64999,43% off,4.3,"7,047",783,12 GB RAM,512 GB ROM,7000 mAh Battery,Snapdragon 7s Gen 4 Processor,17.27 cm (6.8 inch) Super HD Display,50MP + 13MP | 32MP Front Camera,,https://www.flipkart.com/motorola-edge-70-fusion-pantone-silhouette-512-gb/p/itm296e356d06dfe?pid=MOBHNSA6EXSZXYUH&lid=LSTMOBHNSA6EXSZXYUHIGVMTN&marketplace=FLIPKART&q=smart+phones&store=tyy%2F4io&srno=s_13_304&otracker=search&fm=organic&iid=5c5dfc79-fb56-436e-a599-0940127bf944.MOBHNSA6EXSZXYUH.SEARCH&ppt=None&ppn=None&ssid=klmqp9a4z40000001791542836659&qH=a5594894156db043&ov_redirect=true,2026-10-09
305,"REDMI Note-14 Pro+ 5G (Spectre Blue, 128 GB)",REDMI,27585,34999,21% off,4.4,938,75,8 GB RAM,128 GB ROM,6200 mAh Battery,7s Gen 3 Processor,16.94 cm (6.67 inch) Display,50MP + 50MP + 8MP | 20MP Front Camera,,https://www.flipkart.com/redmi-note-14-pro-5g-spectre-blue-128-gb/p/itmf69d377f9a8fb?pid=MOBH8BW3EGBFXZB6&lid=LSTMOBH8BW3EGBFXZB6CY0G4A&marketplace=FLIPKART&q=smart+phones&store=tyy%2F4io&srno=s_13_305&otracker=search&fm=organic&iid=5c5dfc79-fb56-436e-a599-0940127bf944.MOBH8BW3EGBFXZB6.SEARCH&ppt=None&ppn=None&ssid=klmqp9a4z40000001791542836659&qH=a5594894156db043&ov_redirect=true,2026-10-09
306,"OPPO K14 Plus 5G (Solar Orange, 128 GB)",OPPO,32999,64999,49% off,4.3,55,19,8 GB RAM,128 GB ROM,8000 mAh Battery,Dimensity 7360 MAX Processor,17.22 cm (6.78 inch) Full HD+ AMOLED Display,50MP + 2MP | 16MP Front Camera,,https://www.flipkart.com/oppo-k14-plus-5g-solar-orange-128-gb/p/itm6b2b1016fd57a?pid=MOBHR3ZY3Y8DEZVY&lid=LSTMOBHR3ZY3Y8DEZVYI6GQX5&marketplace=FLIPKART&q=smart+phones&store=tyy%2F4io&srno=s_13_306&otracker=search&fm=organic&iid=5c5dfc79-fb56-436e-a599-0940127bf944.MOBHR3ZY3Y8DEZVY.SEARCH&ppt=None&ppn=None&ssid=klmqp9a4z40000001791542836659&qH=a5594894156db043&ov_redirect=true,2026-10-09
307,"BOLTT EVO (Berry Red, 128 GB)",BOLTT,10499,18999,44% off,4,"2,616","1,184",6 GB RAM,128 GB ROM,6000 mAh Lithium ion Battery,T7250 Processor,6.79'' HD+ punch hole display,50MP + 2MP | 8MP Front Camera,,https://www.flipkart.com/boltt-evo-berry-red-128-gb/p/itmf046d663a1fd7?pid=MOBHPP59TUYYPWP5&lid=LSTMOBHPP59TUYYPWP5U7J1VB&marketplace=FLIPKART&q=smart+phones&store=tyy%2F4io&srno=s_13_307&otracker=search&fm=organic&iid=en_ZxKhUA17VVg2b0WPw9JwCojXCknA85om7xCpXdw_Mc-a3yFtQEGL-5Dr_QK0yBLvC9-fTZ1EKHfU5X6OsLzF2Y6iFcCMcne0NcY1l-GNU4zTnC8vt_sp4UuqJSl1N2r3&ppt=None&ppn=None&ssid=klmqp9a4z40000001791542836659&qH=a5594894156db043&ov_redirect=true,2026-10-09
308,"Mivi One 5G (Burgundy, 128 GB)",Mivi,14999,25999,42% off,,,,8 GB RAM,128 GB ROM,6000 mAh Lithium Polymer Battery,Snapdragon 4 Gen 2 Processor,17.14 cm (6.75 inch) HD+ Display,50MP Rear Camera | 8MP Front Camera,,https://www.flipkart.com/mivi-one-5g-burgundy-128-gb/p/itm3fb0c94957b9f?pid=MOBHR3ZP74GDCQQC&lid=LSTMOBHR3ZP74GDCQQC3F0WAL&marketplace=FLIPKART&q=smart+phones&store=tyy%2F4io&srno=s_13_308&otracker=search&fm=organic&iid=en_ZxKhUA17VVg2b0WPw9JwCojXCknA85om7xCpXdw_Mc9G1q5tphzH9saWs0GFgQ0elhTq3TNR9LJbyvkcUs0E5h5lnB_B3YgA2Ah0gCCIDM5dxwXuLl23pN19ZYw67gyk&ppt=None&ppn=None&ssid=klmqp9a4z40000001791542836659&qH=a5594894156db043&ov_redirect=true,2026-10-09
309,"POCO C71 (Cool Blue, 64 GB)",POCO,8999,,,3.8,"61,873","3,320",4 GB RAM,64 GB ROM,5200 mAh Battery,Unisoc T7250,17.48 cm (6.88 inch) HD+ Display,32MP Rear Camera | 8MP Front Camera,,https://www.flipkart.com/poco-c71-cool-blue-64-gb/p/itm7a3f787718dd8?pid=MOBHAFVJJ7YTUYV8&lid=LSTMOBHAFVJJ7YTUYV8NFU7XU&marketplace=FLIPKART&q=smart+phones&store=tyy%2F4io&srno=s_13_309&otracker=search&fm=organic&iid=5c5dfc79-fb56-436e-a599-0940127bf944.MOBHAFVJJ7YTUYV8.SEARCH&ppt=None&ppn=None&ssid=klmqp9a4z40000001791542836659&qH=a5594894156db043&ov_redirect=true,2026-10-09
310,"POCO C71 (Desert Gold, 64 GB)",POCO,8999,,,3.8,"61,873","3,320",4 GB RAM,64 GB ROM,5200 mAh Battery,Unisoc T7250,17.48 cm (6.88 inch) HD+ Display,32MP Rear Camera | 8MP Front Camera,,https://www.flipkart.com/poco-c71-desert-gold-64-gb/p/itme3dc58af6a04b?pid=MOBHAFVJZ5CHWMH8&lid=LSTMOBHAFVJZ5CHWMH8MZ5M5D&marketplace=FLIPKART&q=smart+phones&store=tyy%2F4io&srno=s_13_310&otracker=search&fm=organic&iid=5c5dfc79-fb56-436e-a599-0940127bf944.MOBHAFVJZ5CHWMH8.SEARCH&ppt=None&ppn=None&ssid=klmqp9a4z40000001791542836659&qH=a5594894156db043&ov_redirect=true,2026-10-09
311,"BOLTT ACE 5G (Arctic White, 128 GB)",BOLTT,13499,26999,50% off,4.8,69,59,6 GB RAM,128 GB ROM,6000 mAh Lithium ion Battery,T8200 Processor,17.25 cm (6.79 inch) HD+ Display,64MP Rear Camera | 8MP Front Camera,,https://www.flipkart.com/boltt-ace-5g-arctic-white-128-gb/p/itm2eb0f483effdd?pid=MOBHPP599JHZUZBV&lid=LSTMOBHPP599JHZUZBVN1I3RX&marketplace=FLIPKART&q=smart+phones&store=tyy%2F4io&srno=s_13_311&otracker=search&fm=organic&iid=en_ZxKhUA17VVg2b0WPw9JwCojXCknA85om7xCpXdw_Mc92ev9dZjy4m0azorRna94S8ETKDZwOYTzjik_-dC--F-Dxk3IDjpjCPWZkqPSz-XxdxwXuLl23pN19ZYw67gyk&ppt=None&ppn=None&ssid=klmqp9a4z40000001791542836659&qH=a5594894156db043&ov_redirect=true,2026-10-09
312,"BOLTT EVO (Sky Blue, 64 GB)",BOLTT,8999,17999,50% off,4.3,"2,048",987,4 GB RAM,64 GB ROM,6000 mAh Lithium ion Battery,T7250 Processor,6.79'' HD+ punch hole display,50MP + 2MP | 8MP Front Camera,,https://www.flipkart.com/boltt-evo-sky-blue-64-gb/p/itmf046d663a1fd7?pid=MOBHPP59WKSV4FYG&lid=LSTMOBHPP59WKSV4FYGYPMLV6&marketplace=FLIPKART&q=smart+phones&store=tyy%2F4io&srno=s_13_312&otracker=search&fm=organic&iid=en_ZxKhUA17VVg2b0WPw9JwCojXCknA85om7xCpXdw_Mc-rWonoXSNqIdxkoC93Ghh-PN-wa3N07U_MG9C3wb-_N1QseCaDYY_J3qfymqYLKRpZDSjBy5rLl1ysl6kORL2Y9QWMJPI4egdmz5nn89L_DQ%3D%3D&ppt=None&ppn=None&ssid=klmqp9a4z40000001791542836659&qH=a5594894156db043&ov_redirect=true,2026-10-09
313,"MOTOROLA g35 5G (Midnight Black, 128 GB)",MOTOROLA,13999,15499,9% off,4.2,"16,492","1,129",8 GB RAM,128 GB ROM,5000 mAh Battery,T760 Processor,17.07 cm (6.72 inch) Full HD+ Display,50MP + 8MP | 16MP Front Camera,5G,https://www.flipkart.com/motorola-g35-5g-midnight-black-128-gb/p/itmd43b3633669c4?pid=MOBHFNAZ9Y54W9ZE&lid=LSTMOBHFNAZ9Y54W9ZEE8A4PR&marketplace=FLIPKART&q=smart+phones&store=tyy%2F4io&srno=s_14_313&otracker=search&fm=organic&iid=223b8160-c985-4f69-9804-c364d4f3f73d.MOBHFNAZ9Y54W9ZE.SEARCH&ppt=None&ppn=None&ssid=a5fu2qlcnk0000001791542839426&qH=a5594894156db043&ov_redirect=true,2026-10-09
314,"MOTOROLA g35 5G (Leaf Green, 128 GB)",MOTOROLA,12499,,,4.2,"1,40,716","9,750",4 GB RAM,128 GB ROM,5000 mAh Battery,T760 Processor,17.07 cm (6.72 inch) Full HD+ Display,50MP + 8MP | 16MP Front Camera,5G,https://www.flipkart.com/motorola-g35-5g-leaf-green-128-gb/p/itma3ca32cc93927?pid=MOBH3YGPQHRSNQED&lid=LSTMOBH3YGPQHRSNQEDLDGOMQ&marketplace=FLIPKART&q=smart+phones&store=tyy%2F4io&srno=s_14_314&otracker=search&fm=organic&iid=223b8160-c985-4f69-9804-c364d4f3f73d.MOBH3YGPQHRSNQED.SEARCH&ppt=None&ppn=None&ssid=a5fu2qlcnk0000001791542839426&qH=a5594894156db043&ov_redirect=true,2026-10-09
315,"POCO C71 (Desert Gold, 128 GB)",POCO,8999,9999,10% off,4.1,"36,671","2,057",6 GB RAM,128 GB ROM,5200 mAh Battery,Unisoc T7250,17.48 cm (6.88 inch) HD+ Display,32MP Rear Camera | 8MP Front Camera,,https://www.flipkart.com/poco-c71-desert-gold-128-gb/p/itm2a2ad903f91f4?pid=MOBHAFVJ8WXHR5FT&lid=LSTMOBHAFVJ8WXHR5FTUG2KE6&marketplace=FLIPKART&q=smart+phones&store=tyy%2F4io&srno=s_14_315&otracker=search&fm=organic&iid=223b8160-c985-4f69-9804-c364d4f3f73d.MOBHAFVJ8WXHR5FT.SEARCH&ppt=None&ppn=None&ssid=a5fu2qlcnk0000001791542839426&qH=a5594894156db043&ov_redirect=true,2026-10-09
316,"vivo T5x 5G (Satin Silver, 128 GB)",vivo,30499,50999,40% off,4.4,"25,988","1,942",8 GB RAM,128 GB ROM,7200 mAh Li-ion Battery,Dimensity 7400-Turbo Processor,17.17 cm (6.76 inch) Display,50MP + 2MP | 32MP Front Camera,,https://www.flipkart.com/vivo-t5x-5g-satin-silver-128-gb/p/itm7da8aa253e72b?pid=MOBHQC8ZAWDR2R4B&lid=LSTMOBHQC8ZAWDR2R4BK3KHDA&marketplace=FLIPKART&q=smart+phones&store=tyy%2F4io&srno=s_14_316&otracker=search&fm=organic&iid=223b8160-c985-4f69-9804-c364d4f3f73d.MOBHQC8ZAWDR2R4B.SEARCH&ppt=None&ppn=None&ssid=a5fu2qlcnk0000001791542839426&qH=a5594894156db043&ov_redirect=true,2026-10-09
317,"Mivi One 5G (Green, 128 GB)",Mivi,13999,23999,41% off,,,,6 GB RAM,128 GB ROM,6000 mAh Lithium Polymer Battery,Snapdragon 4 Gen 2 Processor,17.14 cm (6.75 inch) HD+ Display,50MP Rear Camera | 8MP Front Camera,,https://www.flipkart.com/mivi-one-5g-green-128-gb/p/itm7ea6be1c1d0bf?pid=MOBHR3ZPFRUFFEBF&lid=LSTMOBHR3ZPFRUFFEBFXXFJBJ&marketplace=FLIPKART&q=smart+phones&store=tyy%2F4io&srno=s_14_317&otracker=search&fm=organic&iid=en_790aFiExjgQ7fl_kiP4V3-n2om8iViEEGntSwVgwc1aZ-pJ9IDdGQS2T95EIlKfMzBcC0adnJVDAF994s5Z8VdXXcDpR_S7wBKL_ui3585NmZR8vYS3TOXsmbIeT-Z1x&ppt=None&ppn=None&ssid=a5fu2qlcnk0000001791542839426&qH=a5594894156db043&ov_redirect=true,2026-10-09
318,"BOLTT ACE 5G (Lavender Bloom, 64 GB)",BOLTT,11999,24999,52% off,4.2,477,226,4 GB RAM,64 GB ROM,6000 mAh Lithium ion Battery,T8200 Processor,17.25 cm (6.79 inch) HD+ Display,64MP Rear Camera | 8MP Front Camera,,https://www.flipkart.com/boltt-ace-5g-lavender-bloom-64-gb/p/itm2eb0f483effdd?pid=MOBHPP59CGDHZVJY&lid=LSTMOBHPP59CGDHZVJYFJP39X&marketplace=FLIPKART&q=smart+phones&store=tyy%2F4io&srno=s_14_318&otracker=search&fm=organic&iid=en_790aFiExjgQ7fl_kiP4V3-n2om8iViEEGntSwVgwc1YX2JDvBvOlxofrg_3QUhQO6EjlcJGcWKVIdsXhsZKqlc-Hfce6zHM39GsmaCxEcE1mZR8vYS3TOXsmbIeT-Z1x&ppt=None&ppn=None&ssid=a5fu2qlcnk0000001791542839426&qH=a5594894156db043&ov_redirect=true,2026-10-09
319,"Motorola G34 5G (Ocean Green, 128 GB)",Motorola,14999,,,4.2,"1,41,741","9,879",8 GB RAM,128 GB ROM,5000 mAh Battery,Snapdragon 695 5G Processor,16.51 cm (6.5 inch) HD+ Display,50MP + 2MP | 16MP Front Camera,5G,https://www.flipkart.com/motorola-g34-5g-ocean-green-128-gb/p/itm6b1a33b9d9191?pid=MOBGUFK4TZ2CJYHJ&lid=LSTMOBGUFK4TZ2CJYHJPBUF6M&marketplace=FLIPKART&q=smart+phones&store=tyy%2F4io&srno=s_14_319&otracker=search&fm=organic&iid=223b8160-c985-4f69-9804-c364d4f3f73d.MOBGUFK4TZ2CJYHJ.SEARCH&ppt=None&ppn=None&ssid=a5fu2qlcnk0000001791542839426&qH=a5594894156db043&ov_redirect=true,2026-10-09
320,"MOTOROLA g35 5G (Leaf Green, 128 GB)",MOTOROLA,13999,15499,9% off,4.2,"16,492","1,129",8 GB RAM,128 GB ROM,5000 mAh Battery,T760 Processor,17.07 cm (6.72 inch) Full HD+ Display,50MP + 8MP | 16MP Front Camera,5G,https://www.flipkart.com/motorola-g35-5g-leaf-green-128-gb/p/itmf1ec516a5574d?pid=MOBHFNAZBBBAJZAH&lid=LSTMOBHFNAZBBBAJZAHVMHBGN&marketplace=FLIPKART&q=smart+phones&store=tyy%2F4io&srno=s_14_320&otracker=search&fm=organic&iid=223b8160-c985-4f69-9804-c364d4f3f73d.MOBHFNAZBBBAJZAH.SEARCH&ppt=None&ppn=None&ssid=a5fu2qlcnk0000001791542839426&qH=a5594894156db043&ov_redirect=true,2026-10-09
321,"BOLTT EVO (Midnight Black, 64 GB)",BOLTT,8999,17999,50% off,4.3,"2,048",987,4 GB RAM,64 GB ROM,6000 mAh Lithium ion Battery,T7250 Processor,6.79'' HD+ punch hole display,50MP + 2MP | 8MP Front Camera,,https://www.flipkart.com/boltt-evo-midnight-black-64-gb/p/itmf046d663a1fd7?pid=MOBHPP597GB8ZHTY&lid=LSTMOBHPP597GB8ZHTYGYX70A&marketplace=FLIPKART&q=smart+phones&store=tyy%2F4io&srno=s_14_321&otracker=search&fm=organic&iid=en_790aFiExjgQ7fl_kiP4V3-n2om8iViEEGntSwVgwc1ZT7v6zlBn_js2hWp1DhKyemufLsD40cfOytTrT-2ACNqoJtuV9R_JTLQ6A0_d1zMRLNawV3UPlAeqVIZ_eZeBD&ppt=None&ppn=None&ssid=a5fu2qlcnk0000001791542839426&qH=a5594894156db043&ov_redirect=true,2026-10-09
322,"BOLTT EVO (Arctic White, 64 GB)",BOLTT,8999,17999,50% off,4.3,"2,048",987,4 GB RAM,64 GB ROM,6000 mAh Lithium ion Battery,T7250 Processor,6.79'' HD+ punch hole display,50MP + 2MP | 8MP Front Camera,,https://www.flipkart.com/boltt-evo-arctic-white-64-gb/p/itmf046d663a1fd7?pid=MOBHPP59BYSJ98M8&lid=LSTMOBHPP59BYSJ98M8RWYHGQ&marketplace=FLIPKART&q=smart+phones&store=tyy%2F4io&srno=s_14_322&otracker=search&fm=organic&iid=en_790aFiExjgQ7fl_kiP4V3-n2om8iViEEGntSwVgwc1Y0Gs-boUNa2gi5Q9OMqdJBMw_YrC6cGEjKq2WZ8-8z4kJqULiYX7S4erGGIr8dEehLNawV3UPlAeqVIZ_eZeBD&ppt=None&ppn=None&ssid=a5fu2qlcnk0000001791542839426&qH=a5594894156db043&ov_redirect=true,2026-10-09
323,"vivo T5x 5G (Satin Silver, 128 GB)",vivo,27499,45999,40% off,4.4,"22,608","1,540",6 GB RAM,128 GB ROM,7200 mAh Li-ion Battery,Dimensity 7400-Turbo Processor,17.17 cm (6.76 inch) Display,50MP + 2MP | 32MP Front Camera,,https://www.flipkart.com/vivo-t5x-5g-satin-silver-128-gb/p/itm7da8aa253e72b?pid=MOBHQC8ZUXZ4YM5F&lid=LSTMOBHQC8ZUXZ4YM5FJA0BYF&marketplace=FLIPKART&q=smart+phones&store=tyy%2F4io&srno=s_14_323&otracker=search&fm=organic&iid=223b8160-c985-4f69-9804-c364d4f3f73d.MOBHQC8ZUXZ4YM5F.SEARCH&ppt=None&ppn=None&ssid=a5fu2qlcnk0000001791542839426&qH=a5594894156db043&ov_redirect=true,2026-10-09
324,"POCO M8 (Glacial Blue, 128 GB)",POCO,26999,27999,3% off,4.3,"2,331",211,8 GB RAM,128 GB ROM,5520 mAh Battery,,17.2 cm (6.77 inch) Full HD+ Display,50MP Rear Camera | 20MP Front Camera,,https://www.flipkart.com/poco-m8-glacial-blue-128-gb/p/itm6b3b306f7eff7?pid=MOBHMGG5ZSHFKTDC&lid=LSTMOBHMGG5ZSHFKTDCASGIPD&marketplace=FLIPKART&q=smart+phones&store=tyy%2F4io&srno=s_14_324&otracker=search&fm=organic&iid=223b8160-c985-4f69-9804-c364d4f3f73d.MOBHMGG5ZSHFKTDC.SEARCH&ppt=None&ppn=None&ssid=a5fu2qlcnk0000001791542839426&qH=a5594894156db043&ov_redirect=true,2026-10-09
325,"POCO M8 (Frost Silver, 128 GB)",POCO,26999,27999,3% off,4.3,"2,331",211,8 GB RAM,128 GB ROM,5520 mAh Battery,,17.2 cm (6.77 inch) Full HD+ Display,50MP Rear Camera | 20MP Front Camera,,https://www.flipkart.com/poco-m8-frost-silver-128-gb/p/itm63246b4036f90?pid=MOBHMGG5ZFANS2WQ&lid=LSTMOBHMGG5ZFANS2WQVUHDCT&marketplace=FLIPKART&q=smart+phones&store=tyy%2F4io&srno=s_14_325&otracker=search&fm=organic&iid=223b8160-c985-4f69-9804-c364d4f3f73d.MOBHMGG5ZFANS2WQ.SEARCH&ppt=None&ppn=None&ssid=a5fu2qlcnk0000001791542839426&qH=a5594894156db043&ov_redirect=true,2026-10-09
326,"MOTOROLA G04 (Sea Green, 128 GB)",MOTOROLA,7999,10999,27% off,4.1,"7,167",519,8 GB RAM,128 GB ROM,5000 mAh Battery,Unisoc T606 Processor,16.76 cm (6.6 inch) HD+ Display,16MP Rear Camera | 5MP Front Camera,,https://www.flipkart.com/motorola-g04-sea-green-128-gb/p/itm853979118980f?pid=MOBGUFK4C9NZATQ6&lid=LSTMOBGUFK4C9NZATQ6LJGPEJ&marketplace=FLIPKART&q=smart+phones&store=tyy%2F4io&srno=s_14_326&otracker=search&fm=organic&iid=223b8160-c985-4f69-9804-c364d4f3f73d.MOBGUFK4C9NZATQ6.SEARCH&ppt=None&ppn=None&ssid=a5fu2qlcnk0000001791542839426&qH=a5594894156db043&ov_redirect=true,2026-10-09
327,"Nothing Phone (4b) (White, 128 GB)",Nothing,29999,49999,40% off,,,,6 GB RAM,128 GB ROM,6000 mAh Lithium ion Battery,6 Gen 4 Processor,17.2 cm (6.77 inch) Full HD+ AMOLED Display,50MP + 8MP | 16MP Front Camera,,https://www.flipkart.com/nothing-phone-4b-white-128-gb/p/itm939608b40adbb?pid=MOBHQENATV85KYCZ&lid=LSTMOBHQENATV85KYCZ0HUCMA&marketplace=FLIPKART&q=smart+phones&store=tyy%2F4io&srno=s_14_327&otracker=search&fm=organic&iid=en_790aFiExjgQ7fl_kiP4V3-n2om8iViEEGntSwVgwc1bNQAhWDKwATOvMjgVsHD49JRWmJqRScuDEhLBoCJQ_-zmhNhj8Rec88cH_U33TMLVLNawV3UPlAeqVIZ_eZeBD&ppt=None&ppn=None&ssid=a5fu2qlcnk0000001791542839426&qH=a5594894156db043&ov_redirect=true,2026-10-09
328,"BOLTT ACE 5G (Midnight Black, 128 GB)",BOLTT,13499,26999,50% off,4.8,69,59,6 GB RAM,128 GB ROM,6000 mAh Lithium ion Battery,T8200 Processor,17.25 cm (6.79 inch) HD+ Display,64MP Rear Camera | 8MP Front Camera,,https://www.flipkart.com/boltt-ace-5g-midnight-black-128-gb/p/itmc7395bddbb3a4?pid=MOBHPP59KHGRQGZK&lid=LSTMOBHPP59KHGRQGZKG8NGAJ&marketplace=FLIPKART&q=smart+phones&store=tyy%2F4io&srno=s_14_328&otracker=search&fm=organic&iid=en_790aFiExjgQ7fl_kiP4V3-n2om8iViEEGntSwVgwc1Z4dLczBIB4G6RBXxAiir3KceO83KH40hAfyKb6-RK5emI2n1F29CDxktZayioP0zpmZR8vYS3TOXsmbIeT-Z1x&ppt=None&ppn=None&ssid=a5fu2qlcnk0000001791542839426&qH=a5594894156db043&ov_redirect=true,2026-10-09
329,"POCO C71 (Cool Blue, 128 GB)",POCO,9999,,,4.1,"36,671","2,057",6 GB RAM,128 GB ROM,5200 mAh Battery,Unisoc T7250,17.48 cm (6.88 inch) HD+ Display,32MP Rear Camera | 8MP Front Camera,,https://www.flipkart.com/poco-c71-cool-blue-128-gb/p/itmfb10bdbf02c6e?pid=MOBHAFVJURDB9QYR&lid=LSTMOBHAFVJURDB9QYRYNBHTJ&marketplace=FLIPKART&q=smart+phones&store=tyy%2F4io&srno=s_14_329&otracker=search&fm=organic&iid=223b8160-c985-4f69-9804-c364d4f3f73d.MOBHAFVJURDB9QYR.SEARCH&ppt=None&ppn=None&ssid=a5fu2qlcnk0000001791542839426&qH=a5594894156db043&ov_redirect=true,2026-10-09
330,"POCO C85x 5G (Sunset Gold, 128 GB)",POCO,14999,21999,31% off,4.1,"6,075",812,4 GB RAM,128 GB ROM,6300 mAh Lithium-Ion Polymer Battery,T8300 Processor,17.53 cm (6.9 inch) HD+ Display,32MP Rear Camera,,https://www.flipkart.com/poco-c85x-5g-sunset-gold-128-gb/p/itm20c91efa7906e?pid=MOBHMGG5BR94DQRY&lid=LSTMOBHMGG5BR94DQRY8N6NYY&marketplace=FLIPKART&q=smart+phones&store=tyy%2F4io&srno=s_14_330&otracker=search&fm=organic&iid=223b8160-c985-4f69-9804-c364d4f3f73d.MOBHMGG5BR94DQRY.SEARCH&ppt=None&ppn=None&ssid=a5fu2qlcnk0000001791542839426&qH=a5594894156db043&ov_redirect=true,2026-10-09
331,"BOLTT EVO (Arctic White, 128 GB)",BOLTT,10499,18999,44% off,4,"2,616","1,184",6 GB RAM,128 GB ROM,6000 mAh Lithium ion Battery,T7250 Processor,6.79'' HD+ punch hole display,50MP + 2MP | 8MP Front Camera,,https://www.flipkart.com/boltt-evo-arctic-white-128-gb/p/itmf046d663a1fd7?pid=MOBHPP59GKGTGZGA&lid=LSTMOBHPP59GKGTGZGAIEMNWG&marketplace=FLIPKART&q=smart+phones&store=tyy%2F4io&srno=s_14_331&otracker=search&fm=organic&iid=en_790aFiExjgQ7fl_kiP4V3-n2om8iViEEGntSwVgwc1ZEtO3d8qbdXu-NIfCe7QdQ2d7HEcpMQaj_c2xS4y4sBI6iFcCMcne0NcY1l-GNU4xLNawV3UPlAeqVIZ_eZeBD&ppt=None&ppn=None&ssid=a5fu2qlcnk0000001791542839426&qH=a5594894156db043&ov_redirect=true,2026-10-09
332,"Mivi One 5G (Burgundy, 128 GB)",Mivi,14999,25999,42% off,,,,8 GB RAM,128 GB ROM,6000 mAh Lithium Polymer Battery,Snapdragon 4 Gen 2 Processor,17.14 cm (6.75 inch) HD+ Display,50MP Rear Camera | 8MP Front Camera,,https://www.flipkart.com/mivi-one-5g-burgundy-128-gb/p/itm3fb0c94957b9f?pid=MOBHR3ZP74GDCQQC&lid=LSTMOBHR3ZP74GDCQQC3F0WAL&marketplace=FLIPKART&q=smart+phones&store=tyy%2F4io&srno=s_14_332&otracker=search&fm=organic&iid=en_790aFiExjgQ7fl_kiP4V3-n2om8iViEEGntSwVgwc1ZUdUE00tTUTScb57KmdrodlhTq3TNR9LJbyvkcUs0E5h5lnB_B3YgA2Ah0gCCIDM5mZR8vYS3TOXsmbIeT-Z1x&ppt=None&ppn=None&ssid=a5fu2qlcnk0000001791542839426&qH=a5594894156db043&ov_redirect=true,2026-10-09
333,"POCO M6 5G (Galactic Black, 64 GB)",POCO,11899,11999,,4.1,"1,40,116","7,196",4 GB RAM,64 GB ROM,5000 mAh Battery,Mediatek Dimensity 6100+ Processor,17.12 cm (6.74 inch) HD+ Display,50MP Rear Camera | 5MP Front Camera,,https://www.flipkart.com/poco-m6-5g-galactic-black-64-gb/p/itmdfa2ca1e206ef?pid=MOBH92ADBRMY2UBK&lid=LSTMOBH92ADBRMY2UBK14AEWL&marketplace=FLIPKART&q=smart+phones&store=tyy%2F4io&srno=s_14_333&otracker=search&fm=organic&iid=223b8160-c985-4f69-9804-c364d4f3f73d.MOBH92ADBRMY2UBK.SEARCH&ppt=None&ppn=None&ssid=a5fu2qlcnk0000001791542839426&qH=a5594894156db043&ov_redirect=true,2026-10-09
334,"Infinix Smart 8 Plus (Timber Black, 128 GB)",Infinix,7799,9999,22% off,4.3,"12,986",788,4 GB RAM,128 GB ROM,6000 mAh Battery,Mediatek Helio G36 Processor,16.76 cm (6.6 inch) HD+ Display,50MP + AI Lens | 8MP Front Camera,,https://www.flipkart.com/infinix-smart-8-plus-timber-black-128-gb/p/itmb71da75c376e1?pid=MOBGYA22HRYX9BHC&lid=LSTMOBGYA22HRYX9BHCRBITVR&marketplace=FLIPKART&q=smart+phones&store=tyy%2F4io&srno=s_14_334&otracker=search&fm=organic&iid=223b8160-c985-4f69-9804-c364d4f3f73d.MOBGYA22HRYX9BHC.SEARCH&ppt=None&ppn=None&ssid=a5fu2qlcnk0000001791542839426&qH=a5594894156db043&ov_redirect=true,2026-10-09
335,"POCO C71 (Power Black, 64 GB)",POCO,8999,,,3.8,"61,873","3,320",4 GB RAM,64 GB ROM,5200 mAh Battery,Unisoc T7250,17.48 cm (6.88 inch) HD+ Display,32MP Rear Camera | 8MP Front Camera,,https://www.flipkart.com/poco-c71-power-black-64-gb/p/itmfb6380853ba44?pid=MOBHAFVJVYASFAXY&lid=LSTMOBHAFVJVYASFAXY1IP4BK&marketplace=FLIPKART&q=smart+phones&store=tyy%2F4io&srno=s_14_335&otracker=search&fm=organic&iid=223b8160-c985-4f69-9804-c364d4f3f73d.MOBHAFVJVYASFAXY.SEARCH&ppt=None&ppn=None&ssid=a5fu2qlcnk0000001791542839426&qH=a5594894156db043&ov_redirect=true,2026-10-09
336,"POCO C85 5G (Power Black, 128 GB)",POCO,19499,24999,22% off,4.3,184,12,8 GB RAM,128 GB ROM,6000 mAh Lithium-Ion Polymer Battery,Dimensity 6300 Processor,17.53 cm (6.9 inch) HD+ Display,50MP Rear Camera | 8MP Front Camera,,https://www.flipkart.com/poco-c85-5g-power-black-128-gb/p/itm6d362ee1eec68?pid=MOBHMGG5ZE4MHZUB&lid=LSTMOBHMGG5ZE4MHZUBCYJMHS&marketplace=FLIPKART&q=smart+phones&store=tyy%2F4io&srno=s_14_336&otracker=search&fm=organic&iid=223b8160-c985-4f69-9804-c364d4f3f73d.MOBHMGG5ZE4MHZUB.SEARCH&ppt=None&ppn=None&ssid=a5fu2qlcnk0000001791542839426&qH=a5594894156db043&ov_redirect=true,2026-10-09
337,"BOLTT EVO (Midnight Black, 64 GB)",BOLTT,8999,17999,50% off,4.3,"2,048",987,4 GB RAM,64 GB ROM,6000 mAh Lithium ion Battery,T7250 Processor,6.79'' HD+ punch hole display,50MP + 2MP | 8MP Front Camera,,https://www.flipkart.com/boltt-evo-midnight-black-64-gb/p/itmf046d663a1fd7?pid=MOBHPP597GB8ZHTY&lid=LSTMOBHPP597GB8ZHTYGYX70A&marketplace=FLIPKART&q=smart+phones&store=tyy%2F4io&srno=s_15_337&otracker=search&fm=organic&iid=en_FqsT6WCduyFw2w6KD7QQ5BfzmeMD3Ief7XGpkxx0p94nkeqP0Q37c3qJHXQQZ9pimufLsD40cfOytTrT-2ACNol0zbRIx7nkRM2sm5Z_wdOrHSOOhl33q6Fcxku8R5nu&ppt=None&ppn=None&ssid=lqsw6k4b7k0000001791542842315&qH=a5594894156db043&ov_redirect=true,2026-10-09
338,"Mivi One 5G (Green, 128 GB)",Mivi,13999,23999,41% off,,,,6 GB RAM,128 GB ROM,6000 mAh Lithium Polymer Battery,Snapdragon 4 Gen 2 Processor,17.14 cm (6.75 inch) HD+ Display,50MP Rear Camera | 8MP Front Camera,,https://www.flipkart.com/mivi-one-5g-green-128-gb/p/itm7ea6be1c1d0bf?pid=MOBHR3ZPFRUFFEBF&lid=LSTMOBHR3ZPFRUFFEBFXXFJBJ&marketplace=FLIPKART&q=smart+phones&store=tyy%2F4io&srno=s_15_338&otracker=search&fm=organic&iid=en_FqsT6WCduyFw2w6KD7QQ5BfzmeMD3Ief7XGpkxx0p97nK-xE08o5LAhWXTgoSy11zBcC0adnJVDAF994s5Z8VY9HwORmVN_5IcANi6THsWpzAyW-kYoW0CStVc2P4oHG&ppt=None&ppn=None&ssid=lqsw6k4b7k0000001791542842315&qH=a5594894156db043&ov_redirect=true,2026-10-09
339,"MOTOROLA G04 (Sea Green, 64 GB)",MOTOROLA,9999,,,4.2,"16,143","1,019",4 GB RAM,64 GB ROM,5000 mAh Battery,Unisoc T606 Processor,16.76 cm (6.6 inch) HD+ Display,16MP Rear Camera | 5MP Front Camera,,https://www.flipkart.com/motorola-g04-sea-green-64-gb/p/itma5e47013b85f7?pid=MOBGUFK4HDHHKJPP&lid=LSTMOBGUFK4HDHHKJPPCWIVJB&marketplace=FLIPKART&q=smart+phones&store=tyy%2F4io&srno=s_15_339&otracker=search&fm=organic&iid=8bffba0c-6845-466d-9fba-79f9883800b1.MOBGUFK4HDHHKJPP.SEARCH&ppt=None&ppn=None&ssid=lqsw6k4b7k0000001791542842315&qH=a5594894156db043&ov_redirect=true,2026-10-09
340,"MOTOROLA g06 power (Pantone Laurel Oak, 64 GB)",MOTOROLA,15249,19999,23% off,4.2,"24,335","1,684",4 GB RAM,64 GB ROM,7000 mAh Battery,Helio G81 Processor,17.48 cm (6.88 inch) HD+ Display,50MP Rear Camera | 8MP Front Camera,,https://www.flipkart.com/motorola-g06-power-pantone-laurel-oak-64-gb/p/itm1010d22c11412?pid=MOBHN973VRPBQTKY&lid=LSTMOBHN973VRPBQTKYCJIEYB&marketplace=FLIPKART&q=smart+phones&store=tyy%2F4io&srno=s_15_340&otracker=search&fm=organic&iid=8bffba0c-6845-466d-9fba-79f9883800b1.MOBHN973VRPBQTKY.SEARCH&ppt=None&ppn=None&ssid=lqsw6k4b7k0000001791542842315&qH=a5594894156db043&ov_redirect=true,2026-10-09
341,"BOLTT ACE 5G (Lavender Bloom, 64 GB)",BOLTT,11999,24999,52% off,4.2,477,226,4 GB RAM,64 GB ROM,6000 mAh Lithium ion Battery,T8200 Processor,17.25 cm (6.79 inch) HD+ Display,64MP Rear Camera | 8MP Front Camera,,https://www.flipkart.com/boltt-ace-5g-lavender-bloom-64-gb/p/itm2eb0f483effdd?pid=MOBHPP59CGDHZVJY&lid=LSTMOBHPP59CGDHZVJYFJP39X&marketplace=FLIPKART&q=smart+phones&store=tyy%2F4io&srno=s_15_341&otracker=search&fm=organic&iid=en_FqsT6WCduyFw2w6KD7QQ5BfzmeMD3Ief7XGpkxx0p94CVWDBc1AC57qNaBnOvbDE6EjlcJGcWKVIdsXhsZKqldil8PSYMCIeoorv_0-dz5NzAyW-kYoW0CStVc2P4oHG&ppt=None&ppn=None&ssid=lqsw6k4b7k0000001791542842315&qH=a5594894156db043&ov_redirect=true,2026-10-09
342,"BOLTT EVO (Arctic White, 64 GB)",BOLTT,8999,17999,50% off,4.3,"2,048",987,4 GB RAM,64 GB ROM,6000 mAh Lithium ion Battery,T7250 Processor,6.79'' HD+ punch hole display,50MP + 2MP | 8MP Front Camera,,https://www.flipkart.com/boltt-evo-arctic-white-64-gb/p/itmf046d663a1fd7?pid=MOBHPP59BYSJ98M8&lid=LSTMOBHPP59BYSJ98M8RWYHGQ&marketplace=FLIPKART&q=smart+phones&store=tyy%2F4io&srno=s_15_342&otracker=search&fm=organic&iid=en_FqsT6WCduyFw2w6KD7QQ5BfzmeMD3Ief7XGpkxx0p97xxBcmAcUP2Tdj5JMfpt_BMw_YrC6cGEjKq2WZ8-8z4kJqULiYX7S4erGGIr8dEeirHSOOhl33q6Fcxku8R5nu&ppt=None&ppn=None&ssid=lqsw6k4b7k0000001791542842315&qH=a5594894156db043&ov_redirect=true,2026-10-09
343,"MOTOROLA G04 (Concord Black, 128 GB)",MOTOROLA,10999,,,4.1,"7,167",519,8 GB RAM,128 GB ROM,5000 mAh Battery,Unisoc T606 Processor,16.76 cm (6.6 inch) HD+ Display,16MP Rear Camera | 5MP Front Camera,,https://www.flipkart.com/motorola-g04-concord-black-128-gb/p/itm79853c1ebe7ee?pid=MOBGUFK4TBVGPXJZ&lid=LSTMOBGUFK4TBVGPXJZNK1PLV&marketplace=FLIPKART&q=smart+phones&store=tyy%2F4io&srno=s_15_343&otracker=search&fm=organic&iid=8bffba0c-6845-466d-9fba-79f9883800b1.MOBGUFK4TBVGPXJZ.SEARCH&ppt=None&ppn=None&ssid=lqsw6k4b7k0000001791542842315&qH=a5594894156db043&ov_redirect=true,2026-10-09
344,"POCO M6 5G (Orion Blue, 64 GB)",POCO,11899,11999,,4.1,"1,40,116","7,196",4 GB RAM,64 GB ROM,5000 mAh Battery,Mediatek Dimensity 6100+ Processor,17.12 cm (6.74 inch) HD+ Display,50MP Rear Camera | 5MP Front Camera,,https://www.flipkart.com/poco-m6-5g-orion-blue-64-gb/p/itm8bbb69860e61c?pid=MOBH92ADQKNTCH4P&lid=LSTMOBH92ADQKNTCH4PEL673U&marketplace=FLIPKART&q=smart+phones&store=tyy%2F4io&srno=s_15_344&otracker=search&fm=organic&iid=8bffba0c-6845-466d-9fba-79f9883800b1.MOBH92ADQKNTCH4P.SEARCH&ppt=None&ppn=None&ssid=lqsw6k4b7k0000001791542842315&qH=a5594894156db043&ov_redirect=true,2026-10-09
345,"POCO C71  - Locked with Airtel Prepaid (Power Black, 64 GB)",POCO,8999,,,3.8,"61,873","3,320",4 GB RAM,64 GB ROM,5200 mAh Battery,Unisoc T7250,17.48 cm (6.88 inch) HD+ Display,32MP Rear Camera | 8MP Front Camera,,https://www.flipkart.com/poco-c71-locked-airtel-prepaid-power-black-64-gb/p/itm24887c72b7130?pid=MOBHAFVJMF328YYJ&lid=LSTMOBHAFVJMF328YYJQZ40NI&marketplace=FLIPKART&q=smart+phones&store=tyy%2F4io&srno=s_15_345&otracker=search&fm=organic&iid=8bffba0c-6845-466d-9fba-79f9883800b1.MOBHAFVJMF328YYJ.SEARCH&ppt=None&ppn=None&ssid=lqsw6k4b7k0000001791542842315&qH=a5594894156db043&ov_redirect=true,2026-10-09
346,"POCO M6 5G (Polaris Green, 64 GB)",POCO,11899,11999,,4.1,"1,40,116","7,196",4 GB RAM,64 GB ROM,5000 mAh Battery,Mediatek Dimensity 6100+ Processor,17.12 cm (6.74 inch) HD+ Display,50MP Rear Camera | 5MP Front Camera,,https://www.flipkart.com/poco-m6-5g-polaris-green-64-gb/p/itm59919781c6f8e?pid=MOBH92ADXHPMEMDK&lid=LSTMOBH92ADXHPMEMDKDA63SU&marketplace=FLIPKART&q=smart+phones&store=tyy%2F4io&srno=s_15_346&otracker=search&fm=organic&iid=8bffba0c-6845-466d-9fba-79f9883800b1.MOBH92ADXHPMEMDK.SEARCH&ppt=None&ppn=None&ssid=lqsw6k4b7k0000001791542842315&qH=a5594894156db043&ov_redirect=true,2026-10-09
347,"Nothing Phone (4b) (White, 128 GB)",Nothing,29999,49999,40% off,,,,6 GB RAM,128 GB ROM,6000 mAh Lithium ion Battery,6 Gen 4 Processor,17.2 cm (6.77 inch) Full HD+ AMOLED Display,50MP + 8MP | 16MP Front Camera,,https://www.flipkart.com/nothing-phone-4b-white-128-gb/p/itm939608b40adbb?pid=MOBHQENATV85KYCZ&lid=LSTMOBHQENATV85KYCZ0HUCMA&marketplace=FLIPKART&q=smart+phones&store=tyy%2F4io&srno=s_15_347&otracker=search&fm=organic&iid=en_FqsT6WCduyFw2w6KD7QQ5BfzmeMD3Ief7XGpkxx0p94wCxdNzna_HJx5k_v-t2mUJRWmJqRScuDEhLBoCJQ_-zmhNhj8Rec88cH_U33TMLWrHSOOhl33q6Fcxku8R5nu&ppt=None&ppn=None&ssid=lqsw6k4b7k0000001791542842315&qH=a5594894156db043&ov_redirect=true,2026-10-09
348,"BOLTT ACE 5G (Midnight Black, 128 GB)",BOLTT,13499,26999,50% off,4.8,69,59,6 GB RAM,128 GB ROM,6000 mAh Lithium ion Battery,T8200 Processor,17.25 cm (6.79 inch) HD+ Display,64MP Rear Camera | 8MP Front Camera,,https://www.flipkart.com/boltt-ace-5g-midnight-black-128-gb/p/itmc7395bddbb3a4?pid=MOBHPP59KHGRQGZK&lid=LSTMOBHPP59KHGRQGZKG8NGAJ&marketplace=FLIPKART&q=smart+phones&store=tyy%2F4io&srno=s_15_348&otracker=search&fm=organic&iid=en_FqsT6WCduyFw2w6KD7QQ5BfzmeMD3Ief7XGpkxx0p96ezDOFO7SW-lUS50hvAVcdceO83KH40hAfyKb6-RK5emI2n1F29CDxktZayioP0zpzAyW-kYoW0CStVc2P4oHG&ppt=None&ppn=None&ssid=lqsw6k4b7k0000001791542842315&qH=a5594894156db043&ov_redirect=true,2026-10-09
349,"POCO C85 5G (Spring Green, 128 GB)",POCO,17999,22999,21% off,4.2,"2,649",184,6 GB RAM,128 GB ROM,6000 mAh Lithium-Ion Polymer Battery,Dimensity 6300 Processor,17.53 cm (6.9 inch) HD+ Display,50MP Rear Camera | 8MP Front Camera,,https://www.flipkart.com/poco-c85-5g-spring-green-128-gb/p/itm9d5a621551d84?pid=MOBHMGG5UNCKYGPH&lid=LSTMOBHMGG5UNCKYGPHH3BH5B&marketplace=FLIPKART&q=smart+phones&store=tyy%2F4io&srno=s_15_349&otracker=search&fm=organic&iid=8bffba0c-6845-466d-9fba-79f9883800b1.MOBHMGG5UNCKYGPH.SEARCH&ppt=None&ppn=None&ssid=lqsw6k4b7k0000001791542842315&qH=a5594894156db043&ov_redirect=true,2026-10-09
350,"POCO M8 (Glacial Blue, 256 GB)",POCO,28999,29999,3% off,4.3,"2,331",211,8 GB RAM,256 GB ROM,5520 mAh Battery,,17.2 cm (6.77 inch) Full HD+ Display,50MP Rear Camera | 20MP Front Camera,,https://www.flipkart.com/poco-m8-glacial-blue-256-gb/p/itm99dfa9cac4d0e?pid=MOBHMGG5HRRKUHXX&lid=LSTMOBHMGG5HRRKUHXXW0KD1Z&marketplace=FLIPKART&q=smart+phones&store=tyy%2F4io&srno=s_15_350&otracker=search&fm=organic&iid=8bffba0c-6845-466d-9fba-79f9883800b1.MOBHMGG5HRRKUHXX.SEARCH&ppt=None&ppn=None&ssid=lqsw6k4b7k0000001791542842315&qH=a5594894156db043&ov_redirect=true,2026-10-09
351,"BOLTT EVO (Arctic White, 128 GB)",BOLTT,10499,18999,44% off,4,"2,616","1,184",6 GB RAM,128 GB ROM,6000 mAh Lithium ion Battery,T7250 Processor,6.79'' HD+ punch hole display,50MP + 2MP | 8MP Front Camera,,https://www.flipkart.com/boltt-evo-arctic-white-128-gb/p/itmf046d663a1fd7?pid=MOBHPP59GKGTGZGA&lid=LSTMOBHPP59GKGTGZGAIEMNWG&marketplace=FLIPKART&q=smart+phones&store=tyy%2F4io&srno=s_15_351&otracker=search&fm=organic&iid=en_FqsT6WCduyFw2w6KD7QQ5BfzmeMD3Ief7XGpkxx0p97OKbttRZtVtRcRfu4VnwwW2d7HEcpMQaj_c2xS4y4sBI6iFcCMcne0NcY1l-GNU4yrHSOOhl33q6Fcxku8R5nu&ppt=None&ppn=None&ssid=lqsw6k4b7k0000001791542842315&qH=a5594894156db043&ov_redirect=true,2026-10-09
352,"Mivi One 5G (Burgundy, 128 GB)",Mivi,14999,25999,42% off,,,,8 GB RAM,128 GB ROM,6000 mAh Lithium Polymer Battery,Snapdragon 4 Gen 2 Processor,17.14 cm (6.75 inch) HD+ Display,50MP Rear Camera | 8MP Front Camera,,https://www.flipkart.com/mivi-one-5g-burgundy-128-gb/p/itm3fb0c94957b9f?pid=MOBHR3ZP74GDCQQC&lid=LSTMOBHR3ZP74GDCQQC3F0WAL&marketplace=FLIPKART&q=smart+phones&store=tyy%2F4io&srno=s_15_352&otracker=search&fm=organic&iid=en_FqsT6WCduyFw2w6KD7QQ5BfzmeMD3Ief7XGpkxx0p94DldcnXTk_UnWBgsJTN1_DlhTq3TNR9LJbyvkcUs0E5h5lnB_B3YgA2Ah0gCCIDM5zAyW-kYoW0CStVc2P4oHG&ppt=None&ppn=None&ssid=lqsw6k4b7k0000001791542842315&qH=a5594894156db043&ov_redirect=true,2026-10-09
353,"Motorola G34 5G (Charcoal Black, 128 GB)",Motorola,11999,13999,14% off,4.2,"49,260","3,565",4 GB RAM,128 GB ROM,5000 mAh Battery,Snapdragon 695 5G Processor,16.51 cm (6.5 inch) HD+ Display,50MP + 2MP | 16MP Front Camera,5G,https://www.flipkart.com/motorola-g34-5g-charcoal-black-128-gb/p/itm357c0dba433c3?pid=MOBGUFK494PA7H5Z&lid=LSTMOBGUFK494PA7H5ZDQOTLA&marketplace=FLIPKART&q=smart+phones&store=tyy%2F4io&srno=s_15_353&otracker=search&fm=organic&iid=8bffba0c-6845-466d-9fba-79f9883800b1.MOBGUFK494PA7H5Z.SEARCH&ppt=None&ppn=None&ssid=lqsw6k4b7k0000001791542842315&qH=a5594894156db043&ov_redirect=true,2026-10-09
354,"POCO C85 5G (Spring Green, 128 GB)",POCO,19499,24999,22% off,4.3,184,12,8 GB RAM,128 GB ROM,6000 mAh Lithium-Ion Polymer Battery,Dimensity 6300 Processor,17.53 cm (6.9 inch) HD+ Display,50MP Rear Camera | 8MP Front Camera,,https://www.flipkart.com/poco-c85-5g-spring-green-128-gb/p/itm8eb0c84963d83?pid=MOBHMGG5CR7GHJHN&lid=LSTMOBHMGG5CR7GHJHNTRROVD&marketplace=FLIPKART&q=smart+phones&store=tyy%2F4io&srno=s_15_354&otracker=search&fm=organic&iid=8bffba0c-6845-466d-9fba-79f9883800b1.MOBHMGG5CR7GHJHN.SEARCH&ppt=None&ppn=None&ssid=lqsw6k4b7k0000001791542842315&qH=a5594894156db043&ov_redirect=true,2026-10-09
355,"MOTOROLA G04 (Satin Blue, 64 GB)",MOTOROLA,9999,,,4.2,"16,143","1,019",4 GB RAM,64 GB ROM,5000 mAh Battery,Unisoc T606 Processor,16.76 cm (6.6 inch) HD+ Display,16MP Rear Camera | 5MP Front Camera,,https://www.flipkart.com/motorola-g04-satin-blue-64-gb/p/itmf126d16fff1b9?pid=MOBGUFK4X5AEBBDE&lid=LSTMOBGUFK4X5AEBBDEF89KFH&marketplace=FLIPKART&q=smart+phones&store=tyy%2F4io&srno=s_15_355&otracker=search&fm=organic&iid=8bffba0c-6845-466d-9fba-79f9883800b1.MOBGUFK4X5AEBBDE.SEARCH&ppt=None&ppn=None&ssid=lqsw6k4b7k0000001791542842315&qH=a5594894156db043&ov_redirect=true,2026-10-09
356,"Motorola g04s (Sea Green, 64 GB)",Motorola,9999,,,4.2,"30,186","1,629",4 GB RAM,64 GB ROM,5000 mAh Battery,T606 Processor,16.76 cm (6.6 inch) HD+ Display,50MP Rear Camera | 5MP Front Camera,,https://www.flipkart.com/motorola-g04s-sea-green-64-gb/p/itm6d82d81cfa8da?pid=MOBHY9PQZACQBKGG&lid=LSTMOBHY9PQZACQBKGGHNT2FF&marketplace=FLIPKART&q=smart+phones&store=tyy%2F4io&srno=s_15_356&otracker=search&fm=organic&iid=8bffba0c-6845-466d-9fba-79f9883800b1.MOBHY9PQZACQBKGG.SEARCH&ppt=None&ppn=None&ssid=lqsw6k4b7k0000001791542842315&qH=a5594894156db043&ov_redirect=true,2026-10-09
357,"BOLTT EVO (Sky Blue, 64 GB)",BOLTT,8999,17999,50% off,4.3,"2,048",987,4 GB RAM,64 GB ROM,6000 mAh Lithium ion Battery,T7250 Processor,6.79'' HD+ punch hole display,50MP + 2MP | 8MP Front Camera,,https://www.flipkart.com/boltt-evo-sky-blue-64-gb/p/itmf046d663a1fd7?pid=MOBHPP59WKSV4FYG&lid=LSTMOBHPP59WKSV4FYGYPMLV6&marketplace=FLIPKART&q=smart+phones&store=tyy%2F4io&srno=s_15_357&otracker=search&fm=organic&iid=en_FqsT6WCduyFw2w6KD7QQ5BfzmeMD3Ief7XGpkxx0p97YBUCFXapo4pu7Q6aWL6rpiWdFa328hJ5Tl7uRbip-ZFs0LAPqMrP3q_6IRdvsZf-rHSOOhl33q6Fcxku8R5nu&ppt=None&ppn=None&ssid=lqsw6k4b7k0000001791542842315&qH=a5594894156db043&ov_redirect=true,2026-10-09
358,"BOLTT ACE 5G (Arctic White, 128 GB)",BOLTT,13499,26999,50% off,4.8,69,59,6 GB RAM,128 GB ROM,6000 mAh Lithium ion Battery,T8200 Processor,17.25 cm (6.79 inch) HD+ Display,64MP Rear Camera | 8MP Front Camera,,https://www.flipkart.com/boltt-ace-5g-arctic-white-128-gb/p/itm2eb0f483effdd?pid=MOBHPP599JHZUZBV&lid=LSTMOBHPP599JHZUZBVN1I3RX&marketplace=FLIPKART&q=smart+phones&store=tyy%2F4io&srno=s_15_358&otracker=search&fm=organic&iid=en_FqsT6WCduyFw2w6KD7QQ5BfzmeMD3Ief7XGpkxx0p97Wq9OCiFBkGPQASWYRIlboqWMRb7XZ9LlJlXwsX-MeSpRRJF9TV-hbUYxhg9GdHDYg_i7B5J9BJONWeRCyZOXe&ppt=None&ppn=None&ssid=lqsw6k4b7k0000001791542842315&qH=a5594894156db043&ov_redirect=true,2026-10-09
359,"Apple iPhone 15 (Black, 128 GB)",Apple,67999,74900,9% off,4.6,"2,49,256","9,828",,,,"A16 Bionic Chip, 6 Core Processor Processor",15.49 cm (6.1 inch) Super Retina XDR Display,48MP + 12MP | 12MP Front Camera,,https://www.flipkart.com/apple-iphone-15-black-128-gb/p/itm3234701b0863a?pid=MOBHQV9YR4CBTD9D&lid=LSTMOBHQV9YR4CBTD9DPLROKI&marketplace=FLIPKART&q=smart+phones&store=tyy%2F4io&srno=s_15_359&otracker=search&fm=organic&iid=8bffba0c-6845-466d-9fba-79f9883800b1.MOBHQV9YR4CBTD9D.SEARCH&ppt=None&ppn=None&ssid=lqsw6k4b7k0000001791542842315&qH=a5594894156db043&ov_redirect=true,2026-10-09
360,"Samsung Galaxy F06 5G (Bahama Blue, 128 GB)",Samsung,18999,,,4.2,"25,863","2,005",6 GB RAM,128 GB ROM,5000 mAh Battery,Dimensity 6300 Processor,17.02 cm (6.7 inch) HD+ Display,50MP + 2MP | 8MP Front Camera,,https://www.flipkart.com/samsung-galaxy-f06-5g-bahama-blue-128-gb/p/itmc1c2297bdfa31?pid=MOBHMGHHMFGB82H9&lid=LSTMOBHMGHHMFGB82H9LFGOI5&marketplace=FLIPKART&q=smart+phones&store=tyy%2F4io&srno=s_15_360&otracker=search&fm=organic&iid=8bffba0c-6845-466d-9fba-79f9883800b1.MOBHMGHHMFGB82H9.SEARCH&ppt=None&ppn=None&ssid=lqsw6k4b7k0000001791542842315&qH=a5594894156db043&ov_redirect=true,2026-10-09
361,"Mivi One 5G (Green, 128 GB)",Mivi,13999,23999,41% off,,,,6 GB RAM,128 GB ROM,6000 mAh Lithium Polymer Battery,Snapdragon 4 Gen 2 Processor,17.14 cm (6.75 inch) HD+ Display,50MP Rear Camera | 8MP Front Camera,,https://www.flipkart.com/mivi-one-5g-green-128-gb/p/itm7ea6be1c1d0bf?pid=MOBHR3ZPFRUFFEBF&lid=LSTMOBHR3ZPFRUFFEBFXXFJBJ&marketplace=FLIPKART&q=smart+phones&store=tyy%2F4io&srno=s_16_361&otracker=search&fm=organic&iid=en_z16KgweqNjuVeddtKFiaN1Khe-sjpAh_HN3fbW5OztFRImqAkPig20FecMY-QsXhzBcC0adnJVDAF994s5Z8VdXXcDpR_S7wBKL_ui3585OObKc5nvX7jBApC5U_6QYg&ppt=None&ppn=None&ssid=hzbi561efk0000001791542845254&qH=a5594894156db043&ov_redirect=true,2026-10-09
362,"BOLTT ACE 5G (Lavender Bloom, 64 GB)",BOLTT,11999,24999,52% off,4.2,477,226,4 GB RAM,64 GB ROM,6000 mAh Lithium ion Battery,T8200 Processor,17.25 cm (6.79 inch) HD+ Display,64MP Rear Camera | 8MP Front Camera,,https://www.flipkart.com/boltt-ace-5g-lavender-bloom-64-gb/p/itm2eb0f483effdd?pid=MOBHPP59CGDHZVJY&lid=LSTMOBHPP59CGDHZVJYFJP39X&marketplace=FLIPKART&q=smart+phones&store=tyy%2F4io&srno=s_16_362&otracker=search&fm=organic&iid=en_z16KgweqNjuVeddtKFiaN1Khe-sjpAh_HN3fbW5OztFF8FZ3U8lAk1zZg8wz19-X6EjlcJGcWKVIdsXhsZKqlc-Hfce6zHM39GsmaCxEcE2ObKc5nvX7jBApC5U_6QYg&ppt=None&ppn=None&ssid=hzbi561efk0000001791542845254&qH=a5594894156db043&ov_redirect=true,2026-10-09
363,"Apple iPhone 15 (Black, 128 GB)",Apple,67999,74900,9% off,4.6,"2,49,256","9,828",,,,"A16 Bionic Chip, 6 Core Processor Processor",15.49 cm (6.1 inch) Super Retina XDR Display,48MP + 12MP | 12MP Front Camera,,https://www.flipkart.com/apple-iphone-15-black-128-gb/p/itm3234701b0863a?pid=MOBHQV9YR4CBTD9D&lid=LSTMOBHQV9YR4CBTD9DPLROKI&marketplace=FLIPKART&q=smart+phones&store=tyy%2F4io&srno=s_16_363&otracker=search&fm=organic&iid=597c893e-24ca-4d41-9729-0072f8a5c048.MOBHQV9YR4CBTD9D.SEARCH&ppt=None&ppn=None&ssid=hzbi561efk0000001791542845254&qH=a5594894156db043&ov_redirect=true,2026-10-09
364,"Samsung Galaxy F06 5G (Bahama Blue, 128 GB)",Samsung,18999,,,4.2,"25,863","2,005",6 GB RAM,128 GB ROM,5000 mAh Battery,Dimensity 6300 Processor,17.02 cm (6.7 inch) HD+ Display,50MP + 2MP | 8MP Front Camera,,https://www.flipkart.com/samsung-galaxy-f06-5g-bahama-blue-128-gb/p/itmc1c2297bdfa31?pid=MOBHMGHHMFGB82H9&lid=LSTMOBHMGHHMFGB82H9LFGOI5&marketplace=FLIPKART&q=smart+phones&store=tyy%2F4io&srno=s_16_364&otracker=search&fm=organic&iid=597c893e-24ca-4d41-9729-0072f8a5c048.MOBHMGHHMFGB82H9.SEARCH&ppt=None&ppn=None&ssid=hzbi561efk0000001791542845254&qH=a5594894156db043&ov_redirect=true,2026-10-09
365,"Samsung Galaxy F16 5G (Glam Green, 128 GB)",Samsung,13999,17499,20% off,4.2,"10,432",812,6 GB RAM,128 GB ROM,5000 mAh Battery,Dimensity 6300 Processor,16.91 cm (6.657 inch) Full HD+ Display,50MP + 5MP + 2MP | 13MP Front Camera,,https://www.flipkart.com/samsung-galaxy-f16-5g-glam-green-128-gb/p/itmcdb73c7370f76?pid=MOBH9ASGDGWZV69Z&lid=LSTMOBH9ASGDGWZV69ZTSJAUH&marketplace=FLIPKART&q=smart+phones&store=tyy%2F4io&srno=s_16_365&otracker=search&fm=organic&iid=597c893e-24ca-4d41-9729-0072f8a5c048.MOBH9ASGDGWZV69Z.SEARCH&ppt=None&ppn=None&ssid=hzbi561efk0000001791542845254&qH=a5594894156db043&ov_redirect=true,2026-10-09
366,"MOTOROLA g35 5G (Guava Red, 128 GB)",MOTOROLA,13999,15499,9% off,4.2,"16,492","1,129",8 GB RAM,128 GB ROM,5000 mAh Battery,T760 Processor,17.07 cm (6.72 inch) Full HD+ Display,50MP + 8MP | 16MP Front Camera,5G,https://www.flipkart.com/motorola-g35-5g-guava-red-128-gb/p/itm3cd0926197241?pid=MOBHFNAZEM2XQMWR&lid=LSTMOBHFNAZEM2XQMWRW8CFFX&marketplace=FLIPKART&q=smart+phones&store=tyy%2F4io&srno=s_16_366&otracker=search&fm=organic&iid=597c893e-24ca-4d41-9729-0072f8a5c048.MOBHFNAZEM2XQMWR.SEARCH&ppt=None&ppn=None&ssid=hzbi561efk0000001791542845254&qH=a5594894156db043&ov_redirect=true,2026-10-09
367,"BOLTT EVO (Midnight Black, 64 GB)",BOLTT,8999,17999,50% off,4.3,"2,048",987,4 GB RAM,64 GB ROM,6000 mAh Lithium ion Battery,T7250 Processor,6.79'' HD+ punch hole display,50MP + 2MP | 8MP Front Camera,,https://www.flipkart.com/boltt-evo-midnight-black-64-gb/p/itmf046d663a1fd7?pid=MOBHPP597GB8ZHTY&lid=LSTMOBHPP597GB8ZHTYGYX70A&marketplace=FLIPKART&q=smart+phones&store=tyy%2F4io&srno=s_16_367&otracker=search&fm=organic&iid=en_z16KgweqNjuVeddtKFiaN1Khe-sjpAh_HN3fbW5OztGIOX4lEg0DYUtS6Nyn6MJLmufLsD40cfOytTrT-2ACNqoJtuV9R_JTLQ6A0_d1zMR1wUWQ4yYMCWeCNpdtlGGU&ppt=None&ppn=None&ssid=hzbi561efk0000001791542845254&qH=a5594894156db043&ov_redirect=true,2026-10-09
368,"BOLTT EVO (Arctic White, 64 GB)",BOLTT,8999,17999,50% off,4.3,"2,048",987,4 GB RAM,64 GB ROM,6000 mAh Lithium ion Battery,T7250 Processor,6.79'' HD+ punch hole display,50MP + 2MP | 8MP Front Camera,,https://www.flipkart.com/boltt-evo-arctic-white-64-gb/p/itmf046d663a1fd7?pid=MOBHPP59BYSJ98M8&lid=LSTMOBHPP59BYSJ98M8RWYHGQ&marketplace=FLIPKART&q=smart+phones&store=tyy%2F4io&srno=s_16_368&otracker=search&fm=organic&iid=en_z16KgweqNjuVeddtKFiaN1Khe-sjpAh_HN3fbW5OztGtTPolPTxjbVhnaQ2VZ-zHMw_YrC6cGEjKq2WZ8-8z4kJqULiYX7S4erGGIr8dEeh1wUWQ4yYMCWeCNpdtlGGU&ppt=None&ppn=None&ssid=hzbi561efk0000001791542845254&qH=a5594894156db043&ov_redirect=true,2026-10-09
369,"POCO M8 (Frost Silver, 256 GB)",POCO,28999,29999,3% off,4.3,"2,331",211,8 GB RAM,256 GB ROM,5520 mAh Battery,,17.2 cm (6.77 inch) Full HD+ Display,50MP Rear Camera | 20MP Front Camera,,https://www.flipkart.com/poco-m8-frost-silver-256-gb/p/itm8c312b91832a8?pid=MOBHMGG52VFGBGZE&lid=LSTMOBHMGG52VFGBGZEZEW7SR&marketplace=FLIPKART&q=smart+phones&store=tyy%2F4io&srno=s_16_369&otracker=search&fm=organic&iid=597c893e-24ca-4d41-9729-0072f8a5c048.MOBHMGG52VFGBGZE.SEARCH&ppt=None&ppn=None&ssid=hzbi561efk0000001791542845254&qH=a5594894156db043&ov_redirect=true,2026-10-09
370,"realme C61 (Safari Green, 64 GB)",realme,7249,8999,19% off,4.3,"37,545","1,667",4 GB RAM,64 GB ROM,5000 mAh Battery,T612 Processor,17.13 cm (6.745 inch) HD+ Display,32MP Rear Camera | 5MP Front Camera,,https://www.flipkart.com/realme-c61-safari-green-64-gb/p/itmd6ddbcefce040?pid=MOBHFRKRF6ZHBFTW&lid=LSTMOBHFRKRF6ZHBFTWCWTV1O&marketplace=FLIPKART&q=smart+phones&store=tyy%2F4io&srno=s_16_370&otracker=search&fm=organic&iid=597c893e-24ca-4d41-9729-0072f8a5c048.MOBHFRKRF6ZHBFTW.SEARCH&ppt=None&ppn=None&ssid=hzbi561efk0000001791542845254&qH=a5594894156db043&ov_redirect=true,2026-10-09
371,"Nothing Phone (4b) (White, 128 GB)",Nothing,29999,49999,40% off,,,,6 GB RAM,128 GB ROM,6000 mAh Lithium ion Battery,6 Gen 4 Processor,17.2 cm (6.77 inch) Full HD+ AMOLED Display,50MP + 8MP | 16MP Front Camera,,https://www.flipkart.com/nothing-phone-4b-white-128-gb/p/itm939608b40adbb?pid=MOBHQENATV85KYCZ&lid=LSTMOBHQENATV85KYCZ0HUCMA&marketplace=FLIPKART&q=smart+phones&store=tyy%2F4io&srno=s_16_371&otracker=search&fm=organic&iid=en_z16KgweqNjuVeddtKFiaN1Khe-sjpAh_HN3fbW5OztFVFvGszsddUAMwKn7Rs2DoJRWmJqRScuDEhLBoCJQ_-zmhNhj8Rec88cH_U33TMLV1wUWQ4yYMCWeCNpdtlGGU&ppt=None&ppn=None&ssid=hzbi561efk0000001791542845254&qH=a5594894156db043&ov_redirect=true,2026-10-09
372,"BOLTT ACE 5G (Midnight Black, 128 GB)",BOLTT,13499,26999,50% off,4.8,69,59,6 GB RAM,128 GB ROM,6000 mAh Lithium ion Battery,T8200 Processor,17.25 cm (6.79 inch) HD+ Display,64MP Rear Camera | 8MP Front Camera,,https://www.flipkart.com/boltt-ace-5g-midnight-black-128-gb/p/itmc7395bddbb3a4?pid=MOBHPP59KHGRQGZK&lid=LSTMOBHPP59KHGRQGZKG8NGAJ&marketplace=FLIPKART&q=smart+phones&store=tyy%2F4io&srno=s_16_372&otracker=search&fm=organic&iid=en_z16KgweqNjuVeddtKFiaN1Khe-sjpAh_HN3fbW5OztHo2NQbjeqbnhylgj-535o6ceO83KH40hAfyKb6-RK5emI2n1F29CDxktZayioP0zqObKc5nvX7jBApC5U_6QYg&ppt=None&ppn=None&ssid=hzbi561efk0000001791542845254&qH=a5594894156db043&ov_redirect=true,2026-10-09
373,"Motorola g04s (Satin Blue, 64 GB)",Motorola,9999,,,4.2,"30,186","1,629",4 GB RAM,64 GB ROM,5000 mAh Battery,T606 Processor,16.76 cm (6.6 inch) HD+ Display,50MP Rear Camera | 5MP Front Camera,,https://www.flipkart.com/motorola-g04s-satin-blue-64-gb/p/itma899ac4728c8e?pid=MOBHY9PQM9H8HMEN&lid=LSTMOBHY9PQM9H8HMENQJT1JU&marketplace=FLIPKART&q=smart+phones&store=tyy%2F4io&srno=s_16_373&otracker=search&fm=organic&iid=597c893e-24ca-4d41-9729-0072f8a5c048.MOBHY9PQM9H8HMEN.SEARCH&ppt=None&ppn=None&ssid=hzbi561efk0000001791542845254&qH=a5594894156db043&ov_redirect=true,2026-10-09
374,"POCO C75 5G (Silver Stardust, 128 GB)",POCO,11499,,,4.2,"1,49,607","7,646",4 GB RAM,128 GB ROM,5160 mAh Battery,4s Gen 2 5G Processor,17.48 cm (6.88 inch) HD+ Display,50MP Rear Camera | 5MP Front Camera,5G,https://www.flipkart.com/poco-c75-5g-silver-stardust-128-gb/p/itmbf9aead7ca613?pid=MOBHBC3WSG3RWZ2Q&lid=LSTMOBHBC3WSG3RWZ2QLUHLCI&marketplace=FLIPKART&q=smart+phones&store=tyy%2F4io&srno=s_16_374&otracker=search&fm=organic&iid=597c893e-24ca-4d41-9729-0072f8a5c048.MOBHBC3WSG3RWZ2Q.SEARCH&ppt=None&ppn=None&ssid=hzbi561efk0000001791542845254&qH=a5594894156db043&ov_redirect=true,2026-10-09
375,"POCO C81 (Sky Blue, 64 GB)",POCO,12999,19999,35% off,3.7,538,46,4 GB RAM,64 GB ROM,6300 mAh Lithium-Ion Polymer Battery,T7250 Processor,17.53 cm (6.9 inch) Display,13MP Rear Camera | 8MP Front Camera,,https://www.flipkart.com/poco-c81-sky-blue-64-gb/p/itm0636612540aaa?pid=MOBHMYWRYFQZG9PP&lid=LSTMOBHMYWRYFQZG9PP9F6HSP&marketplace=FLIPKART&q=smart+phones&store=tyy%2F4io&srno=s_16_375&otracker=search&fm=organic&iid=597c893e-24ca-4d41-9729-0072f8a5c048.MOBHMYWRYFQZG9PP.SEARCH&ppt=None&ppn=None&ssid=hzbi561efk0000001791542845254&qH=a5594894156db043&ov_redirect=true,2026-10-09
376,"realme C85 5G (Peacock Green, 128.0 GB)",realme,21999,24999,12% off,4.3,226,17,4 GB RAM,128.0 GB ROM,7000 mAh Battery,Dimensity 6300 Processor,17.27 cm (6.8 inch) HD+ Display,50MP Rear Camera | 8MP Front Camera,,https://www.flipkart.com/realme-c85-5g-peacock-green-128-0-gb/p/itm460d45ea3b896?pid=MOBHHY7VCDAH336F&lid=LSTMOBHHY7VCDAH336F2EFDNT&marketplace=FLIPKART&q=smart+phones&store=tyy%2F4io&srno=s_16_376&otracker=search&fm=organic&iid=597c893e-24ca-4d41-9729-0072f8a5c048.MOBHHY7VCDAH336F.SEARCH&ppt=None&ppn=None&ssid=hzbi561efk0000001791542845254&qH=a5594894156db043&ov_redirect=true,2026-10-09
377,"BOLTT EVO (Arctic White, 128 GB)",BOLTT,10499,18999,44% off,4,"2,616","1,184",6 GB RAM,128 GB ROM,6000 mAh Lithium ion Battery,T7250 Processor,6.79'' HD+ punch hole display,50MP + 2MP | 8MP Front Camera,,https://www.flipkart.com/boltt-evo-arctic-white-128-gb/p/itmf046d663a1fd7?pid=MOBHPP59GKGTGZGA&lid=LSTMOBHPP59GKGTGZGAIEMNWG&marketplace=FLIPKART&q=smart+phones&store=tyy%2F4io&srno=s_16_377&otracker=search&fm=organic&iid=en_z16KgweqNjuVeddtKFiaN1Khe-sjpAh_HN3fbW5OztEDvp8Mbp8KoMCVaUPPjcUl2d7HEcpMQaj_c2xS4y4sBI6iFcCMcne0NcY1l-GNU4x1wUWQ4yYMCWeCNpdtlGGU&ppt=None&ppn=None&ssid=hzbi561efk0000001791542845254&qH=a5594894156db043&ov_redirect=true,2026-10-09
378,"Mivi One 5G (Burgundy, 128 GB)",Mivi,14999,25999,42% off,,,,8 GB RAM,128 GB ROM,6000 mAh Lithium Polymer Battery,Snapdragon 4 Gen 2 Processor,17.14 cm (6.75 inch) HD+ Display,50MP Rear Camera | 8MP Front Camera,,https://www.flipkart.com/mivi-one-5g-burgundy-128-gb/p/itm3fb0c94957b9f?pid=MOBHR3ZP74GDCQQC&lid=LSTMOBHR3ZP74GDCQQC3F0WAL&marketplace=FLIPKART&q=smart+phones&store=tyy%2F4io&srno=s_16_378&otracker=search&fm=organic&iid=en_z16KgweqNjuVeddtKFiaN1Khe-sjpAh_HN3fbW5OztGQZxvF2ehNncGWzamwO031lhTq3TNR9LJbyvkcUs0E5h5lnB_B3YgA2Ah0gCCIDM6ObKc5nvX7jBApC5U_6QYg&ppt=None&ppn=None&ssid=hzbi561efk0000001791542845254&qH=a5594894156db043&ov_redirect=true,2026-10-09
379,"POCO C85 5G (Mystic Purple, 128 GB)",POCO,19499,24999,22% off,4.3,184,12,8 GB RAM,128 GB ROM,6000 mAh Lithium-Ion Polymer Battery,Dimensity 6300 Processor,17.53 cm (6.9 inch) HD+ Display,50MP Rear Camera | 8MP Front Camera,,https://www.flipkart.com/poco-c85-5g-mystic-purple-128-gb/p/itm026527944b2bb?pid=MOBHMGG55EG8Y8R8&lid=LSTMOBHMGG55EG8Y8R8VDG95O&marketplace=FLIPKART&q=smart+phones&store=tyy%2F4io&srno=s_16_379&otracker=search&fm=organic&iid=597c893e-24ca-4d41-9729-0072f8a5c048.MOBHMGG55EG8Y8R8.SEARCH&ppt=None&ppn=None&ssid=hzbi561efk0000001791542845254&qH=a5594894156db043&ov_redirect=true,2026-10-09
380,"POCO C85 5G (Mystic Purple, 128 GB)",POCO,16499,20999,21% off,3.8,"2,813",296,4 GB RAM,128 GB ROM,6000 mAh Lithium-Ion Polymer Battery,Dimensity 6300 Processor,17.53 cm (6.9 inch) HD+ Display,50MP Rear Camera | 8MP Front Camera,,https://www.flipkart.com/poco-c85-5g-mystic-purple-128-gb/p/itm74e2143a5de24?pid=MOBHMGG5UZHEVJBK&lid=LSTMOBHMGG5UZHEVJBKGQRQDY&marketplace=FLIPKART&q=smart+phones&store=tyy%2F4io&srno=s_16_380&otracker=search&fm=organic&iid=597c893e-24ca-4d41-9729-0072f8a5c048.MOBHMGG5UZHEVJBK.SEARCH&ppt=None&ppn=None&ssid=hzbi561efk0000001791542845254&qH=a5594894156db043&ov_redirect=true,2026-10-09
381,"BOLTT EVO (Sky Blue, 64 GB)",BOLTT,8999,17999,50% off,4.3,"2,048",987,4 GB RAM,64 GB ROM,6000 mAh Lithium ion Battery,T7250 Processor,6.79'' HD+ punch hole display,50MP + 2MP | 8MP Front Camera,,https://www.flipkart.com/boltt-evo-sky-blue-64-gb/p/itmf046d663a1fd7?pid=MOBHPP59WKSV4FYG&lid=LSTMOBHPP59WKSV4FYGYPMLV6&marketplace=FLIPKART&q=smart+phones&store=tyy%2F4io&srno=s_16_381&otracker=search&fm=organic&iid=en_z16KgweqNjuVeddtKFiaN1Khe-sjpAh_HN3fbW5OztH9BaeIPnZO9EJxgD9PoUf7iWdFa328hJ5Tl7uRbip-ZFs0LAPqMrP3q_6IRdvsZf91wUWQ4yYMCWeCNpdtlGGU&ppt=None&ppn=None&ssid=hzbi561efk0000001791542845254&qH=a5594894156db043&ov_redirect=true,2026-10-09
382,"BOLTT ACE 5G (Arctic White, 128 GB)",BOLTT,13499,26999,50% off,4.8,69,59,6 GB RAM,128 GB ROM,6000 mAh Lithium ion Battery,T8200 Processor,17.25 cm (6.79 inch) HD+ Display,64MP Rear Camera | 8MP Front Camera,,https://www.flipkart.com/boltt-ace-5g-arctic-white-128-gb/p/itm2eb0f483effdd?pid=MOBHPP599JHZUZBV&lid=LSTMOBHPP599JHZUZBVN1I3RX&marketplace=FLIPKART&q=smart+phones&store=tyy%2F4io&srno=s_16_382&otracker=search&fm=organic&iid=en_z16KgweqNjuVeddtKFiaN1Khe-sjpAh_HN3fbW5OztFBMz6Seqb-ZKfInoI_FTFLqWMRb7XZ9LlJlXwsX-MeSpRRJF9TV-hbUYxhg9GdHDZHTTIoE6ENe8AhOC5_WWVP&ppt=None&ppn=None&ssid=hzbi561efk0000001791542845254&qH=a5594894156db043&ov_redirect=true,2026-10-09
383,"Samsung Galaxy F06 5G (Bahama Blue, 64 GB)",Samsung,12499,,,4.2,"48,129","3,574",4 GB RAM,64 GB ROM,5000 mAh Battery,Dimensity 6300 Processor,43.23 cm (17.018 cm) HD+ Display,50MP + 2MP | 8MP Front Camera,,https://www.flipkart.com/samsung-galaxy-f06-5g-bahama-blue-64-gb/p/itma2920c68b7fc8?pid=MOBHBF5JDCSG2TVD&lid=LSTMOBHBF5JDCSG2TVDZWHXAM&marketplace=FLIPKART&q=smart+phones&store=tyy%2F4io&srno=s_16_383&otracker=search&fm=organic&iid=597c893e-24ca-4d41-9729-0072f8a5c048.MOBHBF5JDCSG2TVD.SEARCH&ppt=None&ppn=None&ssid=hzbi561efk0000001791542845254&qH=a5594894156db043&ov_redirect=true,2026-10-09
384,"Mivi One 5G (Blue, 128 GB)",Mivi,13999,23999,41% off,,,,6 GB RAM,128 GB ROM,6000 mAh Lithium Polymer Battery,Snapdragon 4 Gen 2 Processor,17.14 cm (6.75 inch) HD+ Display,50MP Rear Camera | 8MP Front Camera,,https://www.flipkart.com/mivi-one-5g-blue-128-gb/p/itmf8ca925311b44?pid=MOBHR3ZPMHTUSWKH&lid=LSTMOBHR3ZPMHTUSWKHMITZP2&marketplace=FLIPKART&q=smart+phones&store=tyy%2F4io&srno=s_16_384&otracker=search&fm=organic&iid=597c893e-24ca-4d41-9729-0072f8a5c048.MOBHR3ZPMHTUSWKH.SEARCH&ppt=None&ppn=None&ssid=hzbi561efk0000001791542845254&qH=a5594894156db043&ov_redirect=true,2026-10-09
385,"Samsung Galaxy F16 5G (Bling Black, 128 GB)",Samsung,15499,18999,18% off,4.2,"3,686",275,8 GB RAM,128 GB ROM,5000 mAh Battery,Dimensity 6300 Processor,16.91 cm (6.657 inch) Full HD+ Display,50MP + 5MP + 2MP | 13MP Front Camera,,https://www.flipkart.com/samsung-galaxy-f16-5g-bling-black-128-gb/p/itmc78bc1cee0259?pid=MOBH9ASGP3ZH2AF7&lid=LSTMOBH9ASGP3ZH2AF7G11WXL&marketplace=FLIPKART&q=smart+phones&store=tyy%2F4io&srno=s_17_385&otracker=search&fm=organic&iid=af6bba20-61aa-4ca0-b829-3cd027aafc19.MOBH9ASGP3ZH2AF7.SEARCH&ppt=None&ppn=None&ssid=dd2yihgo7k0000001791542848099&qH=a5594894156db043&ov_redirect=true,2026-10-09
386,"OnePlus Nord CE 3 Lite 5G (Chromatic Gray, 128 GB)",OnePlus,15699,19999,21% off,4.4,"1,66,945","8,609",8 GB RAM,128 GB ROM,5000 mAh Battery,,17.07 cm (6.72 inch) Display,108MP Rear Camera,,https://www.flipkart.com/oneplus-nord-ce-3-lite-5g-chromatic-gray-128-gb/p/itm2cd5a4e659035?pid=MOBGZJ42KHUZZKMN&lid=LSTMOBGZJ42KHUZZKMNKFGHDQ&marketplace=FLIPKART&q=smart+phones&store=tyy%2F4io&srno=s_17_386&otracker=search&fm=organic&iid=af6bba20-61aa-4ca0-b829-3cd027aafc19.MOBGZJ42KHUZZKMN.SEARCH&ppt=None&ppn=None&ssid=dd2yihgo7k0000001791542848099&qH=a5594894156db043&ov_redirect=true,2026-10-09
387,"BOLTT EVO (Midnight Black, 64 GB)",BOLTT,8999,17999,50% off,4.3,"2,048",987,4 GB RAM,64 GB ROM,6000 mAh Lithium ion Battery,T7250 Processor,6.79'' HD+ punch hole display,50MP + 2MP | 8MP Front Camera,,https://www.flipkart.com/boltt-evo-midnight-black-64-gb/p/itmf046d663a1fd7?pid=MOBHPP597GB8ZHTY&lid=LSTMOBHPP597GB8ZHTYGYX70A&marketplace=FLIPKART&q=smart+phones&store=tyy%2F4io&srno=s_17_387&otracker=search&fm=organic&iid=en_0ze6xXNXMF7hOT9cN1nzJQE3eGw9CU1fS8fMNAO8__4OWPKk-GWxCZ_LnKsc5Z4AmufLsD40cfOytTrT-2ACNol0zbRIx7nkRM2sm5Z_wdMXG2ytu5Q3B6ZXvsmnY0xf&ppt=None&ppn=None&ssid=dd2yihgo7k0000001791542848099&qH=a5594894156db043&ov_redirect=true,2026-10-09
388,"Mivi One 5G (Green, 128 GB)",Mivi,13999,23999,41% off,,,,6 GB RAM,128 GB ROM,6000 mAh Lithium Polymer Battery,Snapdragon 4 Gen 2 Processor,17.14 cm (6.75 inch) HD+ Display,50MP Rear Camera | 8MP Front Camera,,https://www.flipkart.com/mivi-one-5g-green-128-gb/p/itm7ea6be1c1d0bf?pid=MOBHR3ZPFRUFFEBF&lid=LSTMOBHR3ZPFRUFFEBFXXFJBJ&marketplace=FLIPKART&q=smart+phones&store=tyy%2F4io&srno=s_17_388&otracker=search&fm=organic&iid=en_0ze6xXNXMF7hOT9cN1nzJQE3eGw9CU1fS8fMNAO8__5q3lNJP7s-NzVcpX0ebRYAzBcC0adnJVDAF994s5Z8VY9HwORmVN_5IcANi6THsWqYmGghAthRKtRuGuTDTrUy&ppt=None&ppn=None&ssid=dd2yihgo7k0000001791542848099&qH=a5594894156db043&ov_redirect=true,2026-10-09
389,"vivo T4 Lite 5G Charger in the Box (Titanium Gold, 128 GB)",vivo,14999,,,4.3,"49,929","2,381",6 GB RAM,128 GB ROM,6000 mAh Battery,Dimensity 6300 5G Processor,17.12 cm (6.74 inch) HD+ Display,50MP + 2MP | 5MP Front Camera,5G,https://www.flipkart.com/vivo-t4-lite-5g-charger-box-titanium-gold-128-gb/p/itm9886d6e522c4b?pid=MOBHDY9FWXVJYCFM&lid=LSTMOBHDY9FWXVJYCFMZULPBM&marketplace=FLIPKART&q=smart+phones&store=tyy%2F4io&srno=s_17_389&otracker=search&fm=organic&iid=af6bba20-61aa-4ca0-b829-3cd027aafc19.MOBHDY9FWXVJYCFM.SEARCH&ppt=None&ppn=None&ssid=dd2yihgo7k0000001791542848099&qH=a5594894156db043&ov_redirect=true,2026-10-09
390,"Infinix NOTE 60 Pro (Tactical ED(Mocha Brown), 128 GB)",Infinix,35999,39999,10% off,4.4,"1,780",286,8 GB RAM,128 GB ROM,6500 mAh Battery,Snapdragon 7s Gen 4 Processor,17.22 cm (6.78 inch) Full HD+ AMOLED Display,50MP + 8MP | 13MP Front Camera,,https://www.flipkart.com/infinix-note-60-pro-tactical-ed-mocha-brown-128-gb/p/itm7681d00923b3c?pid=MOBHMZBG4ZCYBGTG&lid=LSTMOBHMZBG4ZCYBGTGSWNFYG&marketplace=FLIPKART&q=smart+phones&store=tyy%2F4io&srno=s_17_390&otracker=search&fm=organic&iid=af6bba20-61aa-4ca0-b829-3cd027aafc19.MOBHMZBG4ZCYBGTG.SEARCH&ppt=None&ppn=None&ssid=dd2yihgo7k0000001791542848099&qH=a5594894156db043&ov_redirect=true,2026-10-09
391,"BOLTT ACE 5G (Lavender Bloom, 64 GB)",BOLTT,11999,24999,52% off,4.2,477,226,4 GB RAM,64 GB ROM,6000 mAh Lithium ion Battery,T8200 Processor,17.25 cm (6.79 inch) HD+ Display,64MP Rear Camera | 8MP Front Camera,,https://www.flipkart.com/boltt-ace-5g-lavender-bloom-64-gb/p/itm2eb0f483effdd?pid=MOBHPP59CGDHZVJY&lid=LSTMOBHPP59CGDHZVJYFJP39X&marketplace=FLIPKART&q=smart+phones&store=tyy%2F4io&srno=s_17_391&otracker=search&fm=organic&iid=en_0ze6xXNXMF7hOT9cN1nzJQE3eGw9CU1fS8fMNAO8__5ay9_e30bC5k85rufkxCVI6EjlcJGcWKVIdsXhsZKqldil8PSYMCIeoorv_0-dz5OYmGghAthRKtRuGuTDTrUy&ppt=None&ppn=None&ssid=dd2yihgo7k0000001791542848099&qH=a5594894156db043&ov_redirect=true,2026-10-09
392,"BOLTT EVO (Arctic White, 64 GB)",BOLTT,8999,17999,50% off,4.3,"2,048",987,4 GB RAM,64 GB ROM,6000 mAh Lithium ion Battery,T7250 Processor,6.79'' HD+ punch hole display,50MP + 2MP | 8MP Front Camera,,https://www.flipkart.com/boltt-evo-arctic-white-64-gb/p/itmf046d663a1fd7?pid=MOBHPP59BYSJ98M8&lid=LSTMOBHPP59BYSJ98M8RWYHGQ&marketplace=FLIPKART&q=smart+phones&store=tyy%2F4io&srno=s_17_392&otracker=search&fm=organic&iid=en_0ze6xXNXMF7hOT9cN1nzJQE3eGw9CU1fS8fMNAO8__4fJdb0H-yLxhgNgIfoUDulMw_YrC6cGEjKq2WZ8-8z4kJqULiYX7S4erGGIr8dEegXG2ytu5Q3B6ZXvsmnY0xf&ppt=None&ppn=None&ssid=dd2yihgo7k0000001791542848099&qH=a5594894156db043&ov_redirect=true,2026-10-09
393,"POCO C71 (Power Black, 128 GB)",POCO,9999,,,4.1,"36,671","2,057",6 GB RAM,128 GB ROM,5200 mAh Battery,Unisoc T7250,17.48 cm (6.88 inch) HD+ Display,32MP Rear Camera | 8MP Front Camera,,https://www.flipkart.com/poco-c71-power-black-128-gb/p/itm8096ee52d7013?pid=MOBHAFVJJM8BWNKC&lid=LSTMOBHAFVJJM8BWNKCJY0MRA&marketplace=FLIPKART&q=smart+phones&store=tyy%2F4io&srno=s_17_393&otracker=search&fm=organic&iid=af6bba20-61aa-4ca0-b829-3cd027aafc19.MOBHAFVJJM8BWNKC.SEARCH&ppt=None&ppn=None&ssid=dd2yihgo7k0000001791542848099&qH=a5594894156db043&ov_redirect=true,2026-10-09
394,Vivo T4 Lite 5G (Titanium Gold 2026) (4GB 64GB),Vivo,16999,27999,39% off,4.3,"45,006","2,077",4 GB RAM,64 GB ROM,6000 mAh Battery,Dimensity 6300 5G Processor,17.12 cm (6.74 inch) HD+ Display,50MP + 2MP | 5MP Front Camera,5G,https://www.flipkart.com/vivo-t4-lite-5g-titanium-gold-2026-4gb-64gb/p/itm49fb53d099f3c?pid=MOBHNCRK44PF7QEN&lid=LSTMOBHNCRK44PF7QENBDEBI7&marketplace=FLIPKART&q=smart+phones&store=tyy%2F4io&srno=s_17_394&otracker=search&fm=organic&iid=af6bba20-61aa-4ca0-b829-3cd027aafc19.MOBHNCRK44PF7QEN.SEARCH&ppt=None&ppn=None&ssid=dd2yihgo7k0000001791542848099&qH=a5594894156db043&ov_redirect=true,2026-10-09
395,"realme P4 5G (Steel Grey, 128 GB)",realme,30999,45999,32% off,4.4,"23,674","1,999",8 GB RAM,128 GB ROM,7000 mAh Battery,Mediatek Dimensity 7400 Processor,17.2 cm (6.77 inch) Display,50MP + 8MP | 16MP Front Camera,,https://www.flipkart.com/realme-p4-5g-steel-grey-128-gb/p/itmf836e6de035a5?pid=MOBHN7A8DG58A9HN&lid=LSTMOBHN7A8DG58A9HNQGXAXJ&marketplace=FLIPKART&q=smart+phones&store=tyy%2F4io&srno=s_17_395&otracker=search&fm=organic&iid=af6bba20-61aa-4ca0-b829-3cd027aafc19.MOBHN7A8DG58A9HN.SEARCH&ppt=None&ppn=None&ssid=dd2yihgo7k0000001791542848099&qH=a5594894156db043&ov_redirect=true,2026-10-09
396,"Motorola g54 5G (Mint Green, 256 GB)",Motorola,21999,,,4.2,"82,102","7,304",12 GB RAM,256 GB ROM,6000 mAh Battery,Dimensity 7020 Processor,16.51 cm (6.5 inch) Full HD+ Display,50MP (OIS) + 8MP | 16MP Front Camera,,https://www.flipkart.com/motorola-g54-5g-mint-green-256-gb/p/itm9f608c1154160?pid=MOBGQFX8XGUATGRT&lid=LSTMOBGQFX8XGUATGRTUMNQ7U&marketplace=FLIPKART&q=smart+phones&store=tyy%2F4io&srno=s_17_396&otracker=search&fm=organic&iid=af6bba20-61aa-4ca0-b829-3cd027aafc19.MOBGQFX8XGUATGRT.SEARCH&ppt=None&ppn=None&ssid=dd2yihgo7k0000001791542848099&qH=a5594894156db043&ov_redirect=true,2026-10-09
397,"Nothing Phone (4b) (White, 128 GB)",Nothing,29999,49999,40% off,,,,6 GB RAM,128 GB ROM,6000 mAh Lithium ion Battery,6 Gen 4 Processor,17.2 cm (6.77 inch) Full HD+ AMOLED Display,50MP + 8MP | 16MP Front Camera,,https://www.flipkart.com/nothing-phone-4b-white-128-gb/p/itm939608b40adbb?pid=MOBHQENATV85KYCZ&lid=LSTMOBHQENATV85KYCZ0HUCMA&marketplace=FLIPKART&q=smart+phones&store=tyy%2F4io&srno=s_17_397&otracker=search&fm=organic&iid=en_0ze6xXNXMF7hOT9cN1nzJQE3eGw9CU1fS8fMNAO8__4tnYH0KbZlEutz7pZrv3d5JRWmJqRScuDEhLBoCJQ_-zmhNhj8Rec88cH_U33TMLUXG2ytu5Q3B6ZXvsmnY0xf&ppt=None&ppn=None&ssid=dd2yihgo7k0000001791542848099&qH=a5594894156db043&ov_redirect=true,2026-10-09
398,"BOLTT ACE 5G (Midnight Black, 128 GB)",BOLTT,13499,26999,50% off,4.8,69,59,6 GB RAM,128 GB ROM,6000 mAh Lithium ion Battery,T8200 Processor,17.25 cm (6.79 inch) HD+ Display,64MP Rear Camera | 8MP Front Camera,,https://www.flipkart.com/boltt-ace-5g-midnight-black-128-gb/p/itmc7395bddbb3a4?pid=MOBHPP59KHGRQGZK&lid=LSTMOBHPP59KHGRQGZKG8NGAJ&marketplace=FLIPKART&q=smart+phones&store=tyy%2F4io&srno=s_17_398&otracker=search&fm=organic&iid=en_0ze6xXNXMF7hOT9cN1nzJQE3eGw9CU1fS8fMNAO8__4uD85aThc61_9NpwVE9xaQceO83KH40hAfyKb6-RK5emI2n1F29CDxktZayioP0zqYmGghAthRKtRuGuTDTrUy&ppt=None&ppn=None&ssid=dd2yihgo7k0000001791542848099&qH=a5594894156db043&ov_redirect=true,2026-10-09
399,"POCO C85x 5G (Elite Black, 128 GB)",POCO,14999,21999,31% off,4.1,"6,075",812,4 GB RAM,128 GB ROM,6300 mAh Lithium-Ion Polymer Battery,T8300 Processor,17.53 cm (6.9 inch) HD+ Display,32MP Rear Camera,,https://www.flipkart.com/poco-c85x-5g-elite-black-128-gb/p/itm06a09efeeced7?pid=MOBHMGG5NGH9MQBY&lid=LSTMOBHMGG5NGH9MQBY3J4OBU&marketplace=FLIPKART&q=smart+phones&store=tyy%2F4io&srno=s_17_399&otracker=search&fm=organic&iid=af6bba20-61aa-4ca0-b829-3cd027aafc19.MOBHMGG5NGH9MQBY.SEARCH&ppt=None&ppn=None&ssid=dd2yihgo7k0000001791542848099&qH=a5594894156db043&ov_redirect=true,2026-10-09
400,"realme C100i (Skyline Silver, 64 GB)",realme,16499,25999,36% off,4.1,47,7,4 GB RAM,64 GB ROM,6500 mAh lithium-ion polymer Battery,T7250 Processor,17.14 cm (6.75 inch) HD+ Display,8MP Rear Camera | 5MP Front Camera,,https://www.flipkart.com/realme-c100i-skyline-silver-64-gb/p/itm906b09160c2d6?pid=MOBHQFDA6PMZRZZK&lid=LSTMOBHQFDA6PMZRZZKTFO6VF&marketplace=FLIPKART&q=smart+phones&store=tyy%2F4io&srno=s_17_400&otracker=search&fm=organic&iid=af6bba20-61aa-4ca0-b829-3cd027aafc19.MOBHQFDA6PMZRZZK.SEARCH&ppt=None&ppn=None&ssid=dd2yihgo7k0000001791542848099&qH=a5594894156db043&ov_redirect=true,2026-10-09
401,"BOLTT EVO (Arctic White, 128 GB)",BOLTT,10499,18999,44% off,4,"2,616","1,184",6 GB RAM,128 GB ROM,6000 mAh Lithium ion Battery,T7250 Processor,6.79'' HD+ punch hole display,50MP + 2MP | 8MP Front Camera,,https://www.flipkart.com/boltt-evo-arctic-white-128-gb/p/itmf046d663a1fd7?pid=MOBHPP59GKGTGZGA&lid=LSTMOBHPP59GKGTGZGAIEMNWG&marketplace=FLIPKART&q=smart+phones&store=tyy%2F4io&srno=s_17_401&otracker=search&fm=organic&iid=en_0ze6xXNXMF7hOT9cN1nzJQE3eGw9CU1fS8fMNAO8__7xncKjjB4pO_FNq0QT5V132d7HEcpMQaj_c2xS4y4sBI6iFcCMcne0NcY1l-GNU4wXG2ytu5Q3B6ZXvsmnY0xf&ppt=None&ppn=None&ssid=dd2yihgo7k0000001791542848099&qH=a5594894156db043&ov_redirect=true,2026-10-09
402,"Mivi One 5G (Burgundy, 128 GB)",Mivi,14999,25999,42% off,,,,8 GB RAM,128 GB ROM,6000 mAh Lithium Polymer Battery,Snapdragon 4 Gen 2 Processor,17.14 cm (6.75 inch) HD+ Display,50MP Rear Camera | 8MP Front Camera,,https://www.flipkart.com/mivi-one-5g-burgundy-128-gb/p/itm3fb0c94957b9f?pid=MOBHR3ZP74GDCQQC&lid=LSTMOBHR3ZP74GDCQQC3F0WAL&marketplace=FLIPKART&q=smart+phones&store=tyy%2F4io&srno=s_17_402&otracker=search&fm=organic&iid=en_0ze6xXNXMF7hOT9cN1nzJQE3eGw9CU1fS8fMNAO8__6h2LYi7KVoqDFdqghI5pq1lhTq3TNR9LJbyvkcUs0E5h5lnB_B3YgA2Ah0gCCIDM6YmGghAthRKtRuGuTDTrUy&ppt=None&ppn=None&ssid=dd2yihgo7k0000001791542848099&qH=a5594894156db043&ov_redirect=true,2026-10-09
403,"Samsung Galaxy A14 5G (Light Green, 128 GB)",Samsung,14990,20999,28% off,4.2,"81,754","4,000",6 GB RAM,128 GB ROM,5000 mAh Lithium Ion Battery,Exynos 1330 Processor,16.76 cm (6.6 inch) Full HD+ Display,50MP + 2MP + 2MP | 13MP Front Camera,,https://www.flipkart.com/samsung-galaxy-a14-5g-light-green-128-gb/p/itmabe91abe7ba0c?pid=MOBGHT8UU3STRKZS&lid=LSTMOBGHT8UU3STRKZSCODPKE&marketplace=FLIPKART&q=smart+phones&store=tyy%2F4io&srno=s_17_403&otracker=search&fm=organic&iid=af6bba20-61aa-4ca0-b829-3cd027aafc19.MOBGHT8UU3STRKZS.SEARCH&ppt=None&ppn=None&ssid=dd2yihgo7k0000001791542848099&qH=a5594894156db043&ov_redirect=true,2026-10-09
404,"POCO M7 5G (Mint Green, 128 GB)",POCO,12499,12999,3% off,4.1,"77,570","4,383",6 GB RAM,128 GB ROM,5160 mAh Battery,4 Gen 2 5G Processor,17.48 cm (6.88 inch) HD+ Display,50MP Rear Camera | 8MP Front Camera,5G,https://www.flipkart.com/poco-m7-5g-mint-green-128-gb/p/itm55887907a1c02?pid=MOBH9HFJFR4FYHNJ&lid=LSTMOBH9HFJFR4FYHNJVOMMEX&marketplace=FLIPKART&q=smart+phones&store=tyy%2F4io&srno=s_17_404&otracker=search&fm=organic&iid=af6bba20-61aa-4ca0-b829-3cd027aafc19.MOBH9HFJFR4FYHNJ.SEARCH&ppt=None&ppn=None&ssid=dd2yihgo7k0000001791542848099&qH=a5594894156db043&ov_redirect=true,2026-10-09
405,"POCO M8 (Carbon Black, 128 GB)",POCO,26999,27999,3% off,4.3,"2,331",211,8 GB RAM,128 GB ROM,5520 mAh Battery,,17.2 cm (6.77 inch) Full HD+ Display,50MP Rear Camera | 20MP Front Camera,,https://www.flipkart.com/poco-m8-carbon-black-128-gb/p/itm4a387788f045c?pid=MOBHMGG5FFCEPT3V&lid=LSTMOBHMGG5FFCEPT3VOQI1H2&marketplace=FLIPKART&q=smart+phones&store=tyy%2F4io&srno=s_17_405&otracker=search&fm=organic&iid=af6bba20-61aa-4ca0-b829-3cd027aafc19.MOBHMGG5FFCEPT3V.SEARCH&ppt=None&ppn=None&ssid=dd2yihgo7k0000001791542848099&qH=a5594894156db043&ov_redirect=true,2026-10-09
406,"MOTOROLA Signature (PANTONE Martini Olive, 1 TB)",MOTOROLA,69999,84999,17% off,4.5,"1,287",228,16 GB RAM,1 TB ROM,5200 mAh Battery,Snapdragon 8 Gen 5 Processor,17.27 cm (6.8 inch) Super HD Display,50MP + 50MP + 50MP | 50MP Front Camera,,https://www.flipkart.com/motorola-signature-pantone-martini-olive-1-tb/p/itm4806fc933fff8?pid=MOBHGVJYRCA9AUCG&lid=LSTMOBHGVJYRCA9AUCGY92BDO&marketplace=FLIPKART&q=smart+phones&store=tyy%2F4io&srno=s_17_406&otracker=search&fm=organic&iid=af6bba20-61aa-4ca0-b829-3cd027aafc19.MOBHGVJYRCA9AUCG.SEARCH&ppt=None&ppn=None&ssid=dd2yihgo7k0000001791542848099&qH=a5594894156db043&ov_redirect=true,2026-10-09
407,"BOLTT EVO (Sky Blue, 64 GB)",BOLTT,8999,17999,50% off,4.3,"2,048",987,4 GB RAM,64 GB ROM,6000 mAh Lithium ion Battery,T7250 Processor,6.79'' HD+ punch hole display,50MP + 2MP | 8MP Front Camera,,https://www.flipkart.com/boltt-evo-sky-blue-64-gb/p/itmf046d663a1fd7?pid=MOBHPP59WKSV4FYG&lid=LSTMOBHPP59WKSV4FYGYPMLV6&marketplace=FLIPKART&q=smart+phones&store=tyy%2F4io&srno=s_17_407&otracker=search&fm=organic&iid=en_0ze6xXNXMF7hOT9cN1nzJQE3eGw9CU1fS8fMNAO8__5MIjGyiajZTCsL0p5DNJ3KiWdFa328hJ5Tl7uRbip-ZFs0LAPqMrP3q_6IRdvsZf8XG2ytu5Q3B6ZXvsmnY0xf&ppt=None&ppn=None&ssid=dd2yihgo7k0000001791542848099&qH=a5594894156db043&ov_redirect=true,2026-10-09
408,"BOLTT ACE 5G (Arctic White, 128 GB)",BOLTT,13499,26999,50% off,4.8,69,59,6 GB RAM,128 GB ROM,6000 mAh Lithium ion Battery,T8200 Processor,17.25 cm (6.79 inch) HD+ Display,64MP Rear Camera | 8MP Front Camera,,https://www.flipkart.com/boltt-ace-5g-arctic-white-128-gb/p/itm2eb0f483effdd?pid=MOBHPP599JHZUZBV&lid=LSTMOBHPP599JHZUZBVN1I3RX&marketplace=FLIPKART&q=smart+phones&store=tyy%2F4io&srno=s_17_408&otracker=search&fm=organic&iid=en_0ze6xXNXMF7hOT9cN1nzJQE3eGw9CU1fS8fMNAO8__5wRLlGEQSyS61BJ4IErbsxqWMRb7XZ9LlJlXwsX-MeSpRRJF9TV-hbUYxhg9GdHDZ-ohr2yRRb6ipRM8wsutRu&ppt=None&ppn=None&ssid=dd2yihgo7k0000001791542848099&qH=a5594894156db043&ov_redirect=true,2026-10-09
409,"Infinix Hot 50 5G (Sleek Black, 128 GB)",Infinix,10999,14999,26% off,4.3,"17,396","1,326",8 GB RAM,128 GB ROM,5000 mAh Lithium-ion Polymer Battery,Dimensity 6300 Processor,17.02 cm (6.7 inch) HD+ Display,48MP + Depth Sensor | 8MP Front Camera,,https://www.flipkart.com/infinix-hot-50-5g-sleek-black-128-gb/p/itm61d8bc127842c?pid=MOBH45FZSETQ3KMG&lid=LSTMOBH45FZSETQ3KMGKEMMXU&marketplace=FLIPKART&q=smart+phones&store=tyy%2F4io&srno=s_18_409&otracker=search&fm=organic&iid=a9867550-8b80-4ee5-8d39-3cc375f4e63d.MOBH45FZSETQ3KMG.SEARCH&ppt=None&ppn=None&ssid=xe2ofwmw9s0000001791542850921&qH=a5594894156db043&ov_redirect=true,2026-10-09
410,"POCO X8 5G (Black, 128 GB)",POCO,29999,69999,57% off,4.2,52,12,8 GB RAM,128 GB ROM,9000 mAh Lithium-Ion Polymer Battery,6s Gen 4 Processor,17.35 cm (6.83 inch) Full HD+ AMOLED Display,50MP + 2MP | 16MP Front Camera,,https://www.flipkart.com/poco-x8-5g-black-128-gb/p/itmc92e382c0f324?pid=MOBHQ6XZ96VTDUBW&lid=LSTMOBHQ6XZ96VTDUBWS2CKDG&marketplace=FLIPKART&q=smart+phones&store=tyy%2F4io&srno=s_18_410&otracker=search&fm=organic&iid=a9867550-8b80-4ee5-8d39-3cc375f4e63d.MOBHQ6XZ96VTDUBW.SEARCH&ppt=None&ppn=None&ssid=xe2ofwmw9s0000001791542850921&qH=a5594894156db043&ov_redirect=true,2026-10-09
411,"Mivi One 5G (Green, 128 GB)",Mivi,13999,23999,41% off,,,,6 GB RAM,128 GB ROM,6000 mAh Lithium Polymer Battery,Snapdragon 4 Gen 2 Processor,17.14 cm (6.75 inch) HD+ Display,50MP Rear Camera | 8MP Front Camera,,https://www.flipkart.com/mivi-one-5g-green-128-gb/p/itm7ea6be1c1d0bf?pid=MOBHR3ZPFRUFFEBF&lid=LSTMOBHR3ZPFRUFFEBFXXFJBJ&marketplace=FLIPKART&q=smart+phones&store=tyy%2F4io&srno=s_18_411&otracker=search&fm=organic&iid=en_Dx_q_IsBpYyduoxLHds252gKm4EdPLz1JaKleHsqNV46KA4L6SGfgzoA7vTctR9kzBcC0adnJVDAF994s5Z8VdXXcDpR_S7wBKL_ui3585MWU-tR2tHBOdOtuF-GMoXB&ppt=None&ppn=None&ssid=xe2ofwmw9s0000001791542850921&qH=a5594894156db043&ov_redirect=true,2026-10-09
412,"BOLTT ACE 5G (Lavender Bloom, 64 GB)",BOLTT,11999,24999,52% off,4.2,477,226,4 GB RAM,64 GB ROM,6000 mAh Lithium ion Battery,T8200 Processor,17.25 cm (6.79 inch) HD+ Display,64MP Rear Camera | 8MP Front Camera,,https://www.flipkart.com/boltt-ace-5g-lavender-bloom-64-gb/p/itm2eb0f483effdd?pid=MOBHPP59CGDHZVJY&lid=LSTMOBHPP59CGDHZVJYFJP39X&marketplace=FLIPKART&q=smart+phones&store=tyy%2F4io&srno=s_18_412&otracker=search&fm=organic&iid=en_Dx_q_IsBpYyduoxLHds252gKm4EdPLz1JaKleHsqNV6xptyJh_JM7h0DDa73LAot6EjlcJGcWKVIdsXhsZKqlc-Hfce6zHM39GsmaCxEcE0WU-tR2tHBOdOtuF-GMoXB&ppt=None&ppn=None&ssid=xe2ofwmw9s0000001791542850921&qH=a5594894156db043&ov_redirect=true,2026-10-09
413,"Infinix HOT 60i 5G (Sleek Black, 128 GB)",Infinix,15999,24999,36% off,4.3,"1,605",148,4 GB RAM,128 GB ROM,6000 mAh Battery,Dimensity 6400 Processor,17.14 cm (6.75 inch) HD+ Display,50MP Rear Camera | 5MP Front Camera,,https://www.flipkart.com/infinix-hot-60i-5g-sleek-black-128-gb/p/itm1cb6bf875f6e0?pid=MOBHERZEA3AN4VMQ&lid=LSTMOBHERZEA3AN4VMQDNJOFQ&marketplace=FLIPKART&q=smart+phones&store=tyy%2F4io&srno=s_18_413&otracker=search&fm=organic&iid=a9867550-8b80-4ee5-8d39-3cc375f4e63d.MOBHERZEA3AN4VMQ.SEARCH&ppt=None&ppn=None&ssid=xe2ofwmw9s0000001791542850921&qH=a5594894156db043&ov_redirect=true,2026-10-09
414,"OnePlus Nord CE 3 Lite 5G (Chromatic Gray, 128 GB)",OnePlus,15699,19999,21% off,4.4,"1,66,945","8,609",8 GB RAM,128 GB ROM,5000 mAh Battery,,17.07 cm (6.72 inch) Display,108MP Rear Camera,,https://www.flipkart.com/oneplus-nord-ce-3-lite-5g-chromatic-gray-128-gb/p/itm2cd5a4e659035?pid=MOBGZJ42KHUZZKMN&lid=LSTMOBGZJ42KHUZZKMNKFGHDQ&marketplace=FLIPKART&q=smart+phones&store=tyy%2F4io&srno=s_18_414&otracker=search&fm=organic&iid=a9867550-8b80-4ee5-8d39-3cc375f4e63d.MOBGZJ42KHUZZKMN.SEARCH&ppt=None&ppn=None&ssid=xe2ofwmw9s0000001791542850921&qH=a5594894156db043&ov_redirect=true,2026-10-09
415,"vivo T4 Lite 5G Charger in the Box (Titanium Gold, 128 GB)",vivo,14999,,,4.3,"49,929","2,381",6 GB RAM,128 GB ROM,6000 mAh Battery,Dimensity 6300 5G Processor,17.12 cm (6.74 inch) HD+ Display,50MP + 2MP | 5MP Front Camera,5G,https://www.flipkart.com/vivo-t4-lite-5g-charger-box-titanium-gold-128-gb/p/itm9886d6e522c4b?pid=MOBHDY9FWXVJYCFM&lid=LSTMOBHDY9FWXVJYCFMZULPBM&marketplace=FLIPKART&q=smart+phones&store=tyy%2F4io&srno=s_18_415&otracker=search&fm=organic&iid=a9867550-8b80-4ee5-8d39-3cc375f4e63d.MOBHDY9FWXVJYCFM.SEARCH&ppt=None&ppn=None&ssid=xe2ofwmw9s0000001791542850921&qH=a5594894156db043&ov_redirect=true,2026-10-09
416,"Samsung Galaxy F16 5G (Bling Black, 128 GB)",Samsung,15499,18999,18% off,4.2,"3,686",275,8 GB RAM,128 GB ROM,5000 mAh Battery,Dimensity 6300 Processor,16.91 cm (6.657 inch) Full HD+ Display,50MP + 5MP + 2MP | 13MP Front Camera,,https://www.flipkart.com/samsung-galaxy-f16-5g-bling-black-128-gb/p/itmc78bc1cee0259?pid=MOBH9ASGP3ZH2AF7&lid=LSTMOBH9ASGP3ZH2AF7G11WXL&marketplace=FLIPKART&q=smart+phones&store=tyy%2F4io&srno=s_18_416&otracker=search&fm=organic&iid=a9867550-8b80-4ee5-8d39-3cc375f4e63d.MOBH9ASGP3ZH2AF7.SEARCH&ppt=None&ppn=None&ssid=xe2ofwmw9s0000001791542850921&qH=a5594894156db043&ov_redirect=true,2026-10-09
417,"BOLTT EVO (Midnight Black, 64 GB)",BOLTT,8999,17999,50% off,4.3,"2,048",987,4 GB RAM,64 GB ROM,6000 mAh Lithium ion Battery,T7250 Processor,6.79'' HD+ punch hole display,50MP + 2MP | 8MP Front Camera,,https://www.flipkart.com/boltt-evo-midnight-black-64-gb/p/itmf046d663a1fd7?pid=MOBHPP597GB8ZHTY&lid=LSTMOBHPP597GB8ZHTYGYX70A&marketplace=FLIPKART&q=smart+phones&store=tyy%2F4io&srno=s_18_417&otracker=search&fm=organic&iid=en_Dx_q_IsBpYyduoxLHds252gKm4EdPLz1JaKleHsqNV5mBSm0QEPZ2uWIYO-pWMTImufLsD40cfOytTrT-2ACNqoJtuV9R_JTLQ6A0_d1zMQiIMgEsgsdSqUhsTp3eIxJ&ppt=None&ppn=None&ssid=xe2ofwmw9s0000001791542850921&qH=a5594894156db043&ov_redirect=true,2026-10-09
418,"BOLTT EVO (Arctic White, 64 GB)",BOLTT,8999,17999,50% off,4.3,"2,048",987,4 GB RAM,64 GB ROM,6000 mAh Lithium ion Battery,T7250 Processor,6.79'' HD+ punch hole display,50MP + 2MP | 8MP Front Camera,,https://www.flipkart.com/boltt-evo-arctic-white-64-gb/p/itmf046d663a1fd7?pid=MOBHPP59BYSJ98M8&lid=LSTMOBHPP59BYSJ98M8RWYHGQ&marketplace=FLIPKART&q=smart+phones&store=tyy%2F4io&srno=s_18_418&otracker=search&fm=organic&iid=en_Dx_q_IsBpYyduoxLHds252gKm4EdPLz1JaKleHsqNV73nXeu2U-ZJZ1WraBG0fsKMw_YrC6cGEjKq2WZ8-8z4kJqULiYX7S4erGGIr8dEegiIMgEsgsdSqUhsTp3eIxJ&ppt=None&ppn=None&ssid=xe2ofwmw9s0000001791542850921&qH=a5594894156db043&ov_redirect=true,2026-10-09
419,"POCO C85x 5G (Elite Black, 128 GB)",POCO,14999,21999,31% off,4.1,"6,075",812,4 GB RAM,128 GB ROM,6300 mAh Lithium-Ion Polymer Battery,T8300 Processor,17.53 cm (6.9 inch) HD+ Display,32MP Rear Camera,,https://www.flipkart.com/poco-c85x-5g-elite-black-128-gb/p/itm06a09efeeced7?pid=MOBHMGG5NGH9MQBY&lid=LSTMOBHMGG5NGH9MQBY3J4OBU&marketplace=FLIPKART&q=smart+phones&store=tyy%2F4io&srno=s_18_419&otracker=search&fm=organic&iid=a9867550-8b80-4ee5-8d39-3cc375f4e63d.MOBHMGG5NGH9MQBY.SEARCH&ppt=None&ppn=None&ssid=xe2ofwmw9s0000001791542850921&qH=a5594894156db043&ov_redirect=true,2026-10-09
420,"Infinix NOTE 60 Pro (Tactical ED(Mocha Brown), 128 GB)",Infinix,35999,39999,10% off,4.4,"1,780",286,8 GB RAM,128 GB ROM,6500 mAh Battery,Snapdragon 7s Gen 4 Processor,17.22 cm (6.78 inch) Full HD+ AMOLED Display,50MP + 8MP | 13MP Front Camera,,https://www.flipkart.com/infinix-note-60-pro-tactical-ed-mocha-brown-128-gb/p/itm7681d00923b3c?pid=MOBHMZBG4ZCYBGTG&lid=LSTMOBHMZBG4ZCYBGTGSWNFYG&marketplace=FLIPKART&q=smart+phones&store=tyy%2F4io&srno=s_18_420&otracker=search&fm=organic&iid=a9867550-8b80-4ee5-8d39-3cc375f4e63d.MOBHMZBG4ZCYBGTG.SEARCH&ppt=None&ppn=None&ssid=xe2ofwmw9s0000001791542850921&qH=a5594894156db043&ov_redirect=true,2026-10-09
421,"Nothing Phone (4b) (White, 128 GB)",Nothing,29999,49999,40% off,,,,6 GB RAM,128 GB ROM,6000 mAh Lithium ion Battery,6 Gen 4 Processor,17.2 cm (6.77 inch) Full HD+ AMOLED Display,50MP + 8MP | 16MP Front Camera,,https://www.flipkart.com/nothing-phone-4b-white-128-gb/p/itm939608b40adbb?pid=MOBHQENATV85KYCZ&lid=LSTMOBHQENATV85KYCZ0HUCMA&marketplace=FLIPKART&q=smart+phones&store=tyy%2F4io&srno=s_18_421&otracker=search&fm=organic&iid=en_Dx_q_IsBpYyduoxLHds252gKm4EdPLz1JaKleHsqNV5kYYAsrBVF-Dd1P_72K31DJRWmJqRScuDEhLBoCJQ_-zmhNhj8Rec88cH_U33TMLUiIMgEsgsdSqUhsTp3eIxJ&ppt=None&ppn=None&ssid=xe2ofwmw9s0000001791542850921&qH=a5594894156db043&ov_redirect=true,2026-10-09
422,"BOLTT ACE 5G (Midnight Black, 128 GB)",BOLTT,13499,26999,50% off,4.8,69,59,6 GB RAM,128 GB ROM,6000 mAh Lithium ion Battery,T8200 Processor,17.25 cm (6.79 inch) HD+ Display,64MP Rear Camera | 8MP Front Camera,,https://www.flipkart.com/boltt-ace-5g-midnight-black-128-gb/p/itmc7395bddbb3a4?pid=MOBHPP59KHGRQGZK&lid=LSTMOBHPP59KHGRQGZKG8NGAJ&marketplace=FLIPKART&q=smart+phones&store=tyy%2F4io&srno=s_18_422&otracker=search&fm=organic&iid=en_Dx_q_IsBpYyduoxLHds252gKm4EdPLz1JaKleHsqNV4muk2IZxwDBPDQEfL1D8T1ceO83KH40hAfyKb6-RK5emI2n1F29CDxktZayioP0zoWU-tR2tHBOdOtuF-GMoXB&ppt=None&ppn=None&ssid=xe2ofwmw9s0000001791542850921&qH=a5594894156db043&ov_redirect=true,2026-10-09
423,"POCO C71 (Power Black, 128 GB)",POCO,9999,,,4.1,"36,671","2,057",6 GB RAM,128 GB ROM,5200 mAh Battery,Unisoc T7250,17.48 cm (6.88 inch) HD+ Display,32MP Rear Camera | 8MP Front Camera,,https://www.flipkart.com/poco-c71-power-black-128-gb/p/itm8096ee52d7013?pid=MOBHAFVJJM8BWNKC&lid=LSTMOBHAFVJJM8BWNKCJY0MRA&marketplace=FLIPKART&q=smart+phones&store=tyy%2F4io&srno=s_18_423&otracker=search&fm=organic&iid=a9867550-8b80-4ee5-8d39-3cc375f4e63d.MOBHAFVJJM8BWNKC.SEARCH&ppt=None&ppn=None&ssid=xe2ofwmw9s0000001791542850921&qH=a5594894156db043&ov_redirect=true,2026-10-09
424,"Motorola g54 5G (Mint Green, 256 GB)",Motorola,21999,,,4.2,"82,102","7,304",12 GB RAM,256 GB ROM,6000 mAh Battery,Dimensity 7020 Processor,16.51 cm (6.5 inch) Full HD+ Display,50MP (OIS) + 8MP | 16MP Front Camera,,https://www.flipkart.com/motorola-g54-5g-mint-green-256-gb/p/itm9f608c1154160?pid=MOBGQFX8XGUATGRT&lid=LSTMOBGQFX8XGUATGRTUMNQ7U&marketplace=FLIPKART&q=smart+phones&store=tyy%2F4io&srno=s_18_424&otracker=search&fm=organic&iid=a9867550-8b80-4ee5-8d39-3cc375f4e63d.MOBGQFX8XGUATGRT.SEARCH&ppt=None&ppn=None&ssid=xe2ofwmw9s0000001791542850921&qH=a5594894156db043&ov_redirect=true,2026-10-09
425,"realme C100i (Skyline Silver, 64 GB)",realme,16499,25999,36% off,4.1,47,7,4 GB RAM,64 GB ROM,6500 mAh lithium-ion polymer Battery,T7250 Processor,17.14 cm (6.75 inch) HD+ Display,8MP Rear Camera | 5MP Front Camera,,https://www.flipkart.com/realme-c100i-skyline-silver-64-gb/p/itm906b09160c2d6?pid=MOBHQFDA6PMZRZZK&lid=LSTMOBHQFDA6PMZRZZKTFO6VF&marketplace=FLIPKART&q=smart+phones&store=tyy%2F4io&srno=s_18_425&otracker=search&fm=organic&iid=a9867550-8b80-4ee5-8d39-3cc375f4e63d.MOBHQFDA6PMZRZZK.SEARCH&ppt=None&ppn=None&ssid=xe2ofwmw9s0000001791542850921&qH=a5594894156db043&ov_redirect=true,2026-10-09
426,"Samsung Galaxy A14 5G (Light Green, 128 GB)",Samsung,14990,20999,28% off,4.2,"81,754","4,000",6 GB RAM,128 GB ROM,5000 mAh Lithium Ion Battery,Exynos 1330 Processor,16.76 cm (6.6 inch) Full HD+ Display,50MP + 2MP + 2MP | 13MP Front Camera,,https://www.flipkart.com/samsung-galaxy-a14-5g-light-green-128-gb/p/itmabe91abe7ba0c?pid=MOBGHT8UU3STRKZS&lid=LSTMOBGHT8UU3STRKZSCODPKE&marketplace=FLIPKART&q=smart+phones&store=tyy%2F4io&srno=s_18_426&otracker=search&fm=organic&iid=a9867550-8b80-4ee5-8d39-3cc375f4e63d.MOBGHT8UU3STRKZS.SEARCH&ppt=None&ppn=None&ssid=xe2ofwmw9s0000001791542850921&qH=a5594894156db043&ov_redirect=true,2026-10-09
427,"BOLTT EVO (Arctic White, 128 GB)",BOLTT,10499,18999,44% off,4,"2,616","1,184",6 GB RAM,128 GB ROM,6000 mAh Lithium ion Battery,T7250 Processor,6.79'' HD+ punch hole display,50MP + 2MP | 8MP Front Camera,,https://www.flipkart.com/boltt-evo-arctic-white-128-gb/p/itmf046d663a1fd7?pid=MOBHPP59GKGTGZGA&lid=LSTMOBHPP59GKGTGZGAIEMNWG&marketplace=FLIPKART&q=smart+phones&store=tyy%2F4io&srno=s_18_427&otracker=search&fm=organic&iid=en_Dx_q_IsBpYyduoxLHds252gKm4EdPLz1JaKleHsqNV5a1xLlvciDuSHW2bVN4nnx2d7HEcpMQaj_c2xS4y4sBI6iFcCMcne0NcY1l-GNU4wiIMgEsgsdSqUhsTp3eIxJ&ppt=None&ppn=None&ssid=xe2ofwmw9s0000001791542850921&qH=a5594894156db043&ov_redirect=true,2026-10-09
428,"Mivi One 5G (Burgundy, 128 GB)",Mivi,14999,25999,42% off,,,,8 GB RAM,128 GB ROM,6000 mAh Lithium Polymer Battery,Snapdragon 4 Gen 2 Processor,17.14 cm (6.75 inch) HD+ Display,50MP Rear Camera | 8MP Front Camera,,https://www.flipkart.com/mivi-one-5g-burgundy-128-gb/p/itm3fb0c94957b9f?pid=MOBHR3ZP74GDCQQC&lid=LSTMOBHR3ZP74GDCQQC3F0WAL&marketplace=FLIPKART&q=smart+phones&store=tyy%2F4io&srno=s_18_428&otracker=search&fm=organic&iid=en_Dx_q_IsBpYyduoxLHds252gKm4EdPLz1JaKleHsqNV7ZZUHov5YkF2uhXXP-tRdolhTq3TNR9LJbyvkcUs0E5h5lnB_B3YgA2Ah0gCCIDM4WU-tR2tHBOdOtuF-GMoXB&ppt=None&ppn=None&ssid=xe2ofwmw9s0000001791542850921&qH=a5594894156db043&ov_redirect=true,2026-10-09
429,"realme P4 5G (Steel Grey, 128 GB)",realme,30999,45999,32% off,4.4,"23,674","1,999",8 GB RAM,128 GB ROM,7000 mAh Battery,Mediatek Dimensity 7400 Processor,17.2 cm (6.77 inch) Display,50MP + 8MP | 16MP Front Camera,,https://www.flipkart.com/realme-p4-5g-steel-grey-128-gb/p/itmf836e6de035a5?pid=MOBHN7A8DG58A9HN&lid=LSTMOBHN7A8DG58A9HNQGXAXJ&marketplace=FLIPKART&q=smart+phones&store=tyy%2F4io&srno=s_18_429&otracker=search&fm=organic&iid=a9867550-8b80-4ee5-8d39-3cc375f4e63d.MOBHN7A8DG58A9HN.SEARCH&ppt=None&ppn=None&ssid=xe2ofwmw9s0000001791542850921&qH=a5594894156db043&ov_redirect=true,2026-10-09
430,"Infinix HOT 60i 5G (Monsoon Green, 128 GB)",Infinix,15999,24999,36% off,4.3,"1,605",148,4 GB RAM,128 GB ROM,6000 mAh Battery,Dimensity 6400 Processor,17.14 cm (6.75 inch) HD+ Display,50MP Rear Camera | 5MP Front Camera,,https://www.flipkart.com/infinix-hot-60i-5g-monsoon-green-128-gb/p/itm1cb6bf875f6e0?pid=MOBHERZEN4ZUNYQV&lid=LSTMOBHERZEN4ZUNYQVV7FU5F&marketplace=FLIPKART&q=smart+phones&store=tyy%2F4io&srno=s_18_430&otracker=search&fm=organic&iid=a9867550-8b80-4ee5-8d39-3cc375f4e63d.MOBHERZEN4ZUNYQV.SEARCH&ppt=None&ppn=None&ssid=xe2ofwmw9s0000001791542850921&qH=a5594894156db043&ov_redirect=true,2026-10-09
431,"BOLTT EVO (Sky Blue, 64 GB)",BOLTT,8999,17999,50% off,4.3,"2,048",987,4 GB RAM,64 GB ROM,6000 mAh Lithium ion Battery,T7250 Processor,6.79'' HD+ punch hole display,50MP + 2MP | 8MP Front Camera,,https://www.flipkart.com/boltt-evo-sky-blue-64-gb/p/itmf046d663a1fd7?pid=MOBHPP59WKSV4FYG&lid=LSTMOBHPP59WKSV4FYGYPMLV6&marketplace=FLIPKART&q=smart+phones&store=tyy%2F4io&srno=s_18_431&otracker=search&fm=organic&iid=en_Dx_q_IsBpYyduoxLHds252gKm4EdPLz1JaKleHsqNV5toksyV0ACL2NwSwUT8r3XiWdFa328hJ5Tl7uRbip-ZFs0LAPqMrP3q_6IRdvsZf8iIMgEsgsdSqUhsTp3eIxJ&ppt=None&ppn=None&ssid=xe2ofwmw9s0000001791542850921&qH=a5594894156db043&ov_redirect=true,2026-10-09
432,"BOLTT ACE 5G (Arctic White, 128 GB)",BOLTT,13499,26999,50% off,4.8,69,59,6 GB RAM,128 GB ROM,6000 mAh Lithium ion Battery,T8200 Processor,17.25 cm (6.79 inch) HD+ Display,64MP Rear Camera | 8MP Front Camera,,https://www.flipkart.com/boltt-ace-5g-arctic-white-128-gb/p/itm2eb0f483effdd?pid=MOBHPP599JHZUZBV&lid=LSTMOBHPP599JHZUZBVN1I3RX&marketplace=FLIPKART&q=smart+phones&store=tyy%2F4io&srno=s_18_432&otracker=search&fm=organic&iid=en_Dx_q_IsBpYyduoxLHds252gKm4EdPLz1JaKleHsqNV4qZNwPJnsNdJht9SzqM7O-qWMRb7XZ9LlJlXwsX-MeSpRRJF9TV-hbUYxhg9GdHDZ3cgbminWcsoERT73lqfZy&ppt=None&ppn=None&ssid=xe2ofwmw9s0000001791542850921&qH=a5594894156db043&ov_redirect=true,2026-10-09
433,"MOTOROLA g35 5G (Guava Red, 128 GB)",MOTOROLA,12499,,,4.2,"1,40,716","9,750",4 GB RAM,128 GB ROM,5000 mAh Battery,T760 Processor,17.07 cm (6.72 inch) Full HD+ Display,50MP + 8MP | 16MP Front Camera,5G,https://www.flipkart.com/motorola-g35-5g-guava-red-128-gb/p/itm39bba58f6cdfc?pid=MOBH3YGPWZZB9ZZK&lid=LSTMOBH3YGPWZZB9ZZKFWIZWR&marketplace=FLIPKART&q=smart+phones&store=tyy%2F4io&srno=s_19_433&otracker=search&fm=organic&iid=859f095d-98f9-4f52-aa43-7dd1f40a074e.MOBH3YGPWZZB9ZZK.SEARCH&ppt=None&ppn=None&ssid=h495l5cylc0000001791542853804&qH=a5594894156db043&ov_redirect=true,2026-10-09
434,"Samsung Galaxy F04 (Opal Green, 64 GB)",Samsung,11499,,,4.2,"1,07,969","6,205",4 GB RAM,64 GB ROM,5000 mAh Lithium-Ion Battery,Mediatek Helio P35 Processor,16.51 cm (6.5 inch) HD Display,13MP + 2MP | 5MP Front Camera,,https://www.flipkart.com/samsung-galaxy-f04-opal-green-64-gb/p/itmd0c05f8b03876?pid=MOBGKY2V7QZ2QVFS&lid=LSTMOBGKY2V7QZ2QVFSGOGYVU&marketplace=FLIPKART&q=smart+phones&store=tyy%2F4io&srno=s_19_434&otracker=search&fm=organic&iid=859f095d-98f9-4f52-aa43-7dd1f40a074e.MOBGKY2V7QZ2QVFS.SEARCH&ppt=None&ppn=None&ssid=h495l5cylc0000001791542853804&qH=a5594894156db043&ov_redirect=true,2026-10-09
435,"Infinix HOT 40i (Palm Blue, 256 GB)",Infinix,9999,10999,9% off,4.1,"21,747","1,332",8 GB RAM,256 GB ROM,5000 mAh Battery,Unisoc T606 Processor,16.76 cm (6.6 inch) HD+ Display,50MP + AI Lens | 32MP Front Camera,,https://www.flipkart.com/infinix-hot-40i-palm-blue-256-gb/p/itma7412e2a212c6?pid=MOBGXZGHGAD7H8QG&lid=LSTMOBGXZGHGAD7H8QGKOJZHW&marketplace=FLIPKART&q=smart+phones&store=tyy%2F4io&srno=s_19_435&otracker=search&fm=organic&iid=859f095d-98f9-4f52-aa43-7dd1f40a074e.MOBGXZGHGAD7H8QG.SEARCH&ppt=None&ppn=None&ssid=h495l5cylc0000001791542853804&qH=a5594894156db043&ov_redirect=true,2026-10-09
436,"MOTOROLA g max (PANTONE Malaga, 128 GB)",MOTOROLA,26999,44999,40% off,4.4,31,2,6 GB RAM,128 GB ROM,7000 mAh Battery,Snapdragon 6s Gen 4 Processor,17.07 cm (6.72 inch) Full HD+ Display,50MP + 8MP | 32MP Front Camera,,https://www.flipkart.com/motorola-g-max-pantone-malaga-128-gb/p/itmbd07b2023dab1?pid=MOBHPR97F9CZHPVU&lid=LSTMOBHPR97F9CZHPVU0DP4ZY&marketplace=FLIPKART&q=smart+phones&store=tyy%2F4io&srno=s_19_436&otracker=search&fm=organic&iid=859f095d-98f9-4f52-aa43-7dd1f40a074e.MOBHPR97F9CZHPVU.SEARCH&ppt=None&ppn=None&ssid=h495l5cylc0000001791542853804&qH=a5594894156db043&ov_redirect=true,2026-10-09
437,"BOLTT EVO (Midnight Black, 64 GB)",BOLTT,8999,17999,50% off,4.3,"2,048",987,4 GB RAM,64 GB ROM,6000 mAh Lithium ion Battery,T7250 Processor,6.79'' HD+ punch hole display,50MP + 2MP | 8MP Front Camera,,https://www.flipkart.com/boltt-evo-midnight-black-64-gb/p/itmf046d663a1fd7?pid=MOBHPP597GB8ZHTY&lid=LSTMOBHPP597GB8ZHTYGYX70A&marketplace=FLIPKART&q=smart+phones&store=tyy%2F4io&srno=s_19_437&otracker=search&fm=organic&iid=en_CfX0YNymVmiHgCC29IF5RbFikHrhcSiO5YPgc4dzoMYxeA5tZbLk6XwLQnGfwWatmufLsD40cfOytTrT-2ACNol0zbRIx7nkRM2sm5Z_wdPL1tNt1ODyNYBoRBKqFRHI&ppt=None&ppn=None&ssid=h495l5cylc0000001791542853804&qH=a5594894156db043&ov_redirect=true,2026-10-09
438,"Mivi One 5G (Green, 128 GB)",Mivi,13999,23999,41% off,,,,6 GB RAM,128 GB ROM,6000 mAh Lithium Polymer Battery,Snapdragon 4 Gen 2 Processor,17.14 cm (6.75 inch) HD+ Display,50MP Rear Camera | 8MP Front Camera,,https://www.flipkart.com/mivi-one-5g-green-128-gb/p/itm7ea6be1c1d0bf?pid=MOBHR3ZPFRUFFEBF&lid=LSTMOBHR3ZPFRUFFEBFXXFJBJ&marketplace=FLIPKART&q=smart+phones&store=tyy%2F4io&srno=s_19_438&otracker=search&fm=organic&iid=en_CfX0YNymVmiHgCC29IF5RbFikHrhcSiO5YPgc4dzoMaYKkak8SgwowMAHmftEMsYzBcC0adnJVDAF994s5Z8VY9HwORmVN_5IcANi6THsWpHuPTuFFnHyPHPNVzl1Te5&ppt=None&ppn=None&ssid=h495l5cylc0000001791542853804&qH=a5594894156db043&ov_redirect=true,2026-10-09
439,"Infinix HOT 40i (Starfall Green, 256 GB)",Infinix,9999,10999,9% off,4.1,"21,747","1,332",8 GB RAM,256 GB ROM,5000 mAh Battery,Unisoc T606 Processor,16.76 cm (6.6 inch) HD+ Display,50MP + AI Lens | 32MP Front Camera,,https://www.flipkart.com/infinix-hot-40i-starfall-green-256-gb/p/itma7412e2a212c6?pid=MOBGXZGH2XZTHTZS&lid=LSTMOBGXZGH2XZTHTZSDCVLP2&marketplace=FLIPKART&q=smart+phones&store=tyy%2F4io&srno=s_19_439&otracker=search&fm=organic&iid=859f095d-98f9-4f52-aa43-7dd1f40a074e.MOBGXZGH2XZTHTZS.SEARCH&ppt=None&ppn=None&ssid=h495l5cylc0000001791542853804&qH=a5594894156db043&ov_redirect=true,2026-10-09
440,"vivo T5e (Shadow Grey, 64 GB)",vivo,13999,26999,48% off,3.8,155,8,4 GB RAM,64 GB ROM,5500 mAh Li-ion Battery,T7225 Processor,17.12 cm (6.74 inch) HD Display,8MP Rear Camera | 5MP Front Camera,,https://www.flipkart.com/vivo-t5e-shadow-grey-64-gb/p/itm180ca0a991a2b?pid=MOBHPBM6FNMA7ZC7&lid=LSTMOBHPBM6FNMA7ZC7AQDM3K&marketplace=FLIPKART&q=smart+phones&store=tyy%2F4io&srno=s_19_440&otracker=search&fm=organic&iid=859f095d-98f9-4f52-aa43-7dd1f40a074e.MOBHPBM6FNMA7ZC7.SEARCH&ppt=None&ppn=None&ssid=h495l5cylc0000001791542853804&qH=a5594894156db043&ov_redirect=true,2026-10-09
441,"BOLTT ACE 5G (Lavender Bloom, 64 GB)",BOLTT,11999,24999,52% off,4.2,477,226,4 GB RAM,64 GB ROM,6000 mAh Lithium ion Battery,T8200 Processor,17.25 cm (6.79 inch) HD+ Display,64MP Rear Camera | 8MP Front Camera,,https://www.flipkart.com/boltt-ace-5g-lavender-bloom-64-gb/p/itm2eb0f483effdd?pid=MOBHPP59CGDHZVJY&lid=LSTMOBHPP59CGDHZVJYFJP39X&marketplace=FLIPKART&q=smart+phones&store=tyy%2F4io&srno=s_19_441&otracker=search&fm=organic&iid=en_CfX0YNymVmiHgCC29IF5RbFikHrhcSiO5YPgc4dzoMZ3ZsilqrR8t7mCIb1qMVKK6EjlcJGcWKVIdsXhsZKqldil8PSYMCIeoorv_0-dz5NHuPTuFFnHyPHPNVzl1Te5&ppt=None&ppn=None&ssid=h495l5cylc0000001791542853804&qH=a5594894156db043&ov_redirect=true,2026-10-09
442,"BOLTT EVO (Arctic White, 64 GB)",BOLTT,8999,17999,50% off,4.3,"2,048",987,4 GB RAM,64 GB ROM,6000 mAh Lithium ion Battery,T7250 Processor,6.79'' HD+ punch hole display,50MP + 2MP | 8MP Front Camera,,https://www.flipkart.com/boltt-evo-arctic-white-64-gb/p/itmf046d663a1fd7?pid=MOBHPP59BYSJ98M8&lid=LSTMOBHPP59BYSJ98M8RWYHGQ&marketplace=FLIPKART&q=smart+phones&store=tyy%2F4io&srno=s_19_442&otracker=search&fm=organic&iid=en_CfX0YNymVmiHgCC29IF5RbFikHrhcSiO5YPgc4dzoMZDG0PsQ4rfmRU_0zbRO3P0Mw_YrC6cGEjKq2WZ8-8z4kJqULiYX7S4erGGIr8dEejL1tNt1ODyNYBoRBKqFRHI&ppt=None&ppn=None&ssid=h495l5cylc0000001791542853804&qH=a5594894156db043&ov_redirect=true,2026-10-09
443,Vivo T4 Lite 5G (Titanium Gold 2026) (8GB 256GB),Vivo,23999,31999,25% off,4.3,"22,596","1,360",8 GB RAM,256 GB ROM,6000 mAh Battery,Dimensity 6300 5G Processor,17.12 cm (6.74 inch) HD+ Display,50MP + 2MP | 5MP Front Camera,5G,https://www.flipkart.com/vivo-t4-lite-5g-titanium-gold-2026-8gb-256gb/p/itm49fb53d099f3c?pid=MOBHNCRKFX4ZKXFF&lid=LSTMOBHNCRKFX4ZKXFFQJBUI2&marketplace=FLIPKART&q=smart+phones&store=tyy%2F4io&srno=s_19_443&otracker=search&fm=organic&iid=859f095d-98f9-4f52-aa43-7dd1f40a074e.MOBHNCRKFX4ZKXFF.SEARCH&ppt=None&ppn=None&ssid=h495l5cylc0000001791542853804&qH=a5594894156db043&ov_redirect=true,2026-10-09
444,"POCO M8x 5G (Leather Green, 128 GB)",POCO,18999,44999,57% off,3.9,354,132,4 GB RAM,128 GB ROM,7900 mAh Lithium-Ion Polymer Battery,4 Gen 5 Processor,17.53 cm (6.9 inch) Full HD Display,50MP Rear Camera,,https://www.flipkart.com/poco-m8x-5g-leather-green-128-gb/p/itm8b4c9e3c393f3?pid=MOBHPCYNKZKMMGKU&lid=LSTMOBHPCYNKZKMMGKUVDB89C&marketplace=FLIPKART&q=smart+phones&store=tyy%2F4io&srno=s_19_444&otracker=search&fm=organic&iid=859f095d-98f9-4f52-aa43-7dd1f40a074e.MOBHPCYNKZKMMGKU.SEARCH&ppt=None&ppn=None&ssid=h495l5cylc0000001791542853804&qH=a5594894156db043&ov_redirect=true,2026-10-09
445,"POCO M7 Plus 5G (Carbon Black, 128 GB)",POCO,17999,,,4.2,"6,642",533,8 GB RAM,128 GB ROM,7000 mAh Battery,Snapdragon 6s Gen 3 5G Processor,17.53 cm (6.9 inch) Full HD+ Display,50MP AI Dual Camera | 8MP Front Camera,5G,https://www.flipkart.com/poco-m7-plus-5g-carbon-black-128-gb/p/itm39c366869cc19?pid=MOBHETX6YMAG9NTF&lid=LSTMOBHETX6YMAG9NTF5IHJPA&marketplace=FLIPKART&q=smart+phones&store=tyy%2F4io&srno=s_19_445&otracker=search&fm=organic&iid=859f095d-98f9-4f52-aa43-7dd1f40a074e.MOBHETX6YMAG9NTF.SEARCH&ppt=None&ppn=None&ssid=h495l5cylc0000001791542853804&qH=a5594894156db043&ov_redirect=true,2026-10-09
446,"Infinix SMART 20 (Cloudline Blue, 64 GB)",Infinix,13499,19999,32% off,3.9,312,35,4 GB RAM,64 GB ROM,5200 mAh Battery,Helio G81 Ultimate Processor,17.22 cm (6.78 inch) HD+ Display,8MP Rear Camera | 8MP Front Camera,,https://www.flipkart.com/infinix-smart-20-cloudline-blue-64-gb/p/itmf761cd49f9162?pid=MOBHNMEEVKHN6S6H&lid=LSTMOBHNMEEVKHN6S6HU2NORG&marketplace=FLIPKART&q=smart+phones&store=tyy%2F4io&srno=s_19_446&otracker=search&fm=organic&iid=859f095d-98f9-4f52-aa43-7dd1f40a074e.MOBHNMEEVKHN6S6H.SEARCH&ppt=None&ppn=None&ssid=h495l5cylc0000001791542853804&qH=a5594894156db043&ov_redirect=true,2026-10-09
447,"Nothing Phone (4b) (White, 128 GB)",Nothing,29999,49999,40% off,,,,6 GB RAM,128 GB ROM,6000 mAh Lithium ion Battery,6 Gen 4 Processor,17.2 cm (6.77 inch) Full HD+ AMOLED Display,50MP + 8MP | 16MP Front Camera,,https://www.flipkart.com/nothing-phone-4b-white-128-gb/p/itm939608b40adbb?pid=MOBHQENATV85KYCZ&lid=LSTMOBHQENATV85KYCZ0HUCMA&marketplace=FLIPKART&q=smart+phones&store=tyy%2F4io&srno=s_19_447&otracker=search&fm=organic&iid=en_CfX0YNymVmiHgCC29IF5RbFikHrhcSiO5YPgc4dzoMYHYrVELE4vdqESxR860r0rJRWmJqRScuDEhLBoCJQ_-zmhNhj8Rec88cH_U33TMLXL1tNt1ODyNYBoRBKqFRHI&ppt=None&ppn=None&ssid=h495l5cylc0000001791542853804&qH=a5594894156db043&ov_redirect=true,2026-10-09
448,"BOLTT ACE 5G (Midnight Black, 128 GB)",BOLTT,13499,26999,50% off,4.8,69,59,6 GB RAM,128 GB ROM,6000 mAh Lithium ion Battery,T8200 Processor,17.25 cm (6.79 inch) HD+ Display,64MP Rear Camera | 8MP Front Camera,,https://www.flipkart.com/boltt-ace-5g-midnight-black-128-gb/p/itmc7395bddbb3a4?pid=MOBHPP59KHGRQGZK&lid=LSTMOBHPP59KHGRQGZKG8NGAJ&marketplace=FLIPKART&q=smart+phones&store=tyy%2F4io&srno=s_19_448&otracker=search&fm=organic&iid=en_CfX0YNymVmiHgCC29IF5RbFikHrhcSiO5YPgc4dzoMaAZY2uKPoOKfEMvYob4trEceO83KH40hAfyKb6-RK5emI2n1F29CDxktZayioP0zpHuPTuFFnHyPHPNVzl1Te5&ppt=None&ppn=None&ssid=h495l5cylc0000001791542853804&qH=a5594894156db043&ov_redirect=true,2026-10-09
449,"Motorola e13 (Cosmic Black, 128 GB)",Motorola,9299,11999,22% off,4.1,"35,477","1,990",8 GB RAM,128 GB ROM,5000 mAh Battery,Unisoc T606 Processor,16.51 cm (6.5 inch) HD+ Display,13MP Rear Camera | 5MP Front Camera,,https://www.flipkart.com/motorola-e13-cosmic-black-128-gb/p/itm04a41c3c76631?pid=MOBGQFX6SFZXR7PK&lid=LSTMOBGQFX6SFZXR7PKP7HQQS&marketplace=FLIPKART&q=smart+phones&store=tyy%2F4io&srno=s_19_449&otracker=search&fm=organic&iid=859f095d-98f9-4f52-aa43-7dd1f40a074e.MOBGQFX6SFZXR7PK.SEARCH&ppt=None&ppn=None&ssid=h495l5cylc0000001791542853804&qH=a5594894156db043&ov_redirect=true,2026-10-09
450,"Samsung Galaxy F16 5G (Vibing Blue, 128 GB)",Samsung,15499,18999,18% off,4.2,"3,686",275,8 GB RAM,128 GB ROM,5000 mAh Battery,Dimensity 6300 Processor,16.91 cm (6.657 inch) Full HD+ Display,50MP + 5MP + 2MP | 13MP Front Camera,,https://www.flipkart.com/samsung-galaxy-f16-5g-vibing-blue-128-gb/p/itma31262afa7505?pid=MOBH9ASGCZNFQGDG&lid=LSTMOBH9ASGCZNFQGDGYXWIQD&marketplace=FLIPKART&q=smart+phones&store=tyy%2F4io&srno=s_19_450&otracker=search&fm=organic&iid=859f095d-98f9-4f52-aa43-7dd1f40a074e.MOBH9ASGCZNFQGDG.SEARCH&ppt=None&ppn=None&ssid=h495l5cylc0000001791542853804&qH=a5594894156db043&ov_redirect=true,2026-10-09
451,"BOLTT EVO (Arctic White, 128 GB)",BOLTT,10499,18999,44% off,4,"2,616","1,184",6 GB RAM,128 GB ROM,6000 mAh Lithium ion Battery,T7250 Processor,6.79'' HD+ punch hole display,50MP + 2MP | 8MP Front Camera,,https://www.flipkart.com/boltt-evo-arctic-white-128-gb/p/itmf046d663a1fd7?pid=MOBHPP59GKGTGZGA&lid=LSTMOBHPP59GKGTGZGAIEMNWG&marketplace=FLIPKART&q=smart+phones&store=tyy%2F4io&srno=s_19_451&otracker=search&fm=organic&iid=en_CfX0YNymVmiHgCC29IF5RbFikHrhcSiO5YPgc4dzoMZLr3x_VTEiui1xSkaFAnBw2d7HEcpMQaj_c2xS4y4sBI6iFcCMcne0NcY1l-GNU4zL1tNt1ODyNYBoRBKqFRHI&ppt=None&ppn=None&ssid=h495l5cylc0000001791542853804&qH=a5594894156db043&ov_redirect=true,2026-10-09
452,"Mivi One 5G (Burgundy, 128 GB)",Mivi,14999,25999,42% off,,,,8 GB RAM,128 GB ROM,6000 mAh Lithium Polymer Battery,Snapdragon 4 Gen 2 Processor,17.14 cm (6.75 inch) HD+ Display,50MP Rear Camera | 8MP Front Camera,,https://www.flipkart.com/mivi-one-5g-burgundy-128-gb/p/itm3fb0c94957b9f?pid=MOBHR3ZP74GDCQQC&lid=LSTMOBHR3ZP74GDCQQC3F0WAL&marketplace=FLIPKART&q=smart+phones&store=tyy%2F4io&srno=s_19_452&otracker=search&fm=organic&iid=en_CfX0YNymVmiHgCC29IF5RbFikHrhcSiO5YPgc4dzoMYOcj-ZxRKSucEqT9S161xdlhTq3TNR9LJbyvkcUs0E5h5lnB_B3YgA2Ah0gCCIDM5HuPTuFFnHyPHPNVzl1Te5&ppt=None&ppn=None&ssid=h495l5cylc0000001791542853804&qH=a5594894156db043&ov_redirect=true,2026-10-09
453,"POCO X8 Pro (Green, 256 GB)",POCO,36999,50999,27% off,4.3,"4,099",701,8 GB RAM,256 GB ROM,6500 mAh Lithium-Ion Polymer With Silicon Carbon Technology Battery,Dimensity 8500-Ultra Processor,16.74 cm (6.59 inch) Full HD+ AMOLED Display,50MP + 8MP | 20MP Front Camera,,https://www.flipkart.com/poco-x8-pro-green-256-gb/p/itme72bf861a71d4?pid=MOBHMGG5ME9NGD5C&lid=LSTMOBHMGG5ME9NGD5COL3RN5&marketplace=FLIPKART&q=smart+phones&store=tyy%2F4io&srno=s_19_453&otracker=search&fm=organic&iid=859f095d-98f9-4f52-aa43-7dd1f40a074e.MOBHMGG5ME9NGD5C.SEARCH&ppt=None&ppn=None&ssid=h495l5cylc0000001791542853804&qH=a5594894156db043&ov_redirect=true,2026-10-09
454,"Samsung Galaxy A14 5G (Dark Red, 128 GB)",Samsung,15999,22990,30% off,4.1,"4,245",313,8 GB RAM,128 GB ROM,5000 mAh Lithium Ion Battery,Exynos 1330 Processor,16.76 cm (6.6 inch) Full HD+ Display,50MP + 2MP + 2MP | 13MP Front Camera,,https://www.flipkart.com/samsung-galaxy-a14-5g-dark-red-128-gb/p/itmea97064bf96df?pid=MOBGHT8UGKRCBT9J&lid=LSTMOBGHT8UGKRCBT9J2GLNXH&marketplace=FLIPKART&q=smart+phones&store=tyy%2F4io&srno=s_19_454&otracker=search&fm=organic&iid=859f095d-98f9-4f52-aa43-7dd1f40a074e.MOBGHT8UGKRCBT9J.SEARCH&ppt=None&ppn=None&ssid=h495l5cylc0000001791542853804&qH=a5594894156db043&ov_redirect=true,2026-10-09
455,"vivo T5 Pro 5G (Glacier Blue, 128 GB)",vivo,36999,49999,26% off,,,,6 GB RAM,128 GB ROM,9020 mAh Battery,Snapdragon 7s Gen 4 Processor,17.35 cm (6.83 inch) Full HD+ AMOLED Display,50MP + 2MP | 32MP Front Camera,,https://www.flipkart.com/vivo-t5-pro-5g-glacier-blue-128-gb/p/itma21e2e09d4493?pid=MOBHR8KHZE5GBZYN&lid=LSTMOBHR8KHZE5GBZYNEYE1XX&marketplace=FLIPKART&q=smart+phones&store=tyy%2F4io&srno=s_19_455&otracker=search&fm=organic&iid=859f095d-98f9-4f52-aa43-7dd1f40a074e.MOBHR8KHZE5GBZYN.SEARCH&ppt=None&ppn=None&ssid=h495l5cylc0000001791542853804&qH=a5594894156db043&ov_redirect=true,2026-10-09
456,"Samsung Galaxy F05 (Twilight Blue, 64 GB)",Samsung,6499,9999,35% off,4.2,"77,401","4,543",4 GB RAM,64 GB ROM,5000 mAh Battery,Helio G85 Processor,17.02 cm (6.7 inch) HD+ Display,50MP + 2MP | 8MP Front Camera,,https://www.flipkart.com/samsung-galaxy-f05-twilight-blue-64-gb/p/itm84a914081ab93?pid=MOBH4GTXZ9ZRQ3SU&lid=LSTMOBH4GTXZ9ZRQ3SUXCBGGE&marketplace=FLIPKART&q=smart+phones&store=tyy%2F4io&srno=s_19_456&otracker=search&fm=organic&iid=859f095d-98f9-4f52-aa43-7dd1f40a074e.MOBH4GTXZ9ZRQ3SU.SEARCH&ppt=None&ppn=None&ssid=h495l5cylc0000001791542853804&qH=a5594894156db043&ov_redirect=true,2026-10-09
457,"BOLTT EVO (Midnight Black, 64 GB)",BOLTT,8999,17999,50% off,4.3,"2,048",987,4 GB RAM,64 GB ROM,6000 mAh Lithium ion Battery,T7250 Processor,6.79'' HD+ punch hole display,50MP + 2MP | 8MP Front Camera,,https://www.flipkart.com/boltt-evo-midnight-black-64-gb/p/itmf046d663a1fd7?pid=MOBHPP597GB8ZHTY&lid=LSTMOBHPP597GB8ZHTYGYX70A&marketplace=FLIPKART&q=smart+phones&store=tyy%2F4io&srno=s_20_457&otracker=search&fm=organic&iid=en_4B-atgvQjR0nKbM8yPBR9lS0XL0Cjty5A5xrRGKN5hYAV4IvbiaoW8YZ2zbP3shfmufLsD40cfOytTrT-2ACNol0zbRIx7nkRM2sm5Z_wdNfE-RlpnblQPZcrRxlhAOR&ppt=None&ppn=None&ssid=pj6la3b6680000001791542856741&qH=a5594894156db043&ov_redirect=true,2026-10-09
458,"Mivi One 5G (Green, 128 GB)",Mivi,13999,23999,41% off,,,,6 GB RAM,128 GB ROM,6000 mAh Lithium Polymer Battery,Snapdragon 4 Gen 2 Processor,17.14 cm (6.75 inch) HD+ Display,50MP Rear Camera | 8MP Front Camera,,https://www.flipkart.com/mivi-one-5g-green-128-gb/p/itm7ea6be1c1d0bf?pid=MOBHR3ZPFRUFFEBF&lid=LSTMOBHR3ZPFRUFFEBFXXFJBJ&marketplace=FLIPKART&q=smart+phones&store=tyy%2F4io&srno=s_20_458&otracker=search&fm=organic&iid=en_4B-atgvQjR0nKbM8yPBR9lS0XL0Cjty5A5xrRGKN5hYjtvKnCryw830HWaRbmctFzBcC0adnJVDAF994s5Z8VY9HwORmVN_5IcANi6THsWqIKLZ2f3ko_mxDJdISuynb&ppt=None&ppn=None&ssid=pj6la3b6680000001791542856741&qH=a5594894156db043&ov_redirect=true,2026-10-09
459,"CMF by Nothing Phone 2 Pro (Orange, 256 GB)",CMF,20999,24999,16% off,4.4,"76,243","6,758",8 GB RAM,256 GB ROM,5000 mAh Battery,Dimensity 7300 Pro 5G Processor,17.2 cm (6.77 inch) Full HD+ Display,50MP + 50MP + 8MP | 16MP Front Camera,5G,https://www.flipkart.com/cmf-nothing-phone-2-pro-orange-256-gb/p/itm46a119f176627?pid=MOBHAUHAKMH34EHU&lid=LSTMOBHAUHAKMH34EHU383UEL&marketplace=FLIPKART&q=smart+phones&store=tyy%2F4io&srno=s_20_459&otracker=search&fm=organic&iid=6be34db5-48af-4324-9c60-f392595b7fd0.MOBHAUHAKMH34EHU.SEARCH&ppt=None&ppn=None&ssid=pj6la3b6680000001791542856741&qH=a5594894156db043&ov_redirect=true,2026-10-09
460,"Motorola e13 (Cosmic Black, 64 GB)",Motorola,10999,,,4.1,"1,05,726","7,722",4 GB RAM,64 GB ROM,5000 mAh Battery,Unisoc T606 Processor,16.51 cm (6.5 inch) HD+ Display,13MP Rear Camera | 5MP Front Camera,,https://www.flipkart.com/motorola-e13-cosmic-black-64-gb/p/itm2cd6a5ea435eb?pid=MOBGKHNBBMSUE94W&lid=LSTMOBGKHNBBMSUE94WLKIEFB&marketplace=FLIPKART&q=smart+phones&store=tyy%2F4io&srno=s_20_460&otracker=search&fm=organic&iid=6be34db5-48af-4324-9c60-f392595b7fd0.MOBGKHNBBMSUE94W.SEARCH&ppt=None&ppn=None&ssid=pj6la3b6680000001791542856741&qH=a5594894156db043&ov_redirect=true,2026-10-09
461,"BOLTT EVO (Arctic White, 64 GB)",BOLTT,8999,17999,50% off,4.3,"2,048",987,4 GB RAM,64 GB ROM,6000 mAh Lithium ion Battery,T7250 Processor,6.79'' HD+ punch hole display,50MP + 2MP | 8MP Front Camera,,https://www.flipkart.com/boltt-evo-arctic-white-64-gb/p/itmf046d663a1fd7?pid=MOBHPP59BYSJ98M8&lid=LSTMOBHPP59BYSJ98M8RWYHGQ&marketplace=FLIPKART&q=smart+phones&store=tyy%2F4io&srno=s_20_461&otracker=search&fm=organic&iid=en_4B-atgvQjR0nKbM8yPBR9lS0XL0Cjty5A5xrRGKN5haJRQlJL-FVG1OpcKD2Ty1CMw_YrC6cGEjKq2WZ8-8z4qoJtuV9R_JTLQ6A0_d1zMRfE-RlpnblQPZcrRxlhAOR&ppt=None&ppn=None&ssid=pj6la3b6680000001791542856741&qH=a5594894156db043&ov_redirect=true,2026-10-09
462,"Nothing Phone (4b) (White, 128 GB)",Nothing,29999,49999,40% off,,,,6 GB RAM,128 GB ROM,6000 mAh Lithium ion Battery,6 Gen 4 Processor,17.2 cm (6.77 inch) Full HD+ AMOLED Display,50MP + 8MP | 16MP Front Camera,,https://www.flipkart.com/nothing-phone-4b-white-128-gb/p/itm939608b40adbb?pid=MOBHQENATV85KYCZ&lid=LSTMOBHQENATV85KYCZ0HUCMA&marketplace=FLIPKART&q=smart+phones&store=tyy%2F4io&srno=s_20_462&otracker=search&fm=organic&iid=en_4B-atgvQjR0nKbM8yPBR9lS0XL0Cjty5A5xrRGKN5hbBQ4ZG-FbNYIKJ2g25S_KsJRWmJqRScuDEhLBoCJQ_-3Mu8S9Tpd5mWOJNld4khGlfE-RlpnblQPZcrRxlhAOR&ppt=None&ppn=None&ssid=pj6la3b6680000001791542856741&qH=a5594894156db043&ov_redirect=true,2026-10-09
463,"POCO C61 (Mystical Green, 64 GB)",POCO,7999,8999,11% off,4.1,"1,10,973","4,669",4 GB RAM,64 GB ROM,5000 mAh Battery,Helio G36 Processor,17.04 cm (6.71 inch) HD+ Display,8MP Rear Camera | 5MP Front Camera,,https://www.flipkart.com/poco-c61-mystical-green-64-gb/p/itmab81e9048e98c?pid=MOBHATHPTGGEFYZT&lid=LSTMOBHATHPTGGEFYZTGXQ77P&marketplace=FLIPKART&q=smart+phones&store=tyy%2F4io&srno=s_20_463&otracker=search&fm=organic&iid=6be34db5-48af-4324-9c60-f392595b7fd0.MOBHATHPTGGEFYZT.SEARCH&ppt=None&ppn=None&ssid=pj6la3b6680000001791542856741&qH=a5594894156db043&ov_redirect=true,2026-10-09
464,"vivo T4R 5G (Twilight Blue, 256 GB)",vivo,24999,,,4.4,"55,335","3,859",8 GB RAM,256 GB ROM,5700 mAh Battery,Dimensity 7400 5G Processor,17.2 cm (6.77 inch) Full HD+ Display,50MP (OIS) + 2MP | 32MP Front Camera,5G,https://www.flipkart.com/vivo-t4r-5g-twilight-blue-256-gb/p/itm3a5653667cb9c?pid=MOBHE49GFMXQ5QEG&lid=LSTMOBHE49GFMXQ5QEGZPB4G9&marketplace=FLIPKART&q=smart+phones&store=tyy%2F4io&srno=s_20_464&otracker=search&fm=organic&iid=6be34db5-48af-4324-9c60-f392595b7fd0.MOBHE49GFMXQ5QEG.SEARCH&ppt=None&ppn=None&ssid=pj6la3b6680000001791542856741&qH=a5594894156db043&ov_redirect=true,2026-10-09
465,"vivo T5x 5G (Fusion Red, 128 GB)",vivo,,,,4.4,"22,608","1,540",6 GB RAM,128 GB ROM,7200 mAh Li-ion Battery,Dimensity 7400-Turbo Processor,17.17 cm (6.76 inch) Display,50MP + 2MP | 32MP Front Camera,,https://www.flipkart.com/vivo-t5x-5g-fusion-red-128-gb/p/itm7da8aa253e72b?pid=MOBHPGHCZ9HCTCHK&q=smart+phones&store=tyy%2F4io&srno=s_20_465&otracker=search&fm=organic&iid=6be34db5-48af-4324-9c60-f392595b7fd0.MOBHPGHCZ9HCTCHK.SEARCH&ppt=None&ppn=None&ssid=pj6la3b6680000001791542856741&qH=a5594894156db043&ov_redirect=true,2026-10-09
466,"POCO C81 (Elite Black, 64 GB)",POCO,12999,19999,35% off,3.7,538,46,4 GB RAM,64 GB ROM,6300 mAh Lithium-Ion Polymer Battery,T7250 Processor,17.53 cm (6.9 inch) Display,13MP Rear Camera | 8MP Front Camera,,https://www.flipkart.com/poco-c81-elite-black-64-gb/p/itm28c771318f328?pid=MOBHMYWR2GCKNVWK&lid=LSTMOBHMYWR2GCKNVWKZWGWBK&marketplace=FLIPKART&q=smart+phones&store=tyy%2F4io&srno=s_20_466&otracker=search&fm=organic&iid=6be34db5-48af-4324-9c60-f392595b7fd0.MOBHMYWR2GCKNVWK.SEARCH&ppt=None&ppn=None&ssid=pj6la3b6680000001791542856741&qH=a5594894156db043&ov_redirect=true,2026-10-09
467,"BOLTT ACE 5G (Midnight Black, 128 GB)",BOLTT,13499,26999,50% off,4.8,69,59,6 GB RAM,128 GB ROM,6000 mAh Lithium ion Battery,T8200 Processor,17.25 cm (6.79 inch) HD+ Display,64MP Rear Camera | 8MP Front Camera,,https://www.flipkart.com/boltt-ace-5g-midnight-black-128-gb/p/itmc7395bddbb3a4?pid=MOBHPP59KHGRQGZK&lid=LSTMOBHPP59KHGRQGZKG8NGAJ&marketplace=FLIPKART&q=smart+phones&store=tyy%2F4io&srno=s_20_467&otracker=search&fm=organic&iid=en_4B-atgvQjR0nKbM8yPBR9lS0XL0Cjty5A5xrRGKN5hYNYVOJ8mhRZv-o_wxHVADSceO83KH40hAfyKb6-RK5epGaJ2uKZhH5MvHJRiMkFJ2IKLZ2f3ko_mxDJdISuynb&ppt=None&ppn=None&ssid=pj6la3b6680000001791542856741&qH=a5594894156db043&ov_redirect=true,2026-10-09
468,"BOLTT EVO (Arctic White, 128 GB)",BOLTT,10499,18999,44% off,4,"2,616","1,184",6 GB RAM,128 GB ROM,6000 mAh Lithium ion Battery,T7250 Processor,6.79'' HD+ punch hole display,50MP + 2MP | 8MP Front Camera,,https://www.flipkart.com/boltt-evo-arctic-white-128-gb/p/itmf046d663a1fd7?pid=MOBHPP59GKGTGZGA&lid=LSTMOBHPP59GKGTGZGAIEMNWG&marketplace=FLIPKART&q=smart+phones&store=tyy%2F4io&srno=s_20_468&otracker=search&fm=organic&iid=en_4B-atgvQjR0nKbM8yPBR9lS0XL0Cjty5A5xrRGKN5hb3RaLbmFdUQo2X2jd7LmZ72d7HEcpMQaj_c2xS4y4sBNhWhcs2422M6EHooulnPApfE-RlpnblQPZcrRxlhAOR&ppt=None&ppn=None&ssid=pj6la3b6680000001791542856741&qH=a5594894156db043&ov_redirect=true,2026-10-09
469,"realme C61 (Marble Black, 64 GB)",realme,7249,8999,19% off,4.3,"37,545","1,667",4 GB RAM,64 GB ROM,5000 mAh Battery,T612 Processor,17.13 cm (6.745 inch) HD+ Display,32MP Rear Camera | 5MP Front Camera,,https://www.flipkart.com/realme-c61-marble-black-64-gb/p/itmd6ddbcefce040?pid=MOBHFRKRAHPWY9JA&lid=LSTMOBHFRKRAHPWY9JADLJL0N&marketplace=FLIPKART&q=smart+phones&store=tyy%2F4io&srno=s_20_469&otracker=search&fm=organic&iid=6be34db5-48af-4324-9c60-f392595b7fd0.MOBHFRKRAHPWY9JA.SEARCH&ppt=None&ppn=None&ssid=pj6la3b6680000001791542856741&qH=a5594894156db043&ov_redirect=true,2026-10-09
470,"Samsung Galaxy A14 5G (Dark Red, 128 GB)",Samsung,22999,,,4.1,"4,245",313,8 GB RAM,128 GB ROM,5000 mAh Lithium Ion Battery,Exynos 1330 Processor,16.76 cm (6.6 inch) Full HD+ Display,50MP + 2MP + 2MP | 13MP Front Camera,,https://www.flipkart.com/samsung-galaxy-a14-5g-dark-red-128-gb/p/itmea97064bf96df?pid=MOBGHT8UGKRCBT9J&lid=LSTMOBGHT8UGKRCBT9JOAE1QO&marketplace=FLIPKART&q=smart+phones&store=tyy%2F4io&srno=s_20_470&otracker=search&fm=organic&iid=6be34db5-48af-4324-9c60-f392595b7fd0.MOBGHT8UGKRCBT9J.SEARCH&ppt=None&ppn=None&ssid=pj6la3b6680000001791542856741&qH=a5594894156db043&ov_redirect=true,2026-10-09
471,"BOLTT EVO (Berry Red, 128 GB)",BOLTT,10499,18999,44% off,4,"2,616","1,184",6 GB RAM,128 GB ROM,6000 mAh Lithium ion Battery,T7250 Processor,6.79'' HD+ punch hole display,50MP + 2MP | 8MP Front Camera,,https://www.flipkart.com/boltt-evo-berry-red-128-gb/p/itmf046d663a1fd7?pid=MOBHPP59TUYYPWP5&lid=LSTMOBHPP59TUYYPWP5U7J1VB&marketplace=FLIPKART&q=smart+phones&store=tyy%2F4io&srno=s_20_471&otracker=search&fm=organic&iid=en_4B-atgvQjR0nKbM8yPBR9lS0XL0Cjty5A5xrRGKN5hbkeJoJgenkTEf6vfh2eUcDC9-fTZ1EKHfU5X6OsLzF2Y6iFcCMcne0NcY1l-GNU4xfE-RlpnblQPZcrRxlhAOR&ppt=None&ppn=None&ssid=pj6la3b6680000001791542856741&qH=a5594894156db043&ov_redirect=true,2026-10-09
472,"Mivi One 5G (Burgundy, 128 GB)",Mivi,14999,25999,42% off,,,,8 GB RAM,128 GB ROM,6000 mAh Lithium Polymer Battery,Snapdragon 4 Gen 2 Processor,17.14 cm (6.75 inch) HD+ Display,50MP Rear Camera | 8MP Front Camera,,https://www.flipkart.com/mivi-one-5g-burgundy-128-gb/p/itm3fb0c94957b9f?pid=MOBHR3ZP74GDCQQC&lid=LSTMOBHR3ZP74GDCQQC3F0WAL&marketplace=FLIPKART&q=smart+phones&store=tyy%2F4io&srno=s_20_472&otracker=search&fm=organic&iid=en_4B-atgvQjR0nKbM8yPBR9lS0XL0Cjty5A5xrRGKN5hajQjH2TDs41a2O3Gj1jAz8lhTq3TNR9LJbyvkcUs0E5h5lnB_B3YgA2Ah0gCCIDM6IKLZ2f3ko_mxDJdISuynb&ppt=None&ppn=None&ssid=pj6la3b6680000001791542856741&qH=a5594894156db043&ov_redirect=true,2026-10-09
473,"MOTOROLA g max (PANTONE Alaskan Blue, 128 GB)",MOTOROLA,26999,44999,40% off,4.4,31,2,6 GB RAM,128 GB ROM,7000 mAh Battery,Snapdragon 6s Gen 4 Processor,17.07 cm (6.72 inch) Full HD+ Display,50MP + 8MP | 32MP Front Camera,,https://www.flipkart.com/motorola-g-max-pantone-alaskan-blue-128-gb/p/itm0462be1b11c62?pid=MOBHPR97JZH6FEXN&lid=LSTMOBHPR97JZH6FEXNPYHZDU&marketplace=FLIPKART&q=smart+phones&store=tyy%2F4io&srno=s_20_473&otracker=search&fm=organic&iid=6be34db5-48af-4324-9c60-f392595b7fd0.MOBHPR97JZH6FEXN.SEARCH&ppt=None&ppn=None&ssid=pj6la3b6680000001791542856741&qH=a5594894156db043&ov_redirect=true,2026-10-09
474,"Infinix SMART 20 (Shadow Black, 128 GB)",Infinix,14999,21999,31% off,3.9,312,35,4 GB RAM,128 GB ROM,5200 mAh Battery,Helio G81 Ultimate Processor,17.22 cm (6.78 inch) HD+ Display,8MP Rear Camera | 8MP Front Camera,,https://www.flipkart.com/infinix-smart-20-shadow-black-128-gb/p/itmf761cd49f9162?pid=MOBHNMEESZ6UZKPH&lid=LSTMOBHNMEESZ6UZKPHGRELDX&marketplace=FLIPKART&q=smart+phones&store=tyy%2F4io&srno=s_20_474&otracker=search&fm=organic&iid=6be34db5-48af-4324-9c60-f392595b7fd0.MOBHNMEESZ6UZKPH.SEARCH&ppt=None&ppn=None&ssid=pj6la3b6680000001791542856741&qH=a5594894156db043&ov_redirect=true,2026-10-09
475,"Infinix HOT 60i 5G (Shadow Blue, 128 GB)",Infinix,15999,24999,36% off,4.3,"1,605",148,4 GB RAM,128 GB ROM,6000 mAh Battery,Dimensity 6400 Processor,17.14 cm (6.75 inch) HD+ Display,50MP Rear Camera | 5MP Front Camera,,https://www.flipkart.com/infinix-hot-60i-5g-shadow-blue-128-gb/p/itm1cb6bf875f6e0?pid=MOBHERZERAFFCH7M&lid=LSTMOBHERZERAFFCH7MDSZZDP&marketplace=FLIPKART&q=smart+phones&store=tyy%2F4io&srno=s_20_475&otracker=search&fm=organic&iid=6be34db5-48af-4324-9c60-f392595b7fd0.MOBHERZERAFFCH7M.SEARCH&ppt=None&ppn=None&ssid=pj6la3b6680000001791542856741&qH=a5594894156db043&ov_redirect=true,2026-10-09
476,"Infinix SMART 20 HD (Night Pulse, 64 GB)",Infinix,10999,19999,45% off,,,,3 GB RAM,64 GB ROM,5000 mAh Battery,T7250 Processor,16.94 cm (6.67 inch) HD+ Display,8MP Rear Camera | 8MP Front Camera,,https://www.flipkart.com/infinix-smart-20-hd-night-pulse-64-gb/p/itm82c8c0b4ac951?pid=MOBHRGJFNBJZZE8P&lid=LSTMOBHRGJFNBJZZE8PGRXZCO&marketplace=FLIPKART&q=smart+phones&store=tyy%2F4io&srno=s_20_476&otracker=search&fm=organic&iid=6be34db5-48af-4324-9c60-f392595b7fd0.MOBHRGJFNBJZZE8P.SEARCH&ppt=None&ppn=None&ssid=pj6la3b6680000001791542856741&qH=a5594894156db043&ov_redirect=true,2026-10-09
477,"BOLTT ACE 5G (Arctic White, 128 GB)",BOLTT,13499,26999,50% off,4.8,69,59,6 GB RAM,128 GB ROM,6000 mAh Lithium ion Battery,T8200 Processor,17.25 cm (6.79 inch) HD+ Display,64MP Rear Camera | 8MP Front Camera,,https://www.flipkart.com/boltt-ace-5g-arctic-white-128-gb/p/itm2eb0f483effdd?pid=MOBHPP599JHZUZBV&lid=LSTMOBHPP599JHZUZBVN1I3RX&marketplace=FLIPKART&q=smart+phones&store=tyy%2F4io&srno=s_20_477&otracker=search&fm=organic&iid=en_4B-atgvQjR0nKbM8yPBR9lS0XL0Cjty5A5xrRGKN5hb7piniIV20wo1vXo1usnqZ8ETKDZwOYTzjik_-dC--F-Dxk3IDjpjCPWZkqPSz-XyIKLZ2f3ko_mxDJdISuynb&ppt=None&ppn=None&ssid=pj6la3b6680000001791542856741&qH=a5594894156db043&ov_redirect=true,2026-10-09
478,"BOLTT EVO (Sky Blue, 64 GB)",BOLTT,8999,17999,50% off,4.3,"2,048",987,4 GB RAM,64 GB ROM,6000 mAh Lithium ion Battery,T7250 Processor,6.79'' HD+ punch hole display,50MP + 2MP | 8MP Front Camera,,https://www.flipkart.com/boltt-evo-sky-blue-64-gb/p/itmf046d663a1fd7?pid=MOBHPP59WKSV4FYG&lid=LSTMOBHPP59WKSV4FYGYPMLV6&marketplace=FLIPKART&q=smart+phones&store=tyy%2F4io&srno=s_20_478&otracker=search&fm=organic&iid=en_4B-atgvQjR0nKbM8yPBR9lS0XL0Cjty5A5xrRGKN5hYh6Bui1GnGPhvSH4Xtx2vBPN-wa3N07U_MG9C3wb-_N1QseCaDYY_J3qfymqYLKRq4N2BdRJ_bfK1Oh3BP32Aj9QWMJPI4egdmz5nn89L_DQ%3D%3D&ppt=None&ppn=None&ssid=pj6la3b6680000001791542856741&qH=a5594894156db043&ov_redirect=true,2026-10-09
479,"Samsung Galaxy A14 5G (Dark Red, 128 GB)",Samsung,20999,,,4.2,"81,754","4,000",6 GB RAM,128 GB ROM,5000 mAh Lithium Ion Battery,Exynos 1330 Processor,16.76 cm (6.6 inch) Full HD+ Display,50MP + 2MP + 2MP | 13MP Front Camera,,https://www.flipkart.com/samsung-galaxy-a14-5g-dark-red-128-gb/p/itma8393faabfb76?pid=MOBGHT8UUUNXNYZ4&lid=LSTMOBGHT8UUUNXNYZ4QUY1LJ&marketplace=FLIPKART&q=smart+phones&store=tyy%2F4io&srno=s_20_479&otracker=search&fm=organic&iid=6be34db5-48af-4324-9c60-f392595b7fd0.MOBGHT8UUUNXNYZ4.SEARCH&ppt=None&ppn=None&ssid=pj6la3b6680000001791542856741&qH=a5594894156db043&ov_redirect=true,2026-10-09
480,"MOTOROLA g35 5G (Guava Red, 128 GB)",MOTOROLA,12499,,,4.2,"1,40,716","9,750",4 GB RAM,128 GB ROM,5000 mAh Battery,T760 Processor,17.07 cm (6.72 inch) Full HD+ Display,50MP + 8MP | 16MP Front Camera,5G,https://www.flipkart.com/motorola-g35-5g-guava-red-128-gb/p/itm39bba58f6cdfc?pid=MOBH3YGPWZZB9ZZK&lid=LSTMOBH3YGPWZZB9ZZKFWIZWR&marketplace=FLIPKART&q=smart+phones&store=tyy%2F4io&srno=s_20_480&otracker=search&fm=organic&iid=6be34db5-48af-4324-9c60-f392595b7fd0.MOBH3YGPWZZB9ZZK.SEARCH&ppt=None&ppn=None&ssid=pj6la3b6680000001791542856741&qH=a5594894156db043&ov_redirect=true,2026-10-09
481,"Mivi One 5G (Green, 128 GB)",Mivi,13999,23999,41% off,,,,6 GB RAM,128 GB ROM,6000 mAh Lithium Polymer Battery,Snapdragon 4 Gen 2 Processor,17.14 cm (6.75 inch) HD+ Display,50MP Rear Camera | 8MP Front Camera,,https://www.flipkart.com/mivi-one-5g-green-128-gb/p/itm7ea6be1c1d0bf?pid=MOBHR3ZPFRUFFEBF&lid=LSTMOBHR3ZPFRUFFEBFXXFJBJ&marketplace=FLIPKART&q=smart+phones&store=tyy%2F4io&srno=s_21_481&otracker=search&fm=organic&iid=en_Da1BD3NANrTJ91iAyAUiQYB7MBUGhjYNvtxz0Yw6J0aeydtQSFRKqNUGzI6sp7sTzBcC0adnJVDAF994s5Z8VdXXcDpR_S7wBKL_ui3585MEi1dR2lk5-rYcBB4ko952&ppt=None&ppn=None&ssid=lbkk1vggc00000001791542860350&qH=a5594894156db043&ov_redirect=true,2026-10-09
482,"BOLTT ACE 5G (Lavender Bloom, 64 GB)",BOLTT,11999,24999,52% off,4.2,477,226,4 GB RAM,64 GB ROM,6000 mAh Lithium ion Battery,T8200 Processor,17.25 cm (6.79 inch) HD+ Display,64MP Rear Camera | 8MP Front Camera,,https://www.flipkart.com/boltt-ace-5g-lavender-bloom-64-gb/p/itm2eb0f483effdd?pid=MOBHPP59CGDHZVJY&lid=LSTMOBHPP59CGDHZVJYFJP39X&marketplace=FLIPKART&q=smart+phones&store=tyy%2F4io&srno=s_21_482&otracker=search&fm=organic&iid=en_Da1BD3NANrTJ91iAyAUiQYB7MBUGhjYNvtxz0Yw6J0Ya_ri4OUQ4jfVADApnwyWV6EjlcJGcWKVIdsXhsZKqlc-Hfce6zHM39GsmaCxEcE0Ei1dR2lk5-rYcBB4ko952&ppt=None&ppn=None&ssid=lbkk1vggc00000001791542860350&qH=a5594894156db043&ov_redirect=true,2026-10-09
483,"vivo T5e (Shadow Grey, 64 GB)",vivo,13999,26999,48% off,3.8,155,8,4 GB RAM,64 GB ROM,5500 mAh Li-ion Battery,T7225 Processor,17.12 cm (6.74 inch) HD Display,8MP Rear Camera | 5MP Front Camera,,https://www.flipkart.com/vivo-t5e-shadow-grey-64-gb/p/itm180ca0a991a2b?pid=MOBHPBM6FNMA7ZC7&lid=LSTMOBHPBM6FNMA7ZC7AQDM3K&marketplace=FLIPKART&q=smart+phones&store=tyy%2F4io&srno=s_21_483&otracker=search&fm=organic&iid=712b7108-e7f9-4608-a58e-2386b2537af9.MOBHPBM6FNMA7ZC7.SEARCH&ppt=None&ppn=None&ssid=lbkk1vggc00000001791542860350&qH=a5594894156db043&ov_redirect=true,2026-10-09
484,"Motorola Edge 40 Neo (Soothing Sea, 128 GB)",Motorola,27999,,,4.3,"57,628","6,025",8 GB RAM,128 GB ROM,5000 mAh Battery,Dimensity 7030 Processor,16.64 cm (6.55 inch) Full HD+ Display,50MP + 13MP | 32MP Front Camera,,https://www.flipkart.com/motorola-edge-40-neo-soothing-sea-128-gb/p/itmcfb87467e7d9a?pid=MOBGQFX6AG2JD2XT&lid=LSTMOBGQFX6AG2JD2XTMNTYDO&marketplace=FLIPKART&q=smart+phones&store=tyy%2F4io&srno=s_21_484&otracker=search&fm=organic&iid=712b7108-e7f9-4608-a58e-2386b2537af9.MOBGQFX6AG2JD2XT.SEARCH&ppt=None&ppn=None&ssid=lbkk1vggc00000001791542860350&qH=a5594894156db043&ov_redirect=true,2026-10-09
485,"POCO M7 Plus 5G (Carbon Black, 128 GB)",POCO,17999,,,4.2,"6,642",533,8 GB RAM,128 GB ROM,7000 mAh Battery,Snapdragon 6s Gen 3 5G Processor,17.53 cm (6.9 inch) Full HD+ Display,50MP AI Dual Camera | 8MP Front Camera,5G,https://www.flipkart.com/poco-m7-plus-5g-carbon-black-128-gb/p/itm39c366869cc19?pid=MOBHETX6YMAG9NTF&lid=LSTMOBHETX6YMAG9NTF5IHJPA&marketplace=FLIPKART&q=smart+phones&store=tyy%2F4io&srno=s_21_485&otracker=search&fm=organic&iid=712b7108-e7f9-4608-a58e-2386b2537af9.MOBHETX6YMAG9NTF.SEARCH&ppt=None&ppn=None&ssid=lbkk1vggc00000001791542860350&qH=a5594894156db043&ov_redirect=true,2026-10-09
486,"Infinix SMART 20 (Cloudline Blue, 64 GB)",Infinix,13499,19999,32% off,3.9,312,35,4 GB RAM,64 GB ROM,5200 mAh Battery,Helio G81 Ultimate Processor,17.22 cm (6.78 inch) HD+ Display,8MP Rear Camera | 8MP Front Camera,,https://www.flipkart.com/infinix-smart-20-cloudline-blue-64-gb/p/itmf761cd49f9162?pid=MOBHNMEEVKHN6S6H&lid=LSTMOBHNMEEVKHN6S6HU2NORG&marketplace=FLIPKART&q=smart+phones&store=tyy%2F4io&srno=s_21_486&otracker=search&fm=organic&iid=712b7108-e7f9-4608-a58e-2386b2537af9.MOBHNMEEVKHN6S6H.SEARCH&ppt=None&ppn=None&ssid=lbkk1vggc00000001791542860350&qH=a5594894156db043&ov_redirect=true,2026-10-09
487,"BOLTT EVO (Midnight Black, 64 GB)",BOLTT,8999,17999,50% off,4.3,"2,048",987,4 GB RAM,64 GB ROM,6000 mAh Lithium ion Battery,T7250 Processor,6.79'' HD+ punch hole display,50MP + 2MP | 8MP Front Camera,,https://www.flipkart.com/boltt-evo-midnight-black-64-gb/p/itmf046d663a1fd7?pid=MOBHPP597GB8ZHTY&lid=LSTMOBHPP597GB8ZHTYGYX70A&marketplace=FLIPKART&q=smart+phones&store=tyy%2F4io&srno=s_21_487&otracker=search&fm=organic&iid=en_Da1BD3NANrTJ91iAyAUiQYB7MBUGhjYNvtxz0Yw6J0YN9J-ud7fJz0v2evJOB3wcmufLsD40cfOytTrT-2ACNqoJtuV9R_JTLQ6A0_d1zMSaOkOFABZqv8Fnyvbo8PNp&ppt=None&ppn=None&ssid=lbkk1vggc00000001791542860350&qH=a5594894156db043&ov_redirect=true,2026-10-09
488,"BOLTT EVO (Arctic White, 64 GB)",BOLTT,8999,17999,50% off,4.3,"2,048",987,4 GB RAM,64 GB ROM,6000 mAh Lithium ion Battery,T7250 Processor,6.79'' HD+ punch hole display,50MP + 2MP | 8MP Front Camera,,https://www.flipkart.com/boltt-evo-arctic-white-64-gb/p/itmf046d663a1fd7?pid=MOBHPP59BYSJ98M8&lid=LSTMOBHPP59BYSJ98M8RWYHGQ&marketplace=FLIPKART&q=smart+phones&store=tyy%2F4io&srno=s_21_488&otracker=search&fm=organic&iid=en_Da1BD3NANrTJ91iAyAUiQYB7MBUGhjYNvtxz0Yw6J0aaTIfiZiGKgjKG8sFOZXFbMw_YrC6cGEjKq2WZ8-8z4kJqULiYX7S4erGGIr8dEeiaOkOFABZqv8Fnyvbo8PNp&ppt=None&ppn=None&ssid=lbkk1vggc00000001791542860350&qH=a5594894156db043&ov_redirect=true,2026-10-09
489,"Motorola e13 (Cosmic Black, 128 GB)",Motorola,9299,11999,22% off,4.1,"35,477","1,990",8 GB RAM,128 GB ROM,5000 mAh Battery,Unisoc T606 Processor,16.51 cm (6.5 inch) HD+ Display,13MP Rear Camera | 5MP Front Camera,,https://www.flipkart.com/motorola-e13-cosmic-black-128-gb/p/itm04a41c3c76631?pid=MOBGQFX6SFZXR7PK&lid=LSTMOBGQFX6SFZXR7PKP7HQQS&marketplace=FLIPKART&q=smart+phones&store=tyy%2F4io&srno=s_21_489&otracker=search&fm=organic&iid=712b7108-e7f9-4608-a58e-2386b2537af9.MOBGQFX6SFZXR7PK.SEARCH&ppt=None&ppn=None&ssid=lbkk1vggc00000001791542860350&qH=a5594894156db043&ov_redirect=true,2026-10-09
490,"Samsung Galaxy F16 5G (Vibing Blue, 128 GB)",Samsung,15499,18999,18% off,4.2,"3,686",275,8 GB RAM,128 GB ROM,5000 mAh Battery,Dimensity 6300 Processor,16.91 cm (6.657 inch) Full HD+ Display,50MP + 5MP + 2MP | 13MP Front Camera,,https://www.flipkart.com/samsung-galaxy-f16-5g-vibing-blue-128-gb/p/itma31262afa7505?pid=MOBH9ASGCZNFQGDG&lid=LSTMOBH9ASGCZNFQGDGYXWIQD&marketplace=FLIPKART&q=smart+phones&store=tyy%2F4io&srno=s_21_490&otracker=search&fm=organic&iid=712b7108-e7f9-4608-a58e-2386b2537af9.MOBH9ASGCZNFQGDG.SEARCH&ppt=None&ppn=None&ssid=lbkk1vggc00000001791542860350&qH=a5594894156db043&ov_redirect=true,2026-10-09
491,"Nothing Phone (4b) (White, 128 GB)",Nothing,29999,49999,40% off,,,,6 GB RAM,128 GB ROM,6000 mAh Lithium ion Battery,6 Gen 4 Processor,17.2 cm (6.77 inch) Full HD+ AMOLED Display,50MP + 8MP | 16MP Front Camera,,https://www.flipkart.com/nothing-phone-4b-white-128-gb/p/itm939608b40adbb?pid=MOBHQENATV85KYCZ&lid=LSTMOBHQENATV85KYCZ0HUCMA&marketplace=FLIPKART&q=smart+phones&store=tyy%2F4io&srno=s_21_491&otracker=search&fm=organic&iid=en_Da1BD3NANrTJ91iAyAUiQYB7MBUGhjYNvtxz0Yw6J0Z5osT5AfC8Ik_6N-r7uWs5JRWmJqRScuDEhLBoCJQ_-zmhNhj8Rec88cH_U33TMLWaOkOFABZqv8Fnyvbo8PNp&ppt=None&ppn=None&ssid=lbkk1vggc00000001791542860350&qH=a5594894156db043&ov_redirect=true,2026-10-09
492,"BOLTT ACE 5G (Midnight Black, 128 GB)",BOLTT,13499,26999,50% off,4.8,69,59,6 GB RAM,128 GB ROM,6000 mAh Lithium ion Battery,T8200 Processor,17.25 cm (6.79 inch) HD+ Display,64MP Rear Camera | 8MP Front Camera,,https://www.flipkart.com/boltt-ace-5g-midnight-black-128-gb/p/itmc7395bddbb3a4?pid=MOBHPP59KHGRQGZK&lid=LSTMOBHPP59KHGRQGZKG8NGAJ&marketplace=FLIPKART&q=smart+phones&store=tyy%2F4io&srno=s_21_492&otracker=search&fm=organic&iid=en_Da1BD3NANrTJ91iAyAUiQYB7MBUGhjYNvtxz0Yw6J0boxKN0xvA8SCfQsGFtKrK-ceO83KH40hAfyKb6-RK5emI2n1F29CDxktZayioP0zoEi1dR2lk5-rYcBB4ko952&ppt=None&ppn=None&ssid=lbkk1vggc00000001791542860350&qH=a5594894156db043&ov_redirect=true,2026-10-09
493,"Samsung Galaxy A14 5G (Dark Red, 128 GB)",Samsung,15999,22990,30% off,4.1,"4,245",313,8 GB RAM,128 GB ROM,5000 mAh Lithium Ion Battery,Exynos 1330 Processor,16.76 cm (6.6 inch) Full HD+ Display,50MP + 2MP + 2MP | 13MP Front Camera,,https://www.flipkart.com/samsung-galaxy-a14-5g-dark-red-128-gb/p/itmea97064bf96df?pid=MOBGHT8UGKRCBT9J&lid=LSTMOBGHT8UGKRCBT9J2GLNXH&marketplace=FLIPKART&q=smart+phones&store=tyy%2F4io&srno=s_21_493&otracker=search&fm=organic&iid=712b7108-e7f9-4608-a58e-2386b2537af9.MOBGHT8UGKRCBT9J.SEARCH&ppt=None&ppn=None&ssid=lbkk1vggc00000001791542860350&qH=a5594894156db043&ov_redirect=true,2026-10-09
494,"POCO X8 Pro (Green, 256 GB)",POCO,36999,50999,27% off,4.3,"4,099",701,8 GB RAM,256 GB ROM,6500 mAh Lithium-Ion Polymer With Silicon Carbon Technology Battery,Dimensity 8500-Ultra Processor,16.74 cm (6.59 inch) Full HD+ AMOLED Display,50MP + 8MP | 20MP Front Camera,,https://www.flipkart.com/poco-x8-pro-green-256-gb/p/itme72bf861a71d4?pid=MOBHMGG5ME9NGD5C&lid=LSTMOBHMGG5ME9NGD5COL3RN5&marketplace=FLIPKART&q=smart+phones&store=tyy%2F4io&srno=s_21_494&otracker=search&fm=organic&iid=712b7108-e7f9-4608-a58e-2386b2537af9.MOBHMGG5ME9NGD5C.SEARCH&ppt=None&ppn=None&ssid=lbkk1vggc00000001791542860350&qH=a5594894156db043&ov_redirect=true,2026-10-09
495,"POCO M7 Plus 5G (Carbon Black, 128 GB)",POCO,15499,15999,3% off,3.7,"4,236",508,4 GB RAM,128 GB ROM,7000 mAh Battery,Snapdragon 6s Gen 3 5G Processor,17.53 cm (6.9 inch) Full HD+ Display,50MP Rear Camera | 8MP Front Camera,5G,https://www.flipkart.com/poco-m7-plus-5g-carbon-black-128-gb/p/itm9b1bceebdc605?pid=MOBHETX6RHPPFCFD&lid=LSTMOBHETX6RHPPFCFDZH0IHQ&marketplace=FLIPKART&q=smart+phones&store=tyy%2F4io&srno=s_21_495&otracker=search&fm=organic&iid=712b7108-e7f9-4608-a58e-2386b2537af9.MOBHETX6RHPPFCFD.SEARCH&ppt=None&ppn=None&ssid=lbkk1vggc00000001791542860350&qH=a5594894156db043&ov_redirect=true,2026-10-09
496,"Samsung Galaxy F05 (Twilight Blue, 64 GB)",Samsung,6499,9999,35% off,4.2,"77,401","4,543",4 GB RAM,64 GB ROM,5000 mAh Battery,Helio G85 Processor,17.02 cm (6.7 inch) HD+ Display,50MP + 2MP | 8MP Front Camera,,https://www.flipkart.com/samsung-galaxy-f05-twilight-blue-64-gb/p/itm84a914081ab93?pid=MOBH4GTXZ9ZRQ3SU&lid=LSTMOBH4GTXZ9ZRQ3SUXCBGGE&marketplace=FLIPKART&q=smart+phones&store=tyy%2F4io&srno=s_21_496&otracker=search&fm=organic&iid=712b7108-e7f9-4608-a58e-2386b2537af9.MOBH4GTXZ9ZRQ3SU.SEARCH&ppt=None&ppn=None&ssid=lbkk1vggc00000001791542860350&qH=a5594894156db043&ov_redirect=true,2026-10-09
497,"BOLTT EVO (Arctic White, 128 GB)",BOLTT,10499,18999,44% off,4,"2,616","1,184",6 GB RAM,128 GB ROM,6000 mAh Lithium ion Battery,T7250 Processor,6.79'' HD+ punch hole display,50MP + 2MP | 8MP Front Camera,,https://www.flipkart.com/boltt-evo-arctic-white-128-gb/p/itmf046d663a1fd7?pid=MOBHPP59GKGTGZGA&lid=LSTMOBHPP59GKGTGZGAIEMNWG&marketplace=FLIPKART&q=smart+phones&store=tyy%2F4io&srno=s_21_497&otracker=search&fm=organic&iid=en_Da1BD3NANrTJ91iAyAUiQYB7MBUGhjYNvtxz0Yw6J0ZR0amhXRswoYpEHkeWEJ6j2d7HEcpMQaj_c2xS4y4sBI6iFcCMcne0NcY1l-GNU4yaOkOFABZqv8Fnyvbo8PNp&ppt=None&ppn=None&ssid=lbkk1vggc00000001791542860350&qH=a5594894156db043&ov_redirect=true,2026-10-09
498,"Mivi One 5G (Burgundy, 128 GB)",Mivi,14999,25999,42% off,,,,8 GB RAM,128 GB ROM,6000 mAh Lithium Polymer Battery,Snapdragon 4 Gen 2 Processor,17.14 cm (6.75 inch) HD+ Display,50MP Rear Camera | 8MP Front Camera,,https://www.flipkart.com/mivi-one-5g-burgundy-128-gb/p/itm3fb0c94957b9f?pid=MOBHR3ZP74GDCQQC&lid=LSTMOBHR3ZP74GDCQQC3F0WAL&marketplace=FLIPKART&q=smart+phones&store=tyy%2F4io&srno=s_21_498&otracker=search&fm=organic&iid=en_Da1BD3NANrTJ91iAyAUiQYB7MBUGhjYNvtxz0Yw6J0aSQXCtcVDl8N1QqpIF5CYJlhTq3TNR9LJbyvkcUs0E5h5lnB_B3YgA2Ah0gCCIDM4Ei1dR2lk5-rYcBB4ko952&ppt=None&ppn=None&ssid=lbkk1vggc00000001791542860350&qH=a5594894156db043&ov_redirect=true,2026-10-09
499,"Infinix SMART 20 (Polaris Titanium, 128 GB)",Infinix,14999,21999,31% off,3.9,312,35,4 GB RAM,128 GB ROM,5200 mAh Battery,Helio G81 Ultimate Processor,17.22 cm (6.78 inch) HD+ Display,8MP Rear Camera | 8MP Front Camera,,https://www.flipkart.com/infinix-smart-20-polaris-titanium-128-gb/p/itmf761cd49f9162?pid=MOBHNMEETXX5QDBC&lid=LSTMOBHNMEETXX5QDBCJXXED8&marketplace=FLIPKART&q=smart+phones&store=tyy%2F4io&srno=s_21_499&otracker=search&fm=organic&iid=712b7108-e7f9-4608-a58e-2386b2537af9.MOBHNMEETXX5QDBC.SEARCH&ppt=None&ppn=None&ssid=lbkk1vggc00000001791542860350&qH=a5594894156db043&ov_redirect=true,2026-10-09
500,"vivo T5 Pro 5G (Glacier Blue, 128 GB)",vivo,36999,49999,26% off,,,,6 GB RAM,128 GB ROM,9020 mAh Battery,Snapdragon 7s Gen 4 Processor,17.35 cm (6.83 inch) Full HD+ AMOLED Display,50MP + 2MP | 32MP Front Camera,,https://www.flipkart.com/vivo-t5-pro-5g-glacier-blue-128-gb/p/itma21e2e09d4493?pid=MOBHR8KHZE5GBZYN&lid=LSTMOBHR8KHZE5GBZYNEYE1XX&marketplace=FLIPKART&q=smart+phones&store=tyy%2F4io&srno=s_21_500&otracker=search&fm=organic&iid=712b7108-e7f9-4608-a58e-2386b2537af9.MOBHR8KHZE5GBZYN.SEARCH&ppt=None&ppn=None&ssid=lbkk1vggc00000001791542860350&qH=a5594894156db043&ov_redirect=true,2026-10-09
501,"BOLTT EVO (Sky Blue, 64 GB)",BOLTT,8999,17999,50% off,4.3,"2,048",987,4 GB RAM,64 GB ROM,6000 mAh Lithium ion Battery,T7250 Processor,6.79'' HD+ punch hole display,50MP + 2MP | 8MP Front Camera,,https://www.flipkart.com/boltt-evo-sky-blue-64-gb/p/itmf046d663a1fd7?pid=MOBHPP59WKSV4FYG&lid=LSTMOBHPP59WKSV4FYGYPMLV6&marketplace=FLIPKART&q=smart+phones&store=tyy%2F4io&srno=s_21_501&otracker=search&fm=organic&iid=en_Da1BD3NANrTJ91iAyAUiQYB7MBUGhjYNvtxz0Yw6J0ZTTpkcuJKCItWP7H_pq76WiWdFa328hJ5Tl7uRbip-ZFs0LAPqMrP3q_6IRdvsZf-aOkOFABZqv8Fnyvbo8PNp&ppt=None&ppn=None&ssid=lbkk1vggc00000001791542860350&qH=a5594894156db043&ov_redirect=true,2026-10-09
502,"BOLTT ACE 5G (Arctic White, 128 GB)",BOLTT,13499,26999,50% off,4.8,69,59,6 GB RAM,128 GB ROM,6000 mAh Lithium ion Battery,T8200 Processor,17.25 cm (6.79 inch) HD+ Display,64MP Rear Camera | 8MP Front Camera,,https://www.flipkart.com/boltt-ace-5g-arctic-white-128-gb/p/itm2eb0f483effdd?pid=MOBHPP599JHZUZBV&lid=LSTMOBHPP599JHZUZBVN1I3RX&marketplace=FLIPKART&q=smart+phones&store=tyy%2F4io&srno=s_21_502&otracker=search&fm=organic&iid=en_Da1BD3NANrTJ91iAyAUiQYB7MBUGhjYNvtxz0Yw6J0aOkARaLBptCXY8Whsuu2QrqWMRb7XZ9LlJlXwsX-MeSpRRJF9TV-hbUYxhg9GdHDZpx7SRhBih9DvUXtnIG9ln&ppt=None&ppn=None&ssid=lbkk1vggc00000001791542860350&qH=a5594894156db043&ov_redirect=true,2026-10-09
503,"POCO F7 5G (Phantom Black, 512 GB)",POCO,37999,,,4.4,"23,575","2,931",12 GB RAM,512 GB ROM,"Battery 7550mAh, 90W charger, 22.5W reverse charging",8s Gen 4 Processor,Display -6.83 inch 1.5K pOLED with 120 Hz refresh rate,Front camera -20MP with Portrait Mode | | Front Video Recording | Night Mode,,https://www.flipkart.com/poco-f7-5g-phantom-black-512-gb/p/itm7dcc3ad9e67db?pid=MOBHCY2USYXVQZG3&lid=LSTMOBHCY2USYXVQZG3UZLZFT&marketplace=FLIPKART&q=smart+phones&store=tyy%2F4io&srno=s_21_503&otracker=search&fm=organic&iid=712b7108-e7f9-4608-a58e-2386b2537af9.MOBHCY2USYXVQZG3.SEARCH&ppt=None&ppn=None&ssid=lbkk1vggc00000001791542860350&qH=a5594894156db043&ov_redirect=true,2026-10-09
504,"MOTOROLA Edge 60 Fusion 5G (PANTONE Mykonos Blue, 256 GB)",MOTOROLA,37999,,,4.4,"50,394","3,577",12 GB RAM,256 GB ROM,5500 mAh Battery,Dimensity 7400 Processor,16.94 cm (6.67 inch) Display,50MP + 13MP | 32MP Front Camera,,https://www.flipkart.com/motorola-edge-60-fusion-5g-pantone-mykonos-blue-256-gb/p/itmd06045ba81a69?pid=MOBHN9736Y6GRJWA&lid=LSTMOBHN9736Y6GRJWAUOATHY&marketplace=FLIPKART&q=smart+phones&store=tyy%2F4io&srno=s_21_504&otracker=search&fm=organic&iid=712b7108-e7f9-4608-a58e-2386b2537af9.MOBHN9736Y6GRJWA.SEARCH&ppt=None&ppn=None&ssid=lbkk1vggc00000001791542860350&qH=a5594894156db043&ov_redirect=true,2026-10-09
505,"OnePlus Nord CE4 lite 5G (MEGA BLUE, 128 GB)",OnePlus,16645,20999,20% off,4.4,"36,191","1,868",8 GB RAM,128 GB ROM,5500 mAh Battery,,16.94 cm (6.67 inch) Display,50MP Rear Camera,,https://www.flipkart.com/oneplus-nord-ce4-lite-5g-mega-blue-128-gb/p/itm8fd5fdf300955?pid=MOBH25Z9CCTDDN3J&lid=LSTMOBH25Z9CCTDDN3JRQFPVW&marketplace=FLIPKART&q=smart+phones&store=tyy%2F4io&srno=s_22_505&otracker=search&fm=organic&iid=803526c7-dc9a-4ead-b1c4-bb80947819d0.MOBH25Z9CCTDDN3J.SEARCH&ppt=None&ppn=None&ssid=sk85t0m0cg0000001791542864394&qH=a5594894156db043&ov_redirect=true,2026-10-09
506,"realme C85 5G (Parrot Purple, 128.0 GB)",realme,21999,24999,12% off,4.3,226,17,4 GB RAM,128.0 GB ROM,7000 mAh Battery,Dimensity 6300 Processor,17.27 cm (6.8 inch) HD+ Display,50MP Rear Camera | 8MP Front Camera,,https://www.flipkart.com/realme-c85-5g-parrot-purple-128-0-gb/p/itm460d45ea3b896?pid=MOBHHY7V7UPW3YWV&lid=LSTMOBHHY7V7UPW3YWVGCMMBM&marketplace=FLIPKART&q=smart+phones&store=tyy%2F4io&srno=s_22_506&otracker=search&fm=organic&iid=803526c7-dc9a-4ead-b1c4-bb80947819d0.MOBHHY7V7UPW3YWV.SEARCH&ppt=None&ppn=None&ssid=sk85t0m0cg0000001791542864394&qH=a5594894156db043&ov_redirect=true,2026-10-09
507,"Mivi One 5G (Green, 128 GB)",Mivi,13999,23999,41% off,,,,6 GB RAM,128 GB ROM,6000 mAh Lithium Polymer Battery,Snapdragon 4 Gen 2 Processor,17.14 cm (6.75 inch) HD+ Display,50MP Rear Camera | 8MP Front Camera,,https://www.flipkart.com/mivi-one-5g-green-128-gb/p/itm7ea6be1c1d0bf?pid=MOBHR3ZPFRUFFEBF&lid=LSTMOBHR3ZPFRUFFEBFXXFJBJ&marketplace=FLIPKART&q=smart+phones&store=tyy%2F4io&srno=s_22_507&otracker=search&fm=organic&iid=en_q99UJhy8FfbYK8DyRkDc2O5KoQLrzWD3o_ZLpHsHMYoZW2lV5Nm9CdkQUVeAKwIEzBcC0adnJVDAF994s5Z8VdXXcDpR_S7wBKL_ui3585NzpL14SjFg5uJMkiEovuJ4&ppt=None&ppn=None&ssid=sk85t0m0cg0000001791542864394&qH=a5594894156db043&ov_redirect=true,2026-10-09
508,"BOLTT ACE 5G (Lavender Bloom, 64 GB)",BOLTT,11999,24999,52% off,4.2,477,226,4 GB RAM,64 GB ROM,6000 mAh Lithium ion Battery,T8200 Processor,17.25 cm (6.79 inch) HD+ Display,64MP Rear Camera | 8MP Front Camera,,https://www.flipkart.com/boltt-ace-5g-lavender-bloom-64-gb/p/itm2eb0f483effdd?pid=MOBHPP59CGDHZVJY&lid=LSTMOBHPP59CGDHZVJYFJP39X&marketplace=FLIPKART&q=smart+phones&store=tyy%2F4io&srno=s_22_508&otracker=search&fm=organic&iid=en_q99UJhy8FfbYK8DyRkDc2O5KoQLrzWD3o_ZLpHsHMYrYllOVdvNW5-KMba7Ut1pV6EjlcJGcWKVIdsXhsZKqlc-Hfce6zHM39GsmaCxEcE1zpL14SjFg5uJMkiEovuJ4&ppt=None&ppn=None&ssid=sk85t0m0cg0000001791542864394&qH=a5594894156db043&ov_redirect=true,2026-10-09
509,"POCO M7 5G (Mint Green, 128 GB)",POCO,13499,13999,3% off,4.3,"19,062","1,069",8 GB RAM,128 GB ROM,5160 mAh Battery,4 Gen 2 5G Processor,17.48 cm (6.88 inch) HD+ Display,50MP Rear Camera | 8MP Front Camera,5G,https://www.flipkart.com/poco-m7-5g-mint-green-128-gb/p/itm5a4e9a881d94a?pid=MOBH9HFJGB3JSYEF&lid=LSTMOBH9HFJGB3JSYEF2YLMA0&marketplace=FLIPKART&q=smart+phones&store=tyy%2F4io&srno=s_22_509&otracker=search&fm=organic&iid=803526c7-dc9a-4ead-b1c4-bb80947819d0.MOBH9HFJGB3JSYEF.SEARCH&ppt=None&ppn=None&ssid=sk85t0m0cg0000001791542864394&qH=a5594894156db043&ov_redirect=true,2026-10-09
510,"POCO C81x (Ice Blue, 64 GB)",POCO,11999,18999,36% off,3.9,667,40,3 GB RAM,64 GB ROM,5200 mAh Lithium-Ion Polymer Battery,T7250 Processor,17.48 cm (6.88 inch) Display,13MP Rear Camera | 8MP Front Camera,,https://www.flipkart.com/poco-c81x-ice-blue-64-gb/p/itmf2e3aacd5257e?pid=MOBHMYWRWPE4S8G6&lid=LSTMOBHMYWRWPE4S8G6INAADH&marketplace=FLIPKART&q=smart+phones&store=tyy%2F4io&srno=s_22_510&otracker=search&fm=organic&iid=803526c7-dc9a-4ead-b1c4-bb80947819d0.MOBHMYWRWPE4S8G6.SEARCH&ppt=None&ppn=None&ssid=sk85t0m0cg0000001791542864394&qH=a5594894156db043&ov_redirect=true,2026-10-09
511,"BOLTT EVO (Midnight Black, 64 GB)",BOLTT,8999,17999,50% off,4.3,"2,048",987,4 GB RAM,64 GB ROM,6000 mAh Lithium ion Battery,T7250 Processor,6.79'' HD+ punch hole display,50MP + 2MP | 8MP Front Camera,,https://www.flipkart.com/boltt-evo-midnight-black-64-gb/p/itmf046d663a1fd7?pid=MOBHPP597GB8ZHTY&lid=LSTMOBHPP597GB8ZHTYGYX70A&marketplace=FLIPKART&q=smart+phones&store=tyy%2F4io&srno=s_22_511&otracker=search&fm=organic&iid=en_q99UJhy8FfbYK8DyRkDc2O5KoQLrzWD3o_ZLpHsHMYpz3rpt1KsbptdXnfTHnBnrmufLsD40cfOytTrT-2ACNqoJtuV9R_JTLQ6A0_d1zMQfh5f5vI9DNYbeEXZ3cjDU&ppt=None&ppn=None&ssid=sk85t0m0cg0000001791542864394&qH=a5594894156db043&ov_redirect=true,2026-10-09
512,"BOLTT EVO (Arctic White, 64 GB)",BOLTT,8999,17999,50% off,4.3,"2,048",987,4 GB RAM,64 GB ROM,6000 mAh Lithium ion Battery,T7250 Processor,6.79'' HD+ punch hole display,50MP + 2MP | 8MP Front Camera,,https://www.flipkart.com/boltt-evo-arctic-white-64-gb/p/itmf046d663a1fd7?pid=MOBHPP59BYSJ98M8&lid=LSTMOBHPP59BYSJ98M8RWYHGQ&marketplace=FLIPKART&q=smart+phones&store=tyy%2F4io&srno=s_22_512&otracker=search&fm=organic&iid=en_q99UJhy8FfbYK8DyRkDc2O5KoQLrzWD3o_ZLpHsHMYrsyXc2njHCKr6sopPh6WZSMw_YrC6cGEjKq2WZ8-8z4kJqULiYX7S4erGGIr8dEegfh5f5vI9DNYbeEXZ3cjDU&ppt=None&ppn=None&ssid=sk85t0m0cg0000001791542864394&qH=a5594894156db043&ov_redirect=true,2026-10-09
513,"POCO X7 5G (Glacier Green, 128 GB)",POCO,17999,24999,28% off,4.3,"29,056","2,685",8 GB RAM,128 GB ROM,5500 mAh Battery,Dimensity 7300 Ultra Processor,16.94 cm (6.67 inch) Full HD+ Display,50MP + 8MP + 2MP | 20MP Front Camera,,https://www.flipkart.com/poco-x7-5g-glacier-green-128-gb/p/itm7a1e6391d84ac?pid=MOBH7YZ9QZJTXX4G&lid=LSTMOBH7YZ9QZJTXX4GJGX7WJ&marketplace=FLIPKART&q=smart+phones&store=tyy%2F4io&srno=s_22_513&otracker=search&fm=organic&iid=803526c7-dc9a-4ead-b1c4-bb80947819d0.MOBH7YZ9QZJTXX4G.SEARCH&ppt=None&ppn=None&ssid=sk85t0m0cg0000001791542864394&qH=a5594894156db043&ov_redirect=true,2026-10-09
514,"Infinix SMART 20 (Polaris Titanium, 64 GB)",Infinix,13499,19999,32% off,3.9,312,35,4 GB RAM,64 GB ROM,5200 mAh Battery,Helio G81 Ultimate Processor,17.22 cm (6.78 inch) HD+ Display,8MP Rear Camera | 8MP Front Camera,,https://www.flipkart.com/infinix-smart-20-polaris-titanium-64-gb/p/itmf761cd49f9162?pid=MOBHNMEETYFWZNHQ&lid=LSTMOBHNMEETYFWZNHQVTGCIP&marketplace=FLIPKART&q=smart+phones&store=tyy%2F4io&srno=s_22_514&otracker=search&fm=organic&iid=803526c7-dc9a-4ead-b1c4-bb80947819d0.MOBHNMEETYFWZNHQ.SEARCH&ppt=None&ppn=None&ssid=sk85t0m0cg0000001791542864394&qH=a5594894156db043&ov_redirect=true,2026-10-09
515,"Mivi One 5G (Green, 128 GB)",Mivi,13999,23999,41% off,,,,6 GB RAM,128 GB ROM,6000 mAh Lithium Polymer Battery,Snapdragon 4 Gen 2 Processor,17.14 cm (6.75 inch) HD+ Display,50MP Rear Camera | 8MP Front Camera,,https://www.flipkart.com/mivi-one-5g-green-128-gb/p/itm7ea6be1c1d0bf?pid=MOBHR3ZPFRUFFEBF&lid=LSTMOBHR3ZPFRUFFEBFXXFJBJ&marketplace=FLIPKART&q=smart+phones&store=tyy%2F4io&srno=s_22_515&otracker=search&fm=organic&iid=803526c7-dc9a-4ead-b1c4-bb80947819d0.MOBHR3ZPFRUFFEBF.SEARCH&ppt=None&ppn=None&ssid=sk85t0m0cg0000001791542864394&qH=a5594894156db043&ov_redirect=true,2026-10-09
516,"POCO M7 Plus 5G (Chrome Silver, 128 GB)",POCO,16999,,,4.2,"12,986",986,6 GB RAM,128 GB ROM,7000 mAh Battery,Snapdragon 6s Gen 3 5G Processor,17.53 cm (6.9 inch) Full HD+ Display,50MP AI Dual Camera | 8MP Front Camera,5G,https://www.flipkart.com/poco-m7-plus-5g-chrome-silver-128-gb/p/itm2fbc82f08965c?pid=MOBHETX6TDHCH3VV&lid=LSTMOBHETX6TDHCH3VVZCHZS8&marketplace=FLIPKART&q=smart+phones&store=tyy%2F4io&srno=s_22_516&otracker=search&fm=organic&iid=803526c7-dc9a-4ead-b1c4-bb80947819d0.MOBHETX6TDHCH3VV.SEARCH&ppt=None&ppn=None&ssid=sk85t0m0cg0000001791542864394&qH=a5594894156db043&ov_redirect=true,2026-10-09
517,"Nothing Phone (4b) (White, 128 GB)",Nothing,29999,49999,40% off,,,,6 GB RAM,128 GB ROM,6000 mAh Lithium ion Battery,6 Gen 4 Processor,17.2 cm (6.77 inch) Full HD+ AMOLED Display,50MP + 8MP | 16MP Front Camera,,https://www.flipkart.com/nothing-phone-4b-white-128-gb/p/itm939608b40adbb?pid=MOBHQENATV85KYCZ&lid=LSTMOBHQENATV85KYCZ0HUCMA&marketplace=FLIPKART&q=smart+phones&store=tyy%2F4io&srno=s_22_517&otracker=search&fm=organic&iid=en_q99UJhy8FfbYK8DyRkDc2O5KoQLrzWD3o_ZLpHsHMYpMqNyNdr6lRM1vZzioNbroJRWmJqRScuDEhLBoCJQ_-zmhNhj8Rec88cH_U33TMLUfh5f5vI9DNYbeEXZ3cjDU&ppt=None&ppn=None&ssid=sk85t0m0cg0000001791542864394&qH=a5594894156db043&ov_redirect=true,2026-10-09
518,"BOLTT ACE 5G (Midnight Black, 128 GB)",BOLTT,13499,26999,50% off,4.8,69,59,6 GB RAM,128 GB ROM,6000 mAh Lithium ion Battery,T8200 Processor,17.25 cm (6.79 inch) HD+ Display,64MP Rear Camera | 8MP Front Camera,,https://www.flipkart.com/boltt-ace-5g-midnight-black-128-gb/p/itmc7395bddbb3a4?pid=MOBHPP59KHGRQGZK&lid=LSTMOBHPP59KHGRQGZKG8NGAJ&marketplace=FLIPKART&q=smart+phones&store=tyy%2F4io&srno=s_22_518&otracker=search&fm=organic&iid=en_q99UJhy8FfbYK8DyRkDc2O5KoQLrzWD3o_ZLpHsHMYo1tU9WPLtWOsBPtspelhBEceO83KH40hAfyKb6-RK5emI2n1F29CDxktZayioP0zpzpL14SjFg5uJMkiEovuJ4&ppt=None&ppn=None&ssid=sk85t0m0cg0000001791542864394&qH=a5594894156db043&ov_redirect=true,2026-10-09
519,"Motorola g54 5G (Midnight Blue, 256 GB)",Motorola,21999,,,4.2,"82,102","7,304",12 GB RAM,256 GB ROM,6000 mAh Battery,Dimensity 7020 Processor,16.51 cm (6.5 inch) Full HD+ Display,50MP (OIS) + 8MP | 16MP Front Camera,,https://www.flipkart.com/motorola-g54-5g-midnight-blue-256-gb/p/itmc5db12ebf3198?pid=MOBGQFX88DJDTHYG&lid=LSTMOBGQFX88DJDTHYGROOGII&marketplace=FLIPKART&q=smart+phones&store=tyy%2F4io&srno=s_22_519&otracker=search&fm=organic&iid=803526c7-dc9a-4ead-b1c4-bb80947819d0.MOBGQFX88DJDTHYG.SEARCH&ppt=None&ppn=None&ssid=sk85t0m0cg0000001791542864394&qH=a5594894156db043&ov_redirect=true,2026-10-09
520,"Mivi One 5G (Green, 128 GB)",Mivi,14999,25999,42% off,,,,8 GB RAM,128 GB ROM,6000 mAh Lithium Polymer Battery,Snapdragon 4 Gen 2 Processor,17.14 cm (6.75 inch) HD+ Display,50MP Rear Camera | 8MP Front Camera,,https://www.flipkart.com/mivi-one-5g-green-128-gb/p/itm7c374475b93cf?pid=MOBHR3ZP7PRKEXUP&lid=LSTMOBHR3ZP7PRKEXUPKQQIR0&marketplace=FLIPKART&q=smart+phones&store=tyy%2F4io&srno=s_22_520&otracker=search&fm=organic&iid=803526c7-dc9a-4ead-b1c4-bb80947819d0.MOBHR3ZP7PRKEXUP.SEARCH&ppt=None&ppn=None&ssid=sk85t0m0cg0000001791542864394&qH=a5594894156db043&ov_redirect=true,2026-10-09
521,"BOLTT EVO (Arctic White, 128 GB)",BOLTT,10499,18999,44% off,4,"2,616","1,184",6 GB RAM,128 GB ROM,6000 mAh Lithium ion Battery,T7250 Processor,6.79'' HD+ punch hole display,50MP + 2MP | 8MP Front Camera,,https://www.flipkart.com/boltt-evo-arctic-white-128-gb/p/itmf046d663a1fd7?pid=MOBHPP59GKGTGZGA&lid=LSTMOBHPP59GKGTGZGAIEMNWG&marketplace=FLIPKART&q=smart+phones&store=tyy%2F4io&srno=s_22_521&otracker=search&fm=organic&iid=en_q99UJhy8FfbYK8DyRkDc2O5KoQLrzWD3o_ZLpHsHMYqlBEl863fiODWRzAETnURO2d7HEcpMQaj_c2xS4y4sBI6iFcCMcne0NcY1l-GNU4wfh5f5vI9DNYbeEXZ3cjDU&ppt=None&ppn=None&ssid=sk85t0m0cg0000001791542864394&qH=a5594894156db043&ov_redirect=true,2026-10-09
522,"Mivi One 5G (Burgundy, 128 GB)",Mivi,14999,25999,42% off,,,,8 GB RAM,128 GB ROM,6000 mAh Lithium Polymer Battery,Snapdragon 4 Gen 2 Processor,17.14 cm (6.75 inch) HD+ Display,50MP Rear Camera | 8MP Front Camera,,https://www.flipkart.com/mivi-one-5g-burgundy-128-gb/p/itm3fb0c94957b9f?pid=MOBHR3ZP74GDCQQC&lid=LSTMOBHR3ZP74GDCQQC3F0WAL&marketplace=FLIPKART&q=smart+phones&store=tyy%2F4io&srno=s_22_522&otracker=search&fm=organic&iid=en_q99UJhy8FfbYK8DyRkDc2O5KoQLrzWD3o_ZLpHsHMYpTSPcwJH26Az7KmBURLSKzlhTq3TNR9LJbyvkcUs0E5h5lnB_B3YgA2Ah0gCCIDM5zpL14SjFg5uJMkiEovuJ4&ppt=None&ppn=None&ssid=sk85t0m0cg0000001791542864394&qH=a5594894156db043&ov_redirect=true,2026-10-09
523,"Samsung Galaxy F56 5G (Violet, 128 GB)",Samsung,24490,30999,20% off,4.4,715,71,8 GB RAM,128 GB ROM,5000 mAh Battery,Exynos 1480 Processor,17.02 cm (6.7 inch) Full HD+ Display,50MP + 8MP + 2MP | 12MP Front Camera,,https://www.flipkart.com/samsung-galaxy-f56-5g-violet-128-gb/p/itma994c3345a940?pid=MOBHBWF37SBKPVBT&lid=LSTMOBHBWF37SBKPVBTKNJCVH&marketplace=FLIPKART&q=smart+phones&store=tyy%2F4io&srno=s_22_523&otracker=search&fm=organic&iid=803526c7-dc9a-4ead-b1c4-bb80947819d0.MOBHBWF37SBKPVBT.SEARCH&ppt=None&ppn=None&ssid=sk85t0m0cg0000001791542864394&qH=a5594894156db043&ov_redirect=true,2026-10-09
524,"Apple iPhone 14 Plus (Purple, 128 GB)",Apple,69900,,,4.6,"80,096","4,682",,,,"A15 Bionic Chip, 6 Core Processor Processor",17.02 cm (6.7 inch) Super Retina XDR Display,12MP + 12MP | 12MP Front Camera,,https://www.flipkart.com/apple-iphone-14-plus-purple-128-gb/p/itm7a759a472d863?pid=MOBGHWFHYFJWRHAG&lid=LSTMOBGHWFHYFJWRHAGGKIZA6&marketplace=FLIPKART&q=smart+phones&store=tyy%2F4io&srno=s_22_524&otracker=search&fm=organic&iid=803526c7-dc9a-4ead-b1c4-bb80947819d0.MOBGHWFHYFJWRHAG.SEARCH&ppt=None&ppn=None&ssid=sk85t0m0cg0000001791542864394&qH=a5594894156db043&ov_redirect=true,2026-10-09
525,"OPPO K12x 5G with 45W SUPERVOOC Charger In-The-Box (Breeze Blue, 128 GB)",OPPO,16999,,,4.4,"1,33,745","5,810",6 GB RAM,128 GB ROM,5100 mAh Battery,Dimensity 6300 Processor,16.94 cm (6.67 inch) HD Display,32MP + 2MP | 8MP Front Camera,,https://www.flipkart.com/oppo-k12x-5g-45w-supervooc-charger-in-the-box-breeze-blue-128-gb/p/itma30cb38861d4c?pid=MOBH2Q4PN6FWZCGV&lid=LSTMOBH2Q4PN6FWZCGVPMAT2I&marketplace=FLIPKART&q=smart+phones&store=tyy%2F4io&srno=s_22_525&otracker=search&fm=organic&iid=803526c7-dc9a-4ead-b1c4-bb80947819d0.MOBH2Q4PN6FWZCGV.SEARCH&ppt=None&ppn=None&ssid=sk85t0m0cg0000001791542864394&qH=a5594894156db043&ov_redirect=true,2026-10-09
526,"OPPO K12x 5G with 45W SUPERVOOC Charger In-The-Box (Midnight Violet, 128 GB)",OPPO,16999,,,4.4,"1,33,745","5,810",6 GB RAM,128 GB ROM,5100 mAh Battery,Dimensity 6300 Processor,16.94 cm (6.67 inch) HD Display,32MP + 2MP | 8MP Front Camera,,https://www.flipkart.com/oppo-k12x-5g-45w-supervooc-charger-in-the-box-midnight-violet-128-gb/p/itma30cb38861d4c?pid=MOBH2Q4PGYYZDSRR&lid=LSTMOBH2Q4PGYYZDSRRJXREQR&marketplace=FLIPKART&q=smart+phones&store=tyy%2F4io&srno=s_22_526&otracker=search&fm=organic&iid=803526c7-dc9a-4ead-b1c4-bb80947819d0.MOBH2Q4PGYYZDSRR.SEARCH&ppt=None&ppn=None&ssid=sk85t0m0cg0000001791542864394&qH=a5594894156db043&ov_redirect=true,2026-10-09
527,"BOLTT EVO (Sky Blue, 64 GB)",BOLTT,8999,17999,50% off,4.3,"2,048",987,4 GB RAM,64 GB ROM,6000 mAh Lithium ion Battery,T7250 Processor,6.79'' HD+ punch hole display,50MP + 2MP | 8MP Front Camera,,https://www.flipkart.com/boltt-evo-sky-blue-64-gb/p/itmf046d663a1fd7?pid=MOBHPP59WKSV4FYG&lid=LSTMOBHPP59WKSV4FYGYPMLV6&marketplace=FLIPKART&q=smart+phones&store=tyy%2F4io&srno=s_22_527&otracker=search&fm=organic&iid=en_q99UJhy8FfbYK8DyRkDc2O5KoQLrzWD3o_ZLpHsHMYp71zcHereeoEMvlZTFVUnkiWdFa328hJ5Tl7uRbip-ZFs0LAPqMrP3q_6IRdvsZf8fh5f5vI9DNYbeEXZ3cjDU&ppt=None&ppn=None&ssid=sk85t0m0cg0000001791542864394&qH=a5594894156db043&ov_redirect=true,2026-10-09
528,"BOLTT ACE 5G (Arctic White, 128 GB)",BOLTT,13499,26999,50% off,4.8,69,59,6 GB RAM,128 GB ROM,6000 mAh Lithium ion Battery,T8200 Processor,17.25 cm (6.79 inch) HD+ Display,64MP Rear Camera | 8MP Front Camera,,https://www.flipkart.com/boltt-ace-5g-arctic-white-128-gb/p/itm2eb0f483effdd?pid=MOBHPP599JHZUZBV&lid=LSTMOBHPP599JHZUZBVN1I3RX&marketplace=FLIPKART&q=smart+phones&store=tyy%2F4io&srno=s_22_528&otracker=search&fm=organic&iid=en_q99UJhy8FfbYK8DyRkDc2O5KoQLrzWD3o_ZLpHsHMYr9dDTExUG6mwc26bFQOEjxqWMRb7XZ9LlJlXwsX-MeSpRRJF9TV-hbUYxhg9GdHDb4k_D1_4VB0gOVlAqrExiZ&ppt=None&ppn=None&ssid=sk85t0m0cg0000001791542864394&qH=a5594894156db043&ov_redirect=true,2026-10-09
529,"Tecno Spark Go 1 (Magic Skin Green, 64 GB)",Tecno,7299,8999,18% off,4.3,"6,745",346,4 GB RAM,64 GB ROM,5000 mAh Battery,Unisoc T61 Processor,16.94 cm (6.67 inch) Display,13MP Rear Camera | 8MP Front Camera,,https://www.flipkart.com/tecno-spark-go-1-magic-skin-green-64-gb/p/itma978101d8bf15?pid=MOBH9HYGTSNMX8XE&lid=LSTMOBH9HYGTSNMX8XEOM4SMW&marketplace=FLIPKART&q=smart+phones&store=tyy%2F4io&srno=s_23_529&otracker=search&fm=organic&iid=44cd189c-abf0-47a5-8907-da4cc9ee1871.MOBH9HYGTSNMX8XE.SEARCH&ppt=None&ppn=None&ssid=sm9ernmjeo0000001791542867205&qH=a5594894156db043&ov_redirect=true,2026-10-09
530,"Nothing Phone (4a) (Pink, 256 GB)",Nothing,49999,62999,20% off,4.5,"6,764",727,8 GB RAM,256 GB ROM,5400 mAh Lithium ion Battery,Snapdragon 7s Gen 4 Processor,17.22 cm (6.78 inch) Full HD+ AMOLED Display,50MP + 50MP + 8MP | 32MP Front Camera,,https://www.flipkart.com/nothing-phone-4a-pink-256-gb/p/itm12e55e3359c46?pid=MOBHP9NHUZ6JZZBY&lid=LSTMOBHP9NHUZ6JZZBYCOSOPG&marketplace=FLIPKART&q=smart+phones&store=tyy%2F4io&srno=s_23_530&otracker=search&fm=organic&iid=44cd189c-abf0-47a5-8907-da4cc9ee1871.MOBHP9NHUZ6JZZBY.SEARCH&ppt=None&ppn=None&ssid=sm9ernmjeo0000001791542867205&qH=a5594894156db043&ov_redirect=true,2026-10-09
531,"BOLTT EVO (Midnight Black, 64 GB)",BOLTT,8999,17999,50% off,4.3,"2,048",987,4 GB RAM,64 GB ROM,6000 mAh Lithium ion Battery,T7250 Processor,6.79'' HD+ punch hole display,50MP + 2MP | 8MP Front Camera,,https://www.flipkart.com/boltt-evo-midnight-black-64-gb/p/itmf046d663a1fd7?pid=MOBHPP597GB8ZHTY&lid=LSTMOBHPP597GB8ZHTYGYX70A&marketplace=FLIPKART&q=smart+phones&store=tyy%2F4io&srno=s_23_531&otracker=search&fm=organic&iid=en_ZRxF73ds_KpDksvl8zqX5J8SZfba0p2jpHlKZJLNqwMNlzQIfnU3cL4S2VVXsibomufLsD40cfOytTrT-2ACNol0zbRIx7nkRM2sm5Z_wdPr07ru3UFhPYKRzjJdArcv&ppt=None&ppn=None&ssid=sm9ernmjeo0000001791542867205&qH=a5594894156db043&ov_redirect=true,2026-10-09
532,"Mivi One 5G (Green, 128 GB)",Mivi,13999,23999,41% off,,,,6 GB RAM,128 GB ROM,6000 mAh Lithium Polymer Battery,Snapdragon 4 Gen 2 Processor,17.14 cm (6.75 inch) HD+ Display,50MP Rear Camera | 8MP Front Camera,,https://www.flipkart.com/mivi-one-5g-green-128-gb/p/itm7ea6be1c1d0bf?pid=MOBHR3ZPFRUFFEBF&lid=LSTMOBHR3ZPFRUFFEBFXXFJBJ&marketplace=FLIPKART&q=smart+phones&store=tyy%2F4io&srno=s_23_532&otracker=search&fm=organic&iid=en_ZRxF73ds_KpDksvl8zqX5J8SZfba0p2jpHlKZJLNqwMDqXjQ_bDCGn5km9E2_f_XzBcC0adnJVDAF994s5Z8VY9HwORmVN_5IcANi6THsWqQQ9mvcfsR5hbeCYJUA-cl&ppt=None&ppn=None&ssid=sm9ernmjeo0000001791542867205&qH=a5594894156db043&ov_redirect=true,2026-10-09
533,"Tecno Pova Curve 5G (Geek Black, 128 GB)",Tecno,17999,19999,10% off,4.4,"1,780",187,8 GB RAM,128 GB ROM,5500 mAh Battery,Dimensity 7300 Ultimate Processor,17.22 cm (6.78 inch) Display,64MP Rear Camera | 13MP Front Camera,,https://www.flipkart.com/tecno-pova-curve-5g-geek-black-128-gb/p/itma403c7d655267?pid=MOBHBYG37PWWSHHF&lid=LSTMOBHBYG37PWWSHHFGRZ3JX&marketplace=FLIPKART&q=smart+phones&store=tyy%2F4io&srno=s_23_533&otracker=search&fm=organic&iid=44cd189c-abf0-47a5-8907-da4cc9ee1871.MOBHBYG37PWWSHHF.SEARCH&ppt=None&ppn=None&ssid=sm9ernmjeo0000001791542867205&qH=a5594894156db043&ov_redirect=true,2026-10-09
534,"Motorola G32 (Mineral Gray, 128 GB)",Motorola,18999,,,4.2,"1,24,877","9,920",8 GB RAM,128 GB ROM,5000 mAh Lithium Polymer Battery,Qualcomm Snapdragon 680 Processor,16.51 cm (6.5 inch) Full HD+ Display,50MP + 8MP + 2MP | 16MP Front Camera,,https://www.flipkart.com/motorola-g32-mineral-gray-128-gb/p/itm6061450cb40ac?pid=MOBGM2EHJUTMXMFV&lid=LSTMOBGM2EHJUTMXMFV3ZYMIR&marketplace=FLIPKART&q=smart+phones&store=tyy%2F4io&srno=s_23_534&otracker=search&fm=organic&iid=44cd189c-abf0-47a5-8907-da4cc9ee1871.MOBGM2EHJUTMXMFV.SEARCH&ppt=None&ppn=None&ssid=sm9ernmjeo0000001791542867205&qH=a5594894156db043&ov_redirect=true,2026-10-09
535,"Nokia C20 Plus Smartphone (Ocean Blue, 32 GB)",Nokia,10499,,,3.9,327,29,2 GB RAM,32 GB ROM,up to 2-days battery life with a 5000 mAh battery,Unisoc SC9863A Processor,16.51 cm (6.5 inch) HD+ Display,8MP + 2MP | 5MP Front Camera,,https://www.flipkart.com/nokia-c20-plus-smartphone-ocean-blue-32-gb/p/itm09502cdcc9c9f?pid=MOBG5ME6ZBKSNUUR&lid=LSTMOBG5ME6ZBKSNUURAK0O50&marketplace=FLIPKART&q=smart+phones&store=tyy%2F4io&srno=s_23_535&otracker=search&fm=organic&iid=44cd189c-abf0-47a5-8907-da4cc9ee1871.MOBG5ME6ZBKSNUUR.SEARCH&ppt=None&ppn=None&ssid=sm9ernmjeo0000001791542867205&qH=a5594894156db043&ov_redirect=true,2026-10-09
536,"Nothing Phone (3) (White, 512 GB)",Nothing,89999,94999,5% off,4.4,"1,062",147,16 GB RAM,512 GB ROM,5500 mAh Battery,8s Gen 4 Mobile Platform Processor,16.94 cm (6.67 inch) Full HD+ Display,50MP + 50MP + 50MP | 50MP Front Camera,,https://www.flipkart.com/nothing-phone-3-white-512-gb/p/itm0c32a18b0df8a?pid=MOBHCY4CC4TPVJHS&lid=LSTMOBHCY4CC4TPVJHSMMJ6C8&marketplace=FLIPKART&q=smart+phones&store=tyy%2F4io&srno=s_23_536&otracker=search&fm=organic&iid=44cd189c-abf0-47a5-8907-da4cc9ee1871.MOBHCY4CC4TPVJHS.SEARCH&ppt=None&ppn=None&ssid=sm9ernmjeo0000001791542867205&qH=a5594894156db043&ov_redirect=true,2026-10-09
537,"BOLTT ACE 5G (Lavender Bloom, 64 GB)",BOLTT,11999,24999,52% off,4.2,477,226,4 GB RAM,64 GB ROM,6000 mAh Lithium ion Battery,T8200 Processor,17.25 cm (6.79 inch) HD+ Display,64MP Rear Camera | 8MP Front Camera,,https://www.flipkart.com/boltt-ace-5g-lavender-bloom-64-gb/p/itm2eb0f483effdd?pid=MOBHPP59CGDHZVJY&lid=LSTMOBHPP59CGDHZVJYFJP39X&marketplace=FLIPKART&q=smart+phones&store=tyy%2F4io&srno=s_23_537&otracker=search&fm=organic&iid=en_ZRxF73ds_KpDksvl8zqX5J8SZfba0p2jpHlKZJLNqwPhAioeyZ5HILhJ6GlMdvSF6EjlcJGcWKVIdsXhsZKqldil8PSYMCIeoorv_0-dz5OQQ9mvcfsR5hbeCYJUA-cl&ppt=None&ppn=None&ssid=sm9ernmjeo0000001791542867205&qH=a5594894156db043&ov_redirect=true,2026-10-09
538,"BOLTT EVO (Arctic White, 64 GB)",BOLTT,8999,17999,50% off,4.3,"2,048",987,4 GB RAM,64 GB ROM,6000 mAh Lithium ion Battery,T7250 Processor,6.79'' HD+ punch hole display,50MP + 2MP | 8MP Front Camera,,https://www.flipkart.com/boltt-evo-arctic-white-64-gb/p/itmf046d663a1fd7?pid=MOBHPP59BYSJ98M8&lid=LSTMOBHPP59BYSJ98M8RWYHGQ&marketplace=FLIPKART&q=smart+phones&store=tyy%2F4io&srno=s_23_538&otracker=search&fm=organic&iid=en_ZRxF73ds_KpDksvl8zqX5J8SZfba0p2jpHlKZJLNqwPD4PJDNmF0hGFMSCcHnD3SMw_YrC6cGEjKq2WZ8-8z4kJqULiYX7S4erGGIr8dEejr07ru3UFhPYKRzjJdArcv&ppt=None&ppn=None&ssid=sm9ernmjeo0000001791542867205&qH=a5594894156db043&ov_redirect=true,2026-10-09
539,"REDMI 12 (Pastel Blue, 128 GB)",REDMI,8999,14999,40% off,4.3,"97,868","5,406",4 GB RAM,128 GB ROM,5000 mAh Battery,Helio G88 Processor,17.25 cm (6.79 inch) Full HD+ Display,50MP + 8MP + 2MP | 8MP Front Camera,,https://www.flipkart.com/redmi-12-pastel-blue-128-gb/p/itmfe7ae9e7b37da?pid=MOBGZF9PMBQ2QK5F&lid=LSTMOBGZF9PMBQ2QK5FH4UMBH&marketplace=FLIPKART&q=smart+phones&store=tyy%2F4io&srno=s_23_539&otracker=search&fm=organic&iid=44cd189c-abf0-47a5-8907-da4cc9ee1871.MOBGZF9PMBQ2QK5F.SEARCH&ppt=None&ppn=None&ssid=sm9ernmjeo0000001791542867205&qH=a5594894156db043&ov_redirect=true,2026-10-09
540,"Infinix SMART 20 (Sunlike Orange, 128 GB)",Infinix,14999,21999,31% off,3.9,312,35,4 GB RAM,128 GB ROM,5200 mAh Battery,Helio G81 Ultimate Processor,17.22 cm (6.78 inch) HD+ Display,8MP Rear Camera | 8MP Front Camera,,https://www.flipkart.com/infinix-smart-20-sunlike-orange-128-gb/p/itmf761cd49f9162?pid=MOBHNMEEFAWCYC5E&lid=LSTMOBHNMEEFAWCYC5EUPDPZ1&marketplace=FLIPKART&q=smart+phones&store=tyy%2F4io&srno=s_23_540&otracker=search&fm=organic&iid=44cd189c-abf0-47a5-8907-da4cc9ee1871.MOBHNMEEFAWCYC5E.SEARCH&ppt=None&ppn=None&ssid=sm9ernmjeo0000001791542867205&qH=a5594894156db043&ov_redirect=true,2026-10-09
541,"Nothing Phone (4b) (White, 128 GB)",Nothing,29999,49999,40% off,,,,6 GB RAM,128 GB ROM,6000 mAh Lithium ion Battery,6 Gen 4 Processor,17.2 cm (6.77 inch) Full HD+ AMOLED Display,50MP + 8MP | 16MP Front Camera,,https://www.flipkart.com/nothing-phone-4b-white-128-gb/p/itm939608b40adbb?pid=MOBHQENATV85KYCZ&lid=LSTMOBHQENATV85KYCZ0HUCMA&marketplace=FLIPKART&q=smart+phones&store=tyy%2F4io&srno=s_23_541&otracker=search&fm=organic&iid=en_ZRxF73ds_KpDksvl8zqX5J8SZfba0p2jpHlKZJLNqwOBsxZfy2lTd5KlM0kRq5kVJRWmJqRScuDEhLBoCJQ_-zmhNhj8Rec88cH_U33TMLXr07ru3UFhPYKRzjJdArcv&ppt=None&ppn=None&ssid=sm9ernmjeo0000001791542867205&qH=a5594894156db043&ov_redirect=true,2026-10-09
542,"BOLTT ACE 5G (Midnight Black, 128 GB)",BOLTT,13499,26999,50% off,4.8,69,59,6 GB RAM,128 GB ROM,6000 mAh Lithium ion Battery,T8200 Processor,17.25 cm (6.79 inch) HD+ Display,64MP Rear Camera | 8MP Front Camera,,https://www.flipkart.com/boltt-ace-5g-midnight-black-128-gb/p/itmc7395bddbb3a4?pid=MOBHPP59KHGRQGZK&lid=LSTMOBHPP59KHGRQGZKG8NGAJ&marketplace=FLIPKART&q=smart+phones&store=tyy%2F4io&srno=s_23_542&otracker=search&fm=organic&iid=en_ZRxF73ds_KpDksvl8zqX5J8SZfba0p2jpHlKZJLNqwMb0QQwLZCYSjqZg8c_XJgjceO83KH40hAfyKb6-RK5emI2n1F29CDxktZayioP0zqQQ9mvcfsR5hbeCYJUA-cl&ppt=None&ppn=None&ssid=sm9ernmjeo0000001791542867205&qH=a5594894156db043&ov_redirect=true,2026-10-09
543,"Ai+ Pulse 2 (Blue, 128 GB)",Ai+,9999,15499,35% off,4.1,"13,552",946,4 GB RAM,128 GB ROM,6000 mAh Battery,T7250 Processor,17.13 cm (6.745 inch) HD+ Display,50MP Rear Camera | 8MP Front Camera,,https://www.flipkart.com/ai-pulse-2-blue-128-gb/p/itm982c299d0417e?pid=MOBHZPMCBYNXVYDB&lid=LSTMOBHZPMCBYNXVYDBFJKORE&marketplace=FLIPKART&q=smart+phones&store=tyy%2F4io&srno=s_23_543&otracker=search&fm=organic&iid=44cd189c-abf0-47a5-8907-da4cc9ee1871.MOBHZPMCBYNXVYDB.SEARCH&ppt=None&ppn=None&ssid=sm9ernmjeo0000001791542867205&qH=a5594894156db043&ov_redirect=true,2026-10-09
544,"MOTOROLA Signature (PANTONE Martini Olive, 256 GB)",MOTOROLA,59999,74999,20% off,4.4,941,173,12 GB RAM,256 GB ROM,5200 mAh Battery,Snapdragon 8 Gen 5 Processor,17.27 cm (6.8 inch) Super HD Display,50MP + 50MP + 50MP | 50MP Front Camera,,https://www.flipkart.com/motorola-signature-pantone-martini-olive-256-gb/p/itm945fffeb4a94c?pid=MOBHGVJYTCM8BZQF&lid=LSTMOBHGVJYTCM8BZQFUX35PO&marketplace=FLIPKART&q=smart+phones&store=tyy%2F4io&srno=s_23_544&otracker=search&fm=organic&iid=44cd189c-abf0-47a5-8907-da4cc9ee1871.MOBHGVJYTCM8BZQF.SEARCH&ppt=None&ppn=None&ssid=sm9ernmjeo0000001791542867205&qH=a5594894156db043&ov_redirect=true,2026-10-09
545,"Tecno Spark Go 3 (Titanium Grey, 64 GB)",Tecno,10999,15999,31% off,4.1,231,16,4 GB RAM,64 GB ROM,5000 mAh Lithium Polymer Battery,T7250 Processor,17.12 cm (6.74 inch) HD+ Display,13MP Rear Camera | 8MP Front Camera,,https://www.flipkart.com/tecno-spark-go-3-titanium-grey-64-gb/p/itma9c8f128a61c6?pid=MOBHP2QY7GH4XWWS&lid=LSTMOBHP2QY7GH4XWWSUZBT2N&marketplace=FLIPKART&q=smart+phones&store=tyy%2F4io&srno=s_23_545&otracker=search&fm=organic&iid=44cd189c-abf0-47a5-8907-da4cc9ee1871.MOBHP2QY7GH4XWWS.SEARCH&ppt=None&ppn=None&ssid=sm9ernmjeo0000001791542867205&qH=a5594894156db043&ov_redirect=true,2026-10-09
546,"POCO M6 5G (Galactic Black, 128 GB)",POCO,13899,13999,,4.3,"48,653","2,496",6 GB RAM,128 GB ROM,5000 mAh Battery,Mediatek Dimensity 6100+ Processor,17.12 cm (6.74 inch) HD+ Display,50MP Rear Camera | 5MP Front Camera,,https://www.flipkart.com/poco-m6-5g-galactic-black-128-gb/p/itmcdbabdb19c13f?pid=MOBH92ADCZWC4PZQ&lid=LSTMOBH92ADCZWC4PZQN2EET6&marketplace=FLIPKART&q=smart+phones&store=tyy%2F4io&srno=s_23_546&otracker=search&fm=organic&iid=44cd189c-abf0-47a5-8907-da4cc9ee1871.MOBH92ADCZWC4PZQ.SEARCH&ppt=None&ppn=None&ssid=sm9ernmjeo0000001791542867205&qH=a5594894156db043&ov_redirect=true,2026-10-09
547,"BOLTT EVO (Arctic White, 128 GB)",BOLTT,10499,18999,44% off,4,"2,616","1,184",6 GB RAM,128 GB ROM,6000 mAh Lithium ion Battery,T7250 Processor,6.79'' HD+ punch hole display,50MP + 2MP | 8MP Front Camera,,https://www.flipkart.com/boltt-evo-arctic-white-128-gb/p/itmf046d663a1fd7?pid=MOBHPP59GKGTGZGA&lid=LSTMOBHPP59GKGTGZGAIEMNWG&marketplace=FLIPKART&q=smart+phones&store=tyy%2F4io&srno=s_23_547&otracker=search&fm=organic&iid=en_ZRxF73ds_KpDksvl8zqX5J8SZfba0p2jpHlKZJLNqwMkATKfgqi161RecxI97Bcb2d7HEcpMQaj_c2xS4y4sBI6iFcCMcne0NcY1l-GNU4zr07ru3UFhPYKRzjJdArcv&ppt=None&ppn=None&ssid=sm9ernmjeo0000001791542867205&qH=a5594894156db043&ov_redirect=true,2026-10-09
548,"Mivi One 5G (Burgundy, 128 GB)",Mivi,14999,25999,42% off,,,,8 GB RAM,128 GB ROM,6000 mAh Lithium Polymer Battery,Snapdragon 4 Gen 2 Processor,17.14 cm (6.75 inch) HD+ Display,50MP Rear Camera | 8MP Front Camera,,https://www.flipkart.com/mivi-one-5g-burgundy-128-gb/p/itm3fb0c94957b9f?pid=MOBHR3ZP74GDCQQC&lid=LSTMOBHR3ZP74GDCQQC3F0WAL&marketplace=FLIPKART&q=smart+phones&store=tyy%2F4io&srno=s_23_548&otracker=search&fm=organic&iid=en_ZRxF73ds_KpDksvl8zqX5J8SZfba0p2jpHlKZJLNqwPHWHeXzWrEkixhL78-_2cFlhTq3TNR9LJbyvkcUs0E5h5lnB_B3YgA2Ah0gCCIDM6QQ9mvcfsR5hbeCYJUA-cl&ppt=None&ppn=None&ssid=sm9ernmjeo0000001791542867205&qH=a5594894156db043&ov_redirect=true,2026-10-09
549,"Tecno Pova Curve 5G (Geek Black, 128 GB)",Tecno,15999,18999,15% off,4.4,"2,317",278,6 GB RAM,128 GB ROM,5500 mAh Battery,Dimensity 7300 Ultimate Processor,17.22 cm (6.78 inch) Full HD+ Display,64MP Rear Camera | 13MP Front Camera,,https://www.flipkart.com/tecno-pova-curve-5g-geek-black-128-gb/p/itma403c7d655267?pid=MOBHBYG3R5YVAYZQ&lid=LSTMOBHBYG3R5YVAYZQMYG8WF&marketplace=FLIPKART&q=smart+phones&store=tyy%2F4io&srno=s_23_549&otracker=search&fm=organic&iid=44cd189c-abf0-47a5-8907-da4cc9ee1871.MOBHBYG3R5YVAYZQ.SEARCH&ppt=None&ppn=None&ssid=sm9ernmjeo0000001791542867205&qH=a5594894156db043&ov_redirect=true,2026-10-09
550,"realme P4s Lite (Nebula Black, 64 GB)",realme,14999,29999,50% off,,,,4 GB RAM,64 GB ROM,7000 mAh lithium-ion polymer Battery,T7250 Processor,17.07 cm (6.72 inch) HD+ Display,13MP Rear Camera | 5MP Front Camera,,https://www.flipkart.com/realme-p4s-lite-nebula-black-64-gb/p/itmad0ec6e862ac8?pid=MOBHQZZGSGB5WZP9&lid=LSTMOBHQZZGSGB5WZP9N5XKTQ&marketplace=FLIPKART&q=smart+phones&store=tyy%2F4io&srno=s_23_550&otracker=search&fm=organic&iid=44cd189c-abf0-47a5-8907-da4cc9ee1871.MOBHQZZGSGB5WZP9.SEARCH&ppt=None&ppn=None&ssid=sm9ernmjeo0000001791542867205&qH=a5594894156db043&ov_redirect=true,2026-10-09
551,"BOLTT EVO (Sky Blue, 64 GB)",BOLTT,8999,17999,50% off,4.3,"2,048",987,4 GB RAM,64 GB ROM,6000 mAh Lithium ion Battery,T7250 Processor,6.79'' HD+ punch hole display,50MP + 2MP | 8MP Front Camera,,https://www.flipkart.com/boltt-evo-sky-blue-64-gb/p/itmf046d663a1fd7?pid=MOBHPP59WKSV4FYG&lid=LSTMOBHPP59WKSV4FYGYPMLV6&marketplace=FLIPKART&q=smart+phones&store=tyy%2F4io&srno=s_23_551&otracker=search&fm=organic&iid=en_ZRxF73ds_KpDksvl8zqX5J8SZfba0p2jpHlKZJLNqwPKIQf5jyHstk3aMJuCUQvqiWdFa328hJ5Tl7uRbip-ZFs0LAPqMrP3q_6IRdvsZf_r07ru3UFhPYKRzjJdArcv&ppt=None&ppn=None&ssid=sm9ernmjeo0000001791542867205&qH=a5594894156db043&ov_redirect=true,2026-10-09
552,"BOLTT ACE 5G (Arctic White, 128 GB)",BOLTT,13499,26999,50% off,4.8,69,59,6 GB RAM,128 GB ROM,6000 mAh Lithium ion Battery,T8200 Processor,17.25 cm (6.79 inch) HD+ Display,64MP Rear Camera | 8MP Front Camera,,https://www.flipkart.com/boltt-ace-5g-arctic-white-128-gb/p/itm2eb0f483effdd?pid=MOBHPP599JHZUZBV&lid=LSTMOBHPP599JHZUZBVN1I3RX&marketplace=FLIPKART&q=smart+phones&store=tyy%2F4io&srno=s_23_552&otracker=search&fm=organic&iid=en_ZRxF73ds_KpDksvl8zqX5J8SZfba0p2jpHlKZJLNqwNKFNdqRZhM_K54jnyZKAu0qWMRb7XZ9LlJlXwsX-MeSpRRJF9TV-hbUYxhg9GdHDaw6HAtsUwn9EXq9o7GWRGp&ppt=None&ppn=None&ssid=sm9ernmjeo0000001791542867205&qH=a5594894156db043&ov_redirect=true,2026-10-09
553,"Motorola e13 (Creamy White, 128 GB)",Motorola,9199,11999,23% off,4.1,"35,477","1,990",8 GB RAM,128 GB ROM,5000 mAh Battery,Unisoc T606 Processor,16.51 cm (6.5 inch) HD+ Display,13MP Rear Camera | 5MP Front Camera,,https://www.flipkart.com/motorola-e13-creamy-white-128-gb/p/itm86685fe45c149?pid=MOBGQFX6QTTM2GSH&lid=LSTMOBGQFX6QTTM2GSHHGAK7M&marketplace=FLIPKART&q=smart+phones&store=tyy%2F4io&srno=s_24_553&otracker=search&fm=organic&iid=e3a8b390-57d2-4b7d-9587-1fa60388aad7.MOBGQFX6QTTM2GSH.SEARCH&ppt=None&ppn=None&ssid=n0r857ohz40000001791542870147&qH=a5594894156db043&ov_redirect=true,2026-10-09
554,"vivo T5e (Aero Blue, 64 GB)",vivo,13999,26999,48% off,3.8,155,8,4 GB RAM,64 GB ROM,5500 mAh Li-ion Battery,T7225 Processor,17.12 cm (6.74 inch) HD Display,8MP Rear Camera | 5MP Front Camera,,https://www.flipkart.com/vivo-t5e-aero-blue-64-gb/p/itm180ca0a991a2b?pid=MOBHPBM67EEYTAQD&lid=LSTMOBHPBM67EEYTAQD8VNTK9&marketplace=FLIPKART&q=smart+phones&store=tyy%2F4io&srno=s_24_554&otracker=search&fm=organic&iid=e3a8b390-57d2-4b7d-9587-1fa60388aad7.MOBHPBM67EEYTAQD.SEARCH&ppt=None&ppn=None&ssid=n0r857ohz40000001791542870147&qH=a5594894156db043&ov_redirect=true,2026-10-09
555,"Samsung Galaxy A14 5G (Black, 128 GB)",Samsung,15499,,,4.2,"46,243","2,243",4 GB RAM,128 GB ROM,5000 mAh Lithium Ion Battery,Exynos 1330 Processor,16.76 cm (6.6 inch) Full HD+ Display,50MP + 2MP | 13MP Front Camera,,https://www.flipkart.com/samsung-galaxy-a14-5g-black-128-gb/p/itma8c41eaf2aa35?pid=MOBGX2Q7AVJS4VPA&lid=LSTMOBGX2Q7AVJS4VPAPE1TZM&marketplace=FLIPKART&q=smart+phones&store=tyy%2F4io&srno=s_24_555&otracker=search&fm=organic&iid=e3a8b390-57d2-4b7d-9587-1fa60388aad7.MOBGX2Q7AVJS4VPA.SEARCH&ppt=None&ppn=None&ssid=n0r857ohz40000001791542870147&qH=a5594894156db043&ov_redirect=true,2026-10-09
556,"POCO M6 5G (Orion Blue, 128 GB)",POCO,13899,13999,,4.3,"48,653","2,496",6 GB RAM,128 GB ROM,5000 mAh Battery,Mediatek Dimensity 6100+ Processor,17.12 cm (6.74 inch) HD+ Display,50MP Rear Camera | 5MP Front Camera,,https://www.flipkart.com/poco-m6-5g-orion-blue-128-gb/p/itmd7667f0ea8b67?pid=MOBH92ADFQKPFQYK&lid=LSTMOBH92ADFQKPFQYK8MFSEA&marketplace=FLIPKART&q=smart+phones&store=tyy%2F4io&srno=s_24_556&otracker=search&fm=organic&iid=e3a8b390-57d2-4b7d-9587-1fa60388aad7.MOBH92ADFQKPFQYK.SEARCH&ppt=None&ppn=None&ssid=n0r857ohz40000001791542870147&qH=a5594894156db043&ov_redirect=true,2026-10-09
557,"Mivi One 5G (Green, 128 GB)",Mivi,13999,23999,41% off,,,,6 GB RAM,128 GB ROM,6000 mAh Lithium Polymer Battery,Snapdragon 4 Gen 2 Processor,17.14 cm (6.75 inch) HD+ Display,50MP Rear Camera | 8MP Front Camera,,https://www.flipkart.com/mivi-one-5g-green-128-gb/p/itm7ea6be1c1d0bf?pid=MOBHR3ZPFRUFFEBF&lid=LSTMOBHR3ZPFRUFFEBFXXFJBJ&marketplace=FLIPKART&q=smart+phones&store=tyy%2F4io&srno=s_24_557&otracker=search&fm=organic&iid=en_-xGVhbGZepNt7ECkmw3_INrq9E8Nv56g2xNTTtTH2nKIYtdWVBzrgj9Mt0_j4LP7zBcC0adnJVDAF994s5Z8VdXXcDpR_S7wBKL_ui3585Mmpk9Yt4rB9HPyUHmS3xUH&ppt=None&ppn=None&ssid=n0r857ohz40000001791542870147&qH=a5594894156db043&ov_redirect=true,2026-10-09
558,"BOLTT ACE 5G (Lavender Bloom, 64 GB)",BOLTT,11999,24999,52% off,4.2,477,226,4 GB RAM,64 GB ROM,6000 mAh Lithium ion Battery,T8200 Processor,17.25 cm (6.79 inch) HD+ Display,64MP Rear Camera | 8MP Front Camera,,https://www.flipkart.com/boltt-ace-5g-lavender-bloom-64-gb/p/itm2eb0f483effdd?pid=MOBHPP59CGDHZVJY&lid=LSTMOBHPP59CGDHZVJYFJP39X&marketplace=FLIPKART&q=smart+phones&store=tyy%2F4io&srno=s_24_558&otracker=search&fm=organic&iid=en_-xGVhbGZepNt7ECkmw3_INrq9E8Nv56g2xNTTtTH2nKrtkN52ADOXgnJV15nD2vh6EjlcJGcWKVIdsXhsZKqlc-Hfce6zHM39GsmaCxEcE0mpk9Yt4rB9HPyUHmS3xUH&ppt=None&ppn=None&ssid=n0r857ohz40000001791542870147&qH=a5594894156db043&ov_redirect=true,2026-10-09
559,"Google Pixel 10 Pro (Moonstone, 256 GB)",Google,109999,,,4.6,466,56,16 GB RAM,256 GB ROM,4870 mAh Battery,Tensor G5 Processor,16.0 cm (6.3 inch) Quad HD+ Display,48MP + 48MP + 48MP | 42MP Front Camera,,https://www.flipkart.com/google-pixel-10-pro-moonstone-256-gb/p/itm1a0b92194d0c1?pid=MOBHEXHRFA2Z5TD7&lid=LSTMOBHEXHRFA2Z5TD7ZNVQFO&marketplace=FLIPKART&q=smart+phones&store=tyy%2F4io&srno=s_24_559&otracker=search&fm=organic&iid=e3a8b390-57d2-4b7d-9587-1fa60388aad7.MOBHEXHRFA2Z5TD7.SEARCH&ppt=None&ppn=None&ssid=n0r857ohz40000001791542870147&qH=a5594894156db043&ov_redirect=true,2026-10-09
560,"realme P2 Pro 5G (Parrot Green, 128 GB)",realme,17999,25999,30% off,4.4,"17,335","1,352",8 GB RAM,128 GB ROM,5200 mAh Battery,7s Gen2 Processor,17.02 cm (6.7 inch) Full HD+ Display,50MP + 8MP | 32MP Front Camera,,https://www.flipkart.com/realme-p2-pro-5g-parrot-green-128-gb/p/itm53d39fff9f20c?pid=MOBH45GSFFNCGSGR&lid=LSTMOBH45GSFFNCGSGRZYQX51&marketplace=FLIPKART&q=smart+phones&store=tyy%2F4io&srno=s_24_560&otracker=search&fm=organic&iid=e3a8b390-57d2-4b7d-9587-1fa60388aad7.MOBH45GSFFNCGSGR.SEARCH&ppt=None&ppn=None&ssid=n0r857ohz40000001791542870147&qH=a5594894156db043&ov_redirect=true,2026-10-09
561,"BOLTT EVO (Midnight Black, 64 GB)",BOLTT,8999,17999,50% off,4.3,"2,048",987,4 GB RAM,64 GB ROM,6000 mAh Lithium ion Battery,T7250 Processor,6.79'' HD+ punch hole display,50MP + 2MP | 8MP Front Camera,,https://www.flipkart.com/boltt-evo-midnight-black-64-gb/p/itmf046d663a1fd7?pid=MOBHPP597GB8ZHTY&lid=LSTMOBHPP597GB8ZHTYGYX70A&marketplace=FLIPKART&q=smart+phones&store=tyy%2F4io&srno=s_24_561&otracker=search&fm=organic&iid=en_-xGVhbGZepNt7ECkmw3_INrq9E8Nv56g2xNTTtTH2nI38EiSZ5KP8v6B8pl4wjIJmufLsD40cfOytTrT-2ACNqoJtuV9R_JTLQ6A0_d1zMTr-uYfOtgKsUsUXfz7wmRu&ppt=None&ppn=None&ssid=n0r857ohz40000001791542870147&qH=a5594894156db043&ov_redirect=true,2026-10-09
562,"BOLTT EVO (Arctic White, 64 GB)",BOLTT,8999,17999,50% off,4.3,"2,048",987,4 GB RAM,64 GB ROM,6000 mAh Lithium ion Battery,T7250 Processor,6.79'' HD+ punch hole display,50MP + 2MP | 8MP Front Camera,,https://www.flipkart.com/boltt-evo-arctic-white-64-gb/p/itmf046d663a1fd7?pid=MOBHPP59BYSJ98M8&lid=LSTMOBHPP59BYSJ98M8RWYHGQ&marketplace=FLIPKART&q=smart+phones&store=tyy%2F4io&srno=s_24_562&otracker=search&fm=organic&iid=en_-xGVhbGZepNt7ECkmw3_INrq9E8Nv56g2xNTTtTH2nKdYIXnkcs_zyV_-cvbxPMrMw_YrC6cGEjKq2WZ8-8z4kJqULiYX7S4erGGIr8dEejr-uYfOtgKsUsUXfz7wmRu&ppt=None&ppn=None&ssid=n0r857ohz40000001791542870147&qH=a5594894156db043&ov_redirect=true,2026-10-09
563,"Infinix Hot 50 5G (Vibrant Blue, 128 GB)",Infinix,10999,14999,26% off,4.3,"17,396","1,326",8 GB RAM,128 GB ROM,5000 mAh Lithium-ion Polymer Battery,Dimensity 6300 Processor,17.02 cm (6.7 inch) HD+ Display,48MP + Depth Sensor | 8MP Front Camera,,https://www.flipkart.com/infinix-hot-50-5g-vibrant-blue-128-gb/p/itm61d8bc127842c?pid=MOBH45FZ9QH2BVKQ&lid=LSTMOBH45FZ9QH2BVKQT5WEMA&marketplace=FLIPKART&q=smart+phones&store=tyy%2F4io&srno=s_24_563&otracker=search&fm=organic&iid=e3a8b390-57d2-4b7d-9587-1fa60388aad7.MOBH45FZ9QH2BVKQ.SEARCH&ppt=None&ppn=None&ssid=n0r857ohz40000001791542870147&qH=a5594894156db043&ov_redirect=true,2026-10-09
564,"Google Pixel 10 Pro Fold (Moonstone, 256 GB)",Google,172999,,,4.6,14,1,16 GB RAM,256 GB ROM,5016 mAh Battery,Tensor G5 Processor,20.32 cm (8 inch) Display,48MP Rear Camera,,https://www.flipkart.com/google-pixel-10-pro-fold-moonstone-256-gb/p/itm0f28b870d6bc9?pid=MOBHGH6UHKGJHT3F&lid=LSTMOBHGH6UHKGJHT3FKCMY4X&marketplace=FLIPKART&q=smart+phones&store=tyy%2F4io&srno=s_24_564&otracker=search&fm=organic&iid=e3a8b390-57d2-4b7d-9587-1fa60388aad7.MOBHGH6UHKGJHT3F.SEARCH&ppt=None&ppn=None&ssid=n0r857ohz40000001791542870147&qH=a5594894156db043&ov_redirect=true,2026-10-09
565,"Samsung Galaxy F14 5G (Green, 128 GB)",Samsung,12999,17490,25% off,4.2,"46,116","3,180",4 GB RAM,128 GB ROM,6000 mAh Battery,"Exynos 1330, Octa Core Processor",16.76 cm (6.6 inch) Full HD+ Display,50MP + 2MP | 13MP Front Camera,,https://www.flipkart.com/samsung-galaxy-f14-5g-green-128-gb/p/itm538a06ee7dc98?pid=MOBGNBFN6EZTDAPU&lid=LSTMOBGNBFN6EZTDAPUEURAKE&marketplace=FLIPKART&q=smart+phones&store=tyy%2F4io&srno=s_24_565&otracker=search&fm=organic&iid=e3a8b390-57d2-4b7d-9587-1fa60388aad7.MOBGNBFN6EZTDAPU.SEARCH&ppt=None&ppn=None&ssid=n0r857ohz40000001791542870147&qH=a5594894156db043&ov_redirect=true,2026-10-09
566,"Infinix GT 20 Pro (Mecha Orange, 256 GB)",Infinix,24999,31999,21% off,4.3,"13,414","1,113",8 GB RAM,256 GB ROM,5000 mAh Battery,Dimensity 8200 Ultimate Processor,17.22 cm (6.78 inch) Full HD+ Display,108MP (OIS) + 2MP + 2MP | 32MP Front Camera,,https://www.flipkart.com/infinix-gt-20-pro-mecha-orange-256-gb/p/itm65a37452b3cc8?pid=MOBHYP4XFXNZRKTD&lid=LSTMOBHYP4XFXNZRKTDZRMTOW&marketplace=FLIPKART&q=smart+phones&store=tyy%2F4io&srno=s_24_566&otracker=search&fm=organic&iid=e3a8b390-57d2-4b7d-9587-1fa60388aad7.MOBHYP4XFXNZRKTD.SEARCH&ppt=None&ppn=None&ssid=n0r857ohz40000001791542870147&qH=a5594894156db043&ov_redirect=true,2026-10-09
567,"Nothing Phone (4b) (White, 128 GB)",Nothing,29999,49999,40% off,,,,6 GB RAM,128 GB ROM,6000 mAh Lithium ion Battery,6 Gen 4 Processor,17.2 cm (6.77 inch) Full HD+ AMOLED Display,50MP + 8MP | 16MP Front Camera,,https://www.flipkart.com/nothing-phone-4b-white-128-gb/p/itm939608b40adbb?pid=MOBHQENATV85KYCZ&lid=LSTMOBHQENATV85KYCZ0HUCMA&marketplace=FLIPKART&q=smart+phones&store=tyy%2F4io&srno=s_24_567&otracker=search&fm=organic&iid=en_-xGVhbGZepNt7ECkmw3_INrq9E8Nv56g2xNTTtTH2nJECyVa8rgKsuxpA6_WCw4oJRWmJqRScuDEhLBoCJQ_-zmhNhj8Rec88cH_U33TMLXr-uYfOtgKsUsUXfz7wmRu&ppt=None&ppn=None&ssid=n0r857ohz40000001791542870147&qH=a5594894156db043&ov_redirect=true,2026-10-09
568,"BOLTT ACE 5G (Midnight Black, 128 GB)",BOLTT,13499,26999,50% off,4.8,69,59,6 GB RAM,128 GB ROM,6000 mAh Lithium ion Battery,T8200 Processor,17.25 cm (6.79 inch) HD+ Display,64MP Rear Camera | 8MP Front Camera,,https://www.flipkart.com/boltt-ace-5g-midnight-black-128-gb/p/itmc7395bddbb3a4?pid=MOBHPP59KHGRQGZK&lid=LSTMOBHPP59KHGRQGZKG8NGAJ&marketplace=FLIPKART&q=smart+phones&store=tyy%2F4io&srno=s_24_568&otracker=search&fm=organic&iid=en_-xGVhbGZepNt7ECkmw3_INrq9E8Nv56g2xNTTtTH2nKk_JBXkQAcwby4o5BHFsUpceO83KH40hAfyKb6-RK5emI2n1F29CDxktZayioP0zompk9Yt4rB9HPyUHmS3xUH&ppt=None&ppn=None&ssid=n0r857ohz40000001791542870147&qH=a5594894156db043&ov_redirect=true,2026-10-09
569,"Samsung Galaxy A14 5G (Black, 64 GB)",Samsung,9999,16499,39% off,4.2,"46,243","2,243",4 GB RAM,64 GB ROM,5000 mAh Lithium Ion Battery,Exynos 1330 Processor,16.76 cm (6.6 inch) Full HD+ Display,50MP + 2MP + 2MP | 13MP Front Camera,,https://www.flipkart.com/samsung-galaxy-a14-5g-black-64-gb/p/itmaa3ed9bed7dd5?pid=MOBGHT8UA2H4AAPM&lid=LSTMOBGHT8UA2H4AAPMHXDDYB&marketplace=FLIPKART&q=smart+phones&store=tyy%2F4io&srno=s_24_569&otracker=search&fm=organic&iid=e3a8b390-57d2-4b7d-9587-1fa60388aad7.MOBGHT8UA2H4AAPM.SEARCH&ppt=None&ppn=None&ssid=n0r857ohz40000001791542870147&qH=a5594894156db043&ov_redirect=true,2026-10-09
570,"Google Pixel 10 Pro (Jade, 256 GB)",Google,109999,,,4.6,466,56,16 GB RAM,256 GB ROM,4870 mAh Battery,Tensor G5 Processor,16.0 cm (6.3 inch) Quad HD+ Display,48MP + 48MP + 48MP | 42MP Front Camera,,https://www.flipkart.com/google-pixel-10-pro-jade-256-gb/p/itm56ea5d61cab29?pid=MOBHEXHRYASTHFKT&lid=LSTMOBHEXHRYASTHFKTXR6ATR&marketplace=FLIPKART&q=smart+phones&store=tyy%2F4io&srno=s_24_570&otracker=search&fm=organic&iid=e3a8b390-57d2-4b7d-9587-1fa60388aad7.MOBHEXHRYASTHFKT.SEARCH&ppt=None&ppn=None&ssid=n0r857ohz40000001791542870147&qH=a5594894156db043&ov_redirect=true,2026-10-09
571,"BOLTT EVO (Arctic White, 128 GB)",BOLTT,10499,18999,44% off,4,"2,616","1,184",6 GB RAM,128 GB ROM,6000 mAh Lithium ion Battery,T7250 Processor,6.79'' HD+ punch hole display,50MP + 2MP | 8MP Front Camera,,https://www.flipkart.com/boltt-evo-arctic-white-128-gb/p/itmf046d663a1fd7?pid=MOBHPP59GKGTGZGA&lid=LSTMOBHPP59GKGTGZGAIEMNWG&marketplace=FLIPKART&q=smart+phones&store=tyy%2F4io&srno=s_24_571&otracker=search&fm=organic&iid=en_-xGVhbGZepNt7ECkmw3_INrq9E8Nv56g2xNTTtTH2nKEORRx5tiWLZCzxc4df98s2d7HEcpMQaj_c2xS4y4sBI6iFcCMcne0NcY1l-GNU4zr-uYfOtgKsUsUXfz7wmRu&ppt=None&ppn=None&ssid=n0r857ohz40000001791542870147&qH=a5594894156db043&ov_redirect=true,2026-10-09
572,"Mivi One 5G (Burgundy, 128 GB)",Mivi,14999,25999,42% off,,,,8 GB RAM,128 GB ROM,6000 mAh Lithium Polymer Battery,Snapdragon 4 Gen 2 Processor,17.14 cm (6.75 inch) HD+ Display,50MP Rear Camera | 8MP Front Camera,,https://www.flipkart.com/mivi-one-5g-burgundy-128-gb/p/itm3fb0c94957b9f?pid=MOBHR3ZP74GDCQQC&lid=LSTMOBHR3ZP74GDCQQC3F0WAL&marketplace=FLIPKART&q=smart+phones&store=tyy%2F4io&srno=s_24_572&otracker=search&fm=organic&iid=en_-xGVhbGZepNt7ECkmw3_INrq9E8Nv56g2xNTTtTH2nLQf-aCilpZQydHVIbuyQfElhTq3TNR9LJbyvkcUs0E5h5lnB_B3YgA2Ah0gCCIDM4mpk9Yt4rB9HPyUHmS3xUH&ppt=None&ppn=None&ssid=n0r857ohz40000001791542870147&qH=a5594894156db043&ov_redirect=true,2026-10-09
573,"POCO M7 Pro 5G (Lunar Dust, 128 GB)",POCO,14999,18999,21% off,4.3,"38,626","3,330",6 GB RAM,128 GB ROM,5110 mAh Battery,Dimensity 7025 Ultra Processor,16.94 cm (6.67 inch) Full HD+ Display,50MP + 2MP | 20MP Front Camera,,https://www.flipkart.com/poco-m7-pro-5g-lunar-dust-128-gb/p/itm59a079d57519a?pid=MOBH7443YUP5EJXZ&lid=LSTMOBH7443YUP5EJXZN5B3CD&marketplace=FLIPKART&q=smart+phones&store=tyy%2F4io&srno=s_24_573&otracker=search&fm=organic&iid=e3a8b390-57d2-4b7d-9587-1fa60388aad7.MOBH7443YUP5EJXZ.SEARCH&ppt=None&ppn=None&ssid=n0r857ohz40000001791542870147&qH=a5594894156db043&ov_redirect=true,2026-10-09
574,"Google Pixel 11 Pro (Olive, 512 GB)",Google,134999,,,4.6,32,4,16 GB RAM,512 GB ROM,4850 mAh Lithium Battery,Tensor G6 Processor,16.0 cm (6.3 inch) Super Actua Display,50MP + 48MP + 48MP | 42MP Front Camera,,https://www.flipkart.com/google-pixel-11-pro-olive-512-gb/p/itm0bbac9895b823?pid=MOBHPHNVUVRFHENU&lid=LSTMOBHPHNVUVRFHENUUYLQHJ&marketplace=FLIPKART&q=smart+phones&store=tyy%2F4io&srno=s_24_574&otracker=search&fm=organic&iid=e3a8b390-57d2-4b7d-9587-1fa60388aad7.MOBHPHNVUVRFHENU.SEARCH&ppt=None&ppn=None&ssid=n0r857ohz40000001791542870147&qH=a5594894156db043&ov_redirect=true,2026-10-09
575,"POCO F6 5G (Black, 256 GB)",POCO,,,,4.3,"14,080","1,285",8 GB RAM,256 GB ROM,5000 mAh Battery,8s Gen3 Processor,16.94 cm (6.67 inch) Full HD+ AMOLED Display,50MP (OIS) + 8MP | 20MP Front Camera,,https://www.flipkart.com/poco-f6-5g-black-256-gb/p/itm847fc18c9acc8?pid=MOBHYUZGXYPPP4YQ&q=smart+phones&store=tyy%2F4io&srno=s_24_575&otracker=search&fm=organic&iid=e3a8b390-57d2-4b7d-9587-1fa60388aad7.MOBHYUZGXYPPP4YQ.SEARCH&ppt=None&ppn=None&ssid=n0r857ohz40000001791542870147&qH=a5594894156db043&ov_redirect=true,2026-10-09
576,"Google Pixel 10 Pro XL (Jade, 256 GB)",Google,124999,,,4.4,217,23,16 GB RAM,256 GB ROM,5200 mAh Battery,Tensor G5 Processor,17.27 cm (6.8 inch) Quad HD+ Display,50MP + 48MP + 48MP | 42MP Front Camera,,https://www.flipkart.com/google-pixel-10-pro-xl-jade-256-gb/p/itm702fa25db1f13?pid=MOBHEXHRPRFQZE8H&lid=LSTMOBHEXHRPRFQZE8HBPV23X&marketplace=FLIPKART&q=smart+phones&store=tyy%2F4io&srno=s_24_576&otracker=search&fm=organic&iid=e3a8b390-57d2-4b7d-9587-1fa60388aad7.MOBHEXHRPRFQZE8H.SEARCH&ppt=None&ppn=None&ssid=n0r857ohz40000001791542870147&qH=a5594894156db043&ov_redirect=true,2026-10-09
577,"BOLTT EVO (Midnight Black, 64 GB)",BOLTT,8999,17999,50% off,4.3,"2,048",987,4 GB RAM,64 GB ROM,6000 mAh Lithium ion Battery,T7250 Processor,6.79'' HD+ punch hole display,50MP + 2MP | 8MP Front Camera,,https://www.flipkart.com/boltt-evo-midnight-black-64-gb/p/itmf046d663a1fd7?pid=MOBHPP597GB8ZHTY&lid=LSTMOBHPP597GB8ZHTYGYX70A&marketplace=FLIPKART&q=smart+phones&store=tyy%2F4io&srno=s_25_577&otracker=search&fm=organic&iid=en_FDFxrbQzVl5LP-fiTt7p_r5JW-3Pl5QVbzXV0hzBz5n3wN8FK2NECImS1vro3M0RmufLsD40cfOytTrT-2ACNol0zbRIx7nkRM2sm5Z_wdOVhKOxlxXyomhc0Q0XXPkg&ppt=None&ppn=None&ssid=tlwcipoo9s0000001791542872955&qH=a5594894156db043&ov_redirect=true,2026-10-09
578,"Mivi One 5G (Green, 128 GB)",Mivi,13999,23999,41% off,,,,6 GB RAM,128 GB ROM,6000 mAh Lithium Polymer Battery,Snapdragon 4 Gen 2 Processor,17.14 cm (6.75 inch) HD+ Display,50MP Rear Camera | 8MP Front Camera,,https://www.flipkart.com/mivi-one-5g-green-128-gb/p/itm7ea6be1c1d0bf?pid=MOBHR3ZPFRUFFEBF&lid=LSTMOBHR3ZPFRUFFEBFXXFJBJ&marketplace=FLIPKART&q=smart+phones&store=tyy%2F4io&srno=s_25_578&otracker=search&fm=organic&iid=en_FDFxrbQzVl5LP-fiTt7p_r5JW-3Pl5QVbzXV0hzBz5nMOClHo8bXpnCIcJvCN-o8zBcC0adnJVDAF994s5Z8VY9HwORmVN_5IcANi6THsWo9JTGfH1FHg4zhTFXWy3Ei&ppt=None&ppn=None&ssid=tlwcipoo9s0000001791542872955&qH=a5594894156db043&ov_redirect=true,2026-10-09
579,"Infinix SMART 20 (Sunlike Orange, 64 GB)",Infinix,13499,19999,32% off,3.9,312,35,4 GB RAM,64 GB ROM,5200 mAh Battery,Helio G81 Ultimate Processor,17.22 cm (6.78 inch) HD+ Display,8MP Rear Camera | 8MP Front Camera,,https://www.flipkart.com/infinix-smart-20-sunlike-orange-64-gb/p/itmf761cd49f9162?pid=MOBHNMEEHHA6JFGF&lid=LSTMOBHNMEEHHA6JFGFOAPBH0&marketplace=FLIPKART&q=smart+phones&store=tyy%2F4io&srno=s_25_579&otracker=search&fm=organic&iid=1761665d-dc9d-43b0-9b3c-37ff244e588e.MOBHNMEEHHA6JFGF.SEARCH&ppt=None&ppn=None&ssid=tlwcipoo9s0000001791542872955&qH=a5594894156db043&ov_redirect=true,2026-10-09
580,"Ai+ Nova 2 Power 5G (Ocean Green, 128 GB)",Ai+,17999,29999,40% off,4.1,123,16,8 GB RAM,128 GB ROM,7000 mAh Li-polymer Battery,Dimensity 7100 Processor,17.14 cm (6.75 inch) HD+ Display,48MP + 8MP | 13MP Front Camera,,https://www.flipkart.com/ai-nova-2-power-5g-ocean-green-128-gb/p/itma4b56c00e3869?pid=MOBHQZVX3TWVYGHU&lid=LSTMOBHQZVX3TWVYGHUEJIIMC&marketplace=FLIPKART&q=smart+phones&store=tyy%2F4io&srno=s_25_580&otracker=search&fm=organic&iid=1761665d-dc9d-43b0-9b3c-37ff244e588e.MOBHQZVX3TWVYGHU.SEARCH&ppt=None&ppn=None&ssid=tlwcipoo9s0000001791542872955&qH=a5594894156db043&ov_redirect=true,2026-10-09
581,"BOLTT ACE 5G (Lavender Bloom, 64 GB)",BOLTT,11999,24999,52% off,4.2,477,226,4 GB RAM,64 GB ROM,6000 mAh Lithium ion Battery,T8200 Processor,17.25 cm (6.79 inch) HD+ Display,64MP Rear Camera | 8MP Front Camera,,https://www.flipkart.com/boltt-ace-5g-lavender-bloom-64-gb/p/itm2eb0f483effdd?pid=MOBHPP59CGDHZVJY&lid=LSTMOBHPP59CGDHZVJYFJP39X&marketplace=FLIPKART&q=smart+phones&store=tyy%2F4io&srno=s_25_581&otracker=search&fm=organic&iid=en_FDFxrbQzVl5LP-fiTt7p_r5JW-3Pl5QVbzXV0hzBz5nHj-t2UvuO5qASXP0Qz3M36EjlcJGcWKVIdsXhsZKqldil8PSYMCIeoorv_0-dz5M9JTGfH1FHg4zhTFXWy3Ei&ppt=None&ppn=None&ssid=tlwcipoo9s0000001791542872955&qH=a5594894156db043&ov_redirect=true,2026-10-09
582,"BOLTT EVO (Arctic White, 64 GB)",BOLTT,8999,17999,50% off,4.3,"2,048",987,4 GB RAM,64 GB ROM,6000 mAh Lithium ion Battery,T7250 Processor,6.79'' HD+ punch hole display,50MP + 2MP | 8MP Front Camera,,https://www.flipkart.com/boltt-evo-arctic-white-64-gb/p/itmf046d663a1fd7?pid=MOBHPP59BYSJ98M8&lid=LSTMOBHPP59BYSJ98M8RWYHGQ&marketplace=FLIPKART&q=smart+phones&store=tyy%2F4io&srno=s_25_582&otracker=search&fm=organic&iid=en_FDFxrbQzVl5LP-fiTt7p_r5JW-3Pl5QVbzXV0hzBz5k3GiJSOlGW4qTZ0FHjmcAIMw_YrC6cGEjKq2WZ8-8z4kJqULiYX7S4erGGIr8dEeiVhKOxlxXyomhc0Q0XXPkg&ppt=None&ppn=None&ssid=tlwcipoo9s0000001791542872955&qH=a5594894156db043&ov_redirect=true,2026-10-09
583,"realme P4s Lite (Moonlight Silver, 64 GB)",realme,14999,29999,50% off,,,,4 GB RAM,64 GB ROM,7000 mAh lithium-ion polymer Battery,T7250 Processor,17.07 cm (6.72 inch) HD+ Display,13MP Rear Camera | 5MP Front Camera,,https://www.flipkart.com/realme-p4s-lite-moonlight-silver-64-gb/p/itmad0ec6e862ac8?pid=MOBHQZZG83SVB7SV&lid=LSTMOBHQZZG83SVB7SVCDMY2T&marketplace=FLIPKART&q=smart+phones&store=tyy%2F4io&srno=s_25_583&otracker=search&fm=organic&iid=1761665d-dc9d-43b0-9b3c-37ff244e588e.MOBHQZZG83SVB7SV.SEARCH&ppt=None&ppn=None&ssid=tlwcipoo9s0000001791542872955&qH=a5594894156db043&ov_redirect=true,2026-10-09
584,"Mivi One 5G (Burgundy, 128 GB)",Mivi,14999,25999,42% off,,,,8 GB RAM,128 GB ROM,6000 mAh Lithium Polymer Battery,Snapdragon 4 Gen 2 Processor,17.14 cm (6.75 inch) HD+ Display,50MP Rear Camera | 8MP Front Camera,,https://www.flipkart.com/mivi-one-5g-burgundy-128-gb/p/itm3fb0c94957b9f?pid=MOBHR3ZP74GDCQQC&lid=LSTMOBHR3ZP74GDCQQC3F0WAL&marketplace=FLIPKART&q=smart+phones&store=tyy%2F4io&srno=s_25_584&otracker=search&fm=organic&iid=1761665d-dc9d-43b0-9b3c-37ff244e588e.MOBHR3ZP74GDCQQC.SEARCH&ppt=None&ppn=None&ssid=tlwcipoo9s0000001791542872955&qH=a5594894156db043&ov_redirect=true,2026-10-09
585,"Tecno Spark Go 1 (Startrail Black, 64 GB)",Tecno,8999,11690,23% off,4.3,"6,745",346,4 GB RAM,64 GB ROM,5000 mAh Battery,Unisoc T616 Ocra Core Processor,16.94 cm (6.67 inch) HD+ Display,13MP Rear Camera | 8MP Front Camera,,https://www.flipkart.com/tecno-spark-go-1-startrail-black-64-gb/p/itmc2adf9209b1fe?pid=MOBH3WK8CEVBSVHH&lid=LSTMOBH3WK8CEVBSVHHLCNAOX&marketplace=FLIPKART&q=smart+phones&store=tyy%2F4io&srno=s_25_585&otracker=search&fm=organic&iid=1761665d-dc9d-43b0-9b3c-37ff244e588e.MOBH3WK8CEVBSVHH.SEARCH&ppt=None&ppn=None&ssid=tlwcipoo9s0000001791542872955&qH=a5594894156db043&ov_redirect=true,2026-10-09
586,"Samsung Galaxy F17 5G (Violet Pop, 128 GB)",Samsung,18777,19499,3% off,3.8,10,2,8 GB RAM,128 GB ROM,5000 mAh Battery,Exynos 1330 Processor,17.02 cm (6.7 inch) Full HD+ Display,50MP + 5MP | 13MP Front Camera,,https://www.flipkart.com/samsung-galaxy-f17-5g-violet-pop-128-gb/p/itmead495c48e859?pid=MOBHKFZRYF4JXXM4&lid=LSTMOBHKFZRYF4JXXM4WUVJPO&marketplace=FLIPKART&q=smart+phones&store=tyy%2F4io&srno=s_25_586&otracker=search&fm=organic&iid=1761665d-dc9d-43b0-9b3c-37ff244e588e.MOBHKFZRYF4JXXM4.SEARCH&ppt=None&ppn=None&ssid=tlwcipoo9s0000001791542872955&qH=a5594894156db043&ov_redirect=true,2026-10-09
587,"Nothing Phone (4b) (White, 128 GB)",Nothing,29999,49999,40% off,,,,6 GB RAM,128 GB ROM,6000 mAh Lithium ion Battery,6 Gen 4 Processor,17.2 cm (6.77 inch) Full HD+ AMOLED Display,50MP + 8MP | 16MP Front Camera,,https://www.flipkart.com/nothing-phone-4b-white-128-gb/p/itm939608b40adbb?pid=MOBHQENATV85KYCZ&lid=LSTMOBHQENATV85KYCZ0HUCMA&marketplace=FLIPKART&q=smart+phones&store=tyy%2F4io&srno=s_25_587&otracker=search&fm=organic&iid=en_FDFxrbQzVl5LP-fiTt7p_r5JW-3Pl5QVbzXV0hzBz5neGv-_qZNK5lNwwQaRrACCJRWmJqRScuDEhLBoCJQ_-zmhNhj8Rec88cH_U33TMLWVhKOxlxXyomhc0Q0XXPkg&ppt=None&ppn=None&ssid=tlwcipoo9s0000001791542872955&qH=a5594894156db043&ov_redirect=true,2026-10-09
588,"BOLTT ACE 5G (Midnight Black, 128 GB)",BOLTT,13499,26999,50% off,4.8,69,59,6 GB RAM,128 GB ROM,6000 mAh Lithium ion Battery,T8200 Processor,17.25 cm (6.79 inch) HD+ Display,64MP Rear Camera | 8MP Front Camera,,https://www.flipkart.com/boltt-ace-5g-midnight-black-128-gb/p/itmc7395bddbb3a4?pid=MOBHPP59KHGRQGZK&lid=LSTMOBHPP59KHGRQGZKG8NGAJ&marketplace=FLIPKART&q=smart+phones&store=tyy%2F4io&srno=s_25_588&otracker=search&fm=organic&iid=en_FDFxrbQzVl5LP-fiTt7p_r5JW-3Pl5QVbzXV0hzBz5lDtgTO-7ZQsKDDTV3zabTJceO83KH40hAfyKb6-RK5emI2n1F29CDxktZayioP0zo9JTGfH1FHg4zhTFXWy3Ei&ppt=None&ppn=None&ssid=tlwcipoo9s0000001791542872955&qH=a5594894156db043&ov_redirect=true,2026-10-09
589,"Tecno Pova Curve 5G (Geek Black, 256 GB)",Tecno,19999,23999,16% off,4.4,"1,780",187,8 GB RAM,256 GB ROM,5500 mAh Battery,Dimensity 7300 Ultimate Processor,17.22 cm (6.78 inch) Display,64MP Rear Camera | 13MP Front Camera,,https://www.flipkart.com/tecno-pova-curve-5g-geek-black-256-gb/p/itma403c7d655267?pid=MOBHETXFZ4SG9XFS&lid=LSTMOBHETXFZ4SG9XFS6LRHGF&marketplace=FLIPKART&q=smart+phones&store=tyy%2F4io&srno=s_25_589&otracker=search&fm=organic&iid=1761665d-dc9d-43b0-9b3c-37ff244e588e.MOBHETXFZ4SG9XFS.SEARCH&ppt=None&ppn=None&ssid=tlwcipoo9s0000001791542872955&qH=a5594894156db043&ov_redirect=true,2026-10-09
590,"POCO X7 Pro 5G (Obsidian Black, 256 GB)",POCO,23999,31999,25% off,4.3,"17,859","1,980",8 GB RAM,256 GB ROM,6550 mAh Battery,Dimensity D8400 Ultra Processor,16.94 cm (6.67 inch) Full HD+ Display,50MP + 8MP | 20MP Front Camera,,https://www.flipkart.com/poco-x7-pro-5g-obsidian-black-256-gb/p/itm83a82908d7dbb?pid=MOBH7YZ9PPS9ZCNF&lid=LSTMOBH7YZ9PPS9ZCNFKYI0ZP&marketplace=FLIPKART&q=smart+phones&store=tyy%2F4io&srno=s_25_590&otracker=search&fm=organic&iid=1761665d-dc9d-43b0-9b3c-37ff244e588e.MOBH7YZ9PPS9ZCNF.SEARCH&ppt=None&ppn=None&ssid=tlwcipoo9s0000001791542872955&qH=a5594894156db043&ov_redirect=true,2026-10-09
591,"BOLTT EVO (Arctic White, 128 GB)",BOLTT,10499,18999,44% off,4,"2,616","1,184",6 GB RAM,128 GB ROM,6000 mAh Lithium ion Battery,T7250 Processor,6.79'' HD+ punch hole display,50MP + 2MP | 8MP Front Camera,,https://www.flipkart.com/boltt-evo-arctic-white-128-gb/p/itmf046d663a1fd7?pid=MOBHPP59GKGTGZGA&lid=LSTMOBHPP59GKGTGZGAIEMNWG&marketplace=FLIPKART&q=smart+phones&store=tyy%2F4io&srno=s_25_591&otracker=search&fm=organic&iid=en_FDFxrbQzVl5LP-fiTt7p_r5JW-3Pl5QVbzXV0hzBz5ldhrWW9AvHsnsthfJat5ay2d7HEcpMQaj_c2xS4y4sBI6iFcCMcne0NcY1l-GNU4yVhKOxlxXyomhc0Q0XXPkg&ppt=None&ppn=None&ssid=tlwcipoo9s0000001791542872955&qH=a5594894156db043&ov_redirect=true,2026-10-09
592,"Mivi One 5G (Burgundy, 128 GB)",Mivi,14999,25999,42% off,,,,8 GB RAM,128 GB ROM,6000 mAh Lithium Polymer Battery,Snapdragon 4 Gen 2 Processor,17.14 cm (6.75 inch) HD+ Display,50MP Rear Camera | 8MP Front Camera,,https://www.flipkart.com/mivi-one-5g-burgundy-128-gb/p/itm3fb0c94957b9f?pid=MOBHR3ZP74GDCQQC&lid=LSTMOBHR3ZP74GDCQQC3F0WAL&marketplace=FLIPKART&q=smart+phones&store=tyy%2F4io&srno=s_25_592&otracker=search&fm=organic&iid=en_FDFxrbQzVl5LP-fiTt7p_r5JW-3Pl5QVbzXV0hzBz5k4CmrcbTwhyrNKyTosWSpolhTq3TNR9LJbyvkcUs0E5h5lnB_B3YgA2Ah0gCCIDM49JTGfH1FHg4zhTFXWy3Ei&ppt=None&ppn=None&ssid=tlwcipoo9s0000001791542872955&qH=a5594894156db043&ov_redirect=true,2026-10-09
593,"Tecno Spark Go 1 (Glittery White, 64 GB)",Tecno,8999,11690,23% off,4.3,"6,745",346,4 GB RAM,64 GB ROM,5000 mAh Battery,Unisoc T616 Ocra Core Processor,16.94 cm (6.67 inch) HD+ Display,13MP Rear Camera | 8MP Front Camera,,https://www.flipkart.com/tecno-spark-go-1-glittery-white-64-gb/p/itmc2adf9209b1fe?pid=MOBH3WK8P5GETFPS&lid=LSTMOBH3WK8P5GETFPSDNCMZ1&marketplace=FLIPKART&q=smart+phones&store=tyy%2F4io&srno=s_25_593&otracker=search&fm=organic&iid=1761665d-dc9d-43b0-9b3c-37ff244e588e.MOBH3WK8P5GETFPS.SEARCH&ppt=None&ppn=None&ssid=tlwcipoo9s0000001791542872955&qH=a5594894156db043&ov_redirect=true,2026-10-09
594,"Nothing Phone (4a) (Pink, 256 GB)",Nothing,50999,65999,22% off,4.5,"1,576",155,12 GB RAM,256 GB ROM,5400 mAh Lithium ion Battery,Snapdragon 7s Gen 4 Processor,17.22 cm (6.78 inch) Full HD+ AMOLED Display,50MP + 50MP + 8MP | 32MP Front Camera,,https://www.flipkart.com/nothing-phone-4a-pink-256-gb/p/itm4d8bff10483ce?pid=MOBHZAWYGU9RENGN&lid=LSTMOBHZAWYGU9RENGNICHXGP&marketplace=FLIPKART&q=smart+phones&store=tyy%2F4io&srno=s_25_594&otracker=search&fm=organic&iid=1761665d-dc9d-43b0-9b3c-37ff244e588e.MOBHZAWYGU9RENGN.SEARCH&ppt=None&ppn=None&ssid=tlwcipoo9s0000001791542872955&qH=a5594894156db043&ov_redirect=true,2026-10-09
595,"Samsung Galaxy F16 5G (Vibing Blue, 128 GB)",Samsung,12499,15999,21% off,4.1,"4,260",303,4 GB RAM,128 GB ROM,5000 mAh Battery,Dimensity 6300 Processor,16.91 cm (6.657 inch) Full HD+ Display,50MP + 5MP + 2MP | 13MP Front Camera,,https://www.flipkart.com/samsung-galaxy-f16-5g-vibing-blue-128-gb/p/itm21ffc210450ff?pid=MOBH9ASGPYCDE8VA&lid=LSTMOBH9ASGPYCDE8VAEXUXDN&marketplace=FLIPKART&q=smart+phones&store=tyy%2F4io&srno=s_25_595&otracker=search&fm=organic&iid=1761665d-dc9d-43b0-9b3c-37ff244e588e.MOBH9ASGPYCDE8VA.SEARCH&ppt=None&ppn=None&ssid=tlwcipoo9s0000001791542872955&qH=a5594894156db043&ov_redirect=true,2026-10-09
596,"realme P4 5G (Engine Blue, 128 GB)",realme,25999,,,4.4,"23,550","1,974",6 GB RAM,128 GB ROM,7000 mAh Battery,Mediatek Dimensity 7400 Processor,17.2 cm (6.77 inch) Display,50MP + 8MP | 16MP Front Camera,,https://www.flipkart.com/realme-p4-5g-engine-blue-128-gb/p/itmf836e6de035a5?pid=MOBHHWGMQQDHGHHB&lid=LSTMOBHHWGMQQDHGHHBVATZXL&marketplace=FLIPKART&q=smart+phones&store=tyy%2F4io&srno=s_25_596&otracker=search&fm=organic&iid=1761665d-dc9d-43b0-9b3c-37ff244e588e.MOBHHWGMQQDHGHHB.SEARCH&ppt=None&ppn=None&ssid=tlwcipoo9s0000001791542872955&qH=a5594894156db043&ov_redirect=true,2026-10-09
597,"BOLTT EVO (Sky Blue, 64 GB)",BOLTT,8999,17999,50% off,4.3,"2,048",987,4 GB RAM,64 GB ROM,6000 mAh Lithium ion Battery,T7250 Processor,6.79'' HD+ punch hole display,50MP + 2MP | 8MP Front Camera,,https://www.flipkart.com/boltt-evo-sky-blue-64-gb/p/itmf046d663a1fd7?pid=MOBHPP59WKSV4FYG&lid=LSTMOBHPP59WKSV4FYGYPMLV6&marketplace=FLIPKART&q=smart+phones&store=tyy%2F4io&srno=s_25_597&otracker=search&fm=organic&iid=en_FDFxrbQzVl5LP-fiTt7p_r5JW-3Pl5QVbzXV0hzBz5nOs-X4YGVoWS1ZCH5X4h_OiWdFa328hJ5Tl7uRbip-ZFs0LAPqMrP3q_6IRdvsZf-VhKOxlxXyomhc0Q0XXPkg&ppt=None&ppn=None&ssid=tlwcipoo9s0000001791542872955&qH=a5594894156db043&ov_redirect=true,2026-10-09
598,"BOLTT ACE 5G (Arctic White, 128 GB)",BOLTT,13499,26999,50% off,4.8,69,59,6 GB RAM,128 GB ROM,6000 mAh Lithium ion Battery,T8200 Processor,17.25 cm (6.79 inch) HD+ Display,64MP Rear Camera | 8MP Front Camera,,https://www.flipkart.com/boltt-ace-5g-arctic-white-128-gb/p/itm2eb0f483effdd?pid=MOBHPP599JHZUZBV&lid=LSTMOBHPP599JHZUZBVN1I3RX&marketplace=FLIPKART&q=smart+phones&store=tyy%2F4io&srno=s_25_598&otracker=search&fm=organic&iid=en_FDFxrbQzVl5LP-fiTt7p_r5JW-3Pl5QVbzXV0hzBz5k81IL6BVtjn7cgC2m9fkG2qWMRb7XZ9LlJlXwsX-MeSpRRJF9TV-hbUYxhg9GdHDYl_2a8N9dvySRk3LKTUGyG&ppt=None&ppn=None&ssid=tlwcipoo9s0000001791542872955&qH=a5594894156db043&ov_redirect=true,2026-10-09
599,"Samsung Galaxy A14 5G (Black, 128 GB)",Samsung,22999,,,4.1,"4,245",313,8 GB RAM,128 GB ROM,5000 mAh Lithium Ion Battery,Exynos 1330 Processor,16.76 cm (6.6 inch) Full HD+ Display,50MP + 2MP + 2MP | 13MP Front Camera,,https://www.flipkart.com/samsung-galaxy-a14-5g-black-128-gb/p/itm05c0df9819b1d?pid=MOBGHT8UAKCPR6ZH&lid=LSTMOBGHT8UAKCPR6ZHT4LMUU&marketplace=FLIPKART&q=smart+phones&store=tyy%2F4io&srno=s_25_599&otracker=search&fm=organic&iid=1761665d-dc9d-43b0-9b3c-37ff244e588e.MOBGHT8UAKCPR6ZH.SEARCH&ppt=None&ppn=None&ssid=tlwcipoo9s0000001791542872955&qH=a5594894156db043&ov_redirect=true,2026-10-09
600,"Google Pixel 10 Pro XL (Obsidian, 256 GB)",Google,124999,,,4.4,217,23,16 GB RAM,256 GB ROM,5200 mAh Battery,Tensor G5 Processor,17.27 cm (6.8 inch) Quad HD+ Display,50MP + 48MP + 48MP | 42MP Front Camera,,https://www.flipkart.com/google-pixel-10-pro-xl-obsidian-256-gb/p/itmc94b4a1845747?pid=MOBHEXHRECFHCDQS&lid=LSTMOBHEXHRECFHCDQSHMTPMJ&marketplace=FLIPKART&q=smart+phones&store=tyy%2F4io&srno=s_25_600&otracker=search&fm=organic&iid=1761665d-dc9d-43b0-9b3c-37ff244e588e.MOBHEXHRECFHCDQS.SEARCH&ppt=None&ppn=None&ssid=tlwcipoo9s0000001791542872955&qH=a5594894156db043&ov_redirect=true,2026-10-09
601,"BOLTT EVO (Midnight Black, 64 GB)",BOLTT,8999,17999,50% off,4.3,"2,048",987,4 GB RAM,64 GB ROM,6000 mAh Lithium ion Battery,T7250 Processor,6.79'' HD+ punch hole display,50MP + 2MP | 8MP Front Camera,,https://www.flipkart.com/boltt-evo-midnight-black-64-gb/p/itmf046d663a1fd7?pid=MOBHPP597GB8ZHTY&lid=LSTMOBHPP597GB8ZHTYGYX70A&marketplace=FLIPKART&q=smart+phones&store=tyy%2F4io&srno=s_26_601&otracker=search&fm=organic&iid=en_wojPyfOloYWykWMKyNFJVcgJrLNqFh0zLzod-Uq_EZAEqC1i9vcDYtmeBCZficqimufLsD40cfOytTrT-2ACNol0zbRIx7nkRM2sm5Z_wdOUD-O0nXtvAMmCpbUpiGTl&ppt=None&ppn=None&ssid=wlfsi7aqi80000001791542875776&qH=a5594894156db043&ov_redirect=true,2026-10-09
602,"Mivi One 5G (Green, 128 GB)",Mivi,13999,23999,41% off,,,,6 GB RAM,128 GB ROM,6000 mAh Lithium Polymer Battery,Snapdragon 4 Gen 2 Processor,17.14 cm (6.75 inch) HD+ Display,50MP Rear Camera | 8MP Front Camera,,https://www.flipkart.com/mivi-one-5g-green-128-gb/p/itm7ea6be1c1d0bf?pid=MOBHR3ZPFRUFFEBF&lid=LSTMOBHR3ZPFRUFFEBFXXFJBJ&marketplace=FLIPKART&q=smart+phones&store=tyy%2F4io&srno=s_26_602&otracker=search&fm=organic&iid=en_wojPyfOloYWykWMKyNFJVcgJrLNqFh0zLzod-Uq_EZB71hMQO5kFGLjGfM8rsMB8zBcC0adnJVDAF994s5Z8VY9HwORmVN_5IcANi6THsWofZTl19ESvud5EqFx3vr2Z&ppt=None&ppn=None&ssid=wlfsi7aqi80000001791542875776&qH=a5594894156db043&ov_redirect=true,2026-10-09
603,"Ai+ Nova 2 (Green, 128 GB)",Ai+,13999,14999,6% off,3.9,631,64,6 GB RAM,128 GB ROM,6000 mAh Battery,T8200 Processor,17.22 cm (6.78 inch) Full HD+ AMOLED Display,50MP Rear Camera | 8MP Front Camera,,https://www.flipkart.com/ai-nova-2-green-128-gb/p/itm365ee491c0248?pid=MOBHKHPYZD3YHFTW&lid=LSTMOBHKHPYZD3YHFTWUC7RUJ&marketplace=FLIPKART&q=smart+phones&store=tyy%2F4io&srno=s_26_603&otracker=search&fm=organic&iid=ea6c829e-c6d2-4a8b-9556-fb644d811b7f.MOBHKHPYZD3YHFTW.SEARCH&ppt=None&ppn=None&ssid=wlfsi7aqi80000001791542875776&qH=a5594894156db043&ov_redirect=true,2026-10-09
604,"POCO X8 Power 5G (Yellow, 128 GB)",POCO,30999,79999,61% off,4.3,314,74,8 GB RAM,128 GB ROM,10000 mAh Lithium-Ion Polymer Battery,6 Gen 5 Processor,17.35 cm (6.83 inch) Full HD+ AMOLED Display,50MP + 8MP | 32MP Front Camera,,https://www.flipkart.com/poco-x8-power-5g-yellow-128-gb/p/itm9a840fc0ecfbc?pid=MOBHQ6XZVH98SKHM&lid=LSTMOBHQ6XZVH98SKHMB0KPSW&marketplace=FLIPKART&q=smart+phones&store=tyy%2F4io&srno=s_26_604&otracker=search&fm=organic&iid=ea6c829e-c6d2-4a8b-9556-fb644d811b7f.MOBHQ6XZVH98SKHM.SEARCH&ppt=None&ppn=None&ssid=wlfsi7aqi80000001791542875776&qH=a5594894156db043&ov_redirect=true,2026-10-09
605,"REDMI Note 15 SE 5G Snapdragon (Carbon Black, 128 GB)",REDMI,25999,34999,25% off,4.3,"6,821",602,6 GB RAM,128 GB ROM,5800 mAh Lithium-Ion Polymer Battery,Snapdragon 6 Gen 3 Processor,17.2 cm (6.77 inch) Full HD+ AMOLED Display,50MP Rear Camera | 20MP Front Camera,,https://www.flipkart.com/redmi-note-15-se-5g-snapdragon-carbon-black-128-gb/p/itm60b0ad3a0da9d?pid=MOBHN52FDHRHXYKD&lid=LSTMOBHN52FDHRHXYKD98NUT2&marketplace=FLIPKART&q=smart+phones&store=tyy%2F4io&srno=s_26_605&otracker=search&fm=organic&iid=ea6c829e-c6d2-4a8b-9556-fb644d811b7f.MOBHN52FDHRHXYKD.SEARCH&ppt=None&ppn=None&ssid=wlfsi7aqi80000001791542875776&qH=a5594894156db043&ov_redirect=true,2026-10-09
606,"Apple iPhone 17 Pro (Cosmic Orange, 256 GB)",Apple,134900,,,4.7,"5,581",397,,,,"A19 Chip, 6 Core Processor Processor",16.0 cm (6.3 inch) Super Retina XDR Display,48MP + 48MP + 48MP | 18MP Front Camera,,https://www.flipkart.com/apple-iphone-17-pro-cosmic-orange-256-gb/p/itm76fe37ca9ea8c?pid=MOBHFN6YR8HF5BQ9&lid=LSTMOBHFN6YR8HF5BQ9UHXK6P&marketplace=FLIPKART&q=smart+phones&store=tyy%2F4io&srno=s_26_606&otracker=search&fm=organic&iid=ea6c829e-c6d2-4a8b-9556-fb644d811b7f.MOBHFN6YR8HF5BQ9.SEARCH&ppt=None&ppn=None&ssid=wlfsi7aqi80000001791542875776&qH=a5594894156db043&ov_redirect=true,2026-10-09
607,"BOLTT ACE 5G (Lavender Bloom, 64 GB)",BOLTT,11999,24999,52% off,4.2,477,226,4 GB RAM,64 GB ROM,6000 mAh Lithium ion Battery,T8200 Processor,17.25 cm (6.79 inch) HD+ Display,64MP Rear Camera | 8MP Front Camera,,https://www.flipkart.com/boltt-ace-5g-lavender-bloom-64-gb/p/itm2eb0f483effdd?pid=MOBHPP59CGDHZVJY&lid=LSTMOBHPP59CGDHZVJYFJP39X&marketplace=FLIPKART&q=smart+phones&store=tyy%2F4io&srno=s_26_607&otracker=search&fm=organic&iid=en_wojPyfOloYWykWMKyNFJVcgJrLNqFh0zLzod-Uq_EZCKOWMhCIzIydpGR3Wfm1sZ6EjlcJGcWKVIdsXhsZKqldil8PSYMCIeoorv_0-dz5MfZTl19ESvud5EqFx3vr2Z&ppt=None&ppn=None&ssid=wlfsi7aqi80000001791542875776&qH=a5594894156db043&ov_redirect=true,2026-10-09
608,"BOLTT EVO (Arctic White, 64 GB)",BOLTT,8999,17999,50% off,4.3,"2,048",987,4 GB RAM,64 GB ROM,6000 mAh Lithium ion Battery,T7250 Processor,6.79'' HD+ punch hole display,50MP + 2MP | 8MP Front Camera,,https://www.flipkart.com/boltt-evo-arctic-white-64-gb/p/itmf046d663a1fd7?pid=MOBHPP59BYSJ98M8&lid=LSTMOBHPP59BYSJ98M8RWYHGQ&marketplace=FLIPKART&q=smart+phones&store=tyy%2F4io&srno=s_26_608&otracker=search&fm=organic&iid=en_wojPyfOloYWykWMKyNFJVcgJrLNqFh0zLzod-Uq_EZD6zwaRmU0c3lmrSkCXHlUWMw_YrC6cGEjKq2WZ8-8z4kJqULiYX7S4erGGIr8dEeiUD-O0nXtvAMmCpbUpiGTl&ppt=None&ppn=None&ssid=wlfsi7aqi80000001791542875776&qH=a5594894156db043&ov_redirect=true,2026-10-09
609,"OPPO Reno15 Pro 5G (Cocoa Brown, 256 GB)",OPPO,57343,74999,23% off,4.5,179,25,12 GB RAM,256 GB ROM,6500 mAh Battery,Dimensity 8450 Processor,43.74 cm (17.22 cm) Full HD+ Display,,,https://www.flipkart.com/oppo-reno15-pro-5g-cocoa-brown-256-gb/p/itm157c5e40707f0?pid=MOBHGZZ9UB7UERPG&lid=LSTMOBHGZZ9UB7UERPGWHBV0U&marketplace=FLIPKART&q=smart+phones&store=tyy%2F4io&srno=s_26_609&otracker=search&fm=organic&iid=ea6c829e-c6d2-4a8b-9556-fb644d811b7f.MOBHGZZ9UB7UERPG.SEARCH&ppt=None&ppn=None&ssid=wlfsi7aqi80000001791542875776&qH=a5594894156db043&ov_redirect=true,2026-10-09
610,"MOTOROLA Edge 70 Fusion (Pantone SILHOUETTE, 512 GB)",MOTOROLA,36999,64999,43% off,4.3,"7,047",783,12 GB RAM,512 GB ROM,7000 mAh Battery,Snapdragon 7s Gen 4 Processor,17.27 cm (6.8 inch) Super HD Display,50MP + 13MP | 32MP Front Camera,,https://www.flipkart.com/motorola-edge-70-fusion-pantone-silhouette-512-gb/p/itm296e356d06dfe?pid=MOBHNSA6EXSZXYUH&lid=LSTMOBHNSA6EXSZXYUHIGVMTN&marketplace=FLIPKART&q=smart+phones&store=tyy%2F4io&srno=s_26_610&otracker=search&fm=organic&iid=ea6c829e-c6d2-4a8b-9556-fb644d811b7f.MOBHNSA6EXSZXYUH.SEARCH&ppt=None&ppn=None&ssid=wlfsi7aqi80000001791542875776&qH=a5594894156db043&ov_redirect=true,2026-10-09
611,"Nothing Phone (4b) (White, 128 GB)",Nothing,29999,49999,40% off,,,,6 GB RAM,128 GB ROM,6000 mAh Lithium ion Battery,6 Gen 4 Processor,17.2 cm (6.77 inch) Full HD+ AMOLED Display,50MP + 8MP | 16MP Front Camera,,https://www.flipkart.com/nothing-phone-4b-white-128-gb/p/itm939608b40adbb?pid=MOBHQENATV85KYCZ&lid=LSTMOBHQENATV85KYCZ0HUCMA&marketplace=FLIPKART&q=smart+phones&store=tyy%2F4io&srno=s_26_611&otracker=search&fm=organic&iid=en_wojPyfOloYWykWMKyNFJVcgJrLNqFh0zLzod-Uq_EZAJPJtJu7M7a6EowaNEBET-JRWmJqRScuDEhLBoCJQ_-zmhNhj8Rec88cH_U33TMLWUD-O0nXtvAMmCpbUpiGTl&ppt=None&ppn=None&ssid=wlfsi7aqi80000001791542875776&qH=a5594894156db043&ov_redirect=true,2026-10-09
612,"BOLTT ACE 5G (Midnight Black, 128 GB)",BOLTT,13499,26999,50% off,4.8,69,59,6 GB RAM,128 GB ROM,6000 mAh Lithium ion Battery,T8200 Processor,17.25 cm (6.79 inch) HD+ Display,64MP Rear Camera | 8MP Front Camera,,https://www.flipkart.com/boltt-ace-5g-midnight-black-128-gb/p/itmc7395bddbb3a4?pid=MOBHPP59KHGRQGZK&lid=LSTMOBHPP59KHGRQGZKG8NGAJ&marketplace=FLIPKART&q=smart+phones&store=tyy%2F4io&srno=s_26_612&otracker=search&fm=organic&iid=en_wojPyfOloYWykWMKyNFJVcgJrLNqFh0zLzod-Uq_EZC9ZVUqHzlH6RwBU0FxAhRhceO83KH40hAfyKb6-RK5emI2n1F29CDxktZayioP0zofZTl19ESvud5EqFx3vr2Z&ppt=None&ppn=None&ssid=wlfsi7aqi80000001791542875776&qH=a5594894156db043&ov_redirect=true,2026-10-09
613,"OPPO K14 Plus 5G (Solar Orange, 128 GB)",OPPO,32999,64999,49% off,4.3,55,19,8 GB RAM,128 GB ROM,8000 mAh Battery,Dimensity 7360 MAX Processor,17.22 cm (6.78 inch) Full HD+ AMOLED Display,50MP + 2MP | 16MP Front Camera,,https://www.flipkart.com/oppo-k14-plus-5g-solar-orange-128-gb/p/itm6b2b1016fd57a?pid=MOBHR3ZY3Y8DEZVY&lid=LSTMOBHR3ZY3Y8DEZVYI6GQX5&marketplace=FLIPKART&q=smart+phones&store=tyy%2F4io&srno=s_26_613&otracker=search&fm=organic&iid=ea6c829e-c6d2-4a8b-9556-fb644d811b7f.MOBHR3ZY3Y8DEZVY.SEARCH&ppt=None&ppn=None&ssid=wlfsi7aqi80000001791542875776&qH=a5594894156db043&ov_redirect=true,2026-10-09
614,"MOTOROLA g57 power 5G Snapdragon (Pantone Regatta, 128 GB)",MOTOROLA,21999,,,4.4,"57,889","4,164",8 GB RAM,128 GB ROM,7000 mAh Battery,6s Gen 4 Processor,17.07 cm (6.72 inch) Full HD+ Display,50MP + 8MP | 8MP Front Camera,,https://www.flipkart.com/motorola-g57-power-5g-snapdragon-pantone-regatta-128-gb/p/itmdab5f9f1bf87b?pid=MOBHN974PMZMQ5HS&lid=LSTMOBHN974PMZMQ5HSK6FWL6&marketplace=FLIPKART&q=smart+phones&store=tyy%2F4io&srno=s_26_614&otracker=search&fm=organic&iid=ea6c829e-c6d2-4a8b-9556-fb644d811b7f.MOBHN974PMZMQ5HS.SEARCH&ppt=None&ppn=None&ssid=wlfsi7aqi80000001791542875776&qH=a5594894156db043&ov_redirect=true,2026-10-09
615,"REDMI Note-14 Pro+ 5G (Spectre Blue, 128 GB)",REDMI,27585,34999,21% off,4.4,938,75,8 GB RAM,128 GB ROM,6200 mAh Battery,7s Gen 3 Processor,16.94 cm (6.67 inch) Display,50MP + 50MP + 8MP | 20MP Front Camera,,https://www.flipkart.com/redmi-note-14-pro-5g-spectre-blue-128-gb/p/itmf69d377f9a8fb?pid=MOBH8BW3EGBFXZB6&lid=LSTMOBH8BW3EGBFXZB6CY0G4A&marketplace=FLIPKART&q=smart+phones&store=tyy%2F4io&srno=s_26_615&otracker=search&fm=organic&iid=ea6c829e-c6d2-4a8b-9556-fb644d811b7f.MOBH8BW3EGBFXZB6.SEARCH&ppt=None&ppn=None&ssid=wlfsi7aqi80000001791542875776&qH=a5594894156db043&ov_redirect=true,2026-10-09
616,"MOTOROLA g37 power (PANTONE Capri, 128 GB)",MOTOROLA,24249,37999,36% off,4.2,"2,670",209,8 GB RAM,128 GB ROM,7000 mAh Battery,Dimensity 6400 Processor,16.92 cm (6.66 inch) HD+ Display,50MP Rear Camera | 8MP Front Camera,,https://www.flipkart.com/motorola-g37-power-pantone-capri-128-gb/p/itm5dc5774d4d5e9?pid=MOBHMX5YXCBREREH&lid=LSTMOBHMX5YXCBREREHUWKEDX&marketplace=FLIPKART&q=smart+phones&store=tyy%2F4io&srno=s_26_616&otracker=search&fm=organic&iid=ea6c829e-c6d2-4a8b-9556-fb644d811b7f.MOBHMX5YXCBREREH.SEARCH&ppt=None&ppn=None&ssid=wlfsi7aqi80000001791542875776&qH=a5594894156db043&ov_redirect=true,2026-10-09
617,"BOLTT EVO (Arctic White, 128 GB)",BOLTT,10499,18999,44% off,4,"2,616","1,184",6 GB RAM,128 GB ROM,6000 mAh Lithium ion Battery,T7250 Processor,6.79'' HD+ punch hole display,50MP + 2MP | 8MP Front Camera,,https://www.flipkart.com/boltt-evo-arctic-white-128-gb/p/itmf046d663a1fd7?pid=MOBHPP59GKGTGZGA&lid=LSTMOBHPP59GKGTGZGAIEMNWG&marketplace=FLIPKART&q=smart+phones&store=tyy%2F4io&srno=s_26_617&otracker=search&fm=organic&iid=en_wojPyfOloYWykWMKyNFJVcgJrLNqFh0zLzod-Uq_EZAjVoE6A1ceqTEpbdCTri1T2d7HEcpMQaj_c2xS4y4sBI6iFcCMcne0NcY1l-GNU4yUD-O0nXtvAMmCpbUpiGTl&ppt=None&ppn=None&ssid=wlfsi7aqi80000001791542875776&qH=a5594894156db043&ov_redirect=true,2026-10-09
618,"Mivi One 5G (Burgundy, 128 GB)",Mivi,14999,25999,42% off,,,,8 GB RAM,128 GB ROM,6000 mAh Lithium Polymer Battery,Snapdragon 4 Gen 2 Processor,17.14 cm (6.75 inch) HD+ Display,50MP Rear Camera | 8MP Front Camera,,https://www.flipkart.com/mivi-one-5g-burgundy-128-gb/p/itm3fb0c94957b9f?pid=MOBHR3ZP74GDCQQC&lid=LSTMOBHR3ZP74GDCQQC3F0WAL&marketplace=FLIPKART&q=smart+phones&store=tyy%2F4io&srno=s_26_618&otracker=search&fm=organic&iid=en_wojPyfOloYWykWMKyNFJVcgJrLNqFh0zLzod-Uq_EZAEozfadQlaIo4WdzY3Fj8ClhTq3TNR9LJbyvkcUs0E5h5lnB_B3YgA2Ah0gCCIDM4fZTl19ESvud5EqFx3vr2Z&ppt=None&ppn=None&ssid=wlfsi7aqi80000001791542875776&qH=a5594894156db043&ov_redirect=true,2026-10-09
619,"REDMI Note 15 Pro+ 5G Special Edition Coffee Mocha 16GB RAM 512GB ROM (Coffee Mocha, 512 GB)",REDMI,49999,59999,16% off,4,10,1,16 GB RAM,512 GB ROM,6500 mAh Lithium-Ion Battery,7s Gen 4 Processor,17.35 cm (6.83 inch) Full HD+ AMOLED Display,200MP Rear Camera,,https://www.flipkart.com/redmi-note-15-pro-5g-special-coffee-mocha-16gb-ram-512gb-rom-coffee-mocha-512-gb/p/itm2a082fd4b24b2?pid=MOBHPHU7QHRVGRW2&lid=LSTMOBHPHU7QHRVGRW23L4DMS&marketplace=FLIPKART&q=smart+phones&store=tyy%2F4io&srno=s_26_619&otracker=search&fm=organic&iid=ea6c829e-c6d2-4a8b-9556-fb644d811b7f.MOBHPHU7QHRVGRW2.SEARCH&ppt=None&ppn=None&ssid=wlfsi7aqi80000001791542875776&qH=a5594894156db043&ov_redirect=true,2026-10-09
620,"POCO X8 Pro Max (White, 256 GB)",POCO,46999,57999,18% off,4.5,"2,119",420,12 GB RAM,256 GB ROM,9000 mAh Lithium-Ion Polymer With Silicon Carbon Technology Battery,Dimensity 9500s Processor,17.35 cm (6.83 inch) Full HD+ AMOLED Display,50MP + 8MP | 20MP Front Camera,,https://www.flipkart.com/poco-x8-pro-max-white-256-gb/p/itm38fa4fd504c3f?pid=MOBHMGG5YF569YNY&lid=LSTMOBHMGG5YF569YNYPQLFPD&marketplace=FLIPKART&q=smart+phones&store=tyy%2F4io&srno=s_26_620&otracker=search&fm=organic&iid=ea6c829e-c6d2-4a8b-9556-fb644d811b7f.MOBHMGG5YF569YNY.SEARCH&ppt=None&ppn=None&ssid=wlfsi7aqi80000001791542875776&qH=a5594894156db043&ov_redirect=true,2026-10-09
621,"BOLTT EVO (Sky Blue, 64 GB)",BOLTT,8999,17999,50% off,4.3,"2,048",987,4 GB RAM,64 GB ROM,6000 mAh Lithium ion Battery,T7250 Processor,6.79'' HD+ punch hole display,50MP + 2MP | 8MP Front Camera,,https://www.flipkart.com/boltt-evo-sky-blue-64-gb/p/itmf046d663a1fd7?pid=MOBHPP59WKSV4FYG&lid=LSTMOBHPP59WKSV4FYGYPMLV6&marketplace=FLIPKART&q=smart+phones&store=tyy%2F4io&srno=s_26_621&otracker=search&fm=organic&iid=en_wojPyfOloYWykWMKyNFJVcgJrLNqFh0zLzod-Uq_EZBghTevlZoL5EivBL8qaWpSiWdFa328hJ5Tl7uRbip-ZFs0LAPqMrP3q_6IRdvsZf-UD-O0nXtvAMmCpbUpiGTl&ppt=None&ppn=None&ssid=wlfsi7aqi80000001791542875776&qH=a5594894156db043&ov_redirect=true,2026-10-09
622,"BOLTT ACE 5G (Arctic White, 128 GB)",BOLTT,13499,26999,50% off,4.8,69,59,6 GB RAM,128 GB ROM,6000 mAh Lithium ion Battery,T8200 Processor,17.25 cm (6.79 inch) HD+ Display,64MP Rear Camera | 8MP Front Camera,,https://www.flipkart.com/boltt-ace-5g-arctic-white-128-gb/p/itm2eb0f483effdd?pid=MOBHPP599JHZUZBV&lid=LSTMOBHPP599JHZUZBVN1I3RX&marketplace=FLIPKART&q=smart+phones&store=tyy%2F4io&srno=s_26_622&otracker=search&fm=organic&iid=en_wojPyfOloYWykWMKyNFJVcgJrLNqFh0zLzod-Uq_EZDx6uyCsjh8-1p-ZzZZ919CqWMRb7XZ9LlJlXwsX-MeSpRRJF9TV-hbUYxhg9GdHDaQE9AUCzPfRhX-MClGtZZU&ppt=None&ppn=None&ssid=wlfsi7aqi80000001791542875776&qH=a5594894156db043&ov_redirect=true,2026-10-09
623,"Samsung Galaxy A06 5G (Light Green, 128 GB)",Samsung,16849,23999,29% off,4.1,"5,073",380,4 GB RAM,128 GB ROM,5000 mAh Li-ion Battery,Dimensity 6300 Processor,17.02 cm (6.7 inch) HD+ Display,50MP + 2MP | 8MP Front Camera,,https://www.flipkart.com/samsung-galaxy-a06-5g-light-green-128-gb/p/itm7ec0a3866eba9?pid=MOBH9GQKZF6ZFVGB&lid=LSTMOBH9GQKZF6ZFVGB1TUFUL&marketplace=FLIPKART&q=smart+phones&store=tyy%2F4io&srno=s_26_623&otracker=search&fm=organic&iid=ea6c829e-c6d2-4a8b-9556-fb644d811b7f.MOBH9GQKZF6ZFVGB.SEARCH&ppt=None&ppn=None&ssid=wlfsi7aqi80000001791542875776&qH=a5594894156db043&ov_redirect=true,2026-10-09
624,"REDMI 15C 5G (Moonlight Blue, 128 GB)",REDMI,17239,24990,31% off,3.7,902,102,4 GB RAM,128 GB ROM,6000 mAh Battery,,17.53 cm (6.9 inch) Display,50MP Rear Camera,,https://www.flipkart.com/redmi-15c-5g-moonlight-blue-128-gb/p/itmc1345bb45eef3?pid=MOBHGGZ2BYJKEYEC&lid=LSTMOBHGGZ2BYJKEYECNU9IR5&marketplace=FLIPKART&q=smart+phones&store=tyy%2F4io&srno=s_26_624&otracker=search&fm=organic&iid=ea6c829e-c6d2-4a8b-9556-fb644d811b7f.MOBHGGZ2BYJKEYEC.SEARCH&ppt=None&ppn=None&ssid=wlfsi7aqi80000001791542875776&qH=a5594894156db043&ov_redirect=true,2026-10-09
625,"OnePlus Nord CE6 (Pitch Black, 256 GB)",OnePlus,40150,43999,8% off,4.5,"1,411",107,8 GB RAM,256 GB ROM,8000 mAh Battery,Qualcomm® Snapdragon™ 7s Gen 4 Processor,17.22 cm (6.78 inch) Full HD+ Display,50MP Rear Camera | 2MP Front Camera,,https://www.flipkart.com/oneplus-nord-ce6-pitch-black-256-gb/p/itmd7b224b18cb05?pid=MOBHN8FJGG2GYWA9&lid=LSTMOBHN8FJGG2GYWA94K92NB&marketplace=FLIPKART&q=smart+phones&store=tyy%2F4io&srno=s_27_625&otracker=search&fm=organic&iid=dbef9512-beb0-4ff2-b469-f5226232c66e.MOBHN8FJGG2GYWA9.SEARCH&ppt=None&ppn=None&ssid=1qdqggkkcg0000001791542878876&qH=a5594894156db043&ov_redirect=true,2026-10-09
626,"Ai+ Nova 2 Pro 5G (Purple, 128 GB)",Ai+,18999,23999,20% off,4,"1,099",138,8 GB RAM,128 GB ROM,6000 mAh Li-polymer Battery,Dimensity 7100 Processor,17.53 cm (6.9 inch) Full HD+ Display,48MP Rear Camera | 13MP Front Camera,,https://www.flipkart.com/ai-nova-2-pro-5g-purple-128-gb/p/itm42975dc95c097?pid=MOBHZ8ZMQWE23Z8B&lid=LSTMOBHZ8ZMQWE23Z8BX88OJT&marketplace=FLIPKART&q=smart+phones&store=tyy%2F4io&srno=s_27_626&otracker=search&fm=organic&iid=dbef9512-beb0-4ff2-b469-f5226232c66e.MOBHZ8ZMQWE23Z8B.SEARCH&ppt=None&ppn=None&ssid=1qdqggkkcg0000001791542878876&qH=a5594894156db043&ov_redirect=true,2026-10-09
627,"Mivi One 5G (Green, 128 GB)",Mivi,13999,23999,41% off,,,,6 GB RAM,128 GB ROM,6000 mAh Lithium Polymer Battery,Snapdragon 4 Gen 2 Processor,17.14 cm (6.75 inch) HD+ Display,50MP Rear Camera | 8MP Front Camera,,https://www.flipkart.com/mivi-one-5g-green-128-gb/p/itm7ea6be1c1d0bf?pid=MOBHR3ZPFRUFFEBF&lid=LSTMOBHR3ZPFRUFFEBFXXFJBJ&marketplace=FLIPKART&q=smart+phones&store=tyy%2F4io&srno=s_27_627&otracker=search&fm=organic&iid=en_Dz-1d8oDwGO-lUiafTC2f1-P7NOz1nvWNNBSH1OCVdMHpbukbz5afhkhLGQhc6V5zBcC0adnJVDAF994s5Z8VdXXcDpR_S7wBKL_ui3585P8NSosp1YXYXMQR1AICnhT&ppt=None&ppn=None&ssid=1qdqggkkcg0000001791542878876&qH=a5594894156db043&ov_redirect=true,2026-10-09
628,"BOLTT ACE 5G (Lavender Bloom, 64 GB)",BOLTT,11999,24999,52% off,4.2,477,226,4 GB RAM,64 GB ROM,6000 mAh Lithium ion Battery,T8200 Processor,17.25 cm (6.79 inch) HD+ Display,64MP Rear Camera | 8MP Front Camera,,https://www.flipkart.com/boltt-ace-5g-lavender-bloom-64-gb/p/itm2eb0f483effdd?pid=MOBHPP59CGDHZVJY&lid=LSTMOBHPP59CGDHZVJYFJP39X&marketplace=FLIPKART&q=smart+phones&store=tyy%2F4io&srno=s_27_628&otracker=search&fm=organic&iid=en_Dz-1d8oDwGO-lUiafTC2f1-P7NOz1nvWNNBSH1OCVdPWQcce7j28TLgs2eq3SU-b6EjlcJGcWKVIdsXhsZKqlc-Hfce6zHM39GsmaCxEcE38NSosp1YXYXMQR1AICnhT&ppt=None&ppn=None&ssid=1qdqggkkcg0000001791542878876&qH=a5594894156db043&ov_redirect=true,2026-10-09
629,"Google Pixel 11 Pro (Canyon, 256 GB)",Google,119999,,,4.4,71,13,12 GB RAM,256 GB ROM,4850 mAh Lithium Battery,Tensor G6 Processor,16.0 cm (6.3 inch) Super Actua Display,50MP + 48MP + 48MP | 42MP Front Camera,,https://www.flipkart.com/google-pixel-11-pro-canyon-256-gb/p/itm16cea00d9ac24?pid=MOBHPHNVWNH53X35&lid=LSTMOBHPHNVWNH53X35FL83GL&marketplace=FLIPKART&q=smart+phones&store=tyy%2F4io&srno=s_27_629&otracker=search&fm=organic&iid=dbef9512-beb0-4ff2-b469-f5226232c66e.MOBHPHNVWNH53X35.SEARCH&ppt=None&ppn=None&ssid=1qdqggkkcg0000001791542878876&qH=a5594894156db043&ov_redirect=true,2026-10-09
630,"OPPO K14 Lite (Stone Brown, 64 GB)",OPPO,14599,37999,61% off,3.9,105,8,4 GB RAM,64 GB ROM,7000 mAh lithium-ion polymer Battery,T7250 Processor,17.14 cm (6.75 inch) HD+ Display,13MP Rear Camera | 5MP Front Camera,,https://www.flipkart.com/oppo-k14-lite-stone-brown-64-gb/p/itmb13fea9340374?pid=MOBHQZZ2HVKFBAGP&lid=LSTMOBHQZZ2HVKFBAGP9HQ2J4&marketplace=FLIPKART&q=smart+phones&store=tyy%2F4io&srno=s_27_630&otracker=search&fm=organic&iid=dbef9512-beb0-4ff2-b469-f5226232c66e.MOBHQZZ2HVKFBAGP.SEARCH&ppt=None&ppn=None&ssid=1qdqggkkcg0000001791542878876&qH=a5594894156db043&ov_redirect=true,2026-10-09
631,"BOLTT EVO (Midnight Black, 64 GB)",BOLTT,8999,17999,50% off,4.3,"2,048",987,4 GB RAM,64 GB ROM,6000 mAh Lithium ion Battery,T7250 Processor,6.79'' HD+ punch hole display,50MP + 2MP | 8MP Front Camera,,https://www.flipkart.com/boltt-evo-midnight-black-64-gb/p/itmf046d663a1fd7?pid=MOBHPP597GB8ZHTY&lid=LSTMOBHPP597GB8ZHTYGYX70A&marketplace=FLIPKART&q=smart+phones&store=tyy%2F4io&srno=s_27_631&otracker=search&fm=organic&iid=en_Dz-1d8oDwGO-lUiafTC2f1-P7NOz1nvWNNBSH1OCVdNfvxDGdDwmTl9WujDx0nD3mufLsD40cfOytTrT-2ACNqoJtuV9R_JTLQ6A0_d1zMTBnxLBRugssYoTMuoDlP9a&ppt=None&ppn=None&ssid=1qdqggkkcg0000001791542878876&qH=a5594894156db043&ov_redirect=true,2026-10-09
632,"BOLTT EVO (Arctic White, 64 GB)",BOLTT,8999,17999,50% off,4.3,"2,048",987,4 GB RAM,64 GB ROM,6000 mAh Lithium ion Battery,T7250 Processor,6.79'' HD+ punch hole display,50MP + 2MP | 8MP Front Camera,,https://www.flipkart.com/boltt-evo-arctic-white-64-gb/p/itmf046d663a1fd7?pid=MOBHPP59BYSJ98M8&lid=LSTMOBHPP59BYSJ98M8RWYHGQ&marketplace=FLIPKART&q=smart+phones&store=tyy%2F4io&srno=s_27_632&otracker=search&fm=organic&iid=en_Dz-1d8oDwGO-lUiafTC2f1-P7NOz1nvWNNBSH1OCVdO3KxT5FemZS8FfWg6ECy_8Mw_YrC6cGEjKq2WZ8-8z4kJqULiYX7S4erGGIr8dEejBnxLBRugssYoTMuoDlP9a&ppt=None&ppn=None&ssid=1qdqggkkcg0000001791542878876&qH=a5594894156db043&ov_redirect=true,2026-10-09
633,"REDMI Note 15 Pro+ 5G Special Edition Carbon Black 16GB RAM 512GB ROM (Carbon Black, 512 GB)",REDMI,49999,59999,16% off,5,5,1,16 GB RAM,512 GB ROM,6500 mAh Lithium-Ion Battery,7s Gen 4 Processor,17.35 cm (6.83 inch) Full HD+ AMOLED Display,200MP Rear Camera,,https://www.flipkart.com/redmi-note-15-pro-5g-special-carbon-black-16gb-ram-512gb-rom-carbon-black-512-gb/p/itmbbff4d12d3216?pid=MOBHPHU74JNPCVC7&lid=LSTMOBHPHU74JNPCVC7I4ZKST&marketplace=FLIPKART&q=smart+phones&store=tyy%2F4io&srno=s_27_633&otracker=search&fm=organic&iid=dbef9512-beb0-4ff2-b469-f5226232c66e.MOBHPHU74JNPCVC7.SEARCH&ppt=None&ppn=None&ssid=1qdqggkkcg0000001791542878876&qH=a5594894156db043&ov_redirect=true,2026-10-09
634,"Samsung Galaxy F70e 5G (Limelight Green, 128 GB)",Samsung,16999,22999,26% off,4.1,"11,525","1,353",4 GB RAM,128 GB ROM,6000 mAh Li-ion Battery,Dimensity 6300 Processor,17.12 cm (6.74 inch) HD+ Display,50MP + 2MP | 8MP Front Camera,,https://www.flipkart.com/samsung-galaxy-f70e-5g-limelight-green-128-gb/p/itma4829ebb5714f?pid=MOBHQGZQZ7SXPAGZ&lid=LSTMOBHQGZQZ7SXPAGZJQTEYQ&marketplace=FLIPKART&q=smart+phones&store=tyy%2F4io&srno=s_27_634&otracker=search&fm=organic&iid=dbef9512-beb0-4ff2-b469-f5226232c66e.MOBHQGZQZ7SXPAGZ.SEARCH&ppt=None&ppn=None&ssid=1qdqggkkcg0000001791542878876&qH=a5594894156db043&ov_redirect=true,2026-10-09
635,"Samsung Galaxy S26 Ultra 5G (White, 512 GB)",Samsung,159999,,,4.6,"1,389",356,12 GB RAM,512 GB ROM,5000 mAh Li-ion Battery,Snapdragon 8 Elite Gen 5 Processor,17.53 cm (6.9 inch) Quad HD+ Display,200MP + 50MP | 12MP Front Camera,,https://www.flipkart.com/samsung-galaxy-s26-ultra-5g-white-512-gb/p/itmf4799d3841c43?pid=MOBHKGAPVZXYFYD5&lid=LSTMOBHKGAPVZXYFYD5VAC2FU&marketplace=FLIPKART&q=smart+phones&store=tyy%2F4io&srno=s_27_635&otracker=search&fm=organic&iid=dbef9512-beb0-4ff2-b469-f5226232c66e.MOBHKGAPVZXYFYD5.SEARCH&ppt=None&ppn=None&ssid=1qdqggkkcg0000001791542878876&qH=a5594894156db043&ov_redirect=true,2026-10-09
636,"Apple iPhone 17 Pro Max (Silver, 256 GB)",Apple,149900,,,4.7,"2,485",233,,,,"A19 Chip, 6 Core Processor Processor",17.53 cm (6.9 inch) Super Retina XDR Display,48MP + 48MP + 48MP | 18MP Front Camera,,https://www.flipkart.com/apple-iphone-17-pro-max-silver-256-gb/p/itmd38e30731883a?pid=MOBHFN6YCXHMND9W&lid=LSTMOBHFN6YCXHMND9WWWSOXI&marketplace=FLIPKART&q=smart+phones&store=tyy%2F4io&srno=s_27_636&otracker=search&fm=organic&iid=dbef9512-beb0-4ff2-b469-f5226232c66e.MOBHFN6YCXHMND9W.SEARCH&ppt=None&ppn=None&ssid=1qdqggkkcg0000001791542878876&qH=a5594894156db043&ov_redirect=true,2026-10-09
637,"Nothing Phone (4b) (White, 128 GB)",Nothing,29999,49999,40% off,,,,6 GB RAM,128 GB ROM,6000 mAh Lithium ion Battery,6 Gen 4 Processor,17.2 cm (6.77 inch) Full HD+ AMOLED Display,50MP + 8MP | 16MP Front Camera,,https://www.flipkart.com/nothing-phone-4b-white-128-gb/p/itm939608b40adbb?pid=MOBHQENATV85KYCZ&lid=LSTMOBHQENATV85KYCZ0HUCMA&marketplace=FLIPKART&q=smart+phones&store=tyy%2F4io&srno=s_27_637&otracker=search&fm=organic&iid=en_Dz-1d8oDwGO-lUiafTC2f1-P7NOz1nvWNNBSH1OCVdPW7LzupY9F4jkQVimarshAJRWmJqRScuDEhLBoCJQ_-zmhNhj8Rec88cH_U33TMLXBnxLBRugssYoTMuoDlP9a&ppt=None&ppn=None&ssid=1qdqggkkcg0000001791542878876&qH=a5594894156db043&ov_redirect=true,2026-10-09
638,"BOLTT ACE 5G (Midnight Black, 128 GB)",BOLTT,13499,26999,50% off,4.8,69,59,6 GB RAM,128 GB ROM,6000 mAh Lithium ion Battery,T8200 Processor,17.25 cm (6.79 inch) HD+ Display,64MP Rear Camera | 8MP Front Camera,,https://www.flipkart.com/boltt-ace-5g-midnight-black-128-gb/p/itmc7395bddbb3a4?pid=MOBHPP59KHGRQGZK&lid=LSTMOBHPP59KHGRQGZKG8NGAJ&marketplace=FLIPKART&q=smart+phones&store=tyy%2F4io&srno=s_27_638&otracker=search&fm=organic&iid=en_Dz-1d8oDwGO-lUiafTC2f1-P7NOz1nvWNNBSH1OCVdNGQ7M5DizaV-i7O2vvTwtGceO83KH40hAfyKb6-RK5emI2n1F29CDxktZayioP0zr8NSosp1YXYXMQR1AICnhT&ppt=None&ppn=None&ssid=1qdqggkkcg0000001791542878876&qH=a5594894156db043&ov_redirect=true,2026-10-09
639,"REDMI 15C 5G (Midnight Black, 128 GB)",REDMI,21531,25999,17% off,4.3,498,46,8 GB RAM,128 GB ROM,6000 mAh Battery,,17.53 cm (6.9 inch) Display,50MP Rear Camera,,https://www.flipkart.com/redmi-15c-5g-midnight-black-128-gb/p/itmc1345bb45eef3?pid=MOBHGGZ228KHHPQC&lid=LSTMOBHGGZ228KHHPQCY9KX8V&marketplace=FLIPKART&q=smart+phones&store=tyy%2F4io&srno=s_27_639&otracker=search&fm=organic&iid=dbef9512-beb0-4ff2-b469-f5226232c66e.MOBHGGZ228KHHPQC.SEARCH&ppt=None&ppn=None&ssid=1qdqggkkcg0000001791542878876&qH=a5594894156db043&ov_redirect=true,2026-10-09
640,"realme 15 5G (Velvet Green, 256 GB)",realme,31999,,,4.4,"11,401","1,227",8 GB RAM,256 GB ROM,7000 mAh Battery,Mediatek Dimensity 7300+ 5G Processor,17.27 cm (6.8 inch) Display,50MP + 8MP | 50MP Front Camera,5G,https://www.flipkart.com/realme-15-5g-velvet-green-256-gb/p/itme9581fbd0e97a?pid=MOBHDUKFHZJFVZXG&lid=LSTMOBHDUKFHZJFVZXGABNNHR&marketplace=FLIPKART&q=smart+phones&store=tyy%2F4io&srno=s_27_640&otracker=search&fm=organic&iid=dbef9512-beb0-4ff2-b469-f5226232c66e.MOBHDUKFHZJFVZXG.SEARCH&ppt=None&ppn=None&ssid=1qdqggkkcg0000001791542878876&qH=a5594894156db043&ov_redirect=true,2026-10-09
641,"BOLTT EVO (Arctic White, 128 GB)",BOLTT,10499,18999,44% off,4,"2,616","1,184",6 GB RAM,128 GB ROM,6000 mAh Lithium ion Battery,T7250 Processor,6.79'' HD+ punch hole display,50MP + 2MP | 8MP Front Camera,,https://www.flipkart.com/boltt-evo-arctic-white-128-gb/p/itmf046d663a1fd7?pid=MOBHPP59GKGTGZGA&lid=LSTMOBHPP59GKGTGZGAIEMNWG&marketplace=FLIPKART&q=smart+phones&store=tyy%2F4io&srno=s_27_641&otracker=search&fm=organic&iid=en_Dz-1d8oDwGO-lUiafTC2f1-P7NOz1nvWNNBSH1OCVdOuYwJV0lq_-pyRy4o5vNgF2d7HEcpMQaj_c2xS4y4sBI6iFcCMcne0NcY1l-GNU4zBnxLBRugssYoTMuoDlP9a&ppt=None&ppn=None&ssid=1qdqggkkcg0000001791542878876&qH=a5594894156db043&ov_redirect=true,2026-10-09
642,"Mivi One 5G (Burgundy, 128 GB)",Mivi,14999,25999,42% off,,,,8 GB RAM,128 GB ROM,6000 mAh Lithium Polymer Battery,Snapdragon 4 Gen 2 Processor,17.14 cm (6.75 inch) HD+ Display,50MP Rear Camera | 8MP Front Camera,,https://www.flipkart.com/mivi-one-5g-burgundy-128-gb/p/itm3fb0c94957b9f?pid=MOBHR3ZP74GDCQQC&lid=LSTMOBHR3ZP74GDCQQC3F0WAL&marketplace=FLIPKART&q=smart+phones&store=tyy%2F4io&srno=s_27_642&otracker=search&fm=organic&iid=en_Dz-1d8oDwGO-lUiafTC2f1-P7NOz1nvWNNBSH1OCVdMJDTXhC8nLF6k_QWaNq31PlhTq3TNR9LJbyvkcUs0E5h5lnB_B3YgA2Ah0gCCIDM78NSosp1YXYXMQR1AICnhT&ppt=None&ppn=None&ssid=1qdqggkkcg0000001791542878876&qH=a5594894156db043&ov_redirect=true,2026-10-09
643,"realme 15 5G (Flowing Silver, 256 GB)",realme,31999,,,4.4,"11,401","1,227",8 GB RAM,256 GB ROM,7000 mAh Battery,Mediatek Dimensity 7300+ 5G Processor,17.27 cm (6.8 inch) Full HD+ AMOLED Display,50MP + 8MP | 50MP Front Camera,5G,https://www.flipkart.com/realme-15-5g-flowing-silver-256-gb/p/itme9581fbd0e97a?pid=MOBHDUKFVXWQKMPS&lid=LSTMOBHDUKFVXWQKMPS2WNAQE&marketplace=FLIPKART&q=smart+phones&store=tyy%2F4io&srno=s_27_643&otracker=search&fm=organic&iid=dbef9512-beb0-4ff2-b469-f5226232c66e.MOBHDUKFVXWQKMPS.SEARCH&ppt=None&ppn=None&ssid=1qdqggkkcg0000001791542878876&qH=a5594894156db043&ov_redirect=true,2026-10-09
644,"REDMI Note-14 Pro 5G (Phantom Purple, 256 GB)",REDMI,30989,30999,,4.3,"1,277",96,8 GB RAM,256 GB ROM,5500 mAh Battery,Dimensity 7300 Ultra Processor,16.94 cm (6.67 inch) Display,50MP + 8MP + 2MP | 20MP Front Camera,,https://www.flipkart.com/redmi-note-14-pro-5g-phantom-purple-256-gb/p/itm124f940049e20?pid=MOBH8BW3AGGHVKRR&lid=LSTMOBH8BW3AGGHVKRRAA2DO7&marketplace=FLIPKART&q=smart+phones&store=tyy%2F4io&srno=s_27_644&otracker=search&fm=organic&iid=dbef9512-beb0-4ff2-b469-f5226232c66e.MOBH8BW3AGGHVKRR.SEARCH&ppt=None&ppn=None&ssid=1qdqggkkcg0000001791542878876&qH=a5594894156db043&ov_redirect=true,2026-10-09
645,"OnePlus N6X (Ice Blue, 64 GB)",OnePlus,19650,26999,27% off,4,173,14,4 GB RAM,64 GB ROM,7000 mAh Battery,MediaTek Dimensity 6360 Apex Processor,17.27 cm (6.8 inch) HD+ Display,13MP Rear Camera,,https://www.flipkart.com/oneplus-n6x-ice-blue-64-gb/p/itm4be54d70a3bed?pid=MOBHPTHNMYMBZBGD&lid=LSTMOBHPTHNMYMBZBGDDL9NHK&marketplace=FLIPKART&q=smart+phones&store=tyy%2F4io&srno=s_27_645&otracker=search&fm=organic&iid=dbef9512-beb0-4ff2-b469-f5226232c66e.MOBHPTHNMYMBZBGD.SEARCH&ppt=None&ppn=None&ssid=1qdqggkkcg0000001791542878876&qH=a5594894156db043&ov_redirect=true,2026-10-09
646,"realme P4 Pro 5G (Birch Wood, 256 GB)",realme,30999,,,4.4,"22,908","2,256",8 GB RAM,256 GB ROM,7000 mAh Battery,Snapdragon 7 Gen 4 Mobile Processor,17.27 cm (6.8 inch) Full HD+ Display,50MP + 8MP | 50MP Front Camera,,https://www.flipkart.com/realme-p4-pro-5g-birch-wood-256-gb/p/itme41a54752cc21?pid=MOBHERXKVQED7HGC&lid=LSTMOBHERXKVQED7HGC54DD1I&marketplace=FLIPKART&q=smart+phones&store=tyy%2F4io&srno=s_27_646&otracker=search&fm=organic&iid=dbef9512-beb0-4ff2-b469-f5226232c66e.MOBHERXKVQED7HGC.SEARCH&ppt=None&ppn=None&ssid=1qdqggkkcg0000001791542878876&qH=a5594894156db043&ov_redirect=true,2026-10-09
647,"BOLTT EVO (Sky Blue, 64 GB)",BOLTT,8999,17999,50% off,4.3,"2,048",987,4 GB RAM,64 GB ROM,6000 mAh Lithium ion Battery,T7250 Processor,6.79'' HD+ punch hole display,50MP + 2MP | 8MP Front Camera,,https://www.flipkart.com/boltt-evo-sky-blue-64-gb/p/itmf046d663a1fd7?pid=MOBHPP59WKSV4FYG&lid=LSTMOBHPP59WKSV4FYGYPMLV6&marketplace=FLIPKART&q=smart+phones&store=tyy%2F4io&srno=s_27_647&otracker=search&fm=organic&iid=en_Dz-1d8oDwGO-lUiafTC2f1-P7NOz1nvWNNBSH1OCVdN43QXjgrZlOEZUWyRS6qXZiWdFa328hJ5Tl7uRbip-ZFs0LAPqMrP3q_6IRdvsZf_BnxLBRugssYoTMuoDlP9a&ppt=None&ppn=None&ssid=1qdqggkkcg0000001791542878876&qH=a5594894156db043&ov_redirect=true,2026-10-09
648,"BOLTT ACE 5G (Arctic White, 128 GB)",BOLTT,13499,26999,50% off,4.8,69,59,6 GB RAM,128 GB ROM,6000 mAh Lithium ion Battery,T8200 Processor,17.25 cm (6.79 inch) HD+ Display,64MP Rear Camera | 8MP Front Camera,,https://www.flipkart.com/boltt-ace-5g-arctic-white-128-gb/p/itm2eb0f483effdd?pid=MOBHPP599JHZUZBV&lid=LSTMOBHPP599JHZUZBVN1I3RX&marketplace=FLIPKART&q=smart+phones&store=tyy%2F4io&srno=s_27_648&otracker=search&fm=organic&iid=en_Dz-1d8oDwGO-lUiafTC2f1-P7NOz1nvWNNBSH1OCVdPMR46k2TniBB0FQo3nHGnnqWMRb7XZ9LlJlXwsX-MeSpRRJF9TV-hbUYxhg9GdHDZ43HhArDmfZiuNqLZwv6P4&ppt=None&ppn=None&ssid=1qdqggkkcg0000001791542878876&qH=a5594894156db043&ov_redirect=true,2026-10-09
649,"Infinix Note edge (Lunar Titanium, 128 GB)",Infinix,22999,29999,23% off,4.2,581,102,8 GB RAM,128 GB ROM,6500 mAh Battery,Dimensity 7100 Processor,17.22 cm (6.78 inch) Full HD+ AMOLED Display,50MP Rear Camera | 13MP Front Camera,,https://www.flipkart.com/infinix-note-edge-lunar-titanium-128-gb/p/itmab2876405a1ab?pid=MOBHKCV7ZGHABQFG&lid=LSTMOBHKCV7ZGHABQFGXAZBJI&marketplace=FLIPKART&q=smart+phones&store=tyy%2F4io&srno=s_28_649&otracker=search&fm=organic&iid=f6772499-25bc-4c60-a129-8746a97e1d2b.MOBHKCV7ZGHABQFG.SEARCH&ppt=None&ppn=None&ssid=k1ndbqas000000001791542881681&qH=a5594894156db043&ov_redirect=true,2026-10-09
650,"BOLTT EVO (Berry Red, 64 GB)",BOLTT,8999,17999,50% off,4.3,"2,048",987,4 GB RAM,64 GB ROM,6000 mAh Lithium ion Battery,T7250 Processor,6.79'' HD+ punch hole display,50MP + 2MP | 8MP Front Camera,,https://www.flipkart.com/boltt-evo-berry-red-64-gb/p/itmf046d663a1fd7?pid=MOBHPP598ENKRGBY&lid=LSTMOBHPP598ENKRGBYC3QECN&marketplace=FLIPKART&q=smart+phones&store=tyy%2F4io&srno=s_28_650&otracker=search&fm=organic&iid=f6772499-25bc-4c60-a129-8746a97e1d2b.MOBHPP598ENKRGBY.SEARCH&ppt=None&ppn=None&ssid=k1ndbqas000000001791542881681&qH=a5594894156db043&ov_redirect=true,2026-10-09
651,"Mivi One 5G (Green, 128 GB)",Mivi,13999,23999,41% off,,,,6 GB RAM,128 GB ROM,6000 mAh Lithium Polymer Battery,Snapdragon 4 Gen 2 Processor,17.14 cm (6.75 inch) HD+ Display,50MP Rear Camera | 8MP Front Camera,,https://www.flipkart.com/mivi-one-5g-green-128-gb/p/itm7ea6be1c1d0bf?pid=MOBHR3ZPFRUFFEBF&lid=LSTMOBHR3ZPFRUFFEBFXXFJBJ&marketplace=FLIPKART&q=smart+phones&store=tyy%2F4io&srno=s_28_651&otracker=search&fm=organic&iid=en_pKzqx1V8x5cfMhjMmnScAJmIzHdMC61Ui1r7DRm-vsQL92UflCMaBoAR5pmNo39TzBcC0adnJVDAF994s5Z8VdXXcDpR_S7wBKL_ui3585On-1nFaHz_IiHXwRrgzB9E&ppt=None&ppn=None&ssid=k1ndbqas000000001791542881681&qH=a5594894156db043&ov_redirect=true,2026-10-09
652,"BOLTT ACE 5G (Lavender Bloom, 64 GB)",BOLTT,11999,24999,52% off,4.2,477,226,4 GB RAM,64 GB ROM,6000 mAh Lithium ion Battery,T8200 Processor,17.25 cm (6.79 inch) HD+ Display,64MP Rear Camera | 8MP Front Camera,,https://www.flipkart.com/boltt-ace-5g-lavender-bloom-64-gb/p/itm2eb0f483effdd?pid=MOBHPP59CGDHZVJY&lid=LSTMOBHPP59CGDHZVJYFJP39X&marketplace=FLIPKART&q=smart+phones&store=tyy%2F4io&srno=s_28_652&otracker=search&fm=organic&iid=en_pKzqx1V8x5cfMhjMmnScAJmIzHdMC61Ui1r7DRm-vsQSxeDrc1pzHp6ge5Jbrfzl6EjlcJGcWKVIdsXhsZKqlc-Hfce6zHM39GsmaCxEcE2n-1nFaHz_IiHXwRrgzB9E&ppt=None&ppn=None&ssid=k1ndbqas000000001791542881681&qH=a5594894156db043&ov_redirect=true,2026-10-09
653,"Apple iPhone 17 Pro (Silver, 512 GB)",Apple,154900,,,4.7,"5,581",397,,,,"A19 Chip, 6 Core Processor Processor",16.0 cm (6.3 inch) Super Retina XDR Display,48MP + 48MP + 48MP | 18MP Front Camera,,https://www.flipkart.com/apple-iphone-17-pro-silver-512-gb/p/itmfe915ac778113?pid=MOBHFN6YWF7QVBBG&lid=LSTMOBHFN6YWF7QVBBGAGJY7X&marketplace=FLIPKART&q=smart+phones&store=tyy%2F4io&srno=s_28_653&otracker=search&fm=organic&iid=f6772499-25bc-4c60-a129-8746a97e1d2b.MOBHFN6YWF7QVBBG.SEARCH&ppt=None&ppn=None&ssid=k1ndbqas000000001791542881681&qH=a5594894156db043&ov_redirect=true,2026-10-09
654,"MOTOROLA edge 70 pro (Tailored Fabric - PANTONE Titan (Blue), 256 GB)",MOTOROLA,39999,69999,42% off,4.3,991,117,8 GB RAM,256 GB ROM,6500 mAh Silicon-Carbon Battery,Dimensity 8500 Extreme Processor,17.27 cm (6.8 inch) Full HD+ Super AMOLED Display,50MP + 50MP | 50MP Front Camera,,https://www.flipkart.com/motorola-edge-70-pro-tailored-fabric-pantone-titan-blue-256-gb/p/itmabaee92c5d0da?pid=MOBHN973YGSQZH7U&lid=LSTMOBHN973YGSQZH7U8XEYJN&marketplace=FLIPKART&q=smart+phones&store=tyy%2F4io&srno=s_28_654&otracker=search&fm=organic&iid=f6772499-25bc-4c60-a129-8746a97e1d2b.MOBHN973YGSQZH7U.SEARCH&ppt=None&ppn=None&ssid=k1ndbqas000000001791542881681&qH=a5594894156db043&ov_redirect=true,2026-10-09
655,"realme Narzo 80 Lite (See Blue, 64 GB)",realme,13999,16999,17% off,4.2,"3,617",197,4 GB RAM,64 GB ROM,6300 mAh Battery,,17.09 cm (6.73 inch) Display,13MP Rear Camera,,https://www.flipkart.com/realme-narzo-80-lite-see-blue-64-gb/p/itmb8ad4180e2d80?pid=MOBHP3W8ESQHPZNP&lid=LSTMOBHP3W8ESQHPZNPXTCEDO&marketplace=FLIPKART&q=smart+phones&store=tyy%2F4io&srno=s_28_655&otracker=search&fm=organic&iid=f6772499-25bc-4c60-a129-8746a97e1d2b.MOBHP3W8ESQHPZNP.SEARCH&ppt=None&ppn=None&ssid=k1ndbqas000000001791542881681&qH=a5594894156db043&ov_redirect=true,2026-10-09
656,"MOTOROLA Edge 60 Fusion 5G (PANTONE Slipstream, 256 GB)",MOTOROLA,37999,,,4.4,"50,394","3,577",12 GB RAM,256 GB ROM,5500 mAh Battery,Dimensity 7400 Processor,16.94 cm (6.67 inch) Display,50MP + 13MP | 32MP Front Camera,,https://www.flipkart.com/motorola-edge-60-fusion-5g-pantone-slipstream-256-gb/p/itmd3151f89e7078?pid=MOBHN974NUGGH4FH&lid=LSTMOBHN974NUGGH4FH6IKZHQ&marketplace=FLIPKART&q=smart+phones&store=tyy%2F4io&srno=s_28_656&otracker=search&fm=organic&iid=f6772499-25bc-4c60-a129-8746a97e1d2b.MOBHN974NUGGH4FH.SEARCH&ppt=None&ppn=None&ssid=k1ndbqas000000001791542881681&qH=a5594894156db043&ov_redirect=true,2026-10-09
657,"BOLTT EVO (Midnight Black, 64 GB)",BOLTT,8999,17999,50% off,4.3,"2,048",987,4 GB RAM,64 GB ROM,6000 mAh Lithium ion Battery,T7250 Processor,6.79'' HD+ punch hole display,50MP + 2MP | 8MP Front Camera,,https://www.flipkart.com/boltt-evo-midnight-black-64-gb/p/itmf046d663a1fd7?pid=MOBHPP597GB8ZHTY&lid=LSTMOBHPP597GB8ZHTYGYX70A&marketplace=FLIPKART&q=smart+phones&store=tyy%2F4io&srno=s_28_657&otracker=search&fm=organic&iid=en_pKzqx1V8x5cfMhjMmnScAJmIzHdMC61Ui1r7DRm-vsTUC6QWtSwaTJlL4X4pbrfemufLsD40cfOytTrT-2ACNqoJtuV9R_JTLQ6A0_d1zMTa_JDx779RPFQM_-uNO50j&ppt=None&ppn=None&ssid=k1ndbqas000000001791542881681&qH=a5594894156db043&ov_redirect=true,2026-10-09
658,"BOLTT EVO (Arctic White, 64 GB)",BOLTT,8999,17999,50% off,4.3,"2,048",987,4 GB RAM,64 GB ROM,6000 mAh Lithium ion Battery,T7250 Processor,6.79'' HD+ punch hole display,50MP + 2MP | 8MP Front Camera,,https://www.flipkart.com/boltt-evo-arctic-white-64-gb/p/itmf046d663a1fd7?pid=MOBHPP59BYSJ98M8&lid=LSTMOBHPP59BYSJ98M8RWYHGQ&marketplace=FLIPKART&q=smart+phones&store=tyy%2F4io&srno=s_28_658&otracker=search&fm=organic&iid=en_pKzqx1V8x5cfMhjMmnScAJmIzHdMC61Ui1r7DRm-vsTdIvCu9GurP25SmeC2mHHBMw_YrC6cGEjKq2WZ8-8z4kJqULiYX7S4erGGIr8dEeja_JDx779RPFQM_-uNO50j&ppt=None&ppn=None&ssid=k1ndbqas000000001791542881681&qH=a5594894156db043&ov_redirect=true,2026-10-09
659,"IQOO 15R 5G (Triumph Silver, 256 GB)",IQOO,56945,69999,18% off,4.6,415,51,8 GB RAM,256 GB ROM,7600 mAh Battery,,16.74 cm (6.59 inch) Display,50MP Rear Camera,,https://www.flipkart.com/iqoo-15r-5g-triumph-silver-256-gb/p/itm7bc8aee18f590?pid=MOBHHY4ADUVBCEEY&lid=LSTMOBHHY4ADUVBCEEYFPYVRR&marketplace=FLIPKART&q=smart+phones&store=tyy%2F4io&srno=s_28_659&otracker=search&fm=organic&iid=f6772499-25bc-4c60-a129-8746a97e1d2b.MOBHHY4ADUVBCEEY.SEARCH&ppt=None&ppn=None&ssid=k1ndbqas000000001791542881681&qH=a5594894156db043&ov_redirect=true,2026-10-09
660,"OnePlus N6X (Burgundy Red, 128 GB)",OnePlus,21289,28999,26% off,4,173,14,4 GB RAM,128 GB ROM,7000 mAh Battery,MediaTek Dimensity 6360 Apex Processor,17.27 cm (6.8 inch) HD+ Display,13MP Rear Camera,,https://www.flipkart.com/oneplus-n6x-burgundy-red-128-gb/p/itm4be54d70a3bed?pid=MOBHPTHXHRAF8UHZ&lid=LSTMOBHPTHXHRAF8UHZM0ADIL&marketplace=FLIPKART&q=smart+phones&store=tyy%2F4io&srno=s_28_660&otracker=search&fm=organic&iid=f6772499-25bc-4c60-a129-8746a97e1d2b.MOBHPTHXHRAF8UHZ.SEARCH&ppt=None&ppn=None&ssid=k1ndbqas000000001791542881681&qH=a5594894156db043&ov_redirect=true,2026-10-09
661,"Nothing Phone (4b) (White, 128 GB)",Nothing,29999,49999,40% off,,,,6 GB RAM,128 GB ROM,6000 mAh Lithium ion Battery,6 Gen 4 Processor,17.2 cm (6.77 inch) Full HD+ AMOLED Display,50MP + 8MP | 16MP Front Camera,,https://www.flipkart.com/nothing-phone-4b-white-128-gb/p/itm939608b40adbb?pid=MOBHQENATV85KYCZ&lid=LSTMOBHQENATV85KYCZ0HUCMA&marketplace=FLIPKART&q=smart+phones&store=tyy%2F4io&srno=s_28_661&otracker=search&fm=organic&iid=en_pKzqx1V8x5cfMhjMmnScAJmIzHdMC61Ui1r7DRm-vsTI7LJjegwx0ozOSmX8jchsJRWmJqRScuDEhLBoCJQ_-zmhNhj8Rec88cH_U33TMLXa_JDx779RPFQM_-uNO50j&ppt=None&ppn=None&ssid=k1ndbqas000000001791542881681&qH=a5594894156db043&ov_redirect=true,2026-10-09
662,"BOLTT ACE 5G (Midnight Black, 128 GB)",BOLTT,13499,26999,50% off,4.8,69,59,6 GB RAM,128 GB ROM,6000 mAh Lithium ion Battery,T8200 Processor,17.25 cm (6.79 inch) HD+ Display,64MP Rear Camera | 8MP Front Camera,,https://www.flipkart.com/boltt-ace-5g-midnight-black-128-gb/p/itmc7395bddbb3a4?pid=MOBHPP59KHGRQGZK&lid=LSTMOBHPP59KHGRQGZKG8NGAJ&marketplace=FLIPKART&q=smart+phones&store=tyy%2F4io&srno=s_28_662&otracker=search&fm=organic&iid=en_pKzqx1V8x5cfMhjMmnScAJmIzHdMC61Ui1r7DRm-vsSYirP_AlC4ZPugLUVjJKEMceO83KH40hAfyKb6-RK5emI2n1F29CDxktZayioP0zqn-1nFaHz_IiHXwRrgzB9E&ppt=None&ppn=None&ssid=k1ndbqas000000001791542881681&qH=a5594894156db043&ov_redirect=true,2026-10-09
663,"Nothing Phone (4a) Pro (Pink, 256 GB)",Nothing,59999,75999,21% off,4.6,"1,365",168,12 GB RAM,256 GB ROM,5400 mAh Lithium ion Battery,Snapdragon 7 Gen 4 Processor,17.35 cm (6.83 inch) Full HD+ AMOLED Display,50MP + 50MP + 8MP | 32MP Front Camera,,https://www.flipkart.com/nothing-phone-4a-pro-pink-256-gb/p/itmc51ebf4db432e?pid=MOBHZAWYHTYWHDCF&lid=LSTMOBHZAWYHTYWHDCFJEDFZ9&marketplace=FLIPKART&q=smart+phones&store=tyy%2F4io&srno=s_28_663&otracker=search&fm=organic&iid=f6772499-25bc-4c60-a129-8746a97e1d2b.MOBHZAWYHTYWHDCF.SEARCH&ppt=None&ppn=None&ssid=k1ndbqas000000001791542881681&qH=a5594894156db043&ov_redirect=true,2026-10-09
664,"Nothing Phone (4a) Pro (Silver, 256 GB)",Nothing,59999,75999,21% off,4.6,"1,365",168,12 GB RAM,256 GB ROM,5400 mAh Lithium ion Battery,Snapdragon 7 Gen 4 Processor,17.35 cm (6.83 inch) Full HD+ AMOLED Display,50MP + 50MP + 8MP | 32MP Front Camera,,https://www.flipkart.com/nothing-phone-4a-pro-silver-256-gb/p/itmc51ebf4db432e?pid=MOBHZAWYURYHBN6J&lid=LSTMOBHZAWYURYHBN6JXB2YXH&marketplace=FLIPKART&q=smart+phones&store=tyy%2F4io&srno=s_28_664&otracker=search&fm=organic&iid=f6772499-25bc-4c60-a129-8746a97e1d2b.MOBHZAWYURYHBN6J.SEARCH&ppt=None&ppn=None&ssid=k1ndbqas000000001791542881681&qH=a5594894156db043&ov_redirect=true,2026-10-09
665,"Nothing Phone (4a) Pro (Silver, 256 GB)",Nothing,57999,72999,20% off,4.5,"3,100",403,8 GB RAM,256 GB ROM,5400 mAh Lithium ion Battery,Snapdragon 7 Gen 4 Processor,17.35 cm (6.83 inch) Full HD+ AMOLED Display,50MP + 50MP + 8MP | 32MP Front Camera,,https://www.flipkart.com/nothing-phone-4a-pro-silver-256-gb/p/itmc51ebf4db432e?pid=MOBHZAWYKXE9XG7T&lid=LSTMOBHZAWYKXE9XG7TBQGYZZ&marketplace=FLIPKART&q=smart+phones&store=tyy%2F4io&srno=s_28_665&otracker=search&fm=organic&iid=f6772499-25bc-4c60-a129-8746a97e1d2b.MOBHZAWYKXE9XG7T.SEARCH&ppt=None&ppn=None&ssid=k1ndbqas000000001791542881681&qH=a5594894156db043&ov_redirect=true,2026-10-09
666,"Infinix HOT 60i 5G (Plum Red, 128 GB)",Infinix,15999,24999,36% off,4.3,"1,605",148,4 GB RAM,128 GB ROM,6000 mAh Battery,Dimensity 6400 Processor,17.14 cm (6.75 inch) HD+ Display,50MP Rear Camera | 5MP Front Camera,,https://www.flipkart.com/infinix-hot-60i-5g-plum-red-128-gb/p/itm1cb6bf875f6e0?pid=MOBHERZEBTBE6KDK&lid=LSTMOBHERZEBTBE6KDKNJ5RAI&marketplace=FLIPKART&q=smart+phones&store=tyy%2F4io&srno=s_28_666&otracker=search&fm=organic&iid=f6772499-25bc-4c60-a129-8746a97e1d2b.MOBHERZEBTBE6KDK.SEARCH&ppt=None&ppn=None&ssid=k1ndbqas000000001791542881681&qH=a5594894156db043&ov_redirect=true,2026-10-09
667,"BOLTT EVO (Arctic White, 128 GB)",BOLTT,10499,18999,44% off,4,"2,616","1,184",6 GB RAM,128 GB ROM,6000 mAh Lithium ion Battery,T7250 Processor,6.79'' HD+ punch hole display,50MP + 2MP | 8MP Front Camera,,https://www.flipkart.com/boltt-evo-arctic-white-128-gb/p/itmf046d663a1fd7?pid=MOBHPP59GKGTGZGA&lid=LSTMOBHPP59GKGTGZGAIEMNWG&marketplace=FLIPKART&q=smart+phones&store=tyy%2F4io&srno=s_28_667&otracker=search&fm=organic&iid=en_pKzqx1V8x5cfMhjMmnScAJmIzHdMC61Ui1r7DRm-vsQ-KWVnm-HMQjhRdNNCQ9Q_2d7HEcpMQaj_c2xS4y4sBI6iFcCMcne0NcY1l-GNU4za_JDx779RPFQM_-uNO50j&ppt=None&ppn=None&ssid=k1ndbqas000000001791542881681&qH=a5594894156db043&ov_redirect=true,2026-10-09
668,"Mivi One 5G (Burgundy, 128 GB)",Mivi,14999,25999,42% off,,,,8 GB RAM,128 GB ROM,6000 mAh Lithium Polymer Battery,Snapdragon 4 Gen 2 Processor,17.14 cm (6.75 inch) HD+ Display,50MP Rear Camera | 8MP Front Camera,,https://www.flipkart.com/mivi-one-5g-burgundy-128-gb/p/itm3fb0c94957b9f?pid=MOBHR3ZP74GDCQQC&lid=LSTMOBHR3ZP74GDCQQC3F0WAL&marketplace=FLIPKART&q=smart+phones&store=tyy%2F4io&srno=s_28_668&otracker=search&fm=organic&iid=en_pKzqx1V8x5cfMhjMmnScAJmIzHdMC61Ui1r7DRm-vsRqyaVviYHeBASYPjpWtipwlhTq3TNR9LJbyvkcUs0E5h5lnB_B3YgA2Ah0gCCIDM6n-1nFaHz_IiHXwRrgzB9E&ppt=None&ppn=None&ssid=k1ndbqas000000001791542881681&qH=a5594894156db043&ov_redirect=true,2026-10-09
669,"Samsung M47 5G (Blaze Blue, 128 GB)",Samsung,27789,46999,40% off,4.1,134,20,6 GB RAM,128 GB ROM,6000 mAh Battery,,16.94 cm (6.67 inch) Display,50MP Rear Camera,,https://www.flipkart.com/samsung-m47-5g-blaze-blue-128-gb/p/itmed5389226b408?pid=MOBHZWBVT3NUCCPP&lid=LSTMOBHZWBVT3NUCCPPXVB6L7&marketplace=FLIPKART&q=smart+phones&store=tyy%2F4io&srno=s_28_669&otracker=search&fm=organic&iid=f6772499-25bc-4c60-a129-8746a97e1d2b.MOBHZWBVT3NUCCPP.SEARCH&ppt=None&ppn=None&ssid=k1ndbqas000000001791542881681&qH=a5594894156db043&ov_redirect=true,2026-10-09
670,"OnePlus N6X (Burgundy Red, 64 GB)",OnePlus,19678,26999,27% off,4,173,14,4 GB RAM,64 GB ROM,7000 mAh Battery,MediaTek Dimensity 6360 Apex Processor,17.27 cm (6.8 inch) HD+ Display,13MP Rear Camera,,https://www.flipkart.com/oneplus-n6x-burgundy-red-64-gb/p/itm4be54d70a3bed?pid=MOBHPTHQSDCZZVNH&lid=LSTMOBHPTHQSDCZZVNHK4I6AG&marketplace=FLIPKART&q=smart+phones&store=tyy%2F4io&srno=s_28_670&otracker=search&fm=organic&iid=f6772499-25bc-4c60-a129-8746a97e1d2b.MOBHPTHQSDCZZVNH.SEARCH&ppt=None&ppn=None&ssid=k1ndbqas000000001791542881681&qH=a5594894156db043&ov_redirect=true,2026-10-09
671,"BOLTT EVO (Sky Blue, 64 GB)",BOLTT,8999,17999,50% off,4.3,"2,048",987,4 GB RAM,64 GB ROM,6000 mAh Lithium ion Battery,T7250 Processor,6.79'' HD+ punch hole display,50MP + 2MP | 8MP Front Camera,,https://www.flipkart.com/boltt-evo-sky-blue-64-gb/p/itmf046d663a1fd7?pid=MOBHPP59WKSV4FYG&lid=LSTMOBHPP59WKSV4FYGYPMLV6&marketplace=FLIPKART&q=smart+phones&store=tyy%2F4io&srno=s_28_671&otracker=search&fm=organic&iid=en_pKzqx1V8x5cfMhjMmnScAJmIzHdMC61Ui1r7DRm-vsQ8nuU3ZF52Wrp3ymUmENHZiWdFa328hJ5Tl7uRbip-ZFs0LAPqMrP3q_6IRdvsZf_a_JDx779RPFQM_-uNO50j&ppt=None&ppn=None&ssid=k1ndbqas000000001791542881681&qH=a5594894156db043&ov_redirect=true,2026-10-09
672,"BOLTT ACE 5G (Arctic White, 128 GB)",BOLTT,13499,26999,50% off,4.8,69,59,6 GB RAM,128 GB ROM,6000 mAh Lithium ion Battery,T8200 Processor,17.25 cm (6.79 inch) HD+ Display,64MP Rear Camera | 8MP Front Camera,,https://www.flipkart.com/boltt-ace-5g-arctic-white-128-gb/p/itm2eb0f483effdd?pid=MOBHPP599JHZUZBV&lid=LSTMOBHPP599JHZUZBVN1I3RX&marketplace=FLIPKART&q=smart+phones&store=tyy%2F4io&srno=s_28_672&otracker=search&fm=organic&iid=en_pKzqx1V8x5cfMhjMmnScAJmIzHdMC61Ui1r7DRm-vsSuIeLPzdiJJOOxUCBOqS2lqWMRb7XZ9LlJlXwsX-MeSpRRJF9TV-hbUYxhg9GdHDYg3sB_J7zNboiNZ2tyx7dN&ppt=None&ppn=None&ssid=k1ndbqas000000001791542881681&qH=a5594894156db043&ov_redirect=true,2026-10-09
673,"BOLTT ACE 5G (Burgundy Bliss, 128 GB)",BOLTT,13499,26999,50% off,4.8,69,59,6 GB RAM,128 GB ROM,6000 mAh Lithium ion Battery,T8200 Processor,17.25 cm (6.79 inch) HD+ Display,64MP Rear Camera | 8MP Front Camera,,https://www.flipkart.com/boltt-ace-5g-burgundy-bliss-128-gb/p/itm2eb0f483effdd?pid=MOBHPP59GGQTCHPP&lid=LSTMOBHPP59GGQTCHPP2KDWWT&marketplace=FLIPKART&q=smart+phones&store=tyy%2F4io&srno=s_29_673&otracker=search&fm=organic&iid=c39b8e72-d465-490f-afd1-b8edb3664d6e.MOBHPP59GGQTCHPP.SEARCH&ppt=None&ppn=None&ssid=4489vwh0fk0000001791542884496&qH=a5594894156db043&ov_redirect=true,2026-10-09
674,"POCO M8x 5G (Blue, 128 GB)",POCO,18999,44999,57% off,3.9,354,132,4 GB RAM,128 GB ROM,7900 mAh Lithium-Ion Polymer Battery,4 Gen 5 Processor,17.53 cm (6.9 inch) Full HD Display,50MP Rear Camera,,https://www.flipkart.com/poco-m8x-5g-blue-128-gb/p/itm0e93ee1b1a898?pid=MOBHPCYNT7VGVKZS&lid=LSTMOBHPCYNT7VGVKZSIT3GWT&marketplace=FLIPKART&q=smart+phones&store=tyy%2F4io&srno=s_29_674&otracker=search&fm=organic&iid=c39b8e72-d465-490f-afd1-b8edb3664d6e.MOBHPCYNT7VGVKZS.SEARCH&ppt=None&ppn=None&ssid=4489vwh0fk0000001791542884496&qH=a5594894156db043&ov_redirect=true,2026-10-09
675,"REDMI Note 15 Pro+ 5G Special Edition Mirage Blue 16GB RAM 512GB ROM (Mirage Blue, 512 GB)",REDMI,49999,59999,16% off,,,,16 GB RAM,512 GB ROM,6500 mAh Lithium-Ion Battery,7s Gen 4 Processor,17.35 cm (6.83 inch) Full HD+ AMOLED Display,200MP Rear Camera,,https://www.flipkart.com/redmi-note-15-pro-5g-special-mirage-blue-16gb-ram-512gb-rom-mirage-blue-512-gb/p/itmedab5f2fe1d51?pid=MOBHPHU77SGPHGMG&lid=LSTMOBHPHU77SGPHGMGJLJCXO&marketplace=FLIPKART&q=smart+phones&store=tyy%2F4io&srno=s_29_675&otracker=search&fm=organic&iid=c39b8e72-d465-490f-afd1-b8edb3664d6e.MOBHPHU77SGPHGMG.SEARCH&ppt=None&ppn=None&ssid=4489vwh0fk0000001791542884496&qH=a5594894156db043&ov_redirect=true,2026-10-09
676,"Samsung Galaxy A07 LTE (Green, 64 GB)",Samsung,12885,17999,28% off,4.2,"1,658",116,4 GB RAM,64 GB ROM,5000 mAh Battery,Helio G99 Processor,17.02 cm (6.7 inch) HD+ Display,,,https://www.flipkart.com/samsung-galaxy-a07-lte-green-64-gb/p/itmf5c04712debfa?pid=MOBHG82Z2HGBWNCP&lid=LSTMOBHG82Z2HGBWNCPBWAFOC&marketplace=FLIPKART&q=smart+phones&store=tyy%2F4io&srno=s_29_676&otracker=search&fm=organic&iid=c39b8e72-d465-490f-afd1-b8edb3664d6e.MOBHG82Z2HGBWNCP.SEARCH&ppt=None&ppn=None&ssid=4489vwh0fk0000001791542884496&qH=a5594894156db043&ov_redirect=true,2026-10-09
677,"BOLTT EVO (Midnight Black, 64 GB)",BOLTT,8999,17999,50% off,4.3,"2,048",987,4 GB RAM,64 GB ROM,6000 mAh Lithium ion Battery,T7250 Processor,6.79'' HD+ punch hole display,50MP + 2MP | 8MP Front Camera,,https://www.flipkart.com/boltt-evo-midnight-black-64-gb/p/itmf046d663a1fd7?pid=MOBHPP597GB8ZHTY&lid=LSTMOBHPP597GB8ZHTYGYX70A&marketplace=FLIPKART&q=smart+phones&store=tyy%2F4io&srno=s_29_677&otracker=search&fm=organic&iid=en_TKx6GDYKgZ8hqtgvTA_gZ0Qk4NezdMV_xY36bmyFBRCq8LwHKXFtfK9IQ6GlCBp8mufLsD40cfOytTrT-2ACNol0zbRIx7nkRM2sm5Z_wdMCBMf5wghrJ6mzJUEFThu_&ppt=None&ppn=None&ssid=4489vwh0fk0000001791542884496&qH=a5594894156db043&ov_redirect=true,2026-10-09
678,"Mivi One 5G (Green, 128 GB)",Mivi,13999,23999,41% off,,,,6 GB RAM,128 GB ROM,6000 mAh Lithium Polymer Battery,Snapdragon 4 Gen 2 Processor,17.14 cm (6.75 inch) HD+ Display,50MP Rear Camera | 8MP Front Camera,,https://www.flipkart.com/mivi-one-5g-green-128-gb/p/itm7ea6be1c1d0bf?pid=MOBHR3ZPFRUFFEBF&lid=LSTMOBHR3ZPFRUFFEBFXXFJBJ&marketplace=FLIPKART&q=smart+phones&store=tyy%2F4io&srno=s_29_678&otracker=search&fm=organic&iid=en_TKx6GDYKgZ8hqtgvTA_gZ0Qk4NezdMV_xY36bmyFBRB8_2JTHEWU9BTXvTif8x6czBcC0adnJVDAF994s5Z8VY9HwORmVN_5IcANi6THsWoWHPir5umq8VsHsM0728f9&ppt=None&ppn=None&ssid=4489vwh0fk0000001791542884496&qH=a5594894156db043&ov_redirect=true,2026-10-09
679,"POCO X8 Power 5G (Black, 256 GB)",POCO,33999,84999,60% off,4.3,314,74,8 GB RAM,256 GB ROM,10000 mAh Lithium-Ion Polymer Battery,6 Gen 5 Processor,17.35 cm (6.83 inch) Full HD+ AMOLED Display,50MP + 8MP | 32MP Front Camera,,https://www.flipkart.com/poco-x8-power-5g-black-256-gb/p/itm3438e419f61cc?pid=MOBHQ6XZZQTFHDSX&lid=LSTMOBHQ6XZZQTFHDSXUIITQK&marketplace=FLIPKART&q=smart+phones&store=tyy%2F4io&srno=s_29_679&otracker=search&fm=organic&iid=c39b8e72-d465-490f-afd1-b8edb3664d6e.MOBHQ6XZZQTFHDSX.SEARCH&ppt=None&ppn=None&ssid=4489vwh0fk0000001791542884496&qH=a5594894156db043&ov_redirect=true,2026-10-09
680,"Samsung Galaxy A07 5G (Light Violet, 128 GB)",Samsung,20999,21499,2% off,4.3,95,7,6 GB RAM,128 GB ROM,6000 mAh Li-ion Battery,Dimensity 6300 Processor,43.51 cm (17.13 inch) HD+ Display,50MP + 2MP | 8MP Front Camera,,https://www.flipkart.com/samsung-galaxy-a07-5g-light-violet-128-gb/p/itm375542879d8d6?pid=MOBHJXB2ZGF23HHU&lid=LSTMOBHJXB2ZGF23HHUOMKTXA&marketplace=FLIPKART&q=smart+phones&store=tyy%2F4io&srno=s_29_680&otracker=search&fm=organic&iid=c39b8e72-d465-490f-afd1-b8edb3664d6e.MOBHJXB2ZGF23HHU.SEARCH&ppt=None&ppn=None&ssid=4489vwh0fk0000001791542884496&qH=a5594894156db043&ov_redirect=true,2026-10-09
681,"BOLTT ACE 5G (Lavender Bloom, 64 GB)",BOLTT,11999,24999,52% off,4.2,477,226,4 GB RAM,64 GB ROM,6000 mAh Lithium ion Battery,T8200 Processor,17.25 cm (6.79 inch) HD+ Display,64MP Rear Camera | 8MP Front Camera,,https://www.flipkart.com/boltt-ace-5g-lavender-bloom-64-gb/p/itm2eb0f483effdd?pid=MOBHPP59CGDHZVJY&lid=LSTMOBHPP59CGDHZVJYFJP39X&marketplace=FLIPKART&q=smart+phones&store=tyy%2F4io&srno=s_29_681&otracker=search&fm=organic&iid=en_TKx6GDYKgZ8hqtgvTA_gZ0Qk4NezdMV_xY36bmyFBRCR8wJJRyqqu_JlST7_3WAv6EjlcJGcWKVIdsXhsZKqldil8PSYMCIeoorv_0-dz5MWHPir5umq8VsHsM0728f9&ppt=None&ppn=None&ssid=4489vwh0fk0000001791542884496&qH=a5594894156db043&ov_redirect=true,2026-10-09
682,"BOLTT EVO (Arctic White, 64 GB)",BOLTT,8999,17999,50% off,4.3,"2,048",987,4 GB RAM,64 GB ROM,6000 mAh Lithium ion Battery,T7250 Processor,6.79'' HD+ punch hole display,50MP + 2MP | 8MP Front Camera,,https://www.flipkart.com/boltt-evo-arctic-white-64-gb/p/itmf046d663a1fd7?pid=MOBHPP59BYSJ98M8&lid=LSTMOBHPP59BYSJ98M8RWYHGQ&marketplace=FLIPKART&q=smart+phones&store=tyy%2F4io&srno=s_29_682&otracker=search&fm=organic&iid=en_TKx6GDYKgZ8hqtgvTA_gZ0Qk4NezdMV_xY36bmyFBRAuuKqCTBTtz0j9wZM7mZtbMw_YrC6cGEjKq2WZ8-8z4kJqULiYX7S4erGGIr8dEegCBMf5wghrJ6mzJUEFThu_&ppt=None&ppn=None&ssid=4489vwh0fk0000001791542884496&qH=a5594894156db043&ov_redirect=true,2026-10-09
683,"Samsung Galaxy A07 5G (Black, 128 GB)",Samsung,21447,26999,20% off,4.3,95,7,6 GB RAM,128 GB ROM,6000 mAh Li-ion Battery,Dimensity 6300 Processor,43.51 cm (17.13 inch) HD+ Display,50MP + 2MP | 8MP Front Camera,,https://www.flipkart.com/samsung-galaxy-a07-5g-black-128-gb/p/itm375542879d8d6?pid=MOBHJXB2VAA6ZNTZ&lid=LSTMOBHJXB2VAA6ZNTZF3RZFU&marketplace=FLIPKART&q=smart+phones&store=tyy%2F4io&srno=s_29_683&otracker=search&fm=organic&iid=c39b8e72-d465-490f-afd1-b8edb3664d6e.MOBHJXB2VAA6ZNTZ.SEARCH&ppt=None&ppn=None&ssid=4489vwh0fk0000001791542884496&qH=a5594894156db043&ov_redirect=true,2026-10-09
684,"realme Narzo 90x 5G (Maroon Red, 128 GB)",realme,19390,29999,35% off,4,657,54,4 GB RAM,128 GB ROM,7000 mAh Battery,Dimensity 6300 Processor,17.27 cm (6.8 inch) HD+ Display,50MP Rear Camera | 8MP Front Camera,,https://www.flipkart.com/realme-narzo-90x-5g-maroon-red-128-gb/p/itma63c5c5ce781a?pid=MOBHH3RBPHU6YADK&lid=LSTMOBHH3RBPHU6YADKWE6GBT&marketplace=FLIPKART&q=smart+phones&store=tyy%2F4io&srno=s_29_684&otracker=search&fm=organic&iid=c39b8e72-d465-490f-afd1-b8edb3664d6e.MOBHH3RBPHU6YADK.SEARCH&ppt=None&ppn=None&ssid=4489vwh0fk0000001791542884496&qH=a5594894156db043&ov_redirect=true,2026-10-09
685,"Ai+ Nova 2 Pro 5G (Black, 128 GB)",Ai+,17999,21999,18% off,4,"2,478",296,6 GB RAM,128 GB ROM,6000 mAh Li-polymer Battery,Dimensity 7100 Processor,17.53 cm (6.9 inch) Full HD+ Display,48MP Rear Camera | 13MP Front Camera,,https://www.flipkart.com/ai-nova-2-pro-5g-black-128-gb/p/itmacb10a3dd51c6?pid=MOBHZ8ZM8BUGCJDQ&lid=LSTMOBHZ8ZM8BUGCJDQGHBPRS&marketplace=FLIPKART&q=smart+phones&store=tyy%2F4io&srno=s_29_685&otracker=search&fm=organic&iid=c39b8e72-d465-490f-afd1-b8edb3664d6e.MOBHZ8ZM8BUGCJDQ.SEARCH&ppt=None&ppn=None&ssid=4489vwh0fk0000001791542884496&qH=a5594894156db043&ov_redirect=true,2026-10-09
686,"REDMI 15C 5G (Dusk Purple, 128 GB)",REDMI,17644,22999,23% off,3.7,902,102,4 GB RAM,128 GB ROM,6000 mAh Battery,,17.53 cm (6.9 inch) Display,50MP Rear Camera,,https://www.flipkart.com/redmi-15c-5g-dusk-purple-128-gb/p/itmc1345bb45eef3?pid=MOBHGGZ2SC2RPWAZ&lid=LSTMOBHGGZ2SC2RPWAZJ5ON4T&marketplace=FLIPKART&q=smart+phones&store=tyy%2F4io&srno=s_29_686&otracker=search&fm=organic&iid=c39b8e72-d465-490f-afd1-b8edb3664d6e.MOBHGGZ2SC2RPWAZ.SEARCH&ppt=None&ppn=None&ssid=4489vwh0fk0000001791542884496&qH=a5594894156db043&ov_redirect=true,2026-10-09
687,"Nothing Phone (4b) (White, 128 GB)",Nothing,29999,49999,40% off,,,,6 GB RAM,128 GB ROM,6000 mAh Lithium ion Battery,6 Gen 4 Processor,17.2 cm (6.77 inch) Full HD+ AMOLED Display,50MP + 8MP | 16MP Front Camera,,https://www.flipkart.com/nothing-phone-4b-white-128-gb/p/itm939608b40adbb?pid=MOBHQENATV85KYCZ&lid=LSTMOBHQENATV85KYCZ0HUCMA&marketplace=FLIPKART&q=smart+phones&store=tyy%2F4io&srno=s_29_687&otracker=search&fm=organic&iid=en_TKx6GDYKgZ8hqtgvTA_gZ0Qk4NezdMV_xY36bmyFBRAsoKjdmOtgmnxUprnf_4SqJRWmJqRScuDEhLBoCJQ_-zmhNhj8Rec88cH_U33TMLUCBMf5wghrJ6mzJUEFThu_&ppt=None&ppn=None&ssid=4489vwh0fk0000001791542884496&qH=a5594894156db043&ov_redirect=true,2026-10-09
688,"BOLTT ACE 5G (Midnight Black, 128 GB)",BOLTT,13499,26999,50% off,4.8,69,59,6 GB RAM,128 GB ROM,6000 mAh Lithium ion Battery,T8200 Processor,17.25 cm (6.79 inch) HD+ Display,64MP Rear Camera | 8MP Front Camera,,https://www.flipkart.com/boltt-ace-5g-midnight-black-128-gb/p/itmc7395bddbb3a4?pid=MOBHPP59KHGRQGZK&lid=LSTMOBHPP59KHGRQGZKG8NGAJ&marketplace=FLIPKART&q=smart+phones&store=tyy%2F4io&srno=s_29_688&otracker=search&fm=organic&iid=en_TKx6GDYKgZ8hqtgvTA_gZ0Qk4NezdMV_xY36bmyFBRBqwjiGMKEI5s82MBXZwySbceO83KH40hAfyKb6-RK5emI2n1F29CDxktZayioP0zoWHPir5umq8VsHsM0728f9&ppt=None&ppn=None&ssid=4489vwh0fk0000001791542884496&qH=a5594894156db043&ov_redirect=true,2026-10-09
689,"Apple iPhone 17 (Sage, 512 GB)",Apple,109999,124900,11% off,4.6,"28,706","2,057",,,,"A19 Chip, 6 Core Processor Processor",16.0 cm (6.3 inch) Super Retina XDR Display,48MP + 48MP | 18MP Front Camera,,https://www.flipkart.com/apple-iphone-17-sage-512-gb/p/itmf72cc8eb900bb?pid=MOBHQV9YZAS89GFU&lid=LSTMOBHQV9YZAS89GFUMGWLWB&marketplace=FLIPKART&q=smart+phones&store=tyy%2F4io&srno=s_29_689&otracker=search&fm=organic&iid=c39b8e72-d465-490f-afd1-b8edb3664d6e.MOBHQV9YZAS89GFU.SEARCH&ppt=None&ppn=None&ssid=4489vwh0fk0000001791542884496&qH=a5594894156db043&ov_redirect=true,2026-10-09
690,"Apple iPhone 17 Pro Max (Deep Blue, 256 GB)",Apple,149900,,,4.7,"2,485",233,,,,"A19 Chip, 6 Core Processor Processor",17.53 cm (6.9 inch) Super Retina XDR Display,48MP + 48MP + 48MP | 18MP Front Camera,,https://www.flipkart.com/apple-iphone-17-pro-max-deep-blue-256-gb/p/itmf29b1195d8621?pid=MOBHFN6YCFTMD5HZ&lid=LSTMOBHFN6YCFTMD5HZOCC3TH&marketplace=FLIPKART&q=smart+phones&store=tyy%2F4io&srno=s_29_690&otracker=search&fm=organic&iid=c39b8e72-d465-490f-afd1-b8edb3664d6e.MOBHFN6YCFTMD5HZ.SEARCH&ppt=None&ppn=None&ssid=4489vwh0fk0000001791542884496&qH=a5594894156db043&ov_redirect=true,2026-10-09
691,"BOLTT EVO (Arctic White, 128 GB)",BOLTT,10499,18999,44% off,4,"2,616","1,184",6 GB RAM,128 GB ROM,6000 mAh Lithium ion Battery,T7250 Processor,6.79'' HD+ punch hole display,50MP + 2MP | 8MP Front Camera,,https://www.flipkart.com/boltt-evo-arctic-white-128-gb/p/itmf046d663a1fd7?pid=MOBHPP59GKGTGZGA&lid=LSTMOBHPP59GKGTGZGAIEMNWG&marketplace=FLIPKART&q=smart+phones&store=tyy%2F4io&srno=s_29_691&otracker=search&fm=organic&iid=en_TKx6GDYKgZ8hqtgvTA_gZ0Qk4NezdMV_xY36bmyFBRAg-8vvizTqDxD40tzaAVWD2d7HEcpMQaj_c2xS4y4sBI6iFcCMcne0NcY1l-GNU4wCBMf5wghrJ6mzJUEFThu_&ppt=None&ppn=None&ssid=4489vwh0fk0000001791542884496&qH=a5594894156db043&ov_redirect=true,2026-10-09
692,"Mivi One 5G (Burgundy, 128 GB)",Mivi,14999,25999,42% off,,,,8 GB RAM,128 GB ROM,6000 mAh Lithium Polymer Battery,Snapdragon 4 Gen 2 Processor,17.14 cm (6.75 inch) HD+ Display,50MP Rear Camera | 8MP Front Camera,,https://www.flipkart.com/mivi-one-5g-burgundy-128-gb/p/itm3fb0c94957b9f?pid=MOBHR3ZP74GDCQQC&lid=LSTMOBHR3ZP74GDCQQC3F0WAL&marketplace=FLIPKART&q=smart+phones&store=tyy%2F4io&srno=s_29_692&otracker=search&fm=organic&iid=en_TKx6GDYKgZ8hqtgvTA_gZ0Qk4NezdMV_xY36bmyFBRAsMT01jLsiBjdVhfFhRNhhlhTq3TNR9LJbyvkcUs0E5h5lnB_B3YgA2Ah0gCCIDM4WHPir5umq8VsHsM0728f9&ppt=None&ppn=None&ssid=4489vwh0fk0000001791542884496&qH=a5594894156db043&ov_redirect=true,2026-10-09
693,"Ai+ Nova 2 Ultra 5G (Purple, 128 GB)",Ai+,21999,26999,18% off,4.1,"2,330",325,8 GB RAM,128 GB ROM,6000 mAh Li-polymer Battery,Dimensity 7400 Processor,17.22 cm (6.78 inch) Full HD+ AMOLED Display,50MP + 8MP | 13MP Front Camera,,https://www.flipkart.com/ai-nova-2-ultra-5g-purple-128-gb/p/itmedb3f9cf73654?pid=MOBHHUFDYDCGTVEF&lid=LSTMOBHHUFDYDCGTVEF6XKD4O&marketplace=FLIPKART&q=smart+phones&store=tyy%2F4io&srno=s_29_693&otracker=search&fm=organic&iid=c39b8e72-d465-490f-afd1-b8edb3664d6e.MOBHHUFDYDCGTVEF.SEARCH&ppt=None&ppn=None&ssid=4489vwh0fk0000001791542884496&qH=a5594894156db043&ov_redirect=true,2026-10-09
694,"realme Narzo 90x 5G (Aqua Blue, 128 GB)",realme,21180,33999,37% off,4.3,"3,792",311,6 GB RAM,128 GB ROM,7000 mAh Battery,,17.27 cm (6.8 inch) Display,50MP Rear Camera,,https://www.flipkart.com/realme-narzo-90x-5g-aqua-blue-128-gb/p/itma63c5c5ce781a?pid=MOBHM5DFWEMV5HUH&lid=LSTMOBHM5DFWEMV5HUHOA2MBO&marketplace=FLIPKART&q=smart+phones&store=tyy%2F4io&srno=s_29_694&otracker=search&fm=organic&iid=c39b8e72-d465-490f-afd1-b8edb3664d6e.MOBHM5DFWEMV5HUH.SEARCH&ppt=None&ppn=None&ssid=4489vwh0fk0000001791542884496&qH=a5594894156db043&ov_redirect=true,2026-10-09
695,"realme Narzo 90x 5G (Flash Blue, 128 GB)",realme,22299,33999,34% off,4.3,"3,792",311,6 GB RAM,128 GB ROM,7000 mAh Battery,,17.27 cm (6.8 inch) Display,50MP Rear Camera,,https://www.flipkart.com/realme-narzo-90x-5g-flash-blue-128-gb/p/itma63c5c5ce781a?pid=MOBHGUHGVRGNFFVZ&lid=LSTMOBHGUHGVRGNFFVZVR9GZR&marketplace=FLIPKART&q=smart+phones&store=tyy%2F4io&srno=s_29_695&otracker=search&fm=organic&iid=c39b8e72-d465-490f-afd1-b8edb3664d6e.MOBHGUHGVRGNFFVZ.SEARCH&ppt=None&ppn=None&ssid=4489vwh0fk0000001791542884496&qH=a5594894156db043&ov_redirect=true,2026-10-09
696,"Nothing Phone (4a) (Black, 256 GB)",Nothing,50999,65999,22% off,4.5,"1,576",155,12 GB RAM,256 GB ROM,5400 mAh Lithium ion Battery,Snapdragon 7s Gen 4 Processor,17.22 cm (6.78 inch) Full HD+ AMOLED Display,50MP + 50MP + 8MP | 32MP Front Camera,,https://www.flipkart.com/nothing-phone-4a-black-256-gb/p/itm4d8bff10483ce?pid=MOBHZAWYZG6ZRHSA&lid=LSTMOBHZAWYZG6ZRHSAG3OFOX&marketplace=FLIPKART&q=smart+phones&store=tyy%2F4io&srno=s_29_696&otracker=search&fm=organic&iid=c39b8e72-d465-490f-afd1-b8edb3664d6e.MOBHZAWYZG6ZRHSA.SEARCH&ppt=None&ppn=None&ssid=4489vwh0fk0000001791542884496&qH=a5594894156db043&ov_redirect=true,2026-10-09
697,"BOLTT EVO (Midnight Black, 64 GB)",BOLTT,8999,17999,50% off,4.3,"2,048",987,4 GB RAM,64 GB ROM,6000 mAh Lithium ion Battery,T7250 Processor,6.79'' HD+ punch hole display,50MP + 2MP | 8MP Front Camera,,https://www.flipkart.com/boltt-evo-midnight-black-64-gb/p/itmf046d663a1fd7?pid=MOBHPP597GB8ZHTY&lid=LSTMOBHPP597GB8ZHTYGYX70A&marketplace=FLIPKART&q=smart+phones&store=tyy%2F4io&srno=s_30_697&otracker=search&fm=organic&iid=en_cbpbxNZ7dQFWagkTeAgjMMeg6Tf_C2B7bvJOBQUma2WapemKkjOV2BGrIiydu2PwmufLsD40cfOytTrT-2ACNol0zbRIx7nkRM2sm5Z_wdPpabn_GdLYwb0gSuMFlFuZ&ppt=None&ppn=None&ssid=1ylqirpr9s0000001791542887319&qH=a5594894156db043&ov_redirect=true,2026-10-09
698,"Mivi One 5G (Green, 128 GB)",Mivi,13999,23999,41% off,,,,6 GB RAM,128 GB ROM,6000 mAh Lithium Polymer Battery,Snapdragon 4 Gen 2 Processor,17.14 cm (6.75 inch) HD+ Display,50MP Rear Camera | 8MP Front Camera,,https://www.flipkart.com/mivi-one-5g-green-128-gb/p/itm7ea6be1c1d0bf?pid=MOBHR3ZPFRUFFEBF&lid=LSTMOBHR3ZPFRUFFEBFXXFJBJ&marketplace=FLIPKART&q=smart+phones&store=tyy%2F4io&srno=s_30_698&otracker=search&fm=organic&iid=en_cbpbxNZ7dQFWagkTeAgjMMeg6Tf_C2B7bvJOBQUma2X_kE7H0JwRAkdEPTZqSHQNzBcC0adnJVDAF994s5Z8VY9HwORmVN_5IcANi6THsWqD3nBu2XQCuHCtFVvQffF-&ppt=None&ppn=None&ssid=1ylqirpr9s0000001791542887319&qH=a5594894156db043&ov_redirect=true,2026-10-09
699,"Samsung Galaxy S26 Ultra 5G (Black, 512 GB)",Samsung,159999,,,4.6,"1,389",356,12 GB RAM,512 GB ROM,5000 mAh Li-ion Battery,Snapdragon 8 Elite Gen 5 Processor,17.53 cm (6.9 inch) Quad HD+ Display,200MP + 50MP | 12MP Front Camera,,https://www.flipkart.com/samsung-galaxy-s26-ultra-5g-black-512-gb/p/itmf4799d3841c43?pid=MOBHKGAPBMXRGGXZ&lid=LSTMOBHKGAPBMXRGGXZOTMRQY&marketplace=FLIPKART&q=smart+phones&store=tyy%2F4io&srno=s_30_699&otracker=search&fm=organic&iid=be61ebc3-c6b9-4dec-9f5c-de941b4f0f97.MOBHKGAPBMXRGGXZ.SEARCH&ppt=None&ppn=None&ssid=1ylqirpr9s0000001791542887319&qH=a5594894156db043&ov_redirect=true,2026-10-09
700,"Samsung Galaxy F70e 5G (Limelight Green, 128 GB)",Samsung,19999,24999,20% off,4.2,"8,773",920,6 GB RAM,128 GB ROM,6000 mAh Li-ion Battery,Dimensity 6300 Processor,17.12 cm (6.74 inch) HD+ Display,50MP + 2MP | 8MP Front Camera,,https://www.flipkart.com/samsung-galaxy-f70e-5g-limelight-green-128-gb/p/itm070ef3cd3be1e?pid=MOBHQGZQMWVVRD7K&lid=LSTMOBHQGZQMWVVRD7K3AN22V&marketplace=FLIPKART&q=smart+phones&store=tyy%2F4io&srno=s_30_700&otracker=search&fm=organic&iid=be61ebc3-c6b9-4dec-9f5c-de941b4f0f97.MOBHQGZQMWVVRD7K.SEARCH&ppt=None&ppn=None&ssid=1ylqirpr9s0000001791542887319&qH=a5594894156db043&ov_redirect=true,2026-10-09
701,"BOLTT ACE 5G (Lavender Bloom, 64 GB)",BOLTT,11999,24999,52% off,4.2,477,226,4 GB RAM,64 GB ROM,6000 mAh Lithium ion Battery,T8200 Processor,17.25 cm (6.79 inch) HD+ Display,64MP Rear Camera | 8MP Front Camera,,https://www.flipkart.com/boltt-ace-5g-lavender-bloom-64-gb/p/itm2eb0f483effdd?pid=MOBHPP59CGDHZVJY&lid=LSTMOBHPP59CGDHZVJYFJP39X&marketplace=FLIPKART&q=smart+phones&store=tyy%2F4io&srno=s_30_701&otracker=search&fm=organic&iid=en_cbpbxNZ7dQFWagkTeAgjMMeg6Tf_C2B7bvJOBQUma2UMbic_B4LES3xwhrmu7yLj6EjlcJGcWKVIdsXhsZKqldil8PSYMCIeoorv_0-dz5OD3nBu2XQCuHCtFVvQffF-&ppt=None&ppn=None&ssid=1ylqirpr9s0000001791542887319&qH=a5594894156db043&ov_redirect=true,2026-10-09
702,"BOLTT EVO (Arctic White, 64 GB)",BOLTT,8999,17999,50% off,4.3,"2,048",987,4 GB RAM,64 GB ROM,6000 mAh Lithium ion Battery,T7250 Processor,6.79'' HD+ punch hole display,50MP + 2MP | 8MP Front Camera,,https://www.flipkart.com/boltt-evo-arctic-white-64-gb/p/itmf046d663a1fd7?pid=MOBHPP59BYSJ98M8&lid=LSTMOBHPP59BYSJ98M8RWYHGQ&marketplace=FLIPKART&q=smart+phones&store=tyy%2F4io&srno=s_30_702&otracker=search&fm=organic&iid=en_cbpbxNZ7dQFWagkTeAgjMMeg6Tf_C2B7bvJOBQUma2WN-yju7saBaXKlLpgoU9hCMw_YrC6cGEjKq2WZ8-8z4kJqULiYX7S4erGGIr8dEejpabn_GdLYwb0gSuMFlFuZ&ppt=None&ppn=None&ssid=1ylqirpr9s0000001791542887319&qH=a5594894156db043&ov_redirect=true,2026-10-09
703,"MOTOROLA Edge 70 Fusion Snapdragon (Pantone BLUE SURF, 128 GB)",MOTOROLA,30999,49999,38% off,4.4,"18,856","2,057",8 GB RAM,128 GB ROM,7000 mAh Battery,Snapdragon 7s Gen 4 Processor,17.27 cm (6.8 inch) Super HD Display,50MP + 13MP | 32MP Front Camera,,https://www.flipkart.com/motorola-edge-70-fusion-snapdragon-pantone-blue-surf-128-gb/p/itmde3fff77e262b?pid=MOBHN973UHXUTABD&lid=LSTMOBHN973UHXUTABDAOG1CH&marketplace=FLIPKART&q=smart+phones&store=tyy%2F4io&srno=s_30_703&otracker=search&fm=organic&iid=be61ebc3-c6b9-4dec-9f5c-de941b4f0f97.MOBHN973UHXUTABD.SEARCH&ppt=None&ppn=None&ssid=1ylqirpr9s0000001791542887319&qH=a5594894156db043&ov_redirect=true,2026-10-09
704,"Samsung Galaxy A06 5G (Light Green, 64 GB)",Samsung,15425,20999,26% off,4.1,"5,073",380,4 GB RAM,64 GB ROM,5000 mAh Li-ion Battery,Dimensity 6300 Processor,17.02 cm (6.7 inch) HD+ Display,50MP + 2MP | 8MP Front Camera,,https://www.flipkart.com/samsung-galaxy-a06-5g-light-green-64-gb/p/itm8ad99221e2f36?pid=MOBH9GQKNQBVH9U7&lid=LSTMOBH9GQKNQBVH9U77TCXJH&marketplace=FLIPKART&q=smart+phones&store=tyy%2F4io&srno=s_30_704&otracker=search&fm=organic&iid=be61ebc3-c6b9-4dec-9f5c-de941b4f0f97.MOBH9GQKNQBVH9U7.SEARCH&ppt=None&ppn=None&ssid=1ylqirpr9s0000001791542887319&qH=a5594894156db043&ov_redirect=true,2026-10-09
705,"Samsung Galaxy A07 5G (Light Green, 128 GB)",Samsung,19960,26999,26% off,4.3,95,7,6 GB RAM,128 GB ROM,6000 mAh Li-ion Battery,Dimensity 6300 Processor,43.51 cm (17.13 inch) HD+ Display,50MP + 2MP | 8MP Front Camera,,https://www.flipkart.com/samsung-galaxy-a07-5g-light-green-128-gb/p/itm375542879d8d6?pid=MOBHJXB2ZS4EAG64&lid=LSTMOBHJXB2ZS4EAG64QLZPQD&marketplace=FLIPKART&q=smart+phones&store=tyy%2F4io&srno=s_30_705&otracker=search&fm=organic&iid=be61ebc3-c6b9-4dec-9f5c-de941b4f0f97.MOBHJXB2ZS4EAG64.SEARCH&ppt=None&ppn=None&ssid=1ylqirpr9s0000001791542887319&qH=a5594894156db043&ov_redirect=true,2026-10-09
706,"MOTOROLA Edge 70 Fusion (Pantone BLUE SURF, 512 GB)",MOTOROLA,36999,64999,43% off,4.3,"7,047",783,12 GB RAM,512 GB ROM,7000 mAh Battery,Snapdragon 7s Gen 4 Processor,17.27 cm (6.8 inch) Super HD Display,50MP + 13MP | 32MP Front Camera,,https://www.flipkart.com/motorola-edge-70-fusion-pantone-blue-surf-512-gb/p/itm87b81fff91d44?pid=MOBHNSA6KGKFVSPF&lid=LSTMOBHNSA6KGKFVSPFPPKGGH&marketplace=FLIPKART&q=smart+phones&store=tyy%2F4io&srno=s_30_706&otracker=search&fm=organic&iid=be61ebc3-c6b9-4dec-9f5c-de941b4f0f97.MOBHNSA6KGKFVSPF.SEARCH&ppt=None&ppn=None&ssid=1ylqirpr9s0000001791542887319&qH=a5594894156db043&ov_redirect=true,2026-10-09
707,"Nothing Phone (4b) (White, 128 GB)",Nothing,29999,49999,40% off,,,,6 GB RAM,128 GB ROM,6000 mAh Lithium ion Battery,6 Gen 4 Processor,17.2 cm (6.77 inch) Full HD+ AMOLED Display,50MP + 8MP | 16MP Front Camera,,https://www.flipkart.com/nothing-phone-4b-white-128-gb/p/itm939608b40adbb?pid=MOBHQENATV85KYCZ&lid=LSTMOBHQENATV85KYCZ0HUCMA&marketplace=FLIPKART&q=smart+phones&store=tyy%2F4io&srno=s_30_707&otracker=search&fm=organic&iid=en_cbpbxNZ7dQFWagkTeAgjMMeg6Tf_C2B7bvJOBQUma2U6QKUZwycRPIYiJbsEBxr9JRWmJqRScuDEhLBoCJQ_-zmhNhj8Rec88cH_U33TMLXpabn_GdLYwb0gSuMFlFuZ&ppt=None&ppn=None&ssid=1ylqirpr9s0000001791542887319&qH=a5594894156db043&ov_redirect=true,2026-10-09
708,"BOLTT ACE 5G (Midnight Black, 128 GB)",BOLTT,13499,26999,50% off,4.8,69,59,6 GB RAM,128 GB ROM,6000 mAh Lithium ion Battery,T8200 Processor,17.25 cm (6.79 inch) HD+ Display,64MP Rear Camera | 8MP Front Camera,,https://www.flipkart.com/boltt-ace-5g-midnight-black-128-gb/p/itmc7395bddbb3a4?pid=MOBHPP59KHGRQGZK&lid=LSTMOBHPP59KHGRQGZKG8NGAJ&marketplace=FLIPKART&q=smart+phones&store=tyy%2F4io&srno=s_30_708&otracker=search&fm=organic&iid=en_cbpbxNZ7dQFWagkTeAgjMMeg6Tf_C2B7bvJOBQUma2XQipJ1AVdrsDsfrDbWME02ceO83KH40hAfyKb6-RK5emI2n1F29CDxktZayioP0zqD3nBu2XQCuHCtFVvQffF-&ppt=None&ppn=None&ssid=1ylqirpr9s0000001791542887319&qH=a5594894156db043&ov_redirect=true,2026-10-09
709,"MOTOROLA G77 Power (PANTONE Nautical Blue, 128 GB)",MOTOROLA,21249,41999,49% off,3.5,47,6,4 GB RAM,128 GB ROM,7000 mAh Battery,Dimensity 6400 Processor,17.07 cm (6.72 inch) Full HD+ Display,50MP + 8MP | 32MP Front Camera,,https://www.flipkart.com/motorola-g77-power-pantone-nautical-blue-128-gb/p/itm6e7ce0576e34f?pid=MOBHZNDFQUUACV4Z&lid=LSTMOBHZNDFQUUACV4ZS9A34B&marketplace=FLIPKART&q=smart+phones&store=tyy%2F4io&srno=s_30_709&otracker=search&fm=organic&iid=be61ebc3-c6b9-4dec-9f5c-de941b4f0f97.MOBHZNDFQUUACV4Z.SEARCH&ppt=None&ppn=None&ssid=1ylqirpr9s0000001791542887319&qH=a5594894156db043&ov_redirect=true,2026-10-09
710,"Infinix HOT 60i 5G (Sleek Black, 128 GB)",Infinix,15999,24999,36% off,4.3,"1,605",148,4 GB RAM,128 GB ROM,6000 mAh Battery,Dimensity 6400 Processor,17.14 cm (6.75 inch) HD+ Display,50MP Rear Camera | 5MP Front Camera,,https://www.flipkart.com/infinix-hot-60i-5g-sleek-black-128-gb/p/itm1cb6bf875f6e0?pid=MOBHERZEA3AN4VMQ&lid=LSTMOBHERZEA3AN4VMQDNJOFQ&marketplace=FLIPKART&q=smart+phones&store=tyy%2F4io&srno=s_30_710&otracker=search&fm=organic&iid=be61ebc3-c6b9-4dec-9f5c-de941b4f0f97.MOBHERZEA3AN4VMQ.SEARCH&ppt=None&ppn=None&ssid=1ylqirpr9s0000001791542887319&qH=a5594894156db043&ov_redirect=true,2026-10-09
711,"BOLTT EVO (Arctic White, 128 GB)",BOLTT,10499,18999,44% off,4,"2,616","1,184",6 GB RAM,128 GB ROM,6000 mAh Lithium ion Battery,T7250 Processor,6.79'' HD+ punch hole display,50MP + 2MP | 8MP Front Camera,,https://www.flipkart.com/boltt-evo-arctic-white-128-gb/p/itmf046d663a1fd7?pid=MOBHPP59GKGTGZGA&lid=LSTMOBHPP59GKGTGZGAIEMNWG&marketplace=FLIPKART&q=smart+phones&store=tyy%2F4io&srno=s_30_711&otracker=search&fm=organic&iid=en_cbpbxNZ7dQFWagkTeAgjMMeg6Tf_C2B7bvJOBQUma2XXm0U-CpMs5FPjgX4eD-Ym2d7HEcpMQaj_c2xS4y4sBI6iFcCMcne0NcY1l-GNU4zpabn_GdLYwb0gSuMFlFuZ&ppt=None&ppn=None&ssid=1ylqirpr9s0000001791542887319&qH=a5594894156db043&ov_redirect=true,2026-10-09
712,"Mivi One 5G (Burgundy, 128 GB)",Mivi,14999,25999,42% off,,,,8 GB RAM,128 GB ROM,6000 mAh Lithium Polymer Battery,Snapdragon 4 Gen 2 Processor,17.14 cm (6.75 inch) HD+ Display,50MP Rear Camera | 8MP Front Camera,,https://www.flipkart.com/mivi-one-5g-burgundy-128-gb/p/itm3fb0c94957b9f?pid=MOBHR3ZP74GDCQQC&lid=LSTMOBHR3ZP74GDCQQC3F0WAL&marketplace=FLIPKART&q=smart+phones&store=tyy%2F4io&srno=s_30_712&otracker=search&fm=organic&iid=en_cbpbxNZ7dQFWagkTeAgjMMeg6Tf_C2B7bvJOBQUma2UfMX3P9UBa1dXBY3Cu293slhTq3TNR9LJbyvkcUs0E5h5lnB_B3YgA2Ah0gCCIDM6D3nBu2XQCuHCtFVvQffF-&ppt=None&ppn=None&ssid=1ylqirpr9s0000001791542887319&qH=a5594894156db043&ov_redirect=true,2026-10-09
713,"Samsung Galaxy S25 FE 5G (Navy, 128 GB)",Samsung,44999,89999,50% off,4.6,"3,740",600,8 GB RAM,128 GB ROM,4900 mAh Li-ion Battery,Exynos 2400 Processor,17.02 cm (6.7 inch) Full HD+ Display,50MP + 12MP + 8MP | 12MP Front Camera,,https://www.flipkart.com/samsung-galaxy-s25-fe-5g-navy-128-gb/p/itm90e887b150eea?pid=MOBHQCH6HZZH3BTH&lid=LSTMOBHQCH6HZZH3BTHKEQLPM&marketplace=FLIPKART&q=smart+phones&store=tyy%2F4io&srno=s_30_713&otracker=search&fm=organic&iid=be61ebc3-c6b9-4dec-9f5c-de941b4f0f97.MOBHQCH6HZZH3BTH.SEARCH&ppt=None&ppn=None&ssid=1ylqirpr9s0000001791542887319&qH=a5594894156db043&ov_redirect=true,2026-10-09
714,"Infinix HOT 60i 5G (Shadow Blue, 128 GB)",Infinix,15999,24999,36% off,4.3,"1,605",148,4 GB RAM,128 GB ROM,6000 mAh Battery,Dimensity 6400 Processor,17.14 cm (6.75 inch) HD+ Display,50MP Rear Camera | 5MP Front Camera,,https://www.flipkart.com/infinix-hot-60i-5g-shadow-blue-128-gb/p/itm1cb6bf875f6e0?pid=MOBHERZERAFFCH7M&lid=LSTMOBHERZERAFFCH7MDSZZDP&marketplace=FLIPKART&q=smart+phones&store=tyy%2F4io&srno=s_30_714&otracker=search&fm=organic&iid=be61ebc3-c6b9-4dec-9f5c-de941b4f0f97.MOBHERZERAFFCH7M.SEARCH&ppt=None&ppn=None&ssid=1ylqirpr9s0000001791542887319&qH=a5594894156db043&ov_redirect=true,2026-10-09
715,"MOTOROLA Edge 70 Max (PANTONE Ice Melt, 256 GB)",MOTOROLA,59999,94999,36% off,4.1,83,25,12 GB RAM,256 GB ROM,7100 mAh Silicon-Carbon Battery,Snapdragon 8 Gen 5 Processor,17.27 cm (6.8 inch) Quad HD+ Display,50MP + 8MP | 32MP Front Camera,,https://www.flipkart.com/motorola-edge-70-max-pantone-ice-melt-256-gb/p/itmdbd2e4567c186?pid=MOBHMJQAYGYPFMWX&lid=LSTMOBHMJQAYGYPFMWXLOELMB&marketplace=FLIPKART&q=smart+phones&store=tyy%2F4io&srno=s_30_715&otracker=search&fm=organic&iid=be61ebc3-c6b9-4dec-9f5c-de941b4f0f97.MOBHMJQAYGYPFMWX.SEARCH&ppt=None&ppn=None&ssid=1ylqirpr9s0000001791542887319&qH=a5594894156db043&ov_redirect=true,2026-10-09
716,"POCO M8 (Frost Silver, 128 GB)",POCO,24999,25999,3% off,4.3,"3,879",366,6 GB RAM,128 GB ROM,5520 mAh Battery,,17.2 cm (6.77 inch) Full HD+ Display,50MP Rear Camera | 20MP Front Camera,,https://www.flipkart.com/poco-m8-frost-silver-128-gb/p/itm42b9da2073832?pid=MOBHMGG5HBC8MRBG&lid=LSTMOBHMGG5HBC8MRBGMCO2Y6&marketplace=FLIPKART&q=smart+phones&store=tyy%2F4io&srno=s_30_716&otracker=search&fm=organic&iid=be61ebc3-c6b9-4dec-9f5c-de941b4f0f97.MOBHMGG5HBC8MRBG.SEARCH&ppt=None&ppn=None&ssid=1ylqirpr9s0000001791542887319&qH=a5594894156db043&ov_redirect=true,2026-10-09
717,"BOLTT EVO (Sky Blue, 64 GB)",BOLTT,8999,17999,50% off,4.3,"2,048",987,4 GB RAM,64 GB ROM,6000 mAh Lithium ion Battery,T7250 Processor,6.79'' HD+ punch hole display,50MP + 2MP | 8MP Front Camera,,https://www.flipkart.com/boltt-evo-sky-blue-64-gb/p/itmf046d663a1fd7?pid=MOBHPP59WKSV4FYG&lid=LSTMOBHPP59WKSV4FYGYPMLV6&marketplace=FLIPKART&q=smart+phones&store=tyy%2F4io&srno=s_30_717&otracker=search&fm=organic&iid=en_cbpbxNZ7dQFWagkTeAgjMMeg6Tf_C2B7bvJOBQUma2UELZDFKEXzH7awHmwIbAOuiWdFa328hJ5Tl7uRbip-ZFs0LAPqMrP3q_6IRdvsZf_pabn_GdLYwb0gSuMFlFuZ&ppt=None&ppn=None&ssid=1ylqirpr9s0000001791542887319&qH=a5594894156db043&ov_redirect=true,2026-10-09
718,"BOLTT ACE 5G (Arctic White, 128 GB)",BOLTT,13499,26999,50% off,4.8,69,59,6 GB RAM,128 GB ROM,6000 mAh Lithium ion Battery,T8200 Processor,17.25 cm (6.79 inch) HD+ Display,64MP Rear Camera | 8MP Front Camera,,https://www.flipkart.com/boltt-ace-5g-arctic-white-128-gb/p/itm2eb0f483effdd?pid=MOBHPP599JHZUZBV&lid=LSTMOBHPP599JHZUZBVN1I3RX&marketplace=FLIPKART&q=smart+phones&store=tyy%2F4io&srno=s_30_718&otracker=search&fm=organic&iid=en_cbpbxNZ7dQFWagkTeAgjMMeg6Tf_C2B7bvJOBQUma2VllCCXpVlc67Tzd7EHMSPIqWMRb7XZ9LlJlXwsX-MeSpRRJF9TV-hbUYxhg9GdHDads7eyE2vXY0m_htDWWmpe&ppt=None&ppn=None&ssid=1ylqirpr9s0000001791542887319&qH=a5594894156db043&ov_redirect=true,2026-10-09
719,"IQOO 15R 5G (Dark Knight, 256 GB)",IQOO,53990,53999,,4.6,415,51,8 GB RAM,256 GB ROM,7600 mAh Battery,,16.74 cm (6.59 inch) Display,50MP Rear Camera,,https://www.flipkart.com/iqoo-15r-5g-dark-knight-256-gb/p/itm7bc8aee18f590?pid=MOBHHY4GYEHGVW3X&lid=LSTMOBHHY4GYEHGVW3XRD1Z6F&marketplace=FLIPKART&q=smart+phones&store=tyy%2F4io&srno=s_30_719&otracker=search&fm=organic&iid=be61ebc3-c6b9-4dec-9f5c-de941b4f0f97.MOBHHY4GYEHGVW3X.SEARCH&ppt=None&ppn=None&ssid=1ylqirpr9s0000001791542887319&qH=a5594894156db043&ov_redirect=true,2026-10-09
720,"realme 16 Pro+ 5G (Master Gold, 256 GB)",realme,58999,,,4.5,936,141,12 GB RAM,256 GB ROM,7000 mAh Battery,7 Gen 4 Processor,17.27 cm (6.8 inch) Full HD+ AMOLED Display,200MP + 50MP + 8MP | 50MP Front Camera,,https://www.flipkart.com/realme-16-pro-5g-master-gold-256-gb/p/itmf8e5c193facd1?pid=MOBHMSFHRUYT8MHQ&lid=LSTMOBHMSFHRUYT8MHQPABSYR&marketplace=FLIPKART&q=smart+phones&store=tyy%2F4io&srno=s_30_720&otracker=search&fm=organic&iid=be61ebc3-c6b9-4dec-9f5c-de941b4f0f97.MOBHMSFHRUYT8MHQ.SEARCH&ppt=None&ppn=None&ssid=1ylqirpr9s0000001791542887319&qH=a5594894156db043&ov_redirect=true,2026-10-09
721,"Mivi One 5G (Green, 128 GB)",Mivi,13999,23999,41% off,,,,6 GB RAM,128 GB ROM,6000 mAh Lithium Polymer Battery,Snapdragon 4 Gen 2 Processor,17.14 cm (6.75 inch) HD+ Display,50MP Rear Camera | 8MP Front Camera,,https://www.flipkart.com/mivi-one-5g-green-128-gb/p/itm7ea6be1c1d0bf?pid=MOBHR3ZPFRUFFEBF&lid=LSTMOBHR3ZPFRUFFEBFXXFJBJ&marketplace=FLIPKART&q=smart+phones&store=tyy%2F4io&srno=s_31_721&otracker=search&fm=organic&iid=en_gb_mWu246CieCinpwq1ggZUg1dqSyRbtbPbjt1Sf08z8fdqlrb0N54zAci8wJz0wzBcC0adnJVDAF994s5Z8VdXXcDpR_S7wBKL_ui3585NSY96W8zD_wZLWehAXo1I6&ppt=None&ppn=None&ssid=z00hbjxnnk0000001791542890213&qH=a5594894156db043&ov_redirect=true,2026-10-09
722,"BOLTT ACE 5G (Lavender Bloom, 64 GB)",BOLTT,11999,24999,52% off,4.2,477,226,4 GB RAM,64 GB ROM,6000 mAh Lithium ion Battery,T8200 Processor,17.25 cm (6.79 inch) HD+ Display,64MP Rear Camera | 8MP Front Camera,,https://www.flipkart.com/boltt-ace-5g-lavender-bloom-64-gb/p/itm2eb0f483effdd?pid=MOBHPP59CGDHZVJY&lid=LSTMOBHPP59CGDHZVJYFJP39X&marketplace=FLIPKART&q=smart+phones&store=tyy%2F4io&srno=s_31_722&otracker=search&fm=organic&iid=en_gb_mWu246CieCinpwq1ggZUg1dqSyRbtbPbjt1Sf08wcU0dYKD2R44DhYV_kkVj36EjlcJGcWKVIdsXhsZKqlc-Hfce6zHM39GsmaCxEcE1SY96W8zD_wZLWehAXo1I6&ppt=None&ppn=None&ssid=z00hbjxnnk0000001791542890213&qH=a5594894156db043&ov_redirect=true,2026-10-09
723,"vivo V70 FE (Northern Lights Purple 2026, 256 GB)",vivo,49999,56999,12% off,4.4,972,101,8 GB RAM,256 GB ROM,7000 mAh Li-ion battery Battery,Dimensity 7360-Turbo Processor,17.35 cm (6.83 inch) Full HD+ AMOLED Display,200MP + 8MP | 50MP Front Camera,,https://www.flipkart.com/vivo-v70-fe-northern-lights-purple-2026-256-gb/p/itmda852a903ef97?pid=MOBHZFFHH3UZ2FZQ&lid=LSTMOBHZFFHH3UZ2FZQGSKMQX&marketplace=FLIPKART&q=smart+phones&store=tyy%2F4io&srno=s_31_723&otracker=search&fm=organic&iid=a9e7140b-acb4-4a97-80c1-7538fa11329b.MOBHZFFHH3UZ2FZQ.SEARCH&ppt=None&ppn=None&ssid=z00hbjxnnk0000001791542890213&qH=a5594894156db043&ov_redirect=true,2026-10-09
724,"vivo V70 FE (Monsoon Blue 2026, 256 GB)",vivo,49999,56999,12% off,4.4,972,101,8 GB RAM,256 GB ROM,7000 mAh Li-ion battery Battery,Dimensity 7360-Turbo Processor,17.35 cm (6.83 inch) Full HD+ AMOLED Display,200MP + 8MP | 50MP Front Camera,,https://www.flipkart.com/vivo-v70-fe-monsoon-blue-2026-256-gb/p/itmda852a903ef97?pid=MOBHZFFHH5CXYZDB&lid=LSTMOBHZFFHH5CXYZDBGAP6FP&marketplace=FLIPKART&q=smart+phones&store=tyy%2F4io&srno=s_31_724&otracker=search&fm=organic&iid=a9e7140b-acb4-4a97-80c1-7538fa11329b.MOBHZFFHH5CXYZDB.SEARCH&ppt=None&ppn=None&ssid=z00hbjxnnk0000001791542890213&qH=a5594894156db043&ov_redirect=true,2026-10-09
725,"realme P4x 5G (Elegant Pink, 128 GB)",realme,25999,43999,40% off,4.3,"8,708",720,8 GB RAM,128 GB ROM,7000 mAh Battery,Dimensity 7400 Ultra Processor,17.07 cm (6.72 inch) Full HD+ Display,50MP + 2MP | 8MP Front Camera,,https://www.flipkart.com/realme-p4x-5g-elegant-pink-128-gb/p/itm575b1540859e4?pid=MOBHN7A8XGT43KXX&lid=LSTMOBHN7A8XGT43KXXKP2QSR&marketplace=FLIPKART&q=smart+phones&store=tyy%2F4io&srno=s_31_725&otracker=search&fm=organic&iid=a9e7140b-acb4-4a97-80c1-7538fa11329b.MOBHN7A8XGT43KXX.SEARCH&ppt=None&ppn=None&ssid=z00hbjxnnk0000001791542890213&qH=a5594894156db043&ov_redirect=true,2026-10-09
726,"POCO X8 Pro Max (Black, 512 GB)",POCO,50999,61999,17% off,4.5,"2,119",420,12 GB RAM,512 GB ROM,9000 mAh Lithium-Ion Polymer With Silicon Carbon Technology Battery,Dimensity 9500s Processor,17.35 cm (6.83 inch) Full HD+ AMOLED Display,50MP + 8MP | 20MP Front Camera,,https://www.flipkart.com/poco-x8-pro-max-black-512-gb/p/itmd4046d994145a?pid=MOBHMGG5YCYDBYMS&lid=LSTMOBHMGG5YCYDBYMSM0JQVL&marketplace=FLIPKART&q=smart+phones&store=tyy%2F4io&srno=s_31_726&otracker=search&fm=organic&iid=a9e7140b-acb4-4a97-80c1-7538fa11329b.MOBHMGG5YCYDBYMS.SEARCH&ppt=None&ppn=None&ssid=z00hbjxnnk0000001791542890213&qH=a5594894156db043&ov_redirect=true,2026-10-09
727,"BOLTT EVO (Midnight Black, 64 GB)",BOLTT,8999,17999,50% off,4.3,"2,048",987,4 GB RAM,64 GB ROM,6000 mAh Lithium ion Battery,T7250 Processor,6.79'' HD+ punch hole display,50MP + 2MP | 8MP Front Camera,,https://www.flipkart.com/boltt-evo-midnight-black-64-gb/p/itmf046d663a1fd7?pid=MOBHPP597GB8ZHTY&lid=LSTMOBHPP597GB8ZHTYGYX70A&marketplace=FLIPKART&q=smart+phones&store=tyy%2F4io&srno=s_31_727&otracker=search&fm=organic&iid=en_gb_mWu246CieCinpwq1ggZUg1dqSyRbtbPbjt1Sf08wDQavBR3oCVmjlXG6gLV4fmufLsD40cfOytTrT-2ACNqoJtuV9R_JTLQ6A0_d1zMR7-Nd18jAiFs7xn85B5kRz&ppt=None&ppn=None&ssid=z00hbjxnnk0000001791542890213&qH=a5594894156db043&ov_redirect=true,2026-10-09
728,"BOLTT EVO (Arctic White, 64 GB)",BOLTT,8999,17999,50% off,4.3,"2,048",987,4 GB RAM,64 GB ROM,6000 mAh Lithium ion Battery,T7250 Processor,6.79'' HD+ punch hole display,50MP + 2MP | 8MP Front Camera,,https://www.flipkart.com/boltt-evo-arctic-white-64-gb/p/itmf046d663a1fd7?pid=MOBHPP59BYSJ98M8&lid=LSTMOBHPP59BYSJ98M8RWYHGQ&marketplace=FLIPKART&q=smart+phones&store=tyy%2F4io&srno=s_31_728&otracker=search&fm=organic&iid=en_gb_mWu246CieCinpwq1ggZUg1dqSyRbtbPbjt1Sf08xbW3L6A0Vh1G_zd1I0K5c3Mw_YrC6cGEjKq2WZ8-8z4kJqULiYX7S4erGGIr8dEeh7-Nd18jAiFs7xn85B5kRz&ppt=None&ppn=None&ssid=z00hbjxnnk0000001791542890213&qH=a5594894156db043&ov_redirect=true,2026-10-09
729,"HMD VIBE2 5G (Nordic Blue, 128 GB)",HMD,14999,24999,40% off,4.3,604,93,6 GB RAM,128 GB ROM,6000 mAh Li-Poly Battery,,17.02 cm (6.7 inch) HD+ Display,50MP Rear Camera | 8MP Front Camera,,https://www.flipkart.com/hmd-vibe2-5g-nordic-blue-128-gb/p/itm71c3ae6df2a26?pid=MOBHNS6YYSAJPVHZ&lid=LSTMOBHNS6YYSAJPVHZHEOKCG&marketplace=FLIPKART&q=smart+phones&store=tyy%2F4io&srno=s_31_729&otracker=search&fm=organic&iid=a9e7140b-acb4-4a97-80c1-7538fa11329b.MOBHNS6YYSAJPVHZ.SEARCH&ppt=None&ppn=None&ssid=z00hbjxnnk0000001791542890213&qH=a5594894156db043&ov_redirect=true,2026-10-09
730,"Samsung Galaxy S24 5G Snapdragon (Onyx Black, 128 GB)",Samsung,49999,74999,33% off,4.6,"57,470","4,581",8 GB RAM,128 GB ROM,4000 mAh Battery,8 Gen 3 Processor,15.75 cm (6.2 inch) Full HD+ Display,50MP + 12MP | 12MP Front Camera,,https://www.flipkart.com/samsung-galaxy-s24-5g-snapdragon-onyx-black-128-gb/p/itm3469a7107606f?pid=MOBHDVFKSSHPUYHB&lid=LSTMOBHDVFKSSHPUYHBXUF3VR&marketplace=FLIPKART&q=smart+phones&store=tyy%2F4io&srno=s_31_730&otracker=search&fm=organic&iid=a9e7140b-acb4-4a97-80c1-7538fa11329b.MOBHDVFKSSHPUYHB.SEARCH&ppt=None&ppn=None&ssid=z00hbjxnnk0000001791542890213&qH=a5594894156db043&ov_redirect=true,2026-10-09
731,"Nothing Phone (4b) (White, 128 GB)",Nothing,29999,49999,40% off,,,,6 GB RAM,128 GB ROM,6000 mAh Lithium ion Battery,6 Gen 4 Processor,17.2 cm (6.77 inch) Full HD+ AMOLED Display,50MP + 8MP | 16MP Front Camera,,https://www.flipkart.com/nothing-phone-4b-white-128-gb/p/itm939608b40adbb?pid=MOBHQENATV85KYCZ&lid=LSTMOBHQENATV85KYCZ0HUCMA&marketplace=FLIPKART&q=smart+phones&store=tyy%2F4io&srno=s_31_731&otracker=search&fm=organic&iid=en_gb_mWu246CieCinpwq1ggZUg1dqSyRbtbPbjt1Sf08zV17NgzKBcQLklBWwe-Oc4JRWmJqRScuDEhLBoCJQ_-zmhNhj8Rec88cH_U33TMLV7-Nd18jAiFs7xn85B5kRz&ppt=None&ppn=None&ssid=z00hbjxnnk0000001791542890213&qH=a5594894156db043&ov_redirect=true,2026-10-09
732,"BOLTT ACE 5G (Midnight Black, 128 GB)",BOLTT,13499,26999,50% off,4.8,69,59,6 GB RAM,128 GB ROM,6000 mAh Lithium ion Battery,T8200 Processor,17.25 cm (6.79 inch) HD+ Display,64MP Rear Camera | 8MP Front Camera,,https://www.flipkart.com/boltt-ace-5g-midnight-black-128-gb/p/itmc7395bddbb3a4?pid=MOBHPP59KHGRQGZK&lid=LSTMOBHPP59KHGRQGZKG8NGAJ&marketplace=FLIPKART&q=smart+phones&store=tyy%2F4io&srno=s_31_732&otracker=search&fm=organic&iid=en_gb_mWu246CieCinpwq1ggZUg1dqSyRbtbPbjt1Sf08xvL7Fb64MNI_Wx17owh_ALceO83KH40hAfyKb6-RK5emI2n1F29CDxktZayioP0zpSY96W8zD_wZLWehAXo1I6&ppt=None&ppn=None&ssid=z00hbjxnnk0000001791542890213&qH=a5594894156db043&ov_redirect=true,2026-10-09
733,"Samsung Galaxy A07 LTE (Light Violet, 64 GB)",Samsung,12932,12999,,4.2,"1,658",116,4 GB RAM,64 GB ROM,5000 mAh Battery,Helio G99 Processor,17.02 cm (6.7 inch) HD+ Display,,,https://www.flipkart.com/samsung-galaxy-a07-lte-light-violet-64-gb/p/itmf5c04712debfa?pid=MOBHG82ZTP4VBHYP&lid=LSTMOBHG82ZTP4VBHYPLK0QAI&marketplace=FLIPKART&q=smart+phones&store=tyy%2F4io&srno=s_31_733&otracker=search&fm=organic&iid=a9e7140b-acb4-4a97-80c1-7538fa11329b.MOBHG82ZTP4VBHYP.SEARCH&ppt=None&ppn=None&ssid=z00hbjxnnk0000001791542890213&qH=a5594894156db043&ov_redirect=true,2026-10-09
734,"realme P3 Ultra 5G (Neptune Blue, 256 GB)",realme,28999,33999,14% off,4.4,"22,154","2,558",8 GB RAM,256 GB ROM,6000 mAh Battery,Dimensity 8350 Ultra Processor,17.35 cm (6.83 inch) Full HD+ Display,50MP + 8MP | 16MP Front Camera,,https://www.flipkart.com/realme-p3-ultra-5g-neptune-blue-256-gb/p/itm50171223b4a05?pid=MOBHAYKEBGFUXNQV&lid=LSTMOBHAYKEBGFUXNQVLAWPKP&marketplace=FLIPKART&q=smart+phones&store=tyy%2F4io&srno=s_31_734&otracker=search&fm=organic&iid=a9e7140b-acb4-4a97-80c1-7538fa11329b.MOBHAYKEBGFUXNQV.SEARCH&ppt=None&ppn=None&ssid=z00hbjxnnk0000001791542890213&qH=a5594894156db043&ov_redirect=true,2026-10-09
735,"Tecno Spark Go 3 (Ink Black, 64 GB)",Tecno,10999,15999,31% off,4.1,231,16,4 GB RAM,64 GB ROM,5000 mAh Lithium Polymer Battery,T7250 Processor,17.12 cm (6.74 inch) HD+ Display,13MP Rear Camera | 8MP Front Camera,,https://www.flipkart.com/tecno-spark-go-3-ink-black-64-gb/p/itma9c8f128a61c6?pid=MOBHP2QYCXZZE3CM&lid=LSTMOBHP2QYCXZZE3CMWW64IB&marketplace=FLIPKART&q=smart+phones&store=tyy%2F4io&srno=s_31_735&otracker=search&fm=organic&iid=a9e7140b-acb4-4a97-80c1-7538fa11329b.MOBHP2QYCXZZE3CM.SEARCH&ppt=None&ppn=None&ssid=z00hbjxnnk0000001791542890213&qH=a5594894156db043&ov_redirect=true,2026-10-09
736,"Tecno Spark Go 3 (Galaxy Blue, 64 GB)",Tecno,10999,15999,31% off,4.1,231,16,4 GB RAM,64 GB ROM,5000 mAh Lithium Polymer Battery,T7250 Processor,17.12 cm (6.74 inch) HD+ Display,13MP Rear Camera | 8MP Front Camera,,https://www.flipkart.com/tecno-spark-go-3-galaxy-blue-64-gb/p/itma9c8f128a61c6?pid=MOBHP2QYFPVRGYKZ&lid=LSTMOBHP2QYFPVRGYKZGBFHIL&marketplace=FLIPKART&q=smart+phones&store=tyy%2F4io&srno=s_31_736&otracker=search&fm=organic&iid=a9e7140b-acb4-4a97-80c1-7538fa11329b.MOBHP2QYFPVRGYKZ.SEARCH&ppt=None&ppn=None&ssid=z00hbjxnnk0000001791542890213&qH=a5594894156db043&ov_redirect=true,2026-10-09
737,"BOLTT EVO (Arctic White, 128 GB)",BOLTT,10499,18999,44% off,4,"2,616","1,184",6 GB RAM,128 GB ROM,6000 mAh Lithium ion Battery,T7250 Processor,6.79'' HD+ punch hole display,50MP + 2MP | 8MP Front Camera,,https://www.flipkart.com/boltt-evo-arctic-white-128-gb/p/itmf046d663a1fd7?pid=MOBHPP59GKGTGZGA&lid=LSTMOBHPP59GKGTGZGAIEMNWG&marketplace=FLIPKART&q=smart+phones&store=tyy%2F4io&srno=s_31_737&otracker=search&fm=organic&iid=en_gb_mWu246CieCinpwq1ggZUg1dqSyRbtbPbjt1Sf08xxhyv8DnCrFvJxb6D2t2OC2d7HEcpMQaj_c2xS4y4sBI6iFcCMcne0NcY1l-GNU4x7-Nd18jAiFs7xn85B5kRz&ppt=None&ppn=None&ssid=z00hbjxnnk0000001791542890213&qH=a5594894156db043&ov_redirect=true,2026-10-09
738,"Mivi One 5G (Burgundy, 128 GB)",Mivi,14999,25999,42% off,,,,8 GB RAM,128 GB ROM,6000 mAh Lithium Polymer Battery,Snapdragon 4 Gen 2 Processor,17.14 cm (6.75 inch) HD+ Display,50MP Rear Camera | 8MP Front Camera,,https://www.flipkart.com/mivi-one-5g-burgundy-128-gb/p/itm3fb0c94957b9f?pid=MOBHR3ZP74GDCQQC&lid=LSTMOBHR3ZP74GDCQQC3F0WAL&marketplace=FLIPKART&q=smart+phones&store=tyy%2F4io&srno=s_31_738&otracker=search&fm=organic&iid=en_gb_mWu246CieCinpwq1ggZUg1dqSyRbtbPbjt1Sf08zQPRDzoT5kH7-Q-2HIcH3VlhTq3TNR9LJbyvkcUs0E5h5lnB_B3YgA2Ah0gCCIDM5SY96W8zD_wZLWehAXo1I6&ppt=None&ppn=None&ssid=z00hbjxnnk0000001791542890213&qH=a5594894156db043&ov_redirect=true,2026-10-09
739,"BOLTT EVO (Sky Blue, 64 GB)",BOLTT,8999,17999,50% off,4.3,"2,048",987,4 GB RAM,64 GB ROM,6000 mAh Lithium ion Battery,T7250 Processor,6.79'' HD+ punch hole display,50MP + 2MP | 8MP Front Camera,,https://www.flipkart.com/boltt-evo-sky-blue-64-gb/p/itmf046d663a1fd7?pid=MOBHPP59WKSV4FYG&lid=LSTMOBHPP59WKSV4FYGYPMLV6&marketplace=FLIPKART&q=smart+phones&store=tyy%2F4io&srno=s_31_739&otracker=search&fm=organic&iid=a9e7140b-acb4-4a97-80c1-7538fa11329b.MOBHPP59WKSV4FYG.SEARCH&ppt=None&ppn=None&ssid=z00hbjxnnk0000001791542890213&qH=a5594894156db043&ov_redirect=true,2026-10-09
740,"Samsung Galaxy F17 5G (Neo Black, 128 GB)",Samsung,19980,23999,16% off,4.1,366,34,4 GB RAM,128 GB ROM,5000 mAh Battery,Exynos 1330 Processor,17.02 cm (6.7 inch) Full HD+ Display,50MP + 5MP | 13MP Front Camera,,https://www.flipkart.com/samsung-galaxy-f17-5g-neo-black-128-gb/p/itm0bf5856f3c9d7?pid=MOBHF6KMEEWK7HPX&lid=LSTMOBHF6KMEEWK7HPXGBB1NA&marketplace=FLIPKART&q=smart+phones&store=tyy%2F4io&srno=s_31_740&otracker=search&fm=organic&iid=a9e7140b-acb4-4a97-80c1-7538fa11329b.MOBHF6KMEEWK7HPX.SEARCH&ppt=None&ppn=None&ssid=z00hbjxnnk0000001791542890213&qH=a5594894156db043&ov_redirect=true,2026-10-09
741,"BOLTT EVO (Sky Blue, 64 GB)",BOLTT,8999,17999,50% off,4.3,"2,048",987,4 GB RAM,64 GB ROM,6000 mAh Lithium ion Battery,T7250 Processor,6.79'' HD+ punch hole display,50MP + 2MP | 8MP Front Camera,,https://www.flipkart.com/boltt-evo-sky-blue-64-gb/p/itmf046d663a1fd7?pid=MOBHPP59WKSV4FYG&lid=LSTMOBHPP59WKSV4FYGYPMLV6&marketplace=FLIPKART&q=smart+phones&store=tyy%2F4io&srno=s_31_741&otracker=search&fm=organic&iid=en_gb_mWu246CieCinpwq1ggZUg1dqSyRbtbPbjt1Sf08zuQKd_sQ_uLEN5wUHDUrgwiWdFa328hJ5Tl7uRbip-ZFs0LAPqMrP3q_6IRdvsZf97-Nd18jAiFs7xn85B5kRz&ppt=None&ppn=None&ssid=z00hbjxnnk0000001791542890213&qH=a5594894156db043&ov_redirect=true,2026-10-09
742,"BOLTT ACE 5G (Arctic White, 128 GB)",BOLTT,13499,26999,50% off,4.8,69,59,6 GB RAM,128 GB ROM,6000 mAh Lithium ion Battery,T8200 Processor,17.25 cm (6.79 inch) HD+ Display,64MP Rear Camera | 8MP Front Camera,,https://www.flipkart.com/boltt-ace-5g-arctic-white-128-gb/p/itm2eb0f483effdd?pid=MOBHPP599JHZUZBV&lid=LSTMOBHPP599JHZUZBVN1I3RX&marketplace=FLIPKART&q=smart+phones&store=tyy%2F4io&srno=s_31_742&otracker=search&fm=organic&iid=en_gb_mWu246CieCinpwq1ggZUg1dqSyRbtbPbjt1Sf08wn7UDM7LHyinXN-5ELigASqWMRb7XZ9LlJlXwsX-MeSpRRJF9TV-hbUYxhg9GdHDZ4_rkLX7HLVedOjjMch49T&ppt=None&ppn=None&ssid=z00hbjxnnk0000001791542890213&qH=a5594894156db043&ov_redirect=true,2026-10-09
743,"Samsung Galaxy A17 5G (Black, 256 GB)",Samsung,31949,34999,8% off,4.3,"2,257",212,8 GB RAM,256 GB ROM,5000 mAh Battery,Samsung Exynos 1330 Processor,17.02 cm (6.7 inch) Full HD+ Display,50MP + 5MP + 2MP | 13MP Front Camera,,https://www.flipkart.com/samsung-galaxy-a17-5g-black-256-gb/p/itm9b0b7e6d52859?pid=MOBHGVECDVCNA5JK&lid=LSTMOBHGVECDVCNA5JKW0FTHG&marketplace=FLIPKART&q=smart+phones&store=tyy%2F4io&srno=s_31_743&otracker=search&fm=organic&iid=a9e7140b-acb4-4a97-80c1-7538fa11329b.MOBHGVECDVCNA5JK.SEARCH&ppt=None&ppn=None&ssid=z00hbjxnnk0000001791542890213&qH=a5594894156db043&ov_redirect=true,2026-10-09
744,"vivo V70 FE (Northern Lights Purple 2026, 128 GB)",vivo,44999,53999,16% off,4.4,972,101,8 GB RAM,128 GB ROM,7000 mAh Li-ion battery Battery,Dimensity 7360-Turbo Processor,17.35 cm (6.83 inch) Full HD+ AMOLED Display,200MP + 8MP | 50MP Front Camera,,https://www.flipkart.com/vivo-v70-fe-northern-lights-purple-2026-128-gb/p/itmda852a903ef97?pid=MOBHZFFHZ5ZXJZC3&lid=LSTMOBHZFFHZ5ZXJZC3PMVX3S&marketplace=FLIPKART&q=smart+phones&store=tyy%2F4io&srno=s_31_744&otracker=search&fm=organic&iid=a9e7140b-acb4-4a97-80c1-7538fa11329b.MOBHZFFHZ5ZXJZC3.SEARCH&ppt=None&ppn=None&ssid=z00hbjxnnk0000001791542890213&qH=a5594894156db043&ov_redirect=true,2026-10-09
745,"realme GT 8 Pro (Urban Blue, 256 GB)",realme,72999,79999,8% off,4.3,139,19,12 GB RAM,256 GB ROM,7000 mAh Battery,8 Elite Gen 5 Processor,17.25 cm (6.79 inch) Quad HD+ Display,50MP + 50MP + 200MP | 32MP Front Camera,,https://www.flipkart.com/realme-gt-8-pro-urban-blue-256-gb/p/itm78c31e0a1941f?pid=MOBHHEYXP2KTVXSW&lid=LSTMOBHHEYXP2KTVXSWOLU8BX&marketplace=FLIPKART&q=smart+phones&store=tyy%2F4io&srno=s_32_745&otracker=search&fm=organic&iid=c31cddc9-2b9c-4d69-8514-816e2f621cf3.MOBHHEYXP2KTVXSW.SEARCH&ppt=None&ppn=None&ssid=fw4585sf7k0000001791542893227&qH=a5594894156db043&ov_redirect=true,2026-10-09
746,"realme GT 8 Pro (Diary White, 256 GB)",realme,72999,79999,8% off,4.3,139,19,12 GB RAM,256 GB ROM,7000 mAh Battery,8 Elite Gen 5 Processor,17.25 cm (6.79 inch) Quad HD+ Display,50MP + 50MP + 200MP | 32MP Front Camera,,https://www.flipkart.com/realme-gt-8-pro-diary-white-256-gb/p/itm78c31e0a1941f?pid=MOBHHEYXZYZUHGXQ&lid=LSTMOBHHEYXZYZUHGXQTM2M0W&marketplace=FLIPKART&q=smart+phones&store=tyy%2F4io&srno=s_32_746&otracker=search&fm=organic&iid=c31cddc9-2b9c-4d69-8514-816e2f621cf3.MOBHHEYXZYZUHGXQ.SEARCH&ppt=None&ppn=None&ssid=fw4585sf7k0000001791542893227&qH=a5594894156db043&ov_redirect=true,2026-10-09
747,"Mivi One 5G (Green, 128 GB)",Mivi,13999,23999,41% off,,,,6 GB RAM,128 GB ROM,6000 mAh Lithium Polymer Battery,Snapdragon 4 Gen 2 Processor,17.14 cm (6.75 inch) HD+ Display,50MP Rear Camera | 8MP Front Camera,,https://www.flipkart.com/mivi-one-5g-green-128-gb/p/itm7ea6be1c1d0bf?pid=MOBHR3ZPFRUFFEBF&lid=LSTMOBHR3ZPFRUFFEBFXXFJBJ&marketplace=FLIPKART&q=smart+phones&store=tyy%2F4io&srno=s_32_747&otracker=search&fm=organic&iid=en_WZAIBUAF83283J-RT3p_JR8ZfscGl9dRvbJ2XwlcltKRikJn4RQ-WCcRflgnp00SzBcC0adnJVDAF994s5Z8VdXXcDpR_S7wBKL_ui3585MI2OmMBEJxpgSXsFappS9e&ppt=None&ppn=None&ssid=fw4585sf7k0000001791542893227&qH=a5594894156db043&ov_redirect=true,2026-10-09
748,"BOLTT ACE 5G (Lavender Bloom, 64 GB)",BOLTT,11999,24999,52% off,4.2,477,226,4 GB RAM,64 GB ROM,6000 mAh Lithium ion Battery,T8200 Processor,17.25 cm (6.79 inch) HD+ Display,64MP Rear Camera | 8MP Front Camera,,https://www.flipkart.com/boltt-ace-5g-lavender-bloom-64-gb/p/itm2eb0f483effdd?pid=MOBHPP59CGDHZVJY&lid=LSTMOBHPP59CGDHZVJYFJP39X&marketplace=FLIPKART&q=smart+phones&store=tyy%2F4io&srno=s_32_748&otracker=search&fm=organic&iid=en_WZAIBUAF83283J-RT3p_JR8ZfscGl9dRvbJ2XwlcltIM5N70l77VE7VmYQnHurXW6EjlcJGcWKVIdsXhsZKqlc-Hfce6zHM39GsmaCxEcE0I2OmMBEJxpgSXsFappS9e&ppt=None&ppn=None&ssid=fw4585sf7k0000001791542893227&qH=a5594894156db043&ov_redirect=true,2026-10-09
749,"Ai+ Nova 2 Ultra 5G (Green, 128 GB)",Ai+,20999,29999,30% off,4.2,"4,266",576,6 GB RAM,128 GB ROM,6000 mAh Li-polymer Battery,Dimensity 7400 Processor,17.22 cm (6.78 inch) Full HD+ AMOLED Display,50MP + 8MP | 13MP Front Camera,,https://www.flipkart.com/ai-nova-2-ultra-5g-green-128-gb/p/itm6a04f815a5f9c?pid=MOBHZHUVVAHHPZZR&lid=LSTMOBHZHUVVAHHPZZR2BMO8H&marketplace=FLIPKART&q=smart+phones&store=tyy%2F4io&srno=s_32_749&otracker=search&fm=organic&iid=c31cddc9-2b9c-4d69-8514-816e2f621cf3.MOBHZHUVVAHHPZZR.SEARCH&ppt=None&ppn=None&ssid=fw4585sf7k0000001791542893227&qH=a5594894156db043&ov_redirect=true,2026-10-09
750,"Samsung Galaxy A17 5G (Black, 128 GB)",Samsung,25862,34999,26% off,4.3,"2,257",212,8 GB RAM,128 GB ROM,5000 mAh Battery,Samsung Exynos 1330 Processor,17.02 cm (6.7 inch) Full HD+ Display,50MP + 5MP + 2MP | 13MP Front Camera,,https://www.flipkart.com/samsung-galaxy-a17-5g-black-128-gb/p/itm9b0b7e6d52859?pid=MOBHGVECE3WTM76Y&lid=LSTMOBHGVECE3WTM76YOUJCMH&marketplace=FLIPKART&q=smart+phones&store=tyy%2F4io&srno=s_32_750&otracker=search&fm=organic&iid=c31cddc9-2b9c-4d69-8514-816e2f621cf3.MOBHGVECE3WTM76Y.SEARCH&ppt=None&ppn=None&ssid=fw4585sf7k0000001791542893227&qH=a5594894156db043&ov_redirect=true,2026-10-09
751,"BOLTT EVO (Midnight Black, 64 GB)",BOLTT,8999,17999,50% off,4.3,"2,048",987,4 GB RAM,64 GB ROM,6000 mAh Lithium ion Battery,T7250 Processor,6.79'' HD+ punch hole display,50MP + 2MP | 8MP Front Camera,,https://www.flipkart.com/boltt-evo-midnight-black-64-gb/p/itmf046d663a1fd7?pid=MOBHPP597GB8ZHTY&lid=LSTMOBHPP597GB8ZHTYGYX70A&marketplace=FLIPKART&q=smart+phones&store=tyy%2F4io&srno=s_32_751&otracker=search&fm=organic&iid=en_WZAIBUAF83283J-RT3p_JR8ZfscGl9dRvbJ2XwlcltIzA7D3EeTMX5K5iP-bl6vLmufLsD40cfOytTrT-2ACNqoJtuV9R_JTLQ6A0_d1zMTRZDlxdeXFiDnHVTnhU2hP&ppt=None&ppn=None&ssid=fw4585sf7k0000001791542893227&qH=a5594894156db043&ov_redirect=true,2026-10-09
752,"BOLTT EVO (Arctic White, 64 GB)",BOLTT,8999,17999,50% off,4.3,"2,048",987,4 GB RAM,64 GB ROM,6000 mAh Lithium ion Battery,T7250 Processor,6.79'' HD+ punch hole display,50MP + 2MP | 8MP Front Camera,,https://www.flipkart.com/boltt-evo-arctic-white-64-gb/p/itmf046d663a1fd7?pid=MOBHPP59BYSJ98M8&lid=LSTMOBHPP59BYSJ98M8RWYHGQ&marketplace=FLIPKART&q=smart+phones&store=tyy%2F4io&srno=s_32_752&otracker=search&fm=organic&iid=en_WZAIBUAF83283J-RT3p_JR8ZfscGl9dRvbJ2XwlcltISwHfjtTpzAcoS8pBk4ArYMw_YrC6cGEjKq2WZ8-8z4kJqULiYX7S4erGGIr8dEejRZDlxdeXFiDnHVTnhU2hP&ppt=None&ppn=None&ssid=fw4585sf7k0000001791542893227&qH=a5594894156db043&ov_redirect=true,2026-10-09
753,"vivo S2 (Regal Bronze, 256 GB)",vivo,48999,70999,30% off,4.4,574,58,8 GB RAM,256 GB ROM,7050 mAh Lithium-ion Battery,Dimensity 7360-Turbo Processor,17.35 cm (6.83 inch) Full HD+ AMOLED Display,50MP + 2MP | 32MP Front Camera,,https://www.flipkart.com/vivo-s2-regal-bronze-256-gb/p/itm019d134c8359d?pid=MOBHPGG9MZTG9H3E&lid=LSTMOBHPGG9MZTG9H3E7RCBRQ&marketplace=FLIPKART&q=smart+phones&store=tyy%2F4io&srno=s_32_753&otracker=search&fm=organic&iid=c31cddc9-2b9c-4d69-8514-816e2f621cf3.MOBHPGG9MZTG9H3E.SEARCH&ppt=None&ppn=None&ssid=fw4585sf7k0000001791542893227&qH=a5594894156db043&ov_redirect=true,2026-10-09
754,"Samsung Galaxy A17 5G (Blue, 128 GB)",Samsung,26458,34999,24% off,4.3,"2,257",212,8 GB RAM,128 GB ROM,5000 mAh Battery,Samsung Exynos 1330 Processor,17.02 cm (6.7 inch) Full HD+ Display,50MP + 5MP + 2MP | 13MP Front Camera,,https://www.flipkart.com/samsung-galaxy-a17-5g-blue-128-gb/p/itm9b0b7e6d52859?pid=MOBHGVECGVQWQVRH&lid=LSTMOBHGVECGVQWQVRHCA1UZN&marketplace=FLIPKART&q=smart+phones&store=tyy%2F4io&srno=s_32_754&otracker=search&fm=organic&iid=c31cddc9-2b9c-4d69-8514-816e2f621cf3.MOBHGVECGVQWQVRH.SEARCH&ppt=None&ppn=None&ssid=fw4585sf7k0000001791542893227&qH=a5594894156db043&ov_redirect=true,2026-10-09
755,"Apple iPhone 17 Pro Max (Cosmic Orange, 256 GB)",Apple,149900,,,4.7,"2,485",233,,,,"A19 Chip, 6 Core Processor Processor",17.53 cm (6.9 inch) Super Retina XDR Display,48MP + 48MP + 48MP | 18MP Front Camera,,https://www.flipkart.com/apple-iphone-17-pro-max-cosmic-orange-256-gb/p/itm81f3a173391c4?pid=MOBHFN6YQKMWVPXH&lid=LSTMOBHFN6YQKMWVPXHHU7XYB&marketplace=FLIPKART&q=smart+phones&store=tyy%2F4io&srno=s_32_755&otracker=search&fm=organic&iid=c31cddc9-2b9c-4d69-8514-816e2f621cf3.MOBHFN6YQKMWVPXH.SEARCH&ppt=None&ppn=None&ssid=fw4585sf7k0000001791542893227&qH=a5594894156db043&ov_redirect=true,2026-10-09
756,"REDMI Note-14 Pro 5G (Ivy Green, 128 GB)",REDMI,26899,28999,7% off,4.3,"1,277",96,8 GB RAM,128 GB ROM,5500 mAh Battery,Dimensity 7300 Ultra Processor,16.94 cm (6.67 inch) Display,50MP + 8MP + 2MP | 20MP Front Camera,,https://www.flipkart.com/redmi-note-14-pro-5g-ivy-green-128-gb/p/itm124f940049e20?pid=MOBH8BW3VHHEVGTG&lid=LSTMOBH8BW3VHHEVGTGZV666A&marketplace=FLIPKART&q=smart+phones&store=tyy%2F4io&srno=s_32_756&otracker=search&fm=organic&iid=c31cddc9-2b9c-4d69-8514-816e2f621cf3.MOBH8BW3VHHEVGTG.SEARCH&ppt=None&ppn=None&ssid=fw4585sf7k0000001791542893227&qH=a5594894156db043&ov_redirect=true,2026-10-09
757,"Nothing Phone (4b) (White, 128 GB)",Nothing,29999,49999,40% off,,,,6 GB RAM,128 GB ROM,6000 mAh Lithium ion Battery,6 Gen 4 Processor,17.2 cm (6.77 inch) Full HD+ AMOLED Display,50MP + 8MP | 16MP Front Camera,,https://www.flipkart.com/nothing-phone-4b-white-128-gb/p/itm939608b40adbb?pid=MOBHQENATV85KYCZ&lid=LSTMOBHQENATV85KYCZ0HUCMA&marketplace=FLIPKART&q=smart+phones&store=tyy%2F4io&srno=s_32_757&otracker=search&fm=organic&iid=en_WZAIBUAF83283J-RT3p_JR8ZfscGl9dRvbJ2XwlcltKWv7HXeff1NnaNPz5StmNUJRWmJqRScuDEhLBoCJQ_-zmhNhj8Rec88cH_U33TMLXRZDlxdeXFiDnHVTnhU2hP&ppt=None&ppn=None&ssid=fw4585sf7k0000001791542893227&qH=a5594894156db043&ov_redirect=true,2026-10-09
758,"BOLTT ACE 5G (Midnight Black, 128 GB)",BOLTT,13499,26999,50% off,4.8,69,59,6 GB RAM,128 GB ROM,6000 mAh Lithium ion Battery,T8200 Processor,17.25 cm (6.79 inch) HD+ Display,64MP Rear Camera | 8MP Front Camera,,https://www.flipkart.com/boltt-ace-5g-midnight-black-128-gb/p/itmc7395bddbb3a4?pid=MOBHPP59KHGRQGZK&lid=LSTMOBHPP59KHGRQGZKG8NGAJ&marketplace=FLIPKART&q=smart+phones&store=tyy%2F4io&srno=s_32_758&otracker=search&fm=organic&iid=en_WZAIBUAF83283J-RT3p_JR8ZfscGl9dRvbJ2XwlcltKP2O-gVOAiVOcCRS4UT4fvceO83KH40hAfyKb6-RK5emI2n1F29CDxktZayioP0zoI2OmMBEJxpgSXsFappS9e&ppt=None&ppn=None&ssid=fw4585sf7k0000001791542893227&qH=a5594894156db043&ov_redirect=true,2026-10-09
759,"Samsung Galaxy S25 Edge 5G (Titanium Jetblack, 256 GB)",Samsung,69999,109999,36% off,4.5,535,75,12 GB RAM,256 GB ROM,3900 mAh Battery,Qualcomm Snapdragon 8 Elite for Galaxy Processor,16.91 cm (6.657 inch) Quad HD+ Display,200MP + 12MP | 12MP Front Camera,,https://www.flipkart.com/samsung-galaxy-s25-edge-5g-titanium-jetblack-256-gb/p/itmc91f3f202a90f?pid=MOBHBXJHFGGJFW5C&lid=LSTMOBHBXJHFGGJFW5CPOXQNR&marketplace=FLIPKART&q=smart+phones&store=tyy%2F4io&srno=s_32_759&otracker=search&fm=organic&iid=c31cddc9-2b9c-4d69-8514-816e2f621cf3.MOBHBXJHFGGJFW5C.SEARCH&ppt=None&ppn=None&ssid=fw4585sf7k0000001791542893227&qH=a5594894156db043&ov_redirect=true,2026-10-09
760,"vivo S2 (Silk White, 128 GB)",vivo,42999,66999,35% off,4.4,574,58,8 GB RAM,128 GB ROM,7050 mAh Lithium-ion Battery,Dimensity 7360-Turbo Processor,17.35 cm (6.83 inch) Full HD+ AMOLED Display,50MP + 2MP | 32MP Front Camera,,https://www.flipkart.com/vivo-s2-silk-white-128-gb/p/itm019d134c8359d?pid=MOBHPGG9YF8Q3ZF3&lid=LSTMOBHPGG9YF8Q3ZF30GCDUS&marketplace=FLIPKART&q=smart+phones&store=tyy%2F4io&srno=s_32_760&otracker=search&fm=organic&iid=c31cddc9-2b9c-4d69-8514-816e2f621cf3.MOBHPGG9YF8Q3ZF3.SEARCH&ppt=None&ppn=None&ssid=fw4585sf7k0000001791542893227&qH=a5594894156db043&ov_redirect=true,2026-10-09
761,"BOLTT EVO (Arctic White, 128 GB)",BOLTT,10499,18999,44% off,4,"2,616","1,184",6 GB RAM,128 GB ROM,6000 mAh Lithium ion Battery,T7250 Processor,6.79'' HD+ punch hole display,50MP + 2MP | 8MP Front Camera,,https://www.flipkart.com/boltt-evo-arctic-white-128-gb/p/itmf046d663a1fd7?pid=MOBHPP59GKGTGZGA&lid=LSTMOBHPP59GKGTGZGAIEMNWG&marketplace=FLIPKART&q=smart+phones&store=tyy%2F4io&srno=s_32_761&otracker=search&fm=organic&iid=en_WZAIBUAF83283J-RT3p_JR8ZfscGl9dRvbJ2XwlcltLLVMD4a4vKsJ_FnRfsHy152d7HEcpMQaj_c2xS4y4sBI6iFcCMcne0NcY1l-GNU4zRZDlxdeXFiDnHVTnhU2hP&ppt=None&ppn=None&ssid=fw4585sf7k0000001791542893227&qH=a5594894156db043&ov_redirect=true,2026-10-09
762,"Mivi One 5G (Burgundy, 128 GB)",Mivi,14999,25999,42% off,,,,8 GB RAM,128 GB ROM,6000 mAh Lithium Polymer Battery,Snapdragon 4 Gen 2 Processor,17.14 cm (6.75 inch) HD+ Display,50MP Rear Camera | 8MP Front Camera,,https://www.flipkart.com/mivi-one-5g-burgundy-128-gb/p/itm3fb0c94957b9f?pid=MOBHR3ZP74GDCQQC&lid=LSTMOBHR3ZP74GDCQQC3F0WAL&marketplace=FLIPKART&q=smart+phones&store=tyy%2F4io&srno=s_32_762&otracker=search&fm=organic&iid=en_WZAIBUAF83283J-RT3p_JR8ZfscGl9dRvbJ2XwlcltL7r8QDjy9Dgr7yB8Ouo4DclhTq3TNR9LJbyvkcUs0E5h5lnB_B3YgA2Ah0gCCIDM4I2OmMBEJxpgSXsFappS9e&ppt=None&ppn=None&ssid=fw4585sf7k0000001791542893227&qH=a5594894156db043&ov_redirect=true,2026-10-09
763,"realme 16 Pro+ 5G (Master Grey, 256 GB)",realme,58999,,,4.5,936,141,12 GB RAM,256 GB ROM,7000 mAh Battery,7 Gen 4 Processor,17.27 cm (6.8 inch) Full HD+ AMOLED Display,200MP + 50MP + 8MP | 50MP Front Camera,,https://www.flipkart.com/realme-16-pro-5g-master-grey-256-gb/p/itmf8e5c193facd1?pid=MOBHMSFHYFWGPU4Z&lid=LSTMOBHMSFHYFWGPU4ZNJK5DY&marketplace=FLIPKART&q=smart+phones&store=tyy%2F4io&srno=s_32_763&otracker=search&fm=organic&iid=c31cddc9-2b9c-4d69-8514-816e2f621cf3.MOBHMSFHYFWGPU4Z.SEARCH&ppt=None&ppn=None&ssid=fw4585sf7k0000001791542893227&qH=a5594894156db043&ov_redirect=true,2026-10-09
764,"vivo S2 (Regal Bronze, 128 GB)",vivo,42999,66999,35% off,4.4,574,58,8 GB RAM,128 GB ROM,7050 mAh Lithium-ion Battery,Dimensity 7360-Turbo Processor,17.35 cm (6.83 inch) Full HD+ AMOLED Display,50MP + 2MP | 32MP Front Camera,,https://www.flipkart.com/vivo-s2-regal-bronze-128-gb/p/itm019d134c8359d?pid=MOBHPGG9AMECZVXX&lid=LSTMOBHPGG9AMECZVXX5WX9FN&marketplace=FLIPKART&q=smart+phones&store=tyy%2F4io&srno=s_32_764&otracker=search&fm=organic&iid=c31cddc9-2b9c-4d69-8514-816e2f621cf3.MOBHPGG9AMECZVXX.SEARCH&ppt=None&ppn=None&ssid=fw4585sf7k0000001791542893227&qH=a5594894156db043&ov_redirect=true,2026-10-09
765,"REDMI Note 14 Pro 5G (Titan Black, 128 GB)",REDMI,27988,28999,3% off,4.3,"6,792",512,8 GB RAM,128 GB ROM,5500 mAh Battery,,16.94 cm (6.67 inch) Display,50MP Rear Camera,,https://www.flipkart.com/redmi-note-14-pro-5g-titan-black-128-gb/p/itm901beaf85e746?pid=MOBH89EKJNVD8N2Y&lid=LSTMOBH89EKJNVD8N2YE46VBO&marketplace=FLIPKART&q=smart+phones&store=tyy%2F4io&srno=s_32_765&otracker=search&fm=organic&iid=c31cddc9-2b9c-4d69-8514-816e2f621cf3.MOBH89EKJNVD8N2Y.SEARCH&ppt=None&ppn=None&ssid=fw4585sf7k0000001791542893227&qH=a5594894156db043&ov_redirect=true,2026-10-09
766,"realme Gt 7 (Icesense Black, 512 GB)",realme,52999,,,4.5,"1,566",200,12 GB RAM,512 GB ROM,7000 mAh Battery,Dimensity Processor,17.22 cm (6.78 inch) Full HD+ AMOLED Display,50MP + 50MP + 50MP + 8MP | 32MP + 32MP Dual Front Camera,,https://www.flipkart.com/realme-gt-7-icesense-black-512-gb/p/itm6cc8f84d92e2f?pid=MOBHCZYZJ756E2YU&lid=LSTMOBHCZYZJ756E2YUZRPIYC&marketplace=FLIPKART&q=smart+phones&store=tyy%2F4io&srno=s_32_766&otracker=search&fm=organic&iid=c31cddc9-2b9c-4d69-8514-816e2f621cf3.MOBHCZYZJ756E2YU.SEARCH&ppt=None&ppn=None&ssid=fw4585sf7k0000001791542893227&qH=a5594894156db043&ov_redirect=true,2026-10-09
767,"BOLTT EVO (Sky Blue, 64 GB)",BOLTT,8999,17999,50% off,4.3,"2,048",987,4 GB RAM,64 GB ROM,6000 mAh Lithium ion Battery,T7250 Processor,6.79'' HD+ punch hole display,50MP + 2MP | 8MP Front Camera,,https://www.flipkart.com/boltt-evo-sky-blue-64-gb/p/itmf046d663a1fd7?pid=MOBHPP59WKSV4FYG&lid=LSTMOBHPP59WKSV4FYGYPMLV6&marketplace=FLIPKART&q=smart+phones&store=tyy%2F4io&srno=s_32_767&otracker=search&fm=organic&iid=en_WZAIBUAF83283J-RT3p_JR8ZfscGl9dRvbJ2XwlcltJKvbD8Xuqq_GV0i_858Hg5iWdFa328hJ5Tl7uRbip-ZFs0LAPqMrP3q_6IRdvsZf_RZDlxdeXFiDnHVTnhU2hP&ppt=None&ppn=None&ssid=fw4585sf7k0000001791542893227&qH=a5594894156db043&ov_redirect=true,2026-10-09
768,"BOLTT ACE 5G (Arctic White, 128 GB)",BOLTT,13499,26999,50% off,4.8,69,59,6 GB RAM,128 GB ROM,6000 mAh Lithium ion Battery,T8200 Processor,17.25 cm (6.79 inch) HD+ Display,64MP Rear Camera | 8MP Front Camera,,https://www.flipkart.com/boltt-ace-5g-arctic-white-128-gb/p/itm2eb0f483effdd?pid=MOBHPP599JHZUZBV&lid=LSTMOBHPP599JHZUZBVN1I3RX&marketplace=FLIPKART&q=smart+phones&store=tyy%2F4io&srno=s_32_768&otracker=search&fm=organic&iid=en_WZAIBUAF83283J-RT3p_JR8ZfscGl9dRvbJ2XwlcltLXdCpUvX22y5EMZUnJoKKOqWMRb7XZ9LlJlXwsX-MeSpRRJF9TV-hbUYxhg9GdHDamlU0jQgp4qgqia1i7UZvY&ppt=None&ppn=None&ssid=fw4585sf7k0000001791542893227&qH=a5594894156db043&ov_redirect=true,2026-10-09
769,"MOTOROLA Edge 70 Pro+ (Twill Inspired PANTONE Stormy sea (Green), 256 GB)",MOTOROLA,47999,84999,43% off,4.3,614,91,12 GB RAM,256 GB ROM,6500 mAh Silicon-Carbon Battery,Dimensity 8500 Extreme Processor,17.27 cm (6.8 inch) Full HD+ Super AMOLED Display,50MP + 50MP + 50MP | 50MP Front Camera,,https://www.flipkart.com/motorola-edge-70-pro-twill-inspired-pantone-stormy-sea-green-256-gb/p/itm79d34f83fb1e7?pid=MOBHHXQRYAYXMA86&lid=LSTMOBHHXQRYAYXMA86JVCHQB&marketplace=FLIPKART&q=smart+phones&store=tyy%2F4io&srno=s_33_769&otracker=search&fm=organic&iid=a07bafc8-ef6e-454d-8059-396743ff974f.MOBHHXQRYAYXMA86.SEARCH&ppt=None&ppn=None&ssid=5per0cr3jk0000001791542896126&qH=a5594894156db043&ov_redirect=true,2026-10-09
770,"BOLTT EVO (Arctic White, 64 GB)",BOLTT,8999,17999,50% off,4.3,"2,048",987,4 GB RAM,64 GB ROM,6000 mAh Lithium ion Battery,T7250 Processor,6.79'' HD+ punch hole display,50MP + 2MP | 8MP Front Camera,,https://www.flipkart.com/boltt-evo-arctic-white-64-gb/p/itmf046d663a1fd7?pid=MOBHPP59BYSJ98M8&lid=LSTMOBHPP59BYSJ98M8RWYHGQ&marketplace=FLIPKART&q=smart+phones&store=tyy%2F4io&srno=s_33_770&otracker=search&fm=organic&iid=a07bafc8-ef6e-454d-8059-396743ff974f.MOBHPP59BYSJ98M8.SEARCH&ppt=None&ppn=None&ssid=5per0cr3jk0000001791542896126&qH=a5594894156db043&ov_redirect=true,2026-10-09
771,"BOLTT EVO (Midnight Black, 64 GB)",BOLTT,8999,17999,50% off,4.3,"2,048",987,4 GB RAM,64 GB ROM,6000 mAh Lithium ion Battery,T7250 Processor,6.79'' HD+ punch hole display,50MP + 2MP | 8MP Front Camera,,https://www.flipkart.com/boltt-evo-midnight-black-64-gb/p/itmf046d663a1fd7?pid=MOBHPP597GB8ZHTY&lid=LSTMOBHPP597GB8ZHTYGYX70A&marketplace=FLIPKART&q=smart+phones&store=tyy%2F4io&srno=s_33_771&otracker=search&fm=organic&iid=en_nPqsAGpOZj3i0KXV6G0xcjs_QTYWU_4iQL5_FETqrOuJ-7BKfYXHZhVUkmocXsZpmufLsD40cfOytTrT-2ACNol0zbRIx7nkRM2sm5Z_wdMZPjJAYASBb1o9hKa-ga0N&ppt=None&ppn=None&ssid=5per0cr3jk0000001791542896126&qH=a5594894156db043&ov_redirect=true,2026-10-09
772,"Mivi One 5G (Green, 128 GB)",Mivi,13999,23999,41% off,,,,6 GB RAM,128 GB ROM,6000 mAh Lithium Polymer Battery,Snapdragon 4 Gen 2 Processor,17.14 cm (6.75 inch) HD+ Display,50MP Rear Camera | 8MP Front Camera,,https://www.flipkart.com/mivi-one-5g-green-128-gb/p/itm7ea6be1c1d0bf?pid=MOBHR3ZPFRUFFEBF&lid=LSTMOBHR3ZPFRUFFEBFXXFJBJ&marketplace=FLIPKART&q=smart+phones&store=tyy%2F4io&srno=s_33_772&otracker=search&fm=organic&iid=en_nPqsAGpOZj3i0KXV6G0xcjs_QTYWU_4iQL5_FETqrOtmQUYvDfO0j2cVY7j3xWOTzBcC0adnJVDAF994s5Z8VY9HwORmVN_5IcANi6THsWru_RSW063DPrNyz94h10oK&ppt=None&ppn=None&ssid=5per0cr3jk0000001791542896126&qH=a5594894156db043&ov_redirect=true,2026-10-09
773,"Google Pixel 11 Pro (Canyon, 512 GB)",Google,134999,,,4.6,32,4,16 GB RAM,512 GB ROM,4850 mAh Lithium Battery,Tensor G6 Processor,16.0 cm (6.3 inch) Super Actua Display,50MP + 48MP + 48MP | 42MP Front Camera,,https://www.flipkart.com/google-pixel-11-pro-canyon-512-gb/p/itm65df4a790aa15?pid=MOBHPHNVXEDYHHVF&lid=LSTMOBHPHNVXEDYHHVF6QMQYV&marketplace=FLIPKART&q=smart+phones&store=tyy%2F4io&srno=s_33_773&otracker=search&fm=organic&iid=a07bafc8-ef6e-454d-8059-396743ff974f.MOBHPHNVXEDYHHVF.SEARCH&ppt=None&ppn=None&ssid=5per0cr3jk0000001791542896126&qH=a5594894156db043&ov_redirect=true,2026-10-09
774,"Samsung Galaxy S26 Ultra 5G (Black, 256 GB)",Samsung,124999,139999,10% off,4.6,"1,389",356,12 GB RAM,256 GB ROM,5000 mAh Li-ion Battery,Snapdragon 8 Elite Gen 5 Processor,17.53 cm (6.9 inch) Quad HD+ Display,200MP + 50MP | 12MP Front Camera,,https://www.flipkart.com/samsung-galaxy-s26-ultra-5g-black-256-gb/p/itmf4799d3841c43?pid=MOBHKGAPRHSYRRH4&lid=LSTMOBHKGAPRHSYRRH4ZDF5XG&marketplace=FLIPKART&q=smart+phones&store=tyy%2F4io&srno=s_33_774&otracker=search&fm=organic&iid=a07bafc8-ef6e-454d-8059-396743ff974f.MOBHKGAPRHSYRRH4.SEARCH&ppt=None&ppn=None&ssid=5per0cr3jk0000001791542896126&qH=a5594894156db043&ov_redirect=true,2026-10-09
775,"REDMI Note 15 5G (Black, 256 GB)",REDMI,30964,38999,20% off,4.4,"1,262",92,8 GB RAM,256 GB ROM,5520 mAh Battery,,17.2 cm (6.77 inch) Display,108MP Rear Camera,,https://www.flipkart.com/redmi-note-15-5g-black-256-gb/p/itm7cb24e3c40189?pid=MOBHJHPUU27FF6DA&lid=LSTMOBHJHPUU27FF6DAW39HR5&marketplace=FLIPKART&q=smart+phones&store=tyy%2F4io&srno=s_33_775&otracker=search&fm=organic&iid=a07bafc8-ef6e-454d-8059-396743ff974f.MOBHJHPUU27FF6DA.SEARCH&ppt=None&ppn=None&ssid=5per0cr3jk0000001791542896126&qH=a5594894156db043&ov_redirect=true,2026-10-09
776,"Samsung Galaxy F70 Pro 5G (Alpha Black, 256 GB)",Samsung,35999,54999,34% off,4.4,605,287,8 GB RAM,256 GB ROM,6000 mAh Li-ion Battery,Snapdragon 6 Gen 3 Processor,17.02 cm (6.7 inch) Full HD+ Display,50MP + 5MP | 12MP Front Camera,,https://www.flipkart.com/samsung-galaxy-f70-pro-5g-alpha-black-256-gb/p/itm37bbb9ed78024?pid=MOBHZ8YSJ2AJQEBZ&lid=LSTMOBHZ8YSJ2AJQEBZ5KBEEG&marketplace=FLIPKART&q=smart+phones&store=tyy%2F4io&srno=s_33_776&otracker=search&fm=organic&iid=a07bafc8-ef6e-454d-8059-396743ff974f.MOBHZ8YSJ2AJQEBZ.SEARCH&ppt=None&ppn=None&ssid=5per0cr3jk0000001791542896126&qH=a5594894156db043&ov_redirect=true,2026-10-09
777,"BOLTT ACE 5G (Lavender Bloom, 64 GB)",BOLTT,11999,24999,52% off,4.2,477,226,4 GB RAM,64 GB ROM,6000 mAh Lithium ion Battery,T8200 Processor,17.25 cm (6.79 inch) HD+ Display,64MP Rear Camera | 8MP Front Camera,,https://www.flipkart.com/boltt-ace-5g-lavender-bloom-64-gb/p/itm2eb0f483effdd?pid=MOBHPP59CGDHZVJY&lid=LSTMOBHPP59CGDHZVJYFJP39X&marketplace=FLIPKART&q=smart+phones&store=tyy%2F4io&srno=s_33_777&otracker=search&fm=organic&iid=en_nPqsAGpOZj3i0KXV6G0xcjs_QTYWU_4iQL5_FETqrOsujiRIxVzCa0xJ1SpIaoC26EjlcJGcWKVIdsXhsZKqldil8PSYMCIeoorv_0-dz5Pu_RSW063DPrNyz94h10oK&ppt=None&ppn=None&ssid=5per0cr3jk0000001791542896126&qH=a5594894156db043&ov_redirect=true,2026-10-09
778,"BOLTT EVO (Arctic White, 64 GB)",BOLTT,8999,17999,50% off,4.3,"2,048",987,4 GB RAM,64 GB ROM,6000 mAh Lithium ion Battery,T7250 Processor,6.79'' HD+ punch hole display,50MP + 2MP | 8MP Front Camera,,https://www.flipkart.com/boltt-evo-arctic-white-64-gb/p/itmf046d663a1fd7?pid=MOBHPP59BYSJ98M8&lid=LSTMOBHPP59BYSJ98M8RWYHGQ&marketplace=FLIPKART&q=smart+phones&store=tyy%2F4io&srno=s_33_778&otracker=search&fm=organic&iid=en_nPqsAGpOZj3i0KXV6G0xcjs_QTYWU_4iQL5_FETqrOulhn23d3glNl0McTN3msAqMw_YrC6cGEjKq2WZ8-8z4kJqULiYX7S4erGGIr8dEegZPjJAYASBb1o9hKa-ga0N&ppt=None&ppn=None&ssid=5per0cr3jk0000001791542896126&qH=a5594894156db043&ov_redirect=true,2026-10-09
779,"REDMI 15 5G (Midnight Black, 128 GB)",REDMI,34999,,,4.3,"5,044",322,8 GB RAM,128 GB ROM,7000 mAh Battery,,17.53 cm (6.9 inch) Display,50MP Rear Camera,,https://www.flipkart.com/redmi-15-5g-midnight-black-128-gb/p/itmd7bced8727891?pid=MOBHFTM8SXZC3UGN&lid=LSTMOBHFTM8SXZC3UGNTLANSS&marketplace=FLIPKART&q=smart+phones&store=tyy%2F4io&srno=s_33_779&otracker=search&fm=organic&iid=a07bafc8-ef6e-454d-8059-396743ff974f.MOBHFTM8SXZC3UGN.SEARCH&ppt=None&ppn=None&ssid=5per0cr3jk0000001791542896126&qH=a5594894156db043&ov_redirect=true,2026-10-09
780,"LAVA Virat Curve 5G (Heritage Indigo, 128 GB)",LAVA,20999,29999,30% off,4.4,"1,454",553,6 GB RAM,128 GB ROM,6000 mAh Li-ion Battery,Dimensity 7100 Processor,16.94 cm (6.67 inch) Full HD+ Display,50MP Rear Camera | 13MP Front Camera,,https://www.flipkart.com/lava-virat-curve-5g-heritage-indigo-128-gb/p/itm19c98d835e5ea?pid=MOBHQT22USSQ99WH&lid=LSTMOBHQT22USSQ99WHTHIXC9&marketplace=FLIPKART&q=smart+phones&store=tyy%2F4io&srno=s_33_780&otracker=search&fm=organic&iid=a07bafc8-ef6e-454d-8059-396743ff974f.MOBHQT22USSQ99WH.SEARCH&ppt=None&ppn=None&ssid=5per0cr3jk0000001791542896126&qH=a5594894156db043&ov_redirect=true,2026-10-09
781,"Nothing Phone (4b) (White, 128 GB)",Nothing,29999,49999,40% off,,,,6 GB RAM,128 GB ROM,6000 mAh Lithium ion Battery,6 Gen 4 Processor,17.2 cm (6.77 inch) Full HD+ AMOLED Display,50MP + 8MP | 16MP Front Camera,,https://www.flipkart.com/nothing-phone-4b-white-128-gb/p/itm939608b40adbb?pid=MOBHQENATV85KYCZ&lid=LSTMOBHQENATV85KYCZ0HUCMA&marketplace=FLIPKART&q=smart+phones&store=tyy%2F4io&srno=s_33_781&otracker=search&fm=organic&iid=en_nPqsAGpOZj3i0KXV6G0xcjs_QTYWU_4iQL5_FETqrOu8M15dUH9Y1E4dG0MbgavkJRWmJqRScuDEhLBoCJQ_-zmhNhj8Rec88cH_U33TMLUZPjJAYASBb1o9hKa-ga0N&ppt=None&ppn=None&ssid=5per0cr3jk0000001791542896126&qH=a5594894156db043&ov_redirect=true,2026-10-09
782,"BOLTT ACE 5G (Midnight Black, 128 GB)",BOLTT,13499,26999,50% off,4.8,69,59,6 GB RAM,128 GB ROM,6000 mAh Lithium ion Battery,T8200 Processor,17.25 cm (6.79 inch) HD+ Display,64MP Rear Camera | 8MP Front Camera,,https://www.flipkart.com/boltt-ace-5g-midnight-black-128-gb/p/itmc7395bddbb3a4?pid=MOBHPP59KHGRQGZK&lid=LSTMOBHPP59KHGRQGZKG8NGAJ&marketplace=FLIPKART&q=smart+phones&store=tyy%2F4io&srno=s_33_782&otracker=search&fm=organic&iid=en_nPqsAGpOZj3i0KXV6G0xcjs_QTYWU_4iQL5_FETqrOsnDIIEeAfIyGiGwqFCsUNIceO83KH40hAfyKb6-RK5emI2n1F29CDxktZayioP0zru_RSW063DPrNyz94h10oK&ppt=None&ppn=None&ssid=5per0cr3jk0000001791542896126&qH=a5594894156db043&ov_redirect=true,2026-10-09
783,"Apple iPhone 17 (Lavender, 512 GB)",Apple,109999,124900,11% off,4.6,"28,706","2,057",,,,"A19 Chip, 6 Core Processor Processor",16.0 cm (6.3 inch) Super Retina XDR Display,48MP + 48MP | 18MP Front Camera,,https://www.flipkart.com/apple-iphone-17-lavender-512-gb/p/itm4129c66363e5b?pid=MOBHQV9YGGQJRZ39&lid=LSTMOBHQV9YGGQJRZ391YHPLM&marketplace=FLIPKART&q=smart+phones&store=tyy%2F4io&srno=s_33_783&otracker=search&fm=organic&iid=a07bafc8-ef6e-454d-8059-396743ff974f.MOBHQV9YGGQJRZ39.SEARCH&ppt=None&ppn=None&ssid=5per0cr3jk0000001791542896126&qH=a5594894156db043&ov_redirect=true,2026-10-09
784,"REDMI 15 5G (Sandy Purple, 128 GB)",REDMI,27999,,,4.3,"5,044",322,8 GB RAM,128 GB ROM,7000 mAh Battery,,17.53 cm (6.9 inch) Display,50MP Rear Camera,,https://www.flipkart.com/redmi-15-5g-sandy-purple-128-gb/p/itmd7bced8727891?pid=MOBHFTM6MZ8J3XDW&lid=LSTMOBHFTM6MZ8J3XDWWQJBXM&marketplace=FLIPKART&q=smart+phones&store=tyy%2F4io&srno=s_33_784&otracker=search&fm=organic&iid=a07bafc8-ef6e-454d-8059-396743ff974f.MOBHFTM6MZ8J3XDW.SEARCH&ppt=None&ppn=None&ssid=5per0cr3jk0000001791542896126&qH=a5594894156db043&ov_redirect=true,2026-10-09
785,"Apple iPhone 18 Pro (Glacier, 256 GB)",Apple,164900,,,4.6,281,37,,,,"A20 Pro chip, 6 Core Processor Processor",16.0 cm (6.3 inch) Super Retina XDR Display,48MP + 48MP + 48MP | 18MP Front Camera,,https://www.flipkart.com/apple-iphone-18-pro-glacier-256-gb/p/itm3874a83c12f72?pid=MOBHR2GUJEXEBDCF&lid=LSTMOBHR2GUJEXEBDCFHTKLND&marketplace=FLIPKART&q=smart+phones&store=tyy%2F4io&srno=s_33_785&otracker=search&fm=organic&iid=a07bafc8-ef6e-454d-8059-396743ff974f.MOBHR2GUJEXEBDCF.SEARCH&ppt=None&ppn=None&ssid=5per0cr3jk0000001791542896126&qH=a5594894156db043&ov_redirect=true,2026-10-09
786,"Samsung Galaxy F17 5G (Neo Black, 128 GB)",Samsung,23384,30999,24% off,4.2,272,22,6 GB RAM,128 GB ROM,5000 mAh Battery,Exynos 1330 Processor,17.02 cm (6.7 inch) Full HD+ Display,50MP + 5MP | 13MP Front Camera,,https://www.flipkart.com/samsung-galaxy-f17-5g-neo-black-128-gb/p/itm64a193b8fd9f0?pid=MOBHF6KMBVEUAZXP&lid=LSTMOBHF6KMBVEUAZXPNDFV4F&marketplace=FLIPKART&q=smart+phones&store=tyy%2F4io&srno=s_33_786&otracker=search&fm=organic&iid=a07bafc8-ef6e-454d-8059-396743ff974f.MOBHF6KMBVEUAZXP.SEARCH&ppt=None&ppn=None&ssid=5per0cr3jk0000001791542896126&qH=a5594894156db043&ov_redirect=true,2026-10-09
787,"BOLTT EVO (Arctic White, 128 GB)",BOLTT,10499,18999,44% off,4,"2,616","1,184",6 GB RAM,128 GB ROM,6000 mAh Lithium ion Battery,T7250 Processor,6.79'' HD+ punch hole display,50MP + 2MP | 8MP Front Camera,,https://www.flipkart.com/boltt-evo-arctic-white-128-gb/p/itmf046d663a1fd7?pid=MOBHPP59GKGTGZGA&lid=LSTMOBHPP59GKGTGZGAIEMNWG&marketplace=FLIPKART&q=smart+phones&store=tyy%2F4io&srno=s_33_787&otracker=search&fm=organic&iid=en_nPqsAGpOZj3i0KXV6G0xcjs_QTYWU_4iQL5_FETqrOskChAAExguVbsXAxDVL9Cm2d7HEcpMQaj_c2xS4y4sBI6iFcCMcne0NcY1l-GNU4wZPjJAYASBb1o9hKa-ga0N&ppt=None&ppn=None&ssid=5per0cr3jk0000001791542896126&qH=a5594894156db043&ov_redirect=true,2026-10-09
788,"Mivi One 5G (Burgundy, 128 GB)",Mivi,14999,25999,42% off,,,,8 GB RAM,128 GB ROM,6000 mAh Lithium Polymer Battery,Snapdragon 4 Gen 2 Processor,17.14 cm (6.75 inch) HD+ Display,50MP Rear Camera | 8MP Front Camera,,https://www.flipkart.com/mivi-one-5g-burgundy-128-gb/p/itm3fb0c94957b9f?pid=MOBHR3ZP74GDCQQC&lid=LSTMOBHR3ZP74GDCQQC3F0WAL&marketplace=FLIPKART&q=smart+phones&store=tyy%2F4io&srno=s_33_788&otracker=search&fm=organic&iid=en_nPqsAGpOZj3i0KXV6G0xcjs_QTYWU_4iQL5_FETqrOvwH1mhA9s-PkFeYUm0a9q4lhTq3TNR9LJbyvkcUs0E5h5lnB_B3YgA2Ah0gCCIDM7u_RSW063DPrNyz94h10oK&ppt=None&ppn=None&ssid=5per0cr3jk0000001791542896126&qH=a5594894156db043&ov_redirect=true,2026-10-09
789,"BOLTT ACE 5G (Burgundy Bliss, 128 GB)",BOLTT,14999,28999,48% off,4.8,106,88,8 GB RAM,128 GB ROM,6000 mAh Lithium ion Battery,T8200 Processor,17.25 cm (6.79 inch) HD+ Display,64MP Rear Camera | 8MP Front Camera,,https://www.flipkart.com/boltt-ace-5g-burgundy-bliss-128-gb/p/itm2eb0f483effdd?pid=MOBHPP59KBQKWHCC&lid=LSTMOBHPP59KBQKWHCCNILQCZ&marketplace=FLIPKART&q=smart+phones&store=tyy%2F4io&srno=s_33_789&otracker=search&fm=organic&iid=a07bafc8-ef6e-454d-8059-396743ff974f.MOBHPP59KBQKWHCC.SEARCH&ppt=None&ppn=None&ssid=5per0cr3jk0000001791542896126&qH=a5594894156db043&ov_redirect=true,2026-10-09
790,"REDMI Note 15 5G (Glacier Blue, 128 GB)",REDMI,27490,35999,23% off,4.4,"1,262",92,8 GB RAM,128 GB ROM,5520 mAh Battery,,17.2 cm (6.77 inch) Display,108MP Rear Camera,,https://www.flipkart.com/redmi-note-15-5g-glacier-blue-128-gb/p/itm7cb24e3c40189?pid=MOBHJHPUACM2SDPW&lid=LSTMOBHJHPUACM2SDPWG0QESG&marketplace=FLIPKART&q=smart+phones&store=tyy%2F4io&srno=s_33_790&otracker=search&fm=organic&iid=a07bafc8-ef6e-454d-8059-396743ff974f.MOBHJHPUACM2SDPW.SEARCH&ppt=None&ppn=None&ssid=5per0cr3jk0000001791542896126&qH=a5594894156db043&ov_redirect=true,2026-10-09
791,"BOLTT EVO (Sky Blue, 64 GB)",BOLTT,8999,17999,50% off,4.3,"2,048",987,4 GB RAM,64 GB ROM,6000 mAh Lithium ion Battery,T7250 Processor,6.79'' HD+ punch hole display,50MP + 2MP | 8MP Front Camera,,https://www.flipkart.com/boltt-evo-sky-blue-64-gb/p/itmf046d663a1fd7?pid=MOBHPP59WKSV4FYG&lid=LSTMOBHPP59WKSV4FYGYPMLV6&marketplace=FLIPKART&q=smart+phones&store=tyy%2F4io&srno=s_33_791&otracker=search&fm=organic&iid=en_nPqsAGpOZj3i0KXV6G0xcjs_QTYWU_4iQL5_FETqrOu-WUCi0_Et73CTtWnDRjPLiWdFa328hJ5Tl7uRbip-ZFs0LAPqMrP3q_6IRdvsZf8ZPjJAYASBb1o9hKa-ga0N&ppt=None&ppn=None&ssid=5per0cr3jk0000001791542896126&qH=a5594894156db043&ov_redirect=true,2026-10-09
792,"BOLTT ACE 5G (Arctic White, 128 GB)",BOLTT,13499,26999,50% off,4.8,69,59,6 GB RAM,128 GB ROM,6000 mAh Lithium ion Battery,T8200 Processor,17.25 cm (6.79 inch) HD+ Display,64MP Rear Camera | 8MP Front Camera,,https://www.flipkart.com/boltt-ace-5g-arctic-white-128-gb/p/itm2eb0f483effdd?pid=MOBHPP599JHZUZBV&lid=LSTMOBHPP599JHZUZBVN1I3RX&marketplace=FLIPKART&q=smart+phones&store=tyy%2F4io&srno=s_33_792&otracker=search&fm=organic&iid=en_nPqsAGpOZj3i0KXV6G0xcjs_QTYWU_4iQL5_FETqrOtKVcVtLVzP4YaXJ36vWULCqWMRb7XZ9LlJlXwsX-MeSpRRJF9TV-hbUYxhg9GdHDYpO20ePc2-D6LORSovKfqH&ppt=None&ppn=None&ssid=5per0cr3jk0000001791542896126&qH=a5594894156db043&ov_redirect=true,2026-10-09
793,"vivo S2 (Sapphire Blue, 128 GB)",vivo,42999,66999,35% off,4.4,574,58,8 GB RAM,128 GB ROM,7050 mAh Lithium-ion Battery,Dimensity 7360-Turbo Processor,17.35 cm (6.83 inch) Full HD+ AMOLED Display,50MP + 2MP | 32MP Front Camera,,https://www.flipkart.com/vivo-s2-sapphire-blue-128-gb/p/itm019d134c8359d?pid=MOBHPGG9JRTQRRHD&lid=LSTMOBHPGG9JRTQRRHDZFVS5T&marketplace=FLIPKART&q=smart+phones&store=tyy%2F4io&srno=s_34_793&otracker=search&fm=organic&iid=d09f4297-dc0e-4728-a9bc-a82aaf4166e6.MOBHPGG9JRTQRRHD.SEARCH&ppt=None&ppn=None&ssid=nn6i3ra2ow0000001791542899076&qH=a5594894156db043&ov_redirect=true,2026-10-09
794,"Ai+ Nova 2 Neo 5G (Red, 128 GB)",Ai+,12999,18999,31% off,4.3,"2,452",212,4 GB RAM,128 GB ROM,6000 mAh Li-polymer Battery,Dimensity 6300 Processor,17.13 cm (6.745 inch) HD+ Display,48MP Rear Camera | 8MP Front Camera,,https://www.flipkart.com/ai-nova-2-neo-5g-red-128-gb/p/itm3e105950e9175?pid=MOBHZ8ZMZBX5H8F8&lid=LSTMOBHZ8ZMZBX5H8F8DKTY5A&marketplace=FLIPKART&q=smart+phones&store=tyy%2F4io&srno=s_34_794&otracker=search&fm=organic&iid=d09f4297-dc0e-4728-a9bc-a82aaf4166e6.MOBHZ8ZMZBX5H8F8.SEARCH&ppt=None&ppn=None&ssid=nn6i3ra2ow0000001791542899076&qH=a5594894156db043&ov_redirect=true,2026-10-09
795,"realme 16 5G (Air Black, 128 GB)",realme,36999,41999,11% off,4,"1,034",116,8 GB RAM,128 GB ROM,7000 mAh Battery,Dimensity 6400 Turbo Processor,16.69 cm (6.57 inch) Full HD+ AMOLED Display,50MP + 2MP | 50MP Front Camera,,https://www.flipkart.com/realme-16-5g-air-black-128-gb/p/itm7b0c4cd95742b?pid=MOBHHM6TDJP7TNNS&lid=LSTMOBHHM6TDJP7TNNSXCXCK0&marketplace=FLIPKART&q=smart+phones&store=tyy%2F4io&srno=s_34_795&otracker=search&fm=organic&iid=d09f4297-dc0e-4728-a9bc-a82aaf4166e6.MOBHHM6TDJP7TNNS.SEARCH&ppt=None&ppn=None&ssid=nn6i3ra2ow0000001791542899076&qH=a5594894156db043&ov_redirect=true,2026-10-09
796,"HMD VIBE2 5G (Cosmic Lavender, 128 GB)",HMD,14999,24999,40% off,4.3,604,93,6 GB RAM,128 GB ROM,6000 mAh Li-Poly Battery,,17.02 cm (6.7 inch) HD+ Display,50MP Rear Camera | 8MP Front Camera,,https://www.flipkart.com/hmd-vibe2-5g-cosmic-lavender-128-gb/p/itm71c3ae6df2a26?pid=MOBHNS6YEGVY7BH6&lid=LSTMOBHNS6YEGVY7BH6AORVCM&marketplace=FLIPKART&q=smart+phones&store=tyy%2F4io&srno=s_34_796&otracker=search&fm=organic&iid=d09f4297-dc0e-4728-a9bc-a82aaf4166e6.MOBHNS6YEGVY7BH6.SEARCH&ppt=None&ppn=None&ssid=nn6i3ra2ow0000001791542899076&qH=a5594894156db043&ov_redirect=true,2026-10-09
797,"BOLTT EVO (Midnight Black, 64 GB)",BOLTT,8999,17999,50% off,4.3,"2,048",987,4 GB RAM,64 GB ROM,6000 mAh Lithium ion Battery,T7250 Processor,6.79'' HD+ punch hole display,50MP + 2MP | 8MP Front Camera,,https://www.flipkart.com/boltt-evo-midnight-black-64-gb/p/itmf046d663a1fd7?pid=MOBHPP597GB8ZHTY&lid=LSTMOBHPP597GB8ZHTYGYX70A&marketplace=FLIPKART&q=smart+phones&store=tyy%2F4io&srno=s_34_797&otracker=search&fm=organic&iid=en_ZD79HxjQTxMdSs3R6Th9gQb55ICa04xnfiSWJDuE2EsDo7avJnsx3OerMtzwcyHDmufLsD40cfOytTrT-2ACNol0zbRIx7nkRM2sm5Z_wdMGvU56BS6c52KuXxdwmyKF&ppt=None&ppn=None&ssid=nn6i3ra2ow0000001791542899076&qH=a5594894156db043&ov_redirect=true,2026-10-09
798,"Mivi One 5G (Green, 128 GB)",Mivi,13999,23999,41% off,,,,6 GB RAM,128 GB ROM,6000 mAh Lithium Polymer Battery,Snapdragon 4 Gen 2 Processor,17.14 cm (6.75 inch) HD+ Display,50MP Rear Camera | 8MP Front Camera,,https://www.flipkart.com/mivi-one-5g-green-128-gb/p/itm7ea6be1c1d0bf?pid=MOBHR3ZPFRUFFEBF&lid=LSTMOBHR3ZPFRUFFEBFXXFJBJ&marketplace=FLIPKART&q=smart+phones&store=tyy%2F4io&srno=s_34_798&otracker=search&fm=organic&iid=en_ZD79HxjQTxMdSs3R6Th9gQb55ICa04xnfiSWJDuE2EvMiM2OZE_Sd-fMM-Ou6kKWzBcC0adnJVDAF994s5Z8VY9HwORmVN_5IcANi6THsWp_c7rf5jPa-BQq6pbfavSJ&ppt=None&ppn=None&ssid=nn6i3ra2ow0000001791542899076&qH=a5594894156db043&ov_redirect=true,2026-10-09
799,"Samsung Galaxy A56 5G (Awesome Graphite, 256 GB)",Samsung,43999,48999,10% off,4.4,"1,091",85,8 GB RAM,256 GB ROM,5000 mAh Battery,Samsung Exynos 1580 Processor,17.02 cm (6.7 inch) Full HD+ Display,50MP + 12MP + 5MP | 12MP Front Camera,,https://www.flipkart.com/samsung-galaxy-a56-5g-awesome-graphite-256-gb/p/itmfc74a277c6fb4?pid=MOBH9RNGDAUAZUGG&lid=LSTMOBH9RNGDAUAZUGG8YPIDO&marketplace=FLIPKART&q=smart+phones&store=tyy%2F4io&srno=s_34_799&otracker=search&fm=organic&iid=d09f4297-dc0e-4728-a9bc-a82aaf4166e6.MOBH9RNGDAUAZUGG.SEARCH&ppt=None&ppn=None&ssid=nn6i3ra2ow0000001791542899076&qH=a5594894156db043&ov_redirect=true,2026-10-09
800,"POCO X8 Power 5G (Black, 128 GB)",POCO,30999,79999,61% off,4.3,314,74,8 GB RAM,128 GB ROM,10000 mAh Lithium-Ion Polymer Battery,6 Gen 5 Processor,17.35 cm (6.83 inch) Full HD+ AMOLED Display,50MP + 8MP | 32MP Front Camera,,https://www.flipkart.com/poco-x8-power-5g-black-128-gb/p/itmfa3bb120ffe34?pid=MOBHQ6XZQ52XVZ9U&lid=LSTMOBHQ6XZQ52XVZ9UPWRBXR&marketplace=FLIPKART&q=smart+phones&store=tyy%2F4io&srno=s_34_800&otracker=search&fm=organic&iid=d09f4297-dc0e-4728-a9bc-a82aaf4166e6.MOBHQ6XZQ52XVZ9U.SEARCH&ppt=None&ppn=None&ssid=nn6i3ra2ow0000001791542899076&qH=a5594894156db043&ov_redirect=true,2026-10-09
801,"BOLTT EVO (Arctic White, 64 GB)",BOLTT,8999,17999,50% off,4.3,"2,048",987,4 GB RAM,64 GB ROM,6000 mAh Lithium ion Battery,T7250 Processor,6.79'' HD+ punch hole display,50MP + 2MP | 8MP Front Camera,,https://www.flipkart.com/boltt-evo-arctic-white-64-gb/p/itmf046d663a1fd7?pid=MOBHPP59BYSJ98M8&lid=LSTMOBHPP59BYSJ98M8RWYHGQ&marketplace=FLIPKART&q=smart+phones&store=tyy%2F4io&srno=s_34_801&otracker=search&fm=organic&iid=en_ZD79HxjQTxMdSs3R6Th9gQb55ICa04xnfiSWJDuE2EtLtGRarih64eLqfPLyKbmiMw_YrC6cGEjKq2WZ8-8z4qoJtuV9R_JTLQ6A0_d1zMQGvU56BS6c52KuXxdwmyKF&ppt=None&ppn=None&ssid=nn6i3ra2ow0000001791542899076&qH=a5594894156db043&ov_redirect=true,2026-10-09
802,"Nothing Phone (4b) (White, 128 GB)",Nothing,29999,49999,40% off,,,,6 GB RAM,128 GB ROM,6000 mAh Lithium ion Battery,6 Gen 4 Processor,17.2 cm (6.77 inch) Full HD+ AMOLED Display,50MP + 8MP | 16MP Front Camera,,https://www.flipkart.com/nothing-phone-4b-white-128-gb/p/itm939608b40adbb?pid=MOBHQENATV85KYCZ&lid=LSTMOBHQENATV85KYCZ0HUCMA&marketplace=FLIPKART&q=smart+phones&store=tyy%2F4io&srno=s_34_802&otracker=search&fm=organic&iid=en_ZD79HxjQTxMdSs3R6Th9gQb55ICa04xnfiSWJDuE2EuVHdFY-3W-6uTGq52G8skSJRWmJqRScuDEhLBoCJQ_-3Mu8S9Tpd5mWOJNld4khGkGvU56BS6c52KuXxdwmyKF&ppt=None&ppn=None&ssid=nn6i3ra2ow0000001791542899076&qH=a5594894156db043&ov_redirect=true,2026-10-09
803,"Ai+ Nova 2 Ultra 5G (Green, 128 GB)",Ai+,20999,29999,30% off,4.2,"4,266",576,6 GB RAM,128 GB ROM,6000 mAh Li-polymer Battery,Dimensity 7400 Processor,17.22 cm (6.78 inch) Full HD+ AMOLED Display,50MP + 8MP | 13MP Front Camera,,https://www.flipkart.com/ai-nova-2-ultra-5g-green-128-gb/p/itm6a04f815a5f9c?pid=MOBHZHUVVAHHPZZR&lid=LSTMOBHZHUVVAHHPZZR2BMO8H&marketplace=FLIPKART&q=smart+phones&store=tyy%2F4io&srno=s_34_803&otracker=search&fm=organic&iid=d09f4297-dc0e-4728-a9bc-a82aaf4166e6.MOBHZHUVVAHHPZZR.SEARCH&ppt=None&ppn=None&ssid=nn6i3ra2ow0000001791542899076&qH=a5594894156db043&ov_redirect=true,2026-10-09
804,"Apple iPhone 18 Pro max (Glacier, 512 GB)",Apple,204900,,,4.8,140,22,,,,"A20 Pro chip, 6 Core Processor Processor",17.53 cm (6.9 inch) Super Retina XDR Display,48MP + 48MP + 48MP | 18MP Front Camera,,https://www.flipkart.com/apple-iphone-18-pro-max-glacier-512-gb/p/itmae2f6937bfaea?pid=MOBHQT5JZGAXG2TQ&lid=LSTMOBHQT5JZGAXG2TQ9IAIID&marketplace=FLIPKART&q=smart+phones&store=tyy%2F4io&srno=s_34_804&otracker=search&fm=organic&iid=d09f4297-dc0e-4728-a9bc-a82aaf4166e6.MOBHQT5JZGAXG2TQ.SEARCH&ppt=None&ppn=None&ssid=nn6i3ra2ow0000001791542899076&qH=a5594894156db043&ov_redirect=true,2026-10-09
805,"Samsung Galaxy A56 5G (Awesome Olive, 256 GB)",Samsung,47990,52999,9% off,4.4,630,63,12 GB RAM,256 GB ROM,5000 mAh Battery,Samsung Exynos 1580 Processor,17.02 cm (6.7 inch) Full HD+ Display,50MP + 12MP + 5MP | 12MP Front Camera,,https://www.flipkart.com/samsung-galaxy-a56-5g-awesome-olive-256-gb/p/itm59cee56c2f868?pid=MOBH9RNG6YW8ABAG&lid=LSTMOBH9RNG6YW8ABAGDR9OHU&marketplace=FLIPKART&q=smart+phones&store=tyy%2F4io&srno=s_34_805&otracker=search&fm=organic&iid=d09f4297-dc0e-4728-a9bc-a82aaf4166e6.MOBH9RNG6YW8ABAG.SEARCH&ppt=None&ppn=None&ssid=nn6i3ra2ow0000001791542899076&qH=a5594894156db043&ov_redirect=true,2026-10-09
806,"POCO X8 Pro (Black, 256 GB)",POCO,36999,50999,27% off,4.3,"4,099",701,8 GB RAM,256 GB ROM,6500 mAh Lithium-Ion Polymer With Silicon Carbon Technology Battery,Dimensity 8500-Ultra Processor,16.74 cm (6.59 inch) Full HD+ AMOLED Display,50MP + 8MP | 20MP Front Camera,,https://www.flipkart.com/poco-x8-pro-black-256-gb/p/itmfbd9f2b2c7db9?pid=MOBHMGG5WYZAECZY&lid=LSTMOBHMGG5WYZAECZYJDRRYU&marketplace=FLIPKART&q=smart+phones&store=tyy%2F4io&srno=s_34_806&otracker=search&fm=organic&iid=d09f4297-dc0e-4728-a9bc-a82aaf4166e6.MOBHMGG5WYZAECZY.SEARCH&ppt=None&ppn=None&ssid=nn6i3ra2ow0000001791542899076&qH=a5594894156db043&ov_redirect=true,2026-10-09
807,"BOLTT ACE 5G (Midnight Black, 128 GB)",BOLTT,13499,26999,50% off,4.8,69,59,6 GB RAM,128 GB ROM,6000 mAh Lithium ion Battery,T8200 Processor,17.25 cm (6.79 inch) HD+ Display,64MP Rear Camera | 8MP Front Camera,,https://www.flipkart.com/boltt-ace-5g-midnight-black-128-gb/p/itmc7395bddbb3a4?pid=MOBHPP59KHGRQGZK&lid=LSTMOBHPP59KHGRQGZKG8NGAJ&marketplace=FLIPKART&q=smart+phones&store=tyy%2F4io&srno=s_34_807&otracker=search&fm=organic&iid=en_ZD79HxjQTxMdSs3R6Th9gQb55ICa04xnfiSWJDuE2EviCqESQJMxT12uyP1Vgr8EceO83KH40hAfyKb6-RK5epGaJ2uKZhH5MvHJRiMkFJ1_c7rf5jPa-BQq6pbfavSJ&ppt=None&ppn=None&ssid=nn6i3ra2ow0000001791542899076&qH=a5594894156db043&ov_redirect=true,2026-10-09
808,"BOLTT EVO (Arctic White, 128 GB)",BOLTT,10499,18999,44% off,4,"2,616","1,184",6 GB RAM,128 GB ROM,6000 mAh Lithium ion Battery,T7250 Processor,6.79'' HD+ punch hole display,50MP + 2MP | 8MP Front Camera,,https://www.flipkart.com/boltt-evo-arctic-white-128-gb/p/itmf046d663a1fd7?pid=MOBHPP59GKGTGZGA&lid=LSTMOBHPP59GKGTGZGAIEMNWG&marketplace=FLIPKART&q=smart+phones&store=tyy%2F4io&srno=s_34_808&otracker=search&fm=organic&iid=en_ZD79HxjQTxMdSs3R6Th9gQb55ICa04xnfiSWJDuE2EtG_inu-ZsjSHoml3PNG9sm2d7HEcpMQaj_c2xS4y4sBNhWhcs2422M6EHooulnPAoGvU56BS6c52KuXxdwmyKF&ppt=None&ppn=None&ssid=nn6i3ra2ow0000001791542899076&qH=a5594894156db043&ov_redirect=true,2026-10-09
809,"Tecno POP X 5G (Ripple Green, 128 GB)",Tecno,16990,27999,39% off,4,28,3,4 GB RAM,128 GB ROM,6500 mAh Battery,,17.22 cm (6.78 inch) Display,13MP Rear Camera,,https://www.flipkart.com/tecno-pop-x-5g-ripple-green-128-gb/p/itm57a45bbcdf450?pid=MOBHMUXZ7WPNDXXG&lid=LSTMOBHMUXZ7WPNDXXGU1OFL2&marketplace=FLIPKART&q=smart+phones&store=tyy%2F4io&srno=s_34_809&otracker=search&fm=organic&iid=d09f4297-dc0e-4728-a9bc-a82aaf4166e6.MOBHMUXZ7WPNDXXG.SEARCH&ppt=None&ppn=None&ssid=nn6i3ra2ow0000001791542899076&qH=a5594894156db043&ov_redirect=true,2026-10-09
810,"Ai+ Nova 2 5G (Purple, 128 GB)",Ai+,13999,14999,6% off,4,"6,279",502,6 GB RAM,128 GB ROM,6000 mAh Battery,T8200 Processor,17.13 cm (6.745 inch) HD+ Display,50MP Rear Camera | 8MP Front Camera,,https://www.flipkart.com/ai-nova-2-5g-purple-128-gb/p/itm7c92b4bc5c2a3?pid=MOBHKHPYBCU4GZR3&lid=LSTMOBHKHPYBCU4GZR3MNY9GL&marketplace=FLIPKART&q=smart+phones&store=tyy%2F4io&srno=s_34_810&otracker=search&fm=organic&iid=d09f4297-dc0e-4728-a9bc-a82aaf4166e6.MOBHKHPYBCU4GZR3.SEARCH&ppt=None&ppn=None&ssid=nn6i3ra2ow0000001791542899076&qH=a5594894156db043&ov_redirect=true,2026-10-09
811,"BOLTT EVO (Berry Red, 128 GB)",BOLTT,10499,18999,44% off,4,"2,616","1,184",6 GB RAM,128 GB ROM,6000 mAh Lithium ion Battery,T7250 Processor,6.79'' HD+ punch hole display,50MP + 2MP | 8MP Front Camera,,https://www.flipkart.com/boltt-evo-berry-red-128-gb/p/itmf046d663a1fd7?pid=MOBHPP59TUYYPWP5&lid=LSTMOBHPP59TUYYPWP5U7J1VB&marketplace=FLIPKART&q=smart+phones&store=tyy%2F4io&srno=s_34_811&otracker=search&fm=organic&iid=en_ZD79HxjQTxMdSs3R6Th9gQb55ICa04xnfiSWJDuE2EvHAUoGwZzGQpXHkKFNYmS8C9-fTZ1EKHfU5X6OsLzF2Y6iFcCMcne0NcY1l-GNU4wGvU56BS6c52KuXxdwmyKF&ppt=None&ppn=None&ssid=nn6i3ra2ow0000001791542899076&qH=a5594894156db043&ov_redirect=true,2026-10-09
812,"Mivi One 5G (Burgundy, 128 GB)",Mivi,14999,25999,42% off,,,,8 GB RAM,128 GB ROM,6000 mAh Lithium Polymer Battery,Snapdragon 4 Gen 2 Processor,17.14 cm (6.75 inch) HD+ Display,50MP Rear Camera | 8MP Front Camera,,https://www.flipkart.com/mivi-one-5g-burgundy-128-gb/p/itm3fb0c94957b9f?pid=MOBHR3ZP74GDCQQC&lid=LSTMOBHR3ZP74GDCQQC3F0WAL&marketplace=FLIPKART&q=smart+phones&store=tyy%2F4io&srno=s_34_812&otracker=search&fm=organic&iid=en_ZD79HxjQTxMdSs3R6Th9gQb55ICa04xnfiSWJDuE2EsPcYXNGxsIxbEW1kg1AVBNlhTq3TNR9LJbyvkcUs0E5h5lnB_B3YgA2Ah0gCCIDM5_c7rf5jPa-BQq6pbfavSJ&ppt=None&ppn=None&ssid=nn6i3ra2ow0000001791542899076&qH=a5594894156db043&ov_redirect=true,2026-10-09
813,"OPPO Reno16 5G (Twilight Violet, 256 GB)",OPPO,66999,89999,25% off,4.5,192,43,8 GB RAM,256 GB ROM,6700 mAh lithium-ion polymer Battery,7 Gen 4 Processor,16.05 cm (6.32 inch) Full HD+ Display,50MP + 50MP + 50MP | 50MP Front Camera,,https://www.flipkart.com/oppo-reno16-5g-twilight-violet-256-gb/p/itmeedd96ac4e26f?pid=MOBHZMBRUXGP4JEU&lid=LSTMOBHZMBRUXGP4JEUOKY8XA&marketplace=FLIPKART&q=smart+phones&store=tyy%2F4io&srno=s_34_813&otracker=search&fm=organic&iid=d09f4297-dc0e-4728-a9bc-a82aaf4166e6.MOBHZMBRUXGP4JEU.SEARCH&ppt=None&ppn=None&ssid=nn6i3ra2ow0000001791542899076&qH=a5594894156db043&ov_redirect=true,2026-10-09
814,"OPPO Reno16 5G (Starry White, 256 GB)",OPPO,66999,89999,25% off,4.5,192,43,8 GB RAM,256 GB ROM,6700 mAh lithium-ion polymer Battery,7 Gen 4 Processor,16.05 cm (6.32 inch) Full HD+ Display,50MP + 50MP + 50MP | 50MP Front Camera,,https://www.flipkart.com/oppo-reno16-5g-starry-white-256-gb/p/itmeedd96ac4e26f?pid=MOBHZMBRFYYSGE2Y&lid=LSTMOBHZMBRFYYSGE2YFMFUAF&marketplace=FLIPKART&q=smart+phones&store=tyy%2F4io&srno=s_34_814&otracker=search&fm=organic&iid=d09f4297-dc0e-4728-a9bc-a82aaf4166e6.MOBHZMBRFYYSGE2Y.SEARCH&ppt=None&ppn=None&ssid=nn6i3ra2ow0000001791542899076&qH=a5594894156db043&ov_redirect=true,2026-10-09
815,"Ai+ Pulse 2 (Purple, 128 GB)",Ai+,10999,15999,31% off,3.7,"10,322",951,6 GB RAM,128 GB ROM,6000 mAh Battery,T7250 Processor,17.13 cm (6.745 inch) HD+ Display,50MP Rear Camera | 8MP Front Camera,,https://www.flipkart.com/ai-pulse-2-purple-128-gb/p/itm2ad4f79fbaa1d?pid=MOBHZV9WCG6FZQAA&lid=LSTMOBHZV9WCG6FZQAA0YSKCP&marketplace=FLIPKART&q=smart+phones&store=tyy%2F4io&srno=s_34_815&otracker=search&fm=organic&iid=d09f4297-dc0e-4728-a9bc-a82aaf4166e6.MOBHZV9WCG6FZQAA.SEARCH&ppt=None&ppn=None&ssid=nn6i3ra2ow0000001791542899076&qH=a5594894156db043&ov_redirect=true,2026-10-09
816,"OPPO Reno16 5G (Stellar Purple, 256 GB)",OPPO,66999,89999,25% off,4.5,192,43,8 GB RAM,256 GB ROM,6700 mAh lithium-ion polymer Battery,7 Gen 4 Processor,16.05 cm (6.32 inch) Full HD+ Display,50MP + 50MP + 50MP | 50MP Front Camera,,https://www.flipkart.com/oppo-reno16-5g-stellar-purple-256-gb/p/itmeedd96ac4e26f?pid=MOBHZMBRBETH2USJ&lid=LSTMOBHZMBRBETH2USJ49LXBG&marketplace=FLIPKART&q=smart+phones&store=tyy%2F4io&srno=s_34_816&otracker=search&fm=organic&iid=d09f4297-dc0e-4728-a9bc-a82aaf4166e6.MOBHZMBRBETH2USJ.SEARCH&ppt=None&ppn=None&ssid=nn6i3ra2ow0000001791542899076&qH=a5594894156db043&ov_redirect=true,2026-10-09
817,"BOLTT EVO (Midnight Black, 64 GB)",BOLTT,8999,17999,50% off,4.3,"2,048",987,4 GB RAM,64 GB ROM,6000 mAh Lithium ion Battery,T7250 Processor,6.79'' HD+ punch hole display,50MP + 2MP | 8MP Front Camera,,https://www.flipkart.com/boltt-evo-midnight-black-64-gb/p/itmf046d663a1fd7?pid=MOBHPP597GB8ZHTY&lid=LSTMOBHPP597GB8ZHTYGYX70A&marketplace=FLIPKART&q=smart+phones&store=tyy%2F4io&srno=s_35_817&otracker=search&fm=organic&iid=en_UsgUPWcu6u7BYhs4BgieDA54DdwHI5ArAASBkOA0Fnl2nD4rAZ6mdfkvFdbjNxmPmufLsD40cfOytTrT-2ACNol0zbRIx7nkRM2sm5Z_wdPgIH65SpME3ZQlabPhdWrR&ppt=None&ppn=None&ssid=ogjyhat2280000001791542902001&qH=a5594894156db043&ov_redirect=true,2026-10-09
818,"Mivi One 5G (Green, 128 GB)",Mivi,13999,23999,41% off,,,,6 GB RAM,128 GB ROM,6000 mAh Lithium Polymer Battery,Snapdragon 4 Gen 2 Processor,17.14 cm (6.75 inch) HD+ Display,50MP Rear Camera | 8MP Front Camera,,https://www.flipkart.com/mivi-one-5g-green-128-gb/p/itm7ea6be1c1d0bf?pid=MOBHR3ZPFRUFFEBF&lid=LSTMOBHR3ZPFRUFFEBFXXFJBJ&marketplace=FLIPKART&q=smart+phones&store=tyy%2F4io&srno=s_35_818&otracker=search&fm=organic&iid=en_UsgUPWcu6u7BYhs4BgieDA54DdwHI5ArAASBkOA0Fnnc0yBNS8EsnUOP2l7CZnBXzBcC0adnJVDAF994s5Z8VY9HwORmVN_5IcANi6THsWqxy5VR84Rr8I_Ifvc8PLtz&ppt=None&ppn=None&ssid=ogjyhat2280000001791542902001&qH=a5594894156db043&ov_redirect=true,2026-10-09
819,"realme GT 8 Pro (Diary White, 512 GB)",realme,78999,86999,9% off,4.6,119,26,16 GB RAM,512 GB ROM,7000 mAh Battery,8 Elite Gen 5 Processor,17.25 cm (6.79 inch) Quad HD+ Display,50MP + 50MP + 200MP | 32MP Front Camera,,https://www.flipkart.com/realme-gt-8-pro-diary-white-512-gb/p/itm78c31e0a1941f?pid=MOBHHEYXBRSSBAVS&lid=LSTMOBHHEYXBRSSBAVSG1WJ1X&marketplace=FLIPKART&q=smart+phones&store=tyy%2F4io&srno=s_35_819&otracker=search&fm=organic&iid=35b94238-1424-4237-8661-a4aafc960337.MOBHHEYXBRSSBAVS.SEARCH&ppt=None&ppn=None&ssid=ogjyhat2280000001791542902001&qH=a5594894156db043&ov_redirect=true,2026-10-09
820,"OPPO Reno16 5G (Starry White, 256 GB)",OPPO,72999,99999,27% off,4.5,72,11,12 GB RAM,256 GB ROM,6700 mAh lithium-ion polymer Battery,7 Gen 4 Processor,16.05 cm (6.32 inch) Full HD+ Display,50MP + 50MP + 50MP | 50MP Front Camera,,https://www.flipkart.com/oppo-reno16-5g-starry-white-256-gb/p/itmeedd96ac4e26f?pid=MOBHZMBRQ63HUMVQ&lid=LSTMOBHZMBRQ63HUMVQ2NXSZW&marketplace=FLIPKART&q=smart+phones&store=tyy%2F4io&srno=s_35_820&otracker=search&fm=organic&iid=35b94238-1424-4237-8661-a4aafc960337.MOBHZMBRQ63HUMVQ.SEARCH&ppt=None&ppn=None&ssid=ogjyhat2280000001791542902001&qH=a5594894156db043&ov_redirect=true,2026-10-09
821,"BOLTT EVO (Arctic White, 64 GB)",BOLTT,8999,17999,50% off,4.3,"2,048",987,4 GB RAM,64 GB ROM,6000 mAh Lithium ion Battery,T7250 Processor,6.79'' HD+ punch hole display,50MP + 2MP | 8MP Front Camera,,https://www.flipkart.com/boltt-evo-arctic-white-64-gb/p/itmf046d663a1fd7?pid=MOBHPP59BYSJ98M8&lid=LSTMOBHPP59BYSJ98M8RWYHGQ&marketplace=FLIPKART&q=smart+phones&store=tyy%2F4io&srno=s_35_821&otracker=search&fm=organic&iid=en_UsgUPWcu6u7BYhs4BgieDA54DdwHI5ArAASBkOA0Fnk11AAEPU7R6B8GvGP8Ug07Mw_YrC6cGEjKq2WZ8-8z4qoJtuV9R_JTLQ6A0_d1zMTgIH65SpME3ZQlabPhdWrR&ppt=None&ppn=None&ssid=ogjyhat2280000001791542902001&qH=a5594894156db043&ov_redirect=true,2026-10-09
822,"Nothing Phone (4b) (White, 128 GB)",Nothing,29999,49999,40% off,,,,6 GB RAM,128 GB ROM,6000 mAh Lithium ion Battery,6 Gen 4 Processor,17.2 cm (6.77 inch) Full HD+ AMOLED Display,50MP + 8MP | 16MP Front Camera,,https://www.flipkart.com/nothing-phone-4b-white-128-gb/p/itm939608b40adbb?pid=MOBHQENATV85KYCZ&lid=LSTMOBHQENATV85KYCZ0HUCMA&marketplace=FLIPKART&q=smart+phones&store=tyy%2F4io&srno=s_35_822&otracker=search&fm=organic&iid=en_UsgUPWcu6u7BYhs4BgieDA54DdwHI5ArAASBkOA0FnmAX_KZylTQliRHo6gYHgYYJRWmJqRScuDEhLBoCJQ_-3Mu8S9Tpd5mWOJNld4khGngIH65SpME3ZQlabPhdWrR&ppt=None&ppn=None&ssid=ogjyhat2280000001791542902001&qH=a5594894156db043&ov_redirect=true,2026-10-09
823,"vivo T5 Lite 44W 5G (Twilight Shadow, 64 GB)",vivo,17749,30999,42% off,4.2,"1,593",122,4 GB RAM,64 GB ROM,6500 mAh Li-ion Battery,Dimensity 6300 5G Processor,17.12 cm (6.74 inch) HD+ Display,50MP + 0.08MP | 5MP Front Camera,5G,https://www.flipkart.com/vivo-t5-lite-44w-5g-twilight-shadow-64-gb/p/itm5420c578ec2df?pid=MOBHQSFF6MZK4YNP&lid=LSTMOBHQSFF6MZK4YNPMLMOKI&marketplace=FLIPKART&q=smart+phones&store=tyy%2F4io&srno=s_35_823&otracker=search&fm=organic&iid=35b94238-1424-4237-8661-a4aafc960337.MOBHQSFF6MZK4YNP.SEARCH&ppt=None&ppn=None&ssid=ogjyhat2280000001791542902001&qH=a5594894156db043&ov_redirect=true,2026-10-09
824,"OPPO F33 5G (Forest Green, 256 GB)",OPPO,32499,55999,41% off,4.3,184,24,8 GB RAM,256 GB ROM,7000 mAh lithium-ion polymer Battery,Dimensity 6360 MAX Processor,16.69 cm (6.57 inch) Full HD+ AMOLED Display,50MP + 2MP | 16MP Front Camera,,https://www.flipkart.com/oppo-f33-5g-forest-green-256-gb/p/itm8c5d4a65602fd?pid=MOBHM48FHHMNQPZG&lid=LSTMOBHM48FHHMNQPZGFSNDAF&marketplace=FLIPKART&q=smart+phones&store=tyy%2F4io&srno=s_35_824&otracker=search&fm=organic&iid=35b94238-1424-4237-8661-a4aafc960337.MOBHM48FHHMNQPZG.SEARCH&ppt=None&ppn=None&ssid=ogjyhat2280000001791542902001&qH=a5594894156db043&ov_redirect=true,2026-10-09
825,"realme 16 5G (Air White, 256 GB)",realme,42999,49999,14% off,4.3,253,29,12 GB RAM,256 GB ROM,7000 mAh Battery,Dimensity 6400 Turbo Processor,16.69 cm (6.57 inch) Full HD+ AMOLED Display,50MP + 2MP | 50MP Front Camera,,https://www.flipkart.com/realme-16-5g-air-white-256-gb/p/itm7b0c4cd95742b?pid=MOBHHM6T4GNPEFZJ&lid=LSTMOBHHM6T4GNPEFZJUEE3GU&marketplace=FLIPKART&q=smart+phones&store=tyy%2F4io&srno=s_35_825&otracker=search&fm=organic&iid=35b94238-1424-4237-8661-a4aafc960337.MOBHHM6T4GNPEFZJ.SEARCH&ppt=None&ppn=None&ssid=ogjyhat2280000001791542902001&qH=a5594894156db043&ov_redirect=true,2026-10-09
826,"OPPO F33 5G (Pearl White, 256 GB)",OPPO,32499,55999,41% off,4.3,184,24,8 GB RAM,256 GB ROM,7000 mAh lithium-ion polymer Battery,Dimensity 6360 MAX Processor,16.69 cm (6.57 inch) Full HD+ AMOLED Display,50MP + 2MP | 16MP Front Camera,,https://www.flipkart.com/oppo-f33-5g-pearl-white-256-gb/p/itm8c5d4a65602fd?pid=MOBHM48FD8UMWFHH&lid=LSTMOBHM48FD8UMWFHHZ9HCVH&marketplace=FLIPKART&q=smart+phones&store=tyy%2F4io&srno=s_35_826&otracker=search&fm=organic&iid=35b94238-1424-4237-8661-a4aafc960337.MOBHM48FD8UMWFHH.SEARCH&ppt=None&ppn=None&ssid=ogjyhat2280000001791542902001&qH=a5594894156db043&ov_redirect=true,2026-10-09
827,"BOLTT ACE 5G (Midnight Black, 128 GB)",BOLTT,13499,26999,50% off,4.8,69,59,6 GB RAM,128 GB ROM,6000 mAh Lithium ion Battery,T8200 Processor,17.25 cm (6.79 inch) HD+ Display,64MP Rear Camera | 8MP Front Camera,,https://www.flipkart.com/boltt-ace-5g-midnight-black-128-gb/p/itmc7395bddbb3a4?pid=MOBHPP59KHGRQGZK&lid=LSTMOBHPP59KHGRQGZKG8NGAJ&marketplace=FLIPKART&q=smart+phones&store=tyy%2F4io&srno=s_35_827&otracker=search&fm=organic&iid=en_UsgUPWcu6u7BYhs4BgieDA54DdwHI5ArAASBkOA0FnmHXFN7yQ2WP3j7EVk6AnybceO83KH40hAfyKb6-RK5epGaJ2uKZhH5MvHJRiMkFJ2xy5VR84Rr8I_Ifvc8PLtz&ppt=None&ppn=None&ssid=ogjyhat2280000001791542902001&qH=a5594894156db043&ov_redirect=true,2026-10-09
828,"BOLTT EVO (Arctic White, 128 GB)",BOLTT,10499,18999,44% off,4,"2,616","1,184",6 GB RAM,128 GB ROM,6000 mAh Lithium ion Battery,T7250 Processor,6.79'' HD+ punch hole display,50MP + 2MP | 8MP Front Camera,,https://www.flipkart.com/boltt-evo-arctic-white-128-gb/p/itmf046d663a1fd7?pid=MOBHPP59GKGTGZGA&lid=LSTMOBHPP59GKGTGZGAIEMNWG&marketplace=FLIPKART&q=smart+phones&store=tyy%2F4io&srno=s_35_828&otracker=search&fm=organic&iid=en_UsgUPWcu6u7BYhs4BgieDA54DdwHI5ArAASBkOA0Fnlojj1EU0VKRJRPACwmGcsx2d7HEcpMQaj_c2xS4y4sBNhWhcs2422M6EHooulnPArgIH65SpME3ZQlabPhdWrR&ppt=None&ppn=None&ssid=ogjyhat2280000001791542902001&qH=a5594894156db043&ov_redirect=true,2026-10-09
829,"REDMI Note-14 Pro+ 5G (Phantom Purple, 256 GB)",REDMI,36999,,,4.4,938,75,8 GB RAM,256 GB ROM,6200 mAh Battery,7s Gen 3 Processor,16.94 cm (6.67 inch) Display,50MP + 50MP + 8MP | 20MP Front Camera,,https://www.flipkart.com/redmi-note-14-pro-5g-phantom-purple-256-gb/p/itmf69d377f9a8fb?pid=MOBH8BW3ZZHKFGNX&lid=LSTMOBH8BW3ZZHKFGNXDSD1AY&marketplace=FLIPKART&q=smart+phones&store=tyy%2F4io&srno=s_35_829&otracker=search&fm=organic&iid=35b94238-1424-4237-8661-a4aafc960337.MOBH8BW3ZZHKFGNX.SEARCH&ppt=None&ppn=None&ssid=ogjyhat2280000001791542902001&qH=a5594894156db043&ov_redirect=true,2026-10-09
830,"MOTOROLA Edge 70 Max (PANTONE Dark Shadow, 256 GB)",MOTOROLA,54999,89999,38% off,4.3,50,6,8 GB RAM,256 GB ROM,7100 mAh Silicon-Carbon Battery,Snapdragon 8 Gen 5 Processor,17.27 cm (6.8 inch) Quad HD+ Display,50MP + 8MP | 32MP Front Camera,,https://www.flipkart.com/motorola-edge-70-max-pantone-dark-shadow-256-gb/p/itm88a700b84927e?pid=MOBHMJQA6GZN2JV8&lid=LSTMOBHMJQA6GZN2JV8DDXBCN&marketplace=FLIPKART&q=smart+phones&store=tyy%2F4io&srno=s_35_830&otracker=search&fm=organic&iid=35b94238-1424-4237-8661-a4aafc960337.MOBHMJQA6GZN2JV8.SEARCH&ppt=None&ppn=None&ssid=ogjyhat2280000001791542902001&qH=a5594894156db043&ov_redirect=true,2026-10-09
831,"Mivi One 5G (Burgundy, 128 GB)",Mivi,14999,25999,42% off,,,,8 GB RAM,128 GB ROM,6000 mAh Lithium Polymer Battery,Snapdragon 4 Gen 2 Processor,17.14 cm (6.75 inch) HD+ Display,50MP Rear Camera | 8MP Front Camera,,https://www.flipkart.com/mivi-one-5g-burgundy-128-gb/p/itm3fb0c94957b9f?pid=MOBHR3ZP74GDCQQC&lid=LSTMOBHR3ZP74GDCQQC3F0WAL&marketplace=FLIPKART&q=smart+phones&store=tyy%2F4io&srno=s_35_831&otracker=search&fm=organic&iid=en_UsgUPWcu6u7BYhs4BgieDA54DdwHI5ArAASBkOA0FnlNOMCduNl1_Xp-kortj536lhTq3TNR9LJbyvkcUs0E5oTWGhiTZD2C7natyNwoQ7Sxy5VR84Rr8I_Ifvc8PLtz&ppt=None&ppn=None&ssid=ogjyhat2280000001791542902001&qH=a5594894156db043&ov_redirect=true,2026-10-09
832,"BOLTT ACE 5G (Arctic White, 128 GB)",BOLTT,13499,26999,50% off,4.8,69,59,6 GB RAM,128 GB ROM,6000 mAh Lithium ion Battery,T8200 Processor,17.25 cm (6.79 inch) HD+ Display,64MP Rear Camera | 8MP Front Camera,,https://www.flipkart.com/boltt-ace-5g-arctic-white-128-gb/p/itm2eb0f483effdd?pid=MOBHPP599JHZUZBV&lid=LSTMOBHPP599JHZUZBVN1I3RX&marketplace=FLIPKART&q=smart+phones&store=tyy%2F4io&srno=s_35_832&otracker=search&fm=organic&iid=en_UsgUPWcu6u7BYhs4BgieDA54DdwHI5ArAASBkOA0FnkrU8LiX0IHujFcQ-0daFVp8ETKDZwOYTzjik_-dC--FzRQFTYC-T69_miXcOdYNLWxy5VR84Rr8I_Ifvc8PLtz&ppt=None&ppn=None&ssid=ogjyhat2280000001791542902001&qH=a5594894156db043&ov_redirect=true,2026-10-09
833,"Samsung Galaxy A56 5G (Dark Blue, 128 GB)",Samsung,40999,49999,18% off,4.4,"1,091",85,8 GB RAM,128 GB ROM,5000 mAh Battery,Samsng Exynos 1580 Processor,17.02 cm (6.7 inch) Full HD+ Display,50MP + 12MP + 5MP | 12MP Front Camera,,https://www.flipkart.com/samsung-galaxy-a56-5g-dark-blue-128-gb/p/itmee04eb4586b5a?pid=MOBHQBE6G85PXAYG&lid=LSTMOBHQBE6G85PXAYG8NNEJJ&marketplace=FLIPKART&q=smart+phones&store=tyy%2F4io&srno=s_35_833&otracker=search&fm=organic&iid=35b94238-1424-4237-8661-a4aafc960337.MOBHQBE6G85PXAYG.SEARCH&ppt=None&ppn=None&ssid=ogjyhat2280000001791542902001&qH=a5594894156db043&ov_redirect=true,2026-10-09
834,"Apple iPhone 18 Pro max (Black, 256 GB)",Apple,179900,,,4.8,140,22,,,,"A20 Pro chip, 6 Core Processor Processor",17.53 cm (6.9 inch) Super Retina XDR Display,48MP + 48MP + 48MP | 18MP Front Camera,,https://www.flipkart.com/apple-iphone-18-pro-max-black-256-gb/p/itm34c250ba79166?pid=MOBHQT5JCGM6WJZA&lid=LSTMOBHQT5JCGM6WJZA5L2KCJ&marketplace=FLIPKART&q=smart+phones&store=tyy%2F4io&srno=s_35_834&otracker=search&fm=organic&iid=35b94238-1424-4237-8661-a4aafc960337.MOBHQT5JCGM6WJZA.SEARCH&ppt=None&ppn=None&ssid=ogjyhat2280000001791542902001&qH=a5594894156db043&ov_redirect=true,2026-10-09
835,"Samsung Galaxy A56 5G (Awesome Light Gray, 256 GB)",Samsung,48999,,,4.4,"1,091",85,8 GB RAM,256 GB ROM,5000 mAh Battery,Samsung Exynos 1580 Processor,17.02 cm (6.7 inch) Full HD+ Display,50MP + 12MP + 5MP | 12MP Front Camera,,https://www.flipkart.com/samsung-galaxy-a56-5g-awesome-light-gray-256-gb/p/itmc0a5efd53f7c2?pid=MOBH9RNG8GZVGY7H&lid=LSTMOBH9RNG8GZVGY7HVE5RG1&marketplace=FLIPKART&q=smart+phones&store=tyy%2F4io&srno=s_35_835&otracker=search&fm=organic&iid=35b94238-1424-4237-8661-a4aafc960337.MOBH9RNG8GZVGY7H.SEARCH&ppt=None&ppn=None&ssid=ogjyhat2280000001791542902001&qH=a5594894156db043&ov_redirect=true,2026-10-09
836,"OPPO F33 5G (Pearl White, 128 GB)",OPPO,30099,52999,43% off,4.3,184,24,8 GB RAM,128 GB ROM,7000 mAh lithium-ion polymer Battery,Dimensity 6360 MAX Processor,16.69 cm (6.57 inch) Full HD+ AMOLED Display,50MP + 2MP | 16MP Front Camera,,https://www.flipkart.com/oppo-f33-5g-pearl-white-128-gb/p/itm8c5d4a65602fd?pid=MOBHM48FPDYAV84F&lid=LSTMOBHM48FPDYAV84FRXBDVM&marketplace=FLIPKART&q=smart+phones&store=tyy%2F4io&srno=s_35_836&otracker=search&fm=organic&iid=35b94238-1424-4237-8661-a4aafc960337.MOBHM48FPDYAV84F.SEARCH&ppt=None&ppn=None&ssid=ogjyhat2280000001791542902001&qH=a5594894156db043&ov_redirect=true,2026-10-09
837,"BOLTT EVO (Sky Blue, 64 GB)",BOLTT,8999,17999,50% off,4.3,"2,048",987,4 GB RAM,64 GB ROM,6000 mAh Lithium ion Battery,T7250 Processor,6.79'' HD+ punch hole display,50MP + 2MP | 8MP Front Camera,,https://www.flipkart.com/boltt-evo-sky-blue-64-gb/p/itmf046d663a1fd7?pid=MOBHPP59WKSV4FYG&lid=LSTMOBHPP59WKSV4FYGYPMLV6&marketplace=FLIPKART&q=smart+phones&store=tyy%2F4io&srno=s_35_837&otracker=search&fm=organic&iid=en_UsgUPWcu6u7BYhs4BgieDA54DdwHI5ArAASBkOA0FnkanjNLT6YbOfU_NoF7lYcJiWdFa328hJ5Tl7uRbip-ZFs0LAPqMrP3q_6IRdvsZf_gIH65SpME3ZQlabPhdWrR&ppt=None&ppn=None&ssid=ogjyhat2280000001791542902001&qH=a5594894156db043&ov_redirect=true,2026-10-09
838,"BOLTT ACE 5G (Lavender Bloom, 64 GB)",BOLTT,11999,24999,52% off,4.2,477,226,4 GB RAM,64 GB ROM,6000 mAh Lithium ion Battery,T8200 Processor,17.25 cm (6.79 inch) HD+ Display,64MP Rear Camera | 8MP Front Camera,,https://www.flipkart.com/boltt-ace-5g-lavender-bloom-64-gb/p/itm2eb0f483effdd?pid=MOBHPP59CGDHZVJY&lid=LSTMOBHPP59CGDHZVJYFJP39X&marketplace=FLIPKART&q=smart+phones&store=tyy%2F4io&srno=s_35_838&otracker=search&fm=organic&iid=en_UsgUPWcu6u7BYhs4BgieDA54DdwHI5ArAASBkOA0FnnEnOZowis9sKU0BptI9Gsa2ZyRGa6akVdbuu0_qDHpV5RRJF9TV-hbUYxhg9GdHDZQjXK7aC67NkKHCLHzr-h7&ppt=None&ppn=None&ssid=ogjyhat2280000001791542902001&qH=a5594894156db043&ov_redirect=true,2026-10-09
839,"realme P4 Power 5G (TransSilver, 256 GB)",realme,36999,37999,2% off,4.4,"1,891",258,12 GB RAM,256 GB ROM,10001 mAh Battery,Dimensity 7400 Ultra Processor,17.27 cm (6.8 inch) Full HD+ AMOLED Display,,,https://www.flipkart.com/realme-p4-power-5g-transsilver-256-gb/p/itm49784b322aad0?pid=MOBHJHSHGY5GKFFK&lid=LSTMOBHJHSHGY5GKFFKBCSLLN&marketplace=FLIPKART&q=smart+phones&store=tyy%2F4io&srno=s_35_839&otracker=search&fm=organic&iid=35b94238-1424-4237-8661-a4aafc960337.MOBHJHSHGY5GKFFK.SEARCH&ppt=None&ppn=None&ssid=ogjyhat2280000001791542902001&qH=a5594894156db043&ov_redirect=true,2026-10-09
840,"OnePlus 13R 5G (Nebula Noir, 256 GB)",OnePlus,53999,57999,6% off,4.5,"6,218",441,12 GB RAM,256 GB ROM,6000 mAh Battery,,17.22 cm (6.78 inch) Display,50MP Rear Camera,,https://www.flipkart.com/oneplus-13r-5g-nebula-noir-256-gb/p/itmff6561809fab8?pid=MOBH8EWQ6GUDHGFK&lid=LSTMOBH8EWQ6GUDHGFKYIRDIG&marketplace=FLIPKART&q=smart+phones&store=tyy%2F4io&srno=s_35_840&otracker=search&fm=organic&iid=35b94238-1424-4237-8661-a4aafc960337.MOBH8EWQ6GUDHGFK.SEARCH&ppt=None&ppn=None&ssid=ogjyhat2280000001791542902001&qH=a5594894156db043&ov_redirect=true,2026-10-09
841,"BOLTT EVO (Midnight Black, 64 GB)",BOLTT,8999,17999,50% off,4.3,"2,048",987,4 GB RAM,64 GB ROM,6000 mAh Lithium ion Battery,T7250 Processor,6.79'' HD+ punch hole display,50MP + 2MP | 8MP Front Camera,,https://www.flipkart.com/boltt-evo-midnight-black-64-gb/p/itmf046d663a1fd7?pid=MOBHPP597GB8ZHTY&lid=LSTMOBHPP597GB8ZHTYGYX70A&marketplace=FLIPKART&q=smart+phones&store=tyy%2F4io&srno=s_36_841&otracker=search&fm=organic&iid=en_3d8-60yklfAwesv2bpl69o6sp-XuoYRi-iSLvoz9vuw13VjUhfZgYXoyqwYCkcFVmufLsD40cfOytTrT-2ACNol0zbRIx7nkRM2sm5Z_wdO-OIUg-QsX_yXHS-WMcOKc&ppt=None&ppn=None&ssid=uxunlpmxe80000001791542904999&qH=a5594894156db043&ov_redirect=true,2026-10-09
842,"Mivi One 5G (Green, 128 GB)",Mivi,13999,23999,41% off,,,,6 GB RAM,128 GB ROM,6000 mAh Lithium Polymer Battery,Snapdragon 4 Gen 2 Processor,17.14 cm (6.75 inch) HD+ Display,50MP Rear Camera | 8MP Front Camera,,https://www.flipkart.com/mivi-one-5g-green-128-gb/p/itm7ea6be1c1d0bf?pid=MOBHR3ZPFRUFFEBF&lid=LSTMOBHR3ZPFRUFFEBFXXFJBJ&marketplace=FLIPKART&q=smart+phones&store=tyy%2F4io&srno=s_36_842&otracker=search&fm=organic&iid=en_3d8-60yklfAwesv2bpl69o6sp-XuoYRi-iSLvoz9vuxxglE-cHqPm8wlURZGotKmzBcC0adnJVDAF994s5Z8VY9HwORmVN_5IcANi6THsWpyNjfnYB0paPFp_XZkFMVi&ppt=None&ppn=None&ssid=uxunlpmxe80000001791542904999&qH=a5594894156db043&ov_redirect=true,2026-10-09
843,"Google Pixel 11 Pro XL (Obsidian, 512 GB)",Google,149999,,,4.9,11,2,16 GB RAM,512 GB ROM,5115 mAh Lithium Battery,Tensor G6 Processor,17.27 cm (6.8 inch) Super Actua Display,50MP + 48MP + 48MP | 42MP Front Camera,,https://www.flipkart.com/google-pixel-11-pro-xl-obsidian-512-gb/p/itm84f1140c19fda?pid=MOBHPHNVSNKKFVAR&lid=LSTMOBHPHNVSNKKFVARHHUOU6&marketplace=FLIPKART&q=smart+phones&store=tyy%2F4io&srno=s_36_843&otracker=search&fm=organic&iid=89f2a807-8f73-4527-9161-015a9993ffee.MOBHPHNVSNKKFVAR.SEARCH&ppt=None&ppn=None&ssid=uxunlpmxe80000001791542904999&qH=a5594894156db043&ov_redirect=true,2026-10-09
844,"LAVA Virat V1 Pro 5G (Spiti Frost, 128 GB)",LAVA,15999,21999,27% off,4.1,"1,121",307,6 GB RAM,128 GB ROM,6000 mAh Li-ion Battery,T8200 Processor,17.13 cm (6.745 inch) HD+ Display,50MP Rear Camera,,https://www.flipkart.com/lava-virat-v1-pro-5g-spiti-frost-128-gb/p/itm1a8312d187a80?pid=MOBHQDFAGHJJMSJG&lid=LSTMOBHQDFAGHJJMSJGL6JEBP&marketplace=FLIPKART&q=smart+phones&store=tyy%2F4io&srno=s_36_844&otracker=search&fm=organic&iid=89f2a807-8f73-4527-9161-015a9993ffee.MOBHQDFAGHJJMSJG.SEARCH&ppt=None&ppn=None&ssid=uxunlpmxe80000001791542904999&qH=a5594894156db043&ov_redirect=true,2026-10-09
845,"Samsung Galaxy A17 5G (Gray, 256 GB)",Samsung,32445,41999,22% off,4.3,"2,257",212,8 GB RAM,256 GB ROM,5000 mAh Battery,Samsung Exynos 1330 Processor,17.02 cm (6.7 inch) Full HD+ Display,50MP + 5MP + 2MP | 13MP Front Camera,,https://www.flipkart.com/samsung-galaxy-a17-5g-gray-256-gb/p/itm9b0b7e6d52859?pid=MOBHGVECGMDU2DZV&lid=LSTMOBHGVECGMDU2DZVWO8GYI&marketplace=FLIPKART&q=smart+phones&store=tyy%2F4io&srno=s_36_845&otracker=search&fm=organic&iid=89f2a807-8f73-4527-9161-015a9993ffee.MOBHGVECGMDU2DZV.SEARCH&ppt=None&ppn=None&ssid=uxunlpmxe80000001791542904999&qH=a5594894156db043&ov_redirect=true,2026-10-09
846,"realme P4R 5G (Silver Glare, 256 GB)",realme,28999,44999,35% off,4.3,"5,371",438,6 GB RAM,256 GB ROM,8000 mAh Lithium-ion polymer Battery,Dimensity 6300 Processor,17.27 cm (6.8 inch) HD+ Display,50MP Rear Camera | 8MP Front Camera,,https://www.flipkart.com/realme-p4r-5g-silver-glare-256-gb/p/itmb42ae388c1ef6?pid=MOBHMYR3NGRA6CGK&lid=LSTMOBHMYR3NGRA6CGKJWYZVO&marketplace=FLIPKART&q=smart+phones&store=tyy%2F4io&srno=s_36_846&otracker=search&fm=organic&iid=89f2a807-8f73-4527-9161-015a9993ffee.MOBHMYR3NGRA6CGK.SEARCH&ppt=None&ppn=None&ssid=uxunlpmxe80000001791542904999&qH=a5594894156db043&ov_redirect=true,2026-10-09
847,"BOLTT EVO (Arctic White, 64 GB)",BOLTT,8999,17999,50% off,4.3,"2,048",987,4 GB RAM,64 GB ROM,6000 mAh Lithium ion Battery,T7250 Processor,6.79'' HD+ punch hole display,50MP + 2MP | 8MP Front Camera,,https://www.flipkart.com/boltt-evo-arctic-white-64-gb/p/itmf046d663a1fd7?pid=MOBHPP59BYSJ98M8&lid=LSTMOBHPP59BYSJ98M8RWYHGQ&marketplace=FLIPKART&q=smart+phones&store=tyy%2F4io&srno=s_36_847&otracker=search&fm=organic&iid=en_3d8-60yklfAwesv2bpl69o6sp-XuoYRi-iSLvoz9vuzk4utI1h2CsrOQH4_k6rk_Mw_YrC6cGEjKq2WZ8-8z4qoJtuV9R_JTLQ6A0_d1zMS-OIUg-QsX_yXHS-WMcOKc&ppt=None&ppn=None&ssid=uxunlpmxe80000001791542904999&qH=a5594894156db043&ov_redirect=true,2026-10-09
848,"Nothing Phone (4b) (White, 128 GB)",Nothing,29999,49999,40% off,,,,6 GB RAM,128 GB ROM,6000 mAh Lithium ion Battery,6 Gen 4 Processor,17.2 cm (6.77 inch) Full HD+ AMOLED Display,50MP + 8MP | 16MP Front Camera,,https://www.flipkart.com/nothing-phone-4b-white-128-gb/p/itm939608b40adbb?pid=MOBHQENATV85KYCZ&lid=LSTMOBHQENATV85KYCZ0HUCMA&marketplace=FLIPKART&q=smart+phones&store=tyy%2F4io&srno=s_36_848&otracker=search&fm=organic&iid=en_3d8-60yklfAwesv2bpl69o6sp-XuoYRi-iSLvoz9vuxi3c4ZvypvNEhlZpwC1GB3JRWmJqRScuDEhLBoCJQ_-3Mu8S9Tpd5mWOJNld4khGm-OIUg-QsX_yXHS-WMcOKc&ppt=None&ppn=None&ssid=uxunlpmxe80000001791542904999&qH=a5594894156db043&ov_redirect=true,2026-10-09
849,"vivo X300 FE (Lilac Purple, 512 GB)",vivo,99999,129999,23% off,4.6,443,59,12 GB RAM,512 GB ROM,6500 mAh Battery,Snapdragon 8 Gen 5 Processor,16.03 cm (6.31 inch) Full HD+ AMOLED Display,50MP + 50MP + 8MP | 50MP Front Camera,,https://www.flipkart.com/vivo-x300-fe-lilac-purple-512-gb/p/itm0c1929579cabb?pid=MOBHMKZ89GMYKBMG&lid=LSTMOBHMKZ89GMYKBMGNYB2IT&marketplace=FLIPKART&q=smart+phones&store=tyy%2F4io&srno=s_36_849&otracker=search&fm=organic&iid=89f2a807-8f73-4527-9161-015a9993ffee.MOBHMKZ89GMYKBMG.SEARCH&ppt=None&ppn=None&ssid=uxunlpmxe80000001791542904999&qH=a5594894156db043&ov_redirect=true,2026-10-09
850,"vivo X300 FE (Urban Olive, 512 GB)",vivo,99999,129999,23% off,4.6,443,59,12 GB RAM,512 GB ROM,6500 mAh Battery,Snapdragon 8 Gen 5 Processor,16.03 cm (6.31 inch) Full HD+ AMOLED Display,50MP + 50MP + 8MP | 50MP Front Camera,,https://www.flipkart.com/vivo-x300-fe-urban-olive-512-gb/p/itm0c1929579cabb?pid=MOBHMKZ8HGPZDPZK&lid=LSTMOBHMKZ8HGPZDPZKYHJF3C&marketplace=FLIPKART&q=smart+phones&store=tyy%2F4io&srno=s_36_850&otracker=search&fm=organic&iid=89f2a807-8f73-4527-9161-015a9993ffee.MOBHMKZ8HGPZDPZK.SEARCH&ppt=None&ppn=None&ssid=uxunlpmxe80000001791542904999&qH=a5594894156db043&ov_redirect=true,2026-10-09
851,"BOLTT ACE 5G (Midnight Black, 128 GB)",BOLTT,13499,26999,50% off,4.8,69,59,6 GB RAM,128 GB ROM,6000 mAh Lithium ion Battery,T8200 Processor,17.25 cm (6.79 inch) HD+ Display,64MP Rear Camera | 8MP Front Camera,,https://www.flipkart.com/boltt-ace-5g-midnight-black-128-gb/p/itmc7395bddbb3a4?pid=MOBHPP59KHGRQGZK&lid=LSTMOBHPP59KHGRQGZKG8NGAJ&marketplace=FLIPKART&q=smart+phones&store=tyy%2F4io&srno=s_36_851&otracker=search&fm=organic&iid=en_3d8-60yklfAwesv2bpl69o6sp-XuoYRi-iSLvoz9vuyTm_6q-WNf3NdcgYJ2mpEYceO83KH40hAfyKb6-RK5epGaJ2uKZhH5MvHJRiMkFJ1yNjfnYB0paPFp_XZkFMVi&ppt=None&ppn=None&ssid=uxunlpmxe80000001791542904999&qH=a5594894156db043&ov_redirect=true,2026-10-09
852,"BOLTT EVO (Arctic White, 128 GB)",BOLTT,10499,18999,44% off,4,"2,616","1,184",6 GB RAM,128 GB ROM,6000 mAh Lithium ion Battery,T7250 Processor,6.79'' HD+ punch hole display,50MP + 2MP | 8MP Front Camera,,https://www.flipkart.com/boltt-evo-arctic-white-128-gb/p/itmf046d663a1fd7?pid=MOBHPP59GKGTGZGA&lid=LSTMOBHPP59GKGTGZGAIEMNWG&marketplace=FLIPKART&q=smart+phones&store=tyy%2F4io&srno=s_36_852&otracker=search&fm=organic&iid=en_3d8-60yklfAwesv2bpl69o6sp-XuoYRi-iSLvoz9vux3K1dMMd5MtYhZPVfptz-I2d7HEcpMQaj_c2xS4y4sBNhWhcs2422M6EHooulnPAq-OIUg-QsX_yXHS-WMcOKc&ppt=None&ppn=None&ssid=uxunlpmxe80000001791542904999&qH=a5594894156db043&ov_redirect=true,2026-10-09
853,"vivo X300 FE (Noir Black, 512 GB)",vivo,99999,129999,23% off,4.6,443,59,12 GB RAM,512 GB ROM,6500 mAh Battery,Snapdragon 8 Gen 5 Processor,16.03 cm (6.31 inch) Full HD+ AMOLED Display,50MP + 50MP + 8MP | 50MP Front Camera,,https://www.flipkart.com/vivo-x300-fe-noir-black-512-gb/p/itm0c1929579cabb?pid=MOBHMKZ8XZA9YY3C&lid=LSTMOBHMKZ8XZA9YY3CXROSPV&marketplace=FLIPKART&q=smart+phones&store=tyy%2F4io&srno=s_36_853&otracker=search&fm=organic&iid=89f2a807-8f73-4527-9161-015a9993ffee.MOBHMKZ8XZA9YY3C.SEARCH&ppt=None&ppn=None&ssid=uxunlpmxe80000001791542904999&qH=a5594894156db043&ov_redirect=true,2026-10-09
854,"realme Narzo 80 Lite 5G (Onyx Black, 128 GB)",realme,19896,29999,33% off,4.2,"2,114",136,4 GB RAM,128 GB ROM,6000 mAh Battery,,16.94 cm (6.67 inch) Display,32MP Rear Camera,,https://www.flipkart.com/realme-narzo-80-lite-5g-onyx-black-128-gb/p/itm47ab7fdec3924?pid=MOBHDEYWAVBYBAUZ&lid=LSTMOBHDEYWAVBYBAUZBBP6ER&marketplace=FLIPKART&q=smart+phones&store=tyy%2F4io&srno=s_36_854&otracker=search&fm=organic&iid=89f2a807-8f73-4527-9161-015a9993ffee.MOBHDEYWAVBYBAUZ.SEARCH&ppt=None&ppn=None&ssid=uxunlpmxe80000001791542904999&qH=a5594894156db043&ov_redirect=true,2026-10-09
855,"Google Pixel 11 Pro XL (Fog, 512 GB)",Google,149999,,,4.9,11,2,16 GB RAM,512 GB ROM,5115 mAh Lithium Battery,Tensor G6 Processor,17.27 cm (6.8 inch) Super Actua Display,50MP + 48MP + 48MP | 42MP Front Camera,,https://www.flipkart.com/google-pixel-11-pro-xl-fog-512-gb/p/itma4d641ac32522?pid=MOBHPHNV4ZCJVMFK&lid=LSTMOBHPHNV4ZCJVMFK2JJYX3&marketplace=FLIPKART&q=smart+phones&store=tyy%2F4io&srno=s_36_855&otracker=search&fm=organic&iid=89f2a807-8f73-4527-9161-015a9993ffee.MOBHPHNV4ZCJVMFK.SEARCH&ppt=None&ppn=None&ssid=uxunlpmxe80000001791542904999&qH=a5594894156db043&ov_redirect=true,2026-10-09
856,"Apple iPhone 17 Pro Max (Cosmic Orange, 1 TB)",Apple,189900,,,4.7,"2,485",233,,,,"A19 Chip, 6 Core Processor Processor",17.53 cm (6.9 inch) Super Retina XDR Display,48MP + 48MP + 48MP | 18MP Front Camera,,https://www.flipkart.com/apple-iphone-17-pro-max-cosmic-orange-1-tb/p/itm1f80bd9e45636?pid=MOBHFN6YEZHFFZ6Q&lid=LSTMOBHFN6YEZHFFZ6QTDLV62&marketplace=FLIPKART&q=smart+phones&store=tyy%2F4io&srno=s_36_856&otracker=search&fm=organic&iid=89f2a807-8f73-4527-9161-015a9993ffee.MOBHFN6YEZHFFZ6Q.SEARCH&ppt=None&ppn=None&ssid=uxunlpmxe80000001791542904999&qH=a5594894156db043&ov_redirect=true,2026-10-09
857,"BOLTT EVO (Berry Red, 128 GB)",BOLTT,10499,18999,44% off,4,"2,616","1,184",6 GB RAM,128 GB ROM,6000 mAh Lithium ion Battery,T7250 Processor,6.79'' HD+ punch hole display,50MP + 2MP | 8MP Front Camera,,https://www.flipkart.com/boltt-evo-berry-red-128-gb/p/itmf046d663a1fd7?pid=MOBHPP59TUYYPWP5&lid=LSTMOBHPP59TUYYPWP5U7J1VB&marketplace=FLIPKART&q=smart+phones&store=tyy%2F4io&srno=s_36_857&otracker=search&fm=organic&iid=en_3d8-60yklfAwesv2bpl69o6sp-XuoYRi-iSLvoz9vuw947ulFNBpDDHm7__ZDEWiC9-fTZ1EKHfU5X6OsLzF2Y6iFcCMcne0NcY1l-GNU4y-OIUg-QsX_yXHS-WMcOKc&ppt=None&ppn=None&ssid=uxunlpmxe80000001791542904999&qH=a5594894156db043&ov_redirect=true,2026-10-09
858,"Mivi One 5G (Burgundy, 128 GB)",Mivi,14999,25999,42% off,,,,8 GB RAM,128 GB ROM,6000 mAh Lithium Polymer Battery,Snapdragon 4 Gen 2 Processor,17.14 cm (6.75 inch) HD+ Display,50MP Rear Camera | 8MP Front Camera,,https://www.flipkart.com/mivi-one-5g-burgundy-128-gb/p/itm3fb0c94957b9f?pid=MOBHR3ZP74GDCQQC&lid=LSTMOBHR3ZP74GDCQQC3F0WAL&marketplace=FLIPKART&q=smart+phones&store=tyy%2F4io&srno=s_36_858&otracker=search&fm=organic&iid=en_3d8-60yklfAwesv2bpl69o6sp-XuoYRi-iSLvoz9vuxYttQ092-SgRaaR4luDgk6lhTq3TNR9LJbyvkcUs0E5h5lnB_B3YgA2Ah0gCCIDM5yNjfnYB0paPFp_XZkFMVi&ppt=None&ppn=None&ssid=uxunlpmxe80000001791542904999&qH=a5594894156db043&ov_redirect=true,2026-10-09
859,"BOLTT EVO (Midnight Black, 128 GB)",BOLTT,10499,18999,44% off,4,"2,616","1,184",6 GB RAM,128 GB ROM,6000 mAh Lithium ion Battery,T7250 Processor,6.79'' HD+ punch hole display,50MP + 2MP | 8MP Front Camera,,https://www.flipkart.com/boltt-evo-midnight-black-128-gb/p/itmf046d663a1fd7?pid=MOBHPP59RWHM2PJH&lid=LSTMOBHPP59RWHM2PJHUUF4AF&marketplace=FLIPKART&q=smart+phones&store=tyy%2F4io&srno=s_36_859&otracker=search&fm=organic&iid=89f2a807-8f73-4527-9161-015a9993ffee.MOBHPP59RWHM2PJH.SEARCH&ppt=None&ppn=None&ssid=uxunlpmxe80000001791542904999&qH=a5594894156db043&ov_redirect=true,2026-10-09
860,"Infinix SMART 20 HD (Sunlike Orange, 64 GB)",Infinix,10999,19999,45% off,,,,3 GB RAM,64 GB ROM,5000 mAh Battery,T7250 Processor,16.94 cm (6.67 inch) HD+ Display,8MP Rear Camera | 8MP Front Camera,,https://www.flipkart.com/infinix-smart-20-hd-sunlike-orange-64-gb/p/itm82c8c0b4ac951?pid=MOBHRGJFBRNSAUFG&lid=LSTMOBHRGJFBRNSAUFGJQGNWH&marketplace=FLIPKART&q=smart+phones&store=tyy%2F4io&srno=s_36_860&otracker=search&fm=organic&iid=89f2a807-8f73-4527-9161-015a9993ffee.MOBHRGJFBRNSAUFG.SEARCH&ppt=None&ppn=None&ssid=uxunlpmxe80000001791542904999&qH=a5594894156db043&ov_redirect=true,2026-10-09
861,"BOLTT ACE 5G (Arctic White, 128 GB)",BOLTT,13499,26999,50% off,4.8,69,59,6 GB RAM,128 GB ROM,6000 mAh Lithium ion Battery,T8200 Processor,17.25 cm (6.79 inch) HD+ Display,64MP Rear Camera | 8MP Front Camera,,https://www.flipkart.com/boltt-ace-5g-arctic-white-128-gb/p/itm2eb0f483effdd?pid=MOBHPP599JHZUZBV&lid=LSTMOBHPP599JHZUZBVN1I3RX&marketplace=FLIPKART&q=smart+phones&store=tyy%2F4io&srno=s_36_861&otracker=search&fm=organic&iid=en_3d8-60yklfAwesv2bpl69o6sp-XuoYRi-iSLvoz9vuxc3VXJCJLG2Bu9NHuvykra8ETKDZwOYTzjik_-dC--F-Dxk3IDjpjCPWZkqPSz-XxyNjfnYB0paPFp_XZkFMVi&ppt=None&ppn=None&ssid=uxunlpmxe80000001791542904999&qH=a5594894156db043&ov_redirect=true,2026-10-09
862,"BOLTT EVO (Sky Blue, 64 GB)",BOLTT,8999,17999,50% off,4.3,"2,048",987,4 GB RAM,64 GB ROM,6000 mAh Lithium ion Battery,T7250 Processor,6.79'' HD+ punch hole display,50MP + 2MP | 8MP Front Camera,,https://www.flipkart.com/boltt-evo-sky-blue-64-gb/p/itmf046d663a1fd7?pid=MOBHPP59WKSV4FYG&lid=LSTMOBHPP59WKSV4FYGYPMLV6&marketplace=FLIPKART&q=smart+phones&store=tyy%2F4io&srno=s_36_862&otracker=search&fm=organic&iid=en_3d8-60yklfAwesv2bpl69o6sp-XuoYRi-iSLvoz9vuygNKZkPSQQx6OjOsWkSXkbPN-wa3N07U_MG9C3wb-_N1QseCaDYY_J3qfymqYLKRpfH6r3n0zgS89YLQ3Rxztk9QWMJPI4egdmz5nn89L_DQ%3D%3D&ppt=None&ppn=None&ssid=uxunlpmxe80000001791542904999&qH=a5594894156db043&ov_redirect=true,2026-10-09
863,"vivo V70 Elite (Authentic Black 2026, 256 GB)",vivo,66999,79999,16% off,4.6,"1,107",129,8 GB RAM,256 GB ROM,6500 mAh Li-ion battery Battery,Snapdragon 8s Gen 3 Processor,16.74 cm (6.59 inches) Full HD+ AMOLED Display,50MP + 50MP + 8MP | 50MP Front Camera,,https://www.flipkart.com/vivo-v70-elite-authentic-black-2026-256-gb/p/itmf8e28e33a9cd0?pid=MOBHZFFHZSHM39S2&lid=LSTMOBHZFFHZSHM39S2DOXQFL&marketplace=FLIPKART&q=smart+phones&store=tyy%2F4io&srno=s_36_863&otracker=search&fm=organic&iid=89f2a807-8f73-4527-9161-015a9993ffee.MOBHZFFHZSHM39S2.SEARCH&ppt=None&ppn=None&ssid=uxunlpmxe80000001791542904999&qH=a5594894156db043&ov_redirect=true,2026-10-09
864,"vivo V70 Elite (Sand Beige 2026, 256 GB)",vivo,66999,79999,16% off,4.6,"1,107",129,8 GB RAM,256 GB ROM,6500 mAh Li-ion battery Battery,Snapdragon 8s Gen 3 Processor,16.74 cm (6.59 inches) Full HD+ AMOLED Display,50MP + 50MP + 8MP | 50MP Front Camera,,https://www.flipkart.com/vivo-v70-elite-sand-beige-2026-256-gb/p/itmf8e28e33a9cd0?pid=MOBHZFFHZSRCZKBM&lid=LSTMOBHZFFHZSRCZKBMI7XNY7&marketplace=FLIPKART&q=smart+phones&store=tyy%2F4io&srno=s_36_864&otracker=search&fm=organic&iid=89f2a807-8f73-4527-9161-015a9993ffee.MOBHZFFHZSRCZKBM.SEARCH&ppt=None&ppn=None&ssid=uxunlpmxe80000001791542904999&qH=a5594894156db043&ov_redirect=true,2026-10-09
865,"vivo V70 Elite (Sand Beige 2026, 256 GB)",vivo,66999,79999,16% off,4.6,"1,107",129,8 GB RAM,256 GB ROM,6500 mAh Li-ion battery Battery,Snapdragon 8s Gen 3 Processor,16.74 cm (6.59 inches) Full HD+ AMOLED Display,50MP + 50MP + 8MP | 50MP Front Camera,,https://www.flipkart.com/vivo-v70-elite-sand-beige-2026-256-gb/p/itmf8e28e33a9cd0?pid=MOBHZFFHZSRCZKBM&lid=LSTMOBHZFFHZSRCZKBMI7XNY7&marketplace=FLIPKART&q=smart+phones&store=tyy%2F4io&srno=s_37_865&otracker=search&fm=organic&iid=1df81a1d-5bd6-42a1-8d5e-55563603d7c9.MOBHZFFHZSRCZKBM.SEARCH&ppt=None&ppn=None&ssid=91cgq4xups0000001791542907877&qH=a5594894156db043&ov_redirect=true,2026-10-09
866,"Ai+ Pulse 2 (Blue, 128 GB)",Ai+,10999,15999,31% off,3.7,"10,322",951,6 GB RAM,128 GB ROM,6000 mAh Battery,T7250 Processor,17.13 cm (6.745 inch) HD+ Display,50MP Rear Camera | 8MP Front Camera,,https://www.flipkart.com/ai-pulse-2-blue-128-gb/p/itmf0b9fa0be6972?pid=MOBHZV9WGZCRUHXD&lid=LSTMOBHZV9WGZCRUHXDRLFMIK&marketplace=FLIPKART&q=smart+phones&store=tyy%2F4io&srno=s_37_866&otracker=search&fm=organic&iid=1df81a1d-5bd6-42a1-8d5e-55563603d7c9.MOBHZV9WGZCRUHXD.SEARCH&ppt=None&ppn=None&ssid=91cgq4xups0000001791542907877&qH=a5594894156db043&ov_redirect=true,2026-10-09
867,"Mivi One 5G (Green, 128 GB)",Mivi,13999,23999,41% off,,,,6 GB RAM,128 GB ROM,6000 mAh Lithium Polymer Battery,Snapdragon 4 Gen 2 Processor,17.14 cm (6.75 inch) HD+ Display,50MP Rear Camera | 8MP Front Camera,,https://www.flipkart.com/mivi-one-5g-green-128-gb/p/itm7ea6be1c1d0bf?pid=MOBHR3ZPFRUFFEBF&lid=LSTMOBHR3ZPFRUFFEBFXXFJBJ&marketplace=FLIPKART&q=smart+phones&store=tyy%2F4io&srno=s_37_867&otracker=search&fm=organic&iid=en_bNzyDWBXeUWzV1ZZwpEu0SVGwhUSHZoTyBvTohfcsGL3PZXJ7vB6TnVJ2ys6dhc9zBcC0adnJVDAF994s5Z8VdXXcDpR_S7wBKL_ui3585PYkYsk2ArZ34JlLzijOm_c&ppt=None&ppn=None&ssid=91cgq4xups0000001791542907877&qH=a5594894156db043&ov_redirect=true,2026-10-09
868,"BOLTT ACE 5G (Lavender Bloom, 64 GB)",BOLTT,11999,24999,52% off,4.2,477,226,4 GB RAM,64 GB ROM,6000 mAh Lithium ion Battery,T8200 Processor,17.25 cm (6.79 inch) HD+ Display,64MP Rear Camera | 8MP Front Camera,,https://www.flipkart.com/boltt-ace-5g-lavender-bloom-64-gb/p/itm2eb0f483effdd?pid=MOBHPP59CGDHZVJY&lid=LSTMOBHPP59CGDHZVJYFJP39X&marketplace=FLIPKART&q=smart+phones&store=tyy%2F4io&srno=s_37_868&otracker=search&fm=organic&iid=en_bNzyDWBXeUWzV1ZZwpEu0SVGwhUSHZoTyBvTohfcsGJypsfvAPQpf6ElZ6scqRsR6EjlcJGcWKVIdsXhsZKqlc-Hfce6zHM39GsmaCxEcE3YkYsk2ArZ34JlLzijOm_c&ppt=None&ppn=None&ssid=91cgq4xups0000001791542907877&qH=a5594894156db043&ov_redirect=true,2026-10-09
869,"Infinix NOTE 60 Pro (Deep Ocean Blue, 128 GB)",Infinix,35999,39999,10% off,4.4,"1,780",286,8 GB RAM,128 GB ROM,6500 mAh Battery,Snapdragon 7s Gen 4 Processor,17.22 cm (6.78 inch) Full HD+ AMOLED Display,50MP + 8MP | 13MP Front Camera,,https://www.flipkart.com/infinix-note-60-pro-deep-ocean-blue-128-gb/p/itm7681d00923b3c?pid=MOBHHVE2FGFRZJFX&lid=LSTMOBHHVE2FGFRZJFXM4HDJ2&marketplace=FLIPKART&q=smart+phones&store=tyy%2F4io&srno=s_37_869&otracker=search&fm=organic&iid=1df81a1d-5bd6-42a1-8d5e-55563603d7c9.MOBHHVE2FGFRZJFX.SEARCH&ppt=None&ppn=None&ssid=91cgq4xups0000001791542907877&qH=a5594894156db043&ov_redirect=true,2026-10-09
870,"Infinix NOTE 60 Pro (Solar Orange, 128 GB)",Infinix,35999,39999,10% off,4.4,"1,780",286,8 GB RAM,128 GB ROM,6500 mAh Battery,Snapdragon 7s Gen 4 Processor,17.22 cm (6.78 inch) Full HD+ AMOLED Display,50MP + 8MP | 13MP Front Camera,,https://www.flipkart.com/infinix-note-60-pro-solar-orange-128-gb/p/itm7681d00923b3c?pid=MOBHHVE2RRGGD6H5&lid=LSTMOBHHVE2RRGGD6H5IRVDIM&marketplace=FLIPKART&q=smart+phones&store=tyy%2F4io&srno=s_37_870&otracker=search&fm=organic&iid=1df81a1d-5bd6-42a1-8d5e-55563603d7c9.MOBHHVE2RRGGD6H5.SEARCH&ppt=None&ppn=None&ssid=91cgq4xups0000001791542907877&qH=a5594894156db043&ov_redirect=true,2026-10-09
871,"BOLTT EVO (Midnight Black, 64 GB)",BOLTT,8999,17999,50% off,4.3,"2,048",987,4 GB RAM,64 GB ROM,6000 mAh Lithium ion Battery,T7250 Processor,6.79'' HD+ punch hole display,50MP + 2MP | 8MP Front Camera,,https://www.flipkart.com/boltt-evo-midnight-black-64-gb/p/itmf046d663a1fd7?pid=MOBHPP597GB8ZHTY&lid=LSTMOBHPP597GB8ZHTYGYX70A&marketplace=FLIPKART&q=smart+phones&store=tyy%2F4io&srno=s_37_871&otracker=search&fm=organic&iid=en_bNzyDWBXeUWzV1ZZwpEu0SVGwhUSHZoTyBvTohfcsGJAU2980rrZdwfofqXXvUscmufLsD40cfOytTrT-2ACNqoJtuV9R_JTLQ6A0_d1zMTMy8xbZUZDIYkFz4YyeAcr&ppt=None&ppn=None&ssid=91cgq4xups0000001791542907877&qH=a5594894156db043&ov_redirect=true,2026-10-09
872,"BOLTT EVO (Arctic White, 64 GB)",BOLTT,8999,17999,50% off,4.3,"2,048",987,4 GB RAM,64 GB ROM,6000 mAh Lithium ion Battery,T7250 Processor,6.79'' HD+ punch hole display,50MP + 2MP | 8MP Front Camera,,https://www.flipkart.com/boltt-evo-arctic-white-64-gb/p/itmf046d663a1fd7?pid=MOBHPP59BYSJ98M8&lid=LSTMOBHPP59BYSJ98M8RWYHGQ&marketplace=FLIPKART&q=smart+phones&store=tyy%2F4io&srno=s_37_872&otracker=search&fm=organic&iid=en_bNzyDWBXeUWzV1ZZwpEu0SVGwhUSHZoTyBvTohfcsGKRlGyS0mDBXSBpqS8uPtUJMw_YrC6cGEjKq2WZ8-8z4kJqULiYX7S4erGGIr8dEejMy8xbZUZDIYkFz4YyeAcr&ppt=None&ppn=None&ssid=91cgq4xups0000001791542907877&qH=a5594894156db043&ov_redirect=true,2026-10-09
873,"Nothing Phone (4a) (Blue, 128 GB)",Nothing,36999,49999,26% off,,,,6 GB RAM,128 GB ROM,5400 mAh Lithium ion Battery,Snapdragon 7s Gen 4 Processor,17.22 cm (6.78 inch) Full HD+ AMOLED Display,50MP + 50MP + 8MP | 32MP Front Camera,,https://www.flipkart.com/nothing-phone-4a-blue-128-gb/p/itm47712249513d4?pid=MOBHQENASR3JJ8BN&lid=LSTMOBHQENASR3JJ8BNVXOJJR&marketplace=FLIPKART&q=smart+phones&store=tyy%2F4io&srno=s_37_873&otracker=search&fm=organic&iid=1df81a1d-5bd6-42a1-8d5e-55563603d7c9.MOBHQENASR3JJ8BN.SEARCH&ppt=None&ppn=None&ssid=91cgq4xups0000001791542907877&qH=a5594894156db043&ov_redirect=true,2026-10-09
874,"vivo V70 (Authentic Black 2026, 256 GB)",vivo,59999,65999,9% off,4.6,"1,771",217,8 GB RAM,256 GB ROM,6500 mAh Li-ion battery Battery,Snapdragon 7 Gen 4 Processor,16.74 cm (6.59 inches) Full HD+ AMOLED Display,50MP + 50MP + 8MP | 50MP Front Camera,,https://www.flipkart.com/vivo-v70-authentic-black-2026-256-gb/p/itmecfa7a31699de?pid=MOBHZFFH5UYPWGQK&lid=LSTMOBHZFFH5UYPWGQKWNLXPX&marketplace=FLIPKART&q=smart+phones&store=tyy%2F4io&srno=s_37_874&otracker=search&fm=organic&iid=1df81a1d-5bd6-42a1-8d5e-55563603d7c9.MOBHZFFH5UYPWGQK.SEARCH&ppt=None&ppn=None&ssid=91cgq4xups0000001791542907877&qH=a5594894156db043&ov_redirect=true,2026-10-09
875,"vivo V70 (Lemon Yellow 2026, 256 GB)",vivo,59999,65999,9% off,4.6,"1,771",217,8 GB RAM,256 GB ROM,6500 mAh Li-ion battery Battery,Snapdragon 7 Gen 4 Processor,16.74 cm (6.59 inches) Full HD+ AMOLED Display,50MP + 50MP + 8MP | 50MP Front Camera,,https://www.flipkart.com/vivo-v70-lemon-yellow-2026-256-gb/p/itmecfa7a31699de?pid=MOBHZFFHX34BTW5F&lid=LSTMOBHZFFHX34BTW5FFNJSZF&marketplace=FLIPKART&q=smart+phones&store=tyy%2F4io&srno=s_37_875&otracker=search&fm=organic&iid=1df81a1d-5bd6-42a1-8d5e-55563603d7c9.MOBHZFFHX34BTW5F.SEARCH&ppt=None&ppn=None&ssid=91cgq4xups0000001791542907877&qH=a5594894156db043&ov_redirect=true,2026-10-09
876,"REDMI Note-14 Pro 5G (Titan Black, 256 GB)",REDMI,28387,30999,8% off,4.3,"1,277",96,8 GB RAM,256 GB ROM,5500 mAh Battery,Dimensity 7300 Ultra Processor,16.94 cm (6.67 inch) Display,50MP + 8MP + 2MP | 20MP Front Camera,,https://www.flipkart.com/redmi-note-14-pro-5g-titan-black-256-gb/p/itm124f940049e20?pid=MOBH8BW3WGVWHPHF&lid=LSTMOBH8BW3WGVWHPHFPZXKDZ&marketplace=FLIPKART&q=smart+phones&store=tyy%2F4io&srno=s_37_876&otracker=search&fm=organic&iid=1df81a1d-5bd6-42a1-8d5e-55563603d7c9.MOBH8BW3WGVWHPHF.SEARCH&ppt=None&ppn=None&ssid=91cgq4xups0000001791542907877&qH=a5594894156db043&ov_redirect=true,2026-10-09
877,"Nothing Phone (4b) (White, 128 GB)",Nothing,29999,49999,40% off,,,,6 GB RAM,128 GB ROM,6000 mAh Lithium ion Battery,6 Gen 4 Processor,17.2 cm (6.77 inch) Full HD+ AMOLED Display,50MP + 8MP | 16MP Front Camera,,https://www.flipkart.com/nothing-phone-4b-white-128-gb/p/itm939608b40adbb?pid=MOBHQENATV85KYCZ&lid=LSTMOBHQENATV85KYCZ0HUCMA&marketplace=FLIPKART&q=smart+phones&store=tyy%2F4io&srno=s_37_877&otracker=search&fm=organic&iid=en_bNzyDWBXeUWzV1ZZwpEu0SVGwhUSHZoTyBvTohfcsGLFJwPfSu09tFwmsKgcKSQtJRWmJqRScuDEhLBoCJQ_-zmhNhj8Rec88cH_U33TMLXMy8xbZUZDIYkFz4YyeAcr&ppt=None&ppn=None&ssid=91cgq4xups0000001791542907877&qH=a5594894156db043&ov_redirect=true,2026-10-09
878,"BOLTT ACE 5G (Midnight Black, 128 GB)",BOLTT,13499,26999,50% off,4.8,69,59,6 GB RAM,128 GB ROM,6000 mAh Lithium ion Battery,T8200 Processor,17.25 cm (6.79 inch) HD+ Display,64MP Rear Camera | 8MP Front Camera,,https://www.flipkart.com/boltt-ace-5g-midnight-black-128-gb/p/itmc7395bddbb3a4?pid=MOBHPP59KHGRQGZK&lid=LSTMOBHPP59KHGRQGZKG8NGAJ&marketplace=FLIPKART&q=smart+phones&store=tyy%2F4io&srno=s_37_878&otracker=search&fm=organic&iid=en_bNzyDWBXeUWzV1ZZwpEu0SVGwhUSHZoTyBvTohfcsGKKOpkcs38YFyh_b5n1peYVceO83KH40hAfyKb6-RK5emI2n1F29CDxktZayioP0zrYkYsk2ArZ34JlLzijOm_c&ppt=None&ppn=None&ssid=91cgq4xups0000001791542907877&qH=a5594894156db043&ov_redirect=true,2026-10-09
879,"vivo X300 FE (Lilac Purple, 256 GB)",vivo,94999,119999,20% off,4.6,443,59,12 GB RAM,256 GB ROM,6500 mAh Battery,Snapdragon 8 Gen 5 Processor,16.03 cm (6.31 inch) Full HD+ AMOLED Display,50MP + 50MP + 8MP | 50MP Front Camera,,https://www.flipkart.com/vivo-x300-fe-lilac-purple-256-gb/p/itm0c1929579cabb?pid=MOBHMKZ8CGVGTRBF&lid=LSTMOBHMKZ8CGVGTRBFGM9PKT&marketplace=FLIPKART&q=smart+phones&store=tyy%2F4io&srno=s_37_879&otracker=search&fm=organic&iid=1df81a1d-5bd6-42a1-8d5e-55563603d7c9.MOBHMKZ8CGVGTRBF.SEARCH&ppt=None&ppn=None&ssid=91cgq4xups0000001791542907877&qH=a5594894156db043&ov_redirect=true,2026-10-09
880,"vivo X300 FE (Noir Black, 256 GB)",vivo,94999,119999,20% off,4.6,443,59,12 GB RAM,256 GB ROM,6500 mAh Battery,Snapdragon 8 Gen 5 Processor,16.03 cm (6.31 inch) Full HD+ AMOLED Display,50MP + 50MP + 8MP | 50MP Front Camera,,https://www.flipkart.com/vivo-x300-fe-noir-black-256-gb/p/itm0c1929579cabb?pid=MOBHMKZ8QBZCHJHZ&lid=LSTMOBHMKZ8QBZCHJHZ1Z1QPL&marketplace=FLIPKART&q=smart+phones&store=tyy%2F4io&srno=s_37_880&otracker=search&fm=organic&iid=1df81a1d-5bd6-42a1-8d5e-55563603d7c9.MOBHMKZ8QBZCHJHZ.SEARCH&ppt=None&ppn=None&ssid=91cgq4xups0000001791542907877&qH=a5594894156db043&ov_redirect=true,2026-10-09
881,"BOLTT EVO (Arctic White, 128 GB)",BOLTT,10499,18999,44% off,4,"2,616","1,184",6 GB RAM,128 GB ROM,6000 mAh Lithium ion Battery,T7250 Processor,6.79'' HD+ punch hole display,50MP + 2MP | 8MP Front Camera,,https://www.flipkart.com/boltt-evo-arctic-white-128-gb/p/itmf046d663a1fd7?pid=MOBHPP59GKGTGZGA&lid=LSTMOBHPP59GKGTGZGAIEMNWG&marketplace=FLIPKART&q=smart+phones&store=tyy%2F4io&srno=s_37_881&otracker=search&fm=organic&iid=en_bNzyDWBXeUWzV1ZZwpEu0SVGwhUSHZoTyBvTohfcsGIG24rD2MLVWXDGZZdkSd752d7HEcpMQaj_c2xS4y4sBI6iFcCMcne0NcY1l-GNU4zMy8xbZUZDIYkFz4YyeAcr&ppt=None&ppn=None&ssid=91cgq4xups0000001791542907877&qH=a5594894156db043&ov_redirect=true,2026-10-09
882,"Mivi One 5G (Burgundy, 128 GB)",Mivi,14999,25999,42% off,,,,8 GB RAM,128 GB ROM,6000 mAh Lithium Polymer Battery,Snapdragon 4 Gen 2 Processor,17.14 cm (6.75 inch) HD+ Display,50MP Rear Camera | 8MP Front Camera,,https://www.flipkart.com/mivi-one-5g-burgundy-128-gb/p/itm3fb0c94957b9f?pid=MOBHR3ZP74GDCQQC&lid=LSTMOBHR3ZP74GDCQQC3F0WAL&marketplace=FLIPKART&q=smart+phones&store=tyy%2F4io&srno=s_37_882&otracker=search&fm=organic&iid=en_bNzyDWBXeUWzV1ZZwpEu0SVGwhUSHZoTyBvTohfcsGKRiC4v52nQvx-adT4v-C-jlhTq3TNR9LJbyvkcUs0E5h5lnB_B3YgA2Ah0gCCIDM7YkYsk2ArZ34JlLzijOm_c&ppt=None&ppn=None&ssid=91cgq4xups0000001791542907877&qH=a5594894156db043&ov_redirect=true,2026-10-09
883,"vivo X300 FE (Urban Olive, 256 GB)",vivo,94999,119999,20% off,4.6,443,59,12 GB RAM,256 GB ROM,6500 mAh Battery,Snapdragon 8 Gen 5 Processor,16.03 cm (6.31 inch) Full HD+ AMOLED Display,50MP + 50MP + 8MP | 50MP Front Camera,,https://www.flipkart.com/vivo-x300-fe-urban-olive-256-gb/p/itm0c1929579cabb?pid=MOBHMKZ8KFFYHSZ5&lid=LSTMOBHMKZ8KFFYHSZ5T0TP2Y&marketplace=FLIPKART&q=smart+phones&store=tyy%2F4io&srno=s_37_883&otracker=search&fm=organic&iid=1df81a1d-5bd6-42a1-8d5e-55563603d7c9.MOBHMKZ8KFFYHSZ5.SEARCH&ppt=None&ppn=None&ssid=91cgq4xups0000001791542907877&qH=a5594894156db043&ov_redirect=true,2026-10-09
884,"BOLTT EVO (Lavender Bloom, 64 GB)",BOLTT,8999,17999,50% off,4.3,"2,048",987,4 GB RAM,64 GB ROM,6000 mAh Lithium ion Battery,T7250 Processor,6.79'' HD+ punch hole display,50MP + 2MP | 8MP Front Camera,,https://www.flipkart.com/boltt-evo-lavender-bloom-64-gb/p/itmf046d663a1fd7?pid=MOBHPP59AEJZHCVZ&lid=LSTMOBHPP59AEJZHCVZQQSXMU&marketplace=FLIPKART&q=smart+phones&store=tyy%2F4io&srno=s_37_884&otracker=search&fm=organic&iid=1df81a1d-5bd6-42a1-8d5e-55563603d7c9.MOBHPP59AEJZHCVZ.SEARCH&ppt=None&ppn=None&ssid=91cgq4xups0000001791542907877&qH=a5594894156db043&ov_redirect=true,2026-10-09
885,"OPPO Reno16 5G (Twilight Violet, 256 GB)",OPPO,72999,99999,27% off,4.5,72,11,12 GB RAM,256 GB ROM,6700 mAh lithium-ion polymer Battery,7 Gen 4 Processor,16.05 cm (6.32 inch) Full HD+ Display,50MP + 50MP + 50MP | 50MP Front Camera,,https://www.flipkart.com/oppo-reno16-5g-twilight-violet-256-gb/p/itmeedd96ac4e26f?pid=MOBHZMBRFJK9WQPR&lid=LSTMOBHZMBRFJK9WQPRQGW0RD&marketplace=FLIPKART&q=smart+phones&store=tyy%2F4io&srno=s_37_885&otracker=search&fm=organic&iid=1df81a1d-5bd6-42a1-8d5e-55563603d7c9.MOBHZMBRFJK9WQPR.SEARCH&ppt=None&ppn=None&ssid=91cgq4xups0000001791542907877&qH=a5594894156db043&ov_redirect=true,2026-10-09
886,"vivo V80 (Stellar Black, 256 GB)",vivo,69999,118999,41% off,,,,8 GB RAM,256 GB ROM,7200 mAh Li-ion Battery,Snapdragon 7 Gen 4 Processor,16.74 cm (6.59 inch) Full HD+ AMOLED Display,50MP + 50MP + 8MP | 50MP Front Camera,,https://www.flipkart.com/vivo-v80-stellar-black-256-gb/p/itma504af1ae77cb?pid=MOBHR8J2D8SFZ8KW&lid=LSTMOBHR8J2D8SFZ8KWLI4UDR&marketplace=FLIPKART&q=smart+phones&store=tyy%2F4io&srno=s_37_886&otracker=search&fm=organic&iid=1df81a1d-5bd6-42a1-8d5e-55563603d7c9.MOBHR8J2D8SFZ8KW.SEARCH&ppt=None&ppn=None&ssid=91cgq4xups0000001791542907877&qH=a5594894156db043&ov_redirect=true,2026-10-09
887,"BOLTT EVO (Sky Blue, 64 GB)",BOLTT,8999,17999,50% off,4.3,"2,048",987,4 GB RAM,64 GB ROM,6000 mAh Lithium ion Battery,T7250 Processor,6.79'' HD+ punch hole display,50MP + 2MP | 8MP Front Camera,,https://www.flipkart.com/boltt-evo-sky-blue-64-gb/p/itmf046d663a1fd7?pid=MOBHPP59WKSV4FYG&lid=LSTMOBHPP59WKSV4FYGYPMLV6&marketplace=FLIPKART&q=smart+phones&store=tyy%2F4io&srno=s_37_887&otracker=search&fm=organic&iid=en_bNzyDWBXeUWzV1ZZwpEu0SVGwhUSHZoTyBvTohfcsGJdAXqvSWoD8NlU0PijhXHfiWdFa328hJ5Tl7uRbip-ZFs0LAPqMrP3q_6IRdvsZf_My8xbZUZDIYkFz4YyeAcr&ppt=None&ppn=None&ssid=91cgq4xups0000001791542907877&qH=a5594894156db043&ov_redirect=true,2026-10-09
888,"BOLTT ACE 5G (Arctic White, 128 GB)",BOLTT,13499,26999,50% off,4.8,69,59,6 GB RAM,128 GB ROM,6000 mAh Lithium ion Battery,T8200 Processor,17.25 cm (6.79 inch) HD+ Display,64MP Rear Camera | 8MP Front Camera,,https://www.flipkart.com/boltt-ace-5g-arctic-white-128-gb/p/itm2eb0f483effdd?pid=MOBHPP599JHZUZBV&lid=LSTMOBHPP599JHZUZBVN1I3RX&marketplace=FLIPKART&q=smart+phones&store=tyy%2F4io&srno=s_37_888&otracker=search&fm=organic&iid=en_bNzyDWBXeUWzV1ZZwpEu0SVGwhUSHZoTyBvTohfcsGJ9ubcvF0kEQcL46iNRUnVkqWMRb7XZ9LlJlXwsX-MeSpRRJF9TV-hbUYxhg9GdHDazFtsY3Cc7AgR5KRSeHRB2&ppt=None&ppn=None&ssid=91cgq4xups0000001791542907877&qH=a5594894156db043&ov_redirect=true,2026-10-09
889,"Apple iPhone 17 Pro Max (Silver, 512 GB)",Apple,169900,,,4.7,"2,485",233,,,,"A19 Chip, 6 Core Processor Processor",17.53 cm (6.9 inch) Super Retina XDR Display,48MP + 48MP + 48MP | 18MP Front Camera,,https://www.flipkart.com/apple-iphone-17-pro-max-silver-512-gb/p/itma57b8663dea65?pid=MOBHFN6YKEJCARGW&lid=LSTMOBHFN6YKEJCARGWKPZZNN&marketplace=FLIPKART&q=smart+phones&store=tyy%2F4io&srno=s_38_889&otracker=search&fm=organic&iid=2d08dbc8-bc00-4a78-b94d-eb189a78e3b7.MOBHFN6YKEJCARGW.SEARCH&ppt=None&ppn=None&ssid=sy5upw47b40000001791542910766&qH=a5594894156db043&ov_redirect=true,2026-10-09
890,"OPPO A6 Pro 5G (Aurora Gold, 256 GB)",OPPO,33999,34999,2% off,4.3,245,19,8 GB RAM,256 GB ROM,7000 mAh Battery,Dimensity 6300 Processor,17.14 cm (6.75 inches) HD+ Display,,,https://www.flipkart.com/oppo-a6-pro-5g-aurora-gold-256-gb/p/itm397626a14646c?pid=MOBHHHC3ZW6BUARU&lid=LSTMOBHHHC3ZW6BUARUGRESNP&marketplace=FLIPKART&q=smart+phones&store=tyy%2F4io&srno=s_38_890&otracker=search&fm=organic&iid=2d08dbc8-bc00-4a78-b94d-eb189a78e3b7.MOBHHHC3ZW6BUARU.SEARCH&ppt=None&ppn=None&ssid=sy5upw47b40000001791542910766&qH=a5594894156db043&ov_redirect=true,2026-10-09
891,"Mivi One 5G (Green, 128 GB)",Mivi,13999,23999,41% off,,,,6 GB RAM,128 GB ROM,6000 mAh Lithium Polymer Battery,Snapdragon 4 Gen 2 Processor,17.14 cm (6.75 inch) HD+ Display,50MP Rear Camera | 8MP Front Camera,,https://www.flipkart.com/mivi-one-5g-green-128-gb/p/itm7ea6be1c1d0bf?pid=MOBHR3ZPFRUFFEBF&lid=LSTMOBHR3ZPFRUFFEBFXXFJBJ&marketplace=FLIPKART&q=smart+phones&store=tyy%2F4io&srno=s_38_891&otracker=search&fm=organic&iid=en_vwKXgMQkX6CAp7kbkUdljYMe0dV3p9330TBByGFUD96e6edKbUBsZ-so3-48l2YdzBcC0adnJVDAF994s5Z8VdXXcDpR_S7wBKL_ui3585O0TPKXr5I89Kqlbk7gsNTp&ppt=None&ppn=None&ssid=sy5upw47b40000001791542910766&qH=a5594894156db043&ov_redirect=true,2026-10-09
892,"BOLTT ACE 5G (Lavender Bloom, 64 GB)",BOLTT,11999,24999,52% off,4.2,477,226,4 GB RAM,64 GB ROM,6000 mAh Lithium ion Battery,T8200 Processor,17.25 cm (6.79 inch) HD+ Display,64MP Rear Camera | 8MP Front Camera,,https://www.flipkart.com/boltt-ace-5g-lavender-bloom-64-gb/p/itm2eb0f483effdd?pid=MOBHPP59CGDHZVJY&lid=LSTMOBHPP59CGDHZVJYFJP39X&marketplace=FLIPKART&q=smart+phones&store=tyy%2F4io&srno=s_38_892&otracker=search&fm=organic&iid=en_vwKXgMQkX6CAp7kbkUdljYMe0dV3p9330TBByGFUD96_zd03ENq8Y7Q0qKU_UM366EjlcJGcWKVIdsXhsZKqlc-Hfce6zHM39GsmaCxEcE20TPKXr5I89Kqlbk7gsNTp&ppt=None&ppn=None&ssid=sy5upw47b40000001791542910766&qH=a5594894156db043&ov_redirect=true,2026-10-09
893,"Ai+ Nova 2 Power 5G (Blue Fusion, 128 GB)",Ai+,17999,29999,40% off,4.1,123,16,8 GB RAM,128 GB ROM,7000 mAh Li-polymer Battery,Dimensity 7100 Processor,17.14 cm (6.75 inch) HD+ Display,48MP + 8MP | 13MP Front Camera,,https://www.flipkart.com/ai-nova-2-power-5g-blue-fusion-128-gb/p/itm06349d66e3696?pid=MOBHQZVXRQUGTVZ2&lid=LSTMOBHQZVXRQUGTVZ23OS5D6&marketplace=FLIPKART&q=smart+phones&store=tyy%2F4io&srno=s_38_893&otracker=search&fm=organic&iid=2d08dbc8-bc00-4a78-b94d-eb189a78e3b7.MOBHQZVXRQUGTVZ2.SEARCH&ppt=None&ppn=None&ssid=sy5upw47b40000001791542910766&qH=a5594894156db043&ov_redirect=true,2026-10-09
894,"Mivi One 5G (Dark Blue, 128 GB)",Mivi,14999,25999,42% off,,,,8 GB RAM,128 GB ROM,6000 mAh Lithium Polymer Battery,Snapdragon 4 Gen 2 Processor,17.14 cm (6.75 inch) HD+ Display,50MP Rear Camera | 8MP Front Camera,,https://www.flipkart.com/mivi-one-5g-dark-blue-128-gb/p/itm7c374475b93cf?pid=MOBHR3ZPKTQ7SMZQ&lid=LSTMOBHR3ZPKTQ7SMZQ8S0OLE&marketplace=FLIPKART&q=smart+phones&store=tyy%2F4io&srno=s_38_894&otracker=search&fm=organic&iid=2d08dbc8-bc00-4a78-b94d-eb189a78e3b7.MOBHR3ZPKTQ7SMZQ.SEARCH&ppt=None&ppn=None&ssid=sy5upw47b40000001791542910766&qH=a5594894156db043&ov_redirect=true,2026-10-09
895,"REDMI 15 5G (Midnight Black, 256 GB)",REDMI,28999,36999,21% off,4.3,"5,044",322,8 GB RAM,256 GB ROM,7000 mAh Battery,,17.53 cm (6.9 inch) Display,50MP Rear Camera,,https://www.flipkart.com/redmi-15-5g-midnight-black-256-gb/p/itm2b8ff5e4eccab?pid=MOBHFGBGBNY2ZSZX&lid=LSTMOBHFGBGBNY2ZSZXBJD7XF&marketplace=FLIPKART&q=smart+phones&store=tyy%2F4io&srno=s_38_895&otracker=search&fm=organic&iid=2d08dbc8-bc00-4a78-b94d-eb189a78e3b7.MOBHFGBGBNY2ZSZX.SEARCH&ppt=None&ppn=None&ssid=sy5upw47b40000001791542910766&qH=a5594894156db043&ov_redirect=true,2026-10-09
896,"Apple iPhone 17 (Black, 512 GB)",Apple,109999,124900,11% off,4.6,"28,706","2,057",,,,"A19 Chip, 6 Core Processor Processor",16.0 cm (6.3 inch) Super Retina XDR Display,48MP + 48MP | 18MP Front Camera,,https://www.flipkart.com/apple-iphone-17-black-512-gb/p/itm6cfb794057ae7?pid=MOBHQV9YHPHJH6AG&lid=LSTMOBHQV9YHPHJH6AG9CLHXK&marketplace=FLIPKART&q=smart+phones&store=tyy%2F4io&srno=s_38_896&otracker=search&fm=organic&iid=2d08dbc8-bc00-4a78-b94d-eb189a78e3b7.MOBHQV9YHPHJH6AG.SEARCH&ppt=None&ppn=None&ssid=sy5upw47b40000001791542910766&qH=a5594894156db043&ov_redirect=true,2026-10-09
897,"BOLTT EVO (Midnight Black, 64 GB)",BOLTT,8999,17999,50% off,4.3,"2,048",987,4 GB RAM,64 GB ROM,6000 mAh Lithium ion Battery,T7250 Processor,6.79'' HD+ punch hole display,50MP + 2MP | 8MP Front Camera,,https://www.flipkart.com/boltt-evo-midnight-black-64-gb/p/itmf046d663a1fd7?pid=MOBHPP597GB8ZHTY&lid=LSTMOBHPP597GB8ZHTYGYX70A&marketplace=FLIPKART&q=smart+phones&store=tyy%2F4io&srno=s_38_897&otracker=search&fm=organic&iid=en_vwKXgMQkX6CAp7kbkUdljYMe0dV3p9330TBByGFUD95dz_1lUpsO0Oqn600Tpa_6mufLsD40cfOytTrT-2ACNqoJtuV9R_JTLQ6A0_d1zMTtFFdi2KyEZaTvW8UA6GxM&ppt=None&ppn=None&ssid=sy5upw47b40000001791542910766&qH=a5594894156db043&ov_redirect=true,2026-10-09
898,"BOLTT EVO (Arctic White, 64 GB)",BOLTT,8999,17999,50% off,4.3,"2,048",987,4 GB RAM,64 GB ROM,6000 mAh Lithium ion Battery,T7250 Processor,6.79'' HD+ punch hole display,50MP + 2MP | 8MP Front Camera,,https://www.flipkart.com/boltt-evo-arctic-white-64-gb/p/itmf046d663a1fd7?pid=MOBHPP59BYSJ98M8&lid=LSTMOBHPP59BYSJ98M8RWYHGQ&marketplace=FLIPKART&q=smart+phones&store=tyy%2F4io&srno=s_38_898&otracker=search&fm=organic&iid=en_vwKXgMQkX6CAp7kbkUdljYMe0dV3p9330TBByGFUD97IGpa0GK_onurR3XkJ9rX0Mw_YrC6cGEjKq2WZ8-8z4kJqULiYX7S4erGGIr8dEejtFFdi2KyEZaTvW8UA6GxM&ppt=None&ppn=None&ssid=sy5upw47b40000001791542910766&qH=a5594894156db043&ov_redirect=true,2026-10-09
899,"realme P4 Lite 5G (Mosaic Blue, 128 GB)",realme,21999,36999,40% off,4.2,"2,478",199,6 GB RAM,128 GB ROM,7000 mAh lithium-ion polymer Battery,Dimensity 6300 Processor,17.27 cm (6.8 inches) HD+ Display,13MP Rear Camera | 5MP Front Camera,,https://www.flipkart.com/realme-p4-lite-5g-mosaic-blue-128-gb/p/itm90c243961f214?pid=MOBHN7A8AG9TYTW6&lid=LSTMOBHN7A8AG9TYTW6TPN67C&marketplace=FLIPKART&q=smart+phones&store=tyy%2F4io&srno=s_38_899&otracker=search&fm=organic&iid=2d08dbc8-bc00-4a78-b94d-eb189a78e3b7.MOBHN7A8AG9TYTW6.SEARCH&ppt=None&ppn=None&ssid=sy5upw47b40000001791542910766&qH=a5594894156db043&ov_redirect=true,2026-10-09
900,"Apple iPhone 18 Pro (Burgundy, 512 GB)",Apple,189900,,,4.6,281,37,,,,"A20 Pro chip, 6 Core Processor Processor",16.0 cm (6.3 inch) Super Retina XDR Display,48MP + 48MP + 48MP | 18MP Front Camera,,https://www.flipkart.com/apple-iphone-18-pro-burgundy-512-gb/p/itm45fade022ddea?pid=MOBHQT5J7PYFBYEM&lid=LSTMOBHQT5J7PYFBYEMNJRJXO&marketplace=FLIPKART&q=smart+phones&store=tyy%2F4io&srno=s_38_900&otracker=search&fm=organic&iid=2d08dbc8-bc00-4a78-b94d-eb189a78e3b7.MOBHQT5J7PYFBYEM.SEARCH&ppt=None&ppn=None&ssid=sy5upw47b40000001791542910766&qH=a5594894156db043&ov_redirect=true,2026-10-09
901,"Nothing Phone (4b) (White, 128 GB)",Nothing,29999,49999,40% off,,,,6 GB RAM,128 GB ROM,6000 mAh Lithium ion Battery,6 Gen 4 Processor,17.2 cm (6.77 inch) Full HD+ AMOLED Display,50MP + 8MP | 16MP Front Camera,,https://www.flipkart.com/nothing-phone-4b-white-128-gb/p/itm939608b40adbb?pid=MOBHQENATV85KYCZ&lid=LSTMOBHQENATV85KYCZ0HUCMA&marketplace=FLIPKART&q=smart+phones&store=tyy%2F4io&srno=s_38_901&otracker=search&fm=organic&iid=en_vwKXgMQkX6CAp7kbkUdljYMe0dV3p9330TBByGFUD95t_N8LEFAtnNQ8-wqcqbPIJRWmJqRScuDEhLBoCJQ_-zmhNhj8Rec88cH_U33TMLXtFFdi2KyEZaTvW8UA6GxM&ppt=None&ppn=None&ssid=sy5upw47b40000001791542910766&qH=a5594894156db043&ov_redirect=true,2026-10-09
902,"BOLTT ACE 5G (Midnight Black, 128 GB)",BOLTT,13499,26999,50% off,4.8,69,59,6 GB RAM,128 GB ROM,6000 mAh Lithium ion Battery,T8200 Processor,17.25 cm (6.79 inch) HD+ Display,64MP Rear Camera | 8MP Front Camera,,https://www.flipkart.com/boltt-ace-5g-midnight-black-128-gb/p/itmc7395bddbb3a4?pid=MOBHPP59KHGRQGZK&lid=LSTMOBHPP59KHGRQGZKG8NGAJ&marketplace=FLIPKART&q=smart+phones&store=tyy%2F4io&srno=s_38_902&otracker=search&fm=organic&iid=en_vwKXgMQkX6CAp7kbkUdljYMe0dV3p9330TBByGFUD9464GzEINoT2GodU1UrnHRlceO83KH40hAfyKb6-RK5emI2n1F29CDxktZayioP0zq0TPKXr5I89Kqlbk7gsNTp&ppt=None&ppn=None&ssid=sy5upw47b40000001791542910766&qH=a5594894156db043&ov_redirect=true,2026-10-09
903,"Samsung Galaxy A26 5G (Awesome black, Black, 128 GB)",Samsung,27990,32999,15% off,4,574,47,8 GB RAM,128 GB ROM,5000 mAh Battery,Samsung Exynos 1380 Processor,17.02 cm (6.7 inch) Full HD+ Display,50MP + 8MP | 13MP Front Camera,,https://www.flipkart.com/samsung-galaxy-a26-5g-awesome-black-128-gb/p/itm3869766b00b78?pid=MOBH9RNGY9JXHKKH&lid=LSTMOBH9RNGY9JXHKKHX4ITWA&marketplace=FLIPKART&q=smart+phones&store=tyy%2F4io&srno=s_38_903&otracker=search&fm=organic&iid=2d08dbc8-bc00-4a78-b94d-eb189a78e3b7.MOBH9RNGY9JXHKKH.SEARCH&ppt=None&ppn=None&ssid=sy5upw47b40000001791542910766&qH=a5594894156db043&ov_redirect=true,2026-10-09
904,"Apple iPhone 18 Pro (Glacier, 512 GB)",Apple,189900,,,4.6,281,37,,,,"A20 Pro chip, 6 Core Processor Processor",16.0 cm (6.3 inch) Super Retina XDR Display,48MP + 48MP + 48MP | 18MP Front Camera,,https://www.flipkart.com/apple-iphone-18-pro-glacier-512-gb/p/itm279b80a9b1198?pid=MOBHR2GUUM9PKCNU&lid=LSTMOBHR2GUUM9PKCNUXPI6F0&marketplace=FLIPKART&q=smart+phones&store=tyy%2F4io&srno=s_38_904&otracker=search&fm=organic&iid=2d08dbc8-bc00-4a78-b94d-eb189a78e3b7.MOBHR2GUUM9PKCNU.SEARCH&ppt=None&ppn=None&ssid=sy5upw47b40000001791542910766&qH=a5594894156db043&ov_redirect=true,2026-10-09
905,"OPPO F27 Pro+ (Midnight Navy, 128 GB)",OPPO,23999,32999,27% off,4.3,"13,636",748,8 GB RAM,128 GB ROM,5000 mAh Battery,Dimensity 7050 Processor,17.02 cm (6.7 inch) Full HD+ Display,64MP + 2MP | 8MP Front Camera,,https://www.flipkart.com/oppo-f27-pro-midnight-navy-128-gb/p/itm5235c3c836cc9?pid=MOBHF3DJM6Y8N4BA&lid=LSTMOBHF3DJM6Y8N4BADOQW8U&marketplace=FLIPKART&q=smart+phones&store=tyy%2F4io&srno=s_38_905&otracker=search&fm=organic&iid=2d08dbc8-bc00-4a78-b94d-eb189a78e3b7.MOBHF3DJM6Y8N4BA.SEARCH&ppt=None&ppn=None&ssid=sy5upw47b40000001791542910766&qH=a5594894156db043&ov_redirect=true,2026-10-09
906,"REDMI Note 15 5G (Mist Purple, 128 GB)",REDMI,27490,36490,24% off,4.4,"1,262",92,8 GB RAM,128 GB ROM,5520 mAh Battery,,17.2 cm (6.77 inch) Display,108MP Rear Camera,,https://www.flipkart.com/redmi-note-15-5g-mist-purple-128-gb/p/itm7cb24e3c40189?pid=MOBHJHPUHHB2BGYY&lid=LSTMOBHJHPUHHB2BGYYOTJIVE&marketplace=FLIPKART&q=smart+phones&store=tyy%2F4io&srno=s_38_906&otracker=search&fm=organic&iid=2d08dbc8-bc00-4a78-b94d-eb189a78e3b7.MOBHJHPUHHB2BGYY.SEARCH&ppt=None&ppn=None&ssid=sy5upw47b40000001791542910766&qH=a5594894156db043&ov_redirect=true,2026-10-09
907,"BOLTT EVO (Arctic White, 128 GB)",BOLTT,10499,18999,44% off,4,"2,616","1,184",6 GB RAM,128 GB ROM,6000 mAh Lithium ion Battery,T7250 Processor,6.79'' HD+ punch hole display,50MP + 2MP | 8MP Front Camera,,https://www.flipkart.com/boltt-evo-arctic-white-128-gb/p/itmf046d663a1fd7?pid=MOBHPP59GKGTGZGA&lid=LSTMOBHPP59GKGTGZGAIEMNWG&marketplace=FLIPKART&q=smart+phones&store=tyy%2F4io&srno=s_38_907&otracker=search&fm=organic&iid=en_vwKXgMQkX6CAp7kbkUdljYMe0dV3p9330TBByGFUD95snkgutLsR_uOqX5VHrcsT2d7HEcpMQaj_c2xS4y4sBI6iFcCMcne0NcY1l-GNU4ztFFdi2KyEZaTvW8UA6GxM&ppt=None&ppn=None&ssid=sy5upw47b40000001791542910766&qH=a5594894156db043&ov_redirect=true,2026-10-09
908,"Mivi One 5G (Burgundy, 128 GB)",Mivi,14999,25999,42% off,,,,8 GB RAM,128 GB ROM,6000 mAh Lithium Polymer Battery,Snapdragon 4 Gen 2 Processor,17.14 cm (6.75 inch) HD+ Display,50MP Rear Camera | 8MP Front Camera,,https://www.flipkart.com/mivi-one-5g-burgundy-128-gb/p/itm3fb0c94957b9f?pid=MOBHR3ZP74GDCQQC&lid=LSTMOBHR3ZP74GDCQQC3F0WAL&marketplace=FLIPKART&q=smart+phones&store=tyy%2F4io&srno=s_38_908&otracker=search&fm=organic&iid=en_vwKXgMQkX6CAp7kbkUdljYMe0dV3p9330TBByGFUD97KW-wTa0sI7tBvojuB9TZKlhTq3TNR9LJbyvkcUs0E5h5lnB_B3YgA2Ah0gCCIDM60TPKXr5I89Kqlbk7gsNTp&ppt=None&ppn=None&ssid=sy5upw47b40000001791542910766&qH=a5594894156db043&ov_redirect=true,2026-10-09
909,"OPPO F33 5G (Forest Green, 128 GB)",OPPO,28499,48999,41% off,4.2,116,10,6 GB RAM,128 GB ROM,7000 mAh lithium-ion polymer Battery,Dimensity 6360 MAX Processor,16.69 cm (6.57 inch) Full HD+ AMOLED Display,50MP + 2MP | 16MP Front Camera,,https://www.flipkart.com/oppo-f33-5g-forest-green-128-gb/p/itm8c5d4a65602fd?pid=MOBHM48F4MDSZTQH&lid=LSTMOBHM48F4MDSZTQHVIW5JO&marketplace=FLIPKART&q=smart+phones&store=tyy%2F4io&srno=s_38_909&otracker=search&fm=organic&iid=2d08dbc8-bc00-4a78-b94d-eb189a78e3b7.MOBHM48F4MDSZTQH.SEARCH&ppt=None&ppn=None&ssid=sy5upw47b40000001791542910766&qH=a5594894156db043&ov_redirect=true,2026-10-09
910,"OPPO F33 5G (Forest Green, 128 GB)",OPPO,30099,52999,43% off,4.3,184,24,8 GB RAM,128 GB ROM,7000 mAh lithium-ion polymer Battery,Dimensity 6360 MAX Processor,16.69 cm (6.57 inch) Full HD+ AMOLED Display,50MP + 2MP | 16MP Front Camera,,https://www.flipkart.com/oppo-f33-5g-forest-green-128-gb/p/itm8c5d4a65602fd?pid=MOBHM48FAG5NJ2VJ&lid=LSTMOBHM48FAG5NJ2VJ6EHHZM&marketplace=FLIPKART&q=smart+phones&store=tyy%2F4io&srno=s_38_910&otracker=search&fm=organic&iid=2d08dbc8-bc00-4a78-b94d-eb189a78e3b7.MOBHM48FAG5NJ2VJ.SEARCH&ppt=None&ppn=None&ssid=sy5upw47b40000001791542910766&qH=a5594894156db043&ov_redirect=true,2026-10-09
911,"BOLTT EVO (Sky Blue, 64 GB)",BOLTT,8999,17999,50% off,4.3,"2,048",987,4 GB RAM,64 GB ROM,6000 mAh Lithium ion Battery,T7250 Processor,6.79'' HD+ punch hole display,50MP + 2MP | 8MP Front Camera,,https://www.flipkart.com/boltt-evo-sky-blue-64-gb/p/itmf046d663a1fd7?pid=MOBHPP59WKSV4FYG&lid=LSTMOBHPP59WKSV4FYGYPMLV6&marketplace=FLIPKART&q=smart+phones&store=tyy%2F4io&srno=s_38_911&otracker=search&fm=organic&iid=en_vwKXgMQkX6CAp7kbkUdljYMe0dV3p9330TBByGFUD94hpxn-UAtSmMIp_qMVklvLiWdFa328hJ5Tl7uRbip-ZFs0LAPqMrP3q_6IRdvsZf_tFFdi2KyEZaTvW8UA6GxM&ppt=None&ppn=None&ssid=sy5upw47b40000001791542910766&qH=a5594894156db043&ov_redirect=true,2026-10-09
912,"BOLTT ACE 5G (Arctic White, 128 GB)",BOLTT,13499,26999,50% off,4.8,69,59,6 GB RAM,128 GB ROM,6000 mAh Lithium ion Battery,T8200 Processor,17.25 cm (6.79 inch) HD+ Display,64MP Rear Camera | 8MP Front Camera,,https://www.flipkart.com/boltt-ace-5g-arctic-white-128-gb/p/itm2eb0f483effdd?pid=MOBHPP599JHZUZBV&lid=LSTMOBHPP599JHZUZBVN1I3RX&marketplace=FLIPKART&q=smart+phones&store=tyy%2F4io&srno=s_38_912&otracker=search&fm=organic&iid=en_vwKXgMQkX6CAp7kbkUdljYMe0dV3p9330TBByGFUD95MsDZzxyiAjbJPkiwATIvxqWMRb7XZ9LlJlXwsX-MeSpRRJF9TV-hbUYxhg9GdHDZL5VhSMQTPDExzJa2bcvZK&ppt=None&ppn=None&ssid=sy5upw47b40000001791542910766&qH=a5594894156db043&ov_redirect=true,2026-10-09
913,"MOTOROLA Signature (PANTONE Martini Olive, 256 GB)",MOTOROLA,59999,74999,20% off,4.4,941,173,12 GB RAM,256 GB ROM,5200 mAh Battery,Snapdragon 8 Gen 5 Processor,17.27 cm (6.8 inch) Super HD Display,50MP + 50MP + 50MP | 50MP Front Camera,,https://www.flipkart.com/motorola-signature-pantone-martini-olive-256-gb/p/itm945fffeb4a94c?pid=MOBHGVJYTCM8BZQF&lid=LSTMOBHGVJYTCM8BZQFUX35PO&marketplace=FLIPKART&q=smart+phones&store=tyy%2F4io&srno=s_39_913&otracker=search&fm=organic&iid=5c6795cb-65c2-443b-8b94-9069de029931.MOBHGVJYTCM8BZQF.SEARCH&ppt=None&ppn=None&ssid=nuz99gmo400000001791542913556&qH=a5594894156db043&ov_redirect=true,2026-10-09
914,"OPPO Reno16c 5G (Twilight Violet, 256 GB)",OPPO,62999,89999,30% off,4.5,91,16,12 GB RAM,256 GB ROM,7000 mAh lithium-ion polymer Battery,Dimensity 7300 Processor,16.69 cm (6.57 inch) Full HD+ Display,50MP + 8MP + 50MP | 50MP Front Camera,,https://www.flipkart.com/oppo-reno16c-5g-twilight-violet-256-gb/p/itm11564d55ef044?pid=MOBHZMBRRFTBYMDJ&lid=LSTMOBHZMBRRFTBYMDJS7QI0W&marketplace=FLIPKART&q=smart+phones&store=tyy%2F4io&srno=s_39_914&otracker=search&fm=organic&iid=5c6795cb-65c2-443b-8b94-9069de029931.MOBHZMBRRFTBYMDJ.SEARCH&ppt=None&ppn=None&ssid=nuz99gmo400000001791542913556&qH=a5594894156db043&ov_redirect=true,2026-10-09
915,"OPPO Reno16c 5G (Starry White, 256 GB)",OPPO,62999,89999,30% off,4.5,91,16,12 GB RAM,256 GB ROM,7000 mAh lithium-ion polymer Battery,Dimensity 7300 Processor,16.69 cm (6.57 inch) Full HD+ Display,50MP + 8MP + 50MP | 50MP Front Camera,,https://www.flipkart.com/oppo-reno16c-5g-starry-white-256-gb/p/itm11564d55ef044?pid=MOBHZMBRFSTWZANJ&lid=LSTMOBHZMBRFSTWZANJ7GORMN&marketplace=FLIPKART&q=smart+phones&store=tyy%2F4io&srno=s_39_915&otracker=search&fm=organic&iid=5c6795cb-65c2-443b-8b94-9069de029931.MOBHZMBRFSTWZANJ.SEARCH&ppt=None&ppn=None&ssid=nuz99gmo400000001791542913556&qH=a5594894156db043&ov_redirect=true,2026-10-09
916,"BOLTT ACE 5G (Midnight Black, 64 GB)",BOLTT,11999,24999,52% off,4.2,477,226,4 GB RAM,64 GB ROM,6000 mAh Lithium ion Battery,T8200 Processor,17.25 cm (6.79 inch) HD+ Display,64MP Rear Camera | 8MP Front Camera,,https://www.flipkart.com/boltt-ace-5g-midnight-black-64-gb/p/itm2eb0f483effdd?pid=MOBHPP596AHABWNP&lid=LSTMOBHPP596AHABWNP9FUVIF&marketplace=FLIPKART&q=smart+phones&store=tyy%2F4io&srno=s_39_916&otracker=search&fm=organic&iid=5c6795cb-65c2-443b-8b94-9069de029931.MOBHPP596AHABWNP.SEARCH&ppt=None&ppn=None&ssid=nuz99gmo400000001791542913556&qH=a5594894156db043&ov_redirect=true,2026-10-09
917,"Mivi One 5G (Green, 128 GB)",Mivi,13999,23999,41% off,,,,6 GB RAM,128 GB ROM,6000 mAh Lithium Polymer Battery,Snapdragon 4 Gen 2 Processor,17.14 cm (6.75 inch) HD+ Display,50MP Rear Camera | 8MP Front Camera,,https://www.flipkart.com/mivi-one-5g-green-128-gb/p/itm7ea6be1c1d0bf?pid=MOBHR3ZPFRUFFEBF&lid=LSTMOBHR3ZPFRUFFEBFXXFJBJ&marketplace=FLIPKART&q=smart+phones&store=tyy%2F4io&srno=s_39_917&otracker=search&fm=organic&iid=en_TwFhpih4lXtSZgPvEpK7C1vMfKEQnmnRkEm9XXoNubbCNXJTrG8djFRA-PlYQuffzBcC0adnJVDAF994s5Z8VdXXcDpR_S7wBKL_ui3585MD7niJbKbwRQ3vNTH6kpNz&ppt=None&ppn=None&ssid=nuz99gmo400000001791542913556&qH=a5594894156db043&ov_redirect=true,2026-10-09
918,"BOLTT ACE 5G (Lavender Bloom, 64 GB)",BOLTT,11999,24999,52% off,4.2,477,226,4 GB RAM,64 GB ROM,6000 mAh Lithium ion Battery,T8200 Processor,17.25 cm (6.79 inch) HD+ Display,64MP Rear Camera | 8MP Front Camera,,https://www.flipkart.com/boltt-ace-5g-lavender-bloom-64-gb/p/itm2eb0f483effdd?pid=MOBHPP59CGDHZVJY&lid=LSTMOBHPP59CGDHZVJYFJP39X&marketplace=FLIPKART&q=smart+phones&store=tyy%2F4io&srno=s_39_918&otracker=search&fm=organic&iid=en_TwFhpih4lXtSZgPvEpK7C1vMfKEQnmnRkEm9XXoNubYpQ3JDt2SVAqivYIlXQqJg6EjlcJGcWKVIdsXhsZKqlc-Hfce6zHM39GsmaCxEcE0D7niJbKbwRQ3vNTH6kpNz&ppt=None&ppn=None&ssid=nuz99gmo400000001791542913556&qH=a5594894156db043&ov_redirect=true,2026-10-09
919,"Infinix NOTE 60 Pro (Frost Silver, 128 GB)",Infinix,35999,49999,28% off,4.4,"1,780",286,8 GB RAM,128 GB ROM,6500 mAh Battery,Snapdragon 7s Gen 4 Processor,17.22 cm (6.78 inch) Full HD+ AMOLED Display,50MP + 8MP | 13MP Front Camera,,https://www.flipkart.com/infinix-note-60-pro-frost-silver-128-gb/p/itm7681d00923b3c?pid=MOBHZB2BNPNMSV2Z&lid=LSTMOBHZB2BNPNMSV2ZW64TFJ&marketplace=FLIPKART&q=smart+phones&store=tyy%2F4io&srno=s_39_919&otracker=search&fm=organic&iid=5c6795cb-65c2-443b-8b94-9069de029931.MOBHZB2BNPNMSV2Z.SEARCH&ppt=None&ppn=None&ssid=nuz99gmo400000001791542913556&qH=a5594894156db043&ov_redirect=true,2026-10-09
920,"Infinix NOTE 60 Pro (Solar Orange, 256 GB)",Infinix,39999,44999,11% off,4.4,"1,780",286,8 GB RAM,256 GB ROM,6500 mAh Battery,Snapdragon 7s Gen 4 Processor,17.22 cm (6.78 inch) Full HD+ AMOLED Display,50MP + 8MP | 13MP Front Camera,,https://www.flipkart.com/infinix-note-60-pro-solar-orange-256-gb/p/itm7681d00923b3c?pid=MOBHHVE27GMHHRNA&lid=LSTMOBHHVE27GMHHRNAQXXJNV&marketplace=FLIPKART&q=smart+phones&store=tyy%2F4io&srno=s_39_920&otracker=search&fm=organic&iid=5c6795cb-65c2-443b-8b94-9069de029931.MOBHHVE27GMHHRNA.SEARCH&ppt=None&ppn=None&ssid=nuz99gmo400000001791542913556&qH=a5594894156db043&ov_redirect=true,2026-10-09
921,"BOLTT EVO (Midnight Black, 64 GB)",BOLTT,8999,17999,50% off,4.3,"2,048",987,4 GB RAM,64 GB ROM,6000 mAh Lithium ion Battery,T7250 Processor,6.79'' HD+ punch hole display,50MP + 2MP | 8MP Front Camera,,https://www.flipkart.com/boltt-evo-midnight-black-64-gb/p/itmf046d663a1fd7?pid=MOBHPP597GB8ZHTY&lid=LSTMOBHPP597GB8ZHTYGYX70A&marketplace=FLIPKART&q=smart+phones&store=tyy%2F4io&srno=s_39_921&otracker=search&fm=organic&iid=en_TwFhpih4lXtSZgPvEpK7C1vMfKEQnmnRkEm9XXoNubZd2KjHc_OS4lfufiatn3nfmufLsD40cfOytTrT-2ACNqoJtuV9R_JTLQ6A0_d1zMTicuUIycYVpfZbbBp36oRR&ppt=None&ppn=None&ssid=nuz99gmo400000001791542913556&qH=a5594894156db043&ov_redirect=true,2026-10-09
922,"BOLTT EVO (Arctic White, 64 GB)",BOLTT,8999,17999,50% off,4.3,"2,048",987,4 GB RAM,64 GB ROM,6000 mAh Lithium ion Battery,T7250 Processor,6.79'' HD+ punch hole display,50MP + 2MP | 8MP Front Camera,,https://www.flipkart.com/boltt-evo-arctic-white-64-gb/p/itmf046d663a1fd7?pid=MOBHPP59BYSJ98M8&lid=LSTMOBHPP59BYSJ98M8RWYHGQ&marketplace=FLIPKART&q=smart+phones&store=tyy%2F4io&srno=s_39_922&otracker=search&fm=organic&iid=en_TwFhpih4lXtSZgPvEpK7C1vMfKEQnmnRkEm9XXoNubYs5DKQdQMa6mKQri6nMaRKMw_YrC6cGEjKq2WZ8-8z4kJqULiYX7S4erGGIr8dEejicuUIycYVpfZbbBp36oRR&ppt=None&ppn=None&ssid=nuz99gmo400000001791542913556&qH=a5594894156db043&ov_redirect=true,2026-10-09
923,"OPPO Reno16c 5G (Stellar Purple, 128 GB)",OPPO,52999,74999,29% off,4.5,503,109,8 GB RAM,128 GB ROM,7000 mAh lithium-ion polymer Battery,Dimensity 7300 Processor,16.69 cm (6.57 inch) Full HD+ Display,50MP + 8MP + 50MP | 50MP Front Camera,,https://www.flipkart.com/oppo-reno16c-5g-stellar-purple-128-gb/p/itm11564d55ef044?pid=MOBHZMBRQFXPEWGR&lid=LSTMOBHZMBRQFXPEWGRIDOD6Q&marketplace=FLIPKART&q=smart+phones&store=tyy%2F4io&srno=s_39_923&otracker=search&fm=organic&iid=5c6795cb-65c2-443b-8b94-9069de029931.MOBHZMBRQFXPEWGR.SEARCH&ppt=None&ppn=None&ssid=nuz99gmo400000001791542913556&qH=a5594894156db043&ov_redirect=true,2026-10-09
924,"vivo V70 (Passion Red 2026, 256 GB)",vivo,59999,65999,9% off,4.6,"1,771",217,8 GB RAM,256 GB ROM,6500 mAh Li-ion battery Battery,Snapdragon 7 Gen 4 Processor,16.74 cm (6.59 inches) Full HD+ AMOLED Display,50MP + 50MP + 8MP | 50MP Front Camera,,https://www.flipkart.com/vivo-v70-passion-red-2026-256-gb/p/itmecfa7a31699de?pid=MOBHZFFH6ZBHTHZU&lid=LSTMOBHZFFH6ZBHTHZUBNFFP4&marketplace=FLIPKART&q=smart+phones&store=tyy%2F4io&srno=s_39_924&otracker=search&fm=organic&iid=5c6795cb-65c2-443b-8b94-9069de029931.MOBHZFFH6ZBHTHZU.SEARCH&ppt=None&ppn=None&ssid=nuz99gmo400000001791542913556&qH=a5594894156db043&ov_redirect=true,2026-10-09
925,"Ai+ Pulse 2 (Pink, 128 GB)",Ai+,10999,15999,31% off,3.7,"10,322",951,6 GB RAM,128 GB ROM,6000 mAh Battery,T7250 Processor,17.13 cm (6.745 inch) HD+ Display,50MP Rear Camera | 8MP Front Camera,,https://www.flipkart.com/ai-pulse-2-pink-128-gb/p/itme84a628679535?pid=MOBHZV9WACPTZV7R&lid=LSTMOBHZV9WACPTZV7RF3Z5SJ&marketplace=FLIPKART&q=smart+phones&store=tyy%2F4io&srno=s_39_925&otracker=search&fm=organic&iid=5c6795cb-65c2-443b-8b94-9069de029931.MOBHZV9WACPTZV7R.SEARCH&ppt=None&ppn=None&ssid=nuz99gmo400000001791542913556&qH=a5594894156db043&ov_redirect=true,2026-10-09
926,"Samsung Galaxy Z Flip7 FE 5G (Black, 256 GB)",Samsung,95999,,,4.4,59,4,8 GB RAM,256 GB ROM,4000 mAh Battery,Exynos 2400 Processor,17.02 cm (6.7 inch) Full HD+ Display,50MP + 12MP | 10MP Front Camera,,https://www.flipkart.com/samsung-galaxy-z-flip7-fe-5g-black-256-gb/p/itm5565597a85add?pid=MOBHD92UXHS85ZYZ&lid=LSTMOBHD92UXHS85ZYZD4149S&marketplace=FLIPKART&q=smart+phones&store=tyy%2F4io&srno=s_39_926&otracker=search&fm=organic&iid=5c6795cb-65c2-443b-8b94-9069de029931.MOBHD92UXHS85ZYZ.SEARCH&ppt=None&ppn=None&ssid=nuz99gmo400000001791542913556&qH=a5594894156db043&ov_redirect=true,2026-10-09
927,"Nothing Phone (4b) (White, 128 GB)",Nothing,29999,49999,40% off,,,,6 GB RAM,128 GB ROM,6000 mAh Lithium ion Battery,6 Gen 4 Processor,17.2 cm (6.77 inch) Full HD+ AMOLED Display,50MP + 8MP | 16MP Front Camera,,https://www.flipkart.com/nothing-phone-4b-white-128-gb/p/itm939608b40adbb?pid=MOBHQENATV85KYCZ&lid=LSTMOBHQENATV85KYCZ0HUCMA&marketplace=FLIPKART&q=smart+phones&store=tyy%2F4io&srno=s_39_927&otracker=search&fm=organic&iid=en_TwFhpih4lXtSZgPvEpK7C1vMfKEQnmnRkEm9XXoNubbq8UpfEuVXVa8POjT73yjKJRWmJqRScuDEhLBoCJQ_-zmhNhj8Rec88cH_U33TMLXicuUIycYVpfZbbBp36oRR&ppt=None&ppn=None&ssid=nuz99gmo400000001791542913556&qH=a5594894156db043&ov_redirect=true,2026-10-09
928,"BOLTT ACE 5G (Midnight Black, 128 GB)",BOLTT,13499,26999,50% off,4.8,69,59,6 GB RAM,128 GB ROM,6000 mAh Lithium ion Battery,T8200 Processor,17.25 cm (6.79 inch) HD+ Display,64MP Rear Camera | 8MP Front Camera,,https://www.flipkart.com/boltt-ace-5g-midnight-black-128-gb/p/itmc7395bddbb3a4?pid=MOBHPP59KHGRQGZK&lid=LSTMOBHPP59KHGRQGZKG8NGAJ&marketplace=FLIPKART&q=smart+phones&store=tyy%2F4io&srno=s_39_928&otracker=search&fm=organic&iid=en_TwFhpih4lXtSZgPvEpK7C1vMfKEQnmnRkEm9XXoNubZfD6strPC7qbJR5CXyL3wtceO83KH40hAfyKb6-RK5emI2n1F29CDxktZayioP0zoD7niJbKbwRQ3vNTH6kpNz&ppt=None&ppn=None&ssid=nuz99gmo400000001791542913556&qH=a5594894156db043&ov_redirect=true,2026-10-09
929,"vivo X300 FE (Lilac Purple, 256 GB)",vivo,89999,109999,18% off,4.3,26,1,8 GB RAM,256 GB ROM,6500 mAh Battery,Snapdragon 8 Gen 5 Processor,16.03 cm (6.31 inch) Full HD+ AMOLED Display,50MP + 50MP + 8MP | 50MP Front Camera,,https://www.flipkart.com/vivo-x300-fe-lilac-purple-256-gb/p/itm0c1929579cabb?pid=MOBHQYFNKHC7JFDZ&lid=LSTMOBHQYFNKHC7JFDZF2BIQR&marketplace=FLIPKART&q=smart+phones&store=tyy%2F4io&srno=s_39_929&otracker=search&fm=organic&iid=5c6795cb-65c2-443b-8b94-9069de029931.MOBHQYFNKHC7JFDZ.SEARCH&ppt=None&ppn=None&ssid=nuz99gmo400000001791542913556&qH=a5594894156db043&ov_redirect=true,2026-10-09
930,"vivo X300 FE (Urban Olive, 256 GB)",vivo,89999,109999,18% off,4.3,26,1,8 GB RAM,256 GB ROM,6500 mAh Battery,Snapdragon 8 Gen 5 Processor,16.03 cm (6.31 inch) Full HD+ AMOLED Display,50MP + 50MP + 8MP | 50MP Front Camera,,https://www.flipkart.com/vivo-x300-fe-urban-olive-256-gb/p/itm0c1929579cabb?pid=MOBHQYFNGEVZV3VK&lid=LSTMOBHQYFNGEVZV3VKQZKP1O&marketplace=FLIPKART&q=smart+phones&store=tyy%2F4io&srno=s_39_930&otracker=search&fm=organic&iid=5c6795cb-65c2-443b-8b94-9069de029931.MOBHQYFNGEVZV3VK.SEARCH&ppt=None&ppn=None&ssid=nuz99gmo400000001791542913556&qH=a5594894156db043&ov_redirect=true,2026-10-09
931,"BOLTT EVO (Arctic White, 128 GB)",BOLTT,10499,18999,44% off,4,"2,616","1,184",6 GB RAM,128 GB ROM,6000 mAh Lithium ion Battery,T7250 Processor,6.79'' HD+ punch hole display,50MP + 2MP | 8MP Front Camera,,https://www.flipkart.com/boltt-evo-arctic-white-128-gb/p/itmf046d663a1fd7?pid=MOBHPP59GKGTGZGA&lid=LSTMOBHPP59GKGTGZGAIEMNWG&marketplace=FLIPKART&q=smart+phones&store=tyy%2F4io&srno=s_39_931&otracker=search&fm=organic&iid=en_TwFhpih4lXtSZgPvEpK7C1vMfKEQnmnRkEm9XXoNubb5bR42Rt0-f97X6sRVouJQ2d7HEcpMQaj_c2xS4y4sBI6iFcCMcne0NcY1l-GNU4zicuUIycYVpfZbbBp36oRR&ppt=None&ppn=None&ssid=nuz99gmo400000001791542913556&qH=a5594894156db043&ov_redirect=true,2026-10-09
932,"Mivi One 5G (Burgundy, 128 GB)",Mivi,14999,25999,42% off,,,,8 GB RAM,128 GB ROM,6000 mAh Lithium Polymer Battery,Snapdragon 4 Gen 2 Processor,17.14 cm (6.75 inch) HD+ Display,50MP Rear Camera | 8MP Front Camera,,https://www.flipkart.com/mivi-one-5g-burgundy-128-gb/p/itm3fb0c94957b9f?pid=MOBHR3ZP74GDCQQC&lid=LSTMOBHR3ZP74GDCQQC3F0WAL&marketplace=FLIPKART&q=smart+phones&store=tyy%2F4io&srno=s_39_932&otracker=search&fm=organic&iid=en_TwFhpih4lXtSZgPvEpK7C1vMfKEQnmnRkEm9XXoNubZdBdXkszq3OxlZYphr5CJVlhTq3TNR9LJbyvkcUs0E5h5lnB_B3YgA2Ah0gCCIDM4D7niJbKbwRQ3vNTH6kpNz&ppt=None&ppn=None&ssid=nuz99gmo400000001791542913556&qH=a5594894156db043&ov_redirect=true,2026-10-09
933,"Samsung Galaxy A56 5G (Awesome Graphite, 256 GB)",Samsung,52999,,,4.4,630,63,12 GB RAM,256 GB ROM,5000 mAh Battery,Exynos 1580 Processor,17.02 cm (6.7 inch) Full HD+ Display,50MP + 12MP + 5MP | 12MP Front Camera,,https://www.flipkart.com/samsung-galaxy-a56-5g-awesome-graphite-256-gb/p/itm33a726cc39ea5?pid=MOBH9RNGGNNYZPCH&lid=LSTMOBH9RNGGNNYZPCHFCOIWP&marketplace=FLIPKART&q=smart+phones&store=tyy%2F4io&srno=s_39_933&otracker=search&fm=organic&iid=5c6795cb-65c2-443b-8b94-9069de029931.MOBH9RNGGNNYZPCH.SEARCH&ppt=None&ppn=None&ssid=nuz99gmo400000001791542913556&qH=a5594894156db043&ov_redirect=true,2026-10-09
934,"Apple iPhone 17 Pro Max (Deep Blue, 512 GB)",Apple,169900,,,4.7,"2,485",233,,,,"A19 Chip, 6 Core Processor Processor",17.53 cm (6.9 inch) Super Retina XDR Display,48MP + 48MP + 48MP | 18MP Front Camera,,https://www.flipkart.com/apple-iphone-17-pro-max-deep-blue-512-gb/p/itm275e00dd11259?pid=MOBHFN6Y3HST3PZQ&lid=LSTMOBHFN6Y3HST3PZQAW4IRQ&marketplace=FLIPKART&q=smart+phones&store=tyy%2F4io&srno=s_39_934&otracker=search&fm=organic&iid=5c6795cb-65c2-443b-8b94-9069de029931.MOBHFN6Y3HST3PZQ.SEARCH&ppt=None&ppn=None&ssid=nuz99gmo400000001791542913556&qH=a5594894156db043&ov_redirect=true,2026-10-09
935,"Samsung Galaxy A06 5G (Light Grey, 128 GB)",Samsung,17399,23999,27% off,4.1,"5,073",380,4 GB RAM,128 GB ROM,5000 mAh Li-ion Battery,Dimensity 6300 Processor,17.02 cm (6.7 inch) HD+ Display,50MP + 2MP | 8MP Front Camera,,https://www.flipkart.com/samsung-galaxy-a06-5g-light-grey-128-gb/p/itm0b99fc0b9ddf7?pid=MOBH9GQKDXEH5R6K&lid=LSTMOBH9GQKDXEH5R6KKLQIXW&marketplace=FLIPKART&q=smart+phones&store=tyy%2F4io&srno=s_39_935&otracker=search&fm=organic&iid=5c6795cb-65c2-443b-8b94-9069de029931.MOBH9GQKDXEH5R6K.SEARCH&ppt=None&ppn=None&ssid=nuz99gmo400000001791542913556&qH=a5594894156db043&ov_redirect=true,2026-10-09
936,"Google Pixel 11 Pro (Fog, 256 GB)",Google,119999,,,4.4,71,13,12 GB RAM,256 GB ROM,4850 mAh Lithium Battery,Tensor G6 Processor,16.0 cm (6.3 inch) Super Actua Display,50MP + 48MP + 48MP | 42MP Front Camera,,https://www.flipkart.com/google-pixel-11-pro-fog-256-gb/p/itm3a05c77195112?pid=MOBHPHNVAUEXFKR4&lid=LSTMOBHPHNVAUEXFKR4RQMMNE&marketplace=FLIPKART&q=smart+phones&store=tyy%2F4io&srno=s_39_936&otracker=search&fm=organic&iid=5c6795cb-65c2-443b-8b94-9069de029931.MOBHPHNVAUEXFKR4.SEARCH&ppt=None&ppn=None&ssid=nuz99gmo400000001791542913556&qH=a5594894156db043&ov_redirect=true,2026-10-09
937,"BOLTT EVO (Midnight Black, 64 GB)",BOLTT,8999,17999,50% off,4.3,"2,048",987,4 GB RAM,64 GB ROM,6000 mAh Lithium ion Battery,T7250 Processor,6.79'' HD+ punch hole display,50MP + 2MP | 8MP Front Camera,,https://www.flipkart.com/boltt-evo-midnight-black-64-gb/p/itmf046d663a1fd7?pid=MOBHPP597GB8ZHTY&lid=LSTMOBHPP597GB8ZHTYGYX70A&marketplace=FLIPKART&q=smart+phones&store=tyy%2F4io&srno=s_40_937&otracker=search&fm=organic&iid=en_sUQXVE3MZQVvi4wOZaYjUrKpv_BAvLdO6OTVVesl3Jxs8j6DSHVpA5KiQes-WrFymufLsD40cfOytTrT-2ACNol0zbRIx7nkRM2sm5Z_wdO4pq9jvi2lqKw-GCvMUCYu&ppt=None&ppn=None&ssid=xa4pgimme80000001791542916364&qH=a5594894156db043&ov_redirect=true,2026-10-09
938,"Mivi One 5G (Green, 128 GB)",Mivi,13999,23999,41% off,,,,6 GB RAM,128 GB ROM,6000 mAh Lithium Polymer Battery,Snapdragon 4 Gen 2 Processor,17.14 cm (6.75 inch) HD+ Display,50MP Rear Camera | 8MP Front Camera,,https://www.flipkart.com/mivi-one-5g-green-128-gb/p/itm7ea6be1c1d0bf?pid=MOBHR3ZPFRUFFEBF&lid=LSTMOBHR3ZPFRUFFEBFXXFJBJ&marketplace=FLIPKART&q=smart+phones&store=tyy%2F4io&srno=s_40_938&otracker=search&fm=organic&iid=en_sUQXVE3MZQVvi4wOZaYjUrKpv_BAvLdO6OTVVesl3JztdcjZPbtL4NDDzuVK7p8gzBcC0adnJVDAF994s5Z8VY9HwORmVN_5IcANi6THsWoIUO0xHyU2XVr4t4Zn1y5c&ppt=None&ppn=None&ssid=xa4pgimme80000001791542916364&qH=a5594894156db043&ov_redirect=true,2026-10-09
939,"REDMI 15A (Amaze Purple, 128 GB)",REDMI,18499,28999,36% off,3.8,810,72,4 GB RAM,128 GB ROM,6300 mAh Lithium-Ion Polymer Battery,T8300 Processor,17.53 cm (6.9 inch) Display,32MP Rear Camera | 8MP Front Camera,,https://www.flipkart.com/redmi-15a-amaze-purple-128-gb/p/itmd0294be755db1?pid=MOBHPDZD7YVWKAJD&lid=LSTMOBHPDZD7YVWKAJD7SASBO&marketplace=FLIPKART&q=smart+phones&store=tyy%2F4io&srno=s_40_939&otracker=search&fm=organic&iid=2822ca47-e351-4fd6-a4af-a8b3a2cb8516.MOBHPDZD7YVWKAJD.SEARCH&ppt=None&ppn=None&ssid=xa4pgimme80000001791542916364&qH=a5594894156db043&ov_redirect=true,2026-10-09
940,"MOTOROLA Edge 70 Max (PANTONE Aqua Gray, 256 GB)",MOTOROLA,54999,89999,38% off,4.3,50,6,8 GB RAM,256 GB ROM,7100 mAh Silicon-Carbon Battery,Snapdragon 8 Gen 5 Processor,17.27 cm (6.8 inch) Quad HD+ Display,50MP + 8MP | 32MP Front Camera,,https://www.flipkart.com/motorola-edge-70-max-pantone-aqua-gray-256-gb/p/itm1b87bd4ec5e54?pid=MOBHMJQACRZKNK6Z&lid=LSTMOBHMJQACRZKNK6ZYWVU5Z&marketplace=FLIPKART&q=smart+phones&store=tyy%2F4io&srno=s_40_940&otracker=search&fm=organic&iid=2822ca47-e351-4fd6-a4af-a8b3a2cb8516.MOBHMJQACRZKNK6Z.SEARCH&ppt=None&ppn=None&ssid=xa4pgimme80000001791542916364&qH=a5594894156db043&ov_redirect=true,2026-10-09
941,"BOLTT EVO (Arctic White, 64 GB)",BOLTT,8999,17999,50% off,4.3,"2,048",987,4 GB RAM,64 GB ROM,6000 mAh Lithium ion Battery,T7250 Processor,6.79'' HD+ punch hole display,50MP + 2MP | 8MP Front Camera,,https://www.flipkart.com/boltt-evo-arctic-white-64-gb/p/itmf046d663a1fd7?pid=MOBHPP59BYSJ98M8&lid=LSTMOBHPP59BYSJ98M8RWYHGQ&marketplace=FLIPKART&q=smart+phones&store=tyy%2F4io&srno=s_40_941&otracker=search&fm=organic&iid=en_sUQXVE3MZQVvi4wOZaYjUrKpv_BAvLdO6OTVVesl3JzpcZIwreb1njaddp-HMn2kMw_YrC6cGEjKq2WZ8-8z4qoJtuV9R_JTLQ6A0_d1zMS4pq9jvi2lqKw-GCvMUCYu&ppt=None&ppn=None&ssid=xa4pgimme80000001791542916364&qH=a5594894156db043&ov_redirect=true,2026-10-09
942,"Nothing Phone (4b) (White, 128 GB)",Nothing,29999,49999,40% off,,,,6 GB RAM,128 GB ROM,6000 mAh Lithium ion Battery,6 Gen 4 Processor,17.2 cm (6.77 inch) Full HD+ AMOLED Display,50MP + 8MP | 16MP Front Camera,,https://www.flipkart.com/nothing-phone-4b-white-128-gb/p/itm939608b40adbb?pid=MOBHQENATV85KYCZ&lid=LSTMOBHQENATV85KYCZ0HUCMA&marketplace=FLIPKART&q=smart+phones&store=tyy%2F4io&srno=s_40_942&otracker=search&fm=organic&iid=en_sUQXVE3MZQVvi4wOZaYjUrKpv_BAvLdO6OTVVesl3JxneROofGmJeTauTY2MYP7IJRWmJqRScuDEhLBoCJQ_-3Mu8S9Tpd5mWOJNld4khGm4pq9jvi2lqKw-GCvMUCYu&ppt=None&ppn=None&ssid=xa4pgimme80000001791542916364&qH=a5594894156db043&ov_redirect=true,2026-10-09
943,"realme P3 Ultra 5G (Neptune Blue, 128 GB)",realme,31999,,,4.4,"22,154","2,558",8 GB RAM,128 GB ROM,6000 mAh Battery,Dimensity 8350 Ultra Processor,17.35 cm (6.83 inch) Display,50MP + 8MP | 16MP Front Camera,,https://www.flipkart.com/realme-p3-ultra-5g-neptune-blue-128-gb/p/itm50171223b4a05?pid=MOBHAYKEXWW5SW5B&lid=LSTMOBHAYKEXWW5SW5BD6JPGU&marketplace=FLIPKART&q=smart+phones&store=tyy%2F4io&srno=s_40_943&otracker=search&fm=organic&iid=2822ca47-e351-4fd6-a4af-a8b3a2cb8516.MOBHAYKEXWW5SW5B.SEARCH&ppt=None&ppn=None&ssid=xa4pgimme80000001791542916364&qH=a5594894156db043&ov_redirect=true,2026-10-09
944,"OnePlus Nord CE5 5G (Nexus Blue, 256 GB)",OnePlus,41999,44999,6% off,4.5,"12,664",873,8 GB RAM,256 GB ROM,7100 mAh Battery,,17.2 cm (6.77 inch) Display,50MP Rear Camera,,https://www.flipkart.com/oneplus-nord-ce5-5g-nexus-blue-256-gb/p/itm9259708fe4e3c?pid=MOBHEYWZAADTSTYZ&lid=LSTMOBHEYWZAADTSTYZEQFBRD&marketplace=FLIPKART&q=smart+phones&store=tyy%2F4io&srno=s_40_944&otracker=search&fm=organic&iid=2822ca47-e351-4fd6-a4af-a8b3a2cb8516.MOBHEYWZAADTSTYZ.SEARCH&ppt=None&ppn=None&ssid=xa4pgimme80000001791542916364&qH=a5594894156db043&ov_redirect=true,2026-10-09
945,"Apple iPhone 18 Pro max (Silver, 256 GB)",Apple,179900,,,4.8,140,22,,,,"A20 Pro chip, 6 Core Processor Processor",17.53 cm (6.9 inch) Super Retina XDR Display,48MP + 48MP + 48MP | 18MP Front Camera,,https://www.flipkart.com/apple-iphone-18-pro-max-silver-256-gb/p/itmead656790625b?pid=MOBHQT5JHJVUYBWN&lid=LSTMOBHQT5JHJVUYBWNHYHHKC&marketplace=FLIPKART&q=smart+phones&store=tyy%2F4io&srno=s_40_945&otracker=search&fm=organic&iid=2822ca47-e351-4fd6-a4af-a8b3a2cb8516.MOBHQT5JHJVUYBWN.SEARCH&ppt=None&ppn=None&ssid=xa4pgimme80000001791542916364&qH=a5594894156db043&ov_redirect=true,2026-10-09
946,"Infinix SMART 20 (Shadow Black, 64 GB)",Infinix,13499,19999,32% off,3.9,312,35,4 GB RAM,64 GB ROM,5200 mAh Battery,Helio G81 Ultimate Processor,17.22 cm (6.78 inch) HD+ Display,8MP Rear Camera | 8MP Front Camera,,https://www.flipkart.com/infinix-smart-20-shadow-black-64-gb/p/itmf761cd49f9162?pid=MOBHNMEEJVRS9GJG&lid=LSTMOBHNMEEJVRS9GJG6RX37Q&marketplace=FLIPKART&q=smart+phones&store=tyy%2F4io&srno=s_40_946&otracker=search&fm=organic&iid=2822ca47-e351-4fd6-a4af-a8b3a2cb8516.MOBHNMEEJVRS9GJG.SEARCH&ppt=None&ppn=None&ssid=xa4pgimme80000001791542916364&qH=a5594894156db043&ov_redirect=true,2026-10-09
947,"BOLTT ACE 5G (Midnight Black, 128 GB)",BOLTT,13499,26999,50% off,4.8,69,59,6 GB RAM,128 GB ROM,6000 mAh Lithium ion Battery,T8200 Processor,17.25 cm (6.79 inch) HD+ Display,64MP Rear Camera | 8MP Front Camera,,https://www.flipkart.com/boltt-ace-5g-midnight-black-128-gb/p/itmc7395bddbb3a4?pid=MOBHPP59KHGRQGZK&lid=LSTMOBHPP59KHGRQGZKG8NGAJ&marketplace=FLIPKART&q=smart+phones&store=tyy%2F4io&srno=s_40_947&otracker=search&fm=organic&iid=en_sUQXVE3MZQVvi4wOZaYjUrKpv_BAvLdO6OTVVesl3Jx9rcs0MbIbY9rRTsXFpeybceO83KH40hAfyKb6-RK5epGaJ2uKZhH5MvHJRiMkFJ0IUO0xHyU2XVr4t4Zn1y5c&ppt=None&ppn=None&ssid=xa4pgimme80000001791542916364&qH=a5594894156db043&ov_redirect=true,2026-10-09
948,"BOLTT EVO (Arctic White, 128 GB)",BOLTT,10499,18999,44% off,4,"2,616","1,184",6 GB RAM,128 GB ROM,6000 mAh Lithium ion Battery,T7250 Processor,6.79'' HD+ punch hole display,50MP + 2MP | 8MP Front Camera,,https://www.flipkart.com/boltt-evo-arctic-white-128-gb/p/itmf046d663a1fd7?pid=MOBHPP59GKGTGZGA&lid=LSTMOBHPP59GKGTGZGAIEMNWG&marketplace=FLIPKART&q=smart+phones&store=tyy%2F4io&srno=s_40_948&otracker=search&fm=organic&iid=en_sUQXVE3MZQVvi4wOZaYjUrKpv_BAvLdO6OTVVesl3JygVpZbPPpfm1SwCVHKeFxr2d7HEcpMQaj_c2xS4y4sBNhWhcs2422M6EHooulnPAq4pq9jvi2lqKw-GCvMUCYu&ppt=None&ppn=None&ssid=xa4pgimme80000001791542916364&qH=a5594894156db043&ov_redirect=true,2026-10-09
949,"Infinix SMART 20 (Sunlike Orange, 64 GB)",Infinix,13499,19999,32% off,3.9,312,35,4 GB RAM,64 GB ROM,5200 mAh Battery,Helio G81 Ultimate Processor,17.22 cm (6.78 inch) HD+ Display,8MP Rear Camera | 8MP Front Camera,,https://www.flipkart.com/infinix-smart-20-sunlike-orange-64-gb/p/itmf761cd49f9162?pid=MOBHNMEEHHA6JFGF&lid=LSTMOBHNMEEHHA6JFGFOAPBH0&marketplace=FLIPKART&q=smart+phones&store=tyy%2F4io&srno=s_40_949&otracker=search&fm=organic&iid=2822ca47-e351-4fd6-a4af-a8b3a2cb8516.MOBHNMEEHHA6JFGF.SEARCH&ppt=None&ppn=None&ssid=xa4pgimme80000001791542916364&qH=a5594894156db043&ov_redirect=true,2026-10-09
950,"realme 16 Pro+ 5G (Master Gold, 256 GB)",realme,55999,,,4.5,"1,376",178,8 GB RAM,256 GB ROM,7000 mAh Battery,7 Gen 4 Processor,17.27 cm (6.8 inch) Full HD+ AMOLED Display,200MP + 50MP + 8MP | 50MP Front Camera,,https://www.flipkart.com/realme-16-pro-5g-master-gold-256-gb/p/itmf8e5c193facd1?pid=MOBHMSFHDF52NT4Z&lid=LSTMOBHMSFHDF52NT4ZENSUQA&marketplace=FLIPKART&q=smart+phones&store=tyy%2F4io&srno=s_40_950&otracker=search&fm=organic&iid=2822ca47-e351-4fd6-a4af-a8b3a2cb8516.MOBHMSFHDF52NT4Z.SEARCH&ppt=None&ppn=None&ssid=xa4pgimme80000001791542916364&qH=a5594894156db043&ov_redirect=true,2026-10-09
951,"Mivi One 5G (Burgundy, 128 GB)",Mivi,14999,25999,42% off,,,,8 GB RAM,128 GB ROM,6000 mAh Lithium Polymer Battery,Snapdragon 4 Gen 2 Processor,17.14 cm (6.75 inch) HD+ Display,50MP Rear Camera | 8MP Front Camera,,https://www.flipkart.com/mivi-one-5g-burgundy-128-gb/p/itm3fb0c94957b9f?pid=MOBHR3ZP74GDCQQC&lid=LSTMOBHR3ZP74GDCQQC3F0WAL&marketplace=FLIPKART&q=smart+phones&store=tyy%2F4io&srno=s_40_951&otracker=search&fm=organic&iid=en_sUQXVE3MZQVvi4wOZaYjUrKpv_BAvLdO6OTVVesl3Jy3YUxdkYw94hMguKfFh9XFlhTq3TNR9LJbyvkcUs0E5oTWGhiTZD2C7natyNwoQ7QIUO0xHyU2XVr4t4Zn1y5c&ppt=None&ppn=None&ssid=xa4pgimme80000001791542916364&qH=a5594894156db043&ov_redirect=true,2026-10-09
952,"BOLTT ACE 5G (Arctic White, 128 GB)",BOLTT,13499,26999,50% off,4.8,69,59,6 GB RAM,128 GB ROM,6000 mAh Lithium ion Battery,T8200 Processor,17.25 cm (6.79 inch) HD+ Display,64MP Rear Camera | 8MP Front Camera,,https://www.flipkart.com/boltt-ace-5g-arctic-white-128-gb/p/itm2eb0f483effdd?pid=MOBHPP599JHZUZBV&lid=LSTMOBHPP599JHZUZBVN1I3RX&marketplace=FLIPKART&q=smart+phones&store=tyy%2F4io&srno=s_40_952&otracker=search&fm=organic&iid=en_sUQXVE3MZQVvi4wOZaYjUrKpv_BAvLdO6OTVVesl3JwBdeiLD34LGkseMiaFfERO8ETKDZwOYTzjik_-dC--FzRQFTYC-T69_miXcOdYNLUIUO0xHyU2XVr4t4Zn1y5c&ppt=None&ppn=None&ssid=xa4pgimme80000001791542916364&qH=a5594894156db043&ov_redirect=true,2026-10-09
953,"realme 16 Pro+ 5G (Master Grey, 256 GB)",realme,55999,,,4.5,"1,376",178,8 GB RAM,256 GB ROM,7000 mAh Battery,7 Gen 4 Processor,17.27 cm (6.8 inch) Full HD+ AMOLED Display,200MP + 50MP + 8MP | 50MP Front Camera,,https://www.flipkart.com/realme-16-pro-5g-master-grey-256-gb/p/itmf8e5c193facd1?pid=MOBHMSFHJBX2TJ5N&lid=LSTMOBHMSFHJBX2TJ5N1QZS9V&marketplace=FLIPKART&q=smart+phones&store=tyy%2F4io&srno=s_40_953&otracker=search&fm=organic&iid=2822ca47-e351-4fd6-a4af-a8b3a2cb8516.MOBHMSFHJBX2TJ5N.SEARCH&ppt=None&ppn=None&ssid=xa4pgimme80000001791542916364&qH=a5594894156db043&ov_redirect=true,2026-10-09
954,"REDMI 15A (Ace Black, 128 GB)",REDMI,18499,28999,36% off,3.8,810,72,4 GB RAM,128 GB ROM,6300 mAh Lithium-Ion Polymer Battery,T8300 Processor,17.53 cm (6.9 inch) Display,32MP Rear Camera | 8MP Front Camera,,https://www.flipkart.com/redmi-15a-ace-black-128-gb/p/itmff2a2b898d0cf?pid=MOBHPDZD79WTP7JA&lid=LSTMOBHPDZD79WTP7JAYZFCWJ&marketplace=FLIPKART&q=smart+phones&store=tyy%2F4io&srno=s_40_954&otracker=search&fm=organic&iid=2822ca47-e351-4fd6-a4af-a8b3a2cb8516.MOBHPDZD79WTP7JA.SEARCH&ppt=None&ppn=None&ssid=xa4pgimme80000001791542916364&qH=a5594894156db043&ov_redirect=true,2026-10-09
955,"Samsung Galaxy Z Fold8 Ultra 5G (Graphite, 512 GB)",Samsung,214999,224999,4% off,4.8,123,81,12 GB RAM,512 GB ROM,5000 mAh Li-ion Battery,Qualcomm Snapdragon 8 Elite Gen 5 Processor,20.32 cm (8 inch) QXGA+ Display,200MP + 50MP + 10MP | 10MP Front Camera,,https://www.flipkart.com/samsung-galaxy-z-fold8-ultra-5g-graphite-512-gb/p/itmeed3a92a5e2fd?pid=MOBHZUFNZB9ZCE9C&lid=LSTMOBHZUFNZB9ZCE9C2UTDKK&marketplace=FLIPKART&q=smart+phones&store=tyy%2F4io&srno=s_40_955&otracker=search&fm=organic&iid=2822ca47-e351-4fd6-a4af-a8b3a2cb8516.MOBHZUFNZB9ZCE9C.SEARCH&ppt=None&ppn=None&ssid=xa4pgimme80000001791542916364&qH=a5594894156db043&ov_redirect=true,2026-10-09
956,"Samsung Galaxy Z Fold8 Ultra 5G (Violet Shadow, 512 GB)",Samsung,214999,224999,4% off,4.8,123,81,12 GB RAM,512 GB ROM,5000 mAh Li-ion Battery,Qualcomm Snapdragon 8 Elite Gen 5 Processor,20.32 cm (8 inch) QXGA+ Display,200MP + 50MP + 10MP | 10MP Front Camera,,https://www.flipkart.com/samsung-galaxy-z-fold8-ultra-5g-violet-shadow-512-gb/p/itmeed3a92a5e2fd?pid=MOBHZUFNAD82TZTS&lid=LSTMOBHZUFNAD82TZTSKZKDGG&marketplace=FLIPKART&q=smart+phones&store=tyy%2F4io&srno=s_40_956&otracker=search&fm=organic&iid=2822ca47-e351-4fd6-a4af-a8b3a2cb8516.MOBHZUFNAD82TZTS.SEARCH&ppt=None&ppn=None&ssid=xa4pgimme80000001791542916364&qH=a5594894156db043&ov_redirect=true,2026-10-09
957,"BOLTT EVO (Sky Blue, 64 GB)",BOLTT,8999,17999,50% off,4.3,"2,048",987,4 GB RAM,64 GB ROM,6000 mAh Lithium ion Battery,T7250 Processor,6.79'' HD+ punch hole display,50MP + 2MP | 8MP Front Camera,,https://www.flipkart.com/boltt-evo-sky-blue-64-gb/p/itmf046d663a1fd7?pid=MOBHPP59WKSV4FYG&lid=LSTMOBHPP59WKSV4FYGYPMLV6&marketplace=FLIPKART&q=smart+phones&store=tyy%2F4io&srno=s_40_957&otracker=search&fm=organic&iid=en_sUQXVE3MZQVvi4wOZaYjUrKpv_BAvLdO6OTVVesl3Jx3GllU0oPEuxQcFcMmgikZiWdFa328hJ5Tl7uRbip-ZFs0LAPqMrP3q_6IRdvsZf-4pq9jvi2lqKw-GCvMUCYu&ppt=None&ppn=None&ssid=xa4pgimme80000001791542916364&qH=a5594894156db043&ov_redirect=true,2026-10-09
958,"BOLTT ACE 5G (Lavender Bloom, 64 GB)",BOLTT,11999,24999,52% off,4.2,477,226,4 GB RAM,64 GB ROM,6000 mAh Lithium ion Battery,T8200 Processor,17.25 cm (6.79 inch) HD+ Display,64MP Rear Camera | 8MP Front Camera,,https://www.flipkart.com/boltt-ace-5g-lavender-bloom-64-gb/p/itm2eb0f483effdd?pid=MOBHPP59CGDHZVJY&lid=LSTMOBHPP59CGDHZVJYFJP39X&marketplace=FLIPKART&q=smart+phones&store=tyy%2F4io&srno=s_40_958&otracker=search&fm=organic&iid=en_sUQXVE3MZQVvi4wOZaYjUrKpv_BAvLdO6OTVVesl3Jxzl76thChRY3lspSEgQa3M2ZyRGa6akVdbuu0_qDHpV5RRJF9TV-hbUYxhg9GdHDb6bpACAlaXjJOB2WlK45ad&ppt=None&ppn=None&ssid=xa4pgimme80000001791542916364&qH=a5594894156db043&ov_redirect=true,2026-10-09
959,"Samsung Galaxy Z Fold4 5G (Phantom Black, 512 GB)",Samsung,187999,,,3.4,126,12,12 GB RAM,512 GB ROM,4400 mAh Lithium Ion Battery,Qualcomm Snapdragon 8+ Gen 1 Processor,19.3 cm (7.6 inch) Full HD+ Display,50MP + 12MP + 10MP | 10MP Front Camera,,https://www.flipkart.com/samsung-galaxy-z-fold4-5g-phantom-black-512-gb/p/itmfd92b709a0322?pid=MOBGHFGD5RFCSJYR&lid=LSTMOBGHFGD5RFCSJYRDFHJMI&marketplace=FLIPKART&q=smart+phones&store=tyy%2F4io&srno=s_40_959&otracker=search&fm=organic&iid=2822ca47-e351-4fd6-a4af-a8b3a2cb8516.MOBGHFGD5RFCSJYR.SEARCH&ppt=None&ppn=None&ssid=xa4pgimme80000001791542916364&qH=a5594894156db043&ov_redirect=true,2026-10-09
960,"Google Pixel 10 (Frost, 256 GB)",Google,79999,,,4.5,"3,738",357,12 GB RAM,256 GB ROM,4970 mAh Battery,Tensor G5 Processor,16.0 cm (6.3 inch) Quad HD+ Display,48MP + 13MP + 10.8MP | 10.5MP Front Camera,,https://www.flipkart.com/google-pixel-10-frost-256-gb/p/itm180af25bcc197?pid=MOBHEXHRXDGMF8XZ&lid=LSTMOBHEXHRXDGMF8XZ4R1W9O&marketplace=FLIPKART&q=smart+phones&store=tyy%2F4io&srno=s_40_960&otracker=search&fm=organic&iid=2822ca47-e351-4fd6-a4af-a8b3a2cb8516.MOBHEXHRXDGMF8XZ.SEARCH&ppt=None&ppn=None&ssid=xa4pgimme80000001791542916364&qH=a5594894156db043&ov_redirect=true,2026-10-09
961,"BOLTT EVO (Midnight Black, 64 GB)",BOLTT,8999,17999,50% off,4.3,"2,048",987,4 GB RAM,64 GB ROM,6000 mAh Lithium ion Battery,T7250 Processor,6.79'' HD+ punch hole display,50MP + 2MP | 8MP Front Camera,,https://www.flipkart.com/boltt-evo-midnight-black-64-gb/p/itmf046d663a1fd7?pid=MOBHPP597GB8ZHTY&lid=LSTMOBHPP597GB8ZHTYGYX70A&marketplace=FLIPKART&q=smart+phones&store=tyy%2F4io&srno=s_41_961&otracker=search&fm=organic&iid=en_lbOLujvqM-d8Uquo_-1vGXoOwFCItrjy4TYuJbNIiiGLZA8qzREcy7WG6dhBcqOUmufLsD40cfOytTrT-2ACNol0zbRIx7nkRM2sm5Z_wdMKgcWwl5jbwMzC-qgCvJC3&ppt=None&ppn=None&ssid=a930zbj9kw0000001791542919377&qH=a5594894156db043&ov_redirect=true,2026-10-09
962,"Mivi One 5G (Green, 128 GB)",Mivi,13999,23999,41% off,,,,6 GB RAM,128 GB ROM,6000 mAh Lithium Polymer Battery,Snapdragon 4 Gen 2 Processor,17.14 cm (6.75 inch) HD+ Display,50MP Rear Camera | 8MP Front Camera,,https://www.flipkart.com/mivi-one-5g-green-128-gb/p/itm7ea6be1c1d0bf?pid=MOBHR3ZPFRUFFEBF&lid=LSTMOBHR3ZPFRUFFEBFXXFJBJ&marketplace=FLIPKART&q=smart+phones&store=tyy%2F4io&srno=s_41_962&otracker=search&fm=organic&iid=en_lbOLujvqM-d8Uquo_-1vGXoOwFCItrjy4TYuJbNIiiEl41vQQklTCANO7ObOCJqhzBcC0adnJVDAF994s5Z8VY9HwORmVN_5IcANi6THsWrC7dJuNMLlHW493L3PUQ5G&ppt=None&ppn=None&ssid=a930zbj9kw0000001791542919377&qH=a5594894156db043&ov_redirect=true,2026-10-09
963,"Ai+ Pulse 2 (Green, 128 GB)",Ai+,10999,15999,31% off,3.7,"10,322",951,6 GB RAM,128 GB ROM,6000 mAh Battery,T7250 Processor,17.13 cm (6.745 inch) HD+ Display,50MP Rear Camera | 8MP Front Camera,,https://www.flipkart.com/ai-pulse-2-green-128-gb/p/itm084a786f92bbd?pid=MOBHZV9WA9GGRHQM&lid=LSTMOBHZV9WA9GGRHQMNREHVI&marketplace=FLIPKART&q=smart+phones&store=tyy%2F4io&srno=s_41_963&otracker=search&fm=organic&iid=21e643f7-d71e-4702-96b4-d7cf15bef56f.MOBHZV9WA9GGRHQM.SEARCH&ppt=None&ppn=None&ssid=a930zbj9kw0000001791542919377&qH=a5594894156db043&ov_redirect=true,2026-10-09
964,"OPPO A6 Pro 5G (Cappuccino Brown, 128 GB)",OPPO,32999,,,4.3,245,19,8 GB RAM,128 GB ROM,7000 mAh Battery,Dimensity 6300 Processor,17.14 cm (6.75 inches) HD+ Display,,,https://www.flipkart.com/oppo-a6-pro-5g-cappuccino-brown-128-gb/p/itm397626a14646c?pid=MOBHHHC3YHHS6VW2&lid=LSTMOBHHHC3YHHS6VW2FSSPAB&marketplace=FLIPKART&q=smart+phones&store=tyy%2F4io&srno=s_41_964&otracker=search&fm=organic&iid=21e643f7-d71e-4702-96b4-d7cf15bef56f.MOBHHHC3YHHS6VW2.SEARCH&ppt=None&ppn=None&ssid=a930zbj9kw0000001791542919377&qH=a5594894156db043&ov_redirect=true,2026-10-09
965,"Samsung Galaxy F36 5G (Black, 128 GB)",Samsung,24999,,,4.2,"7,320",642,8 GB RAM,128 GB ROM,5000 mAh Battery,Samsung Exynos 1380 Processor,17.02 cm (6.7 inch) Full HD+ Display,50MP + 8MP + 2MP | 13MP Front Camera,,https://www.flipkart.com/samsung-galaxy-f36-5g-black-128-gb/p/itma26d01a0d3111?pid=MOBHMWFXHYJFFFWG&lid=LSTMOBHMWFXHYJFFFWGVWOTNN&marketplace=FLIPKART&q=smart+phones&store=tyy%2F4io&srno=s_41_965&otracker=search&fm=organic&iid=21e643f7-d71e-4702-96b4-d7cf15bef56f.MOBHMWFXHYJFFFWG.SEARCH&ppt=None&ppn=None&ssid=a930zbj9kw0000001791542919377&qH=a5594894156db043&ov_redirect=true,2026-10-09
966,"Ai+ Nova 2 Pro 5G (Purple, 128 GB)",Ai+,17999,21999,18% off,4,"2,478",296,6 GB RAM,128 GB ROM,6000 mAh Li-polymer Battery,Dimensity 7100 Processor,17.53 cm (6.9 inch) Full HD+ Display,48MP Rear Camera | 13MP Front Camera,,https://www.flipkart.com/ai-nova-2-pro-5g-purple-128-gb/p/itm95899429b0b18?pid=MOBHZ8ZMGVPHRQWP&lid=LSTMOBHZ8ZMGVPHRQWPJBKI1W&marketplace=FLIPKART&q=smart+phones&store=tyy%2F4io&srno=s_41_966&otracker=search&fm=organic&iid=21e643f7-d71e-4702-96b4-d7cf15bef56f.MOBHZ8ZMGVPHRQWP.SEARCH&ppt=None&ppn=None&ssid=a930zbj9kw0000001791542919377&qH=a5594894156db043&ov_redirect=true,2026-10-09
967,"BOLTT EVO (Arctic White, 64 GB)",BOLTT,8999,17999,50% off,4.3,"2,048",987,4 GB RAM,64 GB ROM,6000 mAh Lithium ion Battery,T7250 Processor,6.79'' HD+ punch hole display,50MP + 2MP | 8MP Front Camera,,https://www.flipkart.com/boltt-evo-arctic-white-64-gb/p/itmf046d663a1fd7?pid=MOBHPP59BYSJ98M8&lid=LSTMOBHPP59BYSJ98M8RWYHGQ&marketplace=FLIPKART&q=smart+phones&store=tyy%2F4io&srno=s_41_967&otracker=search&fm=organic&iid=en_lbOLujvqM-d8Uquo_-1vGXoOwFCItrjy4TYuJbNIiiFWsERHSPeYqaMx2BIXhkcOMw_YrC6cGEjKq2WZ8-8z4qoJtuV9R_JTLQ6A0_d1zMQKgcWwl5jbwMzC-qgCvJC3&ppt=None&ppn=None&ssid=a930zbj9kw0000001791542919377&qH=a5594894156db043&ov_redirect=true,2026-10-09
968,"Nothing Phone (4b) (White, 128 GB)",Nothing,29999,49999,40% off,,,,6 GB RAM,128 GB ROM,6000 mAh Lithium ion Battery,6 Gen 4 Processor,17.2 cm (6.77 inch) Full HD+ AMOLED Display,50MP + 8MP | 16MP Front Camera,,https://www.flipkart.com/nothing-phone-4b-white-128-gb/p/itm939608b40adbb?pid=MOBHQENATV85KYCZ&lid=LSTMOBHQENATV85KYCZ0HUCMA&marketplace=FLIPKART&q=smart+phones&store=tyy%2F4io&srno=s_41_968&otracker=search&fm=organic&iid=en_lbOLujvqM-d8Uquo_-1vGXoOwFCItrjy4TYuJbNIiiGOwihDlnt_2kVMEbl11xzCJRWmJqRScuDEhLBoCJQ_-3Mu8S9Tpd5mWOJNld4khGkKgcWwl5jbwMzC-qgCvJC3&ppt=None&ppn=None&ssid=a930zbj9kw0000001791542919377&qH=a5594894156db043&ov_redirect=true,2026-10-09
969,"Samsung Galaxy A56 5G (Light Violet, 128 GB)",Samsung,39990,49999,20% off,4.4,"1,091",85,8 GB RAM,128 GB ROM,5000 mAh Battery,Samsng Exynos 1580 Processor,17.02 cm (6.7 inch) Full HD+ Display,50MP + 12MP + 5MP | 12MP Front Camera,,https://www.flipkart.com/samsung-galaxy-a56-5g-light-violet-128-gb/p/itmee04eb4586b5a?pid=MOBHQBDXXJUDBFVH&lid=LSTMOBHQBDXXJUDBFVHJUDVVT&marketplace=FLIPKART&q=smart+phones&store=tyy%2F4io&srno=s_41_969&otracker=search&fm=organic&iid=21e643f7-d71e-4702-96b4-d7cf15bef56f.MOBHQBDXXJUDBFVH.SEARCH&ppt=None&ppn=None&ssid=a930zbj9kw0000001791542919377&qH=a5594894156db043&ov_redirect=true,2026-10-09
970,"MOTOROLA g37 power (PANTONE Nautical Blue, 128 GB)",MOTOROLA,24249,37999,36% off,4.2,"2,670",209,8 GB RAM,128 GB ROM,7000 mAh Battery,Dimensity 6400 Processor,16.92 cm (6.66 inch) HD+ Display,50MP Rear Camera | 8MP Front Camera,,https://www.flipkart.com/motorola-g37-power-pantone-nautical-blue-128-gb/p/itm48ade38c32669?pid=MOBHMX5YNNYGMVWH&lid=LSTMOBHMX5YNNYGMVWHYBPQ6L&marketplace=FLIPKART&q=smart+phones&store=tyy%2F4io&srno=s_41_970&otracker=search&fm=organic&iid=21e643f7-d71e-4702-96b4-d7cf15bef56f.MOBHMX5YNNYGMVWH.SEARCH&ppt=None&ppn=None&ssid=a930zbj9kw0000001791542919377&qH=a5594894156db043&ov_redirect=true,2026-10-09
971,"BOLTT ACE 5G (Midnight Black, 128 GB)",BOLTT,13499,26999,50% off,4.8,69,59,6 GB RAM,128 GB ROM,6000 mAh Lithium ion Battery,T8200 Processor,17.25 cm (6.79 inch) HD+ Display,64MP Rear Camera | 8MP Front Camera,,https://www.flipkart.com/boltt-ace-5g-midnight-black-128-gb/p/itmc7395bddbb3a4?pid=MOBHPP59KHGRQGZK&lid=LSTMOBHPP59KHGRQGZKG8NGAJ&marketplace=FLIPKART&q=smart+phones&store=tyy%2F4io&srno=s_41_971&otracker=search&fm=organic&iid=en_lbOLujvqM-d8Uquo_-1vGXoOwFCItrjy4TYuJbNIiiHVz5FZ4W2fJ32wM0cmEaALceO83KH40hAfyKb6-RK5epGaJ2uKZhH5MvHJRiMkFJ3C7dJuNMLlHW493L3PUQ5G&ppt=None&ppn=None&ssid=a930zbj9kw0000001791542919377&qH=a5594894156db043&ov_redirect=true,2026-10-09
972,"BOLTT EVO (Arctic White, 128 GB)",BOLTT,10499,18999,44% off,4,"2,616","1,184",6 GB RAM,128 GB ROM,6000 mAh Lithium ion Battery,T7250 Processor,6.79'' HD+ punch hole display,50MP + 2MP | 8MP Front Camera,,https://www.flipkart.com/boltt-evo-arctic-white-128-gb/p/itmf046d663a1fd7?pid=MOBHPP59GKGTGZGA&lid=LSTMOBHPP59GKGTGZGAIEMNWG&marketplace=FLIPKART&q=smart+phones&store=tyy%2F4io&srno=s_41_972&otracker=search&fm=organic&iid=en_lbOLujvqM-d8Uquo_-1vGXoOwFCItrjy4TYuJbNIiiF2qGz2SqHxO5vWp0_BxOca2d7HEcpMQaj_c2xS4y4sBNhWhcs2422M6EHooulnPAoKgcWwl5jbwMzC-qgCvJC3&ppt=None&ppn=None&ssid=a930zbj9kw0000001791542919377&qH=a5594894156db043&ov_redirect=true,2026-10-09
973,"vivo Y51 Pro 5G (Golden Mist, 128 GB)",vivo,34999,54999,36% off,4.3,290,14,8 GB RAM,128 GB ROM,7200 mAh Li-ion Battery,,17.14 cm (6.75 inch) Full HD+ Display,50MP + 2MP | 8MP Front Camera,,https://www.flipkart.com/vivo-y51-pro-5g-golden-mist-128-gb/p/itm0178b2137ffe0?pid=MOBHZF4TKZ9NCY97&lid=LSTMOBHZF4TKZ9NCY97AQNMQ0&marketplace=FLIPKART&q=smart+phones&store=tyy%2F4io&srno=s_41_973&otracker=search&fm=organic&iid=21e643f7-d71e-4702-96b4-d7cf15bef56f.MOBHZF4TKZ9NCY97.SEARCH&ppt=None&ppn=None&ssid=a930zbj9kw0000001791542919377&qH=a5594894156db043&ov_redirect=true,2026-10-09
974,"Motorola G62 5G (Frosted Blue, 128 GB)",Motorola,24999,,,4.1,"29,927","2,516",8 GB RAM,128 GB ROM,5000 mAh Lithium Polymer Battery,Qualcomm Snapdragon 695 5G Processor,41.94 cm (16.51 cm) Full HD+ Display,50MP + 8MP + 2MP | 16MP Front Camera,5G,https://www.flipkart.com/motorola-g62-5g-frosted-blue-128-gb/p/itm914ff5c9b9aaf?pid=MOBGEDT5BYG68GNS&lid=LSTMOBGEDT5BYG68GNSNSIHII&marketplace=FLIPKART&q=smart+phones&store=tyy%2F4io&srno=s_41_974&otracker=search&fm=organic&iid=21e643f7-d71e-4702-96b4-d7cf15bef56f.MOBGEDT5BYG68GNS.SEARCH&ppt=None&ppn=None&ssid=a930zbj9kw0000001791542919377&qH=a5594894156db043&ov_redirect=true,2026-10-09
975,"realme Narzo Power 5G (Titan Silver, 256 GB)",realme,33498,37999,11% off,4.3,115,12,8 GB RAM,256 GB ROM,10001 mAh Battery,,17.27 cm (6.8 inch) Display,50MP Rear Camera,,https://www.flipkart.com/realme-narzo-power-5g-titan-silver-256-gb/p/itmb7d628c2b23a9?pid=MOBHHGXKCXGCXUWD&lid=LSTMOBHHGXKCXGCXUWD3DWDWA&marketplace=FLIPKART&q=smart+phones&store=tyy%2F4io&srno=s_41_975&otracker=search&fm=organic&iid=21e643f7-d71e-4702-96b4-d7cf15bef56f.MOBHHGXKCXGCXUWD.SEARCH&ppt=None&ppn=None&ssid=a930zbj9kw0000001791542919377&qH=a5594894156db043&ov_redirect=true,2026-10-09
976,"Samsung Galaxy Z Fold8 5G (Lavender, 512 GB)",Samsung,194999,204999,4% off,4.7,117,64,12 GB RAM,512 GB ROM,4800 mAh Li-ion Battery,Qualcomm Snapdragon 8 Elite Gen 5 Processor,19.3 cm (7.6 inch) QXGA+ Display,50MP + 50MP | 10MP Front Camera,,https://www.flipkart.com/samsung-galaxy-z-fold8-5g-lavender-512-gb/p/itm604077a20c602?pid=MOBHZUFN6JXQGQNM&lid=LSTMOBHZUFN6JXQGQNMUNA76V&marketplace=FLIPKART&q=smart+phones&store=tyy%2F4io&srno=s_41_976&otracker=search&fm=organic&iid=21e643f7-d71e-4702-96b4-d7cf15bef56f.MOBHZUFN6JXQGQNM.SEARCH&ppt=None&ppn=None&ssid=a930zbj9kw0000001791542919377&qH=a5594894156db043&ov_redirect=true,2026-10-09
977,"Mivi One 5G (Burgundy, 128 GB)",Mivi,14999,25999,42% off,,,,8 GB RAM,128 GB ROM,6000 mAh Lithium Polymer Battery,Snapdragon 4 Gen 2 Processor,17.14 cm (6.75 inch) HD+ Display,50MP Rear Camera | 8MP Front Camera,,https://www.flipkart.com/mivi-one-5g-burgundy-128-gb/p/itm3fb0c94957b9f?pid=MOBHR3ZP74GDCQQC&lid=LSTMOBHR3ZP74GDCQQC3F0WAL&marketplace=FLIPKART&q=smart+phones&store=tyy%2F4io&srno=s_41_977&otracker=search&fm=organic&iid=en_lbOLujvqM-d8Uquo_-1vGXoOwFCItrjy4TYuJbNIiiFk4Kor34H1yjrOjaynGHHrlhTq3TNR9LJbyvkcUs0E5oTWGhiTZD2C7natyNwoQ7TC7dJuNMLlHW493L3PUQ5G&ppt=None&ppn=None&ssid=a930zbj9kw0000001791542919377&qH=a5594894156db043&ov_redirect=true,2026-10-09
978,"BOLTT ACE 5G (Arctic White, 128 GB)",BOLTT,13499,26999,50% off,4.8,69,59,6 GB RAM,128 GB ROM,6000 mAh Lithium ion Battery,T8200 Processor,17.25 cm (6.79 inch) HD+ Display,64MP Rear Camera | 8MP Front Camera,,https://www.flipkart.com/boltt-ace-5g-arctic-white-128-gb/p/itm2eb0f483effdd?pid=MOBHPP599JHZUZBV&lid=LSTMOBHPP599JHZUZBVN1I3RX&marketplace=FLIPKART&q=smart+phones&store=tyy%2F4io&srno=s_41_978&otracker=search&fm=organic&iid=en_lbOLujvqM-d8Uquo_-1vGXoOwFCItrjy4TYuJbNIiiFkc1azoM_WeGM7wDdg4KM18ETKDZwOYTzjik_-dC--FzRQFTYC-T69_miXcOdYNLXC7dJuNMLlHW493L3PUQ5G&ppt=None&ppn=None&ssid=a930zbj9kw0000001791542919377&qH=a5594894156db043&ov_redirect=true,2026-10-09
979,"IQOO Z11xa 5G (Prismatic Green, 128 GB)",IQOO,28958,40999,29% off,,,,8 GB RAM,128 GB ROM,7200 mAh Battery,,17.14 cm (6.75 inch) Display,50MP Rear Camera,,https://www.flipkart.com/iqoo-z11xa-5g-prismatic-green-128-gb/p/itm8e1890656fcd0?pid=MOBHR7HKJVWN4KFU&lid=LSTMOBHR7HKJVWN4KFUELJVDI&marketplace=FLIPKART&q=smart+phones&store=tyy%2F4io&srno=s_41_979&otracker=search&fm=organic&iid=21e643f7-d71e-4702-96b4-d7cf15bef56f.MOBHR7HKJVWN4KFU.SEARCH&ppt=None&ppn=None&ssid=a930zbj9kw0000001791542919377&qH=a5594894156db043&ov_redirect=true,2026-10-09
980,"Samsung Galaxy A27 5G (Light Green, 256 GB)",Samsung,45499,58999,22% off,4.2,30,1,8 GB RAM,256 GB ROM,5000 mAh Li-ion Battery,Snapdragon 6 Gen 3 Processor,16.89 cm (6.65 inch) Full HD+ Display,50MP + 5MP | 12MP Front Camera,,https://www.flipkart.com/samsung-galaxy-a27-5g-light-green-256-gb/p/itm179b783a6be17?pid=MOBHZB63ZAEDX8GZ&lid=LSTMOBHZB63ZAEDX8GZO6HXAB&marketplace=FLIPKART&q=smart+phones&store=tyy%2F4io&srno=s_41_980&otracker=search&fm=organic&iid=21e643f7-d71e-4702-96b4-d7cf15bef56f.MOBHZB63ZAEDX8GZ.SEARCH&ppt=None&ppn=None&ssid=a930zbj9kw0000001791542919377&qH=a5594894156db043&ov_redirect=true,2026-10-09
981,"BOLTT EVO (Sky Blue, 64 GB)",BOLTT,8999,17999,50% off,4.3,"2,048",987,4 GB RAM,64 GB ROM,6000 mAh Lithium ion Battery,T7250 Processor,6.79'' HD+ punch hole display,50MP + 2MP | 8MP Front Camera,,https://www.flipkart.com/boltt-evo-sky-blue-64-gb/p/itmf046d663a1fd7?pid=MOBHPP59WKSV4FYG&lid=LSTMOBHPP59WKSV4FYGYPMLV6&marketplace=FLIPKART&q=smart+phones&store=tyy%2F4io&srno=s_41_981&otracker=search&fm=organic&iid=en_lbOLujvqM-d8Uquo_-1vGXoOwFCItrjy4TYuJbNIiiGZsOPlVQduy7H4RZlsAxn0iWdFa328hJ5Tl7uRbip-ZFs0LAPqMrP3q_6IRdvsZf8KgcWwl5jbwMzC-qgCvJC3&ppt=None&ppn=None&ssid=a930zbj9kw0000001791542919377&qH=a5594894156db043&ov_redirect=true,2026-10-09
982,"BOLTT ACE 5G (Lavender Bloom, 64 GB)",BOLTT,11999,24999,52% off,4.2,477,226,4 GB RAM,64 GB ROM,6000 mAh Lithium ion Battery,T8200 Processor,17.25 cm (6.79 inch) HD+ Display,64MP Rear Camera | 8MP Front Camera,,https://www.flipkart.com/boltt-ace-5g-lavender-bloom-64-gb/p/itm2eb0f483effdd?pid=MOBHPP59CGDHZVJY&lid=LSTMOBHPP59CGDHZVJYFJP39X&marketplace=FLIPKART&q=smart+phones&store=tyy%2F4io&srno=s_41_982&otracker=search&fm=organic&iid=en_lbOLujvqM-d8Uquo_-1vGXoOwFCItrjy4TYuJbNIiiHao2lVd80L85Idkf5-4-zK2ZyRGa6akVdbuu0_qDHpV5RRJF9TV-hbUYxhg9GdHDY0vDJ3dX10M1xMLtTidvop&ppt=None&ppn=None&ssid=a930zbj9kw0000001791542919377&qH=a5594894156db043&ov_redirect=true,2026-10-09
983,"Apple iPhone Air (Space Black, 1 TB)",Apple,139900,159900,12% off,4.5,268,27,,,,"A19 Chip, 6 Core Processor Processor",16.51 cm (6.5 inch) Super Retina XDR Display,48MP Rear Camera | 18MP Front Camera,,https://www.flipkart.com/apple-iphone-air-space-black-1-tb/p/itm5f6f4dba722bd?pid=MOBHFN6YCFFGHX52&lid=LSTMOBHFN6YCFFGHX52CDLD6P&marketplace=FLIPKART&q=smart+phones&store=tyy%2F4io&srno=s_41_983&otracker=search&fm=organic&iid=21e643f7-d71e-4702-96b4-d7cf15bef56f.MOBHFN6YCFFGHX52.SEARCH&ppt=None&ppn=None&ssid=a930zbj9kw0000001791542919377&qH=a5594894156db043&ov_redirect=true,2026-10-09
984,"OPPO Find X9s (Midnight Grey, 256 GB)",OPPO,84999,139999,39% off,4.5,65,9,12 GB RAM,256 GB ROM,7025 mAh Battery,Dimensity 9500s Processor,16.74 cm (6.59 inch) Full HD+ Display,50MP + 50MP + 50MP | 32MP Front Camera,,https://www.flipkart.com/oppo-find-x9s-midnight-grey-256-gb/p/itmeca45f29bf010?pid=MOBHN7ZWWYXQQKGE&lid=LSTMOBHN7ZWWYXQQKGE4EFIXZ&marketplace=FLIPKART&q=smart+phones&store=tyy%2F4io&srno=s_41_984&otracker=search&fm=organic&iid=21e643f7-d71e-4702-96b4-d7cf15bef56f.MOBHN7ZWWYXQQKGE.SEARCH&ppt=None&ppn=None&ssid=a930zbj9kw0000001791542919377&qH=a5594894156db043&ov_redirect=true,2026-10-09
