S.No,Product Name,Brand,Price,Original Price,Discount,Rating,Rating Count,Review Count,RAM,ROM,Battery,Processor,Display Size,Camera,Network Type,Product URL,Scraped Date
1,"Ai+ Pulse 2 (Blue, 128 GB)",Ai+,11999,,,3.7,"9,825",921,6 GB RAM,128 GB ROM,6000 mAh Battery,T7250 Processor,17.13 cm (6.745 inch) HD+ Display,50MP Rear Camera | 8MP Front Camera,,https://www.flipkart.com/ai-pulse-2-blue-128-gb/p/itmd59202944d081?pid=MOBHKHPYW49R78RA&lid=LSTMOBHKHPYW49R78RAW1E0DM&marketplace=FLIPKART&q=smart+phones&store=tyy%2F4io&srno=s_1_1&otracker=search&fm=organic&iid=19652378-8985-487e-8592-44269f84787f.MOBHKHPYW49R78RA.SEARCH&ppt=None&ppn=None&ssid=n5kyban70w0000001790412262843&qH=a5594894156db043&ov_redirect=true,2026-09-26
2,"BOLTT EVO (Berry Red, 64 GB)",BOLTT,9999,17999,44% off,4.5,673,433,4 GB RAM,64 GB ROM,6000 mAh Lithium ion Battery,T7250 Processor,6.79'' HD+ punch hole display,50MP + 2MP | 8MP Front Camera,,https://www.flipkart.com/boltt-evo-berry-red-64-gb/p/itmf046d663a1fd7?pid=MOBHPP598ENKRGBY&lid=LSTMOBHPP598ENKRGBYC3QECN&marketplace=FLIPKART&q=smart+phones&store=tyy%2F4io&srno=s_1_2&otracker=search&fm=organic&iid=19652378-8985-487e-8592-44269f84787f.MOBHPP598ENKRGBY.SEARCH&ppt=None&ppn=None&ssid=n5kyban70w0000001790412262843&qH=a5594894156db043&ov_redirect=true,2026-09-26
3,"Ai+ Pulse 2 (Purple, 64 GB)",Ai+,10999,,,4.1,"12,833",906,4 GB RAM,64 GB ROM,6000 mAh Battery,T7250 Processor,17.13 cm (6.745 inch) HD+ Display,50MP Rear Camera | 8MP Front Camera,,https://www.flipkart.com/ai-pulse-2-purple-64-gb/p/itmdc910ae2ff0c1?pid=MOBHKHPYQHGDVRTG&lid=LSTMOBHKHPYQHGDVRTGHKLHJJ&marketplace=FLIPKART&q=smart+phones&store=tyy%2F4io&srno=s_1_3&otracker=search&fm=organic&iid=19652378-8985-487e-8592-44269f84787f.MOBHKHPYQHGDVRTG.SEARCH&ppt=None&ppn=None&ssid=n5kyban70w0000001790412262843&qH=a5594894156db043&ov_redirect=true,2026-09-26
4,"MOTOROLA g57 power 5G Snapdragon (Pantone Corsair, 128 GB)",MOTOROLA,21999,,,4.4,"57,139","4,117",8 GB RAM,128 GB ROM,7000 mAh Battery,6s Gen 4 Processor,17.07 cm (6.72 inch) Full HD+ Display,50MP + 8MP | 8MP Front Camera,,https://www.flipkart.com/motorola-g57-power-5g-snapdragon-pantone-corsair-128-gb/p/itm8332e9aa80c32?pid=MOBHN974GHFYSJNH&lid=LSTMOBHN974GHFYSJNH7KFUEZ&marketplace=FLIPKART&q=smart+phones&store=tyy%2F4io&srno=s_1_4&otracker=search&fm=organic&iid=19652378-8985-487e-8592-44269f84787f.MOBHN974GHFYSJNH.SEARCH&ppt=None&ppn=None&ssid=n5kyban70w0000001790412262843&qH=a5594894156db043&ov_redirect=true,2026-09-26
5,"Samsung M06 5G (Sage Green, 128 GB)",Samsung,15499,,,4.1,"6,185",426,4 GB RAM,128 GB ROM,5000 mAh Battery,,17.02 cm (6.7 inch) Display,50MP Rear Camera,,https://www.flipkart.com/samsung-m06-5g-sage-green-128-gb/p/itmcafa42dadc15c?pid=MOBH9UYFYVNKR3HR&lid=LSTMOBH9UYFYVNKR3HRIZOSGJ&marketplace=FLIPKART&q=smart+phones&store=tyy%2F4io&srno=s_1_5&otracker=search&fm=organic&iid=19652378-8985-487e-8592-44269f84787f.MOBH9UYFYVNKR3HR.SEARCH&ppt=None&ppn=None&ssid=n5kyban70w0000001790412262843&qH=a5594894156db043&ov_redirect=true,2026-09-26
6,"vivo T5 Lite 44W 5G (Wave Blue, 128 GB)",vivo,20499,33999,39% off,4.2,"1,441",107,4 GB RAM,128 GB ROM,6500 mAh Li-ion Battery,Dimensity 6300 5G Processor,17.12 cm (6.74 inch) HD+ Display,50MP + 0.08MP | 5MP Front Camera,5G,https://www.flipkart.com/vivo-t5-lite-44w-5g-wave-blue-128-gb/p/itm5420c578ec2df?pid=MOBHNDTD5AWH5FJT&lid=LSTMOBHNDTD5AWH5FJTFKS6IQ&marketplace=FLIPKART&q=smart+phones&store=tyy%2F4io&srno=s_1_6&otracker=search&fm=organic&iid=19652378-8985-487e-8592-44269f84787f.MOBHNDTD5AWH5FJT.SEARCH&ppt=None&ppn=None&ssid=n5kyban70w0000001790412262843&qH=a5594894156db043&ov_redirect=true,2026-09-26
7,"OnePlus Nord CE6 Lite (Hyper Black, 128 GB)",OnePlus,28989,33999,14% off,4.3,"1,111",75,8 GB RAM,128 GB ROM,7000 mAh Battery,Mediatek Dimensity 7400 Processor,17.07 cm (6.72 inch) Full HD+ Display,50MP Rear Camera | 8MP Front Camera,,https://www.flipkart.com/oneplus-nord-ce6-lite-hyper-black-128-gb/p/itm894a5599b758b?pid=MOBHN8CA4A6Z3KMZ&lid=LSTMOBHN8CA4A6Z3KMZKLWNQT&marketplace=FLIPKART&q=smart+phones&store=tyy%2F4io&srno=s_1_7&otracker=search&fm=organic&iid=19652378-8985-487e-8592-44269f84787f.MOBHN8CA4A6Z3KMZ.SEARCH&ppt=None&ppn=None&ssid=n5kyban70w0000001790412262843&qH=a5594894156db043&ov_redirect=true,2026-09-26
8,"BOLTT EVO (Sky Blue, 128 GB)",BOLTT,11499,18999,39% off,4,"1,060",526,6 GB RAM,128 GB ROM,6000 mAh Lithium ion Battery,T7250 Processor,6.79'' HD+ punch hole display,50MP + 2MP | 8MP Front Camera,,https://www.flipkart.com/boltt-evo-sky-blue-128-gb/p/itmf046d663a1fd7?pid=MOBHPP59ME6SPCZW&lid=LSTMOBHPP59ME6SPCZWUW9RP3&marketplace=FLIPKART&q=smart+phones&store=tyy%2F4io&srno=s_1_8&otracker=search&fm=organic&iid=19652378-8985-487e-8592-44269f84787f.MOBHPP59ME6SPCZW.SEARCH&ppt=None&ppn=None&ssid=n5kyban70w0000001790412262843&qH=a5594894156db043&ov_redirect=true,2026-09-26
9,"BOLTT EVO (Lavender Bloom, 64 GB)",BOLTT,9999,17999,44% off,4.5,673,433,4 GB RAM,64 GB ROM,6000 mAh Lithium ion Battery,T7250 Processor,6.79'' HD+ punch hole display,50MP + 2MP | 8MP Front Camera,,https://www.flipkart.com/boltt-evo-lavender-bloom-64-gb/p/itmf046d663a1fd7?pid=MOBHPP59AEJZHCVZ&lid=LSTMOBHPP59AEJZHCVZQQSXMU&marketplace=FLIPKART&q=smart+phones&store=tyy%2F4io&srno=s_1_9&otracker=search&fm=organic&iid=19652378-8985-487e-8592-44269f84787f.MOBHPP59AEJZHCVZ.SEARCH&ppt=None&ppn=None&ssid=n5kyban70w0000001790412262843&qH=a5594894156db043&ov_redirect=true,2026-09-26
10,"BOLTT EVO (Arctic White, 128 GB)",BOLTT,11499,18999,39% off,4,"1,060",526,6 GB RAM,128 GB ROM,6000 mAh Lithium ion Battery,T7250 Processor,6.79'' HD+ punch hole display,50MP + 2MP | 8MP Front Camera,,https://www.flipkart.com/boltt-evo-arctic-white-128-gb/p/itmf046d663a1fd7?pid=MOBHPP59GKGTGZGA&lid=LSTMOBHPP59GKGTGZGAIEMNWG&marketplace=FLIPKART&q=smart+phones&store=tyy%2F4io&srno=s_1_10&otracker=search&fm=organic&iid=19652378-8985-487e-8592-44269f84787f.MOBHPP59GKGTGZGA.SEARCH&ppt=None&ppn=None&ssid=n5kyban70w0000001790412262843&qH=a5594894156db043&ov_redirect=true,2026-09-26
11,"Ai+ Pulse 2 (Black, 64 GB)",Ai+,10999,,,4.1,"12,833",906,4 GB RAM,64 GB ROM,6000 mAh Battery,T7250 Processor,17.13 cm (6.745 inch) HD+ Display,50MP Rear Camera | 8MP Front Camera,,https://www.flipkart.com/ai-pulse-2-black-64-gb/p/itm7feca2e591fba?pid=MOBHKHPYGKYZ3YUN&lid=LSTMOBHKHPYGKYZ3YUNFT1CNO&marketplace=FLIPKART&q=smart+phones&store=tyy%2F4io&srno=s_1_11&otracker=search&fm=organic&iid=19652378-8985-487e-8592-44269f84787f.MOBHKHPYGKYZ3YUN.SEARCH&ppt=None&ppn=None&ssid=n5kyban70w0000001790412262843&qH=a5594894156db043&ov_redirect=true,2026-09-26
12,"BOLTT EVO (Arctic White, 64 GB)",BOLTT,9999,17999,44% off,4.5,673,433,4 GB RAM,64 GB ROM,6000 mAh Lithium ion Battery,T7250 Processor,6.79'' HD+ punch hole display,50MP + 2MP | 8MP Front Camera,,https://www.flipkart.com/boltt-evo-arctic-white-64-gb/p/itmf046d663a1fd7?pid=MOBHPP59BYSJ98M8&lid=LSTMOBHPP59BYSJ98M8RWYHGQ&marketplace=FLIPKART&q=smart+phones&store=tyy%2F4io&srno=s_1_12&otracker=search&fm=organic&iid=19652378-8985-487e-8592-44269f84787f.MOBHPP59BYSJ98M8.SEARCH&ppt=None&ppn=None&ssid=n5kyban70w0000001790412262843&qH=a5594894156db043&ov_redirect=true,2026-09-26
13,"OnePlus Nord CE6 Lite (Hyper Black, 256 GB)",OnePlus,34848,36999,5% off,4.3,"1,111",75,8 GB RAM,256 GB ROM,7000 mAh Battery,MediaTek Dimensity 7400 Apex Processor,17.07 cm (6.72 inch) Full HD+ Display,50MP Rear Camera | 8MP Front Camera,,https://www.flipkart.com/oneplus-nord-ce6-lite-hyper-black-256-gb/p/itm894a5599b758b?pid=MOBHN8CPMYHDEBRA&lid=LSTMOBHN8CPMYHDEBRA05WIW3&marketplace=FLIPKART&q=smart+phones&store=tyy%2F4io&srno=s_1_13&otracker=search&fm=organic&iid=19652378-8985-487e-8592-44269f84787f.MOBHN8CPMYHDEBRA.SEARCH&ppt=None&ppn=None&ssid=n5kyban70w0000001790412262843&qH=a5594894156db043&ov_redirect=true,2026-09-26
14,"BOLTT EVO (Sky Blue, 64 GB)",BOLTT,9999,17999,44% off,4.5,673,433,4 GB RAM,64 GB ROM,6000 mAh Lithium ion Battery,T7250 Processor,6.79'' HD+ punch hole display,50MP + 2MP | 8MP Front Camera,,https://www.flipkart.com/boltt-evo-sky-blue-64-gb/p/itmf046d663a1fd7?pid=MOBHPP59WKSV4FYG&lid=LSTMOBHPP59WKSV4FYGYPMLV6&marketplace=FLIPKART&q=smart+phones&store=tyy%2F4io&srno=s_1_14&otracker=search&fm=organic&iid=19652378-8985-487e-8592-44269f84787f.MOBHPP59WKSV4FYG.SEARCH&ppt=None&ppn=None&ssid=n5kyban70w0000001790412262843&qH=a5594894156db043&ov_redirect=true,2026-09-26
15,"Ai+ Nova 2 Ultra 5G (Blue, 128 GB)",Ai+,20999,29999,30% off,4.1,"4,022",548,6 GB RAM,128 GB ROM,6000 mAh Li-polymer Battery,Dimensity 7400 Processor,17.22 cm (6.78 inch) Full HD+ AMOLED Display,50MP + 8MP | 13MP Front Camera,,https://www.flipkart.com/ai-nova-2-ultra-5g-blue-128-gb/p/itma055c78313c9e?pid=MOBHZHUVVDVJ9RBF&lid=LSTMOBHZHUVVDVJ9RBFTFC2MI&marketplace=FLIPKART&q=smart+phones&store=tyy%2F4io&srno=s_1_15&otracker=search&fm=organic&iid=19652378-8985-487e-8592-44269f84787f.MOBHZHUVVDVJ9RBF.SEARCH&ppt=None&ppn=None&ssid=n5kyban70w0000001790412262843&qH=a5594894156db043&ov_redirect=true,2026-09-26
16,"Ai+ Pulse 2 (Blue, 64 GB)",Ai+,10999,,,4.1,"12,833",906,4 GB RAM,64 GB ROM,6000 mAh Battery,T7250 Processor,17.13 cm (6.745 inch) HD+ Display,50MP Rear Camera | 8MP Front Camera,,https://www.flipkart.com/ai-pulse-2-blue-64-gb/p/itm9168504534079?pid=MOBHKHPYZFF8KUPC&lid=LSTMOBHKHPYZFF8KUPCODDALK&marketplace=FLIPKART&q=smart+phones&store=tyy%2F4io&srno=s_1_16&otracker=search&fm=organic&iid=19652378-8985-487e-8592-44269f84787f.MOBHKHPYZFF8KUPC.SEARCH&ppt=None&ppn=None&ssid=n5kyban70w0000001790412262843&qH=a5594894156db043&ov_redirect=true,2026-09-26
17,"BOLTT Evo (Lavender Bloom, 128 GB)",BOLTT,11499,18999,39% off,4,"1,060",526,6 GB RAM,128 GB ROM,6000 mAh Lithium ion Battery,T7250 Processor,6.79'' HD+ punch hole display,50MP + 2MP | 8MP Front Camera,,https://www.flipkart.com/boltt-evo-lavender-bloom-128-gb/p/itmf046d663a1fd7?pid=MOBHPP59HZBAPF7Y&lid=LSTMOBHPP59HZBAPF7YKU7ZM5&marketplace=FLIPKART&q=smart+phones&store=tyy%2F4io&srno=s_1_17&otracker=search&fm=organic&iid=19652378-8985-487e-8592-44269f84787f.MOBHPP59HZBAPF7Y.SEARCH&ppt=None&ppn=None&ssid=n5kyban70w0000001790412262843&qH=a5594894156db043&ov_redirect=true,2026-09-26
18,"BOLTT EVO (Midnight Black, 128 GB)",BOLTT,11499,18999,39% off,4,"1,060",526,6 GB RAM,128 GB ROM,6000 mAh Lithium ion Battery,T7250 Processor,6.79'' HD+ punch hole display,50MP + 2MP | 8MP Front Camera,,https://www.flipkart.com/boltt-evo-midnight-black-128-gb/p/itmf046d663a1fd7?pid=MOBHPP59RWHM2PJH&lid=LSTMOBHPP59RWHM2PJHUUF4AF&marketplace=FLIPKART&q=smart+phones&store=tyy%2F4io&srno=s_1_18&otracker=search&fm=organic&iid=19652378-8985-487e-8592-44269f84787f.MOBHPP59RWHM2PJH.SEARCH&ppt=None&ppn=None&ssid=n5kyban70w0000001790412262843&qH=a5594894156db043&ov_redirect=true,2026-09-26
19,Vivo T4 Lite 5G (Titanium Gold 2026) (4GB 64GB),Vivo,16999,27999,39% off,4.3,"44,256","2,017",4 GB RAM,64 GB ROM,6000 mAh Battery,Dimensity 6300 5G Processor,17.12 cm (6.74 inch) HD+ Display,50MP + 2MP | 5MP Front Camera,5G,https://www.flipkart.com/vivo-t4-lite-5g-titanium-gold-2026-4gb-64gb/p/itm49fb53d099f3c?pid=MOBHNCRK44PF7QEN&lid=LSTMOBHNCRK44PF7QENBDEBI7&marketplace=FLIPKART&q=smart+phones&store=tyy%2F4io&srno=s_1_19&otracker=search&fm=organic&iid=19652378-8985-487e-8592-44269f84787f.MOBHNCRK44PF7QEN.SEARCH&ppt=None&ppn=None&ssid=n5kyban70w0000001790412262843&qH=a5594894156db043&ov_redirect=true,2026-09-26
20,"LAVA Virat V1 Pro 5G (Spiti Frost, 128 GB)",LAVA,15999,21999,27% off,4.1,589,141,6 GB RAM,128 GB ROM,6000 mAh Li-ion Battery,T8200 Processor,17.13 cm (6.745 inch) HD+ Display,50MP Rear Camera,,https://www.flipkart.com/lava-virat-v1-pro-5g-spiti-frost-128-gb/p/itm1a8312d187a80?pid=MOBHQDFAGHJJMSJG&lid=LSTMOBHQDFAGHJJMSJGL6JEBP&marketplace=FLIPKART&q=smart+phones&store=tyy%2F4io&srno=s_1_20&otracker=search&fm=organic&iid=19652378-8985-487e-8592-44269f84787f.MOBHQDFAGHJJMSJG.SEARCH&ppt=None&ppn=None&ssid=n5kyban70w0000001790412262843&qH=a5594894156db043&ov_redirect=true,2026-09-26
21,"BOLTT EVO (Berry Red, 128 GB)",BOLTT,11499,18999,39% off,4,"1,060",526,6 GB RAM,128 GB ROM,6000 mAh Lithium ion Battery,T7250 Processor,6.79'' HD+ punch hole display,50MP + 2MP | 8MP Front Camera,,https://www.flipkart.com/boltt-evo-berry-red-128-gb/p/itmf046d663a1fd7?pid=MOBHPP59TUYYPWP5&lid=LSTMOBHPP59TUYYPWP5U7J1VB&marketplace=FLIPKART&q=smart+phones&store=tyy%2F4io&srno=s_1_21&otracker=search&fm=organic&iid=19652378-8985-487e-8592-44269f84787f.MOBHPP59TUYYPWP5.SEARCH&ppt=None&ppn=None&ssid=n5kyban70w0000001790412262843&qH=a5594894156db043&ov_redirect=true,2026-09-26
22,"MOTOROLA g06 power (Pantone tapestry, 64 GB)",MOTOROLA,15999,19999,20% off,4.2,"23,993","1,670",4 GB RAM,64 GB ROM,7000 mAh Battery,Helio G81 Processor,17.48 cm (6.88 inch) HD+ Display,50MP Rear Camera | 8MP Front Camera,,https://www.flipkart.com/motorola-g06-power-pantone-tapestry-64-gb/p/itm29390fa68401d?pid=MOBHN973FFYHGUGG&lid=LSTMOBHN973FFYHGUGG27JKDQ&marketplace=FLIPKART&q=smart+phones&store=tyy%2F4io&srno=s_1_22&otracker=search&fm=organic&iid=19652378-8985-487e-8592-44269f84787f.MOBHN973FFYHGUGG.SEARCH&ppt=None&ppn=None&ssid=n5kyban70w0000001790412262843&qH=a5594894156db043&ov_redirect=true,2026-09-26
23,"vivo T5 5G (Silver Green, 128 GB)",vivo,39999,55999,28% off,4.4,200,25,8 GB RAM,128 GB ROM,7050 mAh Li-ion Battery,Dimensity 7500 Processor,17.35 cm (6.83 inch) Full HD+ AMOLED Display,50MP + 8MP | 32MP Front Camera,,https://www.flipkart.com/vivo-t5-5g-silver-green-128-gb/p/itm8fa150d1fa2d2?pid=MOBHQC8DR8GYASKC&lid=LSTMOBHQC8DR8GYASKCX6FHLE&marketplace=FLIPKART&q=smart+phones&store=tyy%2F4io&srno=s_1_23&otracker=search&fm=organic&iid=19652378-8985-487e-8592-44269f84787f.MOBHQC8DR8GYASKC.SEARCH&ppt=None&ppn=None&ssid=n5kyban70w0000001790412262843&qH=a5594894156db043&ov_redirect=true,2026-09-26
24,"realme P4 Pro 5G (Midnight Ivy, 256 GB)",realme,30999,,,4.4,"22,495","2,205",8 GB RAM,256 GB ROM,7000 mAh Battery,Snapdragon 7 Gen 4 Mobile Processor,17.27 cm (6.8 inch) Full HD+ Display,50MP + 8MP | 50MP Front Camera,,https://www.flipkart.com/realme-p4-pro-5g-midnight-ivy-256-gb/p/itme41a54752cc21?pid=MOBHERXK3YKZUWWZ&lid=LSTMOBHERXK3YKZUWWZM7IFIN&marketplace=FLIPKART&q=smart+phones&store=tyy%2F4io&srno=s_1_24&otracker=search&fm=organic&iid=19652378-8985-487e-8592-44269f84787f.MOBHERXK3YKZUWWZ.SEARCH&ppt=None&ppn=None&ssid=n5kyban70w0000001790412262843&qH=a5594894156db043&ov_redirect=true,2026-09-26
25,"vivo T5 Lite 44W 5G (Wave Blue, 128 GB)",vivo,22999,38499,40% off,4.3,"3,254",249,6 GB RAM,128 GB ROM,6500 mAh Li-ion Battery,Dimensity 6300 5G Processor,17.12 cm (6.74 inch) HD+ Display,50MP + 0.08MP | 5MP Front Camera,5G,https://www.flipkart.com/vivo-t5-lite-44w-5g-wave-blue-128-gb/p/itm5420c578ec2df?pid=MOBHNDTD57UJUK9Q&lid=LSTMOBHNDTD57UJUK9QMGWRRW&marketplace=FLIPKART&q=smart+phones&store=tyy%2F4io&srno=s_2_25&otracker=search&fm=organic&iid=ecf96e92-9bb8-4546-9f0f-b4fcf02b4afb.MOBHNDTD57UJUK9Q.SEARCH&ppt=None&ppn=None&ssid=l0l6zq1c0w0000001790412265612&qH=a5594894156db043&ov_redirect=true,2026-09-26
26,"POCO C85 5G (Power Black, 128 GB)",POCO,17999,22999,21% off,4.2,"2,516",170,6 GB RAM,128 GB ROM,6000 mAh Lithium-Ion Polymer Battery,Dimensity 6300 Processor,17.53 cm (6.9 inch) HD+ Display,50MP Rear Camera | 8MP Front Camera,,https://www.flipkart.com/poco-c85-5g-power-black-128-gb/p/itm2003fa46382ff?pid=MOBHMGG5HZK65TMX&lid=LSTMOBHMGG5HZK65TMXLFDDWP&marketplace=FLIPKART&q=smart+phones&store=tyy%2F4io&srno=s_2_26&otracker=search&fm=organic&iid=ecf96e92-9bb8-4546-9f0f-b4fcf02b4afb.MOBHMGG5HZK65TMX.SEARCH&ppt=None&ppn=None&ssid=l0l6zq1c0w0000001790412265612&qH=a5594894156db043&ov_redirect=true,2026-09-26
27,Vivo T4 Lite 5G (Prism Blue 2026) ( 4GB 64GB),Vivo,16999,27999,39% off,4.3,"44,256","2,017",4 GB RAM,64 GB ROM,6000 mAh Battery,Dimensity 6300 5G Processor,17.12 cm (6.74 inch) HD+ Display,50MP + 2MP | 5MP Front Camera,5G,https://www.flipkart.com/vivo-t4-lite-5g-prism-blue-2026-4gb-64gb/p/itm49fb53d099f3c?pid=MOBHNCRKA4XQFSRM&lid=LSTMOBHNCRKA4XQFSRMKUYMUR&marketplace=FLIPKART&q=smart+phones&store=tyy%2F4io&srno=s_2_27&otracker=search&fm=organic&iid=ecf96e92-9bb8-4546-9f0f-b4fcf02b4afb.MOBHNCRKA4XQFSRM.SEARCH&ppt=None&ppn=None&ssid=l0l6zq1c0w0000001790412265612&qH=a5594894156db043&ov_redirect=true,2026-09-26
28,"Samsung Galaxy F36 5G (Red, 128 GB)",Samsung,20999,22999,8% off,4.3,"12,761","1,135",6 GB RAM,128 GB ROM,5000 mAh Battery,Samsung Exynos 1380 Processor,17.02 cm (6.7 inch) Full HD+ Display,50MP + 8MP + 2MP | 13MP Front Camera,,https://www.flipkart.com/samsung-galaxy-f36-5g-red-128-gb/p/itmc11d84aa155ce?pid=MOBHDFVTHDKNNW8Z&lid=LSTMOBHDFVTHDKNNW8Z1DPOGI&marketplace=FLIPKART&q=smart+phones&store=tyy%2F4io&srno=s_2_28&otracker=search&fm=organic&iid=ecf96e92-9bb8-4546-9f0f-b4fcf02b4afb.MOBHDFVTHDKNNW8Z.SEARCH&ppt=None&ppn=None&ssid=l0l6zq1c0w0000001790412265612&qH=a5594894156db043&ov_redirect=true,2026-09-26
29,"vivo T5 Lite 44W 5G (Twilight Shadow, 128 GB)",vivo,22999,38499,40% off,4.3,"3,254",249,6 GB RAM,128 GB ROM,6500 mAh Li-ion Battery,Dimensity 6300 5G Processor,17.12 cm (6.74 inch) HD+ Display,50MP + 0.08MP | 5MP Front Camera,5G,https://www.flipkart.com/vivo-t5-lite-44w-5g-twilight-shadow-128-gb/p/itm5420c578ec2df?pid=MOBHNDTDY4HFGV2T&lid=LSTMOBHNDTDY4HFGV2TRKEJQX&marketplace=FLIPKART&q=smart+phones&store=tyy%2F4io&srno=s_2_29&otracker=search&fm=organic&iid=ecf96e92-9bb8-4546-9f0f-b4fcf02b4afb.MOBHNDTDY4HFGV2T.SEARCH&ppt=None&ppn=None&ssid=l0l6zq1c0w0000001790412265612&qH=a5594894156db043&ov_redirect=true,2026-09-26
30,"vivo T5 Lite 44W 5G (Wave Blue, 256 GB)",vivo,26999,42499,36% off,4.3,"3,254",249,6 GB RAM,256 GB ROM,6500 mAh Li-ion Battery,Dimensity 6300 5G Processor,17.12 cm (6.74 inch) HD+ Display,50MP + 0.08MP | 5MP Front Camera,5G,https://www.flipkart.com/vivo-t5-lite-44w-5g-wave-blue-256-gb/p/itm5420c578ec2df?pid=MOBHNDTDZ9YZFPZA&lid=LSTMOBHNDTDZ9YZFPZA2NLC1Q&marketplace=FLIPKART&q=smart+phones&store=tyy%2F4io&srno=s_2_30&otracker=search&fm=organic&iid=ecf96e92-9bb8-4546-9f0f-b4fcf02b4afb.MOBHNDTDZ9YZFPZA.SEARCH&ppt=None&ppn=None&ssid=l0l6zq1c0w0000001790412265612&qH=a5594894156db043&ov_redirect=true,2026-09-26
31,"MOTOROLA g37 power (PANTONE Nautical Blue, 128 GB)",MOTOROLA,21999,30499,27% off,4.2,"9,228",831,4 GB RAM,128 GB ROM,7000 mAh Battery,Dimensity 6400 Processor,16.92 cm (6.66 inch) HD+ Display,50MP Rear Camera | 8MP Front Camera,,https://www.flipkart.com/motorola-g37-power-pantone-nautical-blue-128-gb/p/itmf752f4981d932?pid=MOBHHVFYGN57RYAH&lid=LSTMOBHHVFYGN57RYAHB2DF12&marketplace=FLIPKART&q=smart+phones&store=tyy%2F4io&srno=s_2_31&otracker=search&fm=organic&iid=ecf96e92-9bb8-4546-9f0f-b4fcf02b4afb.MOBHHVFYGN57RYAH.SEARCH&ppt=None&ppn=None&ssid=l0l6zq1c0w0000001790412265612&qH=a5594894156db043&ov_redirect=true,2026-09-26
32,"MOTOROLA g35 5G (Leaf Green, 128 GB)",MOTOROLA,12499,,,4.2,"1,40,594","9,745",4 GB RAM,128 GB ROM,5000 mAh Battery,T760 Processor,17.07 cm (6.72 inch) Full HD+ Display,50MP + 8MP | 16MP Front Camera,5G,https://www.flipkart.com/motorola-g35-5g-leaf-green-128-gb/p/itma3ca32cc93927?pid=MOBH3YGPQHRSNQED&lid=LSTMOBH3YGPQHRSNQEDLDGOMQ&marketplace=FLIPKART&q=smart+phones&store=tyy%2F4io&srno=s_2_32&otracker=search&fm=organic&iid=ecf96e92-9bb8-4546-9f0f-b4fcf02b4afb.MOBH3YGPQHRSNQED.SEARCH&ppt=None&ppn=None&ssid=l0l6zq1c0w0000001790412265612&qH=a5594894156db043&ov_redirect=true,2026-09-26
33,Vivo T4 Lite 5G (Titanium Gold 2026) (4GB 128GB),Vivo,18999,28999,34% off,4.3,"44,256","2,017",4 GB RAM,128 GB ROM,6000 mAh Battery,Dimensity 6300 5G Processor,17.12 cm (6.74 inch) HD+ Display,50MP + 2MP | 5MP Front Camera,5G,https://www.flipkart.com/vivo-t4-lite-5g-titanium-gold-2026-4gb-128gb/p/itm49fb53d099f3c?pid=MOBHNCRKN8ZBGAJR&lid=LSTMOBHNCRKN8ZBGAJREUTFV0&marketplace=FLIPKART&q=smart+phones&store=tyy%2F4io&srno=s_2_33&otracker=search&fm=organic&iid=ecf96e92-9bb8-4546-9f0f-b4fcf02b4afb.MOBHNCRKN8ZBGAJR.SEARCH&ppt=None&ppn=None&ssid=l0l6zq1c0w0000001790412265612&qH=a5594894156db043&ov_redirect=true,2026-09-26
34,"MOTOROLA g57 power 5G Snapdragon (Pantone Regatta, 128 GB)",MOTOROLA,21999,,,4.4,"57,139","4,117",8 GB RAM,128 GB ROM,7000 mAh Battery,6s Gen 4 Processor,17.07 cm (6.72 inch) Full HD+ Display,50MP + 8MP | 8MP Front Camera,,https://www.flipkart.com/motorola-g57-power-5g-snapdragon-pantone-regatta-128-gb/p/itmdab5f9f1bf87b?pid=MOBHN974PMZMQ5HS&lid=LSTMOBHN974PMZMQ5HSK6FWL6&marketplace=FLIPKART&q=smart+phones&store=tyy%2F4io&srno=s_2_34&otracker=search&fm=organic&iid=ecf96e92-9bb8-4546-9f0f-b4fcf02b4afb.MOBHN974PMZMQ5HS.SEARCH&ppt=None&ppn=None&ssid=l0l6zq1c0w0000001790412265612&qH=a5594894156db043&ov_redirect=true,2026-09-26
35,"vivo T5x 5G (Fusion Red, 256 GB)",vivo,33999,,,4.4,"25,413","1,899",8 GB RAM,256 GB ROM,7200 mAh Li-ion Battery,Dimensity 7400-Turbo Processor,17.17 cm (6.76 inch) Display,50MP + 2MP | 32MP Front Camera,,https://www.flipkart.com/vivo-t5x-5g-fusion-red-256-gb/p/itm7da8aa253e72b?pid=MOBHPJHC9CYXWCGF&lid=LSTMOBHPJHC9CYXWCGFMYXJJA&marketplace=FLIPKART&q=smart+phones&store=tyy%2F4io&srno=s_2_35&otracker=search&fm=organic&iid=ecf96e92-9bb8-4546-9f0f-b4fcf02b4afb.MOBHPJHC9CYXWCGF.SEARCH&ppt=None&ppn=None&ssid=l0l6zq1c0w0000001790412265612&qH=a5594894156db043&ov_redirect=true,2026-09-26
36,"vivo T5e (Aero Blue, 64 GB)",vivo,13999,26999,48% off,3.7,131,7,4 GB RAM,64 GB ROM,5500 mAh Li-ion Battery,T7225 Processor,17.12 cm (6.74 inch) HD Display,8MP Rear Camera | 5MP Front Camera,,https://www.flipkart.com/vivo-t5e-aero-blue-64-gb/p/itm180ca0a991a2b?pid=MOBHPBM67EEYTAQD&lid=LSTMOBHPBM67EEYTAQD8VNTK9&marketplace=FLIPKART&q=smart+phones&store=tyy%2F4io&srno=s_2_36&otracker=search&fm=organic&iid=ecf96e92-9bb8-4546-9f0f-b4fcf02b4afb.MOBHPBM67EEYTAQD.SEARCH&ppt=None&ppn=None&ssid=l0l6zq1c0w0000001790412265612&qH=a5594894156db043&ov_redirect=true,2026-09-26
37,"vivo T5e (Shadow Grey, 64 GB)",vivo,13999,26999,48% off,3.7,131,7,4 GB RAM,64 GB ROM,5500 mAh Li-ion Battery,T7225 Processor,17.12 cm (6.74 inch) HD Display,8MP Rear Camera | 5MP Front Camera,,https://www.flipkart.com/vivo-t5e-shadow-grey-64-gb/p/itm180ca0a991a2b?pid=MOBHPBM6FNMA7ZC7&lid=LSTMOBHPBM6FNMA7ZC7AQDM3K&marketplace=FLIPKART&q=smart+phones&store=tyy%2F4io&srno=s_2_37&otracker=search&fm=organic&iid=ecf96e92-9bb8-4546-9f0f-b4fcf02b4afb.MOBHPBM6FNMA7ZC7.SEARCH&ppt=None&ppn=None&ssid=l0l6zq1c0w0000001790412265612&qH=a5594894156db043&ov_redirect=true,2026-09-26
38,"OnePlus Nord CE6 Lite (Vivid Mint, 128 GB)",OnePlus,28318,33999,16% off,4.3,"1,111",75,8 GB RAM,128 GB ROM,7000 mAh Battery,Mediatek Dimensity 7400 Processor,17.07 cm (6.72 inch) Full HD+ Display,8MP Rear Camera | 8MP Front Camera,,https://www.flipkart.com/oneplus-nord-ce6-lite-vivid-mint-128-gb/p/itm894a5599b758b?pid=MOBHN86VFKDWVHXF&lid=LSTMOBHN86VFKDWVHXFVQZ61Y&marketplace=FLIPKART&q=smart+phones&store=tyy%2F4io&srno=s_2_38&otracker=search&fm=organic&iid=ecf96e92-9bb8-4546-9f0f-b4fcf02b4afb.MOBHN86VFKDWVHXF.SEARCH&ppt=None&ppn=None&ssid=l0l6zq1c0w0000001790412265612&qH=a5594894156db043&ov_redirect=true,2026-09-26
39,"vivo T5 Lite 44W 5G (Twilight Shadow, 128 GB)",vivo,20499,33999,39% off,4.2,"1,441",107,4 GB RAM,128 GB ROM,6500 mAh Li-ion Battery,Dimensity 6300 5G Processor,17.12 cm (6.74 inch) HD+ Display,50MP + 0.08MP | 5MP Front Camera,5G,https://www.flipkart.com/vivo-t5-lite-44w-5g-twilight-shadow-128-gb/p/itm5420c578ec2df?pid=MOBHNDTDQCGAFYXG&lid=LSTMOBHNDTDQCGAFYXGNRLGGH&marketplace=FLIPKART&q=smart+phones&store=tyy%2F4io&srno=s_2_39&otracker=search&fm=organic&iid=ecf96e92-9bb8-4546-9f0f-b4fcf02b4afb.MOBHNDTDQCGAFYXG.SEARCH&ppt=None&ppn=None&ssid=l0l6zq1c0w0000001790412265612&qH=a5594894156db043&ov_redirect=true,2026-09-26
40,"vivo T5 5G (Silver Green, 128 GB)",vivo,34999,49999,30% off,4.4,444,60,6 GB RAM,128 GB ROM,7050 mAh Li-ion Battery,Dimensity 7500 Processor,17.35 cm (6.83 inch) Full HD+ AMOLED Display,50MP + 8MP | 32MP Front Camera,,https://www.flipkart.com/vivo-t5-5g-silver-green-128-gb/p/itm8fa150d1fa2d2?pid=MOBHQC8DQGZMMCB8&lid=LSTMOBHQC8DQGZMMCB8YZZYDV&marketplace=FLIPKART&q=smart+phones&store=tyy%2F4io&srno=s_2_40&otracker=search&fm=organic&iid=ecf96e92-9bb8-4546-9f0f-b4fcf02b4afb.MOBHQC8DQGZMMCB8.SEARCH&ppt=None&ppn=None&ssid=l0l6zq1c0w0000001790412265612&qH=a5594894156db043&ov_redirect=true,2026-09-26
41,"POCO C85x 5G (Elite Black, 64 GB)",POCO,14999,20999,28% off,4.1,"5,599",776,4 GB RAM,64 GB ROM,6300 mAh Lithium-Ion Polymer Battery,T8300 Processor,17.53 cm (6.9 inch) HD+ Display,32MP Rear Camera,,https://www.flipkart.com/poco-c85x-5g-elite-black-64-gb/p/itmb6ec0fa7ab991?pid=MOBHMGG5SMZEFPTQ&lid=LSTMOBHMGG5SMZEFPTQ31I99O&marketplace=FLIPKART&q=smart+phones&store=tyy%2F4io&srno=s_2_41&otracker=search&fm=organic&iid=ecf96e92-9bb8-4546-9f0f-b4fcf02b4afb.MOBHMGG5SMZEFPTQ.SEARCH&ppt=None&ppn=None&ssid=l0l6zq1c0w0000001790412265612&qH=a5594894156db043&ov_redirect=true,2026-09-26
42,"POCO C85 5G (Power Black, 128 GB)",POCO,16499,20999,21% off,3.8,"2,710",291,4 GB RAM,128 GB ROM,6000 mAh Lithium-Ion Polymer Battery,Dimensity 6300 Processor,17.53 cm (6.9 inch) HD+ Display,50MP Rear Camera | 8MP Front Camera,,https://www.flipkart.com/poco-c85-5g-power-black-128-gb/p/itm1f62dee4df0ad?pid=MOBHMGG5DNYPWU9Q&lid=LSTMOBHMGG5DNYPWU9Q5MNW6H&marketplace=FLIPKART&q=smart+phones&store=tyy%2F4io&srno=s_2_42&otracker=search&fm=organic&iid=ecf96e92-9bb8-4546-9f0f-b4fcf02b4afb.MOBHMGG5DNYPWU9Q.SEARCH&ppt=None&ppn=None&ssid=l0l6zq1c0w0000001790412265612&qH=a5594894156db043&ov_redirect=true,2026-09-26
43,"Ai+ Nova 2 Ultra 5G (Red, 128 GB)",Ai+,21999,26999,18% off,4.1,"2,068",292,8 GB RAM,128 GB ROM,6000 mAh Li-polymer Battery,Dimensity 7400 Processor,17.22 cm (6.78 inch) Full HD+ AMOLED Display,50MP + 8MP | 13MP Front Camera,,https://www.flipkart.com/ai-nova-2-ultra-5g-red-128-gb/p/itm498c4eb22f5c3?pid=MOBHHUFDVHXKMMAN&lid=LSTMOBHHUFDVHXKMMANCJUCD9&marketplace=FLIPKART&q=smart+phones&store=tyy%2F4io&srno=s_2_43&otracker=search&fm=organic&iid=ecf96e92-9bb8-4546-9f0f-b4fcf02b4afb.MOBHHUFDVHXKMMAN.SEARCH&ppt=None&ppn=None&ssid=l0l6zq1c0w0000001790412265612&qH=a5594894156db043&ov_redirect=true,2026-09-26
44,"realme 15 5G (Silk Pink, 128 GB)",realme,29999,,,4.4,"11,359","1,220",8 GB RAM,128 GB ROM,7000 mAh Battery,Mediatek Dimensity 7300+ 5G Processor,17.27 cm (6.8 inch) Full HD+ Display,50MP + 8MP | 50MP Front Camera,5G,https://www.flipkart.com/realme-15-5g-silk-pink-128-gb/p/itme9581fbd0e97a?pid=MOBHDUKFCAYHHEPN&lid=LSTMOBHDUKFCAYHHEPNV0U5CZ&marketplace=FLIPKART&q=smart+phones&store=tyy%2F4io&srno=s_2_44&otracker=search&fm=organic&iid=ecf96e92-9bb8-4546-9f0f-b4fcf02b4afb.MOBHDUKFCAYHHEPN.SEARCH&ppt=None&ppn=None&ssid=l0l6zq1c0w0000001790412265612&qH=a5594894156db043&ov_redirect=true,2026-09-26
45,"POCO X8 Power 5G (Black, 256 GB)",POCO,38999,84999,54% off,4.3,226,62,8 GB RAM,256 GB ROM,10000 mAh Lithium-Ion Polymer Battery,6 Gen 5 Processor,17.35 cm (6.83 inch) Full HD+ AMOLED Display,50MP + 8MP | 32MP Front Camera,,https://www.flipkart.com/poco-x8-power-5g-black-256-gb/p/itm3438e419f61cc?pid=MOBHQ6XZZQTFHDSX&lid=LSTMOBHQ6XZZQTFHDSXUIITQK&marketplace=FLIPKART&q=smart+phones&store=tyy%2F4io&srno=s_2_45&otracker=search&fm=organic&iid=ecf96e92-9bb8-4546-9f0f-b4fcf02b4afb.MOBHQ6XZZQTFHDSX.SEARCH&ppt=None&ppn=None&ssid=l0l6zq1c0w0000001790412265612&qH=a5594894156db043&ov_redirect=true,2026-09-26
46,"MOTOROLA g37 power (PANTONE Impenetrable, 64 GB)",MOTOROLA,19999,26499,24% off,4.2,"9,228",831,4 GB RAM,64 GB ROM,7000 mAh Battery,Dimensity 6400 Processor,16.92 cm (6.66 inch) HD+ Display,50MP Rear Camera | 8MP Front Camera,,https://www.flipkart.com/motorola-g37-power-pantone-impenetrable-64-gb/p/itm81d7e4cd8df99?pid=MOBHMHG6CCNS5UWR&lid=LSTMOBHMHG6CCNS5UWRI3ZOW4&marketplace=FLIPKART&q=smart+phones&store=tyy%2F4io&srno=s_2_46&otracker=search&fm=organic&iid=ecf96e92-9bb8-4546-9f0f-b4fcf02b4afb.MOBHMHG6CCNS5UWR.SEARCH&ppt=None&ppn=None&ssid=l0l6zq1c0w0000001790412265612&qH=a5594894156db043&ov_redirect=true,2026-09-26
47,"vivo T5x 5G (Fusion Red, 128 GB)",vivo,30999,,,4.4,"25,413","1,899",8 GB RAM,128 GB ROM,7200 mAh Li-ion Battery,Dimensity 7400-Turbo Processor,17.17 cm (6.76 inch) Display,50MP + 2MP | 32MP Front Camera,,https://www.flipkart.com/vivo-t5x-5g-fusion-red-128-gb/p/itm7da8aa253e72b?pid=MOBHPGHCZVCYZUP7&lid=LSTMOBHPGHCZVCYZUP7VAIWGY&marketplace=FLIPKART&q=smart+phones&store=tyy%2F4io&srno=s_2_47&otracker=search&fm=organic&iid=ecf96e92-9bb8-4546-9f0f-b4fcf02b4afb.MOBHPGHCZVCYZUP7.SEARCH&ppt=None&ppn=None&ssid=l0l6zq1c0w0000001790412265612&qH=a5594894156db043&ov_redirect=true,2026-09-26
48,"MOTOROLA g57 power 5G Snapdragon (Pantone Fluidity, 128 GB)",MOTOROLA,21999,,,4.4,"57,139","4,117",8 GB RAM,128 GB ROM,7000 mAh Battery,6s Gen 4 Processor,17.07 cm (6.72 inch) Full HD+ Display,50MP + 8MP | 8MP Front Camera,,https://www.flipkart.com/motorola-g57-power-5g-snapdragon-pantone-fluidity-128-gb/p/itm91f63bac8cd0f?pid=MOBHN974M3HHQ7CT&lid=LSTMOBHN974M3HHQ7CTSKENUK&marketplace=FLIPKART&q=smart+phones&store=tyy%2F4io&srno=s_2_48&otracker=search&fm=organic&iid=ecf96e92-9bb8-4546-9f0f-b4fcf02b4afb.MOBHN974M3HHQ7CT.SEARCH&ppt=None&ppn=None&ssid=l0l6zq1c0w0000001790412265612&qH=a5594894156db043&ov_redirect=true,2026-09-26
49,"POCO C85x 5G (Sunset Gold, 128 GB)",POCO,15999,21999,27% off,4.1,"5,599",776,4 GB RAM,128 GB ROM,6300 mAh Lithium-Ion Polymer Battery,T8300 Processor,17.53 cm (6.9 inch) HD+ Display,32MP Rear Camera,,https://www.flipkart.com/poco-c85x-5g-sunset-gold-128-gb/p/itm20c91efa7906e?pid=MOBHMGG5BR94DQRY&lid=LSTMOBHMGG5BR94DQRY8N6NYY&marketplace=FLIPKART&q=smart+phones&store=tyy%2F4io&srno=s_3_49&otracker=search&fm=organic&iid=d295e68c-fd72-42a3-a4e4-8b388a8fad76.MOBHMGG5BR94DQRY.SEARCH&ppt=None&ppn=None&ssid=d1me121qwg0000001790412268404&qH=a5594894156db043&ov_redirect=true,2026-09-26
50,"REDMI 15C 5G (Moonlight Blue, 128 GB)",REDMI,19850,31999,37% off,4.2,674,48,6 GB RAM,128 GB ROM,6000 mAh Battery,,17.53 cm (6.9 inch) Display,50MP Rear Camera,,https://www.flipkart.com/redmi-15c-5g-moonlight-blue-128-gb/p/itmc1345bb45eef3?pid=MOBHGGZ2YRHVYEGS&lid=LSTMOBHGGZ2YRHVYEGSZTV3ZQ&marketplace=FLIPKART&q=smart+phones&store=tyy%2F4io&srno=s_3_50&otracker=search&fm=organic&iid=d295e68c-fd72-42a3-a4e4-8b388a8fad76.MOBHGGZ2YRHVYEGS.SEARCH&ppt=None&ppn=None&ssid=d1me121qwg0000001790412268404&qH=a5594894156db043&ov_redirect=true,2026-09-26
51,"vivo T5 Lite 44W 5G (Twilight Shadow, 256 GB)",vivo,26999,42499,36% off,4.3,"3,254",249,6 GB RAM,256 GB ROM,6500 mAh Li-ion Battery,Dimensity 6300 5G Processor,17.12 cm (6.74 inch) HD+ Display,50MP + 0.08MP | 5MP Front Camera,5G,https://www.flipkart.com/vivo-t5-lite-44w-5g-twilight-shadow-256-gb/p/itm5420c578ec2df?pid=MOBHNDTDSZNGYCVQ&lid=LSTMOBHNDTDSZNGYCVQCDI6UZ&marketplace=FLIPKART&q=smart+phones&store=tyy%2F4io&srno=s_3_51&otracker=search&fm=organic&iid=d295e68c-fd72-42a3-a4e4-8b388a8fad76.MOBHNDTDSZNGYCVQ.SEARCH&ppt=None&ppn=None&ssid=d1me121qwg0000001790412268404&qH=a5594894156db043&ov_redirect=true,2026-09-26
52,"MOTOROLA Edge 70 Fusion Snapdragon (Pantone BLUE SURF, 256 GB)",MOTOROLA,34999,59999,41% off,4.3,"6,660",736,12 GB RAM,256 GB ROM,7000 mAh Battery,Snapdragon 7s Gen 4 Processor,17.27 cm (6.8 inch) Super HD Display,50MP + 13MP | 32MP Front Camera,,https://www.flipkart.com/motorola-edge-70-fusion-snapdragon-pantone-blue-surf-256-gb/p/itmab1b62c8461fa?pid=MOBHN9733F5QHAQC&lid=LSTMOBHN9733F5QHAQCVOEASO&marketplace=FLIPKART&q=smart+phones&store=tyy%2F4io&srno=s_3_52&otracker=search&fm=organic&iid=d295e68c-fd72-42a3-a4e4-8b388a8fad76.MOBHN9733F5QHAQC.SEARCH&ppt=None&ppn=None&ssid=d1me121qwg0000001790412268404&qH=a5594894156db043&ov_redirect=true,2026-09-26
53,"POCO X8 Pro (White, 256 GB)",POCO,39999,50999,21% off,4.3,"3,964",692,8 GB RAM,256 GB ROM,6500 mAh Lithium-Ion Polymer With Silicon Carbon Technology Battery,Dimensity 8500-Ultra Processor,16.74 cm (6.59 inch) Full HD+ AMOLED Display,50MP + 8MP | 20MP Front Camera,,https://www.flipkart.com/poco-x8-pro-white-256-gb/p/itmaa692ca8a3b36?pid=MOBHMGG5QFZXHVAH&lid=LSTMOBHMGG5QFZXHVAHACODSM&marketplace=FLIPKART&q=smart+phones&store=tyy%2F4io&srno=s_3_53&otracker=search&fm=organic&iid=d295e68c-fd72-42a3-a4e4-8b388a8fad76.MOBHMGG5QFZXHVAH.SEARCH&ppt=None&ppn=None&ssid=d1me121qwg0000001790412268404&qH=a5594894156db043&ov_redirect=true,2026-09-26
54,"realme P4 Pro 5G (Birch Wood, 256 GB)",realme,30999,,,4.4,"22,495","2,205",8 GB RAM,256 GB ROM,7000 mAh Battery,Snapdragon 7 Gen 4 Mobile Processor,17.27 cm (6.8 inch) Full HD+ Display,50MP + 8MP | 50MP Front Camera,,https://www.flipkart.com/realme-p4-pro-5g-birch-wood-256-gb/p/itme41a54752cc21?pid=MOBHERXKVQED7HGC&lid=LSTMOBHERXKVQED7HGC54DD1I&marketplace=FLIPKART&q=smart+phones&store=tyy%2F4io&srno=s_3_54&otracker=search&fm=organic&iid=d295e68c-fd72-42a3-a4e4-8b388a8fad76.MOBHERXKVQED7HGC.SEARCH&ppt=None&ppn=None&ssid=d1me121qwg0000001790412268404&qH=a5594894156db043&ov_redirect=true,2026-09-26
55,"POCO C81 (Sky Blue, 64 GB)",POCO,13499,19999,32% off,3.7,510,42,4 GB RAM,64 GB ROM,6300 mAh Lithium-Ion Polymer Battery,T7250 Processor,17.53 cm (6.9 inch) Display,13MP Rear Camera | 8MP Front Camera,,https://www.flipkart.com/poco-c81-sky-blue-64-gb/p/itm0636612540aaa?pid=MOBHMYWRYFQZG9PP&lid=LSTMOBHMYWRYFQZG9PP9F6HSP&marketplace=FLIPKART&q=smart+phones&store=tyy%2F4io&srno=s_3_55&otracker=search&fm=organic&iid=d295e68c-fd72-42a3-a4e4-8b388a8fad76.MOBHMYWRYFQZG9PP.SEARCH&ppt=None&ppn=None&ssid=d1me121qwg0000001790412268404&qH=a5594894156db043&ov_redirect=true,2026-09-26
56,"POCO C81x (Crystal Black, 64 GB)",POCO,12499,18999,34% off,3.9,647,39,3 GB RAM,64 GB ROM,5200 mAh Lithium-Ion Polymer Battery,T7250 Processor,17.48 cm (6.88 inch) Display,13MP Rear Camera | 8MP Front Camera,,https://www.flipkart.com/poco-c81x-crystal-black-64-gb/p/itmcc7b133522987?pid=MOBHMYWRXCQBZ7D2&lid=LSTMOBHMYWRXCQBZ7D2WUWSH4&marketplace=FLIPKART&q=smart+phones&store=tyy%2F4io&srno=s_3_56&otracker=search&fm=organic&iid=d295e68c-fd72-42a3-a4e4-8b388a8fad76.MOBHMYWRXCQBZ7D2.SEARCH&ppt=None&ppn=None&ssid=d1me121qwg0000001790412268404&qH=a5594894156db043&ov_redirect=true,2026-09-26
57,"MOTOROLA Edge 60 Pro (Pantone Shadow, 512 GB)",MOTOROLA,37999,42999,11% off,4.3,"3,923",408,16 GB RAM,512 GB ROM,6000 mAh Battery,Dimensity 8350 Processor,17.02 cm (6.7 inch) Display,50MP + 50MP + 10MP | 50MP Front Camera,,https://www.flipkart.com/motorola-edge-60-pro-pantone-shadow-512-gb/p/itm88348cb50ac39?pid=MOBHC7EWEUHRV95Q&lid=LSTMOBHC7EWEUHRV95QIEHBAJ&marketplace=FLIPKART&q=smart+phones&store=tyy%2F4io&srno=s_3_57&otracker=search&fm=organic&iid=d295e68c-fd72-42a3-a4e4-8b388a8fad76.MOBHC7EWEUHRV95Q.SEARCH&ppt=None&ppn=None&ssid=d1me121qwg0000001790412268404&qH=a5594894156db043&ov_redirect=true,2026-09-26
58,"MOTOROLA g37 (PANTONE Nautical Blue, 64 GB)",MOTOROLA,18999,24999,24% off,4.3,"3,949",213,4 GB RAM,64 GB ROM,5200 mAh Battery,Dimensity 6400 Processor,16.92 cm (6.66 inch) HD+ Display,50MP Rear Camera | 8MP Front Camera,,https://www.flipkart.com/motorola-g37-pantone-nautical-blue-64-gb/p/itm5d235b295291f?pid=MOBHHWB6YAKNZGPB&lid=LSTMOBHHWB6YAKNZGPBGLLTUW&marketplace=FLIPKART&q=smart+phones&store=tyy%2F4io&srno=s_3_58&otracker=search&fm=organic&iid=d295e68c-fd72-42a3-a4e4-8b388a8fad76.MOBHHWB6YAKNZGPB.SEARCH&ppt=None&ppn=None&ssid=d1me121qwg0000001790412268404&qH=a5594894156db043&ov_redirect=true,2026-09-26
59,"realme 15 5G (Flowing Silver, 128 GB)",realme,29999,,,4.4,"11,359","1,220",8 GB RAM,128 GB ROM,7000 mAh Battery,Mediatek Dimensity 7300+ 5G Processor,17.27 cm (6.8 inch) Full HD+ Display,50MP + 8MP | 50MP Front Camera,5G,https://www.flipkart.com/realme-15-5g-flowing-silver-128-gb/p/itme9581fbd0e97a?pid=MOBHDUKFNGK33R2M&lid=LSTMOBHDUKFNGK33R2M8YALEU&marketplace=FLIPKART&q=smart+phones&store=tyy%2F4io&srno=s_3_59&otracker=search&fm=organic&iid=d295e68c-fd72-42a3-a4e4-8b388a8fad76.MOBHDUKFNGK33R2M.SEARCH&ppt=None&ppn=None&ssid=d1me121qwg0000001790412268404&qH=a5594894156db043&ov_redirect=true,2026-09-26
60,"realme P4 Pro 5G (Birch Wood, 256 GB)",realme,32999,,,4.4,"5,097",524,12 GB RAM,256 GB ROM,7000 mAh Battery,Snapdragon 7 Gen 4 Mobile Processor,17.27 cm (6.8 inch) Full HD+ Display,50MP + 8MP | 50MP Front Camera,,https://www.flipkart.com/realme-p4-pro-5g-birch-wood-256-gb/p/itme41a54752cc21?pid=MOBHERXKUV3RGG5F&lid=LSTMOBHERXKUV3RGG5FX55ENJ&marketplace=FLIPKART&q=smart+phones&store=tyy%2F4io&srno=s_3_60&otracker=search&fm=organic&iid=d295e68c-fd72-42a3-a4e4-8b388a8fad76.MOBHERXKUV3RGG5F.SEARCH&ppt=None&ppn=None&ssid=d1me121qwg0000001790412268404&qH=a5594894156db043&ov_redirect=true,2026-09-26
61,"MOTOROLA g06 power (Pantone Tendril, 64 GB)",MOTOROLA,15999,19999,20% off,4.2,"23,993","1,670",4 GB RAM,64 GB ROM,7000 mAh Battery,Helio G81 Processor,17.48 cm (6.88 inch) HD+ Display,50MP Rear Camera | 8MP Front Camera,,https://www.flipkart.com/motorola-g06-power-pantone-tendril-64-gb/p/itm2f1ca967879c9?pid=MOBHN973UQNPMAAN&lid=LSTMOBHN973UQNPMAANZHPTVN&marketplace=FLIPKART&q=smart+phones&store=tyy%2F4io&srno=s_3_61&otracker=search&fm=organic&iid=d295e68c-fd72-42a3-a4e4-8b388a8fad76.MOBHN973UQNPMAAN.SEARCH&ppt=None&ppn=None&ssid=d1me121qwg0000001790412268404&qH=a5594894156db043&ov_redirect=true,2026-09-26
62,"REDMI 15C 5G (Moonlight Blue, 128 GB)",REDMI,17498,29999,41% off,3.7,856,93,4 GB RAM,128 GB ROM,6000 mAh Battery,,17.53 cm (6.9 inch) Display,50MP Rear Camera,,https://www.flipkart.com/redmi-15c-5g-moonlight-blue-128-gb/p/itmc1345bb45eef3?pid=MOBHGGZ2BYJKEYEC&lid=LSTMOBHGGZ2BYJKEYECLTYT1I&marketplace=FLIPKART&q=smart+phones&store=tyy%2F4io&srno=s_3_62&otracker=search&fm=organic&iid=d295e68c-fd72-42a3-a4e4-8b388a8fad76.MOBHGGZ2BYJKEYEC.SEARCH&ppt=None&ppn=None&ssid=d1me121qwg0000001790412268404&qH=a5594894156db043&ov_redirect=true,2026-09-26
63,"POCO X8 5G (Fiery Orange, 128 GB)",POCO,32999,69999,52% off,4.2,43,10,8 GB RAM,128 GB ROM,9000 mAh Lithium-Ion Polymer Battery,6s Gen 4 Processor,17.35 cm (6.83 inch) Full HD+ AMOLED Display,50MP + 2MP | 16MP Front Camera,,https://www.flipkart.com/poco-x8-5g-fiery-orange-128-gb/p/itm5ca9e2cbad488?pid=MOBHQ6XZXGNKHXHN&lid=LSTMOBHQ6XZXGNKHXHNFSNWGR&marketplace=FLIPKART&q=smart+phones&store=tyy%2F4io&srno=s_3_63&otracker=search&fm=organic&iid=d295e68c-fd72-42a3-a4e4-8b388a8fad76.MOBHQ6XZXGNKHXHN.SEARCH&ppt=None&ppn=None&ssid=d1me121qwg0000001790412268404&qH=a5594894156db043&ov_redirect=true,2026-09-26
64,"Samsung M06 5G (Sage Green, 128 GB)",Samsung,18569,18999,2% off,4.1,"2,571",177,6 GB RAM,128 GB ROM,5000 mAh Battery,,17.02 cm (6.7 inch) Display,50MP Rear Camera,,https://www.flipkart.com/samsung-m06-5g-sage-green-128-gb/p/itmcafa42dadc15c?pid=MOBH9UYF3VCXJ279&lid=LSTMOBH9UYF3VCXJ2793LFM30&marketplace=FLIPKART&q=smart+phones&store=tyy%2F4io&srno=s_3_64&otracker=search&fm=organic&iid=d295e68c-fd72-42a3-a4e4-8b388a8fad76.MOBH9UYF3VCXJ279.SEARCH&ppt=None&ppn=None&ssid=d1me121qwg0000001790412268404&qH=a5594894156db043&ov_redirect=true,2026-09-26
65,"REDMI 15 5G (Sandy Purple, 128 GB)",REDMI,21659,32999,34% off,4.3,"3,246",245,6 GB RAM,128 GB ROM,7000 mAh Battery,,17.53 cm (6.9 inch) Display,50MP Rear Camera,,https://www.flipkart.com/redmi-15-5g-sandy-purple-128-gb/p/itmd7bced8727891?pid=MOBHFH95KX2GA62H&lid=LSTMOBHFH95KX2GA62HN7HCCG&marketplace=FLIPKART&q=smart+phones&store=tyy%2F4io&srno=s_3_65&otracker=search&fm=organic&iid=d295e68c-fd72-42a3-a4e4-8b388a8fad76.MOBHFH95KX2GA62H.SEARCH&ppt=None&ppn=None&ssid=d1me121qwg0000001790412268404&qH=a5594894156db043&ov_redirect=true,2026-09-26
66,"POCO C85 5G (Mystic Purple, 128 GB)",POCO,16399,20999,21% off,3.8,"2,710",291,4 GB RAM,128 GB ROM,6000 mAh Lithium-Ion Polymer Battery,Dimensity 6300 Processor,17.53 cm (6.9 inch) HD+ Display,50MP Rear Camera | 8MP Front Camera,,https://www.flipkart.com/poco-c85-5g-mystic-purple-128-gb/p/itm74e2143a5de24?pid=MOBHMGG5UZHEVJBK&lid=LSTMOBHMGG5UZHEVJBKGQRQDY&marketplace=FLIPKART&q=smart+phones&store=tyy%2F4io&srno=s_3_66&otracker=search&fm=organic&iid=d295e68c-fd72-42a3-a4e4-8b388a8fad76.MOBHMGG5UZHEVJBK.SEARCH&ppt=None&ppn=None&ssid=d1me121qwg0000001790412268404&qH=a5594894156db043&ov_redirect=true,2026-09-26
67,"OnePlus Nord CE6 (Lunar Pearl, 128 GB)",OnePlus,36695,40999,10% off,4.5,"1,318",98,8 GB RAM,128 GB ROM,8000 mAh Battery,Qualcomm® Snapdragon™ 7s Gen 4 Processor,17.22 cm (6.78 inch) Full HD+ Display,50MP Rear Camera | 2MP Front Camera,,https://www.flipkart.com/oneplus-nord-ce6-lunar-pearl-128-gb/p/itmd7b224b18cb05?pid=MOBHN82GBZSGMDE4&lid=LSTMOBHN82GBZSGMDE4GLLHQ3&marketplace=FLIPKART&q=smart+phones&store=tyy%2F4io&srno=s_3_67&otracker=search&fm=organic&iid=d295e68c-fd72-42a3-a4e4-8b388a8fad76.MOBHN82GBZSGMDE4.SEARCH&ppt=None&ppn=None&ssid=d1me121qwg0000001790412268404&qH=a5594894156db043&ov_redirect=true,2026-09-26
68,"MOTOROLA Edge 60 Fusion 5G (PANTONE Mykonos Blue, 256 GB)",MOTOROLA,29999,37999,21% off,4.4,"50,055","3,552",12 GB RAM,256 GB ROM,5500 mAh Battery,Dimensity 7400 Processor,16.94 cm (6.67 inch) Display,50MP + 13MP | 32MP Front Camera,,https://www.flipkart.com/motorola-edge-60-fusion-5g-pantone-mykonos-blue-256-gb/p/itmd06045ba81a69?pid=MOBHN9736Y6GRJWA&lid=LSTMOBHN9736Y6GRJWAUOATHY&marketplace=FLIPKART&q=smart+phones&store=tyy%2F4io&srno=s_3_68&otracker=search&fm=organic&iid=d295e68c-fd72-42a3-a4e4-8b388a8fad76.MOBHN9736Y6GRJWA.SEARCH&ppt=None&ppn=None&ssid=d1me121qwg0000001790412268404&qH=a5594894156db043&ov_redirect=true,2026-09-26
69,"POCO C81x (Ice Blue, 64 GB)",POCO,12499,18999,34% off,3.9,647,39,3 GB RAM,64 GB ROM,5200 mAh Lithium-Ion Polymer Battery,T7250 Processor,17.48 cm (6.88 inch) Display,13MP Rear Camera | 8MP Front Camera,,https://www.flipkart.com/poco-c81x-ice-blue-64-gb/p/itmf2e3aacd5257e?pid=MOBHMYWRWPE4S8G6&lid=LSTMOBHMYWRWPE4S8G6INAADH&marketplace=FLIPKART&q=smart+phones&store=tyy%2F4io&srno=s_3_69&otracker=search&fm=organic&iid=d295e68c-fd72-42a3-a4e4-8b388a8fad76.MOBHMYWRWPE4S8G6.SEARCH&ppt=None&ppn=None&ssid=d1me121qwg0000001790412268404&qH=a5594894156db043&ov_redirect=true,2026-09-26
70,"REDMI 15 5G (Midnight Black, 128 GB)",REDMI,21762,32999,34% off,4.3,"3,246",245,6 GB RAM,128 GB ROM,7000 mAh Battery,,17.53 cm (6.9 inch) Display,50MP Rear Camera,,https://www.flipkart.com/redmi-15-5g-midnight-black-128-gb/p/itmd7bced8727891?pid=MOBHFH9544VVMQNN&lid=LSTMOBHFH9544VVMQNNYDHC87&marketplace=FLIPKART&q=smart+phones&store=tyy%2F4io&srno=s_3_70&otracker=search&fm=organic&iid=d295e68c-fd72-42a3-a4e4-8b388a8fad76.MOBHFH9544VVMQNN.SEARCH&ppt=None&ppn=None&ssid=d1me121qwg0000001790412268404&qH=a5594894156db043&ov_redirect=true,2026-09-26
71,"MOTOROLA g06 power (Pantone Laurel Oak, 64 GB)",MOTOROLA,15999,19999,20% off,4.2,"23,993","1,670",4 GB RAM,64 GB ROM,7000 mAh Battery,Helio G81 Processor,17.48 cm (6.88 inch) HD+ Display,50MP Rear Camera | 8MP Front Camera,,https://www.flipkart.com/motorola-g06-power-pantone-laurel-oak-64-gb/p/itm1010d22c11412?pid=MOBHN973VRPBQTKY&lid=LSTMOBHN973VRPBQTKYGYH2X6&marketplace=FLIPKART&q=smart+phones&store=tyy%2F4io&srno=s_3_71&otracker=search&fm=organic&iid=d295e68c-fd72-42a3-a4e4-8b388a8fad76.MOBHN973VRPBQTKY.SEARCH&ppt=None&ppn=None&ssid=d1me121qwg0000001790412268404&qH=a5594894156db043&ov_redirect=true,2026-09-26
72,"MOTOROLA Edge 70 Fusion Snapdragon (Pantone COUNTRY AIR, 256 GB)",MOTOROLA,34999,59999,41% off,4.3,"6,660",736,12 GB RAM,256 GB ROM,7000 mAh Battery,Snapdragon 7s Gen 4 Processor,17.27 cm (6.8 inch) Super HD Display,50MP + 13MP | 32MP Front Camera,,https://www.flipkart.com/motorola-edge-70-fusion-snapdragon-pantone-country-air-256-gb/p/itmbc8e537e66567?pid=MOBHN973DFVJUURY&lid=LSTMOBHN973DFVJUURY1ORBTA&marketplace=FLIPKART&q=smart+phones&store=tyy%2F4io&srno=s_3_72&otracker=search&fm=organic&iid=d295e68c-fd72-42a3-a4e4-8b388a8fad76.MOBHN973DFVJUURY.SEARCH&ppt=None&ppn=None&ssid=d1me121qwg0000001790412268404&qH=a5594894156db043&ov_redirect=true,2026-09-26
73,"MOTOROLA Edge 60 Fusion 5G (PANTONE Slipstream, 256 GB)",MOTOROLA,29999,37999,21% off,4.4,"50,055","3,552",12 GB RAM,256 GB ROM,5500 mAh Battery,Dimensity 7400 Processor,16.94 cm (6.67 inch) Display,50MP + 13MP | 32MP Front Camera,,https://www.flipkart.com/motorola-edge-60-fusion-5g-pantone-slipstream-256-gb/p/itmd3151f89e7078?pid=MOBHN974NUGGH4FH&lid=LSTMOBHN974NUGGH4FH6IKZHQ&marketplace=FLIPKART&q=smart+phones&store=tyy%2F4io&spotlightTagId=default_BestsellerId_tyy%2F4io&srno=s_4_73&otracker=search&fm=organic&iid=ac78e567-61f6-4164-b424-b79902630c2b.MOBHN974NUGGH4FH.SEARCH&ppt=None&ppn=None&ssid=5qlmcobnls0000001790412271128&qH=a5594894156db043&ov_redirect=true,2026-09-26
74,"MOTOROLA Edge 70 Fusion Snapdragon (Pantone SILHOUETTE, 256 GB)",MOTOROLA,34999,59999,41% off,4.3,"6,660",736,12 GB RAM,256 GB ROM,7000 mAh Battery,Snapdragon 7s Gen 4 Processor,17.27 cm (6.8 inch) Super HD Display,50MP + 13MP | 32MP Front Camera,,https://www.flipkart.com/motorola-edge-70-fusion-snapdragon-pantone-silhouette-256-gb/p/itm21ba8e0a0386b?pid=MOBHN973AG5RFTRH&lid=LSTMOBHN973AG5RFTRHG3Y0SZ&marketplace=FLIPKART&q=smart+phones&store=tyy%2F4io&srno=s_4_74&otracker=search&fm=organic&iid=ac78e567-61f6-4164-b424-b79902630c2b.MOBHN973AG5RFTRH.SEARCH&ppt=None&ppn=None&ssid=5qlmcobnls0000001790412271128&qH=a5594894156db043&ov_redirect=true,2026-09-26
75,"Samsung M06 5G (Blazing Black, 128 GB)",Samsung,18769,18999,1% off,4.1,"2,566",177,6 GB RAM,128 GB ROM,5000 mAh Battery,,17.02 cm (6.7 inch) Display,50MP Rear Camera,,https://www.flipkart.com/samsung-m06-5g-blazing-black-128-gb/p/itmcafa42dadc15c?pid=MOBH9UYFYNVDBNFF&lid=LSTMOBH9UYFYNVDBNFFRGNNON&marketplace=FLIPKART&q=smart+phones&store=tyy%2F4io&srno=s_4_75&otracker=search&fm=organic&iid=ac78e567-61f6-4164-b424-b79902630c2b.MOBH9UYFYNVDBNFF.SEARCH&ppt=None&ppn=None&ssid=5qlmcobnls0000001790412271128&qH=a5594894156db043&ov_redirect=true,2026-09-26
76,"MOTOROLA Edge 60 Fusion 5G (PANTONE Zephyr, 256 GB)",MOTOROLA,29999,37999,21% off,4.4,"50,055","3,552",12 GB RAM,256 GB ROM,5500 mAh Battery,Dimensity 7400 Processor,16.94 cm (6.67 inch) Display,50MP + 13MP | 32MP Front Camera,,https://www.flipkart.com/motorola-edge-60-fusion-5g-pantone-zephyr-256-gb/p/itm64e3872f24188?pid=MOBHN974GP9AXZEC&lid=LSTMOBHN974GP9AXZEC6NHT6R&marketplace=FLIPKART&q=smart+phones&store=tyy%2F4io&srno=s_4_76&otracker=search&fm=organic&iid=ac78e567-61f6-4164-b424-b79902630c2b.MOBHN974GP9AXZEC.SEARCH&ppt=None&ppn=None&ssid=5qlmcobnls0000001790412271128&qH=a5594894156db043&ov_redirect=true,2026-09-26
77,"realme P4 Lite (Beach Gold, 64 GB)",realme,16499,24999,34% off,3.9,"6,832",451,4 GB RAM,64 GB ROM,6300 mAh Battery,T7250 Processor,17.14 cm (6.75 inch) HD+ Display,13MP Rear Camera | 5MP Front Camera,,https://www.flipkart.com/realme-p4-lite-beach-gold-64-gb/p/itm029fbc88fdc91?pid=MOBHMX7KF4XYHTDM&lid=LSTMOBHMX7KF4XYHTDMBW6TWC&marketplace=FLIPKART&q=smart+phones&store=tyy%2F4io&srno=s_4_77&otracker=search&fm=organic&iid=ac78e567-61f6-4164-b424-b79902630c2b.MOBHMX7KF4XYHTDM.SEARCH&ppt=None&ppn=None&ssid=5qlmcobnls0000001790412271128&qH=a5594894156db043&ov_redirect=true,2026-09-26
78,"MOTOROLA g37 power (PANTONE Impenetrable, 128 GB)",MOTOROLA,25999,37999,31% off,4.2,"2,556",206,8 GB RAM,128 GB ROM,7000 mAh Battery,Dimensity 6400 Processor,16.92 cm (6.66 inch) HD+ Display,50MP Rear Camera | 8MP Front Camera,,https://www.flipkart.com/motorola-g37-power-pantone-impenetrable-128-gb/p/itme156c3f7d6280?pid=MOBHMX5Y6G5HKRFS&lid=LSTMOBHMX5Y6G5HKRFSN2GAKT&marketplace=FLIPKART&q=smart+phones&store=tyy%2F4io&srno=s_4_78&otracker=search&fm=organic&iid=ac78e567-61f6-4164-b424-b79902630c2b.MOBHMX5Y6G5HKRFS.SEARCH&ppt=None&ppn=None&ssid=5qlmcobnls0000001790412271128&qH=a5594894156db043&ov_redirect=true,2026-09-26
79,"OnePlus Nord CE6 (Pitch Black, 128 GB)",OnePlus,36450,40999,11% off,4.5,"1,318",98,8 GB RAM,128 GB ROM,8000 mAh Battery,Qualcomm® Snapdragon™ 7s Gen 4 Processor,17.22 cm (6.78 inch) Full HD+ Display,50MP Rear Camera | 2MP Front Camera,,https://www.flipkart.com/oneplus-nord-ce6-pitch-black-128-gb/p/itmd7b224b18cb05?pid=MOBHN886XZV5BC22&lid=LSTMOBHN886XZV5BC22NILUJN&marketplace=FLIPKART&q=smart+phones&store=tyy%2F4io&srno=s_4_79&otracker=search&fm=organic&iid=ac78e567-61f6-4164-b424-b79902630c2b.MOBHN886XZV5BC22.SEARCH&ppt=None&ppn=None&ssid=5qlmcobnls0000001790412271128&qH=a5594894156db043&ov_redirect=true,2026-09-26
80,"POCO C85x 5G (Emerald Green, 128 GB)",POCO,15999,21999,27% off,4.1,"5,599",776,4 GB RAM,128 GB ROM,6300 mAh Lithium-Ion Polymer Battery,T8300 Processor,17.53 cm (6.9 inch) HD+ Display,32MP Rear Camera,,https://www.flipkart.com/poco-c85x-5g-emerald-green-128-gb/p/itm0b4cc4698aede?pid=MOBHMGG5JUYG9DCY&lid=LSTMOBHMGG5JUYG9DCYHB3OAA&marketplace=FLIPKART&q=smart+phones&store=tyy%2F4io&srno=s_4_80&otracker=search&fm=organic&iid=ac78e567-61f6-4164-b424-b79902630c2b.MOBHMGG5JUYG9DCY.SEARCH&ppt=None&ppn=None&ssid=5qlmcobnls0000001790412271128&qH=a5594894156db043&ov_redirect=true,2026-09-26
81,"POCO M8x 5G (Leather Green, 128 GB)",POCO,22999,49999,54% off,3.9,350,122,6 GB RAM,128 GB ROM,7900 mAh Lithium-Ion Polymer Battery,4 Gen 5 Processor,17.53 cm (6.9 inch) Full HD Display,50MP Rear Camera,,https://www.flipkart.com/poco-m8x-5g-leather-green-128-gb/p/itme6f5614abf6c5?pid=MOBHPCYNQBWVYH7P&lid=LSTMOBHPCYNQBWVYH7PCOEKXT&marketplace=FLIPKART&q=smart+phones&store=tyy%2F4io&srno=s_4_81&otracker=search&fm=organic&iid=ac78e567-61f6-4164-b424-b79902630c2b.MOBHPCYNQBWVYH7P.SEARCH&ppt=None&ppn=None&ssid=5qlmcobnls0000001790412271128&qH=a5594894156db043&ov_redirect=true,2026-09-26
82,"MOTOROLA g37 (PANTONE Impenetrable, 64 GB)",MOTOROLA,18999,24999,24% off,4.3,"3,949",213,4 GB RAM,64 GB ROM,5200 mAh Battery,Dimensity 6400 Processor,16.92 cm (6.66 inch) HD+ Display,50MP Rear Camera | 8MP Front Camera,,https://www.flipkart.com/motorola-g37-pantone-impenetrable-64-gb/p/itm40c0c7bcb21fc?pid=MOBHHWB6GWE2CKHU&lid=LSTMOBHHWB6GWE2CKHUQEA6X8&marketplace=FLIPKART&q=smart+phones&store=tyy%2F4io&srno=s_4_82&otracker=search&fm=organic&iid=ac78e567-61f6-4164-b424-b79902630c2b.MOBHHWB6GWE2CKHU.SEARCH&ppt=None&ppn=None&ssid=5qlmcobnls0000001790412271128&qH=a5594894156db043&ov_redirect=true,2026-09-26
83,"POCO F7 5G (Phantom Black, 256 GB)",POCO,35999,,,4.4,"23,487","2,925",12 GB RAM,256 GB ROM,"Battery 7550mAh, 90W charger, 22.5W reverse charging",8s Gen 4 Processor,Display -6.83 inch 1.5K pOLED with 120 Hz refresh rate,Front camera -20MP with Portrait Mode | | Front Video Recording | Night Mode,,https://www.flipkart.com/poco-f7-5g-phantom-black-256-gb/p/itm632bdcafce49a?pid=MOBHCY2UG9GJJGCM&lid=LSTMOBHCY2UG9GJJGCMA8FJ7V&marketplace=FLIPKART&q=smart+phones&store=tyy%2F4io&srno=s_4_83&otracker=search&fm=organic&iid=ac78e567-61f6-4164-b424-b79902630c2b.MOBHCY2UG9GJJGCM.SEARCH&ppt=None&ppn=None&ssid=5qlmcobnls0000001790412271128&qH=a5594894156db043&ov_redirect=true,2026-09-26
84,"REDMI 15C 5G (Dusk Purple, 128 GB)",REDMI,19686,31999,38% off,4.2,674,48,6 GB RAM,128 GB ROM,6000 mAh Battery,,17.53 cm (6.9 inch) Display,50MP Rear Camera,,https://www.flipkart.com/redmi-15c-5g-dusk-purple-128-gb/p/itmc1345bb45eef3?pid=MOBHGGZ25C5SGQGE&lid=LSTMOBHGGZ25C5SGQGE6NFVPU&marketplace=FLIPKART&q=smart+phones&store=tyy%2F4io&srno=s_4_84&otracker=search&fm=organic&iid=ac78e567-61f6-4164-b424-b79902630c2b.MOBHGGZ25C5SGQGE.SEARCH&ppt=None&ppn=None&ssid=5qlmcobnls0000001790412271128&qH=a5594894156db043&ov_redirect=true,2026-09-26
85,"MOTOROLA Signature (PANTONE Martini Olive, 512 GB)",MOTOROLA,64999,79999,18% off,4.5,"1,247",228,16 GB RAM,512 GB ROM,5200 mAh Battery,Snapdragon 8 Gen 5 Processor,17.27 cm (6.8 inch) Super HD Display,50MP + 50MP + 50MP | 50MP Front Camera,,https://www.flipkart.com/motorola-signature-pantone-martini-olive-512-gb/p/itm74c2055820110?pid=MOBHGVJY6SUYWYTK&lid=LSTMOBHGVJY6SUYWYTK1ML1KA&marketplace=FLIPKART&q=smart+phones&store=tyy%2F4io&srno=s_4_85&otracker=search&fm=organic&iid=ac78e567-61f6-4164-b424-b79902630c2b.MOBHGVJY6SUYWYTK.SEARCH&ppt=None&ppn=None&ssid=5qlmcobnls0000001790412271128&qH=a5594894156db043&ov_redirect=true,2026-09-26
86,"realme C71 (Sea Blue, 64 GB)",realme,13990,13999,,4.2,"1,603",77,4 GB RAM,64 GB ROM,6300 mAh Battery,T7250 Processor,17.14 cm (6.75 inch) HD+ Display,13MP Rear Camera | 5MP Front Camera,,https://www.flipkart.com/realme-c71-sea-blue-64-gb/p/itm920c5c8761871?pid=MOBHHY7VEMZ9KGBM&lid=LSTMOBHHY7VEMZ9KGBM0T1WK4&marketplace=FLIPKART&q=smart+phones&store=tyy%2F4io&srno=s_4_86&otracker=search&fm=organic&iid=ac78e567-61f6-4164-b424-b79902630c2b.MOBHHY7VEMZ9KGBM.SEARCH&ppt=None&ppn=None&ssid=5qlmcobnls0000001790412271128&qH=a5594894156db043&ov_redirect=true,2026-09-26
87,"realme 15 5G (Silk Pink, 256 GB)",realme,31999,,,4.4,"11,359","1,220",8 GB RAM,256 GB ROM,7000 mAh Battery,Mediatek Dimensity 7300+ 5G Processor,17.27 cm (6.8 inch) Full HD+ Display,50MP + 8MP | 50MP Front Camera,5G,https://www.flipkart.com/realme-15-5g-silk-pink-256-gb/p/itme9581fbd0e97a?pid=MOBHDUKFZF7UPZZZ&lid=LSTMOBHDUKFZF7UPZZZJPBCBN&marketplace=FLIPKART&q=smart+phones&store=tyy%2F4io&srno=s_4_87&otracker=search&fm=organic&iid=ac78e567-61f6-4164-b424-b79902630c2b.MOBHDUKFZF7UPZZZ.SEARCH&ppt=None&ppn=None&ssid=5qlmcobnls0000001790412271128&qH=a5594894156db043&ov_redirect=true,2026-09-26
88,"POCO M8 Power 5G (Blaze Orange, 128 GB)",POCO,24999,54999,54% off,4.7,"1,501",885,6 GB RAM,128 GB ROM,8000 mAh Lithium-Ion Polymer Battery,Snapdragon Gen 4 Processor,17.75 cm (6.99 inch) Full HD+ AMOLED Display,50MP Rear Camera | 8MP Front Camera,,https://www.flipkart.com/poco-m8-power-5g-blaze-orange-128-gb/p/itm0edc1dd6b4e42?pid=MOBHPCYNPNCJG2UV&lid=LSTMOBHPCYNPNCJG2UVUHFGWJ&marketplace=FLIPKART&q=smart+phones&store=tyy%2F4io&srno=s_4_88&otracker=search&fm=organic&iid=ac78e567-61f6-4164-b424-b79902630c2b.MOBHPCYNPNCJG2UV.SEARCH&ppt=None&ppn=None&ssid=5qlmcobnls0000001790412271128&qH=a5594894156db043&ov_redirect=true,2026-09-26
89,"POCO X8 5G (Frost White, 256 GB)",POCO,35999,74999,52% off,4.2,43,10,8 GB RAM,256 GB ROM,9000 mAh Lithium-Ion Polymer Battery,6s Gen 4 Processor,17.35 cm (6.83 inch) Full HD+ AMOLED Display,50MP + 2MP | 16MP Front Camera,,https://www.flipkart.com/poco-x8-5g-frost-white-256-gb/p/itm0e8677ca357ef?pid=MOBHQ6XZHFHPPAJW&lid=LSTMOBHQ6XZHFHPPAJW6BRX1M&marketplace=FLIPKART&q=smart+phones&store=tyy%2F4io&srno=s_4_89&otracker=search&fm=organic&iid=ac78e567-61f6-4164-b424-b79902630c2b.MOBHQ6XZHFHPPAJW.SEARCH&ppt=None&ppn=None&ssid=5qlmcobnls0000001790412271128&qH=a5594894156db043&ov_redirect=true,2026-09-26
90,"REDMI 15 5G (Midnight Black, 256 GB)",REDMI,25854,36999,30% off,4.3,"4,978",315,8 GB RAM,256 GB ROM,7000 mAh Battery,,17.53 cm (6.9 inch) Display,50MP Rear Camera,,https://www.flipkart.com/redmi-15-5g-midnight-black-256-gb/p/itm2b8ff5e4eccab?pid=MOBHFGBGBNY2ZSZX&lid=LSTMOBHFGBGBNY2ZSZX3FDWSR&marketplace=FLIPKART&q=smart+phones&store=tyy%2F4io&srno=s_4_90&otracker=search&fm=organic&iid=ac78e567-61f6-4164-b424-b79902630c2b.MOBHFGBGBNY2ZSZX.SEARCH&ppt=None&ppn=None&ssid=5qlmcobnls0000001790412271128&qH=a5594894156db043&ov_redirect=true,2026-09-26
91,"MOTOROLA Edge 60 Pro (Pantone Sparkling Grape, 512 GB)",MOTOROLA,37999,42999,11% off,4.3,"3,923",408,16 GB RAM,512 GB ROM,6000 mAh Battery,Dimensity 8350 Processor,17.02 cm (6.7 inch) Quad HD+ Display,50MP + 50MP + 10MP | 50MP Front Camera,,https://www.flipkart.com/motorola-edge-60-pro-pantone-sparkling-grape-512-gb/p/itm106024b11b487?pid=MOBHC7EWZJHSV3ZJ&lid=LSTMOBHC7EWZJHSV3ZJL1VZJH&marketplace=FLIPKART&q=smart+phones&store=tyy%2F4io&srno=s_4_91&otracker=search&fm=organic&iid=ac78e567-61f6-4164-b424-b79902630c2b.MOBHC7EWZJHSV3ZJ.SEARCH&ppt=None&ppn=None&ssid=5qlmcobnls0000001790412271128&qH=a5594894156db043&ov_redirect=true,2026-09-26
92,"MOTOROLA g37 power (PANTONE Capri, 128 GB)",MOTOROLA,25999,37999,31% off,4.2,"2,556",206,8 GB RAM,128 GB ROM,7000 mAh Battery,Dimensity 6400 Processor,16.92 cm (6.66 inch) HD+ Display,50MP Rear Camera | 8MP Front Camera,,https://www.flipkart.com/motorola-g37-power-pantone-capri-128-gb/p/itm5dc5774d4d5e9?pid=MOBHMX5YXCBREREH&lid=LSTMOBHMX5YXCBREREHUWKEDX&marketplace=FLIPKART&q=smart+phones&store=tyy%2F4io&srno=s_4_92&otracker=search&fm=organic&iid=ac78e567-61f6-4164-b424-b79902630c2b.MOBHMX5YXCBREREH.SEARCH&ppt=None&ppn=None&ssid=5qlmcobnls0000001790412271128&qH=a5594894156db043&ov_redirect=true,2026-09-26
93,"POCO C85x 5G (Sunset Gold, 64 GB)",POCO,14999,20999,28% off,4.1,"5,599",776,4 GB RAM,64 GB ROM,6300 mAh Lithium-Ion Polymer Battery,T8300 Processor,17.53 cm (6.9 inch) HD+ Display,32MP Rear Camera,,https://www.flipkart.com/poco-c85x-5g-sunset-gold-64-gb/p/itm09453073b3b2e?pid=MOBHMGG5PYZRFMKU&lid=LSTMOBHMGG5PYZRFMKUWRLUZB&marketplace=FLIPKART&q=smart+phones&store=tyy%2F4io&srno=s_4_93&otracker=search&fm=organic&iid=ac78e567-61f6-4164-b424-b79902630c2b.MOBHMGG5PYZRFMKU.SEARCH&ppt=None&ppn=None&ssid=5qlmcobnls0000001790412271128&qH=a5594894156db043&ov_redirect=true,2026-09-26
94,"POCO C85x 5G (Elite Black, 128 GB)",POCO,15999,21999,27% off,4.1,"5,599",776,4 GB RAM,128 GB ROM,6300 mAh Lithium-Ion Polymer Battery,T8300 Processor,17.53 cm (6.9 inch) HD+ Display,32MP Rear Camera,,https://www.flipkart.com/poco-c85x-5g-elite-black-128-gb/p/itm06a09efeeced7?pid=MOBHMGG5NGH9MQBY&lid=LSTMOBHMGG5NGH9MQBY3J4OBU&marketplace=FLIPKART&q=smart+phones&store=tyy%2F4io&srno=s_4_94&otracker=search&fm=organic&iid=ac78e567-61f6-4164-b424-b79902630c2b.MOBHMGG5NGH9MQBY.SEARCH&ppt=None&ppn=None&ssid=5qlmcobnls0000001790412271128&qH=a5594894156db043&ov_redirect=true,2026-09-26
95,"realme Gt 7 (Icesense Black, 512 GB)",realme,48999,52999,7% off,4.5,"1,514",197,12 GB RAM,512 GB ROM,7000 mAh Battery,Dimensity Processor,17.22 cm (6.78 inch) Full HD+ AMOLED Display,50MP + 50MP + 50MP + 8MP | 32MP + 32MP Dual Front Camera,,https://www.flipkart.com/realme-gt-7-icesense-black-512-gb/p/itm6cc8f84d92e2f?pid=MOBHCZYZJ756E2YU&lid=LSTMOBHCZYZJ756E2YUZRPIYC&marketplace=FLIPKART&q=smart+phones&store=tyy%2F4io&srno=s_4_95&otracker=search&fm=organic&iid=ac78e567-61f6-4164-b424-b79902630c2b.MOBHCZYZJ756E2YU.SEARCH&ppt=None&ppn=None&ssid=5qlmcobnls0000001790412271128&qH=a5594894156db043&ov_redirect=true,2026-09-26
96,"POCO C85x 5G (Emerald Green, 64 GB)",POCO,14999,20999,28% off,4.1,"5,599",776,4 GB RAM,64 GB ROM,6300 mAh Lithium-Ion Polymer Battery,T8300 Processor,17.53 cm (6.9 inch) HD+ Display,32MP Rear Camera,,https://www.flipkart.com/poco-c85x-5g-emerald-green-64-gb/p/itm626a170c915bd?pid=MOBHMGG5GHZKTSDZ&lid=LSTMOBHMGG5GHZKTSDZQAUGPC&marketplace=FLIPKART&q=smart+phones&store=tyy%2F4io&spotlightTagId=default_BestsellerId_tyy%2F4io&srno=s_4_96&otracker=search&fm=organic&iid=ac78e567-61f6-4164-b424-b79902630c2b.MOBHMGG5GHZKTSDZ.SEARCH&ppt=None&ppn=None&ssid=5qlmcobnls0000001790412271128&qH=a5594894156db043&ov_redirect=true,2026-09-26
97,"POCO M8 (Frost Silver, 128 GB)",POCO,26999,27999,3% off,4.3,"2,284",208,8 GB RAM,128 GB ROM,5520 mAh Battery,,17.2 cm (6.77 inch) Full HD+ Display,50MP Rear Camera | 20MP Front Camera,,https://www.flipkart.com/poco-m8-frost-silver-128-gb/p/itm63246b4036f90?pid=MOBHMGG5ZFANS2WQ&lid=LSTMOBHMGG5ZFANS2WQVUHDCT&marketplace=FLIPKART&q=smart+phones&store=tyy%2F4io&srno=s_5_97&otracker=search&fm=organic&iid=59d12171-504c-42cb-b499-7ca0b473305b.MOBHMGG5ZFANS2WQ.SEARCH&ppt=None&ppn=None&ssid=pt0fvgqncg0000001790412274047&qH=a5594894156db043&ov_redirect=true,2026-09-26
98,"realme P4x 5G (Matte Silver, 128 GB)",realme,26999,38999,30% off,4.3,"15,723","1,359",6 GB RAM,128 GB ROM,7000 mAh Battery,Dimensity 7400 Ultra Processor,17.07 cm (6.72 inch) Full HD+ Display,50MP + 2MP | 8MP Front Camera,,https://www.flipkart.com/realme-p4x-5g-matte-silver-128-gb/p/itm575b1540859e4?pid=MOBHN7A8H9WAG4PD&lid=LSTMOBHN7A8H9WAG4PD4J7IQE&marketplace=FLIPKART&q=smart+phones&store=tyy%2F4io&srno=s_5_98&otracker=search&fm=organic&iid=59d12171-504c-42cb-b499-7ca0b473305b.MOBHN7A8H9WAG4PD.SEARCH&ppt=None&ppn=None&ssid=pt0fvgqncg0000001790412274047&qH=a5594894156db043&ov_redirect=true,2026-09-26
99,"MOTOROLA Edge 60 Fusion 5G (PANTONE Amazonite, 256 GB)",MOTOROLA,29999,37999,21% off,4.4,"50,055","3,552",12 GB RAM,256 GB ROM,5500 mAh Battery,Dimensity 7400 Processor,16.94 cm (6.67 inch) Display,50MP + 13MP | 32MP Front Camera,,https://www.flipkart.com/motorola-edge-60-fusion-5g-pantone-amazonite-256-gb/p/itm083aeeabd2b1d?pid=MOBHN974GZMDARQ9&lid=LSTMOBHN974GZMDARQ9LCGEZJ&marketplace=FLIPKART&q=smart+phones&store=tyy%2F4io&spotlightTagId=default_BestsellerId_tyy%2F4io&srno=s_5_99&otracker=search&fm=organic&iid=59d12171-504c-42cb-b499-7ca0b473305b.MOBHN974GZMDARQ9.SEARCH&ppt=None&ppn=None&ssid=pt0fvgqncg0000001790412274047&qH=a5594894156db043&ov_redirect=true,2026-09-26
100,"IQOO Neo 10 (Alpine White, 256 GB)",IQOO,45999,,,4.5,"2,060",196,8 GB RAM,256 GB ROM,7000 mAh Battery,Qualcomm Snapdragon 8s Gen 4 Processor,17.22 cm (6.78 inch) Full HD+ Super AMOLED Display,50MP Rear Camera,,https://www.flipkart.com/iqoo-neo-10-alpine-white-256-gb/p/itmd7cf79f1b18e3?pid=MOBHN6VSWBUHVZGY&lid=LSTMOBHN6VSWBUHVZGYZOTDNQ&marketplace=FLIPKART&q=smart+phones&store=tyy%2F4io&srno=s_5_100&otracker=search&fm=organic&iid=59d12171-504c-42cb-b499-7ca0b473305b.MOBHN6VSWBUHVZGY.SEARCH&ppt=None&ppn=None&ssid=pt0fvgqncg0000001790412274047&qH=a5594894156db043&ov_redirect=true,2026-09-26
101,"POCO M8 (Frost Silver, 256 GB)",POCO,28999,29999,3% off,4.3,"2,284",208,8 GB RAM,256 GB ROM,5520 mAh Battery,,17.2 cm (6.77 inch) Full HD+ Display,50MP Rear Camera | 20MP Front Camera,,https://www.flipkart.com/poco-m8-frost-silver-256-gb/p/itm8c312b91832a8?pid=MOBHMGG52VFGBGZE&lid=LSTMOBHMGG52VFGBGZEZEW7SR&marketplace=FLIPKART&q=smart+phones&store=tyy%2F4io&srno=s_5_101&otracker=search&fm=organic&iid=59d12171-504c-42cb-b499-7ca0b473305b.MOBHMGG52VFGBGZE.SEARCH&ppt=None&ppn=None&ssid=pt0fvgqncg0000001790412274047&qH=a5594894156db043&ov_redirect=true,2026-09-26
102,"POCO M8 (Glacial Blue, 128 GB)",POCO,26999,27999,3% off,4.3,"2,284",208,8 GB RAM,128 GB ROM,5520 mAh Battery,,17.2 cm (6.77 inch) Full HD+ Display,50MP Rear Camera | 20MP Front Camera,,https://www.flipkart.com/poco-m8-glacial-blue-128-gb/p/itm6b3b306f7eff7?pid=MOBHMGG5ZSHFKTDC&lid=LSTMOBHMGG5ZSHFKTDCASGIPD&marketplace=FLIPKART&q=smart+phones&store=tyy%2F4io&srno=s_5_102&otracker=search&fm=organic&iid=59d12171-504c-42cb-b499-7ca0b473305b.MOBHMGG5ZSHFKTDC.SEARCH&ppt=None&ppn=None&ssid=pt0fvgqncg0000001790412274047&qH=a5594894156db043&ov_redirect=true,2026-09-26
103,"POCO C85 5G (Power Black, 128 GB)",POCO,20999,24999,16% off,4.3,179,12,8 GB RAM,128 GB ROM,6000 mAh Lithium-Ion Polymer Battery,Dimensity 6300 Processor,17.53 cm (6.9 inch) HD+ Display,50MP Rear Camera | 8MP Front Camera,,https://www.flipkart.com/poco-c85-5g-power-black-128-gb/p/itm6d362ee1eec68?pid=MOBHMGG5ZE4MHZUB&lid=LSTMOBHMGG5ZE4MHZUBFS2GCJ&marketplace=FLIPKART&q=smart+phones&store=tyy%2F4io&srno=s_5_103&otracker=search&fm=organic&iid=59d12171-504c-42cb-b499-7ca0b473305b.MOBHMGG5ZE4MHZUB.SEARCH&ppt=None&ppn=None&ssid=pt0fvgqncg0000001790412274047&qH=a5594894156db043&ov_redirect=true,2026-09-26
104,"realme P3 Ultra 5G (Orion Red, 256 GB)",realme,31999,35999,11% off,4.4,"5,213",583,12 GB RAM,256 GB ROM,6000 mAh Battery,Dimensity 8350 Ultra Processor,17.35 cm (6.83 inch) Display,50MP + 8MP | 16MP Front Camera,,https://www.flipkart.com/realme-p3-ultra-5g-orion-red-256-gb/p/itm50171223b4a05?pid=MOBHAYKEK2YKSCTU&lid=LSTMOBHAYKEK2YKSCTUTPFDIS&marketplace=FLIPKART&q=smart+phones&store=tyy%2F4io&srno=s_5_104&otracker=search&fm=organic&iid=59d12171-504c-42cb-b499-7ca0b473305b.MOBHAYKEK2YKSCTU.SEARCH&ppt=None&ppn=None&ssid=pt0fvgqncg0000001790412274047&qH=a5594894156db043&ov_redirect=true,2026-09-26
105,"Apple iPhone 15 (Black, 128 GB)",Apple,,,,4.6,"2,48,900","9,805",,,,"A16 Bionic Chip, 6 Core Processor Processor",15.49 cm (6.1 inch) Super Retina XDR Display,48MP + 12MP | 12MP Front Camera,,https://www.flipkart.com/apple-iphone-15-black-128-gb/p/itm6ac6485515ae4?pid=MOBGTAGPTB3VS24W&q=smart+phones&store=tyy%2F4io&srno=s_5_105&otracker=search&fm=organic&iid=59d12171-504c-42cb-b499-7ca0b473305b.MOBGTAGPTB3VS24W.SEARCH&ppt=None&ppn=None&ssid=pt0fvgqncg0000001790412274047&qH=a5594894156db043&ov_redirect=true,2026-09-26
106,"Samsung Galaxy F06 5G (Bahama Blue, 64 GB)",Samsung,12499,,,4.2,"48,036","3,567",4 GB RAM,64 GB ROM,5000 mAh Battery,Dimensity 6300 Processor,43.23 cm (17.018 cm) HD+ Display,50MP + 2MP | 8MP Front Camera,,https://www.flipkart.com/samsung-galaxy-f06-5g-bahama-blue-64-gb/p/itma2920c68b7fc8?pid=MOBHBF5JDCSG2TVD&lid=LSTMOBHBF5JDCSG2TVDZWHXAM&marketplace=FLIPKART&q=smart+phones&store=tyy%2F4io&srno=s_5_106&otracker=search&fm=organic&iid=59d12171-504c-42cb-b499-7ca0b473305b.MOBHBF5JDCSG2TVD.SEARCH&ppt=None&ppn=None&ssid=pt0fvgqncg0000001790412274047&qH=a5594894156db043&ov_redirect=true,2026-09-26
107,"Samsung Galaxy F06 5G (Bahama Blue, 128 GB)",Samsung,13999,,,4.2,"48,036","3,567",4 GB RAM,128 GB ROM,5000 mAh Battery,Dimensity 6300 Processor,43.23 cm (17.018 cm) HD+ Display,50MP + 2MP | 8MP Front Camera,,https://www.flipkart.com/samsung-galaxy-f06-5g-bahama-blue-128-gb/p/itm58189fada62cb?pid=MOBH9AS47XHFRMJY&lid=LSTMOBH9AS47XHFRMJYWI8CRI&marketplace=FLIPKART&q=smart+phones&store=tyy%2F4io&srno=s_5_107&otracker=search&fm=organic&iid=59d12171-504c-42cb-b499-7ca0b473305b.MOBH9AS47XHFRMJY.SEARCH&ppt=None&ppn=None&ssid=pt0fvgqncg0000001790412274047&qH=a5594894156db043&ov_redirect=true,2026-09-26
108,"Ai+ Pulse 1 (Blue, 64 GB)",Ai+,7999,,,4.2,"42,942","3,630",4 GB RAM,64 GB ROM,5000 mAh Battery,T615 Processor,17.13 cm (6.745 inch) HD+ Display,50MP Rear Camera | 5MP Front Camera,,https://www.flipkart.com/ai-pulse-1-blue-64-gb/p/itm039eaa37b8fdb?pid=MOBHDDQXW4ZVQFFX&lid=LSTMOBHDDQXW4ZVQFFXZCFXAD&marketplace=FLIPKART&q=smart+phones&store=tyy%2F4io&srno=s_5_108&otracker=search&fm=organic&iid=59d12171-504c-42cb-b499-7ca0b473305b.MOBHDDQXW4ZVQFFX.SEARCH&ppt=None&ppn=None&ssid=pt0fvgqncg0000001790412274047&qH=a5594894156db043&ov_redirect=true,2026-09-26
109,"Samsung M05 (Mint Green, 64 GB)",Samsung,7490,9999,25% off,4.3,"4,198",192,4 GB RAM,64 GB ROM,5000 mAh Battery,,17.02 cm (6.7 inch) Display,50MP Rear Camera,,https://www.flipkart.com/samsung-m05-mint-green-64-gb/p/itm99fc37d43aff8?pid=MOBH4Z9VZNVRFV85&lid=LSTMOBH4Z9VZNVRFV85SSC3SP&marketplace=FLIPKART&q=smart+phones&store=tyy%2F4io&srno=s_5_109&otracker=search&fm=organic&iid=59d12171-504c-42cb-b499-7ca0b473305b.MOBH4Z9VZNVRFV85.SEARCH&ppt=None&ppn=None&ssid=pt0fvgqncg0000001790412274047&qH=a5594894156db043&ov_redirect=true,2026-09-26
110,"Samsung Galaxy F06 5G (Bahama Blue, 128 GB)",Samsung,15999,18999,15% off,4.2,"25,821","2,004",6 GB RAM,128 GB ROM,5000 mAh Battery,Dimensity 6300 Processor,17.02 cm (6.7 inch) HD+ Display,50MP + 2MP | 8MP Front Camera,,https://www.flipkart.com/samsung-galaxy-f06-5g-bahama-blue-128-gb/p/itmc1c2297bdfa31?pid=MOBHMGHHMFGB82H9&lid=LSTMOBHMGHHMFGB82H9KLU2MA&marketplace=FLIPKART&q=smart+phones&store=tyy%2F4io&srno=s_5_110&otracker=search&fm=organic&iid=59d12171-504c-42cb-b499-7ca0b473305b.MOBHMGHHMFGB82H9.SEARCH&ppt=None&ppn=None&ssid=pt0fvgqncg0000001790412274047&qH=a5594894156db043&ov_redirect=true,2026-09-26
111,"POCO C71  - Locked with Airtel Prepaid (Power Black, 64 GB)",POCO,8999,,,3.8,"61,843","3,316",4 GB RAM,64 GB ROM,5200 mAh Battery,Unisoc T7250,17.48 cm (6.88 inch) HD+ Display,32MP Rear Camera | 8MP Front Camera,,https://www.flipkart.com/poco-c71-locked-airtel-prepaid-power-black-64-gb/p/itm24887c72b7130?pid=MOBHAFVJMF328YYJ&lid=LSTMOBHAFVJMF328YYJQZ40NI&marketplace=FLIPKART&q=smart+phones&store=tyy%2F4io&srno=s_5_111&otracker=search&fm=organic&iid=59d12171-504c-42cb-b499-7ca0b473305b.MOBHAFVJMF328YYJ.SEARCH&ppt=None&ppn=None&ssid=pt0fvgqncg0000001790412274047&qH=a5594894156db043&ov_redirect=true,2026-09-26
112,"Ai+ Pulse 1 (Sparkle Red, 64 GB)",Ai+,7999,,,4.2,"42,942","3,630",4 GB RAM,64 GB ROM,5000 mAh Battery,T615 Processor,17.13 cm (6.745 inch) HD+ Display,50MP Rear Camera | 5MP Front Camera,,https://www.flipkart.com/ai-pulse-1-sparkle-red-64-gb/p/itm475b5391ff251?pid=MOBHFG2DP4QYFDMP&lid=LSTMOBHFG2DP4QYFDMPEBEVVS&marketplace=FLIPKART&q=smart+phones&store=tyy%2F4io&srno=s_5_112&otracker=search&fm=organic&iid=59d12171-504c-42cb-b499-7ca0b473305b.MOBHFG2DP4QYFDMP.SEARCH&ppt=None&ppn=None&ssid=pt0fvgqncg0000001790412274047&qH=a5594894156db043&ov_redirect=true,2026-09-26
113,"POCO C71  - Locked with Airtel Prepaid (Desert Gold, 64 GB)",POCO,8999,,,3.8,"61,843","3,316",4 GB RAM,64 GB ROM,5200 mAh Battery,Unisoc T7250,17.48 cm (6.88 inch) HD+ Display,32MP Rear Camera | 8MP Front Camera,,https://www.flipkart.com/poco-c71-locked-airtel-prepaid-desert-gold-64-gb/p/itmb0bb5af15d090?pid=MOBHAFVJ5QYQMBRV&lid=LSTMOBHAFVJ5QYQMBRVX1X4P4&marketplace=FLIPKART&q=smart+phones&store=tyy%2F4io&srno=s_5_113&otracker=search&fm=organic&iid=59d12171-504c-42cb-b499-7ca0b473305b.MOBHAFVJ5QYQMBRV.SEARCH&ppt=None&ppn=None&ssid=pt0fvgqncg0000001790412274047&qH=a5594894156db043&ov_redirect=true,2026-09-26
114,"POCO C71  - Locked with Airtel Prepaid (Cool Blue, 64 GB)",POCO,8999,,,3.8,"61,843","3,316",4 GB RAM,64 GB ROM,5200 mAh Battery,Unisoc T7250,17.48 cm (6.88 inch) HD+ Display,32MP Rear Camera | 8MP Front Camera,,https://www.flipkart.com/poco-c71-locked-airtel-prepaid-cool-blue-64-gb/p/itmdec407554268b?pid=MOBHAFVJBSV3VH9N&lid=LSTMOBHAFVJBSV3VH9NO4MONS&marketplace=FLIPKART&q=smart+phones&store=tyy%2F4io&srno=s_5_114&otracker=search&fm=organic&iid=59d12171-504c-42cb-b499-7ca0b473305b.MOBHAFVJBSV3VH9N.SEARCH&ppt=None&ppn=None&ssid=pt0fvgqncg0000001790412274047&qH=a5594894156db043&ov_redirect=true,2026-09-26
115,"POCO C85 5G (Mystic Purple, 128 GB)",POCO,17999,22999,21% off,4.2,"2,516",170,6 GB RAM,128 GB ROM,6000 mAh Lithium-Ion Polymer Battery,Dimensity 6300 Processor,17.53 cm (6.9 inch) HD+ Display,50MP Rear Camera | 8MP Front Camera,,https://www.flipkart.com/poco-c85-5g-mystic-purple-128-gb/p/itmbab3636ca0451?pid=MOBHMGG5ZM2KRGEG&lid=LSTMOBHMGG5ZM2KRGEG8Q0T7X&marketplace=FLIPKART&q=smart+phones&store=tyy%2F4io&srno=s_5_115&otracker=search&fm=organic&iid=59d12171-504c-42cb-b499-7ca0b473305b.MOBHMGG5ZM2KRGEG.SEARCH&ppt=None&ppn=None&ssid=pt0fvgqncg0000001790412274047&qH=a5594894156db043&ov_redirect=true,2026-09-26
116,"vivo T4 Lite 5G Charger in the Box (Titanium Gold, 128 GB)",vivo,14999,,,4.3,"49,897","2,382",6 GB RAM,128 GB ROM,6000 mAh Battery,Dimensity 6300 5G Processor,17.12 cm (6.74 inch) HD+ Display,50MP + 2MP | 5MP Front Camera,5G,https://www.flipkart.com/vivo-t4-lite-5g-charger-box-titanium-gold-128-gb/p/itm9886d6e522c4b?pid=MOBHDY9FWXVJYCFM&lid=LSTMOBHDY9FWXVJYCFMWJ0ABY&marketplace=FLIPKART&q=smart+phones&store=tyy%2F4io&srno=s_5_116&otracker=search&fm=organic&iid=59d12171-504c-42cb-b499-7ca0b473305b.MOBHDY9FWXVJYCFM.SEARCH&ppt=None&ppn=None&ssid=pt0fvgqncg0000001790412274047&qH=a5594894156db043&ov_redirect=true,2026-09-26
117,"MOTOROLA g35 5G (Leaf Green, 128 GB)",MOTOROLA,13999,15499,9% off,4.2,"16,474","1,127",8 GB RAM,128 GB ROM,5000 mAh Battery,T760 Processor,17.07 cm (6.72 inch) Full HD+ Display,50MP + 8MP | 16MP Front Camera,5G,https://www.flipkart.com/motorola-g35-5g-leaf-green-128-gb/p/itmf1ec516a5574d?pid=MOBHFNAZBBBAJZAH&lid=LSTMOBHFNAZBBBAJZAHVMHBGN&marketplace=FLIPKART&q=smart+phones&store=tyy%2F4io&srno=s_5_117&otracker=search&fm=organic&iid=59d12171-504c-42cb-b499-7ca0b473305b.MOBHFNAZBBBAJZAH.SEARCH&ppt=None&ppn=None&ssid=pt0fvgqncg0000001790412274047&qH=a5594894156db043&ov_redirect=true,2026-09-26
118,"POCO M7 Plus 5G (Chrome Silver, 128 GB)",POCO,17999,,,4.2,"6,596",529,8 GB RAM,128 GB ROM,7000 mAh Battery,Snapdragon 6s Gen 3 5G Processor,17.53 cm (6.9 inch) Display,50MP AI Dual Camera,5G,https://www.flipkart.com/poco-m7-plus-5g-chrome-silver-128-gb/p/itm7074a66234a6d?pid=MOBHETX6NDXNUJGF&lid=LSTMOBHETX6NDXNUJGFQPHFB6&marketplace=FLIPKART&q=smart+phones&store=tyy%2F4io&srno=s_5_118&otracker=search&fm=organic&iid=59d12171-504c-42cb-b499-7ca0b473305b.MOBHETX6NDXNUJGF.SEARCH&ppt=None&ppn=None&ssid=pt0fvgqncg0000001790412274047&qH=a5594894156db043&ov_redirect=true,2026-09-26
119,"Infinix Hot 60 5G+ (Tundra Green, 128 GB)",Infinix,17999,,,4.2,"3,679",311,6 GB RAM,128 GB ROM,5200 mAh Battery,Dimensity 7020 Processor,17.02 cm (6.7 inch) HD+ Display,50MP Rear Camera | 8MP Front Camera,,https://www.flipkart.com/infinix-hot-60-5g-tundra-green-128-gb/p/itm2154889174b3a?pid=MOBHDMJZRBVMRQGZ&lid=LSTMOBHDMJZRBVMRQGZJUNUMG&marketplace=FLIPKART&q=smart+phones&store=tyy%2F4io&srno=s_5_119&otracker=search&fm=organic&iid=59d12171-504c-42cb-b499-7ca0b473305b.MOBHDMJZRBVMRQGZ.SEARCH&ppt=None&ppn=None&ssid=pt0fvgqncg0000001790412274047&qH=a5594894156db043&ov_redirect=true,2026-09-26
120,"MOTOROLA g24 Power (Ink blue, 128 GB)",MOTOROLA,10999,12999,15% off,4.2,"12,928",895,8 GB RAM,128 GB ROM,6000 mAh Battery,Helio G85 Processor,16.76 cm (6.6 inch) HD+ Display,50MP + 2MP | 16MP Front Camera,,https://www.flipkart.com/motorola-g24-power-ink-blue-128-gb/p/itm38450b60d2af2?pid=MOBGUFK4RNVPCG3M&lid=LSTMOBGUFK4RNVPCG3M3BS00T&marketplace=FLIPKART&q=smart+phones&store=tyy%2F4io&srno=s_5_120&otracker=search&fm=organic&iid=59d12171-504c-42cb-b499-7ca0b473305b.MOBGUFK4RNVPCG3M.SEARCH&ppt=None&ppn=None&ssid=pt0fvgqncg0000001790412274047&qH=a5594894156db043&ov_redirect=true,2026-09-26
121,"Infinix Note edge (Stellar Blue, 128 GB)",Infinix,23999,29999,20% off,4.2,447,72,8 GB RAM,128 GB ROM,6500 mAh Battery,Dimensity 7100 Processor,17.22 cm (6.78 inch) Full HD+ AMOLED Display,50MP Rear Camera | 13MP Front Camera,,https://www.flipkart.com/infinix-note-edge-stellar-blue-128-gb/p/itmab2876405a1ab?pid=MOBHKCV724SABNKE&lid=LSTMOBHKCV724SABNKEH7AYKB&marketplace=FLIPKART&q=smart+phones&store=tyy%2F4io&srno=s_6_121&otracker=search&fm=organic&iid=a7593df3-8eee-4676-a6b5-23a72b7eecb2.MOBHKCV724SABNKE.SEARCH&ppt=None&ppn=None&ssid=k7w3j9palc0000001790412277352&qH=a5594894156db043&ov_redirect=true,2026-09-26
122,"Samsung Galaxy A17 5G (Black, 128 GB)",Samsung,23999,32999,27% off,4.3,"2,658",233,6 GB RAM,128 GB ROM,5000 mAh Battery,Samsung Exynos 1330 Processor,17.02 cm (6.7 inch) Full HD+ Display,50MP + 5MP + 2MP | 13MP Front Camera,,https://www.flipkart.com/samsung-galaxy-a17-5g-black-128-gb/p/itm14e4e5394d6c7?pid=MOBHGVECKP8QYMCD&lid=LSTMOBHGVECKP8QYMCD56CNUO&marketplace=FLIPKART&q=smart+phones&store=tyy%2F4io&srno=s_6_122&otracker=search&fm=organic&iid=a7593df3-8eee-4676-a6b5-23a72b7eecb2.MOBHGVECKP8QYMCD.SEARCH&ppt=None&ppn=None&ssid=k7w3j9palc0000001790412277352&qH=a5594894156db043&ov_redirect=true,2026-09-26
123,"Samsung Galaxy A17 5G (Blue, 128 GB)",Samsung,22899,27999,18% off,4.3,"2,658",233,6 GB RAM,128 GB ROM,5000 mAh Battery,Samsung Exynos 1330 Processor,17.02 cm (6.7 inch) Full HD+ Display,50MP + 5MP + 2MP | 13MP Front Camera,,https://www.flipkart.com/samsung-galaxy-a17-5g-blue-128-gb/p/itm14e4e5394d6c7?pid=MOBHGVECMPZEVNMJ&lid=LSTMOBHGVECMPZEVNMJE4XABD&marketplace=FLIPKART&q=smart+phones&store=tyy%2F4io&srno=s_6_123&otracker=search&fm=organic&iid=a7593df3-8eee-4676-a6b5-23a72b7eecb2.MOBHGVECMPZEVNMJ.SEARCH&ppt=None&ppn=None&ssid=k7w3j9palc0000001790412277352&qH=a5594894156db043&ov_redirect=true,2026-09-26
124,"Samsung Galaxy S26 5G (White, 512 GB)",Samsung,107999,,,4.7,628,182,12 GB RAM,512 GB ROM,4300 mAh Li-ion Battery,2600 Processor,16.0 cm (6.3 inch) Full HD+ Display,50MP + 12MP | 12MP Front Camera,,https://www.flipkart.com/samsung-galaxy-s26-5g-white-512-gb/p/itm0ca5d0430e1c1?pid=MOBHKGAP4VP3KRAJ&lid=LSTMOBHKGAP4VP3KRAJYLG6SY&marketplace=FLIPKART&q=smart+phones&store=tyy%2F4io&srno=s_6_124&otracker=search&fm=organic&iid=a7593df3-8eee-4676-a6b5-23a72b7eecb2.MOBHKGAP4VP3KRAJ.SEARCH&ppt=None&ppn=None&ssid=k7w3j9palc0000001790412277352&qH=a5594894156db043&ov_redirect=true,2026-09-26
125,"LAVA Bold N1 5G (Royal Blue, 64 GB)",LAVA,11999,14999,20% off,4,"1,202",105,4 GB RAM,64 GB ROM,5000 mAh Li-ion Battery,T765 Octa-core Processor Processor,17.14 cm (6.75 inch) HD+ Display,13MP Rear Camera | 5MP Front Camera,,https://www.flipkart.com/lava-bold-n1-5g-royal-blue-64-gb/p/itm6f82e2e9bb01e?pid=MOBHMP9RPXHSZSXK&lid=LSTMOBHMP9RPXHSZSXK2LCLI8&marketplace=FLIPKART&q=smart+phones&store=tyy%2F4io&srno=s_6_125&otracker=search&fm=organic&iid=a7593df3-8eee-4676-a6b5-23a72b7eecb2.MOBHMP9RPXHSZSXK.SEARCH&ppt=None&ppn=None&ssid=k7w3j9palc0000001790412277352&qH=a5594894156db043&ov_redirect=true,2026-09-26
126,"Google Pixel 11 (Obsidian, 256 GB)",Google,89999,,,4.5,364,65,12 GB RAM,256 GB ROM,4985 mAh Lithium Battery,Tensor G6 Processor,16.0 cm (6.3 inch) Actua Display,48MP + 13MP + 10.8MP | 10.5MP Front Camera,,https://www.flipkart.com/google-pixel-11-obsidian-256-gb/p/itma0200211f30ae?pid=MOBHPHNV4FA6ZKGF&lid=LSTMOBHPHNV4FA6ZKGFNVP4HH&marketplace=FLIPKART&q=smart+phones&store=tyy%2F4io&srno=s_6_126&otracker=search&fm=organic&iid=a7593df3-8eee-4676-a6b5-23a72b7eecb2.MOBHPHNV4FA6ZKGF.SEARCH&ppt=None&ppn=None&ssid=k7w3j9palc0000001790412277352&qH=a5594894156db043&ov_redirect=true,2026-09-26
127,"Samsung Galaxy M17e (Vibe Violet, 128 GB)",Samsung,18987,18999,,4.1,"1,091",89,6 GB RAM,128 GB ROM,6000 mAh Battery,MediaTek Dimensity Processor,17.02 cm (6.7 inch) Full HD+ Display,50MP Rear Camera | 2MP Front Camera,,https://www.flipkart.com/samsung-galaxy-m17e-vibe-violet-128-gb/p/itm1b5a0ea459581?pid=MOBHHQWGFRUKCEC3&lid=LSTMOBHHQWGFRUKCEC3Z2QBHU&marketplace=FLIPKART&q=smart+phones&store=tyy%2F4io&srno=s_6_127&otracker=search&fm=organic&iid=a7593df3-8eee-4676-a6b5-23a72b7eecb2.MOBHHQWGFRUKCEC3.SEARCH&ppt=None&ppn=None&ssid=k7w3j9palc0000001790412277352&qH=a5594894156db043&ov_redirect=true,2026-09-26
128,"OnePlus Nord CE6 (Lunar Pearl, 256 GB)",OnePlus,40608,43999,7% off,4.5,"1,318",98,8 GB RAM,256 GB ROM,8000 mAh Battery,Qualcomm® Snapdragon™ 7s Gen 4 Processor,17.22 cm (6.78 inch) Full HD+ Display,50MP Rear Camera | 2MP Front Camera,,https://www.flipkart.com/oneplus-nord-ce6-lunar-pearl-256-gb/p/itmd7b224b18cb05?pid=MOBHN8CDHYCYJFMQ&lid=LSTMOBHN8CDHYCYJFMQXGVK7W&marketplace=FLIPKART&q=smart+phones&store=tyy%2F4io&srno=s_6_128&otracker=search&fm=organic&iid=a7593df3-8eee-4676-a6b5-23a72b7eecb2.MOBHN8CDHYCYJFMQ.SEARCH&ppt=None&ppn=None&ssid=k7w3j9palc0000001790412277352&qH=a5594894156db043&ov_redirect=true,2026-09-26
129,"POCO C85x 5G (Emerald Green, 64 GB)",POCO,14999,20999,28% off,4.1,"5,599",776,4 GB RAM,64 GB ROM,6300 mAh Lithium-Ion Polymer Battery,T8300 Processor,17.53 cm (6.9 inch) HD+ Display,32MP Rear Camera,,https://www.flipkart.com/poco-c85x-5g-emerald-green-64-gb/p/itm626a170c915bd?pid=MOBHMGG5GHZKTSDZ&lid=LSTMOBHMGG5GHZKTSDZQAUGPC&marketplace=FLIPKART&q=smart+phones&store=tyy%2F4io&srno=s_6_129&otracker=search&fm=organic&iid=a7593df3-8eee-4676-a6b5-23a72b7eecb2.MOBHMGG5GHZKTSDZ.SEARCH&ppt=None&ppn=None&ssid=k7w3j9palc0000001790412277352&qH=a5594894156db043&ov_redirect=true,2026-09-26
130,"POCO X8 Power 5G (Black, 256 GB)",POCO,38999,84999,54% off,4.3,226,62,8 GB RAM,256 GB ROM,10000 mAh Lithium-Ion Polymer Battery,6 Gen 5 Processor,17.35 cm (6.83 inch) Full HD+ AMOLED Display,50MP + 8MP | 32MP Front Camera,,https://www.flipkart.com/poco-x8-power-5g-black-256-gb/p/itm3438e419f61cc?pid=MOBHQ6XZZQTFHDSX&lid=LSTMOBHQ6XZZQTFHDSXUIITQK&marketplace=FLIPKART&q=smart+phones&store=tyy%2F4io&srno=s_6_130&otracker=search&fm=organic&iid=a7593df3-8eee-4676-a6b5-23a72b7eecb2.MOBHQ6XZZQTFHDSX.SEARCH&ppt=None&ppn=None&ssid=k7w3j9palc0000001790412277352&qH=a5594894156db043&ov_redirect=true,2026-09-26
131,"Samsung Galaxy S26 5G (Cobalt Violet, 256 GB)",Samsung,79999,87999,9% off,4.7,628,182,12 GB RAM,256 GB ROM,4300 mAh Li-ion Battery,2600 Processor,16.0 cm (6.3 inch) Full HD+ Display,50MP + 12MP | 12MP Front Camera,,https://www.flipkart.com/samsung-galaxy-s26-5g-cobalt-violet-256-gb/p/itm0ca5d0430e1c1?pid=MOBHKGAPFVDATGBR&lid=LSTMOBHKGAPFVDATGBRZ8K8ZU&marketplace=FLIPKART&q=smart+phones&store=tyy%2F4io&srno=s_6_131&otracker=search&fm=organic&iid=a7593df3-8eee-4676-a6b5-23a72b7eecb2.MOBHKGAPFVDATGBR.SEARCH&ppt=None&ppn=None&ssid=k7w3j9palc0000001790412277352&qH=a5594894156db043&ov_redirect=true,2026-09-26
132,"Samsung Galaxy A06 5G (Black, 64 GB)",Samsung,15499,,,4.1,"4,946",370,4 GB RAM,64 GB ROM,5000 mAh Li-ion Battery,Dimensity 6300 Processor,17.02 cm (6.7 inch) HD+ Display,50MP + 2MP | 8MP Front Camera,,https://www.flipkart.com/samsung-galaxy-a06-5g-black-64-gb/p/itm68a03d686c7c4?pid=MOBH9GQKTSEJGNCA&lid=LSTMOBH9GQKTSEJGNCATQCXUW&marketplace=FLIPKART&q=smart+phones&store=tyy%2F4io&srno=s_6_132&otracker=search&fm=organic&iid=a7593df3-8eee-4676-a6b5-23a72b7eecb2.MOBH9GQKTSEJGNCA.SEARCH&ppt=None&ppn=None&ssid=k7w3j9palc0000001790412277352&qH=a5594894156db043&ov_redirect=true,2026-09-26
133,"Ai+ Nova 2 Neo 5G (Black, 128 GB)",Ai+,16999,19999,15% off,4.2,"1,033",95,6 GB RAM,128 GB ROM,6000 mAh Li-polymer Battery,Dimensity 6300 Processor,17.13 cm (6.745 inch) HD+ Display,48MP Rear Camera | 8MP Front Camera,,https://www.flipkart.com/ai-nova-2-neo-5g-black-128-gb/p/itmc790f4d613a76?pid=MOBHZ8ZMYWGY8VKA&lid=LSTMOBHZ8ZMYWGY8VKATOHHEC&marketplace=FLIPKART&q=smart+phones&store=tyy%2F4io&srno=s_6_133&otracker=search&fm=organic&iid=a7593df3-8eee-4676-a6b5-23a72b7eecb2.MOBHZ8ZMYWGY8VKA.SEARCH&ppt=None&ppn=None&ssid=k7w3j9palc0000001790412277352&qH=a5594894156db043&ov_redirect=true,2026-09-26
134,"Ai+ Nova 2 5G (Purple, 64 GB)",Ai+,13999,,,4.2,"6,969",384,4 GB RAM,64 GB ROM,6000 mAh Battery,T8200 Processor,17.13 cm (6.745 inch) HD+ Display,50MP Rear Camera | 8MP Front Camera,,https://www.flipkart.com/ai-nova-2-5g-purple-64-gb/p/itm07c0f38f44c5c?pid=MOBHKHPYYEJCZCAA&lid=LSTMOBHKHPYYEJCZCAA8UE6IX&marketplace=FLIPKART&q=smart+phones&store=tyy%2F4io&srno=s_6_134&otracker=search&fm=organic&iid=a7593df3-8eee-4676-a6b5-23a72b7eecb2.MOBHKHPYYEJCZCAA.SEARCH&ppt=None&ppn=None&ssid=k7w3j9palc0000001790412277352&qH=a5594894156db043&ov_redirect=true,2026-09-26
135,"OnePlus Nord CE6 (Pitch Black, 128 GB)",OnePlus,36450,40999,11% off,4.5,"1,318",98,8 GB RAM,128 GB ROM,8000 mAh Battery,Qualcomm® Snapdragon™ 7s Gen 4 Processor,17.22 cm (6.78 inch) Full HD+ Display,50MP Rear Camera | 2MP Front Camera,,https://www.flipkart.com/oneplus-nord-ce6-pitch-black-128-gb/p/itmd7b224b18cb05?pid=MOBHN886XZV5BC22&lid=LSTMOBHN886XZV5BC22NILUJN&marketplace=FLIPKART&q=smart+phones&store=tyy%2F4io&srno=s_6_135&otracker=search&fm=organic&iid=a7593df3-8eee-4676-a6b5-23a72b7eecb2.MOBHN886XZV5BC22.SEARCH&ppt=None&ppn=None&ssid=k7w3j9palc0000001790412277352&qH=a5594894156db043&ov_redirect=true,2026-09-26
136,"OnePlus Nord CE6 (Fresh Blue, 256 GB)",OnePlus,40988,43999,6% off,4.5,"1,318",98,8 GB RAM,256 GB ROM,8000 mAh Battery,Qualcomm® Snapdragon™ 7s Gen 4 Processor,17.22 cm (6.78 inch) Full HD+ Display,50MP Rear Camera | 2MP Front Camera,,https://www.flipkart.com/oneplus-nord-ce6-fresh-blue-256-gb/p/itmd7b224b18cb05?pid=MOBHN84MXDPKEUBU&lid=LSTMOBHN84MXDPKEUBUZEDTSW&marketplace=FLIPKART&q=smart+phones&store=tyy%2F4io&srno=s_6_136&otracker=search&fm=organic&iid=a7593df3-8eee-4676-a6b5-23a72b7eecb2.MOBHN84MXDPKEUBU.SEARCH&ppt=None&ppn=None&ssid=k7w3j9palc0000001790412277352&qH=a5594894156db043&ov_redirect=true,2026-09-26
137,"Infinix Note edge (Silk Green, 128 GB)",Infinix,23999,29999,20% off,4.2,447,72,8 GB RAM,128 GB ROM,6500 mAh Battery,Dimensity 7100 Processor,17.22 cm (6.78 inch) Full HD+ AMOLED Display,50MP Rear Camera | 13MP Front Camera,,https://www.flipkart.com/infinix-note-edge-silk-green-128-gb/p/itmab2876405a1ab?pid=MOBHKCV7GJAJAXZG&lid=LSTMOBHKCV7GJAJAXZGHZCQDO&marketplace=FLIPKART&q=smart+phones&store=tyy%2F4io&srno=s_6_137&otracker=search&fm=organic&iid=a7593df3-8eee-4676-a6b5-23a72b7eecb2.MOBHKCV7GJAJAXZG.SEARCH&ppt=None&ppn=None&ssid=k7w3j9palc0000001790412277352&qH=a5594894156db043&ov_redirect=true,2026-09-26
138,"Infinix Note edge (Silk Green, 256 GB)",Infinix,25999,34999,25% off,4.2,447,72,8 GB RAM,256 GB ROM,6500 mAh Battery,Dimensity 7100 Processor,17.22 cm (6.78 inch) Full HD+ AMOLED Display,50MP Rear Camera | 13MP Front Camera,,https://www.flipkart.com/infinix-note-edge-silk-green-256-gb/p/itmab2876405a1ab?pid=MOBHKCV7FF8GZWZ4&lid=LSTMOBHKCV7FF8GZWZ4LLG9IF&marketplace=FLIPKART&q=smart+phones&store=tyy%2F4io&srno=s_6_138&otracker=search&fm=organic&iid=a7593df3-8eee-4676-a6b5-23a72b7eecb2.MOBHKCV7FF8GZWZ4.SEARCH&ppt=None&ppn=None&ssid=k7w3j9palc0000001790412277352&qH=a5594894156db043&ov_redirect=true,2026-09-26
139,"Infinix Note edge (Stellar Blue, 256 GB)",Infinix,25999,34999,25% off,4.2,447,72,8 GB RAM,256 GB ROM,6500 mAh Battery,Dimensity 7100 Processor,17.22 cm (6.78 inch) Full HD+ AMOLED Display,50MP Rear Camera | 13MP Front Camera,,https://www.flipkart.com/infinix-note-edge-stellar-blue-256-gb/p/itmab2876405a1ab?pid=MOBHKCV76HNSDYJ5&lid=LSTMOBHKCV76HNSDYJ5MCBZLZ&marketplace=FLIPKART&q=smart+phones&store=tyy%2F4io&srno=s_6_139&otracker=search&fm=organic&iid=a7593df3-8eee-4676-a6b5-23a72b7eecb2.MOBHKCV76HNSDYJ5.SEARCH&ppt=None&ppn=None&ssid=k7w3j9palc0000001790412277352&qH=a5594894156db043&ov_redirect=true,2026-09-26
140,"POCO C85x 5G (Elite Black, 128 GB)",POCO,15999,21999,27% off,4.1,"5,599",776,4 GB RAM,128 GB ROM,6300 mAh Lithium-Ion Polymer Battery,T8300 Processor,17.53 cm (6.9 inch) HD+ Display,32MP Rear Camera,,https://www.flipkart.com/poco-c85x-5g-elite-black-128-gb/p/itm06a09efeeced7?pid=MOBHMGG5NGH9MQBY&lid=LSTMOBHMGG5NGH9MQBY3J4OBU&marketplace=FLIPKART&q=smart+phones&store=tyy%2F4io&srno=s_6_140&otracker=search&fm=organic&iid=a7593df3-8eee-4676-a6b5-23a72b7eecb2.MOBHMGG5NGH9MQBY.SEARCH&ppt=None&ppn=None&ssid=k7w3j9palc0000001790412277352&qH=a5594894156db043&ov_redirect=true,2026-09-26
141,"Samsung Galaxy S26 5G (Black, 256 GB)",Samsung,79999,87999,9% off,4.7,628,182,12 GB RAM,256 GB ROM,4300 mAh Li-ion Battery,2600 Processor,16.0 cm (6.3 inch) Full HD+ Display,50MP + 12MP | 12MP Front Camera,,https://www.flipkart.com/samsung-galaxy-s26-5g-black-256-gb/p/itm0ca5d0430e1c1?pid=MOBHKGAPMGQUBJTQ&lid=LSTMOBHKGAPMGQUBJTQRBPS1C&marketplace=FLIPKART&q=smart+phones&store=tyy%2F4io&srno=s_6_141&otracker=search&fm=organic&iid=a7593df3-8eee-4676-a6b5-23a72b7eecb2.MOBHKGAPMGQUBJTQ.SEARCH&ppt=None&ppn=None&ssid=k7w3j9palc0000001790412277352&qH=a5594894156db043&ov_redirect=true,2026-09-26
142,"OnePlus Nord CE6 Lite (Hyper Black, 128 GB)",OnePlus,28989,33999,14% off,4.3,"1,111",75,8 GB RAM,128 GB ROM,7000 mAh Battery,Mediatek Dimensity 7400 Processor,17.07 cm (6.72 inch) Full HD+ Display,50MP Rear Camera | 8MP Front Camera,,https://www.flipkart.com/oneplus-nord-ce6-lite-hyper-black-128-gb/p/itm894a5599b758b?pid=MOBHN8CA4A6Z3KMZ&lid=LSTMOBHN8CA4A6Z3KMZKLWNQT&marketplace=FLIPKART&q=smart+phones&store=tyy%2F4io&srno=s_6_142&otracker=search&fm=organic&iid=a7593df3-8eee-4676-a6b5-23a72b7eecb2.MOBHN8CA4A6Z3KMZ.SEARCH&ppt=None&ppn=None&ssid=k7w3j9palc0000001790412277352&qH=a5594894156db043&ov_redirect=true,2026-09-26
143,"realme P4 Power 5G Charger in the Box (TransOrange, 256 GB)",realme,34999,55999,37% off,4.4,"8,530",890,8 GB RAM,256 GB ROM,10001 mAh Battery,Dimensity 7400 Ultra Processor,17.27 cm (6.8 inch) Full HD+ AMOLED Display,,,https://www.flipkart.com/realme-p4-power-5g-charger-box-transorange-256-gb/p/itm756857550aae6?pid=MOBHN8YRKQMFAHAU&lid=LSTMOBHN8YRKQMFAHAUVWFHOR&marketplace=FLIPKART&q=smart+phones&store=tyy%2F4io&srno=s_6_143&otracker=search&fm=organic&iid=a7593df3-8eee-4676-a6b5-23a72b7eecb2.MOBHN8YRKQMFAHAU.SEARCH&ppt=None&ppn=None&ssid=k7w3j9palc0000001790412277352&qH=a5594894156db043&ov_redirect=true,2026-09-26
144,"Samsung Galaxy M17 5G (Moonlight Silver, 128 GB)",Samsung,21245,24999,15% off,4.3,"2,013",130,6 GB RAM,128 GB ROM,5000 mAh Battery,,17.02 cm (6.7 inch) Display,50MP Rear Camera,,https://www.flipkart.com/samsung-galaxy-m17-5g-moonlight-silver-128-gb/p/itmc3b8f7b511eca?pid=MOBHGU9DYEBQW6NW&lid=LSTMOBHGU9DYEBQW6NWPRCYLY&marketplace=FLIPKART&q=smart+phones&store=tyy%2F4io&srno=s_6_144&otracker=search&fm=organic&iid=a7593df3-8eee-4676-a6b5-23a72b7eecb2.MOBHGU9DYEBQW6NW.SEARCH&ppt=None&ppn=None&ssid=k7w3j9palc0000001790412277352&qH=a5594894156db043&ov_redirect=true,2026-09-26
145,"Samsung Galaxy M17 5G (Moonlight Silver, 128 GB)",Samsung,21245,24999,15% off,4.3,"2,013",130,6 GB RAM,128 GB ROM,5000 mAh Battery,,17.02 cm (6.7 inch) Display,50MP Rear Camera,,https://www.flipkart.com/samsung-galaxy-m17-5g-moonlight-silver-128-gb/p/itmc3b8f7b511eca?pid=MOBHGU9DYEBQW6NW&lid=LSTMOBHGU9DYEBQW6NWPRCYLY&marketplace=FLIPKART&q=smart+phones&store=tyy%2F4io&srno=s_7_145&otracker=search&fm=organic&iid=67d11190-5dae-40a1-b4a9-af669d4c58c8.MOBHGU9DYEBQW6NW.SEARCH&ppt=None&ppn=None&ssid=5frbh7md740000001790412280238&qH=a5594894156db043&ov_redirect=true,2026-09-26
146,"realme P4 Power 5G Charger in the Box (TransOrange, 256 GB)",realme,34999,55999,37% off,4.4,"8,530",890,8 GB RAM,256 GB ROM,10001 mAh Battery,Dimensity 7400 Ultra Processor,17.27 cm (6.8 inch) Full HD+ AMOLED Display,,,https://www.flipkart.com/realme-p4-power-5g-charger-box-transorange-256-gb/p/itm756857550aae6?pid=MOBHN8YRKQMFAHAU&lid=LSTMOBHN8YRKQMFAHAUVWFHOR&marketplace=FLIPKART&q=smart+phones&store=tyy%2F4io&srno=s_7_146&otracker=search&fm=organic&iid=67d11190-5dae-40a1-b4a9-af669d4c58c8.MOBHN8YRKQMFAHAU.SEARCH&ppt=None&ppn=None&ssid=5frbh7md740000001790412280238&qH=a5594894156db043&ov_redirect=true,2026-09-26
147,"POCO C85x 5G (Elite Black, 128 GB)",POCO,15999,21999,27% off,4.1,"5,599",776,4 GB RAM,128 GB ROM,6300 mAh Lithium-Ion Polymer Battery,T8300 Processor,17.53 cm (6.9 inch) HD+ Display,32MP Rear Camera,,https://www.flipkart.com/poco-c85x-5g-elite-black-128-gb/p/itm06a09efeeced7?pid=MOBHMGG5NGH9MQBY&lid=LSTMOBHMGG5NGH9MQBY3J4OBU&marketplace=FLIPKART&q=smart+phones&store=tyy%2F4io&srno=s_7_147&otracker=search&fm=organic&iid=67d11190-5dae-40a1-b4a9-af669d4c58c8.MOBHMGG5NGH9MQBY.SEARCH&ppt=None&ppn=None&ssid=5frbh7md740000001790412280238&qH=a5594894156db043&ov_redirect=true,2026-09-26
148,"Samsung Galaxy M17e (Blitz Blue, 128 GB)",Samsung,16999,22999,26% off,4,"1,087",87,4 GB RAM,128 GB ROM,6000 mAh Battery,MediaTek Dimensity Processor,17.02 cm (6.7 inch) Full HD+ Display,50MP Rear Camera | 2MP Front Camera,,https://www.flipkart.com/samsung-galaxy-m17e-blitz-blue-128-gb/p/itm1b5a0ea459581?pid=MOBHHQTGXCB3FHGY&lid=LSTMOBHHQTGXCB3FHGYE6K8GO&marketplace=FLIPKART&q=smart+phones&store=tyy%2F4io&srno=s_7_148&otracker=search&fm=organic&iid=67d11190-5dae-40a1-b4a9-af669d4c58c8.MOBHHQTGXCB3FHGY.SEARCH&ppt=None&ppn=None&ssid=5frbh7md740000001790412280238&qH=a5594894156db043&ov_redirect=true,2026-09-26
149,"Samsung Galaxy M17 5G (Sapphire Black, 128 GB)",Samsung,18949,19999,5% off,4.1,"5,090",455,4 GB RAM,128 GB ROM,5000 mAh Battery,,17.02 cm (6.7 inch) Display,50MP Rear Camera,,https://www.flipkart.com/samsung-galaxy-m17-5g-sapphire-black-128-gb/p/itmc3b8f7b511eca?pid=MOBHGU9DRM2XDSU2&lid=LSTMOBHGU9DRM2XDSU2QTM7AR&marketplace=FLIPKART&q=smart+phones&store=tyy%2F4io&srno=s_7_149&otracker=search&fm=organic&iid=67d11190-5dae-40a1-b4a9-af669d4c58c8.MOBHGU9DRM2XDSU2.SEARCH&ppt=None&ppn=None&ssid=5frbh7md740000001790412280238&qH=a5594894156db043&ov_redirect=true,2026-09-26
150,"Samsung Galaxy A17 5G (Blue, 128 GB)",Samsung,26999,34999,22% off,4.3,"2,222",211,8 GB RAM,128 GB ROM,5000 mAh Battery,Samsung Exynos 1330 Processor,17.02 cm (6.7 inch) Full HD+ Display,50MP + 5MP + 2MP | 13MP Front Camera,,https://www.flipkart.com/samsung-galaxy-a17-5g-blue-128-gb/p/itm9b0b7e6d52859?pid=MOBHGVECGVQWQVRH&lid=LSTMOBHGVECGVQWQVRHCA1UZN&marketplace=FLIPKART&q=smart+phones&store=tyy%2F4io&srno=s_7_150&otracker=search&fm=organic&iid=67d11190-5dae-40a1-b4a9-af669d4c58c8.MOBHGVECGVQWQVRH.SEARCH&ppt=None&ppn=None&ssid=5frbh7md740000001790412280238&qH=a5594894156db043&ov_redirect=true,2026-09-26
151,"MOTOROLA Edge 70 Fusion (Pantone ORIENT BLUE, 512 GB)",MOTOROLA,38999,64999,40% off,4.3,"6,660",736,12 GB RAM,512 GB ROM,7000 mAh Battery,Snapdragon 7s Gen 4 Processor,17.27 cm (6.8 inch) Super HD Display,50MP + 13MP | 32MP Front Camera,,https://www.flipkart.com/motorola-edge-70-fusion-pantone-orient-blue-512-gb/p/itm0baa5fae46b3f?pid=MOBHNSA6SDGWGDYH&lid=LSTMOBHNSA6SDGWGDYHAAXRXJ&marketplace=FLIPKART&q=smart+phones&store=tyy%2F4io&srno=s_7_151&otracker=search&fm=organic&iid=67d11190-5dae-40a1-b4a9-af669d4c58c8.MOBHNSA6SDGWGDYH.SEARCH&ppt=None&ppn=None&ssid=5frbh7md740000001790412280238&qH=a5594894156db043&ov_redirect=true,2026-09-26
152,"OnePlus Nord CE6 (Fresh Blue, 128 GB)",OnePlus,36324,40999,11% off,4.5,"1,318",98,8 GB RAM,128 GB ROM,8000 mAh Battery,Qualcomm® Snapdragon™ 7s Gen 4 Processor,17.22 cm (6.78 inch) Full HD+ Display,50MP Rear Camera | 2MP Front Camera,,https://www.flipkart.com/oneplus-nord-ce6-fresh-blue-128-gb/p/itmd7b224b18cb05?pid=MOBHNBDGGHYAE6ZP&lid=LSTMOBHNBDGGHYAE6ZPJP8VMM&marketplace=FLIPKART&q=smart+phones&store=tyy%2F4io&srno=s_7_152&otracker=search&fm=organic&iid=67d11190-5dae-40a1-b4a9-af669d4c58c8.MOBHNBDGGHYAE6ZP.SEARCH&ppt=None&ppn=None&ssid=5frbh7md740000001790412280238&qH=a5594894156db043&ov_redirect=true,2026-09-26
153,"OnePlus Nord CE6 (Pitch Black, 256 GB)",OnePlus,40989,43999,6% off,4.5,"1,318",98,8 GB RAM,256 GB ROM,8000 mAh Battery,Qualcomm® Snapdragon™ 7s Gen 4 Processor,17.22 cm (6.78 inch) Full HD+ Display,50MP Rear Camera | 2MP Front Camera,,https://www.flipkart.com/oneplus-nord-ce6-pitch-black-256-gb/p/itmd7b224b18cb05?pid=MOBHN8FJGG2GYWA9&lid=LSTMOBHN8FJGG2GYWA9DBLQPP&marketplace=FLIPKART&q=smart+phones&store=tyy%2F4io&srno=s_7_153&otracker=search&fm=organic&iid=67d11190-5dae-40a1-b4a9-af669d4c58c8.MOBHN8FJGG2GYWA9.SEARCH&ppt=None&ppn=None&ssid=5frbh7md740000001790412280238&qH=a5594894156db043&ov_redirect=true,2026-09-26
154,"OnePlus Nord CE6 (Fresh Blue, 256 GB)",OnePlus,40740,43999,7% off,4.5,"1,318",98,8 GB RAM,256 GB ROM,8000 mAh Battery,Qualcomm® Snapdragon™ 7s Gen 4 Processor,17.22 cm (6.78 inch) Full HD+ Display,50MP Rear Camera | 2MP Front Camera,,https://www.flipkart.com/oneplus-nord-ce6-fresh-blue-256-gb/p/itmd7b224b18cb05?pid=MOBHN84MXDPKEUBU&lid=LSTMOBHN84MXDPKEUBUDFIHDK&marketplace=FLIPKART&q=smart+phones&store=tyy%2F4io&srno=s_7_154&otracker=search&fm=organic&iid=67d11190-5dae-40a1-b4a9-af669d4c58c8.MOBHN84MXDPKEUBU.SEARCH&ppt=None&ppn=None&ssid=5frbh7md740000001790412280238&qH=a5594894156db043&ov_redirect=true,2026-09-26
155,"MOTOROLA Edge 60 Pro (Pantone Dazzling Blue, 512 GB)",MOTOROLA,37999,42999,11% off,4.3,"3,923",408,16 GB RAM,512 GB ROM,6000 mAh Battery,Dimensity 8350 Processor,17.02 cm (6.7 inch) Full HD+ Display,50MP + 50MP + 10MP | 50MP Front Camera,,https://www.flipkart.com/motorola-edge-60-pro-pantone-dazzling-blue-512-gb/p/itmdc36ec357d827?pid=MOBHC7EWSW79FZHG&lid=LSTMOBHC7EWSW79FZHGFX1CD2&marketplace=FLIPKART&q=smart+phones&store=tyy%2F4io&srno=s_7_155&otracker=search&fm=organic&iid=67d11190-5dae-40a1-b4a9-af669d4c58c8.MOBHC7EWSW79FZHG.SEARCH&ppt=None&ppn=None&ssid=5frbh7md740000001790412280238&qH=a5594894156db043&ov_redirect=true,2026-09-26
156,"OnePlus Nord CE6 Lite (Hyper Black, 128 GB)",OnePlus,28433,31999,11% off,4.3,"1,408",98,6 GB RAM,128 GB ROM,7000 mAh Battery,Mediatek Dimensity 7400 Processor,17.07 cm (6.72 inch) Full HD+ Display,50MP Rear Camera | 8MP Front Camera,,https://www.flipkart.com/oneplus-nord-ce6-lite-hyper-black-128-gb/p/itm894a5599b758b?pid=MOBHN8BDFU3PHHUR&lid=LSTMOBHN8BDFU3PHHURZ7NUUC&marketplace=FLIPKART&q=smart+phones&store=tyy%2F4io&srno=s_7_156&otracker=search&fm=organic&iid=67d11190-5dae-40a1-b4a9-af669d4c58c8.MOBHN8BDFU3PHHUR.SEARCH&ppt=None&ppn=None&ssid=5frbh7md740000001790412280238&qH=a5594894156db043&ov_redirect=true,2026-09-26
157,"OnePlus Nord CE6 Lite (Vivid Mint, 128 GB)",OnePlus,28318,33999,16% off,4.3,"1,111",75,8 GB RAM,128 GB ROM,7000 mAh Battery,Mediatek Dimensity 7400 Processor,17.07 cm (6.72 inch) Full HD+ Display,8MP Rear Camera | 8MP Front Camera,,https://www.flipkart.com/oneplus-nord-ce6-lite-vivid-mint-128-gb/p/itm894a5599b758b?pid=MOBHN86VFKDWVHXF&lid=LSTMOBHN86VFKDWVHXFVQZ61Y&marketplace=FLIPKART&q=smart+phones&store=tyy%2F4io&srno=s_7_157&otracker=search&fm=organic&iid=67d11190-5dae-40a1-b4a9-af669d4c58c8.MOBHN86VFKDWVHXF.SEARCH&ppt=None&ppn=None&ssid=5frbh7md740000001790412280238&qH=a5594894156db043&ov_redirect=true,2026-09-26
158,"Samsung M36 5G (Light Green, 128 GB)",Samsung,23990,26999,11% off,4.3,"5,748",448,6 GB RAM,128 GB ROM,5000 mAh Battery,,17.02 cm (6.7 inch) Display,50MP Rear Camera,,https://www.flipkart.com/samsung-m36-5g-light-green-128-gb/p/itm4cf1eae54334f?pid=MOBHEYY2YZXYBR66&lid=LSTMOBHEYY2YZXYBR66QIK7TW&marketplace=FLIPKART&q=smart+phones&store=tyy%2F4io&srno=s_7_158&otracker=search&fm=organic&iid=67d11190-5dae-40a1-b4a9-af669d4c58c8.MOBHEYY2YZXYBR66.SEARCH&ppt=None&ppn=None&ssid=5frbh7md740000001790412280238&qH=a5594894156db043&ov_redirect=true,2026-09-26
159,"Infinix Note edge (Solar Orange, 128 GB)",Infinix,28999,29999,3% off,4.2,447,72,8 GB RAM,128 GB ROM,6500 mAh Battery,Dimensity 7100 Processor,17.22 cm (6.78 inch) Full HD+ AMOLED Display,50MP Rear Camera | 13MP Front Camera,,https://www.flipkart.com/infinix-note-edge-solar-orange-128-gb/p/itmab2876405a1ab?pid=MOBHN3VZUWJSWKZU&lid=LSTMOBHN3VZUWJSWKZUZCB30A&marketplace=FLIPKART&q=smart+phones&store=tyy%2F4io&srno=s_7_159&otracker=search&fm=organic&iid=67d11190-5dae-40a1-b4a9-af669d4c58c8.MOBHN3VZUWJSWKZU.SEARCH&ppt=None&ppn=None&ssid=5frbh7md740000001790412280238&qH=a5594894156db043&ov_redirect=true,2026-09-26
160,"OnePlus Nord CE6 Lite (Hyper Black, 256 GB)",OnePlus,34848,36999,5% off,4.3,"1,111",75,8 GB RAM,256 GB ROM,7000 mAh Battery,MediaTek Dimensity 7400 Apex Processor,17.07 cm (6.72 inch) Full HD+ Display,50MP Rear Camera | 8MP Front Camera,,https://www.flipkart.com/oneplus-nord-ce6-lite-hyper-black-256-gb/p/itm894a5599b758b?pid=MOBHN8CPMYHDEBRA&lid=LSTMOBHN8CPMYHDEBRA05WIW3&marketplace=FLIPKART&q=smart+phones&store=tyy%2F4io&srno=s_7_160&otracker=search&fm=organic&iid=67d11190-5dae-40a1-b4a9-af669d4c58c8.MOBHN8CPMYHDEBRA.SEARCH&ppt=None&ppn=None&ssid=5frbh7md740000001790412280238&qH=a5594894156db043&ov_redirect=true,2026-09-26
161,"MOTOROLA Edge 70 Fusion (Pantone SILHOUETTE, 512 GB)",MOTOROLA,38999,64999,40% off,4.3,"6,660",736,12 GB RAM,512 GB ROM,7000 mAh Battery,Snapdragon 7s Gen 4 Processor,17.27 cm (6.8 inch) Super HD Display,50MP + 13MP | 32MP Front Camera,,https://www.flipkart.com/motorola-edge-70-fusion-pantone-silhouette-512-gb/p/itm296e356d06dfe?pid=MOBHNSA6EXSZXYUH&lid=LSTMOBHNSA6EXSZXYUHIGVMTN&marketplace=FLIPKART&q=smart+phones&store=tyy%2F4io&srno=s_7_161&otracker=search&fm=organic&iid=67d11190-5dae-40a1-b4a9-af669d4c58c8.MOBHNSA6EXSZXYUH.SEARCH&ppt=None&ppn=None&ssid=5frbh7md740000001790412280238&qH=a5594894156db043&ov_redirect=true,2026-09-26
162,"Samsung Galaxy M17 5G (Sapphire Black, 128 GB)",Samsung,21796,27999,22% off,4.3,"2,013",130,6 GB RAM,128 GB ROM,5000 mAh Battery,,17.02 cm (6.7 inch) Display,50MP Rear Camera,,https://www.flipkart.com/samsung-galaxy-m17-5g-sapphire-black-128-gb/p/itmc3b8f7b511eca?pid=MOBHGU9DVYJBZGCN&lid=LSTMOBHGU9DVYJBZGCN8M8KDT&marketplace=FLIPKART&q=smart+phones&store=tyy%2F4io&srno=s_7_162&otracker=search&fm=organic&iid=67d11190-5dae-40a1-b4a9-af669d4c58c8.MOBHGU9DVYJBZGCN.SEARCH&ppt=None&ppn=None&ssid=5frbh7md740000001790412280238&qH=a5594894156db043&ov_redirect=true,2026-09-26
163,"Samsung Galaxy M17 5G (Moonlight Silver, 128 GB)",Samsung,18974,20999,9% off,4.1,"5,090",455,4 GB RAM,128 GB ROM,5000 mAh Battery,,17.02 cm (6.7 inch) Display,50MP Rear Camera,,https://www.flipkart.com/samsung-galaxy-m17-5g-moonlight-silver-128-gb/p/itmc3b8f7b511eca?pid=MOBHGU9DUNFWUJ8W&lid=LSTMOBHGU9DUNFWUJ8WJ0ZMRV&marketplace=FLIPKART&q=smart+phones&store=tyy%2F4io&srno=s_7_163&otracker=search&fm=organic&iid=67d11190-5dae-40a1-b4a9-af669d4c58c8.MOBHGU9DUNFWUJ8W.SEARCH&ppt=None&ppn=None&ssid=5frbh7md740000001790412280238&qH=a5594894156db043&ov_redirect=true,2026-09-26
164,"MOTOROLA Edge 70 Fusion (Pantone COUNTRY AIR, 512 GB)",MOTOROLA,38999,64999,40% off,4.3,"6,660",736,12 GB RAM,512 GB ROM,7000 mAh Battery,Snapdragon 7s Gen 4 Processor,17.27 cm (6.8 inch) Super HD Display,50MP + 13MP | 32MP Front Camera,,https://www.flipkart.com/motorola-edge-70-fusion-pantone-country-air-512-gb/p/itmde5ddcbb7c261?pid=MOBHNSA6ZRCZPWZE&lid=LSTMOBHNSA6ZRCZPWZEYKHMDG&marketplace=FLIPKART&q=smart+phones&store=tyy%2F4io&srno=s_7_164&otracker=search&fm=organic&iid=67d11190-5dae-40a1-b4a9-af669d4c58c8.MOBHNSA6ZRCZPWZE.SEARCH&ppt=None&ppn=None&ssid=5frbh7md740000001790412280238&qH=a5594894156db043&ov_redirect=true,2026-09-26
165,"Samsung Galaxy S24 Exynos 5G (Amber Yellow, 256 GB)",Samsung,55999,79999,30% off,4.5,"6,857",521,8 GB RAM,256 GB ROM,4000 mAh Battery,Exynos 2400 Processor,15.75 cm (6.2 inch) Full HD+ Display,50MP + 10MP + 12MP | 12MP Front Camera,,https://www.flipkart.com/samsung-galaxy-s24-exynos-5g-amber-yellow-256-gb/p/itm7eaf57c104b68?pid=MOBGX2F3TYAVSQJC&lid=LSTMOBGX2F3TYAVSQJCZEHPSQ&marketplace=FLIPKART&q=smart+phones&store=tyy%2F4io&srno=s_7_165&otracker=search&fm=organic&iid=67d11190-5dae-40a1-b4a9-af669d4c58c8.MOBGX2F3TYAVSQJC.SEARCH&ppt=None&ppn=None&ssid=5frbh7md740000001790412280238&qH=a5594894156db043&ov_redirect=true,2026-09-26
166,"realme Narzo 100 Lite 5G (Thunder Black, 128 GB)",realme,17999,27999,35% off,4.2,"1,470",73,4 GB RAM,128 GB ROM,7000 mAh Battery,,17.27 cm (6.8 inch) Display,13MP Rear Camera,,https://www.flipkart.com/realme-narzo-100-lite-5g-thunder-black-128-gb/p/itm659398bfe469c?pid=MOBHMZ3R29UXXKWF&lid=LSTMOBHMZ3R29UXXKWFRLIKSQ&marketplace=FLIPKART&q=smart+phones&store=tyy%2F4io&srno=s_7_166&otracker=search&fm=organic&iid=67d11190-5dae-40a1-b4a9-af669d4c58c8.MOBHMZ3R29UXXKWF.SEARCH&ppt=None&ppn=None&ssid=5frbh7md740000001790412280238&qH=a5594894156db043&ov_redirect=true,2026-09-26
167,"realme Narzo 100 Lite 5G (Frost Silver, 128 GB)",realme,17773,27999,36% off,4.2,"1,470",73,4 GB RAM,128 GB ROM,7000 mAh Battery,,17.27 cm (6.8 inch) Display,13MP Rear Camera,,https://www.flipkart.com/realme-narzo-100-lite-5g-frost-silver-128-gb/p/itm659398bfe469c?pid=MOBHMZ3UF6EHPUSW&lid=LSTMOBHMZ3UF6EHPUSWNAURFF&marketplace=FLIPKART&q=smart+phones&store=tyy%2F4io&srno=s_7_167&otracker=search&fm=organic&iid=67d11190-5dae-40a1-b4a9-af669d4c58c8.MOBHMZ3UF6EHPUSW.SEARCH&ppt=None&ppn=None&ssid=5frbh7md740000001790412280238&qH=a5594894156db043&ov_redirect=true,2026-09-26
168,"REDMI A7 (Sky Blue, 64 GB)",REDMI,12993,25999,50% off,4,221,12,3 GB RAM,64 GB ROM,5200 mAh Lithium-Ion Battery,T7250 Processor,17.48 cm (6.88 $inch) HD+ Display,13MP Rear Camera | 8MP Front Camera,,https://www.flipkart.com/redmi-a7-sky-blue-64-gb/p/itme748dd94e76d7?pid=MOBHN3M5ZNWMM7Q8&lid=LSTMOBHN3M5ZNWMM7Q8MXW5MY&marketplace=FLIPKART&q=smart+phones&store=tyy%2F4io&srno=s_7_168&otracker=search&fm=organic&iid=67d11190-5dae-40a1-b4a9-af669d4c58c8.MOBHN3M5ZNWMM7Q8.SEARCH&ppt=None&ppn=None&ssid=5frbh7md740000001790412280238&qH=a5594894156db043&ov_redirect=true,2026-09-26
169,"OnePlus Nord CE6 (Lunar Pearl, 128 GB)",OnePlus,36695,40999,10% off,4.5,"1,318",98,8 GB RAM,128 GB ROM,8000 mAh Battery,Qualcomm® Snapdragon™ 7s Gen 4 Processor,17.22 cm (6.78 inch) Full HD+ Display,50MP Rear Camera | 2MP Front Camera,,https://www.flipkart.com/oneplus-nord-ce6-lunar-pearl-128-gb/p/itmd7b224b18cb05?pid=MOBHN82GBZSGMDE4&lid=LSTMOBHN82GBZSGMDE4GLLHQ3&marketplace=FLIPKART&q=smart+phones&store=tyy%2F4io&srno=s_8_169&otracker=search&fm=organic&iid=44c4210e-cef0-4271-b87e-11736b48ad45.MOBHN82GBZSGMDE4.SEARCH&ppt=None&ppn=None&ssid=fts1mwjvzk0000001790412283019&qH=a5594894156db043&ov_redirect=true,2026-09-26
170,"LAVA Bold N1 5G (Champagne Gold, 64 GB)",LAVA,11999,14999,20% off,4,"1,202",105,4 GB RAM,64 GB ROM,5000 mAh Li-ion Battery,T765 Octa-core Processor Processor,17.14 cm (6.75 inch) HD+ Display,13MP Rear Camera | 5MP Front Camera,,https://www.flipkart.com/lava-bold-n1-5g-champagne-gold-64-gb/p/itmf3a647b98bd0f?pid=MOBHMP9R5QUMMPN9&lid=LSTMOBHMP9R5QUMMPN9NWRS4A&marketplace=FLIPKART&q=smart+phones&store=tyy%2F4io&srno=s_8_170&otracker=search&fm=organic&iid=44c4210e-cef0-4271-b87e-11736b48ad45.MOBHMP9R5QUMMPN9.SEARCH&ppt=None&ppn=None&ssid=fts1mwjvzk0000001790412283019&qH=a5594894156db043&ov_redirect=true,2026-09-26
171,"Samsung Galaxy M17e 5G (Blitz Blue, 128 GB)",Samsung,17998,18999,5% off,4.1,79,8,4 GB RAM,128 GB ROM,6000 mAh Battery,Dimensity 6300 Processor,17.02 cm (6.7 inch) HD+ Display,50MP Rear Camera | 8MP Front Camera,,https://www.flipkart.com/samsung-galaxy-m17e-5g-blitz-blue-128-gb/p/itm94d52438549d6?pid=MOBHHTAUEZHBNGAQ&lid=LSTMOBHHTAUEZHBNGAQYMGE5T&marketplace=FLIPKART&q=smart+phones&store=tyy%2F4io&srno=s_8_171&otracker=search&fm=organic&iid=44c4210e-cef0-4271-b87e-11736b48ad45.MOBHHTAUEZHBNGAQ.SEARCH&ppt=None&ppn=None&ssid=fts1mwjvzk0000001790412283019&qH=a5594894156db043&ov_redirect=true,2026-09-26
172,"Samsung Galaxy M17e 5G (Blitz Blue, 128 GB)",Samsung,18884,18999,,4,38,3,6 GB RAM,128 GB ROM,6000 mAh Battery,Dimensity 6300 Processor,17.02 cm (6.7 inch) HD+ Display,50MP Rear Camera | 8MP Front Camera,,https://www.flipkart.com/samsung-galaxy-m17e-5g-blitz-blue-128-gb/p/itm94d52438549d6?pid=MOBHHTAUAWURCBGQ&lid=LSTMOBHHTAUAWURCBGQNTAWIL&marketplace=FLIPKART&q=smart+phones&store=tyy%2F4io&srno=s_8_172&otracker=search&fm=organic&iid=44c4210e-cef0-4271-b87e-11736b48ad45.MOBHHTAUAWURCBGQ.SEARCH&ppt=None&ppn=None&ssid=fts1mwjvzk0000001790412283019&qH=a5594894156db043&ov_redirect=true,2026-09-26
173,"Tecno Pova Curve 2 5G (Storm Titanium, 128 GB)",Tecno,31999,,,4.1,392,55,8 GB RAM,128 GB ROM,8000 mAh Lithium Polymer Battery,,17.22 cm (6.78 inch) Full HD+ AMOLED Display,50MP + 2MP | 13MP Front Camera,,https://www.flipkart.com/tecno-pova-curve-2-5g-storm-titanium-128-gb/p/itm1160d6853298d?pid=MOBHK67SJBVWVG4R&lid=LSTMOBHK67SJBVWVG4RT9H7MK&marketplace=FLIPKART&q=smart+phones&store=tyy%2F4io&srno=s_8_173&otracker=search&fm=organic&iid=44c4210e-cef0-4271-b87e-11736b48ad45.MOBHK67SJBVWVG4R.SEARCH&ppt=None&ppn=None&ssid=fts1mwjvzk0000001790412283019&qH=a5594894156db043&ov_redirect=true,2026-09-26
174,"POCO C85x 5G (Sunset Gold, 64 GB)",POCO,14999,20999,28% off,4.1,"5,599",776,4 GB RAM,64 GB ROM,6300 mAh Lithium-Ion Polymer Battery,T8300 Processor,17.53 cm (6.9 inch) HD+ Display,32MP Rear Camera,,https://www.flipkart.com/poco-c85x-5g-sunset-gold-64-gb/p/itm09453073b3b2e?pid=MOBHMGG5PYZRFMKU&lid=LSTMOBHMGG5PYZRFMKUWRLUZB&marketplace=FLIPKART&q=smart+phones&store=tyy%2F4io&srno=s_8_174&otracker=search&fm=organic&iid=44c4210e-cef0-4271-b87e-11736b48ad45.MOBHMGG5PYZRFMKU.SEARCH&ppt=None&ppn=None&ssid=fts1mwjvzk0000001790412283019&qH=a5594894156db043&ov_redirect=true,2026-09-26
175,"realme Narzo 100 Lite 5G (Thunder Black, 64 GB)",realme,17000,24999,31% off,4.2,"1,470",73,4 GB RAM,64 GB ROM,7000 mAh Battery,,17.27 cm (6.8 inch) Display,13MP Rear Camera,,https://www.flipkart.com/realme-narzo-100-lite-5g-thunder-black-64-gb/p/itm659398bfe469c?pid=MOBHMZ3QKKTHQW7M&lid=LSTMOBHMZ3QKKTHQW7MVO3LIN&marketplace=FLIPKART&q=smart+phones&store=tyy%2F4io&srno=s_8_175&otracker=search&fm=organic&iid=44c4210e-cef0-4271-b87e-11736b48ad45.MOBHMZ3QKKTHQW7M.SEARCH&ppt=None&ppn=None&ssid=fts1mwjvzk0000001790412283019&qH=a5594894156db043&ov_redirect=true,2026-09-26
176,"REDMI Note 14 Pro 5G (Champagne Gold, 256 GB)",REDMI,27500,30999,11% off,4.3,"6,724",505,8 GB RAM,256 GB ROM,5500 mAh Battery,Dimensity 7300 Ultra Processor,16.94 cm (6.67 inch) Display,50MP + 8MP + 2MP | 20MP Front Camera,,https://www.flipkart.com/redmi-note-14-pro-5g-champagne-gold-256-gb/p/itmedd69c194a9dc?pid=MOBHDDQKFPCHQV9B&lid=LSTMOBHDDQKFPCHQV9BF7SAJG&marketplace=FLIPKART&q=smart+phones&store=tyy%2F4io&srno=s_8_176&otracker=search&fm=organic&iid=44c4210e-cef0-4271-b87e-11736b48ad45.MOBHDDQKFPCHQV9B.SEARCH&ppt=None&ppn=None&ssid=fts1mwjvzk0000001790412283019&qH=a5594894156db043&ov_redirect=true,2026-09-26
177,"Ai+ Nova 2 5G (Pink, 128 GB)",Ai+,14999,,,4.1,"5,747",443,6 GB RAM,128 GB ROM,6000 mAh Battery,T8200 Processor,17.13 cm (6.745 inch) HD+ Display,50MP Rear Camera | 8MP Front Camera,,https://www.flipkart.com/ai-nova-2-5g-pink-128-gb/p/itmbd28a3a7358d7?pid=MOBHKHPYZR8MAGHF&lid=LSTMOBHKHPYZR8MAGHFWJXJNF&marketplace=FLIPKART&q=smart+phones&store=tyy%2F4io&srno=s_8_177&otracker=search&fm=organic&iid=44c4210e-cef0-4271-b87e-11736b48ad45.MOBHKHPYZR8MAGHF.SEARCH&ppt=None&ppn=None&ssid=fts1mwjvzk0000001790412283019&qH=a5594894156db043&ov_redirect=true,2026-09-26
178,"realme Narzo 100 Lite 5G (Frost Silver, 128 GB)",realme,21290,31999,33% off,4.2,166,14,6 GB RAM,128 GB ROM,7000 mAh Battery,,17.27 cm (6.8 inch) Display,13MP Rear Camera,,https://www.flipkart.com/realme-narzo-100-lite-5g-frost-silver-128-gb/p/itm659398bfe469c?pid=MOBHMZ3QYVFHZCAH&lid=LSTMOBHMZ3QYVFHZCAHLNTJL3&marketplace=FLIPKART&q=smart+phones&store=tyy%2F4io&srno=s_8_178&otracker=search&fm=organic&iid=44c4210e-cef0-4271-b87e-11736b48ad45.MOBHMZ3QYVFHZCAH.SEARCH&ppt=None&ppn=None&ssid=fts1mwjvzk0000001790412283019&qH=a5594894156db043&ov_redirect=true,2026-09-26
179,"realme Narzo 100 Lite 5G (Thunder Black, 128 GB)",realme,21255,31999,33% off,4.2,166,14,6 GB RAM,128 GB ROM,7000 mAh Battery,,17.27 cm (6.8 inch) Display,13MP Rear Camera,,https://www.flipkart.com/realme-narzo-100-lite-5g-thunder-black-128-gb/p/itm659398bfe469c?pid=MOBHMZ3TERMJ7F2Z&lid=LSTMOBHMZ3TERMJ7F2ZZKJ05Z&marketplace=FLIPKART&q=smart+phones&store=tyy%2F4io&srno=s_8_179&otracker=search&fm=organic&iid=44c4210e-cef0-4271-b87e-11736b48ad45.MOBHMZ3TERMJ7F2Z.SEARCH&ppt=None&ppn=None&ssid=fts1mwjvzk0000001790412283019&qH=a5594894156db043&ov_redirect=true,2026-09-26
180,"realme Narzo 100 Lite 5G (Frost Silver, 64 GB)",realme,16810,24999,32% off,4.2,"1,470",73,4 GB RAM,64 GB ROM,7000 mAh Battery,Dimensity 6300 MT6835 Processor,17.27 cm (6.8 inch) HD+ Display,13MP Rear Camera | 5MP Front Camera,,https://www.flipkart.com/realme-narzo-100-lite-5g-frost-silver-64-gb/p/itm659398bfe469c?pid=MOBHMZ3SPJZGNYQR&lid=LSTMOBHMZ3SPJZGNYQRIAWZBZ&marketplace=FLIPKART&q=smart+phones&store=tyy%2F4io&srno=s_8_180&otracker=search&fm=organic&iid=44c4210e-cef0-4271-b87e-11736b48ad45.MOBHMZ3SPJZGNYQR.SEARCH&ppt=None&ppn=None&ssid=fts1mwjvzk0000001790412283019&qH=a5594894156db043&ov_redirect=true,2026-09-26
181,"realme 15 5G (Flowing Silver, 256 GB)",realme,31999,,,4.4,"11,359","1,220",8 GB RAM,256 GB ROM,7000 mAh Battery,Mediatek Dimensity 7300+ 5G Processor,17.27 cm (6.8 inch) Full HD+ AMOLED Display,50MP + 8MP | 50MP Front Camera,5G,https://www.flipkart.com/realme-15-5g-flowing-silver-256-gb/p/itme9581fbd0e97a?pid=MOBHDUKFVXWQKMPS&lid=LSTMOBHDUKFVXWQKMPS2WNAQE&marketplace=FLIPKART&q=smart+phones&store=tyy%2F4io&srno=s_8_181&otracker=search&fm=organic&iid=44c4210e-cef0-4271-b87e-11736b48ad45.MOBHDUKFVXWQKMPS.SEARCH&ppt=None&ppn=None&ssid=fts1mwjvzk0000001790412283019&qH=a5594894156db043&ov_redirect=true,2026-09-26
182,"realme 15 5G (Velvet Green, 256 GB)",realme,31999,,,4.4,"11,359","1,220",8 GB RAM,256 GB ROM,7000 mAh Battery,Mediatek Dimensity 7300+ 5G Processor,17.27 cm (6.8 inch) Display,50MP + 8MP | 50MP Front Camera,5G,https://www.flipkart.com/realme-15-5g-velvet-green-256-gb/p/itme9581fbd0e97a?pid=MOBHDUKFHZJFVZXG&lid=LSTMOBHDUKFHZJFVZXGABNNHR&marketplace=FLIPKART&q=smart+phones&store=tyy%2F4io&srno=s_8_182&otracker=search&fm=organic&iid=44c4210e-cef0-4271-b87e-11736b48ad45.MOBHDUKFHZJFVZXG.SEARCH&ppt=None&ppn=None&ssid=fts1mwjvzk0000001790412283019&qH=a5594894156db043&ov_redirect=true,2026-09-26
183,"realme 15 5G (Silk Pink, 128 GB)",realme,29999,,,4.4,"11,359","1,220",8 GB RAM,128 GB ROM,7000 mAh Battery,Mediatek Dimensity 7300+ 5G Processor,17.27 cm (6.8 inch) Full HD+ Display,50MP + 8MP | 50MP Front Camera,5G,https://www.flipkart.com/realme-15-5g-silk-pink-128-gb/p/itme9581fbd0e97a?pid=MOBHDUKFCAYHHEPN&lid=LSTMOBHDUKFCAYHHEPNV0U5CZ&marketplace=FLIPKART&q=smart+phones&store=tyy%2F4io&srno=s_8_183&otracker=search&fm=organic&iid=44c4210e-cef0-4271-b87e-11736b48ad45.MOBHDUKFCAYHHEPN.SEARCH&ppt=None&ppn=None&ssid=fts1mwjvzk0000001790412283019&qH=a5594894156db043&ov_redirect=true,2026-09-26
184,"realme 15 5G (Velvet Green, 128 GB)",realme,29999,,,4.4,"11,359","1,220",8 GB RAM,128 GB ROM,7000 mAh Battery,Mediatek Dimensity 7300+ 5G Processor,17.27 cm (6.8 inch) Full HD+ Display,50MP + 8MP | 50MP Front Camera,5G,https://www.flipkart.com/realme-15-5g-velvet-green-128-gb/p/itme9581fbd0e97a?pid=MOBHDUKFAKEGZWJK&lid=LSTMOBHDUKFAKEGZWJKJXGD9L&marketplace=FLIPKART&q=smart+phones&store=tyy%2F4io&srno=s_8_184&otracker=search&fm=organic&iid=44c4210e-cef0-4271-b87e-11736b48ad45.MOBHDUKFAKEGZWJK.SEARCH&ppt=None&ppn=None&ssid=fts1mwjvzk0000001790412283019&qH=a5594894156db043&ov_redirect=true,2026-09-26
185,"Tecno Pova Curve 2 5G (Mystic Purple, 128 GB)",Tecno,31999,,,4.1,392,55,8 GB RAM,128 GB ROM,8000 mAh Lithium Polymer Battery,,17.22 cm (6.78 inch) Full HD+ AMOLED Display,50MP + 2MP | 13MP Front Camera,,https://www.flipkart.com/tecno-pova-curve-2-5g-mystic-purple-128-gb/p/itm1160d6853298d?pid=MOBHK67SYBZBUMKW&lid=LSTMOBHK67SYBZBUMKWSRFJQI&marketplace=FLIPKART&q=smart+phones&store=tyy%2F4io&srno=s_8_185&otracker=search&fm=organic&iid=44c4210e-cef0-4271-b87e-11736b48ad45.MOBHK67SYBZBUMKW.SEARCH&ppt=None&ppn=None&ssid=fts1mwjvzk0000001790412283019&qH=a5594894156db043&ov_redirect=true,2026-09-26
186,"Ai+ Nova 2 Pro 5G (Black, 128 GB)",Ai+,17999,21999,18% off,4,"2,278",268,6 GB RAM,128 GB ROM,6000 mAh Li-polymer Battery,Dimensity 7100 Processor,17.53 cm (6.9 inch) Full HD+ Display,48MP Rear Camera | 13MP Front Camera,,https://www.flipkart.com/ai-nova-2-pro-5g-black-128-gb/p/itmacb10a3dd51c6?pid=MOBHZ8ZM8BUGCJDQ&lid=LSTMOBHZ8ZM8BUGCJDQGHBPRS&marketplace=FLIPKART&q=smart+phones&store=tyy%2F4io&srno=s_8_186&otracker=search&fm=organic&iid=44c4210e-cef0-4271-b87e-11736b48ad45.MOBHZ8ZM8BUGCJDQ.SEARCH&ppt=None&ppn=None&ssid=fts1mwjvzk0000001790412283019&qH=a5594894156db043&ov_redirect=true,2026-09-26
187,"Tecno Pova Curve 2 5G (Melting Silver, 128 GB)",Tecno,31999,,,4.1,392,55,8 GB RAM,128 GB ROM,8000 mAh Lithium Polymer Battery,,17.22 cm (6.78 inch) Full HD+ AMOLED Display,50MP + 2MP | 13MP Front Camera,,https://www.flipkart.com/tecno-pova-curve-2-5g-melting-silver-128-gb/p/itm1160d6853298d?pid=MOBHK67S4B7QR4ZG&lid=LSTMOBHK67S4B7QR4ZGEIKHUT&marketplace=FLIPKART&q=smart+phones&store=tyy%2F4io&srno=s_8_187&otracker=search&fm=organic&iid=44c4210e-cef0-4271-b87e-11736b48ad45.MOBHK67S4B7QR4ZG.SEARCH&ppt=None&ppn=None&ssid=fts1mwjvzk0000001790412283019&qH=a5594894156db043&ov_redirect=true,2026-09-26
188,"realme GT 7T (Racing Yellow, 256 GB)",realme,34499,42999,19% off,4.4,"5,344",709,12 GB RAM,256 GB ROM,7000 mAh Li-ion Battery,Dimensity 8400-MAX Processor,17.27 cm (6.8 inch) Full HD+ AMOLED Display,50MP + 8MP | 32MP Front Camera,,https://www.flipkart.com/realme-gt-7t-racing-yellow-256-gb/p/itmda26d662ee28e?pid=MOBHFQ6DSMZZDYZG&lid=LSTMOBHFQ6DSMZZDYZGJFCU50&marketplace=FLIPKART&q=smart+phones&store=tyy%2F4io&srno=s_8_188&otracker=search&fm=organic&iid=44c4210e-cef0-4271-b87e-11736b48ad45.MOBHFQ6DSMZZDYZG.SEARCH&ppt=None&ppn=None&ssid=fts1mwjvzk0000001790412283019&qH=a5594894156db043&ov_redirect=true,2026-09-26
189,"Samsung Galaxy A56 5G (Awesome Olive, 256 GB)",Samsung,39999,48999,18% off,4.4,"1,021",80,8 GB RAM,256 GB ROM,5000 mAh Battery,Samsung Exynos 1580 Processor,17.02 cm (6.7 inch) Full HD+ Display,50MP + 12MP + 5MP | 12MP Front Camera,,https://www.flipkart.com/samsung-galaxy-a56-5g-awesome-olive-256-gb/p/itm7e0f6a3b05352?pid=MOBH9RNGFAS4SU4U&lid=LSTMOBH9RNGFAS4SU4UZLJK4M&marketplace=FLIPKART&q=smart+phones&store=tyy%2F4io&srno=s_8_189&otracker=search&fm=organic&iid=44c4210e-cef0-4271-b87e-11736b48ad45.MOBH9RNGFAS4SU4U.SEARCH&ppt=None&ppn=None&ssid=fts1mwjvzk0000001790412283019&qH=a5594894156db043&ov_redirect=true,2026-09-26
190,"realme P4 Pro 5G (Midnight Ivy, 256 GB)",realme,30999,,,4.4,"22,495","2,205",8 GB RAM,256 GB ROM,7000 mAh Battery,Snapdragon 7 Gen 4 Mobile Processor,17.27 cm (6.8 inch) Full HD+ Display,50MP + 8MP | 50MP Front Camera,,https://www.flipkart.com/realme-p4-pro-5g-midnight-ivy-256-gb/p/itme41a54752cc21?pid=MOBHERXK3YKZUWWZ&lid=LSTMOBHERXK3YKZUWWZM7IFIN&marketplace=FLIPKART&q=smart+phones&store=tyy%2F4io&srno=s_8_190&otracker=search&fm=organic&iid=44c4210e-cef0-4271-b87e-11736b48ad45.MOBHERXK3YKZUWWZ.SEARCH&ppt=None&ppn=None&ssid=fts1mwjvzk0000001790412283019&qH=a5594894156db043&ov_redirect=true,2026-09-26
191,"realme P4 Pro 5G (Birch Wood, 256 GB)",realme,30999,,,4.4,"22,495","2,205",8 GB RAM,256 GB ROM,7000 mAh Battery,Snapdragon 7 Gen 4 Mobile Processor,17.27 cm (6.8 inch) Full HD+ Display,50MP + 8MP | 50MP Front Camera,,https://www.flipkart.com/realme-p4-pro-5g-birch-wood-256-gb/p/itme41a54752cc21?pid=MOBHERXKVQED7HGC&lid=LSTMOBHERXKVQED7HGC54DD1I&marketplace=FLIPKART&q=smart+phones&store=tyy%2F4io&srno=s_8_191&otracker=search&fm=organic&iid=44c4210e-cef0-4271-b87e-11736b48ad45.MOBHERXKVQED7HGC.SEARCH&ppt=None&ppn=None&ssid=fts1mwjvzk0000001790412283019&qH=a5594894156db043&ov_redirect=true,2026-09-26
192,"Google Pixel 11 (Pistachio, 256 GB)",Google,89999,,,4.5,364,65,12 GB RAM,256 GB ROM,4985 mAh Lithium Battery,Tensor G6 Processor,16.0 cm (6.3 inch) Actua Display,48MP + 13MP + 10.8MP | 10.5MP Front Camera,,https://www.flipkart.com/google-pixel-11-pistachio-256-gb/p/itmbe84c3bbcd190?pid=MOBHPHNVKY9PHBXD&lid=LSTMOBHPHNVKY9PHBXD7J5Y4X&marketplace=FLIPKART&q=smart+phones&store=tyy%2F4io&srno=s_8_192&otracker=search&fm=organic&iid=44c4210e-cef0-4271-b87e-11736b48ad45.MOBHPHNVKY9PHBXD.SEARCH&ppt=None&ppn=None&ssid=fts1mwjvzk0000001790412283019&qH=a5594894156db043&ov_redirect=true,2026-09-26
193,"REDMI 15C 5G (Dusk Purple, 128 GB)",REDMI,21879,33999,35% off,4.3,479,44,8 GB RAM,128 GB ROM,6000 mAh Battery,,17.53 cm (6.9 inch) Display,50MP Rear Camera,,https://www.flipkart.com/redmi-15c-5g-dusk-purple-128-gb/p/itmc1345bb45eef3?pid=MOBHGGZ2AASSW7RG&lid=LSTMOBHGGZ2AASSW7RGRKJPFC&marketplace=FLIPKART&q=smart+phones&store=tyy%2F4io&srno=s_9_193&otracker=search&fm=organic&iid=d817c8be-a183-4cab-be3f-b52328763767.MOBHGGZ2AASSW7RG.SEARCH&ppt=None&ppn=None&ssid=5sjm1i1xk00000001790412285755&qH=a5594894156db043&ov_redirect=true,2026-09-26
194,"realme P3 Ultra 5G (Neptune Blue, 256 GB)",realme,28999,33999,14% off,4.4,"22,113","2,557",8 GB RAM,256 GB ROM,6000 mAh Battery,Dimensity 8350 Ultra Processor,17.35 cm (6.83 inch) Full HD+ Display,50MP + 8MP | 16MP Front Camera,,https://www.flipkart.com/realme-p3-ultra-5g-neptune-blue-256-gb/p/itm50171223b4a05?pid=MOBHAYKEBGFUXNQV&lid=LSTMOBHAYKEBGFUXNQVLAWPKP&marketplace=FLIPKART&q=smart+phones&store=tyy%2F4io&srno=s_9_194&otracker=search&fm=organic&iid=d817c8be-a183-4cab-be3f-b52328763767.MOBHAYKEBGFUXNQV.SEARCH&ppt=None&ppn=None&ssid=5sjm1i1xk00000001790412285755&qH=a5594894156db043&ov_redirect=true,2026-09-26
195,"POCO X8 Pro (White, 256 GB)",POCO,42999,52999,18% off,4.4,"1,220",205,12 GB RAM,256 GB ROM,6500 mAh Lithium-Ion Polymer With Silicon Carbon Technology Battery,Dimensity 8500-Ultra Processor,16.74 cm (6.59 inch) Full HD+ AMOLED Display,50MP + 8MP | 20MP Front Camera,,https://www.flipkart.com/poco-x8-pro-white-256-gb/p/itm1ec9163203374?pid=MOBHMGG5WDBZG8GM&lid=LSTMOBHMGG5WDBZG8GMASZ5EU&marketplace=FLIPKART&q=smart+phones&store=tyy%2F4io&srno=s_9_195&otracker=search&fm=organic&iid=d817c8be-a183-4cab-be3f-b52328763767.MOBHMGG5WDBZG8GM.SEARCH&ppt=None&ppn=None&ssid=5sjm1i1xk00000001790412285755&qH=a5594894156db043&ov_redirect=true,2026-09-26
196,"Samsung Galaxy A17 5G (Gray, 256 GB)",Samsung,32445,41999,22% off,4.3,"2,222",211,8 GB RAM,256 GB ROM,5000 mAh Battery,Samsung Exynos 1330 Processor,17.02 cm (6.7 inch) Full HD+ Display,50MP + 5MP + 2MP | 13MP Front Camera,,https://www.flipkart.com/samsung-galaxy-a17-5g-gray-256-gb/p/itm9b0b7e6d52859?pid=MOBHGVECGMDU2DZV&lid=LSTMOBHGVECGMDU2DZVWO8GYI&marketplace=FLIPKART&q=smart+phones&store=tyy%2F4io&srno=s_9_196&otracker=search&fm=organic&iid=d817c8be-a183-4cab-be3f-b52328763767.MOBHGVECGMDU2DZV.SEARCH&ppt=None&ppn=None&ssid=5sjm1i1xk00000001790412285755&qH=a5594894156db043&ov_redirect=true,2026-09-26
197,"Ai+ Nova 2 Pro 5G (Green, 128 GB)",Ai+,17999,21999,18% off,4,"2,278",268,6 GB RAM,128 GB ROM,6000 mAh Li-polymer Battery,Dimensity 7100 Processor,17.53 cm (6.9 inch) Full HD+ Display,48MP Rear Camera | 13MP Front Camera,,https://www.flipkart.com/ai-nova-2-pro-5g-green-128-gb/p/itma368934ad2791?pid=MOBHZ8ZMBGAXGJTE&lid=LSTMOBHZ8ZMBGAXGJTE4LQRH6&marketplace=FLIPKART&q=smart+phones&store=tyy%2F4io&srno=s_9_197&otracker=search&fm=organic&iid=d817c8be-a183-4cab-be3f-b52328763767.MOBHZ8ZMBGAXGJTE.SEARCH&ppt=None&ppn=None&ssid=5sjm1i1xk00000001790412285755&qH=a5594894156db043&ov_redirect=true,2026-09-26
198,"vivo T5 5G (Silver Green, 256 GB)",vivo,49999,69999,28% off,4.6,29,2,12 GB RAM,256 GB ROM,7050 mAh Li-ion Battery,Dimensity 7500 Processor,17.35 cm (6.83 inch) Full HD+ AMOLED Display,50MP + 8MP | 32MP Front Camera,,https://www.flipkart.com/vivo-t5-5g-silver-green-256-gb/p/itm8fa150d1fa2d2?pid=MOBHQC8DVP7HMWV3&lid=LSTMOBHQC8DVP7HMWV388TX9H&marketplace=FLIPKART&q=smart+phones&store=tyy%2F4io&srno=s_9_198&otracker=search&fm=organic&iid=d817c8be-a183-4cab-be3f-b52328763767.MOBHQC8DVP7HMWV3.SEARCH&ppt=None&ppn=None&ssid=5sjm1i1xk00000001790412285755&qH=a5594894156db043&ov_redirect=true,2026-09-26
199,"MOTOROLA Edge 60 Pro (Pantone Dazzling Blue, 256 GB)",MOTOROLA,33999,40999,17% off,4.3,"18,598","1,861",12 GB RAM,256 GB ROM,6000 mAh Battery,Dimensity 8350 Processor,17.02 cm (6.7 inch) Full HD+ Display,50MP + 50MP + 10MP | 50MP Front Camera,,https://www.flipkart.com/motorola-edge-60-pro-pantone-dazzling-blue-256-gb/p/itm8b5ec986e4399?pid=MOBH9C9JBBC8GDG3&lid=LSTMOBH9C9JBBC8GDG3BRTXMW&marketplace=FLIPKART&q=smart+phones&store=tyy%2F4io&srno=s_9_199&otracker=search&fm=organic&iid=d817c8be-a183-4cab-be3f-b52328763767.MOBH9C9JBBC8GDG3.SEARCH&ppt=None&ppn=None&ssid=5sjm1i1xk00000001790412285755&qH=a5594894156db043&ov_redirect=true,2026-09-26
200,"LAVA Virat V1 5G (Arya Blue, 64 GB)",LAVA,13499,15999,15% off,4,979,163,4 GB RAM,64 GB ROM,6000 mAh Battery,,17.14 cm (6.75 inch) Display,13MP Rear Camera,,https://www.flipkart.com/lava-virat-v1-5g-arya-blue-64-gb/p/itm3ccc431ccf8aa?pid=MOBHZGPPCXREAUTN&lid=LSTMOBHZGPPCXREAUTNMMPA86&marketplace=FLIPKART&q=smart+phones&store=tyy%2F4io&srno=s_9_200&otracker=search&fm=organic&iid=d817c8be-a183-4cab-be3f-b52328763767.MOBHZGPPCXREAUTN.SEARCH&ppt=None&ppn=None&ssid=5sjm1i1xk00000001790412285755&qH=a5594894156db043&ov_redirect=true,2026-09-26
201,"LAVA Virat V1 5G (Sonar Gold, 64 GB)",LAVA,13499,15999,15% off,4,979,163,4 GB RAM,64 GB ROM,6000 mAh Battery,,17.14 cm (6.75 inch) Display,13MP Rear Camera,,https://www.flipkart.com/lava-virat-v1-5g-sonar-gold-64-gb/p/itm3ccc431ccf8aa?pid=MOBHZGPPZAGBEKG3&lid=LSTMOBHZGPPZAGBEKG3ZIPC4T&marketplace=FLIPKART&q=smart+phones&store=tyy%2F4io&srno=s_9_201&otracker=search&fm=organic&iid=d817c8be-a183-4cab-be3f-b52328763767.MOBHZGPPZAGBEKG3.SEARCH&ppt=None&ppn=None&ssid=5sjm1i1xk00000001790412285755&qH=a5594894156db043&ov_redirect=true,2026-09-26
202,"realme 15 5G (Flowing Silver, 128 GB)",realme,29999,,,4.4,"11,359","1,220",8 GB RAM,128 GB ROM,7000 mAh Battery,Mediatek Dimensity 7300+ 5G Processor,17.27 cm (6.8 inch) Full HD+ Display,50MP + 8MP | 50MP Front Camera,5G,https://www.flipkart.com/realme-15-5g-flowing-silver-128-gb/p/itme9581fbd0e97a?pid=MOBHDUKFNGK33R2M&lid=LSTMOBHDUKFNGK33R2M8YALEU&marketplace=FLIPKART&q=smart+phones&store=tyy%2F4io&srno=s_9_202&otracker=search&fm=organic&iid=d817c8be-a183-4cab-be3f-b52328763767.MOBHDUKFNGK33R2M.SEARCH&ppt=None&ppn=None&ssid=5sjm1i1xk00000001790412285755&qH=a5594894156db043&ov_redirect=true,2026-09-26
203,"Tecno Pova Curve 2 5G (Storm Titanium, 256 GB)",Tecno,33999,34999,2% off,4.1,392,55,8 GB RAM,256 GB ROM,8000 mAh Lithium Polymer Battery,,17.22 cm (6.78 inch) Full HD+ AMOLED Display,50MP + 2MP | 13MP Front Camera,,https://www.flipkart.com/tecno-pova-curve-2-5g-storm-titanium-256-gb/p/itm1160d6853298d?pid=MOBHK67SZ8QXFEGC&lid=LSTMOBHK67SZ8QXFEGCAI9PHJ&marketplace=FLIPKART&q=smart+phones&store=tyy%2F4io&srno=s_9_203&otracker=search&fm=organic&iid=d817c8be-a183-4cab-be3f-b52328763767.MOBHK67SZ8QXFEGC.SEARCH&ppt=None&ppn=None&ssid=5sjm1i1xk00000001790412285755&qH=a5594894156db043&ov_redirect=true,2026-09-26
204,"realme P3 Ultra 5G (Glowing Lunar White, 128 GB)",realme,31999,,,4.4,"22,113","2,557",8 GB RAM,128 GB ROM,6000 mAh Battery,Dimensity 8350 Ultra Processor,17.35 cm (6.83 inch) Display,50MP + 8MP | 16MP Front Camera,,https://www.flipkart.com/realme-p3-ultra-5g-glowing-lunar-white-128-gb/p/itm50171223b4a05?pid=MOBHAYKEDGEJFGNF&lid=LSTMOBHAYKEDGEJFGNFTOWSN1&marketplace=FLIPKART&q=smart+phones&store=tyy%2F4io&srno=s_9_204&otracker=search&fm=organic&iid=d817c8be-a183-4cab-be3f-b52328763767.MOBHAYKEDGEJFGNF.SEARCH&ppt=None&ppn=None&ssid=5sjm1i1xk00000001790412285755&qH=a5594894156db043&ov_redirect=true,2026-09-26
205,"REDMI 15C 5G (Dusk Purple, 128 GB)",REDMI,19676,31999,38% off,4.2,674,48,6 GB RAM,128 GB ROM,6000 mAh Battery,,17.53 cm (6.9 inch) Display,50MP Rear Camera,,https://www.flipkart.com/redmi-15c-5g-dusk-purple-128-gb/p/itmc1345bb45eef3?pid=MOBHGGZ25C5SGQGE&lid=LSTMOBHGGZ25C5SGQGEH3XASY&marketplace=FLIPKART&q=smart+phones&store=tyy%2F4io&srno=s_9_205&otracker=search&fm=organic&iid=d817c8be-a183-4cab-be3f-b52328763767.MOBHGGZ25C5SGQGE.SEARCH&ppt=None&ppn=None&ssid=5sjm1i1xk00000001790412285755&qH=a5594894156db043&ov_redirect=true,2026-09-26
206,"REDMI 15C 5G (Midnight Black, 128 GB)",REDMI,21990,33999,35% off,4.3,479,44,8 GB RAM,128 GB ROM,6000 mAh Battery,,17.53 cm (6.9 inch) Display,50MP Rear Camera,,https://www.flipkart.com/redmi-15c-5g-midnight-black-128-gb/p/itmc1345bb45eef3?pid=MOBHGGZ228KHHPQC&lid=LSTMOBHGGZ228KHHPQCCUMI8S&marketplace=FLIPKART&q=smart+phones&store=tyy%2F4io&srno=s_9_206&otracker=search&fm=organic&iid=d817c8be-a183-4cab-be3f-b52328763767.MOBHGGZ228KHHPQC.SEARCH&ppt=None&ppn=None&ssid=5sjm1i1xk00000001790412285755&qH=a5594894156db043&ov_redirect=true,2026-09-26
207,"REDMI 15C 5G (Moonlight Blue, 128 GB)",REDMI,19850,31999,37% off,4.2,674,48,6 GB RAM,128 GB ROM,6000 mAh Battery,,17.53 cm (6.9 inch) Display,50MP Rear Camera,,https://www.flipkart.com/redmi-15c-5g-moonlight-blue-128-gb/p/itmc1345bb45eef3?pid=MOBHGGZ2YRHVYEGS&lid=LSTMOBHGGZ2YRHVYEGSZTV3ZQ&marketplace=FLIPKART&q=smart+phones&store=tyy%2F4io&srno=s_9_207&otracker=search&fm=organic&iid=d817c8be-a183-4cab-be3f-b52328763767.MOBHGGZ2YRHVYEGS.SEARCH&ppt=None&ppn=None&ssid=5sjm1i1xk00000001790412285755&qH=a5594894156db043&ov_redirect=true,2026-09-26
208,"vivo X200T (Stellar Black, 256 GB)",vivo,59999,80000,25% off,4.6,"9,603","1,853",12 GB RAM,256 GB ROM,6200 mAh Battery,Dimensity 9400+ Processor,16.94 cm (6.67 inch) Full HD+ AMOLED Display,50MP + 50MP + 50MP | 32MP Front Camera,,https://www.flipkart.com/vivo-x200t-stellar-black-256-gb/p/itm1b8452d68859b?pid=MOBHJK5MBRDS3GUQ&lid=LSTMOBHJK5MBRDS3GUQWMQNUP&marketplace=FLIPKART&q=smart+phones&store=tyy%2F4io&srno=s_9_208&otracker=search&fm=organic&iid=d817c8be-a183-4cab-be3f-b52328763767.MOBHJK5MBRDS3GUQ.SEARCH&ppt=None&ppn=None&ssid=5sjm1i1xk00000001790412285755&qH=a5594894156db043&ov_redirect=true,2026-09-26
209,"vivo X200T (Stellar Black, 512 GB)",vivo,69999,87999,20% off,4.6,"9,603","1,853",12 GB RAM,512 GB ROM,6200 mAh Battery,Dimensity 9400+ Processor,16.94 cm (6.67 inch) Full HD+ AMOLED Display,50MP + 50MP + 50MP | 32MP Front Camera,,https://www.flipkart.com/vivo-x200t-stellar-black-512-gb/p/itm1b8452d68859b?pid=MOBHJK5MWVU36Z9H&lid=LSTMOBHJK5MWVU36Z9HP6FRCI&marketplace=FLIPKART&q=smart+phones&store=tyy%2F4io&srno=s_9_209&otracker=search&fm=organic&iid=d817c8be-a183-4cab-be3f-b52328763767.MOBHJK5MWVU36Z9H.SEARCH&ppt=None&ppn=None&ssid=5sjm1i1xk00000001790412285755&qH=a5594894156db043&ov_redirect=true,2026-09-26
210,"vivo X200T (Seaside Lilac, 512 GB)",vivo,69999,87999,20% off,4.6,"9,603","1,853",12 GB RAM,512 GB ROM,6200 mAh Battery,Dimensity 9400+ Processor,16.94 cm (6.67 inch) Full HD+ AMOLED Display,50MP + 50MP + 50MP | 32MP Front Camera,,https://www.flipkart.com/vivo-x200t-seaside-lilac-512-gb/p/itm1b8452d68859b?pid=MOBHJK5MSMEHG5XS&lid=LSTMOBHJK5MSMEHG5XSJDE1VZ&marketplace=FLIPKART&q=smart+phones&store=tyy%2F4io&srno=s_9_210&otracker=search&fm=organic&iid=d817c8be-a183-4cab-be3f-b52328763767.MOBHJK5MSMEHG5XS.SEARCH&ppt=None&ppn=None&ssid=5sjm1i1xk00000001790412285755&qH=a5594894156db043&ov_redirect=true,2026-09-26
211,"Samsung M06 5G (Blazing Black, 128 GB)",Samsung,16990,16999,,4.1,"6,185",426,4 GB RAM,128 GB ROM,5000 mAh Battery,,17.02 cm (6.7 inch) Display,50MP Rear Camera,,https://www.flipkart.com/samsung-m06-5g-blazing-black-128-gb/p/itmcafa42dadc15c?pid=MOBH9UYF4GZXGWW6&lid=LSTMOBH9UYF4GZXGWW6MAZISQ&marketplace=FLIPKART&q=smart+phones&store=tyy%2F4io&srno=s_9_211&otracker=search&fm=organic&iid=d817c8be-a183-4cab-be3f-b52328763767.MOBH9UYF4GZXGWW6.SEARCH&ppt=None&ppn=None&ssid=5sjm1i1xk00000001790412285755&qH=a5594894156db043&ov_redirect=true,2026-09-26
212,"realme P4 Pro 5G (Birch Wood, 256 GB)",realme,32999,,,4.4,"5,097",524,12 GB RAM,256 GB ROM,7000 mAh Battery,Snapdragon 7 Gen 4 Mobile Processor,17.27 cm (6.8 inch) Full HD+ Display,50MP + 8MP | 50MP Front Camera,,https://www.flipkart.com/realme-p4-pro-5g-birch-wood-256-gb/p/itme41a54752cc21?pid=MOBHERXKUV3RGG5F&lid=LSTMOBHERXKUV3RGG5FX55ENJ&marketplace=FLIPKART&q=smart+phones&store=tyy%2F4io&srno=s_9_212&otracker=search&fm=organic&iid=d817c8be-a183-4cab-be3f-b52328763767.MOBHERXKUV3RGG5F.SEARCH&ppt=None&ppn=None&ssid=5sjm1i1xk00000001790412285755&qH=a5594894156db043&ov_redirect=true,2026-09-26
213,"Apple iPhone 18 Pro (Black, 256 GB)",Apple,164900,,,4.7,161,21,,,,"A20 Pro chip, 6 Core Processor Processor",16.0 cm (6.3 inch) Super Retina XDR Display,48MP + 48MP + 48MP | 18MP Front Camera,,https://www.flipkart.com/apple-iphone-18-pro-black-256-gb/p/itm63a95e8ef1485?pid=MOBHQT5QXWHHWVEQ&lid=LSTMOBHQT5QXWHHWVEQUK1HRN&marketplace=FLIPKART&q=smart+phones&store=tyy%2F4io&srno=s_9_213&otracker=search&fm=organic&iid=d817c8be-a183-4cab-be3f-b52328763767.MOBHQT5QXWHHWVEQ.SEARCH&ppt=None&ppn=None&ssid=5sjm1i1xk00000001790412285755&qH=a5594894156db043&ov_redirect=true,2026-09-26
214,"vivo T5 Pro 5G (Glacier Blue, 128 GB)",vivo,41999,55999,25% off,4.5,"9,855",956,8 GB RAM,128 GB ROM,9020 mAh Battery,Snapdragon 7s Gen 4 Processor,17.35 cm (6.83 inch) Full HD+ AMOLED Display,50MP + 2MP | 32MP Front Camera,,https://www.flipkart.com/vivo-t5-pro-5g-glacier-blue-128-gb/p/itma21e2e09d4493?pid=MOBHM4FZVHBWFRHM&lid=LSTMOBHM4FZVHBWFRHMUM8WSE&marketplace=FLIPKART&q=smart+phones&store=tyy%2F4io&srno=s_9_214&otracker=search&fm=organic&iid=d817c8be-a183-4cab-be3f-b52328763767.MOBHM4FZVHBWFRHM.SEARCH&ppt=None&ppn=None&ssid=5sjm1i1xk00000001790412285755&qH=a5594894156db043&ov_redirect=true,2026-09-26
215,"REDMI 15C 5G (Moonlight Blue, 128 GB)",REDMI,21884,25999,15% off,4.3,479,44,8 GB RAM,128 GB ROM,6000 mAh Battery,,17.53 cm (6.9 inch) Display,50MP Rear Camera,,https://www.flipkart.com/redmi-15c-5g-moonlight-blue-128-gb/p/itmc1345bb45eef3?pid=MOBHGGZ2RRCJFAGZ&lid=LSTMOBHGGZ2RRCJFAGZ5YNXK8&marketplace=FLIPKART&q=smart+phones&store=tyy%2F4io&srno=s_9_215&otracker=search&fm=organic&iid=d817c8be-a183-4cab-be3f-b52328763767.MOBHGGZ2RRCJFAGZ.SEARCH&ppt=None&ppn=None&ssid=5sjm1i1xk00000001790412285755&qH=a5594894156db043&ov_redirect=true,2026-09-26
216,"Ai+ Nova 2 5G (Blue, 64 GB)",Ai+,13999,,,4.2,"6,969",384,4 GB RAM,64 GB ROM,6000 mAh Battery,T8200 Processor,17.13 cm (6.745 inch) HD+ Display,50MP Rear Camera | 8MP Front Camera,,https://www.flipkart.com/ai-nova-2-5g-blue-64-gb/p/itm20a7387042b2c?pid=MOBHKHPYHHSYZWHF&lid=LSTMOBHKHPYHHSYZWHFGIS9RH&marketplace=FLIPKART&q=smart+phones&store=tyy%2F4io&srno=s_9_216&otracker=search&fm=organic&iid=d817c8be-a183-4cab-be3f-b52328763767.MOBHKHPYHHSYZWHF.SEARCH&ppt=None&ppn=None&ssid=5sjm1i1xk00000001790412285755&qH=a5594894156db043&ov_redirect=true,2026-09-26
217,"REDMI 15C 5G (Moonlight Blue, 128 GB)",REDMI,21884,25999,15% off,4.3,479,44,8 GB RAM,128 GB ROM,6000 mAh Battery,,17.53 cm (6.9 inch) Display,50MP Rear Camera,,https://www.flipkart.com/redmi-15c-5g-moonlight-blue-128-gb/p/itmc1345bb45eef3?pid=MOBHGGZ2RRCJFAGZ&lid=LSTMOBHGGZ2RRCJFAGZ5YNXK8&marketplace=FLIPKART&q=smart+phones&store=tyy%2F4io&srno=s_10_217&otracker=search&fm=organic&iid=6eb65899-5980-4467-a3dc-6077ff6fac81.MOBHGGZ2RRCJFAGZ.SEARCH&ppt=None&ppn=None&ssid=ufp6lbmjhc0000001790412288542&qH=a5594894156db043&ov_redirect=true,2026-09-26
218,"Tecno Pova Curve 2 5G (Melting Silver, 256 GB)",Tecno,33999,34999,2% off,4.1,392,55,8 GB RAM,256 GB ROM,8000 mAh Lithium Polymer Battery,,17.22 cm (6.78 inch) Full HD+ AMOLED Display,50MP + 2MP | 13MP Front Camera,,https://www.flipkart.com/tecno-pova-curve-2-5g-melting-silver-256-gb/p/itm1160d6853298d?pid=MOBHK67S5ZTCRZY8&lid=LSTMOBHK67S5ZTCRZY87GTTXD&marketplace=FLIPKART&q=smart+phones&store=tyy%2F4io&srno=s_10_218&otracker=search&fm=organic&iid=6eb65899-5980-4467-a3dc-6077ff6fac81.MOBHK67S5ZTCRZY8.SEARCH&ppt=None&ppn=None&ssid=ufp6lbmjhc0000001790412288542&qH=a5594894156db043&ov_redirect=true,2026-09-26
219,"Ai+ Nova 2 5G (Blue, 64 GB)",Ai+,13999,,,4.2,"6,969",384,4 GB RAM,64 GB ROM,6000 mAh Battery,T8200 Processor,17.13 cm (6.745 inch) HD+ Display,50MP Rear Camera | 8MP Front Camera,,https://www.flipkart.com/ai-nova-2-5g-blue-64-gb/p/itm20a7387042b2c?pid=MOBHKHPYHHSYZWHF&lid=LSTMOBHKHPYHHSYZWHFGIS9RH&marketplace=FLIPKART&q=smart+phones&store=tyy%2F4io&srno=s_10_219&otracker=search&fm=organic&iid=6eb65899-5980-4467-a3dc-6077ff6fac81.MOBHKHPYHHSYZWHF.SEARCH&ppt=None&ppn=None&ssid=ufp6lbmjhc0000001790412288542&qH=a5594894156db043&ov_redirect=true,2026-09-26
220,"REDMI 15C 5G (Dusk Purple, 128 GB)",REDMI,21879,33999,35% off,4.3,479,44,8 GB RAM,128 GB ROM,6000 mAh Battery,,17.53 cm (6.9 inch) Display,50MP Rear Camera,,https://www.flipkart.com/redmi-15c-5g-dusk-purple-128-gb/p/itmc1345bb45eef3?pid=MOBHGGZ2AASSW7RG&lid=LSTMOBHGGZ2AASSW7RGRKJPFC&marketplace=FLIPKART&q=smart+phones&store=tyy%2F4io&srno=s_10_220&otracker=search&fm=organic&iid=6eb65899-5980-4467-a3dc-6077ff6fac81.MOBHGGZ2AASSW7RG.SEARCH&ppt=None&ppn=None&ssid=ufp6lbmjhc0000001790412288542&qH=a5594894156db043&ov_redirect=true,2026-09-26
221,"realme P4 Pro 5G (Birch Wood, 256 GB)",realme,32999,,,4.4,"5,097",524,12 GB RAM,256 GB ROM,7000 mAh Battery,Snapdragon 7 Gen 4 Mobile Processor,17.27 cm (6.8 inch) Full HD+ Display,50MP + 8MP | 50MP Front Camera,,https://www.flipkart.com/realme-p4-pro-5g-birch-wood-256-gb/p/itme41a54752cc21?pid=MOBHERXKUV3RGG5F&lid=LSTMOBHERXKUV3RGG5FX55ENJ&marketplace=FLIPKART&q=smart+phones&store=tyy%2F4io&srno=s_10_221&otracker=search&fm=organic&iid=6eb65899-5980-4467-a3dc-6077ff6fac81.MOBHERXKUV3RGG5F.SEARCH&ppt=None&ppn=None&ssid=ufp6lbmjhc0000001790412288542&qH=a5594894156db043&ov_redirect=true,2026-09-26
222,"vivo T5 Pro 5G (Cosmic Black, 256 GB)",vivo,46999,61999,24% off,4.5,"9,855",956,8 GB RAM,256 GB ROM,9020 mAh Battery,Snapdragon 7s Gen 4 Processor,17.35 cm (6.83 inch) Full HD+ AMOLED Display,50MP + 2MP | 32MP Front Camera,,https://www.flipkart.com/vivo-t5-pro-5g-cosmic-black-256-gb/p/itma21e2e09d4493?pid=MOBHM4FZRMHBQHP5&lid=LSTMOBHM4FZRMHBQHP59ZOVA8&marketplace=FLIPKART&q=smart+phones&store=tyy%2F4io&srno=s_10_222&otracker=search&fm=organic&iid=6eb65899-5980-4467-a3dc-6077ff6fac81.MOBHM4FZRMHBQHP5.SEARCH&ppt=None&ppn=None&ssid=ufp6lbmjhc0000001790412288542&qH=a5594894156db043&ov_redirect=true,2026-09-26
223,"REDMI Note 15 SE 5G (Frosted White, 256 GB)",REDMI,29999,37999,21% off,4.3,"3,358",319,8 GB RAM,256 GB ROM,5800 mAh Lithium-Ion Polymer Battery,Snapdragon 6 Gen 3 Processor,17.2 cm (6.77 inch) Full HD+ AMOLED Display,50MP Rear Camera | 20MP Front Camera,,https://www.flipkart.com/redmi-note-15-se-5g-frosted-white-256-gb/p/itmebad38fb8969d?pid=MOBHN52FMT5ZSDSW&lid=LSTMOBHN52FMT5ZSDSWMBN2AM&marketplace=FLIPKART&q=smart+phones&store=tyy%2F4io&srno=s_10_223&otracker=search&fm=organic&iid=6eb65899-5980-4467-a3dc-6077ff6fac81.MOBHN52FMT5ZSDSW.SEARCH&ppt=None&ppn=None&ssid=ufp6lbmjhc0000001790412288542&qH=a5594894156db043&ov_redirect=true,2026-09-26
224,"Samsung Galaxy A17 5G (Black, 256 GB)",Samsung,31499,34999,10% off,4.3,"2,222",211,8 GB RAM,256 GB ROM,5000 mAh Battery,Samsung Exynos 1330 Processor,17.02 cm (6.7 inch) Full HD+ Display,50MP + 5MP + 2MP | 13MP Front Camera,,https://www.flipkart.com/samsung-galaxy-a17-5g-black-256-gb/p/itm9b0b7e6d52859?pid=MOBHGVECDVCNA5JK&lid=LSTMOBHGVECDVCNA5JKW0FTHG&marketplace=FLIPKART&q=smart+phones&store=tyy%2F4io&srno=s_10_224&otracker=search&fm=organic&iid=6eb65899-5980-4467-a3dc-6077ff6fac81.MOBHGVECDVCNA5JK.SEARCH&ppt=None&ppn=None&ssid=ufp6lbmjhc0000001790412288542&qH=a5594894156db043&ov_redirect=true,2026-09-26
225,"realme P3 Ultra 5G (Glowing Lunar White, 256 GB)",realme,28999,33999,14% off,4.4,"22,113","2,557",8 GB RAM,256 GB ROM,6000 mAh Battery,Dimensity 8350 Ultra Processor,17.35 cm (6.83 inch) Full HD+ Display,50MP + 8MP | 16MP Front Camera,,https://www.flipkart.com/realme-p3-ultra-5g-glowing-lunar-white-256-gb/p/itm50171223b4a05?pid=MOBHAYKEYZQPMJM8&lid=LSTMOBHAYKEYZQPMJM8YKEI0U&marketplace=FLIPKART&q=smart+phones&store=tyy%2F4io&srno=s_10_225&otracker=search&fm=organic&iid=6eb65899-5980-4467-a3dc-6077ff6fac81.MOBHAYKEYZQPMJM8.SEARCH&ppt=None&ppn=None&ssid=ufp6lbmjhc0000001790412288542&qH=a5594894156db043&ov_redirect=true,2026-09-26
226,"Ai+ Nova 2 Ultra 5G (Black, 128 GB)",Ai+,22999,31999,28% off,4.1,"2,068",292,8 GB RAM,128 GB ROM,6000 mAh Li-polymer Battery,Dimensity 7400 Processor,17.22 cm (6.78 inch) Full HD+ AMOLED Display,50MP + 8MP | 13MP Front Camera,,https://www.flipkart.com/ai-nova-2-ultra-5g-black-128-gb/p/itmbac120469e74a?pid=MOBHZHUVYN4SGGQA&lid=LSTMOBHZHUVYN4SGGQATZDCVU&marketplace=FLIPKART&q=smart+phones&store=tyy%2F4io&srno=s_10_226&otracker=search&fm=organic&iid=6eb65899-5980-4467-a3dc-6077ff6fac81.MOBHZHUVYN4SGGQA.SEARCH&ppt=None&ppn=None&ssid=ufp6lbmjhc0000001790412288542&qH=a5594894156db043&ov_redirect=true,2026-09-26
227,"Samsung M06 5G (Sage Green, 128 GB)",Samsung,15499,,,4.1,"6,185",426,4 GB RAM,128 GB ROM,5000 mAh Battery,,17.02 cm (6.7 inch) Display,50MP Rear Camera,,https://www.flipkart.com/samsung-m06-5g-sage-green-128-gb/p/itmcafa42dadc15c?pid=MOBH9UYFYVNKR3HR&lid=LSTMOBH9UYFYVNKR3HRIZOSGJ&marketplace=FLIPKART&q=smart+phones&store=tyy%2F4io&srno=s_10_227&otracker=search&fm=organic&iid=6eb65899-5980-4467-a3dc-6077ff6fac81.MOBH9UYFYVNKR3HR.SEARCH&ppt=None&ppn=None&ssid=ufp6lbmjhc0000001790412288542&qH=a5594894156db043&ov_redirect=true,2026-09-26
228,"vivo T5 Pro 5G (Glacier Blue, 256 GB)",vivo,46999,61999,24% off,4.5,"9,855",956,8 GB RAM,256 GB ROM,9020 mAh Battery,Snapdragon 7s Gen 4 Processor,17.35 cm (6.83 inch) Full HD+ AMOLED Display,50MP + 2MP | 32MP Front Camera,,https://www.flipkart.com/vivo-t5-pro-5g-glacier-blue-256-gb/p/itma21e2e09d4493?pid=MOBHM4FZHYYZW8YZ&lid=LSTMOBHM4FZHYYZW8YZSNWZNF&marketplace=FLIPKART&q=smart+phones&store=tyy%2F4io&srno=s_10_228&otracker=search&fm=organic&iid=6eb65899-5980-4467-a3dc-6077ff6fac81.MOBHM4FZHYYZW8YZ.SEARCH&ppt=None&ppn=None&ssid=ufp6lbmjhc0000001790412288542&qH=a5594894156db043&ov_redirect=true,2026-09-26
229,"Apple iPhone 16 Plus (White, 128 GB)",Apple,79900,,,4.6,"4,331",294,,,,"A18 Chip, 6 Core Processor Processor",17.02 cm (6.7 inch) Super Retina XDR Display,48MP + 12MP | 12MP Front Camera,,https://www.flipkart.com/apple-iphone-16-plus-white-128-gb/p/itm0635ebbf8c665?pid=MOBH4DQF3AJNKARR&lid=LSTMOBH4DQF3AJNKARRT235WT&marketplace=FLIPKART&q=smart+phones&store=tyy%2F4io&srno=s_10_229&otracker=search&fm=organic&iid=6eb65899-5980-4467-a3dc-6077ff6fac81.MOBH4DQF3AJNKARR.SEARCH&ppt=None&ppn=None&ssid=ufp6lbmjhc0000001790412288542&qH=a5594894156db043&ov_redirect=true,2026-09-26
230,"POCO C85x 5G (Sunset Gold, 128 GB)",POCO,15999,21999,27% off,4.1,"5,599",776,4 GB RAM,128 GB ROM,6300 mAh Lithium-Ion Polymer Battery,T8300 Processor,17.53 cm (6.9 inch) HD+ Display,32MP Rear Camera,,https://www.flipkart.com/poco-c85x-5g-sunset-gold-128-gb/p/itm20c91efa7906e?pid=MOBHMGG5BR94DQRY&lid=LSTMOBHMGG5BR94DQRY8N6NYY&marketplace=FLIPKART&q=smart+phones&store=tyy%2F4io&srno=s_10_230&otracker=search&fm=organic&iid=6eb65899-5980-4467-a3dc-6077ff6fac81.MOBHMGG5BR94DQRY.SEARCH&ppt=None&ppn=None&ssid=ufp6lbmjhc0000001790412288542&qH=a5594894156db043&ov_redirect=true,2026-09-26
231,"Ai+ Nova 2 Neo 5G (Black, 128 GB)",Ai+,15999,18999,15% off,4.3,"2,278",199,4 GB RAM,128 GB ROM,6000 mAh Li-polymer Battery,Dimensity 6300 Processor,17.13 cm (6.745 inch) HD+ Display,48MP Rear Camera | 8MP Front Camera,,https://www.flipkart.com/ai-nova-2-neo-5g-black-128-gb/p/itm4cc8b3a16e28e?pid=MOBHZ8ZMMYU5N9GW&lid=LSTMOBHZ8ZMMYU5N9GWUVAM3I&marketplace=FLIPKART&q=smart+phones&store=tyy%2F4io&srno=s_10_231&otracker=search&fm=organic&iid=6eb65899-5980-4467-a3dc-6077ff6fac81.MOBHZ8ZMMYU5N9GW.SEARCH&ppt=None&ppn=None&ssid=ufp6lbmjhc0000001790412288542&qH=a5594894156db043&ov_redirect=true,2026-09-26
232,"REDMI 15 5G (Sandy Purple, 128 GB)",REDMI,23969,25999,7% off,4.3,"4,978",315,8 GB RAM,128 GB ROM,7000 mAh Battery,,17.53 cm (6.9 inch) Display,50MP Rear Camera,,https://www.flipkart.com/redmi-15-5g-sandy-purple-128-gb/p/itmd7bced8727891?pid=MOBHFTM6MZ8J3XDW&lid=LSTMOBHFTM6MZ8J3XDWXFCAYN&marketplace=FLIPKART&q=smart+phones&store=tyy%2F4io&srno=s_10_232&otracker=search&fm=organic&iid=6eb65899-5980-4467-a3dc-6077ff6fac81.MOBHFTM6MZ8J3XDW.SEARCH&ppt=None&ppn=None&ssid=ufp6lbmjhc0000001790412288542&qH=a5594894156db043&ov_redirect=true,2026-09-26
233,"REDMI 15 5G (Midnight Black, 128 GB)",REDMI,21762,32999,34% off,4.3,"3,246",245,6 GB RAM,128 GB ROM,7000 mAh Battery,,17.53 cm (6.9 inch) Display,50MP Rear Camera,,https://www.flipkart.com/redmi-15-5g-midnight-black-128-gb/p/itmd7bced8727891?pid=MOBHFH9544VVMQNN&lid=LSTMOBHFH9544VVMQNNYDHC87&marketplace=FLIPKART&q=smart+phones&store=tyy%2F4io&srno=s_10_233&otracker=search&fm=organic&iid=6eb65899-5980-4467-a3dc-6077ff6fac81.MOBHFH9544VVMQNN.SEARCH&ppt=None&ppn=None&ssid=ufp6lbmjhc0000001790412288542&qH=a5594894156db043&ov_redirect=true,2026-09-26
234,"REDMI 15 5G (Frosted White, 128 GB)",REDMI,21795,32999,33% off,4.3,"3,246",245,6 GB RAM,128 GB ROM,7000 mAh Battery,,17.53 cm (6.9 inch) Display,50MP Rear Camera,,https://www.flipkart.com/redmi-15-5g-frosted-white-128-gb/p/itmd7bced8727891?pid=MOBHFH95FKU234AN&lid=LSTMOBHFH95FKU234ANEYP5RS&marketplace=FLIPKART&q=smart+phones&store=tyy%2F4io&srno=s_10_234&otracker=search&fm=organic&iid=6eb65899-5980-4467-a3dc-6077ff6fac81.MOBHFH95FKU234AN.SEARCH&ppt=None&ppn=None&ssid=ufp6lbmjhc0000001790412288542&qH=a5594894156db043&ov_redirect=true,2026-09-26
235,"Ai+ Nova 2 Neo 5G (Blue, 128 GB)",Ai+,16999,19999,15% off,4.2,"1,033",95,6 GB RAM,128 GB ROM,6000 mAh Li-polymer Battery,Dimensity 6300 Processor,17.13 cm (6.745 inch) HD+ Display,48MP Rear Camera | 8MP Front Camera,,https://www.flipkart.com/ai-nova-2-neo-5g-blue-128-gb/p/itmbe9c32c02c347?pid=MOBHZ8ZMMVSHPYKG&lid=LSTMOBHZ8ZMMVSHPYKGK2DZD5&marketplace=FLIPKART&q=smart+phones&store=tyy%2F4io&srno=s_10_235&otracker=search&fm=organic&iid=6eb65899-5980-4467-a3dc-6077ff6fac81.MOBHZ8ZMMVSHPYKG.SEARCH&ppt=None&ppn=None&ssid=ufp6lbmjhc0000001790412288542&qH=a5594894156db043&ov_redirect=true,2026-09-26
236,"Samsung Galaxy A17 5G (Black, 128 GB)",Samsung,26879,29499,8% off,4.3,"2,222",211,8 GB RAM,128 GB ROM,5000 mAh Battery,Samsung Exynos 1330 Processor,17.02 cm (6.7 inch) Full HD+ Display,50MP + 5MP + 2MP | 13MP Front Camera,,https://www.flipkart.com/samsung-galaxy-a17-5g-black-128-gb/p/itm9b0b7e6d52859?pid=MOBHGVECE3WTM76Y&lid=LSTMOBHGVECE3WTM76YWZ5WY9&marketplace=FLIPKART&q=smart+phones&store=tyy%2F4io&srno=s_10_236&otracker=search&fm=organic&iid=6eb65899-5980-4467-a3dc-6077ff6fac81.MOBHGVECE3WTM76Y.SEARCH&ppt=None&ppn=None&ssid=ufp6lbmjhc0000001790412288542&qH=a5594894156db043&ov_redirect=true,2026-09-26
237,"Ai+ Nova 2 Neo 5G (Red, 64 GB)",Ai+,14999,17999,16% off,4.3,"2,278",199,4 GB RAM,64 GB ROM,6000 mAh Li-polymer Battery,Dimensity 6300 Processor,17.13 cm (6.745 inch) HD+ Display,48MP Rear Camera | 8MP Front Camera,,https://www.flipkart.com/ai-nova-2-neo-5g-red-64-gb/p/itme06ad72c62724?pid=MOBHZ8ZMRBPMY8PF&lid=LSTMOBHZ8ZMRBPMY8PFWQL9IW&marketplace=FLIPKART&q=smart+phones&store=tyy%2F4io&srno=s_10_237&otracker=search&fm=organic&iid=6eb65899-5980-4467-a3dc-6077ff6fac81.MOBHZ8ZMRBPMY8PF.SEARCH&ppt=None&ppn=None&ssid=ufp6lbmjhc0000001790412288542&qH=a5594894156db043&ov_redirect=true,2026-09-26
238,"REDMI 15C 5G (Midnight Black, 128 GB)",REDMI,21999,24999,12% off,4.3,479,44,8 GB RAM,128 GB ROM,6000 mAh Battery,,17.53 cm (6.9 inch) Display,50MP Rear Camera,,https://www.flipkart.com/redmi-15c-5g-midnight-black-128-gb/p/itmc1345bb45eef3?pid=MOBHGGZ228KHHPQC&lid=LSTMOBHGGZ228KHHPQC94QZPT&marketplace=FLIPKART&q=smart+phones&store=tyy%2F4io&srno=s_10_238&otracker=search&fm=organic&iid=6eb65899-5980-4467-a3dc-6077ff6fac81.MOBHGGZ228KHHPQC.SEARCH&ppt=None&ppn=None&ssid=ufp6lbmjhc0000001790412288542&qH=a5594894156db043&ov_redirect=true,2026-09-26
239,"Samsung Galaxy S25 Ultra 5G (Titanium Silverblue, 256 GB)",Samsung,95899,129999,26% off,4.6,"4,185",449,12 GB RAM,256 GB ROM,5000 mAh Battery,8 Elite for Galaxy Processor,17.53 cm (6.9 inch) Quad HD+ Display,200MP + 50MP + 50MP + 10MP | 12MP Front Camera,,https://www.flipkart.com/samsung-galaxy-s25-ultra-5g-titanium-silverblue-256-gb/p/itm413a5c3f30151?pid=MOBH8K8U5FWQWD6G&lid=LSTMOBH8K8U5FWQWD6GUPCHMF&marketplace=FLIPKART&q=smart+phones&store=tyy%2F4io&srno=s_10_239&otracker=search&fm=organic&iid=6eb65899-5980-4467-a3dc-6077ff6fac81.MOBH8K8U5FWQWD6G.SEARCH&ppt=None&ppn=None&ssid=ufp6lbmjhc0000001790412288542&qH=a5594894156db043&ov_redirect=true,2026-09-26
240,"Samsung M06 5G (Blazing Black, 128 GB)",Samsung,16990,16999,,4.1,"6,185",426,4 GB RAM,128 GB ROM,5000 mAh Battery,,17.02 cm (6.7 inch) Display,50MP Rear Camera,,https://www.flipkart.com/samsung-m06-5g-blazing-black-128-gb/p/itmcafa42dadc15c?pid=MOBH9UYF4GZXGWW6&lid=LSTMOBH9UYF4GZXGWW6MAZISQ&marketplace=FLIPKART&q=smart+phones&store=tyy%2F4io&srno=s_10_240&otracker=search&fm=organic&iid=6eb65899-5980-4467-a3dc-6077ff6fac81.MOBH9UYF4GZXGWW6.SEARCH&ppt=None&ppn=None&ssid=ufp6lbmjhc0000001790412288542&qH=a5594894156db043&ov_redirect=true,2026-09-26
241,"REDMI 15 5G (Frosted White, 128 GB)",REDMI,23994,34999,31% off,4.3,"4,978",315,8 GB RAM,128 GB ROM,7000 mAh Battery,,17.53 cm (6.9 inch) Display,50MP Rear Camera,,https://www.flipkart.com/redmi-15-5g-frosted-white-128-gb/p/itmd7bced8727891?pid=MOBHFTM3YSST7ZAZ&lid=LSTMOBHFTM3YSST7ZAZM0DYSM&marketplace=FLIPKART&q=smart+phones&store=tyy%2F4io&srno=s_11_241&otracker=search&fm=organic&iid=fb6c6c07-45ff-4bc2-994f-fd2463abb0b9.MOBHFTM3YSST7ZAZ.SEARCH&ppt=None&ppn=None&ssid=zfap01s3f40000001790412291396&qH=a5594894156db043&ov_redirect=true,2026-09-26
242,"Ai+ Nova 2 5G (Purple, 128 GB)",Ai+,14499,17499,17% off,4.2,"6,969",384,4 GB RAM,128 GB ROM,6000 mAh Battery,T8200 Processor,17.13 cm (6.745 inch) HD+ Display,50MP Rear Camera | 8MP Front Camera,,https://www.flipkart.com/ai-nova-2-5g-purple-128-gb/p/itmc486f9ebd15e3?pid=MOBHZPMCKZ3VYHMZ&lid=LSTMOBHZPMCKZ3VYHMZBGP8IV&marketplace=FLIPKART&q=smart+phones&store=tyy%2F4io&srno=s_11_242&otracker=search&fm=organic&iid=fb6c6c07-45ff-4bc2-994f-fd2463abb0b9.MOBHZPMCKZ3VYHMZ.SEARCH&ppt=None&ppn=None&ssid=zfap01s3f40000001790412291396&qH=a5594894156db043&ov_redirect=true,2026-09-26
243,"OnePlus Nord CE6 Lite (Vivid Mint, 128 GB)",OnePlus,27960,31999,12% off,4.3,"1,408",98,6 GB RAM,128 GB ROM,7000 mAh Battery,Mediatek Dimensity 7400 Processor,17.07 cm (6.72 inch) Full HD+ Display,50MP Rear Camera | 8MP Front Camera,,https://www.flipkart.com/oneplus-nord-ce6-lite-vivid-mint-128-gb/p/itm21e965b5b799d?pid=MOBHN8CVXZNTVTKZ&lid=LSTMOBHN8CVXZNTVTKZQCWPGR&marketplace=FLIPKART&q=smart+phones&store=tyy%2F4io&srno=s_11_243&otracker=search&fm=organic&iid=fb6c6c07-45ff-4bc2-994f-fd2463abb0b9.MOBHN8CVXZNTVTKZ.SEARCH&ppt=None&ppn=None&ssid=zfap01s3f40000001790412291396&qH=a5594894156db043&ov_redirect=true,2026-09-26
244,"REDMI 15 5G (Sandy Purple, 128 GB)",REDMI,21659,32999,34% off,4.3,"3,246",245,6 GB RAM,128 GB ROM,7000 mAh Battery,,17.53 cm (6.9 inch) Display,50MP Rear Camera,,https://www.flipkart.com/redmi-15-5g-sandy-purple-128-gb/p/itmd7bced8727891?pid=MOBHFH95KX2GA62H&lid=LSTMOBHFH95KX2GA62HN7HCCG&marketplace=FLIPKART&q=smart+phones&store=tyy%2F4io&srno=s_11_244&otracker=search&fm=organic&iid=fb6c6c07-45ff-4bc2-994f-fd2463abb0b9.MOBHFH95KX2GA62H.SEARCH&ppt=None&ppn=None&ssid=zfap01s3f40000001790412291396&qH=a5594894156db043&ov_redirect=true,2026-09-26
245,"REDMI 15 5G (Midnight Black, 128 GB)",REDMI,23677,24999,5% off,4.3,"4,978",315,8 GB RAM,128 GB ROM,7000 mAh Battery,,17.53 cm (6.9 inch) Display,50MP Rear Camera,,https://www.flipkart.com/redmi-15-5g-midnight-black-128-gb/p/itmd7bced8727891?pid=MOBHFTM8SXZC3UGN&lid=LSTMOBHFTM8SXZC3UGNBQWK9D&marketplace=FLIPKART&q=smart+phones&store=tyy%2F4io&srno=s_11_245&otracker=search&fm=organic&iid=fb6c6c07-45ff-4bc2-994f-fd2463abb0b9.MOBHFTM8SXZC3UGN.SEARCH&ppt=None&ppn=None&ssid=zfap01s3f40000001790412291396&qH=a5594894156db043&ov_redirect=true,2026-09-26
246,"vivo T5 5G (Royal Bronze, 128 GB)",vivo,34999,49999,30% off,4.4,444,60,6 GB RAM,128 GB ROM,7050 mAh Li-ion Battery,Dimensity 7500 Processor,17.35 cm (6.83 inch) Full HD+ AMOLED Display,50MP + 8MP | 32MP Front Camera,,https://www.flipkart.com/vivo-t5-5g-royal-bronze-128-gb/p/itm8fa150d1fa2d2?pid=MOBHQC8DMYUHNY2A&lid=LSTMOBHQC8DMYUHNY2AXSLLSW&marketplace=FLIPKART&q=smart+phones&store=tyy%2F4io&srno=s_11_246&otracker=search&fm=organic&iid=fb6c6c07-45ff-4bc2-994f-fd2463abb0b9.MOBHQC8DMYUHNY2A.SEARCH&ppt=None&ppn=None&ssid=zfap01s3f40000001790412291396&qH=a5594894156db043&ov_redirect=true,2026-09-26
247,"Ai+ Nova 2 Pro 5G (Purple, 128 GB)",Ai+,18999,23999,20% off,4,"1,001",125,8 GB RAM,128 GB ROM,6000 mAh Li-polymer Battery,Dimensity 7100 Processor,17.53 cm (6.9 inch) Full HD+ Display,48MP Rear Camera | 13MP Front Camera,,https://www.flipkart.com/ai-nova-2-pro-5g-purple-128-gb/p/itm42975dc95c097?pid=MOBHZ8ZMQWE23Z8B&lid=LSTMOBHZ8ZMQWE23Z8BX88OJT&marketplace=FLIPKART&q=smart+phones&store=tyy%2F4io&srno=s_11_247&otracker=search&fm=organic&iid=fb6c6c07-45ff-4bc2-994f-fd2463abb0b9.MOBHZ8ZMQWE23Z8B.SEARCH&ppt=None&ppn=None&ssid=zfap01s3f40000001790412291396&qH=a5594894156db043&ov_redirect=true,2026-09-26
248,"Samsung M36 5G (Orange Haze / Orange, 128 GB)",Samsung,26999,,,4.1,"1,872",171,8 GB RAM,128 GB ROM,5000 mAh Battery,,17.02 cm (6.7 inch) Display,50MP Rear Camera,,https://www.flipkart.com/samsung-m36-5g-orange-haze-orange-128-gb/p/itmf77ec4e8758a8?pid=MOBHEYY26DWBNGVZ&lid=LSTMOBHEYY26DWBNGVZPAYOQL&marketplace=FLIPKART&q=smart+phones&store=tyy%2F4io&srno=s_11_248&otracker=search&fm=organic&iid=fb6c6c07-45ff-4bc2-994f-fd2463abb0b9.MOBHEYY26DWBNGVZ.SEARCH&ppt=None&ppn=None&ssid=zfap01s3f40000001790412291396&qH=a5594894156db043&ov_redirect=true,2026-09-26
249,"XOME XM 17 Pro Maxx (Orange, 64 GB)",XOME,9649,16999,43% off,3.9,23,6,4 GB RAM,64 GB ROM,5000 mAh Battery,,16.76 cm (6.6 inch) Display,16MP Rear Camera,,https://www.flipkart.com/xome-xm-17-pro-maxx-orange-64-gb/p/itm4d837b10c64e7?pid=MOBHQ95HCBKET5HC&lid=LSTMOBHQ95HCBKET5HCE32YGR&marketplace=FLIPKART&q=smart+phones&store=tyy%2F4io&srno=s_11_249&otracker=search&fm=organic&iid=fb6c6c07-45ff-4bc2-994f-fd2463abb0b9.MOBHQ95HCBKET5HC.SEARCH&ppt=None&ppn=None&ssid=zfap01s3f40000001790412291396&qH=a5594894156db043&ov_redirect=true,2026-09-26
250,"Ai+ Nova 2 Pro 5G (Green, 128 GB)",Ai+,18999,23999,20% off,4,"1,001",125,8 GB RAM,128 GB ROM,6000 mAh Li-polymer Battery,Dimensity 7100 Processor,17.53 cm (6.9 inch) Full HD+ Display,48MP Rear Camera | 13MP Front Camera,,https://www.flipkart.com/ai-nova-2-pro-5g-green-128-gb/p/itm0f17f22a021f7?pid=MOBHZ8ZMF5EZCTBR&lid=LSTMOBHZ8ZMF5EZCTBR0IZWIH&marketplace=FLIPKART&q=smart+phones&store=tyy%2F4io&srno=s_11_250&otracker=search&fm=organic&iid=fb6c6c07-45ff-4bc2-994f-fd2463abb0b9.MOBHZ8ZMF5EZCTBR.SEARCH&ppt=None&ppn=None&ssid=zfap01s3f40000001790412291396&qH=a5594894156db043&ov_redirect=true,2026-09-26
251,"Samsung Galaxy F06 5G (Lit Violet, 128 GB)",Samsung,13999,,,4.2,"48,036","3,567",4 GB RAM,128 GB ROM,5000 mAh Battery,Dimensity 6300 Processor,43.23 cm (17.018 cm) HD+ Display,50MP + 2MP | 8MP Front Camera,,https://www.flipkart.com/samsung-galaxy-f06-5g-lit-violet-128-gb/p/itm140da3412b73b?pid=MOBH9AS4FA5RUHSY&lid=LSTMOBH9AS4FA5RUHSYIYVIFO&marketplace=FLIPKART&q=smart+phones&store=tyy%2F4io&srno=s_11_251&otracker=search&fm=organic&iid=fb6c6c07-45ff-4bc2-994f-fd2463abb0b9.MOBH9AS4FA5RUHSY.SEARCH&ppt=None&ppn=None&ssid=zfap01s3f40000001790412291396&qH=a5594894156db043&ov_redirect=true,2026-09-26
252,"POCO C81x (Ice Blue, 64 GB)",POCO,12499,18999,34% off,3.9,647,39,3 GB RAM,64 GB ROM,5200 mAh Lithium-Ion Polymer Battery,T7250 Processor,17.48 cm (6.88 inch) Display,13MP Rear Camera | 8MP Front Camera,,https://www.flipkart.com/poco-c81x-ice-blue-64-gb/p/itmf2e3aacd5257e?pid=MOBHMYWRWPE4S8G6&lid=LSTMOBHMYWRWPE4S8G6INAADH&marketplace=FLIPKART&q=smart+phones&store=tyy%2F4io&srno=s_11_252&otracker=search&fm=organic&iid=fb6c6c07-45ff-4bc2-994f-fd2463abb0b9.MOBHMYWRWPE4S8G6.SEARCH&ppt=None&ppn=None&ssid=zfap01s3f40000001790412291396&qH=a5594894156db043&ov_redirect=true,2026-09-26
253,"Samsung Galaxy A56 5G (Awesome Olive, 128 GB)",Samsung,36870,45990,19% off,4.4,"1,021",80,8 GB RAM,128 GB ROM,5000 mAh Battery,Samsng Exynos 1580 Processor,17.02 cm (6.7 inch) Full HD+ Display,50MP + 12MP + 5MP | 12MP Front Camera,,https://www.flipkart.com/samsung-galaxy-a56-5g-awesome-olive-128-gb/p/itm81265b7c9602c?pid=MOBH9RNG5SA9ADHS&lid=LSTMOBH9RNG5SA9ADHSZ0BHER&marketplace=FLIPKART&q=smart+phones&store=tyy%2F4io&srno=s_11_253&otracker=search&fm=organic&iid=fb6c6c07-45ff-4bc2-994f-fd2463abb0b9.MOBH9RNG5SA9ADHS.SEARCH&ppt=None&ppn=None&ssid=zfap01s3f40000001790412291396&qH=a5594894156db043&ov_redirect=true,2026-09-26
254,"OnePlus Nord CE6 Lite (Vivid Mint, 256 GB)",OnePlus,35488,36999,4% off,4.3,"1,111",75,8 GB RAM,256 GB ROM,7000 mAh Battery,MediaTek Dimensity 7400 Apex Processor,17.07 cm (6.72 inch) Full HD+ Display,50MP Rear Camera | 8MP Front Camera,,https://www.flipkart.com/oneplus-nord-ce6-lite-vivid-mint-256-gb/p/itm21e965b5b799d?pid=MOBHN8AB2JFD45AG&lid=LSTMOBHN8AB2JFD45AGBJITJM&marketplace=FLIPKART&q=smart+phones&store=tyy%2F4io&srno=s_11_254&otracker=search&fm=organic&iid=fb6c6c07-45ff-4bc2-994f-fd2463abb0b9.MOBHN8AB2JFD45AG.SEARCH&ppt=None&ppn=None&ssid=zfap01s3f40000001790412291396&qH=a5594894156db043&ov_redirect=true,2026-09-26
255,"MOTOROLA Edge 70 Fusion (Pantone BLUE SURF, 512 GB)",MOTOROLA,38999,64999,40% off,4.3,"6,660",736,12 GB RAM,512 GB ROM,7000 mAh Battery,Snapdragon 7s Gen 4 Processor,17.27 cm (6.8 inch) Super HD Display,50MP + 13MP | 32MP Front Camera,,https://www.flipkart.com/motorola-edge-70-fusion-pantone-blue-surf-512-gb/p/itm87b81fff91d44?pid=MOBHNSA6KGKFVSPF&lid=LSTMOBHNSA6KGKFVSPFPPKGGH&marketplace=FLIPKART&q=smart+phones&store=tyy%2F4io&srno=s_11_255&otracker=search&fm=organic&iid=fb6c6c07-45ff-4bc2-994f-fd2463abb0b9.MOBHNSA6KGKFVSPF.SEARCH&ppt=None&ppn=None&ssid=zfap01s3f40000001790412291396&qH=a5594894156db043&ov_redirect=true,2026-09-26
256,"realme 15 5G (Silk Pink, 256 GB)",realme,31999,,,4.4,"11,359","1,220",8 GB RAM,256 GB ROM,7000 mAh Battery,Mediatek Dimensity 7300+ 5G Processor,17.27 cm (6.8 inch) Full HD+ Display,50MP + 8MP | 50MP Front Camera,5G,https://www.flipkart.com/realme-15-5g-silk-pink-256-gb/p/itme9581fbd0e97a?pid=MOBHDUKFZF7UPZZZ&lid=LSTMOBHDUKFZF7UPZZZJPBCBN&marketplace=FLIPKART&q=smart+phones&store=tyy%2F4io&srno=s_11_256&otracker=search&fm=organic&iid=fb6c6c07-45ff-4bc2-994f-fd2463abb0b9.MOBHDUKFZF7UPZZZ.SEARCH&ppt=None&ppn=None&ssid=zfap01s3f40000001790412291396&qH=a5594894156db043&ov_redirect=true,2026-09-26
257,"vivo T5 5G (Silver Green, 128 GB)",vivo,34999,49999,30% off,4.4,444,60,6 GB RAM,128 GB ROM,7050 mAh Li-ion Battery,Dimensity 7500 Processor,17.35 cm (6.83 inch) Full HD+ AMOLED Display,50MP + 8MP | 32MP Front Camera,,https://www.flipkart.com/vivo-t5-5g-silver-green-128-gb/p/itm8fa150d1fa2d2?pid=MOBHQC8DQGZMMCB8&lid=LSTMOBHQC8DQGZMMCB8YZZYDV&marketplace=FLIPKART&q=smart+phones&store=tyy%2F4io&srno=s_11_257&otracker=search&fm=organic&iid=fb6c6c07-45ff-4bc2-994f-fd2463abb0b9.MOBHQC8DQGZMMCB8.SEARCH&ppt=None&ppn=None&ssid=zfap01s3f40000001790412291396&qH=a5594894156db043&ov_redirect=true,2026-09-26
258,"realme Narzo 90x 5G (Maroon Red, 128 GB)",realme,22111,25099,11% off,4.3,"3,694",304,6 GB RAM,128 GB ROM,7000 mAh Battery,Dimensity 6300 Processor,17.27 cm (6.8 inch) HD+ Display,50MP Rear Camera | 8MP Front Camera,,https://www.flipkart.com/realme-narzo-90x-5g-maroon-red-128-gb/p/itma63c5c5ce781a?pid=MOBHKZZY3EHDY8FN&lid=LSTMOBHKZZY3EHDY8FNJJICVE&marketplace=FLIPKART&q=smart+phones&store=tyy%2F4io&srno=s_11_258&otracker=search&fm=organic&iid=fb6c6c07-45ff-4bc2-994f-fd2463abb0b9.MOBHKZZY3EHDY8FN.SEARCH&ppt=None&ppn=None&ssid=zfap01s3f40000001790412291396&qH=a5594894156db043&ov_redirect=true,2026-09-26
259,"realme Narzo 90x 5G (Nitro Blue, 128 GB)",realme,23840,23999,,4.3,"1,629",111,8 GB RAM,128 GB ROM,7000 mAh Battery,,17.27 cm (6.8 inch) Display,50MP Rear Camera,,https://www.flipkart.com/realme-narzo-90x-5g-nitro-blue-128-gb/p/itma63c5c5ce781a?pid=MOBHGUHGXGUJCGHN&lid=LSTMOBHGUHGXGUJCGHNMQDE37&marketplace=FLIPKART&q=smart+phones&store=tyy%2F4io&srno=s_11_259&otracker=search&fm=organic&iid=fb6c6c07-45ff-4bc2-994f-fd2463abb0b9.MOBHGUHGXGUJCGHN.SEARCH&ppt=None&ppn=None&ssid=zfap01s3f40000001790412291396&qH=a5594894156db043&ov_redirect=true,2026-09-26
260,"realme P3 Ultra 5G (Orion Red, 256 GB)",realme,28999,33999,14% off,4.4,"22,113","2,557",8 GB RAM,256 GB ROM,6000 mAh Battery,Dimensity 8350 Ultra Processor,17.35 cm (6.83 inch) Display,50MP + 8MP | 16MP Front Camera,,https://www.flipkart.com/realme-p3-ultra-5g-orion-red-256-gb/p/itm50171223b4a05?pid=MOBHAYKEEZW7DS2N&lid=LSTMOBHAYKEEZW7DS2NPIW53Y&marketplace=FLIPKART&q=smart+phones&store=tyy%2F4io&srno=s_11_260&otracker=search&fm=organic&iid=fb6c6c07-45ff-4bc2-994f-fd2463abb0b9.MOBHAYKEEZW7DS2N.SEARCH&ppt=None&ppn=None&ssid=zfap01s3f40000001790412291396&qH=a5594894156db043&ov_redirect=true,2026-09-26
261,"realme P3 Ultra 5G (Orion Red, 256 GB)",realme,31999,35999,11% off,4.4,"5,213",583,12 GB RAM,256 GB ROM,6000 mAh Battery,Dimensity 8350 Ultra Processor,17.35 cm (6.83 inch) Display,50MP + 8MP | 16MP Front Camera,,https://www.flipkart.com/realme-p3-ultra-5g-orion-red-256-gb/p/itm50171223b4a05?pid=MOBHAYKEK2YKSCTU&lid=LSTMOBHAYKEK2YKSCTUTPFDIS&marketplace=FLIPKART&q=smart+phones&store=tyy%2F4io&srno=s_11_261&otracker=search&fm=organic&iid=fb6c6c07-45ff-4bc2-994f-fd2463abb0b9.MOBHAYKEK2YKSCTU.SEARCH&ppt=None&ppn=None&ssid=zfap01s3f40000001790412291396&qH=a5594894156db043&ov_redirect=true,2026-09-26
262,"realme P3 Ultra 5G (Neptune Blue, 256 GB)",realme,31999,35999,11% off,4.4,"5,213",583,12 GB RAM,256 GB ROM,6000 mAh Battery,Dimensity 8350 Ultra Processor,17.35 cm (6.83 inch) Display,50MP + 8MP | 16MP Front Camera,,https://www.flipkart.com/realme-p3-ultra-5g-neptune-blue-256-gb/p/itm50171223b4a05?pid=MOBHAYKEZZXWNMVV&lid=LSTMOBHAYKEZZXWNMVVX7N6LV&marketplace=FLIPKART&q=smart+phones&store=tyy%2F4io&srno=s_11_262&otracker=search&fm=organic&iid=fb6c6c07-45ff-4bc2-994f-fd2463abb0b9.MOBHAYKEZZXWNMVV.SEARCH&ppt=None&ppn=None&ssid=zfap01s3f40000001790412291396&qH=a5594894156db043&ov_redirect=true,2026-09-26
263,"REDMI Note 15 SE 5G Snapdragon (Carbon Black, 128 GB)",REDMI,25999,34999,25% off,4.3,"6,573",586,6 GB RAM,128 GB ROM,5800 mAh Lithium-Ion Polymer Battery,Snapdragon 6 Gen 3 Processor,17.2 cm (6.77 inch) Full HD+ AMOLED Display,50MP Rear Camera | 20MP Front Camera,,https://www.flipkart.com/redmi-note-15-se-5g-snapdragon-carbon-black-128-gb/p/itm60b0ad3a0da9d?pid=MOBHN52FDHRHXYKD&lid=LSTMOBHN52FDHRHXYKDT6HEXV&marketplace=FLIPKART&q=smart+phones&store=tyy%2F4io&srno=s_11_263&otracker=search&fm=organic&iid=fb6c6c07-45ff-4bc2-994f-fd2463abb0b9.MOBHN52FDHRHXYKD.SEARCH&ppt=None&ppn=None&ssid=zfap01s3f40000001790412291396&qH=a5594894156db043&ov_redirect=true,2026-09-26
264,"OnePlus Nord 6 (Pitch Black, 256 GB)",OnePlus,46500,52999,12% off,4.5,"2,510",302,8 GB RAM,256 GB ROM,9000 mAh Battery,4 octa-core processor Processor,17.22 cm (6.78 inch) Full HD+ Display,50MP Rear Camera,,https://www.flipkart.com/oneplus-nord-6-pitch-black-256-gb/p/itmc49f71cdc4080?pid=MOBHMBWGFH9RHHUH&lid=LSTMOBHMBWGFH9RHHUHEML0RV&marketplace=FLIPKART&q=smart+phones&store=tyy%2F4io&srno=s_11_264&otracker=search&fm=organic&iid=fb6c6c07-45ff-4bc2-994f-fd2463abb0b9.MOBHMBWGFH9RHHUH.SEARCH&ppt=None&ppn=None&ssid=zfap01s3f40000001790412291396&qH=a5594894156db043&ov_redirect=true,2026-09-26
265,"realme Gt 7 (Icesense Blue, 256 GB)",realme,44999,48999,8% off,4.5,"1,520",197,12 GB RAM,256 GB ROM,7000 mAh Battery,Dimensity Processor,17.22 cm (6.78 inch) Full HD+ AMOLED Display,50MP + 50MP + 50MP + 8MP | 32MP + 32MP Dual Front Camera,,https://www.flipkart.com/realme-gt-7-icesense-blue-256-gb/p/itm6cc8f84d92e2f?pid=MOBHCHWNFTFYCQWQ&lid=LSTMOBHCHWNFTFYCQWQKYWZSI&marketplace=FLIPKART&q=smart+phones&store=tyy%2F4io&srno=s_12_265&otracker=search&fm=organic&iid=782363fa-3b93-4f1e-83db-41eeb316032f.MOBHCHWNFTFYCQWQ.SEARCH&ppt=None&ppn=None&ssid=o28sof49cg0000001790412294143&qH=a5594894156db043&ov_redirect=true,2026-09-26
266,"OnePlus Nord 6 (Fresh Mint, 256 GB)",OnePlus,45590,52999,13% off,4.5,"2,510",302,8 GB RAM,256 GB ROM,9000 mAh Battery,4 octa-core processor Processor,17.22 cm (6.78 inch) Full HD+ Display,50MP Rear Camera,,https://www.flipkart.com/oneplus-nord-6-fresh-mint-256-gb/p/itmc49f71cdc4080?pid=MOBHMBW2KKBSFG9R&lid=LSTMOBHMBW2KKBSFG9R9A7LQW&marketplace=FLIPKART&q=smart+phones&store=tyy%2F4io&srno=s_12_266&otracker=search&fm=organic&iid=782363fa-3b93-4f1e-83db-41eeb316032f.MOBHMBW2KKBSFG9R.SEARCH&ppt=None&ppn=None&ssid=o28sof49cg0000001790412294143&qH=a5594894156db043&ov_redirect=true,2026-09-26
267,"Samsung Galaxy F17 5G (Neo Black, 128 GB)",Samsung,22945,25499,10% off,4.2,257,22,6 GB RAM,128 GB ROM,5000 mAh Battery,Exynos 1330 Processor,17.02 cm (6.7 inch) Full HD+ Display,50MP + 5MP | 13MP Front Camera,,https://www.flipkart.com/samsung-galaxy-f17-5g-neo-black-128-gb/p/itm64a193b8fd9f0?pid=MOBHF6KMBVEUAZXP&lid=LSTMOBHF6KMBVEUAZXPEZFQFT&marketplace=FLIPKART&q=smart+phones&store=tyy%2F4io&srno=s_12_267&otracker=search&fm=organic&iid=782363fa-3b93-4f1e-83db-41eeb316032f.MOBHF6KMBVEUAZXP.SEARCH&ppt=None&ppn=None&ssid=o28sof49cg0000001790412294143&qH=a5594894156db043&ov_redirect=true,2026-09-26
268,"Samsung Galaxy F17 5G (Neo Black, 128 GB)",Samsung,19980,23999,16% off,4.1,356,33,4 GB RAM,128 GB ROM,5000 mAh Battery,Exynos 1330 Processor,17.02 cm (6.7 inch) Full HD+ Display,50MP + 5MP | 13MP Front Camera,,https://www.flipkart.com/samsung-galaxy-f17-5g-neo-black-128-gb/p/itm0bf5856f3c9d7?pid=MOBHF6KMEEWK7HPX&lid=LSTMOBHF6KMEEWK7HPXGBB1NA&marketplace=FLIPKART&q=smart+phones&store=tyy%2F4io&srno=s_12_268&otracker=search&fm=organic&iid=782363fa-3b93-4f1e-83db-41eeb316032f.MOBHF6KMEEWK7HPX.SEARCH&ppt=None&ppn=None&ssid=o28sof49cg0000001790412294143&qH=a5594894156db043&ov_redirect=true,2026-09-26
269,"vivo T5 5G (Royal Bronze, 256 GB)",vivo,49999,69999,28% off,4.6,29,2,12 GB RAM,256 GB ROM,7050 mAh Li-ion Battery,Dimensity 7500 Processor,17.35 cm (6.83 inch) Full HD+ AMOLED Display,50MP + 8MP | 32MP Front Camera,,https://www.flipkart.com/vivo-t5-5g-royal-bronze-256-gb/p/itm8fa150d1fa2d2?pid=MOBHQC8DXH3M8M9G&lid=LSTMOBHQC8DXH3M8M9GQI7WKT&marketplace=FLIPKART&q=smart+phones&store=tyy%2F4io&srno=s_12_269&otracker=search&fm=organic&iid=782363fa-3b93-4f1e-83db-41eeb316032f.MOBHQC8DXH3M8M9G.SEARCH&ppt=None&ppn=None&ssid=o28sof49cg0000001790412294143&qH=a5594894156db043&ov_redirect=true,2026-09-26
270,"realme P3 Ultra 5G (Glowing Lunar White, 256 GB)",realme,31999,35999,11% off,4.4,"5,213",583,12 GB RAM,256 GB ROM,6000 mAh Battery,Dimensity 8350 Ultra Processor,17.35 cm (6.83 inch) Full HD+ Display,50MP + 8MP | 16MP Front Camera,,https://www.flipkart.com/realme-p3-ultra-5g-glowing-lunar-white-256-gb/p/itm50171223b4a05?pid=MOBHAYKEGJYAUWC4&lid=LSTMOBHAYKEGJYAUWC4GFGIFN&marketplace=FLIPKART&q=smart+phones&store=tyy%2F4io&srno=s_12_270&otracker=search&fm=organic&iid=782363fa-3b93-4f1e-83db-41eeb316032f.MOBHAYKEGJYAUWC4.SEARCH&ppt=None&ppn=None&ssid=o28sof49cg0000001790412294143&qH=a5594894156db043&ov_redirect=true,2026-09-26
271,"Google Pixel 11 Pro (Olive, 256 GB)",Google,119999,,,4.4,65,13,12 GB RAM,256 GB ROM,4850 mAh Lithium Battery,Tensor G6 Processor,16.0 cm (6.3 inch) Super Actua Display,50MP + 48MP + 48MP | 42MP Front Camera,,https://www.flipkart.com/google-pixel-11-pro-olive-256-gb/p/itm88f5dcba10068?pid=MOBHPHNVG3TGGBTR&lid=LSTMOBHPHNVG3TGGBTRMM5CTY&marketplace=FLIPKART&q=smart+phones&store=tyy%2F4io&srno=s_12_271&otracker=search&fm=organic&iid=782363fa-3b93-4f1e-83db-41eeb316032f.MOBHPHNVG3TGGBTR.SEARCH&ppt=None&ppn=None&ssid=o28sof49cg0000001790412294143&qH=a5594894156db043&ov_redirect=true,2026-09-26
272,"realme Narzo 90x 5G (Flash Blue, 128 GB)",realme,21500,29999,28% off,4.3,"3,694",304,6 GB RAM,128 GB ROM,7000 mAh Battery,,17.27 cm (6.8 inch) Display,50MP Rear Camera,,https://www.flipkart.com/realme-narzo-90x-5g-flash-blue-128-gb/p/itma63c5c5ce781a?pid=MOBHGUHGVRGNFFVZ&lid=LSTMOBHGUHGVRGNFFVZEK5NKQ&marketplace=FLIPKART&q=smart+phones&store=tyy%2F4io&srno=s_12_272&otracker=search&fm=organic&iid=782363fa-3b93-4f1e-83db-41eeb316032f.MOBHGUHGVRGNFFVZ.SEARCH&ppt=None&ppn=None&ssid=o28sof49cg0000001790412294143&qH=a5594894156db043&ov_redirect=true,2026-09-26
273,"vivo T5 5G (Royal Bronze, 128 GB)",vivo,39999,55999,28% off,4.4,200,25,8 GB RAM,128 GB ROM,7050 mAh Li-ion Battery,Dimensity 7500 Processor,17.35 cm (6.83 inch) Full HD+ AMOLED Display,50MP + 8MP | 32MP Front Camera,,https://www.flipkart.com/vivo-t5-5g-royal-bronze-128-gb/p/itm8fa150d1fa2d2?pid=MOBHQC8D6EURCBKD&lid=LSTMOBHQC8D6EURCBKDVGX4VE&marketplace=FLIPKART&q=smart+phones&store=tyy%2F4io&srno=s_12_273&otracker=search&fm=organic&iid=782363fa-3b93-4f1e-83db-41eeb316032f.MOBHQC8D6EURCBKD.SEARCH&ppt=None&ppn=None&ssid=o28sof49cg0000001790412294143&qH=a5594894156db043&ov_redirect=true,2026-09-26
274,"vivo T5 5G (Silver Green, 256 GB)",vivo,44999,61999,27% off,4.4,200,25,8 GB RAM,256 GB ROM,7050 mAh Li-ion Battery,Dimensity 7500 Processor,17.35 cm (6.83 inch) Full HD+ AMOLED Display,50MP + 8MP | 32MP Front Camera,,https://www.flipkart.com/vivo-t5-5g-silver-green-256-gb/p/itm8fa150d1fa2d2?pid=MOBHQC8DDN9CU73W&lid=LSTMOBHQC8DDN9CU73WDIHEFX&marketplace=FLIPKART&q=smart+phones&store=tyy%2F4io&srno=s_12_274&otracker=search&fm=organic&iid=782363fa-3b93-4f1e-83db-41eeb316032f.MOBHQC8DDN9CU73W.SEARCH&ppt=None&ppn=None&ssid=o28sof49cg0000001790412294143&qH=a5594894156db043&ov_redirect=true,2026-09-26
275,"vivo T5 5G (Royal Bronze, 256 GB)",vivo,44999,61999,27% off,4.4,200,25,8 GB RAM,256 GB ROM,7050 mAh Li-ion Battery,Dimensity 7500 Processor,17.35 cm (6.83 inch) Full HD+ AMOLED Display,50MP + 8MP | 32MP Front Camera,,https://www.flipkart.com/vivo-t5-5g-royal-bronze-256-gb/p/itm8fa150d1fa2d2?pid=MOBHQC8DHZ54RRHA&lid=LSTMOBHQC8DHZ54RRHAQKVWSE&marketplace=FLIPKART&q=smart+phones&store=tyy%2F4io&srno=s_12_275&otracker=search&fm=organic&iid=782363fa-3b93-4f1e-83db-41eeb316032f.MOBHQC8DHZ54RRHA.SEARCH&ppt=None&ppn=None&ssid=o28sof49cg0000001790412294143&qH=a5594894156db043&ov_redirect=true,2026-09-26
276,"vivo T5 5G (Silver Green, 128 GB)",vivo,39999,55999,28% off,4.4,200,25,8 GB RAM,128 GB ROM,7050 mAh Li-ion Battery,Dimensity 7500 Processor,17.35 cm (6.83 inch) Full HD+ AMOLED Display,50MP + 8MP | 32MP Front Camera,,https://www.flipkart.com/vivo-t5-5g-silver-green-128-gb/p/itm8fa150d1fa2d2?pid=MOBHQC8DR8GYASKC&lid=LSTMOBHQC8DR8GYASKCX6FHLE&marketplace=FLIPKART&q=smart+phones&store=tyy%2F4io&srno=s_12_276&otracker=search&fm=organic&iid=782363fa-3b93-4f1e-83db-41eeb316032f.MOBHQC8DR8GYASKC.SEARCH&ppt=None&ppn=None&ssid=o28sof49cg0000001790412294143&qH=a5594894156db043&ov_redirect=true,2026-09-26
277,"REDMI Note 15 SE 5G Snapdragon (Frosted White, 128 GB)",REDMI,25999,34999,25% off,4.3,"6,573",586,6 GB RAM,128 GB ROM,5800 mAh Lithium-Ion Polymer Battery,Snapdragon 6 Gen 3 Processor,17.2 cm (6.77 inch) Full HD+ AMOLED Display,50MP Rear Camera | 20MP Front Camera,,https://www.flipkart.com/redmi-note-15-se-5g-snapdragon-frosted-white-128-gb/p/itm5de45c7183f72?pid=MOBHN52FR8YCYGSZ&lid=LSTMOBHN52FR8YCYGSZKZQJLH&marketplace=FLIPKART&q=smart+phones&store=tyy%2F4io&srno=s_12_277&otracker=search&fm=organic&iid=782363fa-3b93-4f1e-83db-41eeb316032f.MOBHN52FR8YCYGSZ.SEARCH&ppt=None&ppn=None&ssid=o28sof49cg0000001790412294143&qH=a5594894156db043&ov_redirect=true,2026-09-26
278,"MOTOROLA edge 70 pro (Tailored Fabric - PANTONE Titan (Blue), 256 GB)",MOTOROLA,42999,74999,42% off,4.3,636,83,12 GB RAM,256 GB ROM,6500 mAh Silicon-Carbon Battery,Dimensity 8500 Extreme Processor,17.27 cm (6.8 inch) Full HD+ Super AMOLED Display,50MP + 50MP | 50MP Front Camera,,https://www.flipkart.com/motorola-edge-70-pro-tailored-fabric-pantone-titan-blue-256-gb/p/itm2bb5f69d7af34?pid=MOBHN973JRZJXD9Y&lid=LSTMOBHN973JRZJXD9YATO2ML&marketplace=FLIPKART&q=smart+phones&store=tyy%2F4io&srno=s_12_278&otracker=search&fm=organic&iid=782363fa-3b93-4f1e-83db-41eeb316032f.MOBHN973JRZJXD9Y.SEARCH&ppt=None&ppn=None&ssid=o28sof49cg0000001790412294143&qH=a5594894156db043&ov_redirect=true,2026-09-26
279,"Ai+ Pulse 1 (Black, 128 GB)",Ai+,9999,,,4,"10,259",755,6 GB RAM,128 GB ROM,5000 mAh Battery,T615 Processor,17.13 cm (6.745 inch) HD+ Display,50MP Rear Camera | 5MP Front Camera,,https://www.flipkart.com/ai-pulse-1-black-128-gb/p/itm28c2a982dd856?pid=MOBHDDQXGD5AGM7F&lid=LSTMOBHDDQXGD5AGM7FDRKBFK&marketplace=FLIPKART&q=smart+phones&store=tyy%2F4io&srno=s_12_279&otracker=search&fm=organic&iid=782363fa-3b93-4f1e-83db-41eeb316032f.MOBHDDQXGD5AGM7F.SEARCH&ppt=None&ppn=None&ssid=o28sof49cg0000001790412294143&qH=a5594894156db043&ov_redirect=true,2026-09-26
280,"POCO M8 Power 5G (Blaze Orange, 128 GB)",POCO,24999,54999,54% off,4.7,"1,501",885,6 GB RAM,128 GB ROM,8000 mAh Lithium-Ion Polymer Battery,Snapdragon Gen 4 Processor,17.75 cm (6.99 inch) Full HD+ AMOLED Display,50MP Rear Camera | 8MP Front Camera,,https://www.flipkart.com/poco-m8-power-5g-blaze-orange-128-gb/p/itm0edc1dd6b4e42?pid=MOBHPCYNPNCJG2UV&lid=LSTMOBHPCYNPNCJG2UVUHFGWJ&marketplace=FLIPKART&q=smart+phones&store=tyy%2F4io&srno=s_12_280&otracker=search&fm=organic&iid=782363fa-3b93-4f1e-83db-41eeb316032f.MOBHPCYNPNCJG2UV.SEARCH&ppt=None&ppn=None&ssid=o28sof49cg0000001790412294143&qH=a5594894156db043&ov_redirect=true,2026-09-26
281,"REDMI 15C 5G (Midnight Black, 128 GB)",REDMI,18490,20999,11% off,4.2,674,48,6 GB RAM,128 GB ROM,6000 mAh Battery,,17.53 cm (6.9 inch) Display,50MP Rear Camera,,https://www.flipkart.com/redmi-15c-5g-midnight-black-128-gb/p/itmc1345bb45eef3?pid=MOBHGGZ2DYFHQM6T&lid=LSTMOBHGGZ2DYFHQM6TLNFJSU&marketplace=FLIPKART&q=smart+phones&store=tyy%2F4io&srno=s_12_281&otracker=search&fm=organic&iid=782363fa-3b93-4f1e-83db-41eeb316032f.MOBHGGZ2DYFHQM6T.SEARCH&ppt=None&ppn=None&ssid=o28sof49cg0000001790412294143&qH=a5594894156db043&ov_redirect=true,2026-09-26
282,"realme Narzo 90x 5G (Aqua Blue, 128 GB)",realme,19331,24990,22% off,4,626,53,4 GB RAM,128 GB ROM,7000 mAh Battery,Dimensity 6300 Processor,17.27 cm (6.8 inch) HD+ Display,50MP Rear Camera | 8MP Front Camera,,https://www.flipkart.com/realme-narzo-90x-5g-aqua-blue-128-gb/p/itma63c5c5ce781a?pid=MOBHH3RBDV8NYP5U&lid=LSTMOBHH3RBDV8NYP5UK4L8RP&marketplace=FLIPKART&q=smart+phones&store=tyy%2F4io&srno=s_12_282&otracker=search&fm=organic&iid=782363fa-3b93-4f1e-83db-41eeb316032f.MOBHH3RBDV8NYP5U.SEARCH&ppt=None&ppn=None&ssid=o28sof49cg0000001790412294143&qH=a5594894156db043&ov_redirect=true,2026-09-26
283,"realme Narzo 90x 5G (Aqua Blue, 128 GB)",realme,20961,33999,38% off,4.3,"3,694",304,6 GB RAM,128 GB ROM,7000 mAh Battery,,17.27 cm (6.8 inch) Display,50MP Rear Camera,,https://www.flipkart.com/realme-narzo-90x-5g-aqua-blue-128-gb/p/itma63c5c5ce781a?pid=MOBHM5DFWEMV5HUH&lid=LSTMOBHM5DFWEMV5HUHYRE6WO&marketplace=FLIPKART&q=smart+phones&store=tyy%2F4io&srno=s_12_283&otracker=search&fm=organic&iid=782363fa-3b93-4f1e-83db-41eeb316032f.MOBHM5DFWEMV5HUH.SEARCH&ppt=None&ppn=None&ssid=o28sof49cg0000001790412294143&qH=a5594894156db043&ov_redirect=true,2026-09-26
284,"IQOO Neo 10 (Alpine White, 256 GB)",IQOO,48999,,,4.5,"1,293",131,12 GB RAM,256 GB ROM,7000 mAh Battery,Qualcomm Snapdragon 8s Gen 4 Processor,17.22 cm (6.78 inch) Full HD+ Super AMOLED Display,50MP Rear Camera,,https://www.flipkart.com/iqoo-neo-10-alpine-white-256-gb/p/itm0efde001342b5?pid=MOBHN6VSHRSWKYRB&lid=LSTMOBHN6VSHRSWKYRBKC2WTR&marketplace=FLIPKART&q=smart+phones&store=tyy%2F4io&srno=s_12_284&otracker=search&fm=organic&iid=782363fa-3b93-4f1e-83db-41eeb316032f.MOBHN6VSHRSWKYRB.SEARCH&ppt=None&ppn=None&ssid=o28sof49cg0000001790412294143&qH=a5594894156db043&ov_redirect=true,2026-09-26
285,"POCO C85x 5G (Elite Black, 64 GB)",POCO,14999,20999,28% off,4.1,"5,599",776,4 GB RAM,64 GB ROM,6300 mAh Lithium-Ion Polymer Battery,T8300 Processor,17.53 cm (6.9 inch) HD+ Display,32MP Rear Camera,,https://www.flipkart.com/poco-c85x-5g-elite-black-64-gb/p/itmb6ec0fa7ab991?pid=MOBHMGG5SMZEFPTQ&lid=LSTMOBHMGG5SMZEFPTQ31I99O&marketplace=FLIPKART&q=smart+phones&store=tyy%2F4io&srno=s_12_285&otracker=search&fm=organic&iid=782363fa-3b93-4f1e-83db-41eeb316032f.MOBHMGG5SMZEFPTQ.SEARCH&ppt=None&ppn=None&ssid=o28sof49cg0000001790412294143&qH=a5594894156db043&ov_redirect=true,2026-09-26
286,"realme P3 Ultra 5G (Neptune Blue, 128 GB)",realme,31999,,,4.4,"22,113","2,557",8 GB RAM,128 GB ROM,6000 mAh Battery,Dimensity 8350 Ultra Processor,17.35 cm (6.83 inch) Display,50MP + 8MP | 16MP Front Camera,,https://www.flipkart.com/realme-p3-ultra-5g-neptune-blue-128-gb/p/itm50171223b4a05?pid=MOBHAYKEXWW5SW5B&lid=LSTMOBHAYKEXWW5SW5BD6JPGU&marketplace=FLIPKART&q=smart+phones&store=tyy%2F4io&srno=s_12_286&otracker=search&fm=organic&iid=782363fa-3b93-4f1e-83db-41eeb316032f.MOBHAYKEXWW5SW5B.SEARCH&ppt=None&ppn=None&ssid=o28sof49cg0000001790412294143&qH=a5594894156db043&ov_redirect=true,2026-09-26
287,"realme P3 Ultra 5G (Orion Red, 128 GB)",realme,31999,,,4.4,"22,113","2,557",8 GB RAM,128 GB ROM,6000 mAh Battery,Dimensity 8350 Ultra Processor,17.35 cm (6.83 inch) Display,50MP + 8MP | 16MP Front Camera,,https://www.flipkart.com/realme-p3-ultra-5g-orion-red-128-gb/p/itm50171223b4a05?pid=MOBHAYKEZ94ZDEP4&lid=LSTMOBHAYKEZ94ZDEP4LHK4KR&marketplace=FLIPKART&q=smart+phones&store=tyy%2F4io&srno=s_12_287&otracker=search&fm=organic&iid=782363fa-3b93-4f1e-83db-41eeb316032f.MOBHAYKEZ94ZDEP4.SEARCH&ppt=None&ppn=None&ssid=o28sof49cg0000001790412294143&qH=a5594894156db043&ov_redirect=true,2026-09-26
288,"vivo T5x 5G (Cyber Green, 128 GB)",vivo,30999,,,4.4,"25,413","1,899",8 GB RAM,128 GB ROM,7200 mAh Li-ion Battery,Dimensity 7400-Turbo Processor,17.17 cm (6.76 inch) Display,50MP + 2MP | 32MP Front Camera,,https://www.flipkart.com/vivo-t5x-5g-cyber-green-128-gb/p/itm7da8aa253e72b?pid=MOBHH69NM5ERRNFT&lid=LSTMOBHH69NM5ERRNFTQT5JNY&marketplace=FLIPKART&q=smart+phones&store=tyy%2F4io&srno=s_12_288&otracker=search&fm=organic&iid=782363fa-3b93-4f1e-83db-41eeb316032f.MOBHH69NM5ERRNFT.SEARCH&ppt=None&ppn=None&ssid=o28sof49cg0000001790412294143&qH=a5594894156db043&ov_redirect=true,2026-09-26
289,"Samsung M36 5G (Velvet Black / Black, 128 GB)",Samsung,23976,26999,11% off,4.3,"5,748",448,6 GB RAM,128 GB ROM,5000 mAh Battery,,17.02 cm (6.7 inch) Display,50MP Rear Camera,,https://www.flipkart.com/samsung-m36-5g-velvet-black-black-128-gb/p/itm1e7be51802033?pid=MOBHEYY2FCCGHYEM&lid=LSTMOBHEYY2FCCGHYEMHJYYJK&marketplace=FLIPKART&q=smart+phones&store=tyy%2F4io&srno=s_13_289&otracker=search&fm=organic&iid=535f3a53-de17-4508-9b97-c46179ad67ae.MOBHEYY2FCCGHYEM.SEARCH&ppt=None&ppn=None&ssid=sz15esf61c0000001790412296834&qH=a5594894156db043&ov_redirect=true,2026-09-26
290,"Ai+ Pulse 2 (Blue, 128 GB)",Ai+,11499,15499,25% off,4.1,"12,833",906,4 GB RAM,128 GB ROM,6000 mAh Battery,T7250 Processor,17.13 cm (6.745 inch) HD+ Display,50MP Rear Camera | 8MP Front Camera,,https://www.flipkart.com/ai-pulse-2-blue-128-gb/p/itm982c299d0417e?pid=MOBHZPMCBYNXVYDB&lid=LSTMOBHZPMCBYNXVYDBFJKORE&marketplace=FLIPKART&q=smart+phones&store=tyy%2F4io&srno=s_13_290&otracker=search&fm=organic&iid=535f3a53-de17-4508-9b97-c46179ad67ae.MOBHZPMCBYNXVYDB.SEARCH&ppt=None&ppn=None&ssid=sz15esf61c0000001790412296834&qH=a5594894156db043&ov_redirect=true,2026-09-26
291,"REDMI 15C 5G (Moonlight Blue, 128 GB)",REDMI,17498,29999,41% off,3.7,856,93,4 GB RAM,128 GB ROM,6000 mAh Battery,,17.53 cm (6.9 inch) Display,50MP Rear Camera,,https://www.flipkart.com/redmi-15c-5g-moonlight-blue-128-gb/p/itmc1345bb45eef3?pid=MOBHGGZ2BYJKEYEC&lid=LSTMOBHGGZ2BYJKEYECLTYT1I&marketplace=FLIPKART&q=smart+phones&store=tyy%2F4io&srno=s_13_291&otracker=search&fm=organic&iid=535f3a53-de17-4508-9b97-c46179ad67ae.MOBHGGZ2BYJKEYEC.SEARCH&ppt=None&ppn=None&ssid=sz15esf61c0000001790412296834&qH=a5594894156db043&ov_redirect=true,2026-09-26
292,"OnePlus Nord 6 (Pitch Black, 256 GB)",OnePlus,54990,56999,3% off,4.5,264,31,12 GB RAM,256 GB ROM,9000 mAh Battery,4 octa-core processor Processor,17.22 cm (6.78 inch) Full HD+ Display,50MP Rear Camera,,https://www.flipkart.com/oneplus-nord-6-pitch-black-256-gb/p/itmc49f71cdc4080?pid=MOBHMBXBMGCDHP55&lid=LSTMOBHMBXBMGCDHP55ZRNDBG&marketplace=FLIPKART&q=smart+phones&store=tyy%2F4io&srno=s_13_292&otracker=search&fm=organic&iid=535f3a53-de17-4508-9b97-c46179ad67ae.MOBHMBXBMGCDHP55.SEARCH&ppt=None&ppn=None&ssid=sz15esf61c0000001790412296834&qH=a5594894156db043&ov_redirect=true,2026-09-26
293,"Samsung Galaxy A36 5G (Awesome Lavender, 128 GB)",Samsung,35999,,,4.4,"5,242",808,8 GB RAM,128 GB ROM,5000 mAh Battery,Qualcomm Snapdragon 6 Gen 3 Processor,17.02 cm (6.7 inch) Full HD+ Display,50MP + 8MP | 12MP Front Camera,,https://www.flipkart.com/samsung-galaxy-a36-5g-awesome-lavender-128-gb/p/itm5a2d339a8cc5b?pid=MOBH9RNGFN76WMFF&lid=LSTMOBH9RNGFN76WMFFRDHQVS&marketplace=FLIPKART&q=smart+phones&store=tyy%2F4io&srno=s_13_293&otracker=search&fm=organic&iid=535f3a53-de17-4508-9b97-c46179ad67ae.MOBH9RNGFN76WMFF.SEARCH&ppt=None&ppn=None&ssid=sz15esf61c0000001790412296834&qH=a5594894156db043&ov_redirect=true,2026-09-26
294,"realme 15 Pro 5G (Velvet Green, 128 GB)",realme,35999,,,4.3,"11,519","1,290",8 GB RAM,128 GB ROM,7000 mAh Battery,Snapdragon 7 Gen 4 Processor,17.27 cm (6.8 inch) Display,50MP + 50MP | 50MP Front Camera,,https://www.flipkart.com/realme-15-pro-5g-velvet-green-128-gb/p/itm216cdbf4baea0?pid=MOBHDVK22H9WFF8M&lid=LSTMOBHDVK22H9WFF8MVKKTWF&marketplace=FLIPKART&q=smart+phones&store=tyy%2F4io&srno=s_13_294&otracker=search&fm=organic&iid=535f3a53-de17-4508-9b97-c46179ad67ae.MOBHDVK22H9WFF8M.SEARCH&ppt=None&ppn=None&ssid=sz15esf61c0000001790412296834&qH=a5594894156db043&ov_redirect=true,2026-09-26
295,"MOTOROLA Signature (PANTONE Martini Olive, 512 GB)",MOTOROLA,64999,79999,18% off,4.5,"1,247",228,16 GB RAM,512 GB ROM,5200 mAh Battery,Snapdragon 8 Gen 5 Processor,17.27 cm (6.8 inch) Super HD Display,50MP + 50MP + 50MP | 50MP Front Camera,,https://www.flipkart.com/motorola-signature-pantone-martini-olive-512-gb/p/itm74c2055820110?pid=MOBHGVJY6SUYWYTK&lid=LSTMOBHGVJY6SUYWYTK1ML1KA&marketplace=FLIPKART&q=smart+phones&store=tyy%2F4io&srno=s_13_295&otracker=search&fm=organic&iid=535f3a53-de17-4508-9b97-c46179ad67ae.MOBHGVJY6SUYWYTK.SEARCH&ppt=None&ppn=None&ssid=sz15esf61c0000001790412296834&qH=a5594894156db043&ov_redirect=true,2026-09-26
296,"Ai+ Nova 2 Pro 5G (Blue, 128 GB)",Ai+,17999,21999,18% off,4,"2,278",268,6 GB RAM,128 GB ROM,6000 mAh Li-polymer Battery,Dimensity 7100 Processor,17.53 cm (6.9 inch) Full HD+ Display,48MP Rear Camera | 13MP Front Camera,,https://www.flipkart.com/ai-nova-2-pro-5g-blue-128-gb/p/itmfcb5acce99b5c?pid=MOBHZ8ZMMPVZHE89&lid=LSTMOBHZ8ZMMPVZHE89JVCX01&marketplace=FLIPKART&q=smart+phones&store=tyy%2F4io&srno=s_13_296&otracker=search&fm=organic&iid=535f3a53-de17-4508-9b97-c46179ad67ae.MOBHZ8ZMMPVZHE89.SEARCH&ppt=None&ppn=None&ssid=sz15esf61c0000001790412296834&qH=a5594894156db043&ov_redirect=true,2026-09-26
297,"vivo T5x 5G (Star Silver, 128 GB)",vivo,30999,,,4.4,"25,413","1,899",8 GB RAM,128 GB ROM,7200 mAh Li-ion Battery,Dimensity 7400-Turbo Processor,17.17 cm (6.76 inch) Display,50MP + 2MP | 32MP Front Camera,,https://www.flipkart.com/vivo-t5x-5g-star-silver-128-gb/p/itm7da8aa253e72b?pid=MOBHH69N2XATECZZ&lid=LSTMOBHH69N2XATECZZPPRNX7&marketplace=FLIPKART&q=smart+phones&store=tyy%2F4io&srno=s_13_297&otracker=search&fm=organic&iid=535f3a53-de17-4508-9b97-c46179ad67ae.MOBHH69N2XATECZZ.SEARCH&ppt=None&ppn=None&ssid=sz15esf61c0000001790412296834&qH=a5594894156db043&ov_redirect=true,2026-09-26
298,"realme Gt 7 (Icesense Black, 512 GB)",realme,48999,52999,7% off,4.5,"1,520",197,12 GB RAM,512 GB ROM,7000 mAh Battery,Dimensity Processor,17.22 cm (6.78 inch) Full HD+ AMOLED Display,50MP + 50MP + 50MP + 8MP | 32MP + 32MP Dual Front Camera,,https://www.flipkart.com/realme-gt-7-icesense-black-512-gb/p/itm6cc8f84d92e2f?pid=MOBHCZYZJ756E2YU&lid=LSTMOBHCZYZJ756E2YUZRPIYC&marketplace=FLIPKART&q=smart+phones&store=tyy%2F4io&srno=s_13_298&otracker=search&fm=organic&iid=535f3a53-de17-4508-9b97-c46179ad67ae.MOBHCZYZJ756E2YU.SEARCH&ppt=None&ppn=None&ssid=sz15esf61c0000001790412296834&qH=a5594894156db043&ov_redirect=true,2026-09-26
299,"vivo T5x 5G (Cyber Green, 256 GB)",vivo,33999,,,4.4,"25,413","1,899",8 GB RAM,256 GB ROM,7200 mAh Li-ion Battery,Dimensity 7400-Turbo Processor,17.17 cm (6.76 inch) Display,50MP + 2MP | 32MP Front Camera,,https://www.flipkart.com/vivo-t5x-5g-cyber-green-256-gb/p/itm7da8aa253e72b?pid=MOBHH69NQGVVYQSG&lid=LSTMOBHH69NQGVVYQSGQNVHLI&marketplace=FLIPKART&q=smart+phones&store=tyy%2F4io&srno=s_13_299&otracker=search&fm=organic&iid=535f3a53-de17-4508-9b97-c46179ad67ae.MOBHH69NQGVVYQSG.SEARCH&ppt=None&ppn=None&ssid=sz15esf61c0000001790412296834&qH=a5594894156db043&ov_redirect=true,2026-09-26
300,"vivo T5x 5G (Star Silver, 256 GB)",vivo,33999,,,4.4,"25,413","1,899",8 GB RAM,256 GB ROM,7200 mAh Li-ion Battery,Dimensity 7400-Turbo Processor,17.17 cm (6.76 inch) Display,50MP + 2MP | 32MP Front Camera,,https://www.flipkart.com/vivo-t5x-5g-star-silver-256-gb/p/itm7da8aa253e72b?pid=MOBHH69NHR7WUR3H&lid=LSTMOBHH69NHR7WUR3HYBC1AF&marketplace=FLIPKART&q=smart+phones&store=tyy%2F4io&srno=s_13_300&otracker=search&fm=organic&iid=535f3a53-de17-4508-9b97-c46179ad67ae.MOBHH69NHR7WUR3H.SEARCH&ppt=None&ppn=None&ssid=sz15esf61c0000001790412296834&qH=a5594894156db043&ov_redirect=true,2026-09-26
301,"POCO C71  - Locked with Airtel Prepaid (Desert Gold, 64 GB)",POCO,8999,,,3.8,"61,843","3,316",4 GB RAM,64 GB ROM,5200 mAh Battery,Unisoc T7250,17.48 cm (6.88 inch) HD+ Display,32MP Rear Camera | 8MP Front Camera,,https://www.flipkart.com/poco-c71-locked-airtel-prepaid-desert-gold-64-gb/p/itmb0bb5af15d090?pid=MOBHAFVJ5QYQMBRV&lid=LSTMOBHAFVJ5QYQMBRVX1X4P4&marketplace=FLIPKART&q=smart+phones&store=tyy%2F4io&srno=s_13_301&otracker=search&fm=organic&iid=535f3a53-de17-4508-9b97-c46179ad67ae.MOBHAFVJ5QYQMBRV.SEARCH&ppt=None&ppn=None&ssid=sz15esf61c0000001790412296834&qH=a5594894156db043&ov_redirect=true,2026-09-26
302,"MOTOROLA g24 Power (Glacier Blue, 128 GB)",MOTOROLA,9999,11999,16% off,4.2,"15,335","1,132",4 GB RAM,128 GB ROM,6000 mAh Battery,Helio G85 Processor,16.76 cm (6.6 inch) HD+ Display,50MP + 2MP | 16MP Front Camera,,https://www.flipkart.com/motorola-g24-power-glacier-blue-128-gb/p/itm766650509967e?pid=MOBGUFK4FEVX2D5T&lid=LSTMOBGUFK4FEVX2D5TLQB9XK&marketplace=FLIPKART&q=smart+phones&store=tyy%2F4io&srno=s_13_302&otracker=search&fm=organic&iid=535f3a53-de17-4508-9b97-c46179ad67ae.MOBGUFK4FEVX2D5T.SEARCH&ppt=None&ppn=None&ssid=sz15esf61c0000001790412296834&qH=a5594894156db043&ov_redirect=true,2026-09-26
303,"MOTOROLA g24 Power (Ink blue, 128 GB)",MOTOROLA,10999,12999,15% off,4.2,"12,928",895,8 GB RAM,128 GB ROM,6000 mAh Battery,Helio G85 Processor,16.76 cm (6.6 inch) HD+ Display,50MP + 2MP | 16MP Front Camera,,https://www.flipkart.com/motorola-g24-power-ink-blue-128-gb/p/itm38450b60d2af2?pid=MOBGUFK4RNVPCG3M&lid=LSTMOBGUFK4RNVPCG3M3BS00T&marketplace=FLIPKART&q=smart+phones&store=tyy%2F4io&srno=s_13_303&otracker=search&fm=organic&iid=535f3a53-de17-4508-9b97-c46179ad67ae.MOBGUFK4RNVPCG3M.SEARCH&ppt=None&ppn=None&ssid=sz15esf61c0000001790412296834&qH=a5594894156db043&ov_redirect=true,2026-09-26
304,"Infinix SMART 10 (Twilight Gold, 64 GB)",Infinix,11999,,,4.3,"1,346",93,4 GB RAM,64 GB ROM,5000 mAh Battery,UniSoc T7250 Processor,16.94 cm (6.67 inch) HD+ Display,8MP Rear Camera | 8MP Front Camera,,https://www.flipkart.com/infinix-smart-10-twilight-gold-64-gb/p/itm0bde9cee1963a?pid=MOBHDVGSYQ7Z3AYP&lid=LSTMOBHDVGSYQ7Z3AYPBBWMOI&marketplace=FLIPKART&q=smart+phones&store=tyy%2F4io&srno=s_13_304&otracker=search&fm=organic&iid=535f3a53-de17-4508-9b97-c46179ad67ae.MOBHDVGSYQ7Z3AYP.SEARCH&ppt=None&ppn=None&ssid=sz15esf61c0000001790412296834&qH=a5594894156db043&ov_redirect=true,2026-09-26
305,"MOTOROLA g35 5G (Leaf Green, 128 GB)",MOTOROLA,12499,,,4.2,"1,40,594","9,745",4 GB RAM,128 GB ROM,5000 mAh Battery,T760 Processor,17.07 cm (6.72 inch) Full HD+ Display,50MP + 8MP | 16MP Front Camera,5G,https://www.flipkart.com/motorola-g35-5g-leaf-green-128-gb/p/itma3ca32cc93927?pid=MOBH3YGPQHRSNQED&lid=LSTMOBH3YGPQHRSNQEDLDGOMQ&marketplace=FLIPKART&q=smart+phones&store=tyy%2F4io&srno=s_13_305&otracker=search&fm=organic&iid=535f3a53-de17-4508-9b97-c46179ad67ae.MOBH3YGPQHRSNQED.SEARCH&ppt=None&ppn=None&ssid=sz15esf61c0000001790412296834&qH=a5594894156db043&ov_redirect=true,2026-09-26
306,"vivo T5x 5G (Satin Silver, 128 GB)",vivo,30999,50999,39% off,4.4,"25,413","1,899",8 GB RAM,128 GB ROM,7200 mAh Li-ion Battery,Dimensity 7400-Turbo Processor,17.17 cm (6.76 inch) Display,50MP + 2MP | 32MP Front Camera,,https://www.flipkart.com/vivo-t5x-5g-satin-silver-128-gb/p/itm7da8aa253e72b?pid=MOBHQC8ZAWDR2R4B&lid=LSTMOBHQC8ZAWDR2R4BK3KHDA&marketplace=FLIPKART&q=smart+phones&store=tyy%2F4io&srno=s_13_306&otracker=search&fm=organic&iid=535f3a53-de17-4508-9b97-c46179ad67ae.MOBHQC8ZAWDR2R4B.SEARCH&ppt=None&ppn=None&ssid=sz15esf61c0000001790412296834&qH=a5594894156db043&ov_redirect=true,2026-09-26
307,"vivo T5x 5G (Cosmic Green, 128 GB)",vivo,30999,50999,39% off,4.4,"25,413","1,899",8 GB RAM,128 GB ROM,7200 mAh Li-ion Battery,Dimensity 7400-Turbo Processor,17.17 cm (6.76 inch) Display,50MP + 2MP | 32MP Front Camera,,https://www.flipkart.com/vivo-t5x-5g-cosmic-green-128-gb/p/itm7da8aa253e72b?pid=MOBHQC8ZFHNFPRMU&lid=LSTMOBHQC8ZFHNFPRMUVCYVMQ&marketplace=FLIPKART&q=smart+phones&store=tyy%2F4io&srno=s_13_307&otracker=search&fm=organic&iid=535f3a53-de17-4508-9b97-c46179ad67ae.MOBHQC8ZFHNFPRMU.SEARCH&ppt=None&ppn=None&ssid=sz15esf61c0000001790412296834&qH=a5594894156db043&ov_redirect=true,2026-09-26
308,"Infinix SMART 10 (Sleek Black, 64 GB)",Infinix,11999,,,4.3,"1,346",93,4 GB RAM,64 GB ROM,5000 mAh Battery,UniSoc T7250 Processor,16.94 cm (6.67 inch) HD+ Display,8MP Rear Camera | 8MP Front Camera,,https://www.flipkart.com/infinix-smart-10-sleek-black-64-gb/p/itm0bde9cee1963a?pid=MOBHDVGSPFX6ZAEG&lid=LSTMOBHDVGSPFX6ZAEGQYLPDK&marketplace=FLIPKART&q=smart+phones&store=tyy%2F4io&srno=s_13_308&otracker=search&fm=organic&iid=535f3a53-de17-4508-9b97-c46179ad67ae.MOBHDVGSPFX6ZAEG.SEARCH&ppt=None&ppn=None&ssid=sz15esf61c0000001790412296834&qH=a5594894156db043&ov_redirect=true,2026-09-26
309,"POCO C71 (Desert Gold, 64 GB)",POCO,8999,,,3.8,"61,843","3,316",4 GB RAM,64 GB ROM,5200 mAh Battery,Unisoc T7250,17.48 cm (6.88 inch) HD+ Display,32MP Rear Camera | 8MP Front Camera,,https://www.flipkart.com/poco-c71-desert-gold-64-gb/p/itme3dc58af6a04b?pid=MOBHAFVJZ5CHWMH8&lid=LSTMOBHAFVJZ5CHWMH8MZ5M5D&marketplace=FLIPKART&q=smart+phones&store=tyy%2F4io&srno=s_13_309&otracker=search&fm=organic&iid=535f3a53-de17-4508-9b97-c46179ad67ae.MOBHAFVJZ5CHWMH8.SEARCH&ppt=None&ppn=None&ssid=sz15esf61c0000001790412296834&qH=a5594894156db043&ov_redirect=true,2026-09-26
310,"vivo T5x 5G (Cosmic Green, 128 GB)",vivo,27999,45999,39% off,4.4,"21,915","1,497",6 GB RAM,128 GB ROM,7200 mAh Li-ion Battery,Dimensity 7400-Turbo Processor,17.17 cm (6.76 inch) Display,50MP + 2MP | 32MP Front Camera,,https://www.flipkart.com/vivo-t5x-5g-cosmic-green-128-gb/p/itm7da8aa253e72b?pid=MOBHQC8ZMRCP62TS&lid=LSTMOBHQC8ZMRCP62TSTXXKV0&marketplace=FLIPKART&q=smart+phones&store=tyy%2F4io&srno=s_13_310&otracker=search&fm=organic&iid=535f3a53-de17-4508-9b97-c46179ad67ae.MOBHQC8ZMRCP62TS.SEARCH&ppt=None&ppn=None&ssid=sz15esf61c0000001790412296834&qH=a5594894156db043&ov_redirect=true,2026-09-26
311,"Infinix SMART 10 (Titanium Silver, 64 GB)",Infinix,11999,,,4.3,"1,346",93,4 GB RAM,64 GB ROM,5000 mAh Battery,UniSoc T7250 Processor,16.94 cm (6.67 inch) HD+ Display,8MP Rear Camera | 8MP Front Camera,,https://www.flipkart.com/infinix-smart-10-titanium-silver-64-gb/p/itm0bde9cee1963a?pid=MOBHDVGSSZABH6YH&lid=LSTMOBHDVGSSZABH6YH5BLVBS&marketplace=FLIPKART&q=smart+phones&store=tyy%2F4io&srno=s_13_311&otracker=search&fm=organic&iid=535f3a53-de17-4508-9b97-c46179ad67ae.MOBHDVGSSZABH6YH.SEARCH&ppt=None&ppn=None&ssid=sz15esf61c0000001790412296834&qH=a5594894156db043&ov_redirect=true,2026-09-26
312,"vivo T5x 5G (Satin Silver, 128 GB)",vivo,27999,45999,39% off,4.4,"21,915","1,497",6 GB RAM,128 GB ROM,7200 mAh Li-ion Battery,Dimensity 7400-Turbo Processor,17.17 cm (6.76 inch) Display,50MP + 2MP | 32MP Front Camera,,https://www.flipkart.com/vivo-t5x-5g-satin-silver-128-gb/p/itm7da8aa253e72b?pid=MOBHQC8ZUXZ4YM5F&lid=LSTMOBHQC8ZUXZ4YM5FJA0BYF&marketplace=FLIPKART&q=smart+phones&store=tyy%2F4io&srno=s_13_312&otracker=search&fm=organic&iid=535f3a53-de17-4508-9b97-c46179ad67ae.MOBHQC8ZUXZ4YM5F.SEARCH&ppt=None&ppn=None&ssid=sz15esf61c0000001790412296834&qH=a5594894156db043&ov_redirect=true,2026-09-26
313,"POCO C71 (Cool Blue, 64 GB)",POCO,8999,,,3.8,"61,843","3,316",4 GB RAM,64 GB ROM,5200 mAh Battery,Unisoc T7250,17.48 cm (6.88 inch) HD+ Display,32MP Rear Camera | 8MP Front Camera,,https://www.flipkart.com/poco-c71-cool-blue-64-gb/p/itm7a3f787718dd8?pid=MOBHAFVJJ7YTUYV8&lid=LSTMOBHAFVJJ7YTUYV8NFU7XU&marketplace=FLIPKART&q=smart+phones&store=tyy%2F4io&srno=s_14_313&otracker=search&fm=organic&iid=d32de548-7cc2-4389-ad74-fe2ac2c6803b.MOBHAFVJJ7YTUYV8.SEARCH&ppt=None&ppn=None&ssid=iodufk6b2o0000001790412299511&qH=a5594894156db043&ov_redirect=true,2026-09-26
314,"MOTOROLA g06 power (Pantone tapestry, 64 GB)",MOTOROLA,15999,19999,20% off,4.2,"23,993","1,670",4 GB RAM,64 GB ROM,7000 mAh Battery,Helio G81 Processor,17.48 cm (6.88 inch) HD+ Display,50MP Rear Camera | 8MP Front Camera,,https://www.flipkart.com/motorola-g06-power-pantone-tapestry-64-gb/p/itm29390fa68401d?pid=MOBHN973FFYHGUGG&lid=LSTMOBHN973FFYHGUGG27JKDQ&marketplace=FLIPKART&q=smart+phones&store=tyy%2F4io&srno=s_14_314&otracker=search&fm=organic&iid=d32de548-7cc2-4389-ad74-fe2ac2c6803b.MOBHN973FFYHGUGG.SEARCH&ppt=None&ppn=None&ssid=iodufk6b2o0000001790412299511&qH=a5594894156db043&ov_redirect=true,2026-09-26
315,"POCO C85 5G (Spring Green, 128 GB)",POCO,18999,20999,9% off,3.8,"2,710",291,4 GB RAM,128 GB ROM,6000 mAh Lithium-Ion Polymer Battery,Dimensity 6300 Processor,17.53 cm (6.9 inch) HD+ Display,50MP Rear Camera | 8MP Front Camera,,https://www.flipkart.com/poco-c85-5g-spring-green-128-gb/p/itmc1e583dec018e?pid=MOBHMGG5GUM8R5GJ&lid=LSTMOBHMGG5GUM8R5GJJJ1MVA&marketplace=FLIPKART&q=smart+phones&store=tyy%2F4io&srno=s_14_315&otracker=search&fm=organic&iid=d32de548-7cc2-4389-ad74-fe2ac2c6803b.MOBHMGG5GUM8R5GJ.SEARCH&ppt=None&ppn=None&ssid=iodufk6b2o0000001790412299511&qH=a5594894156db043&ov_redirect=true,2026-09-26
316,"POCO M8 (Glacial Blue, 128 GB)",POCO,24999,25999,3% off,4.3,"3,794",357,6 GB RAM,128 GB ROM,5520 mAh Battery,,17.2 cm (6.77 inch) Full HD+ Display,50MP Rear Camera | 20MP Front Camera,,https://www.flipkart.com/poco-m8-glacial-blue-128-gb/p/itme842f8232f12d?pid=MOBHMGG5XCXH4QYY&lid=LSTMOBHMGG5XCXH4QYY8WJBHR&marketplace=FLIPKART&q=smart+phones&store=tyy%2F4io&srno=s_14_316&otracker=search&fm=organic&iid=d32de548-7cc2-4389-ad74-fe2ac2c6803b.MOBHMGG5XCXH4QYY.SEARCH&ppt=None&ppn=None&ssid=iodufk6b2o0000001790412299511&qH=a5594894156db043&ov_redirect=true,2026-09-26
317,"Samsung Galaxy F06 5G (Bahama Blue, 128 GB)",Samsung,13999,,,4.2,"48,036","3,567",4 GB RAM,128 GB ROM,5000 mAh Battery,Dimensity 6300 Processor,43.23 cm (17.018 cm) HD+ Display,50MP + 2MP | 8MP Front Camera,,https://www.flipkart.com/samsung-galaxy-f06-5g-bahama-blue-128-gb/p/itm58189fada62cb?pid=MOBH9AS47XHFRMJY&lid=LSTMOBH9AS47XHFRMJYWI8CRI&marketplace=FLIPKART&q=smart+phones&store=tyy%2F4io&srno=s_14_317&otracker=search&fm=organic&iid=d32de548-7cc2-4389-ad74-fe2ac2c6803b.MOBH9AS47XHFRMJY.SEARCH&ppt=None&ppn=None&ssid=iodufk6b2o0000001790412299511&qH=a5594894156db043&ov_redirect=true,2026-09-26
318,"vivo T5x 5G (Satin Silver, 256 GB)",vivo,34999,56999,38% off,4.4,"25,413","1,899",8 GB RAM,256 GB ROM,7200 mAh Li-ion Battery,Dimensity 7400-Turbo Processor,17.17 cm (6.76 inch) Display,50MP + 2MP | 32MP Front Camera,,https://www.flipkart.com/vivo-t5x-5g-satin-silver-256-gb/p/itm7da8aa253e72b?pid=MOBHQC8ZT4YBUJSK&lid=LSTMOBHQC8ZT4YBUJSKOBFFDS&marketplace=FLIPKART&q=smart+phones&store=tyy%2F4io&srno=s_14_318&otracker=search&fm=organic&iid=d32de548-7cc2-4389-ad74-fe2ac2c6803b.MOBHQC8ZT4YBUJSK.SEARCH&ppt=None&ppn=None&ssid=iodufk6b2o0000001790412299511&qH=a5594894156db043&ov_redirect=true,2026-09-26
319,"MOTOROLA g06 power (Pantone Laurel Oak, 64 GB)",MOTOROLA,15999,19999,20% off,4.2,"23,993","1,670",4 GB RAM,64 GB ROM,7000 mAh Battery,Helio G81 Processor,17.48 cm (6.88 inch) HD+ Display,50MP Rear Camera | 8MP Front Camera,,https://www.flipkart.com/motorola-g06-power-pantone-laurel-oak-64-gb/p/itm1010d22c11412?pid=MOBHN973VRPBQTKY&lid=LSTMOBHN973VRPBQTKYGYH2X6&marketplace=FLIPKART&q=smart+phones&store=tyy%2F4io&srno=s_14_319&otracker=search&fm=organic&iid=d32de548-7cc2-4389-ad74-fe2ac2c6803b.MOBHN973VRPBQTKY.SEARCH&ppt=None&ppn=None&ssid=iodufk6b2o0000001790412299511&qH=a5594894156db043&ov_redirect=true,2026-09-26
320,"vivo T5x 5G (Cosmic Green, 256 GB)",vivo,34999,56999,38% off,4.4,"25,413","1,899",8 GB RAM,256 GB ROM,7200 mAh Li-ion Battery,Dimensity 7400-Turbo Processor,17.17 cm (6.76 inch) Display,50MP + 2MP | 32MP Front Camera,,https://www.flipkart.com/vivo-t5x-5g-cosmic-green-256-gb/p/itm7da8aa253e72b?pid=MOBHQC8ZYMX7HHC8&lid=LSTMOBHQC8ZYMX7HHC8QBSDO9&marketplace=FLIPKART&q=smart+phones&store=tyy%2F4io&srno=s_14_320&otracker=search&fm=organic&iid=d32de548-7cc2-4389-ad74-fe2ac2c6803b.MOBHQC8ZYMX7HHC8.SEARCH&ppt=None&ppn=None&ssid=iodufk6b2o0000001790412299511&qH=a5594894156db043&ov_redirect=true,2026-09-26
321,"POCO C71  - Locked with Airtel Prepaid (Power Black, 64 GB)",POCO,8999,,,3.8,"61,843","3,316",4 GB RAM,64 GB ROM,5200 mAh Battery,Unisoc T7250,17.48 cm (6.88 inch) HD+ Display,32MP Rear Camera | 8MP Front Camera,,https://www.flipkart.com/poco-c71-locked-airtel-prepaid-power-black-64-gb/p/itm24887c72b7130?pid=MOBHAFVJMF328YYJ&lid=LSTMOBHAFVJMF328YYJQZ40NI&marketplace=FLIPKART&q=smart+phones&store=tyy%2F4io&srno=s_14_321&otracker=search&fm=organic&iid=d32de548-7cc2-4389-ad74-fe2ac2c6803b.MOBHAFVJMF328YYJ.SEARCH&ppt=None&ppn=None&ssid=iodufk6b2o0000001790412299511&qH=a5594894156db043&ov_redirect=true,2026-09-26
322,"POCO M8 (Frost Silver, 128 GB)",POCO,24999,25999,3% off,4.3,"3,794",357,6 GB RAM,128 GB ROM,5520 mAh Battery,,17.2 cm (6.77 inch) Full HD+ Display,50MP Rear Camera | 20MP Front Camera,,https://www.flipkart.com/poco-m8-frost-silver-128-gb/p/itm42b9da2073832?pid=MOBHMGG5HBC8MRBG&lid=LSTMOBHMGG5HBC8MRBGMCO2Y6&marketplace=FLIPKART&q=smart+phones&store=tyy%2F4io&srno=s_14_322&otracker=search&fm=organic&iid=d32de548-7cc2-4389-ad74-fe2ac2c6803b.MOBHMGG5HBC8MRBG.SEARCH&ppt=None&ppn=None&ssid=iodufk6b2o0000001790412299511&qH=a5594894156db043&ov_redirect=true,2026-09-26
323,"POCO C61 (Ethereal Blue, 64 GB)",POCO,6980,8999,22% off,4.1,"1,10,987","4,670",4 GB RAM,64 GB ROM,5000 mAh Battery,Helio G36 Processor,17.04 cm (6.71 inch) HD+ Display,8MP Rear Camera | 5MP Front Camera,,https://www.flipkart.com/poco-c61-ethereal-blue-64-gb/p/itm1ad43e7c80ab8?pid=MOBH92ADWH3ZKKGA&lid=LSTMOBH92ADWH3ZKKGAPB4OBL&marketplace=FLIPKART&q=smart+phones&store=tyy%2F4io&srno=s_14_323&otracker=search&fm=organic&iid=d32de548-7cc2-4389-ad74-fe2ac2c6803b.MOBH92ADWH3ZKKGA.SEARCH&ppt=None&ppn=None&ssid=iodufk6b2o0000001790412299511&qH=a5594894156db043&ov_redirect=true,2026-09-26
324,"POCO C75 5G (Aqua Bliss, 128 GB)",POCO,11499,,,4.2,"1,49,598","7,648",4 GB RAM,128 GB ROM,5160 mAh Battery,4s Gen 2 5G Processor,17.48 cm (6.88 inch) HD+ Display,50MP Rear Camera | 5MP Front Camera,5G,https://www.flipkart.com/poco-c75-5g-aqua-bliss-128-gb/p/itmc8ac71aacc115?pid=MOBHBC3WFGTCNDD7&lid=LSTMOBHBC3WFGTCNDD7ZMJ2GB&marketplace=FLIPKART&q=smart+phones&store=tyy%2F4io&srno=s_14_324&otracker=search&fm=organic&iid=d32de548-7cc2-4389-ad74-fe2ac2c6803b.MOBHBC3WFGTCNDD7.SEARCH&ppt=None&ppn=None&ssid=iodufk6b2o0000001790412299511&qH=a5594894156db043&ov_redirect=true,2026-09-26
325,"POCO M8 (Glacial Blue, 256 GB)",POCO,28999,29999,3% off,4.3,"2,284",208,8 GB RAM,256 GB ROM,5520 mAh Battery,,17.2 cm (6.77 inch) Full HD+ Display,50MP Rear Camera | 20MP Front Camera,,https://www.flipkart.com/poco-m8-glacial-blue-256-gb/p/itm99dfa9cac4d0e?pid=MOBHMGG5HRRKUHXX&lid=LSTMOBHMGG5HRRKUHXXW0KD1Z&marketplace=FLIPKART&q=smart+phones&store=tyy%2F4io&srno=s_14_325&otracker=search&fm=organic&iid=d32de548-7cc2-4389-ad74-fe2ac2c6803b.MOBHMGG5HRRKUHXX.SEARCH&ppt=None&ppn=None&ssid=iodufk6b2o0000001790412299511&qH=a5594894156db043&ov_redirect=true,2026-09-26
326,"Samsung Galaxy F06 5G (Bahama Blue, 128 GB)",Samsung,15999,18999,15% off,4.2,"25,821","2,004",6 GB RAM,128 GB ROM,5000 mAh Battery,Dimensity 6300 Processor,17.02 cm (6.7 inch) HD+ Display,50MP + 2MP | 8MP Front Camera,,https://www.flipkart.com/samsung-galaxy-f06-5g-bahama-blue-128-gb/p/itmc1c2297bdfa31?pid=MOBHMGHHMFGB82H9&lid=LSTMOBHMGHHMFGB82H9KLU2MA&marketplace=FLIPKART&q=smart+phones&store=tyy%2F4io&srno=s_14_326&otracker=search&fm=organic&iid=d32de548-7cc2-4389-ad74-fe2ac2c6803b.MOBHMGHHMFGB82H9.SEARCH&ppt=None&ppn=None&ssid=iodufk6b2o0000001790412299511&qH=a5594894156db043&ov_redirect=true,2026-09-26
327,"realme C61 (Safari Green, 64 GB)",realme,7249,8999,19% off,4.3,"37,550","1,668",4 GB RAM,64 GB ROM,5000 mAh Battery,T612 Processor,17.13 cm (6.745 inch) HD+ Display,32MP Rear Camera | 5MP Front Camera,,https://www.flipkart.com/realme-c61-safari-green-64-gb/p/itmd6ddbcefce040?pid=MOBHFRKRF6ZHBFTW&lid=LSTMOBHFRKRF6ZHBFTWCWTV1O&marketplace=FLIPKART&q=smart+phones&store=tyy%2F4io&srno=s_14_327&otracker=search&fm=organic&iid=d32de548-7cc2-4389-ad74-fe2ac2c6803b.MOBHFRKRF6ZHBFTW.SEARCH&ppt=None&ppn=None&ssid=iodufk6b2o0000001790412299511&qH=a5594894156db043&ov_redirect=true,2026-09-26
328,"POCO C61 (Mystical Green, 64 GB)",POCO,6810,8999,24% off,4.1,"1,10,987","4,670",4 GB RAM,64 GB ROM,5000 mAh Battery,Helio G36 Processor,17.04 cm (6.71 inch) HD+ Display,8MP Rear Camera | 5MP Front Camera,,https://www.flipkart.com/poco-c61-mystical-green-64-gb/p/itm1cd83db32b701?pid=MOBH92ADEQ2VYZEP&lid=LSTMOBH92ADEQ2VYZEPMQSDEV&marketplace=FLIPKART&q=smart+phones&store=tyy%2F4io&srno=s_14_328&otracker=search&fm=organic&iid=d32de548-7cc2-4389-ad74-fe2ac2c6803b.MOBH92ADEQ2VYZEP.SEARCH&ppt=None&ppn=None&ssid=iodufk6b2o0000001790412299511&qH=a5594894156db043&ov_redirect=true,2026-09-26
329,"Apple iPhone 15 (Black, 128 GB)",Apple,,,,4.6,"2,48,900","9,805",,,,"A16 Bionic Chip, 6 Core Processor Processor",15.49 cm (6.1 inch) Super Retina XDR Display,48MP + 12MP | 12MP Front Camera,,https://www.flipkart.com/apple-iphone-15-black-128-gb/p/itm6ac6485515ae4?pid=MOBGTAGPTB3VS24W&q=smart+phones&store=tyy%2F4io&srno=s_14_329&otracker=search&fm=organic&iid=d32de548-7cc2-4389-ad74-fe2ac2c6803b.MOBGTAGPTB3VS24W.SEARCH&ppt=None&ppn=None&ssid=iodufk6b2o0000001790412299511&qH=a5594894156db043&ov_redirect=true,2026-09-26
330,"POCO C75 5G (Enchanted Green, 128 GB)",POCO,11499,,,4.2,"1,49,598","7,648",4 GB RAM,128 GB ROM,5160 mAh Battery,4s Gen 2 5G Processor,17.48 cm (6.88 inch) HD+ Display,50MP Rear Camera | 5MP Front Camera,5G,https://www.flipkart.com/poco-c75-5g-enchanted-green-128-gb/p/itm39bf2169e7f3e?pid=MOBHBC3WQFWJX29G&lid=LSTMOBHBC3WQFWJX29GXEY98P&marketplace=FLIPKART&q=smart+phones&store=tyy%2F4io&srno=s_14_330&otracker=search&fm=organic&iid=d32de548-7cc2-4389-ad74-fe2ac2c6803b.MOBHBC3WQFWJX29G.SEARCH&ppt=None&ppn=None&ssid=iodufk6b2o0000001790412299511&qH=a5594894156db043&ov_redirect=true,2026-09-26
331,"POCO C85 5G (Spring Green, 128 GB)",POCO,17999,22999,21% off,4.2,"2,516",170,6 GB RAM,128 GB ROM,6000 mAh Lithium-Ion Polymer Battery,Dimensity 6300 Processor,17.53 cm (6.9 inch) HD+ Display,50MP Rear Camera | 8MP Front Camera,,https://www.flipkart.com/poco-c85-5g-spring-green-128-gb/p/itm9d5a621551d84?pid=MOBHMGG5UNCKYGPH&lid=LSTMOBHMGG5UNCKYGPHH3BH5B&marketplace=FLIPKART&q=smart+phones&store=tyy%2F4io&srno=s_14_331&otracker=search&fm=organic&iid=d32de548-7cc2-4389-ad74-fe2ac2c6803b.MOBHMGG5UNCKYGPH.SEARCH&ppt=None&ppn=None&ssid=iodufk6b2o0000001790412299511&qH=a5594894156db043&ov_redirect=true,2026-09-26
332,"POCO C81 (Sky Blue, 64 GB)",POCO,13499,19999,32% off,3.7,510,42,4 GB RAM,64 GB ROM,6300 mAh Lithium-Ion Polymer Battery,T7250 Processor,17.53 cm (6.9 inch) Display,13MP Rear Camera | 8MP Front Camera,,https://www.flipkart.com/poco-c81-sky-blue-64-gb/p/itm0636612540aaa?pid=MOBHMYWRYFQZG9PP&lid=LSTMOBHMYWRYFQZG9PP9F6HSP&marketplace=FLIPKART&q=smart+phones&store=tyy%2F4io&srno=s_14_332&otracker=search&fm=organic&iid=d32de548-7cc2-4389-ad74-fe2ac2c6803b.MOBHMYWRYFQZG9PP.SEARCH&ppt=None&ppn=None&ssid=iodufk6b2o0000001790412299511&qH=a5594894156db043&ov_redirect=true,2026-09-26
333,"POCO M7 5G (Ocean Blue, 128 GB)",POCO,13499,13999,3% off,4.3,"19,042","1,069",8 GB RAM,128 GB ROM,5160 mAh Battery,4 Gen 2 5G Processor,17.48 cm (6.88 inch) HD+ Display,50MP Rear Camera | 8MP Front Camera,5G,https://www.flipkart.com/poco-m7-5g-ocean-blue-128-gb/p/itm7c4a352930fde?pid=MOBH9HFJTH8SZWMZ&lid=LSTMOBH9HFJTH8SZWMZ6OVNR6&marketplace=FLIPKART&q=smart+phones&store=tyy%2F4io&srno=s_14_333&otracker=search&fm=organic&iid=d32de548-7cc2-4389-ad74-fe2ac2c6803b.MOBH9HFJTH8SZWMZ.SEARCH&ppt=None&ppn=None&ssid=iodufk6b2o0000001790412299511&qH=a5594894156db043&ov_redirect=true,2026-09-26
334,"POCO M8 (Frost Silver, 256 GB)",POCO,28999,29999,3% off,4.3,"2,284",208,8 GB RAM,256 GB ROM,5520 mAh Battery,,17.2 cm (6.77 inch) Full HD+ Display,50MP Rear Camera | 20MP Front Camera,,https://www.flipkart.com/poco-m8-frost-silver-256-gb/p/itm8c312b91832a8?pid=MOBHMGG52VFGBGZE&lid=LSTMOBHMGG52VFGBGZEZEW7SR&marketplace=FLIPKART&q=smart+phones&store=tyy%2F4io&srno=s_14_334&otracker=search&fm=organic&iid=d32de548-7cc2-4389-ad74-fe2ac2c6803b.MOBHMGG52VFGBGZE.SEARCH&ppt=None&ppn=None&ssid=iodufk6b2o0000001790412299511&qH=a5594894156db043&ov_redirect=true,2026-09-26
335,"POCO C85 5G (Mystic Purple, 128 GB)",POCO,16399,20999,21% off,3.8,"2,710",291,4 GB RAM,128 GB ROM,6000 mAh Lithium-Ion Polymer Battery,Dimensity 6300 Processor,17.53 cm (6.9 inch) HD+ Display,50MP Rear Camera | 8MP Front Camera,,https://www.flipkart.com/poco-c85-5g-mystic-purple-128-gb/p/itm74e2143a5de24?pid=MOBHMGG5UZHEVJBK&lid=LSTMOBHMGG5UZHEVJBKGQRQDY&marketplace=FLIPKART&q=smart+phones&store=tyy%2F4io&srno=s_14_335&otracker=search&fm=organic&iid=d32de548-7cc2-4389-ad74-fe2ac2c6803b.MOBHMGG5UZHEVJBK.SEARCH&ppt=None&ppn=None&ssid=iodufk6b2o0000001790412299511&qH=a5594894156db043&ov_redirect=true,2026-09-26
336,"Motorola G34 5G (Ocean Green, 128 GB)",Motorola,14999,,,4.2,"1,41,760","9,881",8 GB RAM,128 GB ROM,5000 mAh Battery,Snapdragon 695 5G Processor,16.51 cm (6.5 inch) HD+ Display,50MP + 2MP | 16MP Front Camera,5G,https://www.flipkart.com/motorola-g34-5g-ocean-green-128-gb/p/itm6b1a33b9d9191?pid=MOBGUFK4TZ2CJYHJ&lid=LSTMOBGUFK4TZ2CJYHJPBUF6M&marketplace=FLIPKART&q=smart+phones&store=tyy%2F4io&srno=s_14_336&otracker=search&fm=organic&iid=d32de548-7cc2-4389-ad74-fe2ac2c6803b.MOBGUFK4TZ2CJYHJ.SEARCH&ppt=None&ppn=None&ssid=iodufk6b2o0000001790412299511&qH=a5594894156db043&ov_redirect=true,2026-09-26
337,"POCO C85 5G (Mystic Purple, 128 GB)",POCO,17999,22999,21% off,4.2,"2,516",170,6 GB RAM,128 GB ROM,6000 mAh Lithium-Ion Polymer Battery,Dimensity 6300 Processor,17.53 cm (6.9 inch) HD+ Display,50MP Rear Camera | 8MP Front Camera,,https://www.flipkart.com/poco-c85-5g-mystic-purple-128-gb/p/itmbab3636ca0451?pid=MOBHMGG5ZM2KRGEG&lid=LSTMOBHMGG5ZM2KRGEG8Q0T7X&marketplace=FLIPKART&q=smart+phones&store=tyy%2F4io&srno=s_15_337&otracker=search&fm=organic&iid=09e2eae2-b8e2-4149-baa7-ffa2cefe1c9e.MOBHMGG5ZM2KRGEG.SEARCH&ppt=None&ppn=None&ssid=h1kgw7gm9c0000001790412302693&qH=a5594894156db043&ov_redirect=true,2026-09-26
338,"realme C61 (Safari Green, 128 GB)",realme,8199,10999,25% off,4.3,"17,961",749,6 GB RAM,128 GB ROM,5000 mAh Battery,T612 Processor,17.13 cm (6.745 inch) HD+ Display,32MP Rear Camera | 5MP Front Camera,,https://www.flipkart.com/realme-c61-safari-green-128-gb/p/itmd6ddbcefce040?pid=MOBHFRKRAVXUKDGX&lid=LSTMOBHFRKRAVXUKDGX3LF6Z6&marketplace=FLIPKART&q=smart+phones&store=tyy%2F4io&srno=s_15_338&otracker=search&fm=organic&iid=09e2eae2-b8e2-4149-baa7-ffa2cefe1c9e.MOBHFRKRAVXUKDGX.SEARCH&ppt=None&ppn=None&ssid=h1kgw7gm9c0000001790412302693&qH=a5594894156db043&ov_redirect=true,2026-09-26
339,"Motorola G34 5G (Charcoal Black, 128 GB)",Motorola,14999,,,4.2,"1,41,760","9,881",8 GB RAM,128 GB ROM,5000 mAh Battery,Snapdragon 695 5G Processor,16.51 cm (6.5 inch) HD+ Display,50MP + 2MP | 16MP Front Camera,5G,https://www.flipkart.com/motorola-g34-5g-charcoal-black-128-gb/p/itmcf3922f5c94b2?pid=MOBGUFK4QPQMAA2S&lid=LSTMOBGUFK4QPQMAA2SCAYBBS&marketplace=FLIPKART&q=smart+phones&store=tyy%2F4io&srno=s_15_339&otracker=search&fm=organic&iid=09e2eae2-b8e2-4149-baa7-ffa2cefe1c9e.MOBGUFK4QPQMAA2S.SEARCH&ppt=None&ppn=None&ssid=h1kgw7gm9c0000001790412302693&qH=a5594894156db043&ov_redirect=true,2026-09-26
340,"Samsung Galaxy F06 5G (Bahama Blue, 64 GB)",Samsung,12499,,,4.2,"48,036","3,567",4 GB RAM,64 GB ROM,5000 mAh Battery,Dimensity 6300 Processor,43.23 cm (17.018 cm) HD+ Display,50MP + 2MP | 8MP Front Camera,,https://www.flipkart.com/samsung-galaxy-f06-5g-bahama-blue-64-gb/p/itma2920c68b7fc8?pid=MOBHBF5JDCSG2TVD&lid=LSTMOBHBF5JDCSG2TVDZWHXAM&marketplace=FLIPKART&q=smart+phones&store=tyy%2F4io&srno=s_15_340&otracker=search&fm=organic&iid=09e2eae2-b8e2-4149-baa7-ffa2cefe1c9e.MOBHBF5JDCSG2TVD.SEARCH&ppt=None&ppn=None&ssid=h1kgw7gm9c0000001790412302693&qH=a5594894156db043&ov_redirect=true,2026-09-26
341,"MOTOROLA g35 5G (Midnight Black, 128 GB)",MOTOROLA,13999,15499,9% off,4.2,"16,474","1,127",8 GB RAM,128 GB ROM,5000 mAh Battery,T760 Processor,17.07 cm (6.72 inch) Full HD+ Display,50MP + 8MP | 16MP Front Camera,5G,https://www.flipkart.com/motorola-g35-5g-midnight-black-128-gb/p/itmd43b3633669c4?pid=MOBHFNAZ9Y54W9ZE&lid=LSTMOBHFNAZ9Y54W9ZEE8A4PR&marketplace=FLIPKART&q=smart+phones&store=tyy%2F4io&srno=s_15_341&otracker=search&fm=organic&iid=09e2eae2-b8e2-4149-baa7-ffa2cefe1c9e.MOBHFNAZ9Y54W9ZE.SEARCH&ppt=None&ppn=None&ssid=h1kgw7gm9c0000001790412302693&qH=a5594894156db043&ov_redirect=true,2026-09-26
342,Vivo T4 Lite 5G (Titanium Gold 2026) (4GB 128GB),Vivo,18999,28999,34% off,4.3,"44,256","2,017",4 GB RAM,128 GB ROM,6000 mAh Battery,Dimensity 6300 5G Processor,17.12 cm (6.74 inch) HD+ Display,50MP + 2MP | 5MP Front Camera,5G,https://www.flipkart.com/vivo-t4-lite-5g-titanium-gold-2026-4gb-128gb/p/itm49fb53d099f3c?pid=MOBHNCRKN8ZBGAJR&lid=LSTMOBHNCRKN8ZBGAJREUTFV0&marketplace=FLIPKART&q=smart+phones&store=tyy%2F4io&srno=s_15_342&otracker=search&fm=organic&iid=09e2eae2-b8e2-4149-baa7-ffa2cefe1c9e.MOBHNCRKN8ZBGAJR.SEARCH&ppt=None&ppn=None&ssid=h1kgw7gm9c0000001790412302693&qH=a5594894156db043&ov_redirect=true,2026-09-26
343,"MOTOROLA g37 (PANTONE Impenetrable, 64 GB)",MOTOROLA,18999,24999,24% off,4.3,"3,949",213,4 GB RAM,64 GB ROM,5200 mAh Battery,Dimensity 6400 Processor,16.92 cm (6.66 inch) HD+ Display,50MP Rear Camera | 8MP Front Camera,,https://www.flipkart.com/motorola-g37-pantone-impenetrable-64-gb/p/itm40c0c7bcb21fc?pid=MOBHHWB6GWE2CKHU&lid=LSTMOBHHWB6GWE2CKHUQEA6X8&marketplace=FLIPKART&q=smart+phones&store=tyy%2F4io&srno=s_15_343&otracker=search&fm=organic&iid=09e2eae2-b8e2-4149-baa7-ffa2cefe1c9e.MOBHHWB6GWE2CKHU.SEARCH&ppt=None&ppn=None&ssid=h1kgw7gm9c0000001790412302693&qH=a5594894156db043&ov_redirect=true,2026-09-26
344,"POCO C71 (Desert Gold, 128 GB)",POCO,9999,,,4.1,"36,674","2,059",6 GB RAM,128 GB ROM,5200 mAh Battery,Unisoc T7250,17.48 cm (6.88 inch) HD+ Display,32MP Rear Camera | 8MP Front Camera,,https://www.flipkart.com/poco-c71-desert-gold-128-gb/p/itm2a2ad903f91f4?pid=MOBHAFVJ8WXHR5FT&lid=LSTMOBHAFVJ8WXHR5FTKIOCQ2&marketplace=FLIPKART&q=smart+phones&store=tyy%2F4io&srno=s_15_344&otracker=search&fm=organic&iid=09e2eae2-b8e2-4149-baa7-ffa2cefe1c9e.MOBHAFVJ8WXHR5FT.SEARCH&ppt=None&ppn=None&ssid=h1kgw7gm9c0000001790412302693&qH=a5594894156db043&ov_redirect=true,2026-09-26
345,"POCO M7 5G - Locked with Airtel Prepaid (Ocean Blue, 128 GB)",POCO,12999,,,3.7,"10,559",614,6 GB RAM,128 GB ROM,5160 mAh Battery,4 Gen 2 5G Processor,17.48 cm (6.88 inch) HD+ Display,50MP Rear Camera | 8MP Front Camera,5G,https://www.flipkart.com/poco-m7-5g-locked-airtel-prepaid-ocean-blue-128-gb/p/itm3de6051861ec1?pid=MOBH9HFJ2VGSNSBP&lid=LSTMOBH9HFJ2VGSNSBPKDNA4R&marketplace=FLIPKART&q=smart+phones&store=tyy%2F4io&srno=s_15_345&otracker=search&fm=organic&iid=09e2eae2-b8e2-4149-baa7-ffa2cefe1c9e.MOBH9HFJ2VGSNSBP.SEARCH&ppt=None&ppn=None&ssid=h1kgw7gm9c0000001790412302693&qH=a5594894156db043&ov_redirect=true,2026-09-26
346,"POCO F7 5G (Frost White, 256 GB)",POCO,35999,,,4.4,"23,487","2,925",12 GB RAM,256 GB ROM,"Battery 7550mAh, 90W charger, 22.5W reverse charging",8s Gen 4 Processor,Display -6.83 inch 1.5K pOLED with 120 Hz refresh rate,Front camera -20MP with Portrait Mode | | Front Video Recording | Night Mode,,https://www.flipkart.com/poco-f7-5g-frost-white-256-gb/p/itm22bb5d3a241bd?pid=MOBHCY2UMGZGXQTU&lid=LSTMOBHCY2UMGZGXQTULWMPD4&marketplace=FLIPKART&q=smart+phones&store=tyy%2F4io&srno=s_15_346&otracker=search&fm=organic&iid=09e2eae2-b8e2-4149-baa7-ffa2cefe1c9e.MOBHCY2UMGZGXQTU.SEARCH&ppt=None&ppn=None&ssid=h1kgw7gm9c0000001790412302693&qH=a5594894156db043&ov_redirect=true,2026-09-26
347,"POCO M8 (Frost Silver, 128 GB)",POCO,26999,27999,3% off,4.3,"2,284",208,8 GB RAM,128 GB ROM,5520 mAh Battery,,17.2 cm (6.77 inch) Full HD+ Display,50MP Rear Camera | 20MP Front Camera,,https://www.flipkart.com/poco-m8-frost-silver-128-gb/p/itm63246b4036f90?pid=MOBHMGG5ZFANS2WQ&lid=LSTMOBHMGG5ZFANS2WQVUHDCT&marketplace=FLIPKART&q=smart+phones&store=tyy%2F4io&srno=s_15_347&otracker=search&fm=organic&iid=09e2eae2-b8e2-4149-baa7-ffa2cefe1c9e.MOBHMGG5ZFANS2WQ.SEARCH&ppt=None&ppn=None&ssid=h1kgw7gm9c0000001790412302693&qH=a5594894156db043&ov_redirect=true,2026-09-26
348,"POCO C71 (Cool Blue, 128 GB)",POCO,9999,,,4.1,"36,674","2,059",6 GB RAM,128 GB ROM,5200 mAh Battery,Unisoc T7250,17.48 cm (6.88 inch) HD+ Display,32MP Rear Camera | 8MP Front Camera,,https://www.flipkart.com/poco-c71-cool-blue-128-gb/p/itmfb10bdbf02c6e?pid=MOBHAFVJURDB9QYR&lid=LSTMOBHAFVJURDB9QYRYNBHTJ&marketplace=FLIPKART&q=smart+phones&store=tyy%2F4io&srno=s_15_348&otracker=search&fm=organic&iid=09e2eae2-b8e2-4149-baa7-ffa2cefe1c9e.MOBHAFVJURDB9QYR.SEARCH&ppt=None&ppn=None&ssid=h1kgw7gm9c0000001790412302693&qH=a5594894156db043&ov_redirect=true,2026-09-26
349,"POCO M8x 5G (Leather Green, 128 GB)",POCO,22999,49999,54% off,3.9,350,122,6 GB RAM,128 GB ROM,7900 mAh Lithium-Ion Polymer Battery,4 Gen 5 Processor,17.53 cm (6.9 inch) Full HD Display,50MP Rear Camera,,https://www.flipkart.com/poco-m8x-5g-leather-green-128-gb/p/itme6f5614abf6c5?pid=MOBHPCYNQBWVYH7P&lid=LSTMOBHPCYNQBWVYH7PCOEKXT&marketplace=FLIPKART&q=smart+phones&store=tyy%2F4io&srno=s_15_349&otracker=search&fm=organic&iid=09e2eae2-b8e2-4149-baa7-ffa2cefe1c9e.MOBHPCYNQBWVYH7P.SEARCH&ppt=None&ppn=None&ssid=h1kgw7gm9c0000001790412302693&qH=a5594894156db043&ov_redirect=true,2026-09-26
350,"POCO M8x 5G (Black, 128 GB)",POCO,22999,49999,54% off,3.9,350,122,6 GB RAM,128 GB ROM,7900 mAh Lithium-Ion Polymer Battery,4 Gen 5 Processor,17.53 cm (6.9 inch) Full HD Display,50MP Rear Camera,,https://www.flipkart.com/poco-m8x-5g-black-128-gb/p/itm7e7f464cfc411?pid=MOBHPCYNDFRFGNGZ&lid=LSTMOBHPCYNDFRFGNGZXQB3ZS&marketplace=FLIPKART&q=smart+phones&store=tyy%2F4io&srno=s_15_350&otracker=search&fm=organic&iid=09e2eae2-b8e2-4149-baa7-ffa2cefe1c9e.MOBHPCYNDFRFGNGZ.SEARCH&ppt=None&ppn=None&ssid=h1kgw7gm9c0000001790412302693&qH=a5594894156db043&ov_redirect=true,2026-09-26
351,"MOTOROLA G04 (Sea Green, 128 GB)",MOTOROLA,7999,10999,27% off,4.1,"7,170",519,8 GB RAM,128 GB ROM,5000 mAh Battery,Unisoc T606 Processor,16.76 cm (6.6 inch) HD+ Display,16MP Rear Camera | 5MP Front Camera,,https://www.flipkart.com/motorola-g04-sea-green-128-gb/p/itm853979118980f?pid=MOBGUFK4C9NZATQ6&lid=LSTMOBGUFK4C9NZATQ6LJGPEJ&marketplace=FLIPKART&q=smart+phones&store=tyy%2F4io&srno=s_15_351&otracker=search&fm=organic&iid=09e2eae2-b8e2-4149-baa7-ffa2cefe1c9e.MOBGUFK4C9NZATQ6.SEARCH&ppt=None&ppn=None&ssid=h1kgw7gm9c0000001790412302693&qH=a5594894156db043&ov_redirect=true,2026-09-26
352,"POCO M8x 5G (Blue, 128 GB)",POCO,22999,49999,54% off,3.9,350,122,6 GB RAM,128 GB ROM,7900 mAh Lithium-Ion Polymer Battery,4 Gen 5 Processor,17.53 cm (6.9 inch) Full HD Display,50MP Rear Camera,,https://www.flipkart.com/poco-m8x-5g-blue-128-gb/p/itmcf3aabe19e732?pid=MOBHPCYNNBCYQMF3&lid=LSTMOBHPCYNNBCYQMF3KC2VZ0&marketplace=FLIPKART&q=smart+phones&store=tyy%2F4io&srno=s_15_352&otracker=search&fm=organic&iid=09e2eae2-b8e2-4149-baa7-ffa2cefe1c9e.MOBHPCYNNBCYQMF3.SEARCH&ppt=None&ppn=None&ssid=h1kgw7gm9c0000001790412302693&qH=a5594894156db043&ov_redirect=true,2026-09-26
353,"Samsung Galaxy F06 5G (Lit Violet, 128 GB)",Samsung,15999,18999,15% off,4.2,"25,821","2,004",6 GB RAM,128 GB ROM,5000 mAh Battery,Dimensity 6300 Processor,17.02 cm (6.7 inch) HD+ Display,50MP + 2MP | 8MP Front Camera,,https://www.flipkart.com/samsung-galaxy-f06-5g-lit-violet-128-gb/p/itm72c5daa133aa9?pid=MOBHMGHHQMGZKM5S&lid=LSTMOBHMGHHQMGZKM5ST2DEIJ&marketplace=FLIPKART&q=smart+phones&store=tyy%2F4io&srno=s_15_353&otracker=search&fm=organic&iid=09e2eae2-b8e2-4149-baa7-ffa2cefe1c9e.MOBHMGHHQMGZKM5S.SEARCH&ppt=None&ppn=None&ssid=h1kgw7gm9c0000001790412302693&qH=a5594894156db043&ov_redirect=true,2026-09-26
354,"Nothing Phone (4a) (Blue, 128 GB)",Nothing,44999,59999,25% off,4.5,"6,692",721,8 GB RAM,128 GB ROM,5400 mAh Lithium ion Battery,Snapdragon 7s Gen 4 Processor,17.22 cm (6.78 inch) Full HD+ AMOLED Display,50MP + 50MP + 8MP | 32MP Front Camera,,https://www.flipkart.com/nothing-phone-4a-blue-128-gb/p/itm4d8bff10483ce?pid=MOBHZAWYPQ3DQ6DS&lid=LSTMOBHZAWYPQ3DQ6DSHG2PF2&marketplace=FLIPKART&q=smart+phones&store=tyy%2F4io&srno=s_15_354&otracker=search&fm=organic&iid=09e2eae2-b8e2-4149-baa7-ffa2cefe1c9e.MOBHZAWYPQ3DQ6DS.SEARCH&ppt=None&ppn=None&ssid=h1kgw7gm9c0000001790412302693&qH=a5594894156db043&ov_redirect=true,2026-09-26
355,"POCO M7 5G (Mint Green, 128 GB)",POCO,12499,12999,3% off,4.1,"77,562","4,384",6 GB RAM,128 GB ROM,5160 mAh Battery,4 Gen 2 5G Processor,17.48 cm (6.88 inch) HD+ Display,50MP Rear Camera | 8MP Front Camera,5G,https://www.flipkart.com/poco-m7-5g-mint-green-128-gb/p/itm55887907a1c02?pid=MOBH9HFJFR4FYHNJ&lid=LSTMOBH9HFJFR4FYHNJVOMMEX&marketplace=FLIPKART&q=smart+phones&store=tyy%2F4io&srno=s_15_355&otracker=search&fm=organic&iid=09e2eae2-b8e2-4149-baa7-ffa2cefe1c9e.MOBH9HFJFR4FYHNJ.SEARCH&ppt=None&ppn=None&ssid=h1kgw7gm9c0000001790412302693&qH=a5594894156db043&ov_redirect=true,2026-09-26
356,"MOTOROLA Signature (PANTONE Carbon, 512 GB)",MOTOROLA,64999,79999,18% off,4.5,"1,247",228,16 GB RAM,512 GB ROM,5200 mAh Battery,Snapdragon 8 Gen 5 Processor,17.27 cm (6.8 inch) Super HD Display,50MP + 50MP + 50MP | 50MP Front Camera,,https://www.flipkart.com/motorola-signature-pantone-carbon-512-gb/p/itm5cf2347de817a?pid=MOBHGVJYGVP6G2NY&lid=LSTMOBHGVJYGVP6G2NYNYYTRM&marketplace=FLIPKART&q=smart+phones&store=tyy%2F4io&srno=s_15_356&otracker=search&fm=organic&iid=09e2eae2-b8e2-4149-baa7-ffa2cefe1c9e.MOBHGVJYGVP6G2NY.SEARCH&ppt=None&ppn=None&ssid=h1kgw7gm9c0000001790412302693&qH=a5594894156db043&ov_redirect=true,2026-09-26
357,"Samsung Galaxy A14 5G (Light Green, 64 GB)",Samsung,18499,,,4.2,"46,237","2,242",4 GB RAM,64 GB ROM,5000 mAh Lithium Ion Battery,Exynos 1330 Processor,16.76 cm (6.6 inch) Full HD+ Display,50MP + 2MP + 2MP | 13MP Front Camera,,https://www.flipkart.com/samsung-galaxy-a14-5g-light-green-64-gb/p/itm69060fa751c00?pid=MOBGHT8UMJBMCAWN&lid=LSTMOBGHT8UMJBMCAWN5MYSZV&marketplace=FLIPKART&q=smart+phones&store=tyy%2F4io&srno=s_15_357&otracker=search&fm=organic&iid=09e2eae2-b8e2-4149-baa7-ffa2cefe1c9e.MOBGHT8UMJBMCAWN.SEARCH&ppt=None&ppn=None&ssid=h1kgw7gm9c0000001790412302693&qH=a5594894156db043&ov_redirect=true,2026-09-26
358,"OnePlus Nord CE 3 Lite 5G (Chromatic Gray, 128 GB)",OnePlus,15699,19999,21% off,4.4,"1,66,959","8,606",8 GB RAM,128 GB ROM,5000 mAh Battery,,17.07 cm (6.72 inch) Display,108MP Rear Camera,,https://www.flipkart.com/oneplus-nord-ce-3-lite-5g-chromatic-gray-128-gb/p/itm2cd5a4e659035?pid=MOBGZJ42KHUZZKMN&lid=LSTMOBGZJ42KHUZZKMNKFGHDQ&marketplace=FLIPKART&q=smart+phones&store=tyy%2F4io&srno=s_15_358&otracker=search&fm=organic&iid=09e2eae2-b8e2-4149-baa7-ffa2cefe1c9e.MOBGZJ42KHUZZKMN.SEARCH&ppt=None&ppn=None&ssid=h1kgw7gm9c0000001790412302693&qH=a5594894156db043&ov_redirect=true,2026-09-26
359,"Infinix HOT 60i 5G (Sleek Black, 128 GB)",Infinix,19999,24999,20% off,4.3,"1,576",147,4 GB RAM,128 GB ROM,6000 mAh Battery,Dimensity 6400 Processor,17.14 cm (6.75 inch) HD+ Display,50MP Rear Camera | 5MP Front Camera,,https://www.flipkart.com/infinix-hot-60i-5g-sleek-black-128-gb/p/itm1cb6bf875f6e0?pid=MOBHERZEA3AN4VMQ&lid=LSTMOBHERZEA3AN4VMQDNJOFQ&marketplace=FLIPKART&q=smart+phones&store=tyy%2F4io&srno=s_15_359&otracker=search&fm=organic&iid=09e2eae2-b8e2-4149-baa7-ffa2cefe1c9e.MOBHERZEA3AN4VMQ.SEARCH&ppt=None&ppn=None&ssid=h1kgw7gm9c0000001790412302693&qH=a5594894156db043&ov_redirect=true,2026-09-26
360,Vivo T4 Lite 5G (Titanium Gold 2026) (4GB 64GB),Vivo,16999,27999,39% off,4.3,"44,256","2,017",4 GB RAM,64 GB ROM,6000 mAh Battery,Dimensity 6300 5G Processor,17.12 cm (6.74 inch) HD+ Display,50MP + 2MP | 5MP Front Camera,5G,https://www.flipkart.com/vivo-t4-lite-5g-titanium-gold-2026-4gb-64gb/p/itm49fb53d099f3c?pid=MOBHNCRK44PF7QEN&lid=LSTMOBHNCRK44PF7QENBDEBI7&marketplace=FLIPKART&q=smart+phones&store=tyy%2F4io&srno=s_15_360&otracker=search&fm=organic&iid=09e2eae2-b8e2-4149-baa7-ffa2cefe1c9e.MOBHNCRK44PF7QEN.SEARCH&ppt=None&ppn=None&ssid=h1kgw7gm9c0000001790412302693&qH=a5594894156db043&ov_redirect=true,2026-09-26
361,"MOTOROLA Signature (PANTONE Carbon, 1 TB)",MOTOROLA,69999,84999,17% off,4.5,"1,247",228,16 GB RAM,1 TB ROM,5200 mAh Battery,Snapdragon 8 Gen 5 Processor,17.27 cm (6.8 inch) Super HD Display,50MP + 50MP + 50MP | 50MP Front Camera,,https://www.flipkart.com/motorola-signature-pantone-carbon-1-tb/p/itmf01b143b8663d?pid=MOBHGVJYGJYGSV8X&lid=LSTMOBHGVJYGJYGSV8XC1KZDR&marketplace=FLIPKART&q=smart+phones&store=tyy%2F4io&srno=s_16_361&otracker=search&fm=organic&iid=464ce8e7-7c00-4e20-8aab-c33f0aae621b.MOBHGVJYGJYGSV8X.SEARCH&ppt=None&ppn=None&ssid=3xwzucvkj40000001790412306465&qH=a5594894156db043&ov_redirect=true,2026-09-26
362,"MOTOROLA G04 (Satin Blue, 128 GB)",MOTOROLA,10999,,,4.1,"7,170",519,8 GB RAM,128 GB ROM,5000 mAh Battery,Unisoc T606 Processor,16.76 cm (6.6 inch) HD+ Display,16MP Rear Camera | 5MP Front Camera,,https://www.flipkart.com/motorola-g04-satin-blue-128-gb/p/itm723b134b6121c?pid=MOBGUFK4DNFX5BFV&lid=LSTMOBGUFK4DNFX5BFV2BOSUS&marketplace=FLIPKART&q=smart+phones&store=tyy%2F4io&srno=s_16_362&otracker=search&fm=organic&iid=464ce8e7-7c00-4e20-8aab-c33f0aae621b.MOBGUFK4DNFX5BFV.SEARCH&ppt=None&ppn=None&ssid=3xwzucvkj40000001790412306465&qH=a5594894156db043&ov_redirect=true,2026-09-26
363,"POCO M8 (Glacial Blue, 128 GB)",POCO,26999,27999,3% off,4.3,"2,284",208,8 GB RAM,128 GB ROM,5520 mAh Battery,,17.2 cm (6.77 inch) Full HD+ Display,50MP Rear Camera | 20MP Front Camera,,https://www.flipkart.com/poco-m8-glacial-blue-128-gb/p/itm6b3b306f7eff7?pid=MOBHMGG5ZSHFKTDC&lid=LSTMOBHMGG5ZSHFKTDCASGIPD&marketplace=FLIPKART&q=smart+phones&store=tyy%2F4io&srno=s_16_363&otracker=search&fm=organic&iid=464ce8e7-7c00-4e20-8aab-c33f0aae621b.MOBHMGG5ZSHFKTDC.SEARCH&ppt=None&ppn=None&ssid=3xwzucvkj40000001790412306465&qH=a5594894156db043&ov_redirect=true,2026-09-26
364,"realme P4 5G (Steel Grey, 128 GB)",realme,25999,40999,36% off,4.4,"23,439","1,969",6 GB RAM,128 GB ROM,7000 mAh Battery,Mediatek Dimensity 7400 Processor,17.2 cm (6.77 inch) Display,50MP + 8MP | 16MP Front Camera,,https://www.flipkart.com/realme-p4-5g-steel-grey-128-gb/p/itmf836e6de035a5?pid=MOBHN7A8YFZ34HCZ&lid=LSTMOBHN7A8YFZ34HCZZBPH2Q&marketplace=FLIPKART&q=smart+phones&store=tyy%2F4io&srno=s_16_364&otracker=search&fm=organic&iid=464ce8e7-7c00-4e20-8aab-c33f0aae621b.MOBHN7A8YFZ34HCZ.SEARCH&ppt=None&ppn=None&ssid=3xwzucvkj40000001790412306465&qH=a5594894156db043&ov_redirect=true,2026-09-26
365,"Infinix SMART 20 (Cloudline Blue, 128 GB)",Infinix,14999,21999,31% off,3.9,280,33,4 GB RAM,128 GB ROM,5200 mAh Battery,Helio G81 Ultimate Processor,17.22 cm (6.78 inch) HD+ Display,8MP Rear Camera | 8MP Front Camera,,https://www.flipkart.com/infinix-smart-20-cloudline-blue-128-gb/p/itmf761cd49f9162?pid=MOBHNMEE6UVF6RXZ&lid=LSTMOBHNMEE6UVF6RXZ4ZO94U&marketplace=FLIPKART&q=smart+phones&store=tyy%2F4io&srno=s_16_365&otracker=search&fm=organic&iid=464ce8e7-7c00-4e20-8aab-c33f0aae621b.MOBHNMEE6UVF6RXZ.SEARCH&ppt=None&ppn=None&ssid=3xwzucvkj40000001790412306465&qH=a5594894156db043&ov_redirect=true,2026-09-26
366,"Infinix Smart 8 Plus (Timber Black, 128 GB)",Infinix,7799,9999,22% off,4.3,"12,988",788,4 GB RAM,128 GB ROM,6000 mAh Battery,Mediatek Helio G36 Processor,16.76 cm (6.6 inch) HD+ Display,50MP + AI Lens | 8MP Front Camera,,https://www.flipkart.com/infinix-smart-8-plus-timber-black-128-gb/p/itmb71da75c376e1?pid=MOBGYA22HRYX9BHC&lid=LSTMOBGYA22HRYX9BHCRBITVR&marketplace=FLIPKART&q=smart+phones&store=tyy%2F4io&srno=s_16_366&otracker=search&fm=organic&iid=464ce8e7-7c00-4e20-8aab-c33f0aae621b.MOBGYA22HRYX9BHC.SEARCH&ppt=None&ppn=None&ssid=3xwzucvkj40000001790412306465&qH=a5594894156db043&ov_redirect=true,2026-09-26
367,"vivo T4 Lite 5G Charger in the Box (Titanium Gold, 128 GB)",vivo,14999,,,4.3,"49,897","2,382",6 GB RAM,128 GB ROM,6000 mAh Battery,Dimensity 6300 5G Processor,17.12 cm (6.74 inch) HD+ Display,50MP + 2MP | 5MP Front Camera,5G,https://www.flipkart.com/vivo-t4-lite-5g-charger-box-titanium-gold-128-gb/p/itm9886d6e522c4b?pid=MOBHDY9FWXVJYCFM&lid=LSTMOBHDY9FWXVJYCFMWJ0ABY&marketplace=FLIPKART&q=smart+phones&store=tyy%2F4io&srno=s_16_367&otracker=search&fm=organic&iid=464ce8e7-7c00-4e20-8aab-c33f0aae621b.MOBHDY9FWXVJYCFM.SEARCH&ppt=None&ppn=None&ssid=3xwzucvkj40000001790412306465&qH=a5594894156db043&ov_redirect=true,2026-09-26
368,"Samsung Galaxy F05 (Twilight Blue, 64 GB)",Samsung,6499,9999,35% off,4.2,"77,408","4,544",4 GB RAM,64 GB ROM,5000 mAh Battery,Helio G85 Processor,17.02 cm (6.7 inch) HD+ Display,50MP + 2MP | 8MP Front Camera,,https://www.flipkart.com/samsung-galaxy-f05-twilight-blue-64-gb/p/itm84a914081ab93?pid=MOBH4GTXZ9ZRQ3SU&lid=LSTMOBH4GTXZ9ZRQ3SUXCBGGE&marketplace=FLIPKART&q=smart+phones&store=tyy%2F4io&srno=s_16_368&otracker=search&fm=organic&iid=464ce8e7-7c00-4e20-8aab-c33f0aae621b.MOBH4GTXZ9ZRQ3SU.SEARCH&ppt=None&ppn=None&ssid=3xwzucvkj40000001790412306465&qH=a5594894156db043&ov_redirect=true,2026-09-26
369,"Motorola Edge 40 Neo (Black Beauty, 128 GB)",Motorola,27999,,,4.3,"57,634","6,027",8 GB RAM,128 GB ROM,5000 mAh Battery,Dimensity 7030 Processor,16.64 cm (6.55 inch) Full HD+ Display,50MP + 13MP | 32MP Front Camera,,https://www.flipkart.com/motorola-edge-40-neo-black-beauty-128-gb/p/itm01cc46d96a79f?pid=MOBGQFX6JGTWFSGD&lid=LSTMOBGQFX6JGTWFSGDTXTCZS&marketplace=FLIPKART&q=smart+phones&store=tyy%2F4io&srno=s_16_369&otracker=search&fm=organic&iid=464ce8e7-7c00-4e20-8aab-c33f0aae621b.MOBGQFX6JGTWFSGD.SEARCH&ppt=None&ppn=None&ssid=3xwzucvkj40000001790412306465&qH=a5594894156db043&ov_redirect=true,2026-09-26
370,Vivo T4 Lite 5G (Prism Blue 2026) (6GB 128GB),Vivo,20999,29999,30% off,4.3,"49,897","2,382",6 GB RAM,128 GB ROM,6000 mAh Battery,Dimensity 6300 5G Processor,17.12 cm (6.74 inch) HD+ Display,50MP + 2MP | 5MP Front Camera,5G,https://www.flipkart.com/vivo-t4-lite-5g-prism-blue-2026-6gb-128gb/p/itm49fb53d099f3c?pid=MOBHNCRKMZZGFDGT&lid=LSTMOBHNCRKMZZGFDGTADJJQS&marketplace=FLIPKART&q=smart+phones&store=tyy%2F4io&srno=s_16_370&otracker=search&fm=organic&iid=464ce8e7-7c00-4e20-8aab-c33f0aae621b.MOBHNCRKMZZGFDGT.SEARCH&ppt=None&ppn=None&ssid=3xwzucvkj40000001790412306465&qH=a5594894156db043&ov_redirect=true,2026-09-26
371,"Samsung Galaxy F16 5G (Glam Green, 128 GB)",Samsung,13999,17499,20% off,4.2,"10,434",812,6 GB RAM,128 GB ROM,5000 mAh Battery,Dimensity 6300 Processor,16.91 cm (6.657 inch) Full HD+ Display,50MP + 5MP + 2MP | 13MP Front Camera,,https://www.flipkart.com/samsung-galaxy-f16-5g-glam-green-128-gb/p/itmcdb73c7370f76?pid=MOBH9ASGDGWZV69Z&lid=LSTMOBH9ASGDGWZV69ZTSJAUH&marketplace=FLIPKART&q=smart+phones&store=tyy%2F4io&srno=s_16_371&otracker=search&fm=organic&iid=464ce8e7-7c00-4e20-8aab-c33f0aae621b.MOBH9ASGDGWZV69Z.SEARCH&ppt=None&ppn=None&ssid=3xwzucvkj40000001790412306465&qH=a5594894156db043&ov_redirect=true,2026-09-26
372,"MOTOROLA Signature (PANTONE Martini Olive, 1 TB)",MOTOROLA,69999,84999,17% off,4.5,"1,247",228,16 GB RAM,1 TB ROM,5200 mAh Battery,Snapdragon 8 Gen 5 Processor,17.27 cm (6.8 inch) Super HD Display,50MP + 50MP + 50MP | 50MP Front Camera,,https://www.flipkart.com/motorola-signature-pantone-martini-olive-1-tb/p/itm4806fc933fff8?pid=MOBHGVJYRCA9AUCG&lid=LSTMOBHGVJYRCA9AUCGY92BDO&marketplace=FLIPKART&q=smart+phones&store=tyy%2F4io&srno=s_16_372&otracker=search&fm=organic&iid=464ce8e7-7c00-4e20-8aab-c33f0aae621b.MOBHGVJYRCA9AUCG.SEARCH&ppt=None&ppn=None&ssid=3xwzucvkj40000001790412306465&qH=a5594894156db043&ov_redirect=true,2026-09-26
373,"Infinix NOTE 60 Pro (Tactical ED(Mocha Brown), 256 GB)",Infinix,39999,44999,11% off,4.4,"1,720",277,8 GB RAM,256 GB ROM,6500 mAh Battery,Snapdragon 7s Gen 4 Processor,17.22 cm (6.78 inch) Full HD+ AMOLED Display,50MP + 8MP | 13MP Front Camera,,https://www.flipkart.com/infinix-note-60-pro-tactical-ed-mocha-brown-256-gb/p/itm7681d00923b3c?pid=MOBHHVE2CH29RGHF&lid=LSTMOBHHVE2CH29RGHF5LONS1&marketplace=FLIPKART&q=smart+phones&store=tyy%2F4io&srno=s_16_373&otracker=search&fm=organic&iid=464ce8e7-7c00-4e20-8aab-c33f0aae621b.MOBHHVE2CH29RGHF.SEARCH&ppt=None&ppn=None&ssid=3xwzucvkj40000001790412306465&qH=a5594894156db043&ov_redirect=true,2026-09-26
374,"POCO M8 (Carbon Black, 128 GB)",POCO,26999,27999,3% off,4.3,"2,284",208,8 GB RAM,128 GB ROM,5520 mAh Battery,,17.2 cm (6.77 inch) Full HD+ Display,50MP Rear Camera | 20MP Front Camera,,https://www.flipkart.com/poco-m8-carbon-black-128-gb/p/itm4a387788f045c?pid=MOBHMGG5FFCEPT3V&lid=LSTMOBHMGG5FFCEPT3VOQI1H2&marketplace=FLIPKART&q=smart+phones&store=tyy%2F4io&srno=s_16_374&otracker=search&fm=organic&iid=464ce8e7-7c00-4e20-8aab-c33f0aae621b.MOBHMGG5FFCEPT3V.SEARCH&ppt=None&ppn=None&ssid=3xwzucvkj40000001790412306465&qH=a5594894156db043&ov_redirect=true,2026-09-26
375,"POCO C81 (Elite Black, 64 GB)",POCO,13499,19999,32% off,3.7,510,42,4 GB RAM,64 GB ROM,6300 mAh Lithium-Ion Polymer Battery,T7250 Processor,17.53 cm (6.9 inch) Display,13MP Rear Camera | 8MP Front Camera,,https://www.flipkart.com/poco-c81-elite-black-64-gb/p/itm28c771318f328?pid=MOBHMYWR2GCKNVWK&lid=LSTMOBHMYWR2GCKNVWKDC3UIK&marketplace=FLIPKART&q=smart+phones&store=tyy%2F4io&srno=s_16_375&otracker=search&fm=organic&iid=464ce8e7-7c00-4e20-8aab-c33f0aae621b.MOBHMYWR2GCKNVWK.SEARCH&ppt=None&ppn=None&ssid=3xwzucvkj40000001790412306465&qH=a5594894156db043&ov_redirect=true,2026-09-26
376,"realme C61 (Safari Green, 64 GB)",realme,7249,8999,19% off,4.3,"37,550","1,668",4 GB RAM,64 GB ROM,5000 mAh Battery,T612 Processor,17.13 cm (6.745 inch) HD+ Display,32MP Rear Camera | 5MP Front Camera,,https://www.flipkart.com/realme-c61-safari-green-64-gb/p/itmd6ddbcefce040?pid=MOBHFRKRF6ZHBFTW&lid=LSTMOBHFRKRF6ZHBFTWCWTV1O&marketplace=FLIPKART&q=smart+phones&store=tyy%2F4io&srno=s_16_376&otracker=search&fm=organic&iid=464ce8e7-7c00-4e20-8aab-c33f0aae621b.MOBHFRKRF6ZHBFTW.SEARCH&ppt=None&ppn=None&ssid=3xwzucvkj40000001790412306465&qH=a5594894156db043&ov_redirect=true,2026-09-26
377,"Infinix SMART 20 (Shadow Black, 128 GB)",Infinix,14999,21999,31% off,3.9,280,33,4 GB RAM,128 GB ROM,5200 mAh Battery,Helio G81 Ultimate Processor,17.22 cm (6.78 inch) HD+ Display,8MP Rear Camera | 8MP Front Camera,,https://www.flipkart.com/infinix-smart-20-shadow-black-128-gb/p/itmf761cd49f9162?pid=MOBHNMEESZ6UZKPH&lid=LSTMOBHNMEESZ6UZKPHGRELDX&marketplace=FLIPKART&q=smart+phones&store=tyy%2F4io&srno=s_16_377&otracker=search&fm=organic&iid=464ce8e7-7c00-4e20-8aab-c33f0aae621b.MOBHNMEESZ6UZKPH.SEARCH&ppt=None&ppn=None&ssid=3xwzucvkj40000001790412306465&qH=a5594894156db043&ov_redirect=true,2026-09-26
378,"MOTOROLA G04 (Concord Black, 128 GB)",MOTOROLA,10999,,,4.1,"7,170",519,8 GB RAM,128 GB ROM,5000 mAh Battery,Unisoc T606 Processor,16.76 cm (6.6 inch) HD+ Display,16MP Rear Camera | 5MP Front Camera,,https://www.flipkart.com/motorola-g04-concord-black-128-gb/p/itm79853c1ebe7ee?pid=MOBGUFK4TBVGPXJZ&lid=LSTMOBGUFK4TBVGPXJZNK1PLV&marketplace=FLIPKART&q=smart+phones&store=tyy%2F4io&srno=s_16_378&otracker=search&fm=organic&iid=464ce8e7-7c00-4e20-8aab-c33f0aae621b.MOBGUFK4TBVGPXJZ.SEARCH&ppt=None&ppn=None&ssid=3xwzucvkj40000001790412306465&qH=a5594894156db043&ov_redirect=true,2026-09-26
379,"Infinix SMART 8 HD (Timber Black, 64 GB)",Infinix,6999,8999,22% off,4.3,"1,624",64,4 GB RAM,64 GB ROM,5000 mAh Battery,T606 Processor,16.76 cm (6.6 inch) HD+ Display,13MP + AI Lens | 8MP Front Camera,,https://www.flipkart.com/infinix-smart-8-hd-timber-black-64-gb/p/itm709d885ba6ac1?pid=MOBHY9R9BAHDVRVP&lid=LSTMOBHY9R9BAHDVRVPZJMQH6&marketplace=FLIPKART&q=smart+phones&store=tyy%2F4io&srno=s_16_379&otracker=search&fm=organic&iid=464ce8e7-7c00-4e20-8aab-c33f0aae621b.MOBHY9R9BAHDVRVP.SEARCH&ppt=None&ppn=None&ssid=3xwzucvkj40000001790412306465&qH=a5594894156db043&ov_redirect=true,2026-09-26
380,"Nothing Phone (4a) (White, 128 GB)",Nothing,44999,59999,25% off,4.5,"6,692",721,8 GB RAM,128 GB ROM,5400 mAh Lithium ion Battery,Snapdragon 7s Gen 4 Processor,17.22 cm (6.78 inch) Full HD+ AMOLED Display,50MP + 50MP + 8MP | 32MP Front Camera,,https://www.flipkart.com/nothing-phone-4a-white-128-gb/p/itm4d8bff10483ce?pid=MOBHZAWYUQDFFTRB&lid=LSTMOBHZAWYUQDFFTRBUQTFBY&marketplace=FLIPKART&q=smart+phones&store=tyy%2F4io&srno=s_16_380&otracker=search&fm=organic&iid=464ce8e7-7c00-4e20-8aab-c33f0aae621b.MOBHZAWYUQDFFTRB.SEARCH&ppt=None&ppn=None&ssid=3xwzucvkj40000001790412306465&qH=a5594894156db043&ov_redirect=true,2026-09-26
381,"Infinix Smart 8 Plus (Galaxy White, 128 GB)",Infinix,7799,9999,22% off,4.3,"12,988",788,4 GB RAM,128 GB ROM,6000 mAh Battery,Mediatek Helio G36 Processor,16.76 cm (6.6 inch) HD+ Display,50MP + AI Lens | 8MP Front Camera,,https://www.flipkart.com/infinix-smart-8-plus-galaxy-white-128-gb/p/itmb71da75c376e1?pid=MOBGYA22FYTZKRW4&lid=LSTMOBGYA22FYTZKRW4UKLRNR&marketplace=FLIPKART&q=smart+phones&store=tyy%2F4io&srno=s_16_381&otracker=search&fm=organic&iid=464ce8e7-7c00-4e20-8aab-c33f0aae621b.MOBGYA22FYTZKRW4.SEARCH&ppt=None&ppn=None&ssid=3xwzucvkj40000001790412306465&qH=a5594894156db043&ov_redirect=true,2026-09-26
382,"vivo T5x 5G (Fusion Red, 128 GB)",vivo,27999,28999,3% off,4.4,"21,915","1,497",6 GB RAM,128 GB ROM,7200 mAh Li-ion Battery,Dimensity 7400-Turbo Processor,17.17 cm (6.76 inch) Display,50MP + 2MP | 32MP Front Camera,,https://www.flipkart.com/vivo-t5x-5g-fusion-red-128-gb/p/itm7da8aa253e72b?pid=MOBHPGHCZ9HCTCHK&lid=LSTMOBHPGHCZ9HCTCHKPPZYM6&marketplace=FLIPKART&q=smart+phones&store=tyy%2F4io&srno=s_16_382&otracker=search&fm=organic&iid=464ce8e7-7c00-4e20-8aab-c33f0aae621b.MOBHPGHCZ9HCTCHK.SEARCH&ppt=None&ppn=None&ssid=3xwzucvkj40000001790412306465&qH=a5594894156db043&ov_redirect=true,2026-09-26
383,"vivo T5e (Shadow Grey, 64 GB)",vivo,13999,26999,48% off,3.7,131,7,4 GB RAM,64 GB ROM,5500 mAh Li-ion Battery,T7225 Processor,17.12 cm (6.74 inch) HD Display,8MP Rear Camera | 5MP Front Camera,,https://www.flipkart.com/vivo-t5e-shadow-grey-64-gb/p/itm180ca0a991a2b?pid=MOBHPBM6FNMA7ZC7&lid=LSTMOBHPBM6FNMA7ZC7AQDM3K&marketplace=FLIPKART&q=smart+phones&store=tyy%2F4io&srno=s_16_383&otracker=search&fm=organic&iid=464ce8e7-7c00-4e20-8aab-c33f0aae621b.MOBHPBM6FNMA7ZC7.SEARCH&ppt=None&ppn=None&ssid=3xwzucvkj40000001790412306465&qH=a5594894156db043&ov_redirect=true,2026-09-26
384,"Motorola g04s (Satin Blue, 64 GB)",Motorola,9999,,,4.2,"30,184","1,629",4 GB RAM,64 GB ROM,5000 mAh Battery,T606 Processor,16.76 cm (6.6 inch) HD+ Display,50MP Rear Camera | 5MP Front Camera,,https://www.flipkart.com/motorola-g04s-satin-blue-64-gb/p/itma899ac4728c8e?pid=MOBHY9PQM9H8HMEN&lid=LSTMOBHY9PQM9H8HMENQJT1JU&marketplace=FLIPKART&q=smart+phones&store=tyy%2F4io&srno=s_16_384&otracker=search&fm=organic&iid=464ce8e7-7c00-4e20-8aab-c33f0aae621b.MOBHY9PQM9H8HMEN.SEARCH&ppt=None&ppn=None&ssid=3xwzucvkj40000001790412306465&qH=a5594894156db043&ov_redirect=true,2026-09-26
385,"POCO X8 5G (Frost White, 128 GB)",POCO,29999,64999,53% off,4.6,231,154,6 GB RAM,128 GB ROM,9000 mAh Lithium-Ion Polymer Battery,6s Gen 4 Processor,17.35 cm (6.83 inch) Full HD+ AMOLED Display,50MP + 2MP | 16MP Front Camera,,https://www.flipkart.com/poco-x8-5g-frost-white-128-gb/p/itm01d3476376a82?pid=MOBHQ6XZTDPHRKXP&lid=LSTMOBHQ6XZTDPHRKXPSRWOPR&marketplace=FLIPKART&q=smart+phones&store=tyy%2F4io&srno=s_17_385&otracker=search&fm=organic&iid=85fee35b-2e89-4b2a-8e63-2f87b1ba6ce2.MOBHQ6XZTDPHRKXP.SEARCH&ppt=None&ppn=None&ssid=r80c6ccgvk0000001790412309193&qH=a5594894156db043&ov_redirect=true,2026-09-26
386,"Infinix SMART 20 (Cloudline Blue, 64 GB)",Infinix,13499,19999,32% off,3.9,280,33,4 GB RAM,64 GB ROM,5200 mAh Battery,Helio G81 Ultimate Processor,17.22 cm (6.78 inch) HD+ Display,8MP Rear Camera | 8MP Front Camera,,https://www.flipkart.com/infinix-smart-20-cloudline-blue-64-gb/p/itmf761cd49f9162?pid=MOBHNMEEVKHN6S6H&lid=LSTMOBHNMEEVKHN6S6HU2NORG&marketplace=FLIPKART&q=smart+phones&store=tyy%2F4io&srno=s_17_386&otracker=search&fm=organic&iid=85fee35b-2e89-4b2a-8e63-2f87b1ba6ce2.MOBHNMEEVKHN6S6H.SEARCH&ppt=None&ppn=None&ssid=r80c6ccgvk0000001790412309193&qH=a5594894156db043&ov_redirect=true,2026-09-26
387,"Infinix Smart 8 Plus (Shiny Gold, 128 GB)",Infinix,7799,9999,22% off,4.3,"12,988",788,4 GB RAM,128 GB ROM,6000 mAh Battery,Mediatek Helio G36 Processor,16.76 cm (6.6 inch) HD+ Display,50MP + AI Lens | 8MP Front Camera,,https://www.flipkart.com/infinix-smart-8-plus-shiny-gold-128-gb/p/itmb71da75c376e1?pid=MOBGYA22EXQHSZFN&lid=LSTMOBGYA22EXQHSZFNAVNQDZ&marketplace=FLIPKART&q=smart+phones&store=tyy%2F4io&srno=s_17_387&otracker=search&fm=organic&iid=85fee35b-2e89-4b2a-8e63-2f87b1ba6ce2.MOBGYA22EXQHSZFN.SEARCH&ppt=None&ppn=None&ssid=r80c6ccgvk0000001790412309193&qH=a5594894156db043&ov_redirect=true,2026-09-26
388,"POCO M6 5G (Orion Blue, 64 GB)",POCO,11899,11999,,4.1,"1,40,137","7,198",4 GB RAM,64 GB ROM,5000 mAh Battery,Mediatek Dimensity 6100+ Processor,17.12 cm (6.74 inch) HD+ Display,50MP Rear Camera | 5MP Front Camera,,https://www.flipkart.com/poco-m6-5g-orion-blue-64-gb/p/itm8bbb69860e61c?pid=MOBH92ADQKNTCH4P&lid=LSTMOBH92ADQKNTCH4PEL673U&marketplace=FLIPKART&q=smart+phones&store=tyy%2F4io&srno=s_17_388&otracker=search&fm=organic&iid=85fee35b-2e89-4b2a-8e63-2f87b1ba6ce2.MOBH92ADQKNTCH4P.SEARCH&ppt=None&ppn=None&ssid=r80c6ccgvk0000001790412309193&qH=a5594894156db043&ov_redirect=true,2026-09-26
389,Vivo T4 Lite 5G (Titanium Gold 2026) (8GB 256GB),Vivo,23999,31999,25% off,4.3,"22,589","1,361",8 GB RAM,256 GB ROM,6000 mAh Battery,Dimensity 6300 5G Processor,17.12 cm (6.74 inch) HD+ Display,50MP + 2MP | 5MP Front Camera,5G,https://www.flipkart.com/vivo-t4-lite-5g-titanium-gold-2026-8gb-256gb/p/itm49fb53d099f3c?pid=MOBHNCRKFX4ZKXFF&lid=LSTMOBHNCRKFX4ZKXFFQJBUI2&marketplace=FLIPKART&q=smart+phones&store=tyy%2F4io&srno=s_17_389&otracker=search&fm=organic&iid=85fee35b-2e89-4b2a-8e63-2f87b1ba6ce2.MOBHNCRKFX4ZKXFF.SEARCH&ppt=None&ppn=None&ssid=r80c6ccgvk0000001790412309193&qH=a5594894156db043&ov_redirect=true,2026-09-26
390,"vivo T5 Pro 5G (Cosmic Black, 128 GB)",vivo,49999,,,,,,6 GB RAM,128 GB ROM,9020 mAh Battery,Snapdragon 7s Gen 4 Processor,17.35 cm (6.83 inch) Full HD+ AMOLED Display,50MP + 2MP | 32MP Front Camera,,https://www.flipkart.com/vivo-t5-pro-5g-cosmic-black-128-gb/p/itma21e2e09d4493?pid=MOBHR8KH4P6SDPTM&lid=LSTMOBHR8KH4P6SDPTMNQUFFH&marketplace=FLIPKART&q=smart+phones&store=tyy%2F4io&srno=s_17_390&otracker=search&fm=organic&iid=85fee35b-2e89-4b2a-8e63-2f87b1ba6ce2.MOBHR8KH4P6SDPTM.SEARCH&ppt=None&ppn=None&ssid=r80c6ccgvk0000001790412309193&qH=a5594894156db043&ov_redirect=true,2026-09-26
391,"vivo T5x 5G (Fusion Red, 128 GB)",vivo,30999,,,4.4,"25,413","1,899",8 GB RAM,128 GB ROM,7200 mAh Li-ion Battery,Dimensity 7400-Turbo Processor,17.17 cm (6.76 inch) Display,50MP + 2MP | 32MP Front Camera,,https://www.flipkart.com/vivo-t5x-5g-fusion-red-128-gb/p/itm7da8aa253e72b?pid=MOBHPGHCZVCYZUP7&lid=LSTMOBHPGHCZVCYZUP7VAIWGY&marketplace=FLIPKART&q=smart+phones&store=tyy%2F4io&srno=s_17_391&otracker=search&fm=organic&iid=85fee35b-2e89-4b2a-8e63-2f87b1ba6ce2.MOBHPGHCZVCYZUP7.SEARCH&ppt=None&ppn=None&ssid=r80c6ccgvk0000001790412309193&qH=a5594894156db043&ov_redirect=true,2026-09-26
392,"POCO C85 5G (Spring Green, 128 GB)",POCO,19499,24999,22% off,4.3,179,12,8 GB RAM,128 GB ROM,6000 mAh Lithium-Ion Polymer Battery,Dimensity 6300 Processor,17.53 cm (6.9 inch) HD+ Display,50MP Rear Camera | 8MP Front Camera,,https://www.flipkart.com/poco-c85-5g-spring-green-128-gb/p/itm8eb0c84963d83?pid=MOBHMGG5CR7GHJHN&lid=LSTMOBHMGG5CR7GHJHNTRROVD&marketplace=FLIPKART&q=smart+phones&store=tyy%2F4io&srno=s_17_392&otracker=search&fm=organic&iid=85fee35b-2e89-4b2a-8e63-2f87b1ba6ce2.MOBHMGG5CR7GHJHN.SEARCH&ppt=None&ppn=None&ssid=r80c6ccgvk0000001790412309193&qH=a5594894156db043&ov_redirect=true,2026-09-26
393,"MOTOROLA g max (PANTONE Malaga, 128 GB)",MOTOROLA,27999,44999,37% off,4.3,22,2,6 GB RAM,128 GB ROM,7000 mAh Battery,Snapdragon 6s Gen 4 Processor,17.07 cm (6.72 inch) Full HD+ Display,50MP + 8MP | 32MP Front Camera,,https://www.flipkart.com/motorola-g-max-pantone-malaga-128-gb/p/itmbd07b2023dab1?pid=MOBHPR97F9CZHPVU&lid=LSTMOBHPR97F9CZHPVU0DP4ZY&marketplace=FLIPKART&q=smart+phones&store=tyy%2F4io&srno=s_17_393&otracker=search&fm=organic&iid=85fee35b-2e89-4b2a-8e63-2f87b1ba6ce2.MOBHPR97F9CZHPVU.SEARCH&ppt=None&ppn=None&ssid=r80c6ccgvk0000001790412309193&qH=a5594894156db043&ov_redirect=true,2026-09-26
394,"MOTOROLA g37 (PANTONE Capri, 64 GB)",MOTOROLA,18999,24999,24% off,4.3,"3,949",213,4 GB RAM,64 GB ROM,5200 mAh Battery,Dimensity 6400 Processor,16.92 cm (6.66 inch) HD+ Display,50MP Rear Camera | 8MP Front Camera,,https://www.flipkart.com/motorola-g37-pantone-capri-64-gb/p/itm54f0e687c7b29?pid=MOBHHWB6U3Q3RYFD&lid=LSTMOBHHWB6U3Q3RYFDYGJVNO&marketplace=FLIPKART&q=smart+phones&store=tyy%2F4io&srno=s_17_394&otracker=search&fm=organic&iid=85fee35b-2e89-4b2a-8e63-2f87b1ba6ce2.MOBHHWB6U3Q3RYFD.SEARCH&ppt=None&ppn=None&ssid=r80c6ccgvk0000001790412309193&qH=a5594894156db043&ov_redirect=true,2026-09-26
395,"Infinix SMART 8 HD (Crystal Green, 64 GB)",Infinix,6999,8999,22% off,4.3,"1,624",64,4 GB RAM,64 GB ROM,5000 mAh Battery,T606 Processor,16.76 cm (6.6 inch) HD+ Display,13MP + AI Lens | 8MP Front Camera,,https://www.flipkart.com/infinix-smart-8-hd-crystal-green-64-gb/p/itm709d885ba6ac1?pid=MOBHY9R9QYTYJZ92&lid=LSTMOBHY9R9QYTYJZ92ZKPAKS&marketplace=FLIPKART&q=smart+phones&store=tyy%2F4io&srno=s_17_395&otracker=search&fm=organic&iid=85fee35b-2e89-4b2a-8e63-2f87b1ba6ce2.MOBHY9R9QYTYJZ92.SEARCH&ppt=None&ppn=None&ssid=r80c6ccgvk0000001790412309193&qH=a5594894156db043&ov_redirect=true,2026-09-26
396,Vivo T4 Lite 5G (Prism Blue 2026) ( 4GB 64GB),Vivo,16999,27999,39% off,4.3,"44,256","2,017",4 GB RAM,64 GB ROM,6000 mAh Battery,Dimensity 6300 5G Processor,17.12 cm (6.74 inch) HD+ Display,50MP + 2MP | 5MP Front Camera,5G,https://www.flipkart.com/vivo-t4-lite-5g-prism-blue-2026-4gb-64gb/p/itm49fb53d099f3c?pid=MOBHNCRKA4XQFSRM&lid=LSTMOBHNCRKA4XQFSRMKUYMUR&marketplace=FLIPKART&q=smart+phones&store=tyy%2F4io&srno=s_17_396&otracker=search&fm=organic&iid=85fee35b-2e89-4b2a-8e63-2f87b1ba6ce2.MOBHNCRKA4XQFSRM.SEARCH&ppt=None&ppn=None&ssid=r80c6ccgvk0000001790412309193&qH=a5594894156db043&ov_redirect=true,2026-09-26
397,"Infinix SMART 8 HD (Galaxy White, 64 GB)",Infinix,6999,8999,22% off,4.3,"1,624",64,4 GB RAM,64 GB ROM,5000 mAh Battery,T606 Processor,16.76 cm (6.6 inch) HD+ Display,13MP + AI Lens | 8MP Front Camera,,https://www.flipkart.com/infinix-smart-8-hd-galaxy-white-64-gb/p/itm709d885ba6ac1?pid=MOBHY9R9D4CF95S2&lid=LSTMOBHY9R9D4CF95S2BZ8I7X&marketplace=FLIPKART&q=smart+phones&store=tyy%2F4io&srno=s_17_397&otracker=search&fm=organic&iid=85fee35b-2e89-4b2a-8e63-2f87b1ba6ce2.MOBHY9R9D4CF95S2.SEARCH&ppt=None&ppn=None&ssid=r80c6ccgvk0000001790412309193&qH=a5594894156db043&ov_redirect=true,2026-09-26
398,"MOTOROLA g37 (PANTONE Nautical Blue, 64 GB)",MOTOROLA,18999,24999,24% off,4.3,"3,949",213,4 GB RAM,64 GB ROM,5200 mAh Battery,Dimensity 6400 Processor,16.92 cm (6.66 inch) HD+ Display,50MP Rear Camera | 8MP Front Camera,,https://www.flipkart.com/motorola-g37-pantone-nautical-blue-64-gb/p/itm5d235b295291f?pid=MOBHHWB6YAKNZGPB&lid=LSTMOBHHWB6YAKNZGPBGLLTUW&marketplace=FLIPKART&q=smart+phones&store=tyy%2F4io&srno=s_17_398&otracker=search&fm=organic&iid=85fee35b-2e89-4b2a-8e63-2f87b1ba6ce2.MOBHHWB6YAKNZGPB.SEARCH&ppt=None&ppn=None&ssid=r80c6ccgvk0000001790412309193&qH=a5594894156db043&ov_redirect=true,2026-09-26
399,"OnePlus Nord CE 3 Lite 5G (Pastel Lime, 256 GB)",OnePlus,18289,21999,16% off,4.4,"1,66,959","8,606",8 GB RAM,256 GB ROM,5000 mAh Battery,,17.07 cm (6.72 inch) Display,108MP Rear Camera,,https://www.flipkart.com/oneplus-nord-ce-3-lite-5g-pastel-lime-256-gb/p/itm2cd5a4e659035?pid=MOBGZJ3ZFQ8AKKRS&lid=LSTMOBGZJ3ZFQ8AKKRS8ZLIY8&marketplace=FLIPKART&q=smart+phones&store=tyy%2F4io&srno=s_17_399&otracker=search&fm=organic&iid=85fee35b-2e89-4b2a-8e63-2f87b1ba6ce2.MOBGZJ3ZFQ8AKKRS.SEARCH&ppt=None&ppn=None&ssid=r80c6ccgvk0000001790412309193&qH=a5594894156db043&ov_redirect=true,2026-09-26
400,"Infinix SMART 20 (Polaris Titanium, 64 GB)",Infinix,13499,19999,32% off,3.9,280,33,4 GB RAM,64 GB ROM,5200 mAh Battery,Helio G81 Ultimate Processor,17.22 cm (6.78 inch) HD+ Display,8MP Rear Camera | 8MP Front Camera,,https://www.flipkart.com/infinix-smart-20-polaris-titanium-64-gb/p/itmf761cd49f9162?pid=MOBHNMEETYFWZNHQ&lid=LSTMOBHNMEETYFWZNHQVTGCIP&marketplace=FLIPKART&q=smart+phones&store=tyy%2F4io&srno=s_17_400&otracker=search&fm=organic&iid=85fee35b-2e89-4b2a-8e63-2f87b1ba6ce2.MOBHNMEETYFWZNHQ.SEARCH&ppt=None&ppn=None&ssid=r80c6ccgvk0000001790412309193&qH=a5594894156db043&ov_redirect=true,2026-09-26
401,"realme C85 5G (Peacock Green, 128.0 GB)",realme,21999,24999,12% off,4.3,226,17,4 GB RAM,128.0 GB ROM,7000 mAh Battery,Dimensity 6300 Processor,17.27 cm (6.8 inch) HD+ Display,50MP Rear Camera | 8MP Front Camera,,https://www.flipkart.com/realme-c85-5g-peacock-green-128-0-gb/p/itm460d45ea3b896?pid=MOBHHY7VCDAH336F&lid=LSTMOBHHY7VCDAH336F2EFDNT&marketplace=FLIPKART&q=smart+phones&store=tyy%2F4io&srno=s_17_401&otracker=search&fm=organic&iid=85fee35b-2e89-4b2a-8e63-2f87b1ba6ce2.MOBHHY7VCDAH336F.SEARCH&ppt=None&ppn=None&ssid=r80c6ccgvk0000001790412309193&qH=a5594894156db043&ov_redirect=true,2026-09-26
402,"POCO M6 5G (Polaris Green, 64 GB)",POCO,11899,11999,,4.1,"1,40,137","7,198",4 GB RAM,64 GB ROM,5000 mAh Battery,Mediatek Dimensity 6100+ Processor,17.12 cm (6.74 inch) HD+ Display,50MP Rear Camera | 5MP Front Camera,,https://www.flipkart.com/poco-m6-5g-polaris-green-64-gb/p/itm59919781c6f8e?pid=MOBH92ADXHPMEMDK&lid=LSTMOBH92ADXHPMEMDKDA63SU&marketplace=FLIPKART&q=smart+phones&store=tyy%2F4io&srno=s_17_402&otracker=search&fm=organic&iid=85fee35b-2e89-4b2a-8e63-2f87b1ba6ce2.MOBH92ADXHPMEMDK.SEARCH&ppt=None&ppn=None&ssid=r80c6ccgvk0000001790412309193&qH=a5594894156db043&ov_redirect=true,2026-09-26
403,"realme C100x (Golden Coast, 64 GB)",realme,17999,29999,40% off,3.6,271,34,4 GB RAM,64 GB ROM,8000 mAh Battery,T7250 Processor,17.27 cm (6.8 inch) HD+ Display,50MP Rear Camera | 5MP Front Camera,,https://www.flipkart.com/realme-c100x-golden-coast-64-gb/p/itm488eb4026680c?pid=MOBHZMDTJ8MRNENF&lid=LSTMOBHZMDTJ8MRNENF0B9EB3&marketplace=FLIPKART&q=smart+phones&store=tyy%2F4io&srno=s_17_403&otracker=search&fm=organic&iid=85fee35b-2e89-4b2a-8e63-2f87b1ba6ce2.MOBHZMDTJ8MRNENF.SEARCH&ppt=None&ppn=None&ssid=r80c6ccgvk0000001790412309193&qH=a5594894156db043&ov_redirect=true,2026-09-26
404,Vivo T4 Lite 5G (Prism Blue 2026) (8GB 256GB),Vivo,23999,31999,25% off,4.3,"22,589","1,361",8 GB RAM,256 GB ROM,6000 mAh Battery,Dimensity 6300 5G Processor,17.12 cm (6.74 inch) HD+ Display,50MP + 2MP | 5MP Front Camera,5G,https://www.flipkart.com/vivo-t4-lite-5g-prism-blue-2026-8gb-256gb/p/itm49fb53d099f3c?pid=MOBHNCRKUF76UJJB&lid=LSTMOBHNCRKUF76UJJBMMXCLV&marketplace=FLIPKART&q=smart+phones&store=tyy%2F4io&srno=s_17_404&otracker=search&fm=organic&iid=85fee35b-2e89-4b2a-8e63-2f87b1ba6ce2.MOBHNCRKUF76UJJB.SEARCH&ppt=None&ppn=None&ssid=r80c6ccgvk0000001790412309193&qH=a5594894156db043&ov_redirect=true,2026-09-26
405,"Infinix SMART 20 (Shadow Black, 64 GB)",Infinix,13499,19999,32% off,3.9,280,33,4 GB RAM,64 GB ROM,5200 mAh Battery,Helio G81 Ultimate Processor,17.22 cm (6.78 inch) HD+ Display,8MP Rear Camera | 8MP Front Camera,,https://www.flipkart.com/infinix-smart-20-shadow-black-64-gb/p/itmf761cd49f9162?pid=MOBHNMEEJVRS9GJG&lid=LSTMOBHNMEEJVRS9GJG6RX37Q&marketplace=FLIPKART&q=smart+phones&store=tyy%2F4io&srno=s_17_405&otracker=search&fm=organic&iid=85fee35b-2e89-4b2a-8e63-2f87b1ba6ce2.MOBHNMEEJVRS9GJG.SEARCH&ppt=None&ppn=None&ssid=r80c6ccgvk0000001790412309193&qH=a5594894156db043&ov_redirect=true,2026-09-26
406,"POCO M7 Plus 5G (Carbon Black, 128 GB)",POCO,16999,,,4.2,"12,881",984,6 GB RAM,128 GB ROM,7000 mAh Battery,Snapdragon 6s Gen 3 5G Processor,17.53 cm (6.9 inch) Full HD+ Display,50MP AI Dual Camera | 8MP Front Camera,5G,https://www.flipkart.com/poco-m7-plus-5g-carbon-black-128-gb/p/itmb4301b9afe80c?pid=MOBHETX6NVUH8VPG&lid=LSTMOBHETX6NVUH8VPGCRWB18&marketplace=FLIPKART&q=smart+phones&store=tyy%2F4io&srno=s_17_406&otracker=search&fm=organic&iid=85fee35b-2e89-4b2a-8e63-2f87b1ba6ce2.MOBHETX6NVUH8VPG.SEARCH&ppt=None&ppn=None&ssid=r80c6ccgvk0000001790412309193&qH=a5594894156db043&ov_redirect=true,2026-09-26
407,"Samsung Galaxy F17 5G (Violet Pop, 128 GB)",Samsung,22944,30999,25% off,4.2,257,22,6 GB RAM,128 GB ROM,5000 mAh Battery,Exynos 1330 Processor,17.02 cm (6.7 inch) Full HD+ Display,50MP + 5MP | 13MP Front Camera,,https://www.flipkart.com/samsung-galaxy-f17-5g-violet-pop-128-gb/p/itmead495c48e859?pid=MOBHF6KMQQECNVHN&lid=LSTMOBHF6KMQQECNVHNSVFII7&marketplace=FLIPKART&q=smart+phones&store=tyy%2F4io&srno=s_17_407&otracker=search&fm=organic&iid=85fee35b-2e89-4b2a-8e63-2f87b1ba6ce2.MOBHF6KMQQECNVHN.SEARCH&ppt=None&ppn=None&ssid=r80c6ccgvk0000001790412309193&qH=a5594894156db043&ov_redirect=true,2026-09-26
408,"POCO M7 Plus 5G (Carbon Black, 128 GB)",POCO,17999,,,4.2,"6,596",529,8 GB RAM,128 GB ROM,7000 mAh Battery,Snapdragon 6s Gen 3 5G Processor,17.53 cm (6.9 inch) Full HD+ Display,50MP AI Dual Camera | 8MP Front Camera,5G,https://www.flipkart.com/poco-m7-plus-5g-carbon-black-128-gb/p/itm39c366869cc19?pid=MOBHETX6YMAG9NTF&lid=LSTMOBHETX6YMAG9NTF5IHJPA&marketplace=FLIPKART&q=smart+phones&store=tyy%2F4io&srno=s_17_408&otracker=search&fm=organic&iid=85fee35b-2e89-4b2a-8e63-2f87b1ba6ce2.MOBHETX6YMAG9NTF.SEARCH&ppt=None&ppn=None&ssid=r80c6ccgvk0000001790412309193&qH=a5594894156db043&ov_redirect=true,2026-09-26
409,"POCO M6 5G (Orion Blue, 64 GB)",POCO,11899,11999,,4.1,"1,40,137","7,198",4 GB RAM,64 GB ROM,5000 mAh Battery,Mediatek Dimensity 6100+ Processor,17.12 cm (6.74 inch) HD+ Display,50MP Rear Camera | 5MP Front Camera,,https://www.flipkart.com/poco-m6-5g-orion-blue-64-gb/p/itm8bbb69860e61c?pid=MOBH92ADQKNTCH4P&lid=LSTMOBH92ADQKNTCH4PEL673U&marketplace=FLIPKART&q=smart+phones&store=tyy%2F4io&srno=s_18_409&otracker=search&fm=organic&iid=678045bd-29a2-449d-ad63-142cf046fa86.MOBH92ADQKNTCH4P.SEARCH&ppt=None&ppn=None&ssid=g70c8gpreo0000001790412312072&qH=a5594894156db043&ov_redirect=true,2026-09-26
410,"Infinix SMART 20 (Cloudline Blue, 64 GB)",Infinix,13499,19999,32% off,3.9,280,33,4 GB RAM,64 GB ROM,5200 mAh Battery,Helio G81 Ultimate Processor,17.22 cm (6.78 inch) HD+ Display,8MP Rear Camera | 8MP Front Camera,,https://www.flipkart.com/infinix-smart-20-cloudline-blue-64-gb/p/itmf761cd49f9162?pid=MOBHNMEEVKHN6S6H&lid=LSTMOBHNMEEVKHN6S6HU2NORG&marketplace=FLIPKART&q=smart+phones&store=tyy%2F4io&srno=s_18_410&otracker=search&fm=organic&iid=678045bd-29a2-449d-ad63-142cf046fa86.MOBHNMEEVKHN6S6H.SEARCH&ppt=None&ppn=None&ssid=g70c8gpreo0000001790412312072&qH=a5594894156db043&ov_redirect=true,2026-09-26
411,"Infinix HOT 60i 5G (Shadow Blue, 128 GB)",Infinix,19999,24999,20% off,4.3,"1,579",148,4 GB RAM,128 GB ROM,6000 mAh Battery,Dimensity 6400 Processor,17.14 cm (6.75 inch) HD+ Display,50MP Rear Camera | 5MP Front Camera,,https://www.flipkart.com/infinix-hot-60i-5g-shadow-blue-128-gb/p/itm1cb6bf875f6e0?pid=MOBHERZERAFFCH7M&lid=LSTMOBHERZERAFFCH7MDSZZDP&marketplace=FLIPKART&q=smart+phones&store=tyy%2F4io&srno=s_18_411&otracker=search&fm=organic&iid=678045bd-29a2-449d-ad63-142cf046fa86.MOBHERZERAFFCH7M.SEARCH&ppt=None&ppn=None&ssid=g70c8gpreo0000001790412312072&qH=a5594894156db043&ov_redirect=true,2026-09-26
412,"vivo T5x 5G (Fusion Red, 128 GB)",vivo,30999,,,4.4,"25,413","1,899",8 GB RAM,128 GB ROM,7200 mAh Li-ion Battery,Dimensity 7400-Turbo Processor,17.17 cm (6.76 inch) Display,50MP + 2MP | 32MP Front Camera,,https://www.flipkart.com/vivo-t5x-5g-fusion-red-128-gb/p/itm7da8aa253e72b?pid=MOBHPGHCZVCYZUP7&lid=LSTMOBHPGHCZVCYZUP7VAIWGY&marketplace=FLIPKART&q=smart+phones&store=tyy%2F4io&srno=s_18_412&otracker=search&fm=organic&iid=678045bd-29a2-449d-ad63-142cf046fa86.MOBHPGHCZVCYZUP7.SEARCH&ppt=None&ppn=None&ssid=g70c8gpreo0000001790412312072&qH=a5594894156db043&ov_redirect=true,2026-09-26
413,"POCO M8 (Carbon Black, 128 GB)",POCO,24999,25999,3% off,4.3,"3,794",357,6 GB RAM,128 GB ROM,5520 mAh Battery,,17.2 cm (6.77 inch) Full HD+ Display,50MP Rear Camera | 20MP Front Camera,,https://www.flipkart.com/poco-m8-carbon-black-128-gb/p/itmfb341f67be0ed?pid=MOBHMGG55BR5SZCG&lid=LSTMOBHMGG55BR5SZCG3RRG5U&marketplace=FLIPKART&q=smart+phones&store=tyy%2F4io&srno=s_18_413&otracker=search&fm=organic&iid=678045bd-29a2-449d-ad63-142cf046fa86.MOBHMGG55BR5SZCG.SEARCH&ppt=None&ppn=None&ssid=g70c8gpreo0000001790412312072&qH=a5594894156db043&ov_redirect=true,2026-09-26
414,"Motorola G34 5G (Ice Blue, 128 GB)",Motorola,11999,13999,14% off,4.2,"49,264","3,566",4 GB RAM,128 GB ROM,5000 mAh Battery,Snapdragon 695 5G Processor,16.51 cm (6.5 inch) HD+ Display,50MP + 2MP | 16MP Front Camera,5G,https://www.flipkart.com/motorola-g34-5g-ice-blue-128-gb/p/itm0f6b45af1c0f0?pid=MOBGUFK4ZX2ZHMTQ&lid=LSTMOBGUFK4ZX2ZHMTQUCFTOJ&marketplace=FLIPKART&q=smart+phones&store=tyy%2F4io&srno=s_18_414&otracker=search&fm=organic&iid=678045bd-29a2-449d-ad63-142cf046fa86.MOBGUFK4ZX2ZHMTQ.SEARCH&ppt=None&ppn=None&ssid=g70c8gpreo0000001790412312072&qH=a5594894156db043&ov_redirect=true,2026-09-26
415,"MOTOROLA g37 (PANTONE Capri, 64 GB)",MOTOROLA,18999,24999,24% off,4.3,"3,949",213,4 GB RAM,64 GB ROM,5200 mAh Battery,Dimensity 6400 Processor,16.92 cm (6.66 inch) HD+ Display,50MP Rear Camera | 8MP Front Camera,,https://www.flipkart.com/motorola-g37-pantone-capri-64-gb/p/itm54f0e687c7b29?pid=MOBHHWB6U3Q3RYFD&lid=LSTMOBHHWB6U3Q3RYFDYGJVNO&marketplace=FLIPKART&q=smart+phones&store=tyy%2F4io&srno=s_18_415&otracker=search&fm=organic&iid=678045bd-29a2-449d-ad63-142cf046fa86.MOBHHWB6U3Q3RYFD.SEARCH&ppt=None&ppn=None&ssid=g70c8gpreo0000001790412312072&qH=a5594894156db043&ov_redirect=true,2026-09-26
416,Vivo T4 Lite 5G (Prism Blue 2026) ( 4GB 64GB),Vivo,16999,27999,39% off,4.3,"44,256","2,017",4 GB RAM,64 GB ROM,6000 mAh Battery,Dimensity 6300 5G Processor,17.12 cm (6.74 inch) HD+ Display,50MP + 2MP | 5MP Front Camera,5G,https://www.flipkart.com/vivo-t4-lite-5g-prism-blue-2026-4gb-64gb/p/itm49fb53d099f3c?pid=MOBHNCRKA4XQFSRM&lid=LSTMOBHNCRKA4XQFSRMKUYMUR&marketplace=FLIPKART&q=smart+phones&store=tyy%2F4io&srno=s_18_416&otracker=search&fm=organic&iid=678045bd-29a2-449d-ad63-142cf046fa86.MOBHNCRKA4XQFSRM.SEARCH&ppt=None&ppn=None&ssid=g70c8gpreo0000001790412312072&qH=a5594894156db043&ov_redirect=true,2026-09-26
417,"vivo T5 Pro 5G (Cosmic Black, 128 GB)",vivo,49999,,,,,,6 GB RAM,128 GB ROM,9020 mAh Battery,Snapdragon 7s Gen 4 Processor,17.35 cm (6.83 inch) Full HD+ AMOLED Display,50MP + 2MP | 32MP Front Camera,,https://www.flipkart.com/vivo-t5-pro-5g-cosmic-black-128-gb/p/itma21e2e09d4493?pid=MOBHR8KH4P6SDPTM&lid=LSTMOBHR8KH4P6SDPTMNQUFFH&marketplace=FLIPKART&q=smart+phones&store=tyy%2F4io&srno=s_18_417&otracker=search&fm=organic&iid=678045bd-29a2-449d-ad63-142cf046fa86.MOBHR8KH4P6SDPTM.SEARCH&ppt=None&ppn=None&ssid=g70c8gpreo0000001790412312072&qH=a5594894156db043&ov_redirect=true,2026-09-26
418,"MOTOROLA g37 (PANTONE Nautical Blue, 64 GB)",MOTOROLA,18999,24999,24% off,4.3,"3,949",213,4 GB RAM,64 GB ROM,5200 mAh Battery,Dimensity 6400 Processor,16.92 cm (6.66 inch) HD+ Display,50MP Rear Camera | 8MP Front Camera,,https://www.flipkart.com/motorola-g37-pantone-nautical-blue-64-gb/p/itm5d235b295291f?pid=MOBHHWB6YAKNZGPB&lid=LSTMOBHHWB6YAKNZGPBGLLTUW&marketplace=FLIPKART&q=smart+phones&store=tyy%2F4io&srno=s_18_418&otracker=search&fm=organic&iid=678045bd-29a2-449d-ad63-142cf046fa86.MOBHHWB6YAKNZGPB.SEARCH&ppt=None&ppn=None&ssid=g70c8gpreo0000001790412312072&qH=a5594894156db043&ov_redirect=true,2026-09-26
419,"POCO C85 5G (Spring Green, 128 GB)",POCO,19499,24999,22% off,4.3,179,12,8 GB RAM,128 GB ROM,6000 mAh Lithium-Ion Polymer Battery,Dimensity 6300 Processor,17.53 cm (6.9 inch) HD+ Display,50MP Rear Camera | 8MP Front Camera,,https://www.flipkart.com/poco-c85-5g-spring-green-128-gb/p/itm8eb0c84963d83?pid=MOBHMGG5CR7GHJHN&lid=LSTMOBHMGG5CR7GHJHNTRROVD&marketplace=FLIPKART&q=smart+phones&store=tyy%2F4io&srno=s_18_419&otracker=search&fm=organic&iid=678045bd-29a2-449d-ad63-142cf046fa86.MOBHMGG5CR7GHJHN.SEARCH&ppt=None&ppn=None&ssid=g70c8gpreo0000001790412312072&qH=a5594894156db043&ov_redirect=true,2026-09-26
420,"OnePlus Nord CE4 lite 5G (MEGA BLUE, 128 GB)",OnePlus,16645,20999,20% off,4.4,"36,195","1,869",8 GB RAM,128 GB ROM,5500 mAh Battery,,16.94 cm (6.67 inch) Display,50MP Rear Camera,,https://www.flipkart.com/oneplus-nord-ce4-lite-5g-mega-blue-128-gb/p/itm8fd5fdf300955?pid=MOBH25Z9CCTDDN3J&lid=LSTMOBH25Z9CCTDDN3JRQFPVW&marketplace=FLIPKART&q=smart+phones&store=tyy%2F4io&srno=s_18_420&otracker=search&fm=organic&iid=678045bd-29a2-449d-ad63-142cf046fa86.MOBH25Z9CCTDDN3J.SEARCH&ppt=None&ppn=None&ssid=g70c8gpreo0000001790412312072&qH=a5594894156db043&ov_redirect=true,2026-09-26
421,"Motorola g04s (Satin Blue, 64 GB)",Motorola,9999,,,4.2,"30,184","1,629",4 GB RAM,64 GB ROM,5000 mAh Battery,T606 Processor,16.76 cm (6.6 inch) HD+ Display,50MP Rear Camera | 5MP Front Camera,,https://www.flipkart.com/motorola-g04s-satin-blue-64-gb/p/itma899ac4728c8e?pid=MOBHY9PQM9H8HMEN&lid=LSTMOBHY9PQM9H8HMENQJT1JU&marketplace=FLIPKART&q=smart+phones&store=tyy%2F4io&srno=s_18_421&otracker=search&fm=organic&iid=678045bd-29a2-449d-ad63-142cf046fa86.MOBHY9PQM9H8HMEN.SEARCH&ppt=None&ppn=None&ssid=g70c8gpreo0000001790412312072&qH=a5594894156db043&ov_redirect=true,2026-09-26
422,"OnePlus Nord CE 3 Lite 5G (Pastel Lime, 256 GB)",OnePlus,18289,21999,16% off,4.4,"1,66,959","8,606",8 GB RAM,256 GB ROM,5000 mAh Battery,,17.07 cm (6.72 inch) Display,108MP Rear Camera,,https://www.flipkart.com/oneplus-nord-ce-3-lite-5g-pastel-lime-256-gb/p/itm2cd5a4e659035?pid=MOBGZJ3ZFQ8AKKRS&lid=LSTMOBGZJ3ZFQ8AKKRS8ZLIY8&marketplace=FLIPKART&q=smart+phones&store=tyy%2F4io&srno=s_18_422&otracker=search&fm=organic&iid=678045bd-29a2-449d-ad63-142cf046fa86.MOBGZJ3ZFQ8AKKRS.SEARCH&ppt=None&ppn=None&ssid=g70c8gpreo0000001790412312072&qH=a5594894156db043&ov_redirect=true,2026-09-26
423,"Infinix SMART 8 HD (Timber Black, 64 GB)",Infinix,6999,8999,22% off,4.3,"1,624",64,4 GB RAM,64 GB ROM,5000 mAh Battery,T606 Processor,16.76 cm (6.6 inch) HD+ Display,13MP + AI Lens | 8MP Front Camera,,https://www.flipkart.com/infinix-smart-8-hd-timber-black-64-gb/p/itm709d885ba6ac1?pid=MOBHY9R9BAHDVRVP&lid=LSTMOBHY9R9BAHDVRVPZJMQH6&marketplace=FLIPKART&q=smart+phones&store=tyy%2F4io&srno=s_18_423&otracker=search&fm=organic&iid=678045bd-29a2-449d-ad63-142cf046fa86.MOBHY9R9BAHDVRVP.SEARCH&ppt=None&ppn=None&ssid=g70c8gpreo0000001790412312072&qH=a5594894156db043&ov_redirect=true,2026-09-26
424,"OPPO K14x 5G 6500mAh and 45W SUPERVOOC Charger & AI (Prism Violet, 128 GB)",OPPO,24999,40999,39% off,4.4,"3,863",355,6 GB RAM,128 GB ROM,6500 mAh Battery,Dimensity 6300 Processor,17.14 cm (6.75 inch) HD+ Display,,,https://www.flipkart.com/oppo-k14x-5g-6500mah-45w-supervooc-charger-ai-prism-violet-128-gb/p/itmdcac5ae642971?pid=MOBHPHSHQF9SHK43&lid=LSTMOBHPHSHQF9SHK43VNTYD6&marketplace=FLIPKART&q=smart+phones&store=tyy%2F4io&srno=s_18_424&otracker=search&fm=organic&iid=678045bd-29a2-449d-ad63-142cf046fa86.MOBHPHSHQF9SHK43.SEARCH&ppt=None&ppn=None&ssid=g70c8gpreo0000001790412312072&qH=a5594894156db043&ov_redirect=true,2026-09-26
425,"Motorola G34 5G (Charcoal Black, 128 GB)",Motorola,11999,13999,14% off,4.2,"49,264","3,566",4 GB RAM,128 GB ROM,5000 mAh Battery,Snapdragon 695 5G Processor,16.51 cm (6.5 inch) HD+ Display,50MP + 2MP | 16MP Front Camera,5G,https://www.flipkart.com/motorola-g34-5g-charcoal-black-128-gb/p/itm357c0dba433c3?pid=MOBGUFK494PA7H5Z&lid=LSTMOBGUFK494PA7H5ZDQOTLA&marketplace=FLIPKART&q=smart+phones&store=tyy%2F4io&srno=s_18_425&otracker=search&fm=organic&iid=678045bd-29a2-449d-ad63-142cf046fa86.MOBGUFK494PA7H5Z.SEARCH&ppt=None&ppn=None&ssid=g70c8gpreo0000001790412312072&qH=a5594894156db043&ov_redirect=true,2026-09-26
426,"Infinix SMART 20 (Polaris Titanium, 64 GB)",Infinix,13499,19999,32% off,3.9,280,33,4 GB RAM,64 GB ROM,5200 mAh Battery,Helio G81 Ultimate Processor,17.22 cm (6.78 inch) HD+ Display,8MP Rear Camera | 8MP Front Camera,,https://www.flipkart.com/infinix-smart-20-polaris-titanium-64-gb/p/itmf761cd49f9162?pid=MOBHNMEETYFWZNHQ&lid=LSTMOBHNMEETYFWZNHQVTGCIP&marketplace=FLIPKART&q=smart+phones&store=tyy%2F4io&srno=s_18_426&otracker=search&fm=organic&iid=678045bd-29a2-449d-ad63-142cf046fa86.MOBHNMEETYFWZNHQ.SEARCH&ppt=None&ppn=None&ssid=g70c8gpreo0000001790412312072&qH=a5594894156db043&ov_redirect=true,2026-09-26
427,"Motorola Edge 40 Neo (Black Beauty, 128 GB)",Motorola,27999,,,4.3,"57,634","6,027",8 GB RAM,128 GB ROM,5000 mAh Battery,Dimensity 7030 Processor,16.64 cm (6.55 inch) Full HD+ Display,50MP + 13MP | 32MP Front Camera,,https://www.flipkart.com/motorola-edge-40-neo-black-beauty-128-gb/p/itm01cc46d96a79f?pid=MOBGQFX6JGTWFSGD&lid=LSTMOBGQFX6JGTWFSGDTXTCZS&marketplace=FLIPKART&q=smart+phones&store=tyy%2F4io&srno=s_18_427&otracker=search&fm=organic&iid=678045bd-29a2-449d-ad63-142cf046fa86.MOBGQFX6JGTWFSGD.SEARCH&ppt=None&ppn=None&ssid=g70c8gpreo0000001790412312072&qH=a5594894156db043&ov_redirect=true,2026-09-26
428,"realme C100x (Golden Coast, 64 GB)",realme,17999,29999,40% off,3.6,271,34,4 GB RAM,64 GB ROM,8000 mAh Battery,T7250 Processor,17.27 cm (6.8 inch) HD+ Display,50MP Rear Camera | 5MP Front Camera,,https://www.flipkart.com/realme-c100x-golden-coast-64-gb/p/itm488eb4026680c?pid=MOBHZMDTJ8MRNENF&lid=LSTMOBHZMDTJ8MRNENF0B9EB3&marketplace=FLIPKART&q=smart+phones&store=tyy%2F4io&srno=s_18_428&otracker=search&fm=organic&iid=678045bd-29a2-449d-ad63-142cf046fa86.MOBHZMDTJ8MRNENF.SEARCH&ppt=None&ppn=None&ssid=g70c8gpreo0000001790412312072&qH=a5594894156db043&ov_redirect=true,2026-09-26
429,"POCO M7 Plus 5G (Chrome Silver, 128 GB)",POCO,17999,,,4.2,"6,596",529,8 GB RAM,128 GB ROM,7000 mAh Battery,Snapdragon 6s Gen 3 5G Processor,17.53 cm (6.9 inch) Display,50MP AI Dual Camera,5G,https://www.flipkart.com/poco-m7-plus-5g-chrome-silver-128-gb/p/itm7074a66234a6d?pid=MOBHETX6NDXNUJGF&lid=LSTMOBHETX6NDXNUJGFQPHFB6&marketplace=FLIPKART&q=smart+phones&store=tyy%2F4io&srno=s_18_429&otracker=search&fm=organic&iid=678045bd-29a2-449d-ad63-142cf046fa86.MOBHETX6NDXNUJGF.SEARCH&ppt=None&ppn=None&ssid=g70c8gpreo0000001790412312072&qH=a5594894156db043&ov_redirect=true,2026-09-26
430,Vivo T4 Lite 5G (Prism Blue 2026) (8GB 256GB),Vivo,23999,31999,25% off,4.3,"22,589","1,361",8 GB RAM,256 GB ROM,6000 mAh Battery,Dimensity 6300 5G Processor,17.12 cm (6.74 inch) HD+ Display,50MP + 2MP | 5MP Front Camera,5G,https://www.flipkart.com/vivo-t4-lite-5g-prism-blue-2026-8gb-256gb/p/itm49fb53d099f3c?pid=MOBHNCRKUF76UJJB&lid=LSTMOBHNCRKUF76UJJBMMXCLV&marketplace=FLIPKART&q=smart+phones&store=tyy%2F4io&srno=s_18_430&otracker=search&fm=organic&iid=678045bd-29a2-449d-ad63-142cf046fa86.MOBHNCRKUF76UJJB.SEARCH&ppt=None&ppn=None&ssid=g70c8gpreo0000001790412312072&qH=a5594894156db043&ov_redirect=true,2026-09-26
431,"MOTOROLA g37 power (PANTONE Impenetrable, 64 GB)",MOTOROLA,19999,26499,24% off,4.2,"9,228",831,4 GB RAM,64 GB ROM,7000 mAh Battery,Dimensity 6400 Processor,16.92 cm (6.66 inch) HD+ Display,50MP Rear Camera | 8MP Front Camera,,https://www.flipkart.com/motorola-g37-power-pantone-impenetrable-64-gb/p/itm81d7e4cd8df99?pid=MOBHMHG6CCNS5UWR&lid=LSTMOBHMHG6CCNS5UWRI3ZOW4&marketplace=FLIPKART&q=smart+phones&store=tyy%2F4io&srno=s_18_431&otracker=search&fm=organic&iid=678045bd-29a2-449d-ad63-142cf046fa86.MOBHMHG6CCNS5UWR.SEARCH&ppt=None&ppn=None&ssid=g70c8gpreo0000001790412312072&qH=a5594894156db043&ov_redirect=true,2026-09-26
432,"POCO M7 Plus 5G (Carbon Black, 128 GB)",POCO,16999,,,4.2,"12,881",984,6 GB RAM,128 GB ROM,7000 mAh Battery,Snapdragon 6s Gen 3 5G Processor,17.53 cm (6.9 inch) Full HD+ Display,50MP AI Dual Camera | 8MP Front Camera,5G,https://www.flipkart.com/poco-m7-plus-5g-carbon-black-128-gb/p/itmb4301b9afe80c?pid=MOBHETX6NVUH8VPG&lid=LSTMOBHETX6NVUH8VPGCRWB18&marketplace=FLIPKART&q=smart+phones&store=tyy%2F4io&srno=s_18_432&otracker=search&fm=organic&iid=678045bd-29a2-449d-ad63-142cf046fa86.MOBHETX6NVUH8VPG.SEARCH&ppt=None&ppn=None&ssid=g70c8gpreo0000001790412312072&qH=a5594894156db043&ov_redirect=true,2026-09-26
433,"Infinix SMART 20 (Shadow Black, 64 GB)",Infinix,13499,19999,32% off,3.9,280,33,4 GB RAM,64 GB ROM,5200 mAh Battery,Helio G81 Ultimate Processor,17.22 cm (6.78 inch) HD+ Display,8MP Rear Camera | 8MP Front Camera,,https://www.flipkart.com/infinix-smart-20-shadow-black-64-gb/p/itmf761cd49f9162?pid=MOBHNMEEJVRS9GJG&lid=LSTMOBHNMEEJVRS9GJG6RX37Q&marketplace=FLIPKART&q=smart+phones&store=tyy%2F4io&srno=s_19_433&otracker=search&fm=organic&iid=9f3b3c61-809e-483e-8090-b3036740e3f5.MOBHNMEEJVRS9GJG.SEARCH&ppt=None&ppn=None&ssid=6evs7w7hio0000001790412314834&qH=a5594894156db043&ov_redirect=true,2026-09-26
434,"POCO M6 5G (Polaris Green, 64 GB)",POCO,11899,11999,,4.1,"1,40,137","7,198",4 GB RAM,64 GB ROM,5000 mAh Battery,Mediatek Dimensity 6100+ Processor,17.12 cm (6.74 inch) HD+ Display,50MP Rear Camera | 5MP Front Camera,,https://www.flipkart.com/poco-m6-5g-polaris-green-64-gb/p/itm59919781c6f8e?pid=MOBH92ADXHPMEMDK&lid=LSTMOBH92ADXHPMEMDKDA63SU&marketplace=FLIPKART&q=smart+phones&store=tyy%2F4io&srno=s_19_434&otracker=search&fm=organic&iid=9f3b3c61-809e-483e-8090-b3036740e3f5.MOBH92ADXHPMEMDK.SEARCH&ppt=None&ppn=None&ssid=6evs7w7hio0000001790412314834&qH=a5594894156db043&ov_redirect=true,2026-09-26
435,"Motorola e13 (Aurora Green, 128 GB)",Motorola,,,,4.1,"35,482","1,990",8 GB RAM,128 GB ROM,5000 mAh Battery,Unisoc T606 Processor,16.51 cm (6.5 inch) HD+ Display,13MP Rear Camera | 5MP Front Camera,,https://www.flipkart.com/motorola-e13-aurora-green-128-gb/p/itm87151a7bb1a4f?pid=MOBGQFX6HYNXCYGX&q=smart+phones&store=tyy%2F4io&srno=s_19_435&otracker=search&fm=organic&iid=9f3b3c61-809e-483e-8090-b3036740e3f5.MOBGQFX6HYNXCYGX.SEARCH&ppt=None&ppn=None&ssid=6evs7w7hio0000001790412314834&qH=a5594894156db043&ov_redirect=true,2026-09-26
436,"POCO M7 Plus 5G (Carbon Black, 128 GB)",POCO,17999,,,4.2,"6,596",529,8 GB RAM,128 GB ROM,7000 mAh Battery,Snapdragon 6s Gen 3 5G Processor,17.53 cm (6.9 inch) Full HD+ Display,50MP AI Dual Camera | 8MP Front Camera,5G,https://www.flipkart.com/poco-m7-plus-5g-carbon-black-128-gb/p/itm39c366869cc19?pid=MOBHETX6YMAG9NTF&lid=LSTMOBHETX6YMAG9NTF5IHJPA&marketplace=FLIPKART&q=smart+phones&store=tyy%2F4io&srno=s_19_436&otracker=search&fm=organic&iid=9f3b3c61-809e-483e-8090-b3036740e3f5.MOBHETX6YMAG9NTF.SEARCH&ppt=None&ppn=None&ssid=6evs7w7hio0000001790412314834&qH=a5594894156db043&ov_redirect=true,2026-09-26
437,"Samsung Galaxy F17 5G (Violet Pop, 128 GB)",Samsung,22944,30999,25% off,4.2,257,22,6 GB RAM,128 GB ROM,5000 mAh Battery,Exynos 1330 Processor,17.02 cm (6.7 inch) Full HD+ Display,50MP + 5MP | 13MP Front Camera,,https://www.flipkart.com/samsung-galaxy-f17-5g-violet-pop-128-gb/p/itmead495c48e859?pid=MOBHF6KMQQECNVHN&lid=LSTMOBHF6KMQQECNVHNSVFII7&marketplace=FLIPKART&q=smart+phones&store=tyy%2F4io&srno=s_19_437&otracker=search&fm=organic&iid=9f3b3c61-809e-483e-8090-b3036740e3f5.MOBHF6KMQQECNVHN.SEARCH&ppt=None&ppn=None&ssid=6evs7w7hio0000001790412314834&qH=a5594894156db043&ov_redirect=true,2026-09-26
438,"Nothing Phone (4a) Pro (Black, 128 GB)",Nothing,49999,,,4.5,"3,052",402,8 GB RAM,128 GB ROM,5400 mAh Lithium ion Battery,Snapdragon 7 Gen 4 Processor,17.35 cm (6.83 inch) Full HD+ AMOLED Display,50MP + 50MP + 8MP | 32MP Front Camera,,https://www.flipkart.com/nothing-phone-4a-pro-black-128-gb/p/itm4d004931f8d69?pid=MOBHM2ZUUYUNJD6M&lid=LSTMOBHM2ZUUYUNJD6M5AZDHB&marketplace=FLIPKART&q=smart+phones&store=tyy%2F4io&srno=s_19_438&otracker=search&fm=organic&iid=9f3b3c61-809e-483e-8090-b3036740e3f5.MOBHM2ZUUYUNJD6M.SEARCH&ppt=None&ppn=None&ssid=6evs7w7hio0000001790412314834&qH=a5594894156db043&ov_redirect=true,2026-09-26
439,"POCO X8 5G (Frost White, 256 GB)",POCO,35999,74999,52% off,4.2,43,10,8 GB RAM,256 GB ROM,9000 mAh Lithium-Ion Polymer Battery,6s Gen 4 Processor,17.35 cm (6.83 inch) Full HD+ AMOLED Display,50MP + 2MP | 16MP Front Camera,,https://www.flipkart.com/poco-x8-5g-frost-white-256-gb/p/itm0e8677ca357ef?pid=MOBHQ6XZHFHPPAJW&lid=LSTMOBHQ6XZHFHPPAJW6BRX1M&marketplace=FLIPKART&q=smart+phones&store=tyy%2F4io&srno=s_19_439&otracker=search&fm=organic&iid=9f3b3c61-809e-483e-8090-b3036740e3f5.MOBHQ6XZHFHPPAJW.SEARCH&ppt=None&ppn=None&ssid=6evs7w7hio0000001790412314834&qH=a5594894156db043&ov_redirect=true,2026-09-26
440,"Motorola g04s (Concord Black, 64 GB)",Motorola,9999,,,4.2,"30,184","1,629",4 GB RAM,64 GB ROM,5000 mAh Battery,T606 Processor,16.76 cm (6.6 inch) HD+ Display,50MP Rear Camera | 5MP Front Camera,,https://www.flipkart.com/motorola-g04s-concord-black-64-gb/p/itm1541ccc94a1a4?pid=MOBHY9PQGQAW2B5Y&lid=LSTMOBHY9PQGQAW2B5YNZG8Z9&marketplace=FLIPKART&q=smart+phones&store=tyy%2F4io&srno=s_19_440&otracker=search&fm=organic&iid=9f3b3c61-809e-483e-8090-b3036740e3f5.MOBHY9PQGQAW2B5Y.SEARCH&ppt=None&ppn=None&ssid=6evs7w7hio0000001790412314834&qH=a5594894156db043&ov_redirect=true,2026-09-26
441,"vivo T5x 5G (Flame Red, 128 GB)",vivo,30999,50999,39% off,4.4,"25,413","1,899",8 GB RAM,128 GB ROM,7200 mAh Li-ion Battery,Dimensity 7400-Turbo Processor,17.17 cm (6.76 inch) Display,50MP + 2MP | 32MP Front Camera,,https://www.flipkart.com/vivo-t5x-5g-flame-red-128-gb/p/itm7da8aa253e72b?pid=MOBHQC8ZUTJQHYZY&lid=LSTMOBHQC8ZUTJQHYZYFO0IO9&marketplace=FLIPKART&q=smart+phones&store=tyy%2F4io&srno=s_19_441&otracker=search&fm=organic&iid=9f3b3c61-809e-483e-8090-b3036740e3f5.MOBHQC8ZUTJQHYZY.SEARCH&ppt=None&ppn=None&ssid=6evs7w7hio0000001790412314834&qH=a5594894156db043&ov_redirect=true,2026-09-26
442,"Infinix Hot 60 5G+ (Caramel Glow, 128 GB)",Infinix,17999,,,4.2,"3,679",311,6 GB RAM,128 GB ROM,5200 mAh Battery,Dimensity 7020 Processor,17.02 cm (6.7 inch) HD+ Display,50MP Rear Camera | 8MP Front Camera,,https://www.flipkart.com/infinix-hot-60-5g-caramel-glow-128-gb/p/itm2154889174b3a?pid=MOBHDMJZ5ZHEGK9G&lid=LSTMOBHDMJZ5ZHEGK9GSQSKG0&marketplace=FLIPKART&q=smart+phones&store=tyy%2F4io&srno=s_19_442&otracker=search&fm=organic&iid=9f3b3c61-809e-483e-8090-b3036740e3f5.MOBHDMJZ5ZHEGK9G.SEARCH&ppt=None&ppn=None&ssid=6evs7w7hio0000001790412314834&qH=a5594894156db043&ov_redirect=true,2026-09-26
443,"vivo T5x 5G (Flame Red, 128 GB)",vivo,27999,45999,39% off,4.4,"21,915","1,497",6 GB RAM,128 GB ROM,7200 mAh Li-ion Battery,Dimensity 7400-Turbo Processor,17.17 cm (6.76 inch) Display,50MP + 2MP | 32MP Front Camera,,https://www.flipkart.com/vivo-t5x-5g-flame-red-128-gb/p/itm7da8aa253e72b?pid=MOBHQC8ZE5PQMZPH&lid=LSTMOBHQC8ZE5PQMZPHIGGQB1&marketplace=FLIPKART&q=smart+phones&store=tyy%2F4io&srno=s_19_443&otracker=search&fm=organic&iid=9f3b3c61-809e-483e-8090-b3036740e3f5.MOBHQC8ZE5PQMZPH.SEARCH&ppt=None&ppn=None&ssid=6evs7w7hio0000001790412314834&qH=a5594894156db043&ov_redirect=true,2026-09-26
444,"Infinix SMART 8 HD (Crystal Green, 64 GB)",Infinix,6999,8999,22% off,4.3,"1,624",64,4 GB RAM,64 GB ROM,5000 mAh Battery,T606 Processor,16.76 cm (6.6 inch) HD+ Display,13MP + AI Lens | 8MP Front Camera,,https://www.flipkart.com/infinix-smart-8-hd-crystal-green-64-gb/p/itm709d885ba6ac1?pid=MOBHY9R9QYTYJZ92&lid=LSTMOBHY9R9QYTYJZ92ZKPAKS&marketplace=FLIPKART&q=smart+phones&store=tyy%2F4io&srno=s_19_444&otracker=search&fm=organic&iid=9f3b3c61-809e-483e-8090-b3036740e3f5.MOBHY9R9QYTYJZ92.SEARCH&ppt=None&ppn=None&ssid=6evs7w7hio0000001790412314834&qH=a5594894156db043&ov_redirect=true,2026-09-26
445,"Infinix SMART 8 HD (Galaxy White, 64 GB)",Infinix,6999,8999,22% off,4.3,"1,624",64,4 GB RAM,64 GB ROM,5000 mAh Battery,T606 Processor,16.76 cm (6.6 inch) HD+ Display,13MP + AI Lens | 8MP Front Camera,,https://www.flipkart.com/infinix-smart-8-hd-galaxy-white-64-gb/p/itm709d885ba6ac1?pid=MOBHY9R9D4CF95S2&lid=LSTMOBHY9R9D4CF95S2BZ8I7X&marketplace=FLIPKART&q=smart+phones&store=tyy%2F4io&srno=s_19_445&otracker=search&fm=organic&iid=9f3b3c61-809e-483e-8090-b3036740e3f5.MOBHY9R9D4CF95S2.SEARCH&ppt=None&ppn=None&ssid=6evs7w7hio0000001790412314834&qH=a5594894156db043&ov_redirect=true,2026-09-26
446,"POCO X8 5G (Frost White, 128 GB)",POCO,32999,69999,52% off,4.2,43,10,8 GB RAM,128 GB ROM,9000 mAh Lithium-Ion Polymer Battery,6s Gen 4 Processor,17.35 cm (6.83 inch) Full HD+ AMOLED Display,50MP + 2MP | 16MP Front Camera,,https://www.flipkart.com/poco-x8-5g-frost-white-128-gb/p/itmd491ea2c673ee?pid=MOBHQ6XZTQ4TSZBF&lid=LSTMOBHQ6XZTQ4TSZBFWHXNSH&marketplace=FLIPKART&q=smart+phones&store=tyy%2F4io&srno=s_19_446&otracker=search&fm=organic&iid=9f3b3c61-809e-483e-8090-b3036740e3f5.MOBHQ6XZTQ4TSZBF.SEARCH&ppt=None&ppn=None&ssid=6evs7w7hio0000001790412314834&qH=a5594894156db043&ov_redirect=true,2026-09-26
447,"POCO C75 5G (Aqua Bliss, 64 GB)",POCO,10999,,,4.2,"1,49,598","7,648",4 GB RAM,64 GB ROM,5160 mAh Battery,4s Gen 2 5G Processor,17.48 cm (6.88 inch) HD+ Display,50MP Rear Camera | 5MP Front Camera,5G,https://www.flipkart.com/poco-c75-5g-aqua-bliss-64-gb/p/itm10b3f6f1bc616?pid=MOBH7443MMBCWPPG&lid=LSTMOBH7443MMBCWPPGVOR2LC&marketplace=FLIPKART&q=smart+phones&store=tyy%2F4io&srno=s_19_447&otracker=search&fm=organic&iid=9f3b3c61-809e-483e-8090-b3036740e3f5.MOBH7443MMBCWPPG.SEARCH&ppt=None&ppn=None&ssid=6evs7w7hio0000001790412314834&qH=a5594894156db043&ov_redirect=true,2026-09-26
448,"vivo T5x 5G (Fusion Red, 256 GB)",vivo,33999,,,4.4,"25,413","1,899",8 GB RAM,256 GB ROM,7200 mAh Li-ion Battery,Dimensity 7400-Turbo Processor,17.17 cm (6.76 inch) Display,50MP + 2MP | 32MP Front Camera,,https://www.flipkart.com/vivo-t5x-5g-fusion-red-256-gb/p/itm7da8aa253e72b?pid=MOBHPJHC9CYXWCGF&lid=LSTMOBHPJHC9CYXWCGFMYXJJA&marketplace=FLIPKART&q=smart+phones&store=tyy%2F4io&srno=s_19_448&otracker=search&fm=organic&iid=9f3b3c61-809e-483e-8090-b3036740e3f5.MOBHPJHC9CYXWCGF.SEARCH&ppt=None&ppn=None&ssid=6evs7w7hio0000001790412314834&qH=a5594894156db043&ov_redirect=true,2026-09-26
449,"OnePlus Nord CE 3 Lite 5G (Chromatic Gray, 256 GB)",OnePlus,17999,21999,18% off,4.4,"1,66,959","8,606",8 GB RAM,256 GB ROM,5000 mAh Battery,,17.07 cm (6.72 inch) Display,108MP Rear Camera,,https://www.flipkart.com/oneplus-nord-ce-3-lite-5g-chromatic-gray-256-gb/p/itm2cd5a4e659035?pid=MOBGZJ45PS4AQ7BA&lid=LSTMOBGZJ45PS4AQ7BA87S5JR&marketplace=FLIPKART&q=smart+phones&store=tyy%2F4io&srno=s_19_449&otracker=search&fm=organic&iid=9f3b3c61-809e-483e-8090-b3036740e3f5.MOBGZJ45PS4AQ7BA.SEARCH&ppt=None&ppn=None&ssid=6evs7w7hio0000001790412314834&qH=a5594894156db043&ov_redirect=true,2026-09-26
450,"realme P4 5G (Steel Grey, 256 GB)",realme,32999,50999,35% off,4.4,"23,432","1,977",8 GB RAM,256 GB ROM,7000 mAh Battery,Mediatek Dimensity 7400 Processor,17.2 cm (6.77 inch) Display,50MP + 8MP | 16MP Front Camera,,https://www.flipkart.com/realme-p4-5g-steel-grey-256-gb/p/itmf836e6de035a5?pid=MOBHN7A8DRHCGTSU&lid=LSTMOBHN7A8DRHCGTSUBSMBDL&marketplace=FLIPKART&q=smart+phones&store=tyy%2F4io&srno=s_19_450&otracker=search&fm=organic&iid=9f3b3c61-809e-483e-8090-b3036740e3f5.MOBHN7A8DRHCGTSU.SEARCH&ppt=None&ppn=None&ssid=6evs7w7hio0000001790412314834&qH=a5594894156db043&ov_redirect=true,2026-09-26
451,"POCO M7 Plus 5G (Chrome Silver, 128 GB)",POCO,16999,,,4.2,"12,881",984,6 GB RAM,128 GB ROM,7000 mAh Battery,Snapdragon 6s Gen 3 5G Processor,17.53 cm (6.9 inch) Full HD+ Display,50MP AI Dual Camera | 8MP Front Camera,5G,https://www.flipkart.com/poco-m7-plus-5g-chrome-silver-128-gb/p/itm2fbc82f08965c?pid=MOBHETX6TDHCH3VV&lid=LSTMOBHETX6TDHCH3VVSGACMS&marketplace=FLIPKART&q=smart+phones&store=tyy%2F4io&srno=s_19_451&otracker=search&fm=organic&iid=9f3b3c61-809e-483e-8090-b3036740e3f5.MOBHETX6TDHCH3VV.SEARCH&ppt=None&ppn=None&ssid=6evs7w7hio0000001790412314834&qH=a5594894156db043&ov_redirect=true,2026-09-26
452,"vivo T5e (Aero Blue, 64 GB)",vivo,13999,26999,48% off,3.7,131,7,4 GB RAM,64 GB ROM,5500 mAh Li-ion Battery,T7225 Processor,17.12 cm (6.74 inch) HD Display,8MP Rear Camera | 5MP Front Camera,,https://www.flipkart.com/vivo-t5e-aero-blue-64-gb/p/itm180ca0a991a2b?pid=MOBHPBM67EEYTAQD&lid=LSTMOBHPBM67EEYTAQD8VNTK9&marketplace=FLIPKART&q=smart+phones&store=tyy%2F4io&srno=s_19_452&otracker=search&fm=organic&iid=9f3b3c61-809e-483e-8090-b3036740e3f5.MOBHPBM67EEYTAQD.SEARCH&ppt=None&ppn=None&ssid=6evs7w7hio0000001790412314834&qH=a5594894156db043&ov_redirect=true,2026-09-26
453,"realme C85 5G (Peacock Green, 128.0 GB)",realme,21999,24999,12% off,4.3,226,17,4 GB RAM,128.0 GB ROM,7000 mAh Battery,Dimensity 6300 Processor,17.27 cm (6.8 inch) HD+ Display,50MP Rear Camera | 8MP Front Camera,,https://www.flipkart.com/realme-c85-5g-peacock-green-128-0-gb/p/itm460d45ea3b896?pid=MOBHHY7VCDAH336F&lid=LSTMOBHHY7VCDAH336F2EFDNT&marketplace=FLIPKART&q=smart+phones&store=tyy%2F4io&srno=s_19_453&otracker=search&fm=organic&iid=9f3b3c61-809e-483e-8090-b3036740e3f5.MOBHHY7VCDAH336F.SEARCH&ppt=None&ppn=None&ssid=6evs7w7hio0000001790412314834&qH=a5594894156db043&ov_redirect=true,2026-09-26
454,"BOLTT EVO (Berry Red, 128 GB)",BOLTT,11499,18999,39% off,4,"1,060",526,6 GB RAM,128 GB ROM,6000 mAh Lithium ion Battery,T7250 Processor,6.79'' HD+ punch hole display,50MP + 2MP | 8MP Front Camera,,https://www.flipkart.com/boltt-evo-berry-red-128-gb/p/itmf046d663a1fd7?pid=MOBHPP59TUYYPWP5&lid=LSTMOBHPP59TUYYPWP5U7J1VB&marketplace=FLIPKART&q=smart+phones&store=tyy%2F4io&srno=s_19_454&otracker=search&fm=organic&iid=9f3b3c61-809e-483e-8090-b3036740e3f5.MOBHPP59TUYYPWP5.SEARCH&ppt=None&ppn=None&ssid=6evs7w7hio0000001790412314834&qH=a5594894156db043&ov_redirect=true,2026-09-26
455,"MOTOROLA Signature (PANTONE Carbon, 256 GB)",MOTOROLA,59999,74999,20% off,4.4,918,169,12 GB RAM,256 GB ROM,5200 mAh Battery,Snapdragon 8 Gen 5 Processor,17.27 cm (6.8 inch) Super HD Display,50MP + 50MP + 50MP | 50MP Front Camera,,https://www.flipkart.com/motorola-signature-pantone-carbon-256-gb/p/itm773dcf1c9b5dc?pid=MOBHGVJY37KPCFHB&lid=LSTMOBHGVJY37KPCFHBXLORLG&marketplace=FLIPKART&q=smart+phones&store=tyy%2F4io&srno=s_19_455&otracker=search&fm=organic&iid=9f3b3c61-809e-483e-8090-b3036740e3f5.MOBHGVJY37KPCFHB.SEARCH&ppt=None&ppn=None&ssid=6evs7w7hio0000001790412314834&qH=a5594894156db043&ov_redirect=true,2026-09-26
456,"POCO X8 5G (Black, 256 GB)",POCO,35999,74999,52% off,4.2,43,10,8 GB RAM,256 GB ROM,9000 mAh Lithium-Ion Polymer Battery,6s Gen 4 Processor,17.35 cm (6.83 inch) Full HD+ AMOLED Display,50MP + 2MP | 16MP Front Camera,,https://www.flipkart.com/poco-x8-5g-black-256-gb/p/itm54d793f4001d7?pid=MOBHQ6XZZZYYKNP7&lid=LSTMOBHQ6XZZZYYKNP7MK7GY1&marketplace=FLIPKART&q=smart+phones&store=tyy%2F4io&srno=s_19_456&otracker=search&fm=organic&iid=9f3b3c61-809e-483e-8090-b3036740e3f5.MOBHQ6XZZZYYKNP7.SEARCH&ppt=None&ppn=None&ssid=6evs7w7hio0000001790412314834&qH=a5594894156db043&ov_redirect=true,2026-09-26
457,"Nothing Phone (4a) (Blue, 256 GB)",Nothing,49999,62999,20% off,4.5,"6,692",721,8 GB RAM,256 GB ROM,5400 mAh Lithium ion Battery,Snapdragon 7s Gen 4 Processor,17.22 cm (6.78 inch) Full HD+ AMOLED Display,50MP + 50MP + 8MP | 32MP Front Camera,,https://www.flipkart.com/nothing-phone-4a-blue-256-gb/p/itm4d8bff10483ce?pid=MOBHZAWYWRAW9YGT&lid=LSTMOBHZAWYWRAW9YGTF7GFDT&marketplace=FLIPKART&q=smart+phones&store=tyy%2F4io&srno=s_20_457&otracker=search&fm=organic&iid=28a5f763-3048-46f1-b74c-d84e692ad66e.MOBHZAWYWRAW9YGT.SEARCH&ppt=None&ppn=None&ssid=zhzxtiqvzk0000001790412317694&qH=a5594894156db043&ov_redirect=true,2026-09-26
458,"Apple iPhone 15 (Green, 128 GB)",Apple,59900,,,4.6,"2,48,900","9,805",,,,"A16 Bionic Chip, 6 Core Processor Processor",15.49 cm (6.1 inch) Super Retina XDR Display,48MP + 12MP | 12MP Front Camera,,https://www.flipkart.com/apple-iphone-15-green-128-gb/p/itm235cd318bde73?pid=MOBGTAGPYYWZRUJX&lid=LSTMOBGTAGPYYWZRUJX8CTXDU&marketplace=FLIPKART&q=smart+phones&store=tyy%2F4io&srno=s_20_458&otracker=search&fm=organic&iid=28a5f763-3048-46f1-b74c-d84e692ad66e.MOBGTAGPYYWZRUJX.SEARCH&ppt=None&ppn=None&ssid=zhzxtiqvzk0000001790412317694&qH=a5594894156db043&ov_redirect=true,2026-09-26
459,"POCO M7 5G  - Locked with Airtel Prepaid (Satin Black, 128 GB)",POCO,12999,,,4.1,"77,564","4,384",6 GB RAM,128 GB ROM,5160 mAh Battery,4 Gen 2 5G Processor,17.48 cm (6.88 inch) HD+ Display,50MP Rear Camera | 8MP Front Camera,5G,https://www.flipkart.com/poco-m7-5g-locked-airtel-prepaid-satin-black-128-gb/p/itma98bb9c85c53b?pid=MOBH9HFJQWGBTEY3&lid=LSTMOBH9HFJQWGBTEY3V7HLRS&marketplace=FLIPKART&q=smart+phones&store=tyy%2F4io&srno=s_20_459&otracker=search&fm=organic&iid=28a5f763-3048-46f1-b74c-d84e692ad66e.MOBH9HFJQWGBTEY3.SEARCH&ppt=None&ppn=None&ssid=zhzxtiqvzk0000001790412317694&qH=a5594894156db043&ov_redirect=true,2026-09-26
460,"Motorola g04s (Sea Green, 64 GB)",Motorola,9999,,,4.2,"30,184","1,629",4 GB RAM,64 GB ROM,5000 mAh Battery,T606 Processor,16.76 cm (6.6 inch) HD+ Display,50MP Rear Camera | 5MP Front Camera,,https://www.flipkart.com/motorola-g04s-sea-green-64-gb/p/itm6d82d81cfa8da?pid=MOBHY9PQZACQBKGG&lid=LSTMOBHY9PQZACQBKGGHNT2FF&marketplace=FLIPKART&q=smart+phones&store=tyy%2F4io&srno=s_20_460&otracker=search&fm=organic&iid=28a5f763-3048-46f1-b74c-d84e692ad66e.MOBHY9PQZACQBKGG.SEARCH&ppt=None&ppn=None&ssid=zhzxtiqvzk0000001790412317694&qH=a5594894156db043&ov_redirect=true,2026-09-26
461,"Nothing Phone (4a) (Black, 128 GB)",Nothing,44999,59999,25% off,4.5,"6,692",721,8 GB RAM,128 GB ROM,5400 mAh Lithium ion Battery,Snapdragon 7s Gen 4 Processor,17.22 cm (6.78 inch) Full HD+ AMOLED Display,50MP + 50MP + 8MP | 32MP Front Camera,,https://www.flipkart.com/nothing-phone-4a-black-128-gb/p/itm4d8bff10483ce?pid=MOBHZAWYHMRFGNFF&lid=LSTMOBHZAWYHMRFGNFFEN8HH5&marketplace=FLIPKART&q=smart+phones&store=tyy%2F4io&srno=s_20_461&otracker=search&fm=organic&iid=28a5f763-3048-46f1-b74c-d84e692ad66e.MOBHZAWYHMRFGNFF.SEARCH&ppt=None&ppn=None&ssid=zhzxtiqvzk0000001790412317694&qH=a5594894156db043&ov_redirect=true,2026-09-26
462,"Google Pixel 10a (Fog, 256 GB)",Google,47999,55999,14% off,4.5,"3,134",356,8 GB RAM,256 GB ROM,5100 mAh Lithium Battery,Tensor G4 Processor,16.0 cm (6.3 inch) Full HD+ AMOLED Display,48MP + 13MP | 13MP Front Camera,,https://www.flipkart.com/google-pixel-10a-fog-256-gb/p/itmeaa46d52e228a?pid=MOBHP6CEG7VDZHSW&lid=LSTMOBHP6CEG7VDZHSWDTANPD&marketplace=FLIPKART&q=smart+phones&store=tyy%2F4io&srno=s_20_462&otracker=search&fm=organic&iid=28a5f763-3048-46f1-b74c-d84e692ad66e.MOBHP6CEG7VDZHSW.SEARCH&ppt=None&ppn=None&ssid=zhzxtiqvzk0000001790412317694&qH=a5594894156db043&ov_redirect=true,2026-09-26
463,"MOTOROLA g37 power (PANTONE Impenetrable, 128 GB)",MOTOROLA,25999,37999,31% off,4.2,"2,556",206,8 GB RAM,128 GB ROM,7000 mAh Battery,Dimensity 6400 Processor,16.92 cm (6.66 inch) HD+ Display,50MP Rear Camera | 8MP Front Camera,,https://www.flipkart.com/motorola-g37-power-pantone-impenetrable-128-gb/p/itme156c3f7d6280?pid=MOBHMX5Y6G5HKRFS&lid=LSTMOBHMX5Y6G5HKRFSN2GAKT&marketplace=FLIPKART&q=smart+phones&store=tyy%2F4io&srno=s_20_463&otracker=search&fm=organic&iid=28a5f763-3048-46f1-b74c-d84e692ad66e.MOBHMX5Y6G5HKRFS.SEARCH&ppt=None&ppn=None&ssid=zhzxtiqvzk0000001790412317694&qH=a5594894156db043&ov_redirect=true,2026-09-26
464,"POCO C85 5G (Mystic Purple, 128 GB)",POCO,20999,21999,4% off,4.3,179,12,8 GB RAM,128 GB ROM,6000 mAh Lithium-Ion Polymer Battery,Dimensity 6300 Processor,17.53 cm (6.9 inch) HD+ Display,50MP Rear Camera | 8MP Front Camera,,https://www.flipkart.com/poco-c85-5g-mystic-purple-128-gb/p/itm026527944b2bb?pid=MOBHMGG55EG8Y8R8&lid=LSTMOBHMGG55EG8Y8R8HQTEH7&marketplace=FLIPKART&q=smart+phones&store=tyy%2F4io&srno=s_20_464&otracker=search&fm=organic&iid=28a5f763-3048-46f1-b74c-d84e692ad66e.MOBHMGG55EG8Y8R8.SEARCH&ppt=None&ppn=None&ssid=zhzxtiqvzk0000001790412317694&qH=a5594894156db043&ov_redirect=true,2026-09-26
465,"vivo T4 5G (Emerald Blaze, 128 GB)",vivo,24999,25999,3% off,4.4,"81,935","5,318",8 GB RAM,128 GB ROM,7300 mAh Battery,Snapdragon 7s Gen 3 5G Processor,17.2 cm (6.77 inch) Display,50MP (OIS) + 2MP | 32MP Front Camera,5G,https://www.flipkart.com/vivo-t4-5g-emerald-blaze-128-gb/p/itmc2634fd4daeb9?pid=MOBHATXZYSHYH6ZP&lid=LSTMOBHATXZYSHYH6ZPRDXNR0&marketplace=FLIPKART&q=smart+phones&store=tyy%2F4io&srno=s_20_465&otracker=search&fm=organic&iid=28a5f763-3048-46f1-b74c-d84e692ad66e.MOBHATXZYSHYH6ZP.SEARCH&ppt=None&ppn=None&ssid=zhzxtiqvzk0000001790412317694&qH=a5594894156db043&ov_redirect=true,2026-09-26
466,"Samsung Galaxy F16 5G (Glam Green, 128 GB)",Samsung,12499,15999,21% off,4.1,"4,260",303,4 GB RAM,128 GB ROM,5000 mAh Battery,Dimensity 6300 Processor,16.91 cm (6.657 inch) Full HD+ Display,50MP + 5MP + 2MP | 13MP Front Camera,,https://www.flipkart.com/samsung-galaxy-f16-5g-glam-green-128-gb/p/itm74165546d7c6c?pid=MOBH9ASGGCVWXXCW&lid=LSTMOBH9ASGGCVWXXCWXWAURI&marketplace=FLIPKART&q=smart+phones&store=tyy%2F4io&srno=s_20_466&otracker=search&fm=organic&iid=28a5f763-3048-46f1-b74c-d84e692ad66e.MOBH9ASGGCVWXXCW.SEARCH&ppt=None&ppn=None&ssid=zhzxtiqvzk0000001790412317694&qH=a5594894156db043&ov_redirect=true,2026-09-26
467,"realme C61 (Safari Green, 64 GB)",realme,8999,,,4.3,"37,550","1,668",4 GB RAM,64 GB ROM,5000 mAh Battery,T612 Processor,17.13 cm (6.745 inch) HD+ Display,32MP Rear Camera | 5MP Front Camera,,https://www.flipkart.com/realme-c61-safari-green-64-gb/p/itmd12477182b87a?pid=MOBH92ADYTK8P7UH&lid=LSTMOBH92ADYTK8P7UHW6ZZS9&marketplace=FLIPKART&q=smart+phones&store=tyy%2F4io&srno=s_20_467&otracker=search&fm=organic&iid=28a5f763-3048-46f1-b74c-d84e692ad66e.MOBH92ADYTK8P7UH.SEARCH&ppt=None&ppn=None&ssid=zhzxtiqvzk0000001790412317694&qH=a5594894156db043&ov_redirect=true,2026-09-26
468,"Nothing Phone (4a) (Blue, 256 GB)",Nothing,50999,65999,22% off,4.5,"1,552",154,12 GB RAM,256 GB ROM,5400 mAh Lithium ion Battery,Snapdragon 7s Gen 4 Processor,17.22 cm (6.78 inch) Full HD+ AMOLED Display,50MP + 50MP + 8MP | 32MP Front Camera,,https://www.flipkart.com/nothing-phone-4a-blue-256-gb/p/itm4d8bff10483ce?pid=MOBHZAWYVBT49JSC&lid=LSTMOBHZAWYVBT49JSCVGV7BF&marketplace=FLIPKART&q=smart+phones&store=tyy%2F4io&srno=s_20_468&otracker=search&fm=organic&iid=28a5f763-3048-46f1-b74c-d84e692ad66e.MOBHZAWYVBT49JSC.SEARCH&ppt=None&ppn=None&ssid=zhzxtiqvzk0000001790412317694&qH=a5594894156db043&ov_redirect=true,2026-09-26
469,"realme C71 (Sea Blue, 64 GB)",realme,13990,13999,,4.2,"1,603",77,4 GB RAM,64 GB ROM,6300 mAh Battery,T7250 Processor,17.14 cm (6.75 inch) HD+ Display,13MP Rear Camera | 5MP Front Camera,,https://www.flipkart.com/realme-c71-sea-blue-64-gb/p/itm920c5c8761871?pid=MOBHHY7VEMZ9KGBM&lid=LSTMOBHHY7VEMZ9KGBM0T1WK4&marketplace=FLIPKART&q=smart+phones&store=tyy%2F4io&srno=s_20_469&otracker=search&fm=organic&iid=28a5f763-3048-46f1-b74c-d84e692ad66e.MOBHHY7VEMZ9KGBM.SEARCH&ppt=None&ppn=None&ssid=zhzxtiqvzk0000001790412317694&qH=a5594894156db043&ov_redirect=true,2026-09-26
470,"OnePlus Nord CE4 lite 5G (SUPER SILVER, 128 GB)",OnePlus,16643,20999,20% off,4.4,"36,195","1,869",8 GB RAM,128 GB ROM,5500 mAh Battery,,16.94 cm (6.67 inch) Display,50MP Rear Camera,,https://www.flipkart.com/oneplus-nord-ce4-lite-5g-super-silver-128-gb/p/itm8fd5fdf300955?pid=MOBH25ZDPHNF38XJ&lid=LSTMOBH25ZDPHNF38XJWBOSKG&marketplace=FLIPKART&q=smart+phones&store=tyy%2F4io&srno=s_20_470&otracker=search&fm=organic&iid=28a5f763-3048-46f1-b74c-d84e692ad66e.MOBH25ZDPHNF38XJ.SEARCH&ppt=None&ppn=None&ssid=zhzxtiqvzk0000001790412317694&qH=a5594894156db043&ov_redirect=true,2026-09-26
471,"realme P4 5G (Engine Blue, 128 GB)",realme,30999,45999,32% off,4.4,"23,432","1,977",8 GB RAM,128 GB ROM,7000 mAh Battery,Mediatek Dimensity 7400 Processor,17.2 cm (6.77 inch) Display,50MP + 8MP | 16MP Front Camera,,https://www.flipkart.com/realme-p4-5g-engine-blue-128-gb/p/itmf836e6de035a5?pid=MOBHN7A8QEJGGUXU&lid=LSTMOBHN7A8QEJGGUXUZ0BP22&marketplace=FLIPKART&q=smart+phones&store=tyy%2F4io&srno=s_20_471&otracker=search&fm=organic&iid=28a5f763-3048-46f1-b74c-d84e692ad66e.MOBHN7A8QEJGGUXU.SEARCH&ppt=None&ppn=None&ssid=zhzxtiqvzk0000001790412317694&qH=a5594894156db043&ov_redirect=true,2026-09-26
472,"Samsung Galaxy F17 5G (Violet Pop, 128 GB)",Samsung,20152,28999,30% off,4.1,356,33,4 GB RAM,128 GB ROM,5000 mAh Battery,Exynos 1330 Processor,17.02 cm (6.7 inch) Full HD+ Display,50MP + 5MP | 13MP Front Camera,,https://www.flipkart.com/samsung-galaxy-f17-5g-violet-pop-128-gb/p/itmeba452a75d14c?pid=MOBHF6KMGBPWSUR9&lid=LSTMOBHF6KMGBPWSUR9ZHUUBY&marketplace=FLIPKART&q=smart+phones&store=tyy%2F4io&srno=s_20_472&otracker=search&fm=organic&iid=28a5f763-3048-46f1-b74c-d84e692ad66e.MOBHF6KMGBPWSUR9.SEARCH&ppt=None&ppn=None&ssid=zhzxtiqvzk0000001790412317694&qH=a5594894156db043&ov_redirect=true,2026-09-26
473,"Samsung Galaxy F14 5G (GOAT Green, 128 GB)",Samsung,13999,18490,24% off,4.2,"1,21,374","9,068",6 GB RAM,128 GB ROM,6000 mAh Battery,"Exynos 1330, Octa Core Processor",16.76 cm (6.6 inch) Full HD+ Display,50MP + 2MP | 13MP Front Camera,,https://www.flipkart.com/samsung-galaxy-f14-5g-goat-green-128-gb/p/itm032d1a69999cc?pid=MOBGNBFNDPGNJ7HY&lid=LSTMOBGNBFNDPGNJ7HYRPBKKO&marketplace=FLIPKART&q=smart+phones&store=tyy%2F4io&srno=s_20_473&otracker=search&fm=organic&iid=28a5f763-3048-46f1-b74c-d84e692ad66e.MOBGNBFNDPGNJ7HY.SEARCH&ppt=None&ppn=None&ssid=zhzxtiqvzk0000001790412317694&qH=a5594894156db043&ov_redirect=true,2026-09-26
474,"vivo T4R 5G (Twilight Blue, 128 GB)",vivo,22999,23499,2% off,4.4,"55,209","3,849",8 GB RAM,128 GB ROM,5700 mAh Battery,Dimensity 7400 5G Processor,17.2 cm (6.77 inch) Full HD+ Display,50MP (OIS) + 2MP | 32MP Front Camera,5G,https://www.flipkart.com/vivo-t4r-5g-twilight-blue-128-gb/p/itm3a5653667cb9c?pid=MOBHE49GBV6UYFZ5&lid=LSTMOBHE49GBV6UYFZ5KZZ7IG&marketplace=FLIPKART&q=smart+phones&store=tyy%2F4io&srno=s_20_474&otracker=search&fm=organic&iid=28a5f763-3048-46f1-b74c-d84e692ad66e.MOBHE49GBV6UYFZ5.SEARCH&ppt=None&ppn=None&ssid=zhzxtiqvzk0000001790412317694&qH=a5594894156db043&ov_redirect=true,2026-09-26
475,"POCO X8 5G (Fiery Orange, 128 GB)",POCO,32999,69999,52% off,4.2,43,10,8 GB RAM,128 GB ROM,9000 mAh Lithium-Ion Polymer Battery,6s Gen 4 Processor,17.35 cm (6.83 inch) Full HD+ AMOLED Display,50MP + 2MP | 16MP Front Camera,,https://www.flipkart.com/poco-x8-5g-fiery-orange-128-gb/p/itm5ca9e2cbad488?pid=MOBHQ6XZXGNKHXHN&lid=LSTMOBHQ6XZXGNKHXHNFSNWGR&marketplace=FLIPKART&q=smart+phones&store=tyy%2F4io&srno=s_20_475&otracker=search&fm=organic&iid=28a5f763-3048-46f1-b74c-d84e692ad66e.MOBHQ6XZXGNKHXHN.SEARCH&ppt=None&ppn=None&ssid=zhzxtiqvzk0000001790412317694&qH=a5594894156db043&ov_redirect=true,2026-09-26
476,"Apple iPhone 16 (Teal, 128 GB)",Apple,69900,,,4.6,"1,99,108","8,610",,,,"A18 Chip, 6 Core Processor Processor",15.49 cm (6.1 inch) Super Retina XDR Display,48MP + 12MP | 12MP Front Camera,,https://www.flipkart.com/apple-iphone-16-teal-128-gb/p/itmce4bb3f55cc2f?pid=MOBH4DQFSY9ETDUU&lid=LSTMOBH4DQFSY9ETDUU6JV9DJ&marketplace=FLIPKART&q=smart+phones&store=tyy%2F4io&srno=s_20_476&otracker=search&fm=organic&iid=28a5f763-3048-46f1-b74c-d84e692ad66e.MOBH4DQFSY9ETDUU.SEARCH&ppt=None&ppn=None&ssid=zhzxtiqvzk0000001790412317694&qH=a5594894156db043&ov_redirect=true,2026-09-26
477,"Mivi One 5G (Pink, 128 GB)",Mivi,16499,25999,36% off,,,,8 GB RAM,128 GB ROM,6000 mAh Lithium Polymer Battery,Snapdragon 4 Gen 2 Processor,17.14 cm (6.75 inch) HD+ Display,50MP Rear Camera | 8MP Front Camera,,https://www.flipkart.com/mivi-one-5g-pink-128-gb/p/itm423c37f3b9dbc?pid=MOBHR3ZPV9NEHPY6&lid=LSTMOBHR3ZPV9NEHPY6KPF359&marketplace=FLIPKART&q=smart+phones&store=tyy%2F4io&srno=s_20_477&otracker=search&fm=organic&iid=28a5f763-3048-46f1-b74c-d84e692ad66e.MOBHR3ZPV9NEHPY6.SEARCH&ppt=None&ppn=None&ssid=zhzxtiqvzk0000001790412317694&qH=a5594894156db043&ov_redirect=true,2026-09-26
478,"Nothing Phone (4a) Pro (Silver, 128 GB)",Nothing,49999,,,4.5,"3,052",402,8 GB RAM,128 GB ROM,5400 mAh Lithium ion Battery,Snapdragon 7 Gen 4 Processor,17.35 cm (6.83 inch) Full HD+ AMOLED Display,50MP + 50MP + 8MP | 32MP Front Camera,,https://www.flipkart.com/nothing-phone-4a-pro-silver-128-gb/p/itm4d004931f8d69?pid=MOBHM2ZUZXSJAZT4&lid=LSTMOBHM2ZUZXSJAZT4XWCNY3&marketplace=FLIPKART&q=smart+phones&store=tyy%2F4io&srno=s_20_478&otracker=search&fm=organic&iid=28a5f763-3048-46f1-b74c-d84e692ad66e.MOBHM2ZUZXSJAZT4.SEARCH&ppt=None&ppn=None&ssid=zhzxtiqvzk0000001790412317694&qH=a5594894156db043&ov_redirect=true,2026-09-26
479,"Infinix SMART 20 (Sunlike Orange, 128 GB)",Infinix,14999,21999,31% off,3.9,280,33,4 GB RAM,128 GB ROM,5200 mAh Battery,Helio G81 Ultimate Processor,17.22 cm (6.78 inch) HD+ Display,8MP Rear Camera | 8MP Front Camera,,https://www.flipkart.com/infinix-smart-20-sunlike-orange-128-gb/p/itmf761cd49f9162?pid=MOBHNMEEFAWCYC5E&lid=LSTMOBHNMEEFAWCYC5EUPDPZ1&marketplace=FLIPKART&q=smart+phones&store=tyy%2F4io&srno=s_20_479&otracker=search&fm=organic&iid=28a5f763-3048-46f1-b74c-d84e692ad66e.MOBHNMEEFAWCYC5E.SEARCH&ppt=None&ppn=None&ssid=zhzxtiqvzk0000001790412317694&qH=a5594894156db043&ov_redirect=true,2026-09-26
480,"POCO X8 5G (Fiery Orange, 128 GB)",POCO,29999,64999,53% off,4.6,231,154,6 GB RAM,128 GB ROM,9000 mAh Lithium-Ion Polymer Battery,6s Gen 4 Processor,17.35 cm (6.83 inch) Full HD+ AMOLED Display,50MP + 2MP | 16MP Front Camera,,https://www.flipkart.com/poco-x8-5g-fiery-orange-128-gb/p/itm3c8ff16f2d0ba?pid=MOBHQ6XZZZAYHCZV&lid=LSTMOBHQ6XZZZAYHCZV4O3DHJ&marketplace=FLIPKART&q=smart+phones&store=tyy%2F4io&srno=s_20_480&otracker=search&fm=organic&iid=28a5f763-3048-46f1-b74c-d84e692ad66e.MOBHQ6XZZZAYHCZV.SEARCH&ppt=None&ppn=None&ssid=zhzxtiqvzk0000001790412317694&qH=a5594894156db043&ov_redirect=true,2026-09-26
481,"MOTOROLA g35 5G (Guava Red, 128 GB)",MOTOROLA,12499,,,4.2,"1,40,594","9,745",4 GB RAM,128 GB ROM,5000 mAh Battery,T760 Processor,17.07 cm (6.72 inch) Full HD+ Display,50MP + 8MP | 16MP Front Camera,5G,https://www.flipkart.com/motorola-g35-5g-guava-red-128-gb/p/itm39bba58f6cdfc?pid=MOBH3YGPWZZB9ZZK&lid=LSTMOBH3YGPWZZB9ZZKFWIZWR&marketplace=FLIPKART&q=smart+phones&store=tyy%2F4io&srno=s_21_481&otracker=search&fm=organic&iid=aec90caf-f3d4-45fb-9e4b-028580b67ae4.MOBH3YGPWZZB9ZZK.SEARCH&ppt=None&ppn=None&ssid=yjdas7xx6o0000001790412320473&qH=a5594894156db043&ov_redirect=true,2026-09-26
482,"Motorola g84 5G (Midnight Blue, 256 GB)",Motorola,22999,,,4.2,"52,216","4,917",12 GB RAM,256 GB ROM,5000 mAh Battery,Snapdragon 695 Processor,16.64 cm (6.55 inch) Full HD+ Display,50MP (OIS) + 8MP | 16MP Front Camera,,https://www.flipkart.com/motorola-g84-5g-midnight-blue-256-gb/p/itm30dd9d1ed8bb8?pid=MOBGQFX68CXMTSGK&lid=LSTMOBGQFX68CXMTSGK7PXRBT&marketplace=FLIPKART&q=smart+phones&store=tyy%2F4io&srno=s_21_482&otracker=search&fm=organic&iid=aec90caf-f3d4-45fb-9e4b-028580b67ae4.MOBGQFX68CXMTSGK.SEARCH&ppt=None&ppn=None&ssid=yjdas7xx6o0000001790412320473&qH=a5594894156db043&ov_redirect=true,2026-09-26
483,"Samsung Galaxy S23 5G (Lavender, 128 GB)",Samsung,54999,89999,38% off,4.6,"78,803","5,679",8 GB RAM,128 GB ROM,3900 mAh Lithium Ion Battery,Qualcomm Snapdragon 8 Gen 2 Processor,15.49 cm (6.1 inch) Full HD+ Display,50MP + 10MP + 12MP | 12MP Front Camera,,https://www.flipkart.com/samsung-galaxy-s23-5g-lavender-128-gb/p/itmd3e8445fc75c9?pid=MOBGNPGZFWUKKJGR&lid=LSTMOBGNPGZFWUKKJGRJEZACI&marketplace=FLIPKART&q=smart+phones&store=tyy%2F4io&srno=s_21_483&otracker=search&fm=organic&iid=aec90caf-f3d4-45fb-9e4b-028580b67ae4.MOBGNPGZFWUKKJGR.SEARCH&ppt=None&ppn=None&ssid=yjdas7xx6o0000001790412320473&qH=a5594894156db043&ov_redirect=true,2026-09-26
484,"Samsung Galaxy F14 5G (B.A.E. Purple, 128 GB)",Samsung,18490,,,4.2,"1,21,374","9,068",6 GB RAM,128 GB ROM,6000 mAh Battery,"Exynos 1330, Octa Core Processor",16.76 cm (6.6 inch) Full HD+ Display,50MP + 2MP | 13MP Front Camera,,https://www.flipkart.com/samsung-galaxy-f14-5g-b-a-e-purple-128-gb/p/itmdc1c60aa887ff?pid=MOBGNBFNNZER2WZW&lid=LSTMOBGNBFNNZER2WZWDG8CJ0&marketplace=FLIPKART&q=smart+phones&store=tyy%2F4io&srno=s_21_484&otracker=search&fm=organic&iid=aec90caf-f3d4-45fb-9e4b-028580b67ae4.MOBGNBFNNZER2WZW.SEARCH&ppt=None&ppn=None&ssid=yjdas7xx6o0000001790412320473&qH=a5594894156db043&ov_redirect=true,2026-09-26
485,"Samsung Galaxy A14 5G (Light Green, 128 GB)",Samsung,14990,20999,28% off,4.2,"81,762","4,001",6 GB RAM,128 GB ROM,5000 mAh Lithium Ion Battery,Exynos 1330 Processor,16.76 cm (6.6 inch) Full HD+ Display,50MP + 2MP + 2MP | 13MP Front Camera,,https://www.flipkart.com/samsung-galaxy-a14-5g-light-green-128-gb/p/itmabe91abe7ba0c?pid=MOBGHT8UU3STRKZS&lid=LSTMOBGHT8UU3STRKZSCODPKE&marketplace=FLIPKART&q=smart+phones&store=tyy%2F4io&srno=s_21_485&otracker=search&fm=organic&iid=aec90caf-f3d4-45fb-9e4b-028580b67ae4.MOBGHT8UU3STRKZS.SEARCH&ppt=None&ppn=None&ssid=yjdas7xx6o0000001790412320473&qH=a5594894156db043&ov_redirect=true,2026-09-26
486,"POCO M8 Power 5G (Black, 128 GB)",POCO,24999,54999,54% off,4.7,"1,501",885,6 GB RAM,128 GB ROM,8000 mAh Lithium-Ion Polymer Battery,Snapdragon Gen 4 Processor,17.75 cm (6.99 inch) Full HD+ AMOLED Display,50MP Rear Camera | 8MP Front Camera,,https://www.flipkart.com/poco-m8-power-5g-black-128-gb/p/itm3a60b0817a5c5?pid=MOBHPCYN7CHENHFF&lid=LSTMOBHPCYN7CHENHFFR4XY1I&marketplace=FLIPKART&q=smart+phones&store=tyy%2F4io&srno=s_21_486&otracker=search&fm=organic&iid=aec90caf-f3d4-45fb-9e4b-028580b67ae4.MOBHPCYN7CHENHFF.SEARCH&ppt=None&ppn=None&ssid=yjdas7xx6o0000001790412320473&qH=a5594894156db043&ov_redirect=true,2026-09-26
487,"Nothing Phone (4a) (White, 256 GB)",Nothing,49999,62999,20% off,4.5,"6,692",721,8 GB RAM,256 GB ROM,5400 mAh Lithium ion Battery,Snapdragon 7s Gen 4 Processor,17.22 cm (6.78 inch) Full HD+ AMOLED Display,50MP + 50MP + 8MP | 32MP Front Camera,,https://www.flipkart.com/nothing-phone-4a-white-256-gb/p/itm4d8bff10483ce?pid=MOBHZAWYHRHFGS4X&lid=LSTMOBHZAWYHRHFGS4XV2LPUA&marketplace=FLIPKART&q=smart+phones&store=tyy%2F4io&srno=s_21_487&otracker=search&fm=organic&iid=aec90caf-f3d4-45fb-9e4b-028580b67ae4.MOBHZAWYHRHFGS4X.SEARCH&ppt=None&ppn=None&ssid=yjdas7xx6o0000001790412320473&qH=a5594894156db043&ov_redirect=true,2026-09-26
488,"vivo T5x 5G (Flame Red, 128 GB)",vivo,30999,50999,39% off,4.4,"25,413","1,899",8 GB RAM,128 GB ROM,7200 mAh Li-ion Battery,Dimensity 7400-Turbo Processor,17.17 cm (6.76 inch) Display,50MP + 2MP | 32MP Front Camera,,https://www.flipkart.com/vivo-t5x-5g-flame-red-128-gb/p/itm7da8aa253e72b?pid=MOBHQC8ZUTJQHYZY&lid=LSTMOBHQC8ZUTJQHYZYFO0IO9&marketplace=FLIPKART&q=smart+phones&store=tyy%2F4io&srno=s_21_488&otracker=search&fm=organic&iid=aec90caf-f3d4-45fb-9e4b-028580b67ae4.MOBHQC8ZUTJQHYZY.SEARCH&ppt=None&ppn=None&ssid=yjdas7xx6o0000001790412320473&qH=a5594894156db043&ov_redirect=true,2026-09-26
489,"Tecno Spark Go 3 (Aurora Purple, 64 GB)",Tecno,12499,15999,21% off,4.1,214,15,4 GB RAM,64 GB ROM,5000 mAh Lithium Polymer Battery,T7250 Processor,17.12 cm (6.74 inch) HD+ Display,13MP Rear Camera | 8MP Front Camera,,https://www.flipkart.com/tecno-spark-go-3-aurora-purple-64-gb/p/itma9c8f128a61c6?pid=MOBHP2QYFPEEVX6J&lid=LSTMOBHP2QYFPEEVX6JWB3F23&marketplace=FLIPKART&q=smart+phones&store=tyy%2F4io&srno=s_21_489&otracker=search&fm=organic&iid=aec90caf-f3d4-45fb-9e4b-028580b67ae4.MOBHP2QYFPEEVX6J.SEARCH&ppt=None&ppn=None&ssid=yjdas7xx6o0000001790412320473&qH=a5594894156db043&ov_redirect=true,2026-09-26
490,"realme C100x (Deepblue Tides, 64 GB)",realme,17999,29999,40% off,3.6,271,34,4 GB RAM,64 GB ROM,8000 mAh Battery,T7250 Processor,17.27 cm (6.8 inch) HD+ Display,50MP Rear Camera | 5MP Front Camera,,https://www.flipkart.com/realme-c100x-deepblue-tides-64-gb/p/itm488eb4026680c?pid=MOBHZMDT7BJCESTA&lid=LSTMOBHZMDT7BJCESTAV7AYK5&marketplace=FLIPKART&q=smart+phones&store=tyy%2F4io&srno=s_21_490&otracker=search&fm=organic&iid=aec90caf-f3d4-45fb-9e4b-028580b67ae4.MOBHZMDT7BJCESTA.SEARCH&ppt=None&ppn=None&ssid=yjdas7xx6o0000001790412320473&qH=a5594894156db043&ov_redirect=true,2026-09-26
491,"REDMI A5 (Just Black, 128 GB)",REDMI,9993,9999,,4.1,"5,739",311,4 GB RAM,128 GB ROM,5200 mAh Battery,T7250 Processor,17.48 cm (6.88 inch) HD+ Display,32MP Rear Camera | 8MP Front Camera,,https://www.flipkart.com/redmi-a5-just-black-128-gb/p/itm2b4357effaa74?pid=MOBHB2HGCWUUBBUM&lid=LSTMOBHB2HGCWUUBBUMAC8VR7&marketplace=FLIPKART&q=smart+phones&store=tyy%2F4io&srno=s_21_491&otracker=search&fm=organic&iid=aec90caf-f3d4-45fb-9e4b-028580b67ae4.MOBHB2HGCWUUBBUM.SEARCH&ppt=None&ppn=None&ssid=yjdas7xx6o0000001790412320473&qH=a5594894156db043&ov_redirect=true,2026-09-26
492,"realme P4x 5G (Matte Silver, 128 GB)",realme,29999,43999,31% off,4.3,"8,577",716,8 GB RAM,128 GB ROM,7000 mAh Battery,Dimensity 7400 Ultra Processor,17.07 cm (6.72 inch) Full HD+ Display,50MP + 2MP | 8MP Front Camera,,https://www.flipkart.com/realme-p4x-5g-matte-silver-128-gb/p/itm575b1540859e4?pid=MOBHN7A8HYC9BPAU&lid=LSTMOBHN7A8HYC9BPAUEQNPRK&marketplace=FLIPKART&q=smart+phones&store=tyy%2F4io&srno=s_21_492&otracker=search&fm=organic&iid=aec90caf-f3d4-45fb-9e4b-028580b67ae4.MOBHN7A8HYC9BPAU.SEARCH&ppt=None&ppn=None&ssid=yjdas7xx6o0000001790412320473&qH=a5594894156db043&ov_redirect=true,2026-09-26
493,"MOTOROLA Edge 60 Pro (Pantone Walnut, 256 GB)",MOTOROLA,33999,40999,17% off,4.3,"18,598","1,861",12 GB RAM,256 GB ROM,6000 mAh Battery,Dimensity 8350 Processor,17.02 cm (6.7 inch) Full HD+ Display,50MP + 50MP + 10MP | 50MP Front Camera,,https://www.flipkart.com/motorola-edge-60-pro-pantone-walnut-256-gb/p/itm77d7138c41207?pid=MOBHC7EWYHZHH8TV&lid=LSTMOBHC7EWYHZHH8TVGCXTJG&marketplace=FLIPKART&q=smart+phones&store=tyy%2F4io&srno=s_21_493&otracker=search&fm=organic&iid=aec90caf-f3d4-45fb-9e4b-028580b67ae4.MOBHC7EWYHZHH8TV.SEARCH&ppt=None&ppn=None&ssid=yjdas7xx6o0000001790412320473&qH=a5594894156db043&ov_redirect=true,2026-09-26
494,"realme P4x 5G (Lake Green, 128 GB)",realme,26999,38999,30% off,4.3,"15,745","1,359",6 GB RAM,128 GB ROM,7000 mAh Battery,Dimensity 7400 Ultra Processor,17.07 cm (6.72 inch) Full HD+ Display,50MP + 2MP | 8MP Front Camera,,https://www.flipkart.com/realme-p4x-5g-lake-green-128-gb/p/itm575b1540859e4?pid=MOBHN7A8WK5SGBYN&lid=LSTMOBHN7A8WK5SGBYNA6NKVS&marketplace=FLIPKART&q=smart+phones&store=tyy%2F4io&srno=s_21_494&otracker=search&fm=organic&iid=aec90caf-f3d4-45fb-9e4b-028580b67ae4.MOBHN7A8WK5SGBYN.SEARCH&ppt=None&ppn=None&ssid=yjdas7xx6o0000001790412320473&qH=a5594894156db043&ov_redirect=true,2026-09-26
495,"POCO M8 Power 5G (Green, 128 GB)",POCO,27999,59999,53% off,4.6,373,270,8 GB RAM,128 GB ROM,8000 mAh Lithium-Ion Polymer Battery,Snapdragon Gen 4 Processor,17.75 cm (6.99 inch) Full HD+ AMOLED Display,50MP Rear Camera | 8MP Front Camera,,https://www.flipkart.com/poco-m8-power-5g-green-128-gb/p/itmcb7a6d1f8e1fc?pid=MOBHPCYNPTEZQTHC&lid=LSTMOBHPCYNPTEZQTHCQZMRHO&marketplace=FLIPKART&q=smart+phones&store=tyy%2F4io&srno=s_21_495&otracker=search&fm=organic&iid=aec90caf-f3d4-45fb-9e4b-028580b67ae4.MOBHPCYNPTEZQTHC.SEARCH&ppt=None&ppn=None&ssid=yjdas7xx6o0000001790412320473&qH=a5594894156db043&ov_redirect=true,2026-09-26
496,"realme P1 5G (Phoenix Red, 128 GB)",realme,13999,20999,33% off,4.3,"95,778","6,040",6 GB RAM,128 GB ROM,5000 mAh Battery,Dimensity 7050 Processor,16.94 cm (6.67 inch) Full HD+ Display,50MP + 2MP | 16MP Front Camera,,https://www.flipkart.com/realme-p1-5g-phoenix-red-128-gb/p/itmae4447062b5b5?pid=MOBGYQ6BXSENZRV3&lid=LSTMOBGYQ6BXSENZRV3XKXGCB&marketplace=FLIPKART&q=smart+phones&store=tyy%2F4io&srno=s_21_496&otracker=search&fm=organic&iid=aec90caf-f3d4-45fb-9e4b-028580b67ae4.MOBGYQ6BXSENZRV3.SEARCH&ppt=None&ppn=None&ssid=yjdas7xx6o0000001790412320473&qH=a5594894156db043&ov_redirect=true,2026-09-26
497,"Ai+ Pulse 1 (Blue, 64 GB)",Ai+,7999,,,4.2,"42,942","3,630",4 GB RAM,64 GB ROM,5000 mAh Battery,T615 Processor,17.13 cm (6.745 inch) HD+ Display,50MP Rear Camera | 5MP Front Camera,,https://www.flipkart.com/ai-pulse-1-blue-64-gb/p/itm039eaa37b8fdb?pid=MOBHDDQXW4ZVQFFX&lid=LSTMOBHDDQXW4ZVQFFXZCFXAD&marketplace=FLIPKART&q=smart+phones&store=tyy%2F4io&srno=s_21_497&otracker=search&fm=organic&iid=aec90caf-f3d4-45fb-9e4b-028580b67ae4.MOBHDDQXW4ZVQFFX.SEARCH&ppt=None&ppn=None&ssid=yjdas7xx6o0000001790412320473&qH=a5594894156db043&ov_redirect=true,2026-09-26
498,"REDMI A5 (Just Black, 64 GB)",REDMI,8993,8999,,4.1,"9,423",532,3 GB RAM,64 GB ROM,5200 mAh Battery,T7250 Processor,17.48 cm (6.88 inch) HD+ Display,32MP Rear Camera | 8MP Front Camera,,https://www.flipkart.com/redmi-a5-just-black-64-gb/p/itm2b4357effaa74?pid=MOBHB2HGNGFWXSGA&lid=LSTMOBHB2HGNGFWXSGAJJMGXC&marketplace=FLIPKART&q=smart+phones&store=tyy%2F4io&srno=s_21_498&otracker=search&fm=organic&iid=aec90caf-f3d4-45fb-9e4b-028580b67ae4.MOBHB2HGNGFWXSGA.SEARCH&ppt=None&ppn=None&ssid=yjdas7xx6o0000001790412320473&qH=a5594894156db043&ov_redirect=true,2026-09-26
499,"realme C61 (Marble Black, 64 GB)",realme,8999,,,4.3,"37,550","1,668",4 GB RAM,64 GB ROM,5000 mAh Battery,T612 Processor,17.13 cm (6.745 inch) HD+ Display,32MP Rear Camera | 5MP Front Camera,,https://www.flipkart.com/realme-c61-marble-black-64-gb/p/itmd12477182b87a?pid=MOBH92ADTEGYEYZ2&lid=LSTMOBH92ADTEGYEYZ2LPIHT5&marketplace=FLIPKART&q=smart+phones&store=tyy%2F4io&srno=s_21_499&otracker=search&fm=organic&iid=aec90caf-f3d4-45fb-9e4b-028580b67ae4.MOBH92ADTEGYEYZ2.SEARCH&ppt=None&ppn=None&ssid=yjdas7xx6o0000001790412320473&qH=a5594894156db043&ov_redirect=true,2026-09-26
500,"realme P4s 5G (Titanium Gray, 128 GB)",realme,34999,48999,28% off,4.4,433,95,8 GB RAM,128 GB ROM,8000 mAh Battery,Dimensity 7400 Processor,17.22 cm (6.78 inch) Full HD+ AMOLED Display,50MP + 8MP | 16MP Front Camera,,https://www.flipkart.com/realme-p4s-5g-titanium-gray-128-gb/p/itmcb2e7e552a5ef?pid=MOBHPBHATYTBGZXN&lid=LSTMOBHPBHATYTBGZXNW48J46&marketplace=FLIPKART&q=smart+phones&store=tyy%2F4io&srno=s_21_500&otracker=search&fm=organic&iid=aec90caf-f3d4-45fb-9e4b-028580b67ae4.MOBHPBHATYTBGZXN.SEARCH&ppt=None&ppn=None&ssid=yjdas7xx6o0000001790412320473&qH=a5594894156db043&ov_redirect=true,2026-09-26
501,"vivo T5x 5G (Cyber Green, 128 GB)",vivo,27999,28999,3% off,4.4,"21,915","1,497",6 GB RAM,128 GB ROM,7200 mAh Li-ion Battery,Dimensity 7400-Turbo Processor,17.17 cm (6.76 inch) Display,50MP + 2MP | 32MP Front Camera,,https://www.flipkart.com/vivo-t5x-5g-cyber-green-128-gb/p/itm7da8aa253e72b?pid=MOBHH69NGFZAYK6M&lid=LSTMOBHH69NGFZAYK6MYQKNQD&marketplace=FLIPKART&q=smart+phones&store=tyy%2F4io&srno=s_21_501&otracker=search&fm=organic&iid=aec90caf-f3d4-45fb-9e4b-028580b67ae4.MOBHH69NGFZAYK6M.SEARCH&ppt=None&ppn=None&ssid=yjdas7xx6o0000001790412320473&qH=a5594894156db043&ov_redirect=true,2026-09-26
502,"MOTOROLA g37 power (PANTONE Nautical Blue, 128 GB)",MOTOROLA,25999,37999,31% off,4.2,"2,556",206,8 GB RAM,128 GB ROM,7000 mAh Battery,Dimensity 6400 Processor,16.92 cm (6.66 inch) HD+ Display,50MP Rear Camera | 8MP Front Camera,,https://www.flipkart.com/motorola-g37-power-pantone-nautical-blue-128-gb/p/itm48ade38c32669?pid=MOBHMX5YNNYGMVWH&lid=LSTMOBHMX5YNNYGMVWHYBPQ6L&marketplace=FLIPKART&q=smart+phones&store=tyy%2F4io&srno=s_21_502&otracker=search&fm=organic&iid=aec90caf-f3d4-45fb-9e4b-028580b67ae4.MOBHMX5YNNYGMVWH.SEARCH&ppt=None&ppn=None&ssid=yjdas7xx6o0000001790412320473&qH=a5594894156db043&ov_redirect=true,2026-09-26
503,"REDMI 12 (Pastel Blue, 128 GB)",REDMI,10999,15999,31% off,4.2,"73,938","4,343",6 GB RAM,128 GB ROM,5000 mAh Battery,Helio G88 Processor,17.25 cm (6.79 inch) Full HD+ Display,50MP + 8MP + 2MP | 8MP Front Camera,,https://www.flipkart.com/redmi-12-pastel-blue-128-gb/p/itm89d09f7d50676?pid=MOBGZF9P5SUM5DKS&lid=LSTMOBGZF9P5SUM5DKSNHZ2R6&marketplace=FLIPKART&q=smart+phones&store=tyy%2F4io&srno=s_21_503&otracker=search&fm=organic&iid=aec90caf-f3d4-45fb-9e4b-028580b67ae4.MOBGZF9P5SUM5DKS.SEARCH&ppt=None&ppn=None&ssid=yjdas7xx6o0000001790412320473&qH=a5594894156db043&ov_redirect=true,2026-09-26
504,"POCO M7 5G (Mint Green, 128 GB)",POCO,13499,13999,3% off,4.3,"19,042","1,069",8 GB RAM,128 GB ROM,5160 mAh Battery,4 Gen 2 5G Processor,17.48 cm (6.88 inch) HD+ Display,50MP Rear Camera | 8MP Front Camera,5G,https://www.flipkart.com/poco-m7-5g-mint-green-128-gb/p/itm5a4e9a881d94a?pid=MOBH9HFJGB3JSYEF&lid=LSTMOBH9HFJGB3JSYEF2YLMA0&marketplace=FLIPKART&q=smart+phones&store=tyy%2F4io&srno=s_21_504&otracker=search&fm=organic&iid=aec90caf-f3d4-45fb-9e4b-028580b67ae4.MOBH9HFJGB3JSYEF.SEARCH&ppt=None&ppn=None&ssid=yjdas7xx6o0000001790412320473&qH=a5594894156db043&ov_redirect=true,2026-09-26
505,"Google Pixel 10a (Obsidian, 256 GB)",Google,47999,55999,14% off,4.5,"3,134",356,8 GB RAM,256 GB ROM,5100 mAh Lithium Battery,Tensor G4 Processor,16.0 cm (6.3 inch) Full HD+ AMOLED Display,48MP + 13MP | 13MP Front Camera,,https://www.flipkart.com/google-pixel-10a-obsidian-256-gb/p/itm362a5eb9c09e6?pid=MOBHP6CEGN8H9WD6&lid=LSTMOBHP6CEGN8H9WD63LNSOM&marketplace=FLIPKART&q=smart+phones&store=tyy%2F4io&srno=s_22_505&otracker=search&fm=organic&iid=dc564298-8f97-467a-8c77-9b3acc67676c.MOBHP6CEGN8H9WD6.SEARCH&ppt=None&ppn=None&ssid=cs0l2ustnk0000001790412323267&qH=a5594894156db043&ov_redirect=true,2026-09-26
506,"realme P1 5G (Feather Blue, 128 GB)",realme,13999,20999,33% off,4.3,"95,778","6,040",6 GB RAM,128 GB ROM,5000 mAh Battery,Dimensity 7050 Processor,16.94 cm (6.67 inch) Full HD+ Display,50MP + 2MP | 16MP Front Camera,,https://www.flipkart.com/realme-p1-5g-feather-blue-128-gb/p/itmae4447062b5b5?pid=MOBH4GSKATGPQSAU&lid=LSTMOBH4GSKATGPQSAUZMG5RH&marketplace=FLIPKART&q=smart+phones&store=tyy%2F4io&srno=s_22_506&otracker=search&fm=organic&iid=dc564298-8f97-467a-8c77-9b3acc67676c.MOBH4GSKATGPQSAU.SEARCH&ppt=None&ppn=None&ssid=cs0l2ustnk0000001790412323267&qH=a5594894156db043&ov_redirect=true,2026-09-26
507,"Motorola Edge 40 (Lunar Blue, 256 GB)",Motorola,34999,,,4.3,"82,150","8,829",8 GB RAM,256 GB ROM,4400 mAh Battery,Dimensity 8020 Processor,16.51 cm (6.5 inch) Full HD+ Display,50MP + 13MP | 32MP Front Camera,,https://www.flipkart.com/motorola-edge-40-lunar-blue-256-gb/p/itm32e082b2d4213?pid=MOBGKHNBYGH5KHJ9&lid=LSTMOBGKHNBYGH5KHJ9JGONZB&marketplace=FLIPKART&q=smart+phones&store=tyy%2F4io&srno=s_22_507&otracker=search&fm=organic&iid=dc564298-8f97-467a-8c77-9b3acc67676c.MOBGKHNBYGH5KHJ9.SEARCH&ppt=None&ppn=None&ssid=cs0l2ustnk0000001790412323267&qH=a5594894156db043&ov_redirect=true,2026-09-26
508,"Samsung Galaxy S24 5G Snapdragon (Cobalt Violet, 128 GB)",Samsung,49999,74999,33% off,4.6,"57,463","4,580",8 GB RAM,128 GB ROM,4000 mAh Battery,8 Gen 3 Processor,15.75 cm (6.2 inch) Full HD+ Display,50MP + 12MP | 12MP Front Camera,,https://www.flipkart.com/samsung-galaxy-s24-5g-snapdragon-cobalt-violet-128-gb/p/itm994d8dcac3256?pid=MOBHDVFKTRZHMETK&lid=LSTMOBHDVFKTRZHMETK4O099A&marketplace=FLIPKART&q=smart+phones&store=tyy%2F4io&srno=s_22_508&otracker=search&fm=organic&iid=dc564298-8f97-467a-8c77-9b3acc67676c.MOBHDVFKTRZHMETK.SEARCH&ppt=None&ppn=None&ssid=cs0l2ustnk0000001790412323267&qH=a5594894156db043&ov_redirect=true,2026-09-26
509,"CMF by Nothing Phone 2 Pro (Black, 256 GB)",CMF,20999,24999,16% off,4.4,"76,244","6,758",8 GB RAM,256 GB ROM,5000 mAh Battery,Dimensity 7300 Pro 5G Processor,17.2 cm (6.77 inch) Display,50MP + 50MP + 8MP | 16MP Front Camera,5G,https://www.flipkart.com/cmf-nothing-phone-2-pro-black-256-gb/p/itm46a119f176627?pid=MOBHAUHAY7BY7PT5&lid=LSTMOBHAUHAY7BY7PT52UMFU9&marketplace=FLIPKART&q=smart+phones&store=tyy%2F4io&srno=s_22_509&otracker=search&fm=organic&iid=dc564298-8f97-467a-8c77-9b3acc67676c.MOBHAUHAY7BY7PT5.SEARCH&ppt=None&ppn=None&ssid=cs0l2ustnk0000001790412323267&qH=a5594894156db043&ov_redirect=true,2026-09-26
510,"MOTOROLA Edge 70 Fusion Snapdragon (Pantone COUNTRY AIR, 128 GB)",MOTOROLA,30999,49999,38% off,4.4,"18,338","2,015",8 GB RAM,128 GB ROM,7000 mAh Battery,Snapdragon 7s Gen 4 Processor,17.27 cm (6.8 inch) Super HD Display,50MP + 13MP | 32MP Front Camera,,https://www.flipkart.com/motorola-edge-70-fusion-snapdragon-pantone-country-air-128-gb/p/itm35e1629da7123?pid=MOBHN973BZYNQ9XZ&lid=LSTMOBHN973BZYNQ9XZIVDF72&marketplace=FLIPKART&q=smart+phones&store=tyy%2F4io&srno=s_22_510&otracker=search&fm=organic&iid=dc564298-8f97-467a-8c77-9b3acc67676c.MOBHN973BZYNQ9XZ.SEARCH&ppt=None&ppn=None&ssid=cs0l2ustnk0000001790412323267&qH=a5594894156db043&ov_redirect=true,2026-09-26
511,"realme P4x 5G (Elegant Pink, 128 GB)",realme,26999,38999,30% off,4.3,"15,745","1,359",6 GB RAM,128 GB ROM,7000 mAh Battery,Dimensity 7400 Ultra Processor,17.07 cm (6.72 inch) Full HD+ Display,50MP + 2MP | 8MP Front Camera,,https://www.flipkart.com/realme-p4x-5g-elegant-pink-128-gb/p/itm575b1540859e4?pid=MOBHN7A8GXPNGYW4&lid=LSTMOBHN7A8GXPNGYW46JFEQO&marketplace=FLIPKART&q=smart+phones&store=tyy%2F4io&srno=s_22_511&otracker=search&fm=organic&iid=dc564298-8f97-467a-8c77-9b3acc67676c.MOBHN7A8GXPNGYW4.SEARCH&ppt=None&ppn=None&ssid=cs0l2ustnk0000001790412323267&qH=a5594894156db043&ov_redirect=true,2026-09-26
512,"Samsung Galaxy F16 5G (Vibing Blue, 128 GB)",Samsung,15499,18999,18% off,4.2,"3,686",275,8 GB RAM,128 GB ROM,5000 mAh Battery,Dimensity 6300 Processor,16.91 cm (6.657 inch) Full HD+ Display,50MP + 5MP + 2MP | 13MP Front Camera,,https://www.flipkart.com/samsung-galaxy-f16-5g-vibing-blue-128-gb/p/itma31262afa7505?pid=MOBH9ASGCZNFQGDG&lid=LSTMOBH9ASGCZNFQGDGYXWIQD&marketplace=FLIPKART&q=smart+phones&store=tyy%2F4io&srno=s_22_512&otracker=search&fm=organic&iid=dc564298-8f97-467a-8c77-9b3acc67676c.MOBH9ASGCZNFQGDG.SEARCH&ppt=None&ppn=None&ssid=cs0l2ustnk0000001790412323267&qH=a5594894156db043&ov_redirect=true,2026-09-26
513,"MOTOROLA Edge 60 Pro (Pantone Shadow, 256 GB)",MOTOROLA,33999,40999,17% off,4.3,"18,598","1,861",12 GB RAM,256 GB ROM,6000 mAh Battery,Dimensity 8350 Processor,17.02 cm (6.7 inch) Display,50MP + 50MP + 10MP | 50MP Front Camera,,https://www.flipkart.com/motorola-edge-60-pro-pantone-shadow-256-gb/p/itme4f8c6dd0e2db?pid=MOBH9C9JBE7X4H8H&lid=LSTMOBH9C9JBE7X4H8HC6CIWO&marketplace=FLIPKART&q=smart+phones&store=tyy%2F4io&srno=s_22_513&otracker=search&fm=organic&iid=dc564298-8f97-467a-8c77-9b3acc67676c.MOBH9C9JBE7X4H8H.SEARCH&ppt=None&ppn=None&ssid=cs0l2ustnk0000001790412323267&qH=a5594894156db043&ov_redirect=true,2026-09-26
514,"Ai+ Nova 2 Power 5G (Golden Blue Fusion, 128 GB)",Ai+,17999,29999,40% off,,,,8 GB RAM,128 GB ROM,7000 mAh Li-polymer Battery,Dimensity 7100 Processor,17.14 cm (6.75 inch) HD+ Display,48MP + 8MP | 13MP Front Camera,,https://www.flipkart.com/ai-nova-2-power-5g-golden-blue-fusion-128-gb/p/itmc937aff58a518?pid=MOBHQZVXPMTFEJZ9&lid=LSTMOBHQZVXPMTFEJZ9PWNJR5&marketplace=FLIPKART&q=smart+phones&store=tyy%2F4io&srno=s_22_514&otracker=search&fm=organic&iid=dc564298-8f97-467a-8c77-9b3acc67676c.MOBHQZVXPMTFEJZ9.SEARCH&ppt=None&ppn=None&ssid=cs0l2ustnk0000001790412323267&qH=a5594894156db043&ov_redirect=true,2026-09-26
515,"Samsung Galaxy A14 5G (Dark Red, 64 GB)",Samsung,18499,,,4.2,"46,237","2,242",4 GB RAM,64 GB ROM,5000 mAh Lithium Ion Battery,Exynos 1330 Processor,16.76 cm (6.6 inch) Full HD+ Display,50MP + 2MP + 2MP | 13MP Front Camera,,https://www.flipkart.com/samsung-galaxy-a14-5g-dark-red-64-gb/p/itm94657bf610bbd?pid=MOBGHT8UURBKHWME&lid=LSTMOBGHT8UURBKHWMEX9ENBE&marketplace=FLIPKART&q=smart+phones&store=tyy%2F4io&srno=s_22_515&otracker=search&fm=organic&iid=dc564298-8f97-467a-8c77-9b3acc67676c.MOBGHT8UURBKHWME.SEARCH&ppt=None&ppn=None&ssid=cs0l2ustnk0000001790412323267&qH=a5594894156db043&ov_redirect=true,2026-09-26
516,"I Kall Z20 Plus Smartphone – 6.26"" Display, Support 4G LTE Vi, Airtel & BSNL (Purple, 128 GB)",I,6499,8999,27% off,3.3,26,2,6 GB RAM,128 GB ROM,5000 mAh Battery,Octa-Core Processor,15.9 cm (6.26 inch) Full HD+ Display,20MP Rear Camera | 13MP Front Camera,,https://www.flipkart.com/kall-z20-plus-smartphone-6-26-display-support-4g-lte-vi-airtel-bsnl-purple-128-gb/p/itm98e580dbdb1d6?pid=MOBHF8HQSFZEA6HQ&lid=LSTMOBHF8HQSFZEA6HQPV0JRT&marketplace=FLIPKART&q=smart+phones&store=tyy%2F4io&srno=s_22_516&otracker=search&fm=organic&iid=dc564298-8f97-467a-8c77-9b3acc67676c.MOBHF8HQSFZEA6HQ.SEARCH&ppt=None&ppn=None&ssid=cs0l2ustnk0000001790412323267&qH=a5594894156db043&ov_redirect=true,2026-09-26
517,"realme P1 5G (Phoenix Red, 128 GB)",realme,14999,21999,31% off,4.3,"46,621","2,756",8 GB RAM,128 GB ROM,5000 mAh Battery,Dimensity 7050 Processor,16.94 cm (6.67 inch) Full HD+ Display,50MP + 2MP | 16MP Front Camera,,https://www.flipkart.com/realme-p1-5g-phoenix-red-128-gb/p/itmae4447062b5b5?pid=MOBGZSU4BBYYMSEV&lid=LSTMOBGZSU4BBYYMSEVEEHYG2&marketplace=FLIPKART&q=smart+phones&store=tyy%2F4io&srno=s_22_517&otracker=search&fm=organic&iid=dc564298-8f97-467a-8c77-9b3acc67676c.MOBGZSU4BBYYMSEV.SEARCH&ppt=None&ppn=None&ssid=cs0l2ustnk0000001790412323267&qH=a5594894156db043&ov_redirect=true,2026-09-26
518,"Tecno Spark Go 3 (Ink Black, 64 GB)",Tecno,12499,15999,21% off,4.1,214,15,4 GB RAM,64 GB ROM,5000 mAh Lithium Polymer Battery,T7250 Processor,17.12 cm (6.74 inch) HD+ Display,13MP Rear Camera | 8MP Front Camera,,https://www.flipkart.com/tecno-spark-go-3-ink-black-64-gb/p/itma9c8f128a61c6?pid=MOBHP2QYCXZZE3CM&lid=LSTMOBHP2QYCXZZE3CMWW64IB&marketplace=FLIPKART&q=smart+phones&store=tyy%2F4io&srno=s_22_518&otracker=search&fm=organic&iid=dc564298-8f97-467a-8c77-9b3acc67676c.MOBHP2QYCXZZE3CM.SEARCH&ppt=None&ppn=None&ssid=cs0l2ustnk0000001790412323267&qH=a5594894156db043&ov_redirect=true,2026-09-26
519,"realme C61 (Safari Green, 128 GB)",realme,10999,,,4.3,"17,961",749,6 GB RAM,128 GB ROM,5000 mAh Battery,T612 Processor,17.13 cm (6.745 inch) HD+ Display,32MP Rear Camera | 5MP Front Camera,,https://www.flipkart.com/realme-c61-safari-green-128-gb/p/itmd12477182b87a?pid=MOBH92ADB5YEG7TF&lid=LSTMOBH92ADB5YEG7TFDVYADA&marketplace=FLIPKART&q=smart+phones&store=tyy%2F4io&srno=s_22_519&otracker=search&fm=organic&iid=dc564298-8f97-467a-8c77-9b3acc67676c.MOBH92ADB5YEG7TF.SEARCH&ppt=None&ppn=None&ssid=cs0l2ustnk0000001790412323267&qH=a5594894156db043&ov_redirect=true,2026-09-26
520,"POCO M8 Power 5G (Green, 128 GB)",POCO,24999,54999,54% off,4.7,"1,501",885,6 GB RAM,128 GB ROM,8000 mAh Lithium-Ion Polymer Battery,Snapdragon Gen 4 Processor,17.75 cm (6.99 inch) Full HD+ AMOLED Display,50MP Rear Camera | 8MP Front Camera,,https://www.flipkart.com/poco-m8-power-5g-green-128-gb/p/itmd5d508dcd6172?pid=MOBHPCYNBFXP5TG9&lid=LSTMOBHPCYNBFXP5TG9ASUJFA&marketplace=FLIPKART&q=smart+phones&store=tyy%2F4io&srno=s_22_520&otracker=search&fm=organic&iid=dc564298-8f97-467a-8c77-9b3acc67676c.MOBHPCYNBFXP5TG9.SEARCH&ppt=None&ppn=None&ssid=cs0l2ustnk0000001790412323267&qH=a5594894156db043&ov_redirect=true,2026-09-26
521,"POCO X8 Pro Max (White, 512 GB)",POCO,52999,61999,14% off,4.5,"2,012",412,12 GB RAM,512 GB ROM,9000 mAh Lithium-Ion Polymer With Silicon Carbon Technology Battery,Dimensity 9500s Processor,17.35 cm (6.83 inch) Full HD+ AMOLED Display,50MP + 8MP | 20MP Front Camera,,https://www.flipkart.com/poco-x8-pro-max-white-512-gb/p/itm99efd552c2346?pid=MOBHMGG52GRMRFFN&lid=LSTMOBHMGG52GRMRFFNBEWRC3&marketplace=FLIPKART&q=smart+phones&store=tyy%2F4io&srno=s_22_521&otracker=search&fm=organic&iid=dc564298-8f97-467a-8c77-9b3acc67676c.MOBHMGG52GRMRFFN.SEARCH&ppt=None&ppn=None&ssid=cs0l2ustnk0000001790412323267&qH=a5594894156db043&ov_redirect=true,2026-09-26
522,"Motorola e13 (Cosmic Black, 128 GB)",Motorola,9299,11999,22% off,4.1,"35,482","1,990",8 GB RAM,128 GB ROM,5000 mAh Battery,Unisoc T606 Processor,16.51 cm (6.5 inch) HD+ Display,13MP Rear Camera | 5MP Front Camera,,https://www.flipkart.com/motorola-e13-cosmic-black-128-gb/p/itm04a41c3c76631?pid=MOBGQFX6SFZXR7PK&lid=LSTMOBGQFX6SFZXR7PKP7HQQS&marketplace=FLIPKART&q=smart+phones&store=tyy%2F4io&srno=s_22_522&otracker=search&fm=organic&iid=dc564298-8f97-467a-8c77-9b3acc67676c.MOBGQFX6SFZXR7PK.SEARCH&ppt=None&ppn=None&ssid=cs0l2ustnk0000001790412323267&qH=a5594894156db043&ov_redirect=true,2026-09-26
523,"Infinix GT 30 5G+ Pulse Green 128 (Pulse Green, 128 GB)",Infinix,21999,24999,12% off,4.4,"1,726",156,8 GB RAM,128 GB ROM,5500 mAh Battery,Dimensity 7400 Processor,17.22 cm (6.78 inch) Full HD+ AMOLED Display,64MP + 8MP | 13MP Front Camera,,https://www.flipkart.com/infinix-gt-30-5g-pulse-green-128-pulse-green-gb/p/itm666aa01d8a89d?pid=MOBHDQFAY7XQDHNK&lid=LSTMOBHDQFAY7XQDHNKJVNAJR&marketplace=FLIPKART&q=smart+phones&store=tyy%2F4io&srno=s_22_523&otracker=search&fm=organic&iid=dc564298-8f97-467a-8c77-9b3acc67676c.MOBHDQFAY7XQDHNK.SEARCH&ppt=None&ppn=None&ssid=cs0l2ustnk0000001790412323267&qH=a5594894156db043&ov_redirect=true,2026-09-26
524,"REDMI 15A (Amaze Purple, 128 GB)",REDMI,18493,28999,36% off,3.8,785,70,4 GB RAM,128 GB ROM,6300 mAh Lithium-Ion Polymer Battery,T8300 Processor,17.53 cm (6.9 inch) Display,32MP Rear Camera | 8MP Front Camera,,https://www.flipkart.com/redmi-15a-amaze-purple-128-gb/p/itmd0294be755db1?pid=MOBHPDZD7YVWKAJD&lid=LSTMOBHPDZD7YVWKAJD7SASBO&marketplace=FLIPKART&q=smart+phones&store=tyy%2F4io&srno=s_22_524&otracker=search&fm=organic&iid=dc564298-8f97-467a-8c77-9b3acc67676c.MOBHPDZD7YVWKAJD.SEARCH&ppt=None&ppn=None&ssid=cs0l2ustnk0000001790412323267&qH=a5594894156db043&ov_redirect=true,2026-09-26
525,"Samsung Galaxy A14 5G (Dark Red, 128 GB)",Samsung,15499,,,4.2,"46,237","2,242",4 GB RAM,128 GB ROM,5000 mAh Lithium Ion Battery,Exynos 1330 Processor,16.76 cm (6.6 inch) Full HD+ Display,50MP + 2MP + 2MP | 13MP Front Camera,,https://www.flipkart.com/samsung-galaxy-a14-5g-dark-red-128-gb/p/itma8898a288d63b?pid=MOBGX2Q7KG25VGKQ&lid=LSTMOBGX2Q7KG25VGKQN7MMPU&marketplace=FLIPKART&q=smart+phones&store=tyy%2F4io&srno=s_22_525&otracker=search&fm=organic&iid=dc564298-8f97-467a-8c77-9b3acc67676c.MOBGX2Q7KG25VGKQ.SEARCH&ppt=None&ppn=None&ssid=cs0l2ustnk0000001790412323267&qH=a5594894156db043&ov_redirect=true,2026-09-26
526,"CMF by Nothing Phone 2 Pro (Light Green, 256 GB)",CMF,20999,24999,16% off,4.4,"76,244","6,758",8 GB RAM,256 GB ROM,5000 mAh Battery,Dimensity 7300 Pro 5G Processor,17.2 cm (6.77 inch) Full HD+ Display,50MP + 50MP + 8MP | 16MP Front Camera,5G,https://www.flipkart.com/cmf-nothing-phone-2-pro-light-green-256-gb/p/itm46a119f176627?pid=MOBHAUHA6X5YWPBP&lid=LSTMOBHAUHA6X5YWPBPVY1EW2&marketplace=FLIPKART&q=smart+phones&store=tyy%2F4io&srno=s_22_526&otracker=search&fm=organic&iid=dc564298-8f97-467a-8c77-9b3acc67676c.MOBHAUHA6X5YWPBP.SEARCH&ppt=None&ppn=None&ssid=cs0l2ustnk0000001790412323267&qH=a5594894156db043&ov_redirect=true,2026-09-26
527,"CMF by Nothing Phone 2 Pro (Orange, 256 GB)",CMF,20999,24999,16% off,4.4,"76,244","6,758",8 GB RAM,256 GB ROM,5000 mAh Battery,Dimensity 7300 Pro 5G Processor,17.2 cm (6.77 inch) Full HD+ Display,50MP + 50MP + 8MP | 16MP Front Camera,5G,https://www.flipkart.com/cmf-nothing-phone-2-pro-orange-256-gb/p/itm46a119f176627?pid=MOBHAUHAKMH34EHU&lid=LSTMOBHAUHAKMH34EHU383UEL&marketplace=FLIPKART&q=smart+phones&store=tyy%2F4io&srno=s_22_527&otracker=search&fm=organic&iid=dc564298-8f97-467a-8c77-9b3acc67676c.MOBHAUHAKMH34EHU.SEARCH&ppt=None&ppn=None&ssid=cs0l2ustnk0000001790412323267&qH=a5594894156db043&ov_redirect=true,2026-09-26
528,"Infinix NOTE 60 Pro (Mocha Brown, 128 GB)",Infinix,35999,39999,10% off,4.4,"1,720",277,8 GB RAM,128 GB ROM,6500 mAh Battery,Snapdragon 7s Gen 4 Processor,17.22 cm (6.78 inch) Full HD+ AMOLED Display,50MP + 8MP | 13MP Front Camera,,https://www.flipkart.com/infinix-note-60-pro-mocha-brown-128-gb/p/itm7681d00923b3c?pid=MOBHHVE2N3RFZZDT&lid=LSTMOBHHVE2N3RFZZDTRZKIDK&marketplace=FLIPKART&q=smart+phones&store=tyy%2F4io&srno=s_22_528&otracker=search&fm=organic&iid=dc564298-8f97-467a-8c77-9b3acc67676c.MOBHHVE2N3RFZZDT.SEARCH&ppt=None&ppn=None&ssid=cs0l2ustnk0000001790412323267&qH=a5594894156db043&ov_redirect=true,2026-09-26
529,"vivo T4 5G (Emerald Blaze, 256 GB)",vivo,26999,27999,3% off,4.4,"81,935","5,318",8 GB RAM,256 GB ROM,7300 mAh Battery,Snapdragon 7s Gen 3 5G Processor,17.2 cm (6.77 inch) Full HD+ Display,50MP (OIS) + 2MP | 32MP Front Camera,5G,https://www.flipkart.com/vivo-t4-5g-emerald-blaze-256-gb/p/itmc2634fd4daeb9?pid=MOBHATXZRTQ465X9&lid=LSTMOBHATXZRTQ465X9GYZRWI&marketplace=FLIPKART&q=smart+phones&store=tyy%2F4io&srno=s_23_529&otracker=search&fm=organic&iid=c134192a-8b64-4f4a-a049-64773497741c.MOBHATXZRTQ465X9.SEARCH&ppt=None&ppn=None&ssid=rndwnq5hn40000001790412326041&qH=a5594894156db043&ov_redirect=true,2026-09-26
530,"vivo T5x 5G (Star Silver, 128 GB)",vivo,27999,28999,3% off,4.4,"21,915","1,497",6 GB RAM,128 GB ROM,7200 mAh Li-ion Battery,Dimensity 7400-Turbo Processor,17.17 cm (6.76 inch) Display,50MP + 2MP | 32MP Front Camera,,https://www.flipkart.com/vivo-t5x-5g-star-silver-128-gb/p/itm7da8aa253e72b?pid=MOBHH69NRE6PHFBH&lid=LSTMOBHH69NRE6PHFBHJHMXME&marketplace=FLIPKART&q=smart+phones&store=tyy%2F4io&srno=s_23_530&otracker=search&fm=organic&iid=c134192a-8b64-4f4a-a049-64773497741c.MOBHH69NRE6PHFBH.SEARCH&ppt=None&ppn=None&ssid=rndwnq5hn40000001790412326041&qH=a5594894156db043&ov_redirect=true,2026-09-26
531,"POCO M8 Power 5G (Black, 128 GB)",POCO,27999,59999,53% off,4.6,373,270,8 GB RAM,128 GB ROM,8000 mAh Lithium-Ion Polymer Battery,Snapdragon Gen 4 Processor,17.75 cm (6.99 inch) Full HD+ AMOLED Display,50MP Rear Camera | 8MP Front Camera,,https://www.flipkart.com/poco-m8-power-5g-black-128-gb/p/itm822601a413dff?pid=MOBHPCYNSNYCGRDN&lid=LSTMOBHPCYNSNYCGRDNMJJBOM&marketplace=FLIPKART&q=smart+phones&store=tyy%2F4io&srno=s_23_531&otracker=search&fm=organic&iid=c134192a-8b64-4f4a-a049-64773497741c.MOBHPCYNSNYCGRDN.SEARCH&ppt=None&ppn=None&ssid=rndwnq5hn40000001790412326041&qH=a5594894156db043&ov_redirect=true,2026-09-26
532,"MOTOROLA Edge 70 Fusion Snapdragon (Pantone SILHOUETTE, 256 GB)",MOTOROLA,32999,53999,38% off,4.4,"18,338","2,015",8 GB RAM,256 GB ROM,7000 mAh Battery,Snapdragon 7s Gen 4 Processor,17.27 cm (6.8 inch) Super HD Display,50MP + 13MP | 32MP Front Camera,,https://www.flipkart.com/motorola-edge-70-fusion-snapdragon-pantone-silhouette-256-gb/p/itmbd814ef1f8d95?pid=MOBHN973GQV5YXT3&lid=LSTMOBHN973GQV5YXT3ADXJYC&marketplace=FLIPKART&q=smart+phones&store=tyy%2F4io&srno=s_23_532&otracker=search&fm=organic&iid=c134192a-8b64-4f4a-a049-64773497741c.MOBHN973GQV5YXT3.SEARCH&ppt=None&ppn=None&ssid=rndwnq5hn40000001790412326041&qH=a5594894156db043&ov_redirect=true,2026-09-26
533,"realme C85 5G (Parrot Purple, 128.0 GB)",realme,21999,24999,12% off,4.3,226,17,4 GB RAM,128.0 GB ROM,7000 mAh Battery,Dimensity 6300 Processor,17.27 cm (6.8 inch) HD+ Display,50MP Rear Camera | 8MP Front Camera,,https://www.flipkart.com/realme-c85-5g-parrot-purple-128-0-gb/p/itm460d45ea3b896?pid=MOBHHY7V7UPW3YWV&lid=LSTMOBHHY7V7UPW3YWVGCMMBM&marketplace=FLIPKART&q=smart+phones&store=tyy%2F4io&srno=s_23_533&otracker=search&fm=organic&iid=c134192a-8b64-4f4a-a049-64773497741c.MOBHHY7V7UPW3YWV.SEARCH&ppt=None&ppn=None&ssid=rndwnq5hn40000001790412326041&qH=a5594894156db043&ov_redirect=true,2026-09-26
534,"Samsung Galaxy A06 5G (Light Green, 128 GB)",Samsung,17485,23999,27% off,4.1,"4,946",370,4 GB RAM,128 GB ROM,5000 mAh Battery,MEDIATEK Processor,17.02 cm (6.7 inch) HD+ Display,50MP + 50MP | 2MP + 2MP Dual Front Camera,,https://www.flipkart.com/samsung-galaxy-a06-5g-light-green-128-gb/p/itm20ea64b1504e4?pid=MOBH9YKUTGWPGPHD&lid=LSTMOBH9YKUTGWPGPHDABDP8P&marketplace=FLIPKART&q=smart+phones&store=tyy%2F4io&srno=s_23_534&otracker=search&fm=organic&iid=c134192a-8b64-4f4a-a049-64773497741c.MOBH9YKUTGWPGPHD.SEARCH&ppt=None&ppn=None&ssid=rndwnq5hn40000001790412326041&qH=a5594894156db043&ov_redirect=true,2026-09-26
535,"Samsung Galaxy A14 5G (Light Green, 128 GB)",Samsung,16999,21999,22% off,4.1,"4,246",314,8 GB RAM,128 GB ROM,5000 mAh Lithium Ion Battery,Exynos 1330 Processor,16.76 cm (6.6 inch) Full HD+ Display,50MP + 2MP + 2MP | 13MP Front Camera,,https://www.flipkart.com/samsung-galaxy-a14-5g-light-green-128-gb/p/itma725b4aad1d7b?pid=MOBGHT8UFVE7F82Z&lid=LSTMOBGHT8UFVE7F82ZEJCSCV&marketplace=FLIPKART&q=smart+phones&store=tyy%2F4io&srno=s_23_535&otracker=search&fm=organic&iid=c134192a-8b64-4f4a-a049-64773497741c.MOBGHT8UFVE7F82Z.SEARCH&ppt=None&ppn=None&ssid=rndwnq5hn40000001790412326041&qH=a5594894156db043&ov_redirect=true,2026-09-26
536,"realme P4 Lite (Beach Gold, 64 GB)",realme,16499,24999,34% off,3.9,"6,832",451,4 GB RAM,64 GB ROM,6300 mAh Battery,T7250 Processor,17.14 cm (6.75 inch) HD+ Display,13MP Rear Camera | 5MP Front Camera,,https://www.flipkart.com/realme-p4-lite-beach-gold-64-gb/p/itm029fbc88fdc91?pid=MOBHMX7KF4XYHTDM&lid=LSTMOBHMX7KF4XYHTDMBW6TWC&marketplace=FLIPKART&q=smart+phones&store=tyy%2F4io&srno=s_23_536&otracker=search&fm=organic&iid=c134192a-8b64-4f4a-a049-64773497741c.MOBHMX7KF4XYHTDM.SEARCH&ppt=None&ppn=None&ssid=rndwnq5hn40000001790412326041&qH=a5594894156db043&ov_redirect=true,2026-09-26
537,"vivo T5x 5G (Star Silver, 128 GB)",vivo,30999,,,4.4,"25,413","1,899",8 GB RAM,128 GB ROM,7200 mAh Li-ion Battery,Dimensity 7400-Turbo Processor,17.17 cm (6.76 inch) Display,50MP + 2MP | 32MP Front Camera,,https://www.flipkart.com/vivo-t5x-5g-star-silver-128-gb/p/itm7da8aa253e72b?pid=MOBHH69N2XATECZZ&lid=LSTMOBHH69N2XATECZZPPRNX7&marketplace=FLIPKART&q=smart+phones&store=tyy%2F4io&srno=s_23_537&otracker=search&fm=organic&iid=c134192a-8b64-4f4a-a049-64773497741c.MOBHH69N2XATECZZ.SEARCH&ppt=None&ppn=None&ssid=rndwnq5hn40000001790412326041&qH=a5594894156db043&ov_redirect=true,2026-09-26
538,"realme P4 Lite (Obsidian Black, 64 GB)",realme,16499,24999,34% off,3.9,"6,832",451,4 GB RAM,64 GB ROM,6300 mAh Battery,T7250 Processor,17.14 cm (6.75 inch) HD+ Display,13MP Rear Camera | 5MP Front Camera,,https://www.flipkart.com/realme-p4-lite-obsidian-black-64-gb/p/itm029fbc88fdc91?pid=MOBHMX7KPTHEQGUE&lid=LSTMOBHMX7KPTHEQGUELU3ZBF&marketplace=FLIPKART&q=smart+phones&store=tyy%2F4io&srno=s_23_538&otracker=search&fm=organic&iid=c134192a-8b64-4f4a-a049-64773497741c.MOBHMX7KPTHEQGUE.SEARCH&ppt=None&ppn=None&ssid=rndwnq5hn40000001790412326041&qH=a5594894156db043&ov_redirect=true,2026-09-26
539,"POCO M7 Plus 5G (Aqua Blue, 128 GB)",POCO,17999,,,4.2,"6,600",529,8 GB RAM,128 GB ROM,7000 mAh Battery,Snapdragon 6s Gen 3 5G Processor,17.53 cm (6.9 inch) Full HD+ Display,50MP AI Dual Camera | 8MP Front Camera,5G,https://www.flipkart.com/poco-m7-plus-5g-aqua-blue-128-gb/p/itmd9444b12bdb68?pid=MOBHETX6GZAJWQME&lid=LSTMOBHETX6GZAJWQMEDZLMD8&marketplace=FLIPKART&q=smart+phones&store=tyy%2F4io&srno=s_23_539&otracker=search&fm=organic&iid=c134192a-8b64-4f4a-a049-64773497741c.MOBHETX6GZAJWQME.SEARCH&ppt=None&ppn=None&ssid=rndwnq5hn40000001790412326041&qH=a5594894156db043&ov_redirect=true,2026-09-26
540,"POCO X8 Pro Max (Black, 512 GB)",POCO,52999,61999,14% off,4.5,"2,012",412,12 GB RAM,512 GB ROM,9000 mAh Lithium-Ion Polymer With Silicon Carbon Technology Battery,Dimensity 9500s Processor,17.35 cm (6.83 inch) Full HD+ AMOLED Display,50MP + 8MP | 20MP Front Camera,,https://www.flipkart.com/poco-x8-pro-max-black-512-gb/p/itmd4046d994145a?pid=MOBHMGG5YCYDBYMS&lid=LSTMOBHMGG5YCYDBYMSM0JQVL&marketplace=FLIPKART&q=smart+phones&store=tyy%2F4io&srno=s_23_540&otracker=search&fm=organic&iid=c134192a-8b64-4f4a-a049-64773497741c.MOBHMGG5YCYDBYMS.SEARCH&ppt=None&ppn=None&ssid=rndwnq5hn40000001790412326041&qH=a5594894156db043&ov_redirect=true,2026-09-26
541,"REDMI A5 (Jaisalmer Gold, 64 GB)",REDMI,12690,12999,2% off,4.1,"9,423",532,3 GB RAM,64 GB ROM,5200 mAh Battery,T7250 Processor,17.48 cm (6.88 inch) HD+ Display,32MP Rear Camera | 8MP Front Camera,,https://www.flipkart.com/redmi-a5-jaisalmer-gold-64-gb/p/itm2b4357effaa74?pid=MOBHB2HGH5DCFNWZ&lid=LSTMOBHB2HGH5DCFNWZHXEJUK&marketplace=FLIPKART&q=smart+phones&store=tyy%2F4io&srno=s_23_541&otracker=search&fm=organic&iid=c134192a-8b64-4f4a-a049-64773497741c.MOBHB2HGH5DCFNWZ.SEARCH&ppt=None&ppn=None&ssid=rndwnq5hn40000001790412326041&qH=a5594894156db043&ov_redirect=true,2026-09-26
542,"realme Gt 7 (Icesense Black, 256 GB)",realme,41999,45999,8% off,4.4,"1,304",210,8 GB RAM,256 GB ROM,7000 mAh Battery,Dimensity Processor,17.22 cm (6.78 inch) Full HD+ AMOLED Display,50MP + 50MP + 50MP + 8MP | 32MP + 32MP Dual Front Camera,,https://www.flipkart.com/realme-gt-7-icesense-black-256-gb/p/itm6cc8f84d92e2f?pid=MOBHCZYNY6PCGGHS&lid=LSTMOBHCZYNY6PCGGHSWDWFFS&marketplace=FLIPKART&q=smart+phones&store=tyy%2F4io&srno=s_23_542&otracker=search&fm=organic&iid=c134192a-8b64-4f4a-a049-64773497741c.MOBHCZYNY6PCGGHS.SEARCH&ppt=None&ppn=None&ssid=rndwnq5hn40000001790412326041&qH=a5594894156db043&ov_redirect=true,2026-09-26
543,"vivo T4R 5G (Twilight Blue, 256 GB)",vivo,24999,,,4.4,"55,209","3,849",8 GB RAM,256 GB ROM,5700 mAh Battery,Dimensity 7400 5G Processor,17.2 cm (6.77 inch) Full HD+ Display,50MP (OIS) + 2MP | 32MP Front Camera,5G,https://www.flipkart.com/vivo-t4r-5g-twilight-blue-256-gb/p/itm3a5653667cb9c?pid=MOBHE49GFMXQ5QEG&lid=LSTMOBHE49GFMXQ5QEGZPB4G9&marketplace=FLIPKART&q=smart+phones&store=tyy%2F4io&srno=s_23_543&otracker=search&fm=organic&iid=c134192a-8b64-4f4a-a049-64773497741c.MOBHE49GFMXQ5QEG.SEARCH&ppt=None&ppn=None&ssid=rndwnq5hn40000001790412326041&qH=a5594894156db043&ov_redirect=true,2026-09-26
544,"MOTOROLA Edge 60 Pro (Pantone Walnut, 256 GB)",MOTOROLA,29999,36999,18% off,4.3,"56,868","5,083",8 GB RAM,256 GB ROM,6000 mAh Battery,Dimensity 8350 Processor,17.02 cm (6.7 inch) Display,50MP + 50MP + 10MP | 50MP Front Camera,,https://www.flipkart.com/motorola-edge-60-pro-pantone-walnut-256-gb/p/itmd28ffaee4b29a?pid=MOBHC7EW5CW3T4UR&lid=LSTMOBHC7EW5CW3T4URY5IZZA&marketplace=FLIPKART&q=smart+phones&store=tyy%2F4io&srno=s_23_544&otracker=search&fm=organic&iid=c134192a-8b64-4f4a-a049-64773497741c.MOBHC7EW5CW3T4UR.SEARCH&ppt=None&ppn=None&ssid=rndwnq5hn40000001790412326041&qH=a5594894156db043&ov_redirect=true,2026-09-26
545,"realme P4s 5G (Titanium Gray, 256 GB)",realme,37999,54999,30% off,4.4,433,95,8 GB RAM,256 GB ROM,8000 mAh Battery,Dimensity 7400 Processor,17.22 cm (6.78 inch) Full HD+ AMOLED Display,50MP + 8MP | 16MP Front Camera,,https://www.flipkart.com/realme-p4s-5g-titanium-gray-256-gb/p/itmcb2e7e552a5ef?pid=MOBHPBHAGEJZ4KWF&lid=LSTMOBHPBHAGEJZ4KWF0IXU2O&marketplace=FLIPKART&q=smart+phones&store=tyy%2F4io&srno=s_23_545&otracker=search&fm=organic&iid=c134192a-8b64-4f4a-a049-64773497741c.MOBHPBHAGEJZ4KWF.SEARCH&ppt=None&ppn=None&ssid=rndwnq5hn40000001790412326041&qH=a5594894156db043&ov_redirect=true,2026-09-26
546,"realme P4 Lite (Beach Gold, 128 GB)",realme,18499,27999,33% off,3.9,"6,832",451,4 GB RAM,128 GB ROM,6300 mAh Battery,T7250 Processor,17.14 cm (6.75 inch) HD+ Display,13MP Rear Camera | 5MP Front Camera,,https://www.flipkart.com/realme-p4-lite-beach-gold-128-gb/p/itm029fbc88fdc91?pid=MOBHMX7KHWGRBXZV&lid=LSTMOBHMX7KHWGRBXZVPJ1YVY&marketplace=FLIPKART&q=smart+phones&store=tyy%2F4io&srno=s_23_546&otracker=search&fm=organic&iid=c134192a-8b64-4f4a-a049-64773497741c.MOBHMX7KHWGRBXZV.SEARCH&ppt=None&ppn=None&ssid=rndwnq5hn40000001790412326041&qH=a5594894156db043&ov_redirect=true,2026-09-26
547,"vivo Y05 (Champagne Gold, 64 GB)",vivo,12991,22999,43% off,3.5,322,19,4 GB RAM,64 GB ROM,6500 mAh Li-ion Battery,T7225 Processor,17.12 cm (6.74 inch) HD+ Display,8MP Rear Camera | 5MP Front Camera,,https://www.flipkart.com/vivo-y05-champagne-gold-64-gb/p/itm7b1e1a65e7c1f?pid=MOBHMCWFFJRJVHZB&lid=LSTMOBHMCWFFJRJVHZBWUSL5V&marketplace=FLIPKART&q=smart+phones&store=tyy%2F4io&srno=s_23_547&otracker=search&fm=organic&iid=c134192a-8b64-4f4a-a049-64773497741c.MOBHMCWFFJRJVHZB.SEARCH&ppt=None&ppn=None&ssid=rndwnq5hn40000001790412326041&qH=a5594894156db043&ov_redirect=true,2026-09-26
548,"Samsung Galaxy F36 5G (Black, 128 GB)",Samsung,,,,4.2,"7,187",632,8 GB RAM,128 GB ROM,5000 mAh Battery,Samsung Exynos 1380 Processor,17.02 cm (6.7 inch) Full HD+ Display,50MP + 8MP + 2MP | 13MP Front Camera,,https://www.flipkart.com/samsung-galaxy-f36-5g-black-128-gb/p/itma26d01a0d3111?pid=MOBHMWFXHYJFFFWG&q=smart+phones&store=tyy%2F4io&srno=s_23_548&otracker=search&fm=organic&iid=c134192a-8b64-4f4a-a049-64773497741c.MOBHMWFXHYJFFFWG.SEARCH&ppt=None&ppn=None&ssid=rndwnq5hn40000001790412326041&qH=a5594894156db043&ov_redirect=true,2026-09-26
549,"Nothing Phone (4a) (White, 256 GB)",Nothing,50999,65999,22% off,4.5,"1,552",154,12 GB RAM,256 GB ROM,5400 mAh Lithium ion Battery,Snapdragon 7s Gen 4 Processor,17.22 cm (6.78 inch) Full HD+ AMOLED Display,50MP + 50MP + 8MP | 32MP Front Camera,,https://www.flipkart.com/nothing-phone-4a-white-256-gb/p/itm4d8bff10483ce?pid=MOBHZAWYHWYKGGWD&lid=LSTMOBHZAWYHWYKGGWDULVXZC&marketplace=FLIPKART&q=smart+phones&store=tyy%2F4io&srno=s_23_549&otracker=search&fm=organic&iid=c134192a-8b64-4f4a-a049-64773497741c.MOBHZAWYHWYKGGWD.SEARCH&ppt=None&ppn=None&ssid=rndwnq5hn40000001790412326041&qH=a5594894156db043&ov_redirect=true,2026-09-26
550,"realme GT 7T (IceSense Blue, 256 GB)",realme,32999,39999,17% off,4.3,"2,764",342,8 GB RAM,256 GB ROM,7000 mAh Li-ion Battery,Dimensity 8400-MAX Processor,17.27 cm (6.8 inch) Full HD+ AMOLED Display,50MP + 8MP | 32MP Front Camera,,https://www.flipkart.com/realme-gt-7t-icesense-blue-256-gb/p/itmda26d662ee28e?pid=MOBHFQ6DRD7YD3SG&lid=LSTMOBHFQ6DRD7YD3SGXOEXUP&marketplace=FLIPKART&q=smart+phones&store=tyy%2F4io&srno=s_23_550&otracker=search&fm=organic&iid=c134192a-8b64-4f4a-a049-64773497741c.MOBHFQ6DRD7YD3SG.SEARCH&ppt=None&ppn=None&ssid=rndwnq5hn40000001790412326041&qH=a5594894156db043&ov_redirect=true,2026-09-26
551,"MOTOROLA Edge 70 Fusion Snapdragon (Pantone BLUE SURF, 256 GB)",MOTOROLA,32999,53999,38% off,4.4,"18,338","2,015",8 GB RAM,256 GB ROM,7000 mAh Battery,Snapdragon 7s Gen 4 Processor,17.27 cm (6.8 inch) Super HD Display,50MP + 13MP | 32MP Front Camera,,https://www.flipkart.com/motorola-edge-70-fusion-snapdragon-pantone-blue-surf-256-gb/p/itm2478ae6657212?pid=MOBHN973QBHKRG5D&lid=LSTMOBHN973QBHKRG5DHQIJXA&marketplace=FLIPKART&q=smart+phones&store=tyy%2F4io&srno=s_23_551&otracker=search&fm=organic&iid=c134192a-8b64-4f4a-a049-64773497741c.MOBHN973QBHKRG5D.SEARCH&ppt=None&ppn=None&ssid=rndwnq5hn40000001790412326041&qH=a5594894156db043&ov_redirect=true,2026-09-26
552,"POCO M7 Plus 5G (Aqua Blue, 128 GB)",POCO,16999,,,4.2,"12,881",984,6 GB RAM,128 GB ROM,7000 mAh Battery,Snapdragon 6s Gen 3 5G Processor,17.53 cm (6.9 inch) Full HD+ Display,50MP AI Dual Camera | 8MP Front Camera,5G,https://www.flipkart.com/poco-m7-plus-5g-aqua-blue-128-gb/p/itm9f4512134d782?pid=MOBHETX66JPY5TR9&lid=LSTMOBHETX66JPY5TR9T7DFF4&marketplace=FLIPKART&q=smart+phones&store=tyy%2F4io&srno=s_23_552&otracker=search&fm=organic&iid=c134192a-8b64-4f4a-a049-64773497741c.MOBHETX66JPY5TR9.SEARCH&ppt=None&ppn=None&ssid=rndwnq5hn40000001790412326041&qH=a5594894156db043&ov_redirect=true,2026-09-26
553,"MOTOROLA Edge 60 Pro (Pantone Shadow, 256 GB)",MOTOROLA,29999,36999,18% off,4.3,"56,868","5,083",8 GB RAM,256 GB ROM,6000 mAh Battery,Dimensity 8350 Processor,17.02 cm (6.7 inch) Display,50MP + 50MP + 10MP | 50MP Front Camera,,https://www.flipkart.com/motorola-edge-60-pro-pantone-shadow-256-gb/p/itm3823c3f8f3cc9?pid=MOBH9C9JEHCZYHF2&lid=LSTMOBH9C9JEHCZYHF2YESB5E&marketplace=FLIPKART&q=smart+phones&store=tyy%2F4io&srno=s_24_553&otracker=search&fm=organic&iid=b8d39789-e37c-42d1-8587-072efa45b0c5.MOBH9C9JEHCZYHF2.SEARCH&ppt=None&ppn=None&ssid=52os8v44e80000001790412329024&qH=a5594894156db043&ov_redirect=true,2026-09-26
554,"OPPO Reno11 5G (Wave Green, 128 GB)",OPPO,25999,38999,33% off,4.3,"10,126","1,013",8 GB RAM,128 GB ROM,5000 mAh Battery,Mediatek Dimensity 7050 Processor,17.02 cm (6.7 inch) Full HD+ Display,50MP + 8MP + 32MP | 32MP Front Camera,,https://www.flipkart.com/oppo-reno11-5g-wave-green-128-gb/p/itm5665de8ad650f?pid=MOBGWU4CGHBHMSPR&lid=LSTMOBGWU4CGHBHMSPRZD4WHY&marketplace=FLIPKART&q=smart+phones&store=tyy%2F4io&srno=s_24_554&otracker=search&fm=organic&iid=b8d39789-e37c-42d1-8587-072efa45b0c5.MOBGWU4CGHBHMSPR.SEARCH&ppt=None&ppn=None&ssid=52os8v44e80000001790412329024&qH=a5594894156db043&ov_redirect=true,2026-09-26
555,"OPPO Reno16c 5G (Stellar Purple, 128 GB)",OPPO,52999,74999,29% off,4.5,478,104,8 GB RAM,128 GB ROM,7000 mAh lithium-ion polymer Battery,Dimensity 7300 Processor,16.69 cm (6.57 inch) Full HD+ Display,50MP + 8MP + 50MP | 50MP Front Camera,,https://www.flipkart.com/oppo-reno16c-5g-stellar-purple-128-gb/p/itm11564d55ef044?pid=MOBHZMBRQFXPEWGR&lid=LSTMOBHZMBRQFXPEWGRIDOD6Q&marketplace=FLIPKART&q=smart+phones&store=tyy%2F4io&srno=s_24_555&otracker=search&fm=organic&iid=b8d39789-e37c-42d1-8587-072efa45b0c5.MOBHZMBRQFXPEWGR.SEARCH&ppt=None&ppn=None&ssid=52os8v44e80000001790412329024&qH=a5594894156db043&ov_redirect=true,2026-09-26
556,"REDMI Turbo 5 5G (Nitro Blue, 256 GB)",REDMI,44945,54999,18% off,4.4,84,10,8 GB RAM,256 GB ROM,7540 mAh Battery,,16.74 cm (6.59 inch) Display,50MP Rear Camera,,https://www.flipkart.com/redmi-turbo-5-5g-nitro-blue-256-gb/p/itmd8266664918ee?pid=MOBHZHQEGZJFKXRX&lid=LSTMOBHZHQEGZJFKXRX48I4ZK&marketplace=FLIPKART&q=smart+phones&store=tyy%2F4io&srno=s_24_556&otracker=search&fm=organic&iid=b8d39789-e37c-42d1-8587-072efa45b0c5.MOBHZHQEGZJFKXRX.SEARCH&ppt=None&ppn=None&ssid=52os8v44e80000001790412329024&qH=a5594894156db043&ov_redirect=true,2026-09-26
557,"MOTOROLA Edge 60 Pro (Pantone Sparkling Grape, 256 GB)",MOTOROLA,29999,36999,18% off,4.3,"56,868","5,083",8 GB RAM,256 GB ROM,6000 mAh Battery,Dimensity 8350 Processor,17.02 cm (6.7 inch) Full HD+ Display,50MP + 50MP + 10MP | 50MP Front Camera,,https://www.flipkart.com/motorola-edge-60-pro-pantone-sparkling-grape-256-gb/p/itm72c35d843cd5f?pid=MOBH9C9JWM2Y5FZP&lid=LSTMOBH9C9JWM2Y5FZPZTYQVM&marketplace=FLIPKART&q=smart+phones&store=tyy%2F4io&srno=s_24_557&otracker=search&fm=organic&iid=b8d39789-e37c-42d1-8587-072efa45b0c5.MOBH9C9JWM2Y5FZP.SEARCH&ppt=None&ppn=None&ssid=52os8v44e80000001790412329024&qH=a5594894156db043&ov_redirect=true,2026-09-26
558,"realme P4 Lite (Sea Blue, 128 GB)",realme,18499,27999,33% off,3.9,"6,832",451,4 GB RAM,128 GB ROM,6300 mAh Battery,T7250 Processor,17.14 cm (6.75 inch) HD+ Display,13MP Rear Camera | 5MP Front Camera,,https://www.flipkart.com/realme-p4-lite-sea-blue-128-gb/p/itm029fbc88fdc91?pid=MOBHMX7KSWHYYNZ9&lid=LSTMOBHMX7KSWHYYNZ9VHNEVV&marketplace=FLIPKART&q=smart+phones&store=tyy%2F4io&srno=s_24_558&otracker=search&fm=organic&iid=b8d39789-e37c-42d1-8587-072efa45b0c5.MOBHMX7KSWHYYNZ9.SEARCH&ppt=None&ppn=None&ssid=52os8v44e80000001790412329024&qH=a5594894156db043&ov_redirect=true,2026-09-26
559,"realme P4 Lite (Sea Blue, 64 GB)",realme,16499,24999,34% off,3.9,"6,832",451,4 GB RAM,64 GB ROM,6300 mAh Battery,T7250 Processor,17.14 cm (6.75 inch) HD+ Display,13MP Rear Camera | 5MP Front Camera,,https://www.flipkart.com/realme-p4-lite-sea-blue-64-gb/p/itm029fbc88fdc91?pid=MOBHMX7KEQPFYJ5U&lid=LSTMOBHMX7KEQPFYJ5UZUBNOT&marketplace=FLIPKART&q=smart+phones&store=tyy%2F4io&srno=s_24_559&otracker=search&fm=organic&iid=b8d39789-e37c-42d1-8587-072efa45b0c5.MOBHMX7KEQPFYJ5U.SEARCH&ppt=None&ppn=None&ssid=52os8v44e80000001790412329024&qH=a5594894156db043&ov_redirect=true,2026-09-26
560,"Infinix Hot 50 5G (Sleek Black, 128 GB)",Infinix,9999,12999,23% off,4.3,"5,605",426,4 GB RAM,128 GB ROM,5000 mAh Lithium-ion Polymer Battery,Dimensity 6300 Processor,17.02 cm (6.7 inch) HD+ Display,48MP + Depth Sensor | 8MP Front Camera,,https://www.flipkart.com/infinix-hot-50-5g-sleek-black-128-gb/p/itm61d8bc127842c?pid=MOBH45GFYZV4QKF7&lid=LSTMOBH45GFYZV4QKF7NUWEFC&marketplace=FLIPKART&q=smart+phones&store=tyy%2F4io&srno=s_24_560&otracker=search&fm=organic&iid=b8d39789-e37c-42d1-8587-072efa45b0c5.MOBH45GFYZV4QKF7.SEARCH&ppt=None&ppn=None&ssid=52os8v44e80000001790412329024&qH=a5594894156db043&ov_redirect=true,2026-09-26
561,"realme P4x 5G (Lake Green, 128 GB)",realme,29999,43999,31% off,4.3,"8,577",716,8 GB RAM,128 GB ROM,7000 mAh Battery,Dimensity 7400 Ultra Processor,17.07 cm (6.72 inch) Full HD+ Display,50MP + 2MP | 8MP Front Camera,,https://www.flipkart.com/realme-p4x-5g-lake-green-128-gb/p/itm575b1540859e4?pid=MOBHN7A8P2KPBEVZ&lid=LSTMOBHN7A8P2KPBEVZF5GW6U&marketplace=FLIPKART&q=smart+phones&store=tyy%2F4io&srno=s_24_561&otracker=search&fm=organic&iid=b8d39789-e37c-42d1-8587-072efa45b0c5.MOBHN7A8P2KPBEVZ.SEARCH&ppt=None&ppn=None&ssid=52os8v44e80000001790412329024&qH=a5594894156db043&ov_redirect=true,2026-09-26
562,"realme GT 7T (IceSense Black, 256 GB)",realme,32999,39999,17% off,4.3,"2,764",342,8 GB RAM,256 GB ROM,7000 mAh Li-ion Battery,Dimensity 8400-MAX Processor,17.27 cm (6.8 inch) Full HD+ AMOLED Display,50MP + 8MP | 32MP Front Camera,,https://www.flipkart.com/realme-gt-7t-icesense-black-256-gb/p/itmda26d662ee28e?pid=MOBHFQ6DBXMKFMHG&lid=LSTMOBHFQ6DBXMKFMHGQY8PMS&marketplace=FLIPKART&q=smart+phones&store=tyy%2F4io&srno=s_24_562&otracker=search&fm=organic&iid=b8d39789-e37c-42d1-8587-072efa45b0c5.MOBHFQ6DBXMKFMHG.SEARCH&ppt=None&ppn=None&ssid=52os8v44e80000001790412329024&qH=a5594894156db043&ov_redirect=true,2026-09-26
563,"OPPO Reno11 5G (Rock Grey, 128 GB)",OPPO,38999,,,4.3,"10,126","1,013",8 GB RAM,128 GB ROM,5000 mAh Battery,Mediatek Dimensity 7050 Processor,17.02 cm (6.7 inch) Full HD+ Display,50MP + 8MP + 32MP | 32MP Front Camera,,https://www.flipkart.com/oppo-reno11-5g-rock-grey-128-gb/p/itm5665de8ad650f?pid=MOBGWU4CA2VUZ2F8&lid=LSTMOBGWU4CA2VUZ2F8HROIX2&marketplace=FLIPKART&q=smart+phones&store=tyy%2F4io&srno=s_24_563&otracker=search&fm=organic&iid=b8d39789-e37c-42d1-8587-072efa45b0c5.MOBGWU4CA2VUZ2F8.SEARCH&ppt=None&ppn=None&ssid=52os8v44e80000001790412329024&qH=a5594894156db043&ov_redirect=true,2026-09-26
564,"Samsung Galaxy A14 5G (Dark Red, 128 GB)",Samsung,14999,22999,34% off,4.1,"4,246",314,8 GB RAM,128 GB ROM,5000 mAh Lithium Ion Battery,Exynos 1330 Processor,16.76 cm (6.6 inch) Full HD+ Display,50MP + 2MP + 2MP | 13MP Front Camera,,https://www.flipkart.com/samsung-galaxy-a14-5g-dark-red-128-gb/p/itmea97064bf96df?pid=MOBGHT8UGKRCBT9J&lid=LSTMOBGHT8UGKRCBT9JGYESYT&marketplace=FLIPKART&q=smart+phones&store=tyy%2F4io&srno=s_24_564&otracker=search&fm=organic&iid=b8d39789-e37c-42d1-8587-072efa45b0c5.MOBGHT8UGKRCBT9J.SEARCH&ppt=None&ppn=None&ssid=52os8v44e80000001790412329024&qH=a5594894156db043&ov_redirect=true,2026-09-26
565,"POCO X8 Pro (Green, 256 GB)",POCO,42999,52999,18% off,4.4,"1,220",205,12 GB RAM,256 GB ROM,6500 mAh Lithium-Ion Polymer With Silicon Carbon Technology Battery,Dimensity 8500-Ultra Processor,16.74 cm (6.59 inch) Full HD+ AMOLED Display,50MP + 8MP | 20MP Front Camera,,https://www.flipkart.com/poco-x8-pro-green-256-gb/p/itm33db73fe6b36a?pid=MOBHMGG5HDQYUQVX&lid=LSTMOBHMGG5HDQYUQVXLSPFFS&marketplace=FLIPKART&q=smart+phones&store=tyy%2F4io&srno=s_24_565&otracker=search&fm=organic&iid=b8d39789-e37c-42d1-8587-072efa45b0c5.MOBHMGG5HDQYUQVX.SEARCH&ppt=None&ppn=None&ssid=52os8v44e80000001790412329024&qH=a5594894156db043&ov_redirect=true,2026-09-26
566,"vivo V60 5G (Mist Gray, 128 GB)",vivo,34810,41999,17% off,4.5,"4,207",410,8 GB RAM,128 GB ROM,6500 mAh Battery,7 Gen 4 Processor,17.2 cm (6.77 inch) Full HD+ Display,50MP + 8MP + 50MP | 50MP Front Camera,,https://www.flipkart.com/vivo-v60-5g-mist-gray-128-gb/p/itmf7d9e4b7bf0b2?pid=MOBHEGQSZFNJZ2BH&lid=LSTMOBHEGQSZFNJZ2BH5R2GAW&marketplace=FLIPKART&q=smart+phones&store=tyy%2F4io&srno=s_24_566&otracker=search&fm=organic&iid=b8d39789-e37c-42d1-8587-072efa45b0c5.MOBHEGQSZFNJZ2BH.SEARCH&ppt=None&ppn=None&ssid=52os8v44e80000001790412329024&qH=a5594894156db043&ov_redirect=true,2026-09-26
567,"MOTOROLA Edge 60 Pro (Pantone Dazzling Blue, 256 GB)",MOTOROLA,29999,36999,18% off,4.3,"56,868","5,083",8 GB RAM,256 GB ROM,6000 mAh Battery,Dimensity 8350 Processor,17.02 cm (6.7 inch) Display,50MP + 50MP + 10MP | 50MP Front Camera,,https://www.flipkart.com/motorola-edge-60-pro-pantone-dazzling-blue-256-gb/p/itmbe844b03e063b?pid=MOBH9C9JNBGHUVS7&lid=LSTMOBH9C9JNBGHUVS7RJT782&marketplace=FLIPKART&q=smart+phones&store=tyy%2F4io&srno=s_24_567&otracker=search&fm=organic&iid=b8d39789-e37c-42d1-8587-072efa45b0c5.MOBH9C9JNBGHUVS7.SEARCH&ppt=None&ppn=None&ssid=52os8v44e80000001790412329024&qH=a5594894156db043&ov_redirect=true,2026-09-26
568,"Infinix NOTE 60 Pro (Mocha Brown, 256 GB)",Infinix,39999,44999,11% off,4.4,"1,720",277,8 GB RAM,256 GB ROM,6500 mAh Battery,Snapdragon 7s Gen 4 Processor,17.22 cm (6.78 inch) Full HD+ AMOLED Display,50MP + 8MP | 13MP Front Camera,,https://www.flipkart.com/infinix-note-60-pro-mocha-brown-256-gb/p/itm7681d00923b3c?pid=MOBHHVE2FNYKENEY&lid=LSTMOBHHVE2FNYKENEYJWNNNN&marketplace=FLIPKART&q=smart+phones&store=tyy%2F4io&srno=s_24_568&otracker=search&fm=organic&iid=b8d39789-e37c-42d1-8587-072efa45b0c5.MOBHHVE2FNYKENEY.SEARCH&ppt=None&ppn=None&ssid=52os8v44e80000001790412329024&qH=a5594894156db043&ov_redirect=true,2026-09-26
569,"realme 15T 5G (Suit Titanium, 128 GB)",realme,27999,31999,12% off,4.2,"6,628",583,8 GB RAM,128 GB ROM,7000 mAh Battery,MediaTek Dimensity 6400 MAX Processor,16.69 cm (6.57 inch) Full HD Display,50MP + 2MP | 50MP Front Camera,,https://www.flipkart.com/realme-15t-5g-suit-titanium-128-gb/p/itm3f28d98da183c?pid=MOBHHY7VFDRUWWUV&lid=LSTMOBHHY7VFDRUWWUVI5WKHR&marketplace=FLIPKART&q=smart+phones&store=tyy%2F4io&srno=s_24_569&otracker=search&fm=organic&iid=b8d39789-e37c-42d1-8587-072efa45b0c5.MOBHHY7VFDRUWWUV.SEARCH&ppt=None&ppn=None&ssid=52os8v44e80000001790412329024&qH=a5594894156db043&ov_redirect=true,2026-09-26
570,"MOTOROLA Edge 70 (PANTONE Bronze Green, 256 GB)",MOTOROLA,27999,34999,20% off,4.4,"11,611","1,423",8 GB RAM,256 GB ROM,5000 mAh Battery,Snapdragon® 7 Gen 4 Processor,17.02 cm (6.7 inch) Full HD+ AMOLED Display,50MP + 50MP | 50MP Front Camera,,https://www.flipkart.com/motorola-edge-70-pantone-bronze-green-256-gb/p/itmc5fb119ade9e5?pid=MOBHHWX6CZUZFKBP&lid=LSTMOBHHWX6CZUZFKBPB8NEDK&marketplace=FLIPKART&q=smart+phones&store=tyy%2F4io&srno=s_24_570&otracker=search&fm=organic&iid=b8d39789-e37c-42d1-8587-072efa45b0c5.MOBHHWX6CZUZFKBP.SEARCH&ppt=None&ppn=None&ssid=52os8v44e80000001790412329024&qH=a5594894156db043&ov_redirect=true,2026-09-26
571,"MOTOROLA Edge 60 Pro (Pantone Sparkling Grape, 256 GB)",MOTOROLA,33999,40999,17% off,4.3,"18,598","1,861",12 GB RAM,256 GB ROM,6000 mAh Battery,Dimensity 8350 Processor,17.02 cm (6.7 inch) Display,50MP + 50MP + 10MP | 50MP Front Camera,,https://www.flipkart.com/motorola-edge-60-pro-pantone-sparkling-grape-256-gb/p/itm26341e4d28553?pid=MOBH9C9JFZTVJP87&lid=LSTMOBH9C9JFZTVJP87U4NILD&marketplace=FLIPKART&q=smart+phones&store=tyy%2F4io&srno=s_24_571&otracker=search&fm=organic&iid=b8d39789-e37c-42d1-8587-072efa45b0c5.MOBH9C9JFZTVJP87.SEARCH&ppt=None&ppn=None&ssid=52os8v44e80000001790412329024&qH=a5594894156db043&ov_redirect=true,2026-09-26
572,"REDMI A5 (Jaisalmer Gold, 128 GB)",REDMI,9993,9999,,4.1,"5,739",311,4 GB RAM,128 GB ROM,5200 mAh Battery,T7250 Processor,17.48 cm (6.88 inch) HD+ Display,32MP Rear Camera | 8MP Front Camera,,https://www.flipkart.com/redmi-a5-jaisalmer-gold-128-gb/p/itm2b4357effaa74?pid=MOBHB2HGCDC45QQ3&lid=LSTMOBHB2HGCDC45QQ32WXMGG&marketplace=FLIPKART&q=smart+phones&store=tyy%2F4io&srno=s_24_572&otracker=search&fm=organic&iid=b8d39789-e37c-42d1-8587-072efa45b0c5.MOBHB2HGCDC45QQ3.SEARCH&ppt=None&ppn=None&ssid=52os8v44e80000001790412329024&qH=a5594894156db043&ov_redirect=true,2026-09-26
573,"OPPO K14x 5G 6500mAh and 45W SUPERVOOC Charger & AI (Icy Blue, 128 GB)",OPPO,21999,35999,38% off,4.3,"8,107",877,4 GB RAM,128 GB ROM,6500 mAh Battery,Dimensity 6300 Processor,17.14 cm (6.75 inch) HD+ Display,,,https://www.flipkart.com/oppo-k14x-5g-6500mah-45w-supervooc-charger-ai-icy-blue-128-gb/p/itmdcac5ae642971?pid=MOBHPHSHEYGHCFN3&lid=LSTMOBHPHSHEYGHCFN3VJ5IMV&marketplace=FLIPKART&q=smart+phones&store=tyy%2F4io&srno=s_24_573&otracker=search&fm=organic&iid=b8d39789-e37c-42d1-8587-072efa45b0c5.MOBHPHSHEYGHCFN3.SEARCH&ppt=None&ppn=None&ssid=52os8v44e80000001790412329024&qH=a5594894156db043&ov_redirect=true,2026-09-26
574,"Samsung M56 5G (Black, 128 GB)",Samsung,23830,33999,29% off,4.4,194,14,8 GB RAM,128 GB ROM,5000 mAh Battery,,17.02 cm (6.7 inch) Display,50MP Rear Camera,,https://www.flipkart.com/samsung-m56-5g-black-128-gb/p/itm6bb3d5b12b838?pid=MOBHBMGMHCRCYYET&lid=LSTMOBHBMGMHCRCYYETCSPZOD&marketplace=FLIPKART&q=smart+phones&store=tyy%2F4io&srno=s_24_574&otracker=search&fm=organic&iid=b8d39789-e37c-42d1-8587-072efa45b0c5.MOBHBMGMHCRCYYET.SEARCH&ppt=None&ppn=None&ssid=52os8v44e80000001790412329024&qH=a5594894156db043&ov_redirect=true,2026-09-26
575,"Infinix Hot 50 5G (Vibrant Blue, 128 GB)",Infinix,10999,14999,26% off,4.3,"17,398","1,326",8 GB RAM,128 GB ROM,5000 mAh Lithium-ion Polymer Battery,Dimensity 6300 Processor,17.02 cm (6.7 inch) HD+ Display,48MP + Depth Sensor | 8MP Front Camera,,https://www.flipkart.com/infinix-hot-50-5g-vibrant-blue-128-gb/p/itm61d8bc127842c?pid=MOBH45FZ9QH2BVKQ&lid=LSTMOBH45FZ9QH2BVKQT5WEMA&marketplace=FLIPKART&q=smart+phones&store=tyy%2F4io&srno=s_24_575&otracker=search&fm=organic&iid=b8d39789-e37c-42d1-8587-072efa45b0c5.MOBH45FZ9QH2BVKQ.SEARCH&ppt=None&ppn=None&ssid=52os8v44e80000001790412329024&qH=a5594894156db043&ov_redirect=true,2026-09-26
576,"Samsung Galaxy F36 5G (Violet, 128 GB)",Samsung,,,,4.3,"12,761","1,135",6 GB RAM,128 GB ROM,5000 mAh Battery,Samsung Exynos 1380 Processor,17.02 cm (6.7 inch) Full HD+ Display,50MP + 8MP + 2MP | 13MP Front Camera,,https://www.flipkart.com/samsung-galaxy-f36-5g-violet-128-gb/p/itmcc46b8b3b3454?pid=MOBHMWFXGPGPJHBC&q=smart+phones&store=tyy%2F4io&srno=s_24_576&otracker=search&fm=organic&iid=b8d39789-e37c-42d1-8587-072efa45b0c5.MOBHMWFXGPGPJHBC.SEARCH&ppt=None&ppn=None&ssid=52os8v44e80000001790412329024&qH=a5594894156db043&ov_redirect=true,2026-09-26
577,"realme C61 (Safari Green, 128 GB)",realme,10999,,,4.3,"17,961",749,6 GB RAM,128 GB ROM,5000 mAh Battery,T612 Processor,17.13 cm (6.745 inch) HD+ Display,32MP Rear Camera | 5MP Front Camera,,https://www.flipkart.com/realme-c61-safari-green-128-gb/p/itmd12477182b87a?pid=MOBH92ADB5YEG7TF&lid=LSTMOBH92ADB5YEG7TFDVYADA&marketplace=FLIPKART&q=smart+phones&store=tyy%2F4io&srno=s_25_577&otracker=search&fm=organic&iid=3ad9f8bd-c18c-4c4e-ba67-e77979606336.MOBH92ADB5YEG7TF.SEARCH&ppt=None&ppn=None&ssid=u2k4gey7bk0000001790412331828&qH=a5594894156db043&ov_redirect=true,2026-09-26
578,"Tecno Spark Go 3 (Ink Black, 64 GB)",Tecno,12499,15999,21% off,4.1,214,15,4 GB RAM,64 GB ROM,5000 mAh Lithium Polymer Battery,T7250 Processor,17.12 cm (6.74 inch) HD+ Display,13MP Rear Camera | 8MP Front Camera,,https://www.flipkart.com/tecno-spark-go-3-ink-black-64-gb/p/itma9c8f128a61c6?pid=MOBHP2QYCXZZE3CM&lid=LSTMOBHP2QYCXZZE3CMWW64IB&marketplace=FLIPKART&q=smart+phones&store=tyy%2F4io&srno=s_25_578&otracker=search&fm=organic&iid=3ad9f8bd-c18c-4c4e-ba67-e77979606336.MOBHP2QYCXZZE3CM.SEARCH&ppt=None&ppn=None&ssid=u2k4gey7bk0000001790412331828&qH=a5594894156db043&ov_redirect=true,2026-09-26
579,"Samsung Galaxy F16 5G (Vibing Blue, 128 GB)",Samsung,15499,18999,18% off,4.2,"3,686",275,8 GB RAM,128 GB ROM,5000 mAh Battery,Dimensity 6300 Processor,16.91 cm (6.657 inch) Full HD+ Display,50MP + 5MP + 2MP | 13MP Front Camera,,https://www.flipkart.com/samsung-galaxy-f16-5g-vibing-blue-128-gb/p/itma31262afa7505?pid=MOBH9ASGCZNFQGDG&lid=LSTMOBH9ASGCZNFQGDGYXWIQD&marketplace=FLIPKART&q=smart+phones&store=tyy%2F4io&srno=s_25_579&otracker=search&fm=organic&iid=3ad9f8bd-c18c-4c4e-ba67-e77979606336.MOBH9ASGCZNFQGDG.SEARCH&ppt=None&ppn=None&ssid=u2k4gey7bk0000001790412331828&qH=a5594894156db043&ov_redirect=true,2026-09-26
580,"OnePlus Nord CE4 lite 5G (ULTRA ORANGE, 128 GB)",OnePlus,17030,20999,18% off,4.4,"36,195","1,869",8 GB RAM,128 GB ROM,5500 mAh Battery,,16.94 cm (6.67 inch) Display,50MP Rear Camera,,https://www.flipkart.com/oneplus-nord-ce4-lite-5g-ultra-orange-128-gb/p/itm8fd5fdf300955?pid=MOBH25ZEZBY3ZGBF&lid=LSTMOBH25ZEZBY3ZGBFLKZZUG&marketplace=FLIPKART&q=smart+phones&store=tyy%2F4io&srno=s_25_580&otracker=search&fm=organic&iid=3ad9f8bd-c18c-4c4e-ba67-e77979606336.MOBH25ZEZBY3ZGBF.SEARCH&ppt=None&ppn=None&ssid=u2k4gey7bk0000001790412331828&qH=a5594894156db043&ov_redirect=true,2026-09-26
581,"Motorola e13 (Cosmic Black, 128 GB)",Motorola,9299,11999,22% off,4.1,"35,482","1,990",8 GB RAM,128 GB ROM,5000 mAh Battery,Unisoc T606 Processor,16.51 cm (6.5 inch) HD+ Display,13MP Rear Camera | 5MP Front Camera,,https://www.flipkart.com/motorola-e13-cosmic-black-128-gb/p/itm04a41c3c76631?pid=MOBGQFX6SFZXR7PK&lid=LSTMOBGQFX6SFZXR7PKP7HQQS&marketplace=FLIPKART&q=smart+phones&store=tyy%2F4io&srno=s_25_581&otracker=search&fm=organic&iid=3ad9f8bd-c18c-4c4e-ba67-e77979606336.MOBGQFX6SFZXR7PK.SEARCH&ppt=None&ppn=None&ssid=u2k4gey7bk0000001790412331828&qH=a5594894156db043&ov_redirect=true,2026-09-26
582,"realme 15x 5G (Maroon Red, 128 GB)",realme,23999,28999,17% off,4.3,"3,670",296,6 GB RAM,128 GB ROM,7000 mAh Battery,Dimensity 6300 6nm Octa-core chipset Processor,17.27 cm (6.8 inch) Display,50MP Rear Camera | 50MP Front Camera,,https://www.flipkart.com/realme-15x-5g-maroon-red-128-gb/p/itmcf22f2a57724f?pid=MOBHHY7V3ZKDTFNU&lid=LSTMOBHHY7V3ZKDTFNUXGTIVT&marketplace=FLIPKART&q=smart+phones&store=tyy%2F4io&srno=s_25_582&otracker=search&fm=organic&iid=3ad9f8bd-c18c-4c4e-ba67-e77979606336.MOBHHY7V3ZKDTFNU.SEARCH&ppt=None&ppn=None&ssid=u2k4gey7bk0000001790412331828&qH=a5594894156db043&ov_redirect=true,2026-09-26
583,"Motorola g54 5G (Mint Green, 256 GB)",Motorola,21999,,,4.2,"82,115","7,306",12 GB RAM,256 GB ROM,6000 mAh Battery,Dimensity 7020 Processor,16.51 cm (6.5 inch) Full HD+ Display,50MP (OIS) + 8MP | 16MP Front Camera,,https://www.flipkart.com/motorola-g54-5g-mint-green-256-gb/p/itm9f608c1154160?pid=MOBGQFX8XGUATGRT&lid=LSTMOBGQFX8XGUATGRTUMNQ7U&marketplace=FLIPKART&q=smart+phones&store=tyy%2F4io&srno=s_25_583&otracker=search&fm=organic&iid=3ad9f8bd-c18c-4c4e-ba67-e77979606336.MOBGQFX8XGUATGRT.SEARCH&ppt=None&ppn=None&ssid=u2k4gey7bk0000001790412331828&qH=a5594894156db043&ov_redirect=true,2026-09-26
584,"realme 15T 5G (Silk Blue, 128 GB)",realme,27999,31999,12% off,4.2,"6,628",583,8 GB RAM,128 GB ROM,7000 mAh Battery,MediaTek Dimensity 6400 MAX Processor,16.69 cm (6.57 inch) Full HD Display,50MP + 2MP | 50MP Front Camera,,https://www.flipkart.com/realme-15t-5g-silk-blue-128-gb/p/itm3f28d98da183c?pid=MOBHHY7VTGRUAYR5&lid=LSTMOBHHY7VTGRUAYR5H3KIXJ&marketplace=FLIPKART&q=smart+phones&store=tyy%2F4io&srno=s_25_584&otracker=search&fm=organic&iid=3ad9f8bd-c18c-4c4e-ba67-e77979606336.MOBHHY7VTGRUAYR5.SEARCH&ppt=None&ppn=None&ssid=u2k4gey7bk0000001790412331828&qH=a5594894156db043&ov_redirect=true,2026-09-26
585,"POCO M7 Plus 5G (Aqua Blue, 128 GB)",POCO,17999,,,4.2,"6,596",529,8 GB RAM,128 GB ROM,7000 mAh Battery,Snapdragon 6s Gen 3 5G Processor,17.53 cm (6.9 inch) Full HD+ Display,50MP AI Dual Camera | 8MP Front Camera,5G,https://www.flipkart.com/poco-m7-plus-5g-aqua-blue-128-gb/p/itmd9444b12bdb68?pid=MOBHETX6GZAJWQME&lid=LSTMOBHETX6GZAJWQMEDZLMD8&marketplace=FLIPKART&q=smart+phones&store=tyy%2F4io&srno=s_25_585&otracker=search&fm=organic&iid=3ad9f8bd-c18c-4c4e-ba67-e77979606336.MOBHETX6GZAJWQME.SEARCH&ppt=None&ppn=None&ssid=u2k4gey7bk0000001790412331828&qH=a5594894156db043&ov_redirect=true,2026-09-26
586,"MOTOROLA Edge 60 Pro (Pantone Shadow, 256 GB)",MOTOROLA,33999,40999,17% off,4.3,"18,598","1,861",12 GB RAM,256 GB ROM,6000 mAh Battery,Dimensity 8350 Processor,17.02 cm (6.7 inch) Display,50MP + 50MP + 10MP | 50MP Front Camera,,https://www.flipkart.com/motorola-edge-60-pro-pantone-shadow-256-gb/p/itme4f8c6dd0e2db?pid=MOBH9C9JBE7X4H8H&lid=LSTMOBH9C9JBE7X4H8HC6CIWO&marketplace=FLIPKART&q=smart+phones&store=tyy%2F4io&srno=s_25_586&otracker=search&fm=organic&iid=3ad9f8bd-c18c-4c4e-ba67-e77979606336.MOBH9C9JBE7X4H8H.SEARCH&ppt=None&ppn=None&ssid=u2k4gey7bk0000001790412331828&qH=a5594894156db043&ov_redirect=true,2026-09-26
587,"Samsung Galaxy A14 5G (Dark Red, 128 GB)",Samsung,15499,,,4.2,"46,237","2,242",4 GB RAM,128 GB ROM,5000 mAh Lithium Ion Battery,Exynos 1330 Processor,16.76 cm (6.6 inch) Full HD+ Display,50MP + 2MP + 2MP | 13MP Front Camera,,https://www.flipkart.com/samsung-galaxy-a14-5g-dark-red-128-gb/p/itma8898a288d63b?pid=MOBGX2Q7KG25VGKQ&lid=LSTMOBGX2Q7KG25VGKQN7MMPU&marketplace=FLIPKART&q=smart+phones&store=tyy%2F4io&srno=s_25_587&otracker=search&fm=organic&iid=3ad9f8bd-c18c-4c4e-ba67-e77979606336.MOBGX2Q7KG25VGKQ.SEARCH&ppt=None&ppn=None&ssid=u2k4gey7bk0000001790412331828&qH=a5594894156db043&ov_redirect=true,2026-09-26
588,"Motorola g54 5G (Pearl Blue, 256 GB)",Motorola,21999,,,4.2,"82,115","7,306",12 GB RAM,256 GB ROM,6000 mAh Battery,Dimensity 7020 Processor,16.51 cm (6.5 inch) Full HD+ Display,50MP (OIS) + 8MP | 16MP Front Camera,,https://www.flipkart.com/motorola-g54-5g-pearl-blue-256-gb/p/itmb97dc7f2e0a90?pid=MOBGQFX8EGYZCSGY&lid=LSTMOBGQFX8EGYZCSGYXG8CIY&marketplace=FLIPKART&q=smart+phones&store=tyy%2F4io&srno=s_25_588&otracker=search&fm=organic&iid=3ad9f8bd-c18c-4c4e-ba67-e77979606336.MOBGQFX8EGYZCSGY.SEARCH&ppt=None&ppn=None&ssid=u2k4gey7bk0000001790412331828&qH=a5594894156db043&ov_redirect=true,2026-09-26
589,"CMF by Nothing Phone 2 Pro (Light Green, 256 GB)",CMF,20999,24999,16% off,4.4,"76,244","6,758",8 GB RAM,256 GB ROM,5000 mAh Battery,Dimensity 7300 Pro 5G Processor,17.2 cm (6.77 inch) Full HD+ Display,50MP + 50MP + 8MP | 16MP Front Camera,5G,https://www.flipkart.com/cmf-nothing-phone-2-pro-light-green-256-gb/p/itm46a119f176627?pid=MOBHAUHA6X5YWPBP&lid=LSTMOBHAUHA6X5YWPBPVY1EW2&marketplace=FLIPKART&q=smart+phones&store=tyy%2F4io&srno=s_25_589&otracker=search&fm=organic&iid=3ad9f8bd-c18c-4c4e-ba67-e77979606336.MOBHAUHA6X5YWPBP.SEARCH&ppt=None&ppn=None&ssid=u2k4gey7bk0000001790412331828&qH=a5594894156db043&ov_redirect=true,2026-09-26
590,"CMF by Nothing Phone 2 Pro (Orange, 256 GB)",CMF,20999,24999,16% off,4.4,"76,244","6,758",8 GB RAM,256 GB ROM,5000 mAh Battery,Dimensity 7300 Pro 5G Processor,17.2 cm (6.77 inch) Full HD+ Display,50MP + 50MP + 8MP | 16MP Front Camera,5G,https://www.flipkart.com/cmf-nothing-phone-2-pro-orange-256-gb/p/itm46a119f176627?pid=MOBHAUHAKMH34EHU&lid=LSTMOBHAUHAKMH34EHU383UEL&marketplace=FLIPKART&q=smart+phones&store=tyy%2F4io&srno=s_25_590&otracker=search&fm=organic&iid=3ad9f8bd-c18c-4c4e-ba67-e77979606336.MOBHAUHAKMH34EHU.SEARCH&ppt=None&ppn=None&ssid=u2k4gey7bk0000001790412331828&qH=a5594894156db043&ov_redirect=true,2026-09-26
591,"Infinix NOTE 60 Pro (Mocha Brown, 128 GB)",Infinix,35999,39999,10% off,4.4,"1,720",277,8 GB RAM,128 GB ROM,6500 mAh Battery,Snapdragon 7s Gen 4 Processor,17.22 cm (6.78 inch) Full HD+ AMOLED Display,50MP + 8MP | 13MP Front Camera,,https://www.flipkart.com/infinix-note-60-pro-mocha-brown-128-gb/p/itm7681d00923b3c?pid=MOBHHVE2N3RFZZDT&lid=LSTMOBHHVE2N3RFZZDTRZKIDK&marketplace=FLIPKART&q=smart+phones&store=tyy%2F4io&srno=s_25_591&otracker=search&fm=organic&iid=3ad9f8bd-c18c-4c4e-ba67-e77979606336.MOBHHVE2N3RFZZDT.SEARCH&ppt=None&ppn=None&ssid=u2k4gey7bk0000001790412331828&qH=a5594894156db043&ov_redirect=true,2026-09-26
592,"Samsung Galaxy A14 5G (Light Green, 128 GB)",Samsung,16999,21999,22% off,4.1,"4,246",314,8 GB RAM,128 GB ROM,5000 mAh Lithium Ion Battery,Exynos 1330 Processor,16.76 cm (6.6 inch) Full HD+ Display,50MP + 2MP + 2MP | 13MP Front Camera,,https://www.flipkart.com/samsung-galaxy-a14-5g-light-green-128-gb/p/itma725b4aad1d7b?pid=MOBGHT8UFVE7F82Z&lid=LSTMOBGHT8UFVE7F82ZEJCSCV&marketplace=FLIPKART&q=smart+phones&store=tyy%2F4io&srno=s_25_592&otracker=search&fm=organic&iid=3ad9f8bd-c18c-4c4e-ba67-e77979606336.MOBGHT8UFVE7F82Z.SEARCH&ppt=None&ppn=None&ssid=u2k4gey7bk0000001790412331828&qH=a5594894156db043&ov_redirect=true,2026-09-26
593,"Infinix Hot 60 5G+ (Shadow Blue, 128 GB)",Infinix,17999,,,4.2,"3,679",311,6 GB RAM,128 GB ROM,5200 mAh Battery,Dimensity 7020 Processor,17.02 cm (6.7 inch) HD+ Display,50MP Rear Camera | 8MP Front Camera,,https://www.flipkart.com/infinix-hot-60-5g-shadow-blue-128-gb/p/itm2154889174b3a?pid=MOBHDMJZFKYN9DKK&lid=LSTMOBHDMJZFKYN9DKKJCCU84&marketplace=FLIPKART&q=smart+phones&store=tyy%2F4io&srno=s_25_593&otracker=search&fm=organic&iid=3ad9f8bd-c18c-4c4e-ba67-e77979606336.MOBHDMJZFKYN9DKK.SEARCH&ppt=None&ppn=None&ssid=u2k4gey7bk0000001790412331828&qH=a5594894156db043&ov_redirect=true,2026-09-26
594,"realme P4 Lite (Beach Gold, 64 GB)",realme,16499,24999,34% off,3.9,"6,832",451,4 GB RAM,64 GB ROM,6300 mAh Battery,T7250 Processor,17.14 cm (6.75 inch) HD+ Display,13MP Rear Camera | 5MP Front Camera,,https://www.flipkart.com/realme-p4-lite-beach-gold-64-gb/p/itm029fbc88fdc91?pid=MOBHMX7KF4XYHTDM&lid=LSTMOBHMX7KF4XYHTDMBW6TWC&marketplace=FLIPKART&q=smart+phones&store=tyy%2F4io&srno=s_25_594&otracker=search&fm=organic&iid=3ad9f8bd-c18c-4c4e-ba67-e77979606336.MOBHMX7KF4XYHTDM.SEARCH&ppt=None&ppn=None&ssid=u2k4gey7bk0000001790412331828&qH=a5594894156db043&ov_redirect=true,2026-09-26
595,"POCO M7 Plus 5G (Aqua Blue, 128 GB)",POCO,16999,,,4.2,"12,881",984,6 GB RAM,128 GB ROM,7000 mAh Battery,Snapdragon 6s Gen 3 5G Processor,17.53 cm (6.9 inch) Full HD+ Display,50MP AI Dual Camera | 8MP Front Camera,5G,https://www.flipkart.com/poco-m7-plus-5g-aqua-blue-128-gb/p/itm9f4512134d782?pid=MOBHETX66JPY5TR9&lid=LSTMOBHETX66JPY5TR9T7DFF4&marketplace=FLIPKART&q=smart+phones&store=tyy%2F4io&srno=s_25_595&otracker=search&fm=organic&iid=3ad9f8bd-c18c-4c4e-ba67-e77979606336.MOBHETX66JPY5TR9.SEARCH&ppt=None&ppn=None&ssid=u2k4gey7bk0000001790412331828&qH=a5594894156db043&ov_redirect=true,2026-09-26
596,"realme P4 Lite (Obsidian Black, 64 GB)",realme,16499,24999,34% off,3.9,"6,832",451,4 GB RAM,64 GB ROM,6300 mAh Battery,T7250 Processor,17.14 cm (6.75 inch) HD+ Display,13MP Rear Camera | 5MP Front Camera,,https://www.flipkart.com/realme-p4-lite-obsidian-black-64-gb/p/itm029fbc88fdc91?pid=MOBHMX7KPTHEQGUE&lid=LSTMOBHMX7KPTHEQGUELU3ZBF&marketplace=FLIPKART&q=smart+phones&store=tyy%2F4io&srno=s_25_596&otracker=search&fm=organic&iid=3ad9f8bd-c18c-4c4e-ba67-e77979606336.MOBHMX7KPTHEQGUE.SEARCH&ppt=None&ppn=None&ssid=u2k4gey7bk0000001790412331828&qH=a5594894156db043&ov_redirect=true,2026-09-26
597,"Mivi One 5G (Green, 128 GB)",Mivi,12999,21999,40% off,,,,4 GB RAM,128 GB ROM,6000 mAh Lithium Polymer Battery,Snapdragon 4 Gen 2 Processor,17.14 cm (6.75 inch) HD+ Display,50MP Rear Camera | 8MP Front Camera,,https://www.flipkart.com/mivi-one-5g-green-128-gb/p/itm596121720eed0?pid=MOBHR3ZPGHBTGAUG&lid=LSTMOBHR3ZPGHBTGAUG0YU7DT&marketplace=FLIPKART&q=smart+phones&store=tyy%2F4io&srno=s_25_597&otracker=search&fm=organic&iid=3ad9f8bd-c18c-4c4e-ba67-e77979606336.MOBHR3ZPGHBTGAUG.SEARCH&ppt=None&ppn=None&ssid=u2k4gey7bk0000001790412331828&qH=a5594894156db043&ov_redirect=true,2026-09-26
598,"vivo Y05 (Champagne Gold, 64 GB)",vivo,12991,22999,43% off,3.5,322,19,4 GB RAM,64 GB ROM,6500 mAh Li-ion Battery,T7225 Processor,17.12 cm (6.74 inch) HD+ Display,8MP Rear Camera | 5MP Front Camera,,https://www.flipkart.com/vivo-y05-champagne-gold-64-gb/p/itm7b1e1a65e7c1f?pid=MOBHMCWFFJRJVHZB&lid=LSTMOBHMCWFFJRJVHZBWUSL5V&marketplace=FLIPKART&q=smart+phones&store=tyy%2F4io&srno=s_25_598&otracker=search&fm=organic&iid=3ad9f8bd-c18c-4c4e-ba67-e77979606336.MOBHMCWFFJRJVHZB.SEARCH&ppt=None&ppn=None&ssid=u2k4gey7bk0000001790412331828&qH=a5594894156db043&ov_redirect=true,2026-09-26
599,"Google Pixel 10 (Frost, 256 GB)",Google,,,,4.5,"3,686",353,12 GB RAM,256 GB ROM,4970 mAh Battery,Tensor G5 Processor,16.0 cm (6.3 inch) Quad HD+ Display,48MP + 13MP + 10.8MP | 10.5MP Front Camera,,https://www.flipkart.com/google-pixel-10-frost-256-gb/p/itm180af25bcc197?pid=MOBHEXHRXDGMF8XZ&q=smart+phones&store=tyy%2F4io&srno=s_25_599&otracker=search&fm=organic&iid=3ad9f8bd-c18c-4c4e-ba67-e77979606336.MOBHEXHRXDGMF8XZ.SEARCH&ppt=None&ppn=None&ssid=u2k4gey7bk0000001790412331828&qH=a5594894156db043&ov_redirect=true,2026-09-26
600,"MOTOROLA Edge 60 Pro (Pantone Walnut, 256 GB)",MOTOROLA,29999,36999,18% off,4.3,"56,849","5,081",8 GB RAM,256 GB ROM,6000 mAh Battery,Dimensity 8350 Processor,17.02 cm (6.7 inch) Display,50MP + 50MP + 10MP | 50MP Front Camera,,https://www.flipkart.com/motorola-edge-60-pro-pantone-walnut-256-gb/p/itmd28ffaee4b29a?pid=MOBHC7EW5CW3T4UR&lid=LSTMOBHC7EW5CW3T4URY5IZZA&marketplace=FLIPKART&q=smart+phones&store=tyy%2F4io&srno=s_25_600&otracker=search&fm=organic&iid=3ad9f8bd-c18c-4c4e-ba67-e77979606336.MOBHC7EW5CW3T4UR.SEARCH&ppt=None&ppn=None&ssid=u2k4gey7bk0000001790412331828&qH=a5594894156db043&ov_redirect=true,2026-09-26
601,"vivo T5x 5G (Star Silver, 256 GB)",vivo,33999,,,4.4,"25,413","1,899",8 GB RAM,256 GB ROM,7200 mAh Li-ion Battery,Dimensity 7400-Turbo Processor,17.17 cm (6.76 inch) Display,50MP + 2MP | 32MP Front Camera,,https://www.flipkart.com/vivo-t5x-5g-star-silver-256-gb/p/itm7da8aa253e72b?pid=MOBHH69NHR7WUR3H&lid=LSTMOBHH69NHR7WUR3HYBC1AF&marketplace=FLIPKART&q=smart+phones&store=tyy%2F4io&srno=s_26_601&otracker=search&fm=organic&iid=93c3df8b-4c1a-43ad-a898-fafd00b0c226.MOBHH69NHR7WUR3H.SEARCH&ppt=None&ppn=None&ssid=x8z5bb9bnk0000001790412334637&qH=a5594894156db043&ov_redirect=true,2026-09-26
602,"vivo T5x 5G (Cyber Green, 256 GB)",vivo,33999,,,4.4,"25,413","1,899",8 GB RAM,256 GB ROM,7200 mAh Li-ion Battery,Dimensity 7400-Turbo Processor,17.17 cm (6.76 inch) Display,50MP + 2MP | 32MP Front Camera,,https://www.flipkart.com/vivo-t5x-5g-cyber-green-256-gb/p/itm7da8aa253e72b?pid=MOBHH69NQGVVYQSG&lid=LSTMOBHH69NQGVVYQSGQNVHLI&marketplace=FLIPKART&q=smart+phones&store=tyy%2F4io&srno=s_26_602&otracker=search&fm=organic&iid=93c3df8b-4c1a-43ad-a898-fafd00b0c226.MOBHH69NQGVVYQSG.SEARCH&ppt=None&ppn=None&ssid=x8z5bb9bnk0000001790412334637&qH=a5594894156db043&ov_redirect=true,2026-09-26
603,"Ai+ Nova 2 Pro 5G (Red, 128 GB)",Ai+,17999,21999,18% off,4,"2,278",268,6 GB RAM,128 GB ROM,6000 mAh Li-polymer Battery,Dimensity 7100 Processor,17.53 cm (6.9 inch) Full HD+ Display,48MP Rear Camera | 13MP Front Camera,,https://www.flipkart.com/ai-nova-2-pro-5g-red-128-gb/p/itm6e110e80c5404?pid=MOBHZ8ZMEHPWH2ZY&lid=LSTMOBHZ8ZMEHPWH2ZYDNLAHF&marketplace=FLIPKART&q=smart+phones&store=tyy%2F4io&srno=s_26_603&otracker=search&fm=organic&iid=93c3df8b-4c1a-43ad-a898-fafd00b0c226.MOBHZ8ZMEHPWH2ZY.SEARCH&ppt=None&ppn=None&ssid=x8z5bb9bnk0000001790412334637&qH=a5594894156db043&ov_redirect=true,2026-09-26
604,"realme Gt 7 (Icesense Blue, 256 GB)",realme,44999,48999,8% off,4.5,"1,514",197,12 GB RAM,256 GB ROM,7000 mAh Battery,Dimensity Processor,17.22 cm (6.78 inch) Full HD+ AMOLED Display,50MP + 50MP + 50MP + 8MP | 32MP + 32MP Dual Front Camera,,https://www.flipkart.com/realme-gt-7-icesense-blue-256-gb/p/itm6cc8f84d92e2f?pid=MOBHCHWNFTFYCQWQ&lid=LSTMOBHCHWNFTFYCQWQKYWZSI&marketplace=FLIPKART&q=smart+phones&store=tyy%2F4io&srno=s_26_604&otracker=search&fm=organic&iid=93c3df8b-4c1a-43ad-a898-fafd00b0c226.MOBHCHWNFTFYCQWQ.SEARCH&ppt=None&ppn=None&ssid=x8z5bb9bnk0000001790412334637&qH=a5594894156db043&ov_redirect=true,2026-09-26
605,"vivo T5x 5G (Star Silver, 128 GB)",vivo,30999,,,4.4,"25,413","1,899",8 GB RAM,128 GB ROM,7200 mAh Li-ion Battery,Dimensity 7400-Turbo Processor,17.17 cm (6.76 inch) Display,50MP + 2MP | 32MP Front Camera,,https://www.flipkart.com/vivo-t5x-5g-star-silver-128-gb/p/itm7da8aa253e72b?pid=MOBHH69N2XATECZZ&lid=LSTMOBHH69N2XATECZZPPRNX7&marketplace=FLIPKART&q=smart+phones&store=tyy%2F4io&srno=s_26_605&otracker=search&fm=organic&iid=93c3df8b-4c1a-43ad-a898-fafd00b0c226.MOBHH69N2XATECZZ.SEARCH&ppt=None&ppn=None&ssid=x8z5bb9bnk0000001790412334637&qH=a5594894156db043&ov_redirect=true,2026-09-26
606,"REDMI Note 15 5G (Glacier Blue, 128 GB)",REDMI,26973,26999,,4.4,"1,230",88,8 GB RAM,128 GB ROM,5520 mAh Battery,,17.2 cm (6.77 inch) Display,108MP Rear Camera,,https://www.flipkart.com/redmi-note-15-5g-glacier-blue-128-gb/p/itm7cb24e3c40189?pid=MOBHJHPUACM2SDPW&lid=LSTMOBHJHPUACM2SDPWFAP6VK&marketplace=FLIPKART&q=smart+phones&store=tyy%2F4io&srno=s_26_606&otracker=search&fm=organic&iid=93c3df8b-4c1a-43ad-a898-fafd00b0c226.MOBHJHPUACM2SDPW.SEARCH&ppt=None&ppn=None&ssid=x8z5bb9bnk0000001790412334637&qH=a5594894156db043&ov_redirect=true,2026-09-26
607,"Tecno Pova Curve 2 5G (Mystic Purple, 256 GB)",Tecno,33999,34999,2% off,4.1,392,55,8 GB RAM,256 GB ROM,8000 mAh Lithium Polymer Battery,,17.22 cm (6.78 inch) Full HD+ AMOLED Display,50MP + 2MP | 13MP Front Camera,,https://www.flipkart.com/tecno-pova-curve-2-5g-mystic-purple-256-gb/p/itm1160d6853298d?pid=MOBHK67S72HA9ZMW&lid=LSTMOBHK67S72HA9ZMWUBXUKH&marketplace=FLIPKART&q=smart+phones&store=tyy%2F4io&srno=s_26_607&otracker=search&fm=organic&iid=93c3df8b-4c1a-43ad-a898-fafd00b0c226.MOBHK67S72HA9ZMW.SEARCH&ppt=None&ppn=None&ssid=x8z5bb9bnk0000001790412334637&qH=a5594894156db043&ov_redirect=true,2026-09-26
608,"Samsung Galaxy A06 5G (Light Green, 128 GB)",Samsung,17485,23999,27% off,4.1,"4,946",370,4 GB RAM,128 GB ROM,5000 mAh Battery,MEDIATEK Processor,17.02 cm (6.7 inch) HD+ Display,50MP + 50MP | 2MP + 2MP Dual Front Camera,,https://www.flipkart.com/samsung-galaxy-a06-5g-light-green-128-gb/p/itm20ea64b1504e4?pid=MOBH9YKUTGWPGPHD&lid=LSTMOBH9YKUTGWPGPHDABDP8P&marketplace=FLIPKART&q=smart+phones&store=tyy%2F4io&srno=s_26_608&otracker=search&fm=organic&iid=93c3df8b-4c1a-43ad-a898-fafd00b0c226.MOBH9YKUTGWPGPHD.SEARCH&ppt=None&ppn=None&ssid=x8z5bb9bnk0000001790412334637&qH=a5594894156db043&ov_redirect=true,2026-09-26
609,"Ai+ Nova 2 5G (Blue, 128 GB)",Ai+,14499,17499,17% off,4.2,"6,969",384,4 GB RAM,128 GB ROM,6000 mAh Battery,T8200 Processor,17.13 cm (6.745 inch) HD+ Display,50MP Rear Camera | 8MP Front Camera,,https://www.flipkart.com/ai-nova-2-5g-blue-128-gb/p/itmb8204f6c4e198?pid=MOBHZPMCMVUGFUCE&lid=LSTMOBHZPMCMVUGFUCE7GQTLP&marketplace=FLIPKART&q=smart+phones&store=tyy%2F4io&srno=s_26_609&otracker=search&fm=organic&iid=93c3df8b-4c1a-43ad-a898-fafd00b0c226.MOBHZPMCMVUGFUCE.SEARCH&ppt=None&ppn=None&ssid=x8z5bb9bnk0000001790412334637&qH=a5594894156db043&ov_redirect=true,2026-09-26
610,"vivo T5x 5G (Cyber Green, 128 GB)",vivo,27999,28999,3% off,4.4,"21,915","1,497",6 GB RAM,128 GB ROM,7200 mAh Li-ion Battery,Dimensity 7400-Turbo Processor,17.17 cm (6.76 inch) Display,50MP + 2MP | 32MP Front Camera,,https://www.flipkart.com/vivo-t5x-5g-cyber-green-128-gb/p/itm7da8aa253e72b?pid=MOBHH69NGFZAYK6M&lid=LSTMOBHH69NGFZAYK6MYQKNQD&marketplace=FLIPKART&q=smart+phones&store=tyy%2F4io&srno=s_26_610&otracker=search&fm=organic&iid=93c3df8b-4c1a-43ad-a898-fafd00b0c226.MOBHH69NGFZAYK6M.SEARCH&ppt=None&ppn=None&ssid=x8z5bb9bnk0000001790412334637&qH=a5594894156db043&ov_redirect=true,2026-09-26
611,"Apple iPhone 18 Pro max (Silver, 256 GB)",Apple,179900,,,4.8,54,9,,,,"A20 Pro chip, 6 Core Processor Processor",17.53 cm (6.9 inch) Super Retina XDR Display,48MP + 48MP + 48MP | 18MP Front Camera,,https://www.flipkart.com/apple-iphone-18-pro-max-silver-256-gb/p/itmead656790625b?pid=MOBHQT5JHJVUYBWN&lid=LSTMOBHQT5JHJVUYBWNHYHHKC&marketplace=FLIPKART&q=smart+phones&store=tyy%2F4io&srno=s_26_611&otracker=search&fm=organic&iid=93c3df8b-4c1a-43ad-a898-fafd00b0c226.MOBHQT5JHJVUYBWN.SEARCH&ppt=None&ppn=None&ssid=x8z5bb9bnk0000001790412334637&qH=a5594894156db043&ov_redirect=true,2026-09-26
612,"REDMI Note-14 Pro+ 5G (Spectre Blue, 256 GB)",REDMI,29999,36999,18% off,4.4,860,67,8 GB RAM,256 GB ROM,6200 mAh Battery,7s Gen 3 Processor,16.94 cm (6.67 inch) Display,50MP + 50MP + 8MP | 20MP Front Camera,,https://www.flipkart.com/redmi-note-14-pro-5g-spectre-blue-256-gb/p/itmf69d377f9a8fb?pid=MOBH8BW3VWEPGQ7A&lid=LSTMOBH8BW3VWEPGQ7AELQ7VM&marketplace=FLIPKART&q=smart+phones&store=tyy%2F4io&srno=s_26_612&otracker=search&fm=organic&iid=93c3df8b-4c1a-43ad-a898-fafd00b0c226.MOBH8BW3VWEPGQ7A.SEARCH&ppt=None&ppn=None&ssid=x8z5bb9bnk0000001790412334637&qH=a5594894156db043&ov_redirect=true,2026-09-26
613,"Samsung Galaxy S26 Ultra 5G (Black, 256 GB)",Samsung,130999,139999,6% off,4.6,"1,343",353,12 GB RAM,256 GB ROM,5000 mAh Li-ion Battery,Snapdragon 8 Elite Gen 5 Processor,17.53 cm (6.9 inch) Quad HD+ Display,200MP + 50MP | 12MP Front Camera,,https://www.flipkart.com/samsung-galaxy-s26-ultra-5g-black-256-gb/p/itmf4799d3841c43?pid=MOBHKGAPRHSYRRH4&lid=LSTMOBHKGAPRHSYRRH4TJATRH&marketplace=FLIPKART&q=smart+phones&store=tyy%2F4io&srno=s_26_613&otracker=search&fm=organic&iid=93c3df8b-4c1a-43ad-a898-fafd00b0c226.MOBHKGAPRHSYRRH4.SEARCH&ppt=None&ppn=None&ssid=x8z5bb9bnk0000001790412334637&qH=a5594894156db043&ov_redirect=true,2026-09-26
614,"realme Narzo 100x 5g (Midnight Black, 128 GB)",realme,22497,35999,37% off,4.2,310,39,6 GB RAM,128 GB ROM,8000 mAh Battery,MediaTek Dimensity 6300 Processor,17.3 cm (6.81 inch) HD+ Display,,,https://www.flipkart.com/realme-narzo-100x-5g-midnight-black-128-gb/p/itm66836fc8ecc5e?pid=MOBHPJHZDNWKKPTA&lid=LSTMOBHPJHZDNWKKPTAURLSN2&marketplace=FLIPKART&q=smart+phones&store=tyy%2F4io&srno=s_26_614&otracker=search&fm=organic&iid=93c3df8b-4c1a-43ad-a898-fafd00b0c226.MOBHPJHZDNWKKPTA.SEARCH&ppt=None&ppn=None&ssid=x8z5bb9bnk0000001790412334637&qH=a5594894156db043&ov_redirect=true,2026-09-26
615,"OPPO K14 Lite (Feather Purple, 64 GB)",OPPO,16999,37999,55% off,4.1,41,4,4 GB RAM,64 GB ROM,7000 mAh lithium-ion polymer Battery,T7250 Processor,17.14 cm (6.75 inch) HD+ Display,13MP Rear Camera | 5MP Front Camera,,https://www.flipkart.com/oppo-k14-lite-feather-purple-64-gb/p/itmb13fea9340374?pid=MOBHQZZ2GTANTBKC&lid=LSTMOBHQZZ2GTANTBKCCEHJHZ&marketplace=FLIPKART&q=smart+phones&store=tyy%2F4io&srno=s_26_615&otracker=search&fm=organic&iid=93c3df8b-4c1a-43ad-a898-fafd00b0c226.MOBHQZZ2GTANTBKC.SEARCH&ppt=None&ppn=None&ssid=x8z5bb9bnk0000001790412334637&qH=a5594894156db043&ov_redirect=true,2026-09-26
616,"OPPO K14 Lite (Stone Brown, 64 GB)",OPPO,16999,37999,55% off,4.1,41,4,4 GB RAM,64 GB ROM,7000 mAh lithium-ion polymer Battery,T7250 Processor,17.14 cm (6.75 inch) HD+ Display,13MP Rear Camera | 5MP Front Camera,,https://www.flipkart.com/oppo-k14-lite-stone-brown-64-gb/p/itmb13fea9340374?pid=MOBHQZZ2HVKFBAGP&lid=LSTMOBHQZZ2HVKFBAGP9HQ2J4&marketplace=FLIPKART&q=smart+phones&store=tyy%2F4io&srno=s_26_616&otracker=search&fm=organic&iid=93c3df8b-4c1a-43ad-a898-fafd00b0c226.MOBHQZZ2HVKFBAGP.SEARCH&ppt=None&ppn=None&ssid=x8z5bb9bnk0000001790412334637&qH=a5594894156db043&ov_redirect=true,2026-09-26
617,"Samsung M47 5G (Rogue Red, 128 GB)",Samsung,33999,39999,15% off,4.4,18,0,8 GB RAM,128 GB ROM,6000 mAh Battery,,16.94 cm (6.67 inch) Display,50MP Rear Camera,,https://www.flipkart.com/samsung-m47-5g-rogue-red-128-gb/p/itm32685112fc1af?pid=MOBHZWA8UGGCTGRZ&lid=LSTMOBHZWA8UGGCTGRZXOCUVT&marketplace=FLIPKART&q=smart+phones&store=tyy%2F4io&srno=s_26_617&otracker=search&fm=organic&iid=93c3df8b-4c1a-43ad-a898-fafd00b0c226.MOBHZWA8UGGCTGRZ.SEARCH&ppt=None&ppn=None&ssid=x8z5bb9bnk0000001790412334637&qH=a5594894156db043&ov_redirect=true,2026-09-26
618,"IQOO Z11x 5G (Prismatic Green, 128 GB)",IQOO,28999,30999,6% off,4.3,"1,564",119,8 GB RAM,128 GB ROM,7200 mAh Battery,,17.02 cm (6.7 inch) Display,50MP Rear Camera,,https://www.flipkart.com/iqoo-z11x-5g-prismatic-green-128-gb/p/itm8157cfb5645d4?pid=MOBHHHBTGHWHZZWN&lid=LSTMOBHHHBTGHWHZZWNRCGCER&marketplace=FLIPKART&q=smart+phones&store=tyy%2F4io&srno=s_26_618&otracker=search&fm=organic&iid=93c3df8b-4c1a-43ad-a898-fafd00b0c226.MOBHHHBTGHWHZZWN.SEARCH&ppt=None&ppn=None&ssid=x8z5bb9bnk0000001790412334637&qH=a5594894156db043&ov_redirect=true,2026-09-26
619,"IQOO Z11x 5G (Titan Black, 256 GB)",IQOO,33923,39999,15% off,4.3,"1,564",119,8 GB RAM,256 GB ROM,7200 mAh Battery,,17.02 cm (6.7 inch) Display,50MP Rear Camera,,https://www.flipkart.com/iqoo-z11x-5g-titan-black-256-gb/p/itm8157cfb5645d4?pid=MOBHHHBTYFGP2G3F&lid=LSTMOBHHHBTYFGP2G3FXROQQG&marketplace=FLIPKART&q=smart+phones&store=tyy%2F4io&srno=s_26_619&otracker=search&fm=organic&iid=93c3df8b-4c1a-43ad-a898-fafd00b0c226.MOBHHHBTYFGP2G3F.SEARCH&ppt=None&ppn=None&ssid=x8z5bb9bnk0000001790412334637&qH=a5594894156db043&ov_redirect=true,2026-09-26
620,"realme Narzo 100x 5g (Flash Orange, 128 GB)",realme,22485,35999,37% off,4.2,310,39,6 GB RAM,128 GB ROM,8000 mAh Battery,MediaTek Dimensity 6300 Processor,17.3 cm (6.81 inch) HD+ Display,,,https://www.flipkart.com/realme-narzo-100x-5g-flash-orange-128-gb/p/itm66836fc8ecc5e?pid=MOBHPJHWTZCW2YVY&lid=LSTMOBHPJHWTZCW2YVYTWM1IL&marketplace=FLIPKART&q=smart+phones&store=tyy%2F4io&srno=s_26_620&otracker=search&fm=organic&iid=93c3df8b-4c1a-43ad-a898-fafd00b0c226.MOBHPJHWTZCW2YVY.SEARCH&ppt=None&ppn=None&ssid=x8z5bb9bnk0000001790412334637&qH=a5594894156db043&ov_redirect=true,2026-09-26
621,"REDMI Note 15 SE 5G Snapdragon (Crimson Reserve, 128 GB)",REDMI,27999,35999,22% off,4.3,"3,358",319,8 GB RAM,128 GB ROM,5800 mAh Lithium-Ion Polymer Battery,Snapdragon 6 Gen 3 Processor,17.2 cm (6.77 inch) Full HD+ AMOLED Display,50MP Rear Camera | 20MP Front Camera,,https://www.flipkart.com/redmi-note-15-se-5g-snapdragon-crimson-reserve-128-gb/p/itm7627750aa9b54?pid=MOBHN52F84BRGFEG&lid=LSTMOBHN52F84BRGFEGSK3ATO&marketplace=FLIPKART&q=smart+phones&store=tyy%2F4io&srno=s_26_621&otracker=search&fm=organic&iid=93c3df8b-4c1a-43ad-a898-fafd00b0c226.MOBHN52F84BRGFEG.SEARCH&ppt=None&ppn=None&ssid=x8z5bb9bnk0000001790412334637&qH=a5594894156db043&ov_redirect=true,2026-09-26
622,"vivo Y11 5G (Mystic Blue, 64 GB)",vivo,18999,39999,52% off,4.1,914,53,4 GB RAM,64 GB ROM,6500 mAh Li-ion Battery,Dimensity 6300 Processor,17.12 cm (6.74 inch) HD+ Display,13MP + 0.08MP | 5MP Front Camera,,https://www.flipkart.com/vivo-y11-5g-mystic-blue-64-gb/p/itm722b8f27be0b8?pid=MOBHZF4TRQECK68N&lid=LSTMOBHZF4TRQECK68NZFXF4G&marketplace=FLIPKART&q=smart+phones&store=tyy%2F4io&srno=s_26_622&otracker=search&fm=organic&iid=93c3df8b-4c1a-43ad-a898-fafd00b0c226.MOBHZF4TRQECK68N.SEARCH&ppt=None&ppn=None&ssid=x8z5bb9bnk0000001790412334637&qH=a5594894156db043&ov_redirect=true,2026-09-26
623,"IQOO Z11x 5G (Prismatic Green, 128 GB)",IQOO,27288,28999,5% off,4.3,"1,176",91,6 GB RAM,128 GB ROM,7200 mAh Battery,,17.02 cm (6.7 inch) Display,50MP Rear Camera,,https://www.flipkart.com/iqoo-z11x-5g-prismatic-green-128-gb/p/itm8157cfb5645d4?pid=MOBHHHBTCWXSUNG5&lid=LSTMOBHHHBTCWXSUNG5EO1TKU&marketplace=FLIPKART&q=smart+phones&store=tyy%2F4io&srno=s_26_623&otracker=search&fm=organic&iid=93c3df8b-4c1a-43ad-a898-fafd00b0c226.MOBHHHBTCWXSUNG5.SEARCH&ppt=None&ppn=None&ssid=x8z5bb9bnk0000001790412334637&qH=a5594894156db043&ov_redirect=true,2026-09-26
624,"vivo T5x 5G (Star Silver, 128 GB)",vivo,27999,28999,3% off,4.4,"21,915","1,497",6 GB RAM,128 GB ROM,7200 mAh Li-ion Battery,Dimensity 7400-Turbo Processor,17.17 cm (6.76 inch) Display,50MP + 2MP | 32MP Front Camera,,https://www.flipkart.com/vivo-t5x-5g-star-silver-128-gb/p/itm7da8aa253e72b?pid=MOBHH69NRE6PHFBH&lid=LSTMOBHH69NRE6PHFBHJHMXME&marketplace=FLIPKART&q=smart+phones&store=tyy%2F4io&srno=s_26_624&otracker=search&fm=organic&iid=93c3df8b-4c1a-43ad-a898-fafd00b0c226.MOBHH69NRE6PHFBH.SEARCH&ppt=None&ppn=None&ssid=x8z5bb9bnk0000001790412334637&qH=a5594894156db043&ov_redirect=true,2026-09-26
625,"vivo S2 (Regal Bronze, 128 GB)",vivo,42999,66999,35% off,4.4,527,53,8 GB RAM,128 GB ROM,7050 mAh Lithium-ion Battery,Dimensity 7360-Turbo Processor,17.35 cm (6.83 inch) Full HD+ AMOLED Display,50MP + 2MP | 32MP Front Camera,,https://www.flipkart.com/vivo-s2-regal-bronze-128-gb/p/itm019d134c8359d?pid=MOBHPGG9AMECZVXX&lid=LSTMOBHPGG9AMECZVXX5WX9FN&marketplace=FLIPKART&q=smart+phones&store=tyy%2F4io&srno=s_27_625&otracker=search&fm=organic&iid=d421e544-91ea-49ee-b017-b8512bc72407.MOBHPGG9AMECZVXX.SEARCH&ppt=None&ppn=None&ssid=yu829u52ts0000001790412337507&qH=a5594894156db043&ov_redirect=true,2026-09-26
626,"IQOO Z11x 5G (Titan Black, 128 GB)",IQOO,27692,28999,4% off,4.3,"1,176",91,6 GB RAM,128 GB ROM,7200 mAh Battery,,17.02 cm (6.7 inch) Display,50MP Rear Camera,,https://www.flipkart.com/iqoo-z11x-5g-titan-black-128-gb/p/itm8157cfb5645d4?pid=MOBHHHBT766ZBUSF&lid=LSTMOBHHHBT766ZBUSFBTC17G&marketplace=FLIPKART&q=smart+phones&store=tyy%2F4io&srno=s_27_626&otracker=search&fm=organic&iid=d421e544-91ea-49ee-b017-b8512bc72407.MOBHHHBT766ZBUSF.SEARCH&ppt=None&ppn=None&ssid=yu829u52ts0000001790412337507&qH=a5594894156db043&ov_redirect=true,2026-09-26
627,"IQOO Z11x 5G (Prismatic Green, 128 GB)",IQOO,27288,28999,5% off,4.3,"1,176",91,6 GB RAM,128 GB ROM,7200 mAh Battery,,17.02 cm (6.7 inch) Display,50MP Rear Camera,,https://www.flipkart.com/iqoo-z11x-5g-prismatic-green-128-gb/p/itm8157cfb5645d4?pid=MOBHHHBTCWXSUNG5&lid=LSTMOBHHHBTCWXSUNG5EO1TKU&marketplace=FLIPKART&q=smart+phones&store=tyy%2F4io&srno=s_27_627&otracker=search&fm=organic&iid=d421e544-91ea-49ee-b017-b8512bc72407.MOBHHHBTCWXSUNG5.SEARCH&ppt=None&ppn=None&ssid=yu829u52ts0000001790412337507&qH=a5594894156db043&ov_redirect=true,2026-09-26
628,"IQOO 15 5G (Legend, 256 GB)",IQOO,76899,92999,17% off,4.7,470,58,12 GB RAM,256 GB ROM,7000 mAh Battery,,17.4 cm (6.85 inch) Display,50MP Rear Camera,,https://www.flipkart.com/iqoo-15-5g-legend-256-gb/p/itm9db365d8009fa?pid=MOBHGFAZH8DZGNU4&lid=LSTMOBHGFAZH8DZGNU48D2QPV&marketplace=FLIPKART&q=smart+phones&store=tyy%2F4io&srno=s_27_628&otracker=search&fm=organic&iid=d421e544-91ea-49ee-b017-b8512bc72407.MOBHGFAZH8DZGNU4.SEARCH&ppt=None&ppn=None&ssid=yu829u52ts0000001790412337507&qH=a5594894156db043&ov_redirect=true,2026-09-26
629,"IQOO Z11x 5G (Prismatic Green, 256 GB)",IQOO,32000,33999,5% off,4.3,"1,564",119,8 GB RAM,256 GB ROM,7200 mAh Battery,,17.02 cm (6.7 inch) Display,50MP Rear Camera,,https://www.flipkart.com/iqoo-z11x-5g-prismatic-green-256-gb/p/itm8157cfb5645d4?pid=MOBHHHBTXTQRXK3M&lid=LSTMOBHHHBTXTQRXK3MROZR6G&marketplace=FLIPKART&q=smart+phones&store=tyy%2F4io&srno=s_27_629&otracker=search&fm=organic&iid=d421e544-91ea-49ee-b017-b8512bc72407.MOBHHHBTXTQRXK3M.SEARCH&ppt=None&ppn=None&ssid=yu829u52ts0000001790412337507&qH=a5594894156db043&ov_redirect=true,2026-09-26
630,"Samsung Galaxy S26 Ultra 5G (Sky Blue, 256 GB)",Samsung,130999,139999,6% off,4.6,"1,343",353,12 GB RAM,256 GB ROM,5000 mAh Li-ion Battery,Snapdragon 8 Elite Gen 5 Processor,17.53 cm (6.9 inch) Quad HD+ Display,200MP + 50MP | 12MP Front Camera,,https://www.flipkart.com/samsung-galaxy-s26-ultra-5g-sky-blue-256-gb/p/itmf4799d3841c43?pid=MOBHKGAPUGH5KGWK&lid=LSTMOBHKGAPUGH5KGWKJZLWLZ&marketplace=FLIPKART&q=smart+phones&store=tyy%2F4io&srno=s_27_630&otracker=search&fm=organic&iid=d421e544-91ea-49ee-b017-b8512bc72407.MOBHKGAPUGH5KGWK.SEARCH&ppt=None&ppn=None&ssid=yu829u52ts0000001790412337507&qH=a5594894156db043&ov_redirect=true,2026-09-26
631,"OnePlus Nord 6 (Quick Silver, 256 GB)",OnePlus,54884,56999,3% off,4.5,264,31,12 GB RAM,256 GB ROM,9000 mAh Battery,4 octa-core processor Processor,17.22 cm (6.78 inch) Full HD+ Display,50MP Rear Camera,,https://www.flipkart.com/oneplus-nord-6-quick-silver-256-gb/p/itmc49f71cdc4080?pid=MOBHMBXCPZNQ3YNC&lid=LSTMOBHMBXCPZNQ3YNCWCJFLH&marketplace=FLIPKART&q=smart+phones&store=tyy%2F4io&srno=s_27_631&otracker=search&fm=organic&iid=d421e544-91ea-49ee-b017-b8512bc72407.MOBHMBXCPZNQ3YNC.SEARCH&ppt=None&ppn=None&ssid=yu829u52ts0000001790412337507&qH=a5594894156db043&ov_redirect=true,2026-09-26
632,"IQOO 15 5G (Alpha, 256 GB)",IQOO,76970,92999,17% off,4.7,470,58,12 GB RAM,256 GB ROM,7000 mAh Battery,,17.4 cm (6.85 inch) Display,50MP Rear Camera,,https://www.flipkart.com/iqoo-15-5g-alpha-256-gb/p/itm9db365d8009fa?pid=MOBHGFAZYYCNBHUV&lid=LSTMOBHGFAZYYCNBHUVWI1QP6&marketplace=FLIPKART&q=smart+phones&store=tyy%2F4io&srno=s_27_632&otracker=search&fm=organic&iid=d421e544-91ea-49ee-b017-b8512bc72407.MOBHGFAZYYCNBHUV.SEARCH&ppt=None&ppn=None&ssid=yu829u52ts0000001790412337507&qH=a5594894156db043&ov_redirect=true,2026-09-26
633,"REDMI Note-14 Pro+ 5G (Spectre Blue, 128 GB)",REDMI,27899,34999,20% off,4.4,860,67,8 GB RAM,128 GB ROM,6200 mAh Battery,7s Gen 3 Processor,16.94 cm (6.67 inch) Display,50MP + 50MP + 8MP | 20MP Front Camera,,https://www.flipkart.com/redmi-note-14-pro-5g-spectre-blue-128-gb/p/itmf69d377f9a8fb?pid=MOBH8BW3EGBFXZB6&lid=LSTMOBH8BW3EGBFXZB6CY0G4A&marketplace=FLIPKART&q=smart+phones&store=tyy%2F4io&srno=s_27_633&otracker=search&fm=organic&iid=d421e544-91ea-49ee-b017-b8512bc72407.MOBH8BW3EGBFXZB6.SEARCH&ppt=None&ppn=None&ssid=yu829u52ts0000001790412337507&qH=a5594894156db043&ov_redirect=true,2026-09-26
634,"MOTOROLA edge 70 pro (Satin-Luxe PANTONE Tea (Green), 256 GB)",MOTOROLA,39999,69999,42% off,4.3,928,113,8 GB RAM,256 GB ROM,6500 mAh Silicon-Carbon Battery,Dimensity 8500 Extreme Processor,17.27 cm (6.8 inch) Full HD+ Super AMOLED Display,50MP + 50MP | 50MP Front Camera,,https://www.flipkart.com/motorola-edge-70-pro-satin-luxe-pantone-tea-green-256-gb/p/itmad36b25ee48bf?pid=MOBHN9734ZPCKBAC&lid=LSTMOBHN9734ZPCKBACJUQ4X8&marketplace=FLIPKART&q=smart+phones&store=tyy%2F4io&srno=s_27_634&otracker=search&fm=organic&iid=d421e544-91ea-49ee-b017-b8512bc72407.MOBHN9734ZPCKBAC.SEARCH&ppt=None&ppn=None&ssid=yu829u52ts0000001790412337507&qH=a5594894156db043&ov_redirect=true,2026-09-26
635,"Nothing Phone (4b) (Blue, 128 GB)",Nothing,39999,54999,27% off,4.3,"1,785",176,8 GB RAM,128 GB ROM,6000 mAh Lithium ion Battery,6 Gen 4 Processor,17.2 cm (6.77 inch) Full HD+ AMOLED Display,50MP + 8MP | 16MP Front Camera,,https://www.flipkart.com/nothing-phone-4b-blue-128-gb/p/itm939608b40adbb?pid=MOBHZMBD9WNP9HHB&lid=LSTMOBHZMBD9WNP9HHBUJTCGV&marketplace=FLIPKART&q=smart+phones&store=tyy%2F4io&srno=s_27_635&otracker=search&fm=organic&iid=d421e544-91ea-49ee-b017-b8512bc72407.MOBHZMBD9WNP9HHB.SEARCH&ppt=None&ppn=None&ssid=yu829u52ts0000001790412337507&qH=a5594894156db043&ov_redirect=true,2026-09-26
636,"vivo Y11 5G (Mystic Blue, 128 GB)",vivo,22499,44999,50% off,4.1,914,53,4 GB RAM,128 GB ROM,6500 mAh Li-ion Battery,Dimensity 6300 Processor,17.12 cm (6.74 inch) HD+ Display,13MP + 0.08MP | 5MP Front Camera,,https://www.flipkart.com/vivo-y11-5g-mystic-blue-128-gb/p/itm722b8f27be0b8?pid=MOBHZF4T4JRVTHY4&lid=LSTMOBHZF4T4JRVTHY4KR3BUH&marketplace=FLIPKART&q=smart+phones&store=tyy%2F4io&srno=s_27_636&otracker=search&fm=organic&iid=d421e544-91ea-49ee-b017-b8512bc72407.MOBHZF4T4JRVTHY4.SEARCH&ppt=None&ppn=None&ssid=yu829u52ts0000001790412337507&qH=a5594894156db043&ov_redirect=true,2026-09-26
637,"REDMI Note 15 5G (Black, 128 GB)",REDMI,28699,36999,22% off,4.4,"1,230",88,8 GB RAM,128 GB ROM,5520 mAh Battery,,17.2 cm (6.77 inch) Display,108MP Rear Camera,,https://www.flipkart.com/redmi-note-15-5g-black-128-gb/p/itm7cb24e3c40189?pid=MOBHJHPUDQRZQBBA&lid=LSTMOBHJHPUDQRZQBBAYRPJ7A&marketplace=FLIPKART&q=smart+phones&store=tyy%2F4io&srno=s_27_637&otracker=search&fm=organic&iid=d421e544-91ea-49ee-b017-b8512bc72407.MOBHJHPUDQRZQBBA.SEARCH&ppt=None&ppn=None&ssid=yu829u52ts0000001790412337507&qH=a5594894156db043&ov_redirect=true,2026-09-26
638,"vivo Y11 5G (Cosmic Gold, 64 GB)",vivo,18999,39999,52% off,4.1,914,53,4 GB RAM,64 GB ROM,6500 mAh Li-ion Battery,Dimensity 6300 Processor,17.12 cm (6.74 inch) HD+ Display,13MP + 0.08MP | 5MP Front Camera,,https://www.flipkart.com/vivo-y11-5g-cosmic-gold-64-gb/p/itm722b8f27be0b8?pid=MOBHZF4TFXUNDF4Z&lid=LSTMOBHZF4TFXUNDF4ZZIFHP6&marketplace=FLIPKART&q=smart+phones&store=tyy%2F4io&srno=s_27_638&otracker=search&fm=organic&iid=d421e544-91ea-49ee-b017-b8512bc72407.MOBHZF4TFXUNDF4Z.SEARCH&ppt=None&ppn=None&ssid=yu829u52ts0000001790412337507&qH=a5594894156db043&ov_redirect=true,2026-09-26
639,"REDMI 15 5G (Frosted White, 256 GB)",REDMI,25998,29999,13% off,4.3,"4,978",315,8 GB RAM,256 GB ROM,7000 mAh Battery,,17.53 cm (6.9 inch) Display,50MP Rear Camera,,https://www.flipkart.com/redmi-15-5g-frosted-white-256-gb/p/itmd7bced8727891?pid=MOBHFH94XMPDASMJ&lid=LSTMOBHFH94XMPDASMJACPDSP&marketplace=FLIPKART&q=smart+phones&store=tyy%2F4io&srno=s_27_639&otracker=search&fm=organic&iid=d421e544-91ea-49ee-b017-b8512bc72407.MOBHFH94XMPDASMJ.SEARCH&ppt=None&ppn=None&ssid=yu829u52ts0000001790412337507&qH=a5594894156db043&ov_redirect=true,2026-09-26
640,"Tecno POP X 5G (Ripple Green, 128 GB)",Tecno,19390,31999,39% off,4.6,5,2,6 GB RAM,128 GB ROM,6500 mAh Battery,,17.22 cm (6.78 inch) Display,50MP Rear Camera,,https://www.flipkart.com/tecno-pop-x-5g-ripple-green-128-gb/p/itm57a45bbcdf450?pid=MOBHMSVB8FTX33F6&lid=LSTMOBHMSVB8FTX33F62TVOV1&marketplace=FLIPKART&q=smart+phones&store=tyy%2F4io&srno=s_27_640&otracker=search&fm=organic&iid=d421e544-91ea-49ee-b017-b8512bc72407.MOBHMSVB8FTX33F6.SEARCH&ppt=None&ppn=None&ssid=yu829u52ts0000001790412337507&qH=a5594894156db043&ov_redirect=true,2026-09-26
641,"REDMI 15C 5G (Dusk Purple, 128 GB)",REDMI,17975,29999,40% off,3.7,856,93,4 GB RAM,128 GB ROM,6000 mAh Battery,,17.53 cm (6.9 inch) Display,50MP Rear Camera,,https://www.flipkart.com/redmi-15c-5g-dusk-purple-128-gb/p/itmc1345bb45eef3?pid=MOBHGGZ2SC2RPWAZ&lid=LSTMOBHGGZ2SC2RPWAZ7W9BBG&marketplace=FLIPKART&q=smart+phones&store=tyy%2F4io&srno=s_27_641&otracker=search&fm=organic&iid=d421e544-91ea-49ee-b017-b8512bc72407.MOBHGGZ2SC2RPWAZ.SEARCH&ppt=None&ppn=None&ssid=yu829u52ts0000001790412337507&qH=a5594894156db043&ov_redirect=true,2026-09-26
642,"IQOO Z11x 5G (Titan Black, 128 GB)",IQOO,29264,30999,5% off,4.3,"1,564",119,8 GB RAM,128 GB ROM,7200 mAh Battery,,17.02 cm (6.7 inch) Display,50MP Rear Camera,,https://www.flipkart.com/iqoo-z11x-5g-titan-black-128-gb/p/itm8157cfb5645d4?pid=MOBHHHBTR7NAWRZV&lid=LSTMOBHHHBTR7NAWRZVPU7S5B&marketplace=FLIPKART&q=smart+phones&store=tyy%2F4io&srno=s_27_642&otracker=search&fm=organic&iid=d421e544-91ea-49ee-b017-b8512bc72407.MOBHHHBTR7NAWRZV.SEARCH&ppt=None&ppn=None&ssid=yu829u52ts0000001790412337507&qH=a5594894156db043&ov_redirect=true,2026-09-26
643,"Tecno Spark Go 3 (Ink Black, 128.0 GB)",Tecno,14999,18999,21% off,4.1,214,15,4 GB RAM,128.0 GB ROM,5000 mAh Lithium Polymer Battery,T7250 Processor,17.12 cm (6.74 inch) HD+ Display,13MP Rear Camera | 8MP Front Camera,,https://www.flipkart.com/tecno-spark-go-3-ink-black-128-0-gb/p/itm2fa7fff320d5a?pid=MOBHQRWNAEPTQP6S&lid=LSTMOBHQRWNAEPTQP6SASFCB2&marketplace=FLIPKART&q=smart+phones&store=tyy%2F4io&srno=s_27_643&otracker=search&fm=organic&iid=d421e544-91ea-49ee-b017-b8512bc72407.MOBHQRWNAEPTQP6S.SEARCH&ppt=None&ppn=None&ssid=yu829u52ts0000001790412337507&qH=a5594894156db043&ov_redirect=true,2026-09-26
644,"Apple iPhone 18 Pro max (Black, 256 GB)",Apple,179900,,,4.8,54,9,,,,"A20 Pro chip, 6 Core Processor Processor",17.53 cm (6.9 inch) Super Retina XDR Display,48MP + 48MP + 48MP | 18MP Front Camera,,https://www.flipkart.com/apple-iphone-18-pro-max-black-256-gb/p/itm34c250ba79166?pid=MOBHQT5JCGM6WJZA&lid=LSTMOBHQT5JCGM6WJZA5L2KCJ&marketplace=FLIPKART&q=smart+phones&store=tyy%2F4io&srno=s_27_644&otracker=search&fm=organic&iid=d421e544-91ea-49ee-b017-b8512bc72407.MOBHQT5JCGM6WJZA.SEARCH&ppt=None&ppn=None&ssid=yu829u52ts0000001790412337507&qH=a5594894156db043&ov_redirect=true,2026-09-26
645,"Tecno Spark Go 3 (Titanium Grey, 128.0 GB)",Tecno,14999,18999,21% off,4.1,214,15,4 GB RAM,128.0 GB ROM,5000 mAh Lithium Polymer Battery,T7250 Processor,17.12 cm (6.74 inch) HD+ Display,13MP Rear Camera | 8MP Front Camera,,https://www.flipkart.com/tecno-spark-go-3-titanium-grey-128-0-gb/p/itm2fa7fff320d5a?pid=MOBHQRWNCYTZYQQT&lid=LSTMOBHQRWNCYTZYQQTNWZAG9&marketplace=FLIPKART&q=smart+phones&store=tyy%2F4io&srno=s_27_645&otracker=search&fm=organic&iid=d421e544-91ea-49ee-b017-b8512bc72407.MOBHQRWNCYTZYQQT.SEARCH&ppt=None&ppn=None&ssid=yu829u52ts0000001790412337507&qH=a5594894156db043&ov_redirect=true,2026-09-26
646,"realme Narzo 100x 5g (Flash Orange, 128 GB)",realme,19732,31999,38% off,4.1,84,10,4 GB RAM,128 GB ROM,8000 mAh Battery,MediaTek Dimensity 6300 Processor,17.3 cm (6.81 inch) HD+ Display,,,https://www.flipkart.com/realme-narzo-100x-5g-flash-orange-128-gb/p/itm66836fc8ecc5e?pid=MOBHPJHZHH5ZUAYS&lid=LSTMOBHPJHZHH5ZUAYSB22TBC&marketplace=FLIPKART&q=smart+phones&store=tyy%2F4io&srno=s_27_646&otracker=search&fm=organic&iid=d421e544-91ea-49ee-b017-b8512bc72407.MOBHPJHZHH5ZUAYS.SEARCH&ppt=None&ppn=None&ssid=yu829u52ts0000001790412337507&qH=a5594894156db043&ov_redirect=true,2026-09-26
647,"realme Narzo 100x 5g (Midnight Black, 128 GB)",realme,19859,31999,37% off,4.1,84,10,4 GB RAM,128 GB ROM,8000 mAh Battery,MediaTek Dimensity 6300 Processor,17.3 cm (6.81 inch) HD+ Display,,,https://www.flipkart.com/realme-narzo-100x-5g-midnight-black-128-gb/p/itm66836fc8ecc5e?pid=MOBHPJGFBGZUZBXG&lid=LSTMOBHPJGFBGZUZBXGCLFAQA&marketplace=FLIPKART&q=smart+phones&store=tyy%2F4io&srno=s_27_647&otracker=search&fm=organic&iid=d421e544-91ea-49ee-b017-b8512bc72407.MOBHPJGFBGZUZBXG.SEARCH&ppt=None&ppn=None&ssid=yu829u52ts0000001790412337507&qH=a5594894156db043&ov_redirect=true,2026-09-26
648,"vivo S2 (Silk White, 256 GB)",vivo,48999,70999,30% off,4.4,527,53,8 GB RAM,256 GB ROM,7050 mAh Lithium-ion Battery,Dimensity 7360-Turbo Processor,17.35 cm (6.83 inch) Full HD+ AMOLED Display,50MP + 2MP | 32MP Front Camera,,https://www.flipkart.com/vivo-s2-silk-white-256-gb/p/itm019d134c8359d?pid=MOBHPGG9TJRPJPWG&lid=LSTMOBHPGG9TJRPJPWGJC5AK6&marketplace=FLIPKART&q=smart+phones&store=tyy%2F4io&srno=s_27_648&otracker=search&fm=organic&iid=d421e544-91ea-49ee-b017-b8512bc72407.MOBHPGG9TJRPJPWG.SEARCH&ppt=None&ppn=None&ssid=yu829u52ts0000001790412337507&qH=a5594894156db043&ov_redirect=true,2026-09-26
649,"realme Narzo 100x 5g (Flash Orange, 256 GB)",realme,26344,39999,34% off,4.2,310,39,6 GB RAM,256 GB ROM,8000 mAh Battery,MediaTek Dimensity 6300 Processor,17.3 cm (6.81 inch) HD+ Display,,,https://www.flipkart.com/realme-narzo-100x-5g-flash-orange-256-gb/p/itm66836fc8ecc5e?pid=MOBHPJG6RCZ8PKC8&lid=LSTMOBHPJG6RCZ8PKC8JEXZKV&marketplace=FLIPKART&q=smart+phones&store=tyy%2F4io&srno=s_28_649&otracker=search&fm=organic&iid=b5e7e9f0-d48e-4571-9fa8-bb7799f35b94.MOBHPJG6RCZ8PKC8.SEARCH&ppt=None&ppn=None&ssid=5tmmf5u0cw0000001790412340136&qH=a5594894156db043&ov_redirect=true,2026-09-26
650,"Samsung Galaxy S26 Ultra 5G (Sky Blue, 512 GB)",Samsung,145998,159999,8% off,4.6,"1,343",353,12 GB RAM,512 GB ROM,5000 mAh Li-ion Battery,Snapdragon 8 Elite Gen 5 Processor,17.53 cm (6.9 inch) Quad HD+ Display,200MP + 50MP | 12MP Front Camera,,https://www.flipkart.com/samsung-galaxy-s26-ultra-5g-sky-blue-512-gb/p/itmf4799d3841c43?pid=MOBHKGAPHZHYA5GQ&lid=LSTMOBHKGAPHZHYA5GQLPZWWE&marketplace=FLIPKART&q=smart+phones&store=tyy%2F4io&srno=s_28_650&otracker=search&fm=organic&iid=b5e7e9f0-d48e-4571-9fa8-bb7799f35b94.MOBHKGAPHZHYA5GQ.SEARCH&ppt=None&ppn=None&ssid=5tmmf5u0cw0000001790412340136&qH=a5594894156db043&ov_redirect=true,2026-09-26
651,"Samsung Galaxy S26 Ultra 5G (Cobalt Violet, 512 GB)",Samsung,159999,,,4.6,"1,343",353,12 GB RAM,512 GB ROM,5000 mAh Li-ion Battery,Snapdragon 8 Elite Gen 5 Processor,17.53 cm (6.9 inch) Quad HD+ Display,200MP + 50MP | 12MP Front Camera,,https://www.flipkart.com/samsung-galaxy-s26-ultra-5g-cobalt-violet-512-gb/p/itmf4799d3841c43?pid=MOBHKGAPGSJRTV6E&lid=LSTMOBHKGAPGSJRTV6E3DIQ3Q&marketplace=FLIPKART&q=smart+phones&store=tyy%2F4io&srno=s_28_651&otracker=search&fm=organic&iid=b5e7e9f0-d48e-4571-9fa8-bb7799f35b94.MOBHKGAPGSJRTV6E.SEARCH&ppt=None&ppn=None&ssid=5tmmf5u0cw0000001790412340136&qH=a5594894156db043&ov_redirect=true,2026-09-26
652,"Samsung Galaxy S26 Ultra 5G (White, 256 GB)",Samsung,130999,139999,6% off,4.6,"1,343",353,12 GB RAM,256 GB ROM,5000 mAh Li-ion Battery,Snapdragon 8 Elite Gen 5 Processor,17.53 cm (6.9 inch) Quad HD+ Display,200MP + 50MP | 12MP Front Camera,,https://www.flipkart.com/samsung-galaxy-s26-ultra-5g-white-256-gb/p/itmf4799d3841c43?pid=MOBHKGAPAUFFEHR5&lid=LSTMOBHKGAPAUFFEHR5AGOERE&marketplace=FLIPKART&q=smart+phones&store=tyy%2F4io&srno=s_28_652&otracker=search&fm=organic&iid=b5e7e9f0-d48e-4571-9fa8-bb7799f35b94.MOBHKGAPAUFFEHR5.SEARCH&ppt=None&ppn=None&ssid=5tmmf5u0cw0000001790412340136&qH=a5594894156db043&ov_redirect=true,2026-09-26
653,"Samsung Galaxy S26 Ultra 5G (White, 512 GB)",Samsung,159999,,,4.6,"1,343",353,12 GB RAM,512 GB ROM,5000 mAh Li-ion Battery,Snapdragon 8 Elite Gen 5 Processor,17.53 cm (6.9 inch) Quad HD+ Display,200MP + 50MP | 12MP Front Camera,,https://www.flipkart.com/samsung-galaxy-s26-ultra-5g-white-512-gb/p/itmf4799d3841c43?pid=MOBHKGAPVZXYFYD5&lid=LSTMOBHKGAPVZXYFYD5VAC2FU&marketplace=FLIPKART&q=smart+phones&store=tyy%2F4io&srno=s_28_653&otracker=search&fm=organic&iid=b5e7e9f0-d48e-4571-9fa8-bb7799f35b94.MOBHKGAPVZXYFYD5.SEARCH&ppt=None&ppn=None&ssid=5tmmf5u0cw0000001790412340136&qH=a5594894156db043&ov_redirect=true,2026-09-26
654,"Tecno POP X 5G (Ripple Green, 128 GB)",Tecno,17962,27999,35% off,3.9,26,2,4 GB RAM,128 GB ROM,6500 mAh Battery,,17.22 cm (6.78 inch) Display,13MP Rear Camera,,https://www.flipkart.com/tecno-pop-x-5g-ripple-green-128-gb/p/itm57a45bbcdf450?pid=MOBHMUXZ7WPNDXXG&lid=LSTMOBHMUXZ7WPNDXXGU1OFL2&marketplace=FLIPKART&q=smart+phones&store=tyy%2F4io&srno=s_28_654&otracker=search&fm=organic&iid=b5e7e9f0-d48e-4571-9fa8-bb7799f35b94.MOBHMUXZ7WPNDXXG.SEARCH&ppt=None&ppn=None&ssid=5tmmf5u0cw0000001790412340136&qH=a5594894156db043&ov_redirect=true,2026-09-26
655,"Samsung Galaxy A07 5G (Light Violet, 128 GB)",Samsung,18999,,,3.9,118,14,4 GB RAM,128 GB ROM,6000 mAh Li-ion Battery,Dimensity 6300 Processor,43.51 cm (17.13 inch) HD+ Display,50MP + 2MP | 8MP Front Camera,,https://www.flipkart.com/samsung-galaxy-a07-5g-light-violet-128-gb/p/itm375542879d8d6?pid=MOBHJXB2YNDNYWWQ&lid=LSTMOBHJXB2YNDNYWWQKSTHIO&marketplace=FLIPKART&q=smart+phones&store=tyy%2F4io&srno=s_28_655&otracker=search&fm=organic&iid=b5e7e9f0-d48e-4571-9fa8-bb7799f35b94.MOBHJXB2YNDNYWWQ.SEARCH&ppt=None&ppn=None&ssid=5tmmf5u0cw0000001790412340136&qH=a5594894156db043&ov_redirect=true,2026-09-26
656,"MOTOROLA edge 70 pro (Marble - PANTONE Lily white (white), 256 GB)",MOTOROLA,39999,69999,42% off,4.3,928,113,8 GB RAM,256 GB ROM,6500 mAh Silicon-Carbon Battery,Dimensity 8500 Extreme Processor,17.27 cm (6.8 inch) Full HD+ Super AMOLED Display,50MP + 50MP | 50MP Front Camera,,https://www.flipkart.com/motorola-edge-70-pro-marble-pantone-lily-white-white-256-gb/p/itma4709685e2671?pid=MOBHN973MHGP4S2S&lid=LSTMOBHN973MHGP4S2SLB0T99&marketplace=FLIPKART&q=smart+phones&store=tyy%2F4io&srno=s_28_656&otracker=search&fm=organic&iid=b5e7e9f0-d48e-4571-9fa8-bb7799f35b94.MOBHN973MHGP4S2S.SEARCH&ppt=None&ppn=None&ssid=5tmmf5u0cw0000001790412340136&qH=a5594894156db043&ov_redirect=true,2026-09-26
657,"vivo S2 (Sapphire Blue, 256 GB)",vivo,48999,70999,30% off,4.4,527,53,8 GB RAM,256 GB ROM,7050 mAh Lithium-ion Battery,Dimensity 7360-Turbo Processor,17.35 cm (6.83 inch) Full HD+ AMOLED Display,50MP + 2MP | 32MP Front Camera,,https://www.flipkart.com/vivo-s2-sapphire-blue-256-gb/p/itm019d134c8359d?pid=MOBHPGG98RMSG6K2&lid=LSTMOBHPGG98RMSG6K2KDH7VU&marketplace=FLIPKART&q=smart+phones&store=tyy%2F4io&srno=s_28_657&otracker=search&fm=organic&iid=b5e7e9f0-d48e-4571-9fa8-bb7799f35b94.MOBHPGG98RMSG6K2.SEARCH&ppt=None&ppn=None&ssid=5tmmf5u0cw0000001790412340136&qH=a5594894156db043&ov_redirect=true,2026-09-26
658,"vivo S2 (Sapphire Blue, 128 GB)",vivo,42999,66999,35% off,4.4,527,53,8 GB RAM,128 GB ROM,7050 mAh Lithium-ion Battery,Dimensity 7360-Turbo Processor,17.35 cm (6.83 inch) Full HD+ AMOLED Display,50MP + 2MP | 32MP Front Camera,,https://www.flipkart.com/vivo-s2-sapphire-blue-128-gb/p/itm019d134c8359d?pid=MOBHPGG9JRTQRRHD&lid=LSTMOBHPGG9JRTQRRHDZFVS5T&marketplace=FLIPKART&q=smart+phones&store=tyy%2F4io&srno=s_28_658&otracker=search&fm=organic&iid=b5e7e9f0-d48e-4571-9fa8-bb7799f35b94.MOBHPGG9JRTQRRHD.SEARCH&ppt=None&ppn=None&ssid=5tmmf5u0cw0000001790412340136&qH=a5594894156db043&ov_redirect=true,2026-09-26
659,"vivo S2 (Regal Bronze, 256 GB)",vivo,48999,70999,30% off,4.4,527,53,8 GB RAM,256 GB ROM,7050 mAh Lithium-ion Battery,Dimensity 7360-Turbo Processor,17.35 cm (6.83 inch) Full HD+ AMOLED Display,50MP + 2MP | 32MP Front Camera,,https://www.flipkart.com/vivo-s2-regal-bronze-256-gb/p/itm019d134c8359d?pid=MOBHPGG9MZTG9H3E&lid=LSTMOBHPGG9MZTG9H3E7RCBRQ&marketplace=FLIPKART&q=smart+phones&store=tyy%2F4io&srno=s_28_659&otracker=search&fm=organic&iid=b5e7e9f0-d48e-4571-9fa8-bb7799f35b94.MOBHPGG9MZTG9H3E.SEARCH&ppt=None&ppn=None&ssid=5tmmf5u0cw0000001790412340136&qH=a5594894156db043&ov_redirect=true,2026-09-26
660,"Infinix GT 30 Pro 5G+ (Blade White, 256 GB)",Infinix,31999,,,4.4,"2,824",267,8 GB RAM,256 GB ROM,5500 mAh Battery,Dimensity 8350 Ultimate Processor,17.22 cm (6.78 inch) Display,108MP + 8MP | 13MP Front Camera,,https://www.flipkart.com/infinix-gt-30-pro-5g-blade-white-256-gb/p/itmd4bc1852572b9?pid=MOBHC645VTTPWXWM&lid=LSTMOBHC645VTTPWXWM43WEJA&marketplace=FLIPKART&q=smart+phones&store=tyy%2F4io&srno=s_28_660&otracker=search&fm=organic&iid=b5e7e9f0-d48e-4571-9fa8-bb7799f35b94.MOBHC645VTTPWXWM.SEARCH&ppt=None&ppn=None&ssid=5tmmf5u0cw0000001790412340136&qH=a5594894156db043&ov_redirect=true,2026-09-26
661,"Infinix GT 30 Pro 5G+ (Dark Flare, 256 GB)",Infinix,31999,,,4.4,"2,824",267,8 GB RAM,256 GB ROM,5500 mAh Battery,Dimensity 8350 Ultimate Processor,17.22 cm (6.78 inch) Full HD+ AMOLED Display,108MP + 8MP | 13MP Front Camera,,https://www.flipkart.com/infinix-gt-30-pro-5g-dark-flare-256-gb/p/itmd4bc1852572b9?pid=MOBHC645WDP8VHJX&lid=LSTMOBHC645WDP8VHJXT0HRMI&marketplace=FLIPKART&q=smart+phones&store=tyy%2F4io&srno=s_28_661&otracker=search&fm=organic&iid=b5e7e9f0-d48e-4571-9fa8-bb7799f35b94.MOBHC645WDP8VHJX.SEARCH&ppt=None&ppn=None&ssid=5tmmf5u0cw0000001790412340136&qH=a5594894156db043&ov_redirect=true,2026-09-26
662,"Apple iPhone 17 (Mist Blue, 256 GB)",Apple,99900,,,4.6,"27,878","2,020",,,,"A19 Chip, 6 Core Processor Processor",16.0 cm (6.3 inch) Super Retina XDR Display,48MP + 48MP | 18MP Front Camera,,https://www.flipkart.com/apple-iphone-17-mist-blue-256-gb/p/itmfd8c16e287599?pid=MOBHQV9YNVS7PXHH&lid=LSTMOBHQV9YNVS7PXHHYQWZJ4&marketplace=FLIPKART&q=smart+phones&store=tyy%2F4io&srno=s_28_662&otracker=search&fm=organic&iid=b5e7e9f0-d48e-4571-9fa8-bb7799f35b94.MOBHQV9YNVS7PXHH.SEARCH&ppt=None&ppn=None&ssid=5tmmf5u0cw0000001790412340136&qH=a5594894156db043&ov_redirect=true,2026-09-26
663,"IQOO 15 5G (Legend, 512 GB)",IQOO,87999,112999,22% off,4.6,170,25,16 GB RAM,512 GB ROM,7000 mAh Battery,,17.4 cm (6.85 inch) Display,50MP Rear Camera,,https://www.flipkart.com/iqoo-15-5g-legend-512-gb/p/itm9db365d8009fa?pid=MOBHGFAZNFZNF9XA&lid=LSTMOBHGFAZNFZNF9XAROP8M1&marketplace=FLIPKART&q=smart+phones&store=tyy%2F4io&srno=s_28_663&otracker=search&fm=organic&iid=b5e7e9f0-d48e-4571-9fa8-bb7799f35b94.MOBHGFAZNFZNF9XA.SEARCH&ppt=None&ppn=None&ssid=5tmmf5u0cw0000001790412340136&qH=a5594894156db043&ov_redirect=true,2026-09-26
664,"Samsung Galaxy S26 Ultra 5G (Cobalt Violet, 1024 GB)",Samsung,180999,189999,4% off,5,5,1,16 GB RAM,1024 GB ROM,5000 mAh Li-ion Battery,Snapdragon 8 Elite Gen 5 Processor,17.53 cm (6.9 inch) Quad HD+ Display,200MP + 50MP | 12MP Front Camera,,https://www.flipkart.com/samsung-galaxy-s26-ultra-5g-cobalt-violet-1024-gb/p/itmf4799d3841c43?pid=MOBHKGAPMASN63J5&lid=LSTMOBHKGAPMASN63J57A0ZLP&marketplace=FLIPKART&q=smart+phones&store=tyy%2F4io&srno=s_28_664&otracker=search&fm=organic&iid=b5e7e9f0-d48e-4571-9fa8-bb7799f35b94.MOBHKGAPMASN63J5.SEARCH&ppt=None&ppn=None&ssid=5tmmf5u0cw0000001790412340136&qH=a5594894156db043&ov_redirect=true,2026-09-26
665,"Ai+ Nova 2 Neo 5G (Orange, 64 GB)",Ai+,14999,17999,16% off,4.3,"2,278",199,4 GB RAM,64 GB ROM,6000 mAh Li-polymer Battery,Dimensity 6300 Processor,17.13 cm (6.745 inch) HD+ Display,48MP Rear Camera | 8MP Front Camera,,https://www.flipkart.com/ai-nova-2-neo-5g-orange-64-gb/p/itm2d0613154b2b6?pid=MOBHZ8ZM8AF5YFNB&lid=LSTMOBHZ8ZM8AF5YFNBYDNL7Y&marketplace=FLIPKART&q=smart+phones&store=tyy%2F4io&srno=s_28_665&otracker=search&fm=organic&iid=b5e7e9f0-d48e-4571-9fa8-bb7799f35b94.MOBHZ8ZM8AF5YFNB.SEARCH&ppt=None&ppn=None&ssid=5tmmf5u0cw0000001790412340136&qH=a5594894156db043&ov_redirect=true,2026-09-26
666,"Samsung Galaxy A07 5G (Black, 128 GB)",Samsung,20857,26999,22% off,4.3,86,7,6 GB RAM,128 GB ROM,6000 mAh Li-ion Battery,Dimensity 6300 Processor,43.51 cm (17.13 inch) HD+ Display,50MP + 2MP | 8MP Front Camera,,https://www.flipkart.com/samsung-galaxy-a07-5g-black-128-gb/p/itm375542879d8d6?pid=MOBHJXB2VAA6ZNTZ&lid=LSTMOBHJXB2VAA6ZNTZSOI2QK&marketplace=FLIPKART&q=smart+phones&store=tyy%2F4io&srno=s_28_666&otracker=search&fm=organic&iid=b5e7e9f0-d48e-4571-9fa8-bb7799f35b94.MOBHJXB2VAA6ZNTZ.SEARCH&ppt=None&ppn=None&ssid=5tmmf5u0cw0000001790412340136&qH=a5594894156db043&ov_redirect=true,2026-09-26
667,"Samsung Galaxy A07 5G (Light Green, 128 GB)",Samsung,18999,,,3.9,118,14,4 GB RAM,128 GB ROM,6000 mAh Li-ion Battery,Dimensity 6300 Processor,43.51 cm (17.13 inch) HD+ Display,50MP + 2MP | 8MP Front Camera,,https://www.flipkart.com/samsung-galaxy-a07-5g-light-green-128-gb/p/itm375542879d8d6?pid=MOBHJXB2U5ZJMWZZ&lid=LSTMOBHJXB2U5ZJMWZZP2IEQA&marketplace=FLIPKART&q=smart+phones&store=tyy%2F4io&srno=s_28_667&otracker=search&fm=organic&iid=b5e7e9f0-d48e-4571-9fa8-bb7799f35b94.MOBHJXB2U5ZJMWZZ.SEARCH&ppt=None&ppn=None&ssid=5tmmf5u0cw0000001790412340136&qH=a5594894156db043&ov_redirect=true,2026-09-26
668,"MOTOROLA Edge 70 Pro+ (Sculpted Wood PANTONE Chicory coffee (Brown), 256 GB)",MOTOROLA,47999,84999,43% off,4.2,526,80,12 GB RAM,256 GB ROM,6500 mAh Silicon-Carbon Battery,Dimensity 8500 Extreme Processor,17.27 cm (6.8 inch) Full HD+ Super AMOLED Display,50MP + 50MP + 50MP | 50MP Front Camera,,https://www.flipkart.com/motorola-edge-70-pro-sculpted-wood-pantone-chicory-coffee-brown-256-gb/p/itm7e0942b4a9030?pid=MOBHHXQRSGJ3MDV7&lid=LSTMOBHHXQRSGJ3MDV7RJCGAR&marketplace=FLIPKART&q=smart+phones&store=tyy%2F4io&srno=s_28_668&otracker=search&fm=organic&iid=b5e7e9f0-d48e-4571-9fa8-bb7799f35b94.MOBHHXQRSGJ3MDV7.SEARCH&ppt=None&ppn=None&ssid=5tmmf5u0cw0000001790412340136&qH=a5594894156db043&ov_redirect=true,2026-09-26
669,"Apple iPhone 16 Plus (Pink, 128 GB)",Apple,79900,,,4.6,"4,331",294,,,,"A18 Chip, 6 Core Processor Processor",17.02 cm (6.7 inch) Super Retina XDR Display,48MP + 12MP | 12MP Front Camera,,https://www.flipkart.com/apple-iphone-16-plus-pink-128-gb/p/itm9761d2a9d8939?pid=MOBH4DQFHZ7NFCME&lid=LSTMOBH4DQFHZ7NFCMEPN9LIZ&marketplace=FLIPKART&q=smart+phones&store=tyy%2F4io&srno=s_28_669&otracker=search&fm=organic&iid=b5e7e9f0-d48e-4571-9fa8-bb7799f35b94.MOBH4DQFHZ7NFCME.SEARCH&ppt=None&ppn=None&ssid=5tmmf5u0cw0000001790412340136&qH=a5594894156db043&ov_redirect=true,2026-09-26
670,"Samsung Galaxy A36 5G (Awesome Lavender, 256 GB)",Samsung,38999,,,4.4,"5,242",808,8 GB RAM,256 GB ROM,5000 mAh Battery,Qualcomm Snapdragon 6 Gen 3 Processor,17.02 cm (6.7 inch) Full HD+ Display,50MP + 8MP | 12MP Front Camera,,https://www.flipkart.com/samsung-galaxy-a36-5g-awesome-lavender-256-gb/p/itma5b5834a73d65?pid=MOBH9RNG3KTYVZKE&lid=LSTMOBH9RNG3KTYVZKEUXWBIT&marketplace=FLIPKART&q=smart+phones&store=tyy%2F4io&srno=s_28_670&otracker=search&fm=organic&iid=b5e7e9f0-d48e-4571-9fa8-bb7799f35b94.MOBH9RNG3KTYVZKE.SEARCH&ppt=None&ppn=None&ssid=5tmmf5u0cw0000001790412340136&qH=a5594894156db043&ov_redirect=true,2026-09-26
671,"realme 16 Pro 5G (Master Gold, 256 GB)",realme,49999,,,4.4,866,84,12 GB RAM,256 GB ROM,7000 mAh Battery,Dimensity 7300 Max Processor,17.22 cm (6.78 inch) Full HD+ Display,200MP + 8MP | 50MP Front Camera,,https://www.flipkart.com/realme-16-pro-5g-master-gold-256-gb/p/itm0f32797c10002?pid=MOBHM8GZ3HE7TASA&lid=LSTMOBHM8GZ3HE7TASACF0CQN&marketplace=FLIPKART&q=smart+phones&store=tyy%2F4io&srno=s_28_671&otracker=search&fm=organic&iid=b5e7e9f0-d48e-4571-9fa8-bb7799f35b94.MOBHM8GZ3HE7TASA.SEARCH&ppt=None&ppn=None&ssid=5tmmf5u0cw0000001790412340136&qH=a5594894156db043&ov_redirect=true,2026-09-26
672,"POCO C81 (Sky Blue, 64 GB)",POCO,13499,19999,32% off,3.7,510,42,4 GB RAM,64 GB ROM,6300 mAh Lithium-Ion Polymer Battery,T7250 Processor,17.53 cm (6.9 inch) Display,13MP Rear Camera | 8MP Front Camera,,https://www.flipkart.com/poco-c81-sky-blue-64-gb/p/itm0636612540aaa?pid=MOBHMYWRYFQZG9PP&lid=LSTMOBHMYWRYFQZG9PP9F6HSP&marketplace=FLIPKART&q=smart+phones&store=tyy%2F4io&srno=s_28_672&otracker=search&fm=organic&iid=b5e7e9f0-d48e-4571-9fa8-bb7799f35b94.MOBHMYWRYFQZG9PP.SEARCH&ppt=None&ppn=None&ssid=5tmmf5u0cw0000001790412340136&qH=a5594894156db043&ov_redirect=true,2026-09-26
673,"vivo S2 (Silk White, 128 GB)",vivo,42999,66999,35% off,4.4,527,53,8 GB RAM,128 GB ROM,7050 mAh Lithium-ion Battery,Dimensity 7360-Turbo Processor,17.35 cm (6.83 inch) Full HD+ AMOLED Display,50MP + 2MP | 32MP Front Camera,,https://www.flipkart.com/vivo-s2-silk-white-128-gb/p/itm019d134c8359d?pid=MOBHPGG9YF8Q3ZF3&lid=LSTMOBHPGG9YF8Q3ZF30GCDUS&marketplace=FLIPKART&q=smart+phones&store=tyy%2F4io&srno=s_29_673&otracker=search&fm=organic&iid=bce5b64d-a27e-43d8-8013-25d2daeb96ed.MOBHPGG9YF8Q3ZF3.SEARCH&ppt=None&ppn=None&ssid=r8786sn4j40000001790412342802&qH=a5594894156db043&ov_redirect=true,2026-09-26
674,"IQOO Z11 lite 5G (Midnight Blue, 128 GB)",IQOO,22699,38499,41% off,3.8,66,6,6 GB RAM,128 GB ROM,6500 mAh Battery,MediaTek Dimensity 6300 Processor,17.12 cm (6.74 inch) Display,50MP Rear Camera,,https://www.flipkart.com/iqoo-z11-lite-5g-midnight-blue-128-gb/p/itmaa919fae95e49?pid=MOBHPMWYHPAZGJ7R&lid=LSTMOBHPMWYHPAZGJ7R2IBPZL&marketplace=FLIPKART&q=smart+phones&store=tyy%2F4io&srno=s_29_674&otracker=search&fm=organic&iid=bce5b64d-a27e-43d8-8013-25d2daeb96ed.MOBHPMWYHPAZGJ7R.SEARCH&ppt=None&ppn=None&ssid=r8786sn4j40000001790412342802&qH=a5594894156db043&ov_redirect=true,2026-09-26
675,"Google Pixel 11 Pro (Fog, 256 GB)",Google,119999,,,4.4,65,13,12 GB RAM,256 GB ROM,4850 mAh Lithium Battery,Tensor G6 Processor,16.0 cm (6.3 inch) Super Actua Display,50MP + 48MP + 48MP | 42MP Front Camera,,https://www.flipkart.com/google-pixel-11-pro-fog-256-gb/p/itm3a05c77195112?pid=MOBHPHNVAUEXFKR4&lid=LSTMOBHPHNVAUEXFKR4RQMMNE&marketplace=FLIPKART&q=smart+phones&store=tyy%2F4io&srno=s_29_675&otracker=search&fm=organic&iid=bce5b64d-a27e-43d8-8013-25d2daeb96ed.MOBHPHNVAUEXFKR4.SEARCH&ppt=None&ppn=None&ssid=r8786sn4j40000001790412342802&qH=a5594894156db043&ov_redirect=true,2026-09-26
676,"REDMI Note-14 Pro+ 5G (Phantom Purple, 128 GB)",REDMI,27218,34999,22% off,4.4,860,67,8 GB RAM,128 GB ROM,6200 mAh Battery,7s Gen 3 Processor,16.94 cm (6.67 inch) Display,50MP + 50MP + 8MP | 20MP Front Camera,,https://www.flipkart.com/redmi-note-14-pro-5g-phantom-purple-128-gb/p/itmf69d377f9a8fb?pid=MOBH8BW3FUDN5Z2P&lid=LSTMOBH8BW3FUDN5Z2PUX6ZVP&marketplace=FLIPKART&q=smart+phones&store=tyy%2F4io&srno=s_29_676&otracker=search&fm=organic&iid=bce5b64d-a27e-43d8-8013-25d2daeb96ed.MOBH8BW3FUDN5Z2P.SEARCH&ppt=None&ppn=None&ssid=r8786sn4j40000001790412342802&qH=a5594894156db043&ov_redirect=true,2026-09-26
677,"Samsung Galaxy S26 Ultra 5G (Cobalt Violet, 256 GB)",Samsung,124940,139999,10% off,4.6,"1,343",353,12 GB RAM,256 GB ROM,5000 mAh Li-ion Battery,Snapdragon 8 Elite Gen 5 Processor,17.53 cm (6.9 inch) Quad HD+ Display,200MP + 50MP | 12MP Front Camera,,https://www.flipkart.com/samsung-galaxy-s26-ultra-5g-cobalt-violet-256-gb/p/itmf4799d3841c43?pid=MOBHKGAPUXRHVXHZ&lid=LSTMOBHKGAPUXRHVXHZWUKACF&marketplace=FLIPKART&q=smart+phones&store=tyy%2F4io&srno=s_29_677&otracker=search&fm=organic&iid=bce5b64d-a27e-43d8-8013-25d2daeb96ed.MOBHKGAPUXRHVXHZ.SEARCH&ppt=None&ppn=None&ssid=r8786sn4j40000001790412342802&qH=a5594894156db043&ov_redirect=true,2026-09-26
678,"Samsung S25 Ultra 5G (Titanium Gray, 256 GB)",Samsung,95828,129999,26% off,4.6,951,87,12 GB RAM,256 GB ROM,5000 mAh Battery,8 Elite for Galaxy Processor,17.53 cm (6.9 inch) Quad HD+ Display,200MP + 50MP + 50MP + 10MP | 12MP Front Camera,,https://www.flipkart.com/samsung-s25-ultra-5g-titanium-gray-256-gb/p/itm566994e00dfc0?pid=MOBH8K8U7F5FKSXA&lid=LSTMOBH8K8U7F5FKSXAOPFHLB&marketplace=FLIPKART&q=smart+phones&store=tyy%2F4io&srno=s_29_678&otracker=search&fm=organic&iid=bce5b64d-a27e-43d8-8013-25d2daeb96ed.MOBH8K8U7F5FKSXA.SEARCH&ppt=None&ppn=None&ssid=r8786sn4j40000001790412342802&qH=a5594894156db043&ov_redirect=true,2026-09-26
679,"Infinix Note edge (Solar Orange, 256 GB)",Infinix,30999,34999,11% off,4.2,447,72,8 GB RAM,256 GB ROM,6500 mAh Battery,Dimensity 7100 Processor,17.22 cm (6.78 inch) Full HD+ AMOLED Display,50MP Rear Camera | 13MP Front Camera,,https://www.flipkart.com/infinix-note-edge-solar-orange-256-gb/p/itm7720c4dde19f1?pid=MOBHN3VZBZY6RGGE&lid=LSTMOBHN3VZBZY6RGGEXAWGSY&marketplace=FLIPKART&q=smart+phones&store=tyy%2F4io&srno=s_29_679&otracker=search&fm=organic&iid=bce5b64d-a27e-43d8-8013-25d2daeb96ed.MOBHN3VZBZY6RGGE.SEARCH&ppt=None&ppn=None&ssid=r8786sn4j40000001790412342802&qH=a5594894156db043&ov_redirect=true,2026-09-26
680,"POCO M7 Plus 5G (Carbon Black, 128 GB)",POCO,18899,19999,5% off,3.7,"4,188",506,4 GB RAM,128 GB ROM,7000 mAh Battery,Snapdragon 6s Gen 3 5G Processor,17.53 cm (6.9 inch) Full HD+ Display,50MP Rear Camera | 8MP Front Camera,5G,https://www.flipkart.com/poco-m7-plus-5g-carbon-black-128-gb/p/itm9b1bceebdc605?pid=MOBHETX6RHPPFCFD&lid=LSTMOBHETX6RHPPFCFDZGVTVP&marketplace=FLIPKART&q=smart+phones&store=tyy%2F4io&srno=s_29_680&otracker=search&fm=organic&iid=bce5b64d-a27e-43d8-8013-25d2daeb96ed.MOBHETX6RHPPFCFD.SEARCH&ppt=None&ppn=None&ssid=r8786sn4j40000001790412342802&qH=a5594894156db043&ov_redirect=true,2026-09-26
681,"MOTOROLA edge 70 pro (Satin-Luxe PANTONE Tea (Green), 256 GB)",MOTOROLA,42999,74999,42% off,4.3,636,83,12 GB RAM,256 GB ROM,6500 mAh Silicon-Carbon Battery,Dimensity 8500 Extreme Processor,17.27 cm (6.8 inch) Full HD+ Super AMOLED Display,50MP + 50MP | 50MP Front Camera,,https://www.flipkart.com/motorola-edge-70-pro-satin-luxe-pantone-tea-green-256-gb/p/itm09856991aebeb?pid=MOBHN973YUTCVRVP&lid=LSTMOBHN973YUTCVRVPPJ4EEO&marketplace=FLIPKART&q=smart+phones&store=tyy%2F4io&srno=s_29_681&otracker=search&fm=organic&iid=bce5b64d-a27e-43d8-8013-25d2daeb96ed.MOBHN973YUTCVRVP.SEARCH&ppt=None&ppn=None&ssid=r8786sn4j40000001790412342802&qH=a5594894156db043&ov_redirect=true,2026-09-26
682,"MOTOROLA Edge 70 Fusion Snapdragon (Pantone ORIENT BLUE, 256 GB)",MOTOROLA,32999,53999,38% off,4.4,"18,338","2,015",8 GB RAM,256 GB ROM,7000 mAh Battery,Snapdragon 7s Gen 4 Processor,17.27 cm (6.8 inch) Super HD Display,50MP + 13MP | 32MP Front Camera,,https://www.flipkart.com/motorola-edge-70-fusion-snapdragon-pantone-orient-blue-256-gb/p/itm7a27850cff10e?pid=MOBHN973YQZFJTNN&lid=LSTMOBHN973YQZFJTNNX5ACVB&marketplace=FLIPKART&q=smart+phones&store=tyy%2F4io&srno=s_29_682&otracker=search&fm=organic&iid=bce5b64d-a27e-43d8-8013-25d2daeb96ed.MOBHN973YQZFJTNN.SEARCH&ppt=None&ppn=None&ssid=r8786sn4j40000001790412342802&qH=a5594894156db043&ov_redirect=true,2026-09-26
683,"MOTOROLA Edge 60 Pro (Pantone Shadow, 512 GB)",MOTOROLA,37999,42999,11% off,4.3,"3,923",408,16 GB RAM,512 GB ROM,6000 mAh Battery,Dimensity 8350 Processor,17.02 cm (6.7 inch) Display,50MP + 50MP + 10MP | 50MP Front Camera,,https://www.flipkart.com/motorola-edge-60-pro-pantone-shadow-512-gb/p/itm88348cb50ac39?pid=MOBHC7EWEUHRV95Q&lid=LSTMOBHC7EWEUHRV95QIEHBAJ&marketplace=FLIPKART&q=smart+phones&store=tyy%2F4io&srno=s_29_683&otracker=search&fm=organic&iid=bce5b64d-a27e-43d8-8013-25d2daeb96ed.MOBHC7EWEUHRV95Q.SEARCH&ppt=None&ppn=None&ssid=r8786sn4j40000001790412342802&qH=a5594894156db043&ov_redirect=true,2026-09-26
684,"realme Gt 7 (Icesense Blue, 512 GB)",realme,48999,52999,7% off,4.5,"1,520",197,12 GB RAM,512 GB ROM,7000 mAh Battery,Dimensity Processor,17.22 cm (6.78 inch) Full HD+ AMOLED Display,50MP + 50MP + 50MP + 8MP | 32MP + 32MP Dual Front Camera,,https://www.flipkart.com/realme-gt-7-icesense-blue-512-gb/p/itm6cc8f84d92e2f?pid=MOBHCM4EZEQ7UHHP&lid=LSTMOBHCM4EZEQ7UHHP0QXCGY&marketplace=FLIPKART&q=smart+phones&store=tyy%2F4io&srno=s_29_684&otracker=search&fm=organic&iid=bce5b64d-a27e-43d8-8013-25d2daeb96ed.MOBHCM4EZEQ7UHHP.SEARCH&ppt=None&ppn=None&ssid=r8786sn4j40000001790412342802&qH=a5594894156db043&ov_redirect=true,2026-09-26
685,"Samsung Galaxy A06 5G (Black, 128 GB)",Samsung,18799,21999,14% off,4.1,270,20,6 GB RAM,128 GB ROM,5000 mAh Li-ion Battery,Dimensity 6300 Processor,17.02 cm (6.7 inch) HD+ Display,50MP + 2MP | 8MP Front Camera,,https://www.flipkart.com/samsung-galaxy-a06-5g-black-128-gb/p/itm94e861540654d?pid=MOBH9GQKPBT5VJHZ&lid=LSTMOBH9GQKPBT5VJHZ5JZPBQ&marketplace=FLIPKART&q=smart+phones&store=tyy%2F4io&srno=s_29_685&otracker=search&fm=organic&iid=bce5b64d-a27e-43d8-8013-25d2daeb96ed.MOBH9GQKPBT5VJHZ.SEARCH&ppt=None&ppn=None&ssid=r8786sn4j40000001790412342802&qH=a5594894156db043&ov_redirect=true,2026-09-26
686,"realme Gt 7 (Icesense Black, 256 GB)",realme,44999,48999,8% off,4.5,"1,520",197,12 GB RAM,256 GB ROM,7000 mAh Battery,Dimensity Processor,17.22 cm (6.78 inch) Full HD+ AMOLED Display,50MP + 50MP + 50MP + 8MP | 32MP + 32MP Dual Front Camera,,https://www.flipkart.com/realme-gt-7-icesense-black-256-gb/p/itm6cc8f84d92e2f?pid=MOBHCZYZJZ9VYSQ2&lid=LSTMOBHCZYZJZ9VYSQ2C23L9G&marketplace=FLIPKART&q=smart+phones&store=tyy%2F4io&srno=s_29_686&otracker=search&fm=organic&iid=bce5b64d-a27e-43d8-8013-25d2daeb96ed.MOBHCZYZJZ9VYSQ2.SEARCH&ppt=None&ppn=None&ssid=r8786sn4j40000001790412342802&qH=a5594894156db043&ov_redirect=true,2026-09-26
687,"REDMI 15A (Awesome Blue, 128 GB)",REDMI,20493,30999,33% off,4,202,21,6 GB RAM,128 GB ROM,6300 mAh Lithium-Ion Polymer Battery,T8300 Processor,17.53 cm (6.9 inch) Display,32MP Rear Camera | 8MP Front Camera,,https://www.flipkart.com/redmi-15a-awesome-blue-128-gb/p/itm282fe6e58265d?pid=MOBHPDZDVSUQZHRW&lid=LSTMOBHPDZDVSUQZHRWXTPMEW&marketplace=FLIPKART&q=smart+phones&store=tyy%2F4io&srno=s_29_687&otracker=search&fm=organic&iid=bce5b64d-a27e-43d8-8013-25d2daeb96ed.MOBHPDZDVSUQZHRW.SEARCH&ppt=None&ppn=None&ssid=r8786sn4j40000001790412342802&qH=a5594894156db043&ov_redirect=true,2026-09-26
688,"REDMI A7 Pro (Black, 64 GB)",REDMI,13993,26999,48% off,3.7,520,40,4 GB RAM,64 GB ROM,6300 mAh Lithium-Ion Battery,T7250 Processor,17.53 cm (6.9 inch) HD+ Display,13MP Rear Camera | 8MP Front Camera,,https://www.flipkart.com/redmi-a7-pro-black-64-gb/p/itmcf2e786ec3cbc?pid=MOBHN3M57ZZGZFVS&lid=LSTMOBHN3M57ZZGZFVSXXMGVX&marketplace=FLIPKART&q=smart+phones&store=tyy%2F4io&srno=s_29_688&otracker=search&fm=organic&iid=bce5b64d-a27e-43d8-8013-25d2daeb96ed.MOBHN3M57ZZGZFVS.SEARCH&ppt=None&ppn=None&ssid=r8786sn4j40000001790412342802&qH=a5594894156db043&ov_redirect=true,2026-09-26
689,"OPPO A78 5G (Glowing Blue, 128 GB)",OPPO,21999,,,4.3,"6,394",395,8 GB RAM,128 GB ROM,5000 mAh Battery,6833 Processor,16.66 cm (6.56 inch) HD+ Display,50MP + 2MP | 8MP Front Camera,,https://www.flipkart.com/oppo-a78-5g-glowing-blue-128-gb/p/itmf1eeaf323aaa5?pid=MOBGRFUGZJ8DHGKY&lid=LSTMOBGRFUGZJ8DHGKYMGWUD4&marketplace=FLIPKART&q=smart+phones&store=tyy%2F4io&srno=s_29_689&otracker=search&fm=organic&iid=bce5b64d-a27e-43d8-8013-25d2daeb96ed.MOBGRFUGZJ8DHGKY.SEARCH&ppt=None&ppn=None&ssid=r8786sn4j40000001790412342802&qH=a5594894156db043&ov_redirect=true,2026-09-26
690,"Samsung A36 5G (Dark Blue, 128 GB)",Samsung,36999,39499,6% off,4.3,654,83,8 GB RAM,128 GB ROM,5000 mAh Battery,Qualcomm Snapdragon 6 Gen 3 Processor,17.02 cm (6.7 inch) Full HD+ Display,50MP + 8MP | 12MP Front Camera,,https://www.flipkart.com/samsung-a36-5g-dark-blue-128-gb/p/itm2efbf47502056?pid=MOBHNJ8FRCKPXUAS&lid=LSTMOBHNJ8FRCKPXUASBKRTYR&marketplace=FLIPKART&q=smart+phones&store=tyy%2F4io&srno=s_29_690&otracker=search&fm=organic&iid=bce5b64d-a27e-43d8-8013-25d2daeb96ed.MOBHNJ8FRCKPXUAS.SEARCH&ppt=None&ppn=None&ssid=r8786sn4j40000001790412342802&qH=a5594894156db043&ov_redirect=true,2026-09-26
691,"REDMI 15C 5G (Midnight Black, 128 GB)",REDMI,17734,29999,40% off,3.7,856,93,4 GB RAM,128 GB ROM,6000 mAh Battery,,17.53 cm (6.9 inch) Display,50MP Rear Camera,,https://www.flipkart.com/redmi-15c-5g-midnight-black-128-gb/p/itmc1345bb45eef3?pid=MOBHGGZ2GQJYZZPG&lid=LSTMOBHGGZ2GQJYZZPGR3YCJF&marketplace=FLIPKART&q=smart+phones&store=tyy%2F4io&srno=s_29_691&otracker=search&fm=organic&iid=bce5b64d-a27e-43d8-8013-25d2daeb96ed.MOBHGGZ2GQJYZZPG.SEARCH&ppt=None&ppn=None&ssid=r8786sn4j40000001790412342802&qH=a5594894156db043&ov_redirect=true,2026-09-26
692,"POCO F6 5G (Black, 512 GB)",POCO,33999,37999,10% off,4.3,"9,148",910,12 GB RAM,512 GB ROM,5000 mAh Battery,8s Gen3 Processor,16.94 cm (6.67 inch) Display,50MP (OIS) + 8MP | 20MP Front Camera,,https://www.flipkart.com/poco-f6-5g-black-512-gb/p/itm4b341425e7e8a?pid=MOBHYUZGAYG8QJKP&lid=LSTMOBHYUZGAYG8QJKPKU8SGJ&marketplace=FLIPKART&q=smart+phones&store=tyy%2F4io&srno=s_29_692&otracker=search&fm=organic&iid=bce5b64d-a27e-43d8-8013-25d2daeb96ed.MOBHYUZGAYG8QJKP.SEARCH&ppt=None&ppn=None&ssid=r8786sn4j40000001790412342802&qH=a5594894156db043&ov_redirect=true,2026-09-26
693,"realme Narzo 80 Lite (See Blue, 64 GB)",realme,14245,16999,16% off,4.2,"3,480",185,4 GB RAM,64 GB ROM,6300 mAh Battery,,17.09 cm (6.73 inch) Display,13MP Rear Camera,,https://www.flipkart.com/realme-narzo-80-lite-see-blue-64-gb/p/itmb8ad4180e2d80?pid=MOBHP3W8ESQHPZNP&lid=LSTMOBHP3W8ESQHPZNPXTCEDO&marketplace=FLIPKART&q=smart+phones&store=tyy%2F4io&srno=s_29_693&otracker=search&fm=organic&iid=bce5b64d-a27e-43d8-8013-25d2daeb96ed.MOBHP3W8ESQHPZNP.SEARCH&ppt=None&ppn=None&ssid=r8786sn4j40000001790412342802&qH=a5594894156db043&ov_redirect=true,2026-09-26
694,"MOTOROLA g37 power (PANTONE Impenetrable, 64 GB)",MOTOROLA,19999,26499,24% off,4.2,"9,228",831,4 GB RAM,64 GB ROM,7000 mAh Battery,Dimensity 6400 Processor,16.92 cm (6.66 inch) HD+ Display,50MP Rear Camera | 8MP Front Camera,,https://www.flipkart.com/motorola-g37-power-pantone-impenetrable-64-gb/p/itm81d7e4cd8df99?pid=MOBHMHG6CCNS5UWR&lid=LSTMOBHMHG6CCNS5UWRI3ZOW4&marketplace=FLIPKART&q=smart+phones&store=tyy%2F4io&srno=s_29_694&otracker=search&fm=organic&iid=bce5b64d-a27e-43d8-8013-25d2daeb96ed.MOBHMHG6CCNS5UWR.SEARCH&ppt=None&ppn=None&ssid=r8786sn4j40000001790412342802&qH=a5594894156db043&ov_redirect=true,2026-09-26
695,"Samsung Galaxy A07 5G (Light Green, 128 GB)",Samsung,20439,26999,24% off,4.3,86,7,6 GB RAM,128 GB ROM,6000 mAh Li-ion Battery,Dimensity 6300 Processor,43.51 cm (17.13 inch) HD+ Display,50MP + 2MP | 8MP Front Camera,,https://www.flipkart.com/samsung-galaxy-a07-5g-light-green-128-gb/p/itm375542879d8d6?pid=MOBHJXB2ZS4EAG64&lid=LSTMOBHJXB2ZS4EAG64PNG9N6&marketplace=FLIPKART&q=smart+phones&store=tyy%2F4io&srno=s_29_695&otracker=search&fm=organic&iid=bce5b64d-a27e-43d8-8013-25d2daeb96ed.MOBHJXB2ZS4EAG64.SEARCH&ppt=None&ppn=None&ssid=r8786sn4j40000001790412342802&qH=a5594894156db043&ov_redirect=true,2026-09-26
696,"MOTOROLA edge 70 pro (Marble - PANTONE Lily white (white), 256 GB)",MOTOROLA,42999,74999,42% off,4.3,636,83,12 GB RAM,256 GB ROM,6500 mAh Silicon-Carbon Battery,Dimensity 8500 Extreme Processor,17.27 cm (6.8 inch) Full HD+ Super AMOLED Display,50MP + 50MP | 50MP Front Camera,,https://www.flipkart.com/motorola-edge-70-pro-marble-pantone-lily-white-white-256-gb/p/itmb8ecc42418420?pid=MOBHN9739XAPWTP3&lid=LSTMOBHN9739XAPWTP3GCQCKH&marketplace=FLIPKART&q=smart+phones&store=tyy%2F4io&srno=s_29_696&otracker=search&fm=organic&iid=bce5b64d-a27e-43d8-8013-25d2daeb96ed.MOBHN9739XAPWTP3.SEARCH&ppt=None&ppn=None&ssid=r8786sn4j40000001790412342802&qH=a5594894156db043&ov_redirect=true,2026-09-26
697,"Ai+ Nova 2 Neo 5G (Orange, 128 GB)",Ai+,16999,19999,15% off,4.2,"1,033",95,6 GB RAM,128 GB ROM,6000 mAh Li-polymer Battery,Dimensity 6300 Processor,17.13 cm (6.745 inch) HD+ Display,48MP Rear Camera | 8MP Front Camera,,https://www.flipkart.com/ai-nova-2-neo-5g-orange-128-gb/p/itmfca92a556ae02?pid=MOBHZ8ZMYNAZJEK9&lid=LSTMOBHZ8ZMYNAZJEK9IZBBXV&marketplace=FLIPKART&q=smart+phones&store=tyy%2F4io&srno=s_30_697&otracker=search&fm=organic&iid=6bf1e08b-81d9-48bf-9055-4324f0ccdcd6.MOBHZ8ZMYNAZJEK9.SEARCH&ppt=None&ppn=None&ssid=g7dbs9v35s0000001790412345449&qH=a5594894156db043&ov_redirect=true,2026-09-26
698,"Infinix Note edge (Lunar Titanium, 128 GB)",Infinix,23999,29999,20% off,4.2,447,72,8 GB RAM,128 GB ROM,6500 mAh Battery,Dimensity 7100 Processor,17.22 cm (6.78 inch) Full HD+ AMOLED Display,50MP Rear Camera | 13MP Front Camera,,https://www.flipkart.com/infinix-note-edge-lunar-titanium-128-gb/p/itmab2876405a1ab?pid=MOBHKCV7ZGHABQFG&lid=LSTMOBHKCV7ZGHABQFGXAZBJI&marketplace=FLIPKART&q=smart+phones&store=tyy%2F4io&srno=s_30_698&otracker=search&fm=organic&iid=6bf1e08b-81d9-48bf-9055-4324f0ccdcd6.MOBHKCV7ZGHABQFG.SEARCH&ppt=None&ppn=None&ssid=g7dbs9v35s0000001790412345449&qH=a5594894156db043&ov_redirect=true,2026-09-26
699,"Infinix Note edge (Solar Orange, 128 GB)",Infinix,26999,,,4.2,725,101,6 GB RAM,128 GB ROM,6500 mAh Battery,Dimensity 7100 Processor,17.22 cm (6.78 inch) Full HD+ AMOLED Display,50MP Rear Camera | 13MP Front Camera,,https://www.flipkart.com/infinix-note-edge-solar-orange-128-gb/p/itmab2876405a1ab?pid=MOBHN3VZCZ7FRKUN&lid=LSTMOBHN3VZCZ7FRKUN7LPUCY&marketplace=FLIPKART&q=smart+phones&store=tyy%2F4io&srno=s_30_699&otracker=search&fm=organic&iid=6bf1e08b-81d9-48bf-9055-4324f0ccdcd6.MOBHN3VZCZ7FRKUN.SEARCH&ppt=None&ppn=None&ssid=g7dbs9v35s0000001790412345449&qH=a5594894156db043&ov_redirect=true,2026-09-26
700,"realme 16 Pro+ 5G (Master Grey, 256 GB)",realme,58999,,,4.5,926,140,12 GB RAM,256 GB ROM,7000 mAh Battery,7 Gen 4 Processor,17.27 cm (6.8 inch) Full HD+ AMOLED Display,200MP + 50MP + 8MP | 50MP Front Camera,,https://www.flipkart.com/realme-16-pro-5g-master-grey-256-gb/p/itmf8e5c193facd1?pid=MOBHMSFHYFWGPU4Z&lid=LSTMOBHMSFHYFWGPU4ZNJK5DY&marketplace=FLIPKART&q=smart+phones&store=tyy%2F4io&srno=s_30_700&otracker=search&fm=organic&iid=6bf1e08b-81d9-48bf-9055-4324f0ccdcd6.MOBHMSFHYFWGPU4Z.SEARCH&ppt=None&ppn=None&ssid=g7dbs9v35s0000001790412345449&qH=a5594894156db043&ov_redirect=true,2026-09-26
701,"realme 16 Pro+ 5G (Master Gold, 256 GB)",realme,58999,,,4.5,926,140,12 GB RAM,256 GB ROM,7000 mAh Battery,7 Gen 4 Processor,17.27 cm (6.8 inch) Full HD+ AMOLED Display,200MP + 50MP + 8MP | 50MP Front Camera,,https://www.flipkart.com/realme-16-pro-5g-master-gold-256-gb/p/itmf8e5c193facd1?pid=MOBHMSFHRUYT8MHQ&lid=LSTMOBHMSFHRUYT8MHQPABSYR&marketplace=FLIPKART&q=smart+phones&store=tyy%2F4io&srno=s_30_701&otracker=search&fm=organic&iid=6bf1e08b-81d9-48bf-9055-4324f0ccdcd6.MOBHMSFHRUYT8MHQ.SEARCH&ppt=None&ppn=None&ssid=g7dbs9v35s0000001790412345449&qH=a5594894156db043&ov_redirect=true,2026-09-26
702,"IQOO Z10 Lite 5G (Cyber Green, 64 GB)",IQOO,17500,27999,37% off,4.1,"4,636",270,4 GB RAM,64 GB ROM,6000 mAh Battery,,17.12 cm (6.74 inch) Display,50MP Rear Camera,,https://www.flipkart.com/iqoo-z10-lite-5g-cyber-green-64-gb/p/itmb57aad9fe876e?pid=MOBHJZJEZXP4TGPE&lid=LSTMOBHJZJEZXP4TGPEWJCKT2&marketplace=FLIPKART&q=smart+phones&store=tyy%2F4io&srno=s_30_702&otracker=search&fm=organic&iid=6bf1e08b-81d9-48bf-9055-4324f0ccdcd6.MOBHJZJEZXP4TGPE.SEARCH&ppt=None&ppn=None&ssid=g7dbs9v35s0000001790412345449&qH=a5594894156db043&ov_redirect=true,2026-09-26
703,"IQOO Z10 Lite 5G (Titanium Blue, 64 GB)",IQOO,17200,27999,38% off,4.1,"4,636",270,4 GB RAM,64 GB ROM,6000 mAh Battery,,17.12 cm (6.74 inch) Display,50MP Rear Camera,,https://www.flipkart.com/iqoo-z10-lite-5g-titanium-blue-64-gb/p/itmb57aad9fe876e?pid=MOBHJZJAT8ZUFYAG&lid=LSTMOBHJZJAT8ZUFYAGDYXLDJ&marketplace=FLIPKART&q=smart+phones&store=tyy%2F4io&srno=s_30_703&otracker=search&fm=organic&iid=6bf1e08b-81d9-48bf-9055-4324f0ccdcd6.MOBHJZJAT8ZUFYAG.SEARCH&ppt=None&ppn=None&ssid=g7dbs9v35s0000001790412345449&qH=a5594894156db043&ov_redirect=true,2026-09-26
704,"POCO X8 Power 5G (Black, 128 GB)",POCO,35999,79999,55% off,4.3,226,62,8 GB RAM,128 GB ROM,10000 mAh Lithium-Ion Polymer Battery,6 Gen 5 Processor,17.35 cm (6.83 inch) Full HD+ AMOLED Display,50MP + 8MP | 32MP Front Camera,,https://www.flipkart.com/poco-x8-power-5g-black-128-gb/p/itmfa3bb120ffe34?pid=MOBHQ6XZQ52XVZ9U&lid=LSTMOBHQ6XZQ52XVZ9UPWRBXR&marketplace=FLIPKART&q=smart+phones&store=tyy%2F4io&srno=s_30_704&otracker=search&fm=organic&iid=6bf1e08b-81d9-48bf-9055-4324f0ccdcd6.MOBHQ6XZQ52XVZ9U.SEARCH&ppt=None&ppn=None&ssid=g7dbs9v35s0000001790412345449&qH=a5594894156db043&ov_redirect=true,2026-09-26
705,"Samsung Galaxy A07 5G (Light Violet, 128 GB)",Samsung,21199,26999,21% off,4.3,86,7,6 GB RAM,128 GB ROM,6000 mAh Li-ion Battery,Dimensity 6300 Processor,43.51 cm (17.13 inch) HD+ Display,50MP + 2MP | 8MP Front Camera,,https://www.flipkart.com/samsung-galaxy-a07-5g-light-violet-128-gb/p/itm375542879d8d6?pid=MOBHJXB2ZGF23HHU&lid=LSTMOBHJXB2ZGF23HHUZZSGOF&marketplace=FLIPKART&q=smart+phones&store=tyy%2F4io&srno=s_30_705&otracker=search&fm=organic&iid=6bf1e08b-81d9-48bf-9055-4324f0ccdcd6.MOBHJXB2ZGF23HHU.SEARCH&ppt=None&ppn=None&ssid=g7dbs9v35s0000001790412345449&qH=a5594894156db043&ov_redirect=true,2026-09-26
706,"IQOO Z11 lite 5G (Solar Flame, 128 GB)",IQOO,22995,38499,40% off,3.8,66,6,6 GB RAM,128 GB ROM,6500 mAh Battery,MediaTek Dimensity 6300 Processor,17.12 cm (6.74 inch) Display,50MP Rear Camera,,https://www.flipkart.com/iqoo-z11-lite-5g-solar-flame-128-gb/p/itmaa919fae95e49?pid=MOBHPMVXCMKZH2QT&lid=LSTMOBHPMVXCMKZH2QTVH7H8C&marketplace=FLIPKART&q=smart+phones&store=tyy%2F4io&srno=s_30_706&otracker=search&fm=organic&iid=6bf1e08b-81d9-48bf-9055-4324f0ccdcd6.MOBHPMVXCMKZH2QT.SEARCH&ppt=None&ppn=None&ssid=g7dbs9v35s0000001790412345449&qH=a5594894156db043&ov_redirect=true,2026-09-26
707,"IQOO Z10 Lite 5G (Titanium Blue, 128 GB)",IQOO,19920,28999,31% off,4.1,"4,636",270,4 GB RAM,128 GB ROM,6000 mAh Battery,,17.12 cm (6.74 inch) Display,50MP Rear Camera,,https://www.flipkart.com/iqoo-z10-lite-5g-titanium-blue-128-gb/p/itmb57aad9fe876e?pid=MOBHDGDJNMMPPPMW&lid=LSTMOBHDGDJNMMPPPMWYXT6GQ&marketplace=FLIPKART&q=smart+phones&store=tyy%2F4io&srno=s_30_707&otracker=search&fm=organic&iid=6bf1e08b-81d9-48bf-9055-4324f0ccdcd6.MOBHDGDJNMMPPPMW.SEARCH&ppt=None&ppn=None&ssid=g7dbs9v35s0000001790412345449&qH=a5594894156db043&ov_redirect=true,2026-09-26
708,"REDMI Note-14 Pro+ 5G (Titan Black, 256 GB)",REDMI,30828,36999,16% off,4.4,860,67,8 GB RAM,256 GB ROM,6200 mAh Battery,7s Gen 3 Processor,16.94 cm (6.67 inch) Display,50MP + 50MP + 8MP | 20MP Front Camera,,https://www.flipkart.com/redmi-note-14-pro-5g-titan-black-256-gb/p/itmf69d377f9a8fb?pid=MOBH8BW3N8F3GPUP&lid=LSTMOBH8BW3N8F3GPUPRYKSQO&marketplace=FLIPKART&q=smart+phones&store=tyy%2F4io&srno=s_30_708&otracker=search&fm=organic&iid=6bf1e08b-81d9-48bf-9055-4324f0ccdcd6.MOBH8BW3N8F3GPUP.SEARCH&ppt=None&ppn=None&ssid=g7dbs9v35s0000001790412345449&qH=a5594894156db043&ov_redirect=true,2026-09-26
709,"REDMI Note 15 5G (Mist Purple, 128 GB)",REDMI,28990,36490,20% off,4.4,"1,230",88,8 GB RAM,128 GB ROM,5520 mAh Battery,,17.2 cm (6.77 inch) Display,108MP Rear Camera,,https://www.flipkart.com/redmi-note-15-5g-mist-purple-128-gb/p/itm7cb24e3c40189?pid=MOBHJHPUHHB2BGYY&lid=LSTMOBHJHPUHHB2BGYYOTJIVE&marketplace=FLIPKART&q=smart+phones&store=tyy%2F4io&srno=s_30_709&otracker=search&fm=organic&iid=6bf1e08b-81d9-48bf-9055-4324f0ccdcd6.MOBHJHPUHHB2BGYY.SEARCH&ppt=None&ppn=None&ssid=g7dbs9v35s0000001790412345449&qH=a5594894156db043&ov_redirect=true,2026-09-26
710,"Apple iPhone 16e (White, 256 GB)",Apple,69900,,,4.5,"1,444",109,,,,"A18 Chip, 6 Core Processor",15.49 cm (6.1 inch) Super Retina XDR Display,48MP Rear Camera | 12MP Front Camera,,https://www.flipkart.com/apple-iphone-16e-white-256-gb/p/itm20137f3cfd0e6?pid=MOBH9JVHAKWSEHH6&lid=LSTMOBH9JVHAKWSEHH65YWHN8&marketplace=FLIPKART&q=smart+phones&store=tyy%2F4io&srno=s_30_710&otracker=search&fm=organic&iid=6bf1e08b-81d9-48bf-9055-4324f0ccdcd6.MOBH9JVHAKWSEHH6.SEARCH&ppt=None&ppn=None&ssid=g7dbs9v35s0000001790412345449&qH=a5594894156db043&ov_redirect=true,2026-09-26
711,"REDMI Note-14 Pro 5G (Titan Black, 256 GB)",REDMI,28280,30999,8% off,4.3,"1,215",90,8 GB RAM,256 GB ROM,5500 mAh Battery,Dimensity 7300 Ultra Processor,16.94 cm (6.67 inch) Display,50MP + 8MP + 2MP | 20MP Front Camera,,https://www.flipkart.com/redmi-note-14-pro-5g-titan-black-256-gb/p/itm124f940049e20?pid=MOBH8BW3WGVWHPHF&lid=LSTMOBH8BW3WGVWHPHFMBGASM&marketplace=FLIPKART&q=smart+phones&store=tyy%2F4io&srno=s_30_711&otracker=search&fm=organic&iid=6bf1e08b-81d9-48bf-9055-4324f0ccdcd6.MOBH8BW3WGVWHPHF.SEARCH&ppt=None&ppn=None&ssid=g7dbs9v35s0000001790412345449&qH=a5594894156db043&ov_redirect=true,2026-09-26
712,"POCO C85 5G (Mystic Purple, 128 GB)",POCO,16399,20999,21% off,3.8,"2,710",291,4 GB RAM,128 GB ROM,6000 mAh Lithium-Ion Polymer Battery,Dimensity 6300 Processor,17.53 cm (6.9 inch) HD+ Display,50MP Rear Camera | 8MP Front Camera,,https://www.flipkart.com/poco-c85-5g-mystic-purple-128-gb/p/itm74e2143a5de24?pid=MOBHMGG5UZHEVJBK&lid=LSTMOBHMGG5UZHEVJBKGQRQDY&marketplace=FLIPKART&q=smart+phones&store=tyy%2F4io&srno=s_30_712&otracker=search&fm=organic&iid=6bf1e08b-81d9-48bf-9055-4324f0ccdcd6.MOBHMGG5UZHEVJBK.SEARCH&ppt=None&ppn=None&ssid=g7dbs9v35s0000001790412345449&qH=a5594894156db043&ov_redirect=true,2026-09-26
713,"Google Pixel 11 (Frost, 256 GB)",Google,89999,,,4.5,364,65,12 GB RAM,256 GB ROM,4985 mAh Lithium Battery,Tensor G6 Processor,16.0 cm (6.3 inch) Actua Display,48MP + 13MP + 10.8MP | 10.5MP Front Camera,,https://www.flipkart.com/google-pixel-11-frost-256-gb/p/itmc51935a8001b1?pid=MOBHPHNVEC2P4WV3&lid=LSTMOBHPHNVEC2P4WV3UCPNQ6&marketplace=FLIPKART&q=smart+phones&store=tyy%2F4io&srno=s_30_713&otracker=search&fm=organic&iid=6bf1e08b-81d9-48bf-9055-4324f0ccdcd6.MOBHPHNVEC2P4WV3.SEARCH&ppt=None&ppn=None&ssid=g7dbs9v35s0000001790412345449&qH=a5594894156db043&ov_redirect=true,2026-09-26
714,"Samsung Galaxy S26 Ultra 5G (Black, 512 GB)",Samsung,159999,,,4.6,"1,343",353,12 GB RAM,512 GB ROM,5000 mAh Li-ion Battery,Snapdragon 8 Elite Gen 5 Processor,17.53 cm (6.9 inch) Quad HD+ Display,200MP + 50MP | 12MP Front Camera,,https://www.flipkart.com/samsung-galaxy-s26-ultra-5g-black-512-gb/p/itmf4799d3841c43?pid=MOBHKGAPBMXRGGXZ&lid=LSTMOBHKGAPBMXRGGXZOTMRQY&marketplace=FLIPKART&q=smart+phones&store=tyy%2F4io&srno=s_30_714&otracker=search&fm=organic&iid=6bf1e08b-81d9-48bf-9055-4324f0ccdcd6.MOBHKGAPBMXRGGXZ.SEARCH&ppt=None&ppn=None&ssid=g7dbs9v35s0000001790412345449&qH=a5594894156db043&ov_redirect=true,2026-09-26
715,"Ai+ Nova 2 5G (Black, 128 GB)",Ai+,14499,17499,17% off,4.2,"6,969",384,4 GB RAM,128 GB ROM,6000 mAh Battery,T8200 Processor,17.13 cm (6.745 inch) HD+ Display,50MP Rear Camera | 8MP Front Camera,,https://www.flipkart.com/ai-nova-2-5g-black-128-gb/p/itm8d7185004fb8a?pid=MOBHZPMCQYM4NVPC&lid=LSTMOBHZPMCQYM4NVPC2OYZJA&marketplace=FLIPKART&q=smart+phones&store=tyy%2F4io&srno=s_30_715&otracker=search&fm=organic&iid=6bf1e08b-81d9-48bf-9055-4324f0ccdcd6.MOBHZPMCQYM4NVPC.SEARCH&ppt=None&ppn=None&ssid=g7dbs9v35s0000001790412345449&qH=a5594894156db043&ov_redirect=true,2026-09-26
716,"realme P4 Power 5G (TransSilver, 256 GB)",realme,34999,,,4.4,"8,530",890,8 GB RAM,256 GB ROM,10001 mAh Battery,Dimensity 7400 Ultra Processor,17.27 cm (6.8 inch) Full HD+ AMOLED Display,,,https://www.flipkart.com/realme-p4-power-5g-transsilver-256-gb/p/itm49784b322aad0?pid=MOBHJHSHPRM435M6&lid=LSTMOBHJHSHPRM435M69IRNJQ&marketplace=FLIPKART&q=smart+phones&store=tyy%2F4io&srno=s_30_716&otracker=search&fm=organic&iid=6bf1e08b-81d9-48bf-9055-4324f0ccdcd6.MOBHJHSHPRM435M6.SEARCH&ppt=None&ppn=None&ssid=g7dbs9v35s0000001790412345449&qH=a5594894156db043&ov_redirect=true,2026-09-26
717,"realme P4 Power 5G (TransSilver, 256 GB)",realme,37999,,,4.4,"1,857",256,12 GB RAM,256 GB ROM,10001 mAh Battery,Dimensity 7400 Ultra Processor,17.27 cm (6.8 inch) Full HD+ AMOLED Display,,,https://www.flipkart.com/realme-p4-power-5g-transsilver-256-gb/p/itm49784b322aad0?pid=MOBHJHSHGY5GKFFK&lid=LSTMOBHJHSHGY5GKFFKBCSLLN&marketplace=FLIPKART&q=smart+phones&store=tyy%2F4io&srno=s_30_717&otracker=search&fm=organic&iid=6bf1e08b-81d9-48bf-9055-4324f0ccdcd6.MOBHJHSHGY5GKFFK.SEARCH&ppt=None&ppn=None&ssid=g7dbs9v35s0000001790412345449&qH=a5594894156db043&ov_redirect=true,2026-09-26
718,"REDMI Note-14 Pro 5G (Ivy Green, 128 GB)",REDMI,26498,28999,8% off,4.3,"1,215",90,8 GB RAM,128 GB ROM,5500 mAh Battery,Dimensity 7300 Ultra Processor,16.94 cm (6.67 inch) Display,50MP + 8MP + 2MP | 20MP Front Camera,,https://www.flipkart.com/redmi-note-14-pro-5g-ivy-green-128-gb/p/itm124f940049e20?pid=MOBH8BW3VHHEVGTG&lid=LSTMOBH8BW3VHHEVGTGGTMWNS&marketplace=FLIPKART&q=smart+phones&store=tyy%2F4io&srno=s_30_718&otracker=search&fm=organic&iid=6bf1e08b-81d9-48bf-9055-4324f0ccdcd6.MOBH8BW3VHHEVGTG.SEARCH&ppt=None&ppn=None&ssid=g7dbs9v35s0000001790412345449&qH=a5594894156db043&ov_redirect=true,2026-09-26
719,"LAVA Bold N2 5G (Billionaire Blue, 64 GB)",LAVA,14479,15999,9% off,4.6,16,2,4 GB RAM,64 GB ROM,6000 mAh Battery,Mediatek Processor,17.14 cm (6.75 inch) HD+ Display,13MP Rear Camera,,https://www.flipkart.com/lava-bold-n2-5g-billionaire-blue-64-gb/p/itmcc38eff4ebd1d?pid=MOBHZ8RGXVQSXUZF&lid=LSTMOBHZ8RGXVQSXUZF15HSC2&marketplace=FLIPKART&q=smart+phones&store=tyy%2F4io&srno=s_30_719&otracker=search&fm=organic&iid=6bf1e08b-81d9-48bf-9055-4324f0ccdcd6.MOBHZ8RGXVQSXUZF.SEARCH&ppt=None&ppn=None&ssid=g7dbs9v35s0000001790412345449&qH=a5594894156db043&ov_redirect=true,2026-09-26
720,"REDMI Note-14 Pro+ 5G (Phantom Purple, 256 GB)",REDMI,36999,,,4.4,860,67,8 GB RAM,256 GB ROM,6200 mAh Battery,7s Gen 3 Processor,16.94 cm (6.67 inch) Display,50MP + 50MP + 8MP | 20MP Front Camera,,https://www.flipkart.com/redmi-note-14-pro-5g-phantom-purple-256-gb/p/itmf69d377f9a8fb?pid=MOBH8BW3ZZHKFGNX&lid=LSTMOBH8BW3ZZHKFGNXDSD1AY&marketplace=FLIPKART&q=smart+phones&store=tyy%2F4io&srno=s_30_720&otracker=search&fm=organic&iid=6bf1e08b-81d9-48bf-9055-4324f0ccdcd6.MOBH8BW3ZZHKFGNX.SEARCH&ppt=None&ppn=None&ssid=g7dbs9v35s0000001790412345449&qH=a5594894156db043&ov_redirect=true,2026-09-26
721,"REDMI Note-14 Pro+ 5G (Phantom Purple, 256 GB)",REDMI,36999,,,4.4,860,67,8 GB RAM,256 GB ROM,6200 mAh Battery,7s Gen 3 Processor,16.94 cm (6.67 inch) Display,50MP + 50MP + 8MP | 20MP Front Camera,,https://www.flipkart.com/redmi-note-14-pro-5g-phantom-purple-256-gb/p/itmf69d377f9a8fb?pid=MOBH8BW3ZZHKFGNX&lid=LSTMOBH8BW3ZZHKFGNXDSD1AY&marketplace=FLIPKART&q=smart+phones&store=tyy%2F4io&srno=s_31_721&otracker=search&fm=organic&iid=5d4c1495-b604-4f6c-b132-0fe3c164bb77.MOBH8BW3ZZHKFGNX.SEARCH&ppt=None&ppn=None&ssid=a8rhsldzdc0000001790412348260&qH=a5594894156db043&ov_redirect=true,2026-09-26
722,"realme P4R 5G (Titanium Glare, 64 GB)",realme,20999,32999,36% off,4.2,"2,604",226,4 GB RAM,64 GB ROM,8000 mAh Lithium-ion polymer Battery,Dimensity 6300 Processor,17.27 cm (6.8 inch) HD+ Display,50MP Rear Camera | 8MP Front Camera,,https://www.flipkart.com/realme-p4r-5g-titanium-glare-64-gb/p/itmb42ae388c1ef6?pid=MOBHP2V8BYYCWHPP&lid=LSTMOBHP2V8BYYCWHPPH3PCYG&marketplace=FLIPKART&q=smart+phones&store=tyy%2F4io&srno=s_31_722&otracker=search&fm=organic&iid=5d4c1495-b604-4f6c-b132-0fe3c164bb77.MOBHP2V8BYYCWHPP.SEARCH&ppt=None&ppn=None&ssid=a8rhsldzdc0000001790412348260&qH=a5594894156db043&ov_redirect=true,2026-09-26
723,"POCO X7 5G (Yellow, 256 GB)",POCO,19999,27999,28% off,4.3,"29,046","2,686",8 GB RAM,256 GB ROM,5500 mAh Battery,Dimensity 7300 Ultra Processor,16.94 cm (6.67 inch) Display,50MP + 8MP + 2MP | 20MP Front Camera,,https://www.flipkart.com/poco-x7-5g-yellow-256-gb/p/itm09a41b8f384f7?pid=MOBH7YZ9NSDFC3EK&lid=LSTMOBH7YZ9NSDFC3EK54Z4YF&marketplace=FLIPKART&q=smart+phones&store=tyy%2F4io&srno=s_31_723&otracker=search&fm=organic&iid=5d4c1495-b604-4f6c-b132-0fe3c164bb77.MOBH7YZ9NSDFC3EK.SEARCH&ppt=None&ppn=None&ssid=a8rhsldzdc0000001790412348260&qH=a5594894156db043&ov_redirect=true,2026-09-26
724,"POCO X8 5G (Black, 128 GB)",POCO,29999,64999,53% off,4.6,231,154,6 GB RAM,128 GB ROM,9000 mAh Lithium-Ion Polymer Battery,6s Gen 4 Processor,17.35 cm (6.83 inch) Full HD+ AMOLED Display,50MP + 2MP | 16MP Front Camera,,https://www.flipkart.com/poco-x8-5g-black-128-gb/p/itme5971a702d6f4?pid=MOBHQ6XZJAUN46UF&lid=LSTMOBHQ6XZJAUN46UFYE0XHT&marketplace=FLIPKART&q=smart+phones&store=tyy%2F4io&srno=s_31_724&otracker=search&fm=organic&iid=5d4c1495-b604-4f6c-b132-0fe3c164bb77.MOBHQ6XZJAUN46UF.SEARCH&ppt=None&ppn=None&ssid=a8rhsldzdc0000001790412348260&qH=a5594894156db043&ov_redirect=true,2026-09-26
725,"Samsung Galaxy A56 5G (Dark Blue, 256 GB)",Samsung,38890,54999,29% off,4.4,"1,021",80,8 GB RAM,256 GB ROM,5000 mAh Battery,Samsung Exynos 1580 Processor,17.02 cm (6.7 inch) Full HD+ Display,50MP + 12MP + 5MP | 12MP Front Camera,,https://www.flipkart.com/samsung-galaxy-a56-5g-dark-blue-256-gb/p/itme25a926ac4276?pid=MOBHQBEBBFEH4PUR&lid=LSTMOBHQBEBBFEH4PUROV5KZJ&marketplace=FLIPKART&q=smart+phones&store=tyy%2F4io&srno=s_31_725&otracker=search&fm=organic&iid=5d4c1495-b604-4f6c-b132-0fe3c164bb77.MOBHQBEBBFEH4PUR.SEARCH&ppt=None&ppn=None&ssid=a8rhsldzdc0000001790412348260&qH=a5594894156db043&ov_redirect=true,2026-09-26
726,"realme P4R 5G (Titanium Glare, 128 GB)",realme,25999,39999,35% off,4.3,"5,147",420,6 GB RAM,128 GB ROM,8000 mAh Lithium-ion polymer Battery,Dimensity 6300 Processor,17.27 cm (6.8 inch) HD+ Display,50MP Rear Camera | 8MP Front Camera,,https://www.flipkart.com/realme-p4r-5g-titanium-glare-128-gb/p/itmb42ae388c1ef6?pid=MOBHMYR3MZ62YN7F&lid=LSTMOBHMYR3MZ62YN7FSERUEO&marketplace=FLIPKART&q=smart+phones&store=tyy%2F4io&srno=s_31_726&otracker=search&fm=organic&iid=5d4c1495-b604-4f6c-b132-0fe3c164bb77.MOBHMYR3MZ62YN7F.SEARCH&ppt=None&ppn=None&ssid=a8rhsldzdc0000001790412348260&qH=a5594894156db043&ov_redirect=true,2026-09-26
727,"OPPO K14x 5G (Prism Violet, 64 GB)",OPPO,18999,19999,5% off,4.3,"8,107",877,4 GB RAM,64 GB ROM,6500 mAh Battery,Dimensity 6300 Processor,17.14 cm (6.75 inch) HD+ Display,,,https://www.flipkart.com/oppo-k14x-5g-prism-violet-64-gb/p/itm188c7a4b69292?pid=MOBHKZF3DGME8JHG&lid=LSTMOBHKZF3DGME8JHGGNMUIW&marketplace=FLIPKART&q=smart+phones&store=tyy%2F4io&srno=s_31_727&otracker=search&fm=organic&iid=5d4c1495-b604-4f6c-b132-0fe3c164bb77.MOBHKZF3DGME8JHG.SEARCH&ppt=None&ppn=None&ssid=a8rhsldzdc0000001790412348260&qH=a5594894156db043&ov_redirect=true,2026-09-26
728,"OPPO K14x 5G (Icy Blue, 64 GB)",OPPO,18999,19999,5% off,4.3,"8,107",877,4 GB RAM,64 GB ROM,6500 mAh Battery,Dimensity 6300 Processor,17.14 cm (6.75 inch) HD+ Display,,,https://www.flipkart.com/oppo-k14x-5g-icy-blue-64-gb/p/itm188c7a4b69292?pid=MOBHKZF3YEJNPZHZ&lid=LSTMOBHKZF3YEJNPZHZKAKWY1&marketplace=FLIPKART&q=smart+phones&store=tyy%2F4io&srno=s_31_728&otracker=search&fm=organic&iid=5d4c1495-b604-4f6c-b132-0fe3c164bb77.MOBHKZF3YEJNPZHZ.SEARCH&ppt=None&ppn=None&ssid=a8rhsldzdc0000001790412348260&qH=a5594894156db043&ov_redirect=true,2026-09-26
729,"realme 14 Pro+ 5G (Pearl White, 256 GB)",realme,34999,37999,7% off,4.4,"8,709","1,023",12 GB RAM,256 GB ROM,6000 mAh Battery,7s Gen 3 Mobile Platform Processor,17.35 cm (6.83 inch) Display,50MP + 50MP + 8MP | 32MP Front Camera,,https://www.flipkart.com/realme-14-pro-5g-pearl-white-256-gb/p/itmb5105a70ea6a6?pid=MOBH84ZX7NAXXFQQ&lid=LSTMOBH84ZX7NAXXFQQV10QBB&marketplace=FLIPKART&q=smart+phones&store=tyy%2F4io&srno=s_31_729&otracker=search&fm=organic&iid=5d4c1495-b604-4f6c-b132-0fe3c164bb77.MOBH84ZX7NAXXFQQ.SEARCH&ppt=None&ppn=None&ssid=a8rhsldzdc0000001790412348260&qH=a5594894156db043&ov_redirect=true,2026-09-26
730,"realme 16 5G (Air Black, 256 GB)",realme,42999,49999,14% off,4.3,244,28,12 GB RAM,256 GB ROM,7000 mAh Battery,Dimensity 6400 Turbo Processor,16.69 cm (6.57 inch) Full HD+ AMOLED Display,50MP + 2MP | 50MP Front Camera,,https://www.flipkart.com/realme-16-5g-air-black-256-gb/p/itm7b0c4cd95742b?pid=MOBHHM6TCNZGFMY3&lid=LSTMOBHHM6TCNZGFMY36AK2OW&marketplace=FLIPKART&q=smart+phones&store=tyy%2F4io&srno=s_31_730&otracker=search&fm=organic&iid=5d4c1495-b604-4f6c-b132-0fe3c164bb77.MOBHHM6TCNZGFMY3.SEARCH&ppt=None&ppn=None&ssid=a8rhsldzdc0000001790412348260&qH=a5594894156db043&ov_redirect=true,2026-09-26
731,"realme P4 Power 5G (TransSilver, 128 GB)",realme,32999,,,4.4,"8,530",890,8 GB RAM,128 GB ROM,10001 mAh Battery,Dimensity 7400 Ultra Processor,17.27 cm (6.8 inch) Full HD+ AMOLED Display,,,https://www.flipkart.com/realme-p4-power-5g-transsilver-128-gb/p/itm49784b322aad0?pid=MOBHJHSHMQDGQSAD&lid=LSTMOBHJHSHMQDGQSADIONHIC&marketplace=FLIPKART&q=smart+phones&store=tyy%2F4io&srno=s_31_731&otracker=search&fm=organic&iid=5d4c1495-b604-4f6c-b132-0fe3c164bb77.MOBHJHSHMQDGQSAD.SEARCH&ppt=None&ppn=None&ssid=a8rhsldzdc0000001790412348260&qH=a5594894156db043&ov_redirect=true,2026-09-26
732,"realme P4 Power 5G (TransBlue, 128 GB)",realme,32999,,,4.4,"8,530",890,8 GB RAM,128 GB ROM,10001 mAh Battery,Dimensity 7400 Ultra Processor,17.27 cm (6.8 inch) Full HD+ AMOLED Display,,,https://www.flipkart.com/realme-p4-power-5g-transblue-128-gb/p/itm49784b322aad0?pid=MOBHJHSH4HHMYHEG&lid=LSTMOBHJHSH4HHMYHEGIKAA7A&marketplace=FLIPKART&q=smart+phones&store=tyy%2F4io&srno=s_31_732&otracker=search&fm=organic&iid=5d4c1495-b604-4f6c-b132-0fe3c164bb77.MOBHJHSH4HHMYHEG.SEARCH&ppt=None&ppn=None&ssid=a8rhsldzdc0000001790412348260&qH=a5594894156db043&ov_redirect=true,2026-09-26
733,"MOTOROLA g37 power (PANTONE Impenetrable, 128 GB)",MOTOROLA,25999,37999,31% off,4.2,"2,556",206,8 GB RAM,128 GB ROM,7000 mAh Battery,Dimensity 6400 Processor,16.92 cm (6.66 inch) HD+ Display,50MP Rear Camera | 8MP Front Camera,,https://www.flipkart.com/motorola-g37-power-pantone-impenetrable-128-gb/p/itme156c3f7d6280?pid=MOBHMX5Y6G5HKRFS&lid=LSTMOBHMX5Y6G5HKRFSN2GAKT&marketplace=FLIPKART&q=smart+phones&store=tyy%2F4io&srno=s_31_733&otracker=search&fm=organic&iid=5d4c1495-b604-4f6c-b132-0fe3c164bb77.MOBHMX5Y6G5HKRFS.SEARCH&ppt=None&ppn=None&ssid=a8rhsldzdc0000001790412348260&qH=a5594894156db043&ov_redirect=true,2026-09-26
734,"Samsung Galaxy F36 5G (Violet, 128 GB)",Samsung,20999,22999,8% off,4.3,"12,761","1,135",6 GB RAM,128 GB ROM,5000 mAh Battery,Samsung Exynos 1380 Processor,17.02 cm (6.7 inch) Full HD+ Display,50MP + 8MP + 2MP | 13MP Front Camera,,https://www.flipkart.com/samsung-galaxy-f36-5g-violet-128-gb/p/itm85ca200fd55e9?pid=MOBHDFVTH22ZAZXZ&lid=LSTMOBHDFVTH22ZAZXZR8W3S5&marketplace=FLIPKART&q=smart+phones&store=tyy%2F4io&srno=s_31_734&otracker=search&fm=organic&iid=5d4c1495-b604-4f6c-b132-0fe3c164bb77.MOBHDFVTH22ZAZXZ.SEARCH&ppt=None&ppn=None&ssid=a8rhsldzdc0000001790412348260&qH=a5594894156db043&ov_redirect=true,2026-09-26
735,"realme 16 Pro+ 5G (Camellia Pink, 256 GB)",realme,55999,,,4.5,"1,355",176,8 GB RAM,256 GB ROM,7000 mAh Battery,7 Gen 4 Processor,17.27 cm (6.8 inch) Full HD+ AMOLED Display,200MP + 50MP + 8MP | 50MP Front Camera,,https://www.flipkart.com/realme-16-pro-5g-camellia-pink-256-gb/p/itmf8e5c193facd1?pid=MOBHMSFHQXZDMBUV&lid=LSTMOBHMSFHQXZDMBUVU5SWBI&marketplace=FLIPKART&q=smart+phones&store=tyy%2F4io&srno=s_31_735&otracker=search&fm=organic&iid=5d4c1495-b604-4f6c-b132-0fe3c164bb77.MOBHMSFHQXZDMBUV.SEARCH&ppt=None&ppn=None&ssid=a8rhsldzdc0000001790412348260&qH=a5594894156db043&ov_redirect=true,2026-09-26
736,"realme P4 Lite 5G (Mosaic Green, 128 GB)",realme,20999,32999,36% off,4.2,"14,749",921,4 GB RAM,128 GB ROM,7000 mAh lithium-ion polymer Battery,Dimensity 6300 Processor,17.27 cm (6.8 inches) HD+ Display,13MP Rear Camera | 5MP Front Camera,,https://www.flipkart.com/realme-p4-lite-5g-mosaic-green-128-gb/p/itm90c243961f214?pid=MOBHN7A8PBUWNHG5&lid=LSTMOBHN7A8PBUWNHG5V5EICC&marketplace=FLIPKART&q=smart+phones&store=tyy%2F4io&srno=s_31_736&otracker=search&fm=organic&iid=5d4c1495-b604-4f6c-b132-0fe3c164bb77.MOBHN7A8PBUWNHG5.SEARCH&ppt=None&ppn=None&ssid=a8rhsldzdc0000001790412348260&qH=a5594894156db043&ov_redirect=true,2026-09-26
737,"IQOO Z11 lite 5G (Solar Flame, 128 GB)",IQOO,20682,33999,39% off,3.9,31,1,4 GB RAM,128 GB ROM,6500 mAh Battery,MediaTek Dimensity 6300 Processor,17.12 cm (6.74 inch) Display,50MP Rear Camera,,https://www.flipkart.com/iqoo-z11-lite-5g-solar-flame-128-gb/p/itmaa919fae95e49?pid=MOBHPMVMYDW6VGFV&lid=LSTMOBHPMVMYDW6VGFV7PRAZP&marketplace=FLIPKART&q=smart+phones&store=tyy%2F4io&srno=s_31_737&otracker=search&fm=organic&iid=5d4c1495-b604-4f6c-b132-0fe3c164bb77.MOBHPMVMYDW6VGFV.SEARCH&ppt=None&ppn=None&ssid=a8rhsldzdc0000001790412348260&qH=a5594894156db043&ov_redirect=true,2026-09-26
738,"realme Narzo 90x 5G (Maroon Red, 128 GB)",realme,24490,25490,3% off,4.3,"1,629",111,8 GB RAM,128 GB ROM,7000 mAh Battery,,17.27 cm (6.8 inch) Display,50MP Rear Camera,,https://www.flipkart.com/realme-narzo-90x-5g-maroon-red-128-gb/p/itma63c5c5ce781a?pid=MOBHHYFPFWWBFHJA&lid=LSTMOBHHYFPFWWBFHJAIAWCID&marketplace=FLIPKART&q=smart+phones&store=tyy%2F4io&srno=s_31_738&otracker=search&fm=organic&iid=5d4c1495-b604-4f6c-b132-0fe3c164bb77.MOBHHYFPFWWBFHJA.SEARCH&ppt=None&ppn=None&ssid=a8rhsldzdc0000001790412348260&qH=a5594894156db043&ov_redirect=true,2026-09-26
739,"realme P4s 5G (Electric Cyan, 256 GB)",realme,37999,54999,30% off,4.4,433,95,8 GB RAM,256 GB ROM,8000 mAh Battery,Dimensity 7400 Processor,17.22 cm (6.78 inch) Full HD+ AMOLED Display,50MP + 8MP | 16MP Front Camera,,https://www.flipkart.com/realme-p4s-5g-electric-cyan-256-gb/p/itmcb2e7e552a5ef?pid=MOBHPBHAPFJPCA4E&lid=LSTMOBHPBHAPFJPCA4E9AUYZ0&marketplace=FLIPKART&q=smart+phones&store=tyy%2F4io&srno=s_31_739&otracker=search&fm=organic&iid=5d4c1495-b604-4f6c-b132-0fe3c164bb77.MOBHPBHAPFJPCA4E.SEARCH&ppt=None&ppn=None&ssid=a8rhsldzdc0000001790412348260&qH=a5594894156db043&ov_redirect=true,2026-09-26
740,"realme P4s 5G (Electric Cyan, 128 GB)",realme,34999,48999,28% off,4.4,433,95,8 GB RAM,128 GB ROM,8000 mAh Battery,Dimensity 7400 Processor,17.22 cm (6.78 inch) Full HD+ AMOLED Display,50MP + 8MP | 16MP Front Camera,,https://www.flipkart.com/realme-p4s-5g-electric-cyan-128-gb/p/itmcb2e7e552a5ef?pid=MOBHPBHAFUZTDTPX&lid=LSTMOBHPBHAFUZTDTPXY7KQJC&marketplace=FLIPKART&q=smart+phones&store=tyy%2F4io&srno=s_31_740&otracker=search&fm=organic&iid=5d4c1495-b604-4f6c-b132-0fe3c164bb77.MOBHPBHAFUZTDTPX.SEARCH&ppt=None&ppn=None&ssid=a8rhsldzdc0000001790412348260&qH=a5594894156db043&ov_redirect=true,2026-09-26
741,"Samsung Galaxy A06 (Black, 64 GB)",Samsung,13999,16999,17% off,4,917,61,4 GB RAM,64 GB ROM,5000 mAh Battery,Mediatek Helio G85 Processor,17.02 cm (6.7 inch) HD+ Display,50MP + 2MP | 8MP Front Camera,,https://www.flipkart.com/samsung-galaxy-a06-black-64-gb/p/itmdba53c91272f1?pid=MOBH3W6HH7GZEMZA&lid=LSTMOBH3W6HH7GZEMZAQOZCDZ&marketplace=FLIPKART&q=smart+phones&store=tyy%2F4io&srno=s_31_741&otracker=search&fm=organic&iid=5d4c1495-b604-4f6c-b132-0fe3c164bb77.MOBH3W6HH7GZEMZA.SEARCH&ppt=None&ppn=None&ssid=a8rhsldzdc0000001790412348260&qH=a5594894156db043&ov_redirect=true,2026-09-26
742,"realme P4s 5G (Electric Cyan, 256 GB)",realme,41999,60999,31% off,4.5,40,12,12 GB RAM,256 GB ROM,8000 mAh Battery,Dimensity 7400 Processor,17.22 cm (6.78 inch) Full HD+ AMOLED Display,50MP + 8MP | 16MP Front Camera,,https://www.flipkart.com/realme-p4s-5g-electric-cyan-256-gb/p/itmcb2e7e552a5ef?pid=MOBHPBHARTPRKMA8&lid=LSTMOBHPBHARTPRKMA8GVW3JV&marketplace=FLIPKART&q=smart+phones&store=tyy%2F4io&srno=s_31_742&otracker=search&fm=organic&iid=5d4c1495-b604-4f6c-b132-0fe3c164bb77.MOBHPBHARTPRKMA8.SEARCH&ppt=None&ppn=None&ssid=a8rhsldzdc0000001790412348260&qH=a5594894156db043&ov_redirect=true,2026-09-26
743,"realme P4s 5G (Titanium Gray, 256 GB)",realme,41999,60999,31% off,4.5,40,12,12 GB RAM,256 GB ROM,8000 mAh Battery,Dimensity 7400 Processor,17.22 cm (6.78 inch) Full HD+ AMOLED Display,50MP + 8MP | 16MP Front Camera,,https://www.flipkart.com/realme-p4s-5g-titanium-gray-256-gb/p/itmcb2e7e552a5ef?pid=MOBHPBHAEHZXGFCV&lid=LSTMOBHPBHAEHZXGFCVUCKEEO&marketplace=FLIPKART&q=smart+phones&store=tyy%2F4io&srno=s_31_743&otracker=search&fm=organic&iid=5d4c1495-b604-4f6c-b132-0fe3c164bb77.MOBHPBHAEHZXGFCV.SEARCH&ppt=None&ppn=None&ssid=a8rhsldzdc0000001790412348260&qH=a5594894156db043&ov_redirect=true,2026-09-26
744,"realme P4 Lite 5G (Mosaic Green, 64 GB)",realme,18999,28999,34% off,4.2,"14,749",921,4 GB RAM,64 GB ROM,7000 mAh lithium-ion polymer Battery,Dimensity 6300 Processor,17.27 cm (6.8 inches) HD+ Display,13MP Rear Camera | 5MP Front Camera,,https://www.flipkart.com/realme-p4-lite-5g-mosaic-green-64-gb/p/itm90c243961f214?pid=MOBHN7A8SZ7F9C7T&lid=LSTMOBHN7A8SZ7F9C7TYM0TGX&marketplace=FLIPKART&q=smart+phones&store=tyy%2F4io&srno=s_31_744&otracker=search&fm=organic&iid=5d4c1495-b604-4f6c-b132-0fe3c164bb77.MOBHN7A8SZ7F9C7T.SEARCH&ppt=None&ppn=None&ssid=a8rhsldzdc0000001790412348260&qH=a5594894156db043&ov_redirect=true,2026-09-26
745,"Alcatel V3 Classic 5G (Cosmic Grey, 128 GB)",Alcatel,13490,17999,25% off,3.8,"1,814",305,4 GB RAM,128 GB ROM,5200 mAh Battery,Dimensity 6300 Processor,16.94 cm (6.67 inch) HD+ Display,50MP Dual Camera | 8MP Front Camera,,https://www.flipkart.com/alcatel-v3-classic-5g-cosmic-grey-128-gb/p/itmaf650adae59c3?pid=MOBHBH2GCPDCGKTQ&lid=LSTMOBHBH2GCPDCGKTQULDUO2&marketplace=FLIPKART&q=smart+phones&store=tyy%2F4io&srno=s_32_745&otracker=search&fm=organic&iid=bf4f6dd4-2109-4711-a36d-72dbbf4d25cf.MOBHBH2GCPDCGKTQ.SEARCH&ppt=None&ppn=None&ssid=gk7klcj0xc0000001790412351084&qH=a5594894156db043&ov_redirect=true,2026-09-26
746,"realme P4 Lite 5G (Mosaic Green, 128 GB)",realme,23999,36999,35% off,4.2,"2,408",197,6 GB RAM,128 GB ROM,7000 mAh lithium-ion polymer Battery,Dimensity 6300 Processor,17.27 cm (6.8 inches) HD+ Display,13MP Rear Camera | 5MP Front Camera,,https://www.flipkart.com/realme-p4-lite-5g-mosaic-green-128-gb/p/itm90c243961f214?pid=MOBHN7A8YFWPC9ZV&lid=LSTMOBHN7A8YFWPC9ZVEJ5AZE&marketplace=FLIPKART&q=smart+phones&store=tyy%2F4io&srno=s_32_746&otracker=search&fm=organic&iid=bf4f6dd4-2109-4711-a36d-72dbbf4d25cf.MOBHN7A8YFWPC9ZV.SEARCH&ppt=None&ppn=None&ssid=gk7klcj0xc0000001790412351084&qH=a5594894156db043&ov_redirect=true,2026-09-26
747,"realme 16 Pro 5G (Orchid Purple, 256 GB)",realme,46999,,,4.3,"2,810",288,8 GB RAM,256 GB ROM,7000 mAh Battery,Dimensity 7300 Max Processor,17.22 cm (6.78 inch) Full HD+ Display,200MP + 8MP | 50MP Front Camera,,https://www.flipkart.com/realme-16-pro-5g-orchid-purple-256-gb/p/itm0f32797c10002?pid=MOBHM8GZAYJZ4T7F&lid=LSTMOBHM8GZAYJZ4T7FUU8G0K&marketplace=FLIPKART&q=smart+phones&store=tyy%2F4io&srno=s_32_747&otracker=search&fm=organic&iid=bf4f6dd4-2109-4711-a36d-72dbbf4d25cf.MOBHM8GZAYJZ4T7F.SEARCH&ppt=None&ppn=None&ssid=gk7klcj0xc0000001790412351084&qH=a5594894156db043&ov_redirect=true,2026-09-26
748,"OPPO K14 5G (Prism White, 128 GB)",OPPO,25999,,,4.4,"7,232",533,6 GB RAM,128 GB ROM,7000 mAh Battery,Dimensity 6300 Processor,17.14 cm (6.75 inch) HD+ Display,50MP Rear Camera | 8MP Front Camera,,https://www.flipkart.com/oppo-k14-5g-prism-white-128-gb/p/itm2a5cc1d23c2af?pid=MOBHKQYY9JJPHATW&lid=LSTMOBHKQYY9JJPHATWF0JOIP&marketplace=FLIPKART&q=smart+phones&store=tyy%2F4io&srno=s_32_748&otracker=search&fm=organic&iid=bf4f6dd4-2109-4711-a36d-72dbbf4d25cf.MOBHKQYY9JJPHATW.SEARCH&ppt=None&ppn=None&ssid=gk7klcj0xc0000001790412351084&qH=a5594894156db043&ov_redirect=true,2026-09-26
749,"Samsung Galaxy S25 FE 5G (Jetblack, 256 GB)",Samsung,64999,99999,35% off,4.6,"3,572",584,8 GB RAM,256 GB ROM,4900 mAh Li-ion Battery,Exynos 2400 Processor,17.02 cm (6.7 inch) Full HD+ Display,50MP + 12MP + 8MP | 12MP Front Camera,,https://www.flipkart.com/samsung-galaxy-s25-fe-5g-jetblack-256-gb/p/itm6d0c55b671613?pid=MOBHQCH6Y8PWYUNX&lid=LSTMOBHQCH6Y8PWYUNX5ZOFWY&marketplace=FLIPKART&q=smart+phones&store=tyy%2F4io&srno=s_32_749&otracker=search&fm=organic&iid=bf4f6dd4-2109-4711-a36d-72dbbf4d25cf.MOBHQCH6Y8PWYUNX.SEARCH&ppt=None&ppn=None&ssid=gk7klcj0xc0000001790412351084&qH=a5594894156db043&ov_redirect=true,2026-09-26
750,"BOLTT ACE 5G (Midnight Black, 64 GB)",BOLTT,14999,24999,40% off,4.3,271,135,4 GB RAM,64 GB ROM,6000 mAh Lithium ion Battery,T8200 Processor,17.25 cm (6.79 inch) HD+ Display,64MP Rear Camera | 8MP Front Camera,,https://www.flipkart.com/boltt-ace-5g-midnight-black-64-gb/p/itm2eb0f483effdd?pid=MOBHPP596AHABWNP&lid=LSTMOBHPP596AHABWNP9FUVIF&marketplace=FLIPKART&q=smart+phones&store=tyy%2F4io&srno=s_32_750&otracker=search&fm=organic&iid=bf4f6dd4-2109-4711-a36d-72dbbf4d25cf.MOBHPP596AHABWNP.SEARCH&ppt=None&ppn=None&ssid=gk7klcj0xc0000001790412351084&qH=a5594894156db043&ov_redirect=true,2026-09-26
751,"realme P4 Lite 5G (Mosaic Blue, 128 GB)",realme,20999,32999,36% off,4.2,"14,749",921,4 GB RAM,128 GB ROM,7000 mAh lithium-ion polymer Battery,Dimensity 6300 Processor,17.27 cm (6.8 inches) HD+ Display,13MP Rear Camera | 5MP Front Camera,,https://www.flipkart.com/realme-p4-lite-5g-mosaic-blue-128-gb/p/itm90c243961f214?pid=MOBHN7A8MNWG6FFH&lid=LSTMOBHN7A8MNWG6FFHG3NDFE&marketplace=FLIPKART&q=smart+phones&store=tyy%2F4io&srno=s_32_751&otracker=search&fm=organic&iid=bf4f6dd4-2109-4711-a36d-72dbbf4d25cf.MOBHN7A8MNWG6FFH.SEARCH&ppt=None&ppn=None&ssid=gk7klcj0xc0000001790412351084&qH=a5594894156db043&ov_redirect=true,2026-09-26
752,"realme 16 Pro 5G (Pebble Grey, 256 GB)",realme,49999,,,4.4,866,84,12 GB RAM,256 GB ROM,7000 mAh Battery,Dimensity 7300 Max Processor,17.22 cm (6.78 inch) Full HD+ Display,200MP + 8MP | 50MP Front Camera,,https://www.flipkart.com/realme-16-pro-5g-pebble-grey-256-gb/p/itm0f32797c10002?pid=MOBHM8GZHSAGJEVG&lid=LSTMOBHM8GZHSAGJEVGNOVZTO&marketplace=FLIPKART&q=smart+phones&store=tyy%2F4io&srno=s_32_752&otracker=search&fm=organic&iid=bf4f6dd4-2109-4711-a36d-72dbbf4d25cf.MOBHM8GZHSAGJEVG.SEARCH&ppt=None&ppn=None&ssid=gk7klcj0xc0000001790412351084&qH=a5594894156db043&ov_redirect=true,2026-09-26
753,"realme 16 Pro 5G (Master Gold, 256 GB)",realme,46999,,,4.3,"2,810",288,8 GB RAM,256 GB ROM,7000 mAh Battery,Dimensity 7300 Max Processor,17.22 cm (6.78 inch) Full HD+ Display,200MP + 8MP | 50MP Front Camera,,https://www.flipkart.com/realme-16-pro-5g-master-gold-256-gb/p/itm0f32797c10002?pid=MOBHM8GZWJHDBRFQ&lid=LSTMOBHM8GZWJHDBRFQDIN4E2&marketplace=FLIPKART&q=smart+phones&store=tyy%2F4io&srno=s_32_753&otracker=search&fm=organic&iid=bf4f6dd4-2109-4711-a36d-72dbbf4d25cf.MOBHM8GZWJHDBRFQ.SEARCH&ppt=None&ppn=None&ssid=gk7klcj0xc0000001790412351084&qH=a5594894156db043&ov_redirect=true,2026-09-26
754,"Google Pixel 10a (Berry, 256 GB)",Google,47999,55999,14% off,4.5,"3,134",356,8 GB RAM,256 GB ROM,5100 mAh Lithium Battery,Tensor G4 Processor,16.0 cm (6.3 inch) Full HD+ AMOLED Display,48MP + 13MP | 13MP Front Camera,,https://www.flipkart.com/google-pixel-10a-berry-256-gb/p/itm6cef0b0df57f9?pid=MOBHP6CEEXQH7AMC&lid=LSTMOBHP6CEEXQH7AMCJJBNIQ&marketplace=FLIPKART&q=smart+phones&store=tyy%2F4io&srno=s_32_754&otracker=search&fm=organic&iid=bf4f6dd4-2109-4711-a36d-72dbbf4d25cf.MOBHP6CEEXQH7AMC.SEARCH&ppt=None&ppn=None&ssid=gk7klcj0xc0000001790412351084&qH=a5594894156db043&ov_redirect=true,2026-09-26
755,"realme P4 Power 5G (TransBlue, 256 GB)",realme,34999,,,4.4,"8,530",890,8 GB RAM,256 GB ROM,10001 mAh Battery,Dimensity 7400 Ultra Processor,17.27 cm (6.8 inch) Full HD+ AMOLED Display,,,https://www.flipkart.com/realme-p4-power-5g-transblue-256-gb/p/itm49784b322aad0?pid=MOBHJHSHGVSSMYW9&lid=LSTMOBHJHSHGVSSMYW9A1YAZD&marketplace=FLIPKART&q=smart+phones&store=tyy%2F4io&srno=s_32_755&otracker=search&fm=organic&iid=bf4f6dd4-2109-4711-a36d-72dbbf4d25cf.MOBHJHSHGVSSMYW9.SEARCH&ppt=None&ppn=None&ssid=gk7klcj0xc0000001790412351084&qH=a5594894156db043&ov_redirect=true,2026-09-26
756,"OPPO A6 Pro 5G (Cappuccino Brown, 128 GB)",OPPO,32999,,,4.3,235,19,8 GB RAM,128 GB ROM,7000 mAh Battery,Dimensity 6300 Processor,17.14 cm (6.75 inches) HD+ Display,,,https://www.flipkart.com/oppo-a6-pro-5g-cappuccino-brown-128-gb/p/itm397626a14646c?pid=MOBHHHC3YHHS6VW2&lid=LSTMOBHHHC3YHHS6VW2FSSPAB&marketplace=FLIPKART&q=smart+phones&store=tyy%2F4io&srno=s_32_756&otracker=search&fm=organic&iid=bf4f6dd4-2109-4711-a36d-72dbbf4d25cf.MOBHHHC3YHHS6VW2.SEARCH&ppt=None&ppn=None&ssid=gk7klcj0xc0000001790412351084&qH=a5594894156db043&ov_redirect=true,2026-09-26
757,"realme Narzo 100x 5g (Midnight Black, 256 GB)",realme,27894,39999,30% off,4.2,310,39,6 GB RAM,256 GB ROM,8000 mAh Battery,MediaTek Dimensity 6300 Processor,17.3 cm (6.81 inch) HD+ Display,,,https://www.flipkart.com/realme-narzo-100x-5g-midnight-black-256-gb/p/itm66836fc8ecc5e?pid=MOBHPJG4RXUMMSF8&lid=LSTMOBHPJG4RXUMMSF8SUK7SX&marketplace=FLIPKART&q=smart+phones&store=tyy%2F4io&srno=s_32_757&otracker=search&fm=organic&iid=bf4f6dd4-2109-4711-a36d-72dbbf4d25cf.MOBHPJG4RXUMMSF8.SEARCH&ppt=None&ppn=None&ssid=gk7klcj0xc0000001790412351084&qH=a5594894156db043&ov_redirect=true,2026-09-26
758,"realme P4 Lite 5G (Mosaic Blue, 64 GB)",realme,18999,28999,34% off,4.2,"14,749",921,4 GB RAM,64 GB ROM,7000 mAh lithium-ion polymer Battery,Dimensity 6300 Processor,17.27 cm (6.8 inches) HD+ Display,13MP Rear Camera | 5MP Front Camera,,https://www.flipkart.com/realme-p4-lite-5g-mosaic-blue-64-gb/p/itm90c243961f214?pid=MOBHN7A8CMJGRACT&lid=LSTMOBHN7A8CMJGRACTDRIOJU&marketplace=FLIPKART&q=smart+phones&store=tyy%2F4io&srno=s_32_758&otracker=search&fm=organic&iid=bf4f6dd4-2109-4711-a36d-72dbbf4d25cf.MOBHN7A8CMJGRACT.SEARCH&ppt=None&ppn=None&ssid=gk7klcj0xc0000001790412351084&qH=a5594894156db043&ov_redirect=true,2026-09-26
759,"realme 16 5G (Air White, 256 GB)",realme,39999,44999,11% off,4,"1,003",112,8 GB RAM,256 GB ROM,7000 mAh Battery,Dimensity 6400 Turbo Processor,16.69 cm (6.57 inch) Full HD+ AMOLED Display,50MP + 2MP | 50MP Front Camera,,https://www.flipkart.com/realme-16-5g-air-white-256-gb/p/itm7b0c4cd95742b?pid=MOBHHM6T5AD4VYH5&lid=LSTMOBHHM6T5AD4VYH55L6VM5&marketplace=FLIPKART&q=smart+phones&store=tyy%2F4io&srno=s_32_759&otracker=search&fm=organic&iid=bf4f6dd4-2109-4711-a36d-72dbbf4d25cf.MOBHHM6T5AD4VYH5.SEARCH&ppt=None&ppn=None&ssid=gk7klcj0xc0000001790412351084&qH=a5594894156db043&ov_redirect=true,2026-09-26
760,"REDMI Note 15 5G (Black, 256 GB)",REDMI,38999,,,4.4,"1,230",88,8 GB RAM,256 GB ROM,5520 mAh Battery,,17.2 cm (6.77 inch) Display,108MP Rear Camera,,https://www.flipkart.com/redmi-note-15-5g-black-256-gb/p/itm7cb24e3c40189?pid=MOBHJHPUU27FF6DA&lid=LSTMOBHJHPUU27FF6DASOLR7T&marketplace=FLIPKART&q=smart+phones&store=tyy%2F4io&srno=s_32_760&otracker=search&fm=organic&iid=bf4f6dd4-2109-4711-a36d-72dbbf4d25cf.MOBHJHPUU27FF6DA.SEARCH&ppt=None&ppn=None&ssid=gk7klcj0xc0000001790412351084&qH=a5594894156db043&ov_redirect=true,2026-09-26
761,"Ai+ Nova 2 Neo 5G (Red, 128 GB)",Ai+,15999,18999,15% off,4.3,"2,278",199,4 GB RAM,128 GB ROM,6000 mAh Li-polymer Battery,Dimensity 6300 Processor,17.13 cm (6.745 inch) HD+ Display,48MP Rear Camera | 8MP Front Camera,,https://www.flipkart.com/ai-nova-2-neo-5g-red-128-gb/p/itm3e105950e9175?pid=MOBHZ8ZMZBX5H8F8&lid=LSTMOBHZ8ZMZBX5H8F80RI4FO&marketplace=FLIPKART&q=smart+phones&store=tyy%2F4io&srno=s_32_761&otracker=search&fm=organic&iid=bf4f6dd4-2109-4711-a36d-72dbbf4d25cf.MOBHZ8ZMZBX5H8F8.SEARCH&ppt=None&ppn=None&ssid=gk7klcj0xc0000001790412351084&qH=a5594894156db043&ov_redirect=true,2026-09-26
762,"realme 16 5G (Air Black, 256 GB)",realme,39999,44999,11% off,4,"1,003",112,8 GB RAM,256 GB ROM,7000 mAh Battery,Dimensity 6400 Turbo Processor,16.69 cm (6.57 inch) Full HD+ AMOLED Display,50MP + 2MP | 50MP Front Camera,,https://www.flipkart.com/realme-16-5g-air-black-256-gb/p/itm7b0c4cd95742b?pid=MOBHHM6TZ6QRPMBY&lid=LSTMOBHHM6TZ6QRPMBYNLJMCR&marketplace=FLIPKART&q=smart+phones&store=tyy%2F4io&srno=s_32_762&otracker=search&fm=organic&iid=bf4f6dd4-2109-4711-a36d-72dbbf4d25cf.MOBHHM6TZ6QRPMBY.SEARCH&ppt=None&ppn=None&ssid=gk7klcj0xc0000001790412351084&qH=a5594894156db043&ov_redirect=true,2026-09-26
763,"realme 16 5G (Air White, 256 GB)",realme,42999,49999,14% off,4.3,244,28,12 GB RAM,256 GB ROM,7000 mAh Battery,Dimensity 6400 Turbo Processor,16.69 cm (6.57 inch) Full HD+ AMOLED Display,50MP + 2MP | 50MP Front Camera,,https://www.flipkart.com/realme-16-5g-air-white-256-gb/p/itm7b0c4cd95742b?pid=MOBHHM6T4GNPEFZJ&lid=LSTMOBHHM6T4GNPEFZJUEE3GU&marketplace=FLIPKART&q=smart+phones&store=tyy%2F4io&srno=s_32_763&otracker=search&fm=organic&iid=bf4f6dd4-2109-4711-a36d-72dbbf4d25cf.MOBHHM6T4GNPEFZJ.SEARCH&ppt=None&ppn=None&ssid=gk7klcj0xc0000001790412351084&qH=a5594894156db043&ov_redirect=true,2026-09-26
764,"OPPO K14 5G (Icy Blue, 128 GB)",OPPO,25999,,,4.4,"7,232",533,6 GB RAM,128 GB ROM,7000 mAh Battery,Dimensity 6300 Processor,17.14 cm (6.75 inch) HD+ Display,50MP Rear Camera | 8MP Front Camera,,https://www.flipkart.com/oppo-k14-5g-icy-blue-128-gb/p/itm2a5cc1d23c2af?pid=MOBHKQYY9S6MVDHH&lid=LSTMOBHKQYY9S6MVDHHPEXJJR&marketplace=FLIPKART&q=smart+phones&store=tyy%2F4io&srno=s_32_764&otracker=search&fm=organic&iid=bf4f6dd4-2109-4711-a36d-72dbbf4d25cf.MOBHKQYY9S6MVDHH.SEARCH&ppt=None&ppn=None&ssid=gk7klcj0xc0000001790412351084&qH=a5594894156db043&ov_redirect=true,2026-09-26
765,"POCO C81 (Sunset Gold, 64 GB)",POCO,13499,19999,32% off,3.7,510,42,4 GB RAM,64 GB ROM,6300 mAh Lithium-Ion Polymer Battery,T7250 Processor,17.53 cm (6.9 inch) Display,13MP Rear Camera | 8MP Front Camera,,https://www.flipkart.com/poco-c81-sunset-gold-64-gb/p/itmd046653de9427?pid=MOBHMYWRFE7GZVJF&lid=LSTMOBHMYWRFE7GZVJFEI8O3R&marketplace=FLIPKART&q=smart+phones&store=tyy%2F4io&srno=s_32_765&otracker=search&fm=organic&iid=bf4f6dd4-2109-4711-a36d-72dbbf4d25cf.MOBHMYWRFE7GZVJF.SEARCH&ppt=None&ppn=None&ssid=gk7klcj0xc0000001790412351084&qH=a5594894156db043&ov_redirect=true,2026-09-26
766,"realme P4R 5G (Lavender Glare, 64 GB)",realme,20999,32999,36% off,4.2,"2,604",226,4 GB RAM,64 GB ROM,8000 mAh Lithium-ion polymer Battery,Dimensity 6300 Processor,17.27 cm (6.8 inch) HD+ Display,50MP Rear Camera | 8MP Front Camera,,https://www.flipkart.com/realme-p4r-5g-lavender-glare-64-gb/p/itmb42ae388c1ef6?pid=MOBHP2V8SRWKXMSF&lid=LSTMOBHP2V8SRWKXMSF17TTPK&marketplace=FLIPKART&q=smart+phones&store=tyy%2F4io&srno=s_32_766&otracker=search&fm=organic&iid=bf4f6dd4-2109-4711-a36d-72dbbf4d25cf.MOBHP2V8SRWKXMSF.SEARCH&ppt=None&ppn=None&ssid=gk7klcj0xc0000001790412351084&qH=a5594894156db043&ov_redirect=true,2026-09-26
767,"Samsung Galaxy F17 5G (6GB Ram 128GB Storage) (Neo Black, 128 GB)",Samsung,22588,30999,27% off,4.6,19,2,6 GB RAM,128 GB ROM,5000 mAh Battery,,17.07 cm (6.72 inch) Display,50MP Rear Camera,,https://www.flipkart.com/samsung-galaxy-f17-5g-6gb-ram-128gb-storage-neo-black-128-gb/p/itm270fb18a8e90f?pid=MOBHKZWEMCRAYH7P&lid=LSTMOBHKZWEMCRAYH7PQGPBHC&marketplace=FLIPKART&q=smart+phones&store=tyy%2F4io&srno=s_32_767&otracker=search&fm=organic&iid=bf4f6dd4-2109-4711-a36d-72dbbf4d25cf.MOBHKZWEMCRAYH7P.SEARCH&ppt=None&ppn=None&ssid=gk7klcj0xc0000001790412351084&qH=a5594894156db043&ov_redirect=true,2026-09-26
768,"REDMI Note-14 Pro+ 5G (Titan Black, 128 GB)",REDMI,27999,34999,20% off,4.4,860,67,8 GB RAM,128 GB ROM,6200 mAh Battery,7s Gen 3 Processor,16.94 cm (6.67 inch) Display,50MP + 50MP + 8MP | 20MP Front Camera,,https://www.flipkart.com/redmi-note-14-pro-5g-titan-black-128-gb/p/itmf69d377f9a8fb?pid=MOBH8BW3KUMZS2YA&lid=LSTMOBH8BW3KUMZS2YAXCDOBK&marketplace=FLIPKART&q=smart+phones&store=tyy%2F4io&srno=s_32_768&otracker=search&fm=organic&iid=bf4f6dd4-2109-4711-a36d-72dbbf4d25cf.MOBH8BW3KUMZS2YA.SEARCH&ppt=None&ppn=None&ssid=gk7klcj0xc0000001790412351084&qH=a5594894156db043&ov_redirect=true,2026-09-26
769,"POCO X8 Pro (Black, 256 GB)",POCO,42999,52999,18% off,4.4,"1,220",205,12 GB RAM,256 GB ROM,6500 mAh Lithium-Ion Polymer With Silicon Carbon Technology Battery,Dimensity 8500-Ultra Processor,16.74 cm (6.59 inch) Full HD+ AMOLED Display,50MP + 8MP | 20MP Front Camera,,https://www.flipkart.com/poco-x8-pro-black-256-gb/p/itm782e626602a77?pid=MOBHMGG5SJRAADHF&lid=LSTMOBHMGG5SJRAADHFSAGNRE&marketplace=FLIPKART&q=smart+phones&store=tyy%2F4io&srno=s_33_769&otracker=search&fm=organic&iid=7198f1dd-54b7-4eef-a67e-9beccc3fec57.MOBHMGG5SJRAADHF.SEARCH&ppt=None&ppn=None&ssid=arjhbg6yq80000001790412353879&qH=a5594894156db043&ov_redirect=true,2026-09-26
770,"Alcatel V3 Classic 5G (Cosmic Grey, 128 GB)",Alcatel,15890,19999,20% off,3.9,738,278,6 GB RAM,128 GB ROM,5200 mAh Battery,Dimensity 6300 Processor,16.94 cm (6.67 inch) HD+ Display,50MP Dual Camera | 8MP Front Camera,,https://www.flipkart.com/alcatel-v3-classic-5g-cosmic-grey-128-gb/p/itmaf650adae59c3?pid=MOBHBH2GP4ZNXCRJ&lid=LSTMOBHBH2GP4ZNXCRJETOT16&marketplace=FLIPKART&q=smart+phones&store=tyy%2F4io&srno=s_33_770&otracker=search&fm=organic&iid=7198f1dd-54b7-4eef-a67e-9beccc3fec57.MOBHBH2GP4ZNXCRJ.SEARCH&ppt=None&ppn=None&ssid=arjhbg6yq80000001790412353879&qH=a5594894156db043&ov_redirect=true,2026-09-26
771,"realme P4R 5G (Lavender Glare, 128 GB)",realme,22999,34999,34% off,4.2,"2,604",226,4 GB RAM,128 GB ROM,8000 mAh Lithium-ion polymer Battery,Dimensity 6300 Processor,17.27 cm (6.8 inch) HD+ Display,50MP Rear Camera | 8MP Front Camera,,https://www.flipkart.com/realme-p4r-5g-lavender-glare-128-gb/p/itmb42ae388c1ef6?pid=MOBHMYR337CQEU8E&lid=LSTMOBHMYR337CQEU8E1POA1J&marketplace=FLIPKART&q=smart+phones&store=tyy%2F4io&srno=s_33_771&otracker=search&fm=organic&iid=7198f1dd-54b7-4eef-a67e-9beccc3fec57.MOBHMYR337CQEU8E.SEARCH&ppt=None&ppn=None&ssid=arjhbg6yq80000001790412353879&qH=a5594894156db043&ov_redirect=true,2026-09-26
772,"REDMI Note 15 Pro+ 5G Special Edition Coffee Mocha 16GB RAM 512GB ROM (Coffee Mocha, 512 GB)",REDMI,49999,59999,16% off,4.7,3,1,16 GB RAM,512 GB ROM,6500 mAh Lithium-Ion Battery,7s Gen 4 Processor,17.35 cm (6.83 inch) Full HD+ AMOLED Display,200MP Rear Camera,,https://www.flipkart.com/redmi-note-15-pro-5g-special-coffee-mocha-16gb-ram-512gb-rom-coffee-mocha-512-gb/p/itm2a082fd4b24b2?pid=MOBHPHU7QHRVGRW2&lid=LSTMOBHPHU7QHRVGRW23L4DMS&marketplace=FLIPKART&q=smart+phones&store=tyy%2F4io&srno=s_33_772&otracker=search&fm=organic&iid=7198f1dd-54b7-4eef-a67e-9beccc3fec57.MOBHPHU7QHRVGRW2.SEARCH&ppt=None&ppn=None&ssid=arjhbg6yq80000001790412353879&qH=a5594894156db043&ov_redirect=true,2026-09-26
773,"LAVA Yuva 4 (Glossy White, 64 GB)",LAVA,10899,10999,,4.1,176,11,4 GB RAM,64 GB ROM,5000 mAh Battery,,16.66 cm (6.56 inch) Display,50MP Rear Camera,,https://www.flipkart.com/lava-yuva-4-glossy-white-64-gb/p/itm447a5337b0c99?pid=MOBH6KC3ZZZY2TRY&lid=LSTMOBH6KC3ZZZY2TRY0XDLY2&marketplace=FLIPKART&q=smart+phones&store=tyy%2F4io&srno=s_33_773&otracker=search&fm=organic&iid=7198f1dd-54b7-4eef-a67e-9beccc3fec57.MOBH6KC3ZZZY2TRY.SEARCH&ppt=None&ppn=None&ssid=arjhbg6yq80000001790412353879&qH=a5594894156db043&ov_redirect=true,2026-09-26
774,"REDMI 15A (Amaze Purple, 128 GB)",REDMI,20493,30999,33% off,4,202,21,6 GB RAM,128 GB ROM,6300 mAh Lithium-Ion Polymer Battery,T8300 Processor,17.53 cm (6.9 inch) Display,32MP Rear Camera | 8MP Front Camera,,https://www.flipkart.com/redmi-15a-amaze-purple-128-gb/p/itmb9638bb6db2c7?pid=MOBHPDZDEAGRHERU&lid=LSTMOBHPDZDEAGRHERU4NUMOU&marketplace=FLIPKART&q=smart+phones&store=tyy%2F4io&srno=s_33_774&otracker=search&fm=organic&iid=7198f1dd-54b7-4eef-a67e-9beccc3fec57.MOBHPDZDEAGRHERU.SEARCH&ppt=None&ppn=None&ssid=arjhbg6yq80000001790412353879&qH=a5594894156db043&ov_redirect=true,2026-09-26
775,"Samsung Galaxy A56 5G (Awesome Graphite, 256 GB)",Samsung,39974,54999,27% off,4.4,"1,021",80,8 GB RAM,256 GB ROM,5000 mAh Battery,Samsung Exynos 1580 Processor,17.02 cm (6.7 inch) Full HD+ Display,50MP + 12MP + 5MP | 12MP Front Camera,,https://www.flipkart.com/samsung-galaxy-a56-5g-awesome-graphite-256-gb/p/itmfc74a277c6fb4?pid=MOBH9RNGDAUAZUGG&lid=LSTMOBH9RNGDAUAZUGGQAT9LL&marketplace=FLIPKART&q=smart+phones&store=tyy%2F4io&srno=s_33_775&otracker=search&fm=organic&iid=7198f1dd-54b7-4eef-a67e-9beccc3fec57.MOBH9RNGDAUAZUGG.SEARCH&ppt=None&ppn=None&ssid=arjhbg6yq80000001790412353879&qH=a5594894156db043&ov_redirect=true,2026-09-26
776,"IQOO Z11 lite 5G (Midnight Blue, 128 GB)",IQOO,20178,33999,40% off,3.9,31,1,4 GB RAM,128 GB ROM,6500 mAh Battery,MediaTek Dimensity 6300 Processor,17.12 cm (6.74 inch) Display,50MP Rear Camera,,https://www.flipkart.com/iqoo-z11-lite-5g-midnight-blue-128-gb/p/itmaa919fae95e49?pid=MOBHPMVFJYEQBWHP&lid=LSTMOBHPMVFJYEQBWHPW3JRCH&marketplace=FLIPKART&q=smart+phones&store=tyy%2F4io&srno=s_33_776&otracker=search&fm=organic&iid=7198f1dd-54b7-4eef-a67e-9beccc3fec57.MOBHPMVFJYEQBWHP.SEARCH&ppt=None&ppn=None&ssid=arjhbg6yq80000001790412353879&qH=a5594894156db043&ov_redirect=true,2026-09-26
777,"realme P4R 5G (Silver Glare, 128 GB)",realme,22999,34999,34% off,4.2,"2,604",226,4 GB RAM,128 GB ROM,8000 mAh Lithium-ion polymer Battery,Dimensity 6300 Processor,17.27 cm (6.8 inch) HD+ Display,50MP Rear Camera | 8MP Front Camera,,https://www.flipkart.com/realme-p4r-5g-silver-glare-128-gb/p/itmb42ae388c1ef6?pid=MOBHMYR3EJZ8J2ES&lid=LSTMOBHMYR3EJZ8J2ESNKDP7V&marketplace=FLIPKART&q=smart+phones&store=tyy%2F4io&srno=s_33_777&otracker=search&fm=organic&iid=7198f1dd-54b7-4eef-a67e-9beccc3fec57.MOBHMYR3EJZ8J2ES.SEARCH&ppt=None&ppn=None&ssid=arjhbg6yq80000001790412353879&qH=a5594894156db043&ov_redirect=true,2026-09-26
778,"MOTOROLA Edge 70 Pro+ (Satin-Luxe PANTONE Zinfandel (Maroon), 256 GB)",MOTOROLA,47999,84999,43% off,4.2,526,80,12 GB RAM,256 GB ROM,6500 mAh Silicon-Carbon Battery,Dimensity 8500 Extreme Processor,17.27 cm (6.8 inch) Full HD+ Super AMOLED Display,50MP + 50MP + 50MP | 50MP Front Camera,,https://www.flipkart.com/motorola-edge-70-pro-satin-luxe-pantone-zinfandel-maroon-256-gb/p/itm70caeee0ca941?pid=MOBHHXQRQJX8USUW&lid=LSTMOBHHXQRQJX8USUWCHBJHD&marketplace=FLIPKART&q=smart+phones&store=tyy%2F4io&srno=s_33_778&otracker=search&fm=organic&iid=7198f1dd-54b7-4eef-a67e-9beccc3fec57.MOBHHXQRQJX8USUW.SEARCH&ppt=None&ppn=None&ssid=arjhbg6yq80000001790412353879&qH=a5594894156db043&ov_redirect=true,2026-09-26
779,"MOTOROLA Edge 70 Fusion Snapdragon (Pantone ORIENT BLUE, 256 GB)",MOTOROLA,34999,59999,41% off,4.3,"6,660",736,12 GB RAM,256 GB ROM,7000 mAh Battery,Snapdragon 7s Gen 4 Processor,17.27 cm (6.8 inch) Super HD Display,50MP + 13MP | 32MP Front Camera,,https://www.flipkart.com/motorola-edge-70-fusion-snapdragon-pantone-orient-blue-256-gb/p/itm0f75501cb27b3?pid=MOBHN973ZNVAMG7V&lid=LSTMOBHN973ZNVAMG7V2L9WLM&marketplace=FLIPKART&q=smart+phones&store=tyy%2F4io&srno=s_33_779&otracker=search&fm=organic&iid=7198f1dd-54b7-4eef-a67e-9beccc3fec57.MOBHN973ZNVAMG7V.SEARCH&ppt=None&ppn=None&ssid=arjhbg6yq80000001790412353879&qH=a5594894156db043&ov_redirect=true,2026-09-26
780,"Ai+ Nova 2 5G (Black, 64 GB)",Ai+,13999,,,4.2,"6,969",384,4 GB RAM,64 GB ROM,6000 mAh Battery,T8200 Processor,17.13 cm (6.745 inch) HD+ Display,50MP Rear Camera | 8MP Front Camera,,https://www.flipkart.com/ai-nova-2-5g-black-64-gb/p/itme6e69f9ec9956?pid=MOBHKHPYYA5KZSYP&lid=LSTMOBHKHPYYA5KZSYPYMPP3T&marketplace=FLIPKART&q=smart+phones&store=tyy%2F4io&srno=s_33_780&otracker=search&fm=organic&iid=7198f1dd-54b7-4eef-a67e-9beccc3fec57.MOBHKHPYYA5KZSYP.SEARCH&ppt=None&ppn=None&ssid=arjhbg6yq80000001790412353879&qH=a5594894156db043&ov_redirect=true,2026-09-26
781,"Nothing Phone (4b) (Black, 128 GB)",Nothing,39999,54999,27% off,4.3,"1,785",176,8 GB RAM,128 GB ROM,6000 mAh Lithium ion Battery,6 Gen 4 Processor,17.2 cm (6.77 inch) Full HD+ AMOLED Display,50MP + 8MP | 16MP Front Camera,,https://www.flipkart.com/nothing-phone-4b-black-128-gb/p/itm939608b40adbb?pid=MOBHZMBDHVTPQTWY&lid=LSTMOBHZMBDHVTPQTWYRX0DCB&marketplace=FLIPKART&q=smart+phones&store=tyy%2F4io&srno=s_33_781&otracker=search&fm=organic&iid=7198f1dd-54b7-4eef-a67e-9beccc3fec57.MOBHZMBDHVTPQTWY.SEARCH&ppt=None&ppn=None&ssid=arjhbg6yq80000001790412353879&qH=a5594894156db043&ov_redirect=true,2026-09-26
782,"Nothing Phone (4b) (White, 128 GB)",Nothing,39999,54999,27% off,4.3,"1,785",176,8 GB RAM,128 GB ROM,6000 mAh Lithium ion Battery,6 Gen 4 Processor,17.2 cm (6.77 inch) Full HD+ AMOLED Display,50MP + 8MP | 16MP Front Camera,,https://www.flipkart.com/nothing-phone-4b-white-128-gb/p/itm939608b40adbb?pid=MOBHZMBDSF3JAFTF&lid=LSTMOBHZMBDSF3JAFTF4PZFBR&marketplace=FLIPKART&q=smart+phones&store=tyy%2F4io&srno=s_33_782&otracker=search&fm=organic&iid=7198f1dd-54b7-4eef-a67e-9beccc3fec57.MOBHZMBDSF3JAFTF.SEARCH&ppt=None&ppn=None&ssid=arjhbg6yq80000001790412353879&qH=a5594894156db043&ov_redirect=true,2026-09-26
783,"realme 14 Pro+ 5G (Bikaner Purple, 128 GB)",realme,29999,33999,11% off,4.4,"21,988","2,769",8 GB RAM,128 GB ROM,6000 mAh Battery,7s Gen 3 Mobile Platform Processor,17.35 cm (6.83 inch) Full HD+ Display,50MP + 50MP + 8MP | 32MP Front Camera,,https://www.flipkart.com/realme-14-pro-5g-bikaner-purple-128-gb/p/itmb5105a70ea6a6?pid=MOBH84ZXAZYM8ZZP&lid=LSTMOBH84ZXAZYM8ZZPMSORPL&marketplace=FLIPKART&q=smart+phones&store=tyy%2F4io&srno=s_33_783&otracker=search&fm=organic&iid=7198f1dd-54b7-4eef-a67e-9beccc3fec57.MOBH84ZXAZYM8ZZP.SEARCH&ppt=None&ppn=None&ssid=arjhbg6yq80000001790412353879&qH=a5594894156db043&ov_redirect=true,2026-09-26
784,"Samsung Galaxy S24 5G Snapdragon (Onyx Black, 128 GB)",Samsung,49999,74999,33% off,4.6,"57,463","4,580",8 GB RAM,128 GB ROM,4000 mAh Battery,8 Gen 3 Processor,15.75 cm (6.2 inch) Full HD+ Display,50MP + 12MP | 12MP Front Camera,,https://www.flipkart.com/samsung-galaxy-s24-5g-snapdragon-onyx-black-128-gb/p/itm3469a7107606f?pid=MOBHDVFKSSHPUYHB&lid=LSTMOBHDVFKSSHPUYHBXUF3VR&marketplace=FLIPKART&q=smart+phones&store=tyy%2F4io&srno=s_33_784&otracker=search&fm=organic&iid=7198f1dd-54b7-4eef-a67e-9beccc3fec57.MOBHDVFKSSHPUYHB.SEARCH&ppt=None&ppn=None&ssid=arjhbg6yq80000001790412353879&qH=a5594894156db043&ov_redirect=true,2026-09-26
785,"realme 16 5G (Air Black, 128 GB)",realme,36999,41999,11% off,4,"1,003",112,8 GB RAM,128 GB ROM,7000 mAh Battery,Dimensity 6400 Turbo Processor,16.69 cm (6.57 inch) Full HD+ AMOLED Display,50MP + 2MP | 50MP Front Camera,,https://www.flipkart.com/realme-16-5g-air-black-128-gb/p/itm7b0c4cd95742b?pid=MOBHHM6TDJP7TNNS&lid=LSTMOBHHM6TDJP7TNNSXCXCK0&marketplace=FLIPKART&q=smart+phones&store=tyy%2F4io&srno=s_33_785&otracker=search&fm=organic&iid=7198f1dd-54b7-4eef-a67e-9beccc3fec57.MOBHHM6TDJP7TNNS.SEARCH&ppt=None&ppn=None&ssid=arjhbg6yq80000001790412353879&qH=a5594894156db043&ov_redirect=true,2026-09-26
786,"Samsung Galaxy F56 5G (Green, 128 GB)",Samsung,29999,30999,3% off,4.4,704,71,8 GB RAM,128 GB ROM,5000 mAh Battery,Exynos 1480 Processor,17.02 cm (6.7 inch) Full HD+ Display,50MP + 8MP + 2MP | 12MP Front Camera,,https://www.flipkart.com/samsung-galaxy-f56-5g-green-128-gb/p/itm618e969d3671e?pid=MOBHBWF3G5QRT5HY&lid=LSTMOBHBWF3G5QRT5HY1XGSF9&marketplace=FLIPKART&q=smart+phones&store=tyy%2F4io&srno=s_33_786&otracker=search&fm=organic&iid=7198f1dd-54b7-4eef-a67e-9beccc3fec57.MOBHBWF3G5QRT5HY.SEARCH&ppt=None&ppn=None&ssid=arjhbg6yq80000001790412353879&qH=a5594894156db043&ov_redirect=true,2026-09-26
787,"Infinix GT 30 Pro 5G+ (Dark Flare, 256 GB)",Infinix,34999,,,4.3,"1,387",139,12 GB RAM,256 GB ROM,5500 mAh Battery,Dimensity 8350 Ultimate Processor,17.22 cm (6.78 inch) Display,108MP + 8MP | 13MP Front Camera,,https://www.flipkart.com/infinix-gt-30-pro-5g-dark-flare-256-gb/p/itmd4bc1852572b9?pid=MOBHC6457Y6PKCDG&lid=LSTMOBHC6457Y6PKCDGGXKNCP&marketplace=FLIPKART&q=smart+phones&store=tyy%2F4io&srno=s_33_787&otracker=search&fm=organic&iid=7198f1dd-54b7-4eef-a67e-9beccc3fec57.MOBHC6457Y6PKCDG.SEARCH&ppt=None&ppn=None&ssid=arjhbg6yq80000001790412353879&qH=a5594894156db043&ov_redirect=true,2026-09-26
788,"REDMI Note-14 Pro 5G (Ivy Green, 256 GB)",REDMI,27270,30999,12% off,4.3,"1,215",90,8 GB RAM,256 GB ROM,5500 mAh Battery,Dimensity 7300 Ultra Processor,16.94 cm (6.67 inch) Display,50MP + 8MP + 2MP | 20MP Front Camera,,https://www.flipkart.com/redmi-note-14-pro-5g-ivy-green-256-gb/p/itm124f940049e20?pid=MOBH8BW3XZ6CMJBW&lid=LSTMOBH8BW3XZ6CMJBWYTV1FU&marketplace=FLIPKART&q=smart+phones&store=tyy%2F4io&srno=s_33_788&otracker=search&fm=organic&iid=7198f1dd-54b7-4eef-a67e-9beccc3fec57.MOBH8BW3XZ6CMJBW.SEARCH&ppt=None&ppn=None&ssid=arjhbg6yq80000001790412353879&qH=a5594894156db043&ov_redirect=true,2026-09-26
789,"IQOO 15R 5G (Triumph Silver, 256 GB)",IQOO,56999,,,4.6,275,32,12 GB RAM,256 GB ROM,7600 mAh Battery,,16.74 cm (6.59 inch) Display,50MP Rear Camera,,https://www.flipkart.com/iqoo-15r-5g-triumph-silver-256-gb/p/itm7bc8aee18f590?pid=MOBHHY4AZGT5KEKU&lid=LSTMOBHHY4AZGT5KEKUNJ39VB&marketplace=FLIPKART&q=smart+phones&store=tyy%2F4io&srno=s_33_789&otracker=search&fm=organic&iid=7198f1dd-54b7-4eef-a67e-9beccc3fec57.MOBHHY4AZGT5KEKU.SEARCH&ppt=None&ppn=None&ssid=arjhbg6yq80000001790412353879&qH=a5594894156db043&ov_redirect=true,2026-09-26
790,"OPPO K14 5G (Prism Violet, 128 GB)",OPPO,25999,,,4.4,"7,232",533,6 GB RAM,128 GB ROM,7000 mAh Battery,Dimensity 6300 Processor,17.14 cm (6.75 inch) HD+ Display,50MP Rear Camera | 8MP Front Camera,,https://www.flipkart.com/oppo-k14-5g-prism-violet-128-gb/p/itm2a5cc1d23c2af?pid=MOBHKQYYEP5PV9RH&lid=LSTMOBHKQYYEP5PV9RHZM2YMD&marketplace=FLIPKART&q=smart+phones&store=tyy%2F4io&srno=s_33_790&otracker=search&fm=organic&iid=7198f1dd-54b7-4eef-a67e-9beccc3fec57.MOBHKQYYEP5PV9RH.SEARCH&ppt=None&ppn=None&ssid=arjhbg6yq80000001790412353879&qH=a5594894156db043&ov_redirect=true,2026-09-26
791,"realme 16 Pro 5G (Pebble Grey, 256 GB)",realme,46999,,,4.3,"2,810",288,8 GB RAM,256 GB ROM,7000 mAh Battery,Dimensity 7300 Max Processor,17.22 cm (6.78 inch) Full HD+ Display,200MP + 8MP | 50MP Front Camera,,https://www.flipkart.com/realme-16-pro-5g-pebble-grey-256-gb/p/itm0f32797c10002?pid=MOBHM8GZTJAC9GUM&lid=LSTMOBHM8GZTJAC9GUMUL0QCU&marketplace=FLIPKART&q=smart+phones&store=tyy%2F4io&srno=s_33_791&otracker=search&fm=organic&iid=7198f1dd-54b7-4eef-a67e-9beccc3fec57.MOBHM8GZTJAC9GUM.SEARCH&ppt=None&ppn=None&ssid=arjhbg6yq80000001790412353879&qH=a5594894156db043&ov_redirect=true,2026-09-26
792,"vivo Y11 5G (Cosmic Gold, 128 GB)",vivo,22499,44999,50% off,4.1,914,53,4 GB RAM,128 GB ROM,6500 mAh Li-ion Battery,Dimensity 6300 Processor,17.12 cm (6.74 inch) HD+ Display,13MP + 0.08MP | 5MP Front Camera,,https://www.flipkart.com/vivo-y11-5g-cosmic-gold-128-gb/p/itm722b8f27be0b8?pid=MOBHZF4TUDMVEFHM&lid=LSTMOBHZF4TUDMVEFHMAONFV6&marketplace=FLIPKART&q=smart+phones&store=tyy%2F4io&srno=s_33_792&otracker=search&fm=organic&iid=7198f1dd-54b7-4eef-a67e-9beccc3fec57.MOBHZF4TUDMVEFHM.SEARCH&ppt=None&ppn=None&ssid=arjhbg6yq80000001790412353879&qH=a5594894156db043&ov_redirect=true,2026-09-26
793,"realme 14 Pro+ 5G (Suede Grey, 256 GB)",realme,34999,37999,7% off,4.4,"8,709","1,023",12 GB RAM,256 GB ROM,6000 mAh Battery,7s Gen 3 Mobile Platform Processor,17.35 cm (6.83 inch) Display,50MP + 50MP + 8MP | 32MP Front Camera,,https://www.flipkart.com/realme-14-pro-5g-suede-grey-256-gb/p/itmb5105a70ea6a6?pid=MOBH84ZXNJEVW9GZ&lid=LSTMOBH84ZXNJEVW9GZCAAB2L&marketplace=FLIPKART&q=smart+phones&store=tyy%2F4io&srno=s_34_793&otracker=search&fm=organic&iid=ca5dd23a-3962-4e99-8afe-1b281ff746ff.MOBH84ZXNJEVW9GZ.SEARCH&ppt=None&ppn=None&ssid=378cc1o48g0000001790412356597&qH=a5594894156db043&ov_redirect=true,2026-09-26
794,"MOTOROLA Edge 70 Pro+ (Twill Inspired PANTONE Stormy sea (Green), 256 GB)",MOTOROLA,47999,84999,43% off,4.2,526,80,12 GB RAM,256 GB ROM,6500 mAh Silicon-Carbon Battery,Dimensity 8500 Extreme Processor,17.27 cm (6.8 inch) Full HD+ Super AMOLED Display,50MP + 50MP + 50MP | 50MP Front Camera,,https://www.flipkart.com/motorola-edge-70-pro-twill-inspired-pantone-stormy-sea-green-256-gb/p/itm79d34f83fb1e7?pid=MOBHHXQRYAYXMA86&lid=LSTMOBHHXQRYAYXMA86JVCHQB&marketplace=FLIPKART&q=smart+phones&store=tyy%2F4io&srno=s_34_794&otracker=search&fm=organic&iid=ca5dd23a-3962-4e99-8afe-1b281ff746ff.MOBHHXQRYAYXMA86.SEARCH&ppt=None&ppn=None&ssid=378cc1o48g0000001790412356597&qH=a5594894156db043&ov_redirect=true,2026-09-26
795,"POCO X8 Power 5G (Yellow, 128 GB)",POCO,35999,79999,55% off,4.3,226,62,8 GB RAM,128 GB ROM,10000 mAh Lithium-Ion Polymer Battery,6 Gen 5 Processor,17.35 cm (6.83 inch) Full HD+ AMOLED Display,50MP + 8MP | 32MP Front Camera,,https://www.flipkart.com/poco-x8-power-5g-yellow-128-gb/p/itm9a840fc0ecfbc?pid=MOBHQ6XZVH98SKHM&lid=LSTMOBHQ6XZVH98SKHMB0KPSW&marketplace=FLIPKART&q=smart+phones&store=tyy%2F4io&srno=s_34_795&otracker=search&fm=organic&iid=ca5dd23a-3962-4e99-8afe-1b281ff746ff.MOBHQ6XZVH98SKHM.SEARCH&ppt=None&ppn=None&ssid=378cc1o48g0000001790412356597&qH=a5594894156db043&ov_redirect=true,2026-09-26
796,"Ai+ Nova 2 5G (Green, 64 GB)",Ai+,13999,,,4.2,"6,969",384,4 GB RAM,64 GB ROM,6000 mAh Battery,T8200 Processor,17.13 cm (6.745 inch) HD+ Display,50MP Rear Camera | 8MP Front Camera,,https://www.flipkart.com/ai-nova-2-5g-green-64-gb/p/itm93c2428cc4241?pid=MOBHKHPYFZQKKMDM&lid=LSTMOBHKHPYFZQKKMDMMQKLTA&marketplace=FLIPKART&q=smart+phones&store=tyy%2F4io&srno=s_34_796&otracker=search&fm=organic&iid=ca5dd23a-3962-4e99-8afe-1b281ff746ff.MOBHKHPYFZQKKMDM.SEARCH&ppt=None&ppn=None&ssid=378cc1o48g0000001790412356597&qH=a5594894156db043&ov_redirect=true,2026-09-26
797,"Samsung A36 5G (Dark Blue, 256 GB)",Samsung,40999,43999,6% off,4.3,654,83,8 GB RAM,256 GB ROM,5000 mAh Battery,Qualcomm Snapdragon 6 Gen 3 Processor,17.02 cm (6.7 inch) Full HD+ Display,50MP + 8MP | 12MP Front Camera,,https://www.flipkart.com/samsung-a36-5g-dark-blue-256-gb/p/itme993b087da33a?pid=MOBHNJ8FMV7RRDBA&lid=LSTMOBHNJ8FMV7RRDBADQLXG2&marketplace=FLIPKART&q=smart+phones&store=tyy%2F4io&srno=s_34_797&otracker=search&fm=organic&iid=ca5dd23a-3962-4e99-8afe-1b281ff746ff.MOBHNJ8FMV7RRDBA.SEARCH&ppt=None&ppn=None&ssid=378cc1o48g0000001790412356597&qH=a5594894156db043&ov_redirect=true,2026-09-26
798,"realme P4R 5G (Lavender Glare, 128 GB)",realme,25999,39999,35% off,4.3,"5,147",420,6 GB RAM,128 GB ROM,8000 mAh Lithium-ion polymer Battery,Dimensity 6300 Processor,17.27 cm (6.8 inch) HD+ Display,50MP Rear Camera | 8MP Front Camera,,https://www.flipkart.com/realme-p4r-5g-lavender-glare-128-gb/p/itmb42ae388c1ef6?pid=MOBHMYR3NPFHTFHE&lid=LSTMOBHMYR3NPFHTFHEQL7J8Y&marketplace=FLIPKART&q=smart+phones&store=tyy%2F4io&srno=s_34_798&otracker=search&fm=organic&iid=ca5dd23a-3962-4e99-8afe-1b281ff746ff.MOBHMYR3NPFHTFHE.SEARCH&ppt=None&ppn=None&ssid=378cc1o48g0000001790412356597&qH=a5594894156db043&ov_redirect=true,2026-09-26
799,"LAVA Virat V1 5G (Sonar Gold, 128 GB)",LAVA,14499,17499,17% off,4,979,163,4 GB RAM,128 GB ROM,6000 mAh Battery,T8200 Processor,17.14 cm (6.75 inch) Display,13MP Rear Camera | 5MP Front Camera,,https://www.flipkart.com/lava-virat-v1-5g-sonar-gold-128-gb/p/itm69174bc608491?pid=MOBHQ6XKE2SKZDME&lid=LSTMOBHQ6XKE2SKZDMEGZTCXH&marketplace=FLIPKART&q=smart+phones&store=tyy%2F4io&srno=s_34_799&otracker=search&fm=organic&iid=ca5dd23a-3962-4e99-8afe-1b281ff746ff.MOBHQ6XKE2SKZDME.SEARCH&ppt=None&ppn=None&ssid=378cc1o48g0000001790412356597&qH=a5594894156db043&ov_redirect=true,2026-09-26
800,"realme P4R 5G (Titanium Glare, 128 GB)",realme,22999,34999,34% off,4.2,"2,604",226,4 GB RAM,128 GB ROM,8000 mAh Lithium-ion polymer Battery,Dimensity 6300 Processor,17.27 cm (6.8 inch) HD+ Display,50MP Rear Camera | 8MP Front Camera,,https://www.flipkart.com/realme-p4r-5g-titanium-glare-128-gb/p/itmb42ae388c1ef6?pid=MOBHMYR3WJZZMJCK&lid=LSTMOBHMYR3WJZZMJCKWJWXFC&marketplace=FLIPKART&q=smart+phones&store=tyy%2F4io&srno=s_34_800&otracker=search&fm=organic&iid=ca5dd23a-3962-4e99-8afe-1b281ff746ff.MOBHMYR3WJZZMJCK.SEARCH&ppt=None&ppn=None&ssid=378cc1o48g0000001790412356597&qH=a5594894156db043&ov_redirect=true,2026-09-26
801,"realme P4R 5G (Silver Glare, 128 GB)",realme,25999,39999,35% off,4.3,"5,147",420,6 GB RAM,128 GB ROM,8000 mAh Lithium-ion polymer Battery,Dimensity 6300 Processor,17.27 cm (6.8 inch) HD+ Display,50MP Rear Camera | 8MP Front Camera,,https://www.flipkart.com/realme-p4r-5g-silver-glare-128-gb/p/itmb42ae388c1ef6?pid=MOBHMYR3NMRPYBY4&lid=LSTMOBHMYR3NMRPYBY4B2EWSJ&marketplace=FLIPKART&q=smart+phones&store=tyy%2F4io&srno=s_34_801&otracker=search&fm=organic&iid=ca5dd23a-3962-4e99-8afe-1b281ff746ff.MOBHMYR3NMRPYBY4.SEARCH&ppt=None&ppn=None&ssid=378cc1o48g0000001790412356597&qH=a5594894156db043&ov_redirect=true,2026-09-26
802,"Ai+ Nova 2 Neo 5G (Blue, 128 GB)",Ai+,15999,18999,15% off,4.3,"2,278",199,4 GB RAM,128 GB ROM,6000 mAh Li-polymer Battery,Dimensity 6300 Processor,17.13 cm (6.745 inch) HD+ Display,48MP Rear Camera | 8MP Front Camera,,https://www.flipkart.com/ai-nova-2-neo-5g-blue-128-gb/p/itmdcaa61dad2064?pid=MOBHZ8ZMTFJZHQQ6&lid=LSTMOBHZ8ZMTFJZHQQ6X2VHUW&marketplace=FLIPKART&q=smart+phones&store=tyy%2F4io&srno=s_34_802&otracker=search&fm=organic&iid=ca5dd23a-3962-4e99-8afe-1b281ff746ff.MOBHZ8ZMTFJZHQQ6.SEARCH&ppt=None&ppn=None&ssid=378cc1o48g0000001790412356597&qH=a5594894156db043&ov_redirect=true,2026-09-26
803,"Nothing Phone (4b) (Blue, 256 GB)",Nothing,40999,59999,31% off,4.3,"1,785",176,8 GB RAM,256 GB ROM,6000 mAh Lithium ion Battery,6 Gen 4 Processor,17.2 cm (6.77 inch) Full HD+ AMOLED Display,50MP + 8MP | 16MP Front Camera,,https://www.flipkart.com/nothing-phone-4b-blue-256-gb/p/itm939608b40adbb?pid=MOBHZMBDHJGVM8N5&lid=LSTMOBHZMBDHJGVM8N5TDJER1&marketplace=FLIPKART&q=smart+phones&store=tyy%2F4io&srno=s_34_803&otracker=search&fm=organic&iid=ca5dd23a-3962-4e99-8afe-1b281ff746ff.MOBHZMBDHJGVM8N5.SEARCH&ppt=None&ppn=None&ssid=378cc1o48g0000001790412356597&qH=a5594894156db043&ov_redirect=true,2026-09-26
804,"OPPO Reno15 5G (Glacier White, 256 GB)",OPPO,47999,49999,4% off,4.5,961,126,8 GB RAM,256 GB ROM,6500 mAh Battery,7 Gen 4 Processor,16.74 cm (6.59 inch) Full HD+ Display,,,https://www.flipkart.com/oppo-reno15-5g-glacier-white-256-gb/p/itm37cc91d1c2807?pid=MOBHGZZ9YK5DRXSW&lid=LSTMOBHGZZ9YK5DRXSWFNAPAE&marketplace=FLIPKART&q=smart+phones&store=tyy%2F4io&srno=s_34_804&otracker=search&fm=organic&iid=ca5dd23a-3962-4e99-8afe-1b281ff746ff.MOBHGZZ9YK5DRXSW.SEARCH&ppt=None&ppn=None&ssid=378cc1o48g0000001790412356597&qH=a5594894156db043&ov_redirect=true,2026-09-26
805,"realme GT 8 Pro (Diary White, 256 GB)",realme,72999,79999,8% off,4.3,130,16,12 GB RAM,256 GB ROM,7000 mAh Battery,8 Elite Gen 5 Processor,17.25 cm (6.79 inch) Quad HD+ Display,50MP + 50MP + 200MP | 32MP Front Camera,,https://www.flipkart.com/realme-gt-8-pro-diary-white-256-gb/p/itm78c31e0a1941f?pid=MOBHHEYXZYZUHGXQ&lid=LSTMOBHHEYXZYZUHGXQTM2M0W&marketplace=FLIPKART&q=smart+phones&store=tyy%2F4io&srno=s_34_805&otracker=search&fm=organic&iid=ca5dd23a-3962-4e99-8afe-1b281ff746ff.MOBHHEYXZYZUHGXQ.SEARCH&ppt=None&ppn=None&ssid=378cc1o48g0000001790412356597&qH=a5594894156db043&ov_redirect=true,2026-09-26
806,"OnePlus 13s 5G (Green Silk, 256 GB)",OnePlus,57950,57999,,4.6,"2,150",208,12 GB RAM,256 GB ROM,5850 mAh Battery,,16.05 cm (6.32 inch) Display,50MP Rear Camera,,https://www.flipkart.com/oneplus-13s-5g-green-silk-256-gb/p/itmb6d10cf953b5d?pid=MOBHCTQTDPZH7ZYT&lid=LSTMOBHCTQTDPZH7ZYTQGTOYB&marketplace=FLIPKART&q=smart+phones&store=tyy%2F4io&srno=s_34_806&otracker=search&fm=organic&iid=ca5dd23a-3962-4e99-8afe-1b281ff746ff.MOBHCTQTDPZH7ZYT.SEARCH&ppt=None&ppn=None&ssid=378cc1o48g0000001790412356597&qH=a5594894156db043&ov_redirect=true,2026-09-26
807,"OnePlus 13s 5G (Black Velvet, 256 GB)",OnePlus,57192,57999,1% off,4.6,"2,150",208,12 GB RAM,256 GB ROM,5850 mAh Battery,,16.05 cm (6.32 inch) Display,50MP Rear Camera,,https://www.flipkart.com/oneplus-13s-5g-black-velvet-256-gb/p/itmb6d10cf953b5d?pid=MOBHCTQTGUGEJHMG&lid=LSTMOBHCTQTGUGEJHMGGJLBNP&marketplace=FLIPKART&q=smart+phones&store=tyy%2F4io&srno=s_34_807&otracker=search&fm=organic&iid=ca5dd23a-3962-4e99-8afe-1b281ff746ff.MOBHCTQTGUGEJHMG.SEARCH&ppt=None&ppn=None&ssid=378cc1o48g0000001790412356597&qH=a5594894156db043&ov_redirect=true,2026-09-26
808,"Samsung Galaxy A55 5G (Awesome Iceblue, 256 GB)",Samsung,48800,48999,,4.3,849,60,12 GB RAM,256 GB ROM,5000 mAh Battery,Exynos 1480 Processor,16.76 cm (6.6 inch) Full HD+ Display,50MP + 12MP + 5MP | 32MP Front Camera,,https://www.flipkart.com/samsung-galaxy-a55-5g-awesome-iceblue-256-gb/p/itm9d66e3d4ee04f?pid=MOBGYT2H76JPBMXB&lid=LSTMOBGYT2H76JPBMXBNZZMN0&marketplace=FLIPKART&q=smart+phones&store=tyy%2F4io&srno=s_34_808&otracker=search&fm=organic&iid=ca5dd23a-3962-4e99-8afe-1b281ff746ff.MOBGYT2H76JPBMXB.SEARCH&ppt=None&ppn=None&ssid=378cc1o48g0000001790412356597&qH=a5594894156db043&ov_redirect=true,2026-09-26
809,"OnePlus N6X (Burgundy Red, 64 GB)",OnePlus,20300,26999,24% off,4.1,109,8,4 GB RAM,64 GB ROM,7000 mAh Battery,MediaTek Dimensity 6360 Apex Processor,17.27 cm (6.8 inch) HD+ Display,13MP Rear Camera,,https://www.flipkart.com/oneplus-n6x-burgundy-red-64-gb/p/itm4be54d70a3bed?pid=MOBHPTHQSDCZZVNH&lid=LSTMOBHPTHQSDCZZVNHTAFULP&marketplace=FLIPKART&q=smart+phones&store=tyy%2F4io&srno=s_34_809&otracker=search&fm=organic&iid=ca5dd23a-3962-4e99-8afe-1b281ff746ff.MOBHPTHQSDCZZVNH.SEARCH&ppt=None&ppn=None&ssid=378cc1o48g0000001790412356597&qH=a5594894156db043&ov_redirect=true,2026-09-26
810,"OnePlus N6X (Burgundy Red, 128 GB)",OnePlus,22500,28999,22% off,4.1,109,8,4 GB RAM,128 GB ROM,7000 mAh Battery,MediaTek Dimensity 6360 Apex Processor,17.27 cm (6.8 inch) HD+ Display,13MP Rear Camera,,https://www.flipkart.com/oneplus-n6x-burgundy-red-128-gb/p/itm4be54d70a3bed?pid=MOBHPTHXHRAF8UHZ&lid=LSTMOBHPTHXHRAF8UHZIM1W3H&marketplace=FLIPKART&q=smart+phones&store=tyy%2F4io&srno=s_34_810&otracker=search&fm=organic&iid=ca5dd23a-3962-4e99-8afe-1b281ff746ff.MOBHPTHXHRAF8UHZ.SEARCH&ppt=None&ppn=None&ssid=378cc1o48g0000001790412356597&qH=a5594894156db043&ov_redirect=true,2026-09-26
811,"IQOO Z10 Lite 5G (Cyber Green, 128 GB)",IQOO,19926,24999,20% off,4.1,"4,636",270,4 GB RAM,128 GB ROM,6000 mAh Battery,,17.12 cm (6.74 inch) Display,50MP Rear Camera,,https://www.flipkart.com/iqoo-z10-lite-5g-cyber-green-128-gb/p/itmb57aad9fe876e?pid=MOBHDGDJNRMMRXKQ&lid=LSTMOBHDGDJNRMMRXKQVDKQH6&marketplace=FLIPKART&q=smart+phones&store=tyy%2F4io&srno=s_34_811&otracker=search&fm=organic&iid=ca5dd23a-3962-4e99-8afe-1b281ff746ff.MOBHDGDJNRMMRXKQ.SEARCH&ppt=None&ppn=None&ssid=378cc1o48g0000001790412356597&qH=a5594894156db043&ov_redirect=true,2026-09-26
812,"IQOO 15R 5G (Dark Knight, 256 GB)",IQOO,54599,69999,22% off,4.7,404,51,8 GB RAM,256 GB ROM,7600 mAh Battery,,16.74 cm (6.59 inch) Display,50MP Rear Camera,,https://www.flipkart.com/iqoo-15r-5g-dark-knight-256-gb/p/itm7bc8aee18f590?pid=MOBHHY4GYEHGVW3X&lid=LSTMOBHHY4GYEHGVW3XSR8TLR&marketplace=FLIPKART&q=smart+phones&store=tyy%2F4io&srno=s_34_812&otracker=search&fm=organic&iid=ca5dd23a-3962-4e99-8afe-1b281ff746ff.MOBHHY4GYEHGVW3X.SEARCH&ppt=None&ppn=None&ssid=378cc1o48g0000001790412356597&qH=a5594894156db043&ov_redirect=true,2026-09-26
813,"IQOO 15R 5G (Dark Knight, 256 GB)",IQOO,60995,61999,1% off,4.6,275,32,12 GB RAM,256 GB ROM,7600 mAh Battery,,16.74 cm (6.59 inch) Display,50MP Rear Camera,,https://www.flipkart.com/iqoo-15r-5g-dark-knight-256-gb/p/itm7bc8aee18f590?pid=MOBHHY4HPH4DHD8G&lid=LSTMOBHHY4HPH4DHD8GJ3QC3E&marketplace=FLIPKART&q=smart+phones&store=tyy%2F4io&srno=s_34_813&otracker=search&fm=organic&iid=ca5dd23a-3962-4e99-8afe-1b281ff746ff.MOBHHY4HPH4DHD8G.SEARCH&ppt=None&ppn=None&ssid=378cc1o48g0000001790412356597&qH=a5594894156db043&ov_redirect=true,2026-09-26
814,"IQOO 15R 5G (Triumph Silver, 256 GB)",IQOO,54599,69999,22% off,4.7,404,51,8 GB RAM,256 GB ROM,7600 mAh Battery,,16.74 cm (6.59 inch) Display,50MP Rear Camera,,https://www.flipkart.com/iqoo-15r-5g-triumph-silver-256-gb/p/itm7bc8aee18f590?pid=MOBHHY4ADUVBCEEY&lid=LSTMOBHHY4ADUVBCEEYX6ETWK&marketplace=FLIPKART&q=smart+phones&store=tyy%2F4io&srno=s_34_814&otracker=search&fm=organic&iid=ca5dd23a-3962-4e99-8afe-1b281ff746ff.MOBHHY4ADUVBCEEY.SEARCH&ppt=None&ppn=None&ssid=378cc1o48g0000001790412356597&qH=a5594894156db043&ov_redirect=true,2026-09-26
815,"REDMI Note-14 Pro 5G (Phantom Purple, 256 GB)",REDMI,27790,30999,10% off,4.3,"1,215",90,8 GB RAM,256 GB ROM,5500 mAh Battery,Dimensity 7300 Ultra Processor,16.94 cm (6.67 inch) Display,50MP + 8MP + 2MP | 20MP Front Camera,,https://www.flipkart.com/redmi-note-14-pro-5g-phantom-purple-256-gb/p/itm124f940049e20?pid=MOBH8BW3AGGHVKRR&lid=LSTMOBH8BW3AGGHVKRRXM7SEM&marketplace=FLIPKART&q=smart+phones&store=tyy%2F4io&srno=s_34_815&otracker=search&fm=organic&iid=ca5dd23a-3962-4e99-8afe-1b281ff746ff.MOBH8BW3AGGHVKRR.SEARCH&ppt=None&ppn=None&ssid=378cc1o48g0000001790412356597&qH=a5594894156db043&ov_redirect=true,2026-09-26
816,"MOTOROLA g37 power (PANTONE Capri, 64 GB)",MOTOROLA,19999,26499,24% off,4.2,"9,228",831,4 GB RAM,64 GB ROM,7000 mAh Battery,Dimensity 6400 Processor,16.92 cm (6.66 inch) HD+ Display,50MP Rear Camera | 8MP Front Camera,,https://www.flipkart.com/motorola-g37-power-pantone-capri-64-gb/p/itmde5e2403ff964?pid=MOBHMHG65H7QGMHS&lid=LSTMOBHMHG65H7QGMHS4CXIMU&marketplace=FLIPKART&q=smart+phones&store=tyy%2F4io&srno=s_34_816&otracker=search&fm=organic&iid=ca5dd23a-3962-4e99-8afe-1b281ff746ff.MOBHMHG65H7QGMHS.SEARCH&ppt=None&ppn=None&ssid=378cc1o48g0000001790412356597&qH=a5594894156db043&ov_redirect=true,2026-09-26
817,"REDMI 13 5G (Hawaiian Blue, 128 GB)",REDMI,21990,24995,12% off,4.2,"15,806",892,8 GB RAM,128 GB ROM,5030 mAh Battery,,17.25 cm (6.79 inch) Display,108MP Rear Camera,,https://www.flipkart.com/redmi-13-5g-hawaiian-blue-128-gb/p/itmbf96c9b15ce5e?pid=MOBH2SUHMUYBZSHY&lid=LSTMOBH2SUHMUYBZSHYP2BOMM&marketplace=FLIPKART&q=smart+phones&store=tyy%2F4io&srno=s_35_817&otracker=search&fm=organic&iid=85d148ea-747d-42f9-93af-2c9b5e52845a.MOBH2SUHMUYBZSHY.SEARCH&ppt=None&ppn=None&ssid=ak9gl3xx0w0000001790412359239&qH=a5594894156db043&ov_redirect=true,2026-09-26
818,"REDMI Note 14 Pro 5G (Titan Black, 128 GB)",REDMI,25967,28999,10% off,4.3,"6,724",505,8 GB RAM,128 GB ROM,5500 mAh Battery,,16.94 cm (6.67 inch) Display,50MP Rear Camera,,https://www.flipkart.com/redmi-note-14-pro-5g-titan-black-128-gb/p/itm901beaf85e746?pid=MOBH89EKJNVD8N2Y&lid=LSTMOBH89EKJNVD8N2YCGCMLB&marketplace=FLIPKART&q=smart+phones&store=tyy%2F4io&srno=s_35_818&otracker=search&fm=organic&iid=85d148ea-747d-42f9-93af-2c9b5e52845a.MOBH89EKJNVD8N2Y.SEARCH&ppt=None&ppn=None&ssid=ak9gl3xx0w0000001790412359239&qH=a5594894156db043&ov_redirect=true,2026-09-26
819,"MOTOROLA Edge 70 Fusion Snapdragon (Pantone ORIENT BLUE, 128 GB)",MOTOROLA,30999,49999,38% off,4.4,"18,338","2,015",8 GB RAM,128 GB ROM,7000 mAh Battery,Snapdragon 7s Gen 4 Processor,17.27 cm (6.8 inch) Super HD Display,50MP + 13MP | 32MP Front Camera,,https://www.flipkart.com/motorola-edge-70-fusion-snapdragon-pantone-orient-blue-128-gb/p/itmf1c47029f29cb?pid=MOBHN973Q32E52HK&lid=LSTMOBHN973Q32E52HKWV0KWP&marketplace=FLIPKART&q=smart+phones&store=tyy%2F4io&srno=s_35_819&otracker=search&fm=organic&iid=85d148ea-747d-42f9-93af-2c9b5e52845a.MOBHN973Q32E52HK.SEARCH&ppt=None&ppn=None&ssid=ak9gl3xx0w0000001790412359239&qH=a5594894156db043&ov_redirect=true,2026-09-26
820,"OnePlus N6X (Ice Blue, 64 GB)",OnePlus,20464,26999,24% off,4.1,109,8,4 GB RAM,64 GB ROM,7000 mAh Battery,MediaTek Dimensity 6360 Apex Processor,17.27 cm (6.8 inch) HD+ Display,13MP Rear Camera,,https://www.flipkart.com/oneplus-n6x-ice-blue-64-gb/p/itm4be54d70a3bed?pid=MOBHPTHNMYMBZBGD&lid=LSTMOBHPTHNMYMBZBGDKRVSKA&marketplace=FLIPKART&q=smart+phones&store=tyy%2F4io&srno=s_35_820&otracker=search&fm=organic&iid=85d148ea-747d-42f9-93af-2c9b5e52845a.MOBHPTHNMYMBZBGD.SEARCH&ppt=None&ppn=None&ssid=ak9gl3xx0w0000001790412359239&qH=a5594894156db043&ov_redirect=true,2026-09-26
821,"OnePlus N6X (Ice Blue, 128 GB)",OnePlus,21791,28999,24% off,4.1,109,8,4 GB RAM,128 GB ROM,7000 mAh Battery,MediaTek Dimensity 6360 Apex Processor,17.27 cm (6.8 inch) HD+ Display,13MP Rear Camera,,https://www.flipkart.com/oneplus-n6x-ice-blue-128-gb/p/itm4be54d70a3bed?pid=MOBHPTHRHMJ8UUYJ&lid=LSTMOBHPTHRHMJ8UUYJSW5GUG&marketplace=FLIPKART&q=smart+phones&store=tyy%2F4io&srno=s_35_821&otracker=search&fm=organic&iid=85d148ea-747d-42f9-93af-2c9b5e52845a.MOBHPTHRHMJ8UUYJ.SEARCH&ppt=None&ppn=None&ssid=ak9gl3xx0w0000001790412359239&qH=a5594894156db043&ov_redirect=true,2026-09-26
822,"LAVA Bold N2 5G (REGAL GOLD, 64 GB)",LAVA,14479,15999,9% off,4.6,16,2,4 GB RAM,64 GB ROM,6000 mAh Battery,,17.14 cm (6.75 inch) Full HD+ Display,13MP Rear Camera,,https://www.flipkart.com/lava-bold-n2-5g-regal-gold-64-gb/p/itm484bc0abd4be9?pid=MOBHPSCQMYZADJ7Z&lid=LSTMOBHPSCQMYZADJ7ZFXXF2F&marketplace=FLIPKART&q=smart+phones&store=tyy%2F4io&srno=s_35_822&otracker=search&fm=organic&iid=85d148ea-747d-42f9-93af-2c9b5e52845a.MOBHPSCQMYZADJ7Z.SEARCH&ppt=None&ppn=None&ssid=ak9gl3xx0w0000001790412359239&qH=a5594894156db043&ov_redirect=true,2026-09-26
823,"Apple iPhone 17 (Sage, 256 GB)",Apple,99900,,,4.6,"27,878","2,020",,,,"A19 Chip, 6 Core Processor Processor",16.0 cm (6.3 inch) Super Retina XDR Display,48MP + 48MP | 18MP Front Camera,,https://www.flipkart.com/apple-iphone-17-sage-256-gb/p/itm410e85a5f1745?pid=MOBHQV9YZPQXFFGM&lid=LSTMOBHQV9YZPQXFFGMNN24WH&marketplace=FLIPKART&q=smart+phones&store=tyy%2F4io&srno=s_35_823&otracker=search&fm=organic&iid=85d148ea-747d-42f9-93af-2c9b5e52845a.MOBHQV9YZPQXFFGM.SEARCH&ppt=None&ppn=None&ssid=ak9gl3xx0w0000001790412359239&qH=a5594894156db043&ov_redirect=true,2026-09-26
824,"OPPO F27 Pro+ (Dusk Pink, 256 GB)",OPPO,34999,,,4.3,"13,628",746,8 GB RAM,256 GB ROM,5000 mAh Battery,Dimensity 7050 Processor,17.02 cm (6.7 inch) Full HD+ Display,64MP + 2MP | 8MP Front Camera,,https://www.flipkart.com/oppo-f27-pro-dusk-pink-256-gb/p/itm5235c3c836cc9?pid=MOBHF3DJ8CREZW7M&lid=LSTMOBHF3DJ8CREZW7MGWIS9Y&marketplace=FLIPKART&q=smart+phones&store=tyy%2F4io&srno=s_35_824&otracker=search&fm=organic&iid=85d148ea-747d-42f9-93af-2c9b5e52845a.MOBHF3DJ8CREZW7M.SEARCH&ppt=None&ppn=None&ssid=ak9gl3xx0w0000001790412359239&qH=a5594894156db043&ov_redirect=true,2026-09-26
825,"realme 14 Pro+ 5G (Suede Grey, 256 GB)",realme,25999,35999,27% off,4.4,"21,990","2,769",8 GB RAM,256 GB ROM,6000 mAh Battery,7s Gen 3 Mobile Platform Processor,17.35 cm (6.83 inch) Display,50MP + 50MP + 8MP | 32MP Front Camera,,https://www.flipkart.com/realme-14-pro-5g-suede-grey-256-gb/p/itmb5105a70ea6a6?pid=MOBH84ZXNK3ABYSA&lid=LSTMOBH84ZXNK3ABYSAA9XKAG&marketplace=FLIPKART&q=smart+phones&store=tyy%2F4io&srno=s_35_825&otracker=search&fm=organic&iid=85d148ea-747d-42f9-93af-2c9b5e52845a.MOBH84ZXNK3ABYSA.SEARCH&ppt=None&ppn=None&ssid=ak9gl3xx0w0000001790412359239&qH=a5594894156db043&ov_redirect=true,2026-09-26
826,"realme 13+ 5G (Dark Purple, 256 GB)",realme,29499,36999,20% off,4.3,"3,726",321,8 GB RAM,256 GB ROM,5000 mAh Battery,Dimensity 7300 Energy Processor,16.94 cm (6.67 inch) Full HD+ Display,50MP + 2MP | 16MP Front Camera,,https://www.flipkart.com/realme-13-5g-dark-purple-256-gb/p/itm74cfb14e838e2?pid=MOBH3QWHFYEC6SHS&lid=LSTMOBH3QWHFYEC6SHSR9QCUB&marketplace=FLIPKART&q=smart+phones&store=tyy%2F4io&srno=s_35_826&otracker=search&fm=organic&iid=85d148ea-747d-42f9-93af-2c9b5e52845a.MOBH3QWHFYEC6SHS.SEARCH&ppt=None&ppn=None&ssid=ak9gl3xx0w0000001790412359239&qH=a5594894156db043&ov_redirect=true,2026-09-26
827,"Nothing Phone (4a) (Black, 256 GB)",Nothing,49999,62999,20% off,4.5,"6,692",721,8 GB RAM,256 GB ROM,5400 mAh Lithium ion Battery,Snapdragon 7s Gen 4 Processor,17.22 cm (6.78 inch) Full HD+ AMOLED Display,50MP + 50MP + 8MP | 32MP Front Camera,,https://www.flipkart.com/nothing-phone-4a-black-256-gb/p/itm4d8bff10483ce?pid=MOBHZAWYGYRAH4PY&lid=LSTMOBHZAWYGYRAH4PYFAOOC9&marketplace=FLIPKART&q=smart+phones&store=tyy%2F4io&srno=s_35_827&otracker=search&fm=organic&iid=85d148ea-747d-42f9-93af-2c9b5e52845a.MOBHZAWYGYRAH4PY.SEARCH&ppt=None&ppn=None&ssid=ak9gl3xx0w0000001790412359239&qH=a5594894156db043&ov_redirect=true,2026-09-26
828,"OPPO Reno15 5G (Glacier White, 512 GB)",OPPO,55999,59999,6% off,4.4,647,74,12 GB RAM,512 GB ROM,6500 mAh Battery,7 Gen 4 Processor,16.74 cm (6.59 inch) Full HD+ Display,,,https://www.flipkart.com/oppo-reno15-5g-glacier-white-512-gb/p/itm37cc91d1c2807?pid=MOBHGZZ9FA39R3SK&lid=LSTMOBHGZZ9FA39R3SKYMOSP6&marketplace=FLIPKART&q=smart+phones&store=tyy%2F4io&srno=s_35_828&otracker=search&fm=organic&iid=85d148ea-747d-42f9-93af-2c9b5e52845a.MOBHGZZ9FA39R3SK.SEARCH&ppt=None&ppn=None&ssid=ak9gl3xx0w0000001790412359239&qH=a5594894156db043&ov_redirect=true,2026-09-26
829,"OPPO F27 Pro+ (Midnight Navy, 128 GB)",OPPO,32999,,,4.3,"13,628",746,8 GB RAM,128 GB ROM,5000 mAh Battery,Dimensity 7050 Processor,17.02 cm (6.7 inch) Full HD+ Display,64MP + 2MP | 8MP Front Camera,,https://www.flipkart.com/oppo-f27-pro-midnight-navy-128-gb/p/itm5235c3c836cc9?pid=MOBHF3DJM6Y8N4BA&lid=LSTMOBHF3DJM6Y8N4BADOQW8U&marketplace=FLIPKART&q=smart+phones&store=tyy%2F4io&srno=s_35_829&otracker=search&fm=organic&iid=85d148ea-747d-42f9-93af-2c9b5e52845a.MOBHF3DJM6Y8N4BA.SEARCH&ppt=None&ppn=None&ssid=ak9gl3xx0w0000001790412359239&qH=a5594894156db043&ov_redirect=true,2026-09-26
830,"OPPO Reno15 5G (Twilight Blue, 256 GB)",OPPO,50999,54999,7% off,4.4,647,74,12 GB RAM,256 GB ROM,6500 mAh Battery,7 Gen 4 Processor,16.74 cm (6.59 inch) Full HD+ Display,,,https://www.flipkart.com/oppo-reno15-5g-twilight-blue-256-gb/p/itm37cc91d1c2807?pid=MOBHGZZ9ZGEGZDVS&lid=LSTMOBHGZZ9ZGEGZDVSY1Q2P3&marketplace=FLIPKART&q=smart+phones&store=tyy%2F4io&srno=s_35_830&otracker=search&fm=organic&iid=85d148ea-747d-42f9-93af-2c9b5e52845a.MOBHGZZ9ZGEGZDVS.SEARCH&ppt=None&ppn=None&ssid=ak9gl3xx0w0000001790412359239&qH=a5594894156db043&ov_redirect=true,2026-09-26
831,"Samsung Galaxy S25 Plus 5G (Navy, 256 GB)",Samsung,79999,99999,20% off,4.6,"1,469",180,12 GB RAM,256 GB ROM,4900 mAh Battery,8 Elite for Galaxy Processor,17.02 cm (6.7 inch) Quad HD+ Display,50MP + 10MP + 12MP | 12MP Front Camera,,https://www.flipkart.com/samsung-galaxy-s25-plus-5g-navy-256-gb/p/itm5d4bdb068f418?pid=MOBH8K8UFKWSTMHA&lid=LSTMOBH8K8UFKWSTMHA03MBZS&marketplace=FLIPKART&q=smart+phones&store=tyy%2F4io&srno=s_35_831&otracker=search&fm=organic&iid=85d148ea-747d-42f9-93af-2c9b5e52845a.MOBH8K8UFKWSTMHA.SEARCH&ppt=None&ppn=None&ssid=ak9gl3xx0w0000001790412359239&qH=a5594894156db043&ov_redirect=true,2026-09-26
832,"OPPO Reno15 5G (Aurora Blue, 256 GB)",OPPO,50999,54999,7% off,4.4,647,74,12 GB RAM,256 GB ROM,6500 mAh Battery,7 Gen 4 Processor,16.74 cm (6.59 inch) Full HD+ Display,,,https://www.flipkart.com/oppo-reno15-5g-aurora-blue-256-gb/p/itm37cc91d1c2807?pid=MOBHGZZ9JXQN4T2X&lid=LSTMOBHGZZ9JXQN4T2XFJZ2SP&marketplace=FLIPKART&q=smart+phones&store=tyy%2F4io&srno=s_35_832&otracker=search&fm=organic&iid=85d148ea-747d-42f9-93af-2c9b5e52845a.MOBHGZZ9JXQN4T2X.SEARCH&ppt=None&ppn=None&ssid=ak9gl3xx0w0000001790412359239&qH=a5594894156db043&ov_redirect=true,2026-09-26
833,"vivo Y05 (Mystic Blue, 64 GB)",vivo,15999,34999,54% off,3.5,322,19,4 GB RAM,64 GB ROM,6500 mAh Li-ion Battery,T7225 Processor,17.12 cm (6.74 inch) HD+ Display,8MP Rear Camera | 5MP Front Camera,,https://www.flipkart.com/vivo-y05-mystic-blue-64-gb/p/itm7b1e1a65e7c1f?pid=MOBHZF4TRGDHEGGW&lid=LSTMOBHZF4TRGDHEGGWKP8MEX&marketplace=FLIPKART&q=smart+phones&store=tyy%2F4io&srno=s_35_833&otracker=search&fm=organic&iid=85d148ea-747d-42f9-93af-2c9b5e52845a.MOBHZF4TRGDHEGGW.SEARCH&ppt=None&ppn=None&ssid=ak9gl3xx0w0000001790412359239&qH=a5594894156db043&ov_redirect=true,2026-09-26
834,"Samsung Galaxy A07 5G (Black, 128 GB)",Samsung,,,,3.9,118,14,4 GB RAM,128 GB ROM,6000 mAh Li-ion Battery,Dimensity 6300 Processor,43.51 cm (17.13 inch) HD+ Display,50MP + 2MP | 8MP Front Camera,,https://www.flipkart.com/samsung-galaxy-a07-5g-black-128-gb/p/itm375542879d8d6?pid=MOBHJXB275FJUHAG&q=smart+phones&store=tyy%2F4io&srno=s_35_834&otracker=search&fm=organic&iid=85d148ea-747d-42f9-93af-2c9b5e52845a.MOBHJXB275FJUHAG.SEARCH&ppt=None&ppn=None&ssid=ak9gl3xx0w0000001790412359239&qH=a5594894156db043&ov_redirect=true,2026-09-26
835,"Samsung A36 5G (Dark Green, 128 GB)",Samsung,36999,39499,6% off,4.3,654,83,8 GB RAM,128 GB ROM,5000 mAh Battery,Qualcomm Snapdragon 6 Gen 3 Processor,17.02 cm (6.7 inch) Full HD+ Display,50MP + 8MP | 12MP Front Camera,,https://www.flipkart.com/samsung-a36-5g-dark-green-128-gb/p/itm3ad5f14635fed?pid=MOBHNJ8FASRHRJZS&lid=LSTMOBHNJ8FASRHRJZSFH6GBZ&marketplace=FLIPKART&q=smart+phones&store=tyy%2F4io&srno=s_35_835&otracker=search&fm=organic&iid=85d148ea-747d-42f9-93af-2c9b5e52845a.MOBHNJ8FASRHRJZS.SEARCH&ppt=None&ppn=None&ssid=ak9gl3xx0w0000001790412359239&qH=a5594894156db043&ov_redirect=true,2026-09-26
836,"OPPO K14x 5G 6500mAh and 45W SUPERVOOC Charger & AI (Prism Violet, 128 GB)",OPPO,24999,40999,39% off,4.4,"3,863",355,6 GB RAM,128 GB ROM,6500 mAh Battery,Dimensity 6300 Processor,17.14 cm (6.75 inch) HD+ Display,,,https://www.flipkart.com/oppo-k14x-5g-6500mah-45w-supervooc-charger-ai-prism-violet-128-gb/p/itmdcac5ae642971?pid=MOBHPHSHQF9SHK43&lid=LSTMOBHPHSHQF9SHK43VNTYD6&marketplace=FLIPKART&q=smart+phones&store=tyy%2F4io&srno=s_35_836&otracker=search&fm=organic&iid=85d148ea-747d-42f9-93af-2c9b5e52845a.MOBHPHSHQF9SHK43.SEARCH&ppt=None&ppn=None&ssid=ak9gl3xx0w0000001790412359239&qH=a5594894156db043&ov_redirect=true,2026-09-26
837,"realme Narzo Power 5G (Titan Silver, 128 GB)",realme,29983,35999,16% off,4.3,104,10,8 GB RAM,128 GB ROM,10001 mAh Battery,,17.27 cm (6.8 inch) Display,50MP Rear Camera,,https://www.flipkart.com/realme-narzo-power-5g-titan-silver-128-gb/p/itmb7d628c2b23a9?pid=MOBHHGXKUQVTMCYH&lid=LSTMOBHHGXKUQVTMCYHJRAKAD&marketplace=FLIPKART&q=smart+phones&store=tyy%2F4io&srno=s_35_837&otracker=search&fm=organic&iid=85d148ea-747d-42f9-93af-2c9b5e52845a.MOBHHGXKUQVTMCYH.SEARCH&ppt=None&ppn=None&ssid=ak9gl3xx0w0000001790412359239&qH=a5594894156db043&ov_redirect=true,2026-09-26
838,"IQOO Z11x 5G (Titan Black, 256 MB)",IQOO,33999,,,4.3,"1,564",119,8 GB RAM,256 MB ROM,7200 mAh Battery,MediaTek Dimensity 7400-Turbo Processor,17.17 cm (6.76 inch) Full HD+ Display,50MP + 50MP | 50MP + 32MP Dual Front Camera,,https://www.flipkart.com/iqoo-z11x-5g-titan-black-256-mb/p/itmed553fe5886cc?pid=MOBHHHGAR4YVX2TX&lid=LSTMOBHHHGAR4YVX2TXHJROA1&marketplace=FLIPKART&q=smart+phones&store=tyy%2F4io&srno=s_35_838&otracker=search&fm=organic&iid=85d148ea-747d-42f9-93af-2c9b5e52845a.MOBHHHGAR4YVX2TX.SEARCH&ppt=None&ppn=None&ssid=ak9gl3xx0w0000001790412359239&qH=a5594894156db043&ov_redirect=true,2026-09-26
839,"Nothing Phone (4b) (White, 256 GB)",Nothing,40999,59999,31% off,4.3,"1,785",176,8 GB RAM,256 GB ROM,6000 mAh Lithium ion Battery,6 Gen 4 Processor,17.2 cm (6.77 inch) Full HD+ AMOLED Display,50MP + 8MP | 16MP Front Camera,,https://www.flipkart.com/nothing-phone-4b-white-256-gb/p/itm939608b40adbb?pid=MOBHZMBD5MZZDUYA&lid=LSTMOBHZMBD5MZZDUYAIWDKYR&marketplace=FLIPKART&q=smart+phones&store=tyy%2F4io&srno=s_35_839&otracker=search&fm=organic&iid=85d148ea-747d-42f9-93af-2c9b5e52845a.MOBHZMBD5MZZDUYA.SEARCH&ppt=None&ppn=None&ssid=ak9gl3xx0w0000001790412359239&qH=a5594894156db043&ov_redirect=true,2026-09-26
840,"OnePlus 13s 5G (Black Velvet, 512 GB)",OnePlus,61399,62999,2% off,4.6,"2,150",208,12 GB RAM,512 GB ROM,5850 mAh Battery,,16.05 cm (6.32 inch) Display,50MP Rear Camera,,https://www.flipkart.com/oneplus-13s-5g-black-velvet-512-gb/p/itmb6d10cf953b5d?pid=MOBHCTQTGYXAYZXH&lid=LSTMOBHCTQTGYXAYZXHZMAMNF&marketplace=FLIPKART&q=smart+phones&store=tyy%2F4io&srno=s_35_840&otracker=search&fm=organic&iid=85d148ea-747d-42f9-93af-2c9b5e52845a.MOBHCTQTGYXAYZXH.SEARCH&ppt=None&ppn=None&ssid=ak9gl3xx0w0000001790412359239&qH=a5594894156db043&ov_redirect=true,2026-09-26
841,"Samsung Galaxy A57 5G (Awesome Icyblue, 256 GB)",Samsung,62999,,,4.4,94,12,12 GB RAM,256 GB ROM,5000 mAh Li-ion Battery,Exynos 1680 Processor,17.02 cm (6.7 inch) Full HD+ Super AMOLED Display,50MP + 12MP | 12MP Front Camera,,https://www.flipkart.com/samsung-galaxy-a57-5g-awesome-icyblue-256-gb/p/itm0a21d467664e9?pid=MOBHHENSZ6FCYWX4&lid=LSTMOBHHENSZ6FCYWX4JQGLQP&marketplace=FLIPKART&q=smart+phones&store=tyy%2F4io&srno=s_36_841&otracker=search&fm=organic&iid=fc30aa36-03d2-494d-959c-a3012d80022d.MOBHHENSZ6FCYWX4.SEARCH&ppt=None&ppn=None&ssid=o9gu1fjas00000001790412361964&qH=a5594894156db043&ov_redirect=true,2026-09-26
842,"Samsung Galaxy A57 5G (Awesome Navy, 256 GB)",Samsung,62999,,,4.4,94,12,12 GB RAM,256 GB ROM,5000 mAh Li-ion Battery,Exynos 1680 Processor,17.02 cm (6.7 inch) Full HD+ Super AMOLED Display,50MP + 12MP | 12MP Front Camera,,https://www.flipkart.com/samsung-galaxy-a57-5g-awesome-navy-256-gb/p/itm0a21d467664e9?pid=MOBHHENSYEYYVJ6N&lid=LSTMOBHHENSYEYYVJ6NCKIZDC&marketplace=FLIPKART&q=smart+phones&store=tyy%2F4io&srno=s_36_842&otracker=search&fm=organic&iid=fc30aa36-03d2-494d-959c-a3012d80022d.MOBHHENSYEYYVJ6N.SEARCH&ppt=None&ppn=None&ssid=o9gu1fjas00000001790412361964&qH=a5594894156db043&ov_redirect=true,2026-09-26
843,"Infinix HOT 60i 5G (Shadow Blue, 128 GB)",Infinix,19999,24999,20% off,4.3,"1,579",148,4 GB RAM,128 GB ROM,6000 mAh Battery,Dimensity 6400 Processor,17.14 cm (6.75 inch) HD+ Display,50MP Rear Camera | 5MP Front Camera,,https://www.flipkart.com/infinix-hot-60i-5g-shadow-blue-128-gb/p/itm1cb6bf875f6e0?pid=MOBHERZERAFFCH7M&lid=LSTMOBHERZERAFFCH7MDSZZDP&marketplace=FLIPKART&q=smart+phones&store=tyy%2F4io&srno=s_36_843&otracker=search&fm=organic&iid=fc30aa36-03d2-494d-959c-a3012d80022d.MOBHERZERAFFCH7M.SEARCH&ppt=None&ppn=None&ssid=o9gu1fjas00000001790412361964&qH=a5594894156db043&ov_redirect=true,2026-09-26
844,"Infinix HOT 60i 5G (Sleek Black, 128 GB)",Infinix,19999,24999,20% off,4.3,"1,579",148,4 GB RAM,128 GB ROM,6000 mAh Battery,Dimensity 6400 Processor,17.14 cm (6.75 inch) HD+ Display,50MP Rear Camera | 5MP Front Camera,,https://www.flipkart.com/infinix-hot-60i-5g-sleek-black-128-gb/p/itm1cb6bf875f6e0?pid=MOBHERZEA3AN4VMQ&lid=LSTMOBHERZEA3AN4VMQDNJOFQ&marketplace=FLIPKART&q=smart+phones&store=tyy%2F4io&srno=s_36_844&otracker=search&fm=organic&iid=fc30aa36-03d2-494d-959c-a3012d80022d.MOBHERZEA3AN4VMQ.SEARCH&ppt=None&ppn=None&ssid=o9gu1fjas00000001790412361964&qH=a5594894156db043&ov_redirect=true,2026-09-26
845,"OnePlus Nord CE5 5G (Nexus Blue, 128 GB)",OnePlus,36943,36945,,4.5,"12,652",874,8 GB RAM,128 GB ROM,7100 mAh Battery,,17.2 cm (6.77 inch) Display,50MP Rear Camera,,https://www.flipkart.com/oneplus-nord-ce5-5g-nexus-blue-128-gb/p/itm9259708fe4e3c?pid=MOBHEYWZJTSYPHBM&lid=LSTMOBHEYWZJTSYPHBMZAPR1I&marketplace=FLIPKART&q=smart+phones&store=tyy%2F4io&srno=s_36_845&otracker=search&fm=organic&iid=fc30aa36-03d2-494d-959c-a3012d80022d.MOBHEYWZJTSYPHBM.SEARCH&ppt=None&ppn=None&ssid=o9gu1fjas00000001790412361964&qH=a5594894156db043&ov_redirect=true,2026-09-26
846,"OPPO Reno16c 5G (Stellar Purple, 128 GB)",OPPO,52999,74999,29% off,4.5,478,104,8 GB RAM,128 GB ROM,7000 mAh lithium-ion polymer Battery,Dimensity 7300 Processor,16.69 cm (6.57 inch) Full HD+ Display,50MP + 8MP + 50MP | 50MP Front Camera,,https://www.flipkart.com/oppo-reno16c-5g-stellar-purple-128-gb/p/itm11564d55ef044?pid=MOBHZMBRQFXPEWGR&lid=LSTMOBHZMBRQFXPEWGRIDOD6Q&marketplace=FLIPKART&q=smart+phones&store=tyy%2F4io&srno=s_36_846&otracker=search&fm=organic&iid=fc30aa36-03d2-494d-959c-a3012d80022d.MOBHZMBRQFXPEWGR.SEARCH&ppt=None&ppn=None&ssid=o9gu1fjas00000001790412361964&qH=a5594894156db043&ov_redirect=true,2026-09-26
847,"vivo V70 Elite (Sand Beige 2026, 256 GB)",vivo,66999,79999,16% off,4.5,"1,092",129,8 GB RAM,256 GB ROM,6500 mAh Li-ion battery Battery,Snapdragon 8s Gen 3 Processor,16.74 cm (6.59 inches) Full HD+ AMOLED Display,50MP + 50MP + 8MP | 50MP Front Camera,,https://www.flipkart.com/vivo-v70-elite-sand-beige-2026-256-gb/p/itmf8e28e33a9cd0?pid=MOBHZFFHZSRCZKBM&lid=LSTMOBHZFFHZSRCZKBMI7XNY7&marketplace=FLIPKART&q=smart+phones&store=tyy%2F4io&srno=s_36_847&otracker=search&fm=organic&iid=fc30aa36-03d2-494d-959c-a3012d80022d.MOBHZFFHZSRCZKBM.SEARCH&ppt=None&ppn=None&ssid=o9gu1fjas00000001790412361964&qH=a5594894156db043&ov_redirect=true,2026-09-26
848,"vivo V70 FE (Monsoon Blue 2026, 128 GB)",vivo,44999,53999,16% off,4.4,933,97,8 GB RAM,128 GB ROM,7000 mAh Li-ion battery Battery,Dimensity 7360-Turbo Processor,17.35 cm (6.83 inch) Full HD+ AMOLED Display,200MP + 8MP | 50MP Front Camera,,https://www.flipkart.com/vivo-v70-fe-monsoon-blue-2026-128-gb/p/itmda852a903ef97?pid=MOBHZFFH8ZT8QZCR&lid=LSTMOBHZFFH8ZT8QZCRQUTPLD&marketplace=FLIPKART&q=smart+phones&store=tyy%2F4io&srno=s_36_848&otracker=search&fm=organic&iid=fc30aa36-03d2-494d-959c-a3012d80022d.MOBHZFFH8ZT8QZCR.SEARCH&ppt=None&ppn=None&ssid=o9gu1fjas00000001790412361964&qH=a5594894156db043&ov_redirect=true,2026-09-26
849,"vivo V70 Elite (Authentic Black 2026, 256 GB)",vivo,66999,79999,16% off,4.5,"1,092",129,8 GB RAM,256 GB ROM,6500 mAh Li-ion battery Battery,Snapdragon 8s Gen 3 Processor,16.74 cm (6.59 inches) Full HD+ AMOLED Display,50MP + 50MP + 8MP | 50MP Front Camera,,https://www.flipkart.com/vivo-v70-elite-authentic-black-2026-256-gb/p/itmf8e28e33a9cd0?pid=MOBHZFFHZSHM39S2&lid=LSTMOBHZFFHZSHM39S2DOXQFL&marketplace=FLIPKART&q=smart+phones&store=tyy%2F4io&srno=s_36_849&otracker=search&fm=organic&iid=fc30aa36-03d2-494d-959c-a3012d80022d.MOBHZFFHZSHM39S2.SEARCH&ppt=None&ppn=None&ssid=o9gu1fjas00000001790412361964&qH=a5594894156db043&ov_redirect=true,2026-09-26
850,"REDMI Note 15 Pro+ 5G Special Edition Mirage Blue 16GB RAM 512GB ROM (Mirage Blue, 512 GB)",REDMI,49999,59999,16% off,,,,16 GB RAM,512 GB ROM,6500 mAh Lithium-Ion Battery,7s Gen 4 Processor,17.35 cm (6.83 inch) Full HD+ AMOLED Display,200MP Rear Camera,,https://www.flipkart.com/redmi-note-15-pro-5g-special-mirage-blue-16gb-ram-512gb-rom-mirage-blue-512-gb/p/itmedab5f2fe1d51?pid=MOBHPHU77SGPHGMG&lid=LSTMOBHPHU77SGPHGMGJLJCXO&marketplace=FLIPKART&q=smart+phones&store=tyy%2F4io&srno=s_36_850&otracker=search&fm=organic&iid=fc30aa36-03d2-494d-959c-a3012d80022d.MOBHPHU77SGPHGMG.SEARCH&ppt=None&ppn=None&ssid=o9gu1fjas00000001790412361964&qH=a5594894156db043&ov_redirect=true,2026-09-26
851,"realme Narzo 80 Lite 5G (Crystal Purple, 128 GB)",realme,22999,29999,23% off,4.3,"8,941",488,6 GB RAM,128 GB ROM,6000 mAh Battery,,16.94 cm (6.67 inch) Display,32MP Rear Camera,,https://www.flipkart.com/realme-narzo-80-lite-5g-crystal-purple-128-gb/p/itm47ab7fdec3924?pid=MOBHDEYWSGWXMGDK&lid=LSTMOBHDEYWSGWXMGDKEZ4M6K&marketplace=FLIPKART&q=smart+phones&store=tyy%2F4io&srno=s_36_851&otracker=search&fm=organic&iid=fc30aa36-03d2-494d-959c-a3012d80022d.MOBHDEYWSGWXMGDK.SEARCH&ppt=None&ppn=None&ssid=o9gu1fjas00000001790412361964&qH=a5594894156db043&ov_redirect=true,2026-09-26
852,"OPPO Reno16c 5G (Twilight Violet, 256 GB)",OPPO,62999,89999,30% off,4.5,91,16,12 GB RAM,256 GB ROM,7000 mAh lithium-ion polymer Battery,Dimensity 7300 Processor,16.69 cm (6.57 inch) Full HD+ Display,50MP + 8MP + 50MP | 50MP Front Camera,,https://www.flipkart.com/oppo-reno16c-5g-twilight-violet-256-gb/p/itm11564d55ef044?pid=MOBHZMBRRFTBYMDJ&lid=LSTMOBHZMBRRFTBYMDJS7QI0W&marketplace=FLIPKART&q=smart+phones&store=tyy%2F4io&srno=s_36_852&otracker=search&fm=organic&iid=fc30aa36-03d2-494d-959c-a3012d80022d.MOBHZMBRRFTBYMDJ.SEARCH&ppt=None&ppn=None&ssid=o9gu1fjas00000001790412361964&qH=a5594894156db043&ov_redirect=true,2026-09-26
853,"realme 15T 5G (Flowing Silver, 256 GB)",realme,31749,33999,6% off,4.2,"6,628",583,8 GB RAM,256 GB ROM,7000 mAh Battery,MediaTek Dimensity 6400 MAX Processor,16.69 cm (6.57 inch) Full HD Display,50MP + 2MP | 50MP Front Camera,,https://www.flipkart.com/realme-15t-5g-flowing-silver-256-gb/p/itm3f28d98da183c?pid=MOBHHY7VCHKVYDDZ&lid=LSTMOBHHY7VCHKVYDDZNPPVJC&marketplace=FLIPKART&q=smart+phones&store=tyy%2F4io&srno=s_36_853&otracker=search&fm=organic&iid=fc30aa36-03d2-494d-959c-a3012d80022d.MOBHHY7VCHKVYDDZ.SEARCH&ppt=None&ppn=None&ssid=o9gu1fjas00000001790412361964&qH=a5594894156db043&ov_redirect=true,2026-09-26
854,"REDMI Turbo 5 5G (Turbo White, 256 GB)",REDMI,49899,57999,13% off,4.8,26,6,12 GB RAM,256 GB ROM,7540 mAh Battery,,16.74 cm (6.59 inch) Display,50MP Rear Camera,,https://www.flipkart.com/redmi-turbo-5-5g-turbo-white-256-gb/p/itmd8266664918ee?pid=MOBHZHQDFYJ2YYQU&lid=LSTMOBHZHQDFYJ2YYQUSG4FW6&marketplace=FLIPKART&q=smart+phones&store=tyy%2F4io&srno=s_36_854&otracker=search&fm=organic&iid=fc30aa36-03d2-494d-959c-a3012d80022d.MOBHZHQDFYJ2YYQU.SEARCH&ppt=None&ppn=None&ssid=o9gu1fjas00000001790412361964&qH=a5594894156db043&ov_redirect=true,2026-09-26
855,"Samsung Galaxy S26 FE 5G (Blueberry, 256 GB)",Samsung,79999,109999,27% off,4.3,8,3,8 GB RAM,256 GB ROM,4900 mAh Li-ion Battery,Exynos 2500 Processor,17.02 cm (6.7 inch) Full HD+ AMOLED Display,50MP + 12MP | 12MP Front Camera,,https://www.flipkart.com/samsung-galaxy-s26-fe-5g-blueberry-256-gb/p/itm5fda03bc227aa?pid=MOBHQK9BTJ3FJTVE&lid=LSTMOBHQK9BTJ3FJTVEQJWYWU&marketplace=FLIPKART&q=smart+phones&store=tyy%2F4io&srno=s_36_855&otracker=search&fm=organic&iid=fc30aa36-03d2-494d-959c-a3012d80022d.MOBHQK9BTJ3FJTVE.SEARCH&ppt=None&ppn=None&ssid=o9gu1fjas00000001790412361964&qH=a5594894156db043&ov_redirect=true,2026-09-26
856,"Samsung Galaxy S26 FE 5G (Pistachio, 256 GB)",Samsung,79999,109999,27% off,4.3,8,3,8 GB RAM,256 GB ROM,4900 mAh Li-ion Battery,Exynos 2500 Processor,17.02 cm (6.7 inch) Full HD+ AMOLED Display,50MP + 12MP | 12MP Front Camera,,https://www.flipkart.com/samsung-galaxy-s26-fe-5g-pistachio-256-gb/p/itm5fda03bc227aa?pid=MOBHQK9BTAPAY2ET&lid=LSTMOBHQK9BTAPAY2ET5OM6GO&marketplace=FLIPKART&q=smart+phones&store=tyy%2F4io&srno=s_36_856&otracker=search&fm=organic&iid=fc30aa36-03d2-494d-959c-a3012d80022d.MOBHQK9BTAPAY2ET.SEARCH&ppt=None&ppn=None&ssid=o9gu1fjas00000001790412361964&qH=a5594894156db043&ov_redirect=true,2026-09-26
857,"Samsung Galaxy S26 FE 5G (Graphite, 256 GB)",Samsung,79999,109999,27% off,4.3,8,3,8 GB RAM,256 GB ROM,4900 mAh Li-ion Battery,Exynos 2500 Processor,17.02 cm (6.7 inch) Full HD+ AMOLED Display,50MP + 12MP | 12MP Front Camera,,https://www.flipkart.com/samsung-galaxy-s26-fe-5g-graphite-256-gb/p/itm5fda03bc227aa?pid=MOBHQK9BNFEPHGB3&lid=LSTMOBHQK9BNFEPHGB3PQ8FVW&marketplace=FLIPKART&q=smart+phones&store=tyy%2F4io&srno=s_36_857&otracker=search&fm=organic&iid=fc30aa36-03d2-494d-959c-a3012d80022d.MOBHQK9BNFEPHGB3.SEARCH&ppt=None&ppn=None&ssid=o9gu1fjas00000001790412361964&qH=a5594894156db043&ov_redirect=true,2026-09-26
858,"vivo Y51 Pro 5G (Golden Mist, 128 GB)",vivo,34999,54999,36% off,4.3,278,14,8 GB RAM,128 GB ROM,7200 mAh Li-ion Battery,,17.14 cm (6.75 inch) Full HD+ Display,50MP + 2MP | 8MP Front Camera,,https://www.flipkart.com/vivo-y51-pro-5g-golden-mist-128-gb/p/itm609bfb3a53b3f?pid=MOBHZF4TKZ9NCY97&lid=LSTMOBHZF4TKZ9NCY97AQNMQ0&marketplace=FLIPKART&q=smart+phones&store=tyy%2F4io&srno=s_36_858&otracker=search&fm=organic&iid=fc30aa36-03d2-494d-959c-a3012d80022d.MOBHZF4TKZ9NCY97.SEARCH&ppt=None&ppn=None&ssid=o9gu1fjas00000001790412361964&qH=a5594894156db043&ov_redirect=true,2026-09-26
859,"Samsung Galaxy A37 5G (Awesome Graygreen, 128 GB)",Samsung,45999,,,4.4,420,85,8 GB RAM,128 GB ROM,5000 mAh Li-ion Battery,Exynos 1480 Processor,17.02 cm (6.7 inch) Full HD+ Super AMOLED Display,50MP + 8MP | 12MP Front Camera,,https://www.flipkart.com/samsung-galaxy-a37-5g-awesome-graygreen-128-gb/p/itm793d1b5fe9bc5?pid=MOBHHENSWEXBWPFT&lid=LSTMOBHHENSWEXBWPFTYQB1LN&marketplace=FLIPKART&q=smart+phones&store=tyy%2F4io&srno=s_36_859&otracker=search&fm=organic&iid=fc30aa36-03d2-494d-959c-a3012d80022d.MOBHHENSWEXBWPFT.SEARCH&ppt=None&ppn=None&ssid=o9gu1fjas00000001790412361964&qH=a5594894156db043&ov_redirect=true,2026-09-26
860,"Samsung Galaxy A57 5G (Awesome Lilac, 256 GB)",Samsung,62999,,,4.4,94,12,12 GB RAM,256 GB ROM,5000 mAh Li-ion Battery,Exynos 1680 Processor,17.02 cm (6.7 inch) Full HD+ Super AMOLED Display,50MP + 12MP | 12MP Front Camera,,https://www.flipkart.com/samsung-galaxy-a57-5g-awesome-lilac-256-gb/p/itm0a21d467664e9?pid=MOBHHENSGTCFGXFT&lid=LSTMOBHHENSGTCFGXFTXTQRFY&marketplace=FLIPKART&q=smart+phones&store=tyy%2F4io&srno=s_36_860&otracker=search&fm=organic&iid=fc30aa36-03d2-494d-959c-a3012d80022d.MOBHHENSGTCFGXFT.SEARCH&ppt=None&ppn=None&ssid=o9gu1fjas00000001790412361964&qH=a5594894156db043&ov_redirect=true,2026-09-26
861,"vivo V70 FE (Northern Lights Purple 2026, 128 GB)",vivo,44999,53999,16% off,4.4,933,97,8 GB RAM,128 GB ROM,7000 mAh Li-ion battery Battery,Dimensity 7360-Turbo Processor,17.35 cm (6.83 inch) Full HD+ AMOLED Display,200MP + 8MP | 50MP Front Camera,,https://www.flipkart.com/vivo-v70-fe-northern-lights-purple-2026-128-gb/p/itmda852a903ef97?pid=MOBHZFFHZ5ZXJZC3&lid=LSTMOBHZFFHZ5ZXJZC3PMVX3S&marketplace=FLIPKART&q=smart+phones&store=tyy%2F4io&srno=s_36_861&otracker=search&fm=organic&iid=fc30aa36-03d2-494d-959c-a3012d80022d.MOBHZFFHZ5ZXJZC3.SEARCH&ppt=None&ppn=None&ssid=o9gu1fjas00000001790412361964&qH=a5594894156db043&ov_redirect=true,2026-09-26
862,"realme P4x 5G (Elegant Pink, 128 GB)",realme,29999,43999,31% off,4.3,"8,577",716,8 GB RAM,128 GB ROM,7000 mAh Battery,Dimensity 7400 Ultra Processor,17.07 cm (6.72 inch) Full HD+ Display,50MP + 2MP | 8MP Front Camera,,https://www.flipkart.com/realme-p4x-5g-elegant-pink-128-gb/p/itm575b1540859e4?pid=MOBHN7A8XGT43KXX&lid=LSTMOBHN7A8XGT43KXXKP2QSR&marketplace=FLIPKART&q=smart+phones&store=tyy%2F4io&srno=s_36_862&otracker=search&fm=organic&iid=fc30aa36-03d2-494d-959c-a3012d80022d.MOBHN7A8XGT43KXX.SEARCH&ppt=None&ppn=None&ssid=o9gu1fjas00000001790412361964&qH=a5594894156db043&ov_redirect=true,2026-09-26
863,"realme 16 Pro+ 5G (Master Grey, 256 GB)",realme,55999,,,4.5,"1,355",176,8 GB RAM,256 GB ROM,7000 mAh Battery,7 Gen 4 Processor,17.27 cm (6.8 inch) Full HD+ AMOLED Display,200MP + 50MP + 8MP | 50MP Front Camera,,https://www.flipkart.com/realme-16-pro-5g-master-grey-256-gb/p/itmf8e5c193facd1?pid=MOBHMSFHJBX2TJ5N&lid=LSTMOBHMSFHJBX2TJ5N1QZS9V&marketplace=FLIPKART&q=smart+phones&store=tyy%2F4io&srno=s_36_863&otracker=search&fm=organic&iid=fc30aa36-03d2-494d-959c-a3012d80022d.MOBHMSFHJBX2TJ5N.SEARCH&ppt=None&ppn=None&ssid=o9gu1fjas00000001790412361964&qH=a5594894156db043&ov_redirect=true,2026-09-26
864,"Samsung Galaxy A37 5G (Awesome Charcoal, 256 GB)",Samsung,53999,,,4.4,36,2,12 GB RAM,256 GB ROM,5000 mAh Li-ion Battery,Exynos 1480 Processor,17.02 cm (6.7 inch) Full HD+ Super AMOLED Display,50MP + 8MP | 12MP Front Camera,,https://www.flipkart.com/samsung-galaxy-a37-5g-awesome-charcoal-256-gb/p/itm793d1b5fe9bc5?pid=MOBHHENSQZFDSCDY&lid=LSTMOBHHENSQZFDSCDYLSQHBK&marketplace=FLIPKART&q=smart+phones&store=tyy%2F4io&srno=s_36_864&otracker=search&fm=organic&iid=fc30aa36-03d2-494d-959c-a3012d80022d.MOBHHENSQZFDSCDY.SEARCH&ppt=None&ppn=None&ssid=o9gu1fjas00000001790412361964&qH=a5594894156db043&ov_redirect=true,2026-09-26
865,"Apple iPhone 17 (Black, 256 GB)",Apple,99900,,,4.6,"27,878","2,020",,,,"A19 Chip, 6 Core Processor Processor",16.0 cm (6.3 inch) Super Retina XDR Display,48MP + 48MP | 18MP Front Camera,,https://www.flipkart.com/apple-iphone-17-black-256-gb/p/itmc61b40459dd98?pid=MOBHQV9YCUG4ZQZK&lid=LSTMOBHQV9YCUG4ZQZKUTWGGY&marketplace=FLIPKART&q=smart+phones&store=tyy%2F4io&srno=s_37_865&otracker=search&fm=organic&iid=6cbc8264-2490-421c-afa6-3a939c041b57.MOBHQV9YCUG4ZQZK.SEARCH&ppt=None&ppn=None&ssid=ufjhgw6e680000001790412364753&qH=a5594894156db043&ov_redirect=true,2026-09-26
866,"Samsung Galaxy A56 5G (Light Violet, 256 GB)",Samsung,38980,54999,29% off,4.4,"1,016",79,8 GB RAM,256 GB ROM,5000 mAh Battery,Samsung Exynos 1580 Processor,17.02 cm (6.7 inch) Full HD+ Display,50MP + 12MP + 5MP | 12MP Front Camera,,https://www.flipkart.com/samsung-galaxy-a56-5g-light-violet-256-gb/p/itmee04eb4586b5a?pid=MOBHQBEMYH3JXSCX&lid=LSTMOBHQBEMYH3JXSCXRXMOAV&marketplace=FLIPKART&q=smart+phones&store=tyy%2F4io&srno=s_37_866&otracker=search&fm=organic&iid=6cbc8264-2490-421c-afa6-3a939c041b57.MOBHQBEMYH3JXSCX.SEARCH&ppt=None&ppn=None&ssid=ufjhgw6e680000001790412364753&qH=a5594894156db043&ov_redirect=true,2026-09-26
867,"BOLTT ACE 5G (Forest Green, 64 GB)",BOLTT,14999,24999,40% off,4.3,271,135,4 GB RAM,64 GB ROM,6000 mAh Lithium ion Battery,T8200 Processor,17.25 cm (6.79 inch) HD+ Display,64MP Rear Camera | 8MP Front Camera,,https://www.flipkart.com/boltt-ace-5g-forest-green-64-gb/p/itm2eb0f483effdd?pid=MOBHPP59HXJA2QWH&lid=LSTMOBHPP59HXJA2QWHVVQLKT&marketplace=FLIPKART&q=smart+phones&store=tyy%2F4io&srno=s_37_867&otracker=search&fm=organic&iid=6cbc8264-2490-421c-afa6-3a939c041b57.MOBHPP59HXJA2QWH.SEARCH&ppt=None&ppn=None&ssid=ufjhgw6e680000001790412364753&qH=a5594894156db043&ov_redirect=true,2026-09-26
868,"BOLTT ACE 5G (Arctic White, 64 GB)",BOLTT,14999,24999,40% off,4.3,271,135,4 GB RAM,64 GB ROM,6000 mAh Lithium ion Battery,T8200 Processor,17.25 cm (6.79 inch) HD+ Display,64MP Rear Camera | 8MP Front Camera,,https://www.flipkart.com/boltt-ace-5g-arctic-white-64-gb/p/itm2eb0f483effdd?pid=MOBHPP59RGTBZVWY&lid=LSTMOBHPP59RGTBZVWY4M9HDA&marketplace=FLIPKART&q=smart+phones&store=tyy%2F4io&srno=s_37_868&otracker=search&fm=organic&iid=6cbc8264-2490-421c-afa6-3a939c041b57.MOBHPP59RGTBZVWY.SEARCH&ppt=None&ppn=None&ssid=ufjhgw6e680000001790412364753&qH=a5594894156db043&ov_redirect=true,2026-09-26
869,"BOLTT ACE 5G (Lavender Bloom, 64 GB)",BOLTT,14999,24999,40% off,4.3,271,135,4 GB RAM,64 GB ROM,6000 mAh Lithium ion Battery,T8200 Processor,17.25 cm (6.79 inch) HD+ Display,64MP Rear Camera | 8MP Front Camera,,https://www.flipkart.com/boltt-ace-5g-lavender-bloom-64-gb/p/itm2eb0f483effdd?pid=MOBHPP59CGDHZVJY&lid=LSTMOBHPP59CGDHZVJYFJP39X&marketplace=FLIPKART&q=smart+phones&store=tyy%2F4io&srno=s_37_869&otracker=search&fm=organic&iid=6cbc8264-2490-421c-afa6-3a939c041b57.MOBHPP59CGDHZVJY.SEARCH&ppt=None&ppn=None&ssid=ufjhgw6e680000001790412364753&qH=a5594894156db043&ov_redirect=true,2026-09-26
870,"Infinix NOTE 60 Pro (Torino Black, 256 GB)",Infinix,40999,44999,8% off,4.4,"1,720",277,8 GB RAM,256 GB ROM,6500 mAh Battery,Snapdragon 7s Gen 4 Processor,17.22 cm (6.78 inch) Full HD+ AMOLED Display,50MP + 8MP | 13MP Front Camera,,https://www.flipkart.com/infinix-note-60-pro-torino-black-256-gb/p/itm7681d00923b3c?pid=MOBHZF2YKF3NGZDZ&lid=LSTMOBHZF2YKF3NGZDZTRHFAM&marketplace=FLIPKART&q=smart+phones&store=tyy%2F4io&srno=s_37_870&otracker=search&fm=organic&iid=6cbc8264-2490-421c-afa6-3a939c041b57.MOBHZF2YKF3NGZDZ.SEARCH&ppt=None&ppn=None&ssid=ufjhgw6e680000001790412364753&qH=a5594894156db043&ov_redirect=true,2026-09-26
871,"realme 15T 5G (Flowing Silver, 128 GB)",realme,27999,31999,12% off,4.2,"6,628",583,8 GB RAM,128 GB ROM,7000 mAh Battery,MediaTek Dimensity 6400 MAX Processor,16.69 cm (6.57 inch) Full HD Display,50MP + 2MP | 50MP Front Camera,,https://www.flipkart.com/realme-15t-5g-flowing-silver-128-gb/p/itm3f28d98da183c?pid=MOBHHY7VYVHQUFPA&lid=LSTMOBHHY7VYVHQUFPA5WHH28&marketplace=FLIPKART&q=smart+phones&store=tyy%2F4io&srno=s_37_871&otracker=search&fm=organic&iid=6cbc8264-2490-421c-afa6-3a939c041b57.MOBHHY7VYVHQUFPA.SEARCH&ppt=None&ppn=None&ssid=ufjhgw6e680000001790412364753&qH=a5594894156db043&ov_redirect=true,2026-09-26
872,"IQOO Neo 10 (Asphalt Black, 256 GB)",IQOO,45990,45999,,4.5,"2,060",196,8 GB RAM,256 GB ROM,7000 mAh Battery,Qualcomm Processor,17.22 cm (6.78 inch) Full HD+ E3 Super AMOLED Display,50MP + 50MP + 8MP | 32MP + 32MP Dual Front Camera,,https://www.flipkart.com/iqoo-neo-10-asphalt-black-256-gb/p/itm4faf25d0485ec?pid=MOBHN64JA8WE4QQC&lid=LSTMOBHN64JA8WE4QQC6HUU5X&marketplace=FLIPKART&q=smart+phones&store=tyy%2F4io&srno=s_37_872&otracker=search&fm=organic&iid=6cbc8264-2490-421c-afa6-3a939c041b57.MOBHN64JA8WE4QQC.SEARCH&ppt=None&ppn=None&ssid=ufjhgw6e680000001790412364753&qH=a5594894156db043&ov_redirect=true,2026-09-26
873,"Google Pixel 11 (Frost, 512 GB)",Google,104999,,,4.5,364,65,12 GB RAM,512 GB ROM,4985 mAh Lithium Battery,Tensor G6 Processor,16.0 cm (6.3 inch) Actua Display,48MP + 13MP + 10.8MP | 10.5MP Front Camera,,https://www.flipkart.com/google-pixel-11-frost-512-gb/p/itm901dc9a784aaf?pid=MOBHPHNVYZSFXPGY&lid=LSTMOBHPHNVYZSFXPGY3HDKOG&marketplace=FLIPKART&q=smart+phones&store=tyy%2F4io&srno=s_37_873&otracker=search&fm=organic&iid=6cbc8264-2490-421c-afa6-3a939c041b57.MOBHPHNVYZSFXPGY.SEARCH&ppt=None&ppn=None&ssid=ufjhgw6e680000001790412364753&qH=a5594894156db043&ov_redirect=true,2026-09-26
874,"OPPO F27 Pro+ (Midnight Navy, 256 GB)",OPPO,34999,,,4.3,"13,627",746,8 GB RAM,256 GB ROM,5000 mAh Battery,Dimensity 7050 Processor,17.02 cm (6.7 inch) Full HD+ Display,64MP + 2MP | 8MP Front Camera,,https://www.flipkart.com/oppo-f27-pro-midnight-navy-256-gb/p/itm5235c3c836cc9?pid=MOBHF3DJJHWN5VPP&lid=LSTMOBHF3DJJHWN5VPPVIIOWO&marketplace=FLIPKART&q=smart+phones&store=tyy%2F4io&srno=s_37_874&otracker=search&fm=organic&iid=6cbc8264-2490-421c-afa6-3a939c041b57.MOBHF3DJJHWN5VPP.SEARCH&ppt=None&ppn=None&ssid=ufjhgw6e680000001790412364753&qH=a5594894156db043&ov_redirect=true,2026-09-26
875,"OPPO Reno15 5G (Aurora Blue, 256 GB)",OPPO,47999,49999,4% off,4.5,961,126,8 GB RAM,256 GB ROM,6500 mAh Battery,7 Gen 4 Processor,16.74 cm (6.59 inch) Full HD+ Display,,,https://www.flipkart.com/oppo-reno15-5g-aurora-blue-256-gb/p/itm37cc91d1c2807?pid=MOBHGZZ9TYSGJU8W&lid=LSTMOBHGZZ9TYSGJU8WLRVMQL&marketplace=FLIPKART&q=smart+phones&store=tyy%2F4io&srno=s_37_875&otracker=search&fm=organic&iid=6cbc8264-2490-421c-afa6-3a939c041b57.MOBHGZZ9TYSGJU8W.SEARCH&ppt=None&ppn=None&ssid=ufjhgw6e680000001790412364753&qH=a5594894156db043&ov_redirect=true,2026-09-26
876,"OnePlus 13s 5G (Pink Satin, 256 GB)",OnePlus,57999,,,4.6,"2,148",208,12 GB RAM,256 GB ROM,5850 mAh Battery,,16.05 cm (6.32 inch) Display,50MP Rear Camera,,https://www.flipkart.com/oneplus-13s-5g-pink-satin-256-gb/p/itmb6d10cf953b5d?pid=MOBHCY89MXCYXQ3B&lid=LSTMOBHCY89MXCYXQ3BTMISA4&marketplace=FLIPKART&q=smart+phones&store=tyy%2F4io&srno=s_37_876&otracker=search&fm=organic&iid=6cbc8264-2490-421c-afa6-3a939c041b57.MOBHCY89MXCYXQ3B.SEARCH&ppt=None&ppn=None&ssid=ufjhgw6e680000001790412364753&qH=a5594894156db043&ov_redirect=true,2026-09-26
877,"OPPO F27 Pro+ (Dusk Pink, 256 GB)",OPPO,34999,,,4.3,"13,627",746,8 GB RAM,256 GB ROM,5000 mAh Battery,Dimensity 7050 Processor,17.02 cm (6.7 inch) Full HD+ Display,64MP + 2MP | 8MP Front Camera,,https://www.flipkart.com/oppo-f27-pro-dusk-pink-256-gb/p/itm5235c3c836cc9?pid=MOBHF3DJ8CREZW7M&lid=LSTMOBHF3DJ8CREZW7MGWIS9Y&marketplace=FLIPKART&q=smart+phones&store=tyy%2F4io&srno=s_37_877&otracker=search&fm=organic&iid=6cbc8264-2490-421c-afa6-3a939c041b57.MOBHF3DJ8CREZW7M.SEARCH&ppt=None&ppn=None&ssid=ufjhgw6e680000001790412364753&qH=a5594894156db043&ov_redirect=true,2026-09-26
878,"OPPO F27 Pro+ (Midnight Navy, 128 GB)",OPPO,32999,,,4.3,"13,627",746,8 GB RAM,128 GB ROM,5000 mAh Battery,Dimensity 7050 Processor,17.02 cm (6.7 inch) Full HD+ Display,64MP + 2MP | 8MP Front Camera,,https://www.flipkart.com/oppo-f27-pro-midnight-navy-128-gb/p/itm5235c3c836cc9?pid=MOBHF3DJM6Y8N4BA&lid=LSTMOBHF3DJM6Y8N4BADOQW8U&marketplace=FLIPKART&q=smart+phones&store=tyy%2F4io&srno=s_37_878&otracker=search&fm=organic&iid=6cbc8264-2490-421c-afa6-3a939c041b57.MOBHF3DJM6Y8N4BA.SEARCH&ppt=None&ppn=None&ssid=ufjhgw6e680000001790412364753&qH=a5594894156db043&ov_redirect=true,2026-09-26
879,"realme GT 8 Pro (Urban Blue, 256 GB)",realme,72999,79999,8% off,4.3,130,16,12 GB RAM,256 GB ROM,7000 mAh Battery,8 Elite Gen 5 Processor,17.25 cm (6.79 inch) Quad HD+ Display,50MP + 50MP + 200MP | 32MP Front Camera,,https://www.flipkart.com/realme-gt-8-pro-urban-blue-256-gb/p/itm78c31e0a1941f?pid=MOBHHEYXP2KTVXSW&lid=LSTMOBHHEYXP2KTVXSWOLU8BX&marketplace=FLIPKART&q=smart+phones&store=tyy%2F4io&srno=s_37_879&otracker=search&fm=organic&iid=6cbc8264-2490-421c-afa6-3a939c041b57.MOBHHEYXP2KTVXSW.SEARCH&ppt=None&ppn=None&ssid=ufjhgw6e680000001790412364753&qH=a5594894156db043&ov_redirect=true,2026-09-26
880,"Ai+ Nova 2 Neo 5G (rogue red, 64 GB)",Ai+,14999,17999,16% off,4.3,"2,278",199,4 GB RAM,64 GB ROM,6000 mAh Li-polymer Battery,Dimensity 6300 Processor,17.13 cm (6.745 inch) HD+ Display,48MP Rear Camera | 8MP Front Camera,,https://www.flipkart.com/ai-nova-2-neo-5g-rogue-red-64-gb/p/itm37411a4016af8?pid=MOBHZGHF2FZ2NHMV&lid=LSTMOBHZGHF2FZ2NHMVFAZS5Z&marketplace=FLIPKART&q=smart+phones&store=tyy%2F4io&srno=s_37_880&otracker=search&fm=organic&iid=6cbc8264-2490-421c-afa6-3a939c041b57.MOBHZGHF2FZ2NHMV.SEARCH&ppt=None&ppn=None&ssid=ufjhgw6e680000001790412364753&qH=a5594894156db043&ov_redirect=true,2026-09-26
881,"REDMI Note-14 Pro 5G (Phantom Purple, 128 GB)",REDMI,27993,28999,3% off,4.3,"1,215",90,8 GB RAM,128 GB ROM,5500 mAh Battery,Dimensity 7300 Ultra Processor,16.94 cm (6.67 inch) Display,50MP + 8MP + 2MP | 20MP Front Camera,,https://www.flipkart.com/redmi-note-14-pro-5g-phantom-purple-128-gb/p/itm124f940049e20?pid=MOBH8BW3UYHZZEHZ&lid=LSTMOBH8BW3UYHZZEHZYPSGQR&marketplace=FLIPKART&q=smart+phones&store=tyy%2F4io&srno=s_37_881&otracker=search&fm=organic&iid=6cbc8264-2490-421c-afa6-3a939c041b57.MOBH8BW3UYHZZEHZ.SEARCH&ppt=None&ppn=None&ssid=ufjhgw6e680000001790412364753&qH=a5594894156db043&ov_redirect=true,2026-09-26
882,"POCO X8 Pro Max (White, 512 GB)",POCO,52999,61999,14% off,4.5,"2,006",411,12 GB RAM,512 GB ROM,9000 mAh Lithium-Ion Polymer With Silicon Carbon Technology Battery,Dimensity 9500s Processor,17.35 cm (6.83 inch) Full HD+ AMOLED Display,50MP + 8MP | 20MP Front Camera,,https://www.flipkart.com/poco-x8-pro-max-white-512-gb/p/itm99efd552c2346?pid=MOBHMGG52GRMRFFN&lid=LSTMOBHMGG52GRMRFFNBEWRC3&marketplace=FLIPKART&q=smart+phones&store=tyy%2F4io&srno=s_37_882&otracker=search&fm=organic&iid=6cbc8264-2490-421c-afa6-3a939c041b57.MOBHMGG52GRMRFFN.SEARCH&ppt=None&ppn=None&ssid=ufjhgw6e680000001790412364753&qH=a5594894156db043&ov_redirect=true,2026-09-26
883,"Samsung M36 5G (Light Green, 256 GB)",Samsung,29999,,,4.1,"1,872",171,8 GB RAM,256 GB ROM,5000 mAh Battery,,17.02 cm (6.7 inch) Display,50MP Rear Camera,,https://www.flipkart.com/samsung-m36-5g-light-green-256-gb/p/itm74130a5a313b6?pid=MOBHFFYH7TFPXSJD&lid=LSTMOBHFFYH7TFPXSJDO2V4HX&marketplace=FLIPKART&q=smart+phones&store=tyy%2F4io&srno=s_37_883&otracker=search&fm=organic&iid=6cbc8264-2490-421c-afa6-3a939c041b57.MOBHFFYH7TFPXSJD.SEARCH&ppt=None&ppn=None&ssid=ufjhgw6e680000001790412364753&qH=a5594894156db043&ov_redirect=true,2026-09-26
884,"Infinix NOTE 60 Pro (Solar Orange, 256 GB)",Infinix,39999,44999,11% off,4.4,"1,720",277,8 GB RAM,256 GB ROM,6500 mAh Battery,Snapdragon 7s Gen 4 Processor,17.22 cm (6.78 inch) Full HD+ AMOLED Display,50MP + 8MP | 13MP Front Camera,,https://www.flipkart.com/infinix-note-60-pro-solar-orange-256-gb/p/itm7681d00923b3c?pid=MOBHHVE27GMHHRNA&lid=LSTMOBHHVE27GMHHRNAQXXJNV&marketplace=FLIPKART&q=smart+phones&store=tyy%2F4io&srno=s_37_884&otracker=search&fm=organic&iid=6cbc8264-2490-421c-afa6-3a939c041b57.MOBHHVE27GMHHRNA.SEARCH&ppt=None&ppn=None&ssid=ufjhgw6e680000001790412364753&qH=a5594894156db043&ov_redirect=true,2026-09-26
885,"Infinix NOTE 60 Pro (Solar Orange, 128 GB)",Infinix,35999,39999,10% off,4.4,"1,720",277,8 GB RAM,128 GB ROM,6500 mAh Battery,Snapdragon 7s Gen 4 Processor,17.22 cm (6.78 inch) Full HD+ AMOLED Display,50MP + 8MP | 13MP Front Camera,,https://www.flipkart.com/infinix-note-60-pro-solar-orange-128-gb/p/itm7681d00923b3c?pid=MOBHHVE2RRGGD6H5&lid=LSTMOBHHVE2RRGGD6H5IRVDIM&marketplace=FLIPKART&q=smart+phones&store=tyy%2F4io&srno=s_37_885&otracker=search&fm=organic&iid=6cbc8264-2490-421c-afa6-3a939c041b57.MOBHHVE2RRGGD6H5.SEARCH&ppt=None&ppn=None&ssid=ufjhgw6e680000001790412364753&qH=a5594894156db043&ov_redirect=true,2026-09-26
886,"Samsung Galaxy F36 5G (Black, 128 GB)",Samsung,22999,24499,6% off,4.2,"7,187",632,8 GB RAM,128 GB ROM,5000 mAh Battery,Samsung Exynos 1380 Processor,17.02 cm (6.7 inch) Full HD+ Display,50MP + 8MP + 2MP | 13MP Front Camera,,https://www.flipkart.com/samsung-galaxy-f36-5g-black-128-gb/p/itmdb947dbfafb72?pid=MOBHDFVTMYJDJ8YS&lid=LSTMOBHDFVTMYJDJ8YSOKLDXC&marketplace=FLIPKART&q=smart+phones&store=tyy%2F4io&srno=s_37_886&otracker=search&fm=organic&iid=6cbc8264-2490-421c-afa6-3a939c041b57.MOBHDFVTMYJDJ8YS.SEARCH&ppt=None&ppn=None&ssid=ufjhgw6e680000001790412364753&qH=a5594894156db043&ov_redirect=true,2026-09-26
887,"Google Pixel 11 Pro (Obsidian, 256 GB)",Google,119999,,,4.4,64,12,12 GB RAM,256 GB ROM,4850 mAh Lithium Battery,Tensor G6 Processor,16.0 cm (6.3 inch) Super Actua Display,50MP + 48MP + 48MP | 42MP Front Camera,,https://www.flipkart.com/google-pixel-11-pro-obsidian-256-gb/p/itm43ed1a7482f41?pid=MOBHPHNVWHPZYAGY&lid=LSTMOBHPHNVWHPZYAGYO7Q4AF&marketplace=FLIPKART&q=smart+phones&store=tyy%2F4io&srno=s_37_887&otracker=search&fm=organic&iid=6cbc8264-2490-421c-afa6-3a939c041b57.MOBHPHNVWHPZYAGY.SEARCH&ppt=None&ppn=None&ssid=ufjhgw6e680000001790412364753&qH=a5594894156db043&ov_redirect=true,2026-09-26
888,"POCO X8 Pro Max (White, 256 GB)",POCO,48999,57999,15% off,4.5,"2,006",411,12 GB RAM,256 GB ROM,9000 mAh Lithium-Ion Polymer With Silicon Carbon Technology Battery,Dimensity 9500s Processor,17.35 cm (6.83 inch) Full HD+ AMOLED Display,50MP + 8MP | 20MP Front Camera,,https://www.flipkart.com/poco-x8-pro-max-white-256-gb/p/itm38fa4fd504c3f?pid=MOBHMGG5YF569YNY&lid=LSTMOBHMGG5YF569YNYPQLFPD&marketplace=FLIPKART&q=smart+phones&store=tyy%2F4io&srno=s_37_888&otracker=search&fm=organic&iid=6cbc8264-2490-421c-afa6-3a939c041b57.MOBHMGG5YF569YNY.SEARCH&ppt=None&ppn=None&ssid=ufjhgw6e680000001790412364753&qH=a5594894156db043&ov_redirect=true,2026-09-26
889,"oneme m 17 (METALIC GOLD, 16 GB)",oneme,6400,6999,8% off,,,,2 GB RAM,16 GB ROM,2000 mAh Battery,Cortex-A7 quad core Processor,7.62 cm (3 inch) HD Display,5MP Rear Camera,,https://www.flipkart.com/oneme-m-17-metalic-gold-16-gb/p/itmc905407865672?pid=MOBHQSZ2DRTGGHZM&lid=LSTMOBHQSZ2DRTGGHZM0QL5VY&marketplace=FLIPKART&q=smart+phones&store=tyy%2F4io&srno=s_38_889&otracker=search&fm=organic&iid=ebbd6940-f256-4110-989c-a12cd467707e.MOBHQSZ2DRTGGHZM.SEARCH&ppt=None&ppn=None&ssid=cyjvqa88s00000001790412368076&qH=a5594894156db043&ov_redirect=true,2026-09-26
890,"REDMI Turbo 5 5G (Asphalt Black, 256 GB)",REDMI,44950,54999,18% off,4.4,84,10,8 GB RAM,256 GB ROM,7540 mAh Battery,,16.74 cm (6.59 inch) Display,50MP Rear Camera,,https://www.flipkart.com/redmi-turbo-5-5g-asphalt-black-256-gb/p/itmd8266664918ee?pid=MOBHZHQB4TGN8VYC&lid=LSTMOBHZHQB4TGN8VYCJHVQKZ&marketplace=FLIPKART&q=smart+phones&store=tyy%2F4io&srno=s_38_890&otracker=search&fm=organic&iid=ebbd6940-f256-4110-989c-a12cd467707e.MOBHZHQB4TGN8VYC.SEARCH&ppt=None&ppn=None&ssid=cyjvqa88s00000001790412368076&qH=a5594894156db043&ov_redirect=true,2026-09-26
891,"REDMI Turbo 5 5G (Turbo White, 256 GB)",REDMI,44999,54999,18% off,4.4,84,10,8 GB RAM,256 GB ROM,7540 mAh Battery,,16.74 cm (6.59 inch) Display,50MP Rear Camera,,https://www.flipkart.com/redmi-turbo-5-5g-turbo-white-256-gb/p/itmd8266664918ee?pid=MOBHZHQB4Y9GXQSA&lid=LSTMOBHZHQB4Y9GXQSAUE1APV&marketplace=FLIPKART&q=smart+phones&store=tyy%2F4io&srno=s_38_891&otracker=search&fm=organic&iid=ebbd6940-f256-4110-989c-a12cd467707e.MOBHZHQB4Y9GXQSA.SEARCH&ppt=None&ppn=None&ssid=cyjvqa88s00000001790412368076&qH=a5594894156db043&ov_redirect=true,2026-09-26
892,"REDMI Note 15 Pro + 5G (Coffee Mocha, 256 GB)",REDMI,38999,39999,2% off,4.1,116,22,8 GB RAM,256 GB ROM,6500 mAh Battery,,17.35 cm (6.83 inch) Display,200MP Rear Camera,,https://www.flipkart.com/redmi-note-15-pro-5g-coffee-mocha-256-gb/p/itm90a2fdcf3d9a4?pid=MOBHK46MSUZVP7T5&lid=LSTMOBHK46MSUZVP7T5DHHVAY&marketplace=FLIPKART&q=smart+phones&store=tyy%2F4io&srno=s_38_892&otracker=search&fm=organic&iid=ebbd6940-f256-4110-989c-a12cd467707e.MOBHK46MSUZVP7T5.SEARCH&ppt=None&ppn=None&ssid=cyjvqa88s00000001790412368076&qH=a5594894156db043&ov_redirect=true,2026-09-26
893,"OPPO F33 Pro 5G (Starry Blue, 128 GB)",OPPO,39999,55999,28% off,4.4,201,22,8 GB RAM,128 GB ROM,7000 mAh lithium-ion polymer Battery,Dimensity 6360 MAX Processor,16.69 cm (6.57 inch) Full HD+ AMOLED Display,50MP + 2MP | 50MP Front Camera,,https://www.flipkart.com/oppo-f33-pro-5g-starry-blue-128-gb/p/itme0e9af182d309?pid=MOBHM48FZGDYY9D7&lid=LSTMOBHM48FZGDYY9D73UXOYT&marketplace=FLIPKART&q=smart+phones&store=tyy%2F4io&srno=s_38_893&otracker=search&fm=organic&iid=ebbd6940-f256-4110-989c-a12cd467707e.MOBHM48FZGDYY9D7.SEARCH&ppt=None&ppn=None&ssid=cyjvqa88s00000001790412368076&qH=a5594894156db043&ov_redirect=true,2026-09-26
894,"Mi 11 Lite (Jazz Blue, 128 GB)",Mi,23993,25999,7% off,4.2,"6,240",628,8 GB RAM,128 GB ROM,4250 mAh Li-Polymer Battery,Qualcomm Snapdragon 732G Processor,16.64 cm (6.55 inch) Full HD+ Display,64MP + 8MP + 5MP | 16MP Front Camera,,https://www.flipkart.com/mi-11-lite-jazz-blue-128-gb/p/itmac6203bae9394?pid=MOBG3VSKQMCRP5CR&lid=LSTMOBG3VSKQMCRP5CREMBEJS&marketplace=FLIPKART&q=smart+phones&store=tyy%2F4io&srno=s_38_894&otracker=search&fm=organic&iid=ebbd6940-f256-4110-989c-a12cd467707e.MOBG3VSKQMCRP5CR.SEARCH&ppt=None&ppn=None&ssid=cyjvqa88s00000001790412368076&qH=a5594894156db043&ov_redirect=true,2026-09-26
895,"Alcatel V3 Ultra 5G (Hyper Blue, 128 GB)",Alcatel,18990,29999,36% off,3.7,225,49,8 GB RAM,128 GB ROM,5010 mAh Battery,Dimensity 6300 Processor,17.22 cm (6.78 inch) Full HD+ Display,108MP + 8MP + 2MP | 32MP Front Camera,,https://www.flipkart.com/alcatel-v3-ultra-5g-hyper-blue-128-gb/p/itm6b040ff5b5756?pid=MOBHBH2GJ7VZ69HR&lid=LSTMOBHBH2GJ7VZ69HR5O0GRL&marketplace=FLIPKART&q=smart+phones&store=tyy%2F4io&srno=s_38_895&otracker=search&fm=organic&iid=ebbd6940-f256-4110-989c-a12cd467707e.MOBHBH2GJ7VZ69HR.SEARCH&ppt=None&ppn=None&ssid=cyjvqa88s00000001790412368076&qH=a5594894156db043&ov_redirect=true,2026-09-26
896,"Apple iPhone 18 Pro max (Glacier, 256 GB)",Apple,179900,,,4.8,54,9,,,,"A20 Pro chip, 6 Core Processor Processor",17.53 cm (6.9 inch) Super Retina XDR Display,48MP + 48MP + 48MP | 18MP Front Camera,,https://www.flipkart.com/apple-iphone-18-pro-max-glacier-256-gb/p/itm09c62f5b365e6?pid=MOBHQT5J8EBSDSUF&lid=LSTMOBHQT5J8EBSDSUFTKUH6V&marketplace=FLIPKART&q=smart+phones&store=tyy%2F4io&srno=s_38_896&otracker=search&fm=organic&iid=ebbd6940-f256-4110-989c-a12cd467707e.MOBHQT5J8EBSDSUF.SEARCH&ppt=None&ppn=None&ssid=cyjvqa88s00000001790412368076&qH=a5594894156db043&ov_redirect=true,2026-09-26
897,"OPPO A6c (Stone Brown, 64 GB)",OPPO,17999,29999,40% off,3.6,280,22,4 GB RAM,64 GB ROM,7000 mAh Battery,T7250 Processor,17.14 cm (6.75 inch) HD+ Display,13MP Rear Camera | 5MP Front Camera,,https://www.flipkart.com/oppo-a6c-stone-brown-64-gb/p/itm4005f8da98c62?pid=MOBHNQZKFUVXBGTK&lid=LSTMOBHNQZKFUVXBGTKUKMZ73&marketplace=FLIPKART&q=smart+phones&store=tyy%2F4io&srno=s_38_897&otracker=search&fm=organic&iid=ebbd6940-f256-4110-989c-a12cd467707e.MOBHNQZKFUVXBGTK.SEARCH&ppt=None&ppn=None&ssid=cyjvqa88s00000001790412368076&qH=a5594894156db043&ov_redirect=true,2026-09-26
898,"Tecno Spark 50 5G (Fantasy Purple, 128 GB)",Tecno,19999,27999,28% off,3.7,134,19,4 GB RAM,128 GB ROM,6500 mAh Lithium Polymer Battery,Dimensity 6400 Processor,17.22 cm (6.78 inch) Display,50MP Rear Camera | 8MP Front Camera,,https://www.flipkart.com/tecno-spark-50-5g-fantasy-purple-128-gb/p/itmb3923bf4ff9a6?pid=MOBHHH5TDHVFWPEY&lid=LSTMOBHHH5TDHVFWPEYQ1MREI&marketplace=FLIPKART&q=smart+phones&store=tyy%2F4io&srno=s_38_898&otracker=search&fm=organic&iid=ebbd6940-f256-4110-989c-a12cd467707e.MOBHHH5TDHVFWPEY.SEARCH&ppt=None&ppn=None&ssid=cyjvqa88s00000001790412368076&qH=a5594894156db043&ov_redirect=true,2026-09-26
899,"Samsung Galaxy S25 Edge 5G (Titanium Jetblack, 256 GB)",Samsung,69999,109999,36% off,4.5,515,72,12 GB RAM,256 GB ROM,3900 mAh Battery,Qualcomm Snapdragon 8 Elite for Galaxy Processor,16.91 cm (6.657 inch) Quad HD+ Display,200MP + 12MP | 12MP Front Camera,,https://www.flipkart.com/samsung-galaxy-s25-edge-5g-titanium-jetblack-256-gb/p/itmc91f3f202a90f?pid=MOBHBXJHFGGJFW5C&lid=LSTMOBHBXJHFGGJFW5CPOXQNR&marketplace=FLIPKART&q=smart+phones&store=tyy%2F4io&srno=s_38_899&otracker=search&fm=organic&iid=ebbd6940-f256-4110-989c-a12cd467707e.MOBHBXJHFGGJFW5C.SEARCH&ppt=None&ppn=None&ssid=cyjvqa88s00000001790412368076&qH=a5594894156db043&ov_redirect=true,2026-09-26
900,"realme GT 2 Pro (Paper Green, 256 GB)",realme,38999,66999,41% off,4.2,"2,145",322,12 GB RAM,256 GB ROM,5000 mAh Lithium Ion Battery,Qualcomm Snapdragon 8 Gen 1 Mobile Platform Processor,17.02 cm (6.7 inch) Quad HD Display,50MP + 50MP + 2MP | 32MP Front Camera,,https://www.flipkart.com/realme-gt-2-pro-paper-green-256-gb/p/itm125e5a8c1de92?pid=MOBGCRYZMNGEBHH3&lid=LSTMOBGCRYZMNGEBHH3CIUQDN&marketplace=FLIPKART&q=smart+phones&store=tyy%2F4io&srno=s_38_900&otracker=search&fm=organic&iid=ebbd6940-f256-4110-989c-a12cd467707e.MOBGCRYZMNGEBHH3.SEARCH&ppt=None&ppn=None&ssid=cyjvqa88s00000001790412368076&qH=a5594894156db043&ov_redirect=true,2026-09-26
901,"OPPO F33 Pro 5G (Passion Red, 256 GB)",OPPO,43999,58999,25% off,4.4,201,22,8 GB RAM,256 GB ROM,7000 mAh lithium-ion polymer Battery,Dimensity 6360 MAX Processor,16.69 cm (6.57 inch) Full HD+ AMOLED Display,50MP + 2MP | 50MP Front Camera,,https://www.flipkart.com/oppo-f33-pro-5g-passion-red-256-gb/p/itme0e9af182d309?pid=MOBHM48FFFNFR8YD&lid=LSTMOBHM48FFFNFR8YDVAPFGT&marketplace=FLIPKART&q=smart+phones&store=tyy%2F4io&srno=s_38_901&otracker=search&fm=organic&iid=ebbd6940-f256-4110-989c-a12cd467707e.MOBHM48FFFNFR8YD.SEARCH&ppt=None&ppn=None&ssid=cyjvqa88s00000001790412368076&qH=a5594894156db043&ov_redirect=true,2026-09-26
902,"REDMI Note 15 Pro + 5G (Coffee Mocha, 512 GB)",REDMI,43845,44999,2% off,4.1,101,8,12 GB RAM,512 GB ROM,6500 mAh Battery,,17.35 cm (6.83 inch) Display,200MP Rear Camera,,https://www.flipkart.com/redmi-note-15-pro-5g-coffee-mocha-512-gb/p/itm90a2fdcf3d9a4?pid=MOBHK46MTPPEENVA&lid=LSTMOBHK46MTPPEENVAVYNUZA&marketplace=FLIPKART&q=smart+phones&store=tyy%2F4io&srno=s_38_902&otracker=search&fm=organic&iid=ebbd6940-f256-4110-989c-a12cd467707e.MOBHK46MTPPEENVA.SEARCH&ppt=None&ppn=None&ssid=cyjvqa88s00000001790412368076&qH=a5594894156db043&ov_redirect=true,2026-09-26
903,"vivo V70 (Passion Red 2026, 256 GB)",vivo,64999,75999,14% off,4.4,383,47,12 GB RAM,256 GB ROM,6500 mAh Li-ion battery Battery,Snapdragon 7 Gen 4 Processor,16.74 cm (6.59 inches) Full HD+ AMOLED Display,50MP + 50MP + 8MP | 50MP Front Camera,,https://www.flipkart.com/vivo-v70-passion-red-2026-256-gb/p/itmecfa7a31699de?pid=MOBHZFFHHZBA2H9G&lid=LSTMOBHZFFHHZBA2H9G9DLI3B&marketplace=FLIPKART&q=smart+phones&store=tyy%2F4io&srno=s_38_903&otracker=search&fm=organic&iid=ebbd6940-f256-4110-989c-a12cd467707e.MOBHZFFHHZBA2H9G.SEARCH&ppt=None&ppn=None&ssid=cyjvqa88s00000001790412368076&qH=a5594894156db043&ov_redirect=true,2026-09-26
904,"Infinix HOT 70 Pro 5G (Thermo Orange, 128 GB)",Infinix,27999,36999,24% off,4.3,19,1,8 GB RAM,128 GB ROM,6000 mAh Battery,Dimensity 7100 Processor,17.17 cm (6.76 inch) Full HD+ Display,50MP Rear Camera | 8MP Front Camera,,https://www.flipkart.com/infinix-hot-70-pro-5g-thermo-orange-128-gb/p/itmc910721eaed88?pid=MOBHPSCUFXAEM4FX&lid=LSTMOBHPSCUFXAEM4FXDDTP8E&marketplace=FLIPKART&q=smart+phones&store=tyy%2F4io&srno=s_38_904&otracker=search&fm=organic&iid=ebbd6940-f256-4110-989c-a12cd467707e.MOBHPSCUFXAEM4FX.SEARCH&ppt=None&ppn=None&ssid=cyjvqa88s00000001790412368076&qH=a5594894156db043&ov_redirect=true,2026-09-26
905,"REDMI Note 14 Pro 5G (Ivy Green, 256 GB)",REDMI,27348,30999,11% off,4.3,"6,724",505,8 GB RAM,256 GB ROM,5500 mAh Battery,Dimensity 7300 Ultra Processor,16.94 cm (6.67 inch) Display,50MP + 8MP + 2MP | 20MP Front Camera,,https://www.flipkart.com/redmi-note-14-pro-5g-ivy-green-256-gb/p/itm260f3edcb0cde?pid=MOBH753HFQZSJZYJ&lid=LSTMOBH753HFQZSJZYJBYAB7I&marketplace=FLIPKART&q=smart+phones&store=tyy%2F4io&srno=s_38_905&otracker=search&fm=organic&iid=ebbd6940-f256-4110-989c-a12cd467707e.MOBH753HFQZSJZYJ.SEARCH&ppt=None&ppn=None&ssid=cyjvqa88s00000001790412368076&qH=a5594894156db043&ov_redirect=true,2026-09-26
906,"REDMI Note 14 Pro 5G (Phantom Purple, 256 GB)",REDMI,27870,30999,10% off,4.3,"6,724",505,8 GB RAM,256 GB ROM,5500 mAh Battery,Dimensity 7300 Ultra Processor,16.94 cm (6.67 inch) Display,50MP + 8MP + 2MP | 20MP Front Camera,,https://www.flipkart.com/redmi-note-14-pro-5g-phantom-purple-256-gb/p/itm260f3edcb0cde?pid=MOBH753HYUBTBFZE&lid=LSTMOBH753HYUBTBFZEIF0DHJ&marketplace=FLIPKART&q=smart+phones&store=tyy%2F4io&srno=s_38_906&otracker=search&fm=organic&iid=ebbd6940-f256-4110-989c-a12cd467707e.MOBH753HYUBTBFZE.SEARCH&ppt=None&ppn=None&ssid=cyjvqa88s00000001790412368076&qH=a5594894156db043&ov_redirect=true,2026-09-26
907,"realme GT 2 Pro (Paper White, 256 GB)",realme,33999,54999,38% off,4.2,"2,145",322,12 GB RAM,256 GB ROM,5000 mAh Lithium Ion Battery,Qualcomm Snapdragon 8 Gen 1 Mobile Platform Processor,17.02 cm (6.7 inch) Quad HD Display,50MP + 50MP + 2MP | 32MP Front Camera,,https://www.flipkart.com/realme-gt-2-pro-paper-white-256-gb/p/itm125e5a8c1de92?pid=MOBGCRYZQWG5YWBS&lid=LSTMOBGCRYZQWG5YWBSXND4EH&marketplace=FLIPKART&q=smart+phones&store=tyy%2F4io&srno=s_38_907&otracker=search&fm=organic&iid=ebbd6940-f256-4110-989c-a12cd467707e.MOBGCRYZQWG5YWBS.SEARCH&ppt=None&ppn=None&ssid=cyjvqa88s00000001790412368076&qH=a5594894156db043&ov_redirect=true,2026-09-26
908,"REDMI Note 14 Pro 5G (Ivy Green, 128 GB)",REDMI,26000,28999,10% off,4.3,"6,724",505,8 GB RAM,128 GB ROM,5500 mAh Battery,Dimensity 7300 Ultra Processor,16.94 cm (6.67 inch) Display,50MP + 8MP + 2MP | 20MP Front Camera,,https://www.flipkart.com/redmi-note-14-pro-5g-ivy-green-128-gb/p/itm260f3edcb0cde?pid=MOBH753H97H7SHQN&lid=LSTMOBH753H97H7SHQNHG2267&marketplace=FLIPKART&q=smart+phones&store=tyy%2F4io&srno=s_38_908&otracker=search&fm=organic&iid=ebbd6940-f256-4110-989c-a12cd467707e.MOBH753H97H7SHQN.SEARCH&ppt=None&ppn=None&ssid=cyjvqa88s00000001790412368076&qH=a5594894156db043&ov_redirect=true,2026-09-26
909,"POCO X8 Pro (Green, 256 GB)",POCO,42999,52999,18% off,4.4,"1,220",205,12 GB RAM,256 GB ROM,6500 mAh Lithium-Ion Polymer With Silicon Carbon Technology Battery,Dimensity 8500-Ultra Processor,16.74 cm (6.59 inch) Full HD+ AMOLED Display,50MP + 8MP | 20MP Front Camera,,https://www.flipkart.com/poco-x8-pro-green-256-gb/p/itm33db73fe6b36a?pid=MOBHMGG5HDQYUQVX&lid=LSTMOBHMGG5HDQYUQVXLSPFFS&marketplace=FLIPKART&q=smart+phones&store=tyy%2F4io&srno=s_38_909&otracker=search&fm=organic&iid=ebbd6940-f256-4110-989c-a12cd467707e.MOBHMGG5HDQYUQVX.SEARCH&ppt=None&ppn=None&ssid=cyjvqa88s00000001790412368076&qH=a5594894156db043&ov_redirect=true,2026-09-26
910,"Infinix HOT 70 Pro 5G (Mirage Green, 128 GB)",Infinix,24999,32999,24% off,4.2,88,16,6 GB RAM,128 GB ROM,6000 mAh Battery,Dimensity 7100 Processor,17.17 cm (6.76 inch) Full HD+ Display,50MP Rear Camera | 8MP Front Camera,,https://www.flipkart.com/infinix-hot-70-pro-5g-mirage-green-128-gb/p/itmc910721eaed88?pid=MOBHPSCUZT8GSE2R&lid=LSTMOBHPSCUZT8GSE2REKQKLY&marketplace=FLIPKART&q=smart+phones&store=tyy%2F4io&srno=s_38_910&otracker=search&fm=organic&iid=ebbd6940-f256-4110-989c-a12cd467707e.MOBHPSCUZT8GSE2R.SEARCH&ppt=None&ppn=None&ssid=cyjvqa88s00000001790412368076&qH=a5594894156db043&ov_redirect=true,2026-09-26
911,"Samsung Galaxy S25 FE 5G (White, 256 GB)",Samsung,64999,99999,35% off,4.6,"3,572",584,8 GB RAM,256 GB ROM,4900 mAh Li-ion Battery,Exynos 2400 Processor,17.02 cm (6.7 inch) Full HD+ Display,50MP + 12MP + 8MP | 12MP Front Camera,,https://www.flipkart.com/samsung-galaxy-s25-fe-5g-white-256-gb/p/itm20782228ab618?pid=MOBHQCH6J7VQD8CA&lid=LSTMOBHQCH6J7VQD8CATCMRP5&marketplace=FLIPKART&q=smart+phones&store=tyy%2F4io&srno=s_38_911&otracker=search&fm=organic&iid=ebbd6940-f256-4110-989c-a12cd467707e.MOBHQCH6J7VQD8CA.SEARCH&ppt=None&ppn=None&ssid=cyjvqa88s00000001790412368076&qH=a5594894156db043&ov_redirect=true,2026-09-26
912,"Google Pixel 11 Pro XL (Fog, 256 GB)",Google,134999,,,4.5,22,5,12 GB RAM,256 GB ROM,5115 mAh Lithium Battery,Tensor G6 Processor,17.27 cm (6.8 inch) Super Actua Display,50MP + 48MP + 48MP | 42MP Front Camera,,https://www.flipkart.com/google-pixel-11-pro-xl-fog-256-gb/p/itm2f793bd842154?pid=MOBHPHNVMJXDGZQN&lid=LSTMOBHPHNVMJXDGZQNVHFMQR&marketplace=FLIPKART&q=smart+phones&store=tyy%2F4io&srno=s_38_912&otracker=search&fm=organic&iid=ebbd6940-f256-4110-989c-a12cd467707e.MOBHPHNVMJXDGZQN.SEARCH&ppt=None&ppn=None&ssid=cyjvqa88s00000001790412368076&qH=a5594894156db043&ov_redirect=true,2026-09-26
913,"BlackZone BZ S26 ULTRA+ (Orange, 128 GB)",BlackZone,14999,16999,11% off,,,,12 GB RAM,128 GB ROM,5000 mAh Battery,,17.27 cm (6.8 inch) Display,32MP Rear Camera,,https://www.flipkart.com/blackzone-bz-s26-ultra-orange-128-gb/p/itm09e55da8d665b?pid=MOBHQHMFBVHUTHSP&lid=LSTMOBHQHMFBVHUTHSP83ZR4I&marketplace=FLIPKART&q=smart+phones&store=tyy%2F4io&srno=s_39_913&otracker=search&fm=organic&iid=9e9234f3-76c9-4413-ae63-c0ef8d6f0931.MOBHQHMFBVHUTHSP.SEARCH&ppt=None&ppn=None&ssid=iag8w2bsps0000001790412370733&qH=a5594894156db043&ov_redirect=true,2026-09-26
914,"REDMI Note 13 5G (Prism Gold, 256 GB)",REDMI,27999,,,4.2,"19,091","1,066",8 GB RAM,256 GB ROM,5000 mAh Battery,,16.94 cm (6.67 inch) Full HD+ Display,108MP Rear Camera,,https://www.flipkart.com/redmi-note-13-5g-prism-gold-256-gb/p/itm82475e073eb2e?pid=MOBGXFFKZGRH6UTS&lid=LSTMOBGXFFKZGRH6UTSD7GMS7&marketplace=FLIPKART&q=smart+phones&store=tyy%2F4io&srno=s_39_914&otracker=search&fm=organic&iid=9e9234f3-76c9-4413-ae63-c0ef8d6f0931.MOBGXFFKZGRH6UTS.SEARCH&ppt=None&ppn=None&ssid=iag8w2bsps0000001790412370733&qH=a5594894156db043&ov_redirect=true,2026-09-26
915,"REDMI Note 13 5G (Arctic White, 256 GB)",REDMI,27999,,,4.2,"19,091","1,066",8 GB RAM,256 GB ROM,5000 mAh Battery,,16.94 cm (6.67 inch) Display,108MP Rear Camera,,https://www.flipkart.com/redmi-note-13-5g-arctic-white-256-gb/p/itm82475e073eb2e?pid=MOBGXFFMY54GVFCJ&lid=LSTMOBGXFFMY54GVFCJPPZ4HZ&marketplace=FLIPKART&q=smart+phones&store=tyy%2F4io&srno=s_39_915&otracker=search&fm=organic&iid=9e9234f3-76c9-4413-ae63-c0ef8d6f0931.MOBGXFFMY54GVFCJ.SEARCH&ppt=None&ppn=None&ssid=iag8w2bsps0000001790412370733&qH=a5594894156db043&ov_redirect=true,2026-09-26
916,"Ai+ Nova 2 Neo 5G (Green, 128 GB)",Ai+,16999,19999,15% off,4.2,"1,033",95,6 GB RAM,128 GB ROM,6000 mAh Li-polymer Battery,Dimensity 6300 Processor,17.13 cm (6.745 inch) HD+ Display,48MP Rear Camera | 8MP Front Camera,,https://www.flipkart.com/ai-nova-2-neo-5g-green-128-gb/p/itm9291436c3874f?pid=MOBHZ8ZMFQHHZZZR&lid=LSTMOBHZ8ZMFQHHZZZREUY1L1&marketplace=FLIPKART&q=smart+phones&store=tyy%2F4io&srno=s_39_916&otracker=search&fm=organic&iid=9e9234f3-76c9-4413-ae63-c0ef8d6f0931.MOBHZ8ZMFQHHZZZR.SEARCH&ppt=None&ppn=None&ssid=iag8w2bsps0000001790412370733&qH=a5594894156db043&ov_redirect=true,2026-09-26
917,"Samsung Galaxy A37 5G (Awesome Charcoal, 128 GB)",Samsung,45999,,,4.4,420,85,8 GB RAM,128 GB ROM,5000 mAh Li-ion Battery,Exynos 1480 Processor,17.02 cm (6.7 inch) Full HD+ Super AMOLED Display,50MP + 8MP | 12MP Front Camera,,https://www.flipkart.com/samsung-galaxy-a37-5g-awesome-charcoal-128-gb/p/itm793d1b5fe9bc5?pid=MOBHHENSZADTY7KP&lid=LSTMOBHHENSZADTY7KPWWQ2MJ&marketplace=FLIPKART&q=smart+phones&store=tyy%2F4io&srno=s_39_917&otracker=search&fm=organic&iid=9e9234f3-76c9-4413-ae63-c0ef8d6f0931.MOBHHENSZADTY7KP.SEARCH&ppt=None&ppn=None&ssid=iag8w2bsps0000001790412370733&qH=a5594894156db043&ov_redirect=true,2026-09-26
918,"IQOO Z11X 5G (Prismatic Green, 128 GB)",IQOO,29298,30999,5% off,4.3,"1,564",119,8 GB RAM,128 GB ROM,7200 mAh Battery,MediaTek Dimensity 7400-Turbo Processor,17.17 cm (6.76 inch) HD+ Display,50MP + 50MP | 32MP Dual Front Camera,,https://www.flipkart.com/iqoo-z11x-5g-prismatic-green-128-gb/p/itm8278ba39f21e3?pid=MOBHHHHHVGQUFAUG&lid=LSTMOBHHHHHVGQUFAUGAOELKJ&marketplace=FLIPKART&q=smart+phones&store=tyy%2F4io&srno=s_39_918&otracker=search&fm=organic&iid=9e9234f3-76c9-4413-ae63-c0ef8d6f0931.MOBHHHHHVGQUFAUG.SEARCH&ppt=None&ppn=None&ssid=iag8w2bsps0000001790412370733&qH=a5594894156db043&ov_redirect=true,2026-09-26
919,"OPPO A6c (Feather White, 64 GB)",OPPO,17999,29999,40% off,3.6,280,22,4 GB RAM,64 GB ROM,7000 mAh Battery,T7250 Processor,17.14 cm (6.75 inch) HD+ Display,13MP Rear Camera | 5MP Front Camera,,https://www.flipkart.com/oppo-a6c-feather-white-64-gb/p/itm4005f8da98c62?pid=MOBHNQZKM9HF5HCC&lid=LSTMOBHNQZKM9HF5HCCJJWFPG&marketplace=FLIPKART&q=smart+phones&store=tyy%2F4io&srno=s_39_919&otracker=search&fm=organic&iid=9e9234f3-76c9-4413-ae63-c0ef8d6f0931.MOBHNQZKM9HF5HCC.SEARCH&ppt=None&ppn=None&ssid=iag8w2bsps0000001790412370733&qH=a5594894156db043&ov_redirect=true,2026-09-26
920,"Infinix HOT 70 Pro 5G (Dive Blue, 128 GB)",Infinix,27999,36999,24% off,4.3,19,1,8 GB RAM,128 GB ROM,6000 mAh Battery,Dimensity 7100 Processor,17.17 cm (6.76 inch) Full HD+ Display,50MP Rear Camera | 8MP Front Camera,,https://www.flipkart.com/infinix-hot-70-pro-5g-dive-blue-128-gb/p/itmc910721eaed88?pid=MOBHPSCUU8S3KVNJ&lid=LSTMOBHPSCUU8S3KVNJHDVP7F&marketplace=FLIPKART&q=smart+phones&store=tyy%2F4io&srno=s_39_920&otracker=search&fm=organic&iid=9e9234f3-76c9-4413-ae63-c0ef8d6f0931.MOBHPSCUU8S3KVNJ.SEARCH&ppt=None&ppn=None&ssid=iag8w2bsps0000001790412370733&qH=a5594894156db043&ov_redirect=true,2026-09-26
921,"Infinix HOT 70 Pro 5G (Mirage Green, 128 GB)",Infinix,27999,36999,24% off,4.3,19,1,8 GB RAM,128 GB ROM,6000 mAh Battery,Dimensity 7100 Processor,17.17 cm (6.76 inch) Full HD+ Display,50MP Rear Camera | 8MP Front Camera,,https://www.flipkart.com/infinix-hot-70-pro-5g-mirage-green-128-gb/p/itmc910721eaed88?pid=MOBHPSCUGRCS8Z7A&lid=LSTMOBHPSCUGRCS8Z7AYJGZUG&marketplace=FLIPKART&q=smart+phones&store=tyy%2F4io&srno=s_39_921&otracker=search&fm=organic&iid=9e9234f3-76c9-4413-ae63-c0ef8d6f0931.MOBHPSCUGRCS8Z7A.SEARCH&ppt=None&ppn=None&ssid=iag8w2bsps0000001790412370733&qH=a5594894156db043&ov_redirect=true,2026-09-26
922,"realme C83 5G Charger in the Box (Sprouting Green, 64 GB)",realme,19999,24999,20% off,4.1,278,16,4 GB RAM,64 GB ROM,7000 mAh Battery,Dimensity 6300 Processor,17.27 cm (6.8 inch) HD+ Display,13MP Rear Camera | 5MP Front Camera,,https://www.flipkart.com/realme-c83-5g-charger-box-sprouting-green-64-gb/p/itmb4a4e954a6e53?pid=MOBHZW33PZSGFJWT&lid=LSTMOBHZW33PZSGFJWTP7SPLF&marketplace=FLIPKART&q=smart+phones&store=tyy%2F4io&srno=s_39_922&otracker=search&fm=organic&iid=9e9234f3-76c9-4413-ae63-c0ef8d6f0931.MOBHZW33PZSGFJWT.SEARCH&ppt=None&ppn=None&ssid=iag8w2bsps0000001790412370733&qH=a5594894156db043&ov_redirect=true,2026-09-26
923,"realme C83 5G Charger in the Box (Blooming Purple, 64 GB)",realme,19999,24999,20% off,4.1,278,16,4 GB RAM,64 GB ROM,7000 mAh Battery,Dimensity 6300 Processor,17.27 cm (6.8 inch) HD+ Display,13MP Rear Camera | 5MP Front Camera,,https://www.flipkart.com/realme-c83-5g-charger-box-blooming-purple-64-gb/p/itmb4a4e954a6e53?pid=MOBHZW33WGZBVQU8&lid=LSTMOBHZW33WGZBVQU8GD6E1V&marketplace=FLIPKART&q=smart+phones&store=tyy%2F4io&srno=s_39_923&otracker=search&fm=organic&iid=9e9234f3-76c9-4413-ae63-c0ef8d6f0931.MOBHZW33WGZBVQU8.SEARCH&ppt=None&ppn=None&ssid=iag8w2bsps0000001790412370733&qH=a5594894156db043&ov_redirect=true,2026-09-26
924,"OPPO Reno16c 5G (Starry White, 256 GB)",OPPO,57999,79999,27% off,4.5,478,104,8 GB RAM,256 GB ROM,7000 mAh lithium-ion polymer Battery,Dimensity 7300 Processor,16.69 cm (6.57 inch) Full HD+ Display,50MP + 8MP + 50MP | 50MP Front Camera,,https://www.flipkart.com/oppo-reno16c-5g-starry-white-256-gb/p/itm11564d55ef044?pid=MOBHZMBRUYMZCNR9&lid=LSTMOBHZMBRUYMZCNR91FMMUQ&marketplace=FLIPKART&q=smart+phones&store=tyy%2F4io&srno=s_39_924&otracker=search&fm=organic&iid=9e9234f3-76c9-4413-ae63-c0ef8d6f0931.MOBHZMBRUYMZCNR9.SEARCH&ppt=None&ppn=None&ssid=iag8w2bsps0000001790412370733&qH=a5594894156db043&ov_redirect=true,2026-09-26
925,"OPPO A6s 5G (Aurora Gold, 128 GB)",OPPO,24999,27999,10% off,4.6,22,1,4 GB RAM,128 GB ROM,6500 mAh Battery,Dimensity 6300 Processor,17.14 cm (6.75 inch) HD+ Display,50MP + 2MP | 5MP Front Camera,,https://www.flipkart.com/oppo-a6s-5g-aurora-gold-128-gb/p/itm38a625ac1d02e?pid=MOBHHYBWA6KCZWUT&lid=LSTMOBHHYBWA6KCZWUTJLMMHD&marketplace=FLIPKART&q=smart+phones&store=tyy%2F4io&srno=s_39_925&otracker=search&fm=organic&iid=9e9234f3-76c9-4413-ae63-c0ef8d6f0931.MOBHHYBWA6KCZWUT.SEARCH&ppt=None&ppn=None&ssid=iag8w2bsps0000001790412370733&qH=a5594894156db043&ov_redirect=true,2026-09-26
926,"Samsung Galaxy S25 Ultra 5G (Titanium Jetblack, 256 GB)",Samsung,98899,129999,23% off,4.6,"4,185",449,12 GB RAM,256 GB ROM,5000 mAh Battery,8 Elite for Galaxy Processor,17.53 cm (6.9 inch) Quad HD+ Display,200MP Rear Camera,,https://www.flipkart.com/samsung-galaxy-s25-ultra-5g-titanium-jetblack-256-gb/p/itm6ba9f7118db11?pid=MOBHQ2GVHADQPCNT&lid=LSTMOBHQ2GVHADQPCNT3UHOME&marketplace=FLIPKART&q=smart+phones&store=tyy%2F4io&srno=s_39_926&otracker=search&fm=organic&iid=9e9234f3-76c9-4413-ae63-c0ef8d6f0931.MOBHQ2GVHADQPCNT.SEARCH&ppt=None&ppn=None&ssid=iag8w2bsps0000001790412370733&qH=a5594894156db043&ov_redirect=true,2026-09-26
927,"Tecno Spark 50 5G (Ink Black, 128 GB)",Tecno,19999,27999,28% off,3.7,134,19,4 GB RAM,128 GB ROM,6500 mAh Lithium Polymer Battery,Dimensity 6400 Processor,17.22 cm (6.78 inch) Display,50MP Rear Camera | 8MP Front Camera,,https://www.flipkart.com/tecno-spark-50-5g-ink-black-128-gb/p/itmb3923bf4ff9a6?pid=MOBHHH5TXA8SA2ST&lid=LSTMOBHHH5TXA8SA2ST0XCQDI&marketplace=FLIPKART&q=smart+phones&store=tyy%2F4io&srno=s_39_927&otracker=search&fm=organic&iid=9e9234f3-76c9-4413-ae63-c0ef8d6f0931.MOBHHH5TXA8SA2ST.SEARCH&ppt=None&ppn=None&ssid=iag8w2bsps0000001790412370733&qH=a5594894156db043&ov_redirect=true,2026-09-26
928,"vivo V70 Elite (Passion Red 2026, 256 GB)",vivo,66999,79999,16% off,4.5,"1,092",129,8 GB RAM,256 GB ROM,6500 mAh Li-ion battery Battery,Snapdragon 8s Gen 3 Processor,16.74 cm (6.59 inches) Full HD+ AMOLED Display,50MP + 50MP + 8MP | 50MP Front Camera,,https://www.flipkart.com/vivo-v70-elite-passion-red-2026-256-gb/p/itmf8e28e33a9cd0?pid=MOBHZFFHG4XGQQJF&lid=LSTMOBHZFFHG4XGQQJFYWQHA8&marketplace=FLIPKART&q=smart+phones&store=tyy%2F4io&srno=s_39_928&otracker=search&fm=organic&iid=9e9234f3-76c9-4413-ae63-c0ef8d6f0931.MOBHZFFHG4XGQQJF.SEARCH&ppt=None&ppn=None&ssid=iag8w2bsps0000001790412370733&qH=a5594894156db043&ov_redirect=true,2026-09-26
929,"Ai+ Pulse 2 (Purple, 128 GB)",Ai+,11999,,,3.7,"9,801",920,6 GB RAM,128 GB ROM,6000 mAh Battery,T7250 Processor,17.13 cm (6.745 inch) HD+ Display,50MP Rear Camera | 8MP Front Camera,,https://www.flipkart.com/ai-pulse-2-purple-128-gb/p/itme2f16e3250c0c?pid=MOBHKHPYU6PB9BJR&lid=LSTMOBHKHPYU6PB9BJRTZH163&marketplace=FLIPKART&q=smart+phones&store=tyy%2F4io&srno=s_39_929&otracker=search&fm=organic&iid=9e9234f3-76c9-4413-ae63-c0ef8d6f0931.MOBHKHPYU6PB9BJR.SEARCH&ppt=None&ppn=None&ssid=iag8w2bsps0000001790412370733&qH=a5594894156db043&ov_redirect=true,2026-09-26
930,"realme C83 5G Charger in the Box (Blooming Purple, 128 GB)",realme,23999,27999,14% off,4.1,278,16,4 GB RAM,128 GB ROM,7000 mAh Battery,Dimensity 6300 Processor,17.27 cm (6.8 inch) HD+ Display,13MP Rear Camera | 5MP Front Camera,,https://www.flipkart.com/realme-c83-5g-charger-box-blooming-purple-128-gb/p/itmb4a4e954a6e53?pid=MOBHZW33BNFKBR9X&lid=LSTMOBHZW33BNFKBR9XITWJEV&marketplace=FLIPKART&q=smart+phones&store=tyy%2F4io&srno=s_39_930&otracker=search&fm=organic&iid=9e9234f3-76c9-4413-ae63-c0ef8d6f0931.MOBHZW33BNFKBR9X.SEARCH&ppt=None&ppn=None&ssid=iag8w2bsps0000001790412370733&qH=a5594894156db043&ov_redirect=true,2026-09-26
931,"OPPO A6s 5G (Plum Purple, 128 GB)",OPPO,27999,29999,6% off,4.4,30,1,6 GB RAM,128 GB ROM,6500 mAh Battery,Dimensity 6300 Processor,17.14 cm (6.75 inch) HD+ Display,50MP + 2MP | 5MP Front Camera,,https://www.flipkart.com/oppo-a6s-5g-plum-purple-128-gb/p/itm38a625ac1d02e?pid=MOBHHYBWBEQKGGU2&lid=LSTMOBHHYBWBEQKGGU2RPOFEI&marketplace=FLIPKART&q=smart+phones&store=tyy%2F4io&srno=s_39_931&otracker=search&fm=organic&iid=9e9234f3-76c9-4413-ae63-c0ef8d6f0931.MOBHHYBWBEQKGGU2.SEARCH&ppt=None&ppn=None&ssid=iag8w2bsps0000001790412370733&qH=a5594894156db043&ov_redirect=true,2026-09-26
932,"BlackZone BZ S26 ULTRA+ (White, 128 GB)",BlackZone,14999,16999,11% off,,,,12 GB RAM,128 GB ROM,5000 mAh Battery,,17.27 cm (6.8 inch) Display,32MP Rear Camera,,https://www.flipkart.com/blackzone-bz-s26-ultra-white-128-gb/p/itm09e55da8d665b?pid=MOBHQHM6XG2BB273&lid=LSTMOBHQHM6XG2BB2738UAZK9&marketplace=FLIPKART&q=smart+phones&store=tyy%2F4io&srno=s_39_932&otracker=search&fm=organic&iid=9e9234f3-76c9-4413-ae63-c0ef8d6f0931.MOBHQHM6XG2BB273.SEARCH&ppt=None&ppn=None&ssid=iag8w2bsps0000001790412370733&qH=a5594894156db043&ov_redirect=true,2026-09-26
933,"Samsung Galaxy A06 5G (Light Green, 128 GB)",Samsung,16999,23999,29% off,4.1,"4,946",370,4 GB RAM,128 GB ROM,5000 mAh Li-ion Battery,Dimensity 6300 Processor,17.02 cm (6.7 inch) HD+ Display,50MP + 2MP | 8MP Front Camera,,https://www.flipkart.com/samsung-galaxy-a06-5g-light-green-128-gb/p/itm7ec0a3866eba9?pid=MOBH9GQKZF6ZFVGB&lid=LSTMOBH9GQKZF6ZFVGBBYGT2V&marketplace=FLIPKART&q=smart+phones&store=tyy%2F4io&srno=s_39_933&otracker=search&fm=organic&iid=9e9234f3-76c9-4413-ae63-c0ef8d6f0931.MOBH9GQKZF6ZFVGB.SEARCH&ppt=None&ppn=None&ssid=iag8w2bsps0000001790412370733&qH=a5594894156db043&ov_redirect=true,2026-09-26
934,"IQOO Z11X 5G (‎Prismatic Green, 128 GB)",IQOO,28000,28999,3% off,4.3,"1,176",91,6 GB RAM,128 GB ROM,7200 mAh Battery,MediaTek Dimensity 7400-Turbo Processor,17.17 cm (6.76 inch) HD+ Display,50MP + 50MP | 32MP Dual Front Camera,,https://www.flipkart.com/iqoo-z11x-5g-prismatic-green-128-gb/p/itm8278ba39f21e3?pid=MOBHHHHGXWGFFYPM&lid=LSTMOBHHHHGXWGFFYPMQNO0HC&marketplace=FLIPKART&q=smart+phones&store=tyy%2F4io&srno=s_39_934&otracker=search&fm=organic&iid=9e9234f3-76c9-4413-ae63-c0ef8d6f0931.MOBHHHHGXWGFFYPM.SEARCH&ppt=None&ppn=None&ssid=iag8w2bsps0000001790412370733&qH=a5594894156db043&ov_redirect=true,2026-09-26
935,"MOTOROLA g06 power (Pantone Tendril, 64 GB)",MOTOROLA,15999,19999,20% off,4.2,"23,993","1,670",4 GB RAM,64 GB ROM,7000 mAh Battery,Helio G81 Processor,17.48 cm (6.88 inch) HD+ Display,50MP Rear Camera | 8MP Front Camera,,https://www.flipkart.com/motorola-g06-power-pantone-tendril-64-gb/p/itm2f1ca967879c9?pid=MOBHN973UQNPMAAN&lid=LSTMOBHN973UQNPMAANZHPTVN&marketplace=FLIPKART&q=smart+phones&store=tyy%2F4io&srno=s_39_935&otracker=search&fm=organic&iid=9e9234f3-76c9-4413-ae63-c0ef8d6f0931.MOBHN973UQNPMAAN.SEARCH&ppt=None&ppn=None&ssid=iag8w2bsps0000001790412370733&qH=a5594894156db043&ov_redirect=true,2026-09-26
936,"vivo X300 FE (Noir Black, 256 GB)",vivo,89999,109999,18% off,4.4,24,1,8 GB RAM,256 GB ROM,6500 mAh Battery,Snapdragon 8 Gen 5 Processor,16.03 cm (6.31 inch) Full HD+ AMOLED Display,50MP + 50MP + 8MP | 50MP Front Camera,,https://www.flipkart.com/vivo-x300-fe-noir-black-256-gb/p/itm0c1929579cabb?pid=MOBHQYFNFVCHHFYC&lid=LSTMOBHQYFNFVCHHFYCV9HN3D&marketplace=FLIPKART&q=smart+phones&store=tyy%2F4io&srno=s_39_936&otracker=search&fm=organic&iid=9e9234f3-76c9-4413-ae63-c0ef8d6f0931.MOBHQYFNFVCHHFYC.SEARCH&ppt=None&ppn=None&ssid=iag8w2bsps0000001790412370733&qH=a5594894156db043&ov_redirect=true,2026-09-26
937,"OPPO Reno15 Pro Mini 5G (Cocoa Brown, 512 GB)",OPPO,64999,69999,7% off,4.6,892,117,12 GB RAM,512 GB ROM,6200 mAh Battery,Dimensity 8450 Processor,16.05 cm (6.32 inch) Full HD+ Display,,,https://www.flipkart.com/oppo-reno15-pro-mini-5g-cocoa-brown-512-gb/p/itmf83af4c98921b?pid=MOBHGZZ9HQKQSZGR&lid=LSTMOBHGZZ9HQKQSZGRAIMRPD&marketplace=FLIPKART&q=smart+phones&store=tyy%2F4io&srno=s_40_937&otracker=search&fm=organic&iid=3c4ecd5f-4c1d-4971-9626-b5eda433cb82.MOBHGZZ9HQKQSZGR.SEARCH&ppt=None&ppn=None&ssid=gtiujls9q80000001790412373572&qH=a5594894156db043&ov_redirect=true,2026-09-26
938,"Infinix HOT 70 Pro 5G (Silk Glow Purple, 128 GB)",Infinix,24999,32999,24% off,4.2,88,16,6 GB RAM,128 GB ROM,6000 mAh Battery,Dimensity 7100 Processor,17.17 cm (6.76 inch) Full HD+ Display,50MP Rear Camera | 8MP Front Camera,,https://www.flipkart.com/infinix-hot-70-pro-5g-silk-glow-purple-128-gb/p/itmc910721eaed88?pid=MOBHPSCUDGPNE32B&lid=LSTMOBHPSCUDGPNE32BDYUMSH&marketplace=FLIPKART&q=smart+phones&store=tyy%2F4io&srno=s_40_938&otracker=search&fm=organic&iid=3c4ecd5f-4c1d-4971-9626-b5eda433cb82.MOBHPSCUDGPNE32B.SEARCH&ppt=None&ppn=None&ssid=gtiujls9q80000001790412373572&qH=a5594894156db043&ov_redirect=true,2026-09-26
939,"vivo X300 FE (Lilac Purple, 512 GB)",vivo,99999,129999,23% off,4.6,427,60,12 GB RAM,512 GB ROM,6500 mAh Battery,Snapdragon 8 Gen 5 Processor,16.03 cm (6.31 inch) Full HD+ AMOLED Display,50MP + 50MP + 8MP | 50MP Front Camera,,https://www.flipkart.com/vivo-x300-fe-lilac-purple-512-gb/p/itm0c1929579cabb?pid=MOBHMKZ89GMYKBMG&lid=LSTMOBHMKZ89GMYKBMGNYB2IT&marketplace=FLIPKART&q=smart+phones&store=tyy%2F4io&srno=s_40_939&otracker=search&fm=organic&iid=3c4ecd5f-4c1d-4971-9626-b5eda433cb82.MOBHMKZ89GMYKBMG.SEARCH&ppt=None&ppn=None&ssid=gtiujls9q80000001790412373572&qH=a5594894156db043&ov_redirect=true,2026-09-26
940,"Apple iPhone Air (Sky Blue, 256 GB)",Apple,119900,,,4.5,263,27,,,,"A19 Chip, 6 Core Processor Processor",16.51 cm (6.5 inch) Super Retina XDR Display,48MP Rear Camera | 18MP Front Camera,,https://www.flipkart.com/apple-iphone-air-sky-blue-256-gb/p/itmc3f8087a2b960?pid=MOBHFN6YZ4TZ55AG&lid=LSTMOBHFN6YZ4TZ55AGYEI0CB&marketplace=FLIPKART&q=smart+phones&store=tyy%2F4io&srno=s_40_940&otracker=search&fm=organic&iid=3c4ecd5f-4c1d-4971-9626-b5eda433cb82.MOBHFN6YZ4TZ55AG.SEARCH&ppt=None&ppn=None&ssid=gtiujls9q80000001790412373572&qH=a5594894156db043&ov_redirect=true,2026-09-26
941,"vivo X300 FE (Noir Black, 512 GB)",vivo,99999,129999,23% off,4.6,427,60,12 GB RAM,512 GB ROM,6500 mAh Battery,Snapdragon 8 Gen 5 Processor,16.03 cm (6.31 inch) Full HD+ AMOLED Display,50MP + 50MP + 8MP | 50MP Front Camera,,https://www.flipkart.com/vivo-x300-fe-noir-black-512-gb/p/itm0c1929579cabb?pid=MOBHMKZ8XZA9YY3C&lid=LSTMOBHMKZ8XZA9YY3CXROSPV&marketplace=FLIPKART&q=smart+phones&store=tyy%2F4io&srno=s_40_941&otracker=search&fm=organic&iid=3c4ecd5f-4c1d-4971-9626-b5eda433cb82.MOBHMKZ8XZA9YY3C.SEARCH&ppt=None&ppn=None&ssid=gtiujls9q80000001790412373572&qH=a5594894156db043&ov_redirect=true,2026-09-26
942,"vivo X300 FE (Urban Olive, 512 GB)",vivo,99999,129999,23% off,4.6,427,60,12 GB RAM,512 GB ROM,6500 mAh Battery,Snapdragon 8 Gen 5 Processor,16.03 cm (6.31 inch) Full HD+ AMOLED Display,50MP + 50MP + 8MP | 50MP Front Camera,,https://www.flipkart.com/vivo-x300-fe-urban-olive-512-gb/p/itm0c1929579cabb?pid=MOBHMKZ8HGPZDPZK&lid=LSTMOBHMKZ8HGPZDPZKYHJF3C&marketplace=FLIPKART&q=smart+phones&store=tyy%2F4io&srno=s_40_942&otracker=search&fm=organic&iid=3c4ecd5f-4c1d-4971-9626-b5eda433cb82.MOBHMKZ8HGPZDPZK.SEARCH&ppt=None&ppn=None&ssid=gtiujls9q80000001790412373572&qH=a5594894156db043&ov_redirect=true,2026-09-26
943,"OPPO Reno16 5G (Starry White, 256 GB)",OPPO,72999,99999,27% off,4.5,69,10,12 GB RAM,256 GB ROM,6700 mAh lithium-ion polymer Battery,7 Gen 4 Processor,16.05 cm (6.32 inch) Full HD+ Display,50MP + 50MP + 50MP | 50MP Front Camera,,https://www.flipkart.com/oppo-reno16-5g-starry-white-256-gb/p/itmeedd96ac4e26f?pid=MOBHZMBRQ63HUMVQ&lid=LSTMOBHZMBRQ63HUMVQ2NXSZW&marketplace=FLIPKART&q=smart+phones&store=tyy%2F4io&srno=s_40_943&otracker=search&fm=organic&iid=3c4ecd5f-4c1d-4971-9626-b5eda433cb82.MOBHZMBRQ63HUMVQ.SEARCH&ppt=None&ppn=None&ssid=gtiujls9q80000001790412373572&qH=a5594894156db043&ov_redirect=true,2026-09-26
944,"OPPO F33 5G (Forest Green, 128 GB)",OPPO,36999,52999,30% off,4.3,169,22,8 GB RAM,128 GB ROM,7000 mAh lithium-ion polymer Battery,Dimensity 6360 MAX Processor,16.69 cm (6.57 inch) Full HD+ AMOLED Display,50MP + 2MP | 16MP Front Camera,,https://www.flipkart.com/oppo-f33-5g-forest-green-128-gb/p/itm8c5d4a65602fd?pid=MOBHM48FAG5NJ2VJ&lid=LSTMOBHM48FAG5NJ2VJ6EHHZM&marketplace=FLIPKART&q=smart+phones&store=tyy%2F4io&srno=s_40_944&otracker=search&fm=organic&iid=3c4ecd5f-4c1d-4971-9626-b5eda433cb82.MOBHM48FAG5NJ2VJ.SEARCH&ppt=None&ppn=None&ssid=gtiujls9q80000001790412373572&qH=a5594894156db043&ov_redirect=true,2026-09-26
945,"REDMI 15A (Amaze Purple, 64 GB)",REDMI,16493,27999,41% off,3.8,785,70,4 GB RAM,64 GB ROM,6300 mAh Lithium-Ion Polymer Battery,T8300 Processor,17.53 cm (6.9 inch) Display,32MP Rear Camera | 8MP Front Camera,,https://www.flipkart.com/redmi-15a-amaze-purple-64-gb/p/itmaedd1b81f94d7?pid=MOBHPDZDWGG48ZWK&lid=LSTMOBHPDZDWGG48ZWKGVCZ9Y&marketplace=FLIPKART&q=smart+phones&store=tyy%2F4io&srno=s_40_945&otracker=search&fm=organic&iid=3c4ecd5f-4c1d-4971-9626-b5eda433cb82.MOBHPDZDWGG48ZWK.SEARCH&ppt=None&ppn=None&ssid=gtiujls9q80000001790412373572&qH=a5594894156db043&ov_redirect=true,2026-09-26
946,"Samsung M47 5G (Rogue Red, 128 GB)",Samsung,29436,37999,22% off,4.1,105,16,6 GB RAM,128 GB ROM,6000 mAh Battery,,16.94 cm (6.67 inch) Display,50MP Rear Camera,,https://www.flipkart.com/samsung-m47-5g-rogue-red-128-gb/p/itmab3bf5b70cbf3?pid=MOBHZW9QS3P9H8MU&lid=LSTMOBHZW9QS3P9H8MUM35LUR&marketplace=FLIPKART&q=smart+phones&store=tyy%2F4io&srno=s_40_946&otracker=search&fm=organic&iid=3c4ecd5f-4c1d-4971-9626-b5eda433cb82.MOBHZW9QS3P9H8MU.SEARCH&ppt=None&ppn=None&ssid=gtiujls9q80000001790412373572&qH=a5594894156db043&ov_redirect=true,2026-09-26
947,"Tecno Spark 50 5G (Mint Green, 128 GB)",Tecno,22999,31999,28% off,4,123,15,6 GB RAM,128 GB ROM,6500 mAh Lithium Polymer Battery,Dimensity 6400 Processor,17.22 cm (6.78 inch) Display,50MP Rear Camera | 8MP Front Camera,,https://www.flipkart.com/tecno-spark-50-5g-mint-green-128-gb/p/itmb3923bf4ff9a6?pid=MOBHHH5TPTZJJESV&lid=LSTMOBHHH5TPTZJJESVLBOIO3&marketplace=FLIPKART&q=smart+phones&store=tyy%2F4io&srno=s_40_947&otracker=search&fm=organic&iid=3c4ecd5f-4c1d-4971-9626-b5eda433cb82.MOBHHH5TPTZJJESV.SEARCH&ppt=None&ppn=None&ssid=gtiujls9q80000001790412373572&qH=a5594894156db043&ov_redirect=true,2026-09-26
948,"Tecno Spark 50 5G (Ink Black, 128 GB)",Tecno,22999,31999,28% off,4,123,15,6 GB RAM,128 GB ROM,6500 mAh Lithium Polymer Battery,Dimensity 6400 Processor,17.22 cm (6.78 inch) Display,50MP Rear Camera | 8MP Front Camera,,https://www.flipkart.com/tecno-spark-50-5g-ink-black-128-gb/p/itmb3923bf4ff9a6?pid=MOBHHH5TTKP7QEEA&lid=LSTMOBHHH5TTKP7QEEAMQCYO2&marketplace=FLIPKART&q=smart+phones&store=tyy%2F4io&srno=s_40_948&otracker=search&fm=organic&iid=3c4ecd5f-4c1d-4971-9626-b5eda433cb82.MOBHHH5TTKP7QEEA.SEARCH&ppt=None&ppn=None&ssid=gtiujls9q80000001790412373572&qH=a5594894156db043&ov_redirect=true,2026-09-26
949,"vivo Y21 5G (Mystic Blue, 64 GB)",vivo,20999,44999,53% off,4.2,180,15,4 GB RAM,64 GB ROM,6500 mAh Li-ion Battery,Dimensity 6300 Processor,17.12 cm (6.74 inch) HD+ Display,50MP + 0.08MP | 5MP Front Camera,,https://www.flipkart.com/vivo-y21-5g-mystic-blue-64-gb/p/itm652c2ea2dcf34?pid=MOBHZF4TRHC7HSFN&lid=LSTMOBHZF4TRHC7HSFNRCFLNA&marketplace=FLIPKART&q=smart+phones&store=tyy%2F4io&srno=s_40_949&otracker=search&fm=organic&iid=3c4ecd5f-4c1d-4971-9626-b5eda433cb82.MOBHZF4TRHC7HSFN.SEARCH&ppt=None&ppn=None&ssid=gtiujls9q80000001790412373572&qH=a5594894156db043&ov_redirect=true,2026-09-26
950,"vivo Y21 5G (Straw Gold, 64 GB)",vivo,20999,44999,53% off,4.2,180,15,4 GB RAM,64 GB ROM,6500 mAh Li-ion Battery,Dimensity 6300 Processor,17.12 cm (6.74 inch) HD+ Display,50MP + 0.08MP | 5MP Front Camera,,https://www.flipkart.com/vivo-y21-5g-straw-gold-64-gb/p/itm652c2ea2dcf34?pid=MOBHZF4TQVBS8EAG&lid=LSTMOBHZF4TQVBS8EAGSEMZSD&marketplace=FLIPKART&q=smart+phones&store=tyy%2F4io&srno=s_40_950&otracker=search&fm=organic&iid=3c4ecd5f-4c1d-4971-9626-b5eda433cb82.MOBHZF4TQVBS8EAG.SEARCH&ppt=None&ppn=None&ssid=gtiujls9q80000001790412373572&qH=a5594894156db043&ov_redirect=true,2026-09-26
951,"vivo X300 FE (Noir Black, 256 GB)",vivo,94999,119999,20% off,4.6,427,60,12 GB RAM,256 GB ROM,6500 mAh Battery,Snapdragon 8 Gen 5 Processor,16.03 cm (6.31 inch) Full HD+ AMOLED Display,50MP + 50MP + 8MP | 50MP Front Camera,,https://www.flipkart.com/vivo-x300-fe-noir-black-256-gb/p/itm0c1929579cabb?pid=MOBHMKZ8QBZCHJHZ&lid=LSTMOBHMKZ8QBZCHJHZ1Z1QPL&marketplace=FLIPKART&q=smart+phones&store=tyy%2F4io&srno=s_40_951&otracker=search&fm=organic&iid=3c4ecd5f-4c1d-4971-9626-b5eda433cb82.MOBHMKZ8QBZCHJHZ.SEARCH&ppt=None&ppn=None&ssid=gtiujls9q80000001790412373572&qH=a5594894156db043&ov_redirect=true,2026-09-26
952,"vivo X300 FE (Lilac Purple, 256 GB)",vivo,94999,119999,20% off,4.6,427,60,12 GB RAM,256 GB ROM,6500 mAh Battery,Snapdragon 8 Gen 5 Processor,16.03 cm (6.31 inch) Full HD+ AMOLED Display,50MP + 50MP + 8MP | 50MP Front Camera,,https://www.flipkart.com/vivo-x300-fe-lilac-purple-256-gb/p/itm0c1929579cabb?pid=MOBHMKZ8CGVGTRBF&lid=LSTMOBHMKZ8CGVGTRBFGM9PKT&marketplace=FLIPKART&q=smart+phones&store=tyy%2F4io&srno=s_40_952&otracker=search&fm=organic&iid=3c4ecd5f-4c1d-4971-9626-b5eda433cb82.MOBHMKZ8CGVGTRBF.SEARCH&ppt=None&ppn=None&ssid=gtiujls9q80000001790412373572&qH=a5594894156db043&ov_redirect=true,2026-09-26
953,"vivo X300 FE (Urban Olive, 256 GB)",vivo,94999,119999,20% off,4.6,427,60,12 GB RAM,256 GB ROM,6500 mAh Battery,Snapdragon 8 Gen 5 Processor,16.03 cm (6.31 inch) Full HD+ AMOLED Display,50MP + 50MP + 8MP | 50MP Front Camera,,https://www.flipkart.com/vivo-x300-fe-urban-olive-256-gb/p/itm0c1929579cabb?pid=MOBHMKZ8KFFYHSZ5&lid=LSTMOBHMKZ8KFFYHSZ5T0TP2Y&marketplace=FLIPKART&q=smart+phones&store=tyy%2F4io&srno=s_40_953&otracker=search&fm=organic&iid=3c4ecd5f-4c1d-4971-9626-b5eda433cb82.MOBHMKZ8KFFYHSZ5.SEARCH&ppt=None&ppn=None&ssid=gtiujls9q80000001790412373572&qH=a5594894156db043&ov_redirect=true,2026-09-26
954,"vivo Y21 5G (Mystic Blue, 128 GB)",vivo,23999,49999,52% off,4.2,180,15,4 GB RAM,128 GB ROM,6500 mAh Li-ion Battery,Dimensity 6300 Processor,17.12 cm (6.74 inch) HD+ Display,50MP + 0.08MP | 5MP Front Camera,,https://www.flipkart.com/vivo-y21-5g-mystic-blue-128-gb/p/itm652c2ea2dcf34?pid=MOBHZF4T5GXQKTAA&lid=LSTMOBHZF4T5GXQKTAAYRJDKG&marketplace=FLIPKART&q=smart+phones&store=tyy%2F4io&srno=s_40_954&otracker=search&fm=organic&iid=3c4ecd5f-4c1d-4971-9626-b5eda433cb82.MOBHZF4T5GXQKTAA.SEARCH&ppt=None&ppn=None&ssid=gtiujls9q80000001790412373572&qH=a5594894156db043&ov_redirect=true,2026-09-26
955,"OPPO Reno16 5G (Twilight Violet, 256 GB)",OPPO,66999,89999,25% off,4.5,182,43,8 GB RAM,256 GB ROM,6700 mAh lithium-ion polymer Battery,7 Gen 4 Processor,16.05 cm (6.32 inch) Full HD+ Display,50MP + 50MP + 50MP | 50MP Front Camera,,https://www.flipkart.com/oppo-reno16-5g-twilight-violet-256-gb/p/itmeedd96ac4e26f?pid=MOBHZMBRUXGP4JEU&lid=LSTMOBHZMBRUXGP4JEUOKY8XA&marketplace=FLIPKART&q=smart+phones&store=tyy%2F4io&srno=s_40_955&otracker=search&fm=organic&iid=3c4ecd5f-4c1d-4971-9626-b5eda433cb82.MOBHZMBRUXGP4JEU.SEARCH&ppt=None&ppn=None&ssid=gtiujls9q80000001790412373572&qH=a5594894156db043&ov_redirect=true,2026-09-26
956,"Ai+ Pulse 2 (Pink, 128 GB)",Ai+,11499,15499,25% off,4.1,"12,833",906,4 GB RAM,128 GB ROM,6000 mAh Battery,T7250 Processor,17.13 cm (6.745 inch) HD+ Display,50MP Rear Camera | 8MP Front Camera,,https://www.flipkart.com/ai-pulse-2-pink-128-gb/p/itm982c299d0417e?pid=MOBHZPMCQGESJJDR&lid=LSTMOBHZPMCQGESJJDRIEHYZF&marketplace=FLIPKART&q=smart+phones&store=tyy%2F4io&srno=s_40_956&otracker=search&fm=organic&iid=3c4ecd5f-4c1d-4971-9626-b5eda433cb82.MOBHZPMCQGESJJDR.SEARCH&ppt=None&ppn=None&ssid=gtiujls9q80000001790412373572&qH=a5594894156db043&ov_redirect=true,2026-09-26
957,"OPPO Reno16 5G (Stellar Purple, 256 GB)",OPPO,66999,89999,25% off,4.5,182,43,8 GB RAM,256 GB ROM,6700 mAh lithium-ion polymer Battery,7 Gen 4 Processor,16.05 cm (6.32 inch) Full HD+ Display,50MP + 50MP + 50MP | 50MP Front Camera,,https://www.flipkart.com/oppo-reno16-5g-stellar-purple-256-gb/p/itmeedd96ac4e26f?pid=MOBHZMBRBETH2USJ&lid=LSTMOBHZMBRBETH2USJ49LXBG&marketplace=FLIPKART&q=smart+phones&store=tyy%2F4io&srno=s_40_957&otracker=search&fm=organic&iid=3c4ecd5f-4c1d-4971-9626-b5eda433cb82.MOBHZMBRBETH2USJ.SEARCH&ppt=None&ppn=None&ssid=gtiujls9q80000001790412373572&qH=a5594894156db043&ov_redirect=true,2026-09-26
958,"OPPO Reno16 5G (Starry White (BABYMONSTER Limited Gift Box), 256 GB)",OPPO,66999,89999,25% off,4.5,182,43,8 GB RAM,256 GB ROM,6700 mAh lithium-ion polymer Battery,7 Gen 4 Processor,16.05 cm (6.32 inch) Full HD+ Display,50MP + 50MP + 50MP | 50MP Front Camera,,https://www.flipkart.com/oppo-reno16-5g-starry-white-babymonster-limited-gift-box-256-gb/p/itmeedd96ac4e26f?pid=MOBHPHM8TMVQCEZB&lid=LSTMOBHPHM8TMVQCEZBBP7TFE&marketplace=FLIPKART&q=smart+phones&store=tyy%2F4io&srno=s_40_958&otracker=search&fm=organic&iid=3c4ecd5f-4c1d-4971-9626-b5eda433cb82.MOBHPHM8TMVQCEZB.SEARCH&ppt=None&ppn=None&ssid=gtiujls9q80000001790412373572&qH=a5594894156db043&ov_redirect=true,2026-09-26
959,"OPPO Reno16 5G (Starry White, 256 GB)",OPPO,66999,89999,25% off,4.5,182,43,8 GB RAM,256 GB ROM,6700 mAh lithium-ion polymer Battery,7 Gen 4 Processor,16.05 cm (6.32 inch) Full HD+ Display,50MP + 50MP + 50MP | 50MP Front Camera,,https://www.flipkart.com/oppo-reno16-5g-starry-white-256-gb/p/itmeedd96ac4e26f?pid=MOBHZMBRFYYSGE2Y&lid=LSTMOBHZMBRFYYSGE2YFMFUAF&marketplace=FLIPKART&q=smart+phones&store=tyy%2F4io&srno=s_40_959&otracker=search&fm=organic&iid=3c4ecd5f-4c1d-4971-9626-b5eda433cb82.MOBHZMBRFYYSGE2Y.SEARCH&ppt=None&ppn=None&ssid=gtiujls9q80000001790412373572&qH=a5594894156db043&ov_redirect=true,2026-09-26
960,"vivo Y21 5G (Mystic Blue, 128 GB)",vivo,27999,54999,49% off,4.4,194,19,6 GB RAM,128 GB ROM,6500 mAh Li-ion Battery,Dimensity 6300 Processor,17.12 cm (6.74 inch) HD+ Display,50MP + 0.08MP | 5MP Front Camera,,https://www.flipkart.com/vivo-y21-5g-mystic-blue-128-gb/p/itm652c2ea2dcf34?pid=MOBHZF4TYHZ4NGRR&lid=LSTMOBHZF4TYHZ4NGRRIMPW1L&marketplace=FLIPKART&q=smart+phones&store=tyy%2F4io&srno=s_40_960&otracker=search&fm=organic&iid=3c4ecd5f-4c1d-4971-9626-b5eda433cb82.MOBHZF4TYHZ4NGRR.SEARCH&ppt=None&ppn=None&ssid=gtiujls9q80000001790412373572&qH=a5594894156db043&ov_redirect=true,2026-09-26
961,"vivo Y21 5G (Mystic Blue, 128 GB)",vivo,23999,49999,52% off,4.2,180,15,4 GB RAM,128 GB ROM,6500 mAh Li-ion Battery,Dimensity 6300 Processor,17.12 cm (6.74 inch) HD+ Display,50MP + 0.08MP | 5MP Front Camera,,https://www.flipkart.com/vivo-y21-5g-mystic-blue-128-gb/p/itm652c2ea2dcf34?pid=MOBHZF4T5GXQKTAA&lid=LSTMOBHZF4T5GXQKTAAYRJDKG&marketplace=FLIPKART&q=smart+phones&store=tyy%2F4io&srno=s_41_961&otracker=search&fm=organic&iid=92e4fe8e-554c-4324-8880-94fd97b49326.MOBHZF4T5GXQKTAA.SEARCH&ppt=None&ppn=None&ssid=7ho4ztma4g0000001790412376407&qH=a5594894156db043&ov_redirect=true,2026-09-26
962,"OPPO Reno16 5G (Starry White, 256 GB)",OPPO,66999,89999,25% off,4.5,182,43,8 GB RAM,256 GB ROM,6700 mAh lithium-ion polymer Battery,7 Gen 4 Processor,16.05 cm (6.32 inch) Full HD+ Display,50MP + 50MP + 50MP | 50MP Front Camera,,https://www.flipkart.com/oppo-reno16-5g-starry-white-256-gb/p/itmeedd96ac4e26f?pid=MOBHZMBRFYYSGE2Y&lid=LSTMOBHZMBRFYYSGE2YFMFUAF&marketplace=FLIPKART&q=smart+phones&store=tyy%2F4io&srno=s_41_962&otracker=search&fm=organic&iid=92e4fe8e-554c-4324-8880-94fd97b49326.MOBHZMBRFYYSGE2Y.SEARCH&ppt=None&ppn=None&ssid=7ho4ztma4g0000001790412376407&qH=a5594894156db043&ov_redirect=true,2026-09-26
963,"OPPO Reno16 5G (Stellar Purple, 256 GB)",OPPO,66999,89999,25% off,4.5,182,43,8 GB RAM,256 GB ROM,6700 mAh lithium-ion polymer Battery,7 Gen 4 Processor,16.05 cm (6.32 inch) Full HD+ Display,50MP + 50MP + 50MP | 50MP Front Camera,,https://www.flipkart.com/oppo-reno16-5g-stellar-purple-256-gb/p/itmeedd96ac4e26f?pid=MOBHZMBRBETH2USJ&lid=LSTMOBHZMBRBETH2USJ49LXBG&marketplace=FLIPKART&q=smart+phones&store=tyy%2F4io&srno=s_41_963&otracker=search&fm=organic&iid=92e4fe8e-554c-4324-8880-94fd97b49326.MOBHZMBRBETH2USJ.SEARCH&ppt=None&ppn=None&ssid=7ho4ztma4g0000001790412376407&qH=a5594894156db043&ov_redirect=true,2026-09-26
964,"Ai+ Pulse 2 (Pink, 128 GB)",Ai+,11499,15499,25% off,4.1,"12,833",906,4 GB RAM,128 GB ROM,6000 mAh Battery,T7250 Processor,17.13 cm (6.745 inch) HD+ Display,50MP Rear Camera | 8MP Front Camera,,https://www.flipkart.com/ai-pulse-2-pink-128-gb/p/itm982c299d0417e?pid=MOBHZPMCQGESJJDR&lid=LSTMOBHZPMCQGESJJDRIEHYZF&marketplace=FLIPKART&q=smart+phones&store=tyy%2F4io&srno=s_41_964&otracker=search&fm=organic&iid=92e4fe8e-554c-4324-8880-94fd97b49326.MOBHZPMCQGESJJDR.SEARCH&ppt=None&ppn=None&ssid=7ho4ztma4g0000001790412376407&qH=a5594894156db043&ov_redirect=true,2026-09-26
965,"OPPO Reno16 5G (Starry White (BABYMONSTER Limited Gift Box), 256 GB)",OPPO,66999,89999,25% off,4.5,182,43,8 GB RAM,256 GB ROM,6700 mAh lithium-ion polymer Battery,7 Gen 4 Processor,16.05 cm (6.32 inch) Full HD+ Display,50MP + 50MP + 50MP | 50MP Front Camera,,https://www.flipkart.com/oppo-reno16-5g-starry-white-babymonster-limited-gift-box-256-gb/p/itmeedd96ac4e26f?pid=MOBHPHM8TMVQCEZB&lid=LSTMOBHPHM8TMVQCEZBBP7TFE&marketplace=FLIPKART&q=smart+phones&store=tyy%2F4io&srno=s_41_965&otracker=search&fm=organic&iid=92e4fe8e-554c-4324-8880-94fd97b49326.MOBHPHM8TMVQCEZB.SEARCH&ppt=None&ppn=None&ssid=7ho4ztma4g0000001790412376407&qH=a5594894156db043&ov_redirect=true,2026-09-26
966,"OPPO Reno16 5G (Twilight Violet, 256 GB)",OPPO,66999,89999,25% off,4.5,182,43,8 GB RAM,256 GB ROM,6700 mAh lithium-ion polymer Battery,7 Gen 4 Processor,16.05 cm (6.32 inch) Full HD+ Display,50MP + 50MP + 50MP | 50MP Front Camera,,https://www.flipkart.com/oppo-reno16-5g-twilight-violet-256-gb/p/itmeedd96ac4e26f?pid=MOBHZMBRUXGP4JEU&lid=LSTMOBHZMBRUXGP4JEUOKY8XA&marketplace=FLIPKART&q=smart+phones&store=tyy%2F4io&srno=s_41_966&otracker=search&fm=organic&iid=92e4fe8e-554c-4324-8880-94fd97b49326.MOBHZMBRUXGP4JEU.SEARCH&ppt=None&ppn=None&ssid=7ho4ztma4g0000001790412376407&qH=a5594894156db043&ov_redirect=true,2026-09-26
967,"vivo Y21 5G (Mystic Blue, 128 GB)",vivo,27999,54999,49% off,4.4,194,19,6 GB RAM,128 GB ROM,6500 mAh Li-ion Battery,Dimensity 6300 Processor,17.12 cm (6.74 inch) HD+ Display,50MP + 0.08MP | 5MP Front Camera,,https://www.flipkart.com/vivo-y21-5g-mystic-blue-128-gb/p/itm652c2ea2dcf34?pid=MOBHZF4TYHZ4NGRR&lid=LSTMOBHZF4TYHZ4NGRRIMPW1L&marketplace=FLIPKART&q=smart+phones&store=tyy%2F4io&srno=s_41_967&otracker=search&fm=organic&iid=92e4fe8e-554c-4324-8880-94fd97b49326.MOBHZF4TYHZ4NGRR.SEARCH&ppt=None&ppn=None&ssid=7ho4ztma4g0000001790412376407&qH=a5594894156db043&ov_redirect=true,2026-09-26
968,"Google Pixel 11 Pro (Canyon, 512 GB)",Google,134999,,,4.6,29,4,16 GB RAM,512 GB ROM,4850 mAh Lithium Battery,Tensor G6 Processor,16.0 cm (6.3 inch) Super Actua Display,50MP + 48MP + 48MP | 42MP Front Camera,,https://www.flipkart.com/google-pixel-11-pro-canyon-512-gb/p/itm65df4a790aa15?pid=MOBHPHNVXEDYHHVF&lid=LSTMOBHPHNVXEDYHHVF6QMQYV&marketplace=FLIPKART&q=smart+phones&store=tyy%2F4io&srno=s_41_968&otracker=search&fm=organic&iid=92e4fe8e-554c-4324-8880-94fd97b49326.MOBHPHNVXEDYHHVF.SEARCH&ppt=None&ppn=None&ssid=7ho4ztma4g0000001790412376407&qH=a5594894156db043&ov_redirect=true,2026-09-26
969,"Samsung Galaxy A37 5G (Awesome Graygreen, 256 GB)",Samsung,49999,,,4.4,420,85,8 GB RAM,256 GB ROM,5000 mAh Li-ion Battery,Exynos 1480 Processor,17.02 cm (6.7 inch) Full HD+ Super AMOLED Display,50MP + 8MP | 12MP Front Camera,,https://www.flipkart.com/samsung-galaxy-a37-5g-awesome-graygreen-256-gb/p/itm793d1b5fe9bc5?pid=MOBHHENSRG4KNRXW&lid=LSTMOBHHENSRG4KNRXWVTFP2T&marketplace=FLIPKART&q=smart+phones&store=tyy%2F4io&srno=s_41_969&otracker=search&fm=organic&iid=92e4fe8e-554c-4324-8880-94fd97b49326.MOBHHENSRG4KNRXW.SEARCH&ppt=None&ppn=None&ssid=7ho4ztma4g0000001790412376407&qH=a5594894156db043&ov_redirect=true,2026-09-26
970,"Google Pixel 11 Pro (Obsidian, 256 GB)",Google,119999,,,4.4,65,13,12 GB RAM,256 GB ROM,4850 mAh Lithium Battery,Tensor G6 Processor,16.0 cm (6.3 inch) Super Actua Display,50MP + 48MP + 48MP | 42MP Front Camera,,https://www.flipkart.com/google-pixel-11-pro-obsidian-256-gb/p/itm43ed1a7482f41?pid=MOBHPHNVWHPZYAGY&lid=LSTMOBHPHNVWHPZYAGYO7Q4AF&marketplace=FLIPKART&q=smart+phones&store=tyy%2F4io&srno=s_41_970&otracker=search&fm=organic&iid=92e4fe8e-554c-4324-8880-94fd97b49326.MOBHPHNVWHPZYAGY.SEARCH&ppt=None&ppn=None&ssid=7ho4ztma4g0000001790412376407&qH=a5594894156db043&ov_redirect=true,2026-09-26
971,"Ai+ Pulse 2 (Black, 128 GB)",Ai+,11499,15499,25% off,4.1,"12,833",906,4 GB RAM,128 GB ROM,6000 mAh Battery,T7250 Processor,17.13 cm (6.745 inch) HD+ Display,50MP Rear Camera | 8MP Front Camera,,https://www.flipkart.com/ai-pulse-2-black-128-gb/p/itm982c299d0417e?pid=MOBHZPMCTFX3H4NM&lid=LSTMOBHZPMCTFX3H4NM0QFL7Z&marketplace=FLIPKART&q=smart+phones&store=tyy%2F4io&srno=s_41_971&otracker=search&fm=organic&iid=92e4fe8e-554c-4324-8880-94fd97b49326.MOBHZPMCTFX3H4NM.SEARCH&ppt=None&ppn=None&ssid=7ho4ztma4g0000001790412376407&qH=a5594894156db043&ov_redirect=true,2026-09-26
972,"Infinix HOT 70 Pro 5G (Dive Blue, 128 GB)",Infinix,24999,32999,24% off,4.2,88,16,6 GB RAM,128 GB ROM,6000 mAh Battery,Dimensity 7100 Processor,17.17 cm (6.76 inch) Full HD+ Display,50MP Rear Camera | 8MP Front Camera,,https://www.flipkart.com/infinix-hot-70-pro-5g-dive-blue-128-gb/p/itmc910721eaed88?pid=MOBHPSCUKEQGEGYA&lid=LSTMOBHPSCUKEQGEGYAQT1WF4&marketplace=FLIPKART&q=smart+phones&store=tyy%2F4io&srno=s_41_972&otracker=search&fm=organic&iid=92e4fe8e-554c-4324-8880-94fd97b49326.MOBHPSCUKEQGEGYA.SEARCH&ppt=None&ppn=None&ssid=7ho4ztma4g0000001790412376407&qH=a5594894156db043&ov_redirect=true,2026-09-26
973,"Infinix HOT 70 Pro 5G (Thermo Orange, 128 GB)",Infinix,24999,32999,24% off,4.2,88,16,6 GB RAM,128 GB ROM,6000 mAh Battery,Dimensity 7100 Processor,17.17 cm (6.76 inch) Full HD+ Display,50MP Rear Camera | 8MP Front Camera,,https://www.flipkart.com/infinix-hot-70-pro-5g-thermo-orange-128-gb/p/itmc910721eaed88?pid=MOBHPSCUABKHNFWM&lid=LSTMOBHPSCUABKHNFWMHN11E3&marketplace=FLIPKART&q=smart+phones&store=tyy%2F4io&srno=s_41_973&otracker=search&fm=organic&iid=92e4fe8e-554c-4324-8880-94fd97b49326.MOBHPSCUABKHNFWM.SEARCH&ppt=None&ppn=None&ssid=7ho4ztma4g0000001790412376407&qH=a5594894156db043&ov_redirect=true,2026-09-26
974,"Ai+ Nova 2 Neo 5G (Green, 64 GB)",Ai+,14999,17999,16% off,4.3,"2,278",199,4 GB RAM,64 GB ROM,6000 mAh Li-polymer Battery,Dimensity 6300 Processor,17.13 cm (6.745 inch) HD+ Display,48MP Rear Camera | 8MP Front Camera,,https://www.flipkart.com/ai-nova-2-neo-5g-green-64-gb/p/itm20abd24609ecd?pid=MOBHZ8ZMVMJTY7EF&lid=LSTMOBHZ8ZMVMJTY7EFPHE5YT&marketplace=FLIPKART&q=smart+phones&store=tyy%2F4io&srno=s_41_974&otracker=search&fm=organic&iid=92e4fe8e-554c-4324-8880-94fd97b49326.MOBHZ8ZMVMJTY7EF.SEARCH&ppt=None&ppn=None&ssid=7ho4ztma4g0000001790412376407&qH=a5594894156db043&ov_redirect=true,2026-09-26
975,"OPPO A6 Pro 5G (Aurora Gold, 128 GB)",OPPO,32999,,,4.3,235,19,8 GB RAM,128 GB ROM,7000 mAh Battery,Dimensity 6300 Processor,17.14 cm (6.75 inches) HD+ Display,,,https://www.flipkart.com/oppo-a6-pro-5g-aurora-gold-128-gb/p/itm397626a14646c?pid=MOBHHHC3GQQNNWKN&lid=LSTMOBHHHC3GQQNNWKNQ655NO&marketplace=FLIPKART&q=smart+phones&store=tyy%2F4io&srno=s_41_975&otracker=search&fm=organic&iid=92e4fe8e-554c-4324-8880-94fd97b49326.MOBHHHC3GQQNNWKN.SEARCH&ppt=None&ppn=None&ssid=7ho4ztma4g0000001790412376407&qH=a5594894156db043&ov_redirect=true,2026-09-26
976,"OPPO Reno16 5G (Twilight Violet, 256 GB)",OPPO,72999,99999,27% off,4.5,69,10,12 GB RAM,256 GB ROM,6700 mAh lithium-ion polymer Battery,7 Gen 4 Processor,16.05 cm (6.32 inch) Full HD+ Display,50MP + 50MP + 50MP | 50MP Front Camera,,https://www.flipkart.com/oppo-reno16-5g-twilight-violet-256-gb/p/itmeedd96ac4e26f?pid=MOBHZMBRFJK9WQPR&lid=LSTMOBHZMBRFJK9WQPRQGW0RD&marketplace=FLIPKART&q=smart+phones&store=tyy%2F4io&srno=s_41_976&otracker=search&fm=organic&iid=92e4fe8e-554c-4324-8880-94fd97b49326.MOBHZMBRFJK9WQPR.SEARCH&ppt=None&ppn=None&ssid=7ho4ztma4g0000001790412376407&qH=a5594894156db043&ov_redirect=true,2026-09-26
977,"realme 15x 5G (Marine Blue, 128 GB)",realme,25999,30999,16% off,4.3,"3,532",296,8 GB RAM,128 GB ROM,7000 mAh Battery,Dimensity 6300 6nm Octa-core chipset Processor,17.27 cm (6.8 inch) Display,50MP Rear Camera | 50MP Front Camera,,https://www.flipkart.com/realme-15x-5g-marine-blue-128-gb/p/itmcf22f2a57724f?pid=MOBHHY7VS6RYAUYP&lid=LSTMOBHHY7VS6RYAUYPBOVGTN&marketplace=FLIPKART&q=smart+phones&store=tyy%2F4io&srno=s_41_977&otracker=search&fm=organic&iid=92e4fe8e-554c-4324-8880-94fd97b49326.MOBHHY7VS6RYAUYP.SEARCH&ppt=None&ppn=None&ssid=7ho4ztma4g0000001790412376407&qH=a5594894156db043&ov_redirect=true,2026-09-26
978,"vivo X300 FE (Lilac Purple, 256 GB)",vivo,89999,109999,18% off,4.4,24,1,8 GB RAM,256 GB ROM,6500 mAh Battery,Snapdragon 8 Gen 5 Processor,16.03 cm (6.31 inch) Full HD+ AMOLED Display,50MP + 50MP + 8MP | 50MP Front Camera,,https://www.flipkart.com/vivo-x300-fe-lilac-purple-256-gb/p/itm0c1929579cabb?pid=MOBHQYFNKHC7JFDZ&lid=LSTMOBHQYFNKHC7JFDZF2BIQR&marketplace=FLIPKART&q=smart+phones&store=tyy%2F4io&srno=s_41_978&otracker=search&fm=organic&iid=92e4fe8e-554c-4324-8880-94fd97b49326.MOBHQYFNKHC7JFDZ.SEARCH&ppt=None&ppn=None&ssid=7ho4ztma4g0000001790412376407&qH=a5594894156db043&ov_redirect=true,2026-09-26
979,"vivo X300 FE (Urban Olive, 256 GB)",vivo,89999,109999,18% off,4.4,24,1,8 GB RAM,256 GB ROM,6500 mAh Battery,Snapdragon 8 Gen 5 Processor,16.03 cm (6.31 inch) Full HD+ AMOLED Display,50MP + 50MP + 8MP | 50MP Front Camera,,https://www.flipkart.com/vivo-x300-fe-urban-olive-256-gb/p/itm0c1929579cabb?pid=MOBHQYFNGEVZV3VK&lid=LSTMOBHQYFNGEVZV3VKQZKP1O&marketplace=FLIPKART&q=smart+phones&store=tyy%2F4io&srno=s_41_979&otracker=search&fm=organic&iid=92e4fe8e-554c-4324-8880-94fd97b49326.MOBHQYFNGEVZV3VK.SEARCH&ppt=None&ppn=None&ssid=7ho4ztma4g0000001790412376407&qH=a5594894156db043&ov_redirect=true,2026-09-26
980,"Infinix HOT 70 Pro 5G (Silk Glow Purple, 128 GB)",Infinix,27999,36999,24% off,4.3,19,1,8 GB RAM,128 GB ROM,6000 mAh Battery,Dimensity 7100 Processor,17.17 cm (6.76 inch) Full HD+ Display,50MP Rear Camera | 8MP Front Camera,,https://www.flipkart.com/infinix-hot-70-pro-5g-silk-glow-purple-128-gb/p/itmc910721eaed88?pid=MOBHPSCUHN4DUH6Y&lid=LSTMOBHPSCUHN4DUH6YF6LSJS&marketplace=FLIPKART&q=smart+phones&store=tyy%2F4io&srno=s_41_980&otracker=search&fm=organic&iid=92e4fe8e-554c-4324-8880-94fd97b49326.MOBHPSCUHN4DUH6Y.SEARCH&ppt=None&ppn=None&ssid=7ho4ztma4g0000001790412376407&qH=a5594894156db043&ov_redirect=true,2026-09-26
981,"OPPO Reno16c 5G (Starry White, 256 GB)",OPPO,62999,89999,30% off,4.5,91,16,12 GB RAM,256 GB ROM,7000 mAh lithium-ion polymer Battery,Dimensity 7300 Processor,16.69 cm (6.57 inch) Full HD+ Display,50MP + 8MP + 50MP | 50MP Front Camera,,https://www.flipkart.com/oppo-reno16c-5g-starry-white-256-gb/p/itm11564d55ef044?pid=MOBHZMBRFSTWZANJ&lid=LSTMOBHZMBRFSTWZANJ7GORMN&marketplace=FLIPKART&q=smart+phones&store=tyy%2F4io&srno=s_41_981&otracker=search&fm=organic&iid=92e4fe8e-554c-4324-8880-94fd97b49326.MOBHZMBRFSTWZANJ.SEARCH&ppt=None&ppn=None&ssid=7ho4ztma4g0000001790412376407&qH=a5594894156db043&ov_redirect=true,2026-09-26
982,"Samsung Galaxy S25 Plus 5G (Silver Shadow, 256 GB)",Samsung,79999,99999,20% off,4.6,"1,469",180,12 GB RAM,256 GB ROM,4900 mAh Battery,8 Elite for Galxy Processor,17.02 cm (6.7 inch) Quad HD+ Display,50MP + 10MP + 12MP | 12MP Front Camera,,https://www.flipkart.com/samsung-galaxy-s25-plus-5g-silver-shadow-256-gb/p/itm8d76a9b476932?pid=MOBH8K8UJTZZN7WZ&lid=LSTMOBH8K8UJTZZN7WZTHXXFT&marketplace=FLIPKART&q=smart+phones&store=tyy%2F4io&srno=s_41_982&otracker=search&fm=organic&iid=92e4fe8e-554c-4324-8880-94fd97b49326.MOBH8K8UJTZZN7WZ.SEARCH&ppt=None&ppn=None&ssid=7ho4ztma4g0000001790412376407&qH=a5594894156db043&ov_redirect=true,2026-09-26
983,"REDMI Turbo 5 5G (Nitro Blue, 256 GB)",REDMI,49930,57999,13% off,4.8,26,6,12 GB RAM,256 GB ROM,7540 mAh Battery,,16.74 cm (6.59 inch) Display,50MP Rear Camera,,https://www.flipkart.com/redmi-turbo-5-5g-nitro-blue-256-gb/p/itmd8266664918ee?pid=MOBHZHQBGVH7KZH3&lid=LSTMOBHZHQBGVH7KZH30CLIRY&marketplace=FLIPKART&q=smart+phones&store=tyy%2F4io&srno=s_41_983&otracker=search&fm=organic&iid=92e4fe8e-554c-4324-8880-94fd97b49326.MOBHZHQBGVH7KZH3.SEARCH&ppt=None&ppn=None&ssid=7ho4ztma4g0000001790412376407&qH=a5594894156db043&ov_redirect=true,2026-09-26
984,"IQOO 15 5G (Apex, 256 GB)",IQOO,89999,92999,3% off,4.7,470,58,12 GB RAM,256 GB ROM,7000 mAh Battery,,17.4 cm (6.85 inch) Display,50MP Rear Camera,,https://www.flipkart.com/iqoo-15-5g-apex-256-gb/p/itm9db365d8009fa?pid=MOBHQWG2YREPJ26Q&lid=LSTMOBHQWG2YREPJ26QFWN2EG&marketplace=FLIPKART&q=smart+phones&store=tyy%2F4io&srno=s_41_984&otracker=search&fm=organic&iid=92e4fe8e-554c-4324-8880-94fd97b49326.MOBHQWG2YREPJ26Q.SEARCH&ppt=None&ppn=None&ssid=7ho4ztma4g0000001790412376407&qH=a5594894156db043&ov_redirect=true,2026-09-26
